   -3.5000E+01  1.4141E-05
 -3.4988E+01  1.6599E-05
 -3.4976E+01  1.9053E-05
 -3.4964E+01  2.1310E-05
 -3.4952E+01  2.3198E-05
 -3.4940E+01  2.4589E-05
 -3.4929E+01  2.5413E-05
 -3.4917E+01  2.5673E-05
 -3.4905E+01  2.5448E-05
 -3.4893E+01  2.4889E-05
 -3.4881E+01  2.4217E-05
 -3.4869E+01  2.3704E-05
 -3.4857E+01  2.3655E-05
 -3.4845E+01  2.4387E-05
 -3.4833E+01  2.6198E-05
 -3.4821E+01  2.9350E-05
 -3.4809E+01  3.4040E-05
 -3.4798E+01  4.0381E-05
 -3.4786E+01  4.8394E-05
 -3.4774E+01  5.7993E-05
 -3.4762E+01  6.8993E-05
 -3.4750E+01  8.1115E-05
 -3.4738E+01  9.3997E-05
 -3.4726E+01  1.0722E-04
 -3.4714E+01  1.2032E-04
 -3.4702E+01  1.3283E-04
 -3.4690E+01  1.4430E-04
 -3.4678E+01  1.5430E-04
 -3.4667E+01  1.6248E-04
 -3.4655E+01  1.6856E-04
 -3.4643E+01  1.7235E-04
 -3.4631E+01  1.7376E-04
 -3.4619E+01  1.7279E-04
 -3.4607E+01  1.6954E-04
 -3.4595E+01  1.6420E-04
 -3.4583E+01  1.5701E-04
 -3.4571E+01  1.4828E-04
 -3.4559E+01  1.3835E-04
 -3.4547E+01  1.2755E-04
 -3.4536E+01  1.1624E-04
 -3.4524E+01  1.0474E-04
 -3.4512E+01  9.3347E-05
 -3.4500E+01  8.2306E-05
 -3.4488E+01  7.1824E-05
 -3.4476E+01  6.2057E-05
 -3.4464E+01  5.3110E-05
 -3.4452E+01  4.5047E-05
 -3.4440E+01  3.7891E-05
 -3.4428E+01  3.1631E-05
 -3.4416E+01  2.6233E-05
 -3.4405E+01  2.1639E-05
 -3.4393E+01  1.7780E-05
 -3.4381E+01  1.4580E-05
 -3.4369E+01  1.1959E-05
 -3.4357E+01  9.8358E-06
 -3.4345E+01  8.1349E-06
 -3.4333E+01  6.7842E-06
 -3.4321E+01  5.7181E-06
 -3.4309E+01  4.8781E-06
 -3.4297E+01  4.2127E-06
 -3.4285E+01  3.6784E-06
 -3.4274E+01  3.2388E-06
 -3.4262E+01  2.8649E-06
 -3.4250E+01  2.5351E-06
 -3.4238E+01  2.2343E-06
 -3.4226E+01  1.9535E-06
 -3.4214E+01  1.6892E-06
 -3.4202E+01  1.4422E-06
 -3.4190E+01  1.2164E-06
 -3.4178E+01  1.0175E-06
 -3.4166E+01  8.5163E-07
 -3.4154E+01  7.2421E-07
 -3.4143E+01  6.3852E-07
 -3.4131E+01  5.9509E-07
 -3.4119E+01  5.9122E-07
 -3.4107E+01  6.2097E-07
 -3.4095E+01  6.7560E-07
 -3.4083E+01  7.4437E-07
 -3.4071E+01  8.1566E-07
 -3.4059E+01  8.7815E-07
 -3.4047E+01  9.2211E-07
 -3.4035E+01  9.4048E-07
 -3.4023E+01  9.2965E-07
 -3.4012E+01  8.8988E-07
 -3.4000E+01  8.2530E-07
 -3.3988E+01  7.4340E-07
 -3.3976E+01  6.5415E-07
 -3.3964E+01  5.6890E-07
 -3.3952E+01  4.9905E-07
 -3.3940E+01  4.5477E-07
 -3.3928E+01  4.4390E-07
 -3.3916E+01  4.7117E-07
 -3.3904E+01  5.3783E-07
 -3.3892E+01  6.4178E-07
 -3.3881E+01  7.7810E-07
 -3.3869E+01  9.4001E-07
 -3.3857E+01  1.1200E-06
 -3.3845E+01  1.3112E-06
 -3.3833E+01  1.5082E-06
 -3.3821E+01  1.7086E-06
 -3.3809E+01  1.9126E-06
 -3.3797E+01  2.1237E-06
 -3.3785E+01  2.3480E-06
 -3.3773E+01  2.5929E-06
 -3.3761E+01  2.8661E-06
 -3.3750E+01  3.1737E-06
 -3.3738E+01  3.5188E-06
 -3.3726E+01  3.9003E-06
 -3.3714E+01  4.3115E-06
 -3.3702E+01  4.7403E-06
 -3.3690E+01  5.1690E-06
 -3.3678E+01  5.5758E-06
 -3.3666E+01  5.9361E-06
 -3.3654E+01  6.2249E-06
 -3.3642E+01  6.4189E-06
 -3.3630E+01  6.4994E-06
 -3.3619E+01  6.4538E-06
 -3.3607E+01  6.2782E-06
 -3.3595E+01  5.9772E-06
 -3.3583E+01  5.5651E-06
 -3.3571E+01  5.0642E-06
 -3.3559E+01  4.5039E-06
 -3.3547E+01  3.9177E-06
 -3.3535E+01  3.3407E-06
 -3.3523E+01  2.8063E-06
 -3.3511E+01  2.3435E-06
 -3.3499E+01  1.9738E-06
 -3.3488E+01  1.7099E-06
 -3.3476E+01  1.5545E-06
 -3.3464E+01  1.5003E-06
 -3.3452E+01  1.5314E-06
 -3.3440E+01  1.6246E-06
 -3.3428E+01  1.7530E-06
 -3.3416E+01  1.8883E-06
 -3.3404E+01  2.0039E-06
 -3.3392E+01  2.0781E-06
 -3.3380E+01  2.0959E-06
 -3.3368E+01  2.0504E-06
 -3.3357E+01  1.9434E-06
 -3.3345E+01  1.7842E-06
 -3.3333E+01  1.5890E-06
 -3.3321E+01  1.3779E-06
 -3.3309E+01  1.1728E-06
 -3.3297E+01  9.9415E-07
 -3.3285E+01  8.5893E-07
 -3.3273E+01  7.7824E-07
 -3.3261E+01  7.5626E-07
 -3.3249E+01  7.8984E-07
 -3.3237E+01  8.6917E-07
 -3.3226E+01  9.7920E-07
 -3.3214E+01  1.1018E-06
 -3.3202E+01  1.2183E-06
 -3.3190E+01  1.3120E-06
 -3.3178E+01  1.3703E-06
 -3.3166E+01  1.3868E-06
 -3.3154E+01  1.3619E-06
 -3.3142E+01  1.3029E-06
 -3.3130E+01  1.2236E-06
 -3.3118E+01  1.1421E-06
 -3.3106E+01  1.0793E-06
 -3.3095E+01  1.0565E-06
 -3.3083E+01  1.0930E-06
 -3.3071E+01  1.2048E-06
 -3.3059E+01  1.4036E-06
 -3.3047E+01  1.6964E-06
 -3.3035E+01  2.0870E-06
 -3.3023E+01  2.5774E-06
 -3.3011E+01  3.1703E-06
 -3.2999E+01  3.8717E-06
 -3.2987E+01  4.6933E-06
 -3.2976E+01  5.6543E-06
 -3.2964E+01  6.7817E-06
 -3.2952E+01  8.1098E-06
 -3.2940E+01  9.6778E-06
 -3.2928E+01  1.1526E-05
 -3.2916E+01  1.3690E-05
 -3.2904E+01  1.6195E-05
 -3.2892E+01  1.9049E-05
 -3.2880E+01  2.2239E-05
 -3.2868E+01  2.5723E-05
 -3.2856E+01  2.9429E-05
 -3.2845E+01  3.3256E-05
 -3.2833E+01  3.7075E-05
 -3.2821E+01  4.0735E-05
 -3.2809E+01  4.4074E-05
 -3.2797E+01  4.6927E-05
 -3.2785E+01  4.9137E-05
 -3.2773E+01  5.0572E-05
 -3.2761E+01  5.1134E-05
 -3.2749E+01  5.0766E-05
 -3.2737E+01  4.9464E-05
 -3.2725E+01  4.7275E-05
 -3.2714E+01  4.4298E-05
 -3.2702E+01  4.0681E-05
 -3.2690E+01  3.6606E-05
 -3.2678E+01  3.2282E-05
 -3.2666E+01  2.7926E-05
 -3.2654E+01  2.3750E-05
 -3.2642E+01  1.9943E-05
 -3.2630E+01  1.6656E-05
 -3.2618E+01  1.3996E-05
 -3.2606E+01  1.2015E-05
 -3.2594E+01  1.0710E-05
 -3.2583E+01  1.0025E-05
 -3.2571E+01  9.8612E-06
 -3.2559E+01  1.0085E-05
 -3.2547E+01  1.0546E-05
 -3.2535E+01  1.1090E-05
 -3.2523E+01  1.1574E-05
 -3.2511E+01  1.1880E-05
 -3.2499E+01  1.1923E-05
 -3.2487E+01  1.1661E-05
 -3.2475E+01  1.1091E-05
 -3.2463E+01  1.0249E-05
 -3.2452E+01  9.2028E-06
 -3.2440E+01  8.0401E-06
 -3.2428E+01  6.8588E-06
 -3.2416E+01  5.7533E-06
 -3.2404E+01  4.8035E-06
 -3.2392E+01  4.0663E-06
 -3.2380E+01  3.5701E-06
 -3.2368E+01  3.3135E-06
 -3.2356E+01  3.2684E-06
 -3.2344E+01  3.3859E-06
 -3.2332E+01  3.6064E-06
 -3.2321E+01  3.8696E-06
 -3.2309E+01  4.1262E-06
 -3.2297E+01  4.3477E-06
 -3.2285E+01  4.5335E-06
 -3.2273E+01  4.7150E-06
 -3.2261E+01  4.9568E-06
 -3.2249E+01  5.3529E-06
 -3.2237E+01  6.0214E-06
 -3.2225E+01  7.0961E-06
 -3.2213E+01  8.7189E-06
 -3.2201E+01  1.1032E-05
 -3.2190E+01  1.4176E-05
 -3.2178E+01  1.8283E-05
 -3.2166E+01  2.3486E-05
 -3.2154E+01  2.9925E-05
 -3.2142E+01  3.7755E-05
 -3.2130E+01  4.7158E-05
 -3.2118E+01  5.8360E-05
 -3.2106E+01  7.1630E-05
 -3.2094E+01  8.7292E-05
 -3.2082E+01  1.0571E-04
 -3.2070E+01  1.2728E-04
 -3.2059E+01  1.5239E-04
 -3.2047E+01  1.8140E-04
 -3.2035E+01  2.1458E-04
 -3.2023E+01  2.5205E-04
 -3.2011E+01  2.9376E-04
 -3.1999E+01  3.3939E-04
 -3.1987E+01  3.8837E-04
 -3.1975E+01  4.3979E-04
 -3.1963E+01  4.9245E-04
 -3.1951E+01  5.4487E-04
 -3.1939E+01  5.9533E-04
 -3.1928E+01  6.4195E-04
 -3.1916E+01  6.8277E-04
 -3.1904E+01  7.1592E-04
 -3.1892E+01  7.3968E-04
 -3.1880E+01  7.5264E-04
 -3.1868E+01  7.5380E-04
 -3.1856E+01  7.4268E-04
 -3.1844E+01  7.1941E-04
 -3.1832E+01  6.8469E-04
 -3.1820E+01  6.3987E-04
 -3.1808E+01  5.8685E-04
 -3.1797E+01  5.2800E-04
 -3.1785E+01  4.6601E-04
 -3.1773E+01  4.0375E-04
 -3.1761E+01  3.4406E-04
 -3.1749E+01  2.8959E-04
 -3.1737E+01  2.4256E-04
 -3.1725E+01  2.0467E-04
 -3.1713E+01  1.7692E-04
 -3.1701E+01  1.5959E-04
 -3.1689E+01  1.5221E-04
 -3.1677E+01  1.5359E-04
 -3.1666E+01  1.6198E-04
 -3.1654E+01  1.7517E-04
 -3.1642E+01  1.9073E-04
 -3.1630E+01  2.0619E-04
 -3.1618E+01  2.1926E-04
 -3.1606E+01  2.2805E-04
 -3.1594E+01  2.3122E-04
 -3.1582E+01  2.2810E-04
 -3.1570E+01  2.1878E-04
 -3.1558E+01  2.0406E-04
 -3.1546E+01  1.8539E-04
 -3.1535E+01  1.6476E-04
 -3.1523E+01  1.4448E-04
 -3.1511E+01  1.2696E-04
 -3.1499E+01  1.1446E-04
 -3.1487E+01  1.0892E-04
 -3.1475E+01  1.1167E-04
 -3.1463E+01  1.2334E-04
 -3.1451E+01  1.4379E-04
 -3.1439E+01  1.7205E-04
 -3.1427E+01  2.0645E-04
 -3.1415E+01  2.4477E-04
 -3.1404E+01  2.8442E-04
 -3.1392E+01  3.2278E-04
 -3.1380E+01  3.5743E-04
 -3.1368E+01  3.8653E-04
 -3.1356E+01  4.0903E-04
 -3.1344E+01  4.2493E-04
 -3.1332E+01  4.3543E-04
 -3.1320E+01  4.4299E-04
 -3.1308E+01  4.5125E-04
 -3.1296E+01  4.6490E-04
 -3.1284E+01  4.8937E-04
 -3.1273E+01  5.3052E-04
 -3.1261E+01  5.9420E-04
 -3.1249E+01  6.8578E-04
 -3.1237E+01  8.0972E-04
 -3.1225E+01  9.6914E-04
 -3.1213E+01  1.1655E-03
 -3.1201E+01  1.3981E-03
 -3.1189E+01  1.6645E-03
 -3.1177E+01  1.9599E-03
 -3.1165E+01  2.2773E-03
 -3.1153E+01  2.6084E-03
 -3.1142E+01  2.9431E-03
 -3.1130E+01  3.2705E-03
 -3.1118E+01  3.5796E-03
 -3.1106E+01  3.8592E-03
 -3.1094E+01  4.0992E-03
 -3.1082E+01  4.2909E-03
 -3.1070E+01  4.4272E-03
 -3.1058E+01  4.5035E-03
 -3.1046E+01  4.5174E-03
 -3.1034E+01  4.4691E-03
 -3.1022E+01  4.3611E-03
 -3.1011E+01  4.1984E-03
 -3.0999E+01  3.9875E-03
 -3.0987E+01  3.7367E-03
 -3.0975E+01  3.4551E-03
 -3.0963E+01  3.1525E-03
 -3.0951E+01  2.8387E-03
 -3.0939E+01  2.5228E-03
 -3.0927E+01  2.2135E-03
 -3.0915E+01  1.9181E-03
 -3.0903E+01  1.6426E-03
 -3.0891E+01  1.3913E-03
 -3.0880E+01  1.1673E-03
 -3.0868E+01  9.7176E-04
 -3.0856E+01  8.0468E-04
 -3.0844E+01  6.6483E-04
 -3.0832E+01  5.5002E-04
 -3.0820E+01  4.5739E-04
 -3.0808E+01  3.8369E-04
 -3.0796E+01  3.2554E-04
 -3.0784E+01  2.7967E-04
 -3.0772E+01  2.4309E-04
 -3.0760E+01  2.1321E-04
 -3.0749E+01  1.8796E-04
 -3.0737E+01  1.6577E-04
 -3.0725E+01  1.4558E-04
 -3.0713E+01  1.2678E-04
 -3.0701E+01  1.0911E-04
 -3.0689E+01  9.2606E-05
 -3.0677E+01  7.7442E-05
 -3.0665E+01  6.3885E-05
 -3.0653E+01  5.2188E-05
 -3.0641E+01  4.2539E-05
 -3.0629E+01  3.5012E-05
 -3.0618E+01  2.9554E-05
 -3.0606E+01  2.5988E-05
 -3.0594E+01  2.4026E-05
 -3.0582E+01  2.3307E-05
 -3.0570E+01  2.3429E-05
 -3.0558E+01  2.3994E-05
 -3.0546E+01  2.4637E-05
 -3.0534E+01  2.5060E-05
 -3.0522E+01  2.5050E-05
 -3.0510E+01  2.4485E-05
 -3.0498E+01  2.3336E-05
 -3.0487E+01  2.1656E-05
 -3.0475E+01  1.9560E-05
 -3.0463E+01  1.7207E-05
 -3.0451E+01  1.4771E-05
 -3.0439E+01  1.2425E-05
 -3.0427E+01  1.0318E-05
 -3.0415E+01  8.5628E-06
 -3.0403E+01  7.2253E-06
 -3.0391E+01  6.3255E-06
 -3.0379E+01  5.8398E-06
 -3.0367E+01  5.7093E-06
 -3.0356E+01  5.8513E-06
 -3.0344E+01  6.1713E-06
 -3.0332E+01  6.5754E-06
 -3.0320E+01  6.9811E-06
 -3.0308E+01  7.3245E-06
 -3.0296E+01  7.5654E-06
 -3.0284E+01  7.6880E-06
 -3.0272E+01  7.6988E-06
 -3.0260E+01  7.6221E-06
 -3.0248E+01  7.4934E-06
 -3.0236E+01  7.3525E-06
 -3.0225E+01  7.2364E-06
 -3.0213E+01  7.1739E-06
 -3.0201E+01  7.1809E-06
 -3.0189E+01  7.2590E-06
 -3.0177E+01  7.3955E-06
 -3.0165E+01  7.5655E-06
 -3.0153E+01  7.7357E-06
 -3.0141E+01  7.8690E-06
 -3.0129E+01  7.9295E-06
 -3.0117E+01  7.8874E-06
 -3.0105E+01  7.7221E-06
 -3.0094E+01  7.4253E-06
 -3.0082E+01  7.0013E-06
 -3.0070E+01  6.4672E-06
 -3.0058E+01  5.8502E-06
 -3.0046E+01  5.1853E-06
 -3.0034E+01  4.5110E-06
 -3.0022E+01  3.8657E-06
 -3.0010E+01  3.2840E-06
 -2.9998E+01  2.7934E-06
 -2.9986E+01  2.4126E-06
 -2.9974E+01  2.1495E-06
 -2.9963E+01  2.0023E-06
 -2.9951E+01  1.9595E-06
 -2.9939E+01  2.0024E-06
 -2.9927E+01  2.1073E-06
 -2.9915E+01  2.2482E-06
 -2.9903E+01  2.3990E-06
 -2.9891E+01  2.5362E-06
 -2.9879E+01  2.6408E-06
 -2.9867E+01  2.6987E-06
 -2.9855E+01  2.7019E-06
 -2.9843E+01  2.6481E-06
 -2.9832E+01  2.5403E-06
 -2.9820E+01  2.3856E-06
 -2.9808E+01  2.1941E-06
 -2.9796E+01  1.9777E-06
 -2.9784E+01  1.7487E-06
 -2.9772E+01  1.5193E-06
 -2.9760E+01  1.3000E-06
 -2.9748E+01  1.0996E-06
 -2.9736E+01  9.2475E-07
 -2.9724E+01  7.7964E-07
 -2.9712E+01  6.6632E-07
 -2.9701E+01  5.8477E-07
 -2.9689E+01  5.3316E-07
 -2.9677E+01  5.0815E-07
 -2.9665E+01  5.0524E-07
 -2.9653E+01  5.1912E-07
 -2.9641E+01  5.4400E-07
 -2.9629E+01  5.7407E-07
 -2.9617E+01  6.0389E-07
 -2.9605E+01  6.2883E-07
 -2.9593E+01  6.4550E-07
 -2.9581E+01  6.5215E-07
 -2.9570E+01  6.4894E-07
 -2.9558E+01  6.3814E-07
 -2.9546E+01  6.2407E-07
 -2.9534E+01  6.1296E-07
 -2.9522E+01  6.1253E-07
 -2.9510E+01  6.3150E-07
 -2.9498E+01  6.7892E-07
 -2.9486E+01  7.6355E-07
 -2.9474E+01  8.9321E-07
 -2.9462E+01  1.0744E-06
 -2.9450E+01  1.3119E-06
 -2.9439E+01  1.6089E-06
 -2.9427E+01  1.9672E-06
 -2.9415E+01  2.3873E-06
 -2.9403E+01  2.8693E-06
 -2.9391E+01  3.4136E-06
 -2.9379E+01  4.0207E-06
 -2.9367E+01  4.6922E-06
 -2.9355E+01  5.4302E-06
 -2.9343E+01  6.2371E-06
 -2.9331E+01  7.1147E-06
 -2.9319E+01  8.0629E-06
 -2.9308E+01  9.0783E-06
 -2.9296E+01  1.0153E-05
 -2.9284E+01  1.1271E-05
 -2.9272E+01  1.2413E-05
 -2.9260E+01  1.3547E-05
 -2.9248E+01  1.4639E-05
 -2.9236E+01  1.5645E-05
 -2.9224E+01  1.6519E-05
 -2.9212E+01  1.7213E-05
 -2.9200E+01  1.7684E-05
 -2.9188E+01  1.7893E-05
 -2.9177E+01  1.7814E-05
 -2.9165E+01  1.7433E-05
 -2.9153E+01  1.6755E-05
 -2.9141E+01  1.5801E-05
 -2.9129E+01  1.4611E-05
 -2.9117E+01  1.3240E-05
 -2.9105E+01  1.1757E-05
 -2.9093E+01  1.0236E-05
 -2.9081E+01  8.7553E-06
 -2.9069E+01  7.3883E-06
 -2.9058E+01  6.1979E-06
 -2.9046E+01  5.2319E-06
 -2.9034E+01  4.5189E-06
 -2.9022E+01  4.0664E-06
 -2.9010E+01  3.8606E-06
 -2.8998E+01  3.8681E-06
 -2.8986E+01  4.0397E-06
 -2.8974E+01  4.3158E-06
 -2.8962E+01  4.6320E-06
 -2.8950E+01  4.9262E-06
 -2.8938E+01  5.1441E-06
 -2.8927E+01  5.2450E-06
 -2.8915E+01  5.2049E-06
 -2.8903E+01  5.0183E-06
 -2.8891E+01  4.6981E-06
 -2.8879E+01  4.2725E-06
 -2.8867E+01  3.7813E-06
 -2.8855E+01  3.2702E-06
 -2.8843E+01  2.7854E-06
 -2.8831E+01  2.3676E-06
 -2.8819E+01  2.0475E-06
 -2.8807E+01  1.8430E-06
 -2.8796E+01  1.7575E-06
 -2.8784E+01  1.7814E-06
 -2.8772E+01  1.8946E-06
 -2.8760E+01  2.0710E-06
 -2.8748E+01  2.2842E-06
 -2.8736E+01  2.5131E-06
 -2.8724E+01  2.7477E-06
 -2.8712E+01  2.9935E-06
 -2.8700E+01  3.2743E-06
 -2.8688E+01  3.6330E-06
 -2.8676E+01  4.1311E-06
 -2.8665E+01  4.8459E-06
 -2.8653E+01  5.8667E-06
 -2.8641E+01  7.2914E-06
 -2.8629E+01  9.2222E-06
 -2.8617E+01  1.1764E-05
 -2.8605E+01  1.5026E-05
 -2.8593E+01  1.9118E-05
 -2.8581E+01  2.4162E-05
 -2.8569E+01  3.0292E-05
 -2.8557E+01  3.7662E-05
 -2.8545E+01  4.6451E-05
 -2.8534E+01  5.6864E-05
 -2.8522E+01  6.9134E-05
 -2.8510E+01  8.3508E-05
 -2.8498E+01  1.0024E-04
 -2.8486E+01  1.1957E-04
 -2.8474E+01  1.4169E-04
 -2.8462E+01  1.6673E-04
 -2.8450E+01  1.9468E-04
 -2.8438E+01  2.2543E-04
 -2.8426E+01  2.5867E-04
 -2.8414E+01  2.9390E-04
 -2.8403E+01  3.3041E-04
 -2.8391E+01  3.6731E-04
 -2.8379E+01  4.0350E-04
 -2.8367E+01  4.3775E-04
 -2.8355E+01  4.6873E-04
 -2.8343E+01  4.9508E-04
 -2.8331E+01  5.1552E-04
 -2.8319E+01  5.2891E-04
 -2.8307E+01  5.3434E-04
 -2.8295E+01  5.3122E-04
 -2.8283E+01  5.1937E-04
 -2.8272E+01  4.9902E-04
 -2.8260E+01  4.7089E-04
 -2.8248E+01  4.3610E-04
 -2.8236E+01  3.9621E-04
 -2.8224E+01  3.5303E-04
 -2.8212E+01  3.0862E-04
 -2.8200E+01  2.6507E-04
 -2.8188E+01  2.2440E-04
 -2.8176E+01  1.8843E-04
 -2.8164E+01  1.5861E-04
 -2.8152E+01  1.3595E-04
 -2.8141E+01  1.2095E-04
 -2.8129E+01  1.1353E-04
 -2.8117E+01  1.1307E-04
 -2.8105E+01  1.1847E-04
 -2.8093E+01  1.2822E-04
 -2.8081E+01  1.4055E-04
 -2.8069E+01  1.5356E-04
 -2.8057E+01  1.6542E-04
 -2.8045E+01  1.7450E-04
 -2.8033E+01  1.7956E-04
 -2.8021E+01  1.7983E-04
 -2.8010E+01  1.7510E-04
 -2.7998E+01  1.6576E-04
 -2.7986E+01  1.5273E-04
 -2.7974E+01  1.3743E-04
 -2.7962E+01  1.2158E-04
 -2.7950E+01  1.0711E-04
 -2.7938E+01  9.5925E-05
 -2.7926E+01  8.9714E-05
 -2.7914E+01  8.9809E-05
 -2.7902E+01  9.7014E-05
 -2.7890E+01  1.1152E-04
 -2.7879E+01  1.3288E-04
 -2.7867E+01  1.5999E-04
 -2.7855E+01  1.9124E-04
 -2.7843E+01  2.2466E-04
 -2.7831E+01  2.5809E-04
 -2.7819E+01  2.8946E-04
 -2.7807E+01  3.1707E-04
 -2.7795E+01  3.3978E-04
 -2.7783E+01  3.5729E-04
 -2.7771E+01  3.7026E-04
 -2.7759E+01  3.8040E-04
 -2.7748E+01  3.9051E-04
 -2.7736E+01  4.0431E-04
 -2.7724E+01  4.2631E-04
 -2.7712E+01  4.6153E-04
 -2.7700E+01  5.1512E-04
 -2.7688E+01  5.9205E-04
 -2.7676E+01  6.9665E-04
 -2.7664E+01  8.3223E-04
 -2.7652E+01  1.0007E-03
 -2.7640E+01  1.2024E-03
 -2.7628E+01  1.4357E-03
 -2.7617E+01  1.6971E-03
 -2.7605E+01  1.9812E-03
 -2.7593E+01  2.2808E-03
 -2.7581E+01  2.5874E-03
 -2.7569E+01  2.8915E-03
 -2.7557E+01  3.1830E-03
 -2.7545E+01  3.4519E-03
 -2.7533E+01  3.6885E-03
 -2.7521E+01  3.8845E-03
 -2.7509E+01  4.0327E-03
 -2.7497E+01  4.1279E-03
 -2.7486E+01  4.1669E-03
 -2.7474E+01  4.1486E-03
 -2.7462E+01  4.0744E-03
 -2.7450E+01  3.9474E-03
 -2.7438E+01  3.7729E-03
 -2.7426E+01  3.5576E-03
 -2.7414E+01  3.3096E-03
 -2.7402E+01  3.0375E-03
 -2.7390E+01  2.7505E-03
 -2.7378E+01  2.4575E-03
 -2.7366E+01  2.1671E-03
 -2.7355E+01  1.8866E-03
 -2.7343E+01  1.6223E-03
 -2.7331E+01  1.3791E-03
 -2.7319E+01  1.1605E-03
 -2.7307E+01  9.6814E-04
 -2.7295E+01  8.0267E-04
 -2.7283E+01  6.6328E-04
 -2.7271E+01  5.4824E-04
 -2.7259E+01  4.5505E-04
 -2.7247E+01  3.8075E-04
 -2.7235E+01  3.2217E-04
 -2.7224E+01  2.7613E-04
 -2.7212E+01  2.3967E-04
 -2.7200E+01  2.1019E-04
 -2.7188E+01  1.8552E-04
 -2.7176E+01  1.6403E-04
 -2.7164E+01  1.4454E-04
 -2.7152E+01  1.2635E-04
 -2.7140E+01  1.0915E-04
 -2.7128E+01  9.2938E-05
 -2.7116E+01  7.7884E-05
 -2.7104E+01  6.4276E-05
 -2.7093E+01  5.2412E-05
 -2.7081E+01  4.2534E-05
 -2.7069E+01  3.4777E-05
 -2.7057E+01  2.9142E-05
 -2.7045E+01  2.5496E-05
 -2.7033E+01  2.3581E-05
 -2.7021E+01  2.3045E-05
 -2.7009E+01  2.3476E-05
 -2.6997E+01  2.4449E-05
 -2.6985E+01  2.5562E-05
 -2.6973E+01  2.6469E-05
 -2.6962E+01  2.6909E-05
 -2.6950E+01  2.6720E-05
 -2.6938E+01  2.5842E-05
 -2.6926E+01  2.4308E-05
 -2.6914E+01  2.2232E-05
 -2.6902E+01  1.9783E-05
 -2.6890E+01  1.7160E-05
 -2.6878E+01  1.4567E-05
 -2.6866E+01  1.2191E-05
 -2.6854E+01  1.0178E-05
 -2.6842E+01  8.6300E-06
 -2.6831E+01  7.5910E-06
 -2.6819E+01  7.0543E-06
 -2.6807E+01  6.9674E-06
 -2.6795E+01  7.2438E-06
 -2.6783E+01  7.7766E-06
 -2.6771E+01  8.4531E-06
 -2.6759E+01  9.1680E-06
 -2.6747E+01  9.8345E-06
 -2.6735E+01  1.0391E-05
 -2.6723E+01  1.0807E-05
 -2.6711E+01  1.1077E-05
 -2.6700E+01  1.1223E-05
 -2.6688E+01  1.1282E-05
 -2.6676E+01  1.1300E-05
 -2.6664E+01  1.1326E-05
 -2.6652E+01  1.1396E-05
 -2.6640E+01  1.1536E-05
 -2.6628E+01  1.1751E-05
 -2.6616E+01  1.2029E-05
 -2.6604E+01  1.2339E-05
 -2.6592E+01  1.2638E-05
 -2.6580E+01  1.2875E-05
 -2.6569E+01  1.2997E-05
 -2.6557E+01  1.2958E-05
 -2.6545E+01  1.2724E-05
 -2.6533E+01  1.2277E-05
 -2.6521E+01  1.1617E-05
 -2.6509E+01  1.0765E-05
 -2.6497E+01  9.7587E-06
 -2.6485E+01  8.6510E-06
 -2.6473E+01  7.5024E-06
 -2.6461E+01  6.3767E-06
 -2.6449E+01  5.3340E-06
 -2.6438E+01  4.4259E-06
 -2.6426E+01  3.6903E-06
 -2.6414E+01  3.1492E-06
 -2.6402E+01  2.8073E-06
 -2.6390E+01  2.6524E-06
 -2.6378E+01  2.6580E-06
 -2.6366E+01  2.7866E-06
 -2.6354E+01  2.9941E-06
 -2.6342E+01  3.2340E-06
 -2.6330E+01  3.4625E-06
 -2.6318E+01  3.6419E-06
 -2.6307E+01  3.7438E-06
 -2.6295E+01  3.7508E-06
 -2.6283E+01  3.6574E-06
 -2.6271E+01  3.4689E-06
 -2.6259E+01  3.2000E-06
 -2.6247E+01  2.8723E-06
 -2.6235E+01  2.5113E-06
 -2.6223E+01  2.1433E-06
 -2.6211E+01  1.7931E-06
 -2.6199E+01  1.4810E-06
 -2.6187E+01  1.2217E-06
 -2.6176E+01  1.0237E-06
 -2.6164E+01  8.8857E-07
 -2.6152E+01  8.1212E-07
 -2.6140E+01  7.8536E-07
 -2.6128E+01  7.9602E-07
 -2.6116E+01  8.3016E-07
 -2.6104E+01  8.7385E-07
 -2.6092E+01  9.1450E-07
 -2.6080E+01  9.4202E-07
 -2.6068E+01  9.4947E-07
 -2.6056E+01  9.3338E-07
 -2.6045E+01  8.9364E-07
 -2.6033E+01  8.3303E-07
 -2.6021E+01  7.5660E-07
 -2.6009E+01  6.7086E-07
 -2.5997E+01  5.8292E-07
 -2.5985E+01  4.9975E-07
 -2.5973E+01  4.2755E-07
 -2.5961E+01  3.7123E-07
 -2.5949E+01  3.3410E-07
 -2.5937E+01  3.1781E-07
 -2.5925E+01  3.2227E-07
 -2.5914E+01  3.4586E-07
 -2.5902E+01  3.8566E-07
 -2.5890E+01  4.3773E-07
 -2.5878E+01  4.9748E-07
 -2.5866E+01  5.6004E-07
 -2.5854E+01  6.2065E-07
 -2.5842E+01  6.7504E-07
 -2.5830E+01  7.1975E-07
 -2.5818E+01  7.5251E-07
 -2.5806E+01  7.7242E-07
 -2.5794E+01  7.8015E-07
 -2.5783E+01  7.7795E-07
 -2.5771E+01  7.6956E-07
 -2.5759E+01  7.5998E-07
 -2.5747E+01  7.5506E-07
 -2.5735E+01  7.6099E-07
 -2.5723E+01  7.8366E-07
 -2.5711E+01  8.2802E-07
 -2.5699E+01  8.9737E-07
 -2.5687E+01  9.9282E-07
 -2.5675E+01  1.1129E-06
 -2.5663E+01  1.2532E-06
 -2.5652E+01  1.4069E-06
 -2.5640E+01  1.5647E-06
 -2.5628E+01  1.7157E-06
 -2.5616E+01  1.8485E-06
 -2.5604E+01  1.9521E-06
 -2.5592E+01  2.0171E-06
 -2.5580E+01  2.0369E-06
 -2.5568E+01  2.0083E-06
 -2.5556E+01  1.9323E-06
 -2.5544E+01  1.8139E-06
 -2.5532E+01  1.6622E-06
 -2.5521E+01  1.4895E-06
 -2.5509E+01  1.3099E-06
 -2.5497E+01  1.1385E-06
 -2.5485E+01  9.8947E-07
 -2.5473E+01  8.7489E-07
 -2.5461E+01  8.0322E-07
 -2.5449E+01  7.7847E-07
 -2.5437E+01  7.9977E-07
 -2.5425E+01  8.6132E-07
 -2.5413E+01  9.5311E-07
 -2.5401E+01  1.0619E-06
 -2.5390E+01  1.1730E-06
 -2.5378E+01  1.2713E-06
 -2.5366E+01  1.3438E-06
 -2.5354E+01  1.3807E-06
 -2.5342E+01  1.3762E-06
 -2.5330E+01  1.3299E-06
 -2.5318E+01  1.2461E-06
 -2.5306E+01  1.1335E-06
 -2.5294E+01  1.0041E-06
 -2.5282E+01  8.7181E-07
 -2.5271E+01  7.5048E-07
 -2.5259E+01  6.5245E-07
 -2.5247E+01  5.8701E-07
 -2.5235E+01  5.5930E-07
 -2.5223E+01  5.6992E-07
 -2.5211E+01  6.1503E-07
 -2.5199E+01  6.8719E-07
 -2.5187E+01  7.7676E-07
 -2.5175E+01  8.7369E-07
 -2.5163E+01  9.6944E-07
 -2.5151E+01  1.0589E-06
 -2.5140E+01  1.1421E-06
 -2.5128E+01  1.2250E-06
 -2.5116E+01  1.3202E-06
 -2.5104E+01  1.4466E-06
 -2.5092E+01  1.6287E-06
 -2.5080E+01  1.8953E-06
 -2.5068E+01  2.2779E-06
 -2.5056E+01  2.8097E-06
 -2.5044E+01  3.5238E-06
 -2.5032E+01  4.4532E-06
 -2.5020E+01  5.6306E-06
 -2.5009E+01  7.0891E-06
 -2.4997E+01  8.8633E-06
 -2.4985E+01  1.0991E-05
 -2.4973E+01  1.3516E-05
 -2.4961E+01  1.6487E-05
 -2.4949E+01  1.9958E-05
 -2.4937E+01  2.3989E-05
 -2.4925E+01  2.8641E-05
 -2.4913E+01  3.3972E-05
 -2.4901E+01  4.0028E-05
 -2.4889E+01  4.6839E-05
 -2.4878E+01  5.4404E-05
 -2.4866E+01  6.2682E-05
 -2.4854E+01  7.1589E-05
 -2.4842E+01  8.0984E-05
 -2.4830E+01  9.0668E-05
 -2.4818E+01  1.0038E-04
 -2.4806E+01  1.0983E-04
 -2.4794E+01  1.1865E-04
 -2.4782E+01  1.2648E-04
 -2.4770E+01  1.3296E-04
 -2.4758E+01  1.3772E-04
 -2.4747E+01  1.4049E-04
 -2.4735E+01  1.4103E-04
 -2.4723E+01  1.3924E-04
 -2.4711E+01  1.3510E-04
 -2.4699E+01  1.2873E-04
 -2.4687E+01  1.2039E-04
 -2.4675E+01  1.1044E-04
 -2.4663E+01  9.9339E-05
 -2.4651E+01  8.7621E-05
 -2.4639E+01  7.5862E-05
 -2.4627E+01  6.4637E-05
 -2.4616E+01  5.4485E-05
 -2.4604E+01  4.5865E-05
 -2.4592E+01  3.9126E-05
 -2.4580E+01  3.4478E-05
 -2.4568E+01  3.1975E-05
 -2.4556E+01  3.1510E-05
 -2.4544E+01  3.2823E-05
 -2.4532E+01  3.5524E-05
 -2.4520E+01  3.9126E-05
 -2.4508E+01  4.3091E-05
 -2.4496E+01  4.6874E-05
 -2.4485E+01  4.9978E-05
 -2.4473E+01  5.1998E-05
 -2.4461E+01  5.2661E-05
 -2.4449E+01  5.1852E-05
 -2.4437E+01  4.9626E-05
 -2.4425E+01  4.6210E-05
 -2.4413E+01  4.1976E-05
 -2.4401E+01  3.7417E-05
 -2.4389E+01  3.3091E-05
 -2.4377E+01  2.9577E-05
 -2.4365E+01  2.7413E-05
 -2.4354E+01  2.7037E-05
 -2.4342E+01  2.8747E-05
 -2.4330E+01  3.2657E-05
 -2.4318E+01  3.8687E-05
 -2.4306E+01  4.6558E-05
 -2.4294E+01  5.5820E-05
 -2.4282E+01  6.5897E-05
 -2.4270E+01  7.6144E-05
 -2.4258E+01  8.5920E-05
 -2.4246E+01  9.4670E-05
 -2.4234E+01  1.0200E-04
 -2.4223E+01  1.0775E-04
 -2.4211E+01  1.1204E-04
 -2.4199E+01  1.1530E-04
 -2.4187E+01  1.1830E-04
 -2.4175E+01  1.2210E-04
 -2.4163E+01  1.2803E-04
 -2.4151E+01  1.3757E-04
 -2.4139E+01  1.5230E-04
 -2.4127E+01  1.7376E-04
 -2.4115E+01  2.0329E-04
 -2.4103E+01  2.4199E-04
 -2.4092E+01  2.9051E-04
 -2.4080E+01  3.4903E-04
 -2.4068E+01  4.1717E-04
 -2.4056E+01  4.9396E-04
 -2.4044E+01  5.7788E-04
 -2.4032E+01  6.6687E-04
 -2.4020E+01  7.5844E-04
 -2.4008E+01  8.4978E-04
 -2.3996E+01  9.3788E-04
 -2.3984E+01  1.0197E-03
 -2.3972E+01  1.0923E-03
 -2.3961E+01  1.1531E-03
 -2.3949E+01  1.1997E-03
 -2.3937E+01  1.2305E-03
 -2.3925E+01  1.2444E-03
 -2.3913E+01  1.2408E-03
 -2.3901E+01  1.2202E-03
 -2.3889E+01  1.1833E-03
 -2.3877E+01  1.1319E-03
 -2.3865E+01  1.0679E-03
 -2.3853E+01  9.9383E-04
 -2.3841E+01  9.1240E-04
 -2.3830E+01  8.2640E-04
 -2.3818E+01  7.3860E-04
 -2.3806E+01  6.5153E-04
 -2.3794E+01  5.6746E-04
 -2.3782E+01  4.8827E-04
 -2.3770E+01  4.1540E-04
 -2.3758E+01  3.4984E-04
 -2.3746E+01  2.9214E-04
 -2.3734E+01  2.4242E-04
 -2.3722E+01  2.0046E-04
 -2.3710E+01  1.6573E-04
 -2.3699E+01  1.3750E-04
 -2.3687E+01  1.1488E-04
 -2.3675E+01  9.6940E-05
 -2.3663E+01  8.2737E-05
 -2.3651E+01  7.1400E-05
 -2.3639E+01  6.2163E-05
 -2.3627E+01  5.4398E-05
 -2.3615E+01  4.7627E-05
 -2.3603E+01  4.1516E-05
 -2.3591E+01  3.5869E-05
 -2.3579E+01  3.0599E-05
 -2.3568E+01  2.5705E-05
 -2.3556E+01  2.1238E-05
 -2.3544E+01  1.7273E-05
 -2.3532E+01  1.3888E-05
 -2.3520E+01  1.1136E-05
 -2.3508E+01  9.0420E-06
 -2.3496E+01  7.5871E-06
 -2.3484E+01  6.7148E-06
 -2.3472E+01  6.3337E-06
 -2.3460E+01  6.3277E-06
 -2.3448E+01  6.5678E-06
 -2.3437E+01  6.9247E-06
 -2.3425E+01  7.2807E-06
 -2.3413E+01  7.5396E-06
 -2.3401E+01  7.6332E-06
 -2.3389E+01  7.5244E-06
 -2.3377E+01  7.2071E-06
 -2.3365E+01  6.7020E-06
 -2.3353E+01  6.0515E-06
 -2.3341E+01  5.3115E-06
 -2.3329E+01  4.5439E-06
 -2.3317E+01  3.8091E-06
 -2.3306E+01  3.1589E-06
 -2.3294E+01  2.6327E-06
 -2.3282E+01  2.2538E-06
 -2.3270E+01  2.0293E-06
 -2.3258E+01  1.9513E-06
 -2.3246E+01  1.9993E-06
 -2.3234E+01  2.1443E-06
 -2.3222E+01  2.3531E-06
 -2.3210E+01  2.5927E-06
 -2.3198E+01  2.8336E-06
 -2.3186E+01  3.0532E-06
 -2.3175E+01  3.2369E-06
 -2.3163E+01  3.3783E-06
 -2.3151E+01  3.4789E-06
 -2.3139E+01  3.5459E-06
 -2.3127E+01  3.5900E-06
 -2.3115E+01  3.6231E-06
 -2.3103E+01  3.6556E-06
 -2.3091E+01  3.6947E-06
 -2.3079E+01  3.7433E-06
 -2.3067E+01  3.7993E-06
 -2.3055E+01  3.8558E-06
 -2.3044E+01  3.9028E-06
 -2.3032E+01  3.9279E-06
 -2.3020E+01  3.9188E-06
 -2.3008E+01  3.8646E-06
 -2.2996E+01  3.7580E-06
 -2.2984E+01  3.5958E-06
 -2.2972E+01  3.3801E-06
 -2.2960E+01  3.1177E-06
 -2.2948E+01  2.8195E-06
 -2.2936E+01  2.4999E-06
 -2.2924E+01  2.1744E-06
 -2.2913E+01  1.8587E-06
 -2.2901E+01  1.5667E-06
 -2.2889E+01  1.3096E-06
 -2.2877E+01  1.0944E-06
 -2.2865E+01  9.2414E-07
 -2.2853E+01  7.9760E-07
 -2.2841E+01  7.0987E-07
 -2.2829E+01  6.5331E-07
 -2.2817E+01  6.1866E-07
 -2.2805E+01  5.9635E-07
 -2.2793E+01  5.7766E-07
 -2.2782E+01  5.5569E-07
 -2.2770E+01  5.2602E-07
 -2.2758E+01  4.8700E-07
 -2.2746E+01  4.3965E-07
 -2.2734E+01  3.8716E-07
 -2.2722E+01  3.3417E-07
 -2.2710E+01  2.8590E-07
 -2.2698E+01  2.4727E-07
 -2.2686E+01  2.2209E-07
 -2.2674E+01  2.1246E-07
 -2.2662E+01  2.1847E-07
 -2.2651E+01  2.3821E-07
 -2.2639E+01  2.6800E-07
 -2.2627E+01  3.0291E-07
 -2.2615E+01  3.3749E-07
 -2.2603E+01  3.6645E-07
 -2.2591E+01  3.8545E-07
 -2.2579E+01  3.9158E-07
 -2.2567E+01  3.8379E-07
 -2.2555E+01  3.6298E-07
 -2.2543E+01  3.3181E-07
 -2.2531E+01  2.9431E-07
 -2.2520E+01  2.5529E-07
 -2.2508E+01  2.1968E-07
 -2.2496E+01  1.9186E-07
 -2.2484E+01  1.7505E-07
 -2.2472E+01  1.7095E-07
 -2.2460E+01  1.7954E-07
 -2.2448E+01  1.9913E-07
 -2.2436E+01  2.2665E-07
 -2.2424E+01  2.5810E-07
 -2.2412E+01  2.8916E-07
 -2.2400E+01  3.1582E-07
 -2.2389E+01  3.3492E-07
 -2.2377E+01  3.4464E-07
 -2.2365E+01  3.4473E-07
 -2.2353E+01  3.3656E-07
 -2.2341E+01  3.2288E-07
 -2.2329E+01  3.0747E-07
 -2.2317E+01  2.9450E-07
 -2.2305E+01  2.8798E-07
 -2.2293E+01  2.9110E-07
 -2.2281E+01  3.0577E-07
 -2.2269E+01  3.3227E-07
 -2.2258E+01  3.6916E-07
 -2.2246E+01  4.1342E-07
 -2.2234E+01  4.6082E-07
 -2.2222E+01  5.0646E-07
 -2.2210E+01  5.4540E-07
 -2.2198E+01  5.7340E-07
 -2.2186E+01  5.8746E-07
 -2.2174E+01  5.8632E-07
 -2.2162E+01  5.7071E-07
 -2.2150E+01  5.4333E-07
 -2.2138E+01  5.0855E-07
 -2.2127E+01  4.7192E-07
 -2.2115E+01  4.3944E-07
 -2.2103E+01  4.1677E-07
 -2.2091E+01  4.0852E-07
 -2.2079E+01  4.1752E-07
 -2.2067E+01  4.4444E-07
 -2.2055E+01  4.8760E-07
 -2.2043E+01  5.4310E-07
 -2.2031E+01  6.0522E-07
 -2.2019E+01  6.6712E-07
 -2.2007E+01  7.2163E-07
 -2.1996E+01  7.6217E-07
 -2.1984E+01  7.8359E-07
 -2.1972E+01  7.8285E-07
 -2.1960E+01  7.5955E-07
 -2.1948E+01  7.1600E-07
 -2.1936E+01  6.5706E-07
 -2.1924E+01  5.8962E-07
 -2.1912E+01  5.2180E-07
 -2.1900E+01  4.6196E-07
 -2.1888E+01  4.1767E-07
 -2.1876E+01  3.9475E-07
 -2.1865E+01  3.9650E-07
 -2.1853E+01  4.2329E-07
 -2.1841E+01  4.7240E-07
 -2.1829E+01  5.3834E-07
 -2.1817E+01  6.1349E-07
 -2.1805E+01  6.8900E-07
 -2.1793E+01  7.5586E-07
 -2.1781E+01  8.0605E-07
 -2.1769E+01  8.3349E-07
 -2.1757E+01  8.3491E-07
 -2.1745E+01  8.1027E-07
 -2.1734E+01  7.6282E-07
 -2.1722E+01  6.9876E-07
 -2.1710E+01  6.2652E-07
 -2.1698E+01  5.5568E-07
 -2.1686E+01  4.9577E-07
 -2.1674E+01  4.5511E-07
 -2.1662E+01  4.3968E-07
 -2.1650E+01  4.5242E-07
 -2.1638E+01  4.9285E-07
 -2.1626E+01  5.5720E-07
 -2.1614E+01  6.3903E-07
 -2.1603E+01  7.3018E-07
 -2.1591E+01  8.2212E-07
 -2.1579E+01  9.0732E-07
 -2.1567E+01  9.8070E-07
 -2.1555E+01  1.0408E-06
 -2.1543E+01  1.0907E-06
 -2.1531E+01  1.1383E-06
 -2.1519E+01  1.1965E-06
 -2.1507E+01  1.2822E-06
 -2.1495E+01  1.4158E-06
 -2.1483E+01  1.6193E-06
 -2.1472E+01  1.9157E-06
 -2.1460E+01  2.3269E-06
 -2.1448E+01  2.8733E-06
 -2.1436E+01  3.5731E-06
 -2.1424E+01  4.4422E-06
 -2.1412E+01  5.4949E-06
 -2.1400E+01  6.7444E-06
 -2.1388E+01  8.2037E-06
 -2.1376E+01  9.8871E-06
 -2.1364E+01  1.1810E-05
 -2.1353E+01  1.3989E-05
 -2.1341E+01  1.6441E-05
 -2.1329E+01  1.9181E-05
 -2.1317E+01  2.2218E-05
 -2.1305E+01  2.5555E-05
 -2.1293E+01  2.9179E-05
 -2.1281E+01  3.3061E-05
 -2.1269E+01  3.7150E-05
 -2.1257E+01  4.1372E-05
 -2.1245E+01  4.5627E-05
 -2.1233E+01  4.9791E-05
 -2.1222E+01  5.3721E-05
 -2.1210E+01  5.7260E-05
 -2.1198E+01  6.0243E-05
 -2.1186E+01  6.2512E-05
 -2.1174E+01  6.3925E-05
 -2.1162E+01  6.4367E-05
 -2.1150E+01  6.3763E-05
 -2.1138E+01  6.2089E-05
 -2.1126E+01  5.9377E-05
 -2.1114E+01  5.5722E-05
 -2.1102E+01  5.1276E-05
 -2.1091E+01  4.6251E-05
 -2.1079E+01  4.0899E-05
 -2.1067E+01  3.5505E-05
 -2.1055E+01  3.0362E-05
 -2.1043E+01  2.5752E-05
 -2.1031E+01  2.1921E-05
 -2.1019E+01  1.9062E-05
 -2.1007E+01  1.7298E-05
 -2.0995E+01  1.6665E-05
 -2.0983E+01  1.7113E-05
 -2.0971E+01  1.8509E-05
 -2.0960E+01  2.0641E-05
 -2.0948E+01  2.3243E-05
 -2.0936E+01  2.6012E-05
 -2.0924E+01  2.8641E-05
 -2.0912E+01  3.0840E-05
 -2.0900E+01  3.2373E-05
 -2.0888E+01  3.3072E-05
 -2.0876E+01  3.2869E-05
 -2.0864E+01  3.1793E-05
 -2.0852E+01  2.9985E-05
 -2.0840E+01  2.7679E-05
 -2.0829E+01  2.5189E-05
 -2.0817E+01  2.2878E-05
 -2.0805E+01  2.1128E-05
 -2.0793E+01  2.0297E-05
 -2.0781E+01  2.0686E-05
 -2.0769E+01  2.2508E-05
 -2.0757E+01  2.5859E-05
 -2.0745E+01  3.0710E-05
 -2.0733E+01  3.6902E-05
 -2.0721E+01  4.4164E-05
 -2.0709E+01  5.2140E-05
 -2.0698E+01  6.0430E-05
 -2.0686E+01  6.8638E-05
 -2.0674E+01  7.6435E-05
 -2.0662E+01  8.3611E-05
 -2.0650E+01  9.0134E-05
 -2.0638E+01  9.6194E-05
 -2.0626E+01  1.0224E-04
 -2.0614E+01  1.0896E-04
 -2.0602E+01  1.1733E-04
 -2.0590E+01  1.2851E-04
 -2.0578E+01  1.4382E-04
 -2.0567E+01  1.6466E-04
 -2.0555E+01  1.9240E-04
 -2.0543E+01  2.2828E-04
 -2.0531E+01  2.7331E-04
 -2.0519E+01  3.2815E-04
 -2.0507E+01  3.9303E-04
 -2.0495E+01  4.6770E-04
 -2.0483E+01  5.5133E-04
 -2.0471E+01  6.4256E-04
 -2.0459E+01  7.3946E-04
 -2.0447E+01  8.3961E-04
 -2.0436E+01  9.4018E-04
 -2.0424E+01  1.0381E-03
 -2.0412E+01  1.1301E-03
 -2.0400E+01  1.2130E-03
 -2.0388E+01  1.2837E-03
 -2.0376E+01  1.3398E-03
 -2.0364E+01  1.3790E-03
 -2.0352E+01  1.4000E-03
 -2.0340E+01  1.4019E-03
 -2.0328E+01  1.3847E-03
 -2.0316E+01  1.3493E-03
 -2.0305E+01  1.2969E-03
 -2.0293E+01  1.2297E-03
 -2.0281E+01  1.1500E-03
 -2.0269E+01  1.0607E-03
 -2.0257E+01  9.6486E-04
 -2.0245E+01  8.6553E-04
 -2.0233E+01  7.6572E-04
 -2.0221E+01  6.6819E-04
 -2.0209E+01  5.7540E-04
 -2.0197E+01  4.8935E-04
 -2.0185E+01  4.1156E-04
 -2.0174E+01  3.4303E-04
 -2.0162E+01  2.8420E-04
 -2.0150E+01  2.3504E-04
 -2.0138E+01  1.9508E-04
 -2.0126E+01  1.6349E-04
 -2.0114E+01  1.3917E-04
 -2.0102E+01  1.2089E-04
 -2.0090E+01  1.0734E-04
 -2.0078E+01  9.7265E-05
 -2.0066E+01  8.9514E-05
 -2.0054E+01  8.3116E-05
 -2.0043E+01  7.7307E-05
 -2.0031E+01  7.1548E-05
 -2.0019E+01  6.5523E-05
 -2.0007E+01  5.9115E-05
 -1.9995E+01  5.2377E-05
 -1.9983E+01  4.5486E-05
 -1.9971E+01  3.8696E-05
 -1.9959E+01  3.2292E-05
 -1.9947E+01  2.6545E-05
 -1.9935E+01  2.1678E-05
 -1.9923E+01  1.7840E-05
 -1.9912E+01  1.5091E-05
 -1.9900E+01  1.3401E-05
 -1.9888E+01  1.2658E-05
 -1.9876E+01  1.2681E-05
 -1.9864E+01  1.3249E-05
 -1.9852E+01  1.4117E-05
 -1.9840E+01  1.5048E-05
 -1.9828E+01  1.5833E-05
 -1.9816E+01  1.6306E-05
 -1.9804E+01  1.6359E-05
 -1.9792E+01  1.5945E-05
 -1.9781E+01  1.5078E-05
 -1.9769E+01  1.3825E-05
 -1.9757E+01  1.2293E-05
 -1.9745E+01  1.0618E-05
 -1.9733E+01  8.9405E-06
 -1.9721E+01  7.3978E-06
 -1.9709E+01  6.1042E-06
 -1.9697E+01  5.1429E-06
 -1.9685E+01  4.5595E-06
 -1.9673E+01  4.3607E-06
 -1.9661E+01  4.5178E-06
 -1.9650E+01  4.9726E-06
 -1.9638E+01  5.6477E-06
 -1.9626E+01  6.4568E-06
 -1.9614E+01  7.3154E-06
 -1.9602E+01  8.1504E-06
 -1.9590E+01  8.9073E-06
 -1.9578E+01  9.5550E-06
 -1.9566E+01  1.0087E-05
 -1.9554E+01  1.0518E-05
 -1.9542E+01  1.0882E-05
 -1.9530E+01  1.1225E-05
 -1.9519E+01  1.1594E-05
 -1.9507E+01  1.2034E-05
 -1.9495E+01  1.2574E-05
 -1.9483E+01  1.3230E-05
 -1.9471E+01  1.3993E-05
 -1.9459E+01  1.4836E-05
 -1.9447E+01  1.5710E-05
 -1.9435E+01  1.6554E-05
 -1.9423E+01  1.7296E-05
 -1.9411E+01  1.7865E-05
 -1.9399E+01  1.8196E-05
 -1.9388E+01  1.8238E-05
 -1.9376E+01  1.7960E-05
 -1.9364E+01  1.7352E-05
 -1.9352E+01  1.6430E-05
 -1.9340E+01  1.5235E-05
 -1.9328E+01  1.3826E-05
 -1.9316E+01  1.2277E-05
 -1.9304E+01  1.0671E-05
 -1.9292E+01  9.0907E-06
 -1.9280E+01  7.6117E-06
 -1.9268E+01  6.2964E-06
 -1.9257E+01  5.1889E-06
 -1.9245E+01  4.3123E-06
 -1.9233E+01  3.6683E-06
 -1.9221E+01  3.2387E-06
 -1.9209E+01  2.9895E-06
 -1.9197E+01  2.8755E-06
 -1.9185E+01  2.8464E-06
 -1.9173E+01  2.8522E-06
 -1.9161E+01  2.8492E-06
 -1.9149E+01  2.8036E-06
 -1.9137E+01  2.6947E-06
 -1.9126E+01  2.5160E-06
 -1.9114E+01  2.2744E-06
 -1.9102E+01  1.9880E-06
 -1.9090E+01  1.6830E-06
 -1.9078E+01  1.3889E-06
 -1.9066E+01  1.1347E-06
 -1.9054E+01  9.4421E-07
 -1.9042E+01  8.3340E-07
 -1.9030E+01  8.0799E-07
 -1.9018E+01  8.6301E-07
 -1.9006E+01  9.8372E-07
 -1.8995E+01  1.1476E-06
 -1.8983E+01  1.3277E-06
 -1.8971E+01  1.4958E-06
 -1.8959E+01  1.6265E-06
 -1.8947E+01  1.7000E-06
 -1.8935E+01  1.7051E-06
 -1.8923E+01  1.6400E-06
 -1.8911E+01  1.5126E-06
 -1.8899E+01  1.3395E-06
 -1.8887E+01  1.1435E-06
 -1.8875E+01  9.5083E-07
 -1.8864E+01  7.8760E-07
 -1.8852E+01  6.7662E-07
 -1.8840E+01  6.3470E-07
 -1.8828E+01  6.7088E-07
 -1.8816E+01  7.8592E-07
 -1.8804E+01  9.7311E-07
 -1.8792E+01  1.2202E-06
 -1.8780E+01  1.5125E-06
 -1.8768E+01  1.8361E-06
 -1.8756E+01  2.1817E-06
 -1.8744E+01  2.5475E-06
 -1.8733E+01  2.9418E-06
 -1.8721E+01  3.3832E-06
 -1.8709E+01  3.9004E-06
 -1.8697E+01  4.5300E-06
 -1.8685E+01  5.3122E-06
 -1.8673E+01  6.2861E-06
 -1.8661E+01  7.4839E-06
 -1.8649E+01  8.9254E-06
 -1.8637E+01  1.0613E-05
 -1.8625E+01  1.2526E-05
 -1.8613E+01  1.4624E-05
 -1.8602E+01  1.6842E-05
 -1.8590E+01  1.9094E-05
 -1.8578E+01  2.1282E-05
 -1.8566E+01  2.3296E-05
 -1.8554E+01  2.5030E-05
 -1.8542E+01  2.6382E-05
 -1.8530E+01  2.7270E-05
 -1.8518E+01  2.7633E-05
 -1.8506E+01  2.7441E-05
 -1.8494E+01  2.6697E-05
 -1.8482E+01  2.5437E-05
 -1.8471E+01  2.3729E-05
 -1.8459E+01  2.1668E-05
 -1.8447E+01  1.9370E-05
 -1.8435E+01  1.6960E-05
 -1.8423E+01  1.4564E-05
 -1.8411E+01  1.2302E-05
 -1.8399E+01  1.0273E-05
 -1.8387E+01  8.5509E-06
 -1.8375E+01  7.1808E-06
 -1.8363E+01  6.1756E-06
 -1.8351E+01  5.5179E-06
 -1.8340E+01  5.1644E-06
 -1.8328E+01  5.0514E-06
 -1.8316E+01  5.1029E-06
 -1.8304E+01  5.2389E-06
 -1.8292E+01  5.3834E-06
 -1.8280E+01  5.4715E-06
 -1.8268E+01  5.4551E-06
 -1.8256E+01  5.3061E-06
 -1.8244E+01  5.0176E-06
 -1.8232E+01  4.6026E-06
 -1.8220E+01  4.0909E-06
 -1.8209E+01  3.5234E-06
 -1.8197E+01  2.9469E-06
 -1.8185E+01  2.4072E-06
 -1.8173E+01  1.9438E-06
 -1.8161E+01  1.5851E-06
 -1.8149E+01  1.3458E-06
 -1.8137E+01  1.2255E-06
 -1.8125E+01  1.2101E-06
 -1.8113E+01  1.2745E-06
 -1.8101E+01  1.3860E-06
 -1.8089E+01  1.5096E-06
 -1.8078E+01  1.6123E-06
 -1.8066E+01  1.6676E-06
 -1.8054E+01  1.6586E-06
 -1.8042E+01  1.5798E-06
 -1.8030E+01  1.4375E-06
 -1.8018E+01  1.2484E-06
 -1.8006E+01  1.0370E-06
 -1.7994E+01  8.3157E-07
 -1.7982E+01  6.6066E-07
 -1.7970E+01  5.4862E-07
 -1.7958E+01  5.1265E-07
 -1.7947E+01  5.6067E-07
 -1.7935E+01  6.9083E-07
 -1.7923E+01  8.9254E-07
 -1.7911E+01  1.1489E-06
 -1.7899E+01  1.4400E-06
 -1.7887E+01  1.7476E-06
 -1.7875E+01  2.0582E-06
 -1.7863E+01  2.3674E-06
 -1.7851E+01  2.6815E-06
 -1.7839E+01  3.0181E-06
 -1.7827E+01  3.4055E-06
 -1.7816E+01  3.8790E-06
 -1.7804E+01  4.4768E-06
 -1.7792E+01  5.2346E-06
 -1.7780E+01  6.1789E-06
 -1.7768E+01  7.3223E-06
 -1.7756E+01  8.6584E-06
 -1.7744E+01  1.0160E-05
 -1.7732E+01  1.1777E-05
 -1.7720E+01  1.3443E-05
 -1.7708E+01  1.5074E-05
 -1.7696E+01  1.6580E-05
 -1.7685E+01  1.7869E-05
 -1.7673E+01  1.8859E-05
 -1.7661E+01  1.9483E-05
 -1.7649E+01  1.9699E-05
 -1.7637E+01  1.9490E-05
 -1.7625E+01  1.8871E-05
 -1.7613E+01  1.7884E-05
 -1.7601E+01  1.6599E-05
 -1.7589E+01  1.5104E-05
 -1.7577E+01  1.3498E-05
 -1.7565E+01  1.1880E-05
 -1.7554E+01  1.0344E-05
 -1.7542E+01  8.9666E-06
 -1.7530E+01  7.8004E-06
 -1.7518E+01  6.8734E-06
 -1.7506E+01  6.1869E-06
 -1.7494E+01  5.7189E-06
 -1.7482E+01  5.4303E-06
 -1.7470E+01  5.2720E-06
 -1.7458E+01  5.1939E-06
 -1.7446E+01  5.1530E-06
 -1.7435E+01  5.1203E-06
 -1.7423E+01  5.0851E-06
 -1.7411E+01  5.0567E-06
 -1.7399E+01  5.0622E-06
 -1.7387E+01  5.1421E-06
 -1.7375E+01  5.3422E-06
 -1.7363E+01  5.7055E-06
 -1.7351E+01  6.2629E-06
 -1.7339E+01  7.0259E-06
 -1.7327E+01  7.9815E-06
 -1.7315E+01  9.0907E-06
 -1.7304E+01  1.0292E-05
 -1.7292E+01  1.1509E-05
 -1.7280E+01  1.2660E-05
 -1.7268E+01  1.3672E-05
 -1.7256E+01  1.4497E-05
 -1.7244E+01  1.5121E-05
 -1.7232E+01  1.5576E-05
 -1.7220E+01  1.5946E-05
 -1.7208E+01  1.6366E-05
 -1.7196E+01  1.7015E-05
 -1.7184E+01  1.8104E-05
 -1.7173E+01  1.9862E-05
 -1.7161E+01  2.2512E-05
 -1.7149E+01  2.6255E-05
 -1.7137E+01  3.1257E-05
 -1.7125E+01  3.7637E-05
 -1.7113E+01  4.5474E-05
 -1.7101E+01  5.4819E-05
 -1.7089E+01  6.5724E-05
 -1.7077E+01  7.8279E-05
 -1.7065E+01  9.2661E-05
 -1.7053E+01  1.0918E-04
 -1.7042E+01  1.2835E-04
 -1.7030E+01  1.5089E-04
 -1.7018E+01  1.7780E-04
 -1.7006E+01  2.1032E-04
 -1.6994E+01  2.4994E-04
 -1.6982E+01  2.9832E-04
 -1.6970E+01  3.5724E-04
 -1.6958E+01  4.2841E-04
 -1.6946E+01  5.1339E-04
 -1.6934E+01  6.1339E-04
 -1.6922E+01  7.2909E-04
 -1.6911E+01  8.6052E-04
 -1.6899E+01  1.0069E-03
 -1.6887E+01  1.1665E-03
 -1.6875E+01  1.3367E-03
 -1.6863E+01  1.5140E-03
 -1.6851E+01  1.6940E-03
 -1.6839E+01  1.8716E-03
 -1.6827E+01  2.0413E-03
 -1.6815E+01  2.1974E-03
 -1.6803E+01  2.3340E-03
 -1.6791E+01  2.4460E-03
 -1.6780E+01  2.5284E-03
 -1.6768E+01  2.5776E-03
 -1.6756E+01  2.5910E-03
 -1.6744E+01  2.5674E-03
 -1.6732E+01  2.5069E-03
 -1.6720E+01  2.4116E-03
 -1.6708E+01  2.2848E-03
 -1.6696E+01  2.1312E-03
 -1.6684E+01  1.9567E-03
 -1.6672E+01  1.7679E-03
 -1.6660E+01  1.5718E-03
 -1.6649E+01  1.3755E-03
 -1.6637E+01  1.1855E-03
 -1.6625E+01  1.0077E-03
 -1.6613E+01  8.4678E-04
 -1.6601E+01  7.0612E-04
 -1.6589E+01  5.8776E-04
 -1.6577E+01  4.9229E-04
 -1.6565E+01  4.1895E-04
 -1.6553E+01  3.6586E-04
 -1.6541E+01  3.3017E-04
 -1.6529E+01  3.0844E-04
 -1.6518E+01  2.9686E-04
 -1.6506E+01  2.9162E-04
 -1.6494E+01  2.8915E-04
 -1.6482E+01  2.8641E-04
 -1.6470E+01  2.8106E-04
 -1.6458E+01  2.7156E-04
 -1.6446E+01  2.5720E-04
 -1.6434E+01  2.3809E-04
 -1.6422E+01  2.1503E-04
 -1.6410E+01  1.8930E-04
 -1.6398E+01  1.6255E-04
 -1.6387E+01  1.3649E-04
 -1.6375E+01  1.1277E-04
 -1.6363E+01  9.2756E-05
 -1.6351E+01  7.7406E-05
 -1.6339E+01  6.7209E-05
 -1.6327E+01  6.2149E-05
 -1.6315E+01  6.1730E-05
 -1.6303E+01  6.5060E-05
 -1.6291E+01  7.0956E-05
 -1.6279E+01  7.8092E-05
 -1.6267E+01  8.5133E-05
 -1.6256E+01  9.0886E-05
 -1.6244E+01  9.4410E-05
 -1.6232E+01  9.5104E-05
 -1.6220E+01  9.2749E-05
 -1.6208E+01  8.7511E-05
 -1.6196E+01  7.9894E-05
 -1.6184E+01  7.0665E-05
 -1.6172E+01  6.0756E-05
 -1.6160E+01  5.1147E-05
 -1.6148E+01  4.2759E-05
 -1.6136E+01  3.6358E-05
 -1.6125E+01  3.2483E-05
 -1.6113E+01  3.1404E-05
 -1.6101E+01  3.3110E-05
 -1.6089E+01  3.7338E-05
 -1.6077E+01  4.3620E-05
 -1.6065E+01  5.1360E-05
 -1.6053E+01  5.9918E-05
 -1.6041E+01  6.8700E-05
 -1.6029E+01  7.7229E-05
 -1.6017E+01  8.5209E-05
 -1.6005E+01  9.2558E-05
 -1.5994E+01  9.9402E-05
 -1.5982E+01  1.0605E-04
 -1.5970E+01  1.1295E-04
 -1.5958E+01  1.2059E-04
 -1.5946E+01  1.2943E-04
 -1.5934E+01  1.3982E-04
 -1.5922E+01  1.5193E-04
 -1.5910E+01  1.6567E-04
 -1.5898E+01  1.8069E-04
 -1.5886E+01  1.9640E-04
 -1.5874E+01  2.1197E-04
 -1.5863E+01  2.2641E-04
 -1.5851E+01  2.3868E-04
 -1.5839E+01  2.4775E-04
 -1.5827E+01  2.5276E-04
 -1.5815E+01  2.5306E-04
 -1.5803E+01  2.4835E-04
 -1.5791E+01  2.3866E-04
 -1.5779E+01  2.2441E-04
 -1.5767E+01  2.0636E-04
 -1.5755E+01  1.8556E-04
 -1.5743E+01  1.6326E-04
 -1.5732E+01  1.4076E-04
 -1.5720E+01  1.1938E-04
 -1.5708E+01  1.0025E-04
 -1.5696E+01  8.4303E-05
 -1.5684E+01  7.2126E-05
 -1.5672E+01  6.3970E-05
 -1.5660E+01  5.9722E-05
 -1.5648E+01  5.8934E-05
 -1.5636E+01  6.0883E-05
 -1.5624E+01  6.4653E-05
 -1.5612E+01  6.9240E-05
 -1.5601E+01  7.3650E-05
 -1.5589E+01  7.7010E-05
 -1.5577E+01  7.8647E-05
 -1.5565E+01  7.8149E-05
 -1.5553E+01  7.5393E-05
 -1.5541E+01  7.0542E-05
 -1.5529E+01  6.4006E-05
 -1.5517E+01  5.6379E-05
 -1.5505E+01  4.8363E-05
 -1.5493E+01  4.0677E-05
 -1.5481E+01  3.3974E-05
 -1.5470E+01  2.8767E-05
 -1.5458E+01  2.5374E-05
 -1.5446E+01  2.3894E-05
 -1.5434E+01  2.4200E-05
 -1.5422E+01  2.5969E-05
 -1.5410E+01  2.8724E-05
 -1.5398E+01  3.1907E-05
 -1.5386E+01  3.4946E-05
 -1.5374E+01  3.7330E-05
 -1.5362E+01  3.8674E-05
 -1.5350E+01  3.8763E-05
 -1.5339E+01  3.7574E-05
 -1.5327E+01  3.5277E-05
 -1.5315E+01  3.2203E-05
 -1.5303E+01  2.8805E-05
 -1.5291E+01  2.5593E-05
 -1.5279E+01  2.3077E-05
 -1.5267E+01  2.1709E-05
 -1.5255E+01  2.1835E-05
 -1.5243E+01  2.3677E-05
 -1.5231E+01  2.7323E-05
 -1.5219E+01  3.2750E-05
 -1.5208E+01  3.9869E-05
 -1.5196E+01  4.8577E-05
 -1.5184E+01  5.8823E-05
 -1.5172E+01  7.0669E-05
 -1.5160E+01  8.4335E-05
 -1.5148E+01  1.0023E-04
 -1.5136E+01  1.1893E-04
 -1.5124E+01  1.4117E-04
 -1.5112E+01  1.6775E-04
 -1.5100E+01  1.9944E-04
 -1.5088E+01  2.3688E-04
 -1.5077E+01  2.8042E-04
 -1.5065E+01  3.3007E-04
 -1.5053E+01  3.8532E-04
 -1.5041E+01  4.4516E-04
 -1.5029E+01  5.0800E-04
 -1.5017E+01  5.7174E-04
 -1.5005E+01  6.3385E-04
 -1.4993E+01  6.9151E-04
 -1.4981E+01  7.4182E-04
 -1.4969E+01  7.8199E-04
 -1.4957E+01  8.0958E-04
 -1.4946E+01  8.2272E-04
 -1.4934E+01  8.2032E-04
 -1.4922E+01  8.0214E-04
 -1.4910E+01  7.6890E-04
 -1.4898E+01  7.2223E-04
 -1.4886E+01  6.6455E-04
 -1.4874E+01  5.9896E-04
 -1.4862E+01  5.2892E-04
 -1.4850E+01  4.5806E-04
 -1.4838E+01  3.8989E-04
 -1.4826E+01  3.2752E-04
 -1.4815E+01  2.7347E-04
 -1.4803E+01  2.2947E-04
 -1.4791E+01  1.9641E-04
 -1.4779E+01  1.7425E-04
 -1.4767E+01  1.6213E-04
 -1.4755E+01  1.5847E-04
 -1.4743E+01  1.6115E-04
 -1.4731E+01  1.6776E-04
 -1.4719E+01  1.7581E-04
 -1.4707E+01  1.8301E-04
 -1.4695E+01  1.8746E-04
 -1.4684E+01  1.8783E-04
 -1.4672E+01  1.8341E-04
 -1.4660E+01  1.7417E-04
 -1.4648E+01  1.6067E-04
 -1.4636E+01  1.4398E-04
 -1.4624E+01  1.2546E-04
 -1.4612E+01  1.0664E-04
 -1.4600E+01  8.8989E-05
 -1.4588E+01  7.3740E-05
 -1.4576E+01  6.1779E-05
 -1.4564E+01  5.3551E-05
 -1.4553E+01  4.9043E-05
 -1.4541E+01  4.7821E-05
 -1.4529E+01  4.9126E-05
 -1.4517E+01  5.2011E-05
 -1.4505E+01  5.5502E-05
 -1.4493E+01  5.8764E-05
 -1.4481E+01  6.1248E-05
 -1.4469E+01  6.2804E-05
 -1.4457E+01  6.3741E-05
 -1.4445E+01  6.4833E-05
 -1.4433E+01  6.7275E-05
 -1.4422E+01  7.2588E-05
 -1.4410E+01  8.2506E-05
 -1.4398E+01  9.8849E-05
 -1.4386E+01  1.2342E-04
 -1.4374E+01  1.5792E-04
 -1.4362E+01  2.0394E-04
 -1.4350E+01  2.6298E-04
 -1.4338E+01  3.3654E-04
 -1.4326E+01  4.2627E-04
 -1.4314E+01  5.3412E-04
 -1.4302E+01  6.6250E-04
 -1.4291E+01  8.1442E-04
 -1.4279E+01  9.9351E-04
 -1.4267E+01  1.2041E-03
 -1.4255E+01  1.4507E-03
 -1.4243E+01  1.7384E-03
 -1.4231E+01  2.0715E-03
 -1.4219E+01  2.4538E-03
 -1.4207E+01  2.8875E-03
 -1.4195E+01  3.3726E-03
 -1.4183E+01  3.9064E-03
 -1.4171E+01  4.4829E-03
 -1.4160E+01  5.0923E-03
 -1.4148E+01  5.7210E-03
 -1.4136E+01  6.3520E-03
 -1.4124E+01  6.9646E-03
 -1.4112E+01  7.5364E-03
 -1.4100E+01  8.0434E-03
 -1.4088E+01  8.4621E-03
 -1.4076E+01  8.7708E-03
 -1.4064E+01  8.9516E-03
 -1.4052E+01  8.9913E-03
 -1.4040E+01  8.8834E-03
 -1.4029E+01  8.6284E-03
 -1.4017E+01  8.2343E-03
 -1.4005E+01  7.7168E-03
 -1.3993E+01  7.0979E-03
 -1.3981E+01  6.4056E-03
 -1.3969E+01  5.6713E-03
 -1.3957E+01  4.9287E-03
 -1.3945E+01  4.2111E-03
 -1.3933E+01  3.5497E-03
 -1.3921E+01  2.9712E-03
 -1.3909E+01  2.4962E-03
 -1.3898E+01  2.1378E-03
 -1.3886E+01  1.9005E-03
 -1.3874E+01  1.7805E-03
 -1.3862E+01  1.7654E-03
 -1.3850E+01  1.8361E-03
 -1.3838E+01  1.9680E-03
 -1.3826E+01  2.1332E-03
 -1.3814E+01  2.3032E-03
 -1.3802E+01  2.4516E-03
 -1.3790E+01  2.5557E-03
 -1.3778E+01  2.5994E-03
 -1.3767E+01  2.5738E-03
 -1.3755E+01  2.4784E-03
 -1.3743E+01  2.3207E-03
 -1.3731E+01  2.1159E-03
 -1.3719E+01  1.8849E-03
 -1.3707E+01  1.6526E-03
 -1.3695E+01  1.4457E-03
 -1.3683E+01  1.2897E-03
 -1.3671E+01  1.2063E-03
 -1.3659E+01  1.2118E-03
 -1.3647E+01  1.3145E-03
 -1.3636E+01  1.5142E-03
 -1.3624E+01  1.8017E-03
 -1.3612E+01  2.1597E-03
 -1.3600E+01  2.5644E-03
 -1.3588E+01  2.9879E-03
 -1.3576E+01  3.4011E-03
 -1.3564E+01  3.7768E-03
 -1.3552E+01  4.0934E-03
 -1.3540E+01  4.3374E-03
 -1.3528E+01  4.5061E-03
 -1.3517E+01  4.6094E-03
 -1.3505E+01  4.6702E-03
 -1.3493E+01  4.7240E-03
 -1.3481E+01  4.8180E-03
 -1.3469E+01  5.0078E-03
 -1.3457E+01  5.3542E-03
 -1.3445E+01  5.9188E-03
 -1.3433E+01  6.7592E-03
 -1.3421E+01  7.9242E-03
 -1.3409E+01  9.4489E-03
 -1.3397E+01  1.1352E-02
 -1.3386E+01  1.3630E-02
 -1.3374E+01  1.6260E-02
 -1.3362E+01  1.9195E-02
 -1.3350E+01  2.2371E-02
 -1.3338E+01  2.5703E-02
 -1.3326E+01  2.9093E-02
 -1.3314E+01  3.2432E-02
 -1.3302E+01  3.5610E-02
 -1.3290E+01  3.8514E-02
 -1.3278E+01  4.1041E-02
 -1.3266E+01  4.3099E-02
 -1.3255E+01  4.4612E-02
 -1.3243E+01  4.5525E-02
 -1.3231E+01  4.5807E-02
 -1.3219E+01  4.5453E-02
 -1.3207E+01  4.4481E-02
 -1.3195E+01  4.2936E-02
 -1.3183E+01  4.0881E-02
 -1.3171E+01  3.8400E-02
 -1.3159E+01  3.5585E-02
 -1.3147E+01  3.2537E-02
 -1.3135E+01  2.9358E-02
 -1.3124E+01  2.6146E-02
 -1.3112E+01  2.2988E-02
 -1.3100E+01  1.9963E-02
 -1.3088E+01  1.7133E-02
 -1.3076E+01  1.4544E-02
 -1.3064E+01  1.2227E-02
 -1.3052E+01  1.0196E-02
 -1.3040E+01  8.4535E-03
 -1.3028E+01  6.9877E-03
 -1.3016E+01  5.7782E-03
 -1.3004E+01  4.7974E-03
 -1.2993E+01  4.0135E-03
 -1.2981E+01  3.3929E-03
 -1.2969E+01  2.9025E-03
 -1.2957E+01  2.5118E-03
 -1.2945E+01  2.1941E-03
 -1.2933E+01  1.9277E-03
 -1.2921E+01  1.6957E-03
 -1.2909E+01  1.4866E-03
 -1.2897E+01  1.2933E-03
 -1.2885E+01  1.1126E-03
 -1.2873E+01  9.4412E-04
 -1.2862E+01  7.8937E-04
 -1.2850E+01  6.5073E-04
 -1.2838E+01  5.3067E-04
 -1.2826E+01  4.3108E-04
 -1.2814E+01  3.5284E-04
 -1.2802E+01  2.9559E-04
 -1.2790E+01  2.5770E-04
 -1.2778E+01  2.3646E-04
 -1.2766E+01  2.2830E-04
 -1.2754E+01  2.2922E-04
 -1.2742E+01  2.3514E-04
 -1.2731E+01  2.4229E-04
 -1.2719E+01  2.4753E-04
 -1.2707E+01  2.4854E-04
 -1.2695E+01  2.4396E-04
 -1.2683E+01  2.3337E-04
 -1.2671E+01  2.1720E-04
 -1.2659E+01  1.9657E-04
 -1.2647E+01  1.7305E-04
 -1.2635E+01  1.4844E-04
 -1.2623E+01  1.2453E-04
 -1.2611E+01  1.0291E-04
 -1.2600E+01  8.4807E-05
 -1.2588E+01  7.1006E-05
 -1.2576E+01  6.1793E-05
 -1.2564E+01  5.6995E-05
 -1.2552E+01  5.6046E-05
 -1.2540E+01  5.8099E-05
 -1.2528E+01  6.2151E-05
 -1.2516E+01  6.7174E-05
 -1.2504E+01  7.2230E-05
 -1.2492E+01  7.6565E-05
 -1.2480E+01  7.9665E-05
 -1.2469E+01  8.1279E-05
 -1.2457E+01  8.1405E-05
 -1.2445E+01  8.0247E-05
 -1.2433E+01  7.8154E-05
 -1.2421E+01  7.5549E-05
 -1.2409E+01  7.2855E-05
 -1.2397E+01  7.0431E-05
 -1.2385E+01  6.8529E-05
 -1.2373E+01  6.7260E-05
 -1.2361E+01  6.6592E-05
 -1.2349E+01  6.6366E-05
 -1.2338E+01  6.6325E-05
 -1.2326E+01  6.6158E-05
 -1.2314E+01  6.5549E-05
 -1.2302E+01  6.4225E-05
 -1.2290E+01  6.1993E-05
 -1.2278E+01  5.8766E-05
 -1.2266E+01  5.4573E-05
 -1.2254E+01  4.9558E-05
 -1.2242E+01  4.3955E-05
 -1.2230E+01  3.8068E-05
 -1.2218E+01  3.2224E-05
 -1.2207E+01  2.6745E-05
 -1.2195E+01  2.1909E-05
 -1.2183E+01  1.7923E-05
 -1.2171E+01  1.4906E-05
 -1.2159E+01  1.2880E-05
 -1.2147E+01  1.1775E-05
 -1.2135E+01  1.1443E-05
 -1.2123E+01  1.1683E-05
 -1.2111E+01  1.2263E-05
 -1.2099E+01  1.2951E-05
 -1.2087E+01  1.3542E-05
 -1.2076E+01  1.3875E-05
 -1.2064E+01  1.3852E-05
 -1.2052E+01  1.3436E-05
 -1.2040E+01  1.2652E-05
 -1.2028E+01  1.1575E-05
 -1.2016E+01  1.0315E-05
 -1.2004E+01  8.9957E-06
 -1.1992E+01  7.7396E-06
 -1.1980E+01  6.6503E-06
 -1.1968E+01  5.8010E-06
 -1.1956E+01  5.2279E-06
 -1.1945E+01  4.9290E-06
 -1.1933E+01  4.8690E-06
 -1.1921E+01  4.9871E-06
 -1.1909E+01  5.2089E-06
 -1.1897E+01  5.4581E-06
 -1.1885E+01  5.6684E-06
 -1.1873E+01  5.7918E-06
 -1.1861E+01  5.8045E-06
 -1.1849E+01  5.7076E-06
 -1.1837E+01  5.5248E-06
 -1.1825E+01  5.2959E-06
 -1.1814E+01  5.0692E-06
 -1.1802E+01  4.8927E-06
 -1.1790E+01  4.8057E-06
 -1.1778E+01  4.8336E-06
 -1.1766E+01  4.9844E-06
 -1.1754E+01  5.2489E-06
 -1.1742E+01  5.6043E-06
 -1.1730E+01  6.0199E-06
 -1.1718E+01  6.4648E-06
 -1.1706E+01  6.9157E-06
 -1.1694E+01  7.3640E-06
 -1.1683E+01  7.8207E-06
 -1.1671E+01  8.3182E-06
 -1.1659E+01  8.9090E-06
 -1.1647E+01  9.6606E-06
 -1.1635E+01  1.0649E-05
 -1.1623E+01  1.1947E-05
 -1.1611E+01  1.3618E-05
 -1.1599E+01  1.5706E-05
 -1.1587E+01  1.8228E-05
 -1.1575E+01  2.1172E-05
 -1.1563E+01  2.4499E-05
 -1.1552E+01  2.8142E-05
 -1.1540E+01  3.2018E-05
 -1.1528E+01  3.6034E-05
 -1.1516E+01  4.0097E-05
 -1.1504E+01  4.4124E-05
 -1.1492E+01  4.8050E-05
 -1.1480E+01  5.1827E-05
 -1.1468E+01  5.5434E-05
 -1.1456E+01  5.8864E-05
 -1.1444E+01  6.2120E-05
 -1.1432E+01  6.5210E-05
 -1.1421E+01  6.8129E-05
 -1.1409E+01  7.0853E-05
 -1.1397E+01  7.3332E-05
 -1.1385E+01  7.5482E-05
 -1.1373E+01  7.7192E-05
 -1.1361E+01  7.8326E-05
 -1.1349E+01  7.8740E-05
 -1.1337E+01  7.8292E-05
 -1.1325E+01  7.6866E-05
 -1.1313E+01  7.4389E-05
 -1.1301E+01  7.0848E-05
 -1.1290E+01  6.6302E-05
 -1.1278E+01  6.0890E-05
 -1.1266E+01  5.4826E-05
 -1.1254E+01  4.8390E-05
 -1.1242E+01  4.1907E-05
 -1.1230E+01  3.5720E-05
 -1.1218E+01  3.0162E-05
 -1.1206E+01  2.5525E-05
 -1.1194E+01  2.2026E-05
 -1.1182E+01  1.9792E-05
 -1.1170E+01  1.8844E-05
 -1.1159E+01  1.9090E-05
 -1.1147E+01  2.0341E-05
 -1.1135E+01  2.2323E-05
 -1.1123E+01  2.4709E-05
 -1.1111E+01  2.7149E-05
 -1.1099E+01  2.9307E-05
 -1.1087E+01  3.0892E-05
 -1.1075E+01  3.1691E-05
 -1.1063E+01  3.1590E-05
 -1.1051E+01  3.0581E-05
 -1.1039E+01  2.8763E-05
 -1.1028E+01  2.6329E-05
 -1.1016E+01  2.3542E-05
 -1.1004E+01  2.0705E-05
 -1.0992E+01  1.8126E-05
 -1.0980E+01  1.6085E-05
 -1.0968E+01  1.4804E-05
 -1.0956E+01  1.4432E-05
 -1.0944E+01  1.5032E-05
 -1.0932E+01  1.6591E-05
 -1.0920E+01  1.9034E-05
 -1.0908E+01  2.2252E-05
 -1.0897E+01  2.6136E-05
 -1.0885E+01  3.0617E-05
 -1.0873E+01  3.5703E-05
 -1.0861E+01  4.1514E-05
 -1.0849E+01  4.8310E-05
 -1.0837E+01  5.6507E-05
 -1.0825E+01  6.6686E-05
 -1.0813E+01  7.9588E-05
 -1.0801E+01  9.6110E-05
 -1.0789E+01  1.1728E-04
 -1.0777E+01  1.4425E-04
 -1.0766E+01  1.7827E-04
 -1.0754E+01  2.2068E-04
 -1.0742E+01  2.7290E-04
 -1.0730E+01  3.3640E-04
 -1.0718E+01  4.1273E-04
 -1.0706E+01  5.0346E-04
 -1.0694E+01  6.1014E-04
 -1.0682E+01  7.3427E-04
 -1.0670E+01  8.7719E-04
 -1.0658E+01  1.0399E-03
 -1.0646E+01  1.2232E-03
 -1.0635E+01  1.4269E-03
 -1.0623E+01  1.6502E-03
 -1.0611E+01  1.8915E-03
 -1.0599E+01  2.1478E-03
 -1.0587E+01  2.4149E-03
 -1.0575E+01  2.6873E-03
 -1.0563E+01  2.9585E-03
 -1.0551E+01  3.2206E-03
 -1.0539E+01  3.4650E-03
 -1.0527E+01  3.6827E-03
 -1.0515E+01  3.8645E-03
 -1.0504E+01  4.0019E-03
 -1.0492E+01  4.0872E-03
 -1.0480E+01  4.1143E-03
 -1.0468E+01  4.0795E-03
 -1.0456E+01  3.9815E-03
 -1.0444E+01  3.8218E-03
 -1.0432E+01  3.6055E-03
 -1.0420E+01  3.3404E-03
 -1.0408E+01  3.0375E-03
 -1.0396E+01  2.7101E-03
 -1.0384E+01  2.3735E-03
 -1.0373E+01  2.0435E-03
 -1.0361E+01  1.7358E-03
 -1.0349E+01  1.4649E-03
 -1.0337E+01  1.2427E-03
 -1.0325E+01  1.0779E-03
 -1.0313E+01  9.7509E-04
 -1.0301E+01  9.3444E-04
 -1.0289E+01  9.5164E-04
 -1.0277E+01  1.0182E-03
 -1.0265E+01  1.1220E-03
 -1.0253E+01  1.2486E-03
 -1.0242E+01  1.3821E-03
 -1.0230E+01  1.5064E-03
 -1.0218E+01  1.6071E-03
 -1.0206E+01  1.6725E-03
 -1.0194E+01  1.6947E-03
 -1.0182E+01  1.6709E-03
 -1.0170E+01  1.6032E-03
 -1.0158E+01  1.4992E-03
 -1.0146E+01  1.3711E-03
 -1.0134E+01  1.2348E-03
 -1.0122E+01  1.1085E-03
 -1.0111E+01  1.0112E-03
 -1.0099E+01  9.6036E-04
 -1.0087E+01  9.7071E-04
 -1.0075E+01  1.0524E-03
 -1.0063E+01  1.2099E-03
 -1.0051E+01  1.4415E-03
 -1.0039E+01  1.7393E-03
 -1.0027E+01  2.0899E-03
 -1.0015E+01  2.4757E-03
 -1.0003E+01  2.8771E-03
 -9.9915E+00  3.2747E-03
 -9.9796E+00  3.6525E-03
 -9.9677E+00  4.0003E-03
 -9.9558E+00  4.3165E-03
 -9.9439E+00  4.6105E-03
 -9.9319E+00  4.9041E-03
 -9.9200E+00  5.2317E-03
 -9.9081E+00  5.6401E-03
 -9.8962E+00  6.1864E-03
 -9.8843E+00  6.9351E-03
 -9.8724E+00  7.9545E-03
 -9.8605E+00  9.3117E-03
 -9.8486E+00  1.1067E-02
 -9.8367E+00  1.3271E-02
 -9.8248E+00  1.5956E-02
 -9.8129E+00  1.9133E-02
 -9.8010E+00  2.2790E-02
 -9.7890E+00  2.6886E-02
 -9.7771E+00  3.1352E-02
 -9.7652E+00  3.6094E-02
 -9.7533E+00  4.0991E-02
 -9.7414E+00  4.5903E-02
 -9.7295E+00  5.0676E-02
 -9.7176E+00  5.5151E-02
 -9.7057E+00  5.9168E-02
 -9.6938E+00  6.2583E-02
 -9.6819E+00  6.5268E-02
 -9.6700E+00  6.7120E-02
 -9.6580E+00  6.8070E-02
 -9.6461E+00  6.8084E-02
 -9.6342E+00  6.7162E-02
 -9.6223E+00  6.5342E-02
 -9.6104E+00  6.2695E-02
 -9.5985E+00  5.9321E-02
 -9.5866E+00  5.5344E-02
 -9.5747E+00  5.0906E-02
 -9.5628E+00  4.6158E-02
 -9.5509E+00  4.1256E-02
 -9.5390E+00  3.6350E-02
 -9.5271E+00  3.1580E-02
 -9.5151E+00  2.7066E-02
 -9.5032E+00  2.2908E-02
 -9.4913E+00  1.9179E-02
 -9.4794E+00  1.5925E-02
 -9.4675E+00  1.3164E-02
 -9.4556E+00  1.0889E-02
 -9.4437E+00  9.0697E-03
 -9.4318E+00  7.6596E-03
 -9.4199E+00  6.5989E-03
 -9.4080E+00  5.8212E-03
 -9.3961E+00  5.2583E-03
 -9.3841E+00  4.8455E-03
 -9.3722E+00  4.5249E-03
 -9.3603E+00  4.2487E-03
 -9.3484E+00  3.9808E-03
 -9.3365E+00  3.6974E-03
 -9.3246E+00  3.3864E-03
 -9.3127E+00  3.0467E-03
 -9.3008E+00  2.6852E-03
 -9.2889E+00  2.3154E-03
 -9.2770E+00  1.9537E-03
 -9.2651E+00  1.6174E-03
 -9.2531E+00  1.3223E-03
 -9.2412E+00  1.0802E-03
 -9.2293E+00  8.9846E-04
 -9.2174E+00  7.7892E-04
 -9.2055E+00  7.1808E-04
 -9.1936E+00  7.0780E-04
 -9.1817E+00  7.3638E-04
 -9.1698E+00  7.8996E-04
 -9.1579E+00  8.5400E-04
 -9.1460E+00  9.1480E-04
 -9.1341E+00  9.6070E-04
 -9.1222E+00  9.8310E-04
 -9.1102E+00  9.7706E-04
 -9.0983E+00  9.4147E-04
 -9.0864E+00  8.7882E-04
 -9.0745E+00  7.9469E-04
 -9.0626E+00  6.9683E-04
 -9.0507E+00  5.9421E-04
 -9.0388E+00  4.9590E-04
 -9.0269E+00  4.1012E-04
 -9.0150E+00  3.4341E-04
 -9.0031E+00  3.0006E-04
 -8.9912E+00  2.8187E-04
 -8.9792E+00  2.8817E-04
 -8.9673E+00  3.1616E-04
 -8.9554E+00  3.6139E-04
 -8.9435E+00  4.1850E-04
 -8.9316E+00  4.8185E-04
 -8.9197E+00  5.4631E-04
 -8.9078E+00  6.0777E-04
 -8.8959E+00  6.6356E-04
 -8.8840E+00  7.1269E-04
 -8.8721E+00  7.5577E-04
 -8.8602E+00  7.9481E-04
 -8.8482E+00  8.3279E-04
 -8.8363E+00  8.7311E-04
 -8.8244E+00  9.1898E-04
 -8.8125E+00  9.7287E-04
 -8.8006E+00  1.0360E-03
 -8.7887E+00  1.1081E-03
 -8.7768E+00  1.1872E-03
 -8.7649E+00  1.2696E-03
 -8.7530E+00  1.3504E-03
 -8.7411E+00  1.4238E-03
 -8.7292E+00  1.4837E-03
 -8.7173E+00  1.5243E-03
 -8.7053E+00  1.5408E-03
 -8.6934E+00  1.5296E-03
 -8.6815E+00  1.4894E-03
 -8.6696E+00  1.4207E-03
 -8.6577E+00  1.3263E-03
 -8.6458E+00  1.2111E-03
 -8.6339E+00  1.0814E-03
 -8.6220E+00  9.4459E-04
 -8.6101E+00  8.0841E-04
 -8.5982E+00  6.8033E-04
 -8.5863E+00  5.6682E-04
 -8.5743E+00  4.7283E-04
 -8.5624E+00  4.0140E-04
 -8.5505E+00  3.5349E-04
 -8.5386E+00  3.2800E-04
 -8.5267E+00  3.2200E-04
 -8.5148E+00  3.3109E-04
 -8.5029E+00  3.4997E-04
 -8.4910E+00  3.7293E-04
 -8.4791E+00  3.9454E-04
 -8.4672E+00  4.1008E-04
 -8.4553E+00  4.1604E-04
 -8.4433E+00  4.1038E-04
 -8.4314E+00  3.9265E-04
 -8.4195E+00  3.6393E-04
 -8.4076E+00  3.2660E-04
 -8.3957E+00  2.8400E-04
 -8.3838E+00  2.3995E-04
 -8.3719E+00  1.9830E-04
 -8.3600E+00  1.6247E-04
 -8.3481E+00  1.3505E-04
 -8.3362E+00  1.1754E-04
 -8.3243E+00  1.1025E-04
 -8.3124E+00  1.1232E-04
 -8.3004E+00  1.2185E-04
 -8.2885E+00  1.3623E-04
 -8.2766E+00  1.5246E-04
 -8.2647E+00  1.6752E-04
 -8.2528E+00  1.7879E-04
 -8.2409E+00  1.8431E-04
 -8.2290E+00  1.8303E-04
 -8.2171E+00  1.7489E-04
 -8.2052E+00  1.6082E-04
 -8.1933E+00  1.4258E-04
 -8.1814E+00  1.2251E-04
 -8.1694E+00  1.0321E-04
 -8.1575E+00  8.7247E-05
 -8.1456E+00  7.6808E-05
 -8.1337E+00  7.3491E-05
 -8.1218E+00  7.8162E-05
 -8.1099E+00  9.0941E-05
 -8.0980E+00  1.1131E-04
 -8.0861E+00  1.3832E-04
 -8.0742E+00  1.7090E-04
 -8.0623E+00  2.0815E-04
 -8.0504E+00  2.4972E-04
 -8.0384E+00  2.9600E-04
 -8.0265E+00  3.4833E-04
 -8.0146E+00  4.0902E-04
 -8.0027E+00  4.8122E-04
 -7.9908E+00  5.6858E-04
 -7.9789E+00  6.7492E-04
 -7.9670E+00  8.0364E-04
 -7.9551E+00  9.5717E-04
 -7.9432E+00  1.1364E-03
 -7.9313E+00  1.3405E-03
 -7.9194E+00  1.5660E-03
 -7.9075E+00  1.8074E-03
 -7.8955E+00  2.0568E-03
 -7.8836E+00  2.3046E-03
 -7.8717E+00  2.5395E-03
 -7.8598E+00  2.7500E-03
 -7.8479E+00  2.9245E-03
 -7.8360E+00  3.0527E-03
 -7.8241E+00  3.1263E-03
 -7.8122E+00  3.1397E-03
 -7.8003E+00  3.0907E-03
 -7.7884E+00  2.9811E-03
 -7.7765E+00  2.8160E-03
 -7.7645E+00  2.6043E-03
 -7.7526E+00  2.3574E-03
 -7.7407E+00  2.0891E-03
 -7.7288E+00  1.8136E-03
 -7.7169E+00  1.5453E-03
 -7.7050E+00  1.2970E-03
 -7.6931E+00  1.0793E-03
 -7.6812E+00  8.9989E-04
 -7.6693E+00  7.6276E-04
 -7.6574E+00  6.6846E-04
 -7.6455E+00  6.1410E-04
 -7.6335E+00  5.9388E-04
 -7.6216E+00  5.9980E-04
 -7.6097E+00  6.2252E-04
 -7.5978E+00  6.5238E-04
 -7.5859E+00  6.8028E-04
 -7.5740E+00  6.9857E-04
 -7.5621E+00  7.0166E-04
 -7.5502E+00  6.8646E-04
 -7.5383E+00  6.5246E-04
 -7.5264E+00  6.0159E-04
 -7.5145E+00  5.3779E-04
 -7.5026E+00  4.6636E-04
 -7.4906E+00  3.9324E-04
 -7.4787E+00  3.2425E-04
 -7.4668E+00  2.6436E-04
 -7.4549E+00  2.1717E-04
 -7.4430E+00  1.8453E-04
 -7.4311E+00  1.6647E-04
 -7.4192E+00  1.6133E-04
 -7.4073E+00  1.6606E-04
 -7.3954E+00  1.7680E-04
 -7.3835E+00  1.8945E-04
 -7.3716E+00  2.0033E-04
 -7.3596E+00  2.0677E-04
 -7.3477E+00  2.0753E-04
 -7.3358E+00  2.0311E-04
 -7.3239E+00  1.9577E-04
 -7.3120E+00  1.8937E-04
 -7.3001E+00  1.8903E-04
 -7.2882E+00  2.0062E-04
 -7.2763E+00  2.3023E-04
 -7.2644E+00  2.8371E-04
 -7.2525E+00  3.6625E-04
 -7.2406E+00  4.8224E-04
 -7.2286E+00  6.3529E-04
 -7.2167E+00  8.2855E-04
 -7.2048E+00  1.0651E-03
 -7.1929E+00  1.3489E-03
 -7.1810E+00  1.6849E-03
 -7.1691E+00  2.0803E-03
 -7.1572E+00  2.5443E-03
 -7.1453E+00  3.0891E-03
 -7.1334E+00  3.7284E-03
 -7.1215E+00  4.4777E-03
 -7.1096E+00  5.3524E-03
 -7.0977E+00  6.3662E-03
 -7.0857E+00  7.5295E-03
 -7.0738E+00  8.8467E-03
 -7.0619E+00  1.0315E-02
 -7.0500E+00  1.1920E-02
 -7.0381E+00  1.3640E-02
 -7.0262E+00  1.5439E-02
 -7.0143E+00  1.7270E-02
 -7.0024E+00  1.9077E-02
 -6.9905E+00  2.0795E-02
 -6.9786E+00  2.2355E-02
 -6.9667E+00  2.3686E-02
 -6.9547E+00  2.4721E-02
 -6.9428E+00  2.5402E-02
 -6.9309E+00  2.5682E-02
 -6.9190E+00  2.5535E-02
 -6.9071E+00  2.4952E-02
 -6.8952E+00  2.3950E-02
 -6.8833E+00  2.2567E-02
 -6.8714E+00  2.0864E-02
 -6.8595E+00  1.8917E-02
 -6.8476E+00  1.6818E-02
 -6.8357E+00  1.4667E-02
 -6.8237E+00  1.2562E-02
 -6.8118E+00  1.0596E-02
 -6.7999E+00  8.8514E-03
 -6.7880E+00  7.3906E-03
 -6.7761E+00  6.2553E-03
 -6.7642E+00  5.4631E-03
 -6.7523E+00  5.0065E-03
 -6.7404E+00  4.8546E-03
 -6.7285E+00  4.9560E-03
 -6.7166E+00  5.2435E-03
 -6.7047E+00  5.6403E-03
 -6.6928E+00  6.0667E-03
 -6.6808E+00  6.4476E-03
 -6.6689E+00  6.7186E-03
 -6.6570E+00  6.8322E-03
 -6.6451E+00  6.7618E-03
 -6.6332E+00  6.5034E-03
 -6.6213E+00  6.0759E-03
 -6.6094E+00  5.5185E-03
 -6.5975E+00  4.8866E-03
 -6.5856E+00  4.2464E-03
 -6.5737E+00  3.6677E-03
 -6.5618E+00  3.2174E-03
 -6.5498E+00  2.9523E-03
 -6.5379E+00  2.9138E-03
 -6.5260E+00  3.1227E-03
 -6.5141E+00  3.5772E-03
 -6.5022E+00  4.2523E-03
 -6.4903E+00  5.1019E-03
 -6.4784E+00  6.0628E-03
 -6.4665E+00  7.0609E-03
 -6.4546E+00  8.0192E-03
 -6.4427E+00  8.8655E-03
 -6.4308E+00  9.5415E-03
 -6.4188E+00  1.0009E-02
 -6.4069E+00  1.0258E-02
 -6.3950E+00  1.0305E-02
 -6.3831E+00  1.0203E-02
 -6.3712E+00  1.0029E-02
 -6.3593E+00  9.8894E-03
 -6.3474E+00  9.9059E-03
 -6.3355E+00  1.0211E-02
 -6.3236E+00  1.0938E-02
 -6.3117E+00  1.2209E-02
 -6.2998E+00  1.4122E-02
 -6.2879E+00  1.6748E-02
 -6.2759E+00  2.0117E-02
 -6.2640E+00  2.4216E-02
 -6.2521E+00  2.8985E-02
 -6.2402E+00  3.4319E-02
 -6.2283E+00  4.0072E-02
 -6.2164E+00  4.6068E-02
 -6.2045E+00  5.2104E-02
 -6.1926E+00  5.7969E-02
 -6.1807E+00  6.3450E-02
 -6.1688E+00  6.8347E-02
 -6.1569E+00  7.2480E-02
 -6.1449E+00  7.5703E-02
 -6.1330E+00  7.7906E-02
 -6.1211E+00  7.9023E-02
 -6.1092E+00  7.9029E-02
 -6.0973E+00  7.7947E-02
 -6.0854E+00  7.5840E-02
 -6.0735E+00  7.2807E-02
 -6.0616E+00  6.8979E-02
 -6.0497E+00  6.4510E-02
 -6.0378E+00  5.9567E-02
 -6.0259E+00  5.4321E-02
 -6.0140E+00  4.8939E-02
 -6.0020E+00  4.3576E-02
 -5.9901E+00  3.8365E-02
 -5.9782E+00  3.3418E-02
 -5.9663E+00  2.8819E-02
 -5.9544E+00  2.4624E-02
 -5.9425E+00  2.0865E-02
 -5.9306E+00  1.7551E-02
 -5.9187E+00  1.4672E-02
 -5.9068E+00  1.2202E-02
 -5.8949E+00  1.0108E-02
 -5.8830E+00  8.3474E-03
 -5.8710E+00  6.8781E-03
 -5.8591E+00  5.6575E-03
 -5.8472E+00  4.6460E-03
 -5.8353E+00  3.8085E-03
 -5.8234E+00  3.1150E-03
 -5.8115E+00  2.5406E-03
 -5.7996E+00  2.0653E-03
 -5.7877E+00  1.6732E-03
 -5.7758E+00  1.3517E-03
 -5.7639E+00  1.0907E-03
 -5.7520E+00  8.8164E-04
 -5.7400E+00  7.1703E-04
 -5.7281E+00  5.8987E-04
 -5.7162E+00  4.9350E-04
 -5.7043E+00  4.2155E-04
 -5.6924E+00  3.6808E-04
 -5.6805E+00  3.2772E-04
 -5.6686E+00  2.9589E-04
 -5.6567E+00  2.6899E-04
 -5.6448E+00  2.4449E-04
 -5.6329E+00  2.2091E-04
 -5.6210E+00  1.9776E-04
 -5.6091E+00  1.7529E-04
 -5.5971E+00  1.5426E-04
 -5.5852E+00  1.3566E-04
 -5.5733E+00  1.2039E-04
 -5.5614E+00  1.0909E-04
 -5.5495E+00  1.0195E-04
 -5.5376E+00  9.8664E-05
 -5.5257E+00  9.8497E-05
 -5.5138E+00  1.0036E-04
 -5.5019E+00  1.0300E-04
 -5.4900E+00  1.0519E-04
 -5.4781E+00  1.0591E-04
 -5.4661E+00  1.0449E-04
 -5.4542E+00  1.0076E-04
 -5.4423E+00  9.4979E-05
 -5.4304E+00  8.7882E-05
 -5.4185E+00  8.0516E-05
 -5.4066E+00  7.4106E-05
 -5.3947E+00  6.9872E-05
 -5.3828E+00  6.8867E-05
 -5.3709E+00  7.1838E-05
 -5.3590E+00  7.9155E-05
 -5.3471E+00  9.0796E-05
 -5.3351E+00  1.0641E-04
 -5.3232E+00  1.2541E-04
 -5.3113E+00  1.4716E-04
 -5.2994E+00  1.7110E-04
 -5.2875E+00  1.9690E-04
 -5.2756E+00  2.2457E-04
 -5.2637E+00  2.5447E-04
 -5.2518E+00  2.8728E-04
 -5.2399E+00  3.2390E-04
 -5.2280E+00  3.6525E-04
 -5.2161E+00  4.1204E-04
 -5.2042E+00  4.6459E-04
 -5.1922E+00  5.2255E-04
 -5.1803E+00  5.8482E-04
 -5.1684E+00  6.4943E-04
 -5.1565E+00  7.1365E-04
 -5.1446E+00  7.7410E-04
 -5.1327E+00  8.2704E-04
 -5.1208E+00  8.6870E-04
 -5.1089E+00  8.9567E-04
 -5.0970E+00  9.0525E-04
 -5.0851E+00  8.9582E-04
 -5.0732E+00  8.6705E-04
 -5.0612E+00  8.2004E-04
 -5.0493E+00  7.5734E-04
 -5.0374E+00  6.8275E-04
 -5.0255E+00  6.0110E-04
 -5.0136E+00  5.1781E-04
 -5.0017E+00  4.3841E-04
 -4.9898E+00  3.6803E-04
 -4.9779E+00  3.1089E-04
 -4.9660E+00  2.6990E-04
 -4.9541E+00  2.4639E-04
 -4.9422E+00  2.3994E-04
 -4.9302E+00  2.4854E-04
 -4.9183E+00  2.6876E-04
 -4.9064E+00  2.9621E-04
 -4.8945E+00  3.2604E-04
 -4.8826E+00  3.5343E-04
 -4.8707E+00  3.7417E-04
 -4.8588E+00  3.8508E-04
 -4.8469E+00  3.8431E-04
 -4.8350E+00  3.7151E-04
 -4.8231E+00  3.4782E-04
 -4.8112E+00  3.1569E-04
 -4.7993E+00  2.7854E-04
 -4.7873E+00  2.4033E-04
 -4.7754E+00  2.0508E-04
 -4.7635E+00  1.7635E-04
 -4.7516E+00  1.5682E-04
 -4.7397E+00  1.4799E-04
 -4.7278E+00  1.5001E-04
 -4.7159E+00  1.6175E-04
 -4.7040E+00  1.8094E-04
 -4.6921E+00  2.0457E-04
 -4.6802E+00  2.2929E-04
 -4.6683E+00  2.5190E-04
 -4.6563E+00  2.6977E-04
 -4.6444E+00  2.8125E-04
 -4.6325E+00  2.8586E-04
 -4.6206E+00  2.8438E-04
 -4.6087E+00  2.7885E-04
 -4.5968E+00  2.7228E-04
 -4.5849E+00  2.6842E-04
 -4.5730E+00  2.7135E-04
 -4.5611E+00  2.8511E-04
 -4.5492E+00  3.1337E-04
 -4.5373E+00  3.5928E-04
 -4.5253E+00  4.2538E-04
 -4.5134E+00  5.1372E-04
 -4.5015E+00  6.2614E-04
 -4.4896E+00  7.6463E-04
 -4.4777E+00  9.3177E-04
 -4.4658E+00  1.1311E-03
 -4.4539E+00  1.3672E-03
 -4.4420E+00  1.6460E-03
 -4.4301E+00  1.9745E-03
 -4.4182E+00  2.3597E-03
 -4.4063E+00  2.8087E-03
 -4.3944E+00  3.3266E-03
 -4.3824E+00  3.9163E-03
 -4.3705E+00  4.5762E-03
 -4.3586E+00  5.3000E-03
 -4.3467E+00  6.0755E-03
 -4.3348E+00  6.8841E-03
 -4.3229E+00  7.7017E-03
 -4.3110E+00  8.4991E-03
 -4.2991E+00  9.2435E-03
 -4.2872E+00  9.9009E-03
 -4.2753E+00  1.0438E-02
 -4.2634E+00  1.0826E-02
 -4.2514E+00  1.1039E-02
 -4.2395E+00  1.1062E-02
 -4.2276E+00  1.0887E-02
 -4.2157E+00  1.0519E-02
 -4.2038E+00  9.9703E-03
 -4.1919E+00  9.2670E-03
 -4.1800E+00  8.4425E-03
 -4.1681E+00  7.5377E-03
 -4.1562E+00  6.5983E-03
 -4.1443E+00  5.6710E-03
 -4.1324E+00  4.8003E-03
 -4.1204E+00  4.0254E-03
 -4.1085E+00  3.3761E-03
 -4.0966E+00  2.8718E-03
 -4.0847E+00  2.5193E-03
 -4.0728E+00  2.3132E-03
 -4.0609E+00  2.2367E-03
 -4.0490E+00  2.2642E-03
 -4.0371E+00  2.3638E-03
 -4.0252E+00  2.5007E-03
 -4.0133E+00  2.6406E-03
 -4.0014E+00  2.7530E-03
 -3.9895E+00  2.8139E-03
 -3.9775E+00  2.8073E-03
 -3.9656E+00  2.7265E-03
 -3.9537E+00  2.5744E-03
 -3.9418E+00  2.3621E-03
 -3.9299E+00  2.1072E-03
 -3.9180E+00  1.8316E-03
 -3.9061E+00  1.5585E-03
 -3.8942E+00  1.3095E-03
 -3.8823E+00  1.1021E-03
 -3.8704E+00  9.4785E-04
 -3.8585E+00  8.5159E-04
 -3.8465E+00  8.1116E-04
 -3.8346E+00  8.1870E-04
 -3.8227E+00  8.6238E-04
 -3.8108E+00  9.2876E-04
 -3.7989E+00  1.0054E-03
 -3.7870E+00  1.0833E-03
 -3.7751E+00  1.1594E-03
 -3.7632E+00  1.2374E-03
 -3.7513E+00  1.3294E-03
 -3.7394E+00  1.4552E-03
 -3.7275E+00  1.6416E-03
 -3.7155E+00  1.9210E-03
 -3.7036E+00  2.3298E-03
 -3.6917E+00  2.9062E-03
 -3.6798E+00  3.6895E-03
 -3.6679E+00  4.7195E-03
 -3.6560E+00  6.0369E-03
 -3.6441E+00  7.6854E-03
 -3.6322E+00  9.7141E-03
 -3.6203E+00  1.2180E-02
 -3.6084E+00  1.5153E-02
 -3.5965E+00  1.8716E-02
 -3.5846E+00  2.2965E-02
 -3.5726E+00  2.8011E-02
 -3.5607E+00  3.3972E-02
 -3.5488E+00  4.0967E-02
 -3.5369E+00  4.9106E-02
 -3.5250E+00  5.8474E-02
 -3.5131E+00  6.9118E-02
 -3.5012E+00  8.1033E-02
 -3.4893E+00  9.4145E-02
 -3.4774E+00  1.0830E-01
 -3.4655E+00  1.2328E-01
 -3.4536E+00  1.3875E-01
 -3.4416E+00  1.5432E-01
 -3.4297E+00  1.6954E-01
 -3.4178E+00  1.8388E-01
 -3.4059E+00  1.9680E-01
 -3.3940E+00  2.0777E-01
 -3.3821E+00  2.1624E-01
 -3.3702E+00  2.2175E-01
 -3.3583E+00  2.2393E-01
 -3.3464E+00  2.2252E-01
 -3.3345E+00  2.1743E-01
 -3.3226E+00  2.0874E-01
 -3.3106E+00  1.9676E-01
 -3.2987E+00  1.8197E-01
 -3.2868E+00  1.6503E-01
 -3.2749E+00  1.4675E-01
 -3.2630E+00  1.2801E-01
 -3.2511E+00  1.0973E-01
 -3.2392E+00  9.2769E-02
 -3.2273E+00  7.7896E-02
 -3.2154E+00  6.5702E-02
 -3.2035E+00  5.6585E-02
 -3.1916E+00  5.0714E-02
 -3.1797E+00  4.8027E-02
 -3.1677E+00  4.8238E-02
 -3.1558E+00  5.0860E-02
 -3.1439E+00  5.5247E-02
 -3.1320E+00  6.0639E-02
 -3.1201E+00  6.6231E-02
 -3.1082E+00  7.1240E-02
 -3.0963E+00  7.4978E-02
 -3.0844E+00  7.6919E-02
 -3.0725E+00  7.6752E-02
 -3.0606E+00  7.4416E-02
 -3.0487E+00  7.0105E-02
 -3.0367E+00  6.4255E-02
 -3.0248E+00  5.7498E-02
 -3.0129E+00  5.0604E-02
 -3.0010E+00  4.4407E-02
 -2.9891E+00  3.9723E-02
 -2.9772E+00  3.7281E-02
 -2.9653E+00  3.7645E-02
 -2.9534E+00  4.1154E-02
 -2.9415E+00  4.7886E-02
 -2.9296E+00  5.7630E-02
 -2.9177E+00  6.9895E-02
 -2.9058E+00  8.3948E-02
 -2.8938E+00  9.8879E-02
 -2.8819E+00  1.1370E-01
 -2.8700E+00  1.2747E-01
 -2.8581E+00  1.3940E-01
 -2.8462E+00  1.4899E-01
 -2.8343E+00  1.5613E-01
 -2.8224E+00  1.6115E-01
 -2.8105E+00  1.6487E-01
 -2.7986E+00  1.6861E-01
 -2.7867E+00  1.7409E-01
 -2.7748E+00  1.8342E-01
 -2.7628E+00  1.9896E-01
 -2.7509E+00  2.2317E-01
 -2.7390E+00  2.5845E-01
 -2.7271E+00  3.0694E-01
 -2.7152E+00  3.7029E-01
 -2.7033E+00  4.4952E-01
 -2.6914E+00  5.4482E-01
 -2.6795E+00  6.5546E-01
 -2.6676E+00  7.7981E-01
 -2.6557E+00  9.1534E-01
 -2.6438E+00  1.0588E+00
 -2.6318E+00  1.2064E+00
 -2.6199E+00  1.3540E+00
 -2.6080E+00  1.4972E+00
 -2.5961E+00  1.6315E+00
 -2.5842E+00  1.7528E+00
 -2.5723E+00  1.8568E+00
 -2.5604E+00  1.9398E+00
 -2.5485E+00  1.9987E+00
 -2.5366E+00  2.0308E+00
 -2.5247E+00  2.0346E+00
 -2.5128E+00  2.0097E+00
 -2.5009E+00  1.9567E+00
 -2.4889E+00  1.8779E+00
 -2.4770E+00  1.7765E+00
 -2.4651E+00  1.6569E+00
 -2.4532E+00  1.5238E+00
 -2.4413E+00  1.3826E+00
 -2.4294E+00  1.2381E+00
 -2.4175E+00  1.0949E+00
 -2.4056E+00  9.5673E-01
 -2.3937E+00  8.2668E-01
 -2.3818E+00  7.0693E-01
 -2.3699E+00  5.9894E-01
 -2.3579E+00  5.0348E-01
 -2.3460E+00  4.2080E-01
 -2.3341E+00  3.5062E-01
 -2.3222E+00  2.9228E-01
 -2.3103E+00  2.4479E-01
 -2.2984E+00  2.0685E-01
 -2.2865E+00  1.7701E-01
 -2.2746E+00  1.5370E-01
 -2.2627E+00  1.3538E-01
 -2.2508E+00  1.2065E-01
 -2.2389E+00  1.0829E-01
 -2.2269E+00  9.7404E-02
 -2.2150E+00  8.7322E-02
 -2.2031E+00  7.7656E-02
 -2.1912E+00  6.8237E-02
 -2.1793E+00  5.9076E-02
 -2.1674E+00  5.0309E-02
 -2.1555E+00  4.2143E-02
 -2.1436E+00  3.4812E-02
 -2.1317E+00  2.8527E-02
 -2.1198E+00  2.3440E-02
 -2.1079E+00  1.9623E-02
 -2.0960E+00  1.7056E-02
 -2.0840E+00  1.5631E-02
 -2.0721E+00  1.5160E-02
 -2.0602E+00  1.5396E-02
 -2.0483E+00  1.6065E-02
 -2.0364E+00  1.6899E-02
 -2.0245E+00  1.7657E-02
 -2.0126E+00  1.8147E-02
 -2.0007E+00  1.8235E-02
 -1.9888E+00  1.7850E-02
 -1.9769E+00  1.6984E-02
 -1.9650E+00  1.5687E-02
 -1.9530E+00  1.4060E-02
 -1.9411E+00  1.2239E-02
 -1.9292E+00  1.0378E-02
 -1.9173E+00  8.6277E-03
 -1.9054E+00  7.1203E-03
 -1.8935E+00  5.9508E-03
 -1.8816E+00  5.1716E-03
 -1.8697E+00  4.7916E-03
 -1.8578E+00  4.7824E-03
 -1.8459E+00  5.0867E-03
 -1.8340E+00  5.6270E-03
 -1.8220E+00  6.3139E-03
 -1.8101E+00  7.0575E-03
 -1.7982E+00  7.7766E-03
 -1.7863E+00  8.4062E-03
 -1.7744E+00  8.9047E-03
 -1.7625E+00  9.2590E-03
 -1.7506E+00  9.4866E-03
 -1.7387E+00  9.6339E-03
 -1.7268E+00  9.7681E-03
 -1.7149E+00  9.9669E-03
 -1.7030E+00  1.0306E-02
 -1.6911E+00  1.0849E-02
 -1.6791E+00  1.1631E-02
 -1.6672E+00  1.2630E-02
 -1.6553E+00  1.3751E-02
 -1.6434E+00  1.4828E-02
 -1.6315E+00  1.5688E-02
 -1.6196E+00  1.6291E-02
 -1.6077E+00  1.6872E-02
 -1.5958E+00  1.7881E-02
 -1.5839E+00  2.0627E-02
 -1.5720E+00  3.4683E-02
 -1.5601E+00  4.6841E-03
 -1.5481E+00  3.7094E-03
 -1.5362E+00  4.4262E-03
 -1.5243E+00  1.0906E-02
 -1.5124E+00  1.6925E-02
 -1.5005E+00  1.7215E-02
 -1.4886E+00  2.1927E-02
 -1.4767E+00  6.4683E-03
 -1.4648E+00  4.5415E-03
 -1.4529E+00  5.5735E-03
 -1.4410E+00  1.2950E-03
 -1.4291E+00  1.1168E-03
 -1.4171E+00  9.3520E-04
 -1.4052E+00  1.5428E-03
 -1.3933E+00  2.1822E-03
 -1.3814E+00  3.4582E-04
 -1.3695E+00  2.2284E-04
 -1.3576E+00  1.8981E-04
 -1.3457E+00  1.8585E-04
 -1.3338E+00  1.5983E-04
 -1.3219E+00  1.4049E-04
 -1.3100E+00  1.2649E-04
 -1.2981E+00  1.1327E-04
 -1.2862E+00  1.0060E-04
 -1.2742E+00  8.8640E-05
 -1.2623E+00  7.7737E-05
 -1.2504E+00  6.7347E-05
 -1.2385E+00  5.8339E-05
 -1.2266E+00  5.1113E-05
 -1.2147E+00  4.5902E-05
 -1.2028E+00  4.3423E-05
 -1.1909E+00  4.5181E-05
 -1.1790E+00  5.4402E-05
 -1.1671E+00  9.0592E-05
 -1.1552E+00  1.5483E-04
 -1.1432E+00  9.3096E-04
 -1.1313E+00  7.2914E-03
 -1.1194E+00  1.6031E-03
 -1.1075E+00  2.1794E-03
 -1.0956E+00  6.1240E-03
 -1.0837E+00  1.0180E-02
 -1.0718E+00  1.7910E-02
 -1.0599E+00  7.4905E-03
 -1.0480E+00  5.8763E-03
 -1.0361E+00  2.6732E-03
 -1.0242E+00  1.4276E-03
 -1.0122E+00  6.7786E-03
 -1.0003E+00  1.4308E-04
 -9.8843E-01  1.4795E-04
 -9.7652E-01  3.2152E-05
 -9.6461E-01  4.7597E-05
 -9.5271E-01  6.7987E-04
 -9.4080E-01  8.0480E-05
 -9.2889E-01  3.7353E-05
 -9.1698E-01  2.8486E-05
 -9.0507E-01  2.5126E-05
 -8.9316E-01  2.3876E-05
 -8.8125E-01  2.4054E-05
 -8.6934E-01  2.5583E-05
 -8.5743E-01  2.9710E-05
 -8.4553E-01  6.0037E-05
 -8.3362E-01  7.1110E-05
 -8.2171E-01  3.8403E-05
 -8.0980E-01  3.9367E-05
 -7.9789E-01  4.5923E-05
 -7.8598E-01  3.2923E-04
 -7.7407E-01  4.7790E-05
 -7.6216E-01  4.9760E-05
 -7.5026E-01  6.0263E-05
 -7.3835E-01  5.4954E-05
 -7.2644E-01  5.7286E-05
 -7.1453E-01  2.1509E-04
 -7.0262E-01  6.3057E-05
 -6.9071E-01  2.1248E-04
 -6.7880E-01  7.4838E-05
 -6.6689E-01  1.1500E-04
 -6.5498E-01  8.8160E-05
 -6.4308E-01  9.4827E-05
 -6.3117E-01  7.8314E-05
 -6.1926E-01  8.3790E-05
 -6.0735E-01  4.7033E-05
 -5.9544E-01  8.7940E-05
 -5.8353E-01  2.3747E-05
 -5.7162E-01  4.7204E-04
 -5.5971E-01  1.3441E-05
 -5.4781E-01  1.1560E-05
 -5.3590E-01  9.8197E-06
 -5.2399E-01  1.0408E-05
 -5.1208E-01  7.3243E-04
 -5.0017E-01  1.1972E-05
 -4.8826E-01  1.6790E-05
 -4.7635E-01  1.4395E-04
 -4.6444E-01  1.2769E-05
 -4.5253E-01  1.4404E-05
 -4.4063E-01  5.6044E-04
 -4.2872E-01  8.8678E-06
 -4.1681E-01  6.7484E-06
 -4.0490E-01  7.2480E-06
 -3.9299E-01  4.6678E-06
 -3.8108E-01  3.7435E-06
 -3.6917E-01  4.1251E-06
 -3.5726E-01  3.2201E-05
 -3.4536E-01  1.7225E-05
 -3.3345E-01  6.3225E-06
 -3.2154E-01  6.9814E-06
 -3.0963E-01  1.8383E-05
 -2.9772E-01  2.8694E-03
 -2.8581E-01  2.0995E-05
 -2.7390E-01  9.0216E-06
 -2.6199E-01  7.9877E-06
 -2.5009E-01  1.0899E-05
 -2.3818E-01  3.3689E-05
 -2.2627E-01  6.7580E-04
 -2.1436E-01  1.8372E-05
 -2.0245E-01  7.2330E-06
 -1.9054E-01  5.0328E-06
 -1.7863E-01  4.6832E-06
 -1.6672E-01  5.3575E-06
 -1.5481E-01  7.1780E-06
 -1.4291E-01  1.1321E-05
 -1.3100E-01  2.8285E-05
 -1.1909E-01  1.2553E-04
 -1.0718E-01  1.5641E-05
 -9.5271E-02  1.7117E-05
 -8.3362E-02  2.1675E-05
 -7.1453E-02  2.7380E-05
 -5.9544E-02  3.4111E-05
 -4.7635E-02  4.1986E-05
 -3.5726E-02  5.1214E-05
 -2.3818E-02  6.2060E-05
 -1.1909E-02  7.4843E-05
  0.0000E+00  8.9918E-05
  1.1909E-02  1.0766E-04
  2.3818E-02  1.2843E-04
  3.5726E-02  1.5252E-04
  4.7635E-02  1.8014E-04
  5.9544E-02  2.1130E-04
  7.1453E-02  2.4589E-04
  8.3362E-02  2.8370E-04
  9.5271E-02  3.2518E-04
  1.0718E-01  3.7743E-04
  1.1909E-01  7.9218E-04
  1.3100E-01  4.8839E-04
  1.4291E-01  4.8416E-04
  1.5481E-01  5.0757E-04
  1.6672E-01  5.2888E-04
  1.7863E-01  5.4409E-04
  1.9054E-01  5.5210E-04
  2.0245E-01  5.5452E-04
  2.1436E-01  5.6961E-04
  2.2627E-01  2.4262E-03
  2.3818E-01  5.9905E-04
  2.5009E-01  4.8896E-04
  2.6199E-01  4.4347E-04
  2.7390E-01  4.2322E-04
  2.8581E-01  5.4508E-04
  2.9772E-01  4.4543E-02
  3.0963E-01  5.5819E-04
  3.2154E-01  3.3775E-04
  3.3345E-01  3.5031E-04
  3.4536E-01  1.0774E-03
  3.5726E-01  3.0396E-03
  3.6917E-01  3.9028E-04
  3.8108E-01  3.2770E-04
  3.9299E-01  1.0603E-03
  4.0490E-01  1.7359E-03
  4.1681E-01  2.9967E-04
  4.2872E-01  3.1562E-04
  4.4063E-01  1.9774E-02
  4.5253E-01  2.4162E-04
  4.6444E-01  1.7638E-04
  4.7635E-01  4.7454E-04
  4.8826E-01  1.3378E-04
  5.0017E-01  1.2802E-04
  5.1208E-01  6.5173E-03
  5.2399E-01  1.5531E-04
  5.3590E-01  2.5593E-04
  5.4781E-01  7.0814E-04
  5.5971E-01  2.1842E-04
  5.7162E-01  1.7431E-02
  5.8353E-01  2.6207E-04
  5.9544E-01  8.7968E-04
  6.0735E-01  3.1187E-04
  6.1926E-01  3.4448E-04
  6.3117E-01  2.6501E-04
  6.4308E-01  2.0211E-04
  6.5498E-01  1.8420E-04
  6.6689E-01  1.9021E-04
  6.7880E-01  2.0954E-04
  6.9071E-01  5.4940E-04
  7.0262E-01  2.7076E-04
  7.1453E-01  1.9179E-03
  7.2644E-01  3.1963E-04
  7.3835E-01  3.2660E-04
  7.5026E-01  1.3813E-03
  7.6216E-01  2.2642E-04
  7.7407E-01  2.1398E-04
  7.8598E-01  1.5546E-03
  7.9789E-01  3.2576E-04
  8.0980E-01  3.2226E-04
  8.2171E-01  4.7252E-04
  8.3362E-01  2.2641E-03
  8.4553E-01  1.8295E-03
  8.5743E-01  5.7815E-04
  8.6934E-01  6.1179E-04
  8.8125E-01  8.2055E-04
  8.9316E-01  1.1749E-03
  9.0507E-01  1.6728E-03
  9.1698E-01  2.2786E-03
  9.2889E-01  3.0735E-03
  9.4080E-01  5.2209E-03
  9.5271E-01  2.1978E-02
  9.6461E-01  2.4673E-03
  9.7652E-01  2.7332E-03
  9.8843E-01  3.0065E-02
  1.0003E+00  6.1483E-03
  1.0122E+00  9.4600E-02
  1.0242E+00  7.9775E-03
  1.0361E+00  5.7311E-03
  1.0480E+00  5.5696E-03
  1.0599E+00  1.4932E-02
  1.0718E+00  6.4084E-02
  1.0837E+00  4.9579E-02
  1.0956E+00  2.7705E-02
  1.1075E+00  1.3307E-01
  1.1194E+00  3.8863E-01
  1.1313E+00  2.3491E-01
  1.1432E+00  2.9545E-02
  1.1552E+00  2.3006E-03
  1.1671E+00  1.0011E-03
  1.1790E+00  6.6447E-04
  1.1909E+00  5.3234E-04
  1.2028E+00  4.5365E-04
  1.2147E+00  4.0331E-04
  1.2266E+00  3.6696E-04
  1.2385E+00  3.3916E-04
  1.2504E+00  3.1817E-04
  1.2623E+00  3.0371E-04
  1.2742E+00  2.9581E-04
  1.2862E+00  2.9489E-04
  1.2981E+00  3.0161E-04
  1.3100E+00  3.1767E-04
  1.3219E+00  3.5467E-04
  1.3338E+00  4.7795E-04
  1.3457E+00  4.5574E-04
  1.3576E+00  6.3775E-04
  1.3695E+00  2.1233E-03
  1.3814E+00  1.4233E-03
  1.3933E+00  1.3354E-03
  1.4052E+00  2.3218E-03
  1.4171E+00  6.9146E-03
  1.4291E+00  4.7022E-02
  1.4410E+00  1.4116E-02
  1.4529E+00  1.1358E-02
  1.4648E+00  1.1521E-02
  1.4767E+00  3.2568E-02
  1.4886E+00  5.5994E-03
  1.5005E+00  7.1193E-03
  1.5124E+00  3.7819E-03
  1.5243E+00  2.1277E-03
  1.5362E+00  1.8917E-03
  1.5481E+00  1.5937E-03
  1.5601E+00  3.7909E-03
  1.5720E+00  6.3081E-03
  1.5839E+00  5.4100E-03
  1.5958E+00  4.9137E-03
  1.6077E+00  4.7202E-03
  1.6196E+00  4.5356E-03
  1.6315E+00  4.2183E-03
  1.6434E+00  3.7950E-03
  1.6553E+00  3.3472E-03
  1.6672E+00  2.9452E-03
  1.6791E+00  2.6314E-03
  1.6911E+00  2.4269E-03
  1.7030E+00  2.3403E-03
  1.7149E+00  2.3720E-03
  1.7268E+00  2.5149E-03
  1.7387E+00  2.7540E-03
  1.7506E+00  3.0666E-03
  1.7625E+00  3.4256E-03
  1.7744E+00  3.8026E-03
  1.7863E+00  4.1735E-03
  1.7982E+00  4.5225E-03
  1.8101E+00  4.8445E-03
  1.8220E+00  5.1457E-03
  1.8340E+00  5.4429E-03
  1.8459E+00  5.7602E-03
  1.8578E+00  6.1251E-03
  1.8697E+00  6.5642E-03
  1.8816E+00  7.0985E-03
  1.8935E+00  7.7389E-03
  1.9054E+00  8.4831E-03
  1.9173E+00  9.3133E-03
  1.9292E+00  1.0197E-02
  1.9411E+00  1.1087E-02
  1.9530E+00  1.1931E-02
  1.9650E+00  1.2673E-02
  1.9769E+00  1.3263E-02
  1.9888E+00  1.3659E-02
  2.0007E+00  1.3833E-02
  2.0126E+00  1.3769E-02
  2.0245E+00  1.3464E-02
  2.0364E+00  1.2927E-02
  2.0483E+00  1.2179E-02
  2.0602E+00  1.1253E-02
  2.0721E+00  1.0192E-02
  2.0840E+00  9.0484E-03
  2.0960E+00  7.8820E-03
  2.1079E+00  6.7543E-03
  2.1198E+00  5.7233E-03
  2.1317E+00  4.8379E-03
  2.1436E+00  4.1322E-03
  2.1555E+00  3.6225E-03
  2.1674E+00  3.3069E-03
  2.1793E+00  3.1670E-03
  2.1912E+00  3.1715E-03
  2.2031E+00  3.2803E-03
  2.2150E+00  3.4491E-03
  2.2269E+00  3.6330E-03
  2.2389E+00  3.7911E-03
  2.2508E+00  3.8892E-03
  2.2627E+00  3.9023E-03
  2.2746E+00  3.8174E-03
  2.2865E+00  3.6349E-03
  2.2984E+00  3.3672E-03
  2.3103E+00  3.0362E-03
  2.3222E+00  2.6705E-03
  2.3341E+00  2.3011E-03
  2.3460E+00  1.9574E-03
  2.3579E+00  1.6638E-03
  2.3699E+00  1.4371E-03
  2.3818E+00  1.2859E-03
  2.3937E+00  1.2099E-03
  2.4056E+00  1.2011E-03
  2.4175E+00  1.2456E-03
  2.4294E+00  1.3252E-03
  2.4413E+00  1.4199E-03
  2.4532E+00  1.5107E-03
  2.4651E+00  1.5812E-03
  2.4770E+00  1.6200E-03
  2.4889E+00  1.6219E-03
  2.5009E+00  1.5880E-03
  2.5128E+00  1.5256E-03
  2.5247E+00  1.4464E-03
  2.5366E+00  1.3651E-03
  2.5485E+00  1.2974E-03
  2.5604E+00  1.2580E-03
  2.5723E+00  1.2598E-03
  2.5842E+00  1.3127E-03
  2.5961E+00  1.4240E-03
  2.6080E+00  1.5989E-03
  2.6199E+00  1.8416E-03
  2.6318E+00  2.1562E-03
  2.6438E+00  2.5483E-03
  2.6557E+00  3.0261E-03
  2.6676E+00  3.6007E-03
  2.6795E+00  4.2862E-03
  2.6914E+00  5.0992E-03
  2.7033E+00  6.0567E-03
  2.7152E+00  7.1745E-03
  2.7271E+00  8.4644E-03
  2.7390E+00  9.9314E-03
  2.7509E+00  1.1571E-02
  2.7628E+00  1.3367E-02
  2.7748E+00  1.5290E-02
  2.7867E+00  1.7294E-02
  2.7986E+00  1.9320E-02
  2.8105E+00  2.1296E-02
  2.8224E+00  2.3137E-02
  2.8343E+00  2.4755E-02
  2.8462E+00  2.6063E-02
  2.8581E+00  2.6981E-02
  2.8700E+00  2.7445E-02
  2.8819E+00  2.7414E-02
  2.8938E+00  2.6877E-02
  2.9058E+00  2.5850E-02
  2.9177E+00  2.4382E-02
  2.9296E+00  2.2547E-02
  2.9415E+00  2.0440E-02
  2.9534E+00  1.8166E-02
  2.9653E+00  1.5838E-02
  2.9772E+00  1.3564E-02
  2.9891E+00  1.1440E-02
  3.0010E+00  9.5484E-03
  3.0129E+00  7.9481E-03
  3.0248E+00  6.6748E-03
  3.0367E+00  5.7389E-03
  3.0487E+00  5.1258E-03
  3.0606E+00  4.7989E-03
  3.0725E+00  4.7035E-03
  3.0844E+00  4.7731E-03
  3.0963E+00  4.9360E-03
  3.1082E+00  5.1227E-03
  3.1201E+00  5.2720E-03
  3.1320E+00  5.3366E-03
  3.1439E+00  5.2859E-03
  3.1558E+00  5.1076E-03
  3.1677E+00  4.8065E-03
  3.1797E+00  4.4020E-03
  3.1916E+00  3.9243E-03
  3.2035E+00  3.4102E-03
  3.2154E+00  2.8980E-03
  3.2273E+00  2.4233E-03
  3.2392E+00  2.0150E-03
  3.2511E+00  1.6928E-03
  3.2630E+00  1.4654E-03
  3.2749E+00  1.3307E-03
  3.2868E+00  1.2771E-03
  3.2987E+00  1.2861E-03
  3.3106E+00  1.3357E-03
  3.3226E+00  1.4046E-03
  3.3345E+00  1.4756E-03
  3.3464E+00  1.5386E-03
  3.3583E+00  1.5926E-03
  3.3702E+00  1.6468E-03
  3.3821E+00  1.7195E-03
  3.3940E+00  1.8372E-03
  3.4059E+00  2.0324E-03
  3.4178E+00  2.3410E-03
  3.4297E+00  2.8004E-03
  3.4416E+00  3.4472E-03
  3.4536E+00  4.3165E-03
  3.4655E+00  5.4420E-03
  3.4774E+00  6.8566E-03
  3.4893E+00  8.5952E-03
  3.5012E+00  1.0697E-02
  3.5131E+00  1.3208E-02
  3.5250E+00  1.6185E-02
  3.5369E+00  1.9697E-02
  3.5488E+00  2.3822E-02
  3.5607E+00  2.8649E-02
  3.5726E+00  3.4270E-02
  3.5846E+00  4.0770E-02
  3.5965E+00  4.8222E-02
  3.6084E+00  5.6667E-02
  3.6203E+00  6.6108E-02
  3.6322E+00  7.6488E-02
  3.6441E+00  8.7684E-02
  3.6560E+00  9.9500E-02
  3.6679E+00  1.1166E-01
  3.6798E+00  1.2381E-01
  3.6917E+00  1.3556E-01
  3.7036E+00  1.4645E-01
  3.7155E+00  1.5603E-01
  3.7275E+00  1.6385E-01
  3.7394E+00  1.6954E-01
  3.7513E+00  1.7277E-01
  3.7632E+00  1.7332E-01
  3.7751E+00  1.7111E-01
  3.7870E+00  1.6615E-01
  3.7989E+00  1.5861E-01
  3.8108E+00  1.4878E-01
  3.8227E+00  1.3704E-01
  3.8346E+00  1.2390E-01
  3.8465E+00  1.0992E-01
  3.8585E+00  9.5701E-02
  3.8704E+00  8.1855E-02
  3.8823E+00  6.8954E-02
  3.8942E+00  5.7497E-02
  3.9061E+00  4.7876E-02
  3.9180E+00  4.0347E-02
  3.9299E+00  3.5013E-02
  3.9418E+00  3.1821E-02
  3.9537E+00  3.0569E-02
  3.9656E+00  3.0934E-02
  3.9775E+00  3.2494E-02
  3.9895E+00  3.4777E-02
  4.0014E+00  3.7295E-02
  4.0133E+00  3.9590E-02
  4.0252E+00  4.1268E-02
  4.0371E+00  4.2033E-02
  4.0490E+00  4.1709E-02
  4.0609E+00  4.0253E-02
  4.0728E+00  3.7758E-02
  4.0847E+00  3.4438E-02
  4.0966E+00  3.0611E-02
  4.1085E+00  2.6664E-02
  4.1204E+00  2.3012E-02
  4.1324E+00  2.0061E-02
  4.1443E+00  1.8159E-02
  4.1562E+00  1.7565E-02
  4.1681E+00  1.8421E-02
  4.1800E+00  2.0736E-02
  4.1919E+00  2.4385E-02
  4.2038E+00  2.9121E-02
  4.2157E+00  3.4600E-02
  4.2276E+00  4.0412E-02
  4.2395E+00  4.6124E-02
  4.2514E+00  5.1324E-02
  4.2634E+00  5.5668E-02
  4.2753E+00  5.8922E-02
  4.2872E+00  6.0999E-02
  4.2991E+00  6.1983E-02
  4.3110E+00  6.2140E-02
  4.3229E+00  6.1914E-02
  4.3348E+00  6.1906E-02
  4.3467E+00  6.2832E-02
  4.3586E+00  6.5478E-02
  4.3705E+00  7.0637E-02
  4.3824E+00  7.9047E-02
  4.3944E+00  9.1334E-02
  4.4063E+00  1.0795E-01
  4.4182E+00  1.2914E-01
  4.4301E+00  1.5490E-01
  4.4420E+00  1.8494E-01
  4.4539E+00  2.1873E-01
  4.4658E+00  2.5547E-01
  4.4777E+00  2.9413E-01
  4.4896E+00  3.3348E-01
  4.5015E+00  3.7220E-01
  4.5134E+00  4.0890E-01
  4.5253E+00  4.4220E-01
  4.5373E+00  4.7085E-01
  4.5492E+00  4.9376E-01
  4.5611E+00  5.1010E-01
  4.5730E+00  5.1932E-01
  4.5849E+00  5.2116E-01
  4.5968E+00  5.1571E-01
  4.6087E+00  5.0331E-01
  4.6206E+00  4.8458E-01
  4.6325E+00  4.6033E-01
  4.6444E+00  4.3154E-01
  4.6563E+00  3.9927E-01
  4.6683E+00  3.6462E-01
  4.6802E+00  3.2870E-01
  4.6921E+00  2.9255E-01
  4.7040E+00  2.5711E-01
  4.7159E+00  2.2319E-01
  4.7278E+00  1.9147E-01
  4.7397E+00  1.6244E-01
  4.7516E+00  1.3643E-01
  4.7635E+00  1.1360E-01
  4.7754E+00  9.3957E-02
  4.7873E+00  7.7384E-02
  4.7993E+00  6.3649E-02
  4.8112E+00  5.2452E-02
  4.8231E+00  4.3444E-02
  4.8350E+00  3.6264E-02
  4.8469E+00  3.0559E-02
  4.8588E+00  2.6004E-02
  4.8707E+00  2.2317E-02
  4.8826E+00  1.9265E-02
  4.8945E+00  1.6667E-02
  4.9064E+00  1.4393E-02
  4.9183E+00  1.2358E-02
  4.9302E+00  1.0515E-02
  4.9422E+00  8.8430E-03
  4.9541E+00  7.3420E-03
  4.9660E+00  6.0206E-03
  4.9779E+00  4.8897E-03
  4.9898E+00  3.9565E-03
  5.0017E+00  3.2208E-03
  5.0136E+00  2.6731E-03
  5.0255E+00  2.2945E-03
  5.0374E+00  2.0588E-03
  5.0493E+00  1.9343E-03
  5.0612E+00  1.8872E-03
  5.0732E+00  1.8847E-03
  5.0851E+00  1.8973E-03
  5.0970E+00  1.9009E-03
  5.1089E+00  1.8785E-03
  5.1208E+00  1.8202E-03
  5.1327E+00  1.7231E-03
  5.1446E+00  1.5904E-03
  5.1565E+00  1.4301E-03
  5.1684E+00  1.2531E-03
  5.1803E+00  1.0717E-03
  5.1922E+00  8.9771E-04
  5.2042E+00  7.4115E-04
  5.2161E+00  6.0942E-04
  5.2280E+00  5.0669E-04
  5.2399E+00  4.3390E-04
  5.2518E+00  3.8907E-04
  5.2637E+00  3.6798E-04
  5.2756E+00  3.6491E-04
  5.2875E+00  3.7353E-04
  5.2994E+00  3.8764E-04
  5.3113E+00  4.0184E-04
  5.3232E+00  4.1201E-04
  5.3351E+00  4.1548E-04
  5.3471E+00  4.1115E-04
  5.3590E+00  3.9926E-04
  5.3709E+00  3.8116E-04
  5.3828E+00  3.5887E-04
  5.3947E+00  3.3475E-04
  5.4066E+00  3.1102E-04
  5.4185E+00  2.8955E-04
  5.4304E+00  2.7157E-04
  5.4423E+00  2.5765E-04
  5.4542E+00  2.4766E-04
  5.4661E+00  2.4094E-04
  5.4781E+00  2.3642E-04
  5.4900E+00  2.3287E-04
  5.5019E+00  2.2906E-04
  5.5138E+00  2.2398E-04
  5.5257E+00  2.1693E-04
  5.5376E+00  2.0760E-04
  5.5495E+00  1.9605E-04
  5.5614E+00  1.8271E-04
  5.5733E+00  1.6823E-04
  5.5852E+00  1.5343E-04
  5.5971E+00  1.3911E-04
  5.6091E+00  1.2603E-04
  5.6210E+00  1.1473E-04
  5.6329E+00  1.0556E-04
  5.6448E+00  9.8614E-05
  5.6567E+00  9.3786E-05
  5.6686E+00  9.0800E-05
  5.6805E+00  8.9274E-05
  5.6924E+00  8.8787E-05
  5.7043E+00  8.8931E-05
  5.7162E+00  8.9358E-05
  5.7281E+00  8.9802E-05
  5.7400E+00  9.0080E-05
  5.7520E+00  9.0081E-05
  5.7639E+00  8.9743E-05
  5.7758E+00  8.9026E-05
  5.7877E+00  8.7884E-05
  5.7996E+00  8.6254E-05
  5.8115E+00  8.4045E-05
  5.8234E+00  8.1157E-05
  5.8353E+00  7.7493E-05
  5.8472E+00  7.2995E-05
  5.8591E+00  6.7668E-05
  5.8710E+00  6.1608E-05
  5.8830E+00  5.5012E-05
  5.8949E+00  4.8178E-05
  5.9068E+00  4.1487E-05
  5.9187E+00  3.5364E-05
  5.9306E+00  3.0237E-05
  5.9425E+00  2.6480E-05
  5.9544E+00  2.4366E-05
  5.9663E+00  2.4025E-05
  5.9782E+00  2.5417E-05
  5.9901E+00  2.8329E-05
  6.0020E+00  3.2393E-05
  6.0140E+00  3.7134E-05
  6.0259E+00  4.2024E-05
  6.0378E+00  4.6562E-05
  6.0497E+00  5.0345E-05
  6.0616E+00  5.3136E-05
  6.0735E+00  5.4917E-05
  6.0854E+00  5.5911E-05
  6.0973E+00  5.6578E-05
  6.1092E+00  5.7592E-05
  6.1211E+00  5.9783E-05
  6.1330E+00  6.4077E-05
  6.1449E+00  7.1414E-05
  6.1569E+00  8.2693E-05
  6.1688E+00  9.8705E-05
  6.1807E+00  1.2011E-04
  6.1926E+00  1.4741E-04
  6.2045E+00  1.8100E-04
  6.2164E+00  2.2115E-04
  6.2283E+00  2.6809E-04
  6.2402E+00  3.2205E-04
  6.2521E+00  3.8330E-04
  6.2640E+00  4.5214E-04
  6.2759E+00  5.2891E-04
  6.2879E+00  6.1392E-04
  6.2998E+00  7.0733E-04
  6.3117E+00  8.0909E-04
  6.3236E+00  9.1871E-04
  6.3355E+00  1.0352E-03
  6.3474E+00  1.1568E-03
  6.3593E+00  1.2811E-03
  6.3712E+00  1.4048E-03
  6.3831E+00  1.5239E-03
  6.3950E+00  1.6340E-03
  6.4069E+00  1.7300E-03
  6.4188E+00  1.8069E-03
  6.4308E+00  1.8603E-03
  6.4427E+00  1.8861E-03
  6.4546E+00  1.8818E-03
  6.4665E+00  1.8459E-03
  6.4784E+00  1.7790E-03
  6.4903E+00  1.6832E-03
  6.5022E+00  1.5626E-03
  6.5141E+00  1.4225E-03
  6.5260E+00  1.2696E-03
  6.5379E+00  1.1111E-03
  6.5498E+00  9.5461E-04
  6.5618E+00  8.0718E-04
  6.5737E+00  6.7503E-04
  6.5856E+00  5.6302E-04
  6.5975E+00  4.7431E-04
  6.6094E+00  4.1022E-04
  6.6213E+00  3.7012E-04
  6.6332E+00  3.5162E-04
  6.6451E+00  3.5084E-04
  6.6570E+00  3.6280E-04
  6.6689E+00  3.8199E-04
  6.6808E+00  4.0285E-04
  6.6928E+00  4.2038E-04
  6.7047E+00  4.3054E-04
  6.7166E+00  4.3058E-04
  6.7285E+00  4.1929E-04
  6.7404E+00  3.9693E-04
  6.7523E+00  3.6513E-04
  6.7642E+00  3.2655E-04
  6.7761E+00  2.8454E-04
  6.7880E+00  2.4266E-04
  6.7999E+00  2.0426E-04
  6.8118E+00  1.7213E-04
  6.8237E+00  1.4816E-04
  6.8357E+00  1.3324E-04
  6.8476E+00  1.2723E-04
  6.8595E+00  1.2908E-04
  6.8714E+00  1.3710E-04
  6.8833E+00  1.4935E-04
  6.8952E+00  1.6396E-04
  6.9071E+00  1.7961E-04
  6.9190E+00  1.9582E-04
  6.9309E+00  2.1321E-04
  6.9428E+00  2.3362E-04
  6.9547E+00  2.6013E-04
  6.9667E+00  2.9691E-04
  6.9786E+00  3.4905E-04
  6.9905E+00  4.2229E-04
  7.0024E+00  5.2280E-04
  7.0143E+00  6.5700E-04
  7.0262E+00  8.3153E-04
  7.0381E+00  1.0532E-03
  7.0500E+00  1.3293E-03
  7.0619E+00  1.6676E-03
  7.0738E+00  2.0769E-03
  7.0857E+00  2.5674E-03
  7.0977E+00  3.1505E-03
  7.1096E+00  3.8391E-03
  7.1215E+00  4.6472E-03
  7.1334E+00  5.5893E-03
  7.1453E+00  6.6793E-03
  7.1572E+00  7.9294E-03
  7.1691E+00  9.3481E-03
  7.1810E+00  1.0939E-02
  7.1929E+00  1.2697E-02
  7.2048E+00  1.4609E-02
  7.2167E+00  1.6651E-02
  7.2286E+00  1.8788E-02
  7.2406E+00  2.0970E-02
  7.2525E+00  2.3139E-02
  7.2644E+00  2.5224E-02
  7.2763E+00  2.7149E-02
  7.2882E+00  2.8835E-02
  7.3001E+00  3.0204E-02
  7.3120E+00  3.1183E-02
  7.3239E+00  3.1714E-02
  7.3358E+00  3.1756E-02
  7.3477E+00  3.1287E-02
  7.3596E+00  3.0313E-02
  7.3716E+00  2.8864E-02
  7.3835E+00  2.6994E-02
  7.3954E+00  2.4783E-02
  7.4073E+00  2.2327E-02
  7.4192E+00  1.9737E-02
  7.4311E+00  1.7130E-02
  7.4430E+00  1.4623E-02
  7.4549E+00  1.2322E-02
  7.4668E+00  1.0322E-02
  7.4787E+00  8.6941E-03
  7.4906E+00  7.4825E-03
  7.5026E+00  6.7029E-03
  7.5145E+00  6.3401E-03
  7.5264E+00  6.3498E-03
  7.5383E+00  6.6625E-03
  7.5502E+00  7.1895E-03
  7.5621E+00  7.8306E-03
  7.5740E+00  8.4832E-03
  7.5859E+00  9.0508E-03
  7.5978E+00  9.4519E-03
  7.6097E+00  9.6272E-03
  7.6216E+00  9.5445E-03
  7.6335E+00  9.2019E-03
  7.6455E+00  8.6274E-03
  7.6574E+00  7.8765E-03
  7.6693E+00  7.0269E-03
  7.6812E+00  6.1717E-03
  7.6931E+00  5.4101E-03
  7.7050E+00  4.8379E-03
  7.7169E+00  4.5385E-03
  7.7288E+00  4.5734E-03
  7.7407E+00  4.9761E-03
  7.7526E+00  5.7478E-03
  7.7645E+00  6.8563E-03
  7.7765E+00  8.2386E-03
  7.7884E+00  9.8070E-03
  7.8003E+00  1.1458E-02
  7.8122E+00  1.3083E-02
  7.8241E+00  1.4583E-02
  7.8360E+00  1.5877E-02
  7.8479E+00  1.6919E-02
  7.8598E+00  1.7704E-02
  7.8717E+00  1.8276E-02
  7.8836E+00  1.8731E-02
  7.8955E+00  1.9217E-02
  7.9075E+00  1.9927E-02
  7.9194E+00  2.1089E-02
  7.9313E+00  2.2953E-02
  7.9432E+00  2.5771E-02
  7.9551E+00  2.9782E-02
  7.9670E+00  3.5186E-02
  7.9789E+00  4.2131E-02
  7.9908E+00  5.0692E-02
  8.0027E+00  6.0861E-02
  8.0146E+00  7.2538E-02
  8.0265E+00  8.5532E-02
  8.0384E+00  9.9564E-02
  8.0504E+00  1.1428E-01
  8.0623E+00  1.2925E-01
  8.0742E+00  1.4402E-01
  8.0861E+00  1.5810E-01
  8.0980E+00  1.7100E-01
  8.1099E+00  1.8227E-01
  8.1218E+00  1.9150E-01
  8.1337E+00  1.9834E-01
  8.1456E+00  2.0253E-01
  8.1575E+00  2.0394E-01
  8.1694E+00  2.0252E-01
  8.1814E+00  1.9834E-01
  8.1933E+00  1.9158E-01
  8.2052E+00  1.8251E-01
  8.2171E+00  1.7150E-01
  8.2290E+00  1.5896E-01
  8.2409E+00  1.4534E-01
  8.2528E+00  1.3109E-01
  8.2647E+00  1.1666E-01
  8.2766E+00  1.0246E-01
  8.2885E+00  8.8849E-02
  8.3004E+00  7.6113E-02
  8.3124E+00  6.4476E-02
  8.3243E+00  5.4087E-02
  8.3362E+00  4.5021E-02
  8.3481E+00  3.7286E-02
  8.3600E+00  3.0832E-02
  8.3719E+00  2.5563E-02
  8.3838E+00  2.1347E-02
  8.3957E+00  1.8030E-02
  8.4076E+00  1.5451E-02
  8.4195E+00  1.3447E-02
  8.4314E+00  1.1870E-02
  8.4433E+00  1.0590E-02
  8.4553E+00  9.5015E-03
  8.4672E+00  8.5260E-03
  8.4791E+00  7.6103E-03
  8.4910E+00  6.7257E-03
  8.5029E+00  5.8631E-03
  8.5148E+00  5.0288E-03
  8.5267E+00  4.2390E-03
  8.5386E+00  3.5143E-03
  8.5505E+00  2.8756E-03
  8.5624E+00  2.3399E-03
  8.5743E+00  1.9177E-03
  8.5863E+00  1.6117E-03
  8.5982E+00  1.4161E-03
  8.6101E+00  1.3178E-03
  8.6220E+00  1.2976E-03
  8.6339E+00  1.3325E-03
  8.6458E+00  1.3980E-03
  8.6577E+00  1.4707E-03
  8.6696E+00  1.5304E-03
  8.6815E+00  1.5615E-03
  8.6934E+00  1.5542E-03
  8.7053E+00  1.5046E-03
  8.7173E+00  1.4145E-03
  8.7292E+00  1.2907E-03
  8.7411E+00  1.1434E-03
  8.7530E+00  9.8471E-04
  8.7649E+00  8.2750E-04
  8.7768E+00  6.8360E-04
  8.7887E+00  5.6279E-04
  8.8006E+00  4.7190E-04
  8.8125E+00  4.1436E-04
  8.8244E+00  3.9021E-04
  8.8363E+00  3.9641E-04
  8.8482E+00  4.2749E-04
  8.8602E+00  4.7647E-04
  8.8721E+00  5.3578E-04
  8.8840E+00  5.9819E-04
  8.8959E+00  6.5763E-04
  8.9078E+00  7.0977E-04
  8.9197E+00  7.5232E-04
  8.9316E+00  7.8504E-04
  8.9435E+00  8.0952E-04
  8.9554E+00  8.2872E-04
  8.9673E+00  8.4640E-04
  8.9792E+00  8.6642E-04
  8.9912E+00  8.9213E-04
  9.0031E+00  9.2582E-04
  9.0150E+00  9.6831E-04
  9.0269E+00  1.0188E-03
  9.0388E+00  1.0747E-03
  9.0507E+00  1.1323E-03
  9.0626E+00  1.1866E-03
  9.0745E+00  1.2324E-03
  9.0864E+00  1.2643E-03
  9.0983E+00  1.2781E-03
  9.1102E+00  1.2704E-03
  9.1222E+00  1.2396E-03
  9.1341E+00  1.1860E-03
  9.1460E+00  1.1114E-03
  9.1579E+00  1.0196E-03
  9.1698E+00  9.1549E-04
  9.1817E+00  8.0487E-04
  9.1936E+00  6.9391E-04
  9.2055E+00  5.8855E-04
  9.2174E+00  4.9401E-04
  9.2293E+00  4.1440E-04
  9.2412E+00  3.5233E-04
  9.2531E+00  3.0881E-04
  9.2651E+00  2.8326E-04
  9.2770E+00  2.7360E-04
  9.2889E+00  2.7659E-04
  9.3008E+00  2.8824E-04
  9.3127E+00  3.0420E-04
  9.3246E+00  3.2025E-04
  9.3365E+00  3.3270E-04
  9.3484E+00  3.3868E-04
  9.3603E+00  3.3641E-04
  9.3722E+00  3.2523E-04
  9.3841E+00  3.0559E-04
  9.3961E+00  2.7890E-04
  9.4080E+00  2.4727E-04
  9.4199E+00  2.1325E-04
  9.4318E+00  1.7950E-04
  9.4437E+00  1.4847E-04
  9.4556E+00  1.2217E-04
  9.4675E+00  1.0198E-04
  9.4794E+00  8.8503E-05
  9.4913E+00  8.1599E-05
  9.5032E+00  8.0426E-05
  9.5151E+00  8.3609E-05
  9.5271E+00  8.9436E-05
  9.5390E+00  9.6091E-05
  9.5509E+00  1.0187E-04
  9.5628E+00  1.0540E-04
  9.5747E+00  1.0574E-04
  9.5866E+00  1.0248E-04
  9.5985E+00  9.5773E-05
  9.6104E+00  8.6224E-05
  9.6223E+00  7.4819E-05
  9.6342E+00  6.2756E-05
  9.6461E+00  5.1289E-05
  9.6580E+00  4.1555E-05
  9.6700E+00  3.4447E-05
  9.6819E+00  3.0513E-05
  9.6938E+00  2.9914E-05
  9.7057E+00  3.2441E-05
  9.7176E+00  3.7587E-05
  9.7295E+00  4.4656E-05
  9.7414E+00  5.2911E-05
  9.7533E+00  6.1722E-05
  9.7652E+00  7.0701E-05
  9.7771E+00  7.9807E-05
  9.7890E+00  8.9400E-05
  9.8010E+00  1.0024E-04
  9.8129E+00  1.1342E-04
  9.8248E+00  1.3025E-04
  9.8367E+00  1.5210E-04
  9.8486E+00  1.8022E-04
  9.8605E+00  2.1553E-04
  9.8724E+00  2.5844E-04
  9.8843E+00  3.0874E-04
  9.8962E+00  3.6548E-04
  9.9081E+00  4.2701E-04
  9.9200E+00  4.9098E-04
  9.9319E+00  5.5453E-04
  9.9439E+00  6.1448E-04
  9.9558E+00  6.6758E-04
  9.9677E+00  7.1076E-04
  9.9796E+00  7.4141E-04
  9.9915E+00  7.5761E-04
  1.0003E+01  7.5826E-04
  1.0015E+01  7.4323E-04
  1.0027E+01  7.1335E-04
  1.0039E+01  6.7033E-04
  1.0051E+01  6.1668E-04
  1.0063E+01  5.5548E-04
  1.0075E+01  4.9014E-04
  1.0087E+01  4.2415E-04
  1.0099E+01  3.6081E-04
  1.0111E+01  3.0298E-04
  1.0122E+01  2.5288E-04
  1.0134E+01  2.1198E-04
  1.0146E+01  1.8089E-04
  1.0158E+01  1.5941E-04
  1.0170E+01  1.4658E-04
  1.0182E+01  1.4088E-04
  1.0194E+01  1.4038E-04
  1.0206E+01  1.4297E-04
  1.0218E+01  1.4661E-04
  1.0230E+01  1.4947E-04
  1.0242E+01  1.5014E-04
  1.0253E+01  1.4766E-04
  1.0265E+01  1.4166E-04
  1.0277E+01  1.3224E-04
  1.0289E+01  1.1996E-04
  1.0301E+01  1.0573E-04
  1.0313E+01  9.0634E-05
  1.0325E+01  7.5810E-05
  1.0337E+01  6.2300E-05
  1.0349E+01  5.0929E-05
  1.0361E+01  4.2217E-05
  1.0373E+01  3.6341E-05
  1.0384E+01  3.3139E-05
  1.0396E+01  3.2157E-05
  1.0408E+01  3.2735E-05
  1.0420E+01  3.4111E-05
  1.0432E+01  3.5534E-05
  1.0444E+01  3.6371E-05
  1.0456E+01  3.6194E-05
  1.0468E+01  3.4831E-05
  1.0480E+01  3.2391E-05
  1.0492E+01  2.9245E-05
  1.0504E+01  2.5977E-05
  1.0515E+01  2.3309E-05
  1.0527E+01  2.2019E-05
  1.0539E+01  2.2848E-05
  1.0551E+01  2.6427E-05
  1.0563E+01  3.3228E-05
  1.0575E+01  4.3542E-05
  1.0587E+01  5.7500E-05
  1.0599E+01  7.5128E-05
  1.0611E+01  9.6429E-05
  1.0623E+01  1.2149E-04
  1.0635E+01  1.5057E-04
  1.0646E+01  1.8420E-04
  1.0658E+01  2.2325E-04
  1.0670E+01  2.6890E-04
  1.0682E+01  3.2266E-04
  1.0694E+01  3.8619E-04
  1.0706E+01  4.6122E-04
  1.0718E+01  5.4927E-04
  1.0730E+01  6.5149E-04
  1.0742E+01  7.6837E-04
  1.0754E+01  8.9951E-04
  1.0766E+01  1.0435E-03
  1.0777E+01  1.1977E-03
  1.0789E+01  1.3584E-03
  1.0801E+01  1.5209E-03
  1.0813E+01  1.6793E-03
  1.0825E+01  1.8274E-03
  1.0837E+01  1.9588E-03
  1.0849E+01  2.0672E-03
  1.0861E+01  2.1471E-03
  1.0873E+01  2.1939E-03
  1.0885E+01  2.2047E-03
  1.0897E+01  2.1779E-03
  1.0908E+01  2.1140E-03
  1.0920E+01  2.0155E-03
  1.0932E+01  1.8865E-03
  1.0944E+01  1.7328E-03
  1.0956E+01  1.5613E-03
  1.0968E+01  1.3800E-03
  1.0980E+01  1.1971E-03
  1.0992E+01  1.0205E-03
  1.1004E+01  8.5735E-04
  1.1016E+01  7.1371E-04
  1.1028E+01  5.9388E-04
  1.1039E+01  5.0035E-04
  1.1051E+01  4.3359E-04
  1.1063E+01  3.9220E-04
  1.1075E+01  3.7309E-04
  1.1087E+01  3.7186E-04
  1.1099E+01  3.8319E-04
  1.1111E+01  4.0142E-04
  1.1123E+01  4.2100E-04
  1.1135E+01  4.3696E-04
  1.1147E+01  4.4538E-04
  1.1159E+01  4.4358E-04
  1.1170E+01  4.3041E-04
  1.1182E+01  4.0617E-04
  1.1194E+01  3.7258E-04
  1.1206E+01  3.3254E-04
  1.1218E+01  2.8975E-04
  1.1230E+01  2.4833E-04
  1.1242E+01  2.1236E-04
  1.1254E+01  1.8546E-04
  1.1266E+01  1.7041E-04
  1.1278E+01  1.6886E-04
  1.1290E+01  1.8118E-04
  1.1301E+01  2.0640E-04
  1.1313E+01  2.4236E-04
  1.1325E+01  2.8588E-04
  1.1337E+01  3.3312E-04
  1.1349E+01  3.7994E-04
  1.1361E+01  4.2233E-04
  1.1373E+01  4.5680E-04
  1.1385E+01  4.8078E-04
  1.1397E+01  4.9289E-04
  1.1409E+01  4.9315E-04
  1.1421E+01  4.8304E-04
  1.1432E+01  4.6542E-04
  1.1444E+01  4.4440E-04
  1.1456E+01  4.2497E-04
  1.1468E+01  4.1263E-04
  1.1480E+01  4.1296E-04
  1.1492E+01  4.3116E-04
  1.1504E+01  4.7158E-04
  1.1516E+01  5.3741E-04
  1.1528E+01  6.3035E-04
  1.1540E+01  7.5050E-04
  1.1552E+01  8.9622E-04
  1.1563E+01  1.0643E-03
  1.1575E+01  1.2500E-03
  1.1587E+01  1.4476E-03
  1.1599E+01  1.6501E-03
  1.1611E+01  1.8504E-03
  1.1623E+01  2.0412E-03
  1.1635E+01  2.2155E-03
  1.1647E+01  2.3672E-03
  1.1659E+01  2.4909E-03
  1.1671E+01  2.5828E-03
  1.1683E+01  2.6403E-03
  1.1694E+01  2.6626E-03
  1.1706E+01  2.6501E-03
  1.1718E+01  2.6044E-03
  1.1730E+01  2.5285E-03
  1.1742E+01  2.4260E-03
  1.1754E+01  2.3011E-03
  1.1766E+01  2.1585E-03
  1.1778E+01  2.0029E-03
  1.1790E+01  1.8387E-03
  1.1802E+01  1.6703E-03
  1.1814E+01  1.5015E-03
  1.1825E+01  1.3358E-03
  1.1837E+01  1.1760E-03
  1.1849E+01  1.0247E-03
  1.1861E+01  8.8363E-04
  1.1873E+01  7.5421E-04
  1.1885E+01  6.3735E-04
  1.1897E+01  5.3353E-04
  1.1909E+01  4.4285E-04
  1.1921E+01  3.6502E-04
  1.1933E+01  2.9947E-04
  1.1945E+01  2.4538E-04
  1.1956E+01  2.0168E-04
  1.1968E+01  1.6717E-04
  1.1980E+01  1.4055E-04
  1.1992E+01  1.2045E-04
  1.2004E+01  1.0553E-04
  1.2016E+01  9.4482E-05
  1.2028E+01  8.6136E-05
  1.2040E+01  7.9464E-05
  1.2052E+01  7.3630E-05
  1.2064E+01  6.8010E-05
  1.2076E+01  6.2204E-05
  1.2087E+01  5.6030E-05
  1.2099E+01  4.9500E-05
  1.2111E+01  4.2785E-05
  1.2123E+01  3.6168E-05
  1.2135E+01  2.9993E-05
  1.2147E+01  2.4606E-05
  1.2159E+01  2.0307E-05
  1.2171E+01  1.7310E-05
  1.2183E+01  1.5708E-05
  1.2195E+01  1.5466E-05
  1.2207E+01  1.6421E-05
  1.2218E+01  1.8302E-05
  1.2230E+01  2.0755E-05
  1.2242E+01  2.3388E-05
  1.2254E+01  2.5813E-05
  1.2266E+01  2.7683E-05
  1.2278E+01  2.8739E-05
  1.2290E+01  2.8828E-05
  1.2302E+01  2.7927E-05
  1.2314E+01  2.6134E-05
  1.2326E+01  2.3661E-05
  1.2338E+01  2.0804E-05
  1.2349E+01  1.7908E-05
  1.2361E+01  1.5325E-05
  1.2373E+01  1.3378E-05
  1.2385E+01  1.2323E-05
  1.2397E+01  1.2325E-05
  1.2409E+01  1.3450E-05
  1.2421E+01  1.5659E-05
  1.2433E+01  1.8831E-05
  1.2445E+01  2.2779E-05
  1.2457E+01  2.7288E-05
  1.2469E+01  3.2146E-05
  1.2480E+01  3.7179E-05
  1.2492E+01  4.2280E-05
  1.2504E+01  4.7422E-05
  1.2516E+01  5.2664E-05
  1.2528E+01  5.8143E-05
  1.2540E+01  6.4050E-05
  1.2552E+01  7.0599E-05
  1.2564E+01  7.7981E-05
  1.2576E+01  8.6331E-05
  1.2588E+01  9.5684E-05
  1.2600E+01  1.0595E-04
  1.2611E+01  1.1689E-04
  1.2623E+01  1.2813E-04
  1.2635E+01  1.3918E-04
  1.2647E+01  1.4944E-04
  1.2659E+01  1.5828E-04
  1.2671E+01  1.6508E-04
  1.2683E+01  1.6927E-04
  1.2695E+01  1.7044E-04
  1.2707E+01  1.6834E-04
  1.2719E+01  1.6294E-04
  1.2731E+01  1.5442E-04
  1.2742E+01  1.4321E-04
  1.2754E+01  1.2991E-04
  1.2766E+01  1.1528E-04
  1.2778E+01  1.0017E-04
  1.2790E+01  8.5422E-05
  1.2802E+01  7.1833E-05
  1.2814E+01  6.0060E-05
  1.2826E+01  5.0579E-05
  1.2838E+01  4.3646E-05
  1.2850E+01  3.9290E-05
  1.2862E+01  3.7313E-05
  1.2873E+01  3.7330E-05
  1.2885E+01  3.8810E-05
  1.2897E+01  4.1139E-05
  1.2909E+01  4.3688E-05
  1.2921E+01  4.5872E-05
  1.2933E+01  4.7214E-05
  1.2945E+01  4.7384E-05
  1.2957E+01  4.6228E-05
  1.2969E+01  4.3777E-05
  1.2981E+01  4.0223E-05
  1.2993E+01  3.5895E-05
  1.3004E+01  3.1206E-05
  1.3016E+01  2.6601E-05
  1.3028E+01  2.2499E-05
  1.3040E+01  1.9242E-05
  1.3052E+01  1.7059E-05
  1.3064E+01  1.6042E-05
  1.3076E+01  1.6140E-05
  1.3088E+01  1.7177E-05
  1.3100E+01  1.8872E-05
  1.3112E+01  2.0888E-05
  1.3124E+01  2.2872E-05
  1.3135E+01  2.4505E-05
  1.3147E+01  2.5542E-05
  1.3159E+01  2.5846E-05
  1.3171E+01  2.5404E-05
  1.3183E+01  2.4328E-05
  1.3195E+01  2.2844E-05
  1.3207E+01  2.1258E-05
  1.3219E+01  1.9925E-05
  1.3231E+01  1.9206E-05
  1.3243E+01  1.9430E-05
  1.3255E+01  2.0868E-05
  1.3266E+01  2.3716E-05
  1.3278E+01  2.8097E-05
  1.3290E+01  3.4076E-05
  1.3302E+01  4.1692E-05
  1.3314E+01  5.0998E-05
  1.3326E+01  6.2102E-05
  1.3338E+01  7.5205E-05
  1.3350E+01  9.0634E-05
  1.3362E+01  1.0884E-04
  1.3374E+01  1.3039E-04
  1.3386E+01  1.5594E-04
  1.3397E+01  1.8613E-04
  1.3409E+01  2.2154E-04
  1.3421E+01  2.6257E-04
  1.3433E+01  3.0936E-04
  1.3445E+01  3.6167E-04
  1.3457E+01  4.1883E-04
  1.3469E+01  4.7971E-04
  1.3481E+01  5.4270E-04
  1.3493E+01  6.0577E-04
  1.3505E+01  6.6654E-04
  1.3517E+01  7.2242E-04
  1.3528E+01  7.7077E-04
  1.3540E+01  8.0907E-04
  1.3552E+01  8.3513E-04
  1.3564E+01  8.4726E-04
  1.3576E+01  8.4441E-04
  1.3588E+01  8.2633E-04
  1.3600E+01  7.9361E-04
  1.3612E+01  7.4768E-04
  1.3624E+01  6.9073E-04
  1.3636E+01  6.2560E-04
  1.3647E+01  5.5552E-04
  1.3659E+01  4.8394E-04
  1.3671E+01  4.1422E-04
  1.3683E+01  3.4943E-04
  1.3695E+01  2.9209E-04
  1.3707E+01  2.4404E-04
  1.3719E+01  2.0630E-04
  1.3731E+01  1.7910E-04
  1.3743E+01  1.6183E-04
  1.3755E+01  1.5323E-04
  1.3767E+01  1.5149E-04
  1.3778E+01  1.5446E-04
  1.3790E+01  1.5991E-04
  1.3802E+01  1.6565E-04
  1.3814E+01  1.6983E-04
  1.3826E+01  1.7102E-04
  1.3838E+01  1.6835E-04
  1.3850E+01  1.6152E-04
  1.3862E+01  1.5082E-04
  1.3874E+01  1.3698E-04
  1.3886E+01  1.2111E-04
  1.3898E+01  1.0447E-04
  1.3909E+01  8.8366E-05
  1.3921E+01  7.3932E-05
  1.3933E+01  6.2049E-05
  1.3945E+01  5.3242E-05
  1.3957E+01  4.7651E-05
  1.3969E+01  4.5051E-05
  1.3981E+01  4.4925E-05
  1.3993E+01  4.6568E-05
  1.4005E+01  4.9220E-05
  1.4017E+01  5.2207E-05
  1.4029E+01  5.5067E-05
  1.4040E+01  5.7654E-05
  1.4052E+01  6.0207E-05
  1.4064E+01  6.3361E-05
  1.4076E+01  6.8129E-05
  1.4088E+01  7.5836E-05
  1.4100E+01  8.8028E-05
  1.4112E+01  1.0638E-04
  1.4124E+01  1.3259E-04
  1.4136E+01  1.6837E-04
  1.4148E+01  2.1537E-04
  1.4160E+01  2.7528E-04
  1.4171E+01  3.4984E-04
  1.4183E+01  4.4104E-04
  1.4195E+01  5.5118E-04
  1.4207E+01  6.8308E-04
  1.4219E+01  8.4011E-04
  1.4231E+01  1.0262E-03
  1.4243E+01  1.2460E-03
  1.4255E+01  1.5041E-03
  1.4267E+01  1.8055E-03
  1.4279E+01  2.1545E-03
  1.4291E+01  2.5546E-03
  1.4302E+01  3.0075E-03
  1.4314E+01  3.5128E-03
  1.4326E+01  4.0675E-03
  1.4338E+01  4.6652E-03
  1.4350E+01  5.2958E-03
  1.4362E+01  5.9459E-03
  1.4374E+01  6.5984E-03
  1.4386E+01  7.2333E-03
  1.4398E+01  7.8283E-03
  1.4410E+01  8.3600E-03
  1.4422E+01  8.8048E-03
  1.4433E+01  9.1408E-03
  1.4445E+01  9.3491E-03
  1.4457E+01  9.4153E-03
  1.4469E+01  9.3312E-03
  1.4481E+01  9.0952E-03
  1.4493E+01  8.7137E-03
  1.4505E+01  8.2007E-03
  1.4517E+01  7.5773E-03
  1.4529E+01  6.8709E-03
  1.4541E+01  6.1132E-03
  1.4553E+01  5.3388E-03
  1.4564E+01  4.5821E-03
  1.4576E+01  3.8761E-03
  1.4588E+01  3.2493E-03
  1.4600E+01  2.7244E-03
  1.4612E+01  2.3165E-03
  1.4624E+01  2.0324E-03
  1.4636E+01  1.8703E-03
  1.4648E+01  1.8200E-03
  1.4660E+01  1.8636E-03
  1.4672E+01  1.9777E-03
  1.4684E+01  2.1349E-03
  1.4695E+01  2.3061E-03
  1.4707E+01  2.4637E-03
  1.4719E+01  2.5831E-03
  1.4731E+01  2.6456E-03
  1.4743E+01  2.6396E-03
  1.4755E+01  2.5620E-03
  1.4767E+01  2.4177E-03
  1.4779E+01  2.2200E-03
  1.4791E+01  1.9882E-03
  1.4803E+01  1.7468E-03
  1.4815E+01  1.5223E-03
  1.4826E+01  1.3409E-03
  1.4838E+01  1.2262E-03
  1.4850E+01  1.1964E-03
  1.4862E+01  1.2627E-03
  1.4874E+01  1.4281E-03
  1.4886E+01  1.6863E-03
  1.4898E+01  2.0229E-03
  1.4910E+01  2.4160E-03
  1.4922E+01  2.8389E-03
  1.4934E+01  3.2622E-03
  1.4946E+01  3.6577E-03
  1.4957E+01  4.0014E-03
  1.4969E+01  4.2768E-03
  1.4981E+01  4.4776E-03
  1.4993E+01  4.6102E-03
  1.5005E+01  4.6938E-03
  1.5017E+01  4.7613E-03
  1.5029E+01  4.8575E-03
  1.5041E+01  5.0369E-03
  1.5053E+01  5.3606E-03
  1.5065E+01  5.8921E-03
  1.5077E+01  6.6925E-03
  1.5088E+01  7.8157E-03
  1.5100E+01  9.3036E-03
  1.5112E+01  1.1182E-02
  1.5124E+01  1.3455E-02
  1.5136E+01  1.6107E-02
  1.5148E+01  1.9097E-02
  1.5160E+01  2.2363E-02
  1.5172E+01  2.5822E-02
  1.5184E+01  2.9374E-02
  1.5196E+01  3.2908E-02
  1.5208E+01  3.6308E-02
  1.5219E+01  3.9456E-02
  1.5231E+01  4.2241E-02
  1.5243E+01  4.4565E-02
  1.5255E+01  4.6345E-02
  1.5267E+01  4.7518E-02
  1.5279E+01  4.8045E-02
  1.5291E+01  4.7911E-02
  1.5303E+01  4.7126E-02
  1.5315E+01  4.5727E-02
  1.5327E+01  4.3769E-02
  1.5339E+01  4.1329E-02
  1.5350E+01  3.8499E-02
  1.5362E+01  3.5380E-02
  1.5374E+01  3.2077E-02
  1.5386E+01  2.8696E-02
  1.5398E+01  2.5335E-02
  1.5410E+01  2.2082E-02
  1.5422E+01  1.9012E-02
  1.5434E+01  1.6182E-02
  1.5446E+01  1.3632E-02
  1.5458E+01  1.1386E-02
  1.5470E+01  9.4503E-03
  1.5481E+01  7.8166E-03
  1.5493E+01  6.4659E-03
  1.5505E+01  5.3704E-03
  1.5517E+01  4.4963E-03
  1.5529E+01  3.8073E-03
  1.5541E+01  3.2667E-03
  1.5553E+01  2.8401E-03
  1.5565E+01  2.4968E-03
  1.5577E+01  2.2113E-03
  1.5589E+01  1.9637E-03
  1.5601E+01  1.7396E-03
  1.5612E+01  1.5303E-03
  1.5624E+01  1.3315E-03
  1.5636E+01  1.1427E-03
  1.5648E+01  9.6555E-04
  1.5660E+01  8.0343E-04
  1.5672E+01  6.5985E-04
  1.5684E+01  5.3789E-04
  1.5696E+01  4.3954E-04
  1.5708E+01  3.6532E-04
  1.5720E+01  3.1421E-04
  1.5732E+01  2.8375E-04
  1.5743E+01  2.7028E-04
  1.5755E+01  2.6937E-04
  1.5767E+01  2.7626E-04
  1.5779E+01  2.8629E-04
  1.5791E+01  2.9537E-04
  1.5803E+01  3.0026E-04
  1.5815E+01  2.9878E-04
  1.5827E+01  2.8989E-04
  1.5839E+01  2.7366E-04
  1.5851E+01  2.5110E-04
  1.5863E+01  2.2393E-04
  1.5874E+01  1.9430E-04
  1.5886E+01  1.6450E-04
  1.5898E+01  1.3666E-04
  1.5910E+01  1.1257E-04
  1.5922E+01  9.3512E-05
  1.5934E+01  8.0165E-05
  1.5946E+01  7.2611E-05
  1.5958E+01  7.0390E-05
  1.5970E+01  7.2617E-05
  1.5982E+01  7.8125E-05
  1.5994E+01  8.5634E-05
  1.6005E+01  9.3906E-05
  1.6017E+01  1.0188E-04
  1.6029E+01  1.0879E-04
  1.6041E+01  1.1419E-04
  1.6053E+01  1.1797E-04
  1.6065E+01  1.2036E-04
  1.6077E+01  1.2178E-04
  1.6089E+01  1.2281E-04
  1.6101E+01  1.2406E-04
  1.6113E+01  1.2605E-04
  1.6125E+01  1.2915E-04
  1.6136E+01  1.3351E-04
  1.6148E+01  1.3903E-04
  1.6160E+01  1.4538E-04
  1.6172E+01  1.5202E-04
  1.6184E+01  1.5826E-04
  1.6196E+01  1.6336E-04
  1.6208E+01  1.6661E-04
  1.6220E+01  1.6740E-04
  1.6232E+01  1.6532E-04
  1.6244E+01  1.6017E-04
  1.6256E+01  1.5204E-04
  1.6267E+01  1.4126E-04
  1.6279E+01  1.2837E-04
  1.6291E+01  1.1410E-04
  1.6303E+01  9.9269E-05
  1.6315E+01  8.4708E-05
  1.6327E+01  7.1198E-05
  1.6339E+01  5.9394E-05
  1.6351E+01  4.9772E-05
  1.6363E+01  4.2599E-05
  1.6375E+01  3.7922E-05
  1.6387E+01  3.5580E-05
  1.6398E+01  3.5231E-05
  1.6410E+01  3.6397E-05
  1.6422E+01  3.8523E-05
  1.6434E+01  4.1028E-05
  1.6446E+01  4.3370E-05
  1.6458E+01  4.5091E-05
  1.6470E+01  4.5854E-05
  1.6482E+01  4.5466E-05
  1.6494E+01  4.3880E-05
  1.6506E+01  4.1189E-05
  1.6518E+01  3.7596E-05
  1.6529E+01  3.3384E-05
  1.6541E+01  2.8878E-05
  1.6553E+01  2.4402E-05
  1.6565E+01  2.0249E-05
  1.6577E+01  1.6650E-05
  1.6589E+01  1.3760E-05
  1.6601E+01  1.1644E-05
  1.6613E+01  1.0285E-05
  1.6625E+01  9.5932E-06
  1.6637E+01  9.4223E-06
  1.6649E+01  9.5946E-06
  1.6660E+01  9.9237E-06
  1.6672E+01  1.0237E-05
  1.6684E+01  1.0393E-05
  1.6696E+01  1.0296E-05
  1.6708E+01  9.9017E-06
  1.6720E+01  9.2158E-06
  1.6732E+01  8.2867E-06
  1.6744E+01  7.1952E-06
  1.6756E+01  6.0395E-06
  1.6768E+01  4.9207E-06
  1.6780E+01  3.9292E-06
  1.6791E+01  3.1338E-06
  1.6803E+01  2.5750E-06
  1.6815E+01  2.2625E-06
  1.6827E+01  2.1770E-06
  1.6839E+01  2.2756E-06
  1.6851E+01  2.4997E-06
  1.6863E+01  2.7850E-06
  1.6875E+01  3.0711E-06
  1.6887E+01  3.3098E-06
  1.6899E+01  3.4712E-06
  1.6911E+01  3.5470E-06
  1.6922E+01  3.5506E-06
  1.6934E+01  3.5132E-06
  1.6946E+01  3.4786E-06
  1.6958E+01  3.4954E-06
  1.6970E+01  3.6096E-06
  1.6982E+01  3.8570E-06
  1.6994E+01  4.2573E-06
  1.7006E+01  4.8108E-06
  1.7018E+01  5.4972E-06
  1.7030E+01  6.2774E-06
  1.7042E+01  7.0970E-06
  1.7053E+01  7.8929E-06
  1.7065E+01  8.5995E-06
  1.7077E+01  9.1564E-06
  1.7089E+01  9.5148E-06
  1.7101E+01  9.6426E-06
  1.7113E+01  9.5278E-06
  1.7125E+01  9.1793E-06
  1.7137E+01  8.6253E-06
  1.7149E+01  7.9096E-06
  1.7161E+01  7.0867E-06
  1.7173E+01  6.2153E-06
  1.7184E+01  5.3527E-06
  1.7196E+01  4.5487E-06
  1.7208E+01  3.8419E-06
  1.7220E+01  3.2565E-06
  1.7232E+01  2.8019E-06
  1.7244E+01  2.4734E-06
  1.7256E+01  2.2544E-06
  1.7268E+01  2.1200E-06
  1.7280E+01  2.0409E-06
  1.7292E+01  1.9878E-06
  1.7304E+01  1.9346E-06
  1.7315E+01  1.8615E-06
  1.7327E+01  1.7568E-06
  1.7339E+01  1.6171E-06
  1.7351E+01  1.4471E-06
  1.7363E+01  1.2572E-06
  1.7375E+01  1.0616E-06
  1.7387E+01  8.7564E-07
  1.7399E+01  7.1334E-07
  1.7411E+01  5.8520E-07
  1.7423E+01  4.9704E-07
  1.7435E+01  4.4952E-07
  1.7446E+01  4.3841E-07
  1.7458E+01  4.5567E-07
  1.7470E+01  4.9089E-07
  1.7482E+01  5.3304E-07
  1.7494E+01  5.7209E-07
  1.7506E+01  6.0043E-07
  1.7518E+01  6.1373E-07
  1.7530E+01  6.1130E-07
  1.7542E+01  5.9584E-07
  1.7554E+01  5.7273E-07
  1.7565E+01  5.4902E-07
  1.7577E+01  5.3231E-07
  1.7589E+01  5.2972E-07
  1.7601E+01  5.4726E-07
  1.7613E+01  5.8957E-07
  1.7625E+01  6.6017E-07
  1.7637E+01  7.6221E-07
  1.7649E+01  8.9948E-07
  1.7661E+01  1.0777E-06
  1.7673E+01  1.3057E-06
  1.7685E+01  1.5966E-06
  1.7696E+01  1.9682E-06
  1.7708E+01  2.4436E-06
  1.7720E+01  3.0509E-06
  1.7732E+01  3.8226E-06
  1.7744E+01  4.7952E-06
  1.7756E+01  6.0079E-06
  1.7768E+01  7.5026E-06
  1.7780E+01  9.3229E-06
  1.7792E+01  1.1514E-05
  1.7804E+01  1.4123E-05
  1.7816E+01  1.7200E-05
  1.7827E+01  2.0794E-05
  1.7839E+01  2.4957E-05
  1.7851E+01  2.9739E-05
  1.7863E+01  3.5184E-05
  1.7875E+01  4.1327E-05
  1.7887E+01  4.8186E-05
  1.7899E+01  5.5754E-05
  1.7911E+01  6.3991E-05
  1.7923E+01  7.2813E-05
  1.7935E+01  8.2087E-05
  1.7947E+01  9.1626E-05
  1.7958E+01  1.0119E-04
  1.7970E+01  1.1047E-04
  1.7982E+01  1.1916E-04
  1.7994E+01  1.2687E-04
  1.8006E+01  1.3324E-04
  1.8018E+01  1.3794E-04
  1.8030E+01  1.4065E-04
  1.8042E+01  1.4114E-04
  1.8054E+01  1.3928E-04
  1.8066E+01  1.3506E-04
  1.8078E+01  1.2858E-04
  1.8089E+01  1.2009E-04
  1.8101E+01  1.0996E-04
  1.8113E+01  9.8680E-05
  1.8125E+01  8.6827E-05
  1.8137E+01  7.5028E-05
  1.8149E+01  6.3920E-05
  1.8161E+01  5.4105E-05
  1.8173E+01  4.6104E-05
  1.8185E+01  4.0305E-05
  1.8197E+01  3.6935E-05
  1.8209E+01  3.6033E-05
  1.8220E+01  3.7440E-05
  1.8232E+01  4.0813E-05
  1.8244E+01  4.5649E-05
  1.8256E+01  5.1328E-05
  1.8268E+01  5.7170E-05
  1.8280E+01  6.2499E-05
  1.8292E+01  6.6704E-05
  1.8304E+01  6.9302E-05
  1.8316E+01  6.9989E-05
  1.8328E+01  6.8677E-05
  1.8340E+01  6.5510E-05
  1.8351E+01  6.0861E-05
  1.8363E+01  5.5303E-05
  1.8375E+01  4.9564E-05
  1.8387E+01  4.4461E-05
  1.8399E+01  4.0819E-05
  1.8411E+01  3.9389E-05
  1.8423E+01  4.0766E-05
  1.8435E+01  4.5322E-05
  1.8447E+01  5.3157E-05
  1.8459E+01  6.4080E-05
  1.8471E+01  7.7618E-05
  1.8482E+01  9.3063E-05
  1.8494E+01  1.0954E-04
  1.8506E+01  1.2612E-04
  1.8518E+01  1.4191E-04
  1.8530E+01  1.5620E-04
  1.8542E+01  1.6858E-04
  1.8554E+01  1.7906E-04
  1.8566E+01  1.8810E-04
  1.8578E+01  1.9673E-04
  1.8590E+01  2.0650E-04
  1.8602E+01  2.1945E-04
  1.8613E+01  2.3803E-04
  1.8625E+01  2.6491E-04
  1.8637E+01  3.0285E-04
  1.8649E+01  3.5446E-04
  1.8661E+01  4.2199E-04
  1.8673E+01  5.0709E-04
  1.8685E+01  6.1067E-04
  1.8697E+01  7.3270E-04
  1.8709E+01  8.7216E-04
  1.8721E+01  1.0270E-03
  1.8733E+01  1.1940E-03
  1.8744E+01  1.3692E-03
  1.8756E+01  1.5477E-03
  1.8768E+01  1.7241E-03
  1.8780E+01  1.8926E-03
  1.8792E+01  2.0475E-03
  1.8804E+01  2.1831E-03
  1.8816E+01  2.2944E-03
  1.8828E+01  2.3772E-03
  1.8840E+01  2.4284E-03
  1.8852E+01  2.4461E-03
  1.8864E+01  2.4297E-03
  1.8875E+01  2.3802E-03
  1.8887E+01  2.2997E-03
  1.8899E+01  2.1916E-03
  1.8911E+01  2.0601E-03
  1.8923E+01  1.9102E-03
  1.8935E+01  1.7474E-03
  1.8947E+01  1.5770E-03
  1.8959E+01  1.4044E-03
  1.8971E+01  1.2345E-03
  1.8983E+01  1.0714E-03
  1.8995E+01  9.1884E-04
  1.9006E+01  7.7933E-04
  1.9018E+01  6.5467E-04
  1.9030E+01  5.4576E-04
  1.9042E+01  4.5269E-04
  1.9054E+01  3.7486E-04
  1.9066E+01  3.1108E-04
  1.9078E+01  2.5977E-04
  1.9090E+01  2.1906E-04
  1.9102E+01  1.8701E-04
  1.9114E+01  1.6172E-04
  1.9126E+01  1.4144E-04
  1.9137E+01  1.2468E-04
  1.9149E+01  1.1025E-04
  1.9161E+01  9.7279E-05
  1.9173E+01  8.5216E-05
  1.9185E+01  7.3785E-05
  1.9197E+01  6.2932E-05
  1.9209E+01  5.2765E-05
  1.9221E+01  4.3487E-05
  1.9233E+01  3.5330E-05
  1.9245E+01  2.8503E-05
  1.9257E+01  2.3147E-05
  1.9268E+01  1.9310E-05
  1.9280E+01  1.6935E-05
  1.9292E+01  1.5865E-05
  1.9304E+01  1.5858E-05
  1.9316E+01  1.6613E-05
  1.9328E+01  1.7806E-05
  1.9340E+01  1.9115E-05
  1.9352E+01  2.0257E-05
  1.9364E+01  2.1008E-05
  1.9376E+01  2.1221E-05
  1.9388E+01  2.0828E-05
  1.9399E+01  1.9844E-05
  1.9411E+01  1.8352E-05
  1.9423E+01  1.6489E-05
  1.9435E+01  1.4423E-05
  1.9447E+01  1.2335E-05
  1.9459E+01  1.0398E-05
  1.9471E+01  8.7570E-06
  1.9483E+01  7.5178E-06
  1.9495E+01  6.7388E-06
  1.9507E+01  6.4296E-06
  1.9519E+01  6.5552E-06
  1.9530E+01  7.0444E-06
  1.9542E+01  7.8019E-06
  1.9554E+01  8.7219E-06
  1.9566E+01  9.7014E-06
  1.9578E+01  1.0652E-05
  1.9590E+01  1.1507E-05
  1.9602E+01  1.2230E-05
  1.9614E+01  1.2810E-05
  1.9626E+01  1.3263E-05
  1.9638E+01  1.3626E-05
  1.9650E+01  1.3944E-05
  1.9661E+01  1.4266E-05
  1.9673E+01  1.4636E-05
  1.9685E+01  1.5080E-05
  1.9697E+01  1.5609E-05
  1.9709E+01  1.6208E-05
  1.9721E+01  1.6844E-05
  1.9733E+01  1.7464E-05
  1.9745E+01  1.8005E-05
  1.9757E+01  1.8399E-05
  1.9769E+01  1.8582E-05
  1.9781E+01  1.8502E-05
  1.9792E+01  1.8126E-05
  1.9804E+01  1.7444E-05
  1.9816E+01  1.6471E-05
  1.9828E+01  1.5247E-05
  1.9840E+01  1.3831E-05
  1.9852E+01  1.2299E-05
  1.9864E+01  1.0736E-05
  1.9876E+01  9.2260E-06
  1.9888E+01  7.8475E-06
  1.9900E+01  6.6648E-06
  1.9912E+01  5.7227E-06
  1.9923E+01  5.0435E-06
  1.9935E+01  4.6254E-06
  1.9947E+01  4.4445E-06
  1.9959E+01  4.4576E-06
  1.9971E+01  4.6083E-06
  1.9983E+01  4.8329E-06
  1.9995E+01  5.0677E-06
  2.0007E+01  5.2549E-06
  2.0019E+01  5.3488E-06
  2.0031E+01  5.3187E-06
  2.0043E+01  5.1514E-06
  2.0054E+01  4.8509E-06
  2.0066E+01  4.4367E-06
  2.0078E+01  3.9402E-06
  2.0090E+01  3.4008E-06
  2.0102E+01  2.8601E-06
  2.0114E+01  2.3581E-06
  2.0126E+01  1.9278E-06
  2.0138E+01  1.5926E-06
  2.0150E+01  1.3642E-06
  2.0162E+01  1.2415E-06
  2.0174E+01  1.2126E-06
  2.0185E+01  1.2559E-06
  2.0197E+01  1.3442E-06
  2.0209E+01  1.4480E-06
  2.0221E+01  1.5393E-06
  2.0233E+01  1.5952E-06
  2.0245E+01  1.5997E-06
  2.0257E+01  1.5461E-06
  2.0269E+01  1.4365E-06
  2.0281E+01  1.2814E-06
  2.0293E+01  1.0977E-06
  2.0305E+01  9.0628E-07
  2.0316E+01  7.2907E-07
  2.0328E+01  5.8636E-07
  2.0340E+01  4.9423E-07
  2.0352E+01  4.6285E-07
  2.0364E+01  4.9559E-07
  2.0376E+01  5.8916E-07
  2.0388E+01  7.3474E-07
  2.0400E+01  9.1993E-07
  2.0412E+01  1.1312E-06
  2.0424E+01  1.3566E-06
  2.0436E+01  1.5882E-06
  2.0447E+01  1.8243E-06
  2.0459E+01  2.0703E-06
  2.0471E+01  2.3390E-06
  2.0483E+01  2.6497E-06
  2.0495E+01  3.0260E-06
  2.0507E+01  3.4936E-06
  2.0519E+01  4.0764E-06
  2.0531E+01  4.7931E-06
  2.0543E+01  5.6541E-06
  2.0555E+01  6.6584E-06
  2.0567E+01  7.7921E-06
  2.0578E+01  9.0275E-06
  2.0590E+01  1.0324E-05
  2.0602E+01  1.1630E-05
  2.0614E+01  1.2888E-05
  2.0626E+01  1.4034E-05
  2.0638E+01  1.5009E-05
  2.0650E+01  1.5760E-05
  2.0662E+01  1.6242E-05
  2.0674E+01  1.6428E-05
  2.0686E+01  1.6305E-05
  2.0698E+01  1.5878E-05
  2.0709E+01  1.5172E-05
  2.0721E+01  1.4224E-05
  2.0733E+01  1.3084E-05
  2.0745E+01  1.1813E-05
  2.0757E+01  1.0474E-05
  2.0769E+01  9.1289E-06
  2.0781E+01  7.8370E-06
  2.0793E+01  6.6473E-06
  2.0805E+01  5.5973E-06
  2.0817E+01  4.7105E-06
  2.0829E+01  3.9966E-06
  2.0840E+01  3.4514E-06
  2.0852E+01  3.0590E-06
  2.0864E+01  2.7947E-06
  2.0876E+01  2.6279E-06
  2.0888E+01  2.5263E-06
  2.0900E+01  2.4584E-06
  2.0912E+01  2.3971E-06
  2.0924E+01  2.3214E-06
  2.0936E+01  2.2180E-06
  2.0948E+01  2.0811E-06
  2.0960E+01  1.9121E-06
  2.0971E+01  1.7185E-06
  2.0983E+01  1.5115E-06
  2.0995E+01  1.3047E-06
  2.1007E+01  1.1112E-06
  2.1019E+01  9.4204E-07
  2.1031E+01  8.0503E-07
  2.1043E+01  7.0352E-07
  2.1055E+01  6.3640E-07
  2.1067E+01  5.9857E-07
  2.1079E+01  5.8192E-07
  2.1091E+01  5.7671E-07
  2.1102E+01  5.7316E-07
  2.1114E+01  5.6288E-07
  2.1126E+01  5.4018E-07
  2.1138E+01  5.0283E-07
  2.1150E+01  4.5245E-07
  2.1162E+01  3.9430E-07
  2.1174E+01  3.3655E-07
  2.1186E+01  2.8932E-07
  2.1198E+01  2.6332E-07
  2.1210E+01  2.6863E-07
  2.1222E+01  3.1355E-07
  2.1233E+01  4.0381E-07
  2.1245E+01  5.4230E-07
  2.1257E+01  7.2930E-07
  2.1269E+01  9.6330E-07
  2.1281E+01  1.2422E-06
  2.1293E+01  1.5650E-06
  2.1305E+01  1.9331E-06
  2.1317E+01  2.3523E-06
  2.1329E+01  2.8331E-06
  2.1341E+01  3.3917E-06
  2.1353E+01  4.0494E-06
  2.1364E+01  4.8312E-06
  2.1376E+01  5.7641E-06
  2.1388E+01  6.8739E-06
  2.1400E+01  8.1822E-06
  2.1412E+01  9.7025E-06
  2.1424E+01  1.1438E-05
  2.1436E+01  1.3376E-05
  2.1448E+01  1.5490E-05
  2.1460E+01  1.7736E-05
  2.1472E+01  2.0053E-05
  2.1483E+01  2.2368E-05
  2.1495E+01  2.4597E-05
  2.1507E+01  2.6650E-05
  2.1519E+01  2.8437E-05
  2.1531E+01  2.9877E-05
  2.1543E+01  3.0897E-05
  2.1555E+01  3.1443E-05
  2.1567E+01  3.1482E-05
  2.1579E+01  3.1003E-05
  2.1591E+01  3.0023E-05
  2.1603E+01  2.8581E-05
  2.1614E+01  2.6739E-05
  2.1626E+01  2.4578E-05
  2.1638E+01  2.2193E-05
  2.1650E+01  1.9685E-05
  2.1662E+01  1.7158E-05
  2.1674E+01  1.4710E-05
  2.1686E+01  1.2428E-05
  2.1698E+01  1.0380E-05
  2.1710E+01  8.6165E-06
  2.1722E+01  7.1650E-06
  2.1734E+01  6.0297E-06
  2.1745E+01  5.1944E-06
  2.1757E+01  4.6254E-06
  2.1769E+01  4.2755E-06
  2.1781E+01  4.0895E-06
  2.1793E+01  4.0095E-06
  2.1805E+01  3.9801E-06
  2.1817E+01  3.9527E-06
  2.1829E+01  3.8893E-06
  2.1841E+01  3.7641E-06
  2.1853E+01  3.5650E-06
  2.1865E+01  3.2930E-06
  2.1876E+01  2.9602E-06
  2.1888E+01  2.5876E-06
  2.1900E+01  2.2017E-06
  2.1912E+01  1.8306E-06
  2.1924E+01  1.5009E-06
  2.1936E+01  1.2347E-06
  2.1948E+01  1.0468E-06
  2.1960E+01  9.4377E-07
  2.1972E+01  9.2356E-07
  2.1984E+01  9.7607E-07
  2.1996E+01  1.0847E-06
  2.2007E+01  1.2287E-06
  2.2019E+01  1.3852E-06
  2.2031E+01  1.5322E-06
  2.2043E+01  1.6508E-06
  2.2055E+01  1.7269E-06
  2.2067E+01  1.7530E-06
  2.2079E+01  1.7279E-06
  2.2091E+01  1.6576E-06
  2.2103E+01  1.5536E-06
  2.2115E+01  1.4317E-06
  2.2127E+01  1.3108E-06
  2.2138E+01  1.2101E-06
  2.2150E+01  1.1478E-06
  2.2162E+01  1.1397E-06
  2.2174E+01  1.1978E-06
  2.2186E+01  1.3300E-06
  2.2198E+01  1.5402E-06
  2.2210E+01  1.8286E-06
  2.2222E+01  2.1932E-06
  2.2234E+01  2.6301E-06
  2.2246E+01  3.1356E-06
  2.2258E+01  3.7061E-06
  2.2269E+01  4.3396E-06
  2.2281E+01  5.0353E-06
  2.2293E+01  5.7935E-06
  2.2305E+01  6.6145E-06
  2.2317E+01  7.4976E-06
  2.2329E+01  8.4396E-06
  2.2341E+01  9.4333E-06
  2.2353E+01  1.0466E-05
  2.2365E+01  1.1520E-05
  2.2377E+01  1.2569E-05
  2.2389E+01  1.3583E-05
  2.2400E+01  1.4527E-05
  2.2412E+01  1.5361E-05
  2.2424E+01  1.6046E-05
  2.2436E+01  1.6545E-05
  2.2448E+01  1.6826E-05
  2.2460E+01  1.6865E-05
  2.2472E+01  1.6648E-05
  2.2484E+01  1.6173E-05
  2.2496E+01  1.5452E-05
  2.2508E+01  1.4509E-05
  2.2520E+01  1.3381E-05
  2.2531E+01  1.2115E-05
  2.2543E+01  1.0766E-05
  2.2555E+01  9.3907E-06
  2.2567E+01  8.0475E-06
  2.2579E+01  6.7894E-06
  2.2591E+01  5.6614E-06
  2.2603E+01  4.6973E-06
  2.2615E+01  3.9180E-06
  2.2627E+01  3.3300E-06
  2.2639E+01  2.9265E-06
  2.2651E+01  2.6882E-06
  2.2662E+01  2.5860E-06
  2.2674E+01  2.5842E-06
  2.2686E+01  2.6440E-06
  2.2698E+01  2.7268E-06
  2.2710E+01  2.7982E-06
  2.2722E+01  2.8300E-06
  2.2734E+01  2.8031E-06
  2.2746E+01  2.7078E-06
  2.2758E+01  2.5445E-06
  2.2770E+01  2.3226E-06
  2.2782E+01  2.0587E-06
  2.2793E+01  1.7745E-06
  2.2805E+01  1.4937E-06
  2.2817E+01  1.2394E-06
  2.2829E+01  1.0314E-06
  2.2841E+01  8.8398E-07
  2.2853E+01  8.0483E-07
  2.2865E+01  7.9418E-07
  2.2877E+01  8.4516E-07
  2.2889E+01  9.4481E-07
  2.2901E+01  1.0757E-06
  2.2913E+01  1.2181E-06
  2.2924E+01  1.3519E-06
  2.2936E+01  1.4592E-06
  2.2948E+01  1.5260E-06
  2.2960E+01  1.5436E-06
  2.2972E+01  1.5094E-06
  2.2984E+01  1.4269E-06
  2.2996E+01  1.3056E-06
  2.3008E+01  1.1591E-06
  2.3020E+01  1.0041E-06
  2.3032E+01  8.5808E-07
  2.3044E+01  7.3779E-07
  2.3055E+01  6.5720E-07
  2.3067E+01  6.2636E-07
  2.3079E+01  6.5056E-07
  2.3091E+01  7.3009E-07
  2.3103E+01  8.6060E-07
  2.3115E+01  1.0340E-06
  2.3127E+01  1.2396E-06
  2.3139E+01  1.4656E-06
  2.3151E+01  1.7008E-06
  2.3163E+01  1.9355E-06
  2.3175E+01  2.1630E-06
  2.3186E+01  2.3799E-06
  2.3198E+01  2.5864E-06
  2.3210E+01  2.7859E-06
  2.3222E+01  2.9840E-06
  2.3234E+01  3.1877E-06
  2.3246E+01  3.4033E-06
  2.3258E+01  3.6360E-06
  2.3270E+01  3.8878E-06
  2.3282E+01  4.1571E-06
  2.3294E+01  4.4381E-06
  2.3306E+01  4.7207E-06
  2.3317E+01  4.9917E-06
  2.3329E+01  5.2350E-06
  2.3341E+01  5.4336E-06
  2.3353E+01  5.5711E-06
  2.3365E+01  5.6334E-06
  2.3377E+01  5.6099E-06
  2.3389E+01  5.4954E-06
  2.3401E+01  5.2901E-06
  2.3413E+01  5.0006E-06
  2.3425E+01  4.6389E-06
  2.3437E+01  4.2221E-06
  2.3448E+01  3.7703E-06
  2.3460E+01  3.3056E-06
  2.3472E+01  2.8497E-06
  2.3484E+01  2.4225E-06
  2.3496E+01  2.0403E-06
  2.3508E+01  1.7147E-06
  2.3520E+01  1.4518E-06
  2.3532E+01  1.2524E-06
  2.3544E+01  1.1126E-06
  2.3556E+01  1.0238E-06
  2.3568E+01  9.7523E-07
  2.3579E+01  9.5422E-07
  2.3591E+01  9.4836E-07
  2.3603E+01  9.4654E-07
  2.3615E+01  9.4004E-07
  2.3627E+01  9.2325E-07
  2.3639E+01  8.9382E-07
  2.3651E+01  8.5258E-07
  2.3663E+01  8.0287E-07
  2.3675E+01  7.4975E-07
  2.3687E+01  6.9890E-07
  2.3699E+01  6.5564E-07
  2.3710E+01  6.2397E-07
  2.3722E+01  6.0595E-07
  2.3734E+01  6.0135E-07
  2.3746E+01  6.0770E-07
  2.3758E+01  6.2069E-07
  2.3770E+01  6.3485E-07
  2.3782E+01  6.4440E-07
  2.3794E+01  6.4424E-07
  2.3806E+01  6.3075E-07
  2.3818E+01  6.0249E-07
  2.3830E+01  5.6060E-07
  2.3841E+01  5.0876E-07
  2.3853E+01  4.5293E-07
  2.3865E+01  4.0061E-07
  2.3877E+01  3.5997E-07
  2.3889E+01  3.3885E-07
  2.3901E+01  3.4380E-07
  2.3913E+01  3.7930E-07
  2.3925E+01  4.4733E-07
  2.3937E+01  5.4739E-07
  2.3949E+01  6.7693E-07
  2.3961E+01  8.3221E-07
  2.3972E+01  1.0095E-06
  2.3984E+01  1.2065E-06
  2.3996E+01  1.4235E-06
  2.4008E+01  1.6650E-06
  2.4020E+01  1.9400E-06
  2.4032E+01  2.2624E-06
  2.4044E+01  2.6505E-06
  2.4056E+01  3.1255E-06
  2.4068E+01  3.7101E-06
  2.4080E+01  4.4253E-06
  2.4092E+01  5.2883E-06
  2.4103E+01  6.3088E-06
  2.4115E+01  7.4872E-06
  2.4127E+01  8.8119E-06
  2.4139E+01  1.0259E-05
  2.4151E+01  1.1790E-05
  2.4163E+01  1.3358E-05
  2.4175E+01  1.4902E-05
  2.4187E+01  1.6359E-05
  2.4199E+01  1.7661E-05
  2.4211E+01  1.8743E-05
  2.4223E+01  1.9547E-05
  2.4234E+01  2.0028E-05
  2.4246E+01  2.0154E-05
  2.4258E+01  1.9913E-05
  2.4270E+01  1.9314E-05
  2.4282E+01  1.8384E-05
  2.4294E+01  1.7168E-05
  2.4306E+01  1.5729E-05
  2.4318E+01  1.4139E-05
  2.4330E+01  1.2475E-05
  2.4342E+01  1.0815E-05
  2.4354E+01  9.2311E-06
  2.4365E+01  7.7845E-06
  2.4377E+01  6.5215E-06
  2.4389E+01  5.4712E-06
  2.4401E+01  4.6447E-06
  2.4413E+01  4.0355E-06
  2.4425E+01  3.6221E-06
  2.4437E+01  3.3712E-06
  2.4449E+01  3.2417E-06
  2.4461E+01  3.1893E-06
  2.4473E+01  3.1712E-06
  2.4485E+01  3.1499E-06
  2.4496E+01  3.0964E-06
  2.4508E+01  2.9921E-06
  2.4520E+01  2.8294E-06
  2.4532E+01  2.6117E-06
  2.4544E+01  2.3509E-06
  2.4556E+01  2.0651E-06
  2.4568E+01  1.7757E-06
  2.4580E+01  1.5039E-06
  2.4592E+01  1.2675E-06
  2.4604E+01  1.0791E-06
  2.4616E+01  9.4457E-07
  2.4627E+01  8.6234E-07
  2.4639E+01  8.2449E-07
  2.4651E+01  8.1813E-07
  2.4663E+01  8.2771E-07
  2.4675E+01  8.3759E-07
  2.4687E+01  8.3463E-07
  2.4699E+01  8.1045E-07
  2.4711E+01  7.6301E-07
  2.4723E+01  6.9736E-07
  2.4735E+01  6.2540E-07
  2.4747E+01  5.6476E-07
  2.4758E+01  5.3692E-07
  2.4770E+01  5.6484E-07
  2.4782E+01  6.7062E-07
  2.4794E+01  8.7332E-07
  2.4806E+01  1.1876E-06
  2.4818E+01  1.6231E-06
  2.4830E+01  2.1854E-06
  2.4842E+01  2.8773E-06
  2.4854E+01  3.7020E-06
  2.4866E+01  4.6658E-06
  2.4878E+01  5.7820E-06
  2.4889E+01  7.0735E-06
  2.4901E+01  8.5752E-06
  2.4913E+01  1.0334E-05
  2.4925E+01  1.2409E-05
  2.4937E+01  1.4866E-05
  2.4949E+01  1.7774E-05
  2.4961E+01  2.1197E-05
  2.4973E+01  2.5185E-05
  2.4985E+01  2.9767E-05
  2.4997E+01  3.4942E-05
  2.5009E+01  4.0670E-05
  2.5020E+01  4.6868E-05
  2.5032E+01  5.3409E-05
  2.5044E+01  6.0124E-05
  2.5056E+01  6.6803E-05
  2.5068E+01  7.3208E-05
  2.5080E+01  7.9085E-05
  2.5092E+01  8.4176E-05
  2.5104E+01  8.8238E-05
  2.5116E+01  9.1058E-05
  2.5128E+01  9.2470E-05
  2.5140E+01  9.2372E-05
  2.5151E+01  9.0730E-05
  2.5163E+01  8.7589E-05
  2.5175E+01  8.3073E-05
  2.5187E+01  7.7377E-05
  2.5199E+01  7.0755E-05
  2.5211E+01  6.3507E-05
  2.5223E+01  5.5957E-05
  2.5235E+01  4.8432E-05
  2.5247E+01  4.1239E-05
  2.5259E+01  3.4644E-05
  2.5271E+01  2.8861E-05
  2.5282E+01  2.4031E-05
  2.5294E+01  2.0226E-05
  2.5306E+01  1.7440E-05
  2.5318E+01  1.5601E-05
  2.5330E+01  1.4577E-05
  2.5342E+01  1.4193E-05
  2.5354E+01  1.4250E-05
  2.5366E+01  1.4540E-05
  2.5378E+01  1.4869E-05
  2.5390E+01  1.5068E-05
  2.5401E+01  1.5015E-05
  2.5413E+01  1.4632E-05
  2.5425E+01  1.3897E-05
  2.5437E+01  1.2840E-05
  2.5449E+01  1.1532E-05
  2.5461E+01  1.0077E-05
  2.5473E+01  8.5993E-06
  2.5485E+01  7.2250E-06
  2.5497E+01  6.0699E-06
  2.5509E+01  5.2256E-06
  2.5521E+01  4.7502E-06
  2.5532E+01  4.6629E-06
  2.5544E+01  4.9422E-06
  2.5556E+01  5.5292E-06
  2.5568E+01  6.3347E-06
  2.5580E+01  7.2492E-06
  2.5592E+01  8.1554E-06
  2.5604E+01  8.9408E-06
  2.5616E+01  9.5095E-06
  2.5628E+01  9.7931E-06
  2.5640E+01  9.7569E-06
  2.5652E+01  9.4030E-06
  2.5663E+01  8.7697E-06
  2.5675E+01  7.9258E-06
  2.5687E+01  6.9628E-06
  2.5699E+01  5.9838E-06
  2.5711E+01  5.0921E-06
  2.5723E+01  4.3796E-06
  2.5735E+01  3.9169E-06
  2.5747E+01  3.7457E-06
  2.5759E+01  3.8748E-06
  2.5771E+01  4.2796E-06
  2.5783E+01  4.9054E-06
  2.5794E+01  5.6741E-06
  2.5806E+01  6.4937E-06
  2.5818E+01  7.2692E-06
  2.5830E+01  7.9139E-06
  2.5842E+01  8.3599E-06
  2.5854E+01  8.5666E-06
  2.5866E+01  8.5258E-06
  2.5878E+01  8.2636E-06
  2.5890E+01  7.8374E-06
  2.5902E+01  7.3307E-06
  2.5914E+01  6.8432E-06
  2.5925E+01  6.4804E-06
  2.5937E+01  6.3413E-06
  2.5949E+01  6.5069E-06
  2.5961E+01  7.0306E-06
  2.5973E+01  7.9309E-06
  2.5985E+01  9.1878E-06
  2.5997E+01  1.0743E-05
  2.6009E+01  1.2505E-05
  2.6021E+01  1.4354E-05
  2.6033E+01  1.6157E-05
  2.6045E+01  1.7777E-05
  2.6056E+01  1.9088E-05
  2.6068E+01  1.9986E-05
  2.6080E+01  2.0398E-05
  2.6092E+01  2.0295E-05
  2.6104E+01  1.9685E-05
  2.6116E+01  1.8623E-05
  2.6128E+01  1.7197E-05
  2.6140E+01  1.5522E-05
  2.6152E+01  1.3732E-05
  2.6164E+01  1.1963E-05
  2.6176E+01  1.0342E-05
  2.6187E+01  8.9779E-06
  2.6199E+01  7.9479E-06
  2.6211E+01  7.2946E-06
  2.6223E+01  7.0221E-06
  2.6235E+01  7.0973E-06
  2.6247E+01  7.4551E-06
  2.6259E+01  8.0057E-06
  2.6271E+01  8.6453E-06
  2.6283E+01  9.2671E-06
  2.6295E+01  9.7725E-06
  2.6307E+01  1.0081E-05
  2.6318E+01  1.0137E-05
  2.6330E+01  9.9167E-06
  2.6342E+01  9.4266E-06
  2.6354E+01  8.7028E-06
  2.6366E+01  7.8055E-06
  2.6378E+01  6.8115E-06
  2.6390E+01  5.8052E-06
  2.6402E+01  4.8692E-06
  2.6414E+01  4.0755E-06
  2.6426E+01  3.4785E-06
  2.6438E+01  3.1094E-06
  2.6449E+01  2.9741E-06
  2.6461E+01  3.0536E-06
  2.6473E+01  3.3069E-06
  2.6485E+01  3.6771E-06
  2.6497E+01  4.0976E-06
  2.6509E+01  4.5008E-06
  2.6521E+01  4.8256E-06
  2.6533E+01  5.0238E-06
  2.6545E+01  5.0657E-06
  2.6557E+01  4.9421E-06
  2.6569E+01  4.6649E-06
  2.6580E+01  4.2650E-06
  2.6592E+01  3.7876E-06
  2.6604E+01  3.2870E-06
  2.6616E+01  2.8197E-06
  2.6628E+01  2.4383E-06
  2.6640E+01  2.1855E-06
  2.6652E+01  2.0903E-06
  2.6664E+01  2.1649E-06
  2.6676E+01  2.4049E-06
  2.6688E+01  2.7908E-06
  2.6700E+01  3.2915E-06
  2.6711E+01  3.8690E-06
  2.6723E+01  4.4841E-06
  2.6735E+01  5.1018E-06
  2.6747E+01  5.6961E-06
  2.6759E+01  6.2530E-06
  2.6771E+01  6.7726E-06
  2.6783E+01  7.2679E-06
  2.6795E+01  7.7628E-06
  2.6807E+01  8.2881E-06
  2.6819E+01  8.8761E-06
  2.6831E+01  9.5551E-06
  2.6842E+01  1.0344E-05
  2.6854E+01  1.1247E-05
  2.6866E+01  1.2252E-05
  2.6878E+01  1.3329E-05
  2.6890E+01  1.4431E-05
  2.6902E+01  1.5496E-05
  2.6914E+01  1.6456E-05
  2.6926E+01  1.7239E-05
  2.6938E+01  1.7779E-05
  2.6950E+01  1.8022E-05
  2.6962E+01  1.7933E-05
  2.6973E+01  1.7497E-05
  2.6985E+01  1.6725E-05
  2.6997E+01  1.5654E-05
  2.7009E+01  1.4340E-05
  2.7021E+01  1.2857E-05
  2.7033E+01  1.1290E-05
  2.7045E+01  9.7250E-06
  2.7057E+01  8.2453E-06
  2.7069E+01  6.9218E-06
  2.7081E+01  5.8081E-06
  2.7093E+01  4.9364E-06
  2.7104E+01  4.3159E-06
  2.7116E+01  3.9332E-06
  2.7128E+01  3.7551E-06
  2.7140E+01  3.7336E-06
  2.7152E+01  3.8118E-06
  2.7164E+01  3.9303E-06
  2.7176E+01  4.0344E-06
  2.7188E+01  4.0792E-06
  2.7200E+01  4.0342E-06
  2.7212E+01  3.8858E-06
  2.7224E+01  3.6370E-06
  2.7235E+01  3.3060E-06
  2.7247E+01  2.9228E-06
  2.7259E+01  2.5245E-06
  2.7271E+01  2.1496E-06
  2.7283E+01  1.8334E-06
  2.7295E+01  1.6031E-06
  2.7307E+01  1.4744E-06
  2.7319E+01  1.4501E-06
  2.7331E+01  1.5200E-06
  2.7343E+01  1.6625E-06
  2.7355E+01  1.8477E-06
  2.7366E+01  2.0420E-06
  2.7378E+01  2.2126E-06
  2.7390E+01  2.3317E-06
  2.7402E+01  2.3805E-06
  2.7414E+01  2.3515E-06
  2.7426E+01  2.2496E-06
  2.7438E+01  2.0911E-06
  2.7450E+01  1.9015E-06
  2.7462E+01  1.7127E-06
  2.7474E+01  1.5583E-06
  2.7486E+01  1.4699E-06
  2.7497E+01  1.4737E-06
  2.7509E+01  1.5881E-06
  2.7521E+01  1.8223E-06
  2.7533E+01  2.1778E-06
  2.7545E+01  2.6497E-06
  2.7557E+01  3.2311E-06
  2.7569E+01  3.9171E-06
  2.7581E+01  4.7095E-06
  2.7593E+01  5.6207E-06
  2.7605E+01  6.6769E-06
  2.7617E+01  7.9179E-06
  2.7628E+01  9.3966E-06
  2.7640E+01  1.1174E-05
  2.7652E+01  1.3314E-05
  2.7664E+01  1.5875E-05
  2.7676E+01  1.8898E-05
  2.7688E+01  2.2402E-05
  2.7700E+01  2.6374E-05
  2.7712E+01  3.0760E-05
  2.7724E+01  3.5466E-05
  2.7736E+01  4.0355E-05
  2.7748E+01  4.5253E-05
  2.7759E+01  4.9959E-05
  2.7771E+01  5.4256E-05
  2.7783E+01  5.7924E-05
  2.7795E+01  6.0760E-05
  2.7807E+01  6.2596E-05
  2.7819E+01  6.3308E-05
  2.7831E+01  6.2833E-05
  2.7843E+01  6.1176E-05
  2.7855E+01  5.8410E-05
  2.7867E+01  5.4673E-05
  2.7879E+01  5.0157E-05
  2.7890E+01  4.5099E-05
  2.7902E+01  3.9759E-05
  2.7914E+01  3.4402E-05
  2.7926E+01  2.9279E-05
  2.7938E+01  2.4610E-05
  2.7950E+01  2.0564E-05
  2.7962E+01  1.7257E-05
  2.7974E+01  1.4737E-05
  2.7986E+01  1.2992E-05
  2.7998E+01  1.1948E-05
  2.8010E+01  1.1487E-05
  2.8021E+01  1.1457E-05
  2.8033E+01  1.1689E-05
  2.8045E+01  1.2016E-05
  2.8057E+01  1.2287E-05
  2.8069E+01  1.2381E-05
  2.8081E+01  1.2219E-05
  2.8093E+01  1.1764E-05
  2.8105E+01  1.1022E-05
  2.8117E+01  1.0038E-05
  2.8129E+01  8.8854E-06
  2.8141E+01  7.6561E-06
  2.8152E+01  6.4456E-06
  2.8164E+01  5.3423E-06
  2.8176E+01  4.4163E-06
  2.8188E+01  3.7120E-06
  2.8200E+01  3.2445E-06
  2.8212E+01  2.9998E-06
  2.8224E+01  2.9388E-06
  2.8236E+01  3.0051E-06
  2.8248E+01  3.1341E-06
  2.8260E+01  3.2639E-06
  2.8272E+01  3.3454E-06
  2.8283E+01  3.3499E-06
  2.8295E+01  3.2748E-06
  2.8307E+01  3.1454E-06
  2.8319E+01  3.0130E-06
  2.8331E+01  2.9499E-06
  2.8343E+01  3.0421E-06
  2.8355E+01  3.3812E-06
  2.8367E+01  4.0556E-06
  2.8379E+01  5.1443E-06
  2.8391E+01  6.7130E-06
  2.8403E+01  8.8136E-06
  2.8414E+01  1.1488E-05
  2.8426E+01  1.4776E-05
  2.8438E+01  1.8723E-05
  2.8450E+01  2.3395E-05
  2.8462E+01  2.8886E-05
  2.8474E+01  3.5329E-05
  2.8486E+01  4.2896E-05
  2.8498E+01  5.1800E-05
  2.8510E+01  6.2278E-05
  2.8522E+01  7.4582E-05
  2.8534E+01  8.8947E-05
  2.8545E+01  1.0556E-04
  2.8557E+01  1.2454E-04
  2.8569E+01  1.4587E-04
  2.8581E+01  1.6942E-04
  2.8593E+01  1.9487E-04
  2.8605E+01  2.2173E-04
  2.8617E+01  2.4933E-04
  2.8629E+01  2.7682E-04
  2.8641E+01  3.0325E-04
  2.8653E+01  3.2756E-04
  2.8665E+01  3.4868E-04
  2.8676E+01  3.6560E-04
  2.8688E+01  3.7740E-04
  2.8700E+01  3.8338E-04
  2.8712E+01  3.8307E-04
  2.8724E+01  3.7633E-04
  2.8736E+01  3.6331E-04
  2.8748E+01  3.4450E-04
  2.8760E+01  3.2071E-04
  2.8772E+01  2.9300E-04
  2.8784E+01  2.6262E-04
  2.8796E+01  2.3098E-04
  2.8807E+01  1.9947E-04
  2.8819E+01  1.6946E-04
  2.8831E+01  1.4215E-04
  2.8843E+01  1.1851E-04
  2.8855E+01  9.9234E-05
  2.8867E+01  8.4673E-05
  2.8879E+01  7.4835E-05
  2.8891E+01  6.9396E-05
  2.8903E+01  6.7741E-05
  2.8915E+01  6.9028E-05
  2.8927E+01  7.2265E-05
  2.8938E+01  7.6407E-05
  2.8950E+01  8.0446E-05
  2.8962E+01  8.3500E-05
  2.8974E+01  8.4888E-05
  2.8986E+01  8.4181E-05
  2.8998E+01  8.1231E-05
  2.9010E+01  7.6173E-05
  2.9022E+01  6.9401E-05
  2.9034E+01  6.1520E-05
  2.9046E+01  5.3274E-05
  2.9058E+01  4.5474E-05
  2.9069E+01  3.8908E-05
  2.9081E+01  3.4258E-05
  2.9093E+01  3.2033E-05
  2.9105E+01  3.2513E-05
  2.9117E+01  3.5718E-05
  2.9129E+01  4.1407E-05
  2.9141E+01  4.9096E-05
  2.9153E+01  5.8110E-05
  2.9165E+01  6.7652E-05
  2.9177E+01  7.6879E-05
  2.9188E+01  8.4994E-05
  2.9200E+01  9.1330E-05
  2.9212E+01  9.5422E-05
  2.9224E+01  9.7067E-05
  2.9236E+01  9.6355E-05
  2.9248E+01  9.3674E-05
  2.9260E+01  8.9696E-05
  2.9272E+01  8.5327E-05
  2.9284E+01  8.1638E-05
  2.9296E+01  7.9778E-05
  2.9308E+01  8.0882E-05
  2.9319E+01  8.5966E-05
  2.9331E+01  9.5841E-05
  2.9343E+01  1.1103E-04
  2.9355E+01  1.3172E-04
  2.9367E+01  1.5772E-04
  2.9379E+01  1.8848E-04
  2.9391E+01  2.2309E-04
  2.9403E+01  2.6036E-04
  2.9415E+01  2.9888E-04
  2.9427E+01  3.3710E-04
  2.9439E+01  3.7347E-04
  2.9450E+01  4.0646E-04
  2.9462E+01  4.3474E-04
  2.9474E+01  4.5717E-04
  2.9486E+01  4.7292E-04
  2.9498E+01  4.8148E-04
  2.9510E+01  4.8271E-04
  2.9522E+01  4.7676E-04
  2.9534E+01  4.6413E-04
  2.9546E+01  4.4557E-04
  2.9558E+01  4.2201E-04
  2.9570E+01  3.9454E-04
  2.9581E+01  3.6430E-04
  2.9593E+01  3.3242E-04
  2.9605E+01  2.9995E-04
  2.9617E+01  2.6783E-04
  2.9629E+01  2.3683E-04
  2.9641E+01  2.0756E-04
  2.9653E+01  1.8045E-04
  2.9665E+01  1.5574E-04
  2.9677E+01  1.3354E-04
  2.9689E+01  1.1383E-04
  2.9701E+01  9.6502E-05
  2.9712E+01  8.1370E-05
  2.9724E+01  6.8226E-05
  2.9736E+01  5.6853E-05
  2.9748E+01  4.7041E-05
  2.9760E+01  3.8601E-05
  2.9772E+01  3.1375E-05
  2.9784E+01  2.5229E-05
  2.9796E+01  2.0057E-05
  2.9808E+01  1.5767E-05
  2.9820E+01  1.2281E-05
  2.9832E+01  9.5227E-06
  2.9843E+01  7.4139E-06
  2.9855E+01  5.8703E-06
  2.9867E+01  4.8013E-06
  2.9879E+01  4.1112E-06
  2.9891E+01  3.7031E-06
  2.9903E+01  3.4835E-06
  2.9915E+01  3.3683E-06
  2.9927E+01  3.2869E-06
  2.9939E+01  3.1866E-06
  2.9951E+01  3.0348E-06
  2.9963E+01  2.8185E-06
  2.9974E+01  2.5428E-06
  2.9986E+01  2.2268E-06
  2.9998E+01  1.8992E-06
  3.0010E+01  1.5919E-06
  3.0022E+01  1.3352E-06
  3.0034E+01  1.1525E-06
  3.0046E+01  1.0575E-06
  3.0058E+01  1.0520E-06
  3.0070E+01  1.1264E-06
  3.0082E+01  1.2612E-06
  3.0094E+01  1.4301E-06
  3.0105E+01  1.6041E-06
  3.0117E+01  1.7554E-06
  3.0129E+01  1.8616E-06
  3.0141E+01  1.9082E-06
  3.0153E+01  1.8907E-06
  3.0165E+01  1.8152E-06
  3.0177E+01  1.6967E-06
  3.0189E+01  1.5575E-06
  3.0201E+01  1.4237E-06
  3.0213E+01  1.3217E-06
  3.0225E+01  1.2748E-06
  3.0236E+01  1.3005E-06
  3.0248E+01  1.4081E-06
  3.0260E+01  1.5988E-06
  3.0272E+01  1.8661E-06
  3.0284E+01  2.1973E-06
  3.0296E+01  2.5767E-06
  3.0308E+01  2.9885E-06
  3.0320E+01  3.4200E-06
  3.0332E+01  3.8641E-06
  3.0344E+01  4.3209E-06
  3.0356E+01  4.7982E-06
  3.0367E+01  5.3103E-06
  3.0379E+01  5.8760E-06
  3.0391E+01  6.5150E-06
  3.0403E+01  7.2441E-06
  3.0415E+01  8.0731E-06
  3.0427E+01  9.0011E-06
  3.0439E+01  1.0014E-05
  3.0451E+01  1.1084E-05
  3.0463E+01  1.2168E-05
  3.0475E+01  1.3213E-05
  3.0487E+01  1.4157E-05
  3.0498E+01  1.4940E-05
  3.0510E+01  1.5500E-05
  3.0522E+01  1.5788E-05
  3.0534E+01  1.5773E-05
  3.0546E+01  1.5438E-05
  3.0558E+01  1.4793E-05
  3.0570E+01  1.3868E-05
  3.0582E+01  1.2714E-05
  3.0594E+01  1.1401E-05
  3.0606E+01  1.0008E-05
  3.0618E+01  8.6181E-06
  3.0629E+01  7.3136E-06
  3.0641E+01  6.1647E-06
  3.0653E+01  5.2256E-06
  3.0665E+01  4.5295E-06
  3.0677E+01  4.0862E-06
  3.0689E+01  3.8823E-06
  3.0701E+01  3.8833E-06
  3.0713E+01  4.0386E-06
  3.0725E+01  4.2872E-06
  3.0737E+01  4.5646E-06
  3.0749E+01  4.8098E-06
  3.0760E+01  4.9716E-06
  3.0772E+01  5.0138E-06
  3.0784E+01  4.9177E-06
  3.0796E+01  4.6836E-06
  3.0808E+01  4.3295E-06
  3.0820E+01  3.8879E-06
  3.0832E+01  3.4012E-06
  3.0844E+01  2.9159E-06
  3.0856E+01  2.4770E-06
  3.0868E+01  2.1223E-06
  3.0880E+01  1.8784E-06
  3.0891E+01  1.7573E-06
  3.0903E+01  1.7563E-06
  3.0915E+01  1.8587E-06
  3.0927E+01  2.0365E-06
  3.0939E+01  2.2549E-06
  3.0951E+01  2.4766E-06
  3.0963E+01  2.6675E-06
  3.0975E+01  2.8004E-06
  3.0987E+01  2.8590E-06
  3.0999E+01  2.8397E-06
  3.1011E+01  2.7516E-06
  3.1022E+01  2.6154E-06
  3.1034E+01  2.4608E-06
  3.1046E+01  2.3227E-06
  3.1058E+01  2.2371E-06
  3.1070E+01  2.2378E-06
  3.1082E+01  2.3529E-06
  3.1094E+01  2.6034E-06
  3.1106E+01  3.0030E-06
  3.1118E+01  3.5597E-06
  3.1130E+01  4.2784E-06
  3.1142E+01  5.1651E-06
  3.1153E+01  6.2304E-06
  3.1165E+01  7.4936E-06
  3.1177E+01  8.9850E-06
  3.1189E+01  1.0746E-05
  3.1201E+01  1.2829E-05
  3.1213E+01  1.5291E-05
  3.1225E+01  1.8187E-05
  3.1237E+01  2.1567E-05
  3.1249E+01  2.5458E-05
  3.1261E+01  2.9862E-05
  3.1273E+01  3.4744E-05
  3.1284E+01  4.0027E-05
  3.1296E+01  4.5589E-05
  3.1308E+01  5.1264E-05
  3.1320E+01  5.6851E-05
  3.1332E+01  6.2119E-05
  3.1344E+01  6.6827E-05
  3.1356E+01  7.0736E-05
  3.1368E+01  7.3629E-05
  3.1380E+01  7.5328E-05
  3.1392E+01  7.5711E-05
  3.1404E+01  7.4724E-05
  3.1415E+01  7.2386E-05
  3.1427E+01  6.8793E-05
  3.1439E+01  6.4116E-05
  3.1451E+01  5.8585E-05
  3.1463E+01  5.2478E-05
  3.1475E+01  4.6100E-05
  3.1487E+01  3.9762E-05
  3.1499E+01  3.3755E-05
  3.1511E+01  2.8333E-05
  3.1523E+01  2.3693E-05
  3.1535E+01  1.9959E-05
  3.1546E+01  1.7183E-05
  3.1558E+01  1.5340E-05
  3.1570E+01  1.4334E-05
  3.1582E+01  1.4016E-05
  3.1594E+01  1.4198E-05
  3.1606E+01  1.4671E-05
  3.1618E+01  1.5232E-05
  3.1630E+01  1.5697E-05
  3.1642E+01  1.5919E-05
  3.1654E+01  1.5801E-05
  3.1666E+01  1.5297E-05
  3.1677E+01  1.4416E-05
  3.1689E+01  1.3213E-05
  3.1701E+01  1.1780E-05
  3.1713E+01  1.0233E-05
  3.1725E+01  8.6914E-06
  3.1737E+01  7.2704E-06
  3.1749E+01  6.0619E-06
  3.1761E+01  5.1275E-06
  3.1773E+01  4.4933E-06
  3.1785E+01  4.1495E-06
  3.1797E+01  4.0555E-06
  3.1808E+01  4.1487E-06
  3.1820E+01  4.3561E-06
  3.1832E+01  4.6069E-06
  3.1844E+01  4.8452E-06
  3.1856E+01  5.0397E-06
  3.1868E+01  5.1911E-06
  3.1880E+01  5.3351E-06
  3.1892E+01  5.5412E-06
  3.1904E+01  5.9078E-06
  3.1916E+01  6.5549E-06
  3.1928E+01  7.6146E-06
  3.1939E+01  9.2229E-06
  3.1951E+01  1.1512E-05
  3.1963E+01  1.4608E-05
  3.1975E+01  1.8630E-05
  3.1987E+01  2.3695E-05
  3.1999E+01  2.9929E-05
  3.2011E+01  3.7478E-05
  3.2023E+01  4.6517E-05
  3.2035E+01  5.7267E-05
  3.2047E+01  6.9996E-05
  3.2059E+01  8.5017E-05
  3.2070E+01  1.0268E-04
  3.2082E+01  1.2337E-04
  3.2094E+01  1.4742E-04
  3.2106E+01  1.7515E-04
  3.2118E+01  2.0675E-04
  3.2130E+01  2.4226E-04
  3.2142E+01  2.8154E-04
  3.2154E+01  3.2417E-04
  3.2166E+01  3.6950E-04
  3.2178E+01  4.1657E-04
  3.2190E+01  4.6414E-04
  3.2201E+01  5.1077E-04
  3.2213E+01  5.5482E-04
  3.2225E+01  5.9454E-04
  3.2237E+01  6.2820E-04
  3.2249E+01  6.5419E-04
  3.2261E+01  6.7109E-04
  3.2273E+01  6.7783E-04
  3.2285E+01  6.7377E-04
  3.2297E+01  6.5874E-04
  3.2309E+01  6.3312E-04
  3.2321E+01  5.9784E-04
  3.2332E+01  5.5433E-04
  3.2344E+01  5.0447E-04
  3.2356E+01  4.5049E-04
  3.2368E+01  3.9481E-04
  3.2380E+01  3.3992E-04
  3.2392E+01  2.8819E-04
  3.2404E+01  2.4174E-04
  3.2416E+01  2.0226E-04
  3.2428E+01  1.7092E-04
  3.2440E+01  1.4830E-04
  3.2452E+01  1.3435E-04
  3.2463E+01  1.2840E-04
  3.2475E+01  1.2928E-04
  3.2487E+01  1.3537E-04
  3.2499E+01  1.4478E-04
  3.2511E+01  1.5552E-04
  3.2523E+01  1.6564E-04
  3.2535E+01  1.7346E-04
  3.2547E+01  1.7763E-04
  3.2559E+01  1.7732E-04
  3.2571E+01  1.7222E-04
  3.2583E+01  1.6263E-04
  3.2594E+01  1.4935E-04
  3.2606E+01  1.3366E-04
  3.2618E+01  1.1714E-04
  3.2630E+01  1.0155E-04
  3.2642E+01  8.8626E-05
  3.2654E+01  7.9933E-05
  3.2666E+01  7.6680E-05
  3.2678E+01  7.9608E-05
  3.2690E+01  8.8902E-05
  3.2702E+01  1.0417E-04
  3.2714E+01  1.2446E-04
  3.2725E+01  1.4837E-04
  3.2737E+01  1.7416E-04
  3.2749E+01  1.9992E-04
  3.2761E+01  2.2383E-04
  3.2773E+01  2.4428E-04
  3.2785E+01  2.6014E-04
  3.2797E+01  2.7091E-04
  3.2809E+01  2.7682E-04
  3.2821E+01  2.7891E-04
  3.2833E+01  2.7905E-04
  3.2845E+01  2.7982E-04
  3.2856E+01  2.8440E-04
  3.2868E+01  2.9632E-04
  3.2880E+01  3.1926E-04
  3.2892E+01  3.5675E-04
  3.2904E+01  4.1186E-04
  3.2916E+01  4.8695E-04
  3.2928E+01  5.8345E-04
  3.2940E+01  7.0164E-04
  3.2952E+01  8.4057E-04
  3.2964E+01  9.9801E-04
  3.2976E+01  1.1705E-03
  3.2987E+01  1.3534E-03
  3.2999E+01  1.5414E-03
  3.3011E+01  1.7283E-03
  3.3023E+01  1.9076E-03
  3.3035E+01  2.0731E-03
  3.3047E+01  2.2186E-03
  3.3059E+01  2.3388E-03
  3.3071E+01  2.4294E-03
  3.3083E+01  2.4872E-03
  3.3095E+01  2.5104E-03
  3.3106E+01  2.4986E-03
  3.3118E+01  2.4529E-03
  3.3130E+01  2.3754E-03
  3.3142E+01  2.2695E-03
  3.3154E+01  2.1396E-03
  3.3166E+01  1.9907E-03
  3.3178E+01  1.8279E-03
  3.3190E+01  1.6568E-03
  3.3202E+01  1.4825E-03
  3.3214E+01  1.3099E-03
  3.3226E+01  1.1433E-03
  3.3237E+01  9.8622E-04
  3.3249E+01  8.4134E-04
  3.3261E+01  7.1057E-04
  3.3273E+01  5.9493E-04
  3.3285E+01  4.9470E-04
  3.3297E+01  4.0948E-04
  3.3309E+01  3.3832E-04
  3.3321E+01  2.7986E-04
  3.3333E+01  2.3250E-04
  3.3345E+01  1.9450E-04
  3.3357E+01  1.6415E-04
  3.3368E+01  1.3983E-04
  3.3380E+01  1.2011E-04
  3.3392E+01  1.0378E-04
  3.3404E+01  8.9901E-05
  3.3416E+01  7.7776E-05
  3.3428E+01  6.6941E-05
  3.3440E+01  5.7126E-05
  3.3452E+01  4.8213E-05
  3.3464E+01  4.0186E-05
  3.3476E+01  3.3089E-05
  3.3488E+01  2.6983E-05
  3.3499E+01  2.1915E-05
  3.3511E+01  1.7894E-05
  3.3523E+01  1.4883E-05
  3.3535E+01  1.2795E-05
  3.3547E+01  1.1496E-05
  3.3559E+01  1.0824E-05
  3.3571E+01  1.0597E-05
  3.3583E+01  1.0634E-05
  3.3595E+01  1.0768E-05
  3.3607E+01  1.0859E-05
  3.3619E+01  1.0805E-05
  3.3630E+01  1.0544E-05
  3.3642E+01  1.0052E-05
  3.3654E+01  9.3432E-06
  3.3666E+01  8.4595E-06
  3.3678E+01  7.4620E-06
  3.3690E+01  6.4216E-06
  3.3702E+01  5.4093E-06
  3.3714E+01  4.4874E-06
  3.3726E+01  3.7042E-06
  3.3738E+01  3.0898E-06
  3.3750E+01  2.6551E-06
  3.3761E+01  2.3931E-06
  3.3773E+01  2.2819E-06
  3.3785E+01  2.2893E-06
  3.3797E+01  2.3773E-06
  3.3809E+01  2.5077E-06
  3.3821E+01  2.6455E-06
  3.3833E+01  2.7631E-06
  3.3845E+01  2.8412E-06
  3.3857E+01  2.8705E-06
  3.3869E+01  2.8502E-06
  3.3881E+01  2.7868E-06
  3.3892E+01  2.6917E-06
  3.3904E+01  2.5789E-06
  3.3916E+01  2.4621E-06
  3.3928E+01  2.3529E-06
  3.3940E+01  2.2591E-06
  3.3952E+01  2.1842E-06
  3.3964E+01  2.1269E-06
  3.3976E+01  2.0824E-06
  3.3988E+01  2.0429E-06
  3.4000E+01  1.9997E-06
  3.4012E+01  1.9442E-06
  3.4023E+01  1.8694E-06
  3.4035E+01  1.7711E-06
  3.4047E+01  1.6484E-06
  3.4059E+01  1.5036E-06
  3.4071E+01  1.3422E-06
  3.4083E+01  1.1719E-06
  3.4095E+01  1.0018E-06
  3.4107E+01  8.4087E-07
  3.4119E+01  6.9734E-07
  3.4131E+01  5.7753E-07
  3.4143E+01  4.8521E-07
  3.4154E+01  4.2144E-07
  3.4166E+01  3.8452E-07
  3.4178E+01  3.7046E-07
  3.4190E+01  3.7360E-07
  3.4202E+01  3.8739E-07
  3.4214E+01  4.0525E-07
  3.4226E+01  4.2130E-07
  3.4238E+01  4.3100E-07
  3.4250E+01  4.3145E-07
  3.4262E+01  4.2158E-07
  3.4274E+01  4.0202E-07
  3.4285E+01  3.7475E-07
  3.4297E+01  3.4265E-07
  3.4309E+01  3.0898E-07
  3.4321E+01  2.7685E-07
  3.4333E+01  2.4878E-07
  3.4345E+01  2.2640E-07
  3.4357E+01  2.1031E-07
  3.4369E+01  2.0011E-07
  3.4381E+01  1.9459E-07
  3.4393E+01  1.9201E-07
  3.4405E+01  1.9044E-07
  3.4416E+01  1.8813E-07
  3.4428E+01  1.8382E-07
  3.4440E+01  1.7689E-07
  3.4452E+01  1.6747E-07
  3.4464E+01  1.5639E-07
  3.4476E+01  1.4501E-07
  3.4488E+01  1.3495E-07
  3.4500E+01  1.2785E-07
  3.4512E+01  1.2504E-07
  3.4524E+01  1.2737E-07
  3.4536E+01  1.3502E-07
  3.4547E+01  1.4750E-07
  3.4559E+01  1.6375E-07
  3.4571E+01  1.8230E-07
  3.4583E+01  2.0157E-07
  3.4595E+01  2.2014E-07
  3.4607E+01  2.3710E-07
  3.4619E+01  2.5224E-07
  3.4631E+01  2.6623E-07
  3.4643E+01  2.8068E-07
  3.4655E+01  2.9804E-07
  3.4667E+01  3.2143E-07
  3.4678E+01  3.5435E-07
  3.4690E+01  4.0039E-07
  3.4702E+01  4.6286E-07
  3.4714E+01  5.4451E-07
  3.4726E+01  6.4731E-07
  3.4738E+01  7.7230E-07
  3.4750E+01  9.1955E-07
  3.4762E+01  1.0883E-06
  3.4774E+01  1.2769E-06
  3.4786E+01  1.4834E-06
  3.4798E+01  1.7052E-06
  3.4809E+01  1.9399E-06
  3.4821E+01  2.1848E-06
  3.4833E+01  2.4373E-06
  3.4845E+01  2.6945E-06
  3.4857E+01  2.9535E-06
  3.4869E+01  3.2108E-06
  3.4881E+01  3.4623E-06
  3.4893E+01  3.7028E-06
  3.4905E+01  3.9264E-06
  3.4917E+01  4.1260E-06
  3.4929E+01  4.2939E-06
  3.4940E+01  4.4221E-06
  3.4952E+01  4.5025E-06
  3.4964E+01  4.5280E-06
  3.4976E+01  4.4933E-06
  3.4988E+01  4.3951E-06
  3.5000E+01  4.2333E-06
