-5.9842	-0.35226	0.00016343
-5.9842	-0.31613	0.0003505
-5.9842	-0.28	0.0005278
-5.9842	-0.24387	0.0005904
-5.9842	-0.20774	0.00048952
-5.9842	-0.17162	0.00028183
-5.9842	0.91226	0.00017679
-5.9842	0.94839	0.00087657
-5.9842	0.98452	0.0021852
-5.9842	1.0207	0.0036542
-5.9842	1.0568	0.0044596
-5.9842	1.0929	0.0040296
-5.9842	1.129	0.0025938
-5.9842	1.1651	0.0010401
-5.9842	1.2013	0.00015772
-5.9842	1.2735	0.0001975
-5.9842	1.3096	0.00022274
-5.9842	2.2851	0.00051966
-5.9842	2.3213	0.0012086
-5.9842	2.3575	0.0018083
-5.9842	2.3936	0.001907
-5.9842	2.4296	0.0014309
-5.9842	2.4658	0.00071715
-5.9604	-0.35226	0.00019044
-5.9604	-0.31613	0.00039689
-5.9604	-0.28	0.00058424
-5.9604	-0.24387	0.00063758
-5.9604	-0.20774	0.00051159
-5.9604	-0.17162	0.00027971
-5.9604	0.91226	0.00014211
-5.9604	0.94839	0.00055963
-5.9604	0.98452	0.0013087
-5.9604	1.0207	0.0021616
-5.9604	1.0568	0.0026592
-5.9604	1.0929	0.0024397
-5.9604	1.129	0.0015916
-5.9604	1.1651	0.0006363
-5.9604	1.2735	0.00016142
-5.9604	1.3096	0.000176
-5.9604	2.2851	0.00021804
-5.9604	2.3213	0.0005538
-5.9604	2.3575	0.00089003
-5.9604	2.3936	0.00099275
-5.9604	2.4296	0.00077549
-5.9604	2.4658	0.00039595
-5.9366	-0.35226	0.00019091
-5.9366	-0.31613	0.00039144
-5.9366	-0.28	0.00056951
-5.9366	-0.24387	0.0006121
-5.9366	-0.20774	0.00047863
-5.9366	-0.17162	0.00024895
-5.9366	0.94839	0.00025694
-5.9366	0.98452	0.00055221
-5.9366	1.0207	0.00090497
-5.9366	1.0568	0.00114
-5.9366	1.0929	0.0010831
-5.9366	1.129	0.00073124
-5.9366	1.1651	0.00029827
-5.9366	2.3213	0.00013564
-5.9366	2.3575	0.00026954
-5.9366	2.3936	0.00034956
-5.9366	2.4296	0.00030378
-5.9366	2.4658	0.00016576
-5.9127	-0.35226	0.00015842
-5.9127	-0.31613	0.00032492
-5.9127	-0.28	0.00047433
-5.9127	-0.24387	0.00050894
-5.9127	-0.20774	0.00039232
-5.9127	-0.17162	0.00019551
-5.9127	1.0207	0.00018601
-5.9127	1.0568	0.00025291
-5.9127	1.0929	0.00026859
-5.9127	1.129	0.00020413
-5.8889	-0.31613	0.0002115
-5.8889	-0.28	0.00031826
-5.8889	-0.24387	0.00034896
-5.8889	-0.20774	0.00027056
-5.8889	-0.17162	0.00013122
-5.8889	2.2851	0.00019435
-5.8889	2.3213	0.00019865
-5.8889	2.3575	0.000129
-5.8651	-0.28	0.00015015
-5.8651	-0.24387	0.0001776
-5.8651	-0.20774	0.00014475
-5.8651	0.94839	0.00021585
-5.8651	0.98452	0.00039572
-5.8651	1.0207	0.00049699
-5.8651	1.0568	0.00044938
-5.8651	1.0929	0.00029294
-5.8651	1.129	0.00013201
-5.8651	2.1045	0.00012499
-5.8651	2.2491	0.00023026
-5.8651	2.2851	0.00044133
-5.8651	2.3213	0.00051821
-5.8651	2.3575	0.00041686
-5.8651	2.3936	0.00023219
-5.8412	0.91226	0.00019275
-5.8412	0.94839	0.00056296
-5.8412	0.98452	0.0010056
-5.8412	1.0207	0.0012662
-5.8412	1.0568	0.0011745
-5.8412	1.0929	0.00079462
-5.8412	1.129	0.00036458
-5.8412	2.1045	0.00012674
-5.8412	2.2491	0.00035038
-5.8412	2.2851	0.00067496
-5.8412	2.3213	0.00083082
-5.8412	2.3575	0.00072099
-5.8412	2.3936	0.00044669
-5.8412	2.4296	0.00018729
-5.8175	0.91226	0.0003926
-5.8175	0.94839	0.0010638
-5.8175	0.98452	0.0018146
-5.8175	1.0207	0.0022253
-5.8175	1.0568	0.002036
-5.8175	1.0929	0.0013667
-5.8175	1.129	0.00061662
-5.8175	1.1651	0.00014067
-5.8175	2.2491	0.00042565
-5.8175	2.2851	0.00080668
-5.8175	2.3213	0.0010087
-5.8175	2.3575	0.00090395
-5.8175	2.3936	0.00058484
-5.8175	2.4296	0.00025819
-5.7937	-0.31613	0.00012597
-5.7937	0.76774	0.00012435
-5.7937	0.91226	0.00065896
-5.7937	0.94839	0.0016674
-5.7937	0.98452	0.0027204
-5.7937	1.0207	0.0032265
-5.7937	1.0568	0.002871
-5.7937	1.0929	0.0018743
-5.7937	1.129	0.00081192
-5.7937	1.1651	0.00016539
-5.7937	1.2735	0.00015776
-5.7937	2.2129	0.00012499
-5.7937	2.2491	0.00042966
-5.7937	2.2851	0.00079419
-5.7937	2.3213	0.00099601
-5.7937	2.3575	0.00090609
-5.7937	2.3936	0.00059822
-5.7937	2.4296	0.00026907
-5.7698	-0.35226	0.00022229
-5.7698	-0.31613	0.00028788
-5.7698	-0.28	0.00026062
-5.7698	-0.24387	0.00016134
-5.7698	0.76774	0.00015549
-5.7698	0.87613	0.00017914
-5.7698	0.91226	0.00095037
-5.7698	0.94839	0.0022756
-5.7698	0.98452	0.0035767
-5.7698	1.0207	0.0041093
-5.7698	1.0568	0.0035425
-5.7698	1.0929	0.0022283
-5.7698	1.129	0.00091205
-5.7698	1.1651	0.00016043
-5.7698	1.2374	0.00014594
-5.7698	1.2735	0.00020625
-5.7698	1.3096	0.00012559
-5.7698	2.2491	0.00036317
-5.7698	2.2851	0.00065232
-5.7698	2.3213	0.00081629
-5.7698	2.3575	0.00074896
-5.7698	2.3936	0.00050015
-5.7698	2.4296	0.00022627
-5.746	-0.38838	0.00016641
-5.746	-0.35226	0.00033045
-5.746	-0.31613	0.00044204
-5.746	-0.28	0.00041861
-5.746	-0.24387	0.00027374
-5.746	0.76774	0.00016289
-5.746	0.87613	0.00025026
-5.746	0.91226	0.0011917
-5.746	0.94839	0.002735
-5.746	0.98452	0.0041801
-5.746	1.0207	0.0046804
-5.746	1.0568	0.0039179
-5.746	1.0929	0.0023684
-5.746	1.129	0.00090617
-5.746	1.1651	0.00013237
-5.746	1.2374	0.00018762
-5.746	1.2735	0.00023659
-5.746	1.3096	0.00012956
-5.746	2.2491	0.00025204
-5.746	2.2851	0.00043915
-5.746	2.3213	0.00054818
-5.746	2.3575	0.00050732
-5.746	2.3936	0.00034245
-5.746	2.4296	0.00015545
-5.7222	-0.38838	0.00019223
-5.7222	-0.35226	0.00038341
-5.7222	-0.31613	0.00052216
-5.7222	-0.28	0.00050599
-5.7222	-0.24387	0.00033821
-5.7222	-0.20774	0.00013502
-5.7222	0.76774	0.00013906
-5.7222	0.87613	0.00029581
-5.7222	0.91226	0.0012892
-5.7222	0.94839	0.0028715
-5.7222	0.98452	0.0043128
-5.7222	1.0207	0.0047474
-5.7222	1.0568	0.0038834
-5.7222	1.0929	0.0022618
-5.7222	1.129	0.00080399
-5.7222	1.2374	0.00021952
-5.7222	1.2735	0.00024479
-5.7222	2.2491	0.00013467
-5.7222	2.2851	0.00022721
-5.7222	2.3213	0.00028452
-5.7222	2.3575	0.00026788
-5.7222	2.3936	0.00018449
-5.6983	-0.38838	0.00018086
-5.6983	-0.35226	0.00036145
-5.6983	-0.31613	0.00049838
-5.6983	-0.28	0.00049
-5.6983	-0.24387	0.00033043
-5.6983	-0.20774	0.00012984
-5.6983	0.87613	0.00028761
-5.6983	0.91226	0.0011712
-5.6983	0.94839	0.0025691
-5.6983	0.98452	0.0038413
-5.6983	1.0207	0.0042062
-5.6983	1.0568	0.0033964
-5.6983	1.0929	0.0019192
-5.6983	1.129	0.00063293
-5.6983	1.2374	0.00023286
-5.6983	1.2735	0.00023
-5.6745	-0.38838	0.00014677
-5.6745	-0.35226	0.00028912
-5.6745	-0.31613	0.0003986
-5.6745	-0.28	0.0003936
-5.6745	-0.24387	0.0002651
-5.6745	0.87613	0.00021485
-5.6745	0.91226	0.00084068
-5.6745	0.94839	0.0018591
-5.6745	0.98452	0.0028251
-5.6745	1.0207	0.0031339
-5.6745	1.0568	0.0025383
-5.6745	1.0929	0.00141
-5.6745	1.129	0.00043362
-5.6745	1.2374	0.00022001
-5.6745	1.2735	0.00019478
-5.6507	-0.38838	0.00012822
-5.6507	-0.35226	0.000231
-5.6507	-0.31613	0.00030062
-5.6507	-0.28	0.00028573
-5.6507	-0.24387	0.00018627
-5.6507	0.91226	0.00040948
-5.6507	0.94839	0.00096368
-5.6507	0.98452	0.0015572
-5.6507	1.0207	0.0018169
-5.6507	1.0568	0.0015232
-5.6507	1.0929	0.00085384
-5.6507	1.129	0.00024947
-5.6507	1.2374	0.00017946
-5.6507	1.2735	0.00014564
-5.627	-0.38838	0.00017159
-5.627	-0.35226	0.0002631
-5.627	-0.31613	0.00029549
-5.627	-0.28	0.00024628
-5.627	-0.24387	0.00014265
-5.627	0.94839	0.00024515
-5.627	0.98452	0.00049001
-5.627	1.0207	0.00067236
-5.627	1.0568	0.00063466
-5.627	1.0929	0.00038385
-5.6031	-0.42451	0.00014336
-5.6031	-0.38838	0.00030554
-5.6031	-0.35226	0.00043132
-5.6031	-0.31613	0.00043859
-5.6031	-0.28	0.00032351
-5.6031	-0.24387	0.00016157
-5.6031	2.2491	0.00019127
-5.6031	2.2851	0.00024607
-5.6031	2.3213	0.00023064
-5.6031	2.3575	0.00015933
-5.5793	-0.42451	0.00024991
-5.5793	-0.38838	0.00051786
-5.5793	-0.35226	0.00071825
-5.5793	-0.31613	0.00071385
-5.5793	-0.28	0.0005062
-5.5793	-0.24387	0.00023537
-5.5793	0.73162	0.00013039
-5.5793	0.87613	0.00022362
-5.5793	0.91226	0.00047905
-5.5793	0.94839	0.00057627
-5.5793	0.98452	0.00044503
-5.5793	1.0207	0.00021975
-5.5793	2.2129	0.00017652
-5.5793	2.2491	0.00031817
-5.5793	2.2851	0.00039456
-5.5793	2.3213	0.00036091
-5.5793	2.3575	0.00024488
-5.5555	-0.42451	0.00036688
-5.5555	-0.38838	0.00074959
-5.5555	-0.35226	0.0010384
-5.5555	-0.31613	0.001032
-5.5555	-0.28	0.00072589
-5.5555	-0.24387	0.00032691
-5.5555	0.73162	0.00019701
-5.5555	0.76774	0.0001609
-5.5555	0.87613	0.00055668
-5.5555	0.91226	0.0012369
-5.5555	0.94839	0.0016551
-5.5555	0.98452	0.0015101
-5.5555	1.0207	0.00095274
-5.5555	1.0568	0.00038738
-5.5555	2.2129	0.0002623
-5.5555	2.2491	0.00045
-5.5555	2.2851	0.00053829
-5.5555	2.3213	0.00047757
-5.5555	2.3575	0.00031447
-5.5555	2.3936	0.00014476
-5.5316	-0.46064	0.00012829
-5.5316	-0.42451	0.0004516
-5.5316	-0.38838	0.00091443
-5.5316	-0.35226	0.0012699
-5.5316	-0.31613	0.0012671
-5.5316	-0.28	0.00088895
-5.5316	-0.24387	0.00039021
-5.5316	0.73162	0.00023013
-5.5316	0.76774	0.00017395
-5.5316	0.84	0.00017159
-5.5316	0.87613	0.00093026
-5.5316	0.91226	0.0020681
-5.5316	0.94839	0.0028736
-5.5316	0.98452	0.0027827
-5.5316	1.0207	0.0019011
-5.5316	1.0568	0.00085762
-5.5316	1.0929	0.00020066
-5.5316	2.1768	0.00012059
-5.5316	2.2129	0.00033875
-5.5316	2.2491	0.00055899
-5.5316	2.2851	0.00064873
-5.5316	2.3213	0.00055892
-5.5316	2.3575	0.00035588
-5.5316	2.3936	0.00015631
-5.5078	-0.46064	0.0001371
-5.5078	-0.42451	0.00046494
-5.5078	-0.38838	0.00093826
-5.5078	-0.35226	0.0013108
-5.5078	-0.31613	0.0013162
-5.5078	-0.28	0.00092212
-5.5078	-0.24387	0.00039412
-5.5078	-0.099357	0.00012418
-5.5078	0.69549	0.00012221
-5.5078	0.73162	0.00021717
-5.5078	0.76774	0.00015116
-5.5078	0.84	0.00024215
-5.5078	0.87613	0.0011892
-5.5078	0.91226	0.0026241
-5.5078	0.94839	0.0037108
-5.5078	0.98452	0.0036977
-5.5078	1.0207	0.0026133
-5.5078	1.0568	0.0012187
-5.5078	1.0929	0.00028829
-5.5078	2.1768	0.00014359
-5.5078	2.2129	0.0003814
-5.5078	2.2491	0.00061199
-5.5078	2.2851	0.00069482
-5.5078	2.3213	0.00058457
-5.5078	2.3575	0.00036063
-5.5078	2.3936	0.00015056
-5.4841	-0.42451	0.00039475
-5.4841	-0.38838	0.00080113
-5.4841	-0.35226	0.0011335
-5.4841	-0.31613	0.001151
-5.4841	-0.28	0.00080818
-5.4841	-0.24387	0.00033646
-5.4841	-0.13549	0.00012538
-5.4841	-0.099357	0.00013885
-5.4841	0.73162	0.00017157
-5.4841	0.84	0.00026784
-5.4841	0.87613	0.0012189
-5.4841	0.91226	0.0026697
-5.4841	0.94839	0.0038188
-5.4841	0.98452	0.0038739
-5.4841	1.0207	0.0027866
-5.4841	1.0568	0.0013096
-5.4841	1.0929	0.00029828
-5.4841	1.2013	0.00017009
-5.4841	2.1768	0.00014457
-5.4841	2.2129	0.00036864
-5.4841	2.2491	0.00058225
-5.4841	2.2851	0.00065358
-5.4841	2.3213	0.00054174
-5.4841	2.3575	0.00032583
-5.4841	2.3936	0.00012944
-5.4602	-0.42451	0.00027054
-5.4602	-0.38838	0.00055799
-5.4602	-0.35226	0.00080746
-5.4602	-0.31613	0.00083679
-5.4602	-0.28	0.00059339
-5.4602	-0.24387	0.0002419
-5.4602	-0.13549	0.00012511
-5.4602	-0.099357	0.0001317
-5.4602	0.73162	0.00012724
-5.4602	0.84	0.00024534
-5.4602	0.87613	0.0010413
-5.4602	0.91226	0.0022519
-5.4602	0.94839	0.003238
-5.4602	0.98452	0.0033217
-5.4602	1.0207	0.0024122
-5.4602	1.0568	0.0011284
-5.4602	1.0929	0.00024048
-5.4602	1.1651	0.00013869
-5.4602	1.2013	0.00020187
-5.4602	2.2129	0.00029453
-5.4602	2.2491	0.00046569
-5.4602	2.2851	0.00052465
-5.4602	2.3213	0.00043415
-5.4602	2.3575	0.00025739
-5.4364	-0.42451	0.000158
-5.4364	-0.38838	0.00032326
-5.4364	-0.35226	0.00047496
-5.4364	-0.31613	0.00050344
-5.4364	-0.28	0.0003633
-5.4364	-0.24387	0.00014664
-5.4364	0.73162	0.00011988
-5.4364	0.84	0.00022945
-5.4364	0.87613	0.00085488
-5.4364	0.91226	0.0017405
-5.4364	0.94839	0.0024294
-5.4364	0.98452	0.0024583
-5.4364	1.0207	0.0017695
-5.4364	1.0568	0.00081088
-5.4364	1.0929	0.00015734
-5.4364	1.1651	0.00014198
-5.4364	1.2013	0.00019396
-5.4364	2.2129	0.00017864
-5.4364	2.2491	0.00029185
-5.4364	2.2851	0.00033912
-5.4364	2.3213	0.00028679
-5.4364	2.3575	0.00017096
-5.4126	-0.42451	0.00013155
-5.4126	-0.38838	0.00022115
-5.4126	-0.35226	0.00028729
-5.4126	-0.31613	0.00028578
-5.4126	-0.28	0.0002009
-5.4126	0.69549	0.00015888
-5.4126	0.73162	0.00016541
-5.4126	0.84	0.00032862
-5.4126	0.87613	0.00097365
-5.4126	0.91226	0.0016861
-5.4126	0.94839	0.0020751
-5.4126	0.98452	0.0019057
-5.4126	1.0207	0.0012715
-5.4126	1.0568	0.00054178
-5.4126	1.1651	0.00012239
-5.4126	1.2013	0.00015655
-5.4126	2.2491	0.00012003
-5.4126	2.2851	0.00015412
-5.4126	2.3213	0.00014066
-5.3887	-0.42451	0.00023545
-5.3887	-0.38838	0.00032351
-5.3887	-0.35226	0.00033175
-5.3887	-0.31613	0.00026006
-5.3887	-0.28	0.00014877
-5.3887	0.55097	0.0001528
-5.3887	0.69549	0.00026539
-5.3887	0.73162	0.00024868
-5.3887	0.84	0.0006556
-5.3887	0.87613	0.0016689
-5.3887	0.91226	0.0025399
-5.3887	0.94839	0.0027291
-5.3887	0.98452	0.0021677
-5.3887	1.0207	0.0012438
-5.3887	1.0568	0.00045167
-5.365	-0.46064	0.0002285
-5.365	-0.42451	0.00045339
-5.365	-0.38838	0.00060687
-5.365	-0.35226	0.00058628
-5.365	-0.31613	0.00040983
-5.365	-0.28	0.00019427
-5.365	0.51484	0.00013927
-5.365	0.55097	0.00017214
-5.365	0.65936	0.00016911
-5.365	0.69549	0.00038401
-5.365	0.73162	0.00033009
-5.365	0.80387	0.00018605
-5.365	0.84	0.0012486
-5.365	0.87613	0.0029852
-5.365	0.91226	0.0043679
-5.365	0.94839	0.0044904
-5.365	0.98452	0.0033515
-5.365	1.0207	0.0017556
-5.365	1.0568	0.0005557
-5.3411	-0.46064	0.00035519
-5.3411	-0.42451	0.00070563
-5.3411	-0.38838	0.00095423
-5.3411	-0.35226	0.00092661
-5.3411	-0.31613	0.00063781
-5.3411	-0.28	0.00028293
-5.3411	0.51484	0.00014025
-5.3411	0.55097	0.00015833
-5.3411	0.65936	0.00022566
-5.3411	0.69549	0.00046511
-5.3411	0.73162	0.00036708
-5.3411	0.80387	0.0003498
-5.3411	0.84	0.0020065
-5.3411	0.87613	0.0046355
-5.3411	0.91226	0.0067217
-5.3411	0.94839	0.0068793
-5.3411	0.98452	0.0050813
-5.3411	1.0207	0.0025879
-5.3411	1.0568	0.0007615
-5.3411	1.1651	0.00016996
-5.3411	1.2013	0.00013748
-5.3411	2.2129	0.00017051
-5.3411	2.2491	0.00015674
-5.3172	-0.49677	0.00012952
-5.3172	-0.46064	0.00044241
-5.3172	-0.42451	0.00088088
-5.3172	-0.38838	0.0012059
-5.3172	-0.35226	0.001185
-5.3172	-0.31613	0.00081661
-5.3172	-0.28	0.00035045
-5.3172	0.65936	0.00024716
-5.3172	0.69549	0.00046809
-5.3172	0.73162	0.0003379
-5.3172	0.80387	0.00052944
-5.3172	0.84	0.0026893
-5.3172	0.87613	0.0060605
-5.3172	0.91226	0.0087681
-5.3172	0.94839	0.0090062
-5.3172	0.98452	0.0066593
-5.3172	1.0207	0.0033509
-5.3172	1.0568	0.00093299
-5.3172	1.129	0.00012297
-5.3172	1.1651	0.00027982
-5.3172	1.2013	0.0002029
-5.3172	2.1768	0.00023046
-5.3172	2.2129	0.00034523
-5.3172	2.2491	0.00034285
-5.3172	2.2851	0.00023838
-5.2934	-0.49677	0.00013349
-5.2934	-0.46064	0.00044489
-5.2934	-0.42451	0.00089129
-5.2934	-0.38838	0.0012376
-5.2934	-0.35226	0.0012323
-5.2934	-0.31613	0.00085195
-5.2934	-0.28	0.00035522
-5.2934	0.65936	0.00021878
-5.2934	0.69549	0.00038553
-5.2934	0.73162	0.00025333
-5.2934	0.80387	0.00065177
-5.2934	0.84	0.0030092
-5.2934	0.87613	0.0066623
-5.2934	0.91226	0.009651
-5.2934	0.94839	0.009973
-5.2934	0.98452	0.0073971
-5.2934	1.0207	0.0036838
-5.2934	1.0568	0.00096807
-5.2934	1.129	0.00020632
-5.2934	1.1651	0.00040651
-5.2934	1.2013	0.00027336
-5.2934	2.1406	0.00012004
-5.2934	2.1768	0.00032573
-5.2934	2.2129	0.00049429
-5.2934	2.2491	0.00050715
-5.2934	2.2851	0.00036868
-5.2934	2.3213	0.00018482
-5.2697	-0.46064	0.00035553
-5.2697	-0.42451	0.00072374
-5.2697	-0.38838	0.0010269
-5.2697	-0.35226	0.001042
-5.2697	-0.31613	0.00072561
-5.2697	-0.28	0.00029438
-5.2697	-0.17162	0.00012593
-5.2697	-0.13549	0.0001335
-5.2697	0.65936	0.00015108
-5.2697	0.69549	0.00025116
-5.2697	0.73162	0.00014939
-5.2697	0.80387	0.00064855
-5.2697	0.84	0.0027866
-5.2697	0.87613	0.0061176
-5.2697	0.91226	0.008925
-5.2697	0.94839	0.0093162
-5.2697	0.98452	0.0069505
-5.2697	1.0207	0.003429
-5.2697	1.0568	0.00084572
-5.2697	1.129	0.00028464
-5.2697	1.1651	0.0005006
-5.2697	1.2013	0.00031585
-5.2697	1.3096	0.00012912
-5.2697	1.3458	0.00015054
-5.2697	2.1406	0.0001382
-5.2697	2.1768	0.00036302
-5.2697	2.2129	0.00055375
-5.2697	2.2491	0.00057854
-5.2697	2.2851	0.00043029
-5.2697	2.3213	0.00022034
-5.2458	-0.46064	0.00021904
-5.2458	-0.42451	0.00045773
-5.2458	-0.38838	0.00067154
-5.2458	-0.35226	0.00070234
-5.2458	-0.31613	0.00049766
-5.2458	-0.28	0.00019777
-5.2458	-0.17162	0.00012189
-5.2458	-0.13549	0.00012197
-5.2458	0.69549	0.0001252
-5.2458	0.80387	0.00051198
-5.2458	0.84	0.0020913
-5.2458	0.87613	0.004608
-5.2458	0.91226	0.0068353
-5.2458	0.94839	0.0072643
-5.2458	0.98452	0.0054865
-5.2458	1.0207	0.0026934
-5.2458	1.0568	0.000622
-5.2458	1.129	0.00032365
-5.2458	1.1651	0.00052061
-5.2458	1.2013	0.00031066
-5.2458	1.3096	0.00016722
-5.2458	1.3458	0.00018172
-5.2458	1.4903	0.00012408
-5.2458	2.1406	0.00012948
-5.2458	2.1768	0.00033054
-5.2458	2.2129	0.00050527
-5.2458	2.2491	0.00053439
-5.2458	2.2851	0.00040311
-5.2458	2.3213	0.00020813
-5.2221	-0.42451	0.00023465
-5.2221	-0.38838	0.00034558
-5.2221	-0.35226	0.00037086
-5.2221	-0.31613	0.00026949
-5.2221	0.80387	0.00033229
-5.2221	0.84	0.0012773
-5.2221	0.87613	0.0028208
-5.2221	0.91226	0.0042753
-5.2221	0.94839	0.0046628
-5.2221	0.98452	0.0035975
-5.2221	1.0207	0.0017737
-5.2221	1.0568	0.00038606
-5.2221	1.129	0.00030198
-5.2221	1.1651	0.00045615
-5.2221	1.2013	0.00026075
-5.2221	1.3096	0.0001809
-5.2221	1.3458	0.00018605
-5.2221	1.4903	0.00015165
-5.2221	2.1768	0.00026123
-5.2221	2.2129	0.00039306
-5.2221	2.2491	0.00041519
-5.2221	2.2851	0.00031427
-5.2221	2.3213	0.0001619
-5.1982	-0.46064	0.00013287
-5.1982	-0.42451	0.00018905
-5.1982	-0.38838	0.00021334
-5.1982	-0.35226	0.00019367
-5.1982	-0.31613	0.00012974
-5.1982	0.3342	0.00012663
-5.1982	0.80387	0.00028099
-5.1982	0.84	0.00085805
-5.1982	0.87613	0.0016765
-5.1982	0.91226	0.0024075
-5.1982	0.94839	0.0025921
-5.1982	0.98452	0.002013
-5.1982	1.0207	0.00099794
-5.1982	1.0568	0.0002083
-5.1982	1.129	0.00022836
-5.1982	1.1651	0.00033537
-5.1982	1.2013	0.00018833
-5.1982	1.3096	0.00016229
-5.1982	1.3458	0.00016133
-5.1982	1.4903	0.00015595
-5.1982	2.1768	0.00022445
-5.1982	2.2129	0.00030818
-5.1982	2.2491	0.00030658
-5.1982	2.2851	0.0002229
-5.1744	-0.49677	0.00015535
-5.1744	-0.46064	0.00029526
-5.1744	-0.42451	0.00037457
-5.1744	-0.38838	0.00034382
-5.1744	-0.35226	0.00023297
-5.1744	0.3342	0.00013867
-5.1744	0.51484	0.00013053
-5.1744	0.65936	0.00020432
-5.1744	0.69549	0.00017464
-5.1744	0.80387	0.00052921
-5.1744	0.84	0.001256
-5.1744	0.87613	0.0018876
-5.1744	0.91226	0.0021157
-5.1744	0.94839	0.0018623
-5.1744	0.98452	0.0012574
-5.1744	1.0207	0.00057211
-5.1744	1.129	0.00014313
-5.1744	1.1651	0.00021179
-5.1744	1.2013	0.00012138
-5.1744	1.4903	0.00013396
-5.1744	2.1406	0.00016666
-5.1744	2.1768	0.00029362
-5.1744	2.2129	0.00034421
-5.1744	2.2491	0.00029598
-5.1744	2.2851	0.00018873
-5.1505	-0.49677	0.00028889
-5.1505	-0.46064	0.00055852
-5.1505	-0.42451	0.00072525
-5.1505	-0.38838	0.00067116
-5.1505	-0.35226	0.00043912
-5.1505	-0.31613	0.00018683
-5.1505	0.47871	0.00012269
-5.1505	0.51484	0.00015438
-5.1505	0.62323	0.00015281
-5.1505	0.65936	0.00033308
-5.1505	0.69549	0.00026904
-5.1505	0.76774	0.0001949
-5.1505	0.80387	0.0011333
-5.1505	0.84	0.0025442
-5.1505	0.87613	0.0035638
-5.1505	0.91226	0.003558
-5.1505	0.94839	0.0026368
-5.1505	0.98452	0.001429
-5.1505	1.0207	0.00050867
-5.1505	1.1651	0.0001371
-5.1505	2.1406	0.00030947
-5.1505	2.1768	0.00050354
-5.1505	2.2129	0.00054509
-5.1505	2.2491	0.00042556
-5.1505	2.2851	0.00024075
-5.1267	-0.49677	0.00041269
-5.1267	-0.46064	0.00080884
-5.1267	-0.42451	0.0010776
-5.1267	-0.38838	0.0010243
-5.1267	-0.35226	0.00068102
-5.1267	-0.31613	0.00028328
-5.1267	0.47871	0.00012148
-5.1267	0.51484	0.00014139
-5.1267	0.62323	0.00020848
-5.1267	0.65936	0.00041968
-5.1267	0.69549	0.0003162
-5.1267	0.76774	0.0003745
-5.1267	0.80387	0.0019544
-5.1267	0.84	0.0043291
-5.1267	0.87613	0.0060832
-5.1267	0.91226	0.0060571
-5.1267	0.94839	0.0043717
-5.1267	0.98452	0.0021987
-5.1267	1.0207	0.00066075
-5.1267	1.129	0.00013567
-5.1267	1.1651	0.00013505
-5.1267	1.9962	0.00013504
-5.1267	2.1045	0.00017372
-5.1267	2.1406	0.00051774
-5.1267	2.1768	0.00082017
-5.1267	2.2129	0.00087282
-5.1267	2.2491	0.00066616
-5.1267	2.2851	0.00036224
-5.1267	2.3213	0.00012855
-5.103	-0.5329	0.00013613
-5.103	-0.49677	0.000462
-5.103	-0.46064	0.00091734
-5.103	-0.42451	0.0012491
-5.103	-0.38838	0.0012136
-5.103	-0.35226	0.00081713
-5.103	-0.31613	0.00033336
-5.103	0.62323	0.00022346
-5.103	0.65936	0.00041868
-5.103	0.69549	0.00029106
-5.103	0.76774	0.00056293
-5.103	0.80387	0.0026785
-5.103	0.84	0.0058738
-5.103	0.87613	0.0083325
-5.103	0.91226	0.0084045
-5.103	0.94839	0.0061008
-5.103	0.98452	0.0030135
-5.103	1.0207	0.00082749
-5.103	1.129	0.0002473
-5.103	1.1651	0.00019102
-5.103	1.96	0.00012967
-5.103	1.9962	0.00014166
-5.103	2.1045	0.0002604
-5.103	2.1406	0.00073096
-5.103	2.1768	0.0011428
-5.103	2.2129	0.001215
-5.103	2.2491	0.00092692
-5.103	2.2851	0.00049954
-5.103	2.3213	0.00017135
-5.0792	-0.49677	0.00039891
-5.0792	-0.46064	0.00081143
-5.0792	-0.42451	0.0011357
-5.0792	-0.38838	0.0011295
-5.0792	-0.35226	0.00076884
-5.0792	-0.31613	0.00030551
-5.0792	0.62323	0.00018666
-5.0792	0.65936	0.00032875
-5.0792	0.69549	0.00020915
-5.0792	0.76774	0.00066982
-5.0792	0.80387	0.0029565
-5.0792	0.84	0.0064411
-5.0792	0.87613	0.0092332
-5.0792	0.91226	0.0094433
-5.0792	0.94839	0.0069168
-5.0792	0.98452	0.0033847
-5.0792	1.0207	0.00086374
-5.0792	1.0929	0.00020841
-5.0792	1.129	0.0003883
-5.0792	1.1651	0.00026236
-5.0792	1.96	0.00012043
-5.0792	1.9962	0.0001229
-5.0792	2.1045	0.00032355
-5.0792	2.1406	0.00086647
-5.0792	2.1768	0.0013438
-5.0792	2.2129	0.0014326
-5.0792	2.2491	0.0010971
-5.0792	2.2851	0.00058925
-5.0792	2.3213	0.00019663
-5.0553	-0.49677	0.00024434
-5.0553	-0.46064	0.00052742
-5.0553	-0.42451	0.00077687
-5.0553	-0.38838	0.00080347
-5.0553	-0.35226	0.00055758
-5.0553	-0.31613	0.0002152
-5.0553	-0.20774	0.00012829
-5.0553	-0.17162	0.0001243
-5.0553	0.65936	0.0001963
-5.0553	0.76774	0.00062453
-5.0553	0.80387	0.0026099
-5.0553	0.84	0.005699
-5.0553	0.87613	0.008301
-5.0553	0.91226	0.008641
-5.0553	0.94839	0.0064035
-5.0553	0.98452	0.0031109
-5.0553	1.0207	0.00073674
-5.0553	1.0929	0.00029661
-5.0553	1.129	0.00049138
-5.0553	1.1651	0.00030309
-5.0553	1.2735	0.00013181
-5.0553	1.3096	0.00015656
-5.0553	2.1045	0.00033228
-5.0553	2.1406	0.00085956
-5.0553	2.1768	0.00133
-5.0553	2.2129	0.0014269
-5.0553	2.2491	0.0010995
-5.0553	2.2851	0.00058938
-5.0553	2.3213	0.00019118
-5.0315	-0.46064	0.00021088
-5.0315	-0.42451	0.00035013
-5.0315	-0.38838	0.00039476
-5.0315	-0.35226	0.00028792
-5.0315	0.76774	0.00044421
-5.0315	0.80387	0.0017897
-5.0315	0.84	0.0039686
-5.0315	0.87613	0.005941
-5.0315	0.91226	0.006356
-5.0315	0.94839	0.0048035
-5.0315	0.98452	0.00233
-5.0315	1.0207	0.00051092
-5.0315	1.0929	0.00033273
-5.0315	1.129	0.00050416
-5.0315	1.1651	0.00028818
-5.0315	1.2735	0.00018609
-5.0315	1.3096	0.00020277
-5.0315	2.1045	0.00027746
-5.0315	2.1406	0.00070344
-5.0315	2.1768	0.0010958
-5.0315	2.2129	0.0011911
-5.0315	2.2491	0.00092834
-5.0315	2.2851	0.00049847
-5.0315	2.3213	0.00015723
-5.0076	0.76774	0.00026526
-5.0076	0.80387	0.00097338
-5.0076	0.84	0.0021455
-5.0076	0.87613	0.0032976
-5.0076	0.91226	0.0036559
-5.0076	0.94839	0.0028508
-5.0076	0.98452	0.0013976
-5.0076	1.0207	0.00028556
-5.0076	1.0929	0.00029404
-5.0076	1.129	0.00041833
-5.0076	1.1651	0.00022392
-5.0076	1.2735	0.00020971
-5.0076	1.3096	0.00021465
-5.0076	2.1045	0.00018534
-5.0076	2.1406	0.00046552
-5.0076	2.1768	0.00073744
-5.0076	2.2129	0.0008201
-5.0076	2.2491	0.00065226
-5.0076	2.2851	0.00035358
-4.9839	-0.49677	0.00017924
-4.9839	-0.46064	0.00020503
-4.9839	-0.42451	0.00016705
-4.9839	0.29807	0.00015201
-4.9839	0.47871	0.00013056
-4.9839	0.62323	0.00016652
-4.9839	0.65936	0.00013667
-4.9839	0.76774	0.00029869
-4.9839	0.80387	0.00076027
-4.9839	0.84	0.0012898
-4.9839	0.87613	0.0017048
-4.9839	0.91226	0.0017766
-4.9839	0.94839	0.0013721
-4.9839	0.98452	0.00067554
-4.9839	1.0207	0.0001312
-4.9839	1.0929	0.00019845
-4.9839	1.129	0.00027465
-4.9839	1.1651	0.00014018
-4.9839	1.2735	0.0001907
-4.9839	1.3096	0.00018721
-4.9839	2.1406	0.00026589
-4.9839	2.1768	0.00041631
-4.9839	2.2129	0.00046906
-4.9839	2.2491	0.00038104
-4.9839	2.2851	0.00020998
-4.9601	-0.5329	0.00028042
-4.9601	-0.49677	0.00052966
-4.9601	-0.46064	0.00066807
-4.9601	-0.42451	0.00059902
-4.9601	-0.38838	0.00038037
-4.9601	-0.35226	0.00015902
-4.9601	0.29807	0.00015546
-4.9601	0.44258	0.0001504
-4.9601	0.47871	0.0001793
-4.9601	0.5871	0.00014956
-4.9601	0.62323	0.00031406
-4.9601	0.65936	0.00025242
-4.9601	0.76774	0.00071108
-4.9601	0.80387	0.0015422
-4.9601	0.84	0.0020666
-4.9601	0.87613	0.0020046
-4.9601	0.91226	0.0015029
-4.9601	0.94839	0.00087565
-4.9601	0.98452	0.00035536
-4.9601	1.129	0.00014083
-4.9601	1.2735	0.00013723
-4.9601	1.3096	0.0001334
-4.9601	2.1045	0.00012485
-4.9601	2.1406	0.00022288
-4.9601	2.1768	0.00028496
-4.9601	2.2129	0.00028199
-4.9601	2.2491	0.00021375
-4.9362	-0.56903	0.00014677
-4.9362	-0.5329	0.00050518
-4.9362	-0.49677	0.00097958
-4.9362	-0.46064	0.0012931
-4.9362	-0.42451	0.0012247
-4.9362	-0.38838	0.00082182
-4.9362	-0.35226	0.00035644
-4.9362	0.29807	0.00012276
-4.9362	0.44258	0.00016806
-4.9362	0.47871	0.00018983
-4.9362	0.5871	0.00022584
-4.9362	0.62323	0.00045125
-4.9362	0.65936	0.00034812
-4.9362	0.73162	0.00027389
-4.9362	0.76774	0.0014887
-4.9362	0.80387	0.0032207
-4.9362	0.84	0.0043306
-4.9362	0.87613	0.0040862
-4.9362	0.91226	0.0027872
-4.9362	0.94839	0.0013369
-4.9362	0.98452	0.00039882
-4.9362	2.1045	0.00025361
-4.9362	2.1406	0.00039064
-4.9362	2.1768	0.00041166
-4.9362	2.2129	0.00032398
-4.9362	2.2491	0.00019444
-4.9123	-0.56903	0.00020674
-4.9123	-0.5329	0.00069069
-4.9123	-0.49677	0.0013523
-4.9123	-0.46064	0.0018265
-4.9123	-0.42451	0.0017772
-4.9123	-0.38838	0.0012204
-4.9123	-0.35226	0.00052993
-4.9123	0.44258	0.00014508
-4.9123	0.47871	0.00015649
-4.9123	0.5871	0.00026734
-4.9123	0.62323	0.00050684
-4.9123	0.65936	0.00036974
-4.9123	0.73162	0.00047706
-4.9123	0.76774	0.0023745
-4.9123	0.80387	0.0051525
-4.9123	0.84	0.007104
-4.9123	0.87613	0.0069015
-4.9123	0.91226	0.0048002
-4.9123	0.94839	0.002271
-4.9123	0.98452	0.00060776
-4.9123	1.0929	0.00012615
-4.9123	2.0684	0.00017133
-4.9123	2.1045	0.00047581
-4.9123	2.1406	0.00072172
-4.9123	2.1768	0.00074207
-4.9123	2.2129	0.00055169
-4.9123	2.2491	0.00029667
-4.8886	-0.56903	0.0002303
-4.8886	-0.5329	0.00075036
-4.8886	-0.49677	0.0014795
-4.8886	-0.46064	0.0020317
-4.8886	-0.42451	0.0020119
-4.8886	-0.38838	0.0013957
-4.8886	-0.35226	0.00059638
-4.8886	-0.24387	0.00013949
-4.8886	-0.20774	0.00017102
-4.8886	0.5871	0.00024472
-4.8886	0.62323	0.0004455
-4.8886	0.65936	0.00030679
-4.8886	0.73162	0.00063739
-4.8886	0.76774	0.0029495
-4.8886	0.80387	0.006407
-4.8886	0.84	0.0090111
-4.8886	0.87613	0.0089755
-4.8886	0.91226	0.0063785
-4.8886	0.94839	0.0030291
-4.8886	0.98452	0.00076166
-4.8886	1.0568	0.00014801
-4.8886	1.0929	0.00026465
-4.8886	1.129	0.00017157
-4.8886	1.96	0.0001254
-4.8886	2.0684	0.00026537
-4.8886	2.1045	0.00071005
-4.8886	2.1406	0.0010789
-4.8886	2.1768	0.0011205
-4.8886	2.2129	0.00083658
-4.8886	2.2491	0.00044247
-4.8886	2.2851	0.00015031
-4.8647	-0.56903	0.000201
-4.8647	-0.5329	0.00064705
-4.8647	-0.49677	0.0012937
-4.8647	-0.46064	0.0018126
-4.8647	-0.42451	0.001828
-4.8647	-0.38838	0.0012787
-4.8647	-0.35226	0.000534
-4.8647	-0.24387	0.00018862
-4.8647	-0.20774	0.00021688
-4.8647	0.5871	0.00016113
-4.8647	0.62323	0.00029232
-4.8647	0.65936	0.00019417
-4.8647	0.73162	0.00064588
-4.8647	0.76774	0.0028509
-4.8647	0.80387	0.00625
-4.8647	0.84	0.0089864
-4.8647	0.87613	0.0091653
-4.8647	0.91226	0.0066311
-4.8647	0.94839	0.0031456
-4.8647	0.98452	0.00073712
-4.8647	1.0568	0.00025821
-4.8647	1.0929	0.00041398
-4.8647	1.129	0.0002496
-4.8647	2.0684	0.00032832
-4.8647	2.1045	0.00085104
-4.8647	2.1406	0.0012969
-4.8647	2.1768	0.0013631
-4.8647	2.2129	0.0010291
-4.8647	2.2491	0.00054413
-4.8647	2.2851	0.00017833
-4.841	-0.56903	0.0001315
-4.841	-0.5329	0.00042692
-4.841	-0.49677	0.00087912
-4.841	-0.46064	0.0012729
-4.841	-0.42451	0.0013205
-4.841	-0.38838	0.00093779
-4.841	-0.35226	0.00038335
-4.841	-0.24387	0.0002012
-4.841	-0.20774	0.00021913
-4.841	-0.063226	0.00012214
-4.841	0.62323	0.00012369
-4.841	0.73162	0.00045864
-4.841	0.76774	0.0020307
-4.841	0.80387	0.0046133
-4.841	0.84	0.0068946
-4.841	0.87613	0.0072746
-4.841	0.91226	0.0053862
-4.841	0.94839	0.0025506
-4.841	0.98452	0.00054776
-4.841	1.0568	0.00033898
-4.841	1.0929	0.0004948
-4.841	1.129	0.00027853
-4.841	2.0684	0.00032525
-4.841	2.1045	0.00082458
-4.841	2.1406	0.0012653
-4.841	2.1768	0.0013489
-4.841	2.2129	0.0010314
-4.841	2.2491	0.00054649
-4.841	2.2851	0.00017356
-4.8171	-0.5329	0.00021186
-4.8171	-0.49677	0.000448
-4.8171	-0.46064	0.00067639
-4.8171	-0.42451	0.00073186
-4.8171	-0.38838	0.00053532
-4.8171	-0.35226	0.00021656
-4.8171	-0.24387	0.00017018
-4.8171	-0.20774	0.00017858
-4.8171	-0.063226	0.00012798
-4.8171	0.11742	0.00012113
-4.8171	0.73162	0.00017419
-4.8171	0.76774	0.00089289
-4.8171	0.80387	0.0022717
-4.8171	0.84	0.0037106
-4.8171	0.87613	0.0041916
-4.8171	0.91226	0.0032492
-4.8171	0.94839	0.0015529
-4.8171	0.98452	0.00029968
-4.8171	1.0568	0.00034269
-4.8171	1.0929	0.00046061
-4.8171	1.129	0.00024088
-4.8171	1.2374	0.00016046
-4.8171	1.2735	0.00014222
-4.8171	2.0684	0.00025259
-4.8171	2.1045	0.0006354
-4.8171	2.1406	0.00099148
-4.8171	2.1768	0.0010803
-4.8171	2.2129	0.00084147
-4.8171	2.2491	0.00044868
-4.8171	2.2851	0.00013833
-4.7933	-0.5329	0.00014537
-4.7933	-0.49677	0.00024145
-4.7933	-0.46064	0.00031952
-4.7933	-0.42451	0.00032967
-4.7933	-0.38838	0.00024013
-4.7933	0.11742	0.00012467
-4.7933	0.26194	0.00013731
-4.7933	0.76774	0.00019005
-4.7933	0.80387	0.00057017
-4.7933	0.84	0.0011161
-4.7933	0.87613	0.0014626
-4.7933	0.91226	0.00126
-4.7933	0.94839	0.00062949
-4.7933	1.0568	0.00025956
-4.7933	1.0929	0.00032628
-4.7933	1.129	0.00015764
-4.7933	1.2374	0.00017
-4.7933	1.2735	0.00014224
-4.7933	1.4181	0.00014107
-4.7933	2.0684	0.00015088
-4.7933	2.1045	0.00037813
-4.7933	2.1406	0.00060585
-4.7933	2.1768	0.00068255
-4.7933	2.2129	0.00054782
-4.7933	2.2491	0.00029696
-4.7694	-0.56903	0.00016352
-4.7694	-0.5329	0.00031412
-4.7694	-0.49677	0.00040332
-4.7694	-0.46064	0.00038086
-4.7694	-0.42451	0.00027397
-4.7694	-0.38838	0.00014574
-4.7694	0.26194	0.00017285
-4.7694	0.29807	0.00012916
-4.7694	0.40645	0.00013751
-4.7694	0.44258	0.00017284
-4.7694	0.5871	0.0002293
-4.7694	0.62323	0.00018327
-4.7694	0.73162	0.00035113
-4.7694	0.76774	0.00067468
-4.7694	0.80387	0.00078218
-4.7694	0.84	0.00067871
-4.7694	0.87613	0.00051323
-4.7694	0.91226	0.00034384
-4.7694	0.94839	0.00015742
-4.7694	1.0568	0.00013419
-4.7694	1.0929	0.00016202
-4.7694	1.2374	0.00013994
-4.7694	1.4181	0.00014048
-4.7694	2.1045	0.00019895
-4.7694	2.1406	0.0003023
-4.7694	2.1768	0.00034097
-4.7694	2.2129	0.00028029
-4.7694	2.2491	0.00015558
-4.7456	-0.56903	0.00035369
-4.7456	-0.5329	0.00068682
-4.7456	-0.49677	0.00089201
-4.7456	-0.46064	0.00082546
-4.7456	-0.42451	0.00054244
-4.7456	-0.38838	0.00023499
-4.7456	0.26194	0.00016678
-4.7456	0.40645	0.00019145
-4.7456	0.44258	0.00022386
-4.7456	0.55097	0.00021684
-4.7456	0.5871	0.00044814
-4.7456	0.62323	0.00034609
-4.7456	0.69549	0.00023096
-4.7456	0.73162	0.0012702
-4.7456	0.76774	0.0026571
-4.7456	0.80387	0.0034017
-4.7456	0.84	0.003021
-4.7456	0.87613	0.0019207
-4.7456	0.91226	0.00085404
-4.7456	0.94839	0.00023677
-4.7456	1.5626	0.00012202
-4.7456	2.0684	0.00014502
-4.7456	2.1045	0.0002218
-4.7456	2.1406	0.00024115
-4.7456	2.1768	0.00020785
-4.7456	2.2129	0.00014387
-4.7219	-0.60516	0.00016131
-4.7219	-0.56903	0.00056356
-4.7219	-0.5329	0.0011099
-4.7219	-0.49677	0.0014843
-4.7219	-0.46064	0.0014178
-4.7219	-0.42451	0.00095144
-4.7219	-0.38838	0.00040487
-4.7219	0.26194	0.00012196
-4.7219	0.40645	0.0002048
-4.7219	0.44258	0.00022226
-4.7219	0.55097	0.00032476
-4.7219	0.5871	0.00062534
-4.7219	0.62323	0.00045313
-4.7219	0.69549	0.00052753
-4.7219	0.73162	0.0026632
-4.7219	0.76774	0.0057116
-4.7219	0.80387	0.0077519
-4.7219	0.84	0.0074194
-4.7219	0.87613	0.0051112
-4.7219	0.91226	0.0024314
-4.7219	0.94839	0.00068439
-4.7219	2.0684	0.00032777
-4.7219	2.1045	0.00047608
-4.7219	2.1406	0.0004636
-4.7219	2.1768	0.00032704
-4.7219	2.2129	0.00017004
-4.6981	-0.60516	0.00020331
-4.6981	-0.56903	0.00069036
-4.6981	-0.5329	0.0013741
-4.6981	-0.49677	0.0018798
-4.6981	-0.46064	0.0018411
-4.6981	-0.42451	0.0012588
-4.6981	-0.38838	0.00053163
-4.6981	0.40645	0.00016886
-4.6981	0.44258	0.0001704
-4.6981	0.55097	0.00037626
-4.6981	0.5871	0.00067571
-4.6981	0.62323	0.00045125
-4.6981	0.69549	0.00087957
-4.6981	0.73162	0.0040708
-4.6981	0.76774	0.0087402
-4.6981	0.80387	0.012171
-4.6981	0.84	0.012072
-4.6981	0.87613	0.0086386
-4.6981	0.91226	0.0042313
-4.6981	0.94839	0.0011747
-4.6981	1.0568	0.00024752
-4.6981	1.0929	0.00018389
-4.6981	1.8878	0.00013504
-4.6981	1.9239	0.00014544
-4.6981	2.0323	0.00021825
-4.6981	2.0684	0.00058636
-4.6981	2.1045	0.00086674
-4.6981	2.1406	0.00086385
-4.6981	2.1768	0.00061429
-4.6981	2.2129	0.00030852
-4.6743	-0.60516	0.00019551
-4.6743	-0.56903	0.00065515
-4.6743	-0.5329	0.001326
-4.6743	-0.49677	0.0018584
-4.6743	-0.46064	0.001863
-4.6743	-0.42451	0.0012919
-4.6743	-0.38838	0.00053721
-4.6743	-0.28	0.0001613
-4.6743	-0.24387	0.00017583
-4.6743	0.55097	0.00034009
-4.6743	0.5871	0.00057373
-4.6743	0.62323	0.00034873
-4.6743	0.69549	0.0011372
-4.6743	0.73162	0.0048811
-4.6743	0.76774	0.010437
-4.6743	0.80387	0.014753
-4.6743	0.84	0.014941
-4.6743	0.87613	0.0109
-4.6743	0.91226	0.005374
-4.6743	0.94839	0.0014291
-4.6743	1.0207	0.00024117
-4.6743	1.0568	0.00049948
-4.6743	1.0929	0.00035313
-4.6743	1.8878	0.00013515
-4.6743	1.9239	0.00013977
-4.6743	2.0323	0.00030774
-4.6743	2.0684	0.00080706
-4.6743	2.1045	0.0012101
-4.6743	2.1406	0.0012373
-4.6743	2.1768	0.00090319
-4.6743	2.2129	0.00046038
-4.6743	2.2491	0.00014607
-4.6504	-0.60516	0.00013385
-4.6504	-0.56903	0.00045832
-4.6504	-0.5329	0.00096522
-4.6504	-0.49677	0.001408
-4.6504	-0.46064	0.0014595
-4.6504	-0.42451	0.0010318
-4.6504	-0.38838	0.00042148
-4.6504	-0.28	0.00019376
-4.6504	-0.24387	0.00020002
-4.6504	-0.099357	0.00014109
-4.6504	0.55097	0.00023173
-4.6504	0.5871	0.00037205
-4.6504	0.62323	0.00020399
-4.6504	0.69549	0.0011491
-4.6504	0.73162	0.0046568
-4.6504	0.76774	0.0099637
-4.6504	0.80387	0.014303
-4.6504	0.84	0.014755
-4.6504	0.87613	0.010918
-4.6504	0.91226	0.0053721
-4.6504	0.94839	0.0013453
-4.6504	1.0207	0.00039831
-4.6504	1.0568	0.00072855
-4.6504	1.0929	0.00048768
-4.6504	1.2013	0.00012151
-4.6504	1.2374	0.00016513
-4.6504	2.0323	0.00033764
-4.6504	2.0684	0.00087108
-4.6504	2.1045	0.0013242
-4.6504	2.1406	0.0013841
-4.6504	2.1768	0.0010322
-4.6504	2.2129	0.00053237
-4.6504	2.2491	0.00016529
-4.6265	-0.56903	0.00019819
-4.6265	-0.5329	0.00046633
-4.6265	-0.49677	0.00074427
-4.6265	-0.46064	0.00082668
-4.6265	-0.42451	0.00061035
-4.6265	-0.38838	0.00024757
-4.6265	-0.28	0.00018028
-4.6265	-0.24387	0.0001773
-4.6265	-0.099357	0.00016965
-4.6265	-0.063226	0.00012094
-4.6265	0.081291	0.0001376
-4.6265	0.5871	0.00017548
-4.6265	0.69549	0.00087944
-4.6265	0.73162	0.0034493
-4.6265	0.76774	0.0074875
-4.6265	0.80387	0.011023
-4.6265	0.84	0.011662
-4.6265	0.87613	0.0087868
-4.6265	0.91226	0.0043175
-4.6265	0.94839	0.0010082
-4.6265	1.0207	0.00050078
-4.6265	1.0568	0.00082971
-4.6265	1.0929	0.00052581
-4.6265	1.2013	0.00019028
-4.6265	1.2374	0.00023342
-4.6265	2.0323	0.00027939
-4.6265	2.0684	0.00072486
-4.6265	2.1045	0.0011301
-4.6265	2.1406	0.0012145
-4.6265	2.1768	0.00092714
-4.6265	2.2129	0.00048304
-4.6265	2.2491	0.00014575
-4.6028	-0.49677	0.00020434
-4.6028	-0.46064	0.00027261
-4.6028	-0.42451	0.00022731
-4.6028	-0.28	0.00012548
-4.6028	-0.099357	0.00016186
-4.6028	0.045162	0.00012738
-4.6028	0.081291	0.00016287
-4.6028	0.2258	0.00011992
-4.6028	0.69549	0.00049121
-4.6028	0.73162	0.0018966
-4.6028	0.76774	0.0042406
-4.6028	0.80387	0.0065041
-4.6028	0.84	0.0071627
-4.6028	0.87613	0.0055669
-4.6028	0.91226	0.0027574
-4.6028	0.94839	0.00059926
-4.6028	1.0207	0.00049176
-4.6028	1.0568	0.00075703
-4.6028	1.0929	0.00045751
-4.6028	1.2013	0.00022952
-4.6028	1.2374	0.00026007
-4.6028	1.382	0.00013916
-4.6028	2.0323	0.0001545
-4.6028	2.0684	0.00042716
-4.6028	2.1045	0.0007079
-4.6028	2.1406	0.00080128
-4.6028	2.1768	0.00063618
-4.6028	2.2129	0.00033773
-4.579	-1.9058	0.00014738
-4.579	-1.8697	0.00021667
-4.579	-1.8336	0.00022029
-4.579	-1.7974	0.00015907
-4.579	-0.099357	0.00012133
-4.579	0.045162	0.00012231
-4.579	0.081291	0.00014783
-4.579	0.2258	0.00017917
-4.579	0.26194	0.00014904
-4.579	0.40645	0.00014406
-4.579	0.55097	0.00014566
-4.579	0.5871	0.00013261
-4.579	0.69549	0.00031566
-4.579	0.73162	0.00098637
-4.579	0.76774	0.0019971
-4.579	0.80387	0.0029967
-4.579	0.84	0.0033646
-4.579	0.87613	0.0027009
-4.579	0.91226	0.0013637
-4.579	0.94839	0.00027845
-4.579	1.0207	0.00037183
-4.579	1.0568	0.00054962
-4.579	1.0929	0.0003228
-4.579	1.2013	0.00021697
-4.579	1.2374	0.00023191
-4.579	1.382	0.00016839
-4.579	1.4181	0.00012352
-4.579	2.0684	0.0001395
-4.579	2.1045	0.00027234
-4.579	2.1406	0.00034784
-4.579	2.1768	0.00030119
-4.579	2.2129	0.00016796
-4.5551	-1.9058	0.00022249
-4.5551	-1.8697	0.00033085
-4.5551	-1.8336	0.00034411
-4.5551	-1.7974	0.00025538
-4.5551	-1.7613	0.00012913
-4.5551	-0.60516	0.00018679
-4.5551	-0.56903	0.00035596
-4.5551	-0.5329	0.00043655
-4.5551	-0.49677	0.00036764
-4.5551	-0.46064	0.00021043
-4.5551	0.2258	0.00020107
-4.5551	0.26194	0.00015526
-4.5551	0.37032	0.00016217
-4.5551	0.40645	0.00021854
-4.5551	0.51484	0.000139
-4.5551	0.55097	0.00032824
-4.5551	0.5871	0.00028039
-4.5551	0.69549	0.00068709
-4.5551	0.73162	0.001551
-4.5551	0.76774	0.0021783
-4.5551	0.80387	0.0022871
-4.5551	0.84	0.0019307
-4.5551	0.87613	0.0012919
-4.5551	0.91226	0.00059196
-4.5551	1.0207	0.00020959
-4.5551	1.0568	0.00031029
-4.5551	1.0929	0.00018375
-4.5551	1.2013	0.00015763
-4.5551	1.2374	0.00016389
-4.5551	1.382	0.0001573
-4.5551	1.5626	0.00012579
-4.5313	-1.9058	0.00027836
-4.5313	-1.8697	0.00041603
-4.5313	-1.8336	0.00043811
-4.5313	-1.7974	0.00032931
-4.5313	-1.7613	0.00016725
-4.5313	-0.60516	0.00034864
-4.5313	-0.56903	0.00070773
-4.5313	-0.5329	0.00095386
-4.5313	-0.49677	0.00090412
-4.5313	-0.46064	0.0005945
-4.5313	-0.42451	0.00024542
-4.5313	0.2258	0.00017255
-4.5313	0.26194	0.00012404
-4.5313	0.37032	0.0001978
-4.5313	0.40645	0.00024805
-4.5313	0.51484	0.00024531
-4.5313	0.55097	0.00053324
-4.5313	0.5871	0.00042978
-4.5313	0.65936	0.00029807
-4.5313	0.69549	0.001711
-4.5313	0.73162	0.0037412
-4.5313	0.76774	0.0050383
-4.5313	0.80387	0.0047586
-4.5313	0.84	0.0032706
-4.5313	0.87613	0.0016085
-4.5313	0.91226	0.0005085
-4.5313	1.0568	0.0001495
-4.5313	1.5265	0.00013121
-4.5313	1.5626	0.00013133
-4.5313	2.0323	0.0002231
-4.5313	2.0684	0.00029964
-4.5313	2.1045	0.00026385
-4.5313	2.1406	0.00016584
-4.5075	-1.942	0.00012582
-4.5075	-1.9058	0.00029073
-4.5075	-1.8697	0.00043732
-4.5075	-1.8336	0.00046555
-4.5075	-1.7974	0.00035288
-4.5075	-1.7613	0.00017856
-4.5075	-0.60516	0.00042649
-4.5075	-0.56903	0.0009039
-4.5075	-0.5329	0.0012905
-4.5075	-0.49677	0.0013039
-4.5075	-0.46064	0.00091458
-4.5075	-0.42451	0.00039805
-4.5075	0.37032	0.00018334
-4.5075	0.40645	0.00021607
-4.5075	0.51484	0.00032351
-4.5075	0.55097	0.00065222
-4.5075	0.5871	0.00048968
-4.5075	0.65936	0.00060668
-4.5075	0.69549	0.0031062
-4.5075	0.73162	0.0067921
-4.5075	0.76774	0.0093931
-4.5075	0.80387	0.0091435
-4.5075	0.84	0.0063832
-4.5075	0.87613	0.0030521
-4.5075	0.91226	0.00084385
-4.5075	1.0207	0.00014951
-4.5075	1.0568	0.00012683
-4.5075	1.7071	0.00012691
-4.5075	1.8516	0.00015104
-4.5075	1.8878	0.00016372
-4.5075	1.9962	0.00021983
-4.5075	2.0323	0.00058522
-4.5075	2.0684	0.00084507
-4.5075	2.1045	0.00081848
-4.5075	2.1406	0.00056445
-4.5075	2.1768	0.00027561
-4.4836	-1.9058	0.00024846
-4.4836	-1.8697	0.00037978
-4.4836	-1.8336	0.00041125
-4.4836	-1.7974	0.00031533
-4.4836	-1.7613	0.00015889
-4.4836	-0.60516	0.00034422
-4.4836	-0.56903	0.0007767
-4.4836	-0.5329	0.0011839
-4.4836	-0.49677	0.0012715
-4.4836	-0.46064	0.00093812
-4.4836	-0.42451	0.0004184
-4.4836	-0.28	0.00012722
-4.4836	0.37032	0.00012345
-4.4836	0.40645	0.00013996
-4.4836	0.51484	0.00032453
-4.4836	0.55097	0.0006147
-4.4836	0.5871	0.00042703
-4.4836	0.65936	0.00091223
-4.4836	0.69549	0.0042589
-4.4836	0.73162	0.0092894
-4.4836	0.76774	0.013117
-4.4836	0.80387	0.013137
-4.4836	0.84	0.0094226
-4.4836	0.87613	0.0045605
-4.4836	0.91226	0.0012055
-4.4836	0.98452	0.00016897
-4.4836	1.0207	0.00033293
-4.4836	1.0568	0.00022323
-4.4836	1.8516	0.00018706
-4.4836	1.8878	0.0001916
-4.4836	1.9962	0.00038904
-4.4836	2.0323	0.0010142
-4.4836	2.0684	0.0015039
-4.4836	2.1045	0.0015234
-4.4836	2.1406	0.0011082
-4.4836	2.1768	0.00057048
-4.4836	2.2129	0.00018903
-4.4599	-1.9058	0.00016289
-4.4599	-1.8697	0.00025958
-4.4599	-1.8336	0.0002914
-4.4599	-1.7974	0.00022917
-4.4599	-0.60516	0.00015147
-4.4599	-0.56903	0.00038742
-4.4599	-0.5329	0.00066798
-4.4599	-0.49677	0.00079637
-4.4599	-0.46064	0.00063589
-4.4599	-0.42451	0.00029425
-4.4599	-0.31613	0.00013031
-4.4599	-0.28	0.00014833
-4.4599	0.51484	0.00023766
-4.4599	0.55097	0.000434
-4.4599	0.5871	0.00028051
-4.4599	0.65936	0.0010372
-4.4599	0.69549	0.0045209
-4.4599	0.73162	0.0098777
-4.4599	0.76774	0.014222
-4.4599	0.80387	0.014588
-4.4599	0.84	0.010683
-4.4599	0.87613	0.0052009
-4.4599	0.91226	0.001308
-4.4599	0.98452	0.00032819
-4.4599	1.0207	0.00057512
-4.4599	1.0568	0.00035852
-4.4599	1.1651	0.00012379
-4.4599	1.2013	0.0001384
-4.4599	1.8516	0.00018184
-4.4599	1.8878	0.00017525
-4.4599	1.9962	0.00052714
-4.4599	2.0323	0.0013369
-4.4599	2.0684	0.0020028
-4.4599	2.1045	0.0020756
-4.4599	2.1406	0.0015504
-4.4599	2.1768	0.00081581
-4.4599	2.2129	0.00027004
-4.436	-1.8697	0.00012185
-4.436	-1.8336	0.00014971
-4.436	-1.7974	0.00012562
-4.436	-0.5329	0.00015632
-4.436	-0.49677	0.00022415
-4.436	-0.46064	0.00021824
-4.436	-0.13549	0.00012021
-4.436	0.0090325	0.00013234
-4.436	0.045162	0.00016266
-4.436	0.55097	0.00020422
-4.436	0.5871	0.00012866
-4.436	0.65936	0.00086076
-4.436	0.69549	0.0036231
-4.436	0.73162	0.0080665
-4.436	0.76774	0.011965
-4.436	0.80387	0.012641
-4.436	0.84	0.0094681
-4.436	0.87613	0.0046247
-4.436	0.91226	0.0010926
-4.436	0.98452	0.00046992
-4.436	1.0207	0.00074901
-4.436	1.0568	0.00044166
-4.436	1.1651	0.00022397
-4.436	1.2013	0.00023932
-4.436	1.8516	0.00013723
-4.436	1.8878	0.0001247
-4.436	1.9962	0.00056538
-4.436	2.0323	0.0014013
-4.436	2.0684	0.0021156
-4.436	2.1045	0.0022296
-4.436	2.1406	0.0016944
-4.436	2.1768	0.00090008
-4.436	2.2129	0.00029264
-4.4123	-0.64129	0.00026909
-4.4123	-0.60516	0.00046462
-4.4123	-0.56903	0.00047819
-4.4123	-0.5329	0.00031211
-4.4123	-0.49677	0.00012499
-4.4123	0.0090325	0.0001892
-4.4123	0.045162	0.00022983
-4.4123	0.081291	0.0001487
-4.4123	0.65936	0.00044662
-4.4123	0.69549	0.001954
-4.4123	0.73162	0.0046525
-4.4123	0.76774	0.0073554
-4.4123	0.80387	0.0082004
-4.4123	0.84	0.006387
-4.4123	0.87613	0.0031578
-4.4123	0.91226	0.00069508
-4.4123	0.98452	0.000515
-4.4123	1.0207	0.00075748
-4.4123	1.0568	0.00042205
-4.4123	1.1651	0.00030665
-4.4123	1.2013	0.00031302
-4.4123	1.2374	0.00012292
-4.4123	1.3458	0.00014857
-4.4123	1.382	0.00012247
-4.4123	1.9962	0.00047525
-4.4123	2.0323	0.0011662
-4.4123	2.0684	0.0017866
-4.4123	2.1045	0.0019217
-4.4123	2.1406	0.0014872
-4.4123	2.1768	0.00079609
-4.4123	2.2129	0.00025254
-4.3884	-0.7858	0.00015044
-4.3884	-0.67742	0.00021046
-4.3884	-0.64129	0.00085552
-4.3884	-0.60516	0.0016517
-4.3884	-0.56903	0.0020369
-4.3884	-0.5329	0.0017308
-4.3884	-0.49677	0.0010058
-4.3884	-0.46064	0.0003664
-4.3884	0.0090325	0.00020506
-4.3884	0.045162	0.00024336
-4.3884	0.081291	0.00015715
-4.3884	0.18968	0.00013037
-4.3884	0.2258	0.00012443
-4.3884	0.69549	0.00047334
-4.3884	0.73162	0.0014358
-4.3884	0.76774	0.0027093
-4.3884	0.80387	0.0034437
-4.3884	0.84	0.002943
-4.3884	0.87613	0.0015248
-4.3884	0.91226	0.00031416
-4.3884	0.98452	0.00042712
-4.3884	1.0207	0.00059112
-4.3884	1.0568	0.0003119
-4.3884	1.1651	0.00033064
-4.3884	1.2013	0.00032266
-4.3884	1.3458	0.00020522
-4.3884	1.382	0.0001569
-4.3884	1.9962	0.00029979
-4.3884	2.0323	0.00074305
-4.3884	2.0684	0.0011733
-4.3884	2.1045	0.0013043
-4.3884	2.1406	0.0010383
-4.3884	2.1768	0.00056396
-4.3884	2.2129	0.00017482
-4.3645	-0.82193	0.00013942
-4.3645	-0.7858	0.000218
-4.3645	-0.67742	0.00047578
-4.3645	-0.64129	0.0018618
-4.3645	-0.60516	0.0037214
-4.3645	-0.56903	0.0049056
-4.3645	-0.5329	0.0045745
-4.3645	-0.49677	0.0030051
-4.3645	-0.46064	0.0012843
-4.3645	-0.42451	0.0002728
-4.3645	0.0090325	0.00016516
-4.3645	0.045162	0.00019396
-4.3645	0.081291	0.00013462
-4.3645	0.18968	0.00016327
-4.3645	0.2258	0.00014965
-4.3645	0.37032	0.00015225
-4.3645	0.51484	0.00016304
-4.3645	0.55097	0.00014941
-4.3645	0.65936	0.00012086
-4.3645	0.69549	0.00021933
-4.3645	0.73162	0.00028035
-4.3645	0.76774	0.0004216
-4.3645	0.80387	0.00063437
-4.3645	0.84	0.00067424
-4.3645	0.87613	0.0004056
-4.3645	0.98452	0.00024842
-4.3645	1.0207	0.00033498
-4.3645	1.0568	0.00016982
-4.3645	1.1651	0.00028076
-4.3645	1.2013	0.00026521
-4.3645	1.3458	0.00021608
-4.3645	1.382	0.0001528
-4.3645	1.5265	0.00012786
-4.3645	1.9962	0.00014761
-4.3645	2.0323	0.0003588
-4.3645	2.0684	0.00058038
-4.3645	2.1045	0.00067183
-4.3645	2.1406	0.00055721
-4.3645	2.1768	0.00031143
-4.3408	-1.942	0.00019397
-4.3408	-1.9058	0.0002654
-4.3408	-1.8697	0.00025078
-4.3408	-1.8336	0.00016556
-4.3408	-0.82193	0.00017603
-4.3408	-0.7858	0.00026102
-4.3408	-0.74968	0.00012641
-4.3408	-0.67742	0.00084559
-4.3408	-0.64129	0.0031536
-4.3408	-0.60516	0.0063539
-4.3408	-0.56903	0.0086134
-4.3408	-0.5329	0.008349
-4.3408	-0.49677	0.0057343
-4.3408	-0.46064	0.0025534
-4.3408	-0.42451	0.00053846
-4.3408	-0.35226	0.00020225
-4.3408	-0.31613	0.00028925
-4.3408	-0.28	0.00016012
-4.3408	0.18968	0.00014889
-4.3408	0.2258	0.00013171
-4.3408	0.3342	0.00012049
-4.3408	0.37032	0.00018048
-4.3408	0.47871	0.00012948
-4.3408	0.51484	0.00032738
-4.3408	0.55097	0.00029421
-4.3408	0.62323	0.00012114
-4.3408	0.65936	0.00077199
-4.3408	0.69549	0.00163
-4.3408	0.73162	0.0019853
-4.3408	0.76774	0.0015991
-4.3408	0.80387	0.00088292
-4.3408	0.84	0.00033744
-4.3408	1.1651	0.00018088
-4.3408	1.2013	0.00017173
-4.3408	1.3458	0.00017229
-4.3408	1.4903	0.00014053
-4.3408	1.5265	0.00015675
-4.3408	1.9962	0.00014337
-4.3408	2.0323	0.00024714
-4.3408	2.0684	0.00031172
-4.3408	2.1045	0.00031365
-4.3408	2.1406	0.00024631
-4.3408	2.1768	0.00013639
-4.317	-1.9781	0.00013057
-4.317	-1.942	0.00028822
-4.317	-1.9058	0.00040753
-4.317	-1.8697	0.00040373
-4.317	-1.8336	0.00028228
-4.317	-1.7974	0.00013059
-4.317	-0.82193	0.00018542
-4.317	-0.7858	0.00026
-4.317	-0.67742	0.0012307
-4.317	-0.64129	0.004383
-4.317	-0.60516	0.0088221
-4.317	-0.56903	0.012122
-4.317	-0.5329	0.011973
-4.317	-0.49677	0.0083672
-4.317	-0.46064	0.0037369
-4.317	-0.42451	0.00073587
-4.317	-0.35226	0.00047736
-4.317	-0.31613	0.00065957
-4.317	-0.28	0.00035909
-4.317	0.37032	0.00014855
-4.317	0.47871	0.0001717
-4.317	0.51484	0.00041308
-4.317	0.55097	0.00035762
-4.317	0.62323	0.00031043
-4.317	0.65936	0.0018139
-4.317	0.69549	0.0040899
-4.317	0.73162	0.00563
-4.317	0.76774	0.005329
-4.317	0.80387	0.0035397
-4.317	0.84	0.0015717
-4.317	0.87613	0.00039074
-4.317	1.4903	0.00014152
-4.317	1.5265	0.00014717
-4.317	1.6709	0.00012564
-4.317	1.8516	0.00013774
-4.317	1.96	0.00012469
-4.317	1.9962	0.00035452
-4.317	2.0323	0.00052044
-4.317	2.0684	0.00051299
-4.317	2.1045	0.00037203
-4.317	2.1406	0.00020488
-4.2932	-1.9781	0.00015033
-4.2932	-1.942	0.00033238
-4.2932	-1.9058	0.00048002
-4.2932	-1.8697	0.00048917
-4.2932	-1.8336	0.0003522
-4.2932	-1.7974	0.00016657
-4.2932	-0.82193	0.00015885
-4.2932	-0.7858	0.00021166
-4.2932	-0.71355	0.00012868
-4.2932	-0.67742	0.0014821
-4.2932	-0.64129	0.0050817
-4.2932	-0.60516	0.010216
-4.2932	-0.56903	0.014174
-4.2932	-0.5329	0.014165
-4.2932	-0.49677	0.0099655
-4.2932	-0.46064	0.0043911
-4.2932	-0.42451	0.00077919
-4.2932	-0.35226	0.0008373
-4.2932	-0.31613	0.0010884
-4.2932	-0.28	0.00056132
-4.2932	-0.17162	0.00029826
-4.2932	-0.13549	0.0002928
-4.2932	-0.099357	0.00012716
-4.2932	0.47871	0.00015153
-4.2932	0.51484	0.00035063
-4.2932	0.55097	0.00029281
-4.2932	0.62323	0.00048529
-4.2932	0.65936	0.0026228
-4.2932	0.69549	0.0060913
-4.2932	0.73162	0.0089045
-4.2932	0.76774	0.0090913
-4.2932	0.80387	0.0065831
-4.2932	0.84	0.003202
-4.2932	0.87613	0.00085757
-4.2932	0.98452	0.00017321
-4.2932	1.6709	0.00012733
-4.2932	1.8155	0.00016416
-4.2932	1.8516	0.00018516
-4.2932	1.96	0.00026881
-4.2932	1.9962	0.0007349
-4.2932	2.0323	0.0010912
-4.2932	2.0684	0.0010883
-4.2932	2.1045	0.00077455
-4.2932	2.1406	0.00039121
-4.2932	2.1768	0.0001298
-4.2694	-1.9781	0.00013393
-4.2694	-1.942	0.00030002
-4.2694	-1.9058	0.00044472
-4.2694	-1.8697	0.00046608
-4.2694	-1.8336	0.00034369
-4.2694	-1.7974	0.00016415
-4.2694	-0.7858	0.0001331
-4.2694	-0.71355	0.0001506
-4.2694	-0.67742	0.0014531
-4.2694	-0.64129	0.0048677
-4.2694	-0.60516	0.0098444
-4.2694	-0.56903	0.013841
-4.2694	-0.5329	0.014006
-4.2694	-0.49677	0.0098985
-4.2694	-0.46064	0.0042724
-4.2694	-0.42451	0.00066401
-4.2694	-0.38838	0.00020996
-4.2694	-0.35226	0.0011758
-4.2694	-0.31613	0.0014315
-4.2694	-0.28	0.00068775
-4.2694	-0.20774	0.00019482
-4.2694	-0.17162	0.00055988
-4.2694	-0.13549	0.00051939
-4.2694	-0.099357	0.00018879
-4.2694	0.0090325	0.0001358
-4.2694	0.11742	0.00014686
-4.2694	0.15355	0.00017516
-4.2694	0.51484	0.00018969
-4.2694	0.55097	0.0001517
-4.2694	0.62323	0.00048757
-4.2694	0.65936	0.0025337
-4.2694	0.69549	0.006114
-4.2694	0.73162	0.0094419
-4.2694	0.76774	0.010221
-4.2694	0.80387	0.0078291
-4.2694	0.84	0.0039855
-4.2694	0.87613	0.0010721
-4.2694	0.94839	0.00019866
-4.2694	0.98452	0.00038672
-4.2694	1.0207	0.00025364
-4.2694	1.8155	0.00017844
-4.2694	1.8516	0.00019025
-4.2694	1.96	0.00042539
-4.2694	1.9962	0.0011259
-4.2694	2.0323	0.0016961
-4.2694	2.0684	0.001741
-4.2694	2.1045	0.0012776
-4.2694	2.1406	0.00065789
-4.2694	2.1768	0.00021392
-4.2454	-1.942	0.00019981
-4.2454	-1.9058	0.000312
-4.2454	-1.8697	0.00034244
-4.2454	-1.8336	0.00026161
-4.2454	-1.7974	0.00012677
-4.2454	-0.71355	0.00012723
-4.2454	-0.67742	0.0010949
-4.2454	-0.64129	0.0036851
-4.2454	-0.60516	0.007639
-4.2454	-0.56903	0.011032
-4.2454	-0.5329	0.011413
-4.2454	-0.49677	0.0081501
-4.2454	-0.46064	0.0034464
-4.2454	-0.42451	0.00045755
-4.2454	-0.38838	0.00030173
-4.2454	-0.35226	0.0013578
-4.2454	-0.31613	0.0015542
-4.2454	-0.28	0.0006892
-4.2454	-0.20774	0.0003236
-4.2454	-0.17162	0.00081566
-4.2454	-0.13549	0.00070929
-4.2454	-0.099357	0.00021779
-4.2454	-0.027097	0.00024196
-4.2454	0.0090325	0.00034076
-4.2454	0.045162	0.00016706
-4.2454	0.11742	0.00021198
-4.2454	0.15355	0.00032836
-4.2454	0.18968	0.00019218
-4.2454	0.29807	0.00024481
-4.2454	0.3342	0.00024321
-4.2454	0.47871	0.00012069
-4.2454	0.62323	0.00027768
-4.2454	0.65936	0.0014693
-4.2454	0.69549	0.0038653
-4.2454	0.73162	0.0065388
-4.2454	0.76774	0.0076859
-4.2454	0.80387	0.0063043
-4.2454	0.84	0.0033591
-4.2454	0.87613	0.00089172
-4.2454	0.94839	0.00030364
-4.2454	0.98452	0.00054315
-4.2454	1.0207	0.00034897
-4.2454	1.129	0.00013515
-4.2454	1.1651	0.00016027
-4.2454	1.8155	0.00014759
-4.2454	1.8516	0.00014997
-4.2454	1.96	0.00051516
-4.2454	1.9962	0.0013284
-4.2454	2.0323	0.0020237
-4.2454	2.0684	0.0021246
-4.2454	2.1045	0.0015976
-4.2454	2.1406	0.0008372
-4.2454	2.1768	0.0002695
-4.2217	-1.9058	0.00014221
-4.2217	-1.8697	0.0001741
-4.2217	-1.8336	0.00014411
-4.2217	-0.67742	0.00053609
-4.2217	-0.64129	0.001946
-4.2217	-0.60516	0.0043473
-4.2217	-0.56903	0.0066901
-4.2217	-0.5329	0.0072715
-4.2217	-0.49677	0.0053513
-4.2217	-0.46064	0.0022426
-4.2217	-0.42451	0.00025022
-4.2217	-0.38838	0.00033963
-4.2217	-0.35226	0.0012866
-4.2217	-0.31613	0.0013986
-4.2217	-0.28	0.00057012
-4.2217	-0.20774	0.00042968
-4.2217	-0.17162	0.00096842
-4.2217	-0.13549	0.00078878
-4.2217	-0.099357	0.00020277
-4.2217	-0.027097	0.0004236
-4.2217	0.0090325	0.00057447
-4.2217	0.045162	0.0002765
-4.2217	0.11742	0.00031242
-4.2217	0.15355	0.00056078
-4.2217	0.18968	0.00037289
-4.2217	0.26194	0.00013618
-4.2217	0.29807	0.00050267
-4.2217	0.3342	0.00056868
-4.2217	0.37032	0.00023613
-4.2217	0.44258	0.00019028
-4.2217	0.47871	0.00041582
-4.2217	0.51484	0.00032916
-4.2217	0.62323	0.0001638
-4.2217	0.65936	0.00048343
-4.2217	0.69549	0.0011673
-4.2217	0.73162	0.0022655
-4.2217	0.76774	0.003156
-4.2217	0.80387	0.0029888
-4.2217	0.84	0.0017585
-4.2217	0.87613	0.00047368
-4.2217	0.94839	0.00031012
-4.2217	0.98452	0.00051862
-4.2217	1.0207	0.00032485
-4.2217	1.129	0.00020974
-4.2217	1.1651	0.00023151
-4.2217	1.3096	0.00016359
-4.2217	1.3458	0.00013315
-4.2217	1.96	0.00047622
-4.2217	1.9962	0.0012147
-4.2217	2.0323	0.0018832
-4.2217	2.0684	0.0020261
-4.2217	2.1045	0.001559
-4.2217	2.1406	0.00082782
-4.2217	2.1768	0.00026183
-4.1979	-0.64129	0.00046576
-4.1979	-0.60516	0.0013537
-4.1979	-0.56903	0.002513
-4.1979	-0.5329	0.0031239
-4.1979	-0.49677	0.0025157
-4.1979	-0.46064	0.0010887
-4.1979	-0.38838	0.00028571
-4.1979	-0.35226	0.0009657
-4.1979	-0.31613	0.001018
-4.1979	-0.28	0.0003831
-4.1979	-0.20774	0.00045917
-4.1979	-0.17162	0.00094714
-4.1979	-0.13549	0.00072588
-4.1979	-0.099357	0.00015411
-4.1979	-0.027097	0.00057989
-4.1979	0.0090325	0.000746
-4.1979	0.045162	0.00034192
-4.1979	0.11742	0.00043277
-4.1979	0.15355	0.00081366
-4.1979	0.18968	0.00055988
-4.1979	0.26194	0.00023137
-4.1979	0.29807	0.00087688
-4.1979	0.3342	0.0010355
-4.1979	0.37032	0.0004446
-4.1979	0.44258	0.00048841
-4.1979	0.47871	0.0011393
-4.1979	0.51484	0.00098709
-4.1979	0.55097	0.00025871
-4.1979	0.62323	0.00091543
-4.1979	0.65936	0.0017761
-4.1979	0.69549	0.0017786
-4.1979	0.73162	0.0011311
-4.1979	0.76774	0.0006121
-4.1979	0.80387	0.00045888
-4.1979	0.84	0.00033815
-4.1979	0.94839	0.00018917
-4.1979	0.98452	0.00030996
-4.1979	1.0207	0.00019621
-4.1979	1.129	0.00022757
-4.1979	1.1651	0.00023759
-4.1979	1.2735	0.00017736
-4.1979	1.3096	0.00027032
-4.1979	1.3458	0.00021819
-4.1979	1.96	0.0003129
-4.1979	1.9962	0.00081799
-4.1979	2.0323	0.0013213
-4.1979	2.0684	0.0014804
-4.1979	2.1045	0.001178
-4.1979	2.1406	0.0006373
-4.1979	2.1768	0.00019761
-4.174	-0.67742	0.00014599
-4.174	-0.64129	0.00016174
-4.174	-0.60516	0.00014945
-4.174	-0.56903	0.00028612
-4.174	-0.5329	0.00054243
-4.174	-0.49677	0.00060252
-4.174	-0.46064	0.00031558
-4.174	-0.38838	0.00015596
-4.174	-0.35226	0.0005186
-4.174	-0.31613	0.00055693
-4.174	-0.28	0.00019891
-4.174	-0.20774	0.00038376
-4.174	-0.17162	0.0007479
-4.174	-0.13549	0.00054654
-4.174	-0.063226	0.00014071
-4.174	-0.027097	0.00063783
-4.174	0.0090325	0.00078208
-4.174	0.045162	0.00033854
-4.174	0.11742	0.00053212
-4.174	0.15355	0.00099326
-4.174	0.18968	0.00067491
-4.174	0.26194	0.00035789
-4.174	0.29807	0.0012958
-4.174	0.3342	0.0015198
-4.174	0.37032	0.00062776
-4.174	0.44258	0.0010028
-4.174	0.47871	0.0022998
-4.174	0.51484	0.0020079
-4.174	0.55097	0.00047804
-4.174	0.5871	0.00045584
-4.174	0.62323	0.0035793
-4.174	0.65936	0.0079174
-4.174	0.69549	0.0099055
-4.174	0.73162	0.0081627
-4.174	0.76774	0.0045164
-4.174	0.80387	0.0015699
-4.174	0.84	0.00028022
-4.174	1.129	0.00016497
-4.174	1.1651	0.00016772
-4.174	1.2735	0.00022235
-4.174	1.3096	0.0003267
-4.174	1.3458	0.00025945
-4.174	1.9962	0.00033895
-4.174	2.0323	0.00061351
-4.174	2.0684	0.00075323
-4.174	2.1045	0.00064263
-4.174	2.1406	0.00036302
-4.1503	-1.9781	0.00015974
-4.1503	-1.942	0.00020154
-4.1503	-1.9058	0.00016975
-4.1503	-0.82193	0.00017214
-4.1503	-0.71355	0.00029835
-4.1503	-0.67742	0.00098334
-4.1503	-0.64129	0.0016088
-4.1503	-0.60516	0.0016408
-4.1503	-0.56903	0.0010847
-4.1503	-0.5329	0.00044759
-4.1503	-0.35226	0.00014664
-4.1503	-0.31613	0.00018737
-4.1503	-0.20774	0.00022798
-4.1503	-0.17162	0.00044566
-4.1503	-0.13549	0.00032175
-4.1503	-0.063226	0.00013946
-4.1503	-0.027097	0.00055856
-4.1503	0.0090325	0.00066506
-4.1503	0.045162	0.00027517
-4.1503	0.11742	0.00055753
-4.1503	0.15355	0.0010131
-4.1503	0.18968	0.00066567
-4.1503	0.26194	0.00048531
-4.1503	0.29807	0.001627
-4.1503	0.3342	0.0018491
-4.1503	0.37032	0.00070374
-4.1503	0.40645	0.00012822
-4.1503	0.44258	0.0016859
-4.1503	0.47871	0.0036736
-4.1503	0.51484	0.0030946
-4.1503	0.55097	0.00061347
-4.1503	0.5871	0.001312
-4.1503	0.62323	0.0089411
-4.1503	0.65936	0.020421
-4.1503	0.69549	0.027859
-4.1503	0.73162	0.026128
-4.1503	0.76774	0.017347
-4.1503	0.80387	0.0078482
-4.1503	0.84	0.0020972
-4.1503	0.87613	0.00020282
-4.1503	1.2735	0.00021491
-4.1503	1.3096	0.00029776
-4.1503	1.3458	0.00023759
-4.1503	1.4903	0.00013092
-4.1503	2.0323	0.00012559
-4.1503	2.0684	0.00019822
-4.1503	2.1045	0.00020329
-4.1503	2.1406	0.00012973
-4.1264	-2.0142	0.00014778
-4.1264	-1.9781	0.00032101
-4.1264	-1.942	0.00043555
-4.1264	-1.9058	0.00040776
-4.1264	-1.8697	0.00026568
-4.1264	-0.85806	0.00018125
-4.1264	-0.82193	0.00025219
-4.1264	-0.71355	0.0007577
-4.1264	-0.67742	0.002554
-4.1264	-0.64129	0.0046494
-4.1264	-0.60516	0.0056073
-4.1264	-0.56903	0.0047109
-4.1264	-0.5329	0.002691
-4.1264	-0.49677	0.00092719
-4.1264	-0.46064	0.00012683
-4.1264	-0.17162	0.00016652
-4.1264	-0.13549	0.00013254
-4.1264	-0.027097	0.00036752
-4.1264	0.0090325	0.00044452
-4.1264	0.045162	0.00018471
-4.1264	0.11742	0.00047426
-4.1264	0.15355	0.00084322
-4.1264	0.18968	0.00053448
-4.1264	0.26194	0.0005602
-4.1264	0.29807	0.0017255
-4.1264	0.3342	0.0018805
-4.1264	0.37032	0.00063958
-4.1264	0.40645	0.00022208
-4.1264	0.44258	0.0023612
-4.1264	0.47871	0.0048336
-4.1264	0.51484	0.0038402
-4.1264	0.55097	0.00059693
-4.1264	0.5871	0.0028305
-4.1264	0.62323	0.016806
-4.1264	0.65936	0.038267
-4.1264	0.69549	0.053927
-4.1264	0.73162	0.053229
-4.1264	0.76774	0.037728
-4.1264	0.80387	0.018435
-4.1264	0.84	0.0053136
-4.1264	0.87613	0.00048741
-4.1264	0.91226	0.00020964
-4.1264	0.94839	0.00059628
-4.1264	0.98452	0.0004389
-4.1264	1.0207	0.00014485
-4.1264	1.2735	0.00015095
-4.1264	1.3096	0.00019342
-4.1264	1.3458	0.00016695
-4.1264	1.4903	0.0001341
-4.1264	1.9962	0.0001422
-4.1025	-2.0142	0.00021088
-4.1025	-1.9781	0.00046168
-4.1025	-1.942	0.0006478
-4.1025	-1.9058	0.00063544
-4.1025	-1.8697	0.00043766
-4.1025	-1.8336	0.00019715
-4.1025	-0.85806	0.00021203
-4.1025	-0.82193	0.00028093
-4.1025	-0.71355	0.0013257
-4.1025	-0.67742	0.0043949
-4.1025	-0.64129	0.008291
-4.1025	-0.60516	0.010624
-4.1025	-0.56903	0.0096745
-4.1025	-0.5329	0.0061125
-4.1025	-0.49677	0.0023765
-4.1025	-0.46064	0.00036318
-4.1025	-0.38838	0.00026942
-4.1025	-0.35226	0.00026794
-4.1025	-0.027097	0.00015364
-4.1025	0.0090325	0.00021438
-4.1025	0.11742	0.00029776
-4.1025	0.15355	0.00053849
-4.1025	0.18968	0.00033785
-4.1025	0.26194	0.00052974
-4.1025	0.29807	0.0015109
-4.1025	0.3342	0.0015787
-4.1025	0.37032	0.00046873
-4.1025	0.40645	0.00032607
-4.1025	0.44258	0.0027628
-4.1025	0.47871	0.0053109
-4.1025	0.51484	0.0039253
-4.1025	0.55097	0.00046999
-4.1025	0.5871	0.0048473
-4.1025	0.62323	0.02551
-4.1025	0.65936	0.057273
-4.1025	0.69549	0.081759
-4.1025	0.73162	0.082643
-4.1025	0.76774	0.060241
-4.1025	0.80387	0.030177
-4.1025	0.84	0.0086899
-4.1025	0.87613	0.00067193
-4.1025	0.91226	0.00064498
-4.1025	0.94839	0.0016806
-4.1025	0.98452	0.0012799
-4.1025	1.0207	0.00039395
-4.1025	1.129	0.00012187
-4.1025	1.8155	0.00012595
-4.1025	1.9239	0.00014
-4.1025	1.96	0.00040058
-4.1025	1.9962	0.00058397
-4.1025	2.0323	0.00055098
-4.1025	2.0684	0.00035804
-4.1025	2.1045	0.00015839
-4.0788	-2.0142	0.0002304
-4.0788	-1.9781	0.00050926
-4.0788	-1.942	0.00073371
-4.0788	-1.9058	0.00074294
-4.0788	-1.8697	0.00052794
-4.0788	-1.8336	0.00024307
-4.0788	-0.85806	0.0001923
-4.0788	-0.82193	0.00024272
-4.0788	-0.74968	0.00017342
-4.0788	-0.71355	0.0017735
-4.0788	-0.67742	0.0057506
-4.0788	-0.64129	0.011031
-4.0788	-0.60516	0.014585
-4.0788	-0.56903	0.013799
-4.0788	-0.5329	0.0090735
-4.0788	-0.49677	0.0036332
-4.0788	-0.46064	0.00052932
-4.0788	-0.42451	0.00013554
-4.0788	-0.38838	0.00070106
-4.0788	-0.35226	0.00075243
-4.0788	-0.31613	0.00030743
-4.0788	-0.20774	0.00013705
-4.0788	0.15355	0.00022368
-4.0788	0.18968	0.00015583
-4.0788	0.26194	0.00038094
-4.0788	0.29807	0.0010309
-4.0788	0.3342	0.001048
-4.0788	0.37032	0.00026835
-4.0788	0.40645	0.00038298
-4.0788	0.44258	0.0026574
-4.0788	0.47871	0.0048325
-4.0788	0.51484	0.0032951
-4.0788	0.55097	0.0003436
-4.0788	0.5871	0.006748
-4.0788	0.62323	0.032124
-4.0788	0.65936	0.071059
-4.0788	0.69549	0.10211
-4.0788	0.73162	0.10463
-4.0788	0.76774	0.077321
-4.0788	0.80387	0.038918
-4.0788	0.84	0.010857
-4.0788	0.87613	0.00066596
-4.0788	0.91226	0.0013969
-4.0788	0.94839	0.0031951
-4.0788	0.98452	0.0023597
-4.0788	1.0207	0.00065701
-4.0788	1.0929	0.00031473
-4.0788	1.129	0.00046414
-4.0788	1.1651	0.00028061
-4.0788	1.8155	0.00012703
-4.0788	1.9239	0.00025055
-4.0788	1.96	0.00071624
-4.0788	1.9962	0.0011119
-4.0788	2.0323	0.0011507
-4.0788	2.0684	0.00083872
-4.0788	2.1045	0.00042384
-4.0788	2.1406	0.00013404
-4.0549	-2.0142	0.00018596
-4.0549	-1.9781	0.00042434
-4.0549	-1.942	0.00063593
-4.0549	-1.9058	0.00066868
-4.0549	-1.8697	0.0004899
-4.0549	-1.8336	0.0002285
-4.0549	-0.85806	0.00012674
-4.0549	-0.82193	0.00015517
-4.0549	-0.74968	0.00021183
-4.0549	-0.71355	0.0018461
-4.0549	-0.67742	0.0059097
-4.0549	-0.64129	0.01153
-4.0549	-0.60516	0.01564
-4.0549	-0.56903	0.0152
-4.0549	-0.5329	0.010211
-4.0549	-0.49677	0.0040855
-4.0549	-0.46064	0.00053078
-4.0549	-0.42451	0.00027412
-4.0549	-0.38838	0.0011986
-4.0549	-0.35226	0.0012771
-4.0549	-0.31613	0.00051991
-4.0549	-0.24387	0.00019313
-4.0549	-0.20774	0.00042085
-4.0549	-0.17162	0.00030304
-4.0549	0.26194	0.00017171
-4.0549	0.29807	0.00046975
-4.0549	0.3342	0.00049081
-4.0549	0.40645	0.00033527
-4.0549	0.44258	0.0019997
-4.0549	0.47871	0.0035059
-4.0549	0.51484	0.0022017
-4.0549	0.55097	0.00029392
-4.0549	0.5871	0.0076203
-4.0549	0.62323	0.033574
-4.0549	0.65936	0.073617
-4.0549	0.69549	0.10665
-4.0549	0.73162	0.11061
-4.0549	0.76774	0.082511
-4.0549	0.80387	0.041397
-4.0549	0.84	0.011001
-4.0549	0.87613	0.00052949
-4.0549	0.91226	0.0023332
-4.0549	0.94839	0.0047124
-4.0549	0.98452	0.0033098
-4.0549	1.0207	0.00081279
-4.0549	1.0929	0.00071427
-4.0549	1.129	0.00099041
-4.0549	1.1651	0.00055002
-4.0549	1.4181	0.00013513
-4.0549	1.9239	0.00029374
-4.0549	1.96	0.00084145
-4.0549	1.9962	0.0013648
-4.0549	2.0323	0.001496
-4.0549	2.0684	0.0011613
-4.0549	2.1045	0.00062491
-4.0549	2.1406	0.00020765
-4.0312	-1.9781	0.00023624
-4.0312	-1.942	0.0003875
-4.0312	-1.9058	0.00043827
-4.0312	-1.8697	0.00033892
-4.0312	-1.8336	0.00016217
-4.0312	-0.74968	0.0001807
-4.0312	-0.71355	0.0014238
-4.0312	-0.67742	0.0046228
-4.0312	-0.64129	0.0093318
-4.0312	-0.60516	0.013128
-4.0312	-0.56903	0.013177
-4.0312	-0.5329	0.009042
-4.0312	-0.49677	0.0035838
-4.0312	-0.46064	0.00039917
-4.0312	-0.42451	0.00041549
-4.0312	-0.38838	0.0015472
-4.0312	-0.35226	0.0015999
-4.0312	-0.31613	0.00062206
-4.0312	-0.24387	0.00036855
-4.0312	-0.20774	0.00076875
-4.0312	-0.17162	0.00055922
-4.0312	-0.063226	0.00026126
-4.0312	-0.027097	0.00029984
-4.0312	0.0090325	0.00012359
-4.0312	0.40645	0.00018378
-4.0312	0.44258	0.0010273
-4.0312	0.47871	0.0018275
-4.0312	0.51484	0.0010744
-4.0312	0.55097	0.00028662
-4.0312	0.5871	0.006735
-4.0312	0.62323	0.028297
-4.0312	0.65936	0.062432
-4.0312	0.69549	0.092071
-4.0312	0.73162	0.097276
-4.0312	0.76774	0.073488
-4.0312	0.80387	0.036735
-4.0312	0.84	0.0092058
-4.0312	0.87613	0.00039145
-4.0312	0.91226	0.0031377
-4.0312	0.94839	0.0056822
-4.0312	0.98452	0.0037711
-4.0312	1.0207	0.00079825
-4.0312	1.0568	0.00018346
-4.0312	1.0929	0.0012054
-4.0312	1.129	0.0015497
-4.0312	1.1651	0.00078876
-4.0312	1.2374	0.00012783
-4.0312	1.2735	0.00031787
-4.0312	1.3096	0.00022953
-4.0312	1.4181	0.00021525
-4.0312	1.4542	0.00016751
-4.0312	1.9239	0.00021885
-4.0312	1.96	0.00065129
-4.0312	1.9962	0.0011264
-4.0312	2.0323	0.0013192
-4.0312	2.0684	0.0010885
-4.0312	2.1045	0.00061576
-4.0312	2.1406	0.00020927
-4.0074	-1.9058	0.00016661
-4.0074	-1.8697	0.00014922
-4.0074	-0.71355	0.00067325
-4.0074	-0.67742	0.0023992
-4.0074	-0.64129	0.0052999
-4.0074	-0.60516	0.0080504
-4.0074	-0.56903	0.0085897
-4.0074	-0.5329	0.0061407
-4.0074	-0.49677	0.0024341
-4.0074	-0.46064	0.00022866
-4.0074	-0.42451	0.00047766
-4.0074	-0.38838	0.0015632
-4.0074	-0.35226	0.0015685
-4.0074	-0.31613	0.00057372
-4.0074	-0.24387	0.00052346
-4.0074	-0.20774	0.0010281
-4.0074	-0.17162	0.00072851
-4.0074	-0.13549	0.00013402
-4.0074	-0.063226	0.00051801
-4.0074	-0.027097	0.00059993
-4.0074	0.0090325	0.00023978
-4.0074	0.081291	0.00021606
-4.0074	0.11742	0.00040007
-4.0074	0.15355	0.0002743
-4.0074	0.44258	0.00021745
-4.0074	0.47871	0.00048565
-4.0074	0.51484	0.0002959
-4.0074	0.55097	0.00021614
-4.0074	0.5871	0.0041709
-4.0074	0.62323	0.017648
-4.0074	0.65936	0.040604
-4.0074	0.69549	0.062563
-4.0074	0.73162	0.068648
-4.0074	0.76774	0.053264
-4.0074	0.80387	0.026762
-4.0074	0.84	0.006306
-4.0074	0.87613	0.00032676
-4.0074	0.91226	0.0034343
-4.0074	0.94839	0.0056845
-4.0074	0.98452	0.0035657
-4.0074	1.0207	0.00063615
-4.0074	1.0568	0.00031323
-4.0074	1.0929	0.0016251
-4.0074	1.129	0.0019415
-4.0074	1.1651	0.00090158
-4.0074	1.2374	0.00026428
-4.0074	1.2735	0.00062411
-4.0074	1.3096	0.00045896
-4.0074	1.382	0.00013704
-4.0074	1.4181	0.00035402
-4.0074	1.4542	0.00033025
-4.0074	1.5626	0.0001468
-4.0074	1.5987	0.00023142
-4.0074	1.6349	0.00013938
-4.0074	1.96	0.00027316
-4.0074	1.9962	0.0005366
-4.0074	2.0323	0.00071239
-4.0074	2.0684	0.00065353
-4.0074	2.1045	0.0004003
-4.0074	2.1406	0.000141
-3.9835	-0.67742	0.00047278
-3.9835	-0.64129	0.0014639
-3.9835	-0.60516	0.0028136
-3.9835	-0.56903	0.0035456
-3.9835	-0.5329	0.0028387
-3.9835	-0.49677	0.0011822
-3.9835	-0.42451	0.0003985
-3.9835	-0.38838	0.0012066
-3.9835	-0.35226	0.0011978
-3.9835	-0.31613	0.00041441
-3.9835	-0.24387	0.00057307
-3.9835	-0.20774	0.0010683
-3.9835	-0.17162	0.00073032
-3.9835	-0.099357	0.00017975
-3.9835	-0.063226	0.00074423
-3.9835	-0.027097	0.00084025
-3.9835	0.0090325	0.00031671
-3.9835	0.081291	0.00042825
-3.9835	0.11742	0.00081109
-3.9835	0.15355	0.00056717
-3.9835	0.26194	0.00042505
-3.9835	0.29807	0.00045901
-3.9835	0.3342	0.00017599
-3.9835	0.5871	0.0012331
-3.9835	0.62323	0.0062333
-3.9835	0.65936	0.016735
-3.9835	0.69549	0.029114
-3.9835	0.73162	0.035062
-3.9835	0.76774	0.029088
-3.9835	0.80387	0.015118
-3.9835	0.84	0.0033913
-3.9835	0.87613	0.00029953
-3.9835	0.91226	0.0029972
-3.9835	0.94839	0.0046516
-3.9835	0.98452	0.002779
-3.9835	1.0207	0.00041006
-3.9835	1.0568	0.00042389
-3.9835	1.0929	0.0017929
-3.9835	1.129	0.0020066
-3.9835	1.1651	0.00084726
-3.9835	1.2374	0.00042994
-3.9835	1.2735	0.00091755
-3.9835	1.3096	0.00065508
-3.9835	1.3458	0.00014846
-3.9835	1.382	0.00017748
-3.9835	1.4181	0.00053329
-3.9835	1.4542	0.00053463
-3.9835	1.4903	0.00017616
-3.9835	1.5626	0.00026429
-3.9835	1.5987	0.00045192
-3.9835	1.6349	0.00029585
-3.9835	1.7432	0.00020194
-3.9835	1.7793	0.00023822
-3.9835	1.96	0.0001356
-3.9835	1.9962	0.00013414
-3.9835	2.0323	0.00015832
-3.9835	2.0684	0.00017386
-3.9835	2.1045	0.00013023
-3.9596	-2.0503	0.00012376
-3.9596	-2.0142	0.00024571
-3.9596	-1.9781	0.00028536
-3.9596	-1.942	0.00021576
-3.9596	-0.85806	0.00014331
-3.9596	-0.71355	0.00029515
-3.9596	-0.67742	0.00032121
-3.9596	-0.64129	0.00018911
-3.9596	-0.60516	0.00019817
-3.9596	-0.56903	0.0004424
-3.9596	-0.5329	0.00056701
-3.9596	-0.49677	0.00031232
-3.9596	-0.42451	0.00020336
-3.9596	-0.38838	0.00063558
-3.9596	-0.35226	0.00066324
-3.9596	-0.31613	0.00022741
-3.9596	-0.24387	0.0004706
-3.9596	-0.20774	0.00085668
-3.9596	-0.17162	0.00057048
-3.9596	-0.099357	0.00022398
-3.9596	-0.063226	0.00082503
-3.9596	-0.027097	0.00090143
-3.9596	0.0090325	0.00031334
-3.9596	0.081291	0.00063438
-3.9596	0.11742	0.0011626
-3.9596	0.15355	0.00078731
-3.9596	0.2258	0.00025443
-3.9596	0.26194	0.00098303
-3.9596	0.29807	0.0011128
-3.9596	0.3342	0.00043665
-3.9596	0.40645	0.00048431
-3.9596	0.44258	0.00094339
-3.9596	0.47871	0.00065496
-3.9596	0.5871	0.00026154
-3.9596	0.62323	0.00058406
-3.9596	0.65936	0.0021345
-3.9596	0.69549	0.0057117
-3.9596	0.73162	0.0093524
-3.9596	0.76774	0.0095552
-3.9596	0.80387	0.0056546
-3.9596	0.84	0.0012866
-3.9596	0.87613	0.00022171
-3.9596	0.91226	0.0019398
-3.9596	0.94839	0.0029492
-3.9596	0.98452	0.0017169
-3.9596	1.0207	0.00020908
-3.9596	1.0568	0.00044216
-3.9596	1.0929	0.0016039
-3.9596	1.129	0.0017064
-3.9596	1.1651	0.00065578
-3.9596	1.2374	0.0005528
-3.9596	1.2735	0.001075
-3.9596	1.3096	0.00073618
-3.9596	1.3458	0.00014884
-3.9596	1.382	0.00022412
-3.9596	1.4181	0.00069876
-3.9596	1.4542	0.00070734
-3.9596	1.4903	0.00023165
-3.9596	1.5626	0.00041903
-3.9596	1.5987	0.00072148
-3.9596	1.6349	0.00047685
-3.9596	1.7432	0.00045628
-3.9596	1.7793	0.00055941
-3.9596	1.8155	0.00026095
-3.9596	1.8878	0.00020918
-3.9596	1.9239	0.0006357
-3.9596	1.96	0.00084002
-3.9596	1.9962	0.00066633
-3.9596	2.0323	0.0003366
-3.9359	-2.0503	0.00030921
-3.9359	-2.0142	0.00065057
-3.9359	-1.9781	0.00084575
-3.9359	-1.942	0.00075455
-3.9359	-1.9058	0.00046729
-3.9359	-1.8697	0.0001891
-3.9359	-0.89419	0.0002048
-3.9359	-0.85806	0.0002926
-3.9359	-0.82193	0.00014046
-3.9359	-0.74968	0.00053565
-3.9359	-0.71355	0.0017522
-3.9359	-0.67742	0.0028749
-3.9359	-0.64129	0.002953
-3.9359	-0.60516	0.001961
-3.9359	-0.56903	0.00078338
-3.9359	-0.5329	0.00015508
-3.9359	-0.38838	0.0001491
-3.9359	-0.35226	0.00020861
-3.9359	-0.24387	0.00025531
-3.9359	-0.20774	0.00048928
-3.9359	-0.17162	0.00033195
-3.9359	-0.099357	0.00020602
-3.9359	-0.063226	0.00070236
-3.9359	-0.027097	0.00075104
-3.9359	0.0090325	0.00023888
-3.9359	0.081291	0.00073187
-3.9359	0.11742	0.0012841
-3.9359	0.15355	0.00082508
-3.9359	0.2258	0.00044522
-3.9359	0.26194	0.0015553
-3.9359	0.29807	0.0017208
-3.9359	0.3342	0.00062502
-3.9359	0.40645	0.0013017
-3.9359	0.44258	0.0025989
-3.9359	0.47871	0.0019551
-3.9359	0.51484	0.00032886
-3.9359	0.55097	0.00067442
-3.9359	0.5871	0.0036199
-3.9359	0.62323	0.0062378
-3.9359	0.65936	0.0058467
-3.9359	0.69549	0.0033276
-3.9359	0.73162	0.0014138
-3.9359	0.76774	0.0009958
-3.9359	0.80387	0.00083602
-3.9359	0.84	0.0002555
-3.9359	0.91226	0.00075245
-3.9359	0.94839	0.0012511
-3.9359	0.98452	0.00076057
-3.9359	1.0568	0.00033259
-3.9359	1.0929	0.0011081
-3.9359	1.129	0.0011537
-3.9359	1.1651	0.00040896
-3.9359	1.2374	0.00056137
-3.9359	1.2735	0.0010183
-3.9359	1.3096	0.00067167
-3.9359	1.3458	0.00012437
-3.9359	1.382	0.00025631
-3.9359	1.4181	0.00077767
-3.9359	1.4542	0.00077293
-3.9359	1.4903	0.00023976
-3.9359	1.5626	0.00057418
-3.9359	1.5987	0.00095912
-3.9359	1.6349	0.00061503
-3.9359	1.7071	0.00020276
-3.9359	1.7432	0.00080979
-3.9359	1.7793	0.00097644
-3.9359	1.8155	0.00043356
-3.9359	1.8878	0.00063419
-3.9359	1.9239	0.0019406
-3.9359	1.96	0.0028628
-3.9359	1.9962	0.0027119
-3.9359	2.0323	0.0017744
-3.9359	2.0684	0.00079477
-3.9359	2.1045	0.00022311
-3.9121	-2.0503	0.0005472
-3.9121	-2.0142	0.0011649
-3.9121	-1.9781	0.0015786
-3.9121	-1.942	0.0014941
-3.9121	-1.9058	0.00099613
-3.9121	-1.8697	0.0004393
-3.9121	-0.89419	0.0003004
-3.9121	-0.85806	0.00041325
-3.9121	-0.82193	0.00017588
-3.9121	-0.74968	0.0013055
-3.9121	-0.71355	0.0043364
-3.9121	-0.67742	0.0078342
-3.9121	-0.64129	0.0093884
-3.9121	-0.60516	0.0078265
-3.9121	-0.56903	0.0044108
-3.9121	-0.5329	0.0014724
-3.9121	-0.49677	0.00018014
-3.9121	-0.20774	0.0001487
-3.9121	-0.17162	0.00012266
-3.9121	-0.099357	0.00012387
-3.9121	-0.063226	0.00042385
-3.9121	-0.027097	0.00046283
-3.9121	0.0090325	0.00013737
-3.9121	0.081291	0.00064956
-3.9121	0.11742	0.0011035
-3.9121	0.15355	0.00066913
-3.9121	0.2258	0.00059738
-3.9121	0.26194	0.001878
-3.9121	0.29807	0.0019905
-3.9121	0.3342	0.00063846
-3.9121	0.37032	0.00022967
-3.9121	0.40645	0.0023105
-3.9121	0.44258	0.0044329
-3.9121	0.47871	0.0032489
-3.9121	0.51484	0.00043696
-3.9121	0.55097	0.0023633
-3.9121	0.5871	0.0122
-3.9121	0.62323	0.02444
-3.9121	0.65936	0.029697
-3.9121	0.69549	0.024381
-3.9121	0.73162	0.013592
-3.9121	0.76774	0.0047766
-3.9121	0.80387	0.00084993
-3.9121	0.94839	0.00023378
-3.9121	0.98452	0.00018645
-3.9121	1.0568	0.0001466
-3.9121	1.0929	0.00051626
-3.9121	1.129	0.00056644
-3.9121	1.1651	0.00019531
-3.9121	1.2374	0.00043337
-3.9121	1.2735	0.00076327
-3.9121	1.3096	0.00049673
-3.9121	1.382	0.00024798
-3.9121	1.4181	0.00071765
-3.9121	1.4542	0.00069552
-3.9121	1.4903	0.00019991
-3.9121	1.5626	0.00067171
-3.9121	1.5987	0.0010718
-3.9121	1.6349	0.00065233
-3.9121	1.7071	0.00033151
-3.9121	1.7432	0.001176
-3.9121	1.7793	0.0013606
-3.9121	1.8155	0.00055022
-3.9121	1.8878	0.0013755
-3.9121	1.9239	0.0040614
-3.9121	1.96	0.0062026
-3.9121	1.9962	0.0062742
-3.9121	2.0323	0.0044964
-3.9121	2.0684	0.0022689
-3.9121	2.1045	0.00074265
-3.8883	-2.0865	0.00017145
-3.8883	-2.0503	0.00075287
-3.8883	-2.0142	0.0016053
-3.8883	-1.9781	0.0022234
-3.8883	-1.942	0.0021685
-3.8883	-1.9058	0.0014932
-3.8883	-1.8697	0.00067584
-3.8883	-1.8336	0.00015626
-3.8883	-0.89419	0.00033634
-3.8883	-0.85806	0.00044254
-3.8883	-0.82193	0.00016053
-3.8883	-0.7858	0.00018303
-3.8883	-0.74968	0.0022059
-3.8883	-0.71355	0.0072176
-3.8883	-0.67742	0.0135
-3.8883	-0.64129	0.017148
-3.8883	-0.60516	0.015433
-3.8883	-0.56903	0.0095703
-3.8883	-0.5329	0.003585
-3.8883	-0.49677	0.00048885
-3.8883	-0.42451	0.00047067
-3.8883	-0.38838	0.00041372
-3.8883	-0.063226	0.00013537
-3.8883	-0.027097	0.00017568
-3.8883	0.081291	0.00040576
-3.8883	0.11742	0.00069605
-3.8883	0.15355	0.00040384
-3.8883	0.2258	0.00061303
-3.8883	0.26194	0.0017657
-3.8883	0.29807	0.001789
-3.8883	0.3342	0.00048967
-3.8883	0.37032	0.0003908
-3.8883	0.40645	0.0030932
-3.8883	0.44258	0.005624
-3.8883	0.47871	0.0038744
-3.8883	0.51484	0.00041253
-3.8883	0.55097	0.0051034
-3.8883	0.5871	0.02429
-3.8883	0.62323	0.050425
-3.8883	0.65936	0.066303
-3.8883	0.69549	0.060953
-3.8883	0.73162	0.039566
-3.8883	0.76774	0.017033
-3.8883	0.80387	0.0039072
-3.8883	0.84	0.00018229
-3.8883	0.87613	0.00033626
-3.8883	0.91226	0.00052213
-3.8883	0.94839	0.00024845
-3.8883	1.129	0.00016027
-3.8883	1.2374	0.00022443
-3.8883	1.2735	0.00042036
-3.8883	1.3096	0.00028956
-3.8883	1.382	0.00018656
-3.8883	1.4181	0.00052411
-3.8883	1.4542	0.00050235
-3.8883	1.4903	0.00013491
-3.8883	1.5626	0.00065938
-3.8883	1.5987	0.0010029
-3.8883	1.6349	0.00057256
-3.8883	1.7071	0.00045122
-3.8883	1.7432	0.0014282
-3.8883	1.7793	0.0015684
-3.8883	1.8155	0.00055896
-3.8883	1.8516	0.00017343
-3.8883	1.8878	0.0023509
-3.8883	1.9239	0.0066301
-3.8883	1.96	0.010209
-3.8883	1.9962	0.010615
-3.8883	2.0323	0.0079004
-3.8883	2.0684	0.0041619
-3.8883	2.1045	0.0014158
-3.8883	2.1406	0.00022513
-3.8644	-2.0865	0.00019522
-3.8644	-2.0503	0.00081754
-3.8644	-2.0142	0.0017574
-3.8644	-1.9781	0.0024872
-3.8644	-1.942	0.0024856
-3.8644	-1.9058	0.0017475
-3.8644	-1.8697	0.00079637
-3.8644	-1.8336	0.00017556
-3.8644	-0.89419	0.00028324
-3.8644	-0.85806	0.00036012
-3.8644	-0.7858	0.0002827
-3.8644	-0.74968	0.0028204
-3.8644	-0.71355	0.0090867
-3.8644	-0.67742	0.017347
-3.8644	-0.64129	0.02278
-3.8644	-0.60516	0.021316
-3.8644	-0.56903	0.013747
-3.8644	-0.5329	0.0052853
-3.8644	-0.49677	0.000675
-3.8644	-0.46064	0.00027722
-3.8644	-0.42451	0.0011823
-3.8644	-0.38838	0.0011495
-3.8644	-0.35226	0.00039584
-3.8644	-0.28	0.00017822
-3.8644	-0.24387	0.00029144
-3.8644	-0.20774	0.00015216
-3.8644	0.081291	0.00012865
-3.8644	0.11742	0.00025975
-3.8644	0.15355	0.00015531
-3.8644	0.2258	0.00044899
-3.8644	0.26194	0.0012321
-3.8644	0.29807	0.0012112
-3.8644	0.3342	0.00027498
-3.8644	0.37032	0.00049766
-3.8644	0.40645	0.0032113
-3.8644	0.44258	0.005549
-3.8644	0.47871	0.0035321
-3.8644	0.51484	0.00036893
-3.8644	0.55097	0.0080679
-3.8644	0.5871	0.035489
-3.8644	0.62323	0.074255
-3.8644	0.65936	0.10105
-3.8644	0.69549	0.097491
-3.8644	0.73162	0.067061
-3.8644	0.76774	0.030751
-3.8644	0.80387	0.0074079
-3.8644	0.84	0.0003232
-3.8644	0.87613	0.0011749
-3.8644	0.91226	0.0020304
-3.8644	0.94839	0.0011669
-3.8644	0.98452	0.00021976
-3.8644	1.2735	0.00014036
-3.8644	1.3096	0.0001264
-3.8644	1.4181	0.00026825
-3.8644	1.4542	0.00027015
-3.8644	1.5626	0.00052146
-3.8644	1.5987	0.00076441
-3.8644	1.6349	0.00040854
-3.8644	1.7071	0.0005078
-3.8644	1.7432	0.0014542
-3.8644	1.7793	0.0015115
-3.8644	1.8155	0.0004606
-3.8644	1.8516	0.00031483
-3.8644	1.8878	0.003311
-3.8644	1.9239	0.0089343
-3.8644	1.96	0.013749
-3.8644	1.9962	0.014489
-3.8644	2.0323	0.010982
-3.8644	2.0684	0.005881
-3.8644	2.1045	0.0020032
-3.8644	2.1406	0.00029602
-3.8644	2.2491	0.00012198
-3.8405	-2.0865	0.00015871
-3.8405	-2.0503	0.00066458
-3.8405	-2.0142	0.0014809
-3.8405	-1.9781	0.0021813
-3.8405	-1.942	0.0022592
-3.8405	-1.9058	0.0016306
-3.8405	-1.8697	0.00074708
-3.8405	-1.8336	0.00015433
-3.8405	-0.89419	0.00015975
-3.8405	-0.85806	0.00020549
-3.8405	-0.7858	0.00031233
-3.8405	-0.74968	0.0027357
-3.8405	-0.71355	0.0088293
-3.8405	-0.67742	0.017309
-3.8405	-0.64129	0.023478
-3.8405	-0.60516	0.02267
-3.8405	-0.56903	0.014971
-3.8405	-0.5329	0.00574
-3.8405	-0.49677	0.00063831
-3.8405	-0.46064	0.00053586
-3.8405	-0.42451	0.0019717
-3.8405	-0.38838	0.0019174
-3.8405	-0.35226	0.00066604
-3.8405	-0.28	0.00044585
-3.8405	-0.24387	0.00080486
-3.8405	-0.20774	0.00050738
-3.8405	-0.099357	0.00020713
-3.8405	-0.063226	0.00018426
-3.8405	0.2258	0.00018309
-3.8405	0.26194	0.00053294
-3.8405	0.29807	0.00053996
-3.8405	0.37032	0.00044864
-3.8405	0.40645	0.0024919
-3.8405	0.44258	0.0041634
-3.8405	0.47871	0.002431
-3.8405	0.51484	0.00039793
-3.8405	0.55097	0.0097491
-3.8405	0.5871	0.040239
-3.8405	0.62323	0.084532
-3.8405	0.65936	0.11768
-3.8405	0.69549	0.11693
-3.8405	0.73162	0.082904
-3.8405	0.76774	0.038876
-3.8405	0.80387	0.0092032
-3.8405	0.84	0.00036744
-3.8405	0.87613	0.002434
-3.8405	0.91226	0.0040828
-3.8405	0.94839	0.0024425
-3.8405	0.98452	0.00045545
-3.8405	1.0568	0.00051622
-3.8405	1.0929	0.00053036
-3.8405	1.129	0.00020006
-3.8405	1.5626	0.00029729
-3.8405	1.5987	0.00043559
-3.8405	1.6349	0.00022181
-3.8405	1.7071	0.00045449
-3.8405	1.7432	0.0012051
-3.8405	1.7793	0.0011919
-3.8405	1.8155	0.0003013
-3.8405	1.8516	0.00045752
-3.8405	1.8878	0.0038707
-3.8405	1.9239	0.010079
-3.8405	1.96	0.015505
-3.8405	1.9962	0.016506
-3.8405	2.0323	0.01266
-3.8405	2.0684	0.0068233
-3.8405	2.1045	0.0022906
-3.8405	2.1406	0.00030361
-3.8405	2.2129	0.00020206
-3.8405	2.2491	0.00019524
-3.8168	-2.0503	0.00031961
-3.8168	-2.0142	0.00081034
-3.8168	-1.9781	0.0013235
-3.8168	-1.942	0.0014852
-3.8168	-1.9058	0.0011349
-3.8168	-1.8697	0.0005329
-3.8168	-0.7858	0.00021503
-3.8168	-0.74968	0.0018209
-3.8168	-0.71355	0.006194
-3.8168	-0.67742	0.012894
-3.8168	-0.64129	0.018477
-3.8168	-0.60516	0.018669
-3.8168	-0.56903	0.012699
-3.8168	-0.5329	0.0048298
-3.8168	-0.49677	0.00044752
-3.8168	-0.46064	0.00078426
-3.8168	-0.42451	0.0025063
-3.8168	-0.38838	0.002375
-3.8168	-0.35226	0.00078458
-3.8168	-0.28	0.00079558
-3.8168	-0.24387	0.0014145
-3.8168	-0.20774	0.00091369
-3.8168	-0.17162	0.00014184
-3.8168	-0.13549	0.0001436
-3.8168	-0.099357	0.00059788
-3.8168	-0.063226	0.00062782
-3.8168	-0.027097	0.0002256
-3.8168	0.045162	0.00013923
-3.8168	0.081291	0.00022733
-3.8168	0.11742	0.00012422
-3.8168	0.37032	0.00023977
-3.8168	0.40645	0.0012622
-3.8168	0.44258	0.002151
-3.8168	0.47871	0.0011655
-3.8168	0.51484	0.00044267
-3.8168	0.55097	0.0089306
-3.8168	0.5871	0.03549
-3.8168	0.62323	0.075667
-3.8168	0.65936	0.10822
-3.8168	0.69549	0.11066
-3.8168	0.73162	0.080377
-3.8168	0.76774	0.038047
-3.8168	0.80387	0.0086029
-3.8168	0.84	0.00038882
-3.8168	0.87613	0.0036607
-3.8168	0.91226	0.0057789
-3.8168	0.94839	0.0034046
-3.8168	0.98452	0.00057708
-3.8168	1.0207	0.00023742
-3.8168	1.0568	0.0011313
-3.8168	1.0929	0.0011982
-3.8168	1.129	0.00046623
-3.8168	1.2013	0.00014262
-3.8168	1.2374	0.00026255
-3.8168	1.2735	0.00015934
-3.8168	1.5987	0.0001443
-3.8168	1.7071	0.00029075
-3.8168	1.7432	0.00074446
-3.8168	1.7793	0.0007148
-3.8168	1.8155	0.00014603
-3.8168	1.8516	0.00050741
-3.8168	1.8878	0.0036308
-3.8168	1.9239	0.0092582
-3.8168	1.96	0.014346
-3.8168	1.9962	0.01549
-3.8168	2.0323	0.012038
-3.8168	2.0684	0.0065187
-3.8168	2.1045	0.0021426
-3.8168	2.1406	0.00024756
-3.8168	2.2129	0.00027258
-3.8168	2.2491	0.00024673
-3.793	-2.0142	0.00014284
-3.793	-1.9781	0.00034878
-3.793	-1.942	0.00051005
-3.793	-1.9058	0.00046435
-3.793	-1.8697	0.00024117
-3.793	-0.74968	0.00051955
-3.793	-0.71355	0.0022603
-3.793	-0.67742	0.0056583
-3.793	-0.64129	0.0093108
-3.793	-0.60516	0.010425
-3.793	-0.56903	0.0075951
-3.793	-0.5329	0.0029261
-3.793	-0.49677	0.00022401
-3.793	-0.46064	0.00083794
-3.793	-0.42451	0.0024015
-3.793	-0.38838	0.0022209
-3.793	-0.35226	0.00068205
-3.793	-0.28	0.0010711
-3.793	-0.24387	0.0018278
-3.793	-0.20774	0.0011562
-3.793	-0.17162	0.00015617
-3.793	-0.13549	0.00028724
-3.793	-0.099357	0.0011029
-3.793	-0.063226	0.0011818
-3.793	-0.027097	0.0004326
-3.793	0.045162	0.0004343
-3.793	0.081291	0.00080435
-3.793	0.11742	0.00053905
-3.793	0.2258	0.0001818
-3.793	0.26194	0.00016158
-3.793	0.40645	0.00022602
-3.793	0.44258	0.00050486
-3.793	0.47871	0.00028277
-3.793	0.51484	0.00034714
-3.793	0.55097	0.0056062
-3.793	0.5871	0.022695
-3.793	0.62323	0.051001
-3.793	0.65936	0.076988
-3.793	0.69549	0.082555
-3.793	0.73162	0.06218
-3.793	0.76774	0.029864
-3.793	0.80387	0.0063869
-3.793	0.84	0.00045175
-3.793	0.87613	0.0043526
-3.793	0.91226	0.0064724
-3.793	0.94839	0.0036917
-3.793	0.98452	0.00054462
-3.793	1.0207	0.00043206
-3.793	1.0568	0.0017668
-3.793	1.0929	0.0018321
-3.793	1.129	0.00068836
-3.793	1.2013	0.00035503
-3.793	1.2374	0.00065915
-3.793	1.2735	0.00041444
-3.793	1.382	0.00018752
-3.793	1.4181	0.00017122
-3.793	1.7432	0.00028114
-3.793	1.7793	0.0002814
-3.793	1.8516	0.00040456
-3.793	1.8878	0.0025995
-3.793	1.9239	0.0066677
-3.793	1.96	0.010592
-3.793	1.9962	0.011743
-3.793	2.0323	0.0093237
-3.793	2.0684	0.0050964
-3.793	2.1045	0.0016381
-3.793	2.1406	0.00016055
-3.793	2.2129	0.00029723
-3.793	2.2491	0.00025268
-3.7691	-2.2309	0.00013912
-3.7691	-2.0865	0.00017416
-3.7691	-2.0503	0.00026938
-3.7691	-2.0142	0.0002142
-3.7691	-0.93032	0.00014349
-3.7691	-0.89419	0.00018866
-3.7691	-0.74968	0.00016083
-3.7691	-0.71355	0.00018417
-3.7691	-0.67742	0.00056942
-3.7691	-0.64129	0.0016092
-3.7691	-0.60516	0.0026026
-3.7691	-0.56903	0.0023922
-3.7691	-0.5329	0.0010307
-3.7691	-0.46064	0.00057892
-3.7691	-0.42451	0.0015761
-3.7691	-0.38838	0.0014586
-3.7691	-0.35226	0.00041569
-3.7691	-0.28	0.0010514
-3.7691	-0.24387	0.0017268
-3.7691	-0.20774	0.0010558
-3.7691	-0.13549	0.000415
-3.7691	-0.099357	0.0014367
-3.7691	-0.063226	0.0015106
-3.7691	-0.027097	0.00052431
-3.7691	0.045162	0.00081884
-3.7691	0.081291	0.0015041
-3.7691	0.11742	0.001026
-3.7691	0.15355	0.00016805
-3.7691	0.18968	0.00017975
-3.7691	0.2258	0.00079445
-3.7691	0.26194	0.0008866
-3.7691	0.29807	0.00035153
-3.7691	0.37032	0.0001412
-3.7691	0.40645	0.0002223
-3.7691	0.55097	0.0014492
-3.7691	0.5871	0.0072938
-3.7691	0.62323	0.019786
-3.7691	0.65936	0.034603
-3.7691	0.69549	0.041555
-3.7691	0.73162	0.034024
-3.7691	0.76774	0.017141
-3.7691	0.80387	0.0035204
-3.7691	0.84	0.00047217
-3.7691	0.87613	0.0039276
-3.7691	0.91226	0.0056166
-3.7691	0.94839	0.0031163
-3.7691	0.98452	0.00039466
-3.7691	1.0207	0.00058901
-3.7691	1.0568	0.0021047
-3.7691	1.0929	0.0021147
-3.7691	1.129	0.00074648
-3.7691	1.2013	0.00061127
-3.7691	1.2374	0.0010856
-3.7691	1.2735	0.0006754
-3.7691	1.3458	0.00013359
-3.7691	1.382	0.00047269
-3.7691	1.4181	0.00047406
-3.7691	1.4542	0.00017636
-3.7691	1.5626	0.0001382
-3.7691	1.8516	0.00019202
-3.7691	1.8878	0.0012461
-3.7691	1.9239	0.0034577
-3.7691	1.96	0.0059274
-3.7691	1.9962	0.0070054
-3.7691	2.0323	0.005842
-3.7691	2.0684	0.0032881
-3.7691	2.1045	0.0010452
-3.7691	2.2129	0.00027491
-3.7691	2.2491	0.00022148
-3.7454	-2.4116	0.00013848
-3.7454	-2.3755	0.00015045
-3.7454	-2.2671	0.00017957
-3.7454	-2.2309	0.00034205
-3.7454	-2.1948	0.00024628
-3.7454	-2.1226	0.00017363
-3.7454	-2.0865	0.00085388
-3.7454	-2.0503	0.0016189
-3.7454	-2.0142	0.0018386
-3.7454	-1.9781	0.0013869
-3.7454	-1.942	0.00069343
-3.7454	-1.9058	0.00021059
-3.7454	-1.0749	0.00016001
-3.7454	-1.0387	0.00013018
-3.7454	-0.93032	0.00039302
-3.7454	-0.89419	0.00054378
-3.7454	-0.85806	0.00025518
-3.7454	-0.7858	0.00074345
-3.7454	-0.74968	0.0022478
-3.7454	-0.71355	0.0032637
-3.7454	-0.67742	0.0028132
-3.7454	-0.64129	0.0014437
-3.7454	-0.60516	0.00042389
-3.7454	-0.56903	0.00015408
-3.7454	-0.46064	0.00019909
-3.7454	-0.42451	0.00060921
-3.7454	-0.38838	0.0006222
-3.7454	-0.35226	0.00017299
-3.7454	-0.28	0.00076677
-3.7454	-0.24387	0.0012457
-3.7454	-0.20774	0.00074234
-3.7454	-0.13549	0.00046481
-3.7454	-0.099357	0.0014678
-3.7454	-0.063226	0.0015008
-3.7454	-0.027097	0.00047861
-3.7454	0.045162	0.0011525
-3.7454	0.081291	0.00203
-3.7454	0.11742	0.0013374
-3.7454	0.15355	0.00017757
-3.7454	0.18968	0.00043605
-3.7454	0.2258	0.0017042
-3.7454	0.26194	0.0019289
-3.7454	0.29807	0.00075664
-3.7454	0.37032	0.00084627
-3.7454	0.40645	0.001688
-3.7454	0.44258	0.0012063
-3.7454	0.47871	0.00022747
-3.7454	0.55097	0.00051039
-3.7454	0.5871	0.00062512
-3.7454	0.62323	0.0016077
-3.7454	0.65936	0.0049974
-3.7454	0.69549	0.0091033
-3.7454	0.73162	0.0097908
-3.7454	0.76774	0.0058526
-3.7454	0.80387	0.0012547
-3.7454	0.84	0.00033009
-3.7454	0.87613	0.0024223
-3.7454	0.91226	0.0034834
-3.7454	0.94839	0.0019295
-3.7454	0.98452	0.00021531
-3.7454	1.0207	0.0005716
-3.7454	1.0568	0.001852
-3.7454	1.0929	0.0018143
-3.7454	1.129	0.00059559
-3.7454	1.2013	0.00075773
-3.7454	1.2374	0.001275
-3.7454	1.2735	0.00076608
-3.7454	1.3458	0.00022562
-3.7454	1.382	0.00075774
-3.7454	1.4181	0.00075869
-3.7454	1.4542	0.00026455
-3.7454	1.5265	0.0002594
-3.7454	1.5626	0.00044167
-3.7454	1.5987	0.00027279
-3.7454	1.7071	0.00012521
-3.7454	1.8878	0.0001963
-3.7454	1.9239	0.00079291
-3.7454	1.96	0.0017809
-3.7454	1.9962	0.0025518
-3.7454	2.0323	0.002443
-3.7454	2.0684	0.0015089
-3.7454	2.1045	0.00049617
-3.7454	2.2129	0.00020251
-3.7454	2.2491	0.0001584
-3.7215	-2.4116	0.0002124
-3.7215	-2.3755	0.00021374
-3.7215	-2.2671	0.00035014
-3.7215	-2.2309	0.00062333
-3.7215	-2.1948	0.00041813
-3.7215	-2.1226	0.00050779
-3.7215	-2.0865	0.0023122
-3.7215	-2.0503	0.004552
-3.7215	-2.0142	0.0056286
-3.7215	-1.9781	0.0048221
-3.7215	-1.942	0.0028889
-3.7215	-1.9058	0.0011376
-3.7215	-1.8697	0.0002388
-3.7215	-1.0749	0.0002116
-3.7215	-1.0387	0.00016189
-3.7215	-0.96645	0.00018051
-3.7215	-0.93032	0.00073579
-3.7215	-0.89419	0.00099716
-3.7215	-0.85806	0.00043131
-3.7215	-0.82193	0.00015263
-3.7215	-0.7858	0.002448
-3.7215	-0.74968	0.0079138
-3.7215	-0.71355	0.01362
-3.7215	-0.67742	0.015366
-3.7215	-0.64129	0.011928
-3.7215	-0.60516	0.0061917
-3.7215	-0.56903	0.0018962
-3.7215	-0.5329	0.00022795
-3.7215	-0.28	0.00034745
-3.7215	-0.24387	0.00061842
-3.7215	-0.20774	0.00038233
-3.7215	-0.13549	0.00039957
-3.7215	-0.099357	0.0012024
-3.7215	-0.063226	0.0012171
-3.7215	-0.027097	0.00035604
-3.7215	0.0090325	0.00016006
-3.7215	0.045162	0.0013361
-3.7215	0.081291	0.0022571
-3.7215	0.11742	0.0014136
-3.7215	0.15355	0.00014712
-3.7215	0.18968	0.00079017
-3.7215	0.2258	0.0027249
-3.7215	0.26194	0.0029883
-3.7215	0.29807	0.0010714
-3.7215	0.3342	0.00018168
-3.7215	0.37032	0.00228
-3.7215	0.40645	0.0045275
-3.7215	0.44258	0.0033835
-3.7215	0.47871	0.00055329
-3.7215	0.51484	0.0012648
-3.7215	0.55097	0.0067103
-3.7215	0.5871	0.011705
-3.7215	0.62323	0.011178
-3.7215	0.65936	0.0062816
-3.7215	0.69549	0.0019876
-3.7215	0.73162	0.00063889
-3.7215	0.76774	0.00059246
-3.7215	0.80387	0.00022002
-3.7215	0.87613	0.00085515
-3.7215	0.91226	0.0014292
-3.7215	0.94839	0.00087083
-3.7215	1.0207	0.00039677
-3.7215	1.0568	0.0012484
-3.7215	1.0929	0.0012273
-3.7215	1.129	0.00037886
-3.7215	1.2013	0.00074316
-3.7215	1.2374	0.0011934
-3.7215	1.2735	0.00068605
-3.7215	1.3458	0.00030373
-3.7215	1.382	0.00093167
-3.7215	1.4181	0.00090166
-3.7215	1.4542	0.00028295
-3.7215	1.5265	0.00047471
-3.7215	1.5626	0.00078853
-3.7215	1.5987	0.00048496
-3.7215	1.6709	0.00012879
-3.7215	1.7071	0.00047028
-3.7215	1.7432	0.00049705
-3.7215	1.7793	0.00018561
-3.7215	1.8516	0.0001624
-3.7215	1.8878	0.00032661
-3.7215	1.9239	0.00027863
-3.7215	1.96	0.00019099
-3.7215	1.9962	0.00026623
-3.7215	2.0323	0.00038667
-3.7215	2.0684	0.00033082
-3.7215	2.1045	0.00013213
-3.6977	-2.4116	0.00029891
-3.6977	-2.3755	0.00027496
-3.6977	-2.2671	0.00059729
-3.6977	-2.2309	0.00098138
-3.6977	-2.1948	0.00059468
-3.6977	-2.1226	0.0011694
-3.6977	-2.0865	0.0048555
-3.6977	-2.0503	0.009499
-3.6977	-2.0142	0.012005
-3.6977	-1.9781	0.010685
-3.6977	-1.942	0.0067327
-3.6977	-1.9058	0.0028101
-3.6977	-1.8697	0.0006164
-3.6977	-1.0749	0.0002093
-3.6977	-1.0387	0.00014878
-3.6977	-0.96645	0.00027079
-3.6977	-0.93032	0.00099745
-3.6977	-0.89419	0.0012937
-3.6977	-0.85806	0.00048733
-3.6977	-0.82193	0.00038744
-3.6977	-0.7858	0.0049714
-3.6977	-0.74968	0.015992
-3.6977	-0.71355	0.028954
-3.6977	-0.67742	0.03543
-3.6977	-0.64129	0.030695
-3.6977	-0.60516	0.0184
-3.6977	-0.56903	0.006791
-3.6977	-0.5329	0.0010086
-3.6977	-0.46064	0.00049999
-3.6977	-0.42451	0.00042356
-3.6977	-0.13549	0.00019309
-3.6977	-0.099357	0.00062148
-3.6977	-0.063226	0.00066636
-3.6977	-0.027097	0.00018774
-3.6977	0.0090325	0.00015559
-3.6977	0.045162	0.001122
-3.6977	0.081291	0.0018613
-3.6977	0.11742	0.0011144
-3.6977	0.18968	0.0010429
-3.6977	0.2258	0.0032473
-3.6977	0.26194	0.0034258
-3.6977	0.29807	0.0010861
-3.6977	0.3342	0.00041064
-3.6977	0.37032	0.0040592
-3.6977	0.40645	0.0077253
-3.6977	0.44258	0.0055883
-3.6977	0.47871	0.00071637
-3.6977	0.51484	0.0044096
-3.6977	0.55097	0.02223
-3.6977	0.5871	0.044277
-3.6977	0.62323	0.05373
-3.6977	0.65936	0.044098
-3.6977	0.69549	0.02451
-3.6977	0.73162	0.0084697
-3.6977	0.76774	0.0013837
-3.6977	0.91226	0.00019226
-3.6977	0.94839	0.00021001
-3.6977	1.0207	0.00014716
-3.6977	1.0568	0.00054844
-3.6977	1.0929	0.00060293
-3.6977	1.129	0.00019035
-3.6977	1.2013	0.00057692
-3.6977	1.2374	0.00091702
-3.6977	1.2735	0.00051251
-3.6977	1.3458	0.00034409
-3.6977	1.382	0.00097391
-3.6977	1.4181	0.00090684
-3.6977	1.4542	0.00024936
-3.6977	1.5265	0.00070403
-3.6977	1.5626	0.0011078
-3.6977	1.5987	0.00064671
-3.6977	1.6709	0.00030539
-3.6977	1.7071	0.0010084
-3.6977	1.7432	0.0010724
-3.6977	1.7793	0.00038591
-3.6977	1.8516	0.00085995
-3.6977	1.8878	0.0021373
-3.6977	1.9239	0.0026732
-3.6977	1.96	0.0020973
-3.6977	1.9962	0.0010714
-3.6977	2.0323	0.00034253
-3.6738	-2.4478	0.00018643
-3.6738	-2.4116	0.00041948
-3.6738	-2.3755	0.00035018
-3.6738	-2.3033	0.00019735
-3.6738	-2.2671	0.00099682
-3.6738	-2.2309	0.0015065
-3.6738	-2.1948	0.00080676
-3.6738	-2.1226	0.0025082
-3.6738	-2.0865	0.0095238
-3.6738	-2.0503	0.018243
-3.6738	-2.0142	0.023051
-3.6738	-1.9781	0.020693
-3.6738	-1.942	0.013184
-3.6738	-1.9058	0.005525
-3.6738	-1.8697	0.0011667
-3.6738	-1.7974	0.00021384
-3.6738	-1.7613	0.00030605
-3.6738	-1.7251	0.00014916
-3.6738	-1.0749	0.00016482
-3.6738	-0.96645	0.00032875
-3.6738	-0.93032	0.0011103
-3.6738	-0.89419	0.0013673
-3.6738	-0.85806	0.00042881
-3.6738	-0.82193	0.00075765
-3.6738	-0.7858	0.0078758
-3.6738	-0.74968	0.02474
-3.6738	-0.71355	0.045534
-3.6738	-0.67742	0.057564
-3.6738	-0.64129	0.051996
-3.6738	-0.60516	0.032633
-3.6738	-0.56903	0.012506
-3.6738	-0.5329	0.0017796
-3.6738	-0.49677	0.00036142
-3.6738	-0.46064	0.0018563
-3.6738	-0.42451	0.0018521
-3.6738	-0.38838	0.00067096
-3.6738	-0.31613	0.00013438
-3.6738	-0.28	0.00021752
-3.6738	-0.063226	0.00017246
-3.6738	0.045162	0.0005687
-3.6738	0.081291	0.00098631
-3.6738	0.11742	0.00058267
-3.6738	0.18968	0.00093279
-3.6738	0.2258	0.0027006
-3.6738	0.26194	0.0027527
-3.6738	0.29807	0.00075218
-3.6738	0.3342	0.00062694
-3.6738	0.37032	0.004915
-3.6738	0.40645	0.0089049
-3.6738	0.44258	0.0060607
-3.6738	0.47871	0.00062529
-3.6738	0.51484	0.0086712
-3.6738	0.55097	0.040462
-3.6738	0.5871	0.083448
-3.6738	0.62323	0.10924
-3.6738	0.65936	0.099873
-3.6738	0.69549	0.06421
-3.6738	0.73162	0.027092
-3.6738	0.76774	0.0058878
-3.6738	0.80387	0.00022647
-3.6738	0.84	0.00066545
-3.6738	0.87613	0.00087471
-3.6738	0.91226	0.00031348
-3.6738	1.0929	0.00012088
-3.6738	1.2013	0.00026034
-3.6738	1.2374	0.00045417
-3.6738	1.2735	0.00026383
-3.6738	1.3458	0.00027676
-3.6738	1.382	0.00075559
-3.6738	1.4181	0.00068993
-3.6738	1.4542	0.00016415
-3.6738	1.4903	0.00012412
-3.6738	1.5265	0.00081029
-3.6738	1.5626	0.001213
-3.6738	1.5987	0.00066334
-3.6738	1.6709	0.00053085
-3.6738	1.7071	0.0015787
-3.6738	1.7432	0.0016256
-3.6738	1.7793	0.00052325
-3.6738	1.8155	0.00019556
-3.6738	1.8516	0.0022601
-3.6738	1.8878	0.0057582
-3.6738	1.9239	0.0080054
-3.6738	1.96	0.0074017
-3.6738	1.9962	0.0047734
-3.6738	2.0323	0.002092
-3.6738	2.0684	0.00055123
-3.65	-2.4478	0.00025274
-3.65	-2.4116	0.00051487
-3.65	-2.3755	0.00038906
-3.65	-2.3033	0.00034254
-3.65	-2.2671	0.0014605
-3.65	-2.2309	0.0020372
-3.65	-2.1948	0.00094882
-3.65	-2.1587	0.0002491
-3.65	-2.1226	0.0046599
-3.65	-2.0865	0.01638
-3.65	-2.0503	0.030695
-3.65	-2.0142	0.038569
-3.65	-1.9781	0.034622
-3.65	-1.942	0.022026
-3.65	-1.9058	0.0090973
-3.65	-1.8697	0.0017879
-3.65	-1.7974	0.0005327
-3.65	-1.7613	0.00069977
-3.65	-1.7251	0.00032999
-3.65	-0.96645	0.00032453
-3.65	-0.93032	0.0010459
-3.65	-0.89419	0.0012414
-3.65	-0.85806	0.00031492
-3.65	-0.82193	0.0012465
-3.65	-0.7858	0.010969
-3.65	-0.74968	0.033818
-3.65	-0.71355	0.06295
-3.65	-0.67742	0.081244
-3.65	-0.64129	0.07506
-3.65	-0.60516	0.047943
-3.65	-0.56903	0.018277
-3.65	-0.5329	0.0022911
-3.65	-0.49677	0.0010223
-3.65	-0.46064	0.0043276
-3.65	-0.42451	0.0043149
-3.65	-0.38838	0.001588
-3.65	-0.31613	0.00061574
-3.65	-0.28	0.0011693
-3.65	-0.24387	0.00072794
-3.65	-0.20774	0.00012337
-3.65	-0.13549	0.00014026
-3.65	0.081291	0.00026276
-3.65	0.11742	0.00018197
-3.65	0.18968	0.00056999
-3.65	0.2258	0.0016293
-3.65	0.26194	0.0016517
-3.65	0.29807	0.00038459
-3.65	0.3342	0.00070485
-3.65	0.37032	0.0045837
-3.65	0.40645	0.0079449
-3.65	0.44258	0.0050049
-3.65	0.47871	0.00053817
-3.65	0.51484	0.012362
-3.65	0.55097	0.053498
-3.65	0.5871	0.1111
-3.65	0.62323	0.15017
-3.65	0.65936	0.14359
-3.65	0.69549	0.097391
-3.65	0.73162	0.04352
-3.65	0.76774	0.0098427
-3.65	0.80387	0.00036844
-3.65	0.84	0.0020237
-3.65	0.87613	0.0030939
-3.65	0.91226	0.0015681
-3.65	0.94839	0.00020255
-3.65	1.0207	0.00029553
-3.65	1.0568	0.00018638
-3.65	1.382	0.00034445
-3.65	1.4181	0.00032502
-3.65	1.5265	0.00062982
-3.65	1.5626	0.00091033
-3.65	1.5987	0.00046404
-3.65	1.6709	0.00062785
-3.65	1.7071	0.0017042
-3.65	1.7432	0.0016816
-3.65	1.7793	0.00046374
-3.65	1.8155	0.00040256
-3.65	1.8516	0.0037149
-3.65	1.8878	0.009375
-3.65	1.9239	0.013576
-3.65	1.96	0.013393
-3.65	1.9962	0.0093916
-3.65	2.0323	0.0045614
-3.65	2.0684	0.0013558
-3.65	2.1045	0.00015517
-3.6263	-2.4478	0.00026059
-3.6263	-2.4116	0.00048313
-3.6263	-2.3755	0.00032741
-3.6263	-2.3033	0.00044134
-3.6263	-2.2671	0.0016252
-3.6263	-2.2309	0.0020905
-3.6263	-2.1948	0.00082697
-3.6263	-2.1587	0.00045509
-3.6263	-2.1226	0.0064775
-3.6263	-2.0865	0.021269
-3.6263	-2.0503	0.038974
-3.6263	-2.0142	0.048553
-3.6263	-1.9781	0.043374
-3.6263	-1.942	0.027366
-3.6263	-1.9058	0.011024
-3.6263	-1.8697	0.0019675
-3.6263	-1.7974	0.00092758
-3.6263	-1.7613	0.0011133
-3.6263	-1.7251	0.00049455
-3.6263	-0.96645	0.00018248
-3.6263	-0.93032	0.00062557
-3.6263	-0.89419	0.00076208
-3.6263	-0.85806	0.00015859
-3.6263	-0.82193	0.0014606
-3.6263	-0.7858	0.011609
-3.6263	-0.74968	0.036098
-3.6263	-0.71355	0.069129
-3.6263	-0.67742	0.092073
-3.6263	-0.64129	0.087487
-3.6263	-0.60516	0.056857
-3.6263	-0.56903	0.021359
-3.6263	-0.5329	0.0022581
-3.6263	-0.49677	0.0021655
-3.6263	-0.46064	0.0076547
-3.6263	-0.42451	0.0073831
-3.6263	-0.38838	0.002582
-3.6263	-0.35226	0.00015017
-3.6263	-0.31613	0.0016757
-3.6263	-0.28	0.0031117
-3.6263	-0.24387	0.0020324
-3.6263	-0.20774	0.00034832
-3.6263	-0.17162	0.00019138
-3.6263	-0.13549	0.00087693
-3.6263	-0.099357	0.00088202
-3.6263	-0.063226	0.0002977
-3.6263	0.045162	0.00012777
-3.6263	0.18968	0.00015767
-3.6263	0.2258	0.00055497
-3.6263	0.26194	0.00064528
-3.6263	0.29807	0.00013825
-3.6263	0.3342	0.0005776
-3.6263	0.37032	0.0033906
-3.6263	0.40645	0.0058267
-3.6263	0.44258	0.0034215
-3.6263	0.47871	0.00060893
-3.6263	0.51484	0.014851
-3.6263	0.55097	0.060842
-3.6263	0.5871	0.12723
-3.6263	0.62323	0.17595
-3.6263	0.65936	0.17299
-3.6263	0.69549	0.12054
-3.6263	0.73162	0.054771
-3.6263	0.76774	0.012015
-3.6263	0.80387	0.00047847
-3.6263	0.84	0.0040987
-3.6263	0.87613	0.0061361
-3.6263	0.91226	0.0032803
-3.6263	0.94839	0.00044629
-3.6263	0.98452	0.00028065
-3.6263	1.0207	0.001042
-3.6263	1.0568	0.00091887
-3.6263	1.0929	0.00027677
-3.6263	1.5265	0.00032403
-3.6263	1.5626	0.00046931
-3.6263	1.5987	0.000224
-3.6263	1.6709	0.00053514
-3.6263	1.7071	0.0013456
-3.6263	1.7432	0.0012644
-3.6263	1.7793	0.00028482
-3.6263	1.8155	0.00057047
-3.6263	1.8516	0.0043181
-3.6263	1.8878	0.010676
-3.6263	1.9239	0.01573
-3.6263	1.96	0.016016
-3.6263	1.9962	0.011672
-3.6263	2.0323	0.0059005
-3.6263	2.0684	0.0018053
-3.6263	2.1045	0.00019611
-3.6263	2.1768	0.000164
-3.6263	2.2129	0.00013161
-3.6025	-2.4478	0.00023297
-3.6025	-2.4116	0.00039227
-3.6025	-2.3755	0.00023411
-3.6025	-2.3033	0.00047616
-3.6025	-2.2671	0.0015306
-3.6025	-2.2309	0.0018002
-3.6025	-2.1948	0.00058253
-3.6025	-2.1587	0.00067651
-3.6025	-2.1226	0.0074002
-3.6025	-2.0865	0.022721
-3.6025	-2.0503	0.040481
-3.6025	-2.0142	0.049614
-3.6025	-1.9781	0.043711
-3.6025	-1.942	0.027061
-3.6025	-1.9058	0.01048
-3.6025	-1.8697	0.0016449
-3.6025	-1.8336	0.00019012
-3.6025	-1.7974	0.0012126
-3.6025	-1.7613	0.0013228
-3.6025	-1.7251	0.00054151
-3.6025	-1.6167	0.00016881
-3.6025	-0.89419	0.00017682
-3.6025	-0.82193	0.00086436
-3.6025	-0.7858	0.0069064
-3.6025	-0.74968	0.023033
-3.6025	-0.71355	0.047353
-3.6025	-0.67742	0.067123
-3.6025	-0.64129	0.067063
-3.6025	-0.60516	0.045001
-3.6025	-0.56903	0.016738
-3.6025	-0.5329	0.0014501
-3.6025	-0.49677	0.0029925
-3.6025	-0.46064	0.0091427
-3.6025	-0.42451	0.0085069
-3.6025	-0.38838	0.0027592
-3.6025	-0.35226	0.00023996
-3.6025	-0.31613	0.0028963
-3.6025	-0.28	0.0051027
-3.6025	-0.24387	0.0032794
-3.6025	-0.20774	0.00049676
-3.6025	-0.17162	0.00054677
-3.6025	-0.13549	0.0022804
-3.6025	-0.099357	0.0024312
-3.6025	-0.063226	0.00089382
-3.6025	0.0090325	0.00063819
-3.6025	0.045162	0.0011049
-3.6025	0.081291	0.00065392
-3.6025	0.3342	0.00020471
-3.6025	0.37032	0.0013513
-3.6025	0.40645	0.0026273
-3.6025	0.44258	0.0015417
-3.6025	0.47871	0.00063303
-3.6025	0.51484	0.01324
-3.6025	0.55097	0.053924
-3.6025	0.5871	0.11684
-3.6025	0.62323	0.16849
-3.6025	0.65936	0.17234
-3.6025	0.69549	0.12395
-3.6025	0.73162	0.057056
-3.6025	0.76774	0.011863
-3.6025	0.80387	0.00069658
-3.6025	0.84	0.0066295
-3.6025	0.87613	0.0094279
-3.6025	0.91226	0.0049797
-3.6025	0.94839	0.00061255
-3.6025	0.98452	0.00066047
-3.6025	1.0207	0.0023201
-3.6025	1.0568	0.00216
-3.6025	1.0929	0.00070747
-3.6025	1.1651	0.00038351
-3.6025	1.2013	0.00060831
-3.6025	1.2374	0.00032555
-3.6025	1.5626	0.00014159
-3.6025	1.6709	0.00035035
-3.6025	1.7071	0.00084916
-3.6025	1.7432	0.00077065
-3.6025	1.7793	0.00013656
-3.6025	1.8155	0.00065568
-3.6025	1.8516	0.0042368
-3.6025	1.8878	0.010301
-3.6025	1.9239	0.015363
-3.6025	1.96	0.015967
-3.6025	1.9962	0.01189
-3.6025	2.0323	0.0061058
-3.6025	2.0684	0.0018543
-3.6025	2.1045	0.00017748
-3.6025	2.1768	0.00025205
-3.6025	2.2129	0.00019958
-3.5786	-2.4478	0.00021191
-3.5786	-2.4116	0.00032454
-3.5786	-2.3755	0.00016771
-3.5786	-2.3033	0.000515
-3.5786	-2.2671	0.0014616
-3.5786	-2.2309	0.0015623
-3.5786	-2.1948	0.00039686
-3.5786	-2.1587	0.00097
-3.5786	-2.1226	0.0084466
-3.5786	-2.0865	0.024321
-3.5786	-2.0503	0.042001
-3.5786	-2.0142	0.050392
-3.5786	-1.9781	0.043508
-3.5786	-1.942	0.026216
-3.5786	-1.9058	0.0096422
-3.5786	-1.8697	0.0012855
-3.5786	-1.8336	0.00031209
-3.5786	-1.7974	0.0014869
-3.5786	-1.7613	0.0014692
-3.5786	-1.7251	0.00054399
-3.5786	-1.6167	0.00021998
-3.5786	-1.5806	0.0001263
-3.5786	-1.111	0.00022947
-3.5786	-1.0749	0.00017489
-3.5786	-0.96645	0.00014635
-3.5786	-0.93032	0.00013491
-3.5786	-0.7858	0.0014084
-3.5786	-0.74968	0.0064757
-3.5786	-0.71355	0.016682
-3.5786	-0.67742	0.027795
-3.5786	-0.64129	0.031182
-3.5786	-0.60516	0.022556
-3.5786	-0.56903	0.008495
-3.5786	-0.5329	0.00060274
-3.5786	-0.49677	0.0027093
-3.5786	-0.46064	0.0074086
-3.5786	-0.42451	0.0066758
-3.5786	-0.38838	0.0019718
-3.5786	-0.35226	0.00032572
-3.5786	-0.31613	0.0033371
-3.5786	-0.28	0.0055409
-3.5786	-0.24387	0.0034136
-3.5786	-0.20774	0.00042676
-3.5786	-0.17162	0.00095215
-3.5786	-0.13549	0.0034901
-3.5786	-0.099357	0.0036686
-3.5786	-0.063226	0.001301
-3.5786	-0.027097	0.00012384
-3.5786	0.0090325	0.0015222
-3.5786	0.045162	0.0027588
-3.5786	0.081291	0.0018121
-3.5786	0.11742	0.00029411
-3.5786	0.15355	0.00026074
-3.5786	0.18968	0.0010402
-3.5786	0.2258	0.0010077
-3.5786	0.26194	0.00031973
-3.5786	0.37032	0.00012408
-3.5786	0.40645	0.00024954
-3.5786	0.44258	0.00020861
-3.5786	0.47871	0.00028551
-3.5786	0.51484	0.0057337
-3.5786	0.55097	0.026183
-3.5786	0.5871	0.063635
-3.5786	0.62323	0.10122
-3.5786	0.65936	0.11219
-3.5786	0.69549	0.085774
-3.5786	0.73162	0.04076
-3.5786	0.76774	0.0080161
-3.5786	0.80387	0.00091276
-3.5786	0.84	0.0075525
-3.5786	0.87613	0.010279
-3.5786	0.91226	0.0052928
-3.5786	0.94839	0.00055435
-3.5786	0.98452	0.0011212
-3.5786	1.0207	0.0035649
-3.5786	1.0568	0.003308
-3.5786	1.0929	0.0010599
-3.5786	1.1651	0.00088824
-3.5786	1.2013	0.0014594
-3.5786	1.2374	0.00085346
-3.5786	1.3458	0.00040973
-3.5786	1.382	0.00037766
-3.5786	1.4181	0.00012593
-3.5786	1.6709	0.00012467
-3.5786	1.7071	0.00033623
-3.5786	1.7432	0.00032055
-3.5786	1.8155	0.00058873
-3.5786	1.8516	0.0034569
-3.5786	1.8878	0.0085219
-3.5786	1.9239	0.013127
-3.5786	1.96	0.014113
-3.5786	1.9962	0.010818
-3.5786	2.0323	0.0056518
-3.5786	2.0684	0.001691
-3.5786	2.1045	0.00013707
-3.5786	2.1406	0.00012294
-3.5786	2.1768	0.00033352
-3.5786	2.2129	0.00025472
-3.5548	-2.4478	0.00018699
-3.5548	-2.4116	0.00026291
-3.5548	-2.3033	0.00055095
-3.5548	-2.2671	0.0014041
-3.5548	-2.2309	0.0013653
-3.5548	-2.1948	0.00026323
-3.5548	-2.1587	0.0013622
-3.5548	-2.1226	0.009851
-3.5548	-2.0865	0.026862
-3.5548	-2.0503	0.04517
-3.5548	-2.0142	0.053191
-3.5548	-1.9781	0.045063
-3.5548	-1.942	0.026415
-3.5548	-1.9058	0.0091805
-3.5548	-1.8697	0.0010066
-3.5548	-1.8336	0.00051193
-3.5548	-1.7974	0.0018716
-3.5548	-1.7613	0.0016818
-3.5548	-1.7251	0.00055668
-3.5548	-1.6529	0.00017779
-3.5548	-1.6167	0.00029033
-3.5548	-1.5806	0.00015171
-3.5548	-1.2916	0.00014129
-3.5548	-1.2555	0.00020102
-3.5548	-1.1471	0.00029253
-3.5548	-1.111	0.00061564
-3.5548	-1.0749	0.0004713
-3.5548	-1.0026	0.00020494
-3.5548	-0.96645	0.00088476
-3.5548	-0.93032	0.0010993
-3.5548	-0.89419	0.00046435
-3.5548	-0.82193	0.00061645
-3.5548	-0.7858	0.0012531
-3.5548	-0.74968	0.0010473
-3.5548	-0.71355	0.0012714
-3.5548	-0.67742	0.0035716
-3.5548	-0.64129	0.0064193
-3.5548	-0.60516	0.0062239
-3.5548	-0.56903	0.0026984
-3.5548	-0.5329	0.00018283
-3.5548	-0.49677	0.0017496
-3.5548	-0.46064	0.0045664
-3.5548	-0.42451	0.0041007
-3.5548	-0.38838	0.0011019
-3.5548	-0.35226	0.00037706
-3.5548	-0.31613	0.0030954
-3.5548	-0.28	0.0048797
-3.5548	-0.24387	0.0028509
-3.5548	-0.20774	0.00028353
-3.5548	-0.17162	0.0012895
-3.5548	-0.13549	0.0041607
-3.5548	-0.099357	0.0042004
-3.5548	-0.063226	0.0013626
-3.5548	-0.027097	0.00022834
-3.5548	0.0090325	0.0025056
-3.5548	0.045162	0.0043817
-3.5548	0.081291	0.0028389
-3.5548	0.11742	0.00039316
-3.5548	0.15355	0.00074232
-3.5548	0.18968	0.0028635
-3.5548	0.2258	0.0030921
-3.5548	0.26194	0.0011463
-3.5548	0.3342	0.0010193
-3.5548	0.37032	0.0017704
-3.5548	0.40645	0.0010277
-3.5548	0.44258	0.00013575
-3.5548	0.51484	0.00046294
-3.5548	0.55097	0.0031686
-3.5548	0.5871	0.012286
-3.5548	0.62323	0.026917
-3.5548	0.65936	0.037151
-3.5548	0.69549	0.033024
-3.5548	0.73162	0.017147
-3.5548	0.76774	0.0032508
-3.5548	0.80387	0.00081313
-3.5548	0.84	0.0055242
-3.5548	0.87613	0.0073276
-3.5548	0.91226	0.003676
-3.5548	0.94839	0.00031859
-3.5548	0.98452	0.0012544
-3.5548	1.0207	0.0036148
-3.5548	1.0568	0.003285
-3.5548	1.0929	0.00098717
-3.5548	1.129	0.00012338
-3.5548	1.1651	0.0012864
-3.5548	1.2013	0.0020617
-3.5548	1.2374	0.0012062
-3.5548	1.2735	0.00014683
-3.5548	1.3096	0.00026159
-3.5548	1.3458	0.00091474
-3.5548	1.382	0.00090417
-3.5548	1.4181	0.00032069
-3.5548	1.4903	0.000171
-3.5548	1.5265	0.00028901
-3.5548	1.5626	0.00016392
-3.5548	1.8155	0.00027513
-3.5548	1.8516	0.0016674
-3.5548	1.8878	0.0045508
-3.5548	1.9239	0.0077248
-3.5548	1.96	0.0090212
-3.5548	1.9962	0.0073896
-3.5548	2.0323	0.00404
-3.5548	2.0684	0.0012127
-3.5548	2.1406	0.00014948
-3.5548	2.1768	0.00035888
-3.5548	2.2129	0.00026656
-3.531	-2.4478	0.0001322
-3.531	-2.4116	0.00017239
-3.531	-2.3033	0.00048764
-3.531	-2.2671	0.0011351
-3.531	-2.2309	0.001006
-3.531	-2.1948	0.00014614
-3.531	-2.1587	0.0015935
-3.531	-2.1226	0.0099499
-3.531	-2.0865	0.026021
-3.531	-2.0503	0.042963
-3.531	-2.0142	0.049995
-3.531	-1.9781	0.041801
-3.531	-1.942	0.023941
-3.531	-1.9058	0.0078583
-3.531	-1.8697	0.00068726
-3.531	-1.8336	0.00072835
-3.531	-1.7974	0.0021384
-3.531	-1.7613	0.0017633
-3.531	-1.7251	0.00051845
-3.531	-1.6529	0.00024854
-3.531	-1.6167	0.00035498
-3.531	-1.5806	0.00016891
-3.531	-1.2916	0.00025745
-3.531	-1.2555	0.00033926
-3.531	-1.2193	0.0001225
-3.531	-1.1471	0.00067793
-3.531	-1.111	0.0013354
-3.531	-1.0749	0.00096436
-3.531	-1.0026	0.00072396
-3.531	-0.96645	0.0028601
-3.531	-0.93032	0.003633
-3.531	-0.89419	0.001527
-3.531	-0.85806	0.00032699
-3.531	-0.82193	0.0052754
-3.531	-0.7858	0.015182
-3.531	-0.74968	0.021927
-3.531	-0.71355	0.019509
-3.531	-0.67742	0.010864
-3.531	-0.64129	0.0034832
-3.531	-0.60516	0.00066039
-3.531	-0.56903	0.0002086
-3.531	-0.49677	0.00056079
-3.531	-0.46064	0.0017447
-3.531	-0.42451	0.0017784
-3.531	-0.38838	0.00046589
-3.531	-0.35226	0.00034208
-3.531	-0.31613	0.0024047
-3.531	-0.28	0.0037393
-3.531	-0.24387	0.0021042
-3.531	-0.20774	0.00017468
-3.531	-0.17162	0.0015533
-3.531	-0.13549	0.0045226
-3.531	-0.099357	0.0043815
-3.531	-0.063226	0.0012691
-3.531	-0.027097	0.00041168
-3.531	0.0090325	0.0036488
-3.531	0.045162	0.006041
-3.531	0.081291	0.0037142
-3.531	0.11742	0.00040638
-3.531	0.15355	0.0016373
-3.531	0.18968	0.0056429
-3.531	0.2258	0.0060241
-3.531	0.26194	0.0021324
-3.531	0.29807	0.0002903
-3.531	0.3342	0.0036192
-3.531	0.37032	0.0068889
-3.531	0.40645	0.0048547
-3.531	0.44258	0.00075871
-3.531	0.47871	0.0013675
-3.531	0.51484	0.0064501
-3.531	0.55097	0.0091978
-3.531	0.5871	0.0064831
-3.531	0.62323	0.0028062
-3.531	0.65936	0.0026586
-3.531	0.69549	0.0041242
-3.531	0.73162	0.0032036
-3.531	0.76774	0.00069304
-3.531	0.80387	0.00043478
-3.531	0.84	0.0026572
-3.531	0.87613	0.0036409
-3.531	0.91226	0.0018305
-3.531	0.94839	0.00013691
-3.531	0.98452	0.0010352
-3.531	1.0207	0.0027599
-3.531	1.0568	0.0024511
-3.531	1.0929	0.00067307
-3.531	1.129	0.00015883
-3.531	1.1651	0.001374
-3.531	1.2013	0.0021045
-3.531	1.2374	0.001187
-3.531	1.2735	0.00012073
-3.531	1.3096	0.00040594
-3.531	1.3458	0.0012882
-3.531	1.382	0.001258
-3.531	1.4181	0.00042208
-3.531	1.4903	0.00043388
-3.531	1.5265	0.00075155
-3.531	1.5626	0.00047087
-3.531	1.6709	0.00022713
-3.531	1.7071	0.00021282
-3.531	1.8516	0.00017912
-3.531	1.8878	0.00078818
-3.531	1.9239	0.0018916
-3.531	1.96	0.0028159
-3.531	1.9962	0.0027428
-3.531	2.0323	0.0016902
-3.531	2.0684	0.00053602
-3.531	2.1768	0.00025701
-3.531	2.2129	0.00019014
-3.5072	-2.3033	0.00034809
-3.5072	-2.2671	0.00074538
-3.5072	-2.2309	0.00059714
-3.5072	-2.1587	0.0014878
-3.5072	-2.1226	0.0082098
-3.5072	-2.0865	0.020672
-3.5072	-2.0503	0.033534
-3.5072	-2.0142	0.038543
-3.5072	-1.9781	0.031758
-3.5072	-1.942	0.017716
-3.5072	-1.9058	0.0054434
-3.5072	-1.8697	0.00036521
-3.5072	-1.8336	0.00081024
-3.5072	-1.7974	0.001973
-3.5072	-1.7613	0.0014945
-3.5072	-1.7251	0.00038407
-3.5072	-1.6529	0.00027657
-3.5072	-1.6167	0.00034959
-3.5072	-1.5806	0.00015075
-3.5072	-1.2916	0.00036961
-3.5072	-1.2555	0.00044744
-3.5072	-1.2193	0.00013233
-3.5072	-1.1832	0.00015406
-3.5072	-1.1471	0.0011987
-3.5072	-1.111	0.0021909
-3.5072	-1.0749	0.0014535
-3.5072	-1.0387	0.00013985
-3.5072	-1.0026	0.0017633
-3.5072	-0.96645	0.0062494
-3.5072	-0.93032	0.0076627
-3.5072	-0.89419	0.0028921
-3.5072	-0.85806	0.0014036
-3.5072	-0.82193	0.018816
-3.5072	-0.7858	0.05664
-3.5072	-0.74968	0.093325
-3.5072	-0.71355	0.10221
-3.5072	-0.67742	0.077915
-3.5072	-0.64129	0.040218
-3.5072	-0.60516	0.012436
-3.5072	-0.56903	0.0015244
-3.5072	-0.49677	0.0002364
-3.5072	-0.46064	0.00016494
-3.5072	-0.42451	0.00020144
-3.5072	-0.35226	0.00014247
-3.5072	-0.31613	0.0010965
-3.5072	-0.28	0.0019177
-3.5072	-0.24387	0.0011265
-3.5072	-0.17162	0.0014645
-3.5072	-0.13549	0.0040632
-3.5072	-0.099357	0.0038822
-3.5072	-0.063226	0.0010082
-3.5072	-0.027097	0.00063616
-3.5072	0.0090325	0.004641
-3.5072	0.045162	0.0073498
-3.5072	0.081291	0.0042561
-3.5072	0.11742	0.00037062
-3.5072	0.15355	0.003075
-3.5072	0.18968	0.0094817
-3.5072	0.2258	0.009734
-3.5072	0.26194	0.0030941
-3.5072	0.29807	0.00087866
-3.5072	0.3342	0.0090155
-3.5072	0.37032	0.016753
-3.5072	0.40645	0.011807
-3.5072	0.44258	0.00156
-3.5072	0.47871	0.007153
-3.5072	0.51484	0.03523
-3.5072	0.55097	0.065701
-3.5072	0.5871	0.073071
-3.5072	0.62323	0.053701
-3.5072	0.65936	0.025868
-3.5072	0.69549	0.0073926
-3.5072	0.73162	0.00097741
-3.5072	0.84	0.00051134
-3.5072	0.87613	0.00097287
-3.5072	0.91226	0.00058524
-3.5072	0.98452	0.00063691
-3.5072	1.0207	0.0016906
-3.5072	1.0568	0.0015232
-3.5072	1.0929	0.00038484
-3.5072	1.129	0.00017844
-3.5072	1.1651	0.0012768
-3.5072	1.2013	0.0018824
-3.5072	1.2374	0.0010141
-3.5072	1.3096	0.000535
-3.5072	1.3458	0.0015309
-3.5072	1.382	0.0014368
-3.5072	1.4181	0.00043309
-3.5072	1.4903	0.00076037
-3.5072	1.5265	0.001253
-3.5072	1.5626	0.00076554
-3.5072	1.6349	0.00020433
-3.5072	1.6709	0.00075005
-3.5072	1.7071	0.00079645
-3.5072	1.7432	0.00029867
-3.5072	1.8155	0.00028363
-3.5072	1.8516	0.00058457
-3.5072	1.8878	0.00049031
-3.5072	1.9239	0.00022091
-3.5072	1.96	0.00016583
-3.5072	1.9962	0.00028311
-3.5072	2.0323	0.0002811
-3.4833	-2.3033	0.00023306
-3.4833	-2.2671	0.00046407
-3.4833	-2.2309	0.00033345
-3.4833	-2.1587	0.0013113
-3.4833	-2.1226	0.0065175
-3.4833	-2.0865	0.015848
-3.4833	-2.0503	0.025242
-3.4833	-2.0142	0.028582
-3.4833	-1.9781	0.023113
-3.4833	-1.942	0.012473
-3.4833	-1.9058	0.0035339
-3.4833	-1.8697	0.0001794
-3.4833	-1.8336	0.00082093
-3.4833	-1.7974	0.0016899
-3.4833	-1.7613	0.0011679
-3.4833	-1.7251	0.00025493
-3.4833	-1.6529	0.00027636
-3.4833	-1.6167	0.00030933
-3.4833	-1.3277	0.00013753
-3.4833	-1.2916	0.00043825
-3.4833	-1.2555	0.00047936
-3.4833	-1.1832	0.00026958
-3.4833	-1.1471	0.0016681
-3.4833	-1.111	0.0027946
-3.4833	-1.0749	0.0016544
-3.4833	-1.0387	0.0001634
-3.4833	-1.0026	0.0031184
-3.4833	-0.96645	0.0098437
-3.4833	-0.93032	0.011312
-3.4833	-0.89419	0.0035998
-3.4833	-0.85806	0.0038372
-3.4833	-0.82193	0.041089
-3.4833	-0.7858	0.12157
-3.4833	-0.74968	0.20721
-3.4833	-0.71355	0.2413
-3.4833	-0.67742	0.2003
-3.4833	-0.64129	0.11553
-3.4833	-0.60516	0.041006
-3.4833	-0.56903	0.0057158
-3.4833	-0.5329	0.00063226
-3.4833	-0.49677	0.0033099
-3.4833	-0.46064	0.0028276
-3.4833	-0.42451	0.00080404
-3.4833	-0.28	0.00024231
-3.4833	-0.24387	0.000222
-3.4833	-0.17162	0.00069586
-3.4833	-0.13549	0.0020911
-3.4833	-0.099357	0.0021355
-3.4833	-0.063226	0.00052414
-3.4833	-0.027097	0.00062353
-3.4833	0.0090325	0.0040379
-3.4833	0.045162	0.006321
-3.4833	0.081291	0.0034919
-3.4833	0.11742	0.00028677
-3.4833	0.15355	0.0041688
-3.4833	0.18968	0.011807
-3.4833	0.2258	0.011679
-3.4833	0.26194	0.0032456
-3.4833	0.29807	0.0019735
-3.4833	0.3342	0.016173
-3.4833	0.37032	0.028848
-3.4833	0.40645	0.019474
-3.4833	0.44258	0.0020725
-3.4833	0.47871	0.021395
-3.4833	0.51484	0.099662
-3.4833	0.55097	0.19822
-3.4833	0.5871	0.24765
-3.4833	0.62323	0.21495
-3.4833	0.65936	0.13089
-3.4833	0.69549	0.052553
-3.4833	0.73162	0.011271
-3.4833	0.76774	0.00052099
-3.4833	0.80387	0.00053498
-3.4833	0.84	0.00067256
-3.4833	0.87613	0.00020139
-3.4833	0.98452	0.00015961
-3.4833	1.0207	0.00057097
-3.4833	1.0568	0.00062233
-3.4833	1.0929	0.00016156
-3.4833	1.129	0.00014738
-3.4833	1.1651	0.00096099
-3.4833	1.2013	0.0014332
-3.4833	1.2374	0.00075837
-3.4833	1.3096	0.00062403
-3.4833	1.3458	0.0016517
-3.4833	1.382	0.0014937
-3.4833	1.4181	0.00039533
-3.4833	1.4542	0.00014774
-3.4833	1.4903	0.0011639
-3.4833	1.5265	0.001803
-3.4833	1.5626	0.0010367
-3.4833	1.6349	0.00049638
-3.4833	1.6709	0.0016118
-3.4833	1.7071	0.0016904
-3.4833	1.7432	0.00059281
-3.4833	1.8155	0.0014134
-3.4833	1.8516	0.0034719
-3.4833	1.8878	0.0043364
-3.4833	1.9239	0.0034115
-3.4833	1.96	0.001743
-3.4833	1.9962	0.00053813
-3.4595	-2.3033	0.0001459
-3.4595	-2.2671	0.00027871
-3.4595	-2.2309	0.00018095
-3.4595	-2.1587	0.0011641
-3.4595	-2.1226	0.00536
-3.4595	-2.0865	0.012755
-3.4595	-2.0503	0.020126
-3.4595	-2.0142	0.022596
-3.4595	-1.9781	0.018003
-3.4595	-1.942	0.0094059
-3.4595	-1.9058	0.0024328
-3.4595	-1.8336	0.00087498
-3.4595	-1.7974	0.0015541
-3.4595	-1.7613	0.00097797
-3.4595	-1.7251	0.00017616
-3.4595	-1.6529	0.00029348
-3.4595	-1.6167	0.00029193
-3.4595	-1.3277	0.00018784
-3.4595	-1.2916	0.00052758
-3.4595	-1.2555	0.0005137
-3.4595	-1.1832	0.00045106
-3.4595	-1.1471	0.0022688
-3.4595	-1.111	0.0034481
-3.4595	-1.0749	0.0017685
-3.4595	-1.0387	0.00026791
-3.4595	-1.0026	0.0050623
-3.4595	-0.96645	0.014172
-3.4595	-0.93032	0.014917
-3.4595	-0.89419	0.0037684
-3.4595	-0.85806	0.0086342
-3.4595	-0.82193	0.074573
-3.4595	-0.7858	0.21125
-3.4595	-0.74968	0.35839
-3.4595	-0.71355	0.42221
-3.4595	-0.67742	0.35778
-3.4595	-0.64129	0.21137
-3.4595	-0.60516	0.076004
-3.4595	-0.56903	0.0097936
-3.4595	-0.5329	0.0024644
-3.4595	-0.49677	0.0112
-3.4595	-0.46064	0.010615
-3.4595	-0.42451	0.003694
-3.4595	-0.38838	0.00019245
-3.4595	-0.35226	0.00081083
-3.4595	-0.31613	0.0013306
-3.4595	-0.28	0.00062332
-3.4595	-0.13549	0.00029832
-3.4595	-0.099357	0.0004556
-3.4595	-0.063226	0.00013712
-3.4595	-0.027097	0.00027473
-3.4595	0.0090325	0.0018544
-3.4595	0.045162	0.0030884
-3.4595	0.081291	0.0016871
-3.4595	0.11742	0.00018793
-3.4595	0.15355	0.0034609
-3.4595	0.18968	0.0092776
-3.4595	0.2258	0.0089111
-3.4595	0.26194	0.0021104
-3.4595	0.29807	0.0027405
-3.4595	0.3342	0.01846
-3.4595	0.37032	0.031581
-3.4595	0.40645	0.020027
-3.4595	0.44258	0.001961
-3.4595	0.47871	0.037778
-3.4595	0.51484	0.16514
-3.4595	0.55097	0.33635
-3.4595	0.5871	0.44273
-3.4595	0.62323	0.4118
-3.4595	0.65936	0.27252
-3.4595	0.69549	0.12019
-3.4595	0.73162	0.02807
-3.4595	0.76774	0.0012272
-3.4595	0.80387	0.0033836
-3.4595	0.84	0.0055512
-3.4595	0.87613	0.0028266
-3.4595	0.91226	0.00041491
-3.4595	0.98452	0.00017192
-3.4595	1.1651	0.00035518
-3.4595	1.2013	0.00064101
-3.4595	1.2374	0.00037621
-3.4595	1.3096	0.00051373
-3.4595	1.3458	0.0013427
-3.4595	1.382	0.0012127
-3.4595	1.4181	0.00028359
-3.4595	1.4542	0.00022895
-3.4595	1.4903	0.0014581
-3.4595	1.5265	0.0021595
-3.4595	1.5626	0.0011656
-3.4595	1.6349	0.00094867
-3.4595	1.6709	0.0027659
-3.4595	1.7071	0.0027934
-3.4595	1.7432	0.00086404
-3.4595	1.7793	0.00036684
-3.4595	1.8155	0.003996
-3.4595	1.8516	0.0099508
-3.4595	1.8878	0.013618
-3.4595	1.9239	0.01241
-3.4595	1.96	0.0078776
-3.4595	1.9962	0.0033794
-3.4595	2.0323	0.00085599
-3.4357	-2.2671	0.00012487
-3.4357	-2.1587	0.00089252
-3.4357	-2.1226	0.0039897
-3.4357	-2.0865	0.0095823
-3.4357	-2.0503	0.015347
-3.4357	-2.0142	0.017423
-3.4357	-1.9781	0.013898
-3.4357	-1.942	0.0071091
-3.4357	-1.9058	0.0016743
-3.4357	-1.8336	0.00094933
-3.4357	-1.7974	0.0014916
-3.4357	-1.7613	0.00085898
-3.4357	-1.7251	0.00012419
-3.4357	-1.6529	0.00033248
-3.4357	-1.6167	0.00029677
-3.4357	-1.3277	0.00027969
-3.4357	-1.2916	0.00069811
-3.4357	-1.2555	0.00060029
-3.4357	-1.1832	0.00080141
-3.4357	-1.1471	0.0033659
-3.4357	-1.111	0.004632
-3.4357	-1.0749	0.0020098
-3.4357	-1.0387	0.00060047
-3.4357	-1.0026	0.0087383
-3.4357	-0.96645	0.021795
-3.4357	-0.93032	0.020752
-3.4357	-0.89419	0.0039597
-3.4357	-0.85806	0.019396
-3.4357	-0.82193	0.13871
-3.4357	-0.7858	0.37315
-3.4357	-0.74968	0.62022
-3.4357	-0.71355	0.72403
-3.4357	-0.67742	0.61015
-3.4357	-0.64129	0.35706
-3.4357	-0.60516	0.12423
-3.4357	-0.56903	0.013582
-3.4357	-0.5329	0.0073411
-3.4357	-0.49677	0.027084
-3.4357	-0.46064	0.02496
-3.4357	-0.42451	0.0084901
-3.4357	-0.38838	0.00042462
-3.4357	-0.35226	0.0034484
-3.4357	-0.31613	0.0061427
-3.4357	-0.28	0.0036784
-3.4357	-0.24387	0.00059551
-3.4357	-0.20774	0.0001988
-3.4357	-0.17162	0.00078419
-3.4357	-0.13549	0.00057356
-3.4357	-0.099357	0.00012252
-3.4357	0.0090325	0.00025079
-3.4357	0.045162	0.00064205
-3.4357	0.081291	0.00042441
-3.4357	0.15355	0.0017695
-3.4357	0.18968	0.0047927
-3.4357	0.2258	0.0046042
-3.4357	0.26194	0.00091405
-3.4357	0.29807	0.0025711
-3.4357	0.3342	0.014797
-3.4357	0.37032	0.024318
-3.4357	0.40645	0.014203
-3.4357	0.44258	0.0018471
-3.4357	0.47871	0.044977
-3.4357	0.51484	0.1843
-3.4357	0.55097	0.37695
-3.4357	0.5871	0.50833
-3.4357	0.62323	0.48849
-3.4357	0.65936	0.33483
-3.4357	0.69549	0.15198
-3.4357	0.73162	0.035093
-3.4357	0.76774	0.0013464
-3.4357	0.80387	0.0078142
-3.4357	0.84	0.01266
-3.4357	0.87613	0.0070751
-3.4357	0.91226	0.0011441
-3.4357	0.94839	0.00029598
-3.4357	0.98452	0.0013544
-3.4357	1.0207	0.0011782
-3.4357	1.0568	0.00033763
-3.4357	1.3096	0.00017214
-3.4357	1.3458	0.00052826
-3.4357	1.382	0.00052919
-3.4357	1.4542	0.00020356
-3.4357	1.4903	0.0011362
-3.4357	1.5265	0.0016714
-3.4357	1.5626	0.0008614
-3.4357	1.6349	0.001203
-3.4357	1.6709	0.0032554
-3.4357	1.7071	0.003185
-3.4357	1.7432	0.00084702
-3.4357	1.7793	0.00083787
-3.4357	1.8155	0.0073859
-3.4357	1.8516	0.018325
-3.4357	1.8878	0.026191
-3.4357	1.9239	0.025477
-3.4357	1.96	0.017555
-3.4357	1.9962	0.0083148
-3.4357	2.0323	0.0023639
-3.4357	2.0684	0.00023882
-3.4357	2.1406	0.00014286
-3.4119	-2.1587	0.00038114
-3.4119	-2.1226	0.0018225
-3.4119	-2.0865	0.0047326
-3.4119	-2.0503	0.0081136
-3.4119	-2.0142	0.0097225
-3.4119	-1.9781	0.00804
-3.4119	-1.942	0.0041369
-3.4119	-1.9058	0.00089421
-3.4119	-1.8336	0.00084166
-3.4119	-1.7974	0.0012083
-3.4119	-1.7613	0.00064576
-3.4119	-1.6529	0.00033832
-3.4119	-1.6167	0.00027575
-3.4119	-1.3277	0.00041322
-3.4119	-1.2916	0.00092992
-3.4119	-1.2555	0.00070496
-3.4119	-1.1832	0.0014254
-3.4119	-1.1471	0.0051484
-3.4119	-1.111	0.0064505
-3.4119	-1.0749	0.0023208
-3.4119	-1.0387	0.0014534
-3.4119	-1.0026	0.01569
-3.4119	-0.96645	0.035266
-3.4119	-0.93032	0.03024
-3.4119	-0.89419	0.0042858
-3.4119	-0.85806	0.044411
-3.4119	-0.82193	0.27137
-3.4119	-0.7858	0.69552
-3.4119	-0.74968	1.1299
-3.4119	-0.71355	1.3001
-3.4119	-0.67742	1.0806
-3.4119	-0.64129	0.61883
-3.4119	-0.60516	0.20418
-3.4119	-0.56903	0.017898
-3.4119	-0.5329	0.020381
-3.4119	-0.49677	0.061516
-3.4119	-0.46064	0.053213
-3.4119	-0.42451	0.016564
-3.4119	-0.38838	0.00098375
-3.4119	-0.35226	0.01085
-3.4119	-0.31613	0.018243
-3.4119	-0.28	0.010967
-3.4119	-0.24387	0.0016617
-3.4119	-0.20774	0.0011362
-3.4119	-0.17162	0.0046139
-3.4119	-0.13549	0.0043938
-3.4119	-0.099357	0.0014037
-3.4119	-0.027097	0.00058137
-3.4119	0.0090325	0.00071719
-3.4119	0.045162	0.0002581
-3.4119	0.15355	0.0003385
-3.4119	0.18968	0.0012831
-3.4119	0.2258	0.0014774
-3.4119	0.26194	0.0002687
-3.4119	0.29807	0.0017403
-3.4119	0.3342	0.0092914
-3.4119	0.37032	0.015181
-3.4119	0.40645	0.0081848
-3.4119	0.44258	0.0020684
-3.4119	0.47871	0.044746
-3.4119	0.51484	0.17415
-3.4119	0.55097	0.35667
-3.4119	0.5871	0.48806
-3.4119	0.62323	0.47723
-3.4119	0.65936	0.33168
-3.4119	0.69549	0.15048
-3.4119	0.73162	0.032771
-3.4119	0.76774	0.0013565
-3.4119	0.80387	0.012184
-3.4119	0.84	0.018383
-3.4119	0.87613	0.010121
-3.4119	0.91226	0.0014816
-3.4119	0.94839	0.00079441
-3.4119	0.98452	0.0032915
-3.4119	1.0207	0.0031533
-3.4119	1.0568	0.0010732
-3.4119	1.129	0.00034774
-3.4119	1.1651	0.00053578
-3.4119	1.2013	0.00024991
-3.4119	1.4903	0.00042714
-3.4119	1.5265	0.00067549
-3.4119	1.5626	0.00034614
-3.4119	1.6349	0.00087189
-3.4119	1.6709	0.0022625
-3.4119	1.7071	0.0021639
-3.4119	1.7432	0.00048048
-3.4119	1.7793	0.001088
-3.4119	1.8155	0.0081222
-3.4119	1.8516	0.020124
-3.4119	1.8878	0.029733
-3.4119	1.9239	0.030277
-3.4119	1.96	0.021958
-3.4119	1.9962	0.010945
-3.4119	2.0323	0.0032287
-3.4119	2.0684	0.00030741
-3.4119	2.1406	0.00034294
-3.4119	2.1768	0.00024982
-3.388	-2.1226	0.00024992
-3.388	-2.0865	0.00087582
-3.388	-2.0503	0.0018614
-3.388	-2.0142	0.0026027
-3.388	-1.9781	0.0023948
-3.388	-1.942	0.0013011
-3.388	-1.9058	0.00026162
-3.388	-1.8336	0.00044813
-3.388	-1.7974	0.00060678
-3.388	-1.7613	0.00030513
-3.388	-1.6529	0.00023035
-3.388	-1.6167	0.00017444
-3.388	-1.3277	0.00046657
-3.388	-1.2916	0.00096421
-3.388	-1.2555	0.00064584
-3.388	-1.1832	0.0020114
-3.388	-1.1471	0.0064508
-3.388	-1.111	0.0074491
-3.388	-1.0749	0.0021854
-3.388	-1.0387	0.0028753
-3.388	-1.0026	0.024071
-3.388	-0.96645	0.04968
-3.388	-0.93032	0.038496
-3.388	-0.89419	0.0044686
-3.388	-0.85806	0.088804
-3.388	-0.82193	0.4805
-3.388	-0.7858	1.1892
-3.388	-0.74968	1.9054
-3.388	-0.71355	2.1753
-3.388	-0.67742	1.7918
-3.388	-0.64129	1.0059
-3.388	-0.60516	0.31303
-3.388	-0.56903	0.021234
-3.388	-0.5329	0.050967
-3.388	-0.49677	0.12956
-3.388	-0.46064	0.10459
-3.388	-0.42451	0.028969
-3.388	-0.38838	0.0028834
-3.388	-0.35226	0.0297
-3.388	-0.31613	0.045979
-3.388	-0.28	0.026253
-3.388	-0.24387	0.0033094
-3.388	-0.20774	0.0046572
-3.388	-0.17162	0.016591
-3.388	-0.13549	0.016031
-3.388	-0.099357	0.0052701
-3.388	-0.063226	0.00036291
-3.388	-0.027097	0.0040512
-3.388	0.0090325	0.0065263
-3.388	0.045162	0.003676
-3.388	0.081291	0.00051205
-3.388	0.11742	0.00025474
-3.388	0.15355	0.0007457
-3.388	0.18968	0.00042128
-3.388	0.2258	0.0001243
-3.388	0.29807	0.0004971
-3.388	0.3342	0.0033448
-3.388	0.37032	0.0064236
-3.388	0.40645	0.0034699
-3.388	0.44258	0.0021198
-3.388	0.47871	0.037861
-3.388	0.51484	0.14648
-3.388	0.55097	0.30839
-3.388	0.5871	0.43513
-3.388	0.62323	0.43671
-3.388	0.65936	0.30845
-3.388	0.69549	0.13914
-3.388	0.73162	0.027942
-3.388	0.76774	0.0018318
-3.388	0.80387	0.016876
-3.388	0.84	0.023464
-3.388	0.87613	0.012281
-3.388	0.91226	0.0014999
-3.388	0.94839	0.0016459
-3.388	0.98452	0.0058045
-3.388	1.0207	0.0054642
-3.388	1.0568	0.0018199
-3.388	1.129	0.0010257
-3.388	1.1651	0.00171
-3.388	1.2013	0.00097522
-3.388	1.2374	0.00013737
-3.388	1.3096	0.00030108
-3.388	1.3458	0.00022688
-3.388	1.6349	0.00036084
-3.388	1.6709	0.00096547
-3.388	1.7071	0.00093373
-3.388	1.7432	0.00017013
-3.388	1.7793	0.00090091
-3.388	1.8155	0.0059486
-3.388	1.8516	0.014795
-3.388	1.8878	0.022485
-3.388	1.9239	0.023696
-3.388	1.96	0.017775
-3.388	1.9962	0.0090958
-3.388	2.0323	0.0026821
-3.388	2.0684	0.00022179
-3.388	2.1045	0.00016205
-3.388	2.1406	0.00044311
-3.388	2.1768	0.00032455
-3.3643	-2.0142	0.00017303
-3.3643	-1.9781	0.00024088
-3.3643	-1.942	0.00016682
-3.3643	-1.8336	0.00013212
-3.3643	-1.7974	0.00017509
-3.3643	-1.3277	0.00034014
-3.3643	-1.2916	0.00064749
-3.3643	-1.2555	0.00037744
-3.3643	-1.1832	0.0018315
-3.3643	-1.1471	0.0053025
-3.3643	-1.111	0.0056504
-3.3643	-1.0749	0.0013096
-3.3643	-1.0387	0.0036206
-3.3643	-1.0026	0.024605
-3.3643	-0.96645	0.047159
-3.3643	-0.93032	0.032906
-3.3643	-0.89419	0.0042786
-3.3643	-0.85806	0.11984
-3.3643	-0.82193	0.59087
-3.3643	-0.7858	1.4303
-3.3643	-0.74968	2.2827
-3.3643	-0.71355	2.6095
-3.3643	-0.67742	2.1476
-3.3643	-0.64129	1.1899
-3.3643	-0.60516	0.34918
-3.3643	-0.56903	0.01849
-3.3643	-0.5329	0.091687
-3.3643	-0.49677	0.2032
-3.3643	-0.46064	0.15417
-3.3643	-0.42451	0.037461
-3.3643	-0.38838	0.0074916
-3.3643	-0.35226	0.060933
-3.3643	-0.31613	0.08742
-3.3643	-0.28	0.046836
-3.3643	-0.24387	0.0046787
-3.3643	-0.20774	0.013636
-3.3643	-0.17162	0.042271
-3.3643	-0.13549	0.039518
-3.3643	-0.099357	0.012152
-3.3643	-0.063226	0.0014196
-3.3643	-0.027097	0.015347
-3.3643	0.0090325	0.024904
-3.3643	0.045162	0.014839
-3.3643	0.081291	0.0019988
-3.3643	0.11742	0.0023969
-3.3643	0.15355	0.0086253
-3.3643	0.18968	0.0079851
-3.3643	0.2258	0.0024655
-3.3643	0.29807	0.00082983
-3.3643	0.3342	0.0008426
-3.3643	0.37032	0.00062264
-3.3643	0.40645	0.00044881
-3.3643	0.44258	0.0010135
-3.3643	0.47871	0.018953
-3.3643	0.51484	0.085231
-3.3643	0.55097	0.20409
-3.3643	0.5871	0.31841
-3.3643	0.62323	0.34463
-3.3643	0.65936	0.25616
-3.3643	0.69549	0.11748
-3.3643	0.73162	0.021734
-3.3643	0.76774	0.0029074
-3.3643	0.80387	0.021874
-3.3643	0.84	0.02838
-3.3643	0.87613	0.014015
-3.3643	0.91226	0.0013661
-3.3643	0.94839	0.0030777
-3.3643	0.98452	0.0092957
-3.3643	1.0207	0.0083529
-3.3643	1.0568	0.0025671
-3.3643	1.0929	0.00020753
-3.3643	1.129	0.0023001
-3.3643	1.1651	0.0036854
-3.3643	1.2013	0.0021174
-3.3643	1.2374	0.00027421
-3.3643	1.2735	0.00032789
-3.3643	1.3096	0.0011426
-3.3643	1.3458	0.0010577
-3.3643	1.382	0.00034374
-3.3643	1.4542	0.00014089
-3.3643	1.4903	0.00018519
-3.3643	1.6709	0.00018108
-3.3643	1.7071	0.0002197
-3.3643	1.7793	0.00050448
-3.3643	1.8155	0.0032153
-3.3643	1.8516	0.0083782
-3.3643	1.8878	0.01343
-3.3643	1.9239	0.014845
-3.3643	1.96	0.011568
-3.3643	1.9962	0.006053
-3.3643	2.0323	0.0017557
-3.3643	2.1045	0.00018183
-3.3643	2.1406	0.00043059
-3.3643	2.1768	0.0003055
-3.3405	-2.1587	0.00025949
-3.3405	-2.1226	0.00051987
-3.3405	-2.0865	0.00061641
-3.3405	-2.0503	0.00047394
-3.3405	-2.0142	0.00023256
-3.3405	-1.3277	0.00019124
-3.3405	-1.2916	0.00033251
-3.3405	-1.2555	0.00016319
-3.3405	-1.1832	0.001242
-3.3405	-1.1471	0.0032436
-3.3405	-1.111	0.0031408
-3.3405	-1.0749	0.00054781
-3.3405	-1.0387	0.0031985
-3.3405	-1.0026	0.01804
-3.3405	-0.96645	0.031867
-3.3405	-0.93032	0.019522
-3.3405	-0.89419	0.0042156
-3.3405	-0.85806	0.11109
-3.3405	-0.82193	0.50209
-3.3405	-0.7858	1.1827
-3.3405	-0.74968	1.8673
-3.3405	-0.71355	2.1216
-3.3405	-0.67742	1.7308
-3.3405	-0.64129	0.93749
-3.3405	-0.60516	0.25479
-3.3405	-0.56903	0.011854
-3.3405	-0.5329	0.10548
-3.3405	-0.49677	0.20679
-3.3405	-0.46064	0.14661
-3.3405	-0.42451	0.030339
-3.3405	-0.38838	0.012632
-3.3405	-0.35226	0.079212
-3.3405	-0.31613	0.1055
-3.3405	-0.28	0.052372
-3.3405	-0.24387	0.0040931
-3.3405	-0.20774	0.024282
-3.3405	-0.17162	0.066289
-3.3405	-0.13549	0.059072
-3.3405	-0.099357	0.01629
-3.3405	-0.063226	0.0037614
-3.3405	-0.027097	0.033269
-3.3405	0.0090325	0.05187
-3.3405	0.045162	0.03021
-3.3405	0.081291	0.0033931
-3.3405	0.11742	0.0090023
-3.3405	0.15355	0.030374
-3.3405	0.18968	0.030297
-3.3405	0.2258	0.010217
-3.3405	0.26194	0.00089482
-3.3405	0.29807	0.010508
-3.3405	0.3342	0.017452
-3.3405	0.37032	0.010075
-3.3405	0.40645	0.0013027
-3.3405	0.44258	0.00086795
-3.3405	0.47871	0.0028833
-3.3405	0.51484	0.010579
-3.3405	0.55097	0.044521
-3.3405	0.5871	0.10562
-3.3405	0.62323	0.15086
-3.3405	0.65936	0.13482
-3.3405	0.69549	0.068793
-3.3405	0.73162	0.012281
-3.3405	0.76774	0.0037181
-3.3405	0.80387	0.0228
-3.3405	0.84	0.028719
-3.3405	0.87613	0.013635
-3.3405	0.91226	0.0010636
-3.3405	0.94839	0.0049427
-3.3405	0.98452	0.013221
-3.3405	1.0207	0.01138
-3.3405	1.0568	0.0031632
-3.3405	1.0929	0.00047517
-3.3405	1.129	0.0044768
-3.3405	1.1651	0.0067572
-3.3405	1.2013	0.0037327
-3.3405	1.2374	0.00040266
-3.3405	1.2735	0.0009244
-3.3405	1.3096	0.0029498
-3.3405	1.3458	0.0027646
-3.3405	1.382	0.00089454
-3.3405	1.4542	0.00071077
-3.3405	1.4903	0.0011364
-3.3405	1.5265	0.00063832
-3.3405	1.6349	0.00018656
-3.3405	1.6709	0.00012146
-3.3405	1.8155	0.00088801
-3.3405	1.8516	0.0029675
-3.3405	1.8878	0.0057021
-3.3405	1.9239	0.0071913
-3.3405	1.96	0.0061575
-3.3405	1.9962	0.0034159
-3.3405	2.0323	0.00099122
-3.3405	2.1045	0.00017739
-3.3405	2.1406	0.00037326
-3.3405	2.1768	0.00025532
-3.3166	-2.1587	0.000516
-3.3166	-2.1226	0.0011082
-3.3166	-2.0865	0.0014963
-3.3166	-2.0503	0.0013975
-3.3166	-2.0142	0.00091153
-3.3166	-1.9781	0.00039228
-3.3166	-1.2916	0.00015948
-3.3166	-1.1832	0.00078809
-3.3166	-1.1471	0.001864
-3.3166	-1.111	0.0016209
-3.3166	-1.0749	0.00021203
-3.3166	-1.0387	0.0025541
-3.3166	-1.0026	0.0122
-3.3166	-0.96645	0.019739
-3.3166	-0.93032	0.010319
-3.3166	-0.89419	0.0045363
-3.3166	-0.85806	0.091678
-3.3166	-0.82193	0.38081
-3.3166	-0.7858	0.86663
-3.3166	-0.74968	1.3406
-3.3166	-0.71355	1.497
-3.3166	-0.67742	1.1954
-3.3166	-0.64129	0.62314
-3.3166	-0.60516	0.15251
-3.3166	-0.56903	0.0087077
-3.3166	-0.5329	0.09698
-3.3166	-0.49677	0.16822
-3.3166	-0.46064	0.10948
-3.3166	-0.42451	0.01837
-3.3166	-0.38838	0.015834
-3.3166	-0.35226	0.077349
-3.3166	-0.31613	0.094448
-3.3166	-0.28	0.042265
-3.3166	-0.24387	0.002812
-3.3166	-0.20774	0.029981
-3.3166	-0.17162	0.071901
-3.3166	-0.13549	0.059672
-3.3166	-0.099357	0.014022
-3.3166	-0.063226	0.0066505
-3.3166	-0.027097	0.045747
-3.3166	0.0090325	0.06668
-3.3166	0.045162	0.036312
-3.3166	0.081291	0.0031874
-3.3166	0.11742	0.018088
-3.3166	0.15355	0.054552
-3.3166	0.18968	0.053428
-3.3166	0.2258	0.016896
-3.3166	0.26194	0.0030476
-3.3166	0.29807	0.032956
-3.3166	0.3342	0.05837
-3.3166	0.37032	0.03877
-3.3166	0.40645	0.0053032
-3.3166	0.44258	0.013516
-3.3166	0.47871	0.059969
-3.3166	0.51484	0.087924
-3.3166	0.55097	0.06738
-3.3166	0.5871	0.028922
-3.3166	0.62323	0.011964
-3.3166	0.65936	0.01447
-3.3166	0.69549	0.012277
-3.3166	0.73162	0.0026964
-3.3166	0.76774	0.0021517
-3.3166	0.80387	0.012475
-3.3166	0.84	0.01674
-3.3166	0.87613	0.0081093
-3.3166	0.91226	0.00056671
-3.3166	0.94839	0.0051879
-3.3166	0.98452	0.013008
-3.3166	1.0207	0.011037
-3.3166	1.0568	0.0027883
-3.3166	1.0929	0.00085408
-3.3166	1.129	0.0065071
-3.3166	1.1651	0.0094023
-3.3166	1.2013	0.0049824
-3.3166	1.2374	0.0004367
-3.3166	1.2735	0.0019757
-3.3166	1.3096	0.00571
-3.3166	1.3458	0.0052354
-3.3166	1.382	0.0015743
-3.3166	1.4181	0.00021087
-3.3166	1.4542	0.0021469
-3.3166	1.4903	0.0034244
-3.3166	1.5265	0.0020019
-3.3166	1.5626	0.0002468
-3.3166	1.5987	0.00041965
-3.3166	1.6349	0.0014542
-3.3166	1.6709	0.0014
-3.3166	1.7071	0.00046156
-3.3166	1.7793	0.00028786
-3.3166	1.8155	0.00042131
-3.3166	1.8516	0.00032348
-3.3166	1.8878	0.00065216
-3.3166	1.9239	0.0014294
-3.3166	1.96	0.0017922
-3.3166	1.9962	0.0012591
-3.3166	2.0323	0.00040703
-3.3166	2.1045	0.00014165
-3.3166	2.1406	0.00028129
-3.3166	2.1768	0.00019061
-3.2927	-2.1948	0.00018113
-3.2927	-2.1587	0.00082475
-3.2927	-2.1226	0.0017907
-3.2927	-2.0865	0.002516
-3.2927	-2.0503	0.0024903
-3.2927	-2.0142	0.0017483
-3.2927	-1.9781	0.00081946
-3.2927	-1.942	0.00020856
-3.2927	-1.1832	0.00050466
-3.2927	-1.1471	0.0010938
-3.2927	-1.111	0.00085008
-3.2927	-1.0387	0.0020702
-3.2927	-1.0026	0.0085745
-3.2927	-0.96645	0.012719
-3.2927	-0.93032	0.0055299
-3.2927	-0.89419	0.0051618
-3.2927	-0.85806	0.078449
-3.2927	-0.82193	0.30221
-3.2927	-0.7858	0.66493
-3.2927	-0.74968	1.006
-3.2927	-0.71355	1.1006
-3.2927	-0.67742	0.85613
-3.2927	-0.64129	0.42599
-3.2927	-0.60516	0.091697
-3.2927	-0.56903	0.009248
-3.2927	-0.5329	0.089073
-3.2927	-0.49677	0.13739
-3.2927	-0.46064	0.08114
-3.2927	-0.42451	0.010528
-3.2927	-0.38838	0.018751
-3.2927	-0.35226	0.073235
-3.2927	-0.31613	0.081387
-3.2927	-0.28	0.032051
-3.2927	-0.24387	0.0024674
-3.2927	-0.20774	0.033957
-3.2927	-0.17162	0.071554
-3.2927	-0.13549	0.054278
-3.2927	-0.099357	0.01032
-3.2927	-0.063226	0.010058
-3.2927	-0.027097	0.053966
-3.2927	0.0090325	0.072148
-3.2927	0.045162	0.035446
-3.2927	0.081291	0.0025593
-3.2927	0.11742	0.027763
-3.2927	0.15355	0.073558
-3.2927	0.18968	0.06769
-3.2927	0.2258	0.018578
-3.2927	0.26194	0.007195
-3.2927	0.29807	0.061252
-3.2927	0.3342	0.10431
-3.2927	0.37032	0.067794
-3.2927	0.40645	0.0076152
-3.2927	0.44258	0.047918
-3.2927	0.47871	0.21645
-3.2927	0.51484	0.3915
-3.2927	0.55097	0.43117
-3.2927	0.5871	0.31912
-3.2927	0.62323	0.15807
-3.2927	0.65936	0.047908
-3.2927	0.69549	0.0069053
-3.2927	0.73162	0.00020857
-3.2927	0.76774	0.00018787
-3.2927	0.80387	0.0014884
-3.2927	0.84	0.0030437
-3.2927	0.87613	0.0018659
-3.2927	0.91226	0.00016442
-3.2927	0.94839	0.0025662
-3.2927	0.98452	0.0065736
-3.2927	1.0207	0.0057733
-3.2927	1.0568	0.0013477
-3.2927	1.0929	0.00086071
-3.2927	1.129	0.0055056
-3.2927	1.1651	0.0078004
-3.2927	1.2013	0.0039981
-3.2927	1.2374	0.00029865
-3.2927	1.2735	0.0025592
-3.2927	1.3096	0.0068362
-3.2927	1.3458	0.0061282
-3.2927	1.382	0.0016699
-3.2927	1.4181	0.00046124
-3.2927	1.4542	0.0038837
-3.2927	1.4903	0.0060132
-3.2927	1.5265	0.0034522
-3.2927	1.5626	0.00035246
-3.2927	1.5987	0.0013271
-3.2927	1.6349	0.0043489
-3.2927	1.6709	0.0044563
-3.2927	1.7071	0.0015423
-3.2927	1.7432	0.00020884
-3.2927	1.7793	0.0028222
-3.2927	1.8155	0.0064422
-3.2927	1.8516	0.0071593
-3.2927	1.8878	0.0047602
-3.2927	1.9239	0.0018994
-3.2927	1.96	0.00042931
-3.2927	2.1406	0.00013487
-3.2689	-2.1948	0.00023077
-3.2689	-2.1587	0.00099376
-3.2689	-2.1226	0.0021782
-3.2689	-2.0865	0.003149
-3.2689	-2.0503	0.003231
-3.2689	-2.0142	0.0023548
-3.2689	-1.9781	0.0011368
-3.2689	-1.942	0.00028571
-3.2689	-1.1832	0.00031238
-3.2689	-1.1471	0.00063526
-3.2689	-1.111	0.00044268
-3.2689	-1.0387	0.0017139
-3.2689	-1.0026	0.0063211
-3.2689	-0.96645	0.0086536
-3.2689	-0.93032	0.0030481
-3.2689	-0.89419	0.0060569
-3.2689	-0.85806	0.072116
-3.2689	-0.82193	0.26098
-3.2689	-0.7858	0.55829
-3.2689	-0.74968	0.82887
-3.2689	-0.71355	0.89009
-3.2689	-0.67742	0.67449
-3.2689	-0.64129	0.31919
-3.2689	-0.60516	0.059055
-3.2689	-0.56903	0.012283
-3.2689	-0.5329	0.088776
-3.2689	-0.49677	0.12277
-3.2689	-0.46064	0.06531
-3.2689	-0.42451	0.006319
-3.2689	-0.38838	0.023368
-3.2689	-0.35226	0.075132
-3.2689	-0.31613	0.075886
-3.2689	-0.28	0.025779
-3.2689	-0.24387	0.0033217
-3.2689	-0.20774	0.040676
-3.2689	-0.17162	0.075794
-3.2689	-0.13549	0.052004
-3.2689	-0.099357	0.0076397
-3.2689	-0.063226	0.01532
-3.2689	-0.027097	0.065778
-3.2689	0.0090325	0.080073
-3.2689	0.045162	0.034622
-3.2689	0.081291	0.0027792
-3.2689	0.11742	0.041481
-3.2689	0.15355	0.096536
-3.2689	0.18968	0.081685
-3.2689	0.2258	0.018421
-3.2689	0.26194	0.015163
-3.2689	0.29807	0.099995
-3.2689	0.3342	0.15828
-3.2689	0.37032	0.094953
-3.2689	0.40645	0.0086686
-3.2689	0.44258	0.11441
-3.2689	0.47871	0.47875
-3.2689	0.51484	0.89599
-3.2689	0.55097	1.0705
-3.2689	0.5871	0.89729
-3.2689	0.62323	0.53166
-3.2689	0.65936	0.20888
-3.2689	0.69549	0.043799
-3.2689	0.73162	0.0018879
-3.2689	0.76774	0.0025491
-3.2689	0.80387	0.0033206
-3.2689	0.84	0.0010849
-3.2689	0.94839	0.00034499
-3.2689	0.98452	0.0012717
-3.2689	1.0207	0.001403
-3.2689	1.0568	0.000337
-3.2689	1.0929	0.00045809
-3.2689	1.129	0.0026801
-3.2689	1.1651	0.0038629
-3.2689	1.2013	0.0019411
-3.2689	1.2374	0.00014687
-3.2689	1.2735	0.0019966
-3.2689	1.3096	0.0050039
-3.2689	1.3458	0.0043582
-3.2689	1.382	0.0010392
-3.2689	1.4181	0.00060989
-3.2689	1.4542	0.0041306
-3.2689	1.4903	0.0061261
-3.2689	1.5265	0.0033483
-3.2689	1.5626	0.00027715
-3.2689	1.5987	0.0021975
-3.2689	1.6349	0.0066099
-3.2689	1.6709	0.0067334
-3.2689	1.7071	0.0021745
-3.2689	1.7432	0.00067338
-3.2689	1.7793	0.0079433
-3.2689	1.8155	0.019678
-3.2689	1.8516	0.026197
-3.2689	1.8878	0.022929
-3.2689	1.9239	0.013814
-3.2689	1.96	0.0055579
-3.2689	1.9962	0.0013143
-3.2689	2.0323	0.0001205
-3.2452	-2.1948	0.00018388
-3.2452	-2.1587	0.00076064
-3.2452	-2.1226	0.00169
-3.2452	-2.0865	0.0025132
-3.2452	-2.0503	0.0026629
-3.2452	-2.0142	0.0019984
-3.2452	-1.9781	0.00097989
-3.2452	-1.942	0.00023687
-3.2452	-1.1832	0.00014628
-3.2452	-1.1471	0.0002966
-3.2452	-1.111	0.00019103
-3.2452	-1.0387	0.0012827
-3.2452	-1.0026	0.0043861
-3.2452	-0.96645	0.0056562
-3.2452	-0.93032	0.0015851
-3.2452	-0.89419	0.0068064
-3.2452	-0.85806	0.067242
-3.2452	-0.82193	0.23339
-3.2452	-0.7858	0.4922
-3.2452	-0.74968	0.72492
-3.2452	-0.71355	0.77074
-3.2452	-0.67742	0.57258
-3.2452	-0.64129	0.25809
-3.2452	-0.60516	0.040088
-3.2452	-0.56903	0.017693
-3.2452	-0.5329	0.096291
-3.2452	-0.49677	0.12065
-3.2452	-0.46064	0.057518
-3.2452	-0.42451	0.0042211
-3.2452	-0.38838	0.031418
-3.2452	-0.35226	0.085433
-3.2452	-0.31613	0.078524
-3.2452	-0.28	0.022538
-3.2452	-0.24387	0.0058069
-3.2452	-0.20774	0.053677
-3.2452	-0.17162	0.089175
-3.2452	-0.13549	0.054935
-3.2452	-0.099357	0.0060227
-3.2452	-0.063226	0.024919
-3.2452	-0.027097	0.088086
-3.2452	0.0090325	0.097427
-3.2452	0.045162	0.036285
-3.2452	0.081291	0.0048621
-3.2452	0.11742	0.06608
-3.2452	0.15355	0.13594
-3.2452	0.18968	0.10453
-3.2452	0.2258	0.018461
-3.2452	0.26194	0.03197
-3.2452	0.29807	0.1673
-3.2452	0.3342	0.24325
-3.2452	0.37032	0.1306
-3.2452	0.40645	0.012372
-3.2452	0.44258	0.25177
-3.2452	0.47871	0.95994
-3.2452	0.51484	1.7766
-3.2452	0.55097	2.1575
-3.2452	0.5871	1.8677
-3.2452	0.62323	1.1568
-3.2452	0.65936	0.47844
-3.2452	0.69549	0.1038
-3.2452	0.73162	0.0039874
-3.2452	0.76774	0.013501
-3.2452	0.80387	0.020685
-3.2452	0.84	0.010263
-3.2452	0.87613	0.0014958
-3.2452	0.91226	0.00019087
-3.2452	0.94839	0.00071594
-3.2452	0.98452	0.00038034
-3.2452	1.129	0.00063558
-3.2452	1.1651	0.0011227
-3.2452	1.2013	0.00062058
-3.2452	1.2735	0.0010792
-3.2452	1.3096	0.0026651
-3.2452	1.3458	0.0022914
-3.2452	1.382	0.00046674
-3.2452	1.4181	0.00058325
-3.2452	1.4542	0.0032502
-3.2452	1.4903	0.0045847
-3.2452	1.5265	0.0023231
-3.2452	1.5626	0.00017839
-3.2452	1.5987	0.002482
-3.2452	1.6349	0.0067664
-3.2452	1.6709	0.0065991
-3.2452	1.7071	0.0018506
-3.2452	1.7432	0.0012869
-3.2452	1.7793	0.012237
-3.2452	1.8155	0.030307
-3.2452	1.8516	0.042618
-3.2452	1.8878	0.040632
-3.2452	1.9239	0.027445
-3.2452	1.96	0.012807
-3.2452	1.9962	0.0036614
-3.2452	2.0323	0.00041386
-3.2452	2.1045	0.00013009
-3.2214	-2.1587	0.00042125
-3.2214	-2.1226	0.00095124
-3.2214	-2.0865	0.0014503
-3.2214	-2.0503	0.001574
-3.2214	-2.0142	0.0012013
-3.2214	-1.9781	0.00058756
-3.2214	-1.942	0.00013232
-3.2214	-1.0387	0.00059441
-3.2214	-1.0026	0.0020259
-3.2214	-0.96645	0.0025826
-3.2214	-0.93032	0.00058349
-3.2214	-0.89419	0.0056018
-3.2214	-0.85806	0.049301
-3.2214	-0.82193	0.17033
-3.2214	-0.7858	0.36477
-3.2214	-0.74968	0.5469
-3.2214	-0.71355	0.58906
-3.2214	-0.67742	0.43762
-3.2214	-0.64129	0.19052
-3.2214	-0.60516	0.024429
-3.2214	-0.56903	0.023113
-3.2214	-0.5329	0.09989
-3.2214	-0.49677	0.11567
-3.2214	-0.46064	0.049582
-3.2214	-0.42451	0.0033491
-3.2214	-0.38838	0.041918
-3.2214	-0.35226	0.09944
-3.2214	-0.31613	0.083905
-3.2214	-0.28	0.019981
-3.2214	-0.24387	0.010747
-3.2214	-0.20774	0.074587
-3.2214	-0.17162	0.11197
-3.2214	-0.13549	0.061803
-3.2214	-0.099357	0.0051753
-3.2214	-0.063226	0.04261
-3.2214	-0.027097	0.12771
-3.2214	0.0090325	0.1287
-3.2214	0.045162	0.040472
-3.2214	0.081291	0.011081
-3.2214	0.11742	0.11343
-3.2214	0.15355	0.20833
-3.2214	0.18968	0.14459
-3.2214	0.2258	0.019189
-3.2214	0.26194	0.069984
-3.2214	0.29807	0.2998
-3.2214	0.3342	0.39906
-3.2214	0.37032	0.18747
-3.2214	0.40645	0.027834
-3.2214	0.44258	0.56578
-3.2214	0.47871	1.9695
-3.2214	0.51484	3.5511
-3.2214	0.55097	4.2862
-3.2214	0.5871	3.7193
-3.2214	0.62323	2.3141
-3.2214	0.65936	0.95392
-3.2214	0.69549	0.19707
-3.2214	0.73162	0.0067844
-3.2214	0.76774	0.044351
-3.2214	0.80387	0.064538
-3.2214	0.84	0.03324
-3.2214	0.87613	0.0048627
-3.2214	0.91226	0.0014398
-3.2214	0.94839	0.0060028
-3.2214	0.98452	0.0050496
-3.2214	1.0207	0.0014449
-3.2214	1.0929	0.0002113
-3.2214	1.129	0.00019759
-3.2214	1.2735	0.00029845
-3.2214	1.3096	0.00090751
-3.2214	1.3458	0.00086703
-3.2214	1.382	0.00015875
-3.2214	1.4181	0.00043277
-3.2214	1.4542	0.0021324
-3.2214	1.4903	0.0029348
-3.2214	1.5265	0.0013783
-3.2214	1.5626	0.00014272
-3.2214	1.5987	0.0024051
-3.2214	1.6349	0.0059978
-3.2214	1.6709	0.0055256
-3.2214	1.7071	0.0012782
-3.2214	1.7432	0.0019549
-3.2214	1.7793	0.015113
-3.2214	1.8155	0.036435
-3.2214	1.8516	0.051872
-3.2214	1.8878	0.050885
-3.2214	1.9239	0.035693
-3.2214	1.96	0.017372
-3.2214	1.9962	0.0051355
-3.2214	2.0323	0.00055166
-3.2214	2.1045	0.00036632
-3.2214	2.1406	0.00027555
-3.1976	-2.1587	0.00018134
-3.1976	-2.1226	0.00043548
-3.1976	-2.0865	0.0007034
-3.1976	-2.0503	0.00079949
-3.1976	-2.0142	0.00062864
-3.1976	-1.9781	0.00030791
-3.1976	-1.0026	0.00038207
-3.1976	-0.96645	0.00054129
-3.1976	-0.89419	0.0024172
-3.1976	-0.85806	0.020439
-3.1976	-0.82193	0.073399
-3.1976	-0.7858	0.16495
-3.1976	-0.74968	0.2587
-3.1976	-0.71355	0.28894
-3.1976	-0.67742	0.21897
-3.1976	-0.64129	0.093293
-3.1976	-0.60516	0.0096744
-3.1976	-0.56903	0.020052
-3.1976	-0.5329	0.072843
-3.1976	-0.49677	0.079724
-3.1976	-0.46064	0.030893
-3.1976	-0.42451	0.0028998
-3.1976	-0.38838	0.041918
-3.1976	-0.35226	0.089871
-3.1976	-0.31613	0.070812
-3.1976	-0.28	0.013796
-3.1976	-0.24387	0.015739
-3.1976	-0.20774	0.086445
-3.1976	-0.17162	0.12011
-3.1976	-0.13549	0.05994
-3.1976	-0.099357	0.0046493
-3.1976	-0.063226	0.063934
-3.1976	-0.027097	0.16869
-3.1976	0.0090325	0.15723
-3.1976	0.045162	0.041266
-3.1976	0.081291	0.024097
-3.1976	0.11742	0.18575
-3.1976	0.15355	0.31078
-3.1976	0.18968	0.19545
-3.1976	0.2258	0.01951
-3.1976	0.26194	0.14826
-3.1976	0.29807	0.53935
-3.1976	0.3342	0.66187
-3.1976	0.37032	0.26807
-3.1976	0.40645	0.08003
-3.1976	0.44258	1.2807
-3.1976	0.47871	4.1224
-3.1976	0.51484	7.2415
-3.1976	0.55097	8.6473
-3.1976	0.5871	7.4587
-3.1976	0.62323	4.6024
-3.1976	0.65936	1.8547
-3.1976	0.69549	0.35192
-3.1976	0.73162	0.014778
-3.1976	0.76774	0.12747
-3.1976	0.80387	0.1696
-3.1976	0.84	0.083753
-3.1976	0.87613	0.010569
-3.1976	0.91226	0.0066761
-3.1976	0.94839	0.023999
-3.1976	0.98452	0.021056
-3.1976	1.0207	0.0065698
-3.1976	1.0568	0.00030227
-3.1976	1.0929	0.002216
-3.1976	1.129	0.0032381
-3.1976	1.1651	0.0014944
-3.1976	1.2013	0.00015567
-3.1976	1.2735	0.00012903
-3.1976	1.4181	0.00017692
-3.1976	1.4542	0.0009515
-3.1976	1.4903	0.0014282
-3.1976	1.5265	0.00065831
-3.1976	1.5626	0.0001332
-3.1976	1.5987	0.0020351
-3.1976	1.6349	0.0048136
-3.1976	1.6709	0.0042372
-3.1976	1.7071	0.00078317
-3.1976	1.7432	0.0026536
-3.1976	1.7793	0.017338
-3.1976	1.8155	0.040722
-3.1976	1.8516	0.058161
-3.1976	1.8878	0.057764
-3.1976	1.9239	0.041098
-3.1976	1.96	0.020184
-3.1976	1.9962	0.0058815
-3.1976	2.0323	0.00054879
-3.1976	2.0684	0.0002095
-3.1976	2.1045	0.00065459
-3.1976	2.1406	0.00048879
-3.1976	2.1768	0.00013316
-3.1737	-2.1226	0.00012521
-3.1737	-2.0865	0.0002364
-3.1737	-2.0503	0.00030709
-3.1737	-2.0142	0.00026627
-3.1737	-1.9781	0.00013724
-3.1737	-0.89419	0.00041762
-3.1737	-0.85806	0.0040859
-3.1737	-0.82193	0.017079
-3.1737	-0.7858	0.043265
-3.1737	-0.74968	0.074269
-3.1737	-0.71355	0.088451
-3.1737	-0.67742	0.069395
-3.1737	-0.64129	0.028904
-3.1737	-0.60516	0.0023484
-3.1737	-0.56903	0.010943
-3.1737	-0.5329	0.034283
-3.1737	-0.49677	0.035369
-3.1737	-0.46064	0.01209
-3.1737	-0.42451	0.0022174
-3.1737	-0.38838	0.0267
-3.1737	-0.35226	0.052162
-3.1737	-0.31613	0.038142
-3.1737	-0.28	0.0058271
-3.1737	-0.24387	0.01432
-3.1737	-0.20774	0.064666
-3.1737	-0.17162	0.083813
-3.1737	-0.13549	0.037578
-3.1737	-0.099357	0.003918
-3.1737	-0.063226	0.062747
-3.1737	-0.027097	0.14969
-3.1737	0.0090325	0.1304
-3.1737	0.045162	0.028058
-3.1737	0.081291	0.034955
-3.1737	0.11742	0.2141
-3.1737	0.15355	0.33396
-3.1737	0.18968	0.19205
-3.1737	0.2258	0.016403
-3.1737	0.26194	0.23175
-3.1737	0.29807	0.74677
-3.1737	0.3342	0.86075
-3.1737	0.37032	0.29895
-3.1737	0.40645	0.19157
-3.1737	0.44258	2.3699
-3.1737	0.47871	7.2459
-3.1737	0.51484	12.614
-3.1737	0.55097	15.107
-3.1737	0.5871	13.095
-3.1737	0.62323	8.0785
-3.1737	0.65936	3.1927
-3.1737	0.69549	0.54917
-3.1737	0.73162	0.040883
-3.1737	0.76774	0.31941
-3.1737	0.80387	0.39027
-3.1737	0.84	0.18133
-3.1737	0.87613	0.018539
-3.1737	0.91226	0.024596
-3.1737	0.94839	0.074611
-3.1737	0.98452	0.063302
-3.1737	1.0207	0.018777
-3.1737	1.0568	0.0010846
-3.1737	1.0929	0.01091
-3.1737	1.129	0.016406
-3.1737	1.1651	0.0085811
-3.1737	1.2013	0.0010294
-3.1737	1.2374	0.00085515
-3.1737	1.2735	0.0026382
-3.1737	1.3096	0.00197
-3.1737	1.3458	0.00047924
-3.1737	1.4903	0.00023714
-3.1737	1.5265	0.00015463
-3.1737	1.5987	0.0011987
-3.1737	1.6349	0.0029981
-3.1737	1.6709	0.002679
-3.1737	1.7071	0.00040149
-3.1737	1.7432	0.0031315
-3.1737	1.7793	0.018305
-3.1737	1.8155	0.042794
-3.1737	1.8516	0.062011
-3.1737	1.8878	0.062658
-3.1737	1.9239	0.045186
-3.1737	1.96	0.022243
-3.1737	1.9962	0.0062845
-3.1737	2.0323	0.00048276
-3.1737	2.0684	0.00039456
-3.1737	2.1045	0.0010169
-3.1737	2.1406	0.00072386
-3.1737	2.1768	0.0001843
-3.1499	-2.1226	0.00012065
-3.1499	-1.1832	0.00012451
-3.1499	-1.0387	0.00023269
-3.1499	-1.0026	0.00028794
-3.1499	-0.89419	0.00015939
-3.1499	-0.85806	0.00034059
-3.1499	-0.82193	0.0011053
-3.1499	-0.7858	0.00437
-3.1499	-0.74968	0.010756
-3.1499	-0.71355	0.016203
-3.1499	-0.67742	0.014613
-3.1499	-0.64129	0.0062733
-3.1499	-0.60516	0.00044021
-3.1499	-0.56903	0.0045778
-3.1499	-0.5329	0.01279
-3.1499	-0.49677	0.012484
-3.1499	-0.46064	0.0036452
-3.1499	-0.42451	0.0015133
-3.1499	-0.38838	0.013532
-3.1499	-0.35226	0.023986
-3.1499	-0.31613	0.015925
-3.1499	-0.28	0.0018056
-3.1499	-0.24387	0.009693
-3.1499	-0.20774	0.036385
-3.1499	-0.17162	0.043256
-3.1499	-0.13549	0.016798
-3.1499	-0.099357	0.0032024
-3.1499	-0.063226	0.042992
-3.1499	-0.027097	0.092121
-3.1499	0.0090325	0.073454
-3.1499	0.045162	0.012256
-3.1499	0.081291	0.03229
-3.1499	0.11742	0.16097
-3.1499	0.15355	0.23222
-3.1499	0.18968	0.11943
-3.1499	0.2258	0.012036
-3.1499	0.26194	0.22489
-3.1499	0.29807	0.64985
-3.1499	0.3342	0.70066
-3.1499	0.37032	0.20229
-3.1499	0.40645	0.27729
-3.1499	0.44258	2.7444
-3.1499	0.47871	8.0805
-3.1499	0.51484	14.064
-3.1499	0.55097	17.039
-3.1499	0.5871	14.98
-3.1499	0.62323	9.3242
-3.1499	0.65936	3.6406
-3.1499	0.69549	0.56283
-3.1499	0.73162	0.087816
-3.1499	0.76774	0.54112
-3.1499	0.80387	0.61996
-3.1499	0.84	0.27223
-3.1499	0.87613	0.021996
-3.1499	0.91226	0.061815
-3.1499	0.94839	0.1631
-3.1499	0.98452	0.13311
-3.1499	1.0207	0.03633
-3.1499	1.0568	0.0036044
-3.1499	1.0929	0.034914
-3.1499	1.129	0.050544
-3.1499	1.1651	0.026411
-3.1499	1.2013	0.0028277
-3.1499	1.2374	0.0046571
-3.1499	1.2735	0.014227
-3.1499	1.3096	0.012186
-3.1499	1.3458	0.0035998
-3.1499	1.382	0.00019289
-3.1499	1.4181	0.0017204
-3.1499	1.4542	0.0022387
-3.1499	1.4903	0.00091891
-3.1499	1.5987	0.00016275
-3.1499	1.6349	0.00067655
-3.1499	1.6709	0.00084832
-3.1499	1.7071	0.00013115
-3.1499	1.7432	0.0025674
-3.1499	1.7793	0.015061
-3.1499	1.8155	0.037472
-3.1499	1.8516	0.057676
-3.1499	1.8878	0.061242
-3.1499	1.9239	0.04578
-3.1499	1.96	0.022902
-3.1499	1.9962	0.0062887
-3.1499	2.0323	0.00038451
-3.1499	2.0684	0.00067619
-3.1499	2.1045	0.0014808
-3.1499	2.1406	0.00099706
-3.1499	2.1768	0.00022991
-3.1499	2.2491	0.00013333
-3.1499	2.2851	0.00016212
-3.1261	-2.1948	0.00039007
-3.1261	-2.1587	0.00076729
-3.1261	-2.1226	0.00092165
-3.1261	-2.0865	0.00075152
-3.1261	-2.0503	0.00042407
-3.1261	-2.0142	0.00016129
-3.1261	-1.1832	0.00021415
-3.1261	-1.1471	0.00016402
-3.1261	-1.0749	0.00015886
-3.1261	-1.0387	0.00064696
-3.1261	-1.0026	0.00085891
-3.1261	-0.96645	0.00036816
-3.1261	-0.89419	0.0015395
-3.1261	-0.85806	0.0044006
-3.1261	-0.82193	0.0061842
-3.1261	-0.7858	0.0051018
-3.1261	-0.74968	0.0025086
-3.1261	-0.71355	0.00099957
-3.1261	-0.67742	0.00086347
-3.1261	-0.64129	0.0005224
-3.1261	-0.56903	0.0012972
-3.1261	-0.5329	0.0035858
-3.1261	-0.49677	0.0035144
-3.1261	-0.46064	0.00086881
-3.1261	-0.42451	0.0009253
-3.1261	-0.38838	0.0062799
-3.1261	-0.35226	0.010277
-3.1261	-0.31613	0.006169
-3.1261	-0.28	0.00054227
-3.1261	-0.24387	0.006149
-3.1261	-0.20774	0.019585
-3.1261	-0.17162	0.021242
-3.1261	-0.13549	0.0069185
-3.1261	-0.099357	0.0027335
-3.1261	-0.063226	0.027329
-3.1261	-0.027097	0.052373
-3.1261	0.0090325	0.037455
-3.1261	0.045162	0.0046179
-3.1261	0.081291	0.025534
-3.1261	0.11742	0.10503
-3.1261	0.15355	0.13778
-3.1261	0.18968	0.061104
-3.1261	0.2258	0.010473
-3.1261	0.26194	0.17352
-3.1261	0.29807	0.44539
-3.1261	0.3342	0.43765
-3.1261	0.37032	0.098722
-3.1261	0.40645	0.28496
-3.1261	0.44258	2.2906
-3.1261	0.47871	6.3952
-3.1261	0.51484	10.909
-3.1261	0.55097	13.097
-3.1261	0.5871	11.44
-3.1261	0.62323	7.0372
-3.1261	0.65936	2.6519
-3.1261	0.69549	0.35235
-3.1261	0.73162	0.11684
-3.1261	0.76774	0.55573
-3.1261	0.80387	0.59333
-3.1261	0.84	0.24167
-3.1261	0.87613	0.015343
-3.1261	0.91226	0.088523
-3.1261	0.94839	0.20648
-3.1261	0.98452	0.16087
-3.1261	1.0207	0.039285
-3.1261	1.0568	0.007897
-3.1261	1.0929	0.062222
-3.1261	1.129	0.085933
-3.1261	1.1651	0.043501
-3.1261	1.2013	0.0038545
-3.1261	1.2374	0.013005
-3.1261	1.2735	0.036708
-3.1261	1.3096	0.032049
-3.1261	1.3458	0.0093664
-3.1261	1.382	0.00088842
-3.1261	1.4181	0.0090867
-3.1261	1.4542	0.01357
-3.1261	1.4903	0.0072593
-3.1261	1.5265	0.00085505
-3.1261	1.5626	0.00087302
-3.1261	1.5987	0.002549
-3.1261	1.6349	0.0017591
-3.1261	1.6709	0.00036388
-3.1261	1.7432	0.00050575
-3.1261	1.7793	0.0046959
-3.1261	1.8155	0.01659
-3.1261	1.8516	0.032559
-3.1261	1.8878	0.041048
-3.1261	1.9239	0.034632
-3.1261	1.96	0.018699
-3.1261	1.9962	0.0051812
-3.1261	2.0323	0.000258
-3.1261	2.0684	0.00098868
-3.1261	2.1045	0.0019287
-3.1261	2.1406	0.0012459
-3.1261	2.1768	0.00025759
-3.1261	2.2491	0.0002375
-3.1261	2.2851	0.00026845
-3.1022	-2.3393	0.00017875
-3.1022	-2.3033	0.00012605
-3.1022	-2.2309	0.00023028
-3.1022	-2.1948	0.0010786
-3.1022	-2.1587	0.0022691
-3.1022	-2.1226	0.0030246
-3.1022	-2.0865	0.002806
-3.1022	-2.0503	0.0018328
-3.1022	-2.0142	0.00079947
-3.1022	-1.9781	0.00019492
-3.1022	-1.2193	0.00016927
-3.1022	-1.1832	0.00032647
-3.1022	-1.1471	0.00022753
-3.1022	-1.0749	0.00036976
-3.1022	-1.0387	0.0013518
-3.1022	-1.0026	0.0017389
-3.1022	-0.96645	0.0006735
-3.1022	-0.93032	0.00040601
-3.1022	-0.89419	0.0054465
-3.1022	-0.85806	0.01704
-3.1022	-0.82193	0.029278
-3.1022	-0.7858	0.033312
-3.1022	-0.74968	0.026199
-3.1022	-0.71355	0.013844
-3.1022	-0.67742	0.00439
-3.1022	-0.64129	0.00060432
-3.1022	-0.5329	0.00031254
-3.1022	-0.49677	0.00042075
-3.1022	-0.42451	0.00041404
-3.1022	-0.38838	0.0023211
-3.1022	-0.35226	0.0037129
-3.1022	-0.31613	0.0020584
-3.1022	-0.28	0.00020545
-3.1022	-0.24387	0.0037086
-3.1022	-0.20774	0.010362
-3.1022	-0.17162	0.010363
-3.1022	-0.13549	0.0027598
-3.1022	-0.099357	0.002371
-3.1022	-0.063226	0.01781
-3.1022	-0.027097	0.030804
-3.1022	0.0090325	0.019614
-3.1022	0.045162	0.001845
-3.1022	0.081291	0.020421
-3.1022	0.11742	0.070899
-3.1022	0.15355	0.084304
-3.1022	0.18968	0.031404
-3.1022	0.2258	0.010874
-3.1022	0.26194	0.13462
-3.1022	0.29807	0.30739
-3.1022	0.3342	0.27123
-3.1022	0.37032	0.045555
-3.1022	0.40645	0.27583
-3.1022	0.44258	1.8404
-3.1022	0.47871	4.8313
-3.1022	0.51484	7.9647
-3.1022	0.55097	9.32
-3.1022	0.5871	7.9383
-3.1022	0.62323	4.724
-3.1022	0.65936	1.6725
-3.1022	0.69549	0.18028
-3.1022	0.73162	0.12439
-3.1022	0.76774	0.46037
-3.1022	0.80387	0.44856
-3.1022	0.84	0.16335
-3.1022	0.87613	0.0091096
-3.1022	0.91226	0.090924
-3.1022	0.94839	0.18554
-3.1022	0.98452	0.13383
-3.1022	1.0207	0.027628
-3.1022	1.0568	0.01149
-3.1022	1.0929	0.069793
-3.1022	1.129	0.089512
-3.1022	1.1651	0.04208
-3.1022	1.2013	0.0029848
-3.1022	1.2374	0.01996
-3.1022	1.2735	0.050645
-3.1022	1.3096	0.042856
-3.1022	1.3458	0.011438
-3.1022	1.382	0.0022354
-3.1022	1.4181	0.019459
-3.1022	1.4542	0.02898
-3.1022	1.4903	0.016002
-3.1022	1.5265	0.0016997
-3.1022	1.5626	0.0042126
-3.1022	1.5987	0.013415
-3.1022	1.6349	0.01259
-3.1022	1.6709	0.0039985
-3.1022	1.7071	0.00031699
-3.1022	1.7432	0.0035008
-3.1022	1.7793	0.0054771
-3.1022	1.8155	0.0035582
-3.1022	1.8516	0.0031492
-3.1022	1.8878	0.0066652
-3.1022	1.9239	0.0092393
-3.1022	1.96	0.0068574
-3.1022	1.9962	0.0022344
-3.1022	2.0684	0.00090711
-3.1022	2.1045	0.0017234
-3.1022	2.1406	0.0011266
-3.1022	2.1768	0.00021355
-3.1022	2.2491	0.0003372
-3.1022	2.2851	0.00036481
-3.1022	2.3213	0.00014366
-3.0784	-2.3393	0.00013775
-3.0784	-2.2309	0.00029532
-3.0784	-2.1948	0.0013309
-3.0784	-2.1587	0.0029176
-3.0784	-2.1226	0.0041613
-3.0784	-2.0865	0.004189
-3.0784	-2.0503	0.0029916
-3.0784	-2.0142	0.0014239
-3.0784	-1.9781	0.00036449
-3.0784	-1.2193	0.00024149
-3.0784	-1.1832	0.00043522
-3.0784	-1.1471	0.00027219
-3.0784	-1.0749	0.00074202
-3.0784	-1.0387	0.0024391
-3.0784	-1.0026	0.0029632
-3.0784	-0.96645	0.00096832
-3.0784	-0.93032	0.0012938
-3.0784	-0.89419	0.014086
-3.0784	-0.85806	0.043822
-3.0784	-0.82193	0.078914
-3.0784	-0.7858	0.097138
-3.0784	-0.74968	0.085288
-3.0784	-0.71355	0.052233
-3.0784	-0.67742	0.020006
-3.0784	-0.64129	0.0032701
-3.0784	-0.60516	0.00019104
-3.0784	-0.56903	0.0012662
-3.0784	-0.5329	0.0011882
-3.0784	-0.49677	0.0003885
-3.0784	-0.38838	0.0003281
-3.0784	-0.35226	0.00066202
-3.0784	-0.31613	0.00038512
-3.0784	-0.24387	0.0018345
-3.0784	-0.20774	0.0047593
-3.0784	-0.17162	0.0045369
-3.0784	-0.13549	0.00096775
-3.0784	-0.099357	0.0019405
-3.0784	-0.063226	0.01149
-3.0784	-0.027097	0.018268
-3.0784	0.0090325	0.01035
-3.0784	0.045162	0.00095309
-3.0784	0.081291	0.01675
-3.0784	0.11742	0.050353
-3.0784	0.15355	0.054483
-3.0784	0.18968	0.016646
-3.0784	0.2258	0.012074
-3.0784	0.26194	0.1109
-3.0784	0.29807	0.22724
-3.0784	0.3342	0.17884
-3.0784	0.37032	0.022384
-3.0784	0.40645	0.27773
-3.0784	0.44258	1.5806
-3.0784	0.47871	3.9117
-3.0784	0.51484	6.2211
-3.0784	0.55097	7.0688
-3.0784	0.5871	5.8396
-3.0784	0.62323	3.3363
-3.0784	0.65936	1.0946
-3.0784	0.69549	0.091263
-3.0784	0.73162	0.13022
-3.0784	0.76774	0.38553
-3.0784	0.80387	0.34024
-3.0784	0.84	0.10804
-3.0784	0.87613	0.0074743
-3.0784	0.91226	0.08889
-3.0784	0.94839	0.15856
-3.0784	0.98452	0.10377
-3.0784	1.0207	0.017189
-3.0784	1.0568	0.014606
-3.0784	1.0929	0.068655
-3.0784	1.129	0.080101
-3.0784	1.1651	0.033672
-3.0784	1.2013	0.0021338
-3.0784	1.2374	0.023918
-3.0784	1.2735	0.053446
-3.0784	1.3096	0.042074
-3.0784	1.3458	0.0095603
-3.0784	1.382	0.0039301
-3.0784	1.4181	0.026515
-3.0784	1.4542	0.037129
-3.0784	1.4903	0.019418
-3.0784	1.5265	0.0016457
-3.0784	1.5626	0.0088966
-3.0784	1.5987	0.026279
-3.0784	1.6349	0.025486
-3.0784	1.6709	0.0081336
-3.0784	1.7071	0.0015532
-3.0784	1.7432	0.018763
-3.0784	1.7793	0.041989
-3.0784	1.8155	0.047611
-3.0784	1.8516	0.03331
-3.0784	1.8878	0.014555
-3.0784	1.9239	0.00365
-3.0784	1.96	0.00055454
-3.0784	1.9962	0.00014136
-3.0784	2.0684	0.00025636
-3.0784	2.1045	0.0005894
-3.0784	2.1406	0.00044682
-3.0784	2.2491	0.00026243
-3.0784	2.2851	0.00028811
-3.0547	-2.2309	0.00023103
-3.0547	-2.1948	0.0009763
-3.0547	-2.1587	0.0021424
-3.0547	-2.1226	0.0031246
-3.0547	-2.0865	0.0032475
-3.0547	-2.0503	0.0024017
-3.0547	-2.0142	0.001175
-3.0547	-1.9781	0.00029558
-3.0547	-1.2193	0.00022589
-3.0547	-1.1832	0.00039625
-3.0547	-1.1471	0.00022469
-3.0547	-1.0749	0.0011183
-3.0547	-1.0387	0.0034139
-3.0547	-1.0026	0.003958
-3.0547	-0.96645	0.0010554
-3.0547	-0.93032	0.0031695
-3.0547	-0.89419	0.028921
-3.0547	-0.85806	0.08877
-3.0547	-0.82193	0.16341
-3.0547	-0.7858	0.20855
-3.0547	-0.74968	0.19124
-3.0547	-0.71355	0.12258
-3.0547	-0.67742	0.048534
-3.0547	-0.64129	0.0074573
-3.0547	-0.60516	0.0011903
-3.0547	-0.56903	0.0069029
-3.0547	-0.5329	0.007411
-3.0547	-0.49677	0.0030377
-3.0547	-0.46064	0.00026631
-3.0547	-0.42451	0.00030674
-3.0547	-0.38838	0.00062443
-3.0547	-0.35226	0.00032469
-3.0547	-0.24387	0.0004285
-3.0547	-0.20774	0.0012369
-3.0547	-0.17162	0.0012854
-3.0547	-0.13549	0.00023069
-3.0547	-0.099357	0.0013012
-3.0547	-0.063226	0.0065038
-3.0547	-0.027097	0.0098763
-3.0547	0.0090325	0.0050352
-3.0547	0.045162	0.00074399
-3.0547	0.081291	0.013483
-3.0547	0.11742	0.036129
-3.0547	0.15355	0.03592
-3.0547	0.18968	0.0087772
-3.0547	0.2258	0.013485
-3.0547	0.26194	0.095803
-3.0547	0.29807	0.17816
-3.0547	0.3342	0.12448
-3.0547	0.37032	0.013503
-3.0547	0.40645	0.29399
-3.0547	0.44258	1.4641
-3.0547	0.47871	3.4375
-3.0547	0.51484	5.288
-3.0547	0.55097	5.8402
-3.0547	0.5871	4.6776
-3.0547	0.62323	2.5592
-3.0547	0.65936	0.77087
-3.0547	0.69549	0.04802
-3.0547	0.73162	0.14198
-3.0547	0.76774	0.3463
-3.0547	0.80387	0.27654
-3.0547	0.84	0.075044
-3.0547	0.87613	0.0091153
-3.0547	0.91226	0.09113
-3.0547	0.94839	0.14307
-3.0547	0.98452	0.084159
-3.0547	1.0207	0.010697
-3.0547	1.0568	0.018536
-3.0547	1.0929	0.069278
-3.0547	1.129	0.073082
-3.0547	1.1651	0.026833
-3.0547	1.2013	0.0021204
-3.0547	1.2374	0.027952
-3.0547	1.2735	0.054905
-3.0547	1.3096	0.039414
-3.0547	1.3458	0.007236
-3.0547	1.382	0.0061721
-3.0547	1.4181	0.032248
-3.0547	1.4542	0.041418
-3.0547	1.4903	0.019623
-3.0547	1.5265	0.0013706
-3.0547	1.5626	0.01418
-3.0547	1.5987	0.037262
-3.0547	1.6349	0.034504
-3.0547	1.6709	0.009748
-3.0547	1.7071	0.0042046
-3.0547	1.7432	0.041801
-3.0547	1.7793	0.097398
-3.0547	1.8155	0.12549
-3.0547	1.8516	0.10789
-3.0547	1.8878	0.064638
-3.0547	1.9239	0.026203
-3.0547	1.96	0.0063441
-3.0547	1.9962	0.00060402
-3.0308	-2.2309	0.00015241
-3.0308	-2.1948	0.00060178
-3.0308	-2.1587	0.0012998
-3.0308	-2.1226	0.0018946
-3.0308	-2.0865	0.0019774
-3.0308	-2.0503	0.0014655
-3.0308	-2.0142	0.00070859
-3.0308	-1.9781	0.00016626
-3.0308	-1.1832	0.00015222
-3.0308	-1.0749	0.00085153
-3.0308	-1.0387	0.0025286
-3.0308	-1.0026	0.0028826
-3.0308	-0.96645	0.00062098
-3.0308	-0.93032	0.0043949
-3.0308	-0.89419	0.03587
-3.0308	-0.85806	0.11204
-3.0308	-0.82193	0.21554
-3.0308	-0.7858	0.28956
-3.0308	-0.74968	0.27947
-3.0308	-0.71355	0.18711
-3.0308	-0.67742	0.075355
-3.0308	-0.64129	0.010377
-3.0308	-0.60516	0.0039935
-3.0308	-0.56903	0.018734
-3.0308	-0.5329	0.020075
-3.0308	-0.49677	0.0082082
-3.0308	-0.46064	0.00056506
-3.0308	-0.42451	0.002422
-3.0308	-0.38838	0.0052786
-3.0308	-0.35226	0.0037101
-3.0308	-0.31613	0.00088074
-3.0308	-0.24387	0.0003492
-3.0308	-0.20774	0.00026415
-3.0308	-0.099357	0.00046431
-3.0308	-0.063226	0.0022124
-3.0308	-0.027097	0.0036404
-3.0308	0.0090325	0.0017856
-3.0308	0.045162	0.0006732
-3.0308	0.081291	0.009514
-3.0308	0.11742	0.0238
-3.0308	0.15355	0.022294
-3.0308	0.18968	0.0042837
-3.0308	0.2258	0.014382
-3.0308	0.26194	0.083324
-3.0308	0.29807	0.14301
-3.0308	0.3342	0.088548
-3.0308	0.37032	0.012254
-3.0308	0.40645	0.3227
-3.0308	0.44258	1.4413
-3.0308	0.47871	3.2399
-3.0308	0.51484	4.847
-3.0308	0.55097	5.2221
-3.0308	0.5871	4.063
-3.0308	0.62323	2.1278
-3.0308	0.65936	0.58318
-3.0308	0.69549	0.027781
-3.0308	0.73162	0.16333
-3.0308	0.76774	0.33649
-3.0308	0.80387	0.24307
-3.0308	0.84	0.055093
-3.0308	0.87613	0.013519
-3.0308	0.91226	0.10005
-3.0308	0.94839	0.13927
-3.0308	0.98452	0.073041
-3.0308	1.0207	0.0068703
-3.0308	1.0568	0.024382
-3.0308	1.0929	0.074518
-3.0308	1.129	0.070934
-3.0308	1.1651	0.022275
-3.0308	1.2013	0.0030581
-3.0308	1.2374	0.034002
-3.0308	1.2735	0.058989
-3.0308	1.3096	0.038192
-3.0308	1.3458	0.0054081
-3.0308	1.382	0.0095185
-3.0308	1.4181	0.039545
-3.0308	1.4542	0.046202
-3.0308	1.4903	0.019326
-3.0308	1.5265	0.0014623
-3.0308	1.5626	0.021171
-3.0308	1.5987	0.049182
-3.0308	1.6349	0.042202
-3.0308	1.6709	0.009889
-3.0308	1.7071	0.009233
-3.0308	1.7432	0.072998
-3.0308	1.7793	0.16546
-3.0308	1.8155	0.21802
-3.0308	1.8516	0.19698
-3.0308	1.8878	0.12703
-3.0308	1.9239	0.056878
-3.0308	1.96	0.015613
-3.0308	1.9962	0.0016585
-3.0308	2.0323	0.00015202
-3.0308	2.0684	0.00060113
-3.0308	2.1045	0.0003903
-3.0069	-2.1948	0.00034084
-3.0069	-2.1587	0.00072781
-3.0069	-2.1226	0.0010605
-3.0069	-2.0865	0.0011078
-3.0069	-2.0503	0.00081707
-3.0069	-2.0142	0.00038589
-3.0069	-1.0749	0.0002761
-3.0069	-1.0387	0.00081581
-3.0069	-1.0026	0.000919
-3.0069	-0.96645	0.00015956
-3.0069	-0.93032	0.0027559
-3.0069	-0.89419	0.020796
-3.0069	-0.85806	0.066916
-3.0069	-0.82193	0.13581
-3.0069	-0.7858	0.19375
-3.0069	-0.74968	0.19842
-3.0069	-0.71355	0.13971
-3.0069	-0.67742	0.057386
-3.0069	-0.64129	0.0069272
-3.0069	-0.60516	0.0061228
-3.0069	-0.56903	0.024371
-3.0069	-0.5329	0.025964
-3.0069	-0.49677	0.010304
-3.0069	-0.46064	0.00067161
-3.0069	-0.42451	0.0062094
-3.0069	-0.38838	0.013038
-3.0069	-0.35226	0.0095778
-3.0069	-0.31613	0.0021151
-3.0069	-0.28	0.00067306
-3.0069	-0.24387	0.0036249
-3.0069	-0.20774	0.0040501
-3.0069	-0.17162	0.0016121
-3.0069	-0.13549	0.00019107
-3.0069	-0.099357	0.00030811
-3.0069	-0.063226	0.00035133
-3.0069	-0.027097	0.00029099
-3.0069	0.0090325	0.00018547
-3.0069	0.045162	0.00039307
-3.0069	0.081291	0.0040532
-3.0069	0.11742	0.010696
-3.0069	0.15355	0.01029
-3.0069	0.18968	0.0016363
-3.0069	0.2258	0.012825
-3.0069	0.26194	0.06509
-3.0069	0.29807	0.10689
-3.0069	0.3342	0.059318
-3.0069	0.37032	0.015341
-3.0069	0.40645	0.34992
-3.0069	0.44258	1.445
-3.0069	0.47871	3.1614
-3.0069	0.51484	4.6549
-3.0069	0.55097	4.937
-3.0069	0.5871	3.7562
-3.0069	0.62323	1.8886
-3.0069	0.65936	0.46722
-3.0069	0.69549	0.020896
-3.0069	0.73162	0.19858
-3.0069	0.76774	0.35301
-3.0069	0.80387	0.23072
-3.0069	0.84	0.04247
-3.0069	0.87613	0.021584
-3.0069	0.91226	0.1185
-3.0069	0.94839	0.14716
-3.0069	0.98452	0.068211
-3.0069	1.0207	0.0048109
-3.0069	1.0568	0.033839
-3.0069	1.0929	0.086568
-3.0069	1.129	0.07422
-3.0069	1.1651	0.019457
-3.0069	1.2013	0.0053208
-3.0069	1.2374	0.044001
-3.0069	1.2735	0.067757
-3.0069	1.3096	0.03918
-3.0069	1.3458	0.0041104
-3.0069	1.382	0.014962
-3.0069	1.4181	0.050799
-3.0069	1.4542	0.053776
-3.0069	1.4903	0.019421
-3.0069	1.5265	0.0023462
-3.0069	1.5626	0.031811
-3.0069	1.5987	0.065507
-3.0069	1.6349	0.051285
-3.0069	1.6709	0.0094673
-3.0069	1.7071	0.018717
-3.0069	1.7432	0.11993
-3.0069	1.7793	0.25939
-3.0069	1.8155	0.33851
-3.0069	1.8516	0.30767
-3.0069	1.8878	0.20128
-3.0069	1.9239	0.091668
-3.0069	1.96	0.025275
-3.0069	1.9962	0.0024425
-3.0069	2.0323	0.00052123
-3.0069	2.0684	0.0017546
-3.0069	2.1045	0.0012496
-3.0069	2.1406	0.00032442
-2.9832	-2.1948	0.00017091
-2.9832	-2.1587	0.00036743
-2.9832	-2.1226	0.00054223
-2.9832	-2.0865	0.00057219
-2.9832	-2.0503	0.00042236
-2.9832	-2.0142	0.00019498
-2.9832	-1.0026	0.00013483
-2.9832	-0.93032	0.00095539
-2.9832	-0.89419	0.00683
-2.9832	-0.85806	0.022765
-2.9832	-0.82193	0.04857
-2.9832	-0.7858	0.072835
-2.9832	-0.74968	0.077929
-2.9832	-0.71355	0.056553
-2.9832	-0.67742	0.023046
-2.9832	-0.64129	0.0023046
-2.9832	-0.60516	0.0045132
-2.9832	-0.56903	0.015468
-2.9832	-0.5329	0.016021
-2.9832	-0.49677	0.0059418
-2.9832	-0.46064	0.00053994
-2.9832	-0.42451	0.0065027
-2.9832	-0.38838	0.012912
-2.9832	-0.35226	0.0093887
-2.9832	-0.31613	0.0018005
-2.9832	-0.28	0.0015296
-2.9832	-0.24387	0.0072538
-2.9832	-0.20774	0.0086266
-2.9832	-0.17162	0.0036621
-2.9832	-0.13549	0.00035666
-2.9832	-0.099357	0.0022669
-2.9832	-0.063226	0.0041071
-2.9832	-0.027097	0.0024691
-2.9832	0.0090325	0.00043523
-2.9832	0.045162	0.00022886
-2.9832	0.081291	0.00053919
-2.9832	0.11742	0.0010824
-2.9832	0.15355	0.0014368
-2.9832	0.18968	0.00032296
-2.9832	0.2258	0.0060105
-2.9832	0.26194	0.03084
-2.9832	0.29807	0.053662
-2.9832	0.3342	0.028364
-2.9832	0.37032	0.016658
-2.9832	0.40645	0.30892
-2.9832	0.44258	1.2493
-2.9832	0.47871	2.7714
-2.9832	0.51484	4.1518
-2.9832	0.55097	4.4554
-2.9832	0.5871	3.3897
-2.9832	0.62323	1.6633
-2.9832	0.65936	0.37154
-2.9832	0.69549	0.023844
-2.9832	0.73162	0.24638
-2.9832	0.76774	0.38733
-2.9832	0.80387	0.2302
-2.9832	0.84	0.033388
-2.9832	0.87613	0.03547
-2.9832	0.91226	0.15029
-2.9832	0.94839	0.16784
-2.9832	0.98452	0.068178
-2.9832	1.0207	0.0043201
-2.9832	1.0568	0.050044
-2.9832	1.0929	0.10933
-2.9832	1.129	0.084305
-2.9832	1.1651	0.017928
-2.9832	1.2013	0.010008
-2.9832	1.2374	0.061479
-2.9832	1.2735	0.084401
-2.9832	1.3096	0.043139
-2.9832	1.3458	0.0033655
-2.9832	1.382	0.024617
-2.9832	1.4181	0.069883
-2.9832	1.4542	0.066811
-2.9832	1.4903	0.020328
-2.9832	1.5265	0.0048323
-2.9832	1.5626	0.049834
-2.9832	1.5987	0.091333
-2.9832	1.6349	0.064464
-2.9832	1.6709	0.0089555
-2.9832	1.7071	0.03729
-2.9832	1.7432	0.19879
-2.9832	1.7793	0.40759
-2.9832	1.8155	0.51974
-2.9832	1.8516	0.46673
-2.9832	1.8878	0.30272
-2.9832	1.9239	0.13609
-2.9832	1.96	0.036145
-2.9832	1.9962	0.0029295
-2.9832	2.0323	0.0013546
-2.9832	2.0684	0.0036895
-2.9832	2.1045	0.0025435
-2.9832	2.1406	0.00064022
-2.9832	2.2129	0.00014902
-2.9832	2.2491	0.00018931
-2.9594	-2.1587	0.00015195
-2.9594	-2.1226	0.00023504
-2.9594	-2.0865	0.00025718
-2.9594	-2.0503	0.00019367
-2.9594	-0.93032	0.00018334
-2.9594	-0.89419	0.0013012
-2.9594	-0.85806	0.004837
-2.9594	-0.82193	0.011539
-2.9594	-0.7858	0.019009
-2.9594	-0.74968	0.021859
-2.9594	-0.71355	0.016588
-2.9594	-0.67742	0.0067021
-2.9594	-0.64129	0.00055086
-2.9594	-0.60516	0.002291
-2.9594	-0.56903	0.006881
-2.9594	-0.5329	0.0068022
-2.9594	-0.49677	0.0022655
-2.9594	-0.46064	0.00040023
-2.9594	-0.42451	0.0041719
-2.9594	-0.38838	0.007635
-2.9594	-0.35226	0.0052332
-2.9594	-0.31613	0.0008128
-2.9594	-0.28	0.0016268
-2.9594	-0.24387	0.0064879
-2.9594	-0.20774	0.0074886
-2.9594	-0.17162	0.0029787
-2.9594	-0.13549	0.00038699
-2.9594	-0.099357	0.0038576
-2.9594	-0.063226	0.0073892
-2.9594	-0.027097	0.0051013
-2.9594	0.0090325	0.00087124
-2.9594	0.045162	0.00098262
-2.9594	0.081291	0.0035566
-2.9594	0.11742	0.0032674
-2.9594	0.15355	0.00092617
-2.9594	0.2258	0.00066512
-2.9594	0.26194	0.0029655
-2.9594	0.29807	0.0072999
-2.9594	0.3342	0.0046001
-2.9594	0.37032	0.0074774
-2.9594	0.40645	0.12936
-2.9594	0.44258	0.57468
-2.9594	0.47871	1.4137
-2.9594	0.51484	2.3222
-2.9594	0.55097	2.6898
-2.9594	0.5871	2.1649
-2.9594	0.62323	1.087
-2.9594	0.65936	0.22491
-2.9594	0.69549	0.029621
-2.9594	0.73162	0.25503
-2.9594	0.76774	0.371
-2.9594	0.80387	0.2057
-2.9594	0.84	0.023165
-2.9594	0.87613	0.053356
-2.9594	0.91226	0.18487
-2.9594	0.94839	0.18972
-2.9594	0.98452	0.067653
-2.9594	1.0207	0.0058255
-2.9594	1.0568	0.075628
-2.9594	1.0929	0.14471
-2.9594	1.129	0.10092
-2.9594	1.1651	0.01692
-2.9594	1.2013	0.019427
-2.9594	1.2374	0.092105
-2.9594	1.2735	0.11359
-2.9594	1.3096	0.050872
-2.9594	1.3458	0.0034758
-2.9594	1.382	0.043038
-2.9594	1.4181	0.10423
-2.9594	1.4542	0.089825
-2.9594	1.4903	0.022394
-2.9594	1.5265	0.010969
-2.9594	1.5626	0.083469
-2.9594	1.5987	0.13671
-2.9594	1.6349	0.086029
-2.9594	1.6709	0.0088673
-2.9594	1.7071	0.076271
-2.9594	1.7432	0.34632
-2.9594	1.7793	0.67177
-2.9594	1.8155	0.8311
-2.9594	1.8516	0.73032
-2.9594	1.8878	0.46394
-2.9594	1.9239	0.20271
-2.9594	1.96	0.050667
-2.9594	1.9962	0.0032443
-2.9594	2.0323	0.0031666
-2.9594	2.0684	0.0070422
-2.9594	2.1045	0.0045337
-2.9594	2.1406	0.0010363
-2.9594	2.2129	0.00038764
-2.9594	2.2491	0.00046271
-2.9594	2.2851	0.00019458
-2.9356	-1.0387	0.00012595
-2.9356	-0.93032	0.00013696
-2.9356	-0.89419	0.00040079
-2.9356	-0.85806	0.00078356
-2.9356	-0.82193	0.0015571
-2.9356	-0.7858	0.0028384
-2.9356	-0.74968	0.0038338
-2.9356	-0.71355	0.003323
-2.9356	-0.67742	0.0014275
-2.9356	-0.60516	0.00087942
-2.9356	-0.56903	0.0024543
-2.9356	-0.5329	0.0023678
-2.9356	-0.49677	0.00070937
-2.9356	-0.46064	0.00027429
-2.9356	-0.42451	0.002188
-2.9356	-0.38838	0.0037031
-2.9356	-0.35226	0.0023515
-2.9356	-0.31613	0.00029531
-2.9356	-0.28	0.0012781
-2.9356	-0.24387	0.0042993
-2.9356	-0.20774	0.0046407
-2.9356	-0.17162	0.0016203
-2.9356	-0.13549	0.00040124
-2.9356	-0.099357	0.0037307
-2.9356	-0.063226	0.0067531
-2.9356	-0.027097	0.0045215
-2.9356	0.0090325	0.00061841
-2.9356	0.045162	0.0018003
-2.9356	0.081291	0.0065644
-2.9356	0.11742	0.0071774
-2.9356	0.15355	0.0026279
-2.9356	0.18968	0.00029869
-2.9356	0.2258	0.0030722
-2.9356	0.26194	0.004869
-2.9356	0.29807	0.0024375
-2.9356	0.3342	0.00023399
-2.9356	0.37032	0.00067541
-2.9356	0.40645	0.010324
-2.9356	0.44258	0.067256
-2.9356	0.47871	0.22682
-2.9356	0.51484	0.47191
-2.9356	0.55097	0.65371
-2.9356	0.5871	0.60121
-2.9356	0.62323	0.32753
-2.9356	0.65936	0.064361
-2.9356	0.69549	0.020549
-2.9356	0.73162	0.14244
-2.9356	0.76774	0.20228
-2.9356	0.80387	0.10862
-2.9356	0.84	0.009668
-2.9356	0.87613	0.050867
-2.9356	0.91226	0.15515
-2.9356	0.94839	0.15288
-2.9356	0.98452	0.048921
-2.9356	1.0207	0.0083274
-2.9356	1.0568	0.091012
-2.9356	1.0929	0.15997
-2.9356	1.129	0.10388
-2.9356	1.1651	0.013619
-2.9356	1.2013	0.033242
-2.9356	1.2374	0.12941
-2.9356	1.2735	0.14712
-2.9356	1.3096	0.05809
-2.9356	1.3458	0.0052301
-2.9356	1.382	0.075215
-2.9356	1.4181	0.15996
-2.9356	1.4542	0.12532
-2.9356	1.4903	0.024988
-2.9356	1.5265	0.025411
-2.9356	1.5626	0.14788
-2.9356	1.5987	0.21849
-2.9356	1.6349	0.12175
-2.9356	1.6709	0.010434
-2.9356	1.7071	0.16346
-2.9356	1.7432	0.64663
-2.9356	1.7793	1.1892
-2.9356	1.8155	1.4245
-2.9356	1.8516	1.2196
-2.9356	1.8878	0.75404
-2.9356	1.9239	0.31726
-2.9356	1.96	0.073403
-2.9356	1.9962	0.0035451
-2.9356	2.0323	0.007246
-2.9356	2.0684	0.013407
-2.9356	2.1045	0.0079366
-2.9356	2.1406	0.0015866
-2.9356	2.1768	0.00012477
-2.9356	2.2129	0.00090813
-2.9356	2.2491	0.00098629
-2.9356	2.2851	0.00038904
-2.9117	-1.0749	0.00019133
-2.9117	-1.0387	0.00025771
-2.9117	-0.93032	0.00056159
-2.9117	-0.89419	0.0017233
-2.9117	-0.85806	0.0027677
-2.9117	-0.82193	0.0028847
-2.9117	-0.7858	0.0021189
-2.9117	-0.74968	0.001201
-2.9117	-0.71355	0.00060079
-2.9117	-0.67742	0.0002263
-2.9117	-0.60516	0.00019444
-2.9117	-0.56903	0.00059225
-2.9117	-0.5329	0.00061177
-2.9117	-0.49677	0.0001808
-2.9117	-0.46064	0.00014984
-2.9117	-0.42451	0.00093942
-2.9117	-0.38838	0.0015168
-2.9117	-0.35226	0.00090171
-2.9117	-0.28	0.00085322
-2.9117	-0.24387	0.0024789
-2.9117	-0.20774	0.0024875
-2.9117	-0.17162	0.00073688
-2.9117	-0.13549	0.00040024
-2.9117	-0.099357	0.0029442
-2.9117	-0.063226	0.0049128
-2.9117	-0.027097	0.0030292
-2.9117	0.0090325	0.00031752
-2.9117	0.045162	0.0021615
-2.9117	0.081291	0.0070323
-2.9117	0.11742	0.0075897
-2.9117	0.15355	0.0026183
-2.9117	0.18968	0.00060272
-2.9117	0.2258	0.0065921
-2.9117	0.26194	0.012431
-2.9117	0.29807	0.0086548
-2.9117	0.3342	0.0011581
-2.9117	0.37032	0.0037568
-2.9117	0.40645	0.015441
-2.9117	0.44258	0.020388
-2.9117	0.47871	0.014932
-2.9117	0.51484	0.017091
-2.9117	0.55097	0.036495
-2.9117	0.5871	0.050899
-2.9117	0.62323	0.035539
-2.9117	0.65936	0.0069454
-2.9117	0.69549	0.006406
-2.9117	0.73162	0.036983
-2.9117	0.76774	0.052489
-2.9117	0.80387	0.027274
-2.9117	0.84	0.002089
-2.9117	0.87613	0.023934
-2.9117	0.91226	0.066168
-2.9117	0.94839	0.063218
-2.9117	0.98452	0.017898
-2.9117	1.0207	0.0069689
-2.9117	1.0568	0.059472
-2.9117	1.0929	0.099272
-2.9117	1.129	0.061364
-2.9117	1.1651	0.0063256
-2.9117	1.2013	0.033949
-2.9117	1.2374	0.11611
-2.9117	1.2735	0.1266
-2.9117	1.3096	0.045024
-2.9117	1.3458	0.0078307
-2.9117	1.382	0.096924
-2.9117	1.4181	0.19051
-2.9117	1.4542	0.14027
-2.9117	1.4903	0.022304
-2.9117	1.5265	0.048571
-2.9117	1.5626	0.23173
-2.9117	1.5987	0.31885
-2.9117	1.6349	0.15938
-2.9117	1.6709	0.016356
-2.9117	1.7071	0.3361
-2.9117	1.7432	1.2003
-2.9117	1.7793	2.1304
-2.9117	1.8155	2.5018
-2.9117	1.8516	2.1059
-2.9117	1.8878	1.2747
-2.9117	1.9239	0.5175
-2.9117	1.96	0.10999
-2.9117	1.9962	0.0040459
-2.9117	2.0323	0.016751
-2.9117	2.0684	0.026368
-2.9117	2.1045	0.014278
-2.9117	2.1406	0.0024254
-2.9117	2.1768	0.00038207
-2.9117	2.2129	0.0021051
-2.9117	2.2491	0.0020628
-2.9117	2.2851	0.00074246
-2.9117	2.3936	0.00017506
-2.8878	-1.0749	0.00029488
-2.8878	-1.0387	0.00037642
-2.8878	-1.0026	0.0001412
-2.8878	-0.93032	0.0013509
-2.8878	-0.89419	0.0042681
-2.8878	-0.85806	0.0075587
-2.8878	-0.82193	0.0090153
-2.8878	-0.7858	0.0075996
-2.8878	-0.74968	0.0044588
-2.8878	-0.71355	0.00167
-2.8878	-0.67742	0.00030548
-2.8878	-0.42451	0.00026448
-2.8878	-0.38838	0.00044925
-2.8878	-0.35226	0.00026723
-2.8878	-0.28	0.00046883
-2.8878	-0.24387	0.0012161
-2.8878	-0.20774	0.0011459
-2.8878	-0.17162	0.00028235
-2.8878	-0.13549	0.00035439
-2.8878	-0.099357	0.0020434
-2.8878	-0.063226	0.0031423
-2.8878	-0.027097	0.0017435
-2.8878	0.0090325	0.00016441
-2.8878	0.045162	0.0021462
-2.8878	0.081291	0.0061558
-2.8878	0.11742	0.0062707
-2.8878	0.15355	0.001863
-2.8878	0.18968	0.00097335
-2.8878	0.2258	0.0085671
-2.8878	0.26194	0.015874
-2.8878	0.29807	0.011176
-2.8878	0.3342	0.0013055
-2.8878	0.37032	0.01039
-2.8878	0.40645	0.049394
-2.8878	0.44258	0.094799
-2.8878	0.47871	0.10946
-2.8878	0.51484	0.082983
-2.8878	0.55097	0.040585
-2.8878	0.5871	0.01167
-2.8878	0.62323	0.0018155
-2.8878	0.65936	0.00015071
-2.8878	0.69549	0.00068985
-2.8878	0.73162	0.004095
-2.8878	0.76774	0.0066905
-2.8878	0.80387	0.0035575
-2.8878	0.84	0.00039691
-2.8878	0.87613	0.0068953
-2.8878	0.91226	0.017541
-2.8878	0.94839	0.016083
-2.8878	0.98452	0.0038013
-2.8878	1.0207	0.003557
-2.8878	1.0568	0.023358
-2.8878	1.0929	0.036434
-2.8878	1.129	0.020781
-2.8878	1.1651	0.0017348
-2.8878	1.2013	0.019064
-2.8878	1.2374	0.057726
-2.8878	1.2735	0.0597
-2.8878	1.3096	0.018531
-2.8878	1.3458	0.0070639
-2.8878	1.382	0.067849
-2.8878	1.4181	0.12542
-2.8878	1.4542	0.087484
-2.8878	1.4903	0.010924
-2.8878	1.5265	0.052224
-2.8878	1.5626	0.21707
-2.8878	1.5987	0.28751
-2.8878	1.6349	0.1313
-2.8878	1.6709	0.024338
-2.8878	1.7071	0.4677
-2.8878	1.7432	1.5904
-2.8878	1.7793	2.8386
-2.8878	1.8155	3.3942
-2.8878	1.8516	2.9107
-2.8878	1.8878	1.7826
-2.8878	1.9239	0.71856
-2.8878	1.96	0.14272
-2.8878	1.9962	0.004859
-2.8878	2.0323	0.034711
-2.8878	2.0684	0.04838
-2.8878	2.1045	0.024338
-2.8878	2.1406	0.0034679
-2.8878	2.1768	0.0011368
-2.8878	2.2129	0.0047432
-2.8878	2.2491	0.004235
-2.8878	2.2851	0.0013799
-2.8878	2.3575	0.00026416
-2.8878	2.3936	0.00042106
-2.8878	2.4296	0.00020519
-2.8641	-2.1948	0.00013137
-2.8641	-2.1587	0.00017283
-2.8641	-2.1226	0.00015925
-2.8641	-1.111	0.00012896
-2.8641	-1.0749	0.0004084
-2.8641	-1.0387	0.00048212
-2.8641	-1.0026	0.00014721
-2.8641	-0.96645	0.00025016
-2.8641	-0.93032	0.0025438
-2.8641	-0.89419	0.0078505
-2.8641	-0.85806	0.01424
-2.8641	-0.82193	0.017804
-2.8641	-0.7858	0.015986
-2.8641	-0.74968	0.010081
-2.8641	-0.71355	0.0039999
-2.8641	-0.67742	0.00067501
-2.8641	-0.60516	0.00037268
-2.8641	-0.56903	0.00042381
-2.8641	-0.5329	0.00020112
-2.8641	-0.28	0.0001759
-2.8641	-0.24387	0.0004348
-2.8641	-0.20774	0.00040129
-2.8641	-0.13549	0.00025976
-2.8641	-0.099357	0.0012136
-2.8641	-0.063226	0.0017394
-2.8641	-0.027097	0.00085449
-2.8641	0.045162	0.0018618
-2.8641	0.081291	0.0047518
-2.8641	0.11742	0.0045029
-2.8641	0.15355	0.0010875
-2.8641	0.18968	0.0013145
-2.8641	0.2258	0.0090815
-2.8641	0.26194	0.015885
-2.8641	0.29807	0.010498
-2.8641	0.3342	0.0010473
-2.8641	0.37032	0.017199
-2.8641	0.40645	0.078458
-2.8641	0.44258	0.16182
-2.8641	0.47871	0.21305
-2.8641	0.51484	0.19633
-2.8641	0.55097	0.12765
-2.8641	0.5871	0.055212
-2.8641	0.62323	0.013142
-2.8641	0.65936	0.00081206
-2.8641	0.69549	0.00041093
-2.8641	0.73162	0.00062975
-2.8641	0.76774	0.00027517
-2.8641	0.87613	0.0010954
-2.8641	0.91226	0.0028797
-2.8641	0.94839	0.0027178
-2.8641	0.98452	0.00052169
-2.8641	1.0207	0.0013797
-2.8641	1.0568	0.0072454
-2.8641	1.0929	0.010644
-2.8641	1.129	0.0055108
-2.8641	1.1651	0.00049263
-2.8641	1.2013	0.0082718
-2.8641	1.2374	0.022145
-2.8641	1.2735	0.021186
-2.8641	1.3096	0.0054071
-2.8641	1.3458	0.0045178
-2.8641	1.382	0.032949
-2.8641	1.4181	0.055857
-2.8641	1.4542	0.03545
-2.8641	1.4903	0.0034108
-2.8641	1.5265	0.03386
-2.8641	1.5626	0.12225
-2.8641	1.5987	0.15208
-2.8641	1.6349	0.060792
-2.8641	1.6709	0.023775
-2.8641	1.7071	0.36108
-2.8641	1.7432	1.1745
-2.8641	1.7793	2.11
-2.8641	1.8155	2.5806
-2.8641	1.8516	2.2753
-2.8641	1.8878	1.4288
-2.8641	1.9239	0.58123
-2.8641	1.96	0.10892
-2.8641	1.9962	0.0051496
-2.8641	2.0323	0.044469
-2.8641	2.0684	0.057616
-2.8641	2.1045	0.027809
-2.8641	2.1406	0.0033361
-2.8641	2.1768	0.0023377
-2.8641	2.2129	0.0079114
-2.8641	2.2491	0.0066814
-2.8641	2.2851	0.0020118
-2.8641	2.3575	0.00060983
-2.8641	2.3936	0.000862
-2.8641	2.4296	0.00039155
-2.8403	-2.1948	0.00014824
-2.8403	-2.1587	0.0002014
-2.8403	-2.1226	0.00019458
-2.8403	-2.0865	0.00013306
-2.8403	-1.111	0.00019531
-2.8403	-1.0749	0.0005502
-2.8403	-1.0387	0.00059391
-2.8403	-1.0026	0.00013976
-2.8403	-0.96645	0.00052939
-2.8403	-0.93032	0.004422
-2.8403	-0.89419	0.013113
-2.8403	-0.85806	0.023693
-2.8403	-0.82193	0.029934
-2.8403	-0.7858	0.02734
-2.8403	-0.74968	0.017524
-2.8403	-0.71355	0.0069362
-2.8403	-0.67742	0.0010418
-2.8403	-0.64129	0.00021039
-2.8403	-0.60516	0.0011718
-2.8403	-0.56903	0.0013022
-2.8403	-0.5329	0.00057357
-2.8403	-0.42451	0.0001937
-2.8403	-0.38838	0.00015548
-2.8403	-0.13549	0.00013585
-2.8403	-0.099357	0.0005425
-2.8403	-0.063226	0.0007495
-2.8403	-0.027097	0.00032206
-2.8403	0.045162	0.0013928
-2.8403	0.081291	0.0032186
-2.8403	0.11742	0.0028272
-2.8403	0.15355	0.00052424
-2.8403	0.18968	0.001523
-2.8403	0.2258	0.0084837
-2.8403	0.26194	0.013887
-2.8403	0.29807	0.0083495
-2.8403	0.3342	0.00095267
-2.8403	0.37032	0.022891
-2.8403	0.40645	0.097324
-2.8403	0.44258	0.2028
-2.8403	0.47871	0.27759
-2.8403	0.51484	0.27086
-2.8403	0.55097	0.18941
-2.8403	0.5871	0.089147
-2.8403	0.62323	0.022764
-2.8403	0.65936	0.0012119
-2.8403	0.69549	0.0025136
-2.8403	0.73162	0.0047487
-2.8403	0.76774	0.0027785
-2.8403	0.80387	0.00056961
-2.8403	0.94839	0.00012029
-2.8403	1.0207	0.00034172
-2.8403	1.0568	0.0015705
-2.8403	1.0929	0.00234
-2.8403	1.129	0.0011377
-2.8403	1.1651	0.00018908
-2.8403	1.2013	0.0031141
-2.8403	1.2374	0.0076081
-2.8403	1.2735	0.0067931
-2.8403	1.3096	0.0013759
-2.8403	1.3458	0.0025588
-2.8403	1.382	0.014687
-2.8403	1.4181	0.022811
-2.8403	1.4542	0.012904
-2.8403	1.4903	0.0011398
-2.8403	1.5265	0.018997
-2.8403	1.5626	0.059578
-2.8403	1.5987	0.067944
-2.8403	1.6349	0.022525
-2.8403	1.6709	0.018673
-2.8403	1.7071	0.21549
-2.8403	1.7432	0.6546
-2.8403	1.7793	1.1459
-2.8403	1.8155	1.3843
-2.8403	1.8516	1.2105
-2.8403	1.8878	0.75166
-2.8403	1.9239	0.29711
-2.8403	1.96	0.049918
-2.8403	1.9962	0.0044381
-2.8403	2.0323	0.032704
-2.8403	2.0684	0.038997
-2.8403	2.1045	0.017693
-2.8403	2.1406	0.001701
-2.8403	2.1768	0.0025432
-2.8403	2.2129	0.007237
-2.8403	2.2491	0.0058289
-2.8403	2.2851	0.0016189
-2.8403	2.3575	0.00080094
-2.8403	2.3936	0.0010429
-2.8403	2.4296	0.00045205
-2.8165	-2.1948	0.00014797
-2.8165	-2.1587	0.00020348
-2.8165	-2.1226	0.00019964
-2.8165	-2.0865	0.0001383
-2.8165	-1.111	0.00024806
-2.8165	-1.0749	0.00065003
-2.8165	-1.0387	0.00065538
-2.8165	-0.96645	0.0010144
-2.8165	-0.93032	0.0072838
-2.8165	-0.89419	0.020971
-2.8165	-0.85806	0.037759
-2.8165	-0.82193	0.047903
-2.8165	-0.7858	0.043945
-2.8165	-0.74968	0.028089
-2.8165	-0.71355	0.01079
-2.8165	-0.67742	0.0013736
-2.8165	-0.64129	0.00062791
-2.8165	-0.60516	0.0027428
-2.8165	-0.56903	0.0028798
-2.8165	-0.5329	0.0011719
-2.8165	-0.46064	0.00037082
-2.8165	-0.42451	0.00084756
-2.8165	-0.38838	0.00065019
-2.8165	-0.35226	0.00018108
-2.8165	-0.063226	0.00017156
-2.8165	0.045162	0.00082058
-2.8165	0.081291	0.0017726
-2.8165	0.11742	0.0014555
-2.8165	0.15355	0.00019776
-2.8165	0.18968	0.0015119
-2.8165	0.2258	0.0070383
-2.8165	0.26194	0.01082
-2.8165	0.29807	0.0058036
-2.8165	0.3342	0.0011724
-2.8165	0.37032	0.026683
-2.8165	0.40645	0.10591
-2.8165	0.44258	0.21955
-2.8165	0.47871	0.30478
-2.8165	0.51484	0.30404
-2.8165	0.55097	0.21778
-2.8165	0.5871	0.10417
-2.8165	0.62323	0.02586
-2.8165	0.65936	0.0011172
-2.8165	0.69549	0.0056142
-2.8165	0.73162	0.010053
-2.8165	0.76774	0.0062407
-2.8165	0.80387	0.0012614
-2.8165	0.84	0.0001694
-2.8165	0.87613	0.0010132
-2.8165	0.91226	0.0010289
-2.8165	0.94839	0.00037891
-2.8165	1.0929	0.00018331
-2.8165	1.2013	0.0008421
-2.8165	1.2374	0.0020327
-2.8165	1.2735	0.0017801
-2.8165	1.3096	0.00028518
-2.8165	1.3458	0.0012632
-2.8165	1.382	0.0060529
-2.8165	1.4181	0.0088052
-2.8165	1.4542	0.0044428
-2.8165	1.4903	0.0005516
-2.8165	1.5265	0.010302
-2.8165	1.5626	0.028681
-2.8165	1.5987	0.030015
-2.8165	1.6349	0.0079829
-2.8165	1.6709	0.013951
-2.8165	1.7071	0.12644
-2.8165	1.7432	0.35932
-2.8165	1.7793	0.60859
-2.8165	1.8155	0.71794
-2.8165	1.8516	0.61339
-2.8165	1.8878	0.36948
-2.8165	1.9239	0.13835
-2.8165	1.96	0.019864
-2.8165	1.9962	0.0036538
-2.8165	2.0323	0.02007
-2.8165	2.0684	0.021513
-2.8165	2.1045	0.0088092
-2.8165	2.1406	0.00063314
-2.8165	2.1768	0.0019673
-2.8165	2.2129	0.0046672
-2.8165	2.2491	0.003454
-2.8165	2.2851	0.00083723
-2.8165	2.3575	0.00063668
-2.8165	2.3936	0.0007477
-2.8165	2.4296	0.00029935
-2.7927	-2.1948	0.00012612
-2.7927	-2.1587	0.00017854
-2.7927	-2.1226	0.00017974
-2.7927	-2.0865	0.00012657
-2.7927	-1.111	0.00016492
-2.7927	-1.0749	0.00042479
-2.7927	-1.0387	0.00041733
-2.7927	-0.96645	0.0012289
-2.7927	-0.93032	0.0082389
-2.7927	-0.89419	0.02435
-2.7927	-0.85806	0.04584
-2.7927	-0.82193	0.060892
-2.7927	-0.7858	0.058123
-2.7927	-0.74968	0.038083
-2.7927	-0.71355	0.014439
-2.7927	-0.67742	0.0015319
-2.7927	-0.64129	0.0015469
-2.7927	-0.60516	0.0055317
-2.7927	-0.56903	0.0054855
-2.7927	-0.5329	0.0020326
-2.7927	-0.46064	0.0011772
-2.7927	-0.42451	0.0023911
-2.7927	-0.38838	0.0017333
-2.7927	-0.35226	0.00038815
-2.7927	-0.28	0.00059876
-2.7927	-0.24387	0.00073388
-2.7927	-0.20774	0.00032939
-2.7927	0.045162	0.00027014
-2.7927	0.081291	0.00059804
-2.7927	0.11742	0.00048117
-2.7927	0.18968	0.0012139
-2.7927	0.2258	0.0049222
-2.7927	0.26194	0.0072343
-2.7927	0.29807	0.0034172
-2.7927	0.3342	0.0015776
-2.7927	0.37032	0.027741
-2.7927	0.40645	0.10419
-2.7927	0.44258	0.21511
-2.7927	0.47871	0.30151
-2.7927	0.51484	0.30465
-2.7927	0.55097	0.22026
-2.7927	0.5871	0.10476
-2.7927	0.62323	0.024369
-2.7927	0.65936	0.0010441
-2.7927	0.69549	0.009049
-2.7927	0.73162	0.014773
-2.7927	0.76774	0.0088604
-2.7927	0.80387	0.0015517
-2.7927	0.84	0.00057523
-2.7927	0.87613	0.0028224
-2.7927	0.91226	0.0030214
-2.7927	0.94839	0.0012115
-2.7927	1.0207	0.00024328
-2.7927	1.0568	0.00042963
-2.7927	1.0929	0.00022074
-2.7927	1.2374	0.00022045
-2.7927	1.2735	0.00023783
-2.7927	1.3458	0.0004497
-2.7927	1.382	0.0019667
-2.7927	1.4181	0.0028313
-2.7927	1.4542	0.0013037
-2.7927	1.4903	0.00033128
-2.7927	1.5265	0.0051292
-2.7927	1.5626	0.013102
-2.7927	1.5987	0.012756
-2.7927	1.6349	0.0026565
-2.7927	1.6709	0.0099069
-2.7927	1.7071	0.074131
-2.7927	1.7432	0.20004
-2.7927	1.7793	0.33051
-2.7927	1.8155	0.38277
-2.7927	1.8516	0.32047
-2.7927	1.8878	0.18733
-2.7927	1.9239	0.066123
-2.7927	1.96	0.0078609
-2.7927	1.9962	0.0030299
-2.7927	2.0323	0.012475
-2.7927	2.0684	0.012024
-2.7927	2.1045	0.0043711
-2.7927	2.1406	0.00023861
-2.7927	2.1768	0.0014602
-2.7927	2.2129	0.0029164
-2.7927	2.2491	0.0019495
-2.7927	2.2851	0.0003955
-2.7927	2.3575	0.00044827
-2.7927	2.3936	0.00046575
-2.7927	2.4296	0.00016604
-2.7688	-2.1587	0.00012166
-2.7688	-2.1226	0.00012935
-2.7688	-1.0749	0.00013638
-2.7688	-1.0387	0.00012645
-2.7688	-0.96645	0.00070606
-2.7688	-0.93032	0.0044997
-2.7688	-0.89419	0.013785
-2.7688	-0.85806	0.02755
-2.7688	-0.82193	0.039184
-2.7688	-0.7858	0.040062
-2.7688	-0.74968	0.027844
-2.7688	-0.71355	0.010785
-2.7688	-0.67742	0.00096432
-2.7688	-0.64129	0.0022162
-2.7688	-0.60516	0.007066
-2.7688	-0.56903	0.0069427
-2.7688	-0.5329	0.0024134
-2.7688	-0.49677	0.00020084
-2.7688	-0.46064	0.0025737
-2.7688	-0.42451	0.0048585
-2.7688	-0.38838	0.0033779
-2.7688	-0.35226	0.00061453
-2.7688	-0.31613	0.00042421
-2.7688	-0.28	0.0021252
-2.7688	-0.24387	0.0024803
-2.7688	-0.20774	0.0010281
-2.7688	-0.13549	0.00056408
-2.7688	-0.099357	0.0011357
-2.7688	-0.063226	0.00078407
-2.7688	-0.027097	0.00017366
-2.7688	0.045162	0.00013342
-2.7688	0.081291	0.00013819
-2.7688	0.18968	0.00063185
-2.7688	0.2258	0.0023685
-2.7688	0.26194	0.0035237
-2.7688	0.29807	0.001471
-2.7688	0.3342	0.0018367
-2.7688	0.37032	0.02476
-2.7688	0.40645	0.090454
-2.7688	0.44258	0.18909
-2.7688	0.47871	0.27039
-2.7688	0.51484	0.27821
-2.7688	0.55097	0.20315
-2.7688	0.5871	0.095574
-2.7688	0.62323	0.020426
-2.7688	0.65936	0.001305
-2.7688	0.69549	0.012421
-2.7688	0.73162	0.018459
-2.7688	0.76774	0.010404
-2.7688	0.80387	0.0014936
-2.7688	0.84	0.0013018
-2.7688	0.87613	0.0051045
-2.7688	0.91226	0.0052275
-2.7688	0.94839	0.0019695
-2.7688	0.98452	0.0001386
-2.7688	1.0207	0.00092878
-2.7688	1.0568	0.001704
-2.7688	1.0929	0.0010622
-2.7688	1.129	0.00019327
-2.7688	1.2013	0.00026345
-2.7688	1.2374	0.0001873
-2.7688	1.382	0.00029018
-2.7688	1.4181	0.00050742
-2.7688	1.4542	0.0002414
-2.7688	1.4903	0.00016219
-2.7688	1.5265	0.0020073
-2.7688	1.5626	0.0050027
-2.7688	1.5987	0.0046955
-2.7688	1.6349	0.00076886
-2.7688	1.6709	0.0062703
-2.7688	1.7071	0.040927
-2.7688	1.7432	0.10734
-2.7688	1.7793	0.17581
-2.7688	1.8155	0.20241
-2.7688	1.8516	0.16769
-2.7688	1.8878	0.095776
-2.7688	1.9239	0.031892
-2.7688	1.96	0.0030404
-2.7688	1.9962	0.0024687
-2.7688	2.0323	0.0079387
-2.7688	2.0684	0.0069333
-2.7688	2.1045	0.0022182
-2.7688	2.1768	0.0011051
-2.7688	2.2129	0.0018942
-2.7688	2.2491	0.0011413
-2.7688	2.2851	0.00018804
-2.7688	2.3575	0.00032398
-2.7688	2.3936	0.00029829
-2.745	-0.96645	0.00026359
-2.745	-0.93032	0.0015896
-2.745	-0.89419	0.0049255
-2.745	-0.85806	0.010097
-2.745	-0.82193	0.01477
-2.745	-0.7858	0.01549
-2.745	-0.74968	0.010924
-2.745	-0.71355	0.0041197
-2.745	-0.67742	0.00029502
-2.745	-0.64129	0.0014859
-2.745	-0.60516	0.0042674
-2.745	-0.56903	0.0041179
-2.745	-0.5329	0.0013175
-2.745	-0.49677	0.00023518
-2.745	-0.46064	0.0026315
-2.745	-0.42451	0.0048037
-2.745	-0.38838	0.0032941
-2.745	-0.35226	0.00049037
-2.745	-0.31613	0.00091139
-2.745	-0.28	0.0038302
-2.745	-0.24387	0.0044147
-2.745	-0.20774	0.0017204
-2.745	-0.17162	0.00017794
-2.745	-0.13549	0.0021117
-2.745	-0.099357	0.0040546
-2.745	-0.063226	0.002805
-2.745	-0.027097	0.0004862
-2.745	0.0090325	0.00043095
-2.745	0.045162	0.0018243
-2.745	0.081291	0.001927
-2.745	0.11742	0.00073697
-2.745	0.18968	0.00032592
-2.745	0.2258	0.00067512
-2.745	0.26194	0.00076889
-2.745	0.29807	0.00025101
-2.745	0.3342	0.0014863
-2.745	0.37032	0.016051
-2.745	0.40645	0.060793
-2.745	0.44258	0.13558
-2.745	0.47871	0.20587
-2.745	0.51484	0.22216
-2.745	0.55097	0.16724
-2.745	0.5871	0.078752
-2.745	0.62323	0.015365
-2.745	0.65936	0.001952
-2.745	0.69549	0.015298
-2.745	0.73162	0.02091
-2.745	0.76774	0.010973
-2.745	0.80387	0.0012527
-2.745	0.84	0.0023995
-2.745	0.87613	0.0077193
-2.745	0.91226	0.007386
-2.745	0.94839	0.0024972
-2.745	0.98452	0.00022936
-2.745	1.0207	0.0021217
-2.745	1.0568	0.0036043
-2.745	1.0929	0.0022002
-2.745	1.129	0.00033915
-2.745	1.1651	0.00036649
-2.745	1.2013	0.0012403
-2.745	1.2374	0.0011566
-2.745	1.2735	0.00037356
-2.745	1.3458	0.00016095
-2.745	1.382	0.00018036
-2.745	1.5265	0.00037584
-2.745	1.5626	0.0011132
-2.745	1.5987	0.0011498
-2.745	1.6349	0.00017056
-2.745	1.6709	0.003058
-2.745	1.7071	0.018848
-2.745	1.7432	0.05024
-2.745	1.7793	0.084271
-2.745	1.8155	0.098865
-2.745	1.8516	0.082622
-2.745	1.8878	0.046753
-2.745	1.9239	0.014761
-2.745	1.96	0.0010924
-2.745	1.9962	0.0019088
-2.745	2.0323	0.0050075
-2.745	2.0684	0.0039987
-2.745	2.1045	0.0011149
-2.745	2.1768	0.00084033
-2.745	2.2129	0.0012587
-2.745	2.2491	0.00068367
-2.745	2.3575	0.00024153
-2.745	2.3936	0.00019825
-2.7211	-2.2671	0.00024385
-2.7211	-2.2309	0.0004155
-2.7211	-2.1948	0.00043181
-2.7211	-2.1587	0.00031052
-2.7211	-2.1226	0.00016259
-2.7211	-0.93032	0.00037514
-2.7211	-0.89419	0.001274
-2.7211	-0.85806	0.002833
-2.7211	-0.82193	0.0044061
-2.7211	-0.7858	0.0048061
-2.7211	-0.74968	0.0034266
-2.7211	-0.71355	0.0012275
-2.7211	-0.64129	0.00071452
-2.7211	-0.60516	0.0018091
-2.7211	-0.56903	0.0016277
-2.7211	-0.5329	0.00044054
-2.7211	-0.49677	0.00018106
-2.7211	-0.46064	0.0015057
-2.7211	-0.42451	0.0025344
-2.7211	-0.38838	0.0016135
-2.7211	-0.35226	0.00018148
-2.7211	-0.31613	0.00084371
-2.7211	-0.28	0.0030272
-2.7211	-0.24387	0.0033742
-2.7211	-0.20774	0.0011989
-2.7211	-0.17162	0.00027945
-2.7211	-0.13549	0.0029247
-2.7211	-0.099357	0.0054742
-2.7211	-0.063226	0.0037632
-2.7211	-0.027097	0.00051675
-2.7211	0.0090325	0.0015353
-2.7211	0.045162	0.0058137
-2.7211	0.081291	0.0065916
-2.7211	0.11742	0.0025928
-2.7211	0.15355	0.00028325
-2.7211	0.18968	0.0028769
-2.7211	0.2258	0.0052472
-2.7211	0.26194	0.003282
-2.7211	0.29807	0.00045393
-2.7211	0.3342	0.0012852
-2.7211	0.37032	0.0071269
-2.7211	0.40645	0.023047
-2.7211	0.44258	0.057004
-2.7211	0.47871	0.10155
-2.7211	0.51484	0.12634
-2.7211	0.55097	0.10578
-2.7211	0.5871	0.052754
-2.7211	0.62323	0.0097097
-2.7211	0.65936	0.0026626
-2.7211	0.69549	0.016512
-2.7211	0.73162	0.021343
-2.7211	0.76774	0.010506
-2.7211	0.80387	0.00098437
-2.7211	0.84	0.0038737
-2.7211	0.87613	0.010558
-2.7211	0.91226	0.0093961
-2.7211	0.94839	0.0027804
-2.7211	0.98452	0.00048281
-2.7211	1.0207	0.003963
-2.7211	1.0568	0.0061138
-2.7211	1.0929	0.0034707
-2.7211	1.129	0.00042601
-2.7211	1.1651	0.0010204
-2.7211	1.2013	0.003092
-2.7211	1.2374	0.0028788
-2.7211	1.2735	0.00089942
-2.7211	1.3458	0.00094129
-2.7211	1.382	0.0014156
-2.7211	1.4181	0.00075437
-2.7211	1.5265	0.00021202
-2.7211	1.5626	0.00012859
-2.7211	1.6709	0.00071059
-2.7211	1.7071	0.0051422
-2.7211	1.7432	0.016009
-2.7211	1.7793	0.030219
-2.7211	1.8155	0.038618
-2.7211	1.8516	0.034162
-2.7211	1.8878	0.019818
-2.7211	1.9239	0.006037
-2.7211	1.96	0.00034467
-2.7211	1.9962	0.0013371
-2.7211	2.0323	0.002985
-2.7211	2.0684	0.0022053
-2.7211	2.1045	0.00052932
-2.7211	2.1768	0.00062429
-2.7211	2.2129	0.00083075
-2.7211	2.2491	0.00040664
-2.7211	2.3575	0.00018187
-2.7211	2.3936	0.00013382
-2.6973	-2.4116	0.00013721
-2.6973	-2.3033	0.00018665
-2.6973	-2.2671	0.00087284
-2.6973	-2.2309	0.0017561
-2.6973	-2.1948	0.0021579
-2.6973	-2.1587	0.0017861
-2.6973	-2.1226	0.001014
-2.6973	-2.0865	0.00037838
-2.6973	-0.89419	0.00015529
-2.6973	-0.85806	0.00039312
-2.6973	-0.82193	0.0007624
-2.6973	-0.7858	0.00099417
-2.6973	-0.74968	0.00079403
-2.6973	-0.71355	0.00028851
-2.6973	-0.64129	0.00029003
-2.6973	-0.60516	0.00067433
-2.6973	-0.56903	0.00056969
-2.6973	-0.5329	0.00012541
-2.6973	-0.49677	0.00012099
-2.6973	-0.46064	0.00074828
-2.6973	-0.42451	0.0011376
-2.6973	-0.38838	0.00064201
-2.6973	-0.31613	0.0005651
-2.6973	-0.28	0.0016969
-2.6973	-0.24387	0.0017244
-2.6973	-0.20774	0.00051126
-2.6973	-0.17162	0.00026852
-2.6973	-0.13549	0.0021455
-2.6973	-0.099357	0.0037037
-2.6973	-0.063226	0.0023475
-2.6973	-0.027097	0.00024687
-2.6973	0.0090325	0.0019015
-2.6973	0.045162	0.0063907
-2.6973	0.081291	0.0072008
-2.6973	0.11742	0.002625
-2.6973	0.15355	0.0006477
-2.6973	0.18968	0.0071655
-2.6973	0.2258	0.01423
-2.6973	0.26194	0.010475
-2.6973	0.29807	0.0015138
-2.6973	0.3342	0.0062284
-2.6973	0.37032	0.029304
-2.6973	0.40645	0.051601
-2.6973	0.44258	0.055678
-2.6973	0.47871	0.047366
-2.6973	0.51484	0.040627
-2.6973	0.55097	0.03416
-2.6973	0.5871	0.019701
-2.6973	0.62323	0.0040047
-2.6973	0.65936	0.0021821
-2.6973	0.69549	0.012343
-2.6973	0.73162	0.016505
-2.6973	0.76774	0.008093
-2.6973	0.80387	0.00079098
-2.6973	0.84	0.005233
-2.6973	0.87613	0.012691
-2.6973	0.91226	0.010691
-2.6973	0.94839	0.0027547
-2.6973	0.98452	0.0010487
-2.6973	1.0207	0.0066175
-2.6973	1.0568	0.0092952
-2.6973	1.0929	0.0048119
-2.6973	1.129	0.00047623
-2.6973	1.1651	0.0023484
-2.6973	1.2013	0.006185
-2.6973	1.2374	0.0054248
-2.6973	1.2735	0.001486
-2.6973	1.3096	0.00036474
-2.6973	1.3458	0.0028603
-2.6973	1.382	0.004261
-2.6973	1.4181	0.0023604
-2.6973	1.4542	0.0002522
-2.6973	1.4903	0.00066832
-2.6973	1.5265	0.002031
-2.6973	1.5626	0.0018132
-2.6973	1.5987	0.00051726
-2.6973	1.6709	0.00042377
-2.6973	1.7071	0.0006287
-2.6973	1.7432	0.0013535
-2.6973	1.7793	0.0040273
-2.6973	1.8155	0.0075328
-2.6973	1.8516	0.0085373
-2.6973	1.8878	0.0057372
-2.6973	1.9239	0.0018067
-2.6973	1.9962	0.00077452
-2.6973	2.0323	0.0015484
-2.6973	2.0684	0.0010821
-2.6973	2.1045	0.00022063
-2.6973	2.1768	0.00043636
-2.6973	2.2129	0.0005248
-2.6973	2.2491	0.00023151
-2.6973	2.3575	0.00013511
-2.6736	-2.3033	0.00021101
-2.6736	-2.2671	0.0010164
-2.6736	-2.2309	0.0023569
-2.6736	-2.1948	0.0035103
-2.6736	-2.1587	0.0036177
-2.6736	-2.1226	0.0025764
-2.6736	-2.0865	0.0011865
-2.6736	-2.0503	0.00028589
-2.6736	-0.96645	0.00016511
-2.6736	-0.93032	0.00041585
-2.6736	-0.89419	0.00056439
-2.6736	-0.85806	0.00048554
-2.6736	-0.82193	0.00028376
-2.6736	-0.7858	0.00013895
-2.6736	-0.60516	0.000178
-2.6736	-0.56903	0.00015188
-2.6736	-0.46064	0.0003344
-2.6736	-0.42451	0.00046907
-2.6736	-0.38838	0.0002333
-2.6736	-0.31613	0.00035092
-2.6736	-0.28	0.00089885
-2.6736	-0.24387	0.00082278
-2.6736	-0.20774	0.00019359
-2.6736	-0.17162	0.00022349
-2.6736	-0.13549	0.0013615
-2.6736	-0.099357	0.0021109
-2.6736	-0.063226	0.0011702
-2.6736	0.0090325	0.0015974
-2.6736	0.045162	0.0046303
-2.6736	0.081291	0.00482
-2.6736	0.11742	0.0014606
-2.6736	0.15355	0.00088061
-2.6736	0.18968	0.0076685
-2.6736	0.2258	0.014666
-2.6736	0.26194	0.010638
-2.6736	0.29807	0.0012653
-2.6736	0.3342	0.012763
-2.6736	0.37032	0.062822
-2.6736	0.40645	0.1304
-2.6736	0.44258	0.16794
-2.6736	0.47871	0.14852
-2.6736	0.51484	0.091926
-2.6736	0.55097	0.038981
-2.6736	0.5871	0.010701
-2.6736	0.62323	0.0014271
-2.6736	0.65936	0.00039582
-2.6736	0.69549	0.0030744
-2.6736	0.73162	0.0052676
-2.6736	0.76774	0.0031369
-2.6736	0.80387	0.00055862
-2.6736	0.84	0.0039476
-2.6736	0.87613	0.0095935
-2.6736	0.91226	0.0083117
-2.6736	0.94839	0.0019987
-2.6736	0.98452	0.0017803
-2.6736	1.0207	0.0088892
-2.6736	1.0568	0.011803
-2.6736	1.0929	0.0056418
-2.6736	1.129	0.00054517
-2.6736	1.1651	0.0046729
-2.6736	1.2013	0.01086
-2.6736	1.2374	0.0088749
-2.6736	1.2735	0.0020323
-2.6736	1.3096	0.0011192
-2.6736	1.3458	0.006882
-2.6736	1.382	0.009598
-2.6736	1.4181	0.0050014
-2.6736	1.4542	0.00041897
-2.6736	1.4903	0.00256
-2.6736	1.5265	0.0073397
-2.6736	1.5626	0.0069909
-2.6736	1.5987	0.0021421
-2.6736	1.6349	0.00047508
-2.6736	1.6709	0.0052491
-2.6736	1.7071	0.011058
-2.6736	1.7432	0.011604
-2.6736	1.7793	0.0072071
-2.6736	1.8155	0.0026665
-2.6736	1.8516	0.00073608
-2.6736	1.8878	0.00042105
-2.6736	1.9239	0.00018759
-2.6736	1.9962	0.00028333
-2.6736	2.0323	0.00056601
-2.6736	2.0684	0.00039921
-2.6736	2.1768	0.00026829
-2.6736	2.2129	0.00029884
-2.6498	-2.3033	0.00016609
-2.6498	-2.2671	0.0007312
-2.6498	-2.2309	0.0016769
-2.6498	-2.1948	0.0025742
-2.6498	-2.1587	0.0028348
-2.6498	-2.1226	0.0022324
-2.6498	-2.0865	0.0011667
-2.6498	-2.0503	0.00031596
-2.6498	-0.96645	0.00051457
-2.6498	-0.93032	0.0013914
-2.6498	-0.89419	0.0022012
-2.6498	-0.85806	0.0023587
-2.6498	-0.82193	0.0017654
-2.6498	-0.7858	0.00089034
-2.6498	-0.74968	0.00026559
-2.6498	-0.42451	0.00014772
-2.6498	-0.31613	0.00019345
-2.6498	-0.28	0.00043672
-2.6498	-0.24387	0.00036331
-2.6498	-0.17162	0.00017086
-2.6498	-0.13549	0.0008262
-2.6498	-0.099357	0.0011559
-2.6498	-0.063226	0.00054934
-2.6498	0.0090325	0.0012248
-2.6498	0.045162	0.0030872
-2.6498	0.081291	0.0029051
-2.6498	0.11742	0.00068677
-2.6498	0.15355	0.00097071
-2.6498	0.18968	0.0064872
-2.6498	0.2258	0.011409
-2.6498	0.26194	0.0075304
-2.6498	0.29807	0.00078424
-2.6498	0.3342	0.015375
-2.6498	0.37032	0.07076
-2.6498	0.40645	0.15191
-2.6498	0.44258	0.21102
-2.6498	0.47871	0.20748
-2.6498	0.51484	0.14577
-2.6498	0.55097	0.069289
-2.6498	0.5871	0.018565
-2.6498	0.62323	0.0013531
-2.6498	0.65936	0.0010911
-2.6498	0.69549	0.0024655
-2.6498	0.73162	0.0018845
-2.6498	0.76774	0.00084477
-2.6498	0.80387	0.00019356
-2.6498	0.84	0.00064754
-2.6498	0.87613	0.0020721
-2.6498	0.91226	0.0022201
-2.6498	0.94839	0.00064925
-2.6498	0.98452	0.0012936
-2.6498	1.0207	0.0056517
-2.6498	1.0568	0.0077634
-2.6498	1.0929	0.0036623
-2.6498	1.129	0.00055393
-2.6498	1.1651	0.0060342
-2.6498	1.2013	0.013277
-2.6498	1.2374	0.010562
-2.6498	1.2735	0.002015
-2.6498	1.3096	0.0026633
-2.6498	1.3458	0.013265
-2.6498	1.382	0.017536
-2.6498	1.4181	0.0084552
-2.6498	1.4542	0.0006224
-2.6498	1.4903	0.0074373
-2.6498	1.5265	0.019296
-2.6498	1.5626	0.017853
-2.6498	1.5987	0.0049266
-2.6498	1.6349	0.002462
-2.6498	1.6709	0.02332
-2.6498	1.7071	0.053516
-2.6498	1.7432	0.068074
-2.6498	1.7793	0.057575
-2.6498	1.8155	0.033737
-2.6498	1.8516	0.013295
-2.6498	1.8878	0.003141
-2.6498	1.9239	0.00031872
-2.6498	2.1768	0.00012199
-2.6498	2.2129	0.00013326
-2.6258	-2.3033	0.00012586
-2.6258	-2.2671	0.00050108
-2.6258	-2.2309	0.0010947
-2.6258	-2.1948	0.001628
-2.6258	-2.1587	0.0017517
-2.6258	-2.1226	0.0013539
-2.6258	-2.0865	0.0006931
-2.6258	-2.0503	0.00017754
-2.6258	-1.111	0.00015588
-2.6258	-1.0749	0.00015436
-2.6258	-1.0026	0.00014804
-2.6258	-0.96645	0.0010786
-2.6258	-0.93032	0.002915
-2.6258	-0.89419	0.0048166
-2.6258	-0.85806	0.0055363
-2.6258	-0.82193	0.0045545
-2.6258	-0.7858	0.0025889
-2.6258	-0.74968	0.00088479
-2.6258	-0.28	0.0001653
-2.6258	-0.24387	0.00012841
-2.6258	-0.13549	0.00045158
-2.6258	-0.099357	0.00057829
-2.6258	-0.063226	0.00023156
-2.6258	0.0090325	0.00087593
-2.6258	0.045162	0.0019534
-2.6258	0.081291	0.0016537
-2.6258	0.11742	0.00028991
-2.6258	0.15355	0.00095932
-2.6258	0.18968	0.0050945
-2.6258	0.2258	0.0081852
-2.6258	0.26194	0.0047697
-2.6258	0.29807	0.0006361
-2.6258	0.3342	0.015688
-2.6258	0.37032	0.066084
-2.6258	0.40645	0.14002
-2.6258	0.44258	0.19693
-2.6258	0.47871	0.19879
-2.6258	0.51484	0.14454
-2.6258	0.55097	0.070954
-2.6258	0.5871	0.018818
-2.6258	0.62323	0.0010061
-2.6258	0.65936	0.0028028
-2.6258	0.69549	0.0056382
-2.6258	0.73162	0.0037939
-2.6258	0.76774	0.00099281
-2.6258	0.84	0.00024692
-2.6258	0.87613	0.00036952
-2.6258	0.91226	0.000313
-2.6258	0.94839	0.0001606
-2.6258	0.98452	0.00024908
-2.6258	1.0207	0.00098674
-2.6258	1.0568	0.0015307
-2.6258	1.0929	0.00075001
-2.6258	1.129	0.00029435
-2.6258	1.1651	0.0029385
-2.6258	1.2013	0.0064909
-2.6258	1.2374	0.0052714
-2.6258	1.2735	0.00084494
-2.6258	1.3096	0.0029819
-2.6258	1.3458	0.013233
-2.6258	1.382	0.017692
-2.6258	1.4181	0.0082323
-2.6258	1.4542	0.00084722
-2.6258	1.4903	0.013859
-2.6258	1.5265	0.034249
-2.6258	1.5626	0.031383
-2.6258	1.5987	0.0075696
-2.6258	1.6349	0.0086594
-2.6258	1.6709	0.06874
-2.6258	1.7071	0.16014
-2.6258	1.7432	0.21651
-2.6258	1.7793	0.19986
-2.6258	1.8155	0.13125
-2.6258	1.8516	0.059898
-2.6258	1.8878	0.016985
-2.6258	1.9239	0.0020171
-2.6258	1.9962	0.00046128
-2.6258	2.0323	0.00031407
-2.6021	-2.2671	0.00034031
-2.6021	-2.2309	0.00071069
-2.6021	-2.1948	0.0010225
-2.6021	-2.1587	0.0010668
-2.6021	-2.1226	0.00079637
-2.6021	-2.0865	0.00038763
-2.6021	-1.111	0.00017672
-2.6021	-1.0749	0.00016289
-2.6021	-1.0026	0.00027997
-2.6021	-0.96645	0.0017812
-2.6021	-0.93032	0.00474
-2.6021	-0.89419	0.0079464
-2.6021	-0.85806	0.0093841
-2.6021	-0.82193	0.0079829
-2.6021	-0.7858	0.0046949
-2.6021	-0.74968	0.0016321
-2.6021	-0.71355	0.0001767
-2.6021	-0.64129	0.00034806
-2.6021	-0.60516	0.00031873
-2.6021	-0.13549	0.00019178
-2.6021	-0.099357	0.00023186
-2.6021	0.0090325	0.00055442
-2.6021	0.045162	0.001116
-2.6021	0.081291	0.00084901
-2.6021	0.15355	0.00085074
-2.6021	0.18968	0.003727
-2.6021	0.2258	0.0054862
-2.6021	0.26194	0.0027662
-2.6021	0.29807	0.00069597
-2.6021	0.3342	0.014624
-2.6021	0.37032	0.056654
-2.6021	0.40645	0.11723
-2.6021	0.44258	0.16401
-2.6021	0.47871	0.16589
-2.6021	0.51484	0.12093
-2.6021	0.55097	0.0589
-2.6021	0.5871	0.014728
-2.6021	0.62323	0.0006273
-2.6021	0.65936	0.003947
-2.6021	0.69549	0.0071787
-2.6021	0.73162	0.0046718
-2.6021	0.76774	0.0010065
-2.6021	0.80387	0.00015812
-2.6021	0.84	0.0010208
-2.6021	0.87613	0.0012224
-2.6021	0.91226	0.00058902
-2.6021	1.1651	0.00052957
-2.6021	1.2013	0.0011934
-2.6021	1.2374	0.00097212
-2.6021	1.2735	0.00012888
-2.6021	1.3096	0.0013023
-2.6021	1.3458	0.0051815
-2.6021	1.382	0.0069523
-2.6021	1.4181	0.0030453
-2.6021	1.4542	0.00069624
-2.6021	1.4903	0.010502
-2.6021	1.5265	0.025771
-2.6021	1.5626	0.024165
-2.6021	1.5987	0.0050943
-2.6021	1.6349	0.014055
-2.6021	1.6709	0.10149
-2.6021	1.7071	0.25085
-2.6021	1.7432	0.37095
-2.6021	1.7793	0.37765
-2.6021	1.8155	0.27373
-2.6021	1.8516	0.13715
-2.6021	1.8878	0.041829
-2.6021	1.9239	0.0048051
-2.6021	1.96	0.00065119
-2.6021	1.9962	0.0027321
-2.6021	2.0323	0.0021479
-2.6021	2.0684	0.00063726
-2.5783	-2.2671	0.00022371
-2.5783	-2.2309	0.00044961
-2.5783	-2.1948	0.00062859
-2.5783	-2.1587	0.00063804
-2.5783	-2.1226	0.0004607
-2.5783	-2.0865	0.00021278
-2.5783	-1.111	0.00014491
-2.5783	-1.0749	0.00012553
-2.5783	-1.0026	0.00041499
-2.5783	-0.96645	0.0023855
-2.5783	-0.93032	0.0063077
-2.5783	-0.89419	0.010726
-2.5783	-0.85806	0.012914
-2.5783	-0.82193	0.011187
-2.5783	-0.7858	0.0066436
-2.5783	-0.74968	0.0022619
-2.5783	-0.71355	0.00020376
-2.5783	-0.67742	0.00023802
-2.5783	-0.64129	0.00073597
-2.5783	-0.60516	0.00065917
-2.5783	-0.56903	0.00022419
-2.5783	-0.46064	0.00017457
-2.5783	0.0090325	0.0002762
-2.5783	0.045162	0.00051754
-2.5783	0.081291	0.00035502
-2.5783	0.15355	0.00065388
-2.5783	0.18968	0.0024453
-2.5783	0.2258	0.0033235
-2.5783	0.26194	0.001421
-2.5783	0.29807	0.00078748
-2.5783	0.3342	0.012445
-2.5783	0.37032	0.04487
-2.5783	0.40645	0.09073
-2.5783	0.44258	0.12583
-2.5783	0.47871	0.12667
-2.5783	0.51484	0.091621
-2.5783	0.55097	0.043613
-2.5783	0.5871	0.010013
-2.5783	0.62323	0.00045129
-2.5783	0.65936	0.0043789
-2.5783	0.69549	0.0071518
-2.5783	0.73162	0.0043686
-2.5783	0.76774	0.00076868
-2.5783	0.80387	0.00032431
-2.5783	0.84	0.0016614
-2.5783	0.87613	0.0018956
-2.5783	0.91226	0.0008336
-2.5783	0.98452	0.00017003
-2.5783	1.0207	0.00039175
-2.5783	1.0568	0.00027494
-2.5783	1.3096	0.00030422
-2.5783	1.3458	0.0010921
-2.5783	1.382	0.0014449
-2.5783	1.4181	0.00055104
-2.5783	1.4542	0.00035453
-2.5783	1.4903	0.0039817
-2.5783	1.5265	0.0092904
-2.5783	1.5626	0.0084232
-2.5783	1.5987	0.0014159
-2.5783	1.6349	0.0093554
-2.5783	1.6709	0.061431
-2.5783	1.7071	0.1582
-2.5783	1.7432	0.25266
-2.5783	1.7793	0.28224
-2.5783	1.8155	0.2261
-2.5783	1.8516	0.12499
-2.5783	1.8878	0.041127
-2.5783	1.9239	0.0044871
-2.5783	1.96	0.0015616
-2.5783	1.9962	0.0056419
-2.5783	2.0323	0.0046983
-2.5783	2.0684	0.0014665
-2.5783	2.1406	0.00025913
-2.5783	2.1768	0.00040357
-2.5783	2.2129	0.00019929
-2.5545	-2.2671	0.00013902
-2.5545	-2.2309	0.0002705
-2.5545	-2.1948	0.00036894
-2.5545	-2.1587	0.00036538
-2.5545	-2.1226	0.00025562
-2.5545	-1.111	0.00015057
-2.5545	-1.0026	0.00045205
-2.5545	-0.96645	0.0024227
-2.5545	-0.93032	0.0065585
-2.5545	-0.89419	0.011609
-2.5545	-0.85806	0.014518
-2.5545	-0.82193	0.012943
-2.5545	-0.7858	0.0077795
-2.5545	-0.74968	0.002571
-2.5545	-0.71355	0.00018566
-2.5545	-0.67742	0.00045256
-2.5545	-0.64129	0.0012086
-2.5545	-0.60516	0.0010308
-2.5545	-0.56903	0.0003179
-2.5545	-0.49677	0.0002457
-2.5545	-0.46064	0.00041496
-2.5545	-0.42451	0.0002579
-2.5545	0.045162	0.00014682
-2.5545	0.15355	0.00040074
-2.5545	0.18968	0.0013275
-2.5545	0.2258	0.0016952
-2.5545	0.26194	0.00060171
-2.5545	0.29807	0.00077563
-2.5545	0.3342	0.0093853
-2.5545	0.37032	0.032031
-2.5545	0.40645	0.063797
-2.5545	0.44258	0.088081
-2.5545	0.47871	0.088366
-2.5545	0.51484	0.063333
-2.5545	0.55097	0.029301
-2.5545	0.5871	0.0060591
-2.5545	0.62323	0.0004368
-2.5545	0.65936	0.0041939
-2.5545	0.69549	0.0061789
-2.5545	0.73162	0.00349
-2.5545	0.76774	0.0004829
-2.5545	0.80387	0.00048621
-2.5545	0.84	0.0019541
-2.5545	0.87613	0.0020737
-2.5545	0.91226	0.00081896
-2.5545	0.98452	0.00039247
-2.5545	1.0207	0.00080695
-2.5545	1.0568	0.00056189
-2.5545	1.1651	0.0001629
-2.5545	1.2013	0.00017045
-2.5545	1.382	0.00013276
-2.5545	1.4542	0.00012678
-2.5545	1.4903	0.0010409
-2.5545	1.5265	0.0023356
-2.5545	1.5626	0.0020151
-2.5545	1.5987	0.00026806
-2.5545	1.6349	0.0041173
-2.5545	1.6709	0.02417
-2.5545	1.7071	0.061932
-2.5545	1.7432	0.10096
-2.5545	1.7793	0.11625
-2.5545	1.8155	0.096328
-2.5545	1.8516	0.054876
-2.5545	1.8878	0.018139
-2.5545	1.9239	0.0017075
-2.5545	1.96	0.0013868
-2.5545	1.9962	0.0043016
-2.5545	2.0323	0.0036264
-2.5545	2.0684	0.001125
-2.5545	2.1406	0.00043629
-2.5545	2.1768	0.00068378
-2.5545	2.2129	0.00036879
-2.5307	-2.2309	0.00015161
-2.5307	-2.1948	0.00020229
-2.5307	-2.1587	0.00019574
-2.5307	-2.1226	0.00013269
-2.5307	-1.2916	0.00013195
-2.5307	-1.1471	0.00034355
-2.5307	-1.111	0.00049216
-2.5307	-1.0749	0.00023476
-2.5307	-1.0026	0.00068619
-2.5307	-0.96645	0.0025114
-2.5307	-0.93032	0.0055262
-2.5307	-0.89419	0.0093131
-2.5307	-0.85806	0.012084
-2.5307	-0.82193	0.011437
-2.5307	-0.7858	0.0071953
-2.5307	-0.74968	0.0023604
-2.5307	-0.71355	0.00014026
-2.5307	-0.67742	0.00068996
-2.5307	-0.64129	0.0016449
-2.5307	-0.60516	0.0013368
-2.5307	-0.56903	0.00036725
-2.5307	-0.49677	0.00047015
-2.5307	-0.46064	0.00072505
-2.5307	-0.42451	0.00041874
-2.5307	-0.31613	0.0002787
-2.5307	-0.28	0.00026717
-2.5307	-0.13549	0.00012014
-2.5307	0.15355	0.000156
-2.5307	0.18968	0.00048617
-2.5307	0.2258	0.00061353
-2.5307	0.26194	0.00017834
-2.5307	0.29807	0.00059524
-2.5307	0.3342	0.0058522
-2.5307	0.37032	0.01945
-2.5307	0.40645	0.038896
-2.5307	0.44258	0.054216
-2.5307	0.47871	0.05476
-2.5307	0.51484	0.039141
-2.5307	0.55097	0.017626
-2.5307	0.5871	0.0032314
-2.5307	0.62323	0.00046852
-2.5307	0.65936	0.003542
-2.5307	0.69549	0.0047489
-2.5307	0.73162	0.0024594
-2.5307	0.76774	0.00025678
-2.5307	0.80387	0.00058937
-2.5307	0.84	0.0019245
-2.5307	0.87613	0.0018832
-2.5307	0.91226	0.0006528
-2.5307	0.98452	0.00056986
-2.5307	1.0207	0.0010394
-2.5307	1.0568	0.00067687
-2.5307	1.1651	0.00041985
-2.5307	1.2013	0.00044724
-2.5307	1.2374	0.00017256
-2.5307	1.4903	0.00013976
-2.5307	1.5265	0.00032622
-2.5307	1.5626	0.0002867
-2.5307	1.6349	0.0013632
-2.5307	1.6709	0.0074859
-2.5307	1.7071	0.019535
-2.5307	1.7432	0.032843
-2.5307	1.7793	0.038919
-2.5307	1.8155	0.032929
-2.5307	1.8516	0.018861
-2.5307	1.8878	0.0060197
-2.5307	1.9239	0.00045389
-2.5307	1.96	0.00079877
-2.5307	1.9962	0.0020872
-2.5307	2.0323	0.0016676
-2.5307	2.0684	0.00047058
-2.5307	2.1406	0.00032109
-2.5307	2.1768	0.00047011
-2.5307	2.2129	0.00024866
-2.5069	-1.1471	0.00046227
-2.5069	-1.111	0.00067856
-2.5069	-1.0749	0.00032481
-2.5069	-1.0026	0.0018484
-2.5069	-0.96645	0.0062987
-2.5069	-0.93032	0.011274
-2.5069	-0.89419	0.013526
-2.5069	-0.85806	0.012187
-2.5069	-0.82193	0.0087998
-2.5069	-0.7858	0.0048791
-2.5069	-0.74968	0.0015266
-2.5069	-0.67742	0.0007664
-2.5069	-0.64129	0.0017548
-2.5069	-0.60516	0.001413
-2.5069	-0.56903	0.00035193
-2.5069	-0.49677	0.00073124
-2.5069	-0.46064	0.0010416
-2.5069	-0.42451	0.00055145
-2.5069	-0.35226	0.00019812
-2.5069	-0.31613	0.00056521
-2.5069	-0.28	0.00050114
-2.5069	-0.24387	0.00013747
-2.5069	-0.17162	0.00026298
-2.5069	-0.13549	0.00037934
-2.5069	-0.099357	0.00020571
-2.5069	0.0090325	0.00014471
-2.5069	0.045162	0.00012315
-2.5069	0.29807	0.00028918
-2.5069	0.3342	0.0025223
-2.5069	0.37032	0.0087152
-2.5069	0.40645	0.018395
-2.5069	0.44258	0.026889
-2.5069	0.47871	0.02814
-2.5069	0.51484	0.020487
-2.5069	0.55097	0.0090968
-2.5069	0.5871	0.0014637
-2.5069	0.62323	0.00045007
-2.5069	0.65936	0.0026084
-2.5069	0.69549	0.0032227
-2.5069	0.73162	0.0015229
-2.5069	0.80387	0.0006042
-2.5069	0.84	0.0016553
-2.5069	0.87613	0.0014898
-2.5069	0.91226	0.00044291
-2.5069	0.98452	0.00065687
-2.5069	1.0207	0.0010684
-2.5069	1.0568	0.00063539
-2.5069	1.129	0.00018277
-2.5069	1.1651	0.00062141
-2.5069	1.2013	0.00062475
-2.5069	1.2374	0.00021433
-2.5069	1.3096	0.00022602
-2.5069	1.3458	0.0003884
-2.5069	1.382	0.00024282
-2.5069	1.6349	0.00026585
-2.5069	1.6709	0.0014365
-2.5069	1.7071	0.0041577
-2.5069	1.7432	0.0077786
-2.5069	1.7793	0.010071
-2.5069	1.8155	0.0090986
-2.5069	1.8516	0.0054074
-2.5069	1.8878	0.0016942
-2.5069	1.96	0.00038219
-2.5069	1.9962	0.00086888
-2.5069	2.0323	0.00065415
-2.5069	2.0684	0.00016299
-2.5069	2.1406	0.00018136
-2.5069	2.1768	0.00024089
-2.483	-1.1832	0.00012229
-2.483	-1.1471	0.00045808
-2.483	-1.111	0.00062261
-2.483	-1.0749	0.00025486
-2.483	-1.0387	0.0001869
-2.483	-1.0026	0.0026817
-2.483	-0.96645	0.0093437
-2.483	-0.93032	0.018229
-2.483	-0.89419	0.023993
-2.483	-0.85806	0.022377
-2.483	-0.82193	0.014589
-2.483	-0.7858	0.0061213
-2.483	-0.74968	0.0012343
-2.483	-0.67742	0.00061457
-2.483	-0.64129	0.0012231
-2.483	-0.60516	0.00099941
-2.483	-0.56903	0.00024869
-2.483	-0.5329	0.00013452
-2.483	-0.49677	0.00084528
-2.483	-0.46064	0.0011826
-2.483	-0.42451	0.00058716
-2.483	-0.35226	0.00039341
-2.483	-0.31613	0.00094168
-2.483	-0.28	0.00076167
-2.483	-0.24387	0.00016944
-2.483	-0.17162	0.00060245
-2.483	-0.13549	0.00079892
-2.483	-0.099357	0.0003929
-2.483	-0.027097	0.00021958
-2.483	0.0090325	0.00055715
-2.483	0.045162	0.0004875
-2.483	0.081291	0.00014623
-2.483	0.15355	0.00016691
-2.483	0.18968	0.00022517
-2.483	0.3342	0.00044879
-2.483	0.37032	0.0018474
-2.483	0.40645	0.0048346
-2.483	0.44258	0.0084041
-2.483	0.47871	0.0099872
-2.483	0.51484	0.0079099
-2.483	0.55097	0.0036232
-2.483	0.5871	0.00051762
-2.483	0.62323	0.00034091
-2.483	0.65936	0.0015955
-2.483	0.69549	0.0018558
-2.483	0.73162	0.00080049
-2.483	0.80387	0.00052741
-2.483	0.84	0.0012467
-2.483	0.87613	0.0010326
-2.483	0.91226	0.00025632
-2.483	0.98452	0.00064456
-2.483	1.0207	0.00094147
-2.483	1.0568	0.00050384
-2.483	1.129	0.00025026
-2.483	1.1651	0.00071183
-2.483	1.2013	0.00066053
-2.483	1.2374	0.00019215
-2.483	1.3096	0.00039761
-2.483	1.3458	0.00063715
-2.483	1.382	0.00038358
-2.483	1.4903	0.00038979
-2.483	1.5265	0.00039296
-2.483	1.5626	0.00013131
-2.483	1.6349	0.00020864
-2.483	1.6709	0.00046719
-2.483	1.7071	0.0006942
-2.483	1.7432	0.0010487
-2.483	1.7793	0.0014799
-2.483	1.8155	0.001562
-2.483	1.8516	0.0010573
-2.483	1.8878	0.00035103
-2.483	1.96	0.00014095
-2.483	1.9962	0.0002976
-2.483	2.0323	0.00021761
-2.4592	-1.1832	0.00012734
-2.4592	-1.1471	0.00041208
-2.4592	-1.111	0.00050846
-2.4592	-1.0749	0.00016728
-2.4592	-1.0387	0.00026878
-2.4592	-1.0026	0.003013
-2.4592	-0.96645	0.010034
-2.4592	-0.93032	0.019655
-2.4592	-0.89419	0.026644
-2.4592	-0.85806	0.026061
-2.4592	-0.82193	0.017988
-2.4592	-0.7858	0.0078451
-2.4592	-0.74968	0.0014523
-2.4592	-0.71355	0.00012895
-2.4592	-0.67742	0.0010393
-2.4592	-0.64129	0.0013707
-2.4592	-0.60516	0.00076214
-2.4592	-0.56903	0.00013894
-2.4592	-0.49677	0.0004763
-2.4592	-0.46064	0.00073438
-2.4592	-0.42451	0.0003883
-2.4592	-0.35226	0.00056573
-2.4592	-0.31613	0.0012271
-2.4592	-0.28	0.00093265
-2.4592	-0.24387	0.00016238
-2.4592	-0.20774	0.00026617
-2.4592	-0.17162	0.0011441
-2.4592	-0.13549	0.0013816
-2.4592	-0.099357	0.00059463
-2.4592	-0.027097	0.00061198
-2.4592	0.0090325	0.0013626
-2.4592	0.045162	0.0011166
-2.4592	0.081291	0.00027398
-2.4592	0.11742	0.00012989
-2.4592	0.15355	0.0008249
-2.4592	0.18968	0.0011917
-2.4592	0.2258	0.00063928
-2.4592	0.29807	0.00040735
-2.4592	0.3342	0.0012762
-2.4592	0.37032	0.0016036
-2.4592	0.40645	0.0012792
-2.4592	0.44258	0.0011169
-2.4592	0.47871	0.0014071
-2.4592	0.51484	0.001458
-2.4592	0.55097	0.00081497
-2.4592	0.62323	0.00016751
-2.4592	0.65936	0.00070638
-2.4592	0.69549	0.00081387
-2.4592	0.73162	0.00032572
-2.4592	0.80387	0.00038005
-2.4592	0.84	0.00079768
-2.4592	0.87613	0.00061114
-2.4592	0.91226	0.00012264
-2.4592	0.98452	0.00054789
-2.4592	1.0207	0.00072399
-2.4592	1.0568	0.00034434
-2.4592	1.129	0.0002824
-2.4592	1.1651	0.00068888
-2.4592	1.2013	0.00058419
-2.4592	1.2374	0.00013826
-2.4592	1.3096	0.00052057
-2.4592	1.3458	0.00076434
-2.4592	1.382	0.00042137
-2.4592	1.4542	0.00024299
-2.4592	1.4903	0.00073727
-2.4592	1.5265	0.00074705
-2.4592	1.5626	0.00024158
-2.4592	1.6349	0.00078698
-2.4592	1.6709	0.0018599
-2.4592	1.7071	0.0023242
-2.4592	1.7432	0.0018917
-2.4592	1.7793	0.0010844
-2.4592	1.8155	0.00047692
-2.4592	1.8516	0.00018341
-2.4353	-1.1832	0.00012183
-2.4353	-1.1471	0.00034622
-2.4353	-1.111	0.0003858
-2.4353	-1.0387	0.00033738
-2.4353	-1.0026	0.0030505
-2.4353	-0.96645	0.0096123
-2.4353	-0.93032	0.018464
-2.4353	-0.89419	0.024891
-2.4353	-0.85806	0.024378
-2.4353	-0.82193	0.01686
-2.4353	-0.7858	0.0072674
-2.4353	-0.74968	0.0012182
-2.4353	-0.71355	0.00023618
-2.4353	-0.67742	0.0015178
-2.4353	-0.64129	0.0018955
-2.4353	-0.60516	0.00094453
-2.4353	-0.5329	0.00013477
-2.4353	-0.49677	0.00046106
-2.4353	-0.46064	0.00047063
-2.4353	-0.42451	0.00021084
-2.4353	-0.35226	0.00029046
-2.4353	-0.31613	0.00069167
-2.4353	-0.28	0.00056995
-2.4353	-0.20774	0.00044513
-2.4353	-0.17162	0.0016536
-2.4353	-0.13549	0.0019157
-2.4353	-0.099357	0.00072483
-2.4353	-0.063226	0.00011995
-2.4353	-0.027097	0.0013864
-2.4353	0.0090325	0.0027265
-2.4353	0.045162	0.0020372
-2.4353	0.081291	0.00038408
-2.4353	0.11742	0.00048524
-2.4353	0.15355	0.0024293
-2.4353	0.18968	0.003323
-2.4353	0.2258	0.001682
-2.4353	0.26194	0.00014398
-2.4353	0.29807	0.002304
-2.4353	0.3342	0.0078154
-2.4353	0.37032	0.012326
-2.4353	0.40645	0.012244
-2.4353	0.44258	0.0082421
-2.4353	0.47871	0.0037284
-2.4353	0.51484	0.0010716
-2.4353	0.55097	0.00018666
-2.4353	0.65936	0.00014135
-2.4353	0.69549	0.00019353
-2.4353	0.80387	0.00020306
-2.4353	0.84	0.0003953
-2.4353	0.87613	0.00028527
-2.4353	0.98452	0.00039678
-2.4353	1.0207	0.00047903
-2.4353	1.0568	0.00019998
-2.4353	1.129	0.00027095
-2.4353	1.1651	0.0005781
-2.4353	1.2013	0.00044528
-2.4353	1.3096	0.00056583
-2.4353	1.3458	0.00075826
-2.4353	1.382	0.0003727
-2.4353	1.4542	0.00037344
-2.4353	1.4903	0.00099822
-2.4353	1.5265	0.00096014
-2.4353	1.5626	0.0002689
-2.4353	1.5987	0.0001772
-2.4353	1.6349	0.0016652
-2.4353	1.6709	0.0040581
-2.4353	1.7071	0.0055905
-2.4353	1.7432	0.0052029
-2.4353	1.7793	0.0034244
-2.4353	1.8155	0.0015659
-2.4353	1.8516	0.00045473
-2.4116	-1.1471	0.00027181
-2.4116	-1.111	0.00027246
-2.4116	-1.0387	0.00037757
-2.4116	-1.0026	0.0028553
-2.4116	-0.96645	0.0085334
-2.4116	-0.93032	0.016
-2.4116	-0.89419	0.021269
-2.4116	-0.85806	0.020591
-2.4116	-0.82193	0.01401
-2.4116	-0.7858	0.0058107
-2.4116	-0.74968	0.00083863
-2.4116	-0.71355	0.00033884
-2.4116	-0.67742	0.0016984
-2.4116	-0.64129	0.0019919
-2.4116	-0.60516	0.00092482
-2.4116	-0.5329	0.00027681
-2.4116	-0.49677	0.00076857
-2.4116	-0.46064	0.00069776
-2.4116	-0.42451	0.00024804
-2.4116	-0.31613	0.00018423
-2.4116	-0.20774	0.00025973
-2.4116	-0.17162	0.00093202
-2.4116	-0.13549	0.0011959
-2.4116	-0.099357	0.00044197
-2.4116	-0.063226	0.00023325
-2.4116	-0.027097	0.0021892
-2.4116	0.0090325	0.0041653
-2.4116	0.045162	0.0029646
-2.4116	0.081291	0.00042176
-2.4116	0.11742	0.0014271
-2.4116	0.15355	0.0057578
-2.4116	0.18968	0.0072885
-2.4116	0.2258	0.0032754
-2.4116	0.26194	0.00042221
-2.4116	0.29807	0.0079654
-2.4116	0.3342	0.025771
-2.4116	0.37032	0.042511
-2.4116	0.40645	0.046392
-2.4116	0.44258	0.035966
-2.4116	0.47871	0.01975
-2.4116	0.51484	0.0071318
-2.4116	0.55097	0.0013275
-2.4116	0.65936	0.0001238
-2.4116	0.98452	0.0002285
-2.4116	1.0207	0.00025687
-2.4116	1.129	0.00021947
-2.4116	1.1651	0.00041729
-2.4116	1.2013	0.00029067
-2.4116	1.2735	0.00013298
-2.4116	1.3096	0.00052987
-2.4116	1.3458	0.00064815
-2.4116	1.382	0.00027754
-2.4116	1.4542	0.0004676
-2.4116	1.4903	0.0011083
-2.4116	1.5265	0.00099031
-2.4116	1.5626	0.00022578
-2.4116	1.5987	0.00033299
-2.4116	1.6349	0.0025483
-2.4116	1.6709	0.0060928
-2.4116	1.7071	0.0086226
-2.4116	1.7432	0.0084322
-2.4116	1.7793	0.0059231
-2.4116	1.8155	0.0029158
-2.4116	1.8516	0.00089794
-2.3878	-1.1471	0.00019853
-2.3878	-1.111	0.0001783
-2.3878	-1.0387	0.0003796
-2.3878	-1.0026	0.0024766
-2.3878	-0.96645	0.0070534
-2.3878	-0.93032	0.012908
-2.3878	-0.89419	0.016879
-2.3878	-0.85806	0.016083
-2.3878	-0.82193	0.010691
-2.3878	-0.7858	0.0042129
-2.3878	-0.74968	0.00050438
-2.3878	-0.71355	0.00041487
-2.3878	-0.67742	0.0016536
-2.3878	-0.64129	0.0017977
-2.3878	-0.60516	0.00076088
-2.3878	-0.5329	0.0003837
-2.3878	-0.49677	0.00092323
-2.3878	-0.46064	0.00078616
-2.3878	-0.42451	0.00023802
-2.3878	-0.35226	0.00022011
-2.3878	-0.31613	0.00030944
-2.3878	-0.28	0.00013834
-2.3878	-0.20774	0.00013789
-2.3878	-0.17162	0.00029222
-2.3878	-0.13549	0.00027001
-2.3878	-0.063226	0.00014043
-2.3878	-0.027097	0.0011189
-2.3878	0.0090325	0.0023921
-2.3878	0.045162	0.0018798
-2.3878	0.081291	0.00024514
-2.3878	0.11742	0.002507
-2.3878	0.15355	0.0094348
-2.3878	0.18968	0.012023
-2.3878	0.2258	0.004927
-2.3878	0.26194	0.0014364
-2.3878	0.29807	0.022061
-2.3878	0.3342	0.067341
-2.3878	0.37032	0.11103
-2.3878	0.40645	0.12365
-2.3878	0.44258	0.099157
-2.3878	0.47871	0.056961
-2.3878	0.51484	0.021637
-2.3878	0.55097	0.0041137
-2.3878	0.5871	0.00012865
-2.3878	0.62323	0.00074818
-2.3878	0.65936	0.00099499
-2.3878	0.69549	0.00048143
-2.3878	1.129	0.00014163
-2.3878	1.1651	0.00024603
-2.3878	1.2013	0.00015483
-2.3878	1.2735	0.0001294
-2.3878	1.3096	0.00042807
-2.3878	1.3458	0.00047912
-2.3878	1.382	0.00017406
-2.3878	1.4542	0.00049992
-2.3878	1.4903	0.0010606
-2.3878	1.5265	0.00087029
-2.3878	1.5626	0.00015323
-2.3878	1.5987	0.00050273
-2.3878	1.6349	0.0032008
-2.3878	1.6709	0.0074017
-2.3878	1.7071	0.010492
-2.3878	1.7432	0.010421
-2.3878	1.7793	0.0074819
-2.3878	1.8155	0.0037607
-2.3878	1.8516	0.0011595
-2.3878	1.8878	0.00013239
-2.3639	-1.1471	0.00013421
-2.3639	-1.0387	0.00034332
-2.3639	-1.0026	0.0019833
-2.3639	-0.96645	0.005411
-2.3639	-0.93032	0.0096779
-2.3639	-0.89419	0.012444
-2.3639	-0.85806	0.01165
-2.3639	-0.82193	0.0075375
-2.3639	-0.7858	0.0027965
-2.3639	-0.74968	0.00026971
-2.3639	-0.71355	0.0004464
-2.3639	-0.67742	0.0014551
-2.3639	-0.64129	0.0014608
-2.3639	-0.60516	0.00055532
-2.3639	-0.5329	0.00043732
-2.3639	-0.49677	0.00092194
-2.3639	-0.46064	0.00072564
-2.3639	-0.42451	0.00018568
-2.3639	-0.35226	0.00033584
-2.3639	-0.31613	0.00043069
-2.3639	-0.28	0.00017933
-2.3639	-0.20774	0.00023515
-2.3639	-0.17162	0.0004203
-2.3639	-0.13549	0.00028581
-2.3639	-0.027097	0.00031295
-2.3639	0.0090325	0.00050546
-2.3639	0.045162	0.00034225
-2.3639	0.11742	0.0012151
-2.3639	0.15355	0.0048561
-2.3639	0.18968	0.0071853
-2.3639	0.2258	0.0030268
-2.3639	0.26194	0.0027181
-2.3639	0.29807	0.036357
-2.3639	0.3342	0.11928
-2.3639	0.37032	0.21496
-2.3639	0.40645	0.25762
-2.3639	0.44258	0.21789
-2.3639	0.47871	0.12946
-2.3639	0.51484	0.049655
-2.3639	0.55097	0.0089405
-2.3639	0.5871	0.000341
-2.3639	0.62323	0.0027633
-2.3639	0.65936	0.0035073
-2.3639	0.69549	0.0017007
-2.3639	0.73162	0.00025163
-2.3639	0.80387	0.00023836
-2.3639	0.84	0.00021031
-2.3639	1.3096	0.00028738
-2.3639	1.3458	0.00029633
-2.3639	1.4542	0.00046143
-2.3639	1.4903	0.00088559
-2.3639	1.5265	0.00066238
-2.3639	1.5987	0.00063731
-2.3639	1.6349	0.0034716
-2.3639	1.6709	0.0077468
-2.3639	1.7071	0.0109
-2.3639	1.7432	0.010853
-2.3639	1.7793	0.0078278
-2.3639	1.8155	0.0039294
-2.3639	1.8516	0.0011782
-2.3639	1.96	0.0001507
-2.3639	1.9962	0.00012071
-2.34	-1.0387	0.00027834
-2.34	-1.0026	0.001456
-2.34	-0.96645	0.0038273
-2.34	-0.93032	0.0067037
-2.34	-0.89419	0.0084798
-2.34	-0.85806	0.0077936
-2.34	-0.82193	0.0048947
-2.34	-0.7858	0.0016948
-2.34	-0.74968	0.00013151
-2.34	-0.71355	0.00042778
-2.34	-0.67742	0.001169
-2.34	-0.64129	0.0010823
-2.34	-0.60516	0.00036529
-2.34	-0.5329	0.00043723
-2.34	-0.49677	0.00081477
-2.34	-0.46064	0.00058809
-2.34	-0.42451	0.00012692
-2.34	-0.35226	0.00039019
-2.34	-0.31613	0.00044755
-2.34	-0.28	0.00016094
-2.34	-0.20774	0.00036149
-2.34	-0.17162	0.0006064
-2.34	-0.13549	0.00039216
-2.34	-0.063226	0.00012042
-2.34	-0.027097	0.00044816
-2.34	0.0090325	0.00050983
-2.34	0.045162	0.00022343
-2.34	0.11742	0.00030288
-2.34	0.15355	0.00094867
-2.34	0.18968	0.0012734
-2.34	0.2258	0.00044667
-2.34	0.26194	0.0013703
-2.34	0.29807	0.016836
-2.34	0.3342	0.065586
-2.34	0.37032	0.14795
-2.34	0.40645	0.22343
-2.34	0.44258	0.23439
-2.34	0.47871	0.16728
-2.34	0.51484	0.073232
-2.34	0.55097	0.013499
-2.34	0.5871	0.00096119
-2.34	0.62323	0.0075785
-2.34	0.65936	0.0091587
-2.34	0.69549	0.0042673
-2.34	0.73162	0.00051662
-2.34	0.76774	0.0003072
-2.34	0.80387	0.0010579
-2.34	0.84	0.00091137
-2.34	0.87613	0.00030021
-2.34	1.3096	0.00014147
-2.34	1.3458	0.0001372
-2.34	1.4542	0.00035959
-2.34	1.4903	0.00063321
-2.34	1.5265	0.00043006
-2.34	1.5987	0.00068929
-2.34	1.6349	0.003302
-2.34	1.6709	0.0071398
-2.34	1.7071	0.0099619
-2.34	1.7432	0.0099042
-2.34	1.7793	0.007129
-2.34	1.8155	0.0035392
-2.34	1.8516	0.0010158
-2.34	1.96	0.0001846
-2.34	1.9962	0.00013834
-2.3163	-1.0387	0.00020063
-2.3163	-1.0026	0.00097048
-2.3163	-0.96645	0.0024728
-2.3163	-0.93032	0.0042518
-2.3163	-0.89419	0.0052952
-2.3163	-0.85806	0.0047752
-2.3163	-0.82193	0.0029029
-2.3163	-0.7858	0.00092881
-2.3163	-0.71355	0.00036738
-2.3163	-0.67742	0.00085752
-2.3163	-0.64129	0.0007312
-2.3163	-0.60516	0.0002173
-2.3163	-0.5329	0.00039233
-2.3163	-0.49677	0.00065007
-2.3163	-0.46064	0.00042775
-2.3163	-0.35226	0.00038463
-2.3163	-0.31613	0.00038923
-2.3163	-0.20774	0.00045513
-2.3163	-0.17162	0.00069362
-2.3163	-0.13549	0.00040718
-2.3163	-0.063226	0.00022656
-2.3163	-0.027097	0.00073308
-2.3163	0.0090325	0.00079384
-2.3163	0.045162	0.00031108
-2.3163	0.11742	0.00039322
-2.3163	0.15355	0.00081197
-2.3163	0.18968	0.00063141
-2.3163	0.26194	0.00044353
-2.3163	0.29807	0.0037618
-2.3163	0.3342	0.013514
-2.3163	0.37032	0.032199
-2.3163	0.40645	0.055426
-2.3163	0.44258	0.069359
-2.3163	0.47871	0.060548
-2.3163	0.51484	0.032411
-2.3163	0.55097	0.0067488
-2.3163	0.5871	0.0012185
-2.3163	0.62323	0.0093653
-2.3163	0.65936	0.01268
-2.3163	0.69549	0.006468
-2.3163	0.73162	0.00070268
-2.3163	0.76774	0.0010518
-2.3163	0.80387	0.0030945
-2.3163	0.84	0.0025791
-2.3163	0.87613	0.00076882
-2.3163	0.94839	0.00032727
-2.3163	0.98452	0.00047592
-2.3163	1.0207	0.00023568
-2.3163	1.4542	0.00021714
-2.3163	1.4903	0.00035996
-2.3163	1.5265	0.000223
-2.3163	1.5987	0.00062665
-2.3163	1.6349	0.0027182
-2.3163	1.6709	0.0057586
-2.3163	1.7071	0.0080167
-2.3163	1.7432	0.0079834
-2.3163	1.7793	0.0057376
-2.3163	1.8155	0.0028096
-2.3163	1.8516	0.00076451
-2.3163	1.96	0.00019237
-2.3163	1.9962	0.00013406
-2.2925	-1.0387	0.00012716
-2.2925	-1.0026	0.00058085
-2.2925	-0.96645	0.0014434
-2.2925	-0.93032	0.0024412
-2.2925	-0.89419	0.002994
-2.2925	-0.85806	0.0026454
-2.2925	-0.82193	0.0015501
-2.2925	-0.7858	0.00045241
-2.2925	-0.71355	0.00028329
-2.2925	-0.67742	0.00057126
-2.2925	-0.64129	0.0004472
-2.2925	-0.5329	0.00031861
-2.2925	-0.49677	0.00047011
-2.2925	-0.46064	0.00028029
-2.2925	-0.38838	0.00012403
-2.2925	-0.35226	0.00033536
-2.2925	-0.31613	0.00029458
-2.2925	-0.20774	0.00049696
-2.2925	-0.17162	0.00067894
-2.2925	-0.13549	0.00034948
-2.2925	-0.063226	0.00033796
-2.2925	-0.027097	0.00094323
-2.2925	0.0090325	0.00095155
-2.2925	0.045162	0.00031943
-2.2925	0.11742	0.00077018
-2.2925	0.15355	0.0014741
-2.2925	0.18968	0.0010722
-2.2925	0.2258	0.00015757
-2.2925	0.26194	0.00061308
-2.2925	0.29807	0.0032884
-2.2925	0.3342	0.0070274
-2.2925	0.37032	0.010214
-2.2925	0.40645	0.012196
-2.2925	0.44258	0.012573
-2.2925	0.47871	0.010371
-2.2925	0.51484	0.0056133
-2.2925	0.55097	0.0011291
-2.2925	0.5871	0.00044509
-2.2925	0.62323	0.0031973
-2.2925	0.65936	0.0048822
-2.2925	0.69549	0.0028591
-2.2925	0.73162	0.00031177
-2.2925	0.76774	0.0012078
-2.2925	0.80387	0.0037295
-2.2925	0.84	0.0035222
-2.2925	0.87613	0.0010814
-2.2925	0.91226	0.00013881
-2.2925	0.94839	0.0011194
-2.2925	0.98452	0.0015447
-2.2925	1.0207	0.00073687
-2.2925	1.0929	0.00018391
-2.2925	1.129	0.00041497
-2.2925	1.1651	0.00030373
-2.2925	1.4903	0.00012864
-2.2925	1.5987	0.00044564
-2.2925	1.6349	0.0018218
-2.2925	1.6709	0.0038805
-2.2925	1.7071	0.0054941
-2.2925	1.7432	0.0055577
-2.2925	1.7793	0.0040272
-2.2925	1.8155	0.0019554
-2.2925	1.8516	0.00050269
-2.2925	1.96	0.00017517
-2.2687	-1.0026	0.00031118
-2.2687	-0.96645	0.00075613
-2.2687	-0.93032	0.0012562
-2.2687	-0.89419	0.0015121
-2.2687	-0.85806	0.0013023
-2.2687	-0.82193	0.00072884
-2.2687	-0.7858	0.00019019
-2.2687	-0.71355	0.00019601
-2.2687	-0.67742	0.00034198
-2.2687	-0.64129	0.000244
-2.2687	-0.5329	0.00023478
-2.2687	-0.49677	0.0003068
-2.2687	-0.46064	0.00016455
-2.2687	-0.38838	0.00012286
-2.2687	-0.35226	0.00026335
-2.2687	-0.31613	0.00019574
-2.2687	-0.24387	0.00013864
-2.2687	-0.20774	0.00048577
-2.2687	-0.17162	0.00059123
-2.2687	-0.13549	0.00025891
-2.2687	-0.063226	0.00042373
-2.2687	-0.027097	0.0010266
-2.2687	0.0090325	0.00094684
-2.2687	0.045162	0.00025844
-2.2687	0.081291	0.00014601
-2.2687	0.11742	0.0011597
-2.2687	0.15355	0.0020563
-2.2687	0.18968	0.0014055
-2.2687	0.2258	0.00016117
-2.2687	0.26194	0.0013499
-2.2687	0.29807	0.006507
-2.2687	0.3342	0.01315
-2.2687	0.37032	0.016755
-2.2687	0.40645	0.015102
-2.2687	0.44258	0.0099826
-2.2687	0.47871	0.0048014
-2.2687	0.51484	0.001528
-2.2687	0.55097	0.00018489
-2.2687	0.62323	0.00062972
-2.2687	0.65936	0.00092593
-2.2687	0.69549	0.00054041
-2.2687	0.76774	0.00040238
-2.2687	0.80387	0.0012636
-2.2687	0.84	0.0013171
-2.2687	0.87613	0.0004214
-2.2687	0.91226	0.00016663
-2.2687	0.94839	0.0012154
-2.2687	0.98452	0.0018678
-2.2687	1.0207	0.00098103
-2.2687	1.0929	0.0006224
-2.2687	1.129	0.0013736
-2.2687	1.1651	0.0010253
-2.2687	1.2013	0.00023278
-2.2687	1.2735	0.00033766
-2.2687	1.3096	0.00039064
-2.2687	1.3458	0.00017411
-2.2687	1.5987	0.0002031
-2.2687	1.6349	0.00082852
-2.2687	1.6709	0.001891
-2.2687	1.7071	0.0028724
-2.2687	1.7432	0.0030771
-2.2687	1.7793	0.0023193
-2.2687	1.8155	0.0011413
-2.2687	1.8516	0.00027961
-2.2687	1.96	0.00013898
-2.2449	-1.0026	0.00015676
-2.2449	-0.96645	0.000366
-2.2449	-0.93032	0.00058682
-2.2449	-0.89419	0.00068099
-2.2449	-0.85806	0.00056057
-2.2449	-0.82193	0.00029182
-2.2449	-0.71355	0.00012178
-2.2449	-0.67742	0.00018105
-2.2449	-0.5329	0.00015717
-2.2449	-0.49677	0.00017869
-2.2449	-0.35226	0.0001884
-2.2449	-0.24387	0.00015136
-2.2449	-0.20774	0.00043236
-2.2449	-0.17162	0.0004667
-2.2449	-0.13549	0.00016819
-2.2449	-0.063226	0.00046437
-2.2449	-0.027097	0.00098645
-2.2449	0.0090325	0.00082202
-2.2449	0.045162	0.00017283
-2.2449	0.081291	0.00023677
-2.2449	0.11742	0.0014388
-2.2449	0.15355	0.0023414
-2.2449	0.18968	0.0014552
-2.2449	0.2258	0.0001391
-2.2449	0.26194	0.0023345
-2.2449	0.29807	0.010274
-2.2449	0.3342	0.020832
-2.2449	0.37032	0.027344
-2.2449	0.40645	0.025511
-2.2449	0.44258	0.017126
-2.2449	0.47871	0.007847
-2.2449	0.51484	0.002037
-2.2449	0.55097	0.00013265
-2.2449	0.5871	0.00015295
-2.2449	0.62323	0.00037792
-2.2449	0.65936	0.00031724
-2.2449	0.69549	0.00012608
-2.2449	0.80387	0.00024047
-2.2449	0.84	0.00024942
-2.2449	0.94839	0.00042405
-2.2449	0.98452	0.0006581
-2.2449	1.0207	0.00035206
-2.2449	1.0929	0.00057467
-2.2449	1.129	0.0013868
-2.2449	1.1651	0.0011867
-2.2449	1.2013	0.00026278
-2.2449	1.2374	0.00023588
-2.2449	1.2735	0.0011642
-2.2449	1.3096	0.0014378
-2.2449	1.3458	0.00065506
-2.2449	1.4181	0.00025247
-2.2449	1.4542	0.00053593
-2.2449	1.4903	0.00037934
-2.2449	1.5987	0.0001741
-2.2449	1.6349	0.00034566
-2.2449	1.6709	0.00057265
-2.2449	1.7071	0.00088277
-2.2449	1.7432	0.0010709
-2.2449	1.7793	0.00091134
-2.2449	1.8155	0.00048654
-2.221	-0.96645	0.00019371
-2.221	-0.93032	0.000281
-2.221	-0.89419	0.00029564
-2.221	-0.85806	0.00021773
-2.221	-0.35226	0.00012469
-2.221	-0.24387	0.00014911
-2.221	-0.20774	0.00035434
-2.221	-0.17162	0.00033788
-2.221	-0.063226	0.00045406
-2.221	-0.027097	0.00085383
-2.221	0.0090325	0.00063648
-2.221	0.081291	0.0003209
-2.221	0.11742	0.0015507
-2.221	0.15355	0.00231
-2.221	0.18968	0.0012757
-2.221	0.2258	0.00014326
-2.221	0.26194	0.0032986
-2.221	0.29807	0.013259
-2.221	0.3342	0.026518
-2.221	0.37032	0.035162
-2.221	0.40645	0.033512
-2.221	0.44258	0.023075
-2.221	0.47871	0.010776
-2.221	0.51484	0.002739
-2.221	0.55097	0.0001404
-2.221	0.5871	0.0003668
-2.221	0.62323	0.00073535
-2.221	0.65936	0.00049433
-2.221	0.69549	0.00012624
-2.221	0.98452	0.00013597
-2.221	1.0929	0.00020929
-2.221	1.129	0.00048102
-2.221	1.1651	0.00041121
-2.221	1.2374	0.00021897
-2.221	1.2735	0.0010415
-2.221	1.3096	0.0014696
-2.221	1.3458	0.0007427
-2.221	1.4181	0.00087398
-2.221	1.4542	0.0020291
-2.221	1.4903	0.0016525
-2.221	1.5265	0.00035831
-2.221	1.5626	0.00025668
-2.221	1.5987	0.0016215
-2.221	1.6349	0.002798
-2.221	1.6709	0.002674
-2.221	1.7071	0.0016986
-2.221	1.7432	0.00080193
-2.221	1.7793	0.00033483
-2.221	1.8155	0.0001346
-2.1972	-0.96645	0.00015532
-2.1972	-0.93032	0.00019175
-2.1972	-0.89419	0.00016972
-2.1972	-0.24387	0.00013395
-2.1972	-0.20774	0.00027019
-2.1972	-0.17162	0.00022725
-2.1972	-0.063226	0.00040033
-2.1972	-0.027097	0.0006722
-2.1972	0.0090325	0.00044388
-2.1972	0.081291	0.00037331
-2.1972	0.11742	0.0014891
-2.1972	0.15355	0.0020313
-2.1972	0.18968	0.00097706
-2.1972	0.2258	0.00019309
-2.1972	0.26194	0.0040056
-2.1972	0.29807	0.014808
-2.1972	0.3342	0.028969
-2.1972	0.37032	0.038293
-2.1972	0.40645	0.036655
-2.1972	0.44258	0.025372
-2.1972	0.47871	0.011806
-2.1972	0.51484	0.0028648
-2.1972	0.55097	0.00012239
-2.1972	0.5871	0.00063808
-2.1972	0.62323	0.0011528
-2.1972	0.65936	0.00074357
-2.1972	0.69549	0.00016393
-2.1972	0.76774	0.00013908
-2.1972	0.80387	0.0001796
-2.1972	1.2735	0.00039288
-2.1972	1.3096	0.00053726
-2.1972	1.3458	0.00025307
-2.1972	1.4181	0.00074201
-2.1972	1.4542	0.001869
-2.1972	1.4903	0.0017705
-2.1972	1.5265	0.00038641
-2.1972	1.5626	0.00084115
-2.1972	1.5987	0.0056708
-2.1972	1.6349	0.012232
-2.1972	1.6709	0.014996
-2.1972	1.7071	0.01206
-2.1972	1.7432	0.0066038
-2.1972	1.7793	0.0024095
-2.1972	1.8155	0.00052723
-2.1734	-0.96645	0.0001832
-2.1734	-0.93032	0.00020661
-2.1734	-0.89419	0.00016604
-2.1734	-0.20774	0.0001943
-2.1734	-0.17162	0.00014501
-2.1734	-0.063226	0.00032
-2.1734	-0.027097	0.00048402
-2.1734	0.0090325	0.00028061
-2.1734	0.081291	0.00037938
-2.1734	0.11742	0.0012888
-2.1734	0.15355	0.001612
-2.1734	0.18968	0.00066178
-2.1734	0.2258	0.00027094
-2.1734	0.26194	0.0042924
-2.1734	0.29807	0.014725
-2.1734	0.3342	0.028107
-2.1734	0.37032	0.036812
-2.1734	0.40645	0.035088
-2.1734	0.44258	0.024144
-2.1734	0.47871	0.011026
-2.1734	0.51484	0.00249
-2.1734	0.5871	0.00087726
-2.1734	0.62323	0.0014288
-2.1734	0.65936	0.00087394
-2.1734	0.69549	0.00016699
-2.1734	0.76774	0.00025582
-2.1734	0.80387	0.00030678
-2.1734	0.84	0.0001479
-2.1734	1.3096	0.00014113
-2.1734	1.4181	0.00032606
-2.1734	1.4542	0.0007608
-2.1734	1.4903	0.00069536
-2.1734	1.5265	0.00012218
-2.1734	1.5626	0.00072153
-2.1734	1.5987	0.0048245
-2.1734	1.6349	0.012354
-2.1734	1.6709	0.019229
-2.1734	1.7071	0.020386
-2.1734	1.7432	0.014993
-2.1734	1.7793	0.0073391
-2.1734	1.8155	0.002076
-2.1734	1.8516	0.00019997
-2.1496	-1.0026	0.00015497
-2.1496	-0.96645	0.00023431
-2.1496	-0.93032	0.00025643
-2.1496	-0.89419	0.00020247
-2.1496	-0.20774	0.00013437
-2.1496	-0.063226	0.00023275
-2.1496	-0.027097	0.00032068
-2.1496	0.0090325	0.00016261
-2.1496	0.081291	0.00033965
-2.1496	0.11742	0.0010092
-2.1496	0.15355	0.0011601
-2.1496	0.18968	0.0003982
-2.1496	0.2258	0.00033935
-2.1496	0.26194	0.0041083
-2.1496	0.29807	0.013202
-2.1496	0.3342	0.024596
-2.1496	0.37032	0.031839
-2.1496	0.40645	0.030092
-2.1496	0.44258	0.020457
-2.1496	0.47871	0.0090827
-2.1496	0.51484	0.0018696
-2.1496	0.5871	0.0010204
-2.1496	0.62323	0.0015009
-2.1496	0.65936	0.00085868
-2.1496	0.69549	0.00013878
-2.1496	0.76774	0.00035547
-2.1496	0.80387	0.00039537
-2.1496	0.84	0.00017486
-2.1496	1.4542	0.00024278
-2.1496	1.4903	0.00020354
-2.1496	1.5626	0.00038028
-2.1496	1.5987	0.0022393
-2.1496	1.6349	0.0057376
-2.1496	1.6709	0.0093792
-2.1496	1.7071	0.010862
-2.1496	1.7432	0.00907
-2.1496	1.7793	0.0052163
-2.1496	1.8155	0.0017545
-2.1496	1.8516	0.00017983
-2.1496	1.9239	0.00029879
-2.1496	1.96	0.00023619
-2.1258	-1.0026	0.00019567
-2.1258	-0.96645	0.00028717
-2.1258	-0.93032	0.00030801
-2.1258	-0.89419	0.00024045
-2.1258	-0.85806	0.00012675
-2.1258	-0.063226	0.00015496
-2.1258	-0.027097	0.00019786
-2.1258	0.081291	0.00026809
-2.1258	0.11742	0.00071447
-2.1258	0.15355	0.00075799
-2.1258	0.18968	0.00021389
-2.1258	0.2258	0.00036417
-2.1258	0.26194	0.0035227
-2.1258	0.29807	0.010706
-2.1258	0.3342	0.019506
-2.1258	0.37032	0.024945
-2.1258	0.40645	0.023333
-2.1258	0.44258	0.015616
-2.1258	0.47871	0.0066959
-2.1258	0.51484	0.0012315
-2.1258	0.55097	0.00014426
-2.1258	0.5871	0.0010383
-2.1258	0.62323	0.0013846
-2.1258	0.65936	0.00073403
-2.1258	0.76774	0.00041091
-2.1258	0.80387	0.00042157
-2.1258	0.84	0.00016884
-2.1258	0.94839	0.00013567
-2.1258	1.5626	0.00016192
-2.1258	1.5987	0.00085886
-2.1258	1.6349	0.0021795
-2.1258	1.6709	0.0036003
-2.1258	1.7071	0.0042331
-2.1258	1.7432	0.0035896
-2.1258	1.7793	0.0020882
-2.1258	1.8155	0.00069539
-2.1258	1.9239	0.00021421
-2.1258	1.96	0.00018527
-2.1019	-1.0026	0.00023269
-2.1019	-0.96645	0.0003327
-2.1019	-0.93032	0.00034912
-2.1019	-0.89419	0.00026704
-2.1019	-0.85806	0.00013772
-2.1019	0.081291	0.00018558
-2.1019	0.11742	0.00045603
-2.1019	0.15355	0.0004502
-2.1019	0.2258	0.00033198
-2.1019	0.26194	0.0026962
-2.1019	0.29807	0.0078273
-2.1019	0.3342	0.013991
-2.1019	0.37032	0.017691
-2.1019	0.40645	0.016366
-2.1019	0.44258	0.010759
-2.1019	0.47871	0.0044291
-2.1019	0.51484	0.00071322
-2.1019	0.55097	0.00017254
-2.1019	0.5871	0.00093887
-2.1019	0.62323	0.0011394
-2.1019	0.65936	0.00055562
-2.1019	0.73162	0.00014371
-2.1019	0.76774	0.00041297
-2.1019	0.80387	0.00038935
-2.1019	0.84	0.00013977
-2.1019	0.94839	0.00015896
-2.1019	1.0929	0.0001288
-2.1019	1.5987	0.00025682
-2.1019	1.6349	0.00064981
-2.1019	1.6709	0.0011108
-2.1019	1.7071	0.0013602
-2.1019	1.7432	0.0011926
-2.1019	1.7793	0.00070481
-2.1019	1.8155	0.00022831
-2.0781	-1.0387	0.0001307
-2.0781	-1.0026	0.00026127
-2.0781	-0.96645	0.0003652
-2.0781	-0.93032	0.00037488
-2.0781	-0.89419	0.00027935
-2.0781	-0.85806	0.00013864
-2.0781	0.11742	0.00026266
-2.0781	0.15355	0.00024497
-2.0781	0.2258	0.00025494
-2.0781	0.26194	0.0018249
-2.0781	0.29807	0.0051168
-2.0781	0.3342	0.0090081
-2.0781	0.37032	0.011278
-2.0781	0.40645	0.010318
-2.0781	0.44258	0.00665
-2.0781	0.47871	0.002612
-2.0781	0.51484	0.00036131
-2.0781	0.55097	0.00018375
-2.0781	0.5871	0.00075875
-2.0781	0.62323	0.0008397
-2.0781	0.65936	0.00037422
-2.0781	0.73162	0.00015366
-2.0781	0.76774	0.00036806
-2.0781	0.80387	0.00031764
-2.0781	0.94839	0.00015749
-2.0781	1.0929	0.00016489
-2.0781	1.129	0.00013123
-2.0781	1.2735	0.00013445
-2.0781	1.5987	0.00014805
-2.0781	1.6349	0.00024251
-2.0781	1.6709	0.00031736
-2.0781	1.7071	0.00035039
-2.0781	1.7432	0.0003055
-2.0781	1.7793	0.00018531
-2.0542	-1.0387	0.00014119
-2.0542	-1.0026	0.00027533
-2.0542	-0.96645	0.00037794
-2.0542	-0.93032	0.00038054
-2.0542	-0.89419	0.00027606
-2.0542	-0.85806	0.00013073
-2.0542	0.11742	0.00013967
-2.0542	0.15355	0.00012556
-2.0542	0.2258	0.00016298
-2.0542	0.26194	0.0010807
-2.0542	0.29807	0.0029592
-2.0542	0.3342	0.0051492
-2.0542	0.37032	0.0063881
-2.0542	0.40645	0.0057736
-2.0542	0.44258	0.0036359
-2.0542	0.47871	0.0013506
-2.0542	0.51484	0.00015948
-2.0542	0.55097	0.00017121
-2.0542	0.5871	0.00054734
-2.0542	0.62323	0.00055164
-2.0542	0.65936	0.00022336
-2.0542	0.73162	0.0001453
-2.0542	0.76774	0.00029307
-2.0542	0.80387	0.00023008
-2.0542	0.94839	0.00013595
-2.0542	1.0929	0.00018138
-2.0542	1.129	0.00012956
-2.0542	1.2374	0.00013192
-2.0542	1.2735	0.00017617
-2.0542	1.4181	0.00015001
-2.0542	1.4542	0.00015082
-2.0542	1.5626	0.00014968
-2.0542	1.5987	0.00037208
-2.0542	1.6349	0.00049677
-2.0542	1.6709	0.00044703
-2.0542	1.7071	0.00029536
-2.0542	1.7432	0.00015002
-2.0305	-1.0387	0.00014043
-2.0305	-1.0026	0.00026869
-2.0305	-0.96645	0.00036406
-2.0305	-0.93032	0.00036113
-2.0305	-0.89419	0.00025569
-2.0305	0.26194	0.0005678
-2.0305	0.29807	0.0015206
-2.0305	0.3342	0.0026033
-2.0305	0.37032	0.0031806
-2.0305	0.40645	0.0028194
-2.0305	0.44258	0.0017177
-2.0305	0.47871	0.0005925
-2.0305	0.55097	0.00014002
-2.0305	0.5871	0.00035009
-2.0305	0.62323	0.00031855
-2.0305	0.73162	0.00012296
-2.0305	0.76774	0.00020849
-2.0305	0.80387	0.00014712
-2.0305	1.0929	0.00017689
-2.0305	1.2374	0.00016021
-2.0305	1.2735	0.0001944
-2.0305	1.4181	0.00022195
-2.0305	1.4542	0.00020919
-2.0305	1.5626	0.00032188
-2.0305	1.5987	0.00078909
-2.0305	1.6349	0.0010917
-2.0305	1.6709	0.0010259
-2.0305	1.7071	0.00068782
-2.0305	1.7432	0.00032406
-2.0067	-1.0387	0.00012612
-2.0067	-1.0026	0.00023829
-2.0067	-0.96645	0.0003206
-2.0067	-0.93032	0.00031503
-2.0067	-0.89419	0.00021868
-2.0067	0.26194	0.0003103
-2.0067	0.29807	0.00076713
-2.0067	0.3342	0.001236
-2.0067	0.37032	0.0014323
-2.0067	0.40645	0.0012027
-2.0067	0.44258	0.00068262
-2.0067	0.47871	0.00020708
-2.0067	0.5871	0.00019672
-2.0067	0.62323	0.0001573
-2.0067	0.76774	0.00013186
-2.0067	1.0929	0.00015577
-2.0067	1.2374	0.00017038
-2.0067	1.2735	0.00018753
-2.0067	1.382	0.0001204
-2.0067	1.4181	0.0002729
-2.0067	1.4542	0.00023761
-2.0067	1.5626	0.0005296
-2.0067	1.5987	0.0012577
-2.0067	1.6349	0.0017622
-2.0067	1.6709	0.0017087
-2.0067	1.7071	0.0011939
-2.0067	1.7432	0.00058692
-2.0067	1.7793	0.00018115
-1.9829	-1.0026	0.00018723
-1.9829	-0.96645	0.00025211
-1.9829	-0.93032	0.0002472
-1.9829	-0.89419	0.00016928
-1.9829	0.26194	0.0002679
-1.9829	0.29807	0.00053723
-1.9829	0.3342	0.000732
-1.9829	0.37032	0.00072624
-1.9829	0.40645	0.00051913
-1.9829	0.44258	0.00024113
-1.9829	1.0929	0.00012551
-1.9829	1.2374	0.00016162
-1.9829	1.2735	0.00016119
-1.9829	1.382	0.00014418
-1.9829	1.4181	0.00029131
-1.9829	1.4542	0.00023214
-1.9829	1.5626	0.00072212
-1.9829	1.5987	0.0016482
-1.9829	1.6349	0.0022995
-1.9829	1.6709	0.0022508
-1.9829	1.7071	0.0015968
-1.9829	1.7432	0.00079641
-1.9829	1.7793	0.00024532
-1.959	-1.0026	0.0001252
-1.959	-0.96645	0.00017099
-1.959	-0.93032	0.00016925
-1.959	0.2258	0.00012564
-1.959	0.26194	0.00036953
-1.959	0.29807	0.00062996
-1.959	0.3342	0.00074165
-1.959	0.37032	0.00062865
-1.959	0.40645	0.00037012
-1.959	0.44258	0.00012809
-1.959	1.2374	0.00013812
-1.959	1.2735	0.00012474
-1.959	1.382	0.00015158
-1.959	1.4181	0.00027584
-1.959	1.4542	0.00019975
-1.959	1.5265	0.00015568
-1.959	1.5626	0.00085189
-1.959	1.5987	0.0018665
-1.959	1.6349	0.0025726
-1.959	1.6709	0.0025135
-1.959	1.7071	0.0017847
-1.959	1.7432	0.00088672
-1.959	1.7793	0.00026601
-1.9351	0.2258	0.00020759
-1.9351	0.26194	0.00054608
-1.9351	0.29807	0.0008745
-1.9351	0.3342	0.00098368
-1.9351	0.37032	0.00080176
-1.9351	0.40645	0.00045528
-1.9351	0.44258	0.00015365
-1.9351	1.382	0.00014147
-1.9351	1.4181	0.0002341
-1.9351	1.4542	0.00015308
-1.9351	1.5265	0.00018609
-1.9351	1.5626	0.00088834
-1.9351	1.5987	0.0018718
-1.9351	1.6349	0.0025406
-1.9351	1.6709	0.0024637
-1.9351	1.7071	0.0017376
-1.9351	1.7432	0.00085116
-1.9351	1.7793	0.0002447
-1.9114	0.2258	0.00030427
-1.9114	0.26194	0.00074915
-1.9114	0.29807	0.0011614
-1.9114	0.3342	0.0012843
-1.9114	0.37032	0.0010408
-1.9114	0.40645	0.00059622
-1.9114	0.44258	0.00020987
-1.9114	1.4181	0.00017872
-1.9114	1.5265	0.00019382
-1.9114	1.5626	0.00082654
-1.9114	1.5987	0.0016803
-1.9114	1.6349	0.0022443
-1.9114	1.6709	0.0021546
-1.9114	1.7071	0.001503
-1.9114	1.7432	0.00072128
-1.9114	1.7793	0.0001963
-1.8875	0.2258	0.00040659
-1.8875	0.26194	0.00095146
-1.8875	0.29807	0.0014361
-1.8875	0.3342	0.0015618
-1.8875	0.37032	0.0012522
-1.8875	0.40645	0.0007133
-1.8875	0.44258	0.0002509
-1.8875	1.4181	0.00012276
-1.8875	1.5265	0.00017658
-1.8875	1.5626	0.00068695
-1.8875	1.5987	0.0013536
-1.8875	1.6349	0.0017805
-1.8875	1.6709	0.0016908
-1.8875	1.7071	0.0011639
-1.8875	1.7432	0.00054472
-1.8875	1.7793	0.00013881
-1.8638	0.2258	0.00050592
-1.8638	0.26194	0.0011345
-1.8638	0.29807	0.0016713
-1.8638	0.3342	0.0017841
-1.8638	0.37032	0.0014055
-1.8638	0.40645	0.00078391
-1.8638	0.44258	0.00026594
-1.8638	1.5265	0.00014008
-1.8638	1.5626	0.00050731
-1.8638	1.5987	0.00097446
-1.8638	1.6349	0.0012649
-1.8638	1.6709	0.0011883
-1.8638	1.7071	0.00080614
-1.8638	1.7432	0.00036657
-1.8399	0.18968	0.000135
-1.8399	0.2258	0.00058957
-1.8399	0.26194	0.0012753
-1.8399	0.29807	0.0018396
-1.8399	0.3342	0.0019294
-1.8399	0.37032	0.0014895
-1.8399	0.40645	0.00080644
-1.8399	0.44258	0.00025791
-1.8399	1.5626	0.00032947
-1.8399	1.5987	0.00062099
-1.8399	1.6349	0.00079742
-1.8399	1.6709	0.00074151
-1.8399	1.7071	0.00049514
-1.8399	1.7432	0.00021784
-1.8161	0.18968	0.00015938
-1.8161	0.2258	0.00063904
-1.8161	0.26194	0.0013416
-1.8161	0.29807	0.0019036
-1.8161	0.3342	0.0019679
-1.8161	0.37032	0.0014908
-1.8161	0.40645	0.00078141
-1.8161	0.44258	0.00023231
-1.8161	1.5626	0.00018675
-1.8161	1.5987	0.00034694
-1.8161	1.6349	0.00044085
-1.8161	1.6709	0.00040508
-1.8161	1.7071	0.00026527
-1.7922	0.18968	0.00017017
-1.7922	0.2258	0.00063427
-1.7922	0.26194	0.0013009
-1.7922	0.29807	0.0018257
-1.7922	0.3342	0.0018692
-1.7922	0.37032	0.0013948
-1.7922	0.40645	0.00070871
-1.7922	0.44258	0.00019429
-1.7922	1.5987	0.00017338
-1.7922	1.6349	0.00021458
-1.7922	1.6709	0.00019194
-1.7922	1.7071	0.00012132
-1.7685	0.18968	0.0001604
-1.7685	0.2258	0.00056298
-1.7685	0.26194	0.0011372
-1.7685	0.29807	0.0015895
-1.7685	0.3342	0.0016223
-1.7685	0.37032	0.0011993
-1.7685	0.40645	0.00059305
-1.7685	0.44258	0.00014931
-1.7446	0.18968	0.00012818
-1.7446	0.2258	0.00043046
-1.7446	0.26194	0.00086679
-1.7446	0.29807	0.0012198
-1.7446	0.3342	0.0012531
-1.7446	0.37032	0.00092566
-1.7446	0.40645	0.00044858
-1.7208	0.2258	0.00026438
-1.7208	0.26194	0.00054313
-1.7208	0.29807	0.00078515
-1.7208	0.3342	0.00082609
-1.7208	0.37032	0.00061905
-1.7208	0.40645	0.00029787
-1.697	0.26194	0.00024482
-1.697	0.29807	0.00038188
-1.697	0.3342	0.00042825
-1.697	0.37032	0.00033648
-1.697	0.40645	0.00016545
-1.697	1.5626	0.00012778
-1.697	1.5987	0.00014572
-1.697	1.6349	0.00012014
-1.6732	0.3342	0.00014109
-1.6732	0.37032	0.00012805
-1.6732	1.5626	0.00016941
-1.6732	1.5987	0.00018878
-1.6732	1.6349	0.00015361
-1.6493	1.5265	0.00013365
-1.6493	1.5626	0.0002091
-1.6493	1.5987	0.00022754
-1.6493	1.6349	0.00018172
-1.6256	0.2258	0.00012555
-1.6256	0.26194	0.00013938
-1.6256	1.5265	0.00016058
-1.6256	1.5626	0.00024333
-1.6256	1.5987	0.00025867
-1.6256	1.6349	0.00020207
-1.6018	0.18968	0.00015737
-1.6018	0.2258	0.00030373
-1.6018	0.26194	0.00037781
-1.6018	0.29807	0.00032571
-1.6018	0.3342	0.00019213
-1.6018	1.5265	0.00018119
-1.6018	1.5626	0.00026709
-1.6018	1.5987	0.00027808
-1.6018	1.6349	0.00021261
-1.578	0.18968	0.00025535
-1.578	0.2258	0.00049823
-1.578	0.26194	0.00064597
-1.578	0.29807	0.00059283
-1.578	0.3342	0.00038035
-1.578	0.37032	0.00015433
-1.578	1.5265	0.00018987
-1.578	1.5626	0.00027369
-1.578	1.5987	0.00028029
-1.578	1.6349	0.00021041
-1.5541	0.18968	0.00033002
-1.5541	0.2258	0.0006436
-1.5541	0.26194	0.00085129
-1.5541	0.29807	0.00080507
-1.5541	0.3342	0.0005351
-1.5541	0.37032	0.00022469
-1.5541	1.5265	0.00018135
-1.5541	1.5626	0.00025721
-1.5541	1.5987	0.00026055
-1.5541	1.6349	0.00019301
-1.5303	0.18968	0.00035341
-1.5303	0.2258	0.0006888
-1.5303	0.26194	0.00092429
-1.5303	0.29807	0.00089137
-1.5303	0.3342	0.00060361
-1.5303	0.37032	0.00025527
-1.5303	1.5265	0.00015356
-1.5303	1.5626	0.00021614
-1.5303	1.5987	0.00021827
-1.5303	1.6349	0.00016068
-1.5064	0.18968	0.00031436
-1.5064	0.2258	0.00061688
-1.5064	0.26194	0.00084247
-1.5064	0.29807	0.00082837
-1.5064	0.3342	0.00056929
-1.5064	0.37032	0.00024011
-1.5064	1.5626	0.00015616
-1.5064	1.5987	0.00015924
-1.4827	0.18968	0.00022607
-1.4827	0.2258	0.00045401
-1.4827	0.26194	0.00063842
-1.4827	0.29807	0.00064533
-1.4827	0.3342	0.00045235
-1.4827	0.37032	0.00019041
-1.4588	0.18968	0.00012564
-1.4588	0.2258	0.00026451
-1.4588	0.26194	0.00039038
-1.4588	0.29807	0.00041226
-1.4588	0.3342	0.00029878
-1.4588	0.37032	0.00012685
-1.435	0.2258	0.0001338
-1.435	0.26194	0.00019926
-1.435	0.29807	0.00021703
-1.435	0.3342	0.00016303
-1.4111	0.2258	0.00014585
-1.4111	0.26194	0.00016154
-1.4111	0.29807	0.00014071
-1.3874	0.15355	0.00013198
-1.3874	0.18968	0.00027128
-1.3874	0.2258	0.00036519
-1.3874	0.26194	0.00034996
-1.3874	0.29807	0.00024166
-1.3635	0.15355	0.00029631
-1.3635	0.18968	0.00060982
-1.3635	0.2258	0.00083813
-1.3635	0.26194	0.00081734
-1.3635	0.29807	0.00056006
-1.3635	0.3342	0.00024623
-1.3397	0.11742	0.00015327
-1.3397	0.15355	0.00055968
-1.3397	0.18968	0.0011627
-1.3397	0.2258	0.0016433
-1.3397	0.26194	0.001656
-1.3397	0.29807	0.0011666
-1.3397	0.3342	0.00051555
-1.3397	1.4903	0.00013267
-1.3397	1.5265	0.00016591
-1.3397	1.5626	0.00014507
-1.3159	0.11742	0.00028466
-1.3159	0.15355	0.0010109
-1.3159	0.18968	0.0021375
-1.3159	0.2258	0.0031209
-1.3159	0.26194	0.0032617
-1.3159	0.29807	0.0023732
-1.3159	0.3342	0.0010642
-1.3159	0.37032	0.00018726
-1.3159	0.44258	0.00019946
-1.3159	0.47871	0.00024145
-1.3159	1.4903	0.00016343
-1.3159	1.5265	0.00020372
-1.3159	1.5626	0.00017978
-1.2921	0.11742	0.00060423
-1.2921	0.15355	0.0021601
-1.2921	0.18968	0.004758
-1.2921	0.2258	0.0073353
-1.2921	0.26194	0.0081268
-1.2921	0.29807	0.0062363
-1.2921	0.3342	0.0028907
-1.2921	0.37032	0.00048687
-1.2921	0.40645	0.00012394
-1.2921	0.44258	0.00072113
-1.2921	0.47871	0.00082359
-1.2921	0.51484	0.0003429
-1.2921	0.62323	0.00024159
-1.2921	0.65936	0.00017989
-1.2921	1.4903	0.00016944
-1.2921	1.5265	0.00021015
-1.2921	1.5626	0.00018611
-1.2682	0.081291	0.00023904
-1.2682	0.11742	0.0023108
-1.2682	0.15355	0.0094891
-1.2682	0.18968	0.025456
-1.2682	0.2258	0.050136
-1.2682	0.26194	0.072789
-1.2682	0.29807	0.071169
-1.2682	0.3342	0.037865
-1.2682	0.37032	0.0061162
-1.2682	0.40645	0.0023582
-1.2682	0.44258	0.01146
-1.2682	0.47871	0.012231
-1.2682	0.51484	0.004605
-1.2682	0.55097	0.00024189
-1.2682	0.5871	0.0014072
-1.2682	0.62323	0.0022746
-1.2682	0.65936	0.0012568
-1.2682	0.69549	0.00023558
-1.2682	0.76774	0.00017956
-1.2682	0.80387	0.00019592
-1.2682	1.4903	0.00014789
-1.2682	1.5265	0.00018338
-1.2682	1.5626	0.00016326
-1.2445	-0.027097	0.00029064
-1.2445	0.0090325	0.00050067
-1.2445	0.045162	0.0001966
-1.2445	0.081291	0.0054326
-1.2445	0.11742	0.051937
-1.2445	0.15355	0.095359
-1.2445	0.18968	0.19016
-1.2445	0.2258	0.20379
-1.2445	0.26194	0.10621
-1.2445	0.29807	0.041912
-1.2445	0.3342	0.01168
-1.2445	0.37032	0.0012329
-1.2445	0.40645	0.00054337
-1.2445	0.44258	0.0023119
-1.2445	0.47871	0.0025965
-1.2445	0.51484	0.0011614
-1.2445	0.5871	0.0011867
-1.2445	0.62323	0.0037967
-1.2445	0.65936	0.0041462
-1.2445	0.69549	0.0010744
-1.2445	0.73162	0.0003139
-1.2445	0.76774	0.0022804
-1.2445	0.80387	0.0025419
-1.2445	0.84	0.00067605
-1.2445	0.94839	0.00016172
-1.2445	1.5265	0.00013404
-1.2445	1.5626	0.00012081
-1.2206	-0.063226	0.00064087
-1.2206	-0.027097	0.0068549
-1.2206	0.0090325	0.0060219
-1.2206	0.045162	0.0012363
-1.2206	0.081291	0.0037694
-1.2206	0.11742	0.0095043
-1.2206	0.15355	0.013622
-1.2206	0.18968	0.014738
-1.2206	0.2258	0.012629
-1.2206	0.26194	0.0084836
-1.2206	0.29807	0.0042009
-1.2206	0.3342	0.001281
-1.2206	0.37032	0.00012069
-1.2206	0.40645	0.00012144
-1.2206	0.44258	0.0003811
-1.2206	0.47871	0.00037323
-1.2206	0.51484	0.000145
-1.2206	0.62323	0.00026614
-1.2206	0.65936	0.00024453
-1.2206	0.76774	0.00042321
-1.2206	0.80387	0.00098375
-1.2206	0.84	0.00090703
-1.2206	0.91226	0.0009522
-1.2206	0.94839	0.0021348
-1.2206	0.98452	0.0008936
-1.2206	1.0207	0.00013094
-1.1968	-0.17162	0.00024747
-1.1968	-0.13549	0.00038835
-1.1968	-0.099357	0.00036216
-1.1968	-0.063226	0.0036044
-1.1968	-0.027097	0.0023964
-1.1968	0.0090325	0.00066706
-1.1968	0.081291	0.00054982
-1.1968	0.11742	0.0020244
-1.1968	0.15355	0.0037479
-1.1968	0.18968	0.0047511
-1.1968	0.2258	0.0044763
-1.1968	0.26194	0.0031492
-1.1968	0.29807	0.0015557
-1.1968	0.3342	0.000438
-1.1968	0.44258	0.00018352
-1.1968	0.47871	0.00015531
-1.1968	0.91226	0.00016635
-1.1968	0.94839	0.0007501
-1.1968	0.98452	0.0014339
-1.1968	1.0207	0.00051127
-1.1968	1.0568	0.00028263
-1.1968	1.0929	0.00071177
-1.1968	1.129	0.00041365
-1.1968	1.1651	0.00011981
-1.173	-0.20774	0.00086261
-1.173	-0.17162	0.0024324
-1.173	-0.13549	0.00095802
-1.173	-0.063226	0.00019615
-1.173	-0.027097	0.0002276
-1.173	0.081291	0.0002421
-1.173	0.11742	0.00089766
-1.173	0.15355	0.0017436
-1.173	0.18968	0.0023089
-1.173	0.2258	0.0022411
-1.173	0.26194	0.0015925
-1.173	0.29807	0.00076896
-1.173	0.3342	0.00019513
-1.173	0.44258	0.00011981
-1.173	1.0929	0.0010363
-1.173	1.129	0.0018945
-1.173	1.1651	0.00083033
-1.173	1.2374	0.00014835
-1.173	1.2735	0.00019031
-1.173	1.4903	0.00012292
-1.1492	-0.24387	0.0011271
-1.1492	-0.20774	0.0017295
-1.1492	-0.17162	0.00020841
-1.1492	0.081291	0.00012349
-1.1492	0.11742	0.0004431
-1.1492	0.15355	0.00087402
-1.1492	0.18968	0.0011838
-1.1492	0.2258	0.0011698
-1.1492	0.26194	0.00083512
-1.1492	0.29807	0.0003934
-1.1492	1.129	0.0001826
-1.1492	1.1651	0.00014836
-1.1492	1.2374	0.0012731
-1.1492	1.2735	0.0022007
-1.1492	1.3096	0.0006455
-1.1492	1.4181	0.00024762
-1.1492	1.4542	0.00036828
-1.1492	1.4903	0.00035279
-1.1492	1.5265	0.0002463
-1.1492	1.5626	0.00012833
-1.1253	-0.28	0.00018597
-1.1253	-0.24387	0.00018598
-1.1253	0.11742	0.00020986
-1.1253	0.15355	0.00041361
-1.1253	0.18968	0.00056692
-1.1253	0.2258	0.00056722
-1.1253	0.26194	0.00040607
-1.1253	0.29807	0.00018641
-1.1253	1.2374	0.00024708
-1.1253	1.2735	0.0011083
-1.1253	1.3096	0.0017251
-1.1253	1.3458	0.00020351
-1.1253	1.382	0.00070943
-1.1253	1.4181	0.001347
-1.1253	1.4542	0.0013821
-1.1253	1.4903	0.0010684
-1.1253	1.5265	0.00064858
-1.1253	1.5626	0.00030379
-1.1016	-0.38838	0.00025337
-1.1016	-0.35226	0.0015716
-1.1016	-0.31613	0.00019715
-1.1016	0.15355	0.00019145
-1.1016	0.18968	0.0002539
-1.1016	0.2258	0.00024979
-1.1016	0.26194	0.00017624
-1.1016	1.2735	0.00013857
-1.1016	1.3096	0.00014598
-1.1016	1.382	0.0019721
-1.1016	1.4181	0.0096764
-1.1016	1.4542	0.011941
-1.1016	1.4903	0.0050982
-1.1016	1.5265	0.0021057
-1.1016	1.5626	0.00078571
-1.1016	1.5987	0.00022663
-1.0777	-0.42451	0.00032156
-1.0777	-0.38838	0.0018411
-1.0777	-0.35226	0.00023962
-1.0777	0.15355	0.00013096
-1.0777	0.18968	0.00014821
-1.0777	0.2258	0.00012769
-1.0777	1.382	0.00026111
-1.0777	1.4181	0.0021207
-1.0777	1.4542	0.012211
-1.0777	1.4903	0.023914
-1.0777	1.5265	0.016365
-1.0777	1.5626	0.0035361
-1.0777	1.5987	0.00066119
-1.0539	-0.42451	0.00042518
-1.0539	-0.38838	0.00012889
-1.0539	0.15355	0.00016792
-1.0539	0.18968	0.0001689
-1.0539	0.2258	0.00012561
-1.0539	1.4181	0.00049481
-1.0539	1.4542	0.0015246
-1.0539	1.4903	0.0039617
-1.0539	1.5265	0.010552
-1.0539	1.5626	0.012945
-1.0539	1.5987	0.0046283
-1.0539	1.6349	0.00036227
-1.0301	0.11742	0.00017072
-1.0301	0.15355	0.00023952
-1.0301	0.18968	0.00023919
-1.0301	0.2258	0.00017395
-1.0301	1.4181	0.00024434
-1.0301	1.4542	0.00057922
-1.0301	1.4903	0.0010202
-1.0301	1.5265	0.0014797
-1.0301	1.5626	0.0019112
-1.0301	1.5987	0.0023092
-1.0301	1.6349	0.0010619
-1.0063	-0.5329	0.00013124
-1.0063	0.11742	0.00020726
-1.0063	0.15355	0.00029303
-1.0063	0.18968	0.00029661
-1.0063	0.2258	0.0002178
-1.0063	1.4181	0.00016637
-1.0063	1.4542	0.00034255
-1.0063	1.4903	0.00050762
-1.0063	1.5265	0.00057987
-1.0063	1.5626	0.00051685
-1.0063	1.5987	0.00034179
-1.0063	1.6349	0.00013024
-1.0063	1.7071	0.00027563
-1.0063	1.7432	0.00028748
-0.98247	-0.56903	0.00032096
-0.98247	-0.5329	0.00012949
-0.98247	0.11742	0.00020843
-0.98247	0.15355	0.00029717
-0.98247	0.18968	0.00030486
-0.98247	0.2258	0.00022602
-0.98247	1.4181	0.00012608
-0.98247	1.4542	0.00023795
-0.98247	1.4903	0.00032001
-0.98247	1.5265	0.00032318
-0.98247	1.5626	0.00024296
-0.98247	1.5987	0.00012417
-0.98247	1.7432	0.00022441
-0.98247	1.7793	0.00019228
-0.95866	-0.60516	0.00048853
-0.95866	-0.56903	0.00053017
-0.95866	0.11742	0.00017169
-0.95866	0.15355	0.00024792
-0.95866	0.18968	0.00025822
-0.95866	0.2258	0.00019329
-0.95866	1.4542	0.00016647
-0.95866	1.4903	0.0002111
-0.95866	1.5265	0.0001982
-0.95866	1.5626	0.0001347
-0.93484	-0.60516	0.00045538
-0.93484	0.15355	0.00016502
-0.93484	0.18968	0.00017623
-0.93484	0.2258	0.00013407
-0.93484	1.4903	0.00013152
-0.91102	-0.64129	0.00021113
-0.86338	-0.71355	0.00027654
-0.83957	-0.71355	0.00018325
-0.81576	-0.74968	0.00023977
-0.79193	-0.7858	0.00017956
-0.79193	0.11742	0.00012645
-0.79193	0.15355	0.00012396
-0.76811	-0.7858	0.00029814
-0.76811	0.11742	0.00013605
-0.76811	0.15355	0.00013682
-0.7443	-0.82193	0.00015015
-0.57757	0.081291	0.00013536
-0.57757	0.11742	0.00013535
-0.55376	-0.93032	0.00023041
-0.55376	0.081291	0.00014682
-0.55376	0.11742	0.00014955
-0.52994	-0.96645	0.00017912
-0.52994	0.081291	0.00012696
-0.52994	0.11742	0.00013202
-0.50612	-0.96645	0.00018953
-0.48231	-0.96645	0.00012874
-0.38704	-1.0026	0.00015338
-0.33941	-1.0387	0.00015235
-0.17267	-1.0749	0.00031677
-0.14886	-1.0749	0.00025155
-0.12505	-1.0749	0.00024147
-0.10123	-1.0749	0.00030383
-0.077408	-1.0749	0.00041579
-0.053589	-1.0749	0.00052296
-0.029772	-1.0749	0.00053961
-0.0059545	-1.0749	0.00048172
-0.0059545	-0.063226	0.00017741
-0.0059545	-0.027097	0.00023385
-0.0059545	0.0090325	0.00021734
-0.0059545	0.045162	0.00014549
0.017863	-1.0749	0.00052652
0.017863	-0.099357	0.00014365
0.017863	-0.063226	0.00029753
0.017863	-0.027097	0.00040005
0.017863	0.0090325	0.00038377
0.017863	0.045162	0.0002662
0.017863	0.081291	0.00012686
0.04168	-1.0749	0.00074522
0.04168	-0.099357	0.00019677
0.04168	-0.063226	0.00040204
0.04168	-0.027097	0.00054476
0.04168	0.0090325	0.00053055
0.04168	0.045162	0.00037355
0.04168	0.081291	0.00017868
0.065499	-1.0749	0.00098916
0.065499	-0.099357	0.00022524
0.065499	-0.063226	0.00045462
0.065499	-0.027097	0.00061887
0.065499	0.0090325	0.00060833
0.065499	0.045162	0.00043107
0.065499	0.081291	0.00020454
0.089316	-1.0749	0.0011152
0.089316	-0.099357	0.00021409
0.089316	-0.063226	0.00042997
0.089316	-0.027097	0.00059006
0.089316	0.0090325	0.00058588
0.089316	0.045162	0.00041715
0.089316	0.081291	0.00019537
0.11314	-1.0749	0.0011693
0.11314	-0.099357	0.00016247
0.11314	-0.063226	0.00033015
0.11314	-0.027097	0.00046221
0.11314	0.0090325	0.00046748
0.11314	0.045162	0.00033616
0.11314	0.081291	0.00015549
0.13695	-1.0749	0.0013451
0.13695	-0.063226	0.00018896
0.13695	-0.027097	0.00027842
0.13695	0.0090325	0.00029363
0.13695	0.045162	0.00021688
0.16076	-1.0749	0.0020123
0.16076	0.0090325	0.00012588
0.18458	-1.0749	0.0014169
0.2084	-1.0749	0.00023295
0.23223	-1.0749	0.00020188
0.23223	-1.0387	0.00018879
0.23223	-0.099357	0.00015189
0.23223	-0.063226	0.00018124
0.23223	-0.027097	0.00015061
0.25604	-1.0749	0.00022407
0.25604	-1.0387	0.0016056
0.25604	-0.13549	0.00014493
0.25604	-0.099357	0.00027711
0.25604	-0.063226	0.00035086
0.25604	-0.027097	0.00031683
0.25604	0.0090325	0.00020432
0.27985	-1.0749	0.00020812
0.27985	-1.0387	0.0022363
0.27985	-0.13549	0.00019357
0.27985	-0.099357	0.00037248
0.27985	-0.063226	0.00048486
0.27985	-0.027097	0.00045467
0.27985	0.0090325	0.00030574
0.27985	0.045162	0.00013653
0.30368	-1.0749	0.00016221
0.30368	-1.0387	0.00035366
0.30368	-0.13549	0.00020294
0.30368	-0.099357	0.00039284
0.30368	-0.063226	0.00052217
0.30368	-0.027097	0.00050222
0.30368	0.0090325	0.00034559
0.30368	0.045162	0.00015576
0.32749	-1.0387	0.00034486
0.32749	-0.13549	0.00016388
0.32749	-0.099357	0.00032355
0.32749	-0.063226	0.00044278
0.32749	-0.027097	0.00043833
0.32749	0.0090325	0.00030835
0.32749	0.045162	0.00013936
0.35131	-1.0387	0.00033731
0.35131	-1.0026	0.00032679
0.35131	-0.099357	0.00019267
0.35131	-0.063226	0.00028021
0.35131	-0.027097	0.0002922
0.35131	0.0090325	0.00021357
0.37512	-1.0387	0.0001318
0.37512	-1.0026	0.0022731
0.37512	-0.027097	0.00013008
0.39894	-1.0026	0.0050136
0.39894	-0.96645	0.00014624
0.42277	-1.0026	0.0024873
0.42277	-0.96645	0.00016926
0.44658	-1.0026	0.0036011
0.44658	-0.96645	0.00030703
0.44658	-0.13549	0.00020506
0.44658	-0.099357	0.00024438
0.44658	-0.063226	0.00020328
0.4704	-1.4	0.00013605
0.4704	-1.3639	0.00013002
0.4704	-1.0026	0.0004706
0.4704	-0.96645	0.004906
0.4704	-0.17162	0.00019538
0.4704	-0.13549	0.00037003
0.4704	-0.099357	0.00046512
0.4704	-0.063226	0.00041668
0.4704	-0.027097	0.00026535
0.49422	-1.4362	0.00012271
0.49422	-1.4	0.00016315
0.49422	-1.3639	0.00015922
0.49422	-1.0026	0.00032799
0.49422	-0.96645	0.0045868
0.49422	-0.93032	0.00012227
0.49422	-0.17162	0.00025803
0.49422	-0.13549	0.00049194
0.49422	-0.099357	0.00063547
0.49422	-0.063226	0.0005904
0.49422	-0.027097	0.00039107
0.49422	0.0090325	0.00016919
0.51804	-1.4	0.00015672
0.51804	-1.3639	0.00015593
0.51804	-1.0026	0.00029667
0.51804	-0.96645	0.012342
0.51804	-0.93032	0.00046408
0.51804	-0.17162	0.00026317
0.51804	-0.13549	0.00050682
0.51804	-0.099357	0.00067057
0.51804	-0.063226	0.00064022
0.51804	-0.027097	0.00043429
0.51804	0.0090325	0.00018943
0.54186	-1.0026	0.00025525
0.54186	-0.96645	0.002228
0.54186	-0.93032	0.0053889
0.54186	-0.17162	0.00019878
0.54186	-0.13549	0.00039515
0.54186	-0.099357	0.00054311
0.54186	-0.063226	0.00053718
0.54186	-0.027097	0.00037404
0.54186	0.0090325	0.00016368
0.56567	-1.0026	0.00019272
0.56567	-0.96645	0.00062513
0.56567	-0.93032	0.0029523
0.56567	-0.85806	0.0001291
0.56567	-0.13549	0.00020425
0.56567	-0.099357	0.00030701
0.56567	-0.063226	0.00032635
0.56567	-0.027097	0.00023922
0.58949	-0.96645	0.00022797
0.58949	-0.93032	0.00068341
0.58949	-0.89419	0.00059225
0.58949	-0.85806	0.0003189
0.58949	-0.82193	0.00017362
0.6133	-0.93032	0.00015935
0.6133	-0.89419	0.0083542
0.6133	-0.85806	0.00073751
0.6133	-0.82193	0.00027332
0.63712	-0.93032	0.00013702
0.63712	-0.89419	0.026254
0.63712	-0.85806	0.0020115
0.63712	-0.82193	0.00038693
0.63712	-0.20774	0.00013841
0.63712	-0.17162	0.00024217
0.63712	-0.13549	0.00026651
0.63712	-0.099357	0.00020097
0.66094	-1.4723	0.0001525
0.66094	-1.4362	0.00018759
0.66094	-1.4	0.00016652
0.66094	-0.93032	0.00014042
0.66094	-0.89419	0.0044752
0.66094	-0.85806	0.023234
0.66094	-0.82193	0.00054136
0.66094	-0.20774	0.00033397
0.66094	-0.17162	0.00061009
0.66094	-0.13549	0.00073468
0.66094	-0.099357	0.00062984
0.66094	-0.063226	0.00038562
0.66094	-0.027097	0.00015843
0.68476	-1.5084	0.00015673
0.68476	-1.4723	0.00027661
0.68476	-1.4362	0.00034595
0.68476	-1.4	0.00031491
0.68476	-1.3639	0.00020141
0.68476	-0.93032	0.00013953
0.68476	-0.89419	0.0007927
0.68476	-0.85806	0.020424
0.68476	-0.82193	0.0011178
0.68476	-0.7858	0.00013933
0.68476	-0.24387	0.00016881
0.68476	-0.20774	0.00057465
0.68476	-0.17162	0.0010563
0.68476	-0.13549	0.0013146
0.68476	-0.099357	0.0011819
0.68476	-0.063226	0.00076543
0.68476	-0.027097	0.00033227
0.68476	2.4658	0.00013695
0.70857	-1.5084	0.00023813
0.70857	-1.4723	0.00041482
0.70857	-1.4362	0.00051831
0.70857	-1.4	0.00047321
0.70857	-1.3639	0.00030204
0.70857	-0.93032	0.00013385
0.70857	-0.89419	0.00040053
0.70857	-0.85806	0.0086923
0.70857	-0.82193	0.01966
0.70857	-0.7858	0.00043502
0.70857	-0.24387	0.00024267
0.70857	-0.20774	0.00077605
0.70857	-0.17162	0.0014219
0.70857	-0.13549	0.0017979
0.70857	-0.099357	0.0016546
0.70857	-0.063226	0.0010975
0.70857	-0.027097	0.00048256
0.70857	1.1651	0.00013764
0.70857	1.2013	0.00013408
0.70857	2.4296	0.00024334
0.70857	2.4658	0.0011379
0.7324	-1.5445	0.00012355
0.7324	-1.5084	0.00031744
0.7324	-1.4723	0.00054241
0.7324	-1.4362	0.00067097
0.7324	-1.4	0.00060738
0.7324	-1.3639	0.00038138
0.7324	-1.3277	0.00013698
0.7324	-1.0026	0.00014316
0.7324	-0.96645	0.00012851
0.7324	-0.93032	0.00012994
0.7324	-0.89419	0.00037027
0.7324	-0.85806	0.002234
0.7324	-0.82193	0.055843
0.7324	-0.7858	0.0024008
0.7324	-0.74968	0.0002251
0.7324	-0.24387	0.00027581
0.7324	-0.20774	0.00083878
0.7324	-0.17162	0.0015354
0.7324	-0.13549	0.0019687
0.7324	-0.099357	0.0018444
0.7324	-0.063226	0.0012411
0.7324	-0.027097	0.00054472
0.7324	1.1651	0.00017042
0.7324	1.2013	0.00017092
0.7324	1.2374	0.00012364
0.7324	2.3936	0.00019976
0.7324	2.4296	0.0010176
0.7324	2.4658	0.0011428
0.75621	-1.5445	0.00015485
0.75621	-1.5084	0.0003809
0.75621	-1.4723	0.00063601
0.75621	-1.4362	0.00077452
0.75621	-1.4	0.00069014
0.75621	-1.3639	0.0004223
0.75621	-1.3277	0.00014197
0.75621	-1.0387	0.00015711
0.75621	-1.0026	0.0001939
0.75621	-0.96645	0.00014387
0.75621	-0.93032	0.00013487
0.75621	-0.89419	0.00045214
0.75621	-0.85806	0.0018536
0.75621	-0.82193	0.023253
0.75621	-0.7858	0.07845
0.75621	-0.74968	0.00055444
0.75621	-0.24387	0.00023685
0.75621	-0.20774	0.00069945
0.75621	-0.17162	0.0012987
0.75621	-0.13549	0.0017075
0.75621	-0.099357	0.0016404
0.75621	-0.063226	0.0011238
0.75621	-0.027097	0.00049207
0.75621	1.1651	0.00016495
0.75621	1.2013	0.00017069
0.75621	1.2374	0.00012712
0.75621	2.3936	0.00028218
0.75621	2.4296	0.00036105
0.75621	2.4658	0.00029192
0.78002	-1.5445	0.00017721
0.78002	-1.5084	0.00041762
0.78002	-1.4723	0.00067967
0.78002	-1.4362	0.00081148
0.78002	-1.4	0.00070798
0.78002	-1.3639	0.00041907
0.78002	-1.3277	0.00012994
0.78002	-1.2193	0.00013849
0.78002	-1.1832	0.00012745
0.78002	-1.0387	0.00020429
0.78002	-1.0026	0.00022547
0.78002	-0.96645	0.00014361
0.78002	-0.93032	0.00015232
0.78002	-0.89419	0.00056978
0.78002	-0.85806	0.0018055
0.78002	-0.82193	0.0058337
0.78002	-0.7858	0.069621
0.78002	-0.74968	0.0020379
0.78002	-0.24387	0.00012921
0.78002	-0.20774	0.00038987
0.78002	-0.17162	0.00077013
0.78002	-0.13549	0.0010794
0.78002	-0.099357	0.0010961
0.78002	-0.063226	0.00078239
0.78002	-0.027097	0.00034754
0.78002	1.2013	0.00012973
0.80385	-1.5445	0.00018669
0.80385	-1.5084	0.00042197
0.80385	-1.4723	0.00066818
0.80385	-1.4362	0.00077968
0.80385	-1.4	0.00066312
0.80385	-1.3639	0.00037718
0.80385	-1.2193	0.00015137
0.80385	-1.1832	0.00012873
0.80385	-1.0387	0.00023455
0.80385	-1.0026	0.00023256
0.80385	-0.96645	0.00013239
0.80385	-0.93032	0.00018079
0.80385	-0.89419	0.00067975
0.80385	-0.85806	0.0017577
0.80385	-0.82193	0.0034627
0.80385	-0.7858	0.0096745
0.80385	-0.74968	0.012876
0.80385	-0.71355	0.00029031
0.80385	-0.67742	0.00027986
0.80385	-0.64129	0.00012763
0.80385	-0.17162	0.00021136
0.80385	-0.13549	0.00037055
0.80385	-0.099357	0.00044623
0.80385	-0.063226	0.00036105
0.80385	-0.027097	0.00017395
0.82767	-1.5445	0.0001816
0.82767	-1.5084	0.00039438
0.82767	-1.4723	0.00060703
0.82767	-1.4362	0.00069061
0.82767	-1.4	0.00057043
0.82767	-1.3639	0.00030975
0.82767	-1.2193	0.00014953
0.82767	-1.0749	0.00013388
0.82767	-1.0387	0.00024223
0.82767	-1.0026	0.00021665
0.82767	-0.93032	0.00021386
0.82767	-0.89419	0.00075283
0.82767	-0.85806	0.0016457
0.82767	-0.82193	0.0024089
0.82767	-0.7858	0.0024205
0.82767	-0.74968	0.0011022
0.82767	-0.71355	0.0068942
0.82767	-0.67742	0.0012879
0.82767	-0.64129	0.00035089
0.82767	-0.60516	0.00014322
0.82767	-0.56903	0.00016435
0.82767	-0.5329	0.00013153
0.85148	-1.5445	0.00016271
0.85148	-1.5084	0.00034051
0.85148	-1.4723	0.00050964
0.85148	-1.4362	0.00056455
0.85148	-1.4	0.00045145
0.85148	-1.3639	0.00023252
0.85148	-1.2193	0.00013439
0.85148	-1.0749	0.00014029
0.85148	-1.0387	0.00022733
0.85148	-1.0026	0.00018429
0.85148	-0.93032	0.00024237
0.85148	-0.89419	0.0007724
0.85148	-0.85806	0.0014642
0.85148	-0.82193	0.0017331
0.85148	-0.7858	0.0010851
0.85148	-0.74968	0.0004714
0.85148	-0.71355	0.097078
0.85148	-0.67742	0.0084066
0.85148	-0.64129	0.00095994
0.85148	-0.60516	0.00024317
0.85148	-0.56903	0.00029893
0.85148	-0.5329	0.00024133
0.85148	-0.42451	0.00017433
0.85148	-0.38838	0.00026154
0.85148	-0.35226	0.00015388
0.85148	-0.24387	0.00048944
0.85148	-0.20774	0.00084271
0.85148	-0.17162	0.00089957
0.85148	-0.13549	0.00065515
0.85148	-0.099357	0.00032931
0.8753	-1.5445	0.00013306
0.8753	-1.5084	0.00026968
0.8753	-1.4723	0.00039342
0.8753	-1.4362	0.00042448
0.8753	-1.4	0.00032798
0.8753	-1.3639	0.00015922
0.8753	-1.0749	0.0001336
0.8753	-1.0387	0.00019486
0.8753	-1.0026	0.00014416
0.8753	-0.93032	0.00025747
0.8753	-0.89419	0.00073493
0.8753	-0.85806	0.0012318
0.8753	-0.82193	0.0012372
0.8753	-0.7858	0.00058472
0.8753	-0.74968	0.00045975
0.8753	-0.71355	0.019025
0.8753	-0.67742	0.10226
0.8753	-0.64129	0.0034395
0.8753	-0.60516	0.00039463
0.8753	-0.56903	0.00052042
0.8753	-0.5329	0.0004063
0.8753	-0.42451	0.00035217
0.8753	-0.38838	0.00048895
0.8753	-0.35226	0.00025036
0.8753	-0.28	0.00043539
0.8753	-0.24387	0.0015739
0.8753	-0.20774	0.0027756
0.8753	-0.17162	0.0032134
0.8753	-0.13549	0.0026503
0.8753	-0.099357	0.0015642
0.8753	-0.063226	0.00062188
0.8753	-0.027097	0.00013841
0.8753	1.0929	0.00014075
0.8753	1.129	0.00018659
0.8753	1.1651	0.00016867
0.89912	-1.5084	0.00019303
0.89912	-1.4723	0.00027599
0.89912	-1.4362	0.00029093
0.89912	-1.4	0.00021723
0.89912	-1.0387	0.00015281
0.89912	-0.93032	0.00025353
0.89912	-0.89419	0.00064874
0.89912	-0.85806	0.00097651
0.89912	-0.82193	0.00086168
0.89912	-0.7858	0.00036095
0.89912	-0.74968	0.00048965
0.89912	-0.71355	0.0045393
0.89912	-0.67742	0.12969
0.89912	-0.64129	0.076071
0.89912	-0.60516	0.00068673
0.89912	-0.56903	0.00094877
0.89912	-0.5329	0.00067194
0.89912	-0.49677	0.00013587
0.89912	-0.46064	0.00014774
0.89912	-0.42451	0.00061421
0.89912	-0.38838	0.00077764
0.89912	-0.35226	0.00033521
0.89912	-0.28	0.0010996
0.89912	-0.24387	0.0035905
0.89912	-0.20774	0.0062427
0.89912	-0.17162	0.0073517
0.89912	-0.13549	0.0062755
0.89912	-0.099357	0.003873
0.89912	-0.063226	0.0016057
0.89912	-0.027097	0.00034883
0.89912	1.0568	0.00013788
0.89912	1.0929	0.00031132
0.89912	1.129	0.0004318
0.89912	1.1651	0.00041954
0.89912	1.2013	0.00029459
0.89912	1.2374	0.00014514
0.92294	-1.5084	0.00012194
0.92294	-1.4723	0.00017248
0.92294	-1.4362	0.0001789
0.92294	-1.4	0.00012956
0.92294	-0.93032	0.00022985
0.92294	-0.89419	0.00053055
0.92294	-0.85806	0.00072725
0.92294	-0.82193	0.00058218
0.92294	-0.7858	0.00025666
0.92294	-0.74968	0.00049271
0.92294	-0.71355	0.0023837
0.92294	-0.67742	0.0081039
0.92294	-0.64129	0.034186
0.92294	-0.60516	0.0022032
0.92294	-0.56903	0.0021324
0.92294	-0.5329	0.0011811
0.92294	-0.49677	0.00018605
0.92294	-0.46064	0.0002652
0.92294	-0.42451	0.00097437
0.92294	-0.38838	0.0011087
0.92294	-0.35226	0.00038649
0.92294	-0.31613	0.00017982
0.92294	-0.28	0.0022665
0.92294	-0.24387	0.0067521
0.92294	-0.20774	0.011416
0.92294	-0.17162	0.013369
0.92294	-0.13549	0.011464
0.92294	-0.099357	0.0071253
0.92294	-0.063226	0.0029455
0.92294	-0.027097	0.00060036
0.92294	0.045162	0.00018553
0.92294	0.081291	0.00027594
0.92294	0.11742	0.00015735
0.92294	1.0568	0.00023489
0.92294	1.0929	0.00052155
0.92294	1.129	0.00073819
0.92294	1.1651	0.00074341
0.92294	1.2013	0.00054521
0.92294	1.2374	0.00028063
0.94676	-0.93032	0.00019065
0.94676	-0.89419	0.00040064
0.94676	-0.85806	0.00050705
0.94676	-0.82193	0.00038185
0.94676	-0.7858	0.00020509
0.94676	-0.74968	0.00045813
0.94676	-0.71355	0.0014779
0.94676	-0.67742	0.0028415
0.94676	-0.64129	0.0030583
0.94676	-0.60516	0.015252
0.94676	-0.56903	0.010647
0.94676	-0.5329	0.0025463
0.94676	-0.49677	0.00026797
0.94676	-0.46064	0.00045834
0.94676	-0.42451	0.0014666
0.94676	-0.38838	0.0014697
0.94676	-0.35226	0.00039306
0.94676	-0.31613	0.00044442
0.94676	-0.28	0.0040871
0.94676	-0.24387	0.011177
0.94676	-0.20774	0.018247
0.94676	-0.17162	0.021008
0.94676	-0.13549	0.017838
0.94676	-0.099357	0.010974
0.94676	-0.063226	0.0044268
0.94676	-0.027097	0.00082143
0.94676	0.045162	0.00040854
0.94676	0.081291	0.00056314
0.94676	0.11742	0.00030861
0.94676	0.26194	0.00012962
0.94676	1.0568	0.00032266
0.94676	1.0929	0.00070618
0.94676	1.129	0.0010149
0.94676	1.1651	0.0010491
0.94676	1.2013	0.00079198
0.94676	1.2374	0.00041744
0.94676	1.2735	0.00013047
0.97056	-0.93032	0.00014358
0.97056	-0.89419	0.00027785
0.97056	-0.85806	0.00032975
0.97056	-0.82193	0.00024418
0.97056	-0.7858	0.00017222
0.97056	-0.74968	0.00039153
0.97056	-0.71355	0.00094853
0.97056	-0.67742	0.0013351
0.97056	-0.64129	0.00076642
0.97056	-0.60516	0.0017719
0.97056	-0.56903	0.13921
0.97056	-0.5329	0.011426
0.97056	-0.49677	0.00046104
0.97056	-0.46064	0.0008208
0.97056	-0.42451	0.0021967
0.97056	-0.38838	0.0018755
0.97056	-0.35226	0.00036005
0.97056	-0.31613	0.00095436
0.97056	-0.28	0.0067125
0.97056	-0.24387	0.016897
0.97056	-0.20774	0.026494
0.97056	-0.17162	0.02976
0.97056	-0.13549	0.024796
0.97056	-0.099357	0.014937
0.97056	-0.063226	0.0058004
0.97056	-0.027097	0.00095442
0.97056	0.045162	0.00074325
0.97056	0.081291	0.00093909
0.97056	0.11742	0.0004836
0.97056	0.2258	0.00022758
0.97056	0.26194	0.00026224
0.97056	0.29807	0.00014891
0.97056	1.0568	0.00035592
0.97056	1.0929	0.00077663
0.97056	1.129	0.001141
0.97056	1.1651	0.0012151
0.97056	1.2013	0.00094481
0.97056	1.2374	0.00050862
0.97056	1.2735	0.00015734
0.99436	-0.89419	0.00017574
0.99436	-0.85806	0.00019932
0.99436	-0.82193	0.00015276
0.99436	-0.7858	0.00014155
0.99436	-0.74968	0.00030595
0.99436	-0.71355	0.00059808
0.99436	-0.67742	0.00068484
0.99436	-0.64129	0.00032195
0.99436	-0.60516	0.00049061
0.99436	-0.56903	0.01277
0.99436	-0.5329	0.11996
0.99436	-0.49677	0.0016559
0.99436	-0.46064	0.0017607
0.99436	-0.42451	0.0035246
0.99436	-0.38838	0.0024128
0.99436	-0.35226	0.0003112
0.99436	-0.31613	0.0018511
0.99436	-0.28	0.010342
0.99436	-0.24387	0.023944
0.99436	-0.20774	0.035843
0.99436	-0.17162	0.039012
0.99436	-0.13549	0.031664
0.99436	-0.099357	0.018524
0.99436	-0.063226	0.0068467
0.99436	-0.027097	0.00097338
0.99436	0.0090325	0.00022003
0.99436	0.045162	0.0011796
0.99436	0.081291	0.0013625
0.99436	0.11742	0.00065075
0.99436	0.18968	0.00013499
0.99436	0.2258	0.00041441
0.99436	0.26194	0.00043806
0.99436	0.29807	0.0002255
0.99436	0.40645	0.00017479
0.99436	0.44258	0.00015966
0.99436	1.0568	0.00029349
0.99436	1.0929	0.00065665
0.99436	1.129	0.0010101
0.99436	1.1651	0.00113
0.99436	1.2013	0.00091925
0.99436	1.2374	0.00051149
0.99436	1.2735	0.00015785
1.0182	-0.74968	0.00021681
1.0182	-0.71355	0.00036009
1.0182	-0.67742	0.00035908
1.0182	-0.64129	0.00017533
1.0182	-0.60516	0.00029796
1.0182	-0.56903	0.001917
1.0182	-0.5329	0.0088086
1.0182	-0.49677	0.011457
1.0182	-0.46064	0.0074656
1.0182	-0.42451	0.007109
1.0182	-0.38838	0.0033934
1.0182	-0.35226	0.00029431
1.0182	-0.31613	0.0033944
1.0182	-0.28	0.015371
1.0182	-0.24387	0.032529
1.0182	-0.20774	0.046115
1.0182	-0.17162	0.048257
1.0182	-0.13549	0.037869
1.0182	-0.099357	0.021345
1.0182	-0.063226	0.007428
1.0182	-0.027097	0.00088943
1.0182	0.0090325	0.00041699
1.0182	0.045162	0.0016853
1.0182	0.081291	0.0017779
1.0182	0.11742	0.00078007
1.0182	0.18968	0.00026073
1.0182	0.2258	0.00065937
1.0182	0.26194	0.00063949
1.0182	0.29807	0.00030056
1.0182	0.37032	0.0002133
1.0182	0.40645	0.00034786
1.0182	0.44258	0.00029749
1.0182	0.47871	0.00013088
1.0182	1.0568	0.00013931
1.0182	1.0929	0.00034919
1.0182	1.129	0.00060703
1.0182	1.1651	0.00075824
1.0182	1.2013	0.00067754
1.0182	1.2374	0.00040573
1.0182	1.2735	0.00012977
1.0421	-0.74968	0.00013773
1.0421	-0.71355	0.0002032
1.0421	-0.67742	0.00018703
1.0421	-0.60516	0.0001956
1.0421	-0.56903	0.00066628
1.0421	-0.5329	0.0010645
1.0421	-0.49677	0.0005433
1.0421	-0.46064	0.10302
1.0421	-0.42451	0.036882
1.0421	-0.38838	0.0063951
1.0421	-0.35226	0.00042125
1.0421	-0.31613	0.0062386
1.0421	-0.28	0.022815
1.0421	-0.24387	0.043464
1.0421	-0.20774	0.057599
1.0421	-0.17162	0.057342
1.0421	-0.13549	0.043109
1.0421	-0.099357	0.023201
1.0421	-0.063226	0.0075118
1.0421	-0.027097	0.00074394
1.0421	0.0090325	0.00070197
1.0421	0.045162	0.002212
1.0421	0.081291	0.002129
1.0421	0.11742	0.0008519
1.0421	0.18968	0.00044206
1.0421	0.2258	0.00094572
1.0421	0.26194	0.00084186
1.0421	0.29807	0.00036531
1.0421	0.3342	0.0001732
1.0421	0.37032	0.00039589
1.0421	0.40645	0.00060373
1.0421	0.44258	0.00048332
1.0421	0.47871	0.00018797
1.0421	1.129	0.00014274
1.0421	1.1651	0.00025141
1.0421	1.2013	0.00029447
1.0421	1.2374	0.00021787
1.0421	1.5265	0.00014488
1.0421	1.5626	0.00043133
1.0421	1.5987	0.00037525
1.0659	-0.56903	0.00027313
1.0659	-0.5329	0.00028851
1.0659	-0.49677	0.00013214
1.0659	-0.46064	0.0079043
1.0659	-0.42451	0.14977
1.0659	-0.38838	0.053012
1.0659	-0.35226	0.0012153
1.0659	-0.31613	0.012795
1.0659	-0.28	0.035857
1.0659	-0.24387	0.059316
1.0659	-0.20774	0.071763
1.0659	-0.17162	0.066838
1.0659	-0.13549	0.047518
1.0659	-0.099357	0.024135
1.0659	-0.063226	0.0071674
1.0659	-0.027097	0.00059413
1.0659	0.0090325	0.0010705
1.0659	0.045162	0.0027085
1.0659	0.081291	0.0023732
1.0659	0.11742	0.00086197
1.0659	0.15355	0.00016218
1.0659	0.18968	0.00067698
1.0659	0.2258	0.0012477
1.0659	0.26194	0.0010196
1.0659	0.29807	0.00041713
1.0659	0.3342	0.00027755
1.0659	0.37032	0.00066748
1.0659	0.40645	0.00094413
1.0659	0.44258	0.00070859
1.0659	0.47871	0.0002462
1.0659	0.5871	0.00012115
1.0659	0.73162	0.00012668
1.0659	0.87613	0.00014615
1.0659	0.91226	0.0001555
1.0659	1.0207	0.00014023
1.0659	1.0568	0.00034534
1.0659	1.0929	0.00043485
1.0659	1.129	0.00034931
1.0659	1.1651	0.00020174
1.0659	1.4181	0.00013502
1.0659	1.4542	0.00012679
1.0659	1.4903	0.00021338
1.0659	1.5265	0.0005624
1.0659	1.5626	0.0004724
1.0897	-0.46064	0.0010574
1.0897	-0.42451	0.0081105
1.0897	-0.38838	0.049884
1.0897	-0.35226	0.016363
1.0897	-0.31613	0.041665
1.0897	-0.28	0.068818
1.0897	-0.24387	0.089177
1.0897	-0.20774	0.093453
1.0897	-0.17162	0.078905
1.0897	-0.13549	0.051921
1.0897	-0.099357	0.024466
1.0897	-0.063226	0.0065437
1.0897	-0.027097	0.00049904
1.0897	0.0090325	0.0015113
1.0897	0.045162	0.0031366
1.0897	0.081291	0.002492
1.0897	0.11742	0.00082221
1.0897	0.15355	0.00024892
1.0897	0.18968	0.0009561
1.0897	0.2258	0.0015369
1.0897	0.26194	0.0011533
1.0897	0.29807	0.00046196
1.0897	0.3342	0.00044432
1.0897	0.37032	0.0010387
1.0897	0.40645	0.0013624
1.0897	0.44258	0.0009611
1.0897	0.47871	0.00030355
1.0897	0.55097	0.00013739
1.0897	0.5871	0.00021965
1.0897	0.69549	0.00013107
1.0897	0.73162	0.00021611
1.0897	0.84	0.0001373
1.0897	0.87613	0.00037988
1.0897	0.91226	0.0003767
1.0897	1.0207	0.00087084
1.0897	1.0568	0.0022223
1.0897	1.0929	0.0032984
1.0897	1.129	0.0033731
1.0897	1.1651	0.0024894
1.0897	1.2013	0.0013106
1.0897	1.2374	0.00046383
1.0897	1.4181	0.00023734
1.0897	1.4542	0.00037464
1.0897	1.4903	0.00020265
1.1134	-0.46064	0.00025415
1.1134	-0.42451	0.0010434
1.1134	-0.38838	0.0015363
1.1134	-0.35226	0.021406
1.1134	-0.31613	0.53807
1.1134	-0.28	0.3302
1.1134	-0.24387	0.18632
1.1134	-0.20774	0.14234
1.1134	-0.17162	0.10074
1.1134	-0.13549	0.058697
1.1134	-0.099357	0.024903
1.1134	-0.063226	0.0058482
1.1134	-0.027097	0.00051233
1.1134	0.0090325	0.0020223
1.1134	0.045162	0.0034876
1.1134	0.081291	0.0024971
1.1134	0.11742	0.00075721
1.1134	0.15355	0.00038763
1.1134	0.18968	0.0012671
1.1134	0.2258	0.0017912
1.1134	0.26194	0.0012354
1.1134	0.29807	0.00051478
1.1134	0.3342	0.00069453
1.1134	0.37032	0.0015164
1.1134	0.40645	0.001849
1.1134	0.44258	0.0012314
1.1134	0.47871	0.00036614
1.1134	0.55097	0.0002726
1.1134	0.5871	0.00036639
1.1134	0.62323	0.00016357
1.1134	0.69549	0.00020555
1.1134	0.73162	0.0003364
1.1134	0.76774	0.00016846
1.1134	0.84	0.00033302
1.1134	0.87613	0.00083086
1.1134	0.91226	0.00076053
1.1134	0.94839	0.0001577
1.1134	0.98452	0.00048919
1.1134	1.0207	0.0034382
1.1134	1.0568	0.0088785
1.1134	1.0929	0.014313
1.1134	1.129	0.016622
1.1134	1.1651	0.014516
1.1134	1.2013	0.0094
1.1134	1.2374	0.0040848
1.1134	1.2735	0.00080546
1.1134	1.3096	0.00053714
1.1134	1.3458	0.0032803
1.1134	1.382	0.0018412
1.1134	1.4181	0.00030587
1.1373	-0.42451	0.00017616
1.1373	-0.38838	0.00018858
1.1373	-0.35226	0.0010804
1.1373	-0.31613	0.042934
1.1373	-0.28	1.0177
1.1373	-0.24387	1.7344
1.1373	-0.20774	0.41144
1.1373	-0.17162	0.1699
1.1373	-0.13549	0.076501
1.1373	-0.099357	0.027237
1.1373	-0.063226	0.0053815
1.1373	-0.027097	0.00069565
1.1373	0.0090325	0.0026459
1.1373	0.045162	0.0038071
1.1373	0.081291	0.0024334
1.1373	0.11742	0.0007004
1.1373	0.15355	0.00059041
1.1373	0.18968	0.0016048
1.1373	0.2258	0.0020046
1.1373	0.26194	0.001275
1.1373	0.29807	0.00059976
1.1373	0.3342	0.0010533
1.1373	0.37032	0.0021128
1.1373	0.40645	0.0024046
1.1373	0.44258	0.0015233
1.1373	0.47871	0.00045468
1.1373	0.51484	0.00018348
1.1373	0.55097	0.00050576
1.1373	0.5871	0.00058183
1.1373	0.62323	0.00023118
1.1373	0.69549	0.00031142
1.1373	0.73162	0.00050091
1.1373	0.76774	0.00022222
1.1373	0.84	0.00073877
1.1373	0.87613	0.0016914
1.1373	0.91226	0.0014226
1.1373	0.94839	0.00021277
1.1373	0.98452	0.0019777
1.1373	1.0207	0.012161
1.1373	1.0568	0.032641
1.1373	1.0929	0.058428
1.1373	1.129	0.07982
1.1373	1.1651	0.088594
1.1373	1.2013	0.082815
1.1373	1.2374	0.060873
1.1373	1.2735	0.011291
1.1373	1.3096	0.0028437
1.1373	1.3458	0.003522
1.1373	1.382	0.0010763
1.1373	1.4181	0.00017281
1.1612	-0.35226	0.00027603
1.1612	-0.31613	0.00362
1.1612	-0.28	0.031999
1.1612	-0.24387	0.39873
1.1612	-0.20774	2.0371
1.1612	-0.17162	1.3857
1.1612	-0.13549	0.18532
1.1612	-0.099357	0.040186
1.1612	-0.063226	0.0059155
1.1612	-0.027097	0.0012074
1.1612	0.0090325	0.0035894
1.1612	0.045162	0.0042635
1.1612	0.081291	0.0023942
1.1612	0.11742	0.00069472
1.1612	0.15355	0.00088146
1.1612	0.18968	0.0019918
1.1612	0.2258	0.0022027
1.1612	0.26194	0.0013022
1.1612	0.29807	0.00075421
1.1612	0.3342	0.001565
1.1612	0.37032	0.0028727
1.1612	0.40645	0.0030677
1.1612	0.44258	0.0018731
1.1612	0.47871	0.00061743
1.1612	0.51484	0.00043631
1.1612	0.55097	0.00090814
1.1612	0.5871	0.00091051
1.1612	0.62323	0.00032033
1.1612	0.69549	0.00048142
1.1612	0.73162	0.00075226
1.1612	0.76774	0.00028967
1.1612	0.80387	0.0001545
1.1612	0.84	0.0016405
1.1612	0.87613	0.003527
1.1612	0.91226	0.0027356
1.1612	0.94839	0.00035813
1.1612	0.98452	0.0084253
1.1612	1.0207	0.050695
1.1612	1.0568	0.15842
1.1612	1.0929	0.37917
1.1612	1.129	0.84548
1.1612	1.1651	1.2913
1.1612	1.2013	0.59203
1.1612	1.2374	0.11645
1.1612	1.2735	0.003467
1.1612	1.3096	0.00080787
1.1612	1.3458	0.0013157
1.1612	1.382	0.00063824
1.1612	1.4181	0.00013205
1.185	-0.35226	0.00015496
1.185	-0.31613	0.0010628
1.185	-0.28	0.0045576
1.185	-0.24387	0.016794
1.185	-0.20774	0.063452
1.185	-0.17162	0.38145
1.185	-0.13549	0.80995
1.185	-0.099357	0.29666
1.185	-0.063226	0.016114
1.185	-0.027097	0.0031281
1.185	0.0090325	0.006008
1.185	0.045162	0.005536
1.185	0.081291	0.0026225
1.185	0.11742	0.00082103
1.185	0.15355	0.0013492
1.185	0.18968	0.0025434
1.185	0.2258	0.0024847
1.185	0.26194	0.0013851
1.185	0.29807	0.0010518
1.185	0.3342	0.0023491
1.185	0.37032	0.0039553
1.185	0.40645	0.0039919
1.185	0.44258	0.0024021
1.185	0.47871	0.00097177
1.185	0.51484	0.00098372
1.185	0.55097	0.0016589
1.185	0.5871	0.0014774
1.185	0.62323	0.00046282
1.185	0.69549	0.00082708
1.185	0.73162	0.00124
1.185	0.76774	0.00040665
1.185	0.80387	0.00047981
1.185	0.84	0.0042194
1.185	0.87613	0.0089624
1.185	0.91226	0.0066704
1.185	0.94839	0.0016483
1.185	0.98452	0.064339
1.185	1.0207	0.5432
1.185	1.0568	2.1615
1.185	1.0929	2.6976
1.185	1.129	2.0604
1.185	1.1651	0.53015
1.185	1.2013	0.10572
1.185	1.2374	0.015053
1.185	1.2735	0.00059849
1.185	1.3096	0.00051554
1.185	1.3458	0.00086992
1.185	1.382	0.00046928
1.2087	-0.35226	0.00018274
1.2087	-0.31613	0.0010358
1.2087	-0.28	0.0029166
1.2087	-0.24387	0.0059508
1.2087	-0.20774	0.010242
1.2087	-0.17162	0.016173
1.2087	-0.13549	0.024634
1.2087	-0.099357	0.039518
1.2087	-0.063226	0.041083
1.2087	-0.027097	0.025164
1.2087	0.0090325	0.038231
1.2087	0.045162	0.015216
1.2087	0.081291	0.0046689
1.2087	0.11742	0.001457
1.2087	0.15355	0.002478
1.2087	0.18968	0.0038228
1.2087	0.2258	0.0032399
1.2087	0.26194	0.0017276
1.2087	0.29807	0.0017284
1.2087	0.3342	0.0038597
1.2087	0.37032	0.0059882
1.2087	0.40645	0.0057691
1.2087	0.44258	0.0035442
1.2087	0.47871	0.0019039
1.2087	0.51484	0.0023558
1.2087	0.55097	0.0034093
1.2087	0.5871	0.0027689
1.2087	0.62323	0.00080022
1.2087	0.65936	0.00022479
1.2087	0.69549	0.0018889
1.2087	0.73162	0.0027384
1.2087	0.76774	0.00076871
1.2087	0.80387	0.0022863
1.2087	0.84	0.019833
1.2087	0.87613	0.052693
1.2087	0.91226	0.047908
1.2087	0.94839	0.024216
1.2087	0.98452	0.4009
1.2087	1.0207	1.0075
1.2087	1.0568	0.76084
1.2087	1.0929	0.44554
1.2087	1.129	0.22798
1.2087	1.1651	0.095439
1.2087	1.2013	0.029426
1.2087	1.2374	0.0052257
1.2087	1.2735	0.00018989
1.2087	1.3096	0.00041141
1.2087	1.3458	0.00065011
1.2087	1.382	0.00035572
1.2326	-0.46064	0.00013305
1.2326	-0.35226	0.00025412
1.2326	-0.31613	0.0013623
1.2326	-0.28	0.0034859
1.2326	-0.24387	0.0059833
1.2326	-0.20774	0.0076752
1.2326	-0.17162	0.0076516
1.2326	-0.13549	0.0058976
1.2326	-0.099357	0.0032241
1.2326	-0.063226	0.00096174
1.2326	-0.027097	0.0017996
1.2326	0.0090325	0.016781
1.2326	0.045162	0.050308
1.2326	0.081291	0.019248
1.2326	0.11742	0.011831
1.2326	0.15355	0.01445
1.2326	0.18968	0.013344
1.2326	0.2258	0.0081441
1.2326	0.26194	0.0038068
1.2326	0.29807	0.0044413
1.2326	0.3342	0.0092039
1.2326	0.37032	0.013051
1.2326	0.40645	0.012102
1.2326	0.44258	0.0079732
1.2326	0.47871	0.0058695
1.2326	0.51484	0.008126
1.2326	0.55097	0.010833
1.2326	0.5871	0.0085769
1.2326	0.62323	0.0026088
1.2326	0.65936	0.0017471
1.2326	0.69549	0.011412
1.2326	0.73162	0.019282
1.2326	0.76774	0.0051718
1.2326	0.80387	0.021644
1.2326	0.84	0.10489
1.2326	0.87613	0.13949
1.2326	0.91226	0.029195
1.2326	0.94839	0.00662
1.2326	0.98452	0.052488
1.2326	1.0207	0.10505
1.2326	1.0568	0.12726
1.2326	1.0929	0.11192
1.2326	1.129	0.074745
1.2326	1.1651	0.037372
1.2326	1.2013	0.012895
1.2326	1.2374	0.0023598
1.2326	1.3096	0.00034165
1.2326	1.3458	0.00049444
1.2326	1.382	0.0002646
1.2563	-0.46064	0.00015108
1.2563	-0.35226	0.00032079
1.2563	-0.31613	0.0016054
1.2563	-0.28	0.0039287
1.2563	-0.24387	0.0063908
1.2563	-0.20774	0.0075487
1.2563	-0.17162	0.006558
1.2563	-0.13549	0.0039873
1.2563	-0.099357	0.0014183
1.2563	-0.063226	0.00016432
1.2563	-0.027097	0.00036017
1.2563	0.0090325	0.0011605
1.2563	0.045162	0.0015557
1.2563	0.081291	0.0011068
1.2563	0.11742	0.0011566
1.2563	0.15355	0.0084225
1.2563	0.18968	0.031431
1.2563	0.2258	0.0313
1.2563	0.26194	0.014876
1.2563	0.29807	0.023382
1.2563	0.3342	0.061695
1.2563	0.37032	0.10021
1.2563	0.40645	0.10004
1.2563	0.44258	0.074716
1.2563	0.47871	0.067373
1.2563	0.51484	0.083509
1.2563	0.55097	0.082602
1.2563	0.5871	0.048822
1.2563	0.62323	0.013214
1.2563	0.65936	0.010558
1.2563	0.69549	0.029023
1.2563	0.73162	0.016386
1.2563	0.76774	0.001353
1.2563	0.80387	0.0036271
1.2563	0.84	0.0099114
1.2563	0.87613	0.0082525
1.2563	0.91226	0.0017557
1.2563	0.94839	0.0020422
1.2563	0.98452	0.015045
1.2563	1.0207	0.034382
1.2563	1.0568	0.047458
1.2563	1.0929	0.046518
1.2563	1.129	0.033869
1.2563	1.1651	0.018055
1.2563	1.2013	0.0064516
1.2563	1.2374	0.0011426
1.2563	1.3096	0.00027908
1.2563	1.3458	0.0003686
1.2563	1.382	0.00018936
1.2802	-1.5445	0.0001345
1.2802	-0.46064	0.00013921
1.2802	-0.35226	0.00034966
1.2802	-0.31613	0.0016299
1.2802	-0.28	0.0038465
1.2802	-0.24387	0.0060494
1.2802	-0.20774	0.0068417
1.2802	-0.17162	0.0055615
1.2802	-0.13549	0.0030095
1.2802	-0.099357	0.00082954
1.2802	-0.027097	0.00037272
1.2802	0.0090325	0.00071431
1.2802	0.045162	0.00053186
1.2802	0.081291	0.00014314
1.2802	0.15355	0.00052375
1.2802	0.18968	0.00097156
1.2802	0.2258	0.00093338
1.2802	0.26194	0.00062928
1.2802	0.29807	0.0015834
1.2802	0.3342	0.0051154
1.2802	0.37032	0.009352
1.2802	0.40645	0.010506
1.2802	0.44258	0.0089264
1.2802	0.47871	0.00883
1.2802	0.51484	0.010363
1.2802	0.55097	0.0091811
1.2802	0.5871	0.0046545
1.2802	0.62323	0.0011177
1.2802	0.65936	0.0008614
1.2802	0.69549	0.0015669
1.2802	0.73162	0.00097015
1.2802	0.80387	0.00065453
1.2802	0.84	0.0018921
1.2802	0.87613	0.0016822
1.2802	0.91226	0.00029879
1.2802	0.94839	0.0010612
1.2802	0.98452	0.0066194
1.2802	1.0207	0.015312
1.2802	1.0568	0.021998
1.2802	1.0929	0.022503
1.2802	1.129	0.017009
1.2802	1.1651	0.0093103
1.2802	1.2013	0.0033388
1.2802	1.2374	0.00055283
1.2802	1.3096	0.00021904
1.2802	1.3458	0.00026452
1.2802	1.382	0.00012898
1.3041	-1.5806	0.00013391
1.3041	-1.5445	0.00016029
1.3041	-1.5084	0.00013684
1.3041	-0.35226	0.00032188
1.3041	-0.31613	0.0014153
1.3041	-0.28	0.0032524
1.3041	-0.24387	0.0049992
1.3041	-0.20774	0.0054908
1.3041	-0.17162	0.0042624
1.3041	-0.13549	0.0021157
1.3041	-0.099357	0.00046751
1.3041	-0.027097	0.00039888
1.3041	0.0090325	0.00058379
1.3041	0.045162	0.00032217
1.3041	0.15355	0.00034386
1.3041	0.18968	0.00037479
1.3041	0.2258	0.00018105
1.3041	0.29807	0.00019969
1.3041	0.3342	0.00056488
1.3041	0.37032	0.00085877
1.3041	0.40645	0.0008723
1.3041	0.44258	0.00075526
1.3041	0.47871	0.00083192
1.3041	0.51484	0.0010586
1.3041	0.55097	0.0010103
1.3041	0.5871	0.00056861
1.3041	0.62323	0.00018477
1.3041	0.65936	0.00019668
1.3041	0.69549	0.00032103
1.3041	0.73162	0.00019048
1.3041	0.80387	0.00021059
1.3041	0.84	0.00057228
1.3041	0.87613	0.00048239
1.3041	0.94839	0.00061586
1.3041	0.98452	0.0032912
1.3041	1.0207	0.0074953
1.3041	1.0568	0.010904
1.3041	1.0929	0.01137
1.3041	1.129	0.0087459
1.3041	1.1651	0.0048305
1.3041	1.2013	0.0017092
1.3041	1.2374	0.00025809
1.3041	1.3096	0.00016312
1.3041	1.3458	0.00018072
1.3279	-1.5806	0.00012681
1.3279	-1.5445	0.00015451
1.3279	-1.5084	0.00013375
1.3279	-0.35226	0.00023959
1.3279	-0.31613	0.0010211
1.3279	-0.28	0.0023253
1.3279	-0.24387	0.0035442
1.3279	-0.20774	0.0038315
1.3279	-0.17162	0.0028786
1.3279	-0.13549	0.001327
1.3279	-0.099357	0.00023273
1.3279	-0.027097	0.00037135
1.3279	0.0090325	0.00045463
1.3279	0.045162	0.00020199
1.3279	0.11742	0.00013473
1.3279	0.15355	0.00030673
1.3279	0.18968	0.00025635
1.3279	0.29807	0.00016883
1.3279	0.3342	0.00030979
1.3279	0.37032	0.00031206
1.3279	0.40645	0.00021515
1.3279	0.44258	0.00014025
1.3279	0.47871	0.00015394
1.3279	0.51484	0.00021167
1.3279	0.55097	0.00021086
1.3279	0.5871	0.00012335
1.3279	0.84	0.00019057
1.3279	0.87613	0.00014796
1.3279	0.94839	0.00035737
1.3279	0.98452	0.0016713
1.3279	1.0207	0.0037189
1.3279	1.0568	0.0054221
1.3279	1.0929	0.0057051
1.3279	1.129	0.0044236
1.3279	1.1651	0.0024422
1.3279	1.2013	0.00084318
1.3516	-0.35226	0.00012967
1.3516	-0.31613	0.00056729
1.3516	-0.28	0.0013258
1.3516	-0.24387	0.0020565
1.3516	-0.20774	0.002234
1.3516	-0.17162	0.0016517
1.3516	-0.13549	0.00071419
1.3516	-0.027097	0.00029833
1.3516	0.0090325	0.00031874
1.3516	0.11742	0.00013484
1.3516	0.15355	0.00025525
1.3516	0.18968	0.00017932
1.3516	0.29807	0.00018674
1.3516	0.3342	0.00026833
1.3516	0.37032	0.00020258
1.3516	0.94839	0.00019893
1.3516	0.98452	0.00082668
1.3516	1.0207	0.0017936
1.3516	1.0568	0.0026102
1.3516	1.0929	0.0027588
1.3516	1.129	0.0021458
1.3516	1.1651	0.0011776
1.3516	1.2013	0.00039351
1.3755	-0.31613	0.00020022
1.3755	-0.28	0.00052222
1.3755	-0.24387	0.00087335
1.3755	-0.20774	0.00099461
1.3755	-0.17162	0.00074633
1.3755	-0.13549	0.00030744
1.3755	-0.027097	0.00020286
1.3755	0.0090325	0.0001945
1.3755	0.15355	0.0001889
1.3755	0.29807	0.00017793
1.3755	0.3342	0.00022126
1.3755	0.37032	0.00013909
1.3755	0.98452	0.00039416
1.3755	1.0207	0.00082727
1.3755	1.0568	0.0011949
1.3755	1.0929	0.0012634
1.3755	1.129	0.00098224
1.3755	1.1651	0.00053365
1.3755	1.2013	0.00017138
1.3992	-0.24387	0.0002157
1.3992	-0.20774	0.00027762
1.3992	-0.17162	0.00022539
1.3992	0.15355	0.00012122
1.3992	0.29807	0.00014395
1.3992	0.3342	0.00015936
1.3992	0.98452	0.0001955
1.3992	1.0207	0.00038152
1.3992	1.0568	0.00053215
1.3992	1.0929	0.00055312
1.3992	1.129	0.00042497
1.3992	1.1651	0.0002266
1.4231	-0.31613	0.000162
1.4231	-0.28	0.00017193
1.4231	-0.24387	0.00013581
1.4231	0.98452	0.00012841
1.4231	1.0207	0.00021443
1.4231	1.0568	0.00026608
1.4231	1.0929	0.00025479
1.4231	1.129	0.00018461
1.447	-1.5806	0.00012985
1.447	-0.35226	0.00027498
1.447	-0.31613	0.00051206
1.447	-0.28	0.00061246
1.447	-0.24387	0.00051368
1.447	-0.20774	0.00030612
1.447	-0.17162	0.00012469
1.447	0.98452	0.00012799
1.447	1.0207	0.00018366
1.447	1.0568	0.00019244
1.447	1.0929	0.00015589
1.4708	-1.6167	0.00020237
1.4708	-1.5806	0.00023547
1.4708	-1.5445	0.0001961
1.4708	-0.38838	0.00012833
1.4708	-0.35226	0.0005011
1.4708	-0.31613	0.0009681
1.4708	-0.28	0.0012281
1.4708	-0.24387	0.0011055
1.4708	-0.20774	0.00070754
1.4708	-0.17162	0.00030093
1.4708	0.98452	0.00015086
1.4708	1.0207	0.00020341
1.4708	1.0568	0.00019415
1.4708	1.0929	0.0001381
1.4945	-1.6529	0.0001717
1.4945	-1.6167	0.00028998
1.4945	-1.5806	0.00034269
1.4945	-1.5445	0.00028999
1.4945	-1.5084	0.00016783
1.4945	-0.38838	0.00018534
1.4945	-0.35226	0.00069507
1.4945	-0.31613	0.0013541
1.4945	-0.28	0.0017593
1.4945	-0.24387	0.0016315
1.4945	-0.20774	0.0010731
1.4945	-0.17162	0.0004595
1.4945	0.98452	0.00016842
1.4945	1.0207	0.00022328
1.4945	1.0568	0.00020706
1.4945	1.0929	0.00013965
1.5184	-1.6529	0.00020156
1.5184	-1.6167	0.0003426
1.5184	-1.5806	0.00040992
1.5184	-1.5445	0.00035068
1.5184	-1.5084	0.00020299
1.5184	-0.38838	0.00021564
1.5184	-0.35226	0.00077641
1.5184	-0.31613	0.0015137
1.5184	-0.28	0.0019909
1.5184	-0.24387	0.001873
1.5184	-0.20774	0.0012427
1.5184	-0.17162	0.00052437
1.5184	0.98452	0.00016462
1.5184	1.0207	0.00021785
1.5184	1.0568	0.00020084
1.5184	1.0929	0.0001328
1.5421	-1.6529	0.0001938
1.5421	-1.6167	0.00033366
1.5421	-1.5806	0.00040557
1.5421	-1.5445	0.00035107
1.5421	-1.5084	0.00020281
1.5421	-0.38838	0.00020178
1.5421	-0.35226	0.00070465
1.5421	-0.31613	0.0013786
1.5421	-0.28	0.001835
1.5421	-0.24387	0.0017463
1.5421	-0.20774	0.0011621
1.5421	-0.17162	0.0004788
1.5421	0.98452	0.00013565
1.5421	1.0207	0.00018116
1.5421	1.0568	0.00016792
1.566	-1.6529	0.00014587
1.566	-1.6167	0.00025918
1.566	-1.5806	0.00032446
1.566	-1.5445	0.00028696
1.566	-1.5084	0.00016634
1.566	-0.38838	0.00014872
1.566	-0.35226	0.00051023
1.566	-0.31613	0.0010103
1.566	-0.28	0.0013697
1.566	-0.24387	0.0013246
1.566	-0.20774	0.00088605
1.566	-0.17162	0.00035557
1.566	1.0207	0.00012254
1.5899	-1.6167	0.00014566
1.5899	-1.5806	0.00019486
1.5899	-1.5445	0.00018106
1.5899	-0.35226	0.00029896
1.5899	-0.31613	0.00058996
1.5899	-0.28	0.00081271
1.5899	-0.24387	0.00080137
1.5899	-0.20774	0.00054151
1.5899	-0.17162	0.00021201
1.6137	-0.35226	0.00022069
1.6137	-0.31613	0.00035599
1.6137	-0.28	0.00043777
1.6137	-0.24387	0.00040903
1.6137	-0.20774	0.00026932
1.6374	-0.38838	0.00021526
1.6374	-0.35226	0.00040852
1.6374	-0.31613	0.00050648
1.6374	-0.28	0.00046288
1.6374	-0.24387	0.0003236
1.6374	-0.20774	0.00016651
1.6613	-1.6529	0.00012964
1.6613	-1.6167	0.00012253
1.6613	-0.5329	0.0001352
1.6613	-0.42451	0.00012263
1.6613	-0.38838	0.00048728
1.6613	-0.35226	0.00091008
1.6613	-0.31613	0.0011046
1.6613	-0.28	0.0009543
1.6613	-0.24387	0.00059394
1.6613	-0.20774	0.00025202
1.6851	-1.689	0.00022469
1.6851	-1.6529	0.0003422
1.6851	-1.6167	0.00035898
1.6851	-1.5806	0.00026543
1.6851	-1.5445	0.00013192
1.6851	-0.56903	0.00012624
1.6851	-0.5329	0.00017869
1.6851	-0.42451	0.00023453
1.6851	-0.38838	0.00087762
1.6851	-0.35226	0.0016418
1.6851	-0.31613	0.0020281
1.6851	-0.28	0.0017865
1.6851	-0.24387	0.0011224
1.6851	-0.20774	0.00046668
1.709	-1.7251	0.00016389
1.709	-1.689	0.00040895
1.709	-1.6529	0.0006381
1.709	-1.6167	0.00069696
1.709	-1.5806	0.00054257
1.709	-1.5445	0.00028569
1.709	-0.56903	0.0001446
1.709	-0.5329	0.00019442
1.709	-0.42451	0.00036271
1.709	-0.38838	0.0012835
1.709	-0.35226	0.0023934
1.709	-0.31613	0.0029922
1.709	-0.28	0.0026787
1.709	-0.24387	0.0017042
1.709	-0.20774	0.00070447
1.709	-0.17162	0.0001372
1.709	0.94839	0.00013576
1.709	0.98452	0.00017418
1.709	1.0207	0.00015518
1.7327	-1.7251	0.00024919
1.7327	-1.689	0.00061022
1.7327	-1.6529	0.00095741
1.7327	-1.6167	0.001062
1.7327	-1.5806	0.00084251
1.7327	-1.5445	0.00045001
1.7327	-1.5084	0.00012997
1.7327	-0.56903	0.00013493
1.7327	-0.5329	0.00017345
1.7327	-0.42451	0.00046165
1.7327	-0.38838	0.0015571
1.7327	-0.35226	0.0028921
1.7327	-0.31613	0.0036453
1.7327	-0.28	0.0032979
1.7327	-0.24387	0.0021096
1.7327	-0.20774	0.00085949
1.7327	-0.17162	0.00015168
1.7327	0.94839	0.00016549
1.7327	0.98452	0.00021533
1.7327	1.0207	0.0001956
1.7327	1.0568	0.00012694
1.7566	-1.7251	0.00032581
1.7566	-1.689	0.00078053
1.7566	-1.6529	0.001222
1.7566	-1.6167	0.0013618
1.7566	-1.5806	0.0010853
1.7566	-1.5445	0.00057678
1.7566	-1.5084	0.00015895
1.7566	-0.5329	0.00012222
1.7566	-0.42451	0.00047989
1.7566	-0.38838	0.0015647
1.7566	-0.35226	0.0029113
1.7566	-0.31613	0.0037082
1.7566	-0.28	0.00339
1.7566	-0.24387	0.0021751
1.7566	-0.20774	0.00086812
1.7566	-0.17162	0.00013587
1.7566	-0.099357	0.00013634
1.7566	-0.063226	0.00015399
1.7566	0.94839	0.00016456
1.7566	0.98452	0.00021669
1.7566	1.0207	0.00019985
1.7566	1.0568	0.00013109
1.7803	-1.7251	0.00037192
1.7803	-1.689	0.00087272
1.7803	-1.6529	0.0013604
1.7803	-1.6167	0.0015164
1.7803	-1.5806	0.0012061
1.7803	-1.5445	0.0006314
1.7803	-1.5084	0.00016277
1.7803	-1.4	0.00013028
1.7803	-0.42451	0.00038958
1.7803	-0.38838	0.0012592
1.7803	-0.35226	0.0023843
1.7803	-0.31613	0.0031032
1.7803	-0.28	0.0028886
1.7803	-0.24387	0.0018672
1.7803	-0.20774	0.00072975
1.7803	-0.099357	0.00016579
1.7803	-0.063226	0.00017477
1.7803	0.94839	0.00013285
1.7803	0.98452	0.0001778
1.7803	1.0207	0.00016695
1.8042	-1.7251	0.00037124
1.8042	-1.689	0.00085715
1.8042	-1.6529	0.0013322
1.8042	-1.6167	0.0014847
1.8042	-1.5806	0.0011758
1.8042	-1.5445	0.00060315
1.8042	-1.5084	0.00014317
1.8042	-1.4	0.00016063
1.8042	-0.42451	0.00021844
1.8042	-0.38838	0.00073678
1.8042	-0.35226	0.001475
1.8042	-0.31613	0.0020192
1.8042	-0.28	0.0019561
1.8042	-0.24387	0.0012942
1.8042	-0.20774	0.00049982
1.8042	-0.099357	0.00016536
1.8042	-0.063226	0.00016437
1.828	-1.7251	0.0003202
1.828	-1.689	0.00073379
1.828	-1.6529	0.001143
1.828	-1.6167	0.0012776
1.828	-1.5806	0.0010086
1.828	-1.5445	0.00050601
1.828	-1.4	0.00017253
1.828	-0.38838	0.000246
1.828	-0.35226	0.00056562
1.828	-0.31613	0.0008768
1.828	-0.28	0.00093691
1.828	-0.24387	0.00066321
1.828	-0.20774	0.00026109
1.828	-0.099357	0.00013176
1.828	-0.063226	0.00012574
1.8518	-1.7251	0.0002311
1.8518	-1.689	0.00053414
1.8518	-1.6529	0.00084335
1.8518	-1.6167	0.00095313
1.8518	-1.5806	0.00075431
1.8518	-1.5445	0.00037075
1.8518	-1.4	0.0001629
1.8518	-0.38838	0.00013194
1.8518	-0.35226	0.00015312
1.8518	-0.31613	0.00019995
1.8518	-0.28	0.00024004
1.8518	-0.24387	0.00019968
1.8756	-1.7251	0.00012937
1.8756	-1.689	0.00031206
1.8756	-1.6529	0.0005118
1.8756	-1.6167	0.00059566
1.8756	-1.5806	0.00047894
1.8756	-1.5445	0.0002325
1.8756	-1.4	0.00013491
1.8756	-0.93032	0.00012186
1.8756	-0.74968	0.00015909
1.8756	-0.60516	0.00016811
1.8756	-0.56903	0.00021575
1.8756	-0.46064	0.00015088
1.8756	-0.42451	0.00048258
1.8756	-0.38838	0.00072355
1.8756	-0.35226	0.00067984
1.8756	-0.31613	0.0004323
1.8756	-0.28	0.00019172
1.8756	0.94839	0.00014838
1.8756	0.98452	0.0001329
1.8995	-1.689	0.0001261
1.8995	-1.6529	0.00022929
1.8995	-1.6167	0.00028771
1.8995	-1.5806	0.00024295
1.8995	-0.93032	0.00013619
1.8995	-0.7858	0.00013355
1.8995	-0.74968	0.00021868
1.8995	-0.71355	0.0001381
1.8995	-0.60516	0.00030349
1.8995	-0.56903	0.00037856
1.8995	-0.5329	0.00017045
1.8995	-0.46064	0.000414
1.8995	-0.42451	0.0013421
1.8995	-0.38838	0.0021992
1.8995	-0.35226	0.0023574
1.8995	-0.31613	0.0017669
1.8995	-0.28	0.00091553
1.8995	-0.24387	0.00029885
1.8995	0.91226	0.00022115
1.8995	0.94839	0.00028856
1.8995	0.98452	0.00026058
1.8995	1.0207	0.00016922
1.9232	-0.93032	0.00013275
1.9232	-0.7858	0.00016931
1.9232	-0.74968	0.00025742
1.9232	-0.71355	0.00014947
1.9232	-0.64129	0.00013425
1.9232	-0.60516	0.00045037
1.9232	-0.56903	0.0005346
1.9232	-0.5329	0.00021687
1.9232	-0.46064	0.00084845
1.9232	-0.42451	0.0026657
1.9232	-0.38838	0.0044809
1.9232	-0.35226	0.0050513
1.9232	-0.31613	0.0040537
1.9232	-0.28	0.0022838
1.9232	-0.24387	0.0008166
1.9232	-0.20774	0.00012898
1.9232	0.87613	0.00016162
1.9232	0.91226	0.00034832
1.9232	0.94839	0.00045749
1.9232	0.98452	0.00041896
1.9232	1.0207	0.00027542
1.9232	1.0568	0.0001251
1.9471	-0.7858	0.00018677
1.9471	-0.74968	0.00026416
1.9471	-0.71355	0.00013929
1.9471	-0.64129	0.00019044
1.9471	-0.60516	0.00057233
1.9471	-0.56903	0.00064026
1.9471	-0.5329	0.0002263
1.9471	-0.46064	0.0014228
1.9471	-0.42451	0.0042782
1.9471	-0.38838	0.0072061
1.9471	-0.35226	0.0082762
1.9471	-0.31613	0.0068221
1.9471	-0.28	0.0039578
1.9471	-0.24387	0.0014433
1.9471	-0.20774	0.00021715
1.9471	-0.13549	0.00013257
1.9471	-0.099357	0.00013755
1.9471	0.87613	0.00021619
1.9471	0.91226	0.000457
1.9471	0.94839	0.00060262
1.9471	0.98452	0.00055761
1.9471	1.0207	0.00036976
1.9471	1.0568	0.00016741
1.971	-0.7858	0.00017954
1.971	-0.74968	0.00023725
1.971	-0.64129	0.00023282
1.971	-0.60516	0.00063425
1.971	-0.56903	0.00066553
1.971	-0.5329	0.00019857
1.971	-0.49677	0.00019738
1.971	-0.46064	0.0020385
1.971	-0.42451	0.0058587
1.971	-0.38838	0.0097984
1.971	-0.35226	0.011315
1.971	-0.31613	0.0094156
1.971	-0.28	0.0054989
1.971	-0.24387	0.0019827
1.971	-0.20774	0.00026922
1.971	-0.13549	0.00027543
1.971	-0.099357	0.00027845
1.971	0.87613	0.00024162
1.971	0.91226	0.00050411
1.971	0.94839	0.00066873
1.971	0.98452	0.00062517
1.971	1.0207	0.00041749
1.971	1.0568	0.0001878
1.9948	-1.7251	0.00016301
1.9948	-1.689	0.00020487
1.9948	-1.6529	0.00018281
1.9948	-0.7858	0.0001488
1.9948	-0.74968	0.00018507
1.9948	-0.64129	0.00024591
1.9948	-0.60516	0.00061551
1.9948	-0.56903	0.00060481
1.9948	-0.5329	0.00014745
1.9948	-0.49677	0.00030083
1.9948	-0.46064	0.0025461
1.9948	-0.42451	0.0070194
1.9948	-0.38838	0.011625
1.9948	-0.35226	0.013425
1.9948	-0.31613	0.011191
1.9948	-0.28	0.0065094
1.9948	-0.24387	0.0022834
1.9948	-0.20774	0.00026938
1.9948	-0.13549	0.00044996
1.9948	-0.099357	0.00043276
1.9948	-0.063226	0.00016015
1.9948	0.87613	0.00022062
1.9948	0.91226	0.00046075
1.9948	0.94839	0.00062049
1.9948	0.98452	0.00058966
1.9948	1.0207	0.00039805
1.9948	1.0568	0.00017809
2.0185	-1.7613	0.00013222
2.0185	-1.7251	0.00024981
2.0185	-1.689	0.00032758
2.0185	-1.6529	0.00031109
2.0185	-1.6167	0.00021008
2.0185	-0.74968	0.00012257
2.0185	-0.64129	0.00022188
2.0185	-0.60516	0.0005188
2.0185	-0.56903	0.00047822
2.0185	-0.49677	0.00038768
2.0185	-0.46064	0.0027896
2.0185	-0.42451	0.0074259
2.0185	-0.38838	0.012193
2.0185	-0.35226	0.014066
2.0185	-0.31613	0.011712
2.0185	-0.28	0.0067514
2.0185	-0.24387	0.0022812
2.0185	-0.20774	0.00022656
2.0185	-0.17162	0.00019207
2.0185	-0.13549	0.00061934
2.0185	-0.099357	0.00056232
2.0185	-0.063226	0.00019394
2.0185	0.045162	0.00019117
2.0185	0.081291	0.00013423
2.0185	0.87613	0.00015341
2.0185	0.91226	0.00033058
2.0185	0.94839	0.00046224
2.0185	0.98452	0.00045425
2.0185	1.0207	0.00031397
2.0185	1.0568	0.00014091
2.0423	-1.7613	0.00016716
2.0423	-1.7251	0.00031404
2.0423	-1.689	0.00041712
2.0423	-1.6529	0.00040552
2.0423	-1.6167	0.00028204
2.0423	-1.5806	0.00012652
2.0423	-0.64129	0.00016557
2.0423	-0.60516	0.00037043
2.0423	-0.56903	0.00032293
2.0423	-0.49677	0.00041989
2.0423	-0.46064	0.0026644
2.0423	-0.42451	0.0069164
2.0423	-0.38838	0.011312
2.0423	-0.35226	0.013068
2.0423	-0.31613	0.010877
2.0423	-0.28	0.0062046
2.0423	-0.24387	0.0020064
2.0423	-0.20774	0.00016393
2.0423	-0.17162	0.00027128
2.0423	-0.13549	0.00074188
2.0423	-0.099357	0.000635
2.0423	-0.063226	0.00020146
2.0423	0.0090325	0.00015658
2.0423	0.045162	0.0002673
2.0423	0.081291	0.00017985
2.0423	0.91226	0.00016122
2.0423	0.94839	0.00024733
2.0423	0.98452	0.00026243
2.0423	1.0207	0.00019202
2.0661	-1.7613	0.00018553
2.0661	-1.7251	0.00034266
2.0661	-1.689	0.00045439
2.0661	-1.6529	0.0004443
2.0661	-1.6167	0.00031131
2.0661	-1.5806	0.00013943
2.0661	-0.60516	0.00021161
2.0661	-0.56903	0.00017869
2.0661	-0.49677	0.00037231
2.0661	-0.46064	0.0021689
2.0661	-0.42451	0.005576
2.0661	-0.38838	0.0091727
2.0661	-0.35226	0.010683
2.0661	-0.31613	0.0089285
2.0661	-0.28	0.0050504
2.0661	-0.24387	0.0015574
2.0661	-0.17162	0.00032948
2.0661	-0.13549	0.00078483
2.0661	-0.099357	0.00063458
2.0661	-0.063226	0.00018363
2.0661	0.0090325	0.00020503
2.0661	0.045162	0.00032574
2.0661	0.081291	0.00020918
2.09	-1.7613	0.00018507
2.09	-1.7251	0.00033386
2.09	-1.689	0.00043817
2.09	-1.6529	0.00042647
2.09	-1.6167	0.00029735
2.09	-1.5806	0.00013088
2.09	-0.49677	0.0002515
2.09	-0.46064	0.0014246
2.09	-0.42451	0.0037335
2.09	-0.38838	0.0062989
2.09	-0.35226	0.0075027
2.09	-0.31613	0.0063639
2.09	-0.28	0.0035951
2.09	-0.24387	0.0010574
2.09	-0.17162	0.00034582
2.09	-0.13549	0.00073567
2.09	-0.099357	0.00056471
2.09	-0.063226	0.00014837
2.09	0.0090325	0.00023681
2.09	0.045162	0.00035311
2.09	0.081291	0.00021655
2.09	0.18968	0.00012565
2.09	0.37032	0.00015542
2.09	2.2491	0.00012343
2.09	2.2851	0.00013105
2.1138	-1.7613	0.00016743
2.1138	-1.7251	0.00029397
2.1138	-1.689	0.00037964
2.1138	-1.6529	0.00036517
2.1138	-1.6167	0.00025115
2.1138	-0.46064	0.00065533
2.1138	-0.42451	0.0018772
2.1138	-0.38838	0.0034012
2.1138	-0.35226	0.0042815
2.1138	-0.31613	0.0037758
2.1138	-0.28	0.0021679
2.1138	-0.24387	0.00061316
2.1138	-0.17162	0.00031114
2.1138	-0.13549	0.00060648
2.1138	-0.099357	0.00044597
2.1138	0.0090325	0.00024274
2.1138	0.045162	0.00034351
2.1138	0.081291	0.00020209
2.1138	0.18968	0.00014276
2.1138	0.2258	0.00012312
2.1138	0.3342	0.00015228
2.1138	0.37032	0.00019021
2.1138	0.51484	0.00015608
2.1138	0.55097	0.00014901
2.1138	0.69549	0.00017296
2.1138	0.73162	0.00012562
2.1138	0.84	0.00021931
2.1138	0.87613	0.00042352
2.1138	0.91226	0.00048114
2.1138	0.94839	0.00036901
2.1138	0.98452	0.00019579
2.1138	2.2129	0.00025585
2.1138	2.2491	0.00034373
2.1138	2.2851	0.00031504
2.1138	2.3213	0.00019886
2.1376	-1.7613	0.00013622
2.1376	-1.7251	0.00023272
2.1376	-1.689	0.00029485
2.1376	-1.6529	0.00027884
2.1376	-1.6167	0.00018782
2.1376	-0.46064	0.00012564
2.1376	-0.42451	0.00051643
2.1376	-0.38838	0.0011732
2.1376	-0.35226	0.0017201
2.1376	-0.31613	0.0016836
2.1376	-0.28	0.0010281
2.1376	-0.24387	0.00028783
2.1376	-0.17162	0.00023321
2.1376	-0.13549	0.00042986
2.1376	-0.099357	0.00030789
2.1376	0.0090325	0.00021999
2.1376	0.045162	0.00029995
2.1376	0.081291	0.00017083
2.1376	0.18968	0.00014658
2.1376	0.2258	0.00012636
2.1376	0.3342	0.00017392
2.1376	0.37032	0.00020582
2.1376	0.51484	0.00021967
2.1376	0.55097	0.00019772
2.1376	0.65936	0.00017099
2.1376	0.69549	0.00030022
2.1376	0.73162	0.00020916
2.1376	0.84	0.0005505
2.1376	0.87613	0.0010934
2.1376	0.91226	0.0013286
2.1376	0.94839	0.0011185
2.1376	0.98452	0.00066656
2.1376	1.0207	0.00026753
2.1376	2.1768	0.00015731
2.1376	2.2129	0.00027521
2.1376	2.2491	0.00031092
2.1376	2.2851	0.0002465
2.1376	2.3213	0.00013819
2.1615	-1.7251	0.00016027
2.1615	-1.689	0.00019948
2.1615	-1.6529	0.00018511
2.1615	-1.6167	0.00012142
2.1615	-0.35226	0.00028885
2.1615	-0.31613	0.00041043
2.1615	-0.28	0.00031273
2.1615	-0.17162	0.00013538
2.1615	-0.13549	0.00024856
2.1615	-0.099357	0.0001795
2.1615	0.0090325	0.00017339
2.1615	0.045162	0.000233
2.1615	0.081291	0.00013055
2.1615	0.18968	0.00013716
2.1615	0.2258	0.0001217
2.1615	0.3342	0.00017662
2.1615	0.37032	0.00019898
2.1615	0.47871	0.00012389
2.1615	0.51484	0.0002756
2.1615	0.55097	0.00023297
2.1615	0.65936	0.00027386
2.1615	0.69549	0.000453
2.1615	0.73162	0.00029703
2.1615	0.80387	0.0002361
2.1615	0.84	0.0011377
2.1615	0.87613	0.0022628
2.1615	0.91226	0.0028336
2.1615	0.94839	0.0024942
2.1615	0.98452	0.0015677
2.1615	1.0207	0.00066507
2.1615	1.0568	0.00015487
2.1615	2.2129	0.00015018
2.1615	2.2491	0.00016942
2.1615	2.2851	0.00013638
2.1852	-0.64129	0.00018288
2.1852	-0.60516	0.00012426
2.1852	-0.49677	0.0003276
2.1852	-0.46064	0.00059211
2.1852	-0.42451	0.00060975
2.1852	-0.38838	0.00038374
2.1852	-0.35226	0.00014006
2.1852	0.045162	0.00015729
2.1852	0.3342	0.00015866
2.1852	0.37032	0.00017216
2.1852	0.47871	0.0001543
2.1852	0.51484	0.00031384
2.1852	0.55097	0.0002493
2.1852	0.65936	0.00039715
2.1852	0.69549	0.00062061
2.1852	0.73162	0.00037883
2.1852	0.80387	0.0004789
2.1852	0.84	0.0021066
2.1852	0.87613	0.0041699
2.1852	0.91226	0.0053206
2.1852	0.94839	0.004819
2.1852	0.98452	0.0031269
2.1852	1.0207	0.0013617
2.1852	1.0568	0.00031409
2.209	-0.67742	0.00017914
2.209	-0.64129	0.00027869
2.209	-0.60516	0.00018313
2.209	-0.5329	0.00017162
2.209	-0.49677	0.00083749
2.209	-0.46064	0.0017016
2.209	-0.42451	0.0021512
2.209	-0.38838	0.0018706
2.209	-0.35226	0.0011256
2.209	-0.31613	0.00043991
2.209	0.3342	0.00012356
2.209	0.37032	0.00013244
2.209	0.47871	0.00017333
2.209	0.51484	0.00032799
2.209	0.55097	0.00024615
2.209	0.65936	0.00053602
2.209	0.69549	0.0007975
2.209	0.73162	0.00045031
2.209	0.80387	0.00090768
2.209	0.84	0.0037121
2.209	0.87613	0.0073431
2.209	0.91226	0.009555
2.209	0.94839	0.0088948
2.209	0.98452	0.005938
2.209	1.0207	0.0026357
2.209	1.0568	0.00059223
2.209	1.129	0.00015785
2.209	1.1651	0.00025199
2.209	1.2013	0.00014551
2.2329	-0.67742	0.00024552
2.2329	-0.64129	0.00035668
2.2329	-0.60516	0.00021426
2.2329	-0.5329	0.00035072
2.2329	-0.49677	0.0015713
2.2329	-0.46064	0.0032632
2.2329	-0.42451	0.0043959
2.2329	-0.38838	0.0042096
2.2329	-0.35226	0.0028971
2.2329	-0.31613	0.0013615
2.2329	-0.28	0.00036911
2.2329	0.47871	0.00017581
2.2329	0.51484	0.00031631
2.2329	0.55097	0.00022733
2.2329	0.62323	0.0001572
2.2329	0.65936	0.00069081
2.2329	0.69549	0.00099198
2.2329	0.73162	0.00051697
2.2329	0.80387	0.0016958
2.2329	0.84	0.0065991
2.2329	0.87613	0.013198
2.2329	0.91226	0.017674
2.2329	0.94839	0.017034
2.2329	0.98452	0.011759
2.2329	1.0207	0.0053242
2.2329	1.0568	0.0011521
2.2329	1.129	0.00050861
2.2329	1.1651	0.00075133
2.2329	1.2013	0.00041216
2.2329	1.3096	0.00012268
2.2568	-0.67742	0.00030305
2.2568	-0.64129	0.00040346
2.2568	-0.60516	0.00021198
2.2568	-0.5329	0.00060853
2.2568	-0.49677	0.0024706
2.2568	-0.46064	0.0050833
2.2568	-0.42451	0.0069925
2.2568	-0.38838	0.0069575
2.2568	-0.35226	0.0050418
2.2568	-0.31613	0.0025206
2.2568	-0.28	0.00072574
2.2568	0.47871	0.00015923
2.2568	0.51484	0.0002806
2.2568	0.55097	0.00019911
2.2568	0.62323	0.00021201
2.2568	0.65936	0.00087328
2.2568	0.69549	0.0012375
2.2568	0.73162	0.00059706
2.2568	0.76774	0.00016561
2.2568	0.80387	0.0033013
2.2568	0.84	0.012514
2.2568	0.87613	0.025552
2.2568	0.91226	0.035239
2.2568	0.94839	0.034781
2.2568	0.98452	0.024139
2.2568	1.0207	0.010587
2.2568	1.0568	0.00203
2.2568	1.0929	0.00015752
2.2568	1.129	0.0010734
2.2568	1.1651	0.001264
2.2568	1.2013	0.00055474
2.2805	-1.7251	0.00015074
2.2805	-1.689	0.00014145
2.2805	-0.71355	0.00012501
2.2805	-0.67742	0.00034537
2.2805	-0.64129	0.00041634
2.2805	-0.60516	0.00018309
2.2805	-0.5329	0.00093854
2.2805	-0.49677	0.0034609
2.2805	-0.46064	0.0069676
2.2805	-0.42451	0.0096165
2.2805	-0.38838	0.0097202
2.2805	-0.35226	0.0072033
2.2805	-0.31613	0.0036839
2.2805	-0.28	0.0010653
2.2805	-0.17162	0.00027154
2.2805	-0.13549	0.00019263
2.2805	0.47871	0.00012463
2.2805	0.51484	0.00022235
2.2805	0.55097	0.00016726
2.2805	0.62323	0.00026539
2.2805	0.65936	0.0010923
2.2805	0.69549	0.001571
2.2805	0.73162	0.00070195
2.2805	0.76774	0.00039419
2.2805	0.80387	0.0063092
2.2805	0.84	0.022434
2.2805	0.87613	0.043229
2.2805	0.91226	0.054754
2.2805	0.94839	0.047861
2.2805	0.98452	0.028319
2.2805	1.0207	0.010173
2.2805	1.0568	0.0014859
2.2805	1.0929	0.00015249
2.2805	1.129	0.0007695
2.2805	1.1651	0.00074178
2.2805	1.2013	0.00027971
2.3043	-1.7974	0.00014874
2.3043	-1.7613	0.0002659
2.3043	-1.7251	0.00033924
2.3043	-1.689	0.0003186
2.3043	-1.6529	0.00021465
2.3043	-0.71355	0.00015539
2.3043	-0.67742	0.00036942
2.3043	-0.64129	0.00040034
2.3043	-0.60516	0.0001412
2.3043	-0.5329	0.0013243
2.3043	-0.49677	0.0044706
2.3043	-0.46064	0.0087662
2.3043	-0.42451	0.012042
2.3043	-0.38838	0.012236
2.3043	-0.35226	0.0091524
2.3043	-0.31613	0.0047076
2.3043	-0.28	0.0013332
2.3043	-0.20774	0.00022
2.3043	-0.17162	0.00049312
2.3043	-0.13549	0.00035583
2.3043	0.51484	0.00013603
2.3043	0.55097	0.00012897
2.3043	0.62323	0.00025103
2.3043	0.65936	0.0010814
2.3043	0.69549	0.0015334
2.3043	0.73162	0.00059139
2.3043	0.76774	0.00051012
2.3043	0.80387	0.0060109
2.3043	0.84	0.017576
2.3043	0.87613	0.028215
2.3043	0.91226	0.030083
2.3043	0.94839	0.022553
2.3043	0.98452	0.011717
2.3043	1.0207	0.0037535
2.3043	1.0568	0.00046607
2.3043	1.129	0.00035853
2.3043	1.1651	0.0003301
2.3043	1.2013	0.00012106
2.3281	-1.7974	0.00025952
2.3281	-1.7613	0.00045773
2.3281	-1.7251	0.00058055
2.3281	-1.689	0.00054167
2.3281	-1.6529	0.00035906
2.3281	-1.6167	0.00014753
2.3281	-0.71355	0.00017999
2.3281	-0.67742	0.00037268
2.3281	-0.64129	0.0003625
2.3281	-0.56903	0.0001857
2.3281	-0.5329	0.0017393
2.3281	-0.49677	0.0054329
2.3281	-0.46064	0.010378
2.3281	-0.42451	0.014149
2.3281	-0.38838	0.014391
2.3281	-0.35226	0.0108
2.3281	-0.31613	0.0055406
2.3281	-0.28	0.0015141
2.3281	-0.20774	0.00037759
2.3281	-0.17162	0.00078498
2.3281	-0.13549	0.00056051
2.3281	-0.099357	0.00012485
2.3281	-0.027097	0.00020032
2.3281	0.0090325	0.0002495
2.3281	0.26194	0.00015627
2.3281	0.29807	0.00021747
2.3281	0.3342	0.00012394
2.3281	0.40645	0.00015418
2.3281	0.44258	0.00023802
2.3281	0.47871	0.00014498
2.3281	0.65936	0.00032459
2.3281	0.69549	0.00046008
2.3281	0.73162	0.00015746
2.3281	0.76774	0.00018003
2.3281	0.80387	0.0018149
2.3281	0.84	0.0050481
2.3281	0.87613	0.0080339
2.3281	0.91226	0.0087218
2.3281	0.94839	0.0067608
2.3281	0.98452	0.0036418
2.3281	1.0207	0.0011868
2.3281	1.0568	0.00013561
2.3281	1.129	0.00017775
2.3281	1.1651	0.00016017
2.3519	-1.8336	0.00014173
2.3519	-1.7974	0.00037326
2.3519	-1.7613	0.00065127
2.3519	-1.7251	0.00082185
2.3519	-1.689	0.00076116
2.3519	-1.6529	0.0004949
2.3519	-1.6167	0.00019211
2.3519	-0.71355	0.00019301
2.3519	-0.67742	0.00034961
2.3519	-0.64129	0.00030702
2.3519	-0.56903	0.00029929
2.3519	-0.5329	0.0021378
2.3519	-0.49677	0.0062571
2.3519	-0.46064	0.0117
2.3519	-0.42451	0.015866
2.3519	-0.38838	0.016162
2.3519	-0.35226	0.012159
2.3519	-0.31613	0.0062027
2.3519	-0.28	0.0016204
2.3519	-0.20774	0.0006152
2.3519	-0.17162	0.0011829
2.3519	-0.13549	0.00082531
2.3519	-0.099357	0.00017127
2.3519	-0.027097	0.00043038
2.3519	0.0090325	0.00053327
2.3519	0.045162	0.00022882
2.3519	0.11742	0.00016601
2.3519	0.15355	0.00029015
2.3519	0.18968	0.00012381
2.3519	0.26194	0.00033733
2.3519	0.29807	0.0005928
2.3519	0.3342	0.00038219
2.3519	0.40645	0.00022434
2.3519	0.44258	0.00042946
2.3519	0.47871	0.00031295
2.3519	0.80387	0.00029506
2.3519	0.84	0.0010028
2.3519	0.87613	0.0018611
2.3519	0.91226	0.0022877
2.3519	0.94839	0.0019612
2.3519	0.98452	0.0011401
2.3519	1.0207	0.0003855
2.3758	-1.8336	0.00017665
2.3758	-1.7974	0.00045421
2.3758	-1.7613	0.0007881
2.3758	-1.7251	0.00099338
2.3758	-1.689	0.00091586
2.3758	-1.6529	0.00058483
2.3758	-1.6167	0.00021367
2.3758	-1.5084	0.0001219
2.3758	-1.4723	0.00013056
2.3758	-0.71355	0.00018597
2.3758	-0.67742	0.00029011
2.3758	-0.64129	0.00023457
2.3758	-0.56903	0.00042727
2.3758	-0.5329	0.0024285
2.3758	-0.49677	0.0067577
2.3758	-0.46064	0.012502
2.3758	-0.42451	0.017011
2.3758	-0.38838	0.017477
2.3758	-0.35226	0.01325
2.3758	-0.31613	0.0067388
2.3758	-0.28	0.00168
2.3758	-0.20774	0.0010029
2.3758	-0.17162	0.0017739
2.3758	-0.13549	0.0011968
2.3758	-0.099357	0.00023581
2.3758	-0.063226	0.00022317
2.3758	-0.027097	0.00091357
2.3758	0.0090325	0.0010498
2.3758	0.045162	0.00041451
2.3758	0.11742	0.00045148
2.3758	0.15355	0.00065643
2.3758	0.18968	0.00025949
2.3758	0.26194	0.00036024
2.3758	0.29807	0.0005908
2.3758	0.3342	0.0003342
2.3758	0.40645	0.00014556
2.3758	0.44258	0.00033541
2.3758	0.47871	0.0002889
2.3758	0.87613	0.00025838
2.3758	0.91226	0.00043221
2.3758	0.94839	0.00045625
2.3758	0.98452	0.00030581
2.3996	-1.8336	0.00018384
2.3996	-1.7974	0.00046649
2.3996	-1.7613	0.00081218
2.3996	-1.7251	0.0010306
2.3996	-1.689	0.00095227
2.3996	-1.6529	0.00060036
2.3996	-1.6167	0.00020649
2.3996	-1.5084	0.0001641
2.3996	-1.4723	0.0001618
2.3996	-0.71355	0.00014922
2.3996	-0.67742	0.00018464
2.3996	-0.64129	0.00014973
2.3996	-0.56903	0.00053502
2.3996	-0.5329	0.0024188
2.3996	-0.49677	0.0064951
2.3996	-0.46064	0.012129
2.3996	-0.42451	0.016876
2.3996	-0.38838	0.01777
2.3996	-0.35226	0.013742
2.3996	-0.31613	0.0070232
2.3996	-0.28	0.0016984
2.3996	-0.24387	0.00027943
2.3996	-0.20774	0.0015944
2.3996	-0.17162	0.0024758
2.3996	-0.13549	0.0015253
2.3996	-0.099357	0.00031635
2.3996	-0.063226	0.00049778
2.3996	-0.027097	0.001277
2.3996	0.0090325	0.0011217
2.3996	0.045162	0.0003406
2.3996	0.081291	0.00014247
2.3996	0.11742	0.00048262
2.3996	0.15355	0.00051783
2.3996	0.18968	0.00017474
2.3996	0.26194	0.00017592
2.3996	0.29807	0.00028064
2.3996	0.3342	0.00014878
2.3996	0.44258	0.0002314
2.3996	0.47871	0.00021767
2.3996	0.62323	0.00016354
2.3996	0.65936	0.00013059
2.3996	2.2129	0.00012701
2.4234	-1.8336	0.00015357
2.4234	-1.7974	0.00039134
2.4234	-1.7613	0.000695
2.4234	-1.7251	0.00090116
2.4234	-1.689	0.00084579
2.4234	-1.6529	0.00053265
2.4234	-1.6167	0.0001737
2.4234	-1.5084	0.00019359
2.4234	-1.4723	0.00017857
2.4234	-1.3277	0.00016301
2.4234	-1.2916	0.00013788
2.4234	-1.1471	0.00017685
2.4234	-1.111	0.00015618
2.4234	-0.74968	0.00013068
2.4234	-0.60516	0.00020269
2.4234	-0.56903	0.0005596
2.4234	-0.5329	0.001736
2.4234	-0.49677	0.0044716
2.4234	-0.46064	0.0087235
2.4234	-0.42451	0.012821
2.4234	-0.38838	0.014078
2.4234	-0.35226	0.011076
2.4234	-0.31613	0.0055824
2.4234	-0.28	0.0013825
2.4234	-0.24387	0.0005362
2.4234	-0.20774	0.0014991
2.4234	-0.17162	0.0017067
2.4234	-0.13549	0.0008354
2.4234	-0.099357	0.00024431
2.4234	-0.063226	0.00041302
2.4234	-0.027097	0.00060006
2.4234	0.0090325	0.00036952
2.4234	0.081291	0.00012833
2.4234	0.11742	0.00027716
2.4234	0.15355	0.00024195
2.4234	0.29807	0.00013563
2.4234	0.44258	0.00017078
2.4234	0.47871	0.00016138
2.4234	0.62323	0.00019582
2.4234	0.65936	0.00016678
2.4234	0.76774	0.00014008
2.4234	0.80387	0.00032207
2.4234	0.84	0.00039273
2.4234	0.87613	0.00030797
2.4234	0.91226	0.0001598
2.4234	2.1768	0.00017841
2.4234	2.2129	0.00020639
2.4234	2.2491	0.00017016
2.4472	-1.7974	0.00024502
2.4472	-1.7613	0.00045926
2.4472	-1.7251	0.00062798
2.4472	-1.689	0.0006158
2.4472	-1.6529	0.00039741
2.4472	-1.6167	0.00012577
2.4472	-1.5084	0.00019853
2.4472	-1.4723	0.00017552
2.4472	-1.3277	0.00020239
2.4472	-1.2916	0.00015426
2.4472	-1.1832	0.0001684
2.4472	-1.1471	0.00026787
2.4472	-1.111	0.00020138
2.4472	-1.0026	0.00016178
2.4472	-0.96645	0.00022669
2.4472	-0.93032	0.00015583
2.4472	-0.82193	0.00017406
2.4472	-0.7858	0.00023775
2.4472	-0.74968	0.0001816
2.4472	-0.64129	0.00024186
2.4472	-0.60516	0.00044291
2.4472	-0.56903	0.00054346
2.4472	-0.5329	0.00054516
2.4472	-0.49677	0.00074704
2.4472	-0.46064	0.0014869
2.4472	-0.42451	0.0025395
2.4472	-0.38838	0.0030403
2.4472	-0.35226	0.0024396
2.4472	-0.31613	0.0012806
2.4472	-0.28	0.00051465
2.4472	-0.24387	0.00036698
2.4472	-0.20774	0.00038796
2.4472	-0.17162	0.00027262
2.4472	-0.13549	0.00013499
2.4472	-0.099357	0.00013003
2.4472	-0.063226	0.00018412
2.4472	-0.027097	0.00015442
2.4472	0.11742	0.00015894
2.4472	0.44258	0.00013127
2.4472	0.62323	0.00021383
2.4472	0.65936	0.00017947
2.4472	0.76774	0.00025245
2.4472	0.80387	0.00060789
2.4472	0.84	0.00083165
2.4472	0.87613	0.00077356
2.4472	0.91226	0.00051148
2.4472	0.94839	0.00023547
2.4472	2.1406	0.00015741
2.4472	2.1768	0.00026495
2.4472	2.2129	0.00030821
2.4472	2.2491	0.00025601
2.4472	2.2851	0.00014641
2.471	-1.7613	0.00019317
2.471	-1.7251	0.00030012
2.471	-1.689	0.00032946
2.471	-1.6529	0.00023204
2.471	-1.5084	0.00017166
2.471	-1.4723	0.00015195
2.471	-1.3639	0.000129
2.471	-1.3277	0.00022704
2.471	-1.2916	0.00016078
2.471	-1.1832	0.00026863
2.471	-1.1471	0.00037631
2.471	-1.111	0.00024734
2.471	-1.0387	0.00019557
2.471	-1.0026	0.00043226
2.471	-0.96645	0.00046098
2.471	-0.93032	0.0002459
2.471	-0.89419	0.00016354
2.471	-0.85806	0.00041487
2.471	-0.82193	0.00065088
2.471	-0.7858	0.00052359
2.471	-0.74968	0.00036307
2.471	-0.71355	0.00070562
2.471	-0.67742	0.0012309
2.471	-0.64129	0.0011267
2.471	-0.60516	0.00072015
2.471	-0.56903	0.001413
2.471	-0.5329	0.003474
2.471	-0.49677	0.0052779
2.471	-0.46064	0.0052819
2.471	-0.42451	0.003691
2.471	-0.38838	0.0018305
2.471	-0.35226	0.00066623
2.471	-0.31613	0.00025748
2.471	-0.28	0.00019137
2.471	-0.24387	0.00014338
2.471	0.5871	0.00012174
2.471	0.62323	0.00021903
2.471	0.65936	0.00017363
2.471	0.76774	0.00038389
2.471	0.80387	0.00091338
2.471	0.84	0.0012971
2.471	0.87613	0.0012845
2.471	0.91226	0.0009232
2.471	0.94839	0.00047211
2.471	0.98452	0.00015592
2.471	2.1406	0.00022163
2.471	2.1768	0.00037264
2.471	2.2129	0.0004364
2.471	2.2491	0.00036499
2.471	2.2851	0.00020853
2.4949	-1.3639	0.00012782
2.4949	-1.3277	0.00022725
2.4949	-1.2916	0.0001585
2.4949	-1.1832	0.00038696
2.4949	-1.1471	0.00050178
2.4949	-1.111	0.00030146
2.4949	-1.0749	0.00018865
2.4949	-1.0387	0.00055683
2.4949	-1.0026	0.0010324
2.4949	-0.96645	0.0009102
2.4949	-0.93032	0.00041778
2.4949	-0.89419	0.00061432
2.4949	-0.85806	0.0015245
2.4949	-0.82193	0.0017096
2.4949	-0.7858	0.00083657
2.4949	-0.74968	0.00074512
2.4949	-0.71355	0.0021773
2.4949	-0.67742	0.0029579
2.4949	-0.64129	0.0016422
2.4949	-0.60516	0.00050359
2.4949	-0.56903	0.0026582
2.4949	-0.5329	0.0077991
2.4949	-0.49677	0.012386
2.4949	-0.46064	0.013317
2.4949	-0.42451	0.010485
2.4949	-0.38838	0.0061289
2.4949	-0.35226	0.0025666
2.4949	-0.31613	0.00070032
2.4949	-0.28	0.00013226
2.4949	0.5871	0.00013005
2.4949	0.62323	0.00021325
2.4949	0.65936	0.00015488
2.4949	0.76774	0.00052517
2.4949	0.80387	0.0012094
2.4949	0.84	0.0017319
2.4949	0.87613	0.00176
2.4949	0.91226	0.0013114
2.4949	0.94839	0.00069914
2.4949	0.98452	0.00023993
2.4949	2.1406	0.00029983
2.4949	2.1768	0.00050739
2.4949	2.2129	0.00060142
2.4949	2.2491	0.00050835
2.4949	2.2851	0.00029056
2.5187	-1.8336	0.00018609
2.5187	-1.7974	0.0002754
2.5187	-1.7613	0.00026051
2.5187	-1.7251	0.00015608
2.5187	-1.3277	0.00019248
2.5187	-1.2916	0.000151
2.5187	-1.2193	0.00014742
2.5187	-1.1832	0.00048976
2.5187	-1.1471	0.00061771
2.5187	-1.111	0.00036308
2.5187	-1.0749	0.00039424
2.5187	-1.0387	0.0011846
2.5187	-1.0026	0.0018007
2.5187	-0.96645	0.0012409
2.5187	-0.93032	0.00051624
2.5187	-0.89419	0.0010933
2.5187	-0.85806	0.0020453
2.5187	-0.82193	0.0016109
2.5187	-0.7858	0.00049777
2.5187	-0.74968	0.00070852
2.5187	-0.71355	0.0020505
2.5187	-0.67742	0.002365
2.5187	-0.64129	0.0010096
2.5187	-0.60516	0.00030731
2.5187	-0.56903	0.0029446
2.5187	-0.5329	0.0086659
2.5187	-0.49677	0.014137
2.5187	-0.46064	0.01591
2.5187	-0.42451	0.013233
2.5187	-0.38838	0.0081762
2.5187	-0.35226	0.0035571
2.5187	-0.31613	0.00091598
2.5187	-0.20774	0.00021791
2.5187	-0.17162	0.00017632
2.5187	0.5871	0.00013442
2.5187	0.62323	0.00019917
2.5187	0.65936	0.00012907
2.5187	0.73162	0.00012969
2.5187	0.76774	0.00066796
2.5187	0.80387	0.0014772
2.5187	0.84	0.002105
2.5187	0.87613	0.0021593
2.5187	0.91226	0.0016348
2.5187	0.94839	0.00088619
2.5187	0.98452	0.00030594
2.5187	2.1045	0.00014521
2.5187	2.1406	0.00039295
2.5187	2.1768	0.00067732
2.5187	2.2129	0.00081953
2.5187	2.2491	0.00070398
2.5187	2.2851	0.00040342
2.5187	2.3213	0.00012271
2.5426	-1.8697	0.00022323
2.5426	-1.8336	0.00061146
2.5426	-1.7974	0.0010114
2.5426	-1.7613	0.0011326
2.5426	-1.7251	0.000861
2.5426	-1.689	0.00040211
2.5426	-1.2916	0.00013726
2.5426	-1.1832	0.0003814
2.5426	-1.1471	0.00047466
2.5426	-1.111	0.00028627
2.5426	-1.0749	0.00041256
2.5426	-1.0387	0.0009748
2.5426	-1.0026	0.0011288
2.5426	-0.96645	0.00059469
2.5426	-0.93032	0.00027804
2.5426	-0.89419	0.00068691
2.5426	-0.85806	0.0010552
2.5426	-0.82193	0.00068606
2.5426	-0.7858	0.00017505
2.5426	-0.74968	0.00048892
2.5426	-0.71355	0.0013417
2.5426	-0.67742	0.0014474
2.5426	-0.64129	0.00051787
2.5426	-0.60516	0.00027963
2.5426	-0.56903	0.002868
2.5426	-0.5329	0.0082593
2.5426	-0.49677	0.013698
2.5426	-0.46064	0.015868
2.5426	-0.42451	0.013617
2.5426	-0.38838	0.0086336
2.5426	-0.35226	0.0037807
2.5426	-0.31613	0.00091182
2.5426	-0.24387	0.00017982
2.5426	-0.20774	0.00034067
2.5426	-0.17162	0.00025917
2.5426	0.5871	0.00013495
2.5426	0.62323	0.00017978
2.5426	0.73162	0.00018328
2.5426	0.76774	0.00080641
2.5426	0.80387	0.0017093
2.5426	0.84	0.0024078
2.5426	0.87613	0.0024723
2.5426	0.91226	0.0018828
2.5426	0.94839	0.0010252
2.5426	0.98452	0.00035043
2.5426	2.1045	0.00017029
2.5426	2.1406	0.00047216
2.5426	2.1768	0.00083569
2.5426	2.2129	0.001031
2.5426	2.2491	0.00089164
2.5426	2.2851	0.00050329
2.5426	2.3213	0.00014292
2.5663	-1.8697	0.0005396
2.5663	-1.8336	0.0015033
2.5663	-1.7974	0.0026385
2.5663	-1.7613	0.0032204
2.5663	-1.7251	0.0027406
2.5663	-1.689	0.0014882
2.5663	-1.6529	0.00036869
2.5663	-1.5806	0.0002309
2.5663	-1.5445	0.00034833
2.5663	-1.5084	0.00016147
2.5663	-1.4	0.00018839
2.5663	-1.0749	0.00013589
2.5663	-1.0387	0.00026206
2.5663	-1.0026	0.00027576
2.5663	-0.96645	0.00014525
2.5663	-0.89419	0.00030303
2.5663	-0.85806	0.00042145
2.5663	-0.82193	0.00024743
2.5663	-0.74968	0.00033092
2.5663	-0.71355	0.00083342
2.5663	-0.67742	0.00084562
2.5663	-0.64129	0.0002492
2.5663	-0.60516	0.00029572
2.5663	-0.56903	0.002641
2.5663	-0.5329	0.0073994
2.5663	-0.49677	0.012389
2.5663	-0.46064	0.014646
2.5663	-0.42451	0.012836
2.5663	-0.38838	0.0082563
2.5663	-0.35226	0.003592
2.5663	-0.31613	0.00079887
2.5663	-0.24387	0.0002649
2.5663	-0.20774	0.00045612
2.5663	-0.17162	0.00032091
2.5663	-0.027097	0.00012421
2.5663	0.5871	0.00013167
2.5663	0.62323	0.00015729
2.5663	0.73162	0.00024364
2.5663	0.76774	0.00093677
2.5663	0.80387	0.0019059
2.5663	0.84	0.0026476
2.5663	0.87613	0.0027104
2.5663	0.91226	0.002066
2.5663	0.94839	0.0011229
2.5663	0.98452	0.00037651
2.5663	2.1045	0.00012605
2.5663	2.1406	0.00036337
2.5663	2.1768	0.00065066
2.5663	2.2129	0.00079272
2.5663	2.2491	0.00066162
2.5663	2.2851	0.00035062
2.5901	-1.9058	0.00019541
2.5901	-1.8697	0.0011602
2.5901	-1.8336	0.0032713
2.5901	-1.7974	0.0059954
2.5901	-1.7613	0.0077519
2.5901	-1.7251	0.0070365
2.5901	-1.689	0.0040749
2.5901	-1.6529	0.0010573
2.5901	-1.5806	0.00085574
2.5901	-1.5445	0.0013693
2.5901	-1.5084	0.00073507
2.5901	-1.4362	0.00020546
2.5901	-1.4	0.00050166
2.5901	-1.3639	0.00034433
2.5901	-0.85806	0.00014744
2.5901	-0.74968	0.00021543
2.5901	-0.71355	0.00048926
2.5901	-0.67742	0.00046245
2.5901	-0.60516	0.00030577
2.5901	-0.56903	0.0023039
2.5901	-0.5329	0.006297
2.5901	-0.49677	0.01064
2.5901	-0.46064	0.012814
2.5901	-0.42451	0.011442
2.5901	-0.38838	0.0074404
2.5901	-0.35226	0.0031988
2.5901	-0.31613	0.00064626
2.5901	-0.24387	0.00036067
2.5901	-0.20774	0.00056032
2.5901	-0.17162	0.00036374
2.5901	-0.027097	0.00018427
2.5901	0.0090325	0.00013226
2.5901	0.5871	0.00012335
2.5901	0.62323	0.00013188
2.5901	0.73162	0.00030733
2.5901	0.76774	0.0010521
2.5901	0.80387	0.0020638
2.5901	0.84	0.0028312
2.5901	0.87613	0.0028894
2.5901	0.91226	0.0022014
2.5901	0.94839	0.001191
2.5901	0.98452	0.00038966
2.5901	2.1768	0.00017126
2.5901	2.2129	0.00022134
2.5901	2.2491	0.00018922
2.6139	-1.9058	0.00045473
2.6139	-1.8697	0.002442
2.6139	-1.8336	0.0067636
2.6139	-1.7974	0.012365
2.6139	-1.7613	0.015819
2.6139	-1.7251	0.013878
2.6139	-1.689	0.007478
2.6139	-1.6529	0.0016868
2.6139	-1.6167	0.00014272
2.6139	-1.5806	0.0013075
2.6139	-1.5445	0.0017642
2.6139	-1.5084	0.00084218
2.6139	-1.4362	0.00017208
2.6139	-1.4	0.000453
2.6139	-1.3639	0.00035504
2.6139	-1.2193	0.00013241
2.6139	-0.74968	0.00012839
2.6139	-0.71355	0.00025767
2.6139	-0.67742	0.00022274
2.6139	-0.60516	0.0002919
2.6139	-0.56903	0.0018815
2.6139	-0.5329	0.0050532
2.6139	-0.49677	0.0086573
2.6139	-0.46064	0.01066
2.6139	-0.42451	0.0097234
2.6139	-0.38838	0.0064028
2.6139	-0.35226	0.0027183
2.6139	-0.31613	0.00049198
2.6139	-0.24387	0.00045943
2.6139	-0.20774	0.00065198
2.6139	-0.17162	0.00039119
2.6139	-0.063226	0.00018375
2.6139	-0.027097	0.00025578
2.6139	0.0090325	0.0001581
2.6139	0.15355	0.00013787
2.6139	0.73162	0.00036419
2.6139	0.76774	0.0011235
2.6139	0.80387	0.0021405
2.6139	0.84	0.0029158
2.6139	0.87613	0.0029777
2.6139	0.91226	0.0022719
2.6139	0.94839	0.0012232
2.6139	0.98452	0.00038946
2.6378	-2.0503	0.00012702
2.6378	-2.0142	0.0001952
2.6378	-1.9058	0.0010266
2.6378	-1.8697	0.0043582
2.6378	-1.8336	0.010034
2.6378	-1.7974	0.015279
2.6378	-1.7613	0.01617
2.6378	-1.7251	0.011676
2.6378	-1.689	0.0051687
2.6378	-1.6529	0.00093206
2.6378	-1.5806	0.00076784
2.6378	-1.5445	0.0009496
2.6378	-1.5084	0.00043826
2.6378	-1.4	0.00030214
2.6378	-1.3639	0.00025563
2.6378	-1.2193	0.00014146
2.6378	-0.60516	0.00024962
2.6378	-0.56903	0.0014032
2.6378	-0.5329	0.0037439
2.6378	-0.49677	0.0065682
2.6378	-0.46064	0.0083445
2.6378	-0.42451	0.0078391
2.6378	-0.38838	0.0052633
2.6378	-0.35226	0.0022162
2.6378	-0.31613	0.00035574
2.6378	-0.24387	0.00055364
2.6378	-0.20774	0.00073078
2.6378	-0.17162	0.0004074
2.6378	-0.063226	0.0002748
2.6378	-0.027097	0.00034237
2.6378	0.0090325	0.00018227
2.6378	0.11742	0.00018165
2.6378	0.15355	0.0002344
2.6378	0.18968	0.00014785
2.6378	0.73162	0.00037637
2.6378	0.76774	0.0010354
2.6378	0.80387	0.0019274
2.6378	0.84	0.0026256
2.6378	0.87613	0.0026919
2.6378	0.91226	0.0020528
2.6378	0.94839	0.0010922
2.6378	0.98452	0.00033667
2.6616	-2.0503	0.00033777
2.6616	-2.0142	0.00040115
2.6616	-1.9781	0.00013439
2.6616	-1.942	0.00012107
2.6616	-1.9058	0.0013488
2.6616	-1.8697	0.00402
2.6616	-1.8336	0.006957
2.6616	-1.7974	0.0084078
2.6616	-1.7613	0.0074605
2.6616	-1.7251	0.0047547
2.6616	-1.689	0.0019257
2.6616	-1.6529	0.00031087
2.6616	-1.5806	0.00035531
2.6616	-1.5445	0.00043319
2.6616	-1.5084	0.00019986
2.6616	-1.4	0.00019173
2.6616	-1.3639	0.00016701
2.6616	-1.2193	0.00012804
2.6616	-0.60516	0.00018378
2.6616	-0.56903	0.0009089
2.6616	-0.5329	0.0024431
2.6616	-0.49677	0.0044685
2.6616	-0.46064	0.0059652
2.6616	-0.42451	0.0058706
2.6616	-0.38838	0.0040814
2.6616	-0.35226	0.0017275
2.6616	-0.31613	0.00024659
2.6616	-0.28	0.00012472
2.6616	-0.24387	0.00063382
2.6616	-0.20774	0.00079666
2.6616	-0.17162	0.0004176
2.6616	-0.063226	0.00039853
2.6616	-0.027097	0.00045272
2.6616	0.0090325	0.00020804
2.6616	0.11742	0.0003453
2.6616	0.15355	0.00038284
2.6616	0.18968	0.00020013
2.6616	0.29807	0.00014819
2.6616	0.3342	0.00016991
2.6616	0.73162	0.00024044
2.6616	0.76774	0.00051882
2.6616	0.80387	0.00093279
2.6616	0.84	0.0012774
2.6616	0.87613	0.0013091
2.6616	0.91226	0.00098169
2.6616	0.94839	0.00050594
2.6616	0.98452	0.00015415
2.6854	-2.1948	0.00012313
2.6854	-2.0865	0.00016666
2.6854	-2.0503	0.00041356
2.6854	-2.0142	0.00038324
2.6854	-1.942	0.00013956
2.6854	-1.9058	0.0010998
2.6854	-1.8697	0.0027668
2.6854	-1.8336	0.0042296
2.6854	-1.7974	0.0046153
2.6854	-1.7613	0.0037541
2.6854	-1.7251	0.0022193
2.6854	-1.689	0.0008365
2.6854	-1.5806	0.00017689
2.6854	-1.5445	0.00020864
2.6854	-0.56903	0.00047514
2.6854	-0.5329	0.0012786
2.6854	-0.49677	0.0024932
2.6854	-0.46064	0.0036163
2.6854	-0.42451	0.0038621
2.6854	-0.38838	0.0028763
2.6854	-0.35226	0.0012655
2.6854	-0.31613	0.00016709
2.6854	-0.28	0.00014962
2.6854	-0.24387	0.00068186
2.6854	-0.20774	0.00084509
2.6854	-0.17162	0.00042736
2.6854	-0.099357	0.00017878
2.6854	-0.063226	0.00056489
2.6854	-0.027097	0.00059925
2.6854	0.0090325	0.00023979
2.6854	0.081291	0.00026757
2.6854	0.11742	0.00062238
2.6854	0.15355	0.00060401
2.6854	0.18968	0.00026625
2.6854	0.26194	0.0002059
2.6854	0.29807	0.00039025
2.6854	0.3342	0.00032803
2.6854	0.44258	0.00012754
2.6854	0.47871	0.0002042
2.6854	0.51484	0.00014841
2.7092	-2.0865	0.00012405
2.7092	-2.0503	0.00027425
2.7092	-2.0142	0.00023298
2.7092	-1.942	0.00013934
2.7092	-1.9058	0.00092849
2.7092	-1.8697	0.0022484
2.7092	-1.8336	0.0033666
2.7092	-1.7974	0.0035768
2.7092	-1.7613	0.0027899
2.7092	-1.7251	0.0015486
2.7092	-1.689	0.00053061
2.7092	-1.5445	0.00012255
2.7092	-0.71355	0.00013412
2.7092	-0.56903	0.00032771
2.7092	-0.5329	0.00064958
2.7092	-0.49677	0.0010881
2.7092	-0.46064	0.0016189
2.7092	-0.42451	0.0019422
2.7092	-0.38838	0.0016573
2.7092	-0.35226	0.00082265
2.7092	-0.28	0.00013695
2.7092	-0.24387	0.00064289
2.7092	-0.20774	0.000834
2.7092	-0.17162	0.00042884
2.7092	-0.099357	0.00024624
2.7092	-0.063226	0.00072695
2.7092	-0.027097	0.00073586
2.7092	0.0090325	0.00026025
2.7092	0.081291	0.00045344
2.7092	0.11742	0.00089157
2.7092	0.15355	0.00074646
2.7092	0.18968	0.00028255
2.7092	0.2258	0.00017002
2.7092	0.26194	0.00046054
2.7092	0.29807	0.0006131
2.7092	0.3342	0.00038297
2.7092	0.44258	0.0002506
2.7092	0.47871	0.0002348
2.7092	0.5871	0.00013722
2.7092	0.62323	0.00016252
2.7092	0.73162	0.00018091
2.7092	0.76774	0.00037731
2.7092	0.80387	0.00048589
2.7092	0.84	0.00042812
2.7092	0.87613	0.00026787
2.7331	-2.0503	0.00016945
2.7331	-2.0142	0.00013816
2.7331	-1.942	0.00014084
2.7331	-1.9058	0.00083891
2.7331	-1.8697	0.0020176
2.7331	-1.8336	0.0030548
2.7331	-1.7974	0.0032779
2.7331	-1.7613	0.0025524
2.7331	-1.7251	0.0013817
2.7331	-1.689	0.0004388
2.7331	-0.89419	0.00017714
2.7331	-0.85806	0.00014461
2.7331	-0.74968	0.00025867
2.7331	-0.71355	0.00038361
2.7331	-0.67742	0.00021301
2.7331	-0.60516	0.00036912
2.7331	-0.56903	0.001268
2.7331	-0.5329	0.0020586
2.7331	-0.49677	0.0021019
2.7331	-0.46064	0.0015273
2.7331	-0.42451	0.00095437
2.7331	-0.38838	0.00065071
2.7331	-0.35226	0.00038898
2.7331	-0.24387	0.00037999
2.7331	-0.20774	0.00058123
2.7331	-0.17162	0.00033717
2.7331	-0.099357	0.00019143
2.7331	-0.063226	0.00056607
2.7331	-0.027097	0.00055544
2.7331	0.0090325	0.00017988
2.7331	0.081291	0.00035652
2.7331	0.11742	0.00060438
2.7331	0.15355	0.00043267
2.7331	0.18968	0.00015349
2.7331	0.2258	0.00018062
2.7331	0.26194	0.00039243
2.7331	0.29807	0.00040816
2.7331	0.3342	0.00020209
2.7331	0.40645	0.00013985
2.7331	0.44258	0.00020994
2.7331	0.47871	0.00013967
2.7331	0.5871	0.00018144
2.7331	0.62323	0.00016228
2.7331	0.73162	0.0003632
2.7331	0.76774	0.00077616
2.7331	0.80387	0.0010245
2.7331	0.84	0.00095196
2.7331	0.87613	0.00064644
2.7331	0.91226	0.00031503
2.7569	-1.942	0.00013995
2.7569	-1.9058	0.00076504
2.7569	-1.8697	0.0018422
2.7569	-1.8336	0.0028446
2.7569	-1.7974	0.0031203
2.7569	-1.7613	0.0024675
2.7569	-1.7251	0.0013307
2.7569	-1.689	0.00039816
2.7569	-1.5806	0.00015339
2.7569	-1.5445	0.00012152
2.7569	-1.0749	0.00012248
2.7569	-1.0387	0.00012736
2.7569	-0.93032	0.00015374
2.7569	-0.89419	0.00030476
2.7569	-0.85806	0.0002309
2.7569	-0.7858	0.00014072
2.7569	-0.74968	0.00064284
2.7569	-0.71355	0.00091309
2.7569	-0.67742	0.00045285
2.7569	-0.60516	0.0014903
2.7569	-0.56903	0.0050574
2.7569	-0.5329	0.0086382
2.7569	-0.49677	0.0094122
2.7569	-0.46064	0.0068709
2.7569	-0.42451	0.0032237
2.7569	-0.38838	0.00084037
2.7569	-0.35226	0.00012339
2.7569	-0.20774	0.00013677
2.7569	-0.17162	0.00012693
2.7569	-0.063226	0.0001518
2.7569	-0.027097	0.00017005
2.7569	0.11742	0.00017881
2.7569	0.15355	0.0001222
2.7569	0.26194	0.00018887
2.7569	0.29807	0.00017229
2.7569	0.44258	0.00013097
2.7569	0.5871	0.0001697
2.7569	0.62323	0.00012912
2.7569	0.73162	0.00048441
2.7569	0.76774	0.0010087
2.7569	0.80387	0.0013348
2.7569	0.84	0.0012606
2.7569	0.87613	0.00087492
2.7569	0.91226	0.00043402
2.7569	0.94839	0.00013717
2.7807	-1.942	0.00013388
2.7807	-1.9058	0.00068823
2.7807	-1.8697	0.0016729
2.7807	-1.8336	0.0026509
2.7807	-1.7974	0.0029926
2.7807	-1.7613	0.0024224
2.7807	-1.7251	0.0013126
2.7807	-1.689	0.00037064
2.7807	-1.5806	0.0002293
2.7807	-1.5445	0.00016648
2.7807	-1.0749	0.00014221
2.7807	-1.0387	0.00013053
2.7807	-0.93032	0.00026329
2.7807	-0.89419	0.00044257
2.7807	-0.85806	0.00028774
2.7807	-0.7858	0.00029023
2.7807	-0.74968	0.0010546
2.7807	-0.71355	0.0013184
2.7807	-0.67742	0.00053118
2.7807	-0.64129	0.00018738
2.7807	-0.60516	0.0027608
2.7807	-0.56903	0.0084718
2.7807	-0.5329	0.013967
2.7807	-0.49677	0.015203
2.7807	-0.46064	0.011449
2.7807	-0.42451	0.0057442
2.7807	-0.38838	0.0016179
2.7807	-0.35226	0.00012911
2.7807	-0.28	0.0001955
2.7807	0.5871	0.00013986
2.7807	0.69549	0.00012698
2.7807	0.73162	0.00055119
2.7807	0.76774	0.0011163
2.7807	0.80387	0.0014731
2.7807	0.84	0.0013996
2.7807	0.87613	0.00097759
2.7807	0.91226	0.00048368
2.7807	0.94839	0.00014738
2.8045	-1.942	0.00012348
2.8045	-1.9058	0.0006152
2.8045	-1.8697	0.001532
2.8045	-1.8336	0.0025193
2.8045	-1.7974	0.0029555
2.8045	-1.7613	0.0024693
2.8045	-1.7251	0.0013521
2.8045	-1.689	0.0003577
2.8045	-1.6167	0.00019808
2.8045	-1.5806	0.00036783
2.8045	-1.5445	0.0002491
2.8045	-1.4362	0.00018986
2.8045	-1.4	0.00023294
2.8045	-1.2555	0.00025164
2.8045	-1.2193	0.00023326
2.8045	-1.0749	0.00016415
2.8045	-0.93032	0.00027067
2.8045	-0.89419	0.00035486
2.8045	-0.85806	0.00017737
2.8045	-0.7858	0.00029011
2.8045	-0.74968	0.00081612
2.8045	-0.71355	0.00087445
2.8045	-0.67742	0.00027441
2.8045	-0.64129	0.00022029
2.8045	-0.60516	0.0023845
2.8045	-0.56903	0.0067917
2.8045	-0.5329	0.01104
2.8045	-0.49677	0.012196
2.8045	-0.46064	0.0095164
2.8045	-0.42451	0.0050411
2.8045	-0.38838	0.0015263
2.8045	-0.35226	0.00012595
2.8045	-0.28	0.00027964
2.8045	-0.24387	0.00018912
2.8045	0.69549	0.00014583
2.8045	0.73162	0.00057395
2.8045	0.76774	0.0011347
2.8045	0.80387	0.0014932
2.8045	0.84	0.0014239
2.8045	0.87613	0.00099663
2.8045	0.91226	0.00048859
2.8045	0.94839	0.00014206
2.8283	-1.9058	0.00055746
2.8283	-1.8697	0.0014451
2.8283	-1.8336	0.0024899
2.8283	-1.7974	0.0030486
2.8283	-1.7613	0.0026268
2.8283	-1.7251	0.0014426
2.8283	-1.689	0.00034887
2.8283	-1.6167	0.00033427
2.8283	-1.5806	0.00055416
2.8283	-1.5445	0.00034147
2.8283	-1.4362	0.00033171
2.8283	-1.4	0.00035639
2.8283	-1.3639	0.00012642
2.8283	-1.2916	0.00019258
2.8283	-1.2555	0.00037792
2.8283	-1.2193	0.00029784
2.8283	-1.0749	0.00016933
2.8283	-0.93032	0.00018508
2.8283	-0.89419	0.00018784
2.8283	-0.7858	0.00020883
2.8283	-0.74968	0.00046404
2.8283	-0.71355	0.00042712
2.8283	-0.64129	0.00020423
2.8283	-0.60516	0.0016759
2.8283	-0.56903	0.0045352
2.8283	-0.5329	0.0073746
2.8283	-0.49677	0.0083209
2.8283	-0.46064	0.0067018
2.8283	-0.42451	0.0036789
2.8283	-0.38838	0.0011442
2.8283	-0.28	0.00030486
2.8283	-0.24387	0.00022923
2.8283	0.69549	0.00015456
2.8283	0.73162	0.00055847
2.8283	0.76774	0.0010844
2.8283	0.80387	0.0014285
2.8283	0.84	0.0013704
2.8283	0.87613	0.00096218
2.8283	0.91226	0.00046716
2.8283	0.94839	0.00012899
2.8283	2.1406	0.00012238
2.8521	-1.9058	0.00047714
2.8521	-1.8697	0.0012428
2.8521	-1.8336	0.002161
2.8521	-1.7974	0.0026499
2.8521	-1.7613	0.0022508
2.8521	-1.7251	0.0011822
2.8521	-1.689	0.00024883
2.8521	-1.6167	0.00034245
2.8521	-1.5806	0.00049794
2.8521	-1.5445	0.00027149
2.8521	-1.4362	0.0002949
2.8521	-1.4	0.00028234
2.8521	-1.2916	0.00018099
2.8521	-1.2555	0.00031267
2.8521	-1.2193	0.00021916
2.8521	-1.111	0.00013602
2.8521	-1.0749	0.00017425
2.8521	-0.93032	0.00015683
2.8521	-0.89419	0.00013321
2.8521	-0.7858	0.00018228
2.8521	-0.74968	0.00032506
2.8521	-0.71355	0.00024485
2.8521	-0.64129	0.00020631
2.8521	-0.60516	0.0012908
2.8521	-0.56903	0.0032364
2.8521	-0.5329	0.0051351
2.8521	-0.49677	0.0057846
2.8521	-0.46064	0.0047036
2.8521	-0.42451	0.0026114
2.8521	-0.38838	0.00080726
2.8521	-0.28	0.00029774
2.8521	-0.24387	0.00022927
2.8521	0.69549	0.00015127
2.8521	0.73162	0.00050864
2.8521	0.76774	0.00097864
2.8521	0.80387	0.0013005
2.8521	0.84	0.0012637
2.8521	0.87613	0.00089542
2.8521	0.91226	0.00043251
2.876	-1.9058	0.00033402
2.876	-1.8697	0.00074433
2.876	-1.8336	0.0011765
2.876	-1.7974	0.001354
2.876	-1.7613	0.0010948
2.876	-1.7251	0.00054509
2.876	-1.6167	0.0001912
2.876	-1.5806	0.00025996
2.876	-1.5445	0.00013362
2.876	-1.4362	0.00018276
2.876	-1.4	0.00016736
2.876	-1.2916	0.00014064
2.876	-1.2555	0.0002253
2.876	-1.2193	0.00014434
2.876	-1.111	0.00015735
2.876	-1.0749	0.0001854
2.876	-0.93032	0.00017854
2.876	-0.89419	0.00013995
2.876	-0.7858	0.00021566
2.876	-0.74968	0.00033007
2.876	-0.71355	0.0002028
2.876	-0.64129	0.00026654
2.876	-0.60516	0.0012841
2.876	-0.56903	0.0028548
2.876	-0.5329	0.0042088
2.876	-0.49677	0.004525
2.876	-0.46064	0.0035729
2.876	-0.42451	0.0019407
2.876	-0.38838	0.00057847
2.876	-0.28	0.00027491
2.876	-0.24387	0.0002099
2.876	0.69549	0.00013525
2.876	0.73162	0.00042754
2.876	0.76774	0.00082497
2.876	0.80387	0.0011203
2.876	0.84	0.0011168
2.876	0.87613	0.00080805
2.876	0.91226	0.00039243
2.8998	-1.942	0.00012092
2.8998	-1.9058	0.00032133
2.8998	-1.8697	0.00054975
2.8998	-1.8336	0.00070091
2.8998	-1.7974	0.00068961
2.8998	-1.7613	0.00050405
2.8998	-1.7251	0.00023671
2.8998	-1.5806	0.00012549
2.8998	-1.2555	0.00016352
2.8998	-1.111	0.00017831
2.8998	-1.0749	0.00019627
2.8998	-0.93032	0.00022947
2.8998	-0.89419	0.00017163
2.8998	-0.7858	0.00031065
2.8998	-0.74968	0.00043884
2.8998	-0.71355	0.00023436
2.8998	-0.64129	0.00045106
2.8998	-0.60516	0.001797
2.8998	-0.56903	0.0035486
2.8998	-0.5329	0.0047306
2.8998	-0.49677	0.0046478
2.8998	-0.46064	0.0033883
2.8998	-0.42451	0.0017122
2.8998	-0.38838	0.0004699
2.8998	-0.28	0.00025454
2.8998	-0.24387	0.00018829
2.8998	-0.099357	0.00012934
2.8998	0.73162	0.0003193
2.8998	0.76774	0.00062175
2.8998	0.80387	0.00087677
2.8998	0.84	0.00091372
2.8998	0.87613	0.00068786
2.8998	0.91226	0.00034192
2.9237	-1.942	0.00018991
2.9237	-1.9058	0.0004711
2.9237	-1.8697	0.00074079
2.9237	-1.8336	0.00083967
2.9237	-1.7974	0.00071281
2.9237	-1.7613	0.00044386
2.9237	-1.7251	0.00017929
2.9237	-1.111	0.00019362
2.9237	-1.0749	0.00020037
2.9237	-0.96645	0.0001546
2.9237	-0.93032	0.00030023
2.9237	-0.89419	0.00021386
2.9237	-0.7858	0.00048266
2.9237	-0.74968	0.00064876
2.9237	-0.71355	0.00031288
2.9237	-0.64129	0.00089241
2.9237	-0.60516	0.0031946
2.9237	-0.56903	0.0059183
2.9237	-0.5329	0.0074044
2.9237	-0.49677	0.0067614
2.9237	-0.46064	0.0045234
2.9237	-0.42451	0.0020653
2.9237	-0.38838	0.00049415
2.9237	-0.31613	0.00014362
2.9237	-0.28	0.00027165
2.9237	-0.24387	0.0001853
2.9237	-0.099357	0.00013872
2.9237	0.73162	0.00021546
2.9237	0.76774	0.00038351
2.9237	0.80387	0.00054031
2.9237	0.84	0.00058793
2.9237	0.87613	0.000467
2.9237	0.91226	0.00024231
2.9474	-1.942	0.00029616
2.9474	-1.9058	0.00073122
2.9474	-1.8697	0.0011553
2.9474	-1.8336	0.0013016
2.9474	-1.7974	0.0010711
2.9474	-1.7613	0.00062124
2.9474	-1.7251	0.00021951
2.9474	-1.111	0.00019579
2.9474	-1.0749	0.00019214
2.9474	-0.96645	0.00021152
2.9474	-0.93032	0.00038463
2.9474	-0.89419	0.00025924
2.9474	-0.82193	0.00019781
2.9474	-0.7858	0.00076102
2.9474	-0.74968	0.00098001
2.9474	-0.71355	0.00042731
2.9474	-0.64129	0.001861
2.9474	-0.60516	0.0062586
2.9474	-0.56903	0.011334
2.9474	-0.5329	0.013914
2.9474	-0.49677	0.012362
2.9474	-0.46064	0.0079021
2.9474	-0.42451	0.0033369
2.9474	-0.38838	0.00068062
2.9474	-0.31613	0.00026924
2.9474	-0.28	0.00041032
2.9474	-0.24387	0.00023811
2.9474	-0.13549	0.00013631
2.9474	-0.099357	0.00016423
2.9474	0.045162	0.0001363
2.9474	0.18968	0.00012842
2.9474	0.2258	0.00019852
2.9474	0.26194	0.00012801
2.9474	0.40645	0.00013159
2.9474	0.55097	0.00013135
2.9474	0.69549	0.00013935
2.9474	0.73162	0.00025275
2.9474	0.76774	0.00029046
2.9474	0.80387	0.00026809
2.9474	0.84	0.00022643
2.9474	0.87613	0.00016844
2.9712	-1.942	0.00043831
2.9712	-1.9058	0.0010822
2.9712	-1.8697	0.0017367
2.9712	-1.8336	0.0019877
2.9712	-1.7974	0.0016441
2.9712	-1.7613	0.00093328
2.9712	-1.7251	0.00030104
2.9712	-1.111	0.00017586
2.9712	-1.0749	0.00016712
2.9712	-0.96645	0.00027536
2.9712	-0.93032	0.00047376
2.9712	-0.89419	0.00030135
2.9712	-0.82193	0.00033667
2.9712	-0.7858	0.0011876
2.9712	-0.74968	0.0014676
2.9712	-0.71355	0.00057041
2.9712	-0.67742	0.00027653
2.9712	-0.64129	0.0038901
2.9712	-0.60516	0.012522
2.9712	-0.56903	0.022512
2.9712	-0.5329	0.02763
2.9712	-0.49677	0.02444
2.9712	-0.46064	0.01534
2.9712	-0.42451	0.0061489
2.9712	-0.38838	0.0010646
2.9712	-0.31613	0.0006895
2.9712	-0.28	0.00085863
2.9712	-0.24387	0.00041161
2.9712	-0.13549	0.00024447
2.9712	-0.099357	0.00023904
2.9712	0.045162	0.00016967
2.9712	0.081291	0.0001251
2.9712	0.18968	0.00016685
2.9712	0.2258	0.00023373
2.9712	0.26194	0.00013495
2.9712	0.37032	0.00016376
2.9712	0.40645	0.00017255
2.9712	0.55097	0.0001913
2.9712	0.5871	0.00013871
2.9712	0.69549	0.00024306
2.9712	0.73162	0.00043736
2.9712	0.76774	0.00046193
2.9712	0.80387	0.00032659
2.9712	0.84	0.00016104
2.995	-1.9781	0.00012283
2.995	-1.942	0.00060847
2.995	-1.9058	0.0015042
2.995	-1.8697	0.0024534
2.995	-1.8336	0.0028591
2.995	-1.7974	0.0023909
2.995	-1.7613	0.0013424
2.995	-1.7251	0.00039951
2.995	-1.6167	0.00024878
2.995	-1.5806	0.00020081
2.995	-1.111	0.00012565
2.995	-1.0749	0.0001235
2.995	-0.96645	0.00032469
2.995	-0.93032	0.00053816
2.995	-0.89419	0.00032394
2.995	-0.82193	0.00053205
2.995	-0.7858	0.0017416
2.995	-0.74968	0.002061
2.995	-0.71355	0.00069802
2.995	-0.67742	0.00065245
2.995	-0.64129	0.007472
2.995	-0.60516	0.023048
2.995	-0.56903	0.040915
2.995	-0.5329	0.049853
2.995	-0.49677	0.043602
2.995	-0.46064	0.0267
2.995	-0.42451	0.010092
2.995	-0.38838	0.0014445
2.995	-0.35226	0.00029317
2.995	-0.31613	0.0015449
2.995	-0.28	0.001639
2.995	-0.24387	0.00065692
2.995	-0.17162	0.00018954
2.995	-0.13549	0.00043818
2.995	-0.099357	0.00033593
2.995	0.0090325	0.00012628
2.995	0.045162	0.00019155
2.995	0.2258	0.0001448
2.995	0.37032	0.00012664
2.995	0.55097	0.00016009
2.995	0.69549	0.00029822
2.995	0.73162	0.00055303
2.995	0.76774	0.0006251
2.995	0.80387	0.00048065
2.995	0.84	0.00025255
3.0188	-1.9781	0.00016573
3.0188	-1.942	0.00078428
3.0188	-1.9058	0.0019527
3.0188	-1.8697	0.0032485
3.0188	-1.8336	0.0038646
3.0188	-1.7974	0.0032747
3.0188	-1.7613	0.0018221
3.0188	-1.7251	0.00049793
3.0188	-1.6529	0.00025474
3.0188	-1.6167	0.0004879
3.0188	-1.5806	0.00035308
3.0188	-1.4723	0.00019361
3.0188	-1.4362	0.00027519
3.0188	-1.4	0.0001697
3.0188	-1.2916	0.00014808
3.0188	-1.2555	0.0001991
3.0188	-1.2193	0.0001405
3.0188	-0.96645	0.00028872
3.0188	-0.93032	0.00047285
3.0188	-0.89419	0.00027038
3.0188	-0.82193	0.00062742
3.0188	-0.7858	0.00191
3.0188	-0.74968	0.0021337
3.0188	-0.71355	0.00060873
3.0188	-0.67742	0.0010295
3.0188	-0.64129	0.0097421
3.0188	-0.60516	0.028332
3.0188	-0.56903	0.048541
3.0188	-0.5329	0.057306
3.0188	-0.49677	0.048381
3.0188	-0.46064	0.028261
3.0188	-0.42451	0.0098561
3.0188	-0.38838	0.0011218
3.0188	-0.35226	0.0004982
3.0188	-0.31613	0.0019175
3.0188	-0.28	0.0017791
3.0188	-0.24387	0.00060673
3.0188	-0.17162	0.00026672
3.0188	-0.13549	0.00049595
3.0188	-0.099357	0.00031957
3.0188	0.0090325	0.00015497
3.0188	0.045162	0.00019047
3.0188	0.69549	0.00032315
3.0188	0.73162	0.00060713
3.0188	0.76774	0.00071996
3.0188	0.80387	0.00059249
3.0188	0.84	0.00033853
3.0188	0.87613	0.00012278
3.0427	-1.9781	0.0001976
3.0427	-1.942	0.00090701
3.0427	-1.9058	0.0022919
3.0427	-1.8697	0.0039091
3.0427	-1.8336	0.0047622
3.0427	-1.7974	0.0040931
3.0427	-1.7613	0.0022524
3.0427	-1.7251	0.00055703
3.0427	-1.6529	0.00049302
3.0427	-1.6167	0.00083885
3.0427	-1.5806	0.00054863
3.0427	-1.4723	0.00045469
3.0427	-1.4362	0.00055311
3.0427	-1.4	0.00027032
3.0427	-1.3277	0.00018895
3.0427	-1.2916	0.00045178
3.0427	-1.2555	0.00046943
3.0427	-1.2193	0.00024661
3.0427	-0.96645	0.00013212
3.0427	-0.93032	0.00021987
3.0427	-0.82193	0.0003747
3.0427	-0.7858	0.0010669
3.0427	-0.74968	0.0011227
3.0427	-0.71355	0.0002648
3.0427	-0.67742	0.00079231
3.0427	-0.64129	0.0064293
3.0427	-0.60516	0.017885
3.0427	-0.56903	0.029968
3.0427	-0.5329	0.034806
3.0427	-0.49677	0.028878
3.0427	-0.46064	0.016416
3.0427	-0.42451	0.0053819
3.0427	-0.38838	0.0004814
3.0427	-0.35226	0.00047639
3.0427	-0.31613	0.0014477
3.0427	-0.28	0.0012301
3.0427	-0.24387	0.00036959
3.0427	-0.17162	0.00026048
3.0427	-0.13549	0.00042504
3.0427	-0.099357	0.0002473
3.0427	0.0090325	0.00017218
3.0427	0.045162	0.00019026
3.0427	0.69549	0.00034738
3.0427	0.73162	0.00064913
3.0427	0.76774	0.00078899
3.0427	0.80387	0.00067509
3.0427	0.84	0.0004043
3.0427	0.87613	0.00015403
3.0665	-1.9781	0.00019491
3.0665	-1.942	0.0008433
3.0665	-1.9058	0.0021206
3.0665	-1.8697	0.0036573
3.0665	-1.8336	0.0045073
3.0665	-1.7974	0.0038785
3.0665	-1.7613	0.0020771
3.0665	-1.7251	0.00045115
3.0665	-1.6529	0.00063849
3.0665	-1.6167	0.00096694
3.0665	-1.5806	0.00056165
3.0665	-1.5084	0.00018354
3.0665	-1.4723	0.00061186
3.0665	-1.4362	0.0006453
3.0665	-1.4	0.00024966
3.0665	-1.3277	0.00032218
3.0665	-1.2916	0.00063855
3.0665	-1.2555	0.00055297
3.0665	-1.2193	0.00021973
3.0665	-1.1471	0.00013034
3.0665	-1.111	0.00019728
3.0665	-1.0749	0.00012261
3.0665	-0.82193	0.00013882
3.0665	-0.7858	0.0003473
3.0665	-0.74968	0.00034062
3.0665	-0.67742	0.00037918
3.0665	-0.64129	0.002757
3.0665	-0.60516	0.0076415
3.0665	-0.56903	0.01304
3.0665	-0.5329	0.015501
3.0665	-0.49677	0.013125
3.0665	-0.46064	0.007519
3.0665	-0.42451	0.0023839
3.0665	-0.38838	0.00016875
3.0665	-0.35226	0.00037218
3.0665	-0.31613	0.00095834
3.0665	-0.28	0.0007705
3.0665	-0.24387	0.00020797
3.0665	-0.17162	0.00023724
3.0665	-0.13549	0.00035476
3.0665	-0.099357	0.00019212
3.0665	0.0090325	0.00019193
3.0665	0.045162	0.00019739
3.0665	0.69549	0.00039236
3.0665	0.73162	0.00071176
3.0665	0.76774	0.00086648
3.0665	0.80387	0.00075336
3.0665	0.84	0.00046115
3.0665	0.87613	0.00017882
3.0665	2.1045	0.00015286
3.0665	2.1406	0.00014293
3.0903	-1.9781	0.00018718
3.0903	-1.942	0.00061025
3.0903	-1.9058	0.0012868
3.0903	-1.8697	0.0020063
3.0903	-1.8336	0.0023381
3.0903	-1.7974	0.0019361
3.0903	-1.7613	0.00098541
3.0903	-1.7251	0.00018342
3.0903	-1.6529	0.0003964
3.0903	-1.6167	0.00054385
3.0903	-1.5806	0.00028137
3.0903	-1.5084	0.00014592
3.0903	-1.4723	0.00040867
3.0903	-1.4362	0.00038486
3.0903	-1.3277	0.00027621
3.0903	-1.2916	0.00048192
3.0903	-1.2555	0.00036658
3.0903	-1.1471	0.0001942
3.0903	-1.111	0.00024818
3.0903	-1.0749	0.00012765
3.0903	-0.7858	0.00018019
3.0903	-0.74968	0.000122
3.0903	-0.67742	0.00021412
3.0903	-0.64129	0.0012239
3.0903	-0.60516	0.0032249
3.0903	-0.56903	0.0055232
3.0903	-0.5329	0.0067259
3.0903	-0.49677	0.0058621
3.0903	-0.46064	0.0034269
3.0903	-0.42451	0.0010663
3.0903	-0.35226	0.0002759
3.0903	-0.31613	0.000637
3.0903	-0.28	0.00049523
3.0903	-0.24387	0.00012247
3.0903	-0.17162	0.0002173
3.0903	-0.13549	0.00030556
3.0903	-0.099357	0.00015658
3.0903	0.0090325	0.00021725
3.0903	0.045162	0.00020936
3.0903	0.18968	0.00012406
3.0903	0.65936	0.00017503
3.0903	0.69549	0.00051593
3.0903	0.73162	0.00087227
3.0903	0.76774	0.0010251
3.0903	0.80387	0.00087737
3.0903	0.84	0.00053392
3.0903	0.87613	0.0002052
3.0903	2.0684	0.00012294
3.0903	2.1045	0.00015474
3.0903	2.1406	0.00014156
3.1142	-1.9781	0.00025909
3.1142	-1.942	0.00063084
3.1142	-1.9058	0.00096262
3.1142	-1.8697	0.0010863
3.1142	-1.8336	0.00096027
3.1142	-1.7974	0.0006491
3.1142	-1.7613	0.00028653
3.1142	-1.6529	0.00013662
3.1142	-1.6167	0.00017891
3.1142	-1.4723	0.00018703
3.1142	-1.4362	0.00016399
3.1142	-1.3277	0.00017945
3.1142	-1.2916	0.00028746
3.1142	-1.2555	0.00019745
3.1142	-1.1471	0.00020344
3.1142	-1.111	0.00023668
3.1142	-0.96645	0.00016593
3.1142	-0.93032	0.00012234
3.1142	-0.82193	0.00019745
3.1142	-0.7858	0.00025315
3.1142	-0.67742	0.00030334
3.1142	-0.64129	0.0011371
3.1142	-0.60516	0.0023296
3.1142	-0.56903	0.0034043
3.1142	-0.5329	0.0037887
3.1142	-0.49677	0.0031663
3.1142	-0.46064	0.001823
3.1142	-0.42451	0.00055761
3.1142	-0.35226	0.00019757
3.1142	-0.31613	0.00043559
3.1142	-0.28	0.00033751
3.1142	-0.17162	0.00019884
3.1142	-0.13549	0.00027096
3.1142	-0.099357	0.00013536
3.1142	0.0090325	0.00024637
3.1142	0.045162	0.00022277
3.1142	0.18968	0.00020705
3.1142	0.2258	0.00013561
3.1142	0.3342	0.00013088
3.1142	0.37032	0.00015002
3.1142	0.51484	0.0002024
3.1142	0.55097	0.00017311
3.1142	0.65936	0.00035557
3.1142	0.69549	0.00089652
3.1142	0.73162	0.001362
3.1142	0.76774	0.0014727
3.1142	0.80387	0.0011803
3.1142	0.84	0.0006812
3.1142	0.87613	0.00024886
3.138	-1.9781	0.00034947
3.138	-1.942	0.00082353
3.138	-1.9058	0.0012023
3.138	-1.8697	0.0012329
3.138	-1.8336	0.00091787
3.138	-1.7974	0.00048372
3.138	-1.7613	0.00015796
3.138	-1.2916	0.00015688
3.138	-1.1471	0.00019041
3.138	-1.111	0.00020594
3.138	-0.96645	0.00021851
3.138	-0.93032	0.00015175
3.138	-0.82193	0.00034831
3.138	-0.7858	0.00042902
3.138	-0.74968	0.00017528
3.138	-0.67742	0.00070651
3.138	-0.64129	0.0022631
3.138	-0.60516	0.0039851
3.138	-0.56903	0.0049045
3.138	-0.5329	0.0045623
3.138	-0.49677	0.0032355
3.138	-0.46064	0.001636
3.138	-0.42451	0.00045934
3.138	-0.35226	0.00014921
3.138	-0.31613	0.00033415
3.138	-0.28	0.0002668
3.138	-0.17162	0.00017746
3.138	-0.13549	0.00024714
3.138	-0.099357	0.00012872
3.138	0.0090325	0.00027033
3.138	0.045162	0.00023075
3.138	0.15355	0.00021248
3.138	0.18968	0.00033055
3.138	0.2258	0.00020237
3.138	0.3342	0.0002575
3.138	0.37032	0.00028139
3.138	0.47871	0.00020924
3.138	0.51484	0.00042526
3.138	0.55097	0.00033632
3.138	0.62323	0.00012672
3.138	0.65936	0.00083745
3.138	0.69549	0.0018869
3.138	0.73162	0.002603
3.138	0.76774	0.002551
3.138	0.80387	0.0018454
3.138	0.84	0.00095835
3.138	0.87613	0.00031258
3.1618	-1.9781	0.0004118
3.1618	-1.942	0.00098272
3.1618	-1.9058	0.0014842
3.1618	-1.8697	0.0015755
3.1618	-1.8336	0.0011957
3.1618	-1.7974	0.00061732
3.1618	-1.7613	0.00018035
3.1618	-1.1471	0.00016854
3.1618	-1.111	0.00017112
3.1618	-1.0026	0.00014499
3.1618	-0.96645	0.00026896
3.1618	-0.93032	0.00017462
3.1618	-0.85806	0.00016531
3.1618	-0.82193	0.00058012
3.1618	-0.7858	0.00069311
3.1618	-0.74968	0.00025562
3.1618	-0.71355	0.00012484
3.1618	-0.67742	0.0016715
3.1618	-0.64129	0.0051549
3.1618	-0.60516	0.0089505
3.1618	-0.56903	0.010733
3.1618	-0.5329	0.0094633
3.1618	-0.49677	0.0061377
3.1618	-0.46064	0.0027342
3.1618	-0.42451	0.00064747
3.1618	-0.35226	0.00019113
3.1618	-0.31613	0.00038762
3.1618	-0.28	0.00029938
3.1618	-0.17162	0.00015467
3.1618	-0.13549	0.00023833
3.1618	-0.099357	0.00014221
3.1618	0.0090325	0.00025725
3.1618	0.045162	0.00021316
3.1618	0.15355	0.00031314
3.1618	0.18968	0.00044395
3.1618	0.2258	0.00024952
3.1618	0.29807	0.00013299
3.1618	0.3342	0.00041882
3.1618	0.37032	0.00042793
3.1618	0.40645	0.00013729
3.1618	0.47871	0.00037273
3.1618	0.51484	0.00070019
3.1618	0.55097	0.0005102
3.1618	0.62323	0.00027583
3.1618	0.65936	0.0015204
3.1618	0.69549	0.0031572
3.1618	0.73162	0.0040612
3.1618	0.76774	0.0036869
3.1618	0.80387	0.0024359
3.1618	0.84	0.0011319
3.1618	0.87613	0.00031942
3.1856	-1.9781	0.00045256
3.1856	-1.942	0.0010949
3.1856	-1.9058	0.0017095
3.1856	-1.8697	0.001886
3.1856	-1.8336	0.0014822
3.1856	-1.7974	0.00077775
3.1856	-1.7613	0.00021614
3.1856	-1.1471	0.00013784
3.1856	-1.111	0.00013225
3.1856	-1.0026	0.00018318
3.1856	-0.96645	0.00031359
3.1856	-0.93032	0.00018776
3.1856	-0.85806	0.00028374
3.1856	-0.82193	0.00090691
3.1856	-0.7858	0.0010383
3.1856	-0.74968	0.00033426
3.1856	-0.71355	0.00032907
3.1856	-0.67742	0.0035897
3.1856	-0.64129	0.010754
3.1856	-0.60516	0.018702
3.1856	-0.56903	0.022529
3.1856	-0.5329	0.019764
3.1856	-0.49677	0.012473
3.1856	-0.46064	0.0051716
3.1856	-0.42451	0.0010182
3.1856	-0.35226	0.00046599
3.1856	-0.31613	0.00071035
3.1856	-0.28	0.0004543
3.1856	-0.17162	0.00015792
3.1856	-0.13549	0.00025173
3.1856	-0.099357	0.00016468
3.1856	0.0090325	0.00016469
3.1856	0.045162	0.00014808
3.1856	0.15355	0.00028344
3.1856	0.18968	0.00036741
3.1856	0.2258	0.00018672
3.1856	0.29807	0.00015034
3.1856	0.3342	0.00040895
3.1856	0.37032	0.0003858
3.1856	0.47871	0.00038973
3.1856	0.51484	0.0006754
3.1856	0.55097	0.00045156
3.1856	0.62323	0.00034775
3.1856	0.65936	0.0016662
3.1856	0.69549	0.003282
3.1856	0.73162	0.0040709
3.1856	0.76774	0.0035646
3.1856	0.80387	0.0022509
3.1856	0.84	0.00097905
3.1856	0.87613	0.00024595
3.2094	-1.9781	0.00047806
3.2094	-1.942	0.0011782
3.2094	-1.9058	0.0019001
3.2094	-1.8697	0.0021696
3.2094	-1.8336	0.0017542
3.2094	-1.7974	0.00092804
3.2094	-1.7613	0.00024157
3.2094	-1.6529	0.00018707
3.2094	-1.6167	0.00012135
3.2094	-1.0026	0.00019183
3.2094	-0.96645	0.00030192
3.2094	-0.93032	0.00016278
3.2094	-0.85806	0.00038919
3.2094	-0.82193	0.0011275
3.2094	-0.7858	0.0012125
3.2094	-0.74968	0.00032555
3.2094	-0.71355	0.00062758
3.2094	-0.67742	0.0056487
3.2094	-0.64129	0.016205
3.2094	-0.60516	0.027734
3.2094	-0.56903	0.03305
3.2094	-0.5329	0.028554
3.2094	-0.49677	0.017485
3.2094	-0.46064	0.0067729
3.2094	-0.42451	0.001092
3.2094	-0.38838	0.00014715
3.2094	-0.35226	0.00088468
3.2094	-0.31613	0.001072
3.2094	-0.28	0.00055072
3.2094	-0.17162	0.00021315
3.2094	-0.13549	0.00026155
3.2094	-0.099357	0.00014737
3.2094	0.15355	0.00012796
3.2094	0.18968	0.00015921
3.2094	0.3342	0.00023831
3.2094	0.37032	0.00021205
3.2094	0.47871	0.00027027
3.2094	0.51484	0.00044249
3.2094	0.55097	0.00027572
3.2094	0.62323	0.00031848
3.2094	0.65936	0.0013832
3.2094	0.69549	0.0026656
3.2094	0.73162	0.0032899
3.2094	0.76774	0.0028731
3.2094	0.80387	0.0017978
3.2094	0.84	0.00075991
3.2094	0.87613	0.00017489
3.2332	-1.9781	0.0004574
3.2332	-1.942	0.0011632
3.2332	-1.9058	0.0019445
3.2332	-1.8697	0.0022923
3.2332	-1.8336	0.0018924
3.2332	-1.7974	0.00099497
3.2332	-1.7613	0.00023448
3.2332	-1.689	0.00019151
3.2332	-1.6529	0.00030193
3.2332	-1.6167	0.00018046
3.2332	-1.5084	0.00013609
3.2332	-1.4723	0.00014711
3.2332	-1.0026	0.00012417
3.2332	-0.96645	0.00017403
3.2332	-0.85806	0.00031632
3.2332	-0.82193	0.00082817
3.2332	-0.7858	0.00082716
3.2332	-0.74968	0.00017865
3.2332	-0.71355	0.0006707
3.2332	-0.67742	0.0051164
3.2332	-0.64129	0.014082
3.2332	-0.60516	0.023704
3.2332	-0.56903	0.027951
3.2332	-0.5329	0.023838
3.2332	-0.49677	0.014236
3.2332	-0.46064	0.0051855
3.2332	-0.42451	0.00067432
3.2332	-0.38838	0.00023251
3.2332	-0.35226	0.00099519
3.2332	-0.31613	0.0010364
3.2332	-0.28	0.00044377
3.2332	-0.17162	0.00026708
3.2332	-0.13549	0.00024638
3.2332	0.47871	0.00016368
3.2332	0.51484	0.0002595
3.2332	0.55097	0.00015255
3.2332	0.62323	0.00027009
3.2332	0.65936	0.0010964
3.2332	0.69549	0.002102
3.2332	0.73162	0.0026176
3.2332	0.76774	0.0023099
3.2332	0.80387	0.0014508
3.2332	0.84	0.00060324
3.2332	0.87613	0.00012762
3.2571	-1.9781	0.00029539
3.2571	-1.942	0.00079895
3.2571	-1.9058	0.0014016
3.2571	-1.8697	0.0017089
3.2571	-1.8336	0.0014312
3.2571	-1.7974	0.00073569
3.2571	-1.7613	0.00014961
3.2571	-1.689	0.0002247
3.2571	-1.6529	0.00031598
3.2571	-1.6167	0.00016925
3.2571	-1.5084	0.00018785
3.2571	-1.4723	0.00018305
3.2571	-1.3277	0.0001611
3.2571	-0.85806	0.0001591
3.2571	-0.82193	0.00037387
3.2571	-0.7858	0.00034792
3.2571	-0.71355	0.00045711
3.2571	-0.67742	0.0030947
3.2571	-0.64129	0.0083967
3.2571	-0.60516	0.014242
3.2571	-0.56903	0.017001
3.2571	-0.5329	0.014625
3.2571	-0.49677	0.0086898
3.2571	-0.46064	0.0030212
3.2571	-0.42451	0.00031031
3.2571	-0.38838	0.00026744
3.2571	-0.35226	0.00088277
3.2571	-0.31613	0.00082798
3.2571	-0.28	0.00030316
3.2571	-0.20774	0.00015271
3.2571	-0.17162	0.0002993
3.2571	-0.13549	0.00022702
3.2571	0.0090325	0.0001295
3.2571	0.51484	0.00014833
3.2571	0.62323	0.00022575
3.2571	0.65936	0.00087958
3.2571	0.69549	0.0016981
3.2571	0.73162	0.002151
3.2571	0.76774	0.0019302
3.2571	0.80387	0.001223
3.2571	0.84	0.00050148
3.2809	-1.942	0.00025553
3.2809	-1.9058	0.00049766
3.2809	-1.8697	0.00065463
3.2809	-1.8336	0.00057255
3.2809	-1.7974	0.00029074
3.2809	-1.689	0.00015622
3.2809	-1.6529	0.00019849
3.2809	-1.5084	0.00016432
3.2809	-1.4723	0.00014546
3.2809	-1.3277	0.00018661
3.2809	-1.2916	0.00012595
3.2809	-0.82193	0.00016502
3.2809	-0.7858	0.00013034
3.2809	-0.71355	0.0002613
3.2809	-0.67742	0.001617
3.2809	-0.64129	0.0044039
3.2809	-0.60516	0.0076629
3.2809	-0.56903	0.0094213
3.2809	-0.5329	0.008305
3.2809	-0.49677	0.0049744
3.2809	-0.46064	0.0016605
3.2809	-0.42451	0.00013054
3.2809	-0.38838	0.00027505
3.2809	-0.35226	0.00074882
3.2809	-0.31613	0.00064703
3.2809	-0.28	0.00020289
3.2809	-0.20774	0.00019492
3.2809	-0.17162	0.00032644
3.2809	-0.13549	0.00021363
3.2809	-0.027097	0.00014854
3.2809	0.0090325	0.0001913
3.2809	0.045162	0.00012158
3.2809	0.62323	0.00018362
3.2809	0.65936	0.00070336
3.2809	0.69549	0.0013836
3.2809	0.73162	0.0017973
3.2809	0.76774	0.0016495
3.2809	0.80387	0.0010583
3.2809	0.84	0.00042822
3.3047	-1.9058	0.00014193
3.3047	-1.8697	0.00016012
3.3047	-1.8336	0.00013578
3.3047	-1.5084	0.00012103
3.3047	-1.3639	0.00012551
3.3047	-1.3277	0.00018763
3.3047	-1.1832	0.00013325
3.3047	-1.1471	0.0001495
3.3047	-1.0026	0.00012543
3.3047	-0.85806	0.00013007
3.3047	-0.82193	0.00017311
3.3047	-0.71355	0.00018433
3.3047	-0.67742	0.0009243
3.3047	-0.64129	0.0023436
3.3047	-0.60516	0.0040341
3.3047	-0.56903	0.0050452
3.3047	-0.5329	0.004558
3.3047	-0.49677	0.0027666
3.3047	-0.46064	0.00088804
3.3047	-0.38838	0.00026281
3.3047	-0.35226	0.0006227
3.3047	-0.31613	0.00050309
3.3047	-0.28	0.00013347
3.3047	-0.20774	0.00023714
3.3047	-0.17162	0.00035365
3.3047	-0.13549	0.00020337
3.3047	-0.027097	0.00023595
3.3047	0.0090325	0.00026746
3.3047	0.045162	0.00014223
3.3047	0.62323	0.00014904
3.3047	0.65936	0.00054226
3.3047	0.69549	0.0010709
3.3047	0.73162	0.0014159
3.3047	0.76774	0.0013233
3.3047	0.80387	0.00085704
3.3047	0.84	0.00034128
3.3285	-2.0142	0.00012529
3.3285	-1.9781	0.00029024
3.3285	-1.942	0.00041278
3.3285	-1.9058	0.00040945
3.3285	-1.8697	0.00029458
3.3285	-1.8336	0.00015119
3.3285	-1.3639	0.00013113
3.3285	-1.3277	0.00018081
3.3285	-1.1832	0.00020301
3.3285	-1.1471	0.00021529
3.3285	-1.0387	0.00012629
3.3285	-1.0026	0.00024533
3.3285	-0.96645	0.00016952
3.3285	-0.85806	0.00031115
3.3285	-0.82193	0.00038723
3.3285	-0.7858	0.00017532
3.3285	-0.71355	0.00037545
3.3285	-0.67742	0.0012928
3.3285	-0.64129	0.0023879
3.3285	-0.60516	0.0031821
3.3285	-0.56903	0.0033345
3.3285	-0.5329	0.0027176
3.3285	-0.49677	0.0015573
3.3285	-0.46064	0.00046526
3.3285	-0.38838	0.00021835
3.3285	-0.35226	0.00047282
3.3285	-0.31613	0.00036195
3.3285	-0.20774	0.00026183
3.3285	-0.17162	0.00035624
3.3285	-0.13549	0.00018069
3.3285	-0.027097	0.00032634
3.3285	0.0090325	0.00033252
3.3285	0.045162	0.0001483
3.3285	0.15355	0.00020009
3.3285	0.18968	0.00014487
3.3285	0.62323	0.00017018
3.3285	0.65936	0.00046272
3.3285	0.69549	0.00078991
3.3285	0.73162	0.00096805
3.3285	0.76774	0.00086996
3.3285	0.80387	0.00055025
3.3285	0.84	0.00021285
3.3523	-2.0142	0.00033417
3.3523	-1.9781	0.00080773
3.3523	-1.942	0.0012342
3.3523	-1.9058	0.0013275
3.3523	-1.8697	0.001027
3.3523	-1.8336	0.00054973
3.3523	-1.7974	0.00017554
3.3523	-1.3639	0.00012341
3.3523	-1.3277	0.00015787
3.3523	-1.1832	0.00027953
3.3523	-1.1471	0.00027978
3.3523	-1.0387	0.00022982
3.3523	-1.0026	0.00042197
3.3523	-0.96645	0.00028028
3.3523	-0.89419	0.00018997
3.3523	-0.85806	0.00069054
3.3523	-0.82193	0.00083898
3.3523	-0.7858	0.00034786
3.3523	-0.71355	0.0011837
3.3523	-0.67742	0.0036423
3.3523	-0.64129	0.0059718
3.3523	-0.60516	0.006643
3.3523	-0.56903	0.0054278
3.3523	-0.5329	0.0033084
3.3523	-0.49677	0.0014207
3.3523	-0.46064	0.00032705
3.3523	-0.38838	0.00014487
3.3523	-0.35226	0.00028644
3.3523	-0.31613	0.00020473
3.3523	-0.20774	0.00021186
3.3523	-0.17162	0.00026788
3.3523	-0.063226	0.00013372
3.3523	-0.027097	0.00031725
3.3523	0.0090325	0.00029146
3.3523	0.11742	0.00017399
3.3523	0.15355	0.00026885
3.3523	0.18968	0.00017347
3.3523	0.29807	0.00012455
3.3523	0.3342	0.00013374
3.3523	0.47871	0.00016261
3.3523	0.62323	0.00029202
3.3523	0.65936	0.00059846
3.3523	0.69549	0.00079425
3.3523	0.73162	0.00078359
3.3523	0.76774	0.00059389
3.3523	0.80387	0.00033292
3.3761	-2.0503	0.0001382
3.3761	-2.0142	0.0007248
3.3761	-1.9781	0.001768
3.3761	-1.942	0.0027909
3.3761	-1.9058	0.0031294
3.3761	-1.8697	0.0025263
3.3761	-1.8336	0.0013954
3.3761	-1.7974	0.00043878
3.3761	-1.689	0.00013091
3.3761	-1.2193	0.00012475
3.3761	-1.1832	0.0002944
3.3761	-1.1471	0.00027841
3.3761	-1.0387	0.00030962
3.3761	-1.0026	0.00053352
3.3761	-0.96645	0.00033339
3.3761	-0.89419	0.00032147
3.3761	-0.85806	0.0010695
3.3761	-0.82193	0.0012453
3.3761	-0.7858	0.00046154
3.3761	-0.74968	0.00019325
3.3761	-0.71355	0.0025089
3.3761	-0.67742	0.0074061
3.3761	-0.64129	0.012083
3.3761	-0.60516	0.013358
3.3761	-0.56903	0.010597
3.3761	-0.5329	0.0059785
3.3761	-0.49677	0.0021981
3.3761	-0.46064	0.00038366
3.3761	-0.38838	0.00013877
3.3761	-0.35226	0.00019092
3.3761	-0.17162	0.00012162
3.3761	-0.027097	0.00017834
3.3761	0.0090325	0.00014915
3.3761	0.11742	0.00015614
3.3761	0.15355	0.00021895
3.3761	0.18968	0.00012774
3.3761	0.29807	0.00013791
3.3761	0.3342	0.00013683
3.3761	0.44258	0.00012228
3.3761	0.47871	0.00020801
3.3761	0.51484	0.00013354
3.3761	0.62323	0.00047579
3.3761	0.65936	0.00091208
3.3761	0.69549	0.0011195
3.3761	0.73162	0.00099299
3.3761	0.76774	0.00065846
3.3761	0.80387	0.00031849
3.3999	-2.0503	0.00024262
3.3999	-2.0142	0.0011783
3.3999	-1.9781	0.0028436
3.3999	-1.942	0.00452
3.3999	-1.9058	0.0051292
3.3999	-1.8697	0.0041795
3.3999	-1.8336	0.0022963
3.3999	-1.7974	0.00068036
3.3999	-1.7251	0.00013866
3.3999	-1.689	0.00032454
3.3999	-1.6529	0.00026428
3.3999	-1.1832	0.0001762
3.3999	-1.1471	0.00016139
3.3999	-1.0387	0.00024319
3.3999	-1.0026	0.00039859
3.3999	-0.96645	0.00023477
3.3999	-0.89419	0.00031941
3.3999	-0.85806	0.00098145
3.3999	-0.82193	0.0010925
3.3999	-0.7858	0.0003553
3.3999	-0.74968	0.00029233
3.3999	-0.71355	0.0030919
3.3999	-0.67742	0.0088534
3.3999	-0.64129	0.014538
3.3999	-0.60516	0.016351
3.3999	-0.56903	0.013195
3.3999	-0.5329	0.0074817
3.3999	-0.49677	0.0026604
3.3999	-0.46064	0.00039189
3.3999	-0.38838	0.00025184
3.3999	-0.35226	0.00025994
3.3999	0.15355	0.00013746
3.3999	0.29807	0.00012446
3.3999	0.44258	0.00014301
3.3999	0.47871	0.00023235
3.3999	0.51484	0.00014131
3.3999	0.5871	0.00017203
3.3999	0.62323	0.00072668
3.3999	0.65936	0.0013818
3.3999	0.69549	0.0016979
3.3999	0.73162	0.0014941
3.3999	0.76774	0.00096209
3.3999	0.80387	0.00043652
3.4238	-2.0503	0.00025592
3.4238	-2.0142	0.0011591
3.4238	-1.9781	0.002754
3.4238	-1.942	0.0043719
3.4238	-1.9058	0.0049695
3.4238	-1.8697	0.0040382
3.4238	-1.8336	0.0021751
3.4238	-1.7974	0.00059342
3.4238	-1.7251	0.00021457
3.4238	-1.689	0.0004287
3.4238	-1.6529	0.00031906
3.4238	-1.5084	0.00013253
3.4238	-1.0026	0.00018907
3.4238	-0.89419	0.00021356
3.4238	-0.85806	0.00062892
3.4238	-0.82193	0.00068347
3.4238	-0.7858	0.00019567
3.4238	-0.74968	0.00031382
3.4238	-0.71355	0.0028243
3.4238	-0.67742	0.0079881
3.4238	-0.64129	0.013353
3.4238	-0.60516	0.015418
3.4238	-0.56903	0.01277
3.4238	-0.5329	0.0073573
3.4238	-0.49677	0.0025677
3.4238	-0.46064	0.00031886
3.4238	-0.38838	0.00042136
3.4238	-0.35226	0.00039514
3.4238	-0.31613	0.00014265
3.4238	0.44258	0.00016317
3.4238	0.47871	0.00025309
3.4238	0.51484	0.00014394
3.4238	0.5871	0.0002757
3.4238	0.62323	0.0010889
3.4238	0.65936	0.0020656
3.4238	0.69549	0.0025669
3.4238	0.73162	0.0022829
3.4238	0.76774	0.0014695
3.4238	0.80387	0.00064908
3.4238	0.84	0.00016256
3.4238	2.0323	0.00012434
3.4476	-2.0503	0.00016574
3.4476	-2.0142	0.00071885
3.4476	-1.9781	0.0017124
3.4476	-1.942	0.0027571
3.4476	-1.9058	0.0031817
3.4476	-1.8697	0.0026071
3.4476	-1.8336	0.0013865
3.4476	-1.7974	0.00034571
3.4476	-1.7251	0.00022012
3.4476	-1.689	0.00038962
3.4476	-1.6529	0.0002681
3.4476	-1.5445	0.00012177
3.4476	-1.5084	0.00016548
3.4476	-0.85806	0.00033588
3.4476	-0.82193	0.00037181
3.4476	-0.74968	0.00028531
3.4476	-0.71355	0.0023189
3.4476	-0.67742	0.0066205
3.4476	-0.64129	0.011399
3.4476	-0.60516	0.013604
3.4476	-0.56903	0.011597
3.4476	-0.5329	0.0067814
3.4476	-0.49677	0.0023036
3.4476	-0.46064	0.00023085
3.4476	-0.42451	0.00020753
3.4476	-0.38838	0.00063286
3.4476	-0.35226	0.00055386
3.4476	-0.31613	0.00017835
3.4476	-0.20774	0.00017956
3.4476	0.44258	0.00017318
3.4476	0.47871	0.00025571
3.4476	0.51484	0.00013368
3.4476	0.5871	0.00040287
3.4476	0.62323	0.0014958
3.4476	0.65936	0.002819
3.4476	0.69549	0.0035244
3.4476	0.73162	0.0031542
3.4476	0.76774	0.0020259
3.4476	0.80387	0.00087239
3.4476	0.84	0.00019842
3.4476	2.0323	0.0001243
3.4714	-2.0142	0.00035541
3.4714	-1.9781	0.00086689
3.4714	-1.942	0.0014441
3.4714	-1.9058	0.001723
3.4714	-1.8697	0.0014459
3.4714	-1.8336	0.00076715
3.4714	-1.7974	0.00017305
3.4714	-1.7251	0.00019776
3.4714	-1.689	0.00031914
3.4714	-1.6529	0.00020466
3.4714	-1.5445	0.00014787
3.4714	-1.5084	0.00018089
3.4714	-1.3639	0.00012434
3.4714	-0.85806	0.000137
3.4714	-0.82193	0.00017201
3.4714	-0.74968	0.00020227
3.4714	-0.71355	0.001638
3.4714	-0.67742	0.0049059
3.4714	-0.64129	0.0088878
3.4714	-0.60516	0.011097
3.4714	-0.56903	0.0097914
3.4714	-0.5329	0.0058058
3.4714	-0.49677	0.0018929
3.4714	-0.46064	0.00014497
3.4714	-0.42451	0.00034021
3.4714	-0.38838	0.00085581
3.4714	-0.35226	0.0006957
3.4714	-0.31613	0.00019355
3.4714	-0.24387	0.00021531
3.4714	-0.20774	0.00032834
3.4714	-0.17162	0.000189
3.4714	-0.063226	0.00012791
3.4714	-0.027097	0.00013461
3.4714	0.44258	0.00014094
3.4714	0.47871	0.00019592
3.4714	0.5871	0.00043394
3.4714	0.62323	0.0015215
3.4714	0.65936	0.0028352
3.4714	0.69549	0.0035407
3.4714	0.73162	0.0031638
3.4714	0.76774	0.0020117
3.4714	0.80387	0.00083814
3.4714	0.84	0.00017077
3.4953	-2.0142	0.00017847
3.4953	-1.9781	0.00041992
3.4953	-1.942	0.00070506
3.4953	-1.9058	0.00086424
3.4953	-1.8697	0.0007451
3.4953	-1.8336	0.00039589
3.4953	-1.7251	0.00016704
3.4953	-1.689	0.00025167
3.4953	-1.6529	0.00015134
3.4953	-1.5445	0.00016544
3.4953	-1.5084	0.00018559
3.4953	-1.3639	0.00019619
3.4953	-1.3277	0.00016452
3.4953	-0.71355	0.00071678
3.4953	-0.67742	0.0024711
3.4953	-0.64129	0.0049557
3.4953	-0.60516	0.0066758
3.4953	-0.56903	0.0062039
3.4953	-0.5329	0.0037484
3.4953	-0.49677	0.0011516
3.4953	-0.42451	0.00041503
3.4953	-0.38838	0.00088027
3.4953	-0.35226	0.00065697
3.4953	-0.31613	0.00015001
3.4953	-0.24387	0.00031328
3.4953	-0.20774	0.00042661
3.4953	-0.17162	0.00021778
3.4953	-0.063226	0.00024389
3.4953	-0.027097	0.00023805
3.4953	0.5871	0.00028734
3.4953	0.62323	0.0009657
3.4953	0.65936	0.0017958
3.4953	0.69549	0.0022592
3.4953	0.73162	0.0020318
3.4953	0.76774	0.0012888
3.4953	0.80387	0.00052248
3.5191	-2.0142	0.00021512
3.5191	-1.9781	0.0003685
3.5191	-1.942	0.00047736
3.5191	-1.9058	0.00048937
3.5191	-1.8697	0.00037938
3.5191	-1.8336	0.00018716
3.5191	-1.689	0.00016831
3.5191	-1.5445	0.00014991
3.5191	-1.5084	0.00015589
3.5191	-1.4	0.00012697
3.5191	-1.3639	0.00023417
3.5191	-1.3277	0.0001749
3.5191	-1.2193	0.00017534
3.5191	-1.1832	0.00021295
3.5191	-1.0387	0.00017601
3.5191	-1.0026	0.00013181
3.5191	-0.89419	0.00014352
3.5191	-0.85806	0.00017572
3.5191	-0.71355	0.00029754
3.5191	-0.67742	0.00075887
3.5191	-0.64129	0.001474
3.5191	-0.60516	0.0021065
3.5191	-0.56903	0.002095
3.5191	-0.5329	0.001307
3.5191	-0.49677	0.00036708
3.5191	-0.42451	0.0003064
3.5191	-0.38838	0.00055886
3.5191	-0.35226	0.00038048
3.5191	-0.24387	0.00028629
3.5191	-0.20774	0.00034976
3.5191	-0.17162	0.00015537
3.5191	-0.063226	0.00027934
3.5191	-0.027097	0.00025124
3.5191	0.11742	0.00012599
3.5191	0.5871	0.00013951
3.5191	0.62323	0.00044518
3.5191	0.65936	0.00082984
3.5191	0.69549	0.0010658
3.5191	0.73162	0.00098173
3.5191	0.76774	0.00063268
3.5191	0.80387	0.00025351
3.5429	-2.0503	0.00020262
3.5429	-2.0142	0.00050062
3.5429	-1.9781	0.00076293
3.5429	-1.942	0.0008189
3.5429	-1.9058	0.00064449
3.5429	-1.8697	0.00036528
3.5429	-1.8336	0.00013071
3.5429	-1.3639	0.00018269
3.5429	-1.2193	0.00021408
3.5429	-1.1832	0.00023521
3.5429	-1.0749	0.00014185
3.5429	-1.0387	0.00027445
3.5429	-1.0026	0.0001904
3.5429	-0.89419	0.00034945
3.5429	-0.85806	0.00041856
3.5429	-0.82193	0.00017406
3.5429	-0.74968	0.00044619
3.5429	-0.71355	0.0012618
3.5429	-0.67742	0.0018749
3.5429	-0.64129	0.0018947
3.5429	-0.60516	0.0014503
3.5429	-0.56903	0.00087964
3.5429	-0.5329	0.00039151
3.5429	-0.42451	0.00014163
3.5429	-0.38838	0.00022875
3.5429	-0.35226	0.00014298
3.5429	-0.24387	0.00018827
3.5429	-0.20774	0.00020902
3.5429	-0.063226	0.00024555
3.5429	-0.027097	0.0002032
3.5429	0.11742	0.00016457
3.5429	0.62323	0.0002608
3.5429	0.65936	0.00041752
3.5429	0.69549	0.000498
3.5429	0.73162	0.00044768
3.5429	0.76774	0.00028764
3.5667	-2.0503	0.00035504
3.5667	-2.0142	0.00087296
3.5667	-1.9781	0.0013525
3.5667	-1.942	0.0014709
3.5667	-1.9058	0.0011453
3.5667	-1.8697	0.00061044
3.5667	-1.8336	0.00018764
3.5667	-1.2193	0.00019553
3.5667	-1.1832	0.00019732
3.5667	-1.0749	0.00017954
3.5667	-1.0387	0.00031891
3.5667	-1.0026	0.0002044
3.5667	-0.93032	0.00016551
3.5667	-0.89419	0.00056833
3.5667	-0.85806	0.00066199
3.5667	-0.82193	0.00024561
3.5667	-0.74968	0.0012215
3.5667	-0.71355	0.003542
3.5667	-0.67742	0.0056384
3.5667	-0.64129	0.006067
3.5667	-0.60516	0.0046895
3.5667	-0.56903	0.0025973
3.5667	-0.5329	0.00095925
3.5667	-0.49677	0.00018244
3.5667	-0.063226	0.00019453
3.5667	-0.027097	0.00014731
3.5667	0.081291	0.00013372
3.5667	0.11742	0.00019258
3.5667	0.26194	0.00012392
3.5667	0.29807	0.00012448
3.5667	0.44258	0.00015361
3.5667	0.5871	0.00022425
3.5667	0.62323	0.0004333
3.5667	0.65936	0.00052737
3.5667	0.69549	0.00047148
3.5667	0.73162	0.00032627
3.5667	0.76774	0.00017077
3.5905	-2.0503	0.00049764
3.5905	-2.0142	0.0012255
3.5905	-1.9781	0.0019454
3.5905	-1.942	0.0021824
3.5905	-1.9058	0.0017485
3.5905	-1.8697	0.00094335
3.5905	-1.8336	0.00027737
3.5905	-1.2193	0.00015701
3.5905	-1.1832	0.00014665
3.5905	-1.0749	0.00020346
3.5905	-1.0387	0.00033415
3.5905	-1.0026	0.00019594
3.5905	-0.93032	0.00025744
3.5905	-0.89419	0.00080173
3.5905	-0.85806	0.00089286
3.5905	-0.82193	0.00028655
3.5905	-0.7858	0.00023166
3.5905	-0.74968	0.0025227
3.5905	-0.71355	0.007253
3.5905	-0.67742	0.01196
3.5905	-0.64129	0.013554
3.5905	-0.60516	0.011099
3.5905	-0.56903	0.0064829
3.5905	-0.5329	0.0024661
3.5905	-0.49677	0.00044336
3.5905	-0.42451	0.00014851
3.5905	-0.38838	0.00019967
3.5905	-0.063226	0.00012666
3.5905	0.081291	0.0001449
3.5905	0.11742	0.00019259
3.5905	0.26194	0.0001611
3.5905	0.29807	0.00015467
3.5905	0.40645	0.00014331
3.5905	0.44258	0.0002431
3.5905	0.47871	0.00015879
3.5905	0.5871	0.00049862
3.5905	0.62323	0.00093203
3.5905	0.65936	0.0010898
3.5905	0.69549	0.0008973
3.5905	0.73162	0.00053549
3.5905	0.76774	0.00022454
3.6143	-2.0865	0.00012503
3.6143	-2.0503	0.00062279
3.6143	-2.0142	0.0015385
3.6143	-1.9781	0.0024924
3.6143	-1.942	0.0028655
3.6143	-1.9058	0.0023445
3.6143	-1.8697	0.0012708
3.6143	-1.8336	0.00035379
3.6143	-1.7251	0.00021788
3.6143	-1.689	0.00015438
3.6143	-1.0749	0.00019301
3.6143	-1.0387	0.00029401
3.6143	-1.0026	0.00015549
3.6143	-0.93032	0.00032915
3.6143	-0.89419	0.00093369
3.6143	-0.85806	0.00098247
3.6143	-0.82193	0.00026214
3.6143	-0.7858	0.00044664
3.6143	-0.74968	0.0040213
3.6143	-0.71355	0.011276
3.6143	-0.67742	0.01878
3.6143	-0.64129	0.021743
3.6143	-0.60516	0.018239
3.6143	-0.56903	0.010846
3.6143	-0.5329	0.0040918
3.6143	-0.49677	0.00065008
3.6143	-0.42451	0.00042174
3.6143	-0.38838	0.00050251
3.6143	-0.35226	0.000252
3.6143	0.11742	0.00013479
3.6143	0.26194	0.00014818
3.6143	0.29807	0.00013592
3.6143	0.40645	0.00016572
3.6143	0.44258	0.00026865
3.6143	0.47871	0.00016555
3.6143	0.55097	0.00018053
3.6143	0.5871	0.00076109
3.6143	0.62323	0.0014181
3.6143	0.65936	0.0016837
3.6143	0.69549	0.0014082
3.6143	0.73162	0.0008419
3.6143	0.76774	0.00034134
3.6381	-2.0865	0.00012669
3.6381	-2.0503	0.00060608
3.6381	-2.0142	0.0015126
3.6381	-1.9781	0.0025025
3.6381	-1.942	0.0029388
3.6381	-1.9058	0.0024383
3.6381	-1.8697	0.0013132
3.6381	-1.8336	0.00033821
3.6381	-1.7613	0.00018868
3.6381	-1.7251	0.0003296
3.6381	-1.689	0.00021778
3.6381	-1.5806	0.00012766
3.6381	-1.5445	0.0001515
3.6381	-1.0749	0.00012478
3.6381	-1.0387	0.00017575
3.6381	-0.93032	0.00028923
3.6381	-0.89419	0.00075474
3.6381	-0.85806	0.00074732
3.6381	-0.82193	0.00015974
3.6381	-0.7858	0.0005756
3.6381	-0.74968	0.0044015
3.6381	-0.71355	0.012032
3.6381	-0.67742	0.020105
3.6381	-0.64129	0.02355
3.6381	-0.60516	0.019987
3.6381	-0.56903	0.011919
3.6381	-0.5329	0.0043741
3.6381	-0.49677	0.00058899
3.6381	-0.46064	0.00014704
3.6381	-0.42451	0.0007291
3.6381	-0.38838	0.00078633
3.6381	-0.35226	0.00035221
3.6381	-0.24387	0.00013123
3.6381	-0.20774	0.00012593
3.6381	0.40645	0.00014448
3.6381	0.44258	0.00022693
3.6381	0.47871	0.00013218
3.6381	0.55097	0.00022851
3.6381	0.5871	0.0009022
3.6381	0.62323	0.0016872
3.6381	0.65936	0.0020458
3.6381	0.69549	0.0017546
3.6381	0.73162	0.0010706
3.6381	0.76774	0.00043444
3.662	-2.0503	0.00035964
3.662	-2.0142	0.00093559
3.662	-1.9781	0.0016142
3.662	-1.942	0.0019633
3.662	-1.9058	0.0016653
3.662	-1.8697	0.00089185
3.662	-1.8336	0.00020853
3.662	-1.7613	0.00020807
3.662	-1.7251	0.00032823
3.662	-1.689	0.0002015
3.662	-1.5806	0.00018013
3.662	-1.5445	0.00020051
3.662	-0.93032	0.00017656
3.662	-0.89419	0.00042905
3.662	-0.85806	0.00040131
3.662	-0.7858	0.00052778
3.662	-0.74968	0.0035613
3.662	-0.71355	0.0096249
3.662	-0.67742	0.016282
3.662	-0.64129	0.019422
3.662	-0.60516	0.016747
3.662	-0.56903	0.010029
3.662	-0.5329	0.0035634
3.662	-0.49677	0.0003914
3.662	-0.46064	0.00024956
3.662	-0.42451	0.00093256
3.662	-0.38838	0.00092565
3.662	-0.35226	0.00037115
3.662	-0.24387	0.0002444
3.662	-0.20774	0.00020133
3.662	0.44258	0.00016565
3.662	0.55097	0.00025045
3.662	0.5871	0.00094814
3.662	0.62323	0.0017911
3.662	0.65936	0.0022203
3.662	0.69549	0.0019488
3.662	0.73162	0.0012086
3.662	0.76774	0.00048794
3.6858	-2.0142	0.00032592
3.6858	-1.9781	0.00063212
3.6858	-1.942	0.00084046
3.6858	-1.9058	0.0007573
3.6858	-1.8697	0.00041233
3.6858	-1.7613	0.00016976
3.6858	-1.7251	0.00024588
3.6858	-1.689	0.00014007
3.6858	-1.5806	0.000195
3.6858	-1.5445	0.0002039
3.6858	-1.4	0.00017785
3.6858	-1.3639	0.00014833
3.6858	-0.89419	0.00021223
3.6858	-0.85806	0.00018191
3.6858	-0.7858	0.00039541
3.6858	-0.74968	0.002448
3.6858	-0.71355	0.0066523
3.6858	-0.67742	0.011539
3.6858	-0.64129	0.014159
3.6858	-0.60516	0.012497
3.6858	-0.56903	0.0075479
3.6858	-0.5329	0.0025875
3.6858	-0.49677	0.00022205
3.6858	-0.46064	0.00034912
3.6858	-0.42451	0.0010513
3.6858	-0.38838	0.00097051
3.6858	-0.35226	0.00034672
3.6858	-0.28	0.00018479
3.6858	-0.24387	0.0003686
3.6858	-0.20774	0.00026946
3.6858	-0.063226	0.00014157
3.6858	0.55097	0.00021134
3.6858	0.5871	0.00079413
3.6858	0.62323	0.0015351
3.6858	0.65936	0.0019544
3.6858	0.69549	0.0017543
3.6858	0.73162	0.0011004
3.6858	0.76774	0.00043726
3.7096	-1.942	0.00019485
3.7096	-1.9058	0.00020569
3.7096	-1.7251	0.00015162
3.7096	-1.5806	0.00018529
3.7096	-1.5445	0.00018246
3.7096	-1.4	0.00022192
3.7096	-1.3639	0.00017368
3.7096	-1.2193	0.00015357
3.7096	-0.89419	0.00016633
3.7096	-0.7858	0.00025383
3.7096	-0.74968	0.0014203
3.7096	-0.71355	0.0038168
3.7096	-0.67742	0.0067516
3.7096	-0.64129	0.0085316
3.7096	-0.60516	0.0077361
3.7096	-0.56903	0.0047236
3.7096	-0.5329	0.0015544
3.7096	-0.46064	0.00038219
3.7096	-0.42451	0.00097631
3.7096	-0.38838	0.00084442
3.7096	-0.35226	0.00026652
3.7096	-0.28	0.00024722
3.7096	-0.24387	0.00043111
3.7096	-0.20774	0.00028214
3.7096	-0.099357	0.00018655
3.7096	-0.063226	0.00022669
3.7096	0.5871	0.00040789
3.7096	0.62323	0.00084329
3.7096	0.65936	0.001133
3.7096	0.69549	0.0010582
3.7096	0.73162	0.00067757
3.7096	0.76774	0.00026466
3.7334	-2.0503	0.00014468
3.7334	-2.0142	0.00018837
3.7334	-1.9781	0.00016156
3.7334	-1.5806	0.00013905
3.7334	-1.5445	0.00013015
3.7334	-1.4	0.00021199
3.7334	-1.3639	0.00015438
3.7334	-1.2555	0.00017673
3.7334	-1.2193	0.00021816
3.7334	-1.0749	0.00020889
3.7334	-1.0387	0.00016143
3.7334	-0.93032	0.00022136
3.7334	-0.89419	0.0002963
3.7334	-0.85806	0.00014583
3.7334	-0.7858	0.00026902
3.7334	-0.74968	0.0010619
3.7334	-0.71355	0.0022415
3.7334	-0.67742	0.0034156
3.7334	-0.64129	0.0040071
3.7334	-0.60516	0.0035334
3.7334	-0.56903	0.0021265
3.7334	-0.5329	0.0006609
3.7334	-0.46064	0.00028495
3.7334	-0.42451	0.00064653
3.7334	-0.38838	0.00053136
3.7334	-0.35226	0.00014796
3.7334	-0.28	0.00022704
3.7334	-0.24387	0.00035767
3.7334	-0.20774	0.00021039
3.7334	-0.099357	0.00022511
3.7334	-0.063226	0.0002437
3.7334	0.62323	0.00026076
3.7334	0.65936	0.00039353
3.7334	0.69549	0.00040177
3.7334	0.73162	0.00027198
3.7572	-2.0865	0.00017271
3.7572	-2.0503	0.00042917
3.7572	-2.0142	0.00064955
3.7572	-1.9781	0.00067211
3.7572	-1.942	0.00048475
3.7572	-1.9058	0.00023235
3.7572	-1.4	0.00014042
3.7572	-1.2555	0.00019544
3.7572	-1.2193	0.00022289
3.7572	-1.111	0.00013401
3.7572	-1.0749	0.00028161
3.7572	-1.0387	0.000206
3.7572	-0.93032	0.00040403
3.7572	-0.89419	0.0005159
3.7572	-0.85806	0.00022563
3.7572	-0.7858	0.00064471
3.7572	-0.74968	0.0020435
3.7572	-0.71355	0.0034039
3.7572	-0.67742	0.0038842
3.7572	-0.64129	0.0033322
3.7572	-0.60516	0.0021987
3.7572	-0.56903	0.0010462
3.7572	-0.5329	0.00026534
3.7572	-0.46064	0.00015394
3.7572	-0.42451	0.0003219
3.7572	-0.38838	0.00025613
3.7572	-0.28	0.0001533
3.7572	-0.24387	0.00022626
3.7572	-0.099357	0.00020838
3.7572	-0.063226	0.0002044
3.7572	0.081291	0.0001663
3.7572	0.5871	0.00013144
3.7572	0.62323	0.00015472
3.7572	0.65936	0.00015031
3.7572	0.69549	0.0001249
3.781	-2.0865	0.00027536
3.781	-2.0503	0.00070972
3.781	-2.0142	0.0011514
3.781	-1.9781	0.0013023
3.781	-1.942	0.0010429
3.781	-1.9058	0.00056174
3.781	-1.8697	0.00016899
3.781	-1.2555	0.00017237
3.781	-1.2193	0.00018391
3.781	-1.111	0.00015862
3.781	-1.0749	0.00030908
3.781	-1.0387	0.00021193
3.781	-0.96645	0.00015958
3.781	-0.93032	0.00059775
3.781	-0.89419	0.00073067
3.781	-0.85806	0.00028282
3.781	-0.7858	0.0014536
3.781	-0.74968	0.0043972
3.781	-0.71355	0.0072729
3.781	-0.67742	0.0081334
3.781	-0.64129	0.0065402
3.781	-0.60516	0.0037655
3.781	-0.56903	0.001434
3.781	-0.5329	0.00026651
3.781	-0.42451	0.00017841
3.781	-0.38838	0.00012492
3.781	-0.099357	0.00015501
3.781	-0.063226	0.00013847
3.781	0.045162	0.00012604
3.781	0.081291	0.00018501
3.781	0.2258	0.00013322
3.781	0.26194	0.0001321
3.781	0.40645	0.00017574
3.781	0.55097	0.00030365
3.781	0.5871	0.00053977
3.781	0.62323	0.00059495
3.781	0.65936	0.00045972
3.781	0.69549	0.00025814
3.8049	-2.0865	0.00030874
3.8049	-2.0503	0.00082164
3.8049	-2.0142	0.0014028
3.8049	-1.9781	0.0016795
3.8049	-1.942	0.001423
3.8049	-1.9058	0.00080286
3.8049	-1.8697	0.00024173
3.8049	-1.111	0.00014677
3.8049	-1.0749	0.00026957
3.8049	-1.0387	0.00017298
3.8049	-0.96645	0.00020598
3.8049	-0.93032	0.00069661
3.8049	-0.89419	0.0008113
3.8049	-0.85806	0.0002703
3.8049	-0.82193	0.00021924
3.8049	-0.7858	0.0024605
3.8049	-0.74968	0.0072267
3.8049	-0.71355	0.012124
3.8049	-0.67742	0.013922
3.8049	-0.64129	0.011486
3.8049	-0.60516	0.0066898
3.8049	-0.56903	0.0024772
3.8049	-0.5329	0.00039815
3.8049	-0.46064	0.00020652
3.8049	-0.42451	0.00024374
3.8049	-0.38838	0.00012163
3.8049	0.081291	0.00015577
3.8049	0.2258	0.00015201
3.8049	0.26194	0.00014049
3.8049	0.37032	0.00015603
3.8049	0.40645	0.00025278
3.8049	0.44258	0.00015431
3.8049	0.51484	0.00015846
3.8049	0.55097	0.00066303
3.8049	0.5871	0.0012157
3.8049	0.62323	0.0014192
3.8049	0.65936	0.0011701
3.8049	0.69549	0.00069496
3.8049	0.73162	0.0002856
3.8287	-2.0865	0.00021709
3.8287	-2.0503	0.00061351
3.8287	-2.0142	0.0011232
3.8287	-1.9781	0.0014358
3.8287	-1.942	0.0012854
3.8287	-1.9058	0.00074986
3.8287	-1.8697	0.00021892
3.8287	-1.7613	0.0001673
3.8287	-1.0749	0.00016874
3.8287	-0.96645	0.00019299
3.8287	-0.93032	0.0006054
3.8287	-0.89419	0.00067484
3.8287	-0.85806	0.00018894
3.8287	-0.82193	0.0003364
3.8287	-0.7858	0.0030837
3.8287	-0.74968	0.0088434
3.8287	-0.71355	0.015011
3.8287	-0.67742	0.017626
3.8287	-0.64129	0.014891
3.8287	-0.60516	0.0088128
3.8287	-0.56903	0.0032218
3.8287	-0.5329	0.00045204
3.8287	-0.46064	0.00043998
3.8287	-0.42451	0.00045542
3.8287	-0.38838	0.00019044
3.8287	0.2258	0.00013529
3.8287	0.37032	0.00018346
3.8287	0.40645	0.0002808
3.8287	0.44258	0.00015859
3.8287	0.51484	0.00026666
3.8287	0.55097	0.0010403
3.8287	0.5871	0.0019203
3.8287	0.62323	0.0023069
3.8287	0.65936	0.0019735
3.8287	0.69549	0.0012162
3.8287	0.73162	0.00051217
3.8287	0.76774	0.00012216
3.8525	-2.0503	0.00023782
3.8525	-2.0142	0.00049728
3.8525	-1.9781	0.000723
3.8525	-1.942	0.00071757
3.8525	-1.9058	0.00044624
3.8525	-1.8697	0.00012702
3.8525	-1.7613	0.00017945
3.8525	-1.7251	0.00012328
3.8525	-0.96645	0.00012705
3.8525	-0.93032	0.00038803
3.8525	-0.89419	0.00042326
3.8525	-0.82193	0.00038002
3.8525	-0.7858	0.0029944
3.8525	-0.74968	0.0084921
3.8525	-0.71355	0.014645
3.8525	-0.67742	0.017588
3.8525	-0.64129	0.015173
3.8525	-0.60516	0.0090724
3.8525	-0.56903	0.0032403
3.8525	-0.5329	0.00038305
3.8525	-0.49677	0.00019216
3.8525	-0.46064	0.00071275
3.8525	-0.42451	0.00068335
3.8525	-0.38838	0.00025728
3.8525	-0.28	0.00019628
3.8525	-0.24387	0.00013974
3.8525	0.37032	0.00017347
3.8525	0.40645	0.00025108
3.8525	0.44258	0.0001292
3.8525	0.51484	0.00035245
3.8525	0.55097	0.0012875
3.8525	0.5871	0.0023707
3.8525	0.62323	0.00289
3.8525	0.65936	0.0025208
3.8525	0.69549	0.0015792
3.8525	0.73162	0.00066552
3.8525	0.76774	0.00014994
3.8764	-1.9781	0.00013243
3.8764	-1.942	0.00016131
3.8764	-1.9058	0.00012401
3.8764	-1.7613	0.00012846
3.8764	-1.5806	0.00013331
3.8764	-1.4362	0.00018024
3.8764	-1.4	0.00015539
3.8764	-0.93032	0.00016033
3.8764	-0.89419	0.0001838
3.8764	-0.82193	0.00029838
3.8764	-0.7858	0.0021577
3.8764	-0.74968	0.00622
3.8764	-0.71355	0.01108
3.8764	-0.67742	0.01375
3.8764	-0.64129	0.012178
3.8764	-0.60516	0.0073614
3.8764	-0.56903	0.0025475
3.8764	-0.5329	0.00024413
3.8764	-0.49677	0.00029823
3.8764	-0.46064	0.00088653
3.8764	-0.42451	0.00079224
3.8764	-0.38838	0.00026815
3.8764	-0.31613	0.00019847
3.8764	-0.28	0.00033385
3.8764	-0.24387	0.00022256
3.8764	0.37032	0.00012768
3.8764	0.40645	0.00017561
3.8764	0.51484	0.00036486
3.8764	0.55097	0.0012634
3.8764	0.5871	0.0023225
3.8764	0.62323	0.0028649
3.8764	0.65936	0.0025342
3.8764	0.69549	0.0016011
3.8764	0.73162	0.00066774
3.8764	0.76774	0.00013909
3.9002	-2.1226	0.00023739
3.9002	-2.0865	0.00056208
3.9002	-2.0503	0.00074222
3.9002	-2.0142	0.00062754
3.9002	-1.9781	0.00033976
3.9002	-1.4723	0.00015948
3.9002	-1.4362	0.00025432
3.9002	-1.4	0.00021711
3.9002	-0.82193	0.0001255
3.9002	-0.7858	0.00095911
3.9002	-0.74968	0.0030289
3.9002	-0.71355	0.005853
3.9002	-0.67742	0.0077664
3.9002	-0.64129	0.0072304
3.9002	-0.60516	0.0044804
3.9002	-0.56903	0.0015004
3.9002	-0.49677	0.00034513
3.9002	-0.46064	0.00085491
3.9002	-0.42451	0.00071376
3.9002	-0.38838	0.00021426
3.9002	-0.31613	0.0002773
3.9002	-0.28	0.0004264
3.9002	-0.24387	0.00026471
3.9002	-0.13549	0.00015485
3.9002	-0.099357	0.00018479
3.9002	0.51484	0.00029154
3.9002	0.55097	0.00097472
3.9002	0.5871	0.001805
3.9002	0.62323	0.0022655
3.9002	0.65936	0.0020385
3.9002	0.69549	0.0012997
3.9002	0.73162	0.00053467
3.924	-2.2671	0.0001563
3.924	-2.2309	0.00014937
3.924	-2.1226	0.00065088
3.924	-2.0865	0.0016449
3.924	-2.0503	0.0024705
3.924	-2.0142	0.0025301
3.924	-1.9781	0.001817
3.924	-1.942	0.0008828
3.924	-1.9058	0.00025733
3.924	-1.4723	0.00017909
3.924	-1.4362	0.000268
3.924	-1.4	0.00022873
3.924	-1.2555	0.00013166
3.924	-0.7858	0.00015919
3.924	-0.74968	0.00066863
3.924	-0.71355	0.0016151
3.924	-0.67742	0.0025398
3.924	-0.64129	0.0026732
3.924	-0.60516	0.0017801
3.924	-0.56903	0.00058443
3.924	-0.49677	0.00029379
3.924	-0.46064	0.00062579
3.924	-0.42451	0.00049051
3.924	-0.38838	0.00012866
3.924	-0.31613	0.00030168
3.924	-0.28	0.00042676
3.924	-0.24387	0.00024536
3.924	-0.13549	0.00021885
3.924	-0.099357	0.00024413
3.924	0.51484	0.00017684
3.924	0.55097	0.00057838
3.924	0.5871	0.0010891
3.924	0.62323	0.001404
3.924	0.65936	0.0012963
3.924	0.69549	0.00083971
3.924	0.73162	0.00034157
3.9478	-2.2671	0.00021588
3.9478	-2.2309	0.00019637
3.9478	-2.1587	0.00019672
3.9478	-2.1226	0.0013056
3.9478	-2.0865	0.0033326
3.9478	-2.0503	0.0052462
3.9478	-2.0142	0.0057594
3.9478	-1.9781	0.0045243
3.9478	-1.942	0.0024503
3.9478	-1.9058	0.00079527
3.9478	-1.4723	0.00015165
3.9478	-1.4362	0.00021006
3.9478	-1.4	0.00018867
3.9478	-1.2916	0.0001237
3.9478	-1.2555	0.00015718
3.9478	-1.111	0.00015543
3.9478	-1.0749	0.00013418
3.9478	-0.96645	0.00018518
3.9478	-0.93032	0.00025154
3.9478	-0.89419	0.00012667
3.9478	-0.82193	0.00015482
3.9478	-0.7858	0.00043583
3.9478	-0.74968	0.00058414
3.9478	-0.71355	0.00054091
3.9478	-0.67742	0.00047169
3.9478	-0.64129	0.0004334
3.9478	-0.60516	0.00030757
3.9478	-0.49677	0.00016991
3.9478	-0.46064	0.00031842
3.9478	-0.42451	0.00023633
3.9478	-0.31613	0.00025538
3.9478	-0.28	0.0003361
3.9478	-0.24387	0.00017915
3.9478	-0.13549	0.00023447
3.9478	-0.099357	0.00024537
3.9478	0.045162	0.00014245
3.9478	0.55097	0.00030146
3.9478	0.5871	0.0005368
3.9478	0.62323	0.00068586
3.9478	0.65936	0.00064144
3.9478	0.69549	0.00042164
3.9478	0.73162	0.00016979
3.9715	-2.2671	0.00024976
3.9715	-2.2309	0.00021244
3.9715	-2.1587	0.00035227
3.9715	-2.1226	0.0020921
3.9715	-2.0865	0.0052948
3.9715	-2.0503	0.0084899
3.9715	-2.0142	0.0096056
3.9715	-1.9781	0.0078177
3.9715	-1.942	0.0043748
3.9715	-1.9058	0.0014246
3.9715	-1.8697	0.0001384
3.9715	-1.7974	0.00031762
3.9715	-1.7613	0.0002733
3.9715	-1.4	0.00012208
3.9715	-1.2916	0.00012453
3.9715	-1.2555	0.00013693
3.9715	-1.111	0.00016892
3.9715	-1.0749	0.00014355
3.9715	-0.96645	0.00031029
3.9715	-0.93032	0.00041874
3.9715	-0.89419	0.00019235
3.9715	-0.82193	0.00061562
3.9715	-0.7858	0.0018799
3.9715	-0.74968	0.002959
3.9715	-0.71355	0.0030184
3.9715	-0.67742	0.0021172
3.9715	-0.64129	0.0010075
3.9715	-0.60516	0.00029581
3.9715	-0.31613	0.00016098
3.9715	-0.28	0.00020142
3.9715	-0.13549	0.00018908
3.9715	-0.099357	0.00018732
3.9715	0.045162	0.00017573
3.9715	0.51484	0.00016326
3.9715	0.55097	0.00033267
3.9715	0.5871	0.00043304
3.9715	0.62323	0.00042501
3.9715	0.65936	0.00032874
3.9715	0.69549	0.00019167
3.9954	-2.2671	0.00024156
3.9954	-2.2309	0.00019
3.9954	-2.1587	0.00051435
3.9954	-2.1226	0.0027754
3.9954	-2.0865	0.0069326
3.9954	-2.0503	0.011206
3.9954	-2.0142	0.012874
3.9954	-1.9781	0.01064
3.9954	-1.942	0.00599
3.9954	-1.9058	0.0018856
3.9954	-1.8697	0.0001417
3.9954	-1.8336	0.00026509
3.9954	-1.7974	0.00068657
3.9954	-1.7613	0.0005696
3.9954	-1.7251	0.00018858
3.9954	-1.6167	0.00013098
3.9954	-1.3277	0.00012551
3.9954	-1.111	0.00012907
3.9954	-0.96645	0.00034809
3.9954	-0.93032	0.00046168
3.9954	-0.89419	0.00019033
3.9954	-0.82193	0.0012168
3.9954	-0.7858	0.0037702
3.9954	-0.74968	0.0064183
3.9954	-0.71355	0.0073259
3.9954	-0.67742	0.0059172
3.9954	-0.64129	0.0033335
3.9954	-0.60516	0.0011898
3.9954	-0.56903	0.00019394
3.9954	0.045162	0.00016738
3.9954	0.18968	0.0001242
3.9954	0.2258	0.0001315
3.9954	0.37032	0.0001891
3.9954	0.40645	0.00012869
3.9954	0.51484	0.00037716
3.9954	0.55097	0.00071289
3.9954	0.5871	0.00083814
3.9954	0.62323	0.00069596
3.9954	0.65936	0.0004233
3.9954	0.69549	0.0001844
4.0192	-2.2671	0.00019005
4.0192	-2.2309	0.00013755
4.0192	-2.1587	0.00061401
4.0192	-2.1226	0.0030681
4.0192	-2.0865	0.0075871
4.0192	-2.0503	0.012346
4.0192	-2.0142	0.014338
4.0192	-1.9781	0.011946
4.0192	-1.942	0.0066892
4.0192	-1.9058	0.0019944
4.0192	-1.8336	0.00048751
4.0192	-1.7974	0.0011005
4.0192	-1.7613	0.00086162
4.0192	-1.7251	0.00024454
4.0192	-1.6529	0.00022052
4.0192	-1.6167	0.00033883
4.0192	-1.5806	0.00021919
4.0192	-1.3639	0.00012951
4.0192	-1.3277	0.0001641
4.0192	-0.96645	0.00026517
4.0192	-0.93032	0.00034564
4.0192	-0.89419	0.00012634
4.0192	-0.85806	0.00014314
4.0192	-0.82193	0.001568
4.0192	-0.7858	0.0048756
4.0192	-0.74968	0.0086868
4.0192	-0.71355	0.010537
4.0192	-0.67742	0.0091146
4.0192	-0.64129	0.0055098
4.0192	-0.60516	0.0020838
4.0192	-0.56903	0.00032787
4.0192	-0.49677	0.00018583
4.0192	-0.46064	0.00019545
4.0192	0.045162	0.00012142
4.0192	0.18968	0.00012102
4.0192	0.2258	0.00012141
4.0192	0.3342	0.00013596
4.0192	0.37032	0.00023335
4.0192	0.40645	0.00014853
4.0192	0.47871	0.00015808
4.0192	0.51484	0.00068536
4.0192	0.55097	0.0012921
4.0192	0.5871	0.0015463
4.0192	0.62323	0.001303
4.0192	0.65936	0.00078686
4.0192	0.69549	0.00032485
4.0431	-2.1587	0.00058498
4.0431	-2.1226	0.0027748
4.0431	-2.0865	0.0068669
4.0431	-2.0503	0.011318
4.0431	-2.0142	0.013328
4.0431	-1.9781	0.011197
4.0431	-1.942	0.0062133
4.0431	-1.9058	0.0017298
4.0431	-1.8336	0.00070919
4.0431	-1.7974	0.0014163
4.0431	-1.7613	0.0010385
4.0431	-1.7251	0.00024804
4.0431	-1.6529	0.00041643
4.0431	-1.6167	0.00059045
4.0431	-1.5806	0.00034026
4.0431	-1.4723	0.00013479
4.0431	-1.3639	0.00014717
4.0431	-1.3277	0.00023337
4.0431	-1.2916	0.00016058
4.0431	-1.1471	0.00014206
4.0431	-0.96645	0.00014122
4.0431	-0.93032	0.00016142
4.0431	-0.85806	0.00014086
4.0431	-0.82193	0.0013388
4.0431	-0.7858	0.0042655
4.0431	-0.74968	0.0080163
4.0431	-0.71355	0.010308
4.0431	-0.67742	0.0094241
4.0431	-0.64129	0.0059612
4.0431	-0.60516	0.0022913
4.0431	-0.56903	0.00032207
4.0431	-0.49677	0.00038219
4.0431	-0.46064	0.00039494
4.0431	-0.42451	0.00015507
4.0431	0.3342	0.00013813
4.0431	0.37032	0.00022532
4.0431	0.40645	0.00013294
4.0431	0.47871	0.00023834
4.0431	0.51484	0.00095121
4.0431	0.55097	0.0017913
4.0431	0.5871	0.0021869
4.0431	0.62323	0.0018911
4.0431	0.65936	0.0011682
4.0431	0.69549	0.00048498
4.0669	-2.1587	0.00041271
4.0669	-2.1226	0.0019363
4.0669	-2.0865	0.0049178
4.0669	-2.0503	0.0083584
4.0669	-2.0142	0.01011
4.0669	-1.9781	0.008637
4.0669	-1.942	0.0047669
4.0669	-1.9058	0.0012263
4.0669	-1.8336	0.00083761
4.0669	-1.7974	0.0015064
4.0669	-1.7613	0.0010322
4.0669	-1.7251	0.00020213
4.0669	-1.6529	0.0006115
4.0669	-1.6167	0.00079884
4.0669	-1.5806	0.0004122
4.0669	-1.5084	0.00013139
4.0669	-1.4723	0.0003209
4.0669	-1.4362	0.00024816
4.0669	-1.3639	0.00016863
4.0669	-1.3277	0.00034897
4.0669	-1.2916	0.00029645
4.0669	-1.1832	0.00023005
4.0669	-1.1471	0.00033571
4.0669	-1.111	0.00018941
4.0669	-1.0026	0.00015585
4.0669	-0.96645	0.00016179
4.0669	-0.82193	0.00065692
4.0669	-0.7858	0.0022199
4.0669	-0.74968	0.0046129
4.0669	-0.71355	0.0065384
4.0669	-0.67742	0.0064922
4.0669	-0.64129	0.0043605
4.0669	-0.60516	0.0017029
4.0669	-0.56903	0.000207
4.0669	-0.5329	0.00013435
4.0669	-0.49677	0.00050863
4.0669	-0.46064	0.00050312
4.0669	-0.42451	0.00018832
4.0669	-0.31613	0.0001819
4.0669	-0.28	0.00013827
4.0669	0.37032	0.00016744
4.0669	0.47871	0.00027477
4.0669	0.51484	0.0010302
4.0669	0.55097	0.0019427
4.0669	0.5871	0.0024134
4.0669	0.62323	0.0021314
4.0669	0.65936	0.0013389
4.0669	0.69549	0.00055578
4.0906	-2.1587	0.00017107
4.0906	-2.1226	0.00088107
4.0906	-2.0865	0.0024611
4.0906	-2.0503	0.0045301
4.0906	-2.0142	0.0058317
4.0906	-1.9781	0.0051979
4.0906	-1.942	0.0028998
4.0906	-1.9058	0.00068608
4.0906	-1.8336	0.00080069
4.0906	-1.7974	0.0013232
4.0906	-1.7613	0.00084932
4.0906	-1.7251	0.00013226
4.0906	-1.689	0.00016206
4.0906	-1.6529	0.0007293
4.0906	-1.6167	0.00088293
4.0906	-1.5806	0.00040686
4.0906	-1.5084	0.00023517
4.0906	-1.4723	0.00053702
4.0906	-1.4362	0.00041161
4.0906	-1.3639	0.00019519
4.0906	-1.3277	0.00050442
4.0906	-1.2916	0.00048974
4.0906	-1.2555	0.0001443
4.0906	-1.1832	0.0004099
4.0906	-1.1471	0.00067697
4.0906	-1.111	0.00043566
4.0906	-1.0026	0.00045755
4.0906	-0.96645	0.00053356
4.0906	-0.93032	0.00023666
4.0906	-0.85806	0.00013281
4.0906	-0.82193	0.00039163
4.0906	-0.7858	0.00067331
4.0906	-0.74968	0.0011931
4.0906	-0.71355	0.0019397
4.0906	-0.67742	0.0023156
4.0906	-0.64129	0.0018013
4.0906	-0.60516	0.00075628
4.0906	-0.5329	0.00015074
4.0906	-0.49677	0.00045724
4.0906	-0.46064	0.00043661
4.0906	-0.42451	0.00015577
4.0906	-0.35226	0.00015119
4.0906	-0.31613	0.00025737
4.0906	-0.28	0.00018318
4.0906	-0.17162	0.00014909
4.0906	-0.13549	0.00016052
4.0906	0.47871	0.00023631
4.0906	0.51484	0.00085692
4.0906	0.55097	0.0016389
4.0906	0.5871	0.0020855
4.0906	0.62323	0.0018857
4.0906	0.65936	0.0012035
4.0906	0.69549	0.00049657
4.1144	-2.1226	0.00013853
4.1144	-2.0865	0.00056086
4.1144	-2.0503	0.0013426
4.1144	-2.0142	0.0020756
4.1144	-1.9781	0.0020939
4.1144	-1.942	0.0012455
4.1144	-1.9058	0.00027496
4.1144	-1.8336	0.00059441
4.1144	-1.7974	0.00092847
4.1144	-1.7613	0.00056391
4.1144	-1.689	0.00018946
4.1144	-1.6529	0.00071168
4.1144	-1.6167	0.00080648
4.1144	-1.5806	0.00033045
4.1144	-1.5084	0.00033533
4.1144	-1.4723	0.00069872
4.1144	-1.4362	0.00051625
4.1144	-1.4	0.00012723
4.1144	-1.3639	0.00022415
4.1144	-1.3277	0.00066146
4.1144	-1.2916	0.00067844
4.1144	-1.2555	0.0002107
4.1144	-1.1832	0.00064958
4.1144	-1.1471	0.0011205
4.1144	-1.111	0.0007527
4.1144	-1.0387	0.0002504
4.1144	-1.0026	0.001069
4.1144	-0.96645	0.0013559
4.1144	-0.93032	0.00065298
4.1144	-0.85806	0.00066663
4.1144	-0.82193	0.0020533
4.1144	-0.7858	0.0027562
4.1144	-0.74968	0.0021686
4.1144	-0.71355	0.0010599
4.1144	-0.67742	0.00036597
4.1144	-0.64129	0.00017605
4.1144	-0.49677	0.000243
4.1144	-0.46064	0.00023722
4.1144	-0.35226	0.00016888
4.1144	-0.31613	0.00025706
4.1144	-0.28	0.00017648
4.1144	-0.20774	0.00012207
4.1144	-0.17162	0.00024759
4.1144	-0.13549	0.00026378
4.1144	-0.099357	0.00014626
4.1144	0.47871	0.00013529
4.1144	0.51484	0.00050325
4.1144	0.55097	0.0010111
4.1144	0.5871	0.0013499
4.1144	0.62323	0.0012703
4.1144	0.65936	0.00083184
4.1144	0.69549	0.00034195
4.1383	-2.1587	0.00013881
4.1383	-2.1226	0.00022704
4.1383	-2.0865	0.00019484
4.1383	-2.0503	0.00014392
4.1383	-2.0142	0.00021697
4.1383	-1.9781	0.00032595
4.1383	-1.942	0.00025746
4.1383	-1.8336	0.00030243
4.1383	-1.7974	0.00047244
4.1383	-1.7613	0.00028033
4.1383	-1.689	0.00016782
4.1383	-1.6529	0.00055362
4.1383	-1.6167	0.00059752
4.1383	-1.5806	0.00021735
4.1383	-1.5084	0.00038149
4.1383	-1.4723	0.00073395
4.1383	-1.4362	0.00052018
4.1383	-1.3639	0.00024389
4.1383	-1.3277	0.00075896
4.1383	-1.2916	0.00078625
4.1383	-1.2555	0.00023923
4.1383	-1.1832	0.0008997
4.1383	-1.1471	0.0015475
4.1383	-1.111	0.00103
4.1383	-1.0749	0.0001304
4.1383	-1.0387	0.00048468
4.1383	-1.0026	0.0019662
4.1383	-0.96645	0.0025167
4.1383	-0.93032	0.0011861
4.1383	-0.85806	0.0021936
4.1383	-0.82193	0.0071694
4.1383	-0.7858	0.011377
4.1383	-0.74968	0.011561
4.1383	-0.71355	0.0080487
4.1383	-0.67742	0.0037848
4.1383	-0.64129	0.0011029
4.1383	-0.60516	0.00017293
4.1383	-0.35226	0.00012477
4.1383	-0.31613	0.00017239
4.1383	-0.28	0.00012478
4.1383	-0.20774	0.00016286
4.1383	-0.17162	0.00030119
4.1383	-0.13549	0.00031232
4.1383	-0.099357	0.0001732
4.1383	0.51484	0.00015991
4.1383	0.55097	0.00037585
4.1383	0.5871	0.00056571
4.1383	0.62323	0.0005826
4.1383	0.65936	0.00040508
4.1383	0.69549	0.00016883
4.1621	-2.3033	0.00014563
4.1621	-2.1587	0.00064088
4.1621	-2.1226	0.0013835
4.1621	-2.0865	0.0017808
4.1621	-2.0503	0.0015101
4.1621	-2.0142	0.00084008
4.1621	-1.9781	0.0002844
4.1621	-1.7974	0.00012891
4.1621	-1.6529	0.00031602
4.1621	-1.6167	0.00033729
4.1621	-1.5084	0.00034101
4.1621	-1.4723	0.00062163
4.1621	-1.4362	0.00042697
4.1621	-1.3639	0.00023613
4.1621	-1.3277	0.00074143
4.1621	-1.2916	0.00076142
4.1621	-1.2555	0.00021892
4.1621	-1.2193	0.00015755
4.1621	-1.1832	0.0010764
4.1621	-1.1471	0.001805
4.1621	-1.111	0.0011567
4.1621	-1.0749	0.00012339
4.1621	-1.0387	0.00079404
4.1621	-1.0026	0.0029586
4.1621	-0.96645	0.0036882
4.1621	-0.93032	0.0016062
4.1621	-0.89419	0.00027517
4.1621	-0.85806	0.0050576
4.1621	-0.82193	0.016303
4.1621	-0.7858	0.027366
4.1621	-0.74968	0.030522
4.1621	-0.71355	0.024178
4.1621	-0.67742	0.013541
4.1621	-0.64129	0.0049802
4.1621	-0.60516	0.00095942
4.1621	-0.20774	0.00017169
4.1621	-0.17162	0.0002757
4.1621	-0.13549	0.00028055
4.1621	-0.099357	0.00016504
4.1621	0.62323	0.00013205
4.186	-2.3033	0.00020148
4.186	-2.2671	0.00015838
4.186	-2.1948	0.00027494
4.186	-2.1587	0.0014591
4.186	-2.1226	0.0033648
4.186	-2.0865	0.0048819
4.186	-2.0503	0.0049156
4.186	-2.0142	0.0034712
4.186	-1.9781	0.0016225
4.186	-1.942	0.00041442
4.186	-1.6167	0.000122
4.186	-1.5084	0.00022454
4.186	-1.4723	0.00040705
4.186	-1.4362	0.00028038
4.186	-1.3639	0.00018777
4.186	-1.3277	0.00059389
4.186	-1.2916	0.00060648
4.186	-1.2555	0.00016372
4.186	-1.2193	0.00017946
4.186	-1.1832	0.0010941
4.186	-1.1471	0.0017765
4.186	-1.111	0.0010795
4.186	-1.0387	0.0010954
4.186	-1.0026	0.0037239
4.186	-0.96645	0.0044485
4.186	-0.93032	0.001723
4.186	-0.89419	0.0006142
4.186	-0.85806	0.009068
4.186	-0.82193	0.028214
4.186	-0.7858	0.048194
4.186	-0.74968	0.055824
4.186	-0.71355	0.04649
4.186	-0.67742	0.027579
4.186	-0.64129	0.0107
4.186	-0.60516	0.0020314
4.186	-0.5329	0.00048401
4.186	-0.49677	0.00061279
4.186	-0.46064	0.00031914
4.186	-0.20774	0.00013883
4.186	-0.17162	0.00017934
4.186	-0.13549	0.00018643
4.186	-0.099357	0.00013522
4.186	0.47871	0.00013172
4.186	0.51484	0.00023008
4.186	0.55097	0.00023336
4.186	0.5871	0.00015712
4.2097	-2.3033	0.0002155
4.2097	-2.2671	0.00015746
4.2097	-2.1948	0.00046912
4.2097	-2.1587	0.0023263
4.2097	-2.1226	0.0054591
4.2097	-2.0865	0.0082928
4.2097	-2.0503	0.0088956
4.2097	-2.0142	0.0067885
4.2097	-1.9781	0.003465
4.2097	-1.942	0.00095438
4.2097	-1.8336	0.00023379
4.2097	-1.7974	0.00013679
4.2097	-1.4723	0.00018221
4.2097	-1.4362	0.00013871
4.2097	-1.3277	0.00036113
4.2097	-1.2916	0.00038004
4.2097	-1.2193	0.00016597
4.2097	-1.1832	0.0009141
4.2097	-1.1471	0.0014471
4.2097	-1.111	0.00082972
4.2097	-1.0387	0.0012606
4.2097	-1.0026	0.0039374
4.2097	-0.96645	0.0044791
4.2097	-0.93032	0.0014935
4.2097	-0.89419	0.0011455
4.2097	-0.85806	0.01328
4.2097	-0.82193	0.039751
4.2097	-0.7858	0.068145
4.2097	-0.74968	0.080343
4.2097	-0.71355	0.068457
4.2097	-0.67742	0.041478
4.2097	-0.64129	0.016168
4.2097	-0.60516	0.0028352
4.2097	-0.56903	0.000183
4.2097	-0.5329	0.0013041
4.2097	-0.49677	0.0015959
4.2097	-0.46064	0.00079032
4.2097	-0.42451	0.00014863
4.2097	-0.35226	0.0001209
4.2097	0.3342	0.00013115
4.2097	0.47871	0.00033956
4.2097	0.51484	0.00064621
4.2097	0.55097	0.00075535
4.2097	0.5871	0.00060632
4.2097	0.62323	0.00034024
4.2097	0.65936	0.00012715
4.2335	-2.3033	0.00017879
4.2335	-2.1948	0.0006126
4.2335	-2.1587	0.0028608
4.2335	-2.1226	0.0067554
4.2335	-2.0865	0.010526
4.2335	-2.0503	0.011673
4.2335	-2.0142	0.009227
4.2335	-1.9781	0.0048432
4.2335	-1.942	0.0013159
4.2335	-1.8697	0.0003192
4.2335	-1.8336	0.00061273
4.2335	-1.7974	0.00039498
4.2335	-1.3277	0.00013648
4.2335	-1.2916	0.00016838
4.2335	-1.1832	0.00058187
4.2335	-1.1471	0.0009248
4.2335	-1.111	0.00050633
4.2335	-1.0387	0.0011779
4.2335	-1.0026	0.0034396
4.2335	-0.96645	0.0037322
4.2335	-0.93032	0.0010379
4.2335	-0.89419	0.0017202
4.2335	-0.85806	0.016164
4.2335	-0.82193	0.046761
4.2335	-0.7858	0.080199
4.2335	-0.74968	0.09558
4.2335	-0.71355	0.082468
4.2335	-0.67742	0.050307
4.2335	-0.64129	0.0193
4.2335	-0.60516	0.0030079
4.2335	-0.56903	0.0004009
4.2335	-0.5329	0.0024501
4.2335	-0.49677	0.0028002
4.2335	-0.46064	0.0012903
4.2335	-0.42451	0.00016619
4.2335	-0.38838	0.00015269
4.2335	-0.35226	0.00042349
4.2335	-0.31613	0.00037688
4.2335	-0.28	0.00017837
4.2335	-0.063226	0.00012965
4.2335	0.47871	0.0005211
4.2335	0.51484	0.0010276
4.2335	0.55097	0.0012837
4.2335	0.5871	0.0011207
4.2335	0.62323	0.00069324
4.2335	0.65936	0.00028798
4.2574	-2.1948	0.0006134
4.2574	-2.1587	0.0027525
4.2574	-2.1226	0.0065759
4.2574	-2.0865	0.010502
4.2574	-2.0503	0.011968
4.2574	-2.0142	0.0096848
4.2574	-1.9781	0.0051294
4.2574	-1.942	0.0013288
4.2574	-1.8697	0.00055944
4.2574	-1.8336	0.00099872
4.2574	-1.7974	0.00063899
4.2574	-1.689	0.00027913
4.2574	-1.6529	0.00030563
4.2574	-1.1832	0.00022827
4.2574	-1.1471	0.00040209
4.2574	-1.111	0.00022337
4.2574	-1.0387	0.00083383
4.2574	-1.0026	0.002358
4.2574	-0.96645	0.0024748
4.2574	-0.93032	0.00055846
4.2574	-0.89419	0.0020361
4.2574	-0.85806	0.016219
4.2574	-0.82193	0.045856
4.2574	-0.7858	0.079015
4.2574	-0.74968	0.095271
4.2574	-0.71355	0.083084
4.2574	-0.67742	0.050779
4.2574	-0.64129	0.01898
4.2574	-0.60516	0.0025406
4.2574	-0.56903	0.00075992
4.2574	-0.5329	0.0035988
4.2574	-0.49677	0.0038202
4.2574	-0.46064	0.0016154
4.2574	-0.42451	0.00014355
4.2574	-0.38838	0.00035604
4.2574	-0.35226	0.00088558
4.2574	-0.31613	0.00073246
4.2574	-0.28	0.0002615
4.2574	-0.063226	0.00016239
4.2574	-0.027097	0.00013878
4.2574	0.44258	0.0001269
4.2574	0.47871	0.00054037
4.2574	0.51484	0.0011017
4.2574	0.55097	0.001448
4.2574	0.5871	0.0013367
4.2574	0.62323	0.00087301
4.2574	0.65936	0.00037859
4.2812	-2.1948	0.00043806
4.2812	-2.1587	0.0019678
4.2812	-2.1226	0.0048771
4.2812	-2.0865	0.0081173
4.2812	-2.0503	0.0096046
4.2812	-2.0142	0.0079969
4.2812	-1.9781	0.0042683
4.2812	-1.942	0.0010382
4.2812	-1.8697	0.00072893
4.2812	-1.8336	0.0012088
4.2812	-1.7974	0.00074472
4.2812	-1.689	0.00049829
4.2812	-1.6529	0.00054311
4.2812	-1.6167	0.0002118
4.2812	-1.5445	0.00012944
4.2812	-1.5084	0.00024171
4.2812	-1.4723	0.00014444
4.2812	-1.0387	0.00036699
4.2812	-1.0026	0.001103
4.2812	-0.96645	0.0011757
4.2812	-0.93032	0.00021539
4.2812	-0.89419	0.0018073
4.2812	-0.85806	0.012876
4.2812	-0.82193	0.036349
4.2812	-0.7858	0.063779
4.2812	-0.74968	0.078514
4.2812	-0.71355	0.069603
4.2812	-0.67742	0.042714
4.2812	-0.64129	0.015491
4.2812	-0.60516	0.0017194
4.2812	-0.56903	0.0011529
4.2812	-0.5329	0.0043168
4.2812	-0.49677	0.0042667
4.2812	-0.46064	0.0016384
4.2812	-0.38838	0.00063301
4.2812	-0.35226	0.0013753
4.2812	-0.31613	0.0010529
4.2812	-0.28	0.00029977
4.2812	-0.20774	0.00022985
4.2812	-0.17162	0.00026313
4.2812	-0.063226	0.00020966
4.2812	-0.027097	0.00022524
4.2812	0.47871	0.00035796
4.2812	0.51484	0.00077832
4.2812	0.55097	0.0011001
4.2812	0.5871	0.0010864
4.2812	0.62323	0.00075023
4.2812	0.65936	0.00033624
4.305	-2.1948	0.00016981
4.305	-2.1587	0.00086131
4.305	-2.1226	0.0024015
4.305	-2.0865	0.004408
4.305	-2.0503	0.0056379
4.305	-2.0142	0.0049685
4.305	-1.9781	0.0027218
4.305	-1.942	0.00062226
4.305	-1.8697	0.00072855
4.305	-1.8336	0.0011384
4.305	-1.7974	0.00067074
4.305	-1.7251	0.00018396
4.305	-1.689	0.00065785
4.305	-1.6529	0.00069291
4.305	-1.6167	0.00025426
4.305	-1.5445	0.00026039
4.305	-1.5084	0.00047742
4.305	-1.4723	0.00030154
4.305	-1.3639	0.00028207
4.305	-1.3277	0.0002767
4.305	-1.0026	0.00021195
4.305	-0.96645	0.00028603
4.305	-0.89419	0.0010362
4.305	-0.85806	0.007204
4.305	-0.82193	0.021332
4.305	-0.7858	0.039454
4.305	-0.74968	0.050856
4.305	-0.71355	0.046678
4.305	-0.67742	0.029119
4.305	-0.64129	0.01028
4.305	-0.60516	0.0009137
4.305	-0.56903	0.0013818
4.305	-0.5329	0.0042684
4.305	-0.49677	0.0039547
4.305	-0.46064	0.001367
4.305	-0.38838	0.00089017
4.305	-0.35226	0.0017124
4.305	-0.31613	0.0012128
4.305	-0.28	0.00027581
4.305	-0.20774	0.00044554
4.305	-0.17162	0.00051306
4.305	-0.13549	0.00021791
4.305	-0.063226	0.00027658
4.305	-0.027097	0.00036374
4.305	0.0090325	0.00018006
4.305	0.11742	0.00023759
4.305	0.15355	0.00020812
4.305	0.47871	0.00012538
4.305	0.51484	0.000288
4.305	0.55097	0.00046676
4.305	0.5871	0.00052672
4.305	0.62323	0.00040462
4.305	0.65936	0.00019358
4.3289	-2.1226	0.00044805
4.3289	-2.0865	0.0011688
4.3289	-2.0503	0.001895
4.3289	-2.0142	0.0019628
4.3289	-1.9781	0.0011848
4.3289	-1.942	0.00026568
4.3289	-1.8697	0.0005384
4.3289	-1.8336	0.00081881
4.3289	-1.7974	0.00046723
4.3289	-1.7251	0.0002144
4.3289	-1.689	0.00067437
4.3289	-1.6529	0.00068379
4.3289	-1.6167	0.00023075
4.3289	-1.5445	0.00038225
4.3289	-1.5084	0.0006679
4.3289	-1.4723	0.00041864
4.3289	-1.4	0.00015092
4.3289	-1.3639	0.00052323
4.3289	-1.3277	0.00053605
4.3289	-1.2916	0.00017922
4.3289	-1.2193	0.00027394
4.3289	-1.1832	0.0004453
4.3289	-1.1471	0.00026118
4.3289	-1.0387	0.00014152
4.3289	-0.89419	0.00021653
4.3289	-0.85806	0.0019275
4.3289	-0.82193	0.0070893
4.3289	-0.7858	0.015445
4.3289	-0.74968	0.022494
4.3289	-0.71355	0.022551
4.3289	-0.67742	0.014842
4.3289	-0.64129	0.0052023
4.3289	-0.60516	0.000365
4.3289	-0.56903	0.0012778
4.3289	-0.5329	0.0034112
4.3289	-0.49677	0.0030005
4.3289	-0.46064	0.00092792
4.3289	-0.38838	0.0010093
4.3289	-0.35226	0.0017531
4.3289	-0.31613	0.0011508
4.3289	-0.28	0.00020509
4.3289	-0.24387	0.00014857
4.3289	-0.20774	0.00066089
4.3289	-0.17162	0.00072865
4.3289	-0.13549	0.00029275
4.3289	-0.063226	0.00035576
4.3289	-0.027097	0.00052312
4.3289	0.0090325	0.00028242
4.3289	0.081291	0.00014805
4.3289	0.11742	0.00041131
4.3289	0.15355	0.00038961
4.3289	0.18968	0.00012836
4.3289	0.26194	0.00015525
4.3289	0.29807	0.00028224
4.3289	0.3342	0.00019661
4.3289	0.44258	0.00012363
4.3289	0.47871	0.00018646
4.3289	0.51484	0.00015306
4.3526	-2.1948	0.00021357
4.3526	-2.1587	0.00035727
4.3526	-2.1226	0.00029788
4.3526	-2.0865	0.00014459
4.3526	-2.0503	0.00013317
4.3526	-2.0142	0.00024307
4.3526	-1.9781	0.00022979
4.3526	-1.8697	0.00025075
4.3526	-1.8336	0.00040469
4.3526	-1.7974	0.000237
4.3526	-1.7251	0.0001835
4.3526	-1.689	0.00052865
4.3526	-1.6529	0.00052372
4.3526	-1.6167	0.00016285
4.3526	-1.5445	0.00043246
4.3526	-1.5084	0.00071961
4.3526	-1.4723	0.00043826
4.3526	-1.4	0.00021903
4.3526	-1.3639	0.00071783
4.3526	-1.3277	0.00072909
4.3526	-1.2916	0.00022649
4.3526	-1.2193	0.00056597
4.3526	-1.1832	0.00095277
4.3526	-1.1471	0.00059476
4.3526	-1.0749	0.0002275
4.3526	-1.0387	0.00078861
4.3526	-1.0026	0.00082999
4.3526	-0.96645	0.00030083
4.3526	-0.89419	0.00026058
4.3526	-0.85806	0.00047214
4.3526	-0.82193	0.00069212
4.3526	-0.7858	0.0018906
4.3526	-0.74968	0.0041532
4.3526	-0.71355	0.0055994
4.3526	-0.67742	0.004451
4.3526	-0.64129	0.0016776
4.3526	-0.56903	0.00084231
4.3526	-0.5329	0.0020615
4.3526	-0.49677	0.0017692
4.3526	-0.46064	0.00049071
4.3526	-0.38838	0.00091366
4.3526	-0.35226	0.0014669
4.3526	-0.31613	0.00089778
4.3526	-0.28	0.00012214
4.3526	-0.24387	0.00020967
4.3526	-0.20774	0.0007819
4.3526	-0.17162	0.00082004
4.3526	-0.13549	0.00030777
4.3526	-0.063226	0.00042261
4.3526	-0.027097	0.00064724
4.3526	0.0090325	0.00035596
4.3526	0.081291	0.00021747
4.3526	0.11742	0.00060639
4.3526	0.15355	0.00058473
4.3526	0.18968	0.00019074
4.3526	0.26194	0.00031308
4.3526	0.29807	0.00058312
4.3526	0.3342	0.00042239
4.3526	0.44258	0.00052368
4.3526	0.47871	0.00094822
4.3526	0.51484	0.00096749
4.3526	0.55097	0.0006363
4.3526	0.5871	0.00026988
4.3765	-2.3393	0.00020026
4.3765	-2.3033	0.00016313
4.3765	-2.2309	0.00016667
4.3765	-2.1948	0.00091366
4.3765	-2.1587	0.0019654
4.3765	-2.1226	0.0025326
4.3765	-2.0865	0.002152
4.3765	-2.0503	0.0011919
4.3765	-2.0142	0.00038797
4.3765	-1.689	0.00028664
4.3765	-1.6529	0.00029232
4.3765	-1.5445	0.0003738
4.3765	-1.5084	0.00060265
4.3765	-1.4723	0.0003575
4.3765	-1.4	0.00025033
4.3765	-1.3639	0.00077083
4.3765	-1.3277	0.00076385
4.3765	-1.2916	0.00021304
4.3765	-1.2193	0.0008452
4.3765	-1.1832	0.0013918
4.3765	-1.1471	0.00085059
4.3765	-1.0749	0.00054449
4.3765	-1.0387	0.0018444
4.3765	-1.0026	0.0020719
4.3765	-0.96645	0.00078198
4.3765	-0.93032	0.00014196
4.3765	-0.89419	0.0020692
4.3765	-0.85806	0.0052942
4.3765	-0.82193	0.0066974
4.3765	-0.7858	0.0051286
4.3765	-0.74968	0.0024557
4.3765	-0.71355	0.00083025
4.3765	-0.67742	0.00038969
4.3765	-0.64129	0.00018097
4.3765	-0.56903	0.00030505
4.3765	-0.5329	0.00077529
4.3765	-0.49677	0.0007017
4.3765	-0.46064	0.00018084
4.3765	-0.38838	0.00062526
4.3765	-0.35226	0.00096138
4.3765	-0.31613	0.00055747
4.3765	-0.24387	0.00023104
4.3765	-0.20774	0.00074495
4.3765	-0.17162	0.00074982
4.3765	-0.13549	0.00026279
4.3765	-0.063226	0.00044278
4.3765	-0.027097	0.00068027
4.3765	0.0090325	0.00036815
4.3765	0.081291	0.00028417
4.3765	0.11742	0.0007638
4.3765	0.15355	0.00072584
4.3765	0.18968	0.00022157
4.3765	0.26194	0.00052096
4.3765	0.29807	0.00094538
4.3765	0.3342	0.00067129
4.3765	0.40645	0.0002488
4.3765	0.44258	0.0013775
4.3765	0.47871	0.0026562
4.3765	0.51484	0.0030686
4.3765	0.55097	0.002426
4.3765	0.5871	0.0013475
4.3765	0.62323	0.00050656
4.4003	-2.3755	0.00012981
4.4003	-2.3393	0.00026869
4.4003	-2.3033	0.00020756
4.4003	-2.2309	0.00038799
4.4003	-2.1948	0.0020092
4.4003	-2.1587	0.0045842
4.4003	-2.1226	0.0065945
4.4003	-2.0865	0.0065728
4.4003	-2.0503	0.0045665
4.4003	-2.0142	0.002064
4.4003	-1.9781	0.00048041
4.4003	-1.5445	0.00022647
4.4003	-1.5084	0.00037065
4.4003	-1.4723	0.00022189
4.4003	-1.4	0.00021814
4.4003	-1.3639	0.00064461
4.4003	-1.3277	0.00062592
4.4003	-1.2916	0.00015377
4.4003	-1.2555	0.0001466
4.4003	-1.2193	0.00097794
4.4003	-1.1832	0.0015544
4.4003	-1.1471	0.00090215
4.4003	-1.0749	0.00092367
4.4003	-1.0387	0.0029124
4.4003	-1.0026	0.0032308
4.4003	-0.96645	0.0011168
4.4003	-0.93032	0.00047599
4.4003	-0.89419	0.0058967
4.4003	-0.85806	0.016268
4.4003	-0.82193	0.024503
4.4003	-0.7858	0.024473
4.4003	-0.74968	0.016961
4.4003	-0.71355	0.0079408
4.4003	-0.67742	0.0022424
4.4003	-0.64129	0.00027057
4.4003	-0.38838	0.00027483
4.4003	-0.35226	0.00043712
4.4003	-0.31613	0.00025195
4.4003	-0.24387	0.0001888
4.4003	-0.20774	0.00055598
4.4003	-0.17162	0.00055055
4.4003	-0.13549	0.00018353
4.4003	-0.063226	0.00039084
4.4003	-0.027097	0.00059693
4.4003	0.0090325	0.00031399
4.4003	0.081291	0.00032145
4.4003	0.11742	0.00081996
4.4003	0.15355	0.0007561
4.4003	0.18968	0.00020812
4.4003	0.26194	0.00072632
4.4003	0.29807	0.0012583
4.4003	0.3342	0.00084986
4.4003	0.40645	0.00053798
4.4003	0.44258	0.0026597
4.4003	0.47871	0.0051798
4.4003	0.51484	0.0062632
4.4003	0.55097	0.0052954
4.4003	0.5871	0.0032052
4.4003	0.62323	0.0013354
4.4003	0.65936	0.00033149
4.4242	-2.3755	0.00013842
4.4242	-2.3393	0.00027634
4.4242	-2.3033	0.00019892
4.4242	-2.2309	0.00063997
4.4242	-2.1948	0.0031105
4.4242	-2.1587	0.007226
4.4242	-2.1226	0.010873
4.4242	-2.0865	0.011523
4.4242	-2.0503	0.0086282
4.4242	-2.0142	0.0042497
4.4242	-1.9781	0.0010692
4.4242	-1.9058	0.00022584
4.4242	-1.8697	0.0003801
4.4242	-1.8336	0.00021475
4.4242	-1.5084	0.00013594
4.4242	-1.4	0.00012987
4.4242	-1.3639	0.00039033
4.4242	-1.3277	0.00038365
4.4242	-1.2555	0.00014977
4.4242	-1.2193	0.00087748
4.4242	-1.1832	0.0013556
4.4242	-1.1471	0.00073908
4.4242	-1.0749	0.0011993
4.4242	-1.0387	0.0035049
4.4242	-1.0026	0.0037473
4.4242	-0.96645	0.001118
4.4242	-0.93032	0.0010807
4.4242	-0.89419	0.010871
4.4242	-0.85806	0.030058
4.4242	-0.82193	0.047834
4.4242	-0.7858	0.052
4.4242	-0.74968	0.040327
4.4242	-0.71355	0.021801
4.4242	-0.67742	0.0073416
4.4242	-0.64129	0.0010343
4.4242	-0.56903	0.00034476
4.4242	-0.5329	0.0002728
4.4242	-0.20774	0.00029597
4.4242	-0.17162	0.00030661
4.4242	-0.063226	0.00027108
4.4242	-0.027097	0.00042045
4.4242	0.0090325	0.00021742
4.4242	0.081291	0.00030439
4.4242	0.11742	0.00073852
4.4242	0.15355	0.00065838
4.4242	0.18968	0.00015906
4.4242	0.2258	0.00012226
4.4242	0.26194	0.00085269
4.4242	0.29807	0.0014021
4.4242	0.3342	0.00088493
4.4242	0.40645	0.00092381
4.4242	0.44258	0.0041069
4.4242	0.47871	0.0079351
4.4242	0.51484	0.0097697
4.4242	0.55097	0.0085052
4.4242	0.5871	0.0053259
4.4242	0.62323	0.0022875
4.4242	0.65936	0.00056756
4.448	-2.3393	0.00021418
4.448	-2.3033	0.00014352
4.448	-2.2309	0.0007942
4.448	-2.1948	0.003673
4.448	-2.1587	0.0086312
4.448	-2.1226	0.013367
4.448	-2.0865	0.014675
4.448	-2.0503	0.011395
4.448	-2.0142	0.0057742
4.448	-1.9781	0.0014301
4.448	-1.9058	0.00052764
4.448	-1.8697	0.00088627
4.448	-1.8336	0.00053141
4.448	-1.7251	0.0001708
4.448	-1.689	0.00015093
4.448	-1.3639	0.00013385
4.448	-1.3277	0.0001495
4.448	-1.2193	0.00057026
4.448	-1.1832	0.0008842
4.448	-1.1471	0.00045654
4.448	-1.0749	0.0012005
4.448	-1.0387	0.0032958
4.448	-1.0026	0.0033779
4.448	-0.96645	0.00083197
4.448	-0.93032	0.0018021
4.448	-0.89419	0.015066
4.448	-0.85806	0.041088
4.448	-0.82193	0.066963
4.448	-0.7858	0.075698
4.448	-0.74968	0.061562
4.448	-0.71355	0.035012
4.448	-0.67742	0.012271
4.448	-0.64129	0.0016435
4.448	-0.60516	0.00025376
4.448	-0.56903	0.0012678
4.448	-0.5329	0.0011721
4.448	-0.49677	0.00039152
4.448	-0.063226	0.00012607
4.448	-0.027097	0.00021644
4.448	0.081291	0.000227
4.448	0.11742	0.00053554
4.448	0.15355	0.00046627
4.448	0.2258	0.0001412
4.448	0.26194	0.0008337
4.448	0.29807	0.0013057
4.448	0.3342	0.00076155
4.448	0.40645	0.0012955
4.448	0.44258	0.0052553
4.448	0.47871	0.01003
4.448	0.51484	0.012451
4.448	0.55097	0.011002
4.448	0.5871	0.0069911
4.448	0.62323	0.0030169
4.448	0.65936	0.00072156
4.448	0.76774	0.00012186
4.4717	-2.2309	0.00072443
4.4717	-2.1948	0.0032866
4.4717	-2.1587	0.0079137
4.4717	-2.1226	0.012674
4.4717	-2.0865	0.01439
4.4717	-2.0503	0.011491
4.4717	-2.0142	0.0058886
4.4717	-1.9781	0.001383
4.4717	-1.9058	0.00085107
4.4717	-1.8697	0.0013546
4.4717	-1.8336	0.00079692
4.4717	-1.7613	0.00012195
4.4717	-1.7251	0.00044456
4.4717	-1.689	0.00044031
4.4717	-1.6529	0.00015474
4.4717	-1.5445	0.00013105
4.4717	-1.2193	0.00021009
4.4717	-1.1832	0.00036527
4.4717	-1.1471	0.00018944
4.4717	-1.0749	0.00087346
4.4717	-1.0387	0.0023304
4.4717	-1.0026	0.0023149
4.4717	-0.96645	0.00045479
4.4717	-0.93032	0.0022561
4.4717	-0.89419	0.016297
4.4717	-0.85806	0.043985
4.4717	-0.82193	0.072988
4.4717	-0.7858	0.084765
4.4717	-0.74968	0.070938
4.4717	-0.71355	0.041293
4.4717	-0.67742	0.014465
4.4717	-0.64129	0.0017105
4.4717	-0.60516	0.00061619
4.4717	-0.56903	0.0024938
4.4717	-0.5329	0.0023101
4.4717	-0.49677	0.00078952
4.4717	-0.42451	0.00024659
4.4717	-0.38838	0.0004344
4.4717	-0.35226	0.00024927
4.4717	0.11742	0.00028211
4.4717	0.15355	0.00024981
4.4717	0.2258	0.00012517
4.4717	0.26194	0.00065403
4.4717	0.29807	0.00098959
4.4717	0.3342	0.00053074
4.4717	0.40645	0.0014884
4.4717	0.44258	0.0056123
4.4717	0.47871	0.010615
4.4717	0.51484	0.013269
4.4717	0.55097	0.011852
4.4717	0.5871	0.0075889
4.4717	0.62323	0.0032542
4.4717	0.65936	0.00073528
4.4717	0.76774	0.00018772
4.4955	-2.2309	0.00041853
4.4955	-2.1948	0.0020077
4.4955	-2.1587	0.005189
4.4955	-2.1226	0.0088656
4.4955	-2.0865	0.010627
4.4955	-2.0503	0.0088334
4.4955	-2.0142	0.0045911
4.4955	-1.9781	0.0010043
4.4955	-1.9058	0.0010338
4.4955	-1.8697	0.001547
4.4955	-1.8336	0.00086798
4.4955	-1.7613	0.000228
4.4955	-1.7251	0.00075355
4.4955	-1.689	0.00074407
4.4955	-1.6529	0.00025394
4.4955	-1.5806	0.00024988
4.4955	-1.5445	0.00041285
4.4955	-1.5084	0.00023699
4.4955	-1.4	0.00016304
4.4955	-1.3639	0.00012435
4.4955	-1.0749	0.00037168
4.4955	-1.0387	0.0010622
4.4955	-1.0026	0.0010762
4.4955	-0.96645	0.00017055
4.4955	-0.93032	0.0020447
4.4955	-0.89419	0.013412
4.4955	-0.85806	0.036515
4.4955	-0.82193	0.062337
4.4955	-0.7858	0.07472
4.4955	-0.74968	0.064328
4.4955	-0.71355	0.03811
4.4955	-0.67742	0.01316
4.4955	-0.64129	0.0013135
4.4955	-0.60516	0.0010424
4.4955	-0.56903	0.0034809
4.4955	-0.5329	0.0031151
4.4955	-0.49677	0.0010115
4.4955	-0.42451	0.00054566
4.4955	-0.38838	0.00093829
4.4955	-0.35226	0.00056735
4.4955	-0.24387	0.00017107
4.4955	-0.20774	0.00014938
4.4955	0.26194	0.00037341
4.4955	0.29807	0.00056727
4.4955	0.3342	0.00028216
4.4955	0.40645	0.0013665
4.4955	0.44258	0.0049083
4.4955	0.47871	0.0093011
4.4955	0.51484	0.011782
4.4955	0.55097	0.010672
4.4955	0.5871	0.006888
4.4955	0.62323	0.0029247
4.4955	0.65936	0.00061534
4.4955	0.73162	0.00015703
4.4955	0.76774	0.00023283
4.4955	0.80387	0.00012665
4.5193	-2.1948	0.00054831
4.5193	-2.1587	0.0018366
4.5193	-2.1226	0.0037712
4.5193	-2.0865	0.005164
4.5193	-2.0503	0.0047108
4.5193	-2.0142	0.002567
4.5193	-1.9781	0.0005242
4.5193	-1.942	0.00012666
4.5193	-1.9058	0.00094742
4.5193	-1.8697	0.0013476
4.5193	-1.8336	0.00071338
4.5193	-1.7613	0.00032699
4.5193	-1.7251	0.00095637
4.5193	-1.689	0.00091211
4.5193	-1.6529	0.00028585
4.5193	-1.5806	0.00045697
4.5193	-1.5445	0.00075736
4.5193	-1.5084	0.00045644
4.5193	-1.4362	0.00014192
4.5193	-1.4	0.00044924
4.5193	-1.3639	0.00042748
4.5193	-1.3277	0.00013293
4.5193	-1.2555	0.00012553
4.5193	-1.2193	0.00017249
4.5193	-1.0387	0.00016434
4.5193	-1.0026	0.00021986
4.5193	-0.93032	0.0011399
4.5193	-0.89419	0.0074242
4.5193	-0.85806	0.021518
4.5193	-0.82193	0.039232
4.5193	-0.7858	0.049839
4.5193	-0.74968	0.044953
4.5193	-0.71355	0.02741
4.5193	-0.67742	0.0093491
4.5193	-0.64129	0.00076649
4.5193	-0.60516	0.0013058
4.5193	-0.56903	0.0037332
4.5193	-0.5329	0.0032067
4.5193	-0.49677	0.00096107
4.5193	-0.42451	0.00085158
4.5193	-0.38838	0.0013781
4.5193	-0.35226	0.0008173
4.5193	-0.24387	0.00041391
4.5193	-0.20774	0.00039033
4.5193	-0.063226	0.00015301
4.5193	0.29807	0.00019912
4.5193	0.40645	0.00092738
4.5193	0.44258	0.0033073
4.5193	0.47871	0.0064421
4.5193	0.51484	0.0084217
4.5193	0.55097	0.0078384
4.5193	0.5871	0.0051444
4.5193	0.62323	0.002171
4.5193	0.65936	0.00042073
4.5193	0.73162	0.0001787
4.5193	0.76774	0.00023879
4.5193	0.80387	0.00012113
4.5432	-2.3755	0.00012701
4.5432	-2.2309	0.00012595
4.5432	-2.1948	0.00014512
4.5432	-2.1587	0.00014086
4.5432	-2.1226	0.00040228
4.5432	-2.0865	0.00093294
4.5432	-2.0503	0.0012001
4.5432	-2.0142	0.00079792
4.5432	-1.9781	0.00016347
4.5432	-1.9058	0.00060135
4.5432	-1.8697	0.00084236
4.5432	-1.8336	0.00042246
4.5432	-1.7613	0.00035868
4.5432	-1.7251	0.00093835
4.5432	-1.689	0.00085912
4.5432	-1.6529	0.00023973
4.5432	-1.5806	0.00063072
4.5432	-1.5445	0.0010096
4.5432	-1.5084	0.00060059
4.5432	-1.4362	0.00025074
4.5432	-1.4	0.00079946
4.5432	-1.3639	0.00079392
4.5432	-1.3277	0.00025205
4.5432	-1.2555	0.00041769
4.5432	-1.2193	0.00068867
4.5432	-1.1832	0.00041226
4.5432	-1.0749	0.00024149
4.5432	-1.0387	0.00018767
4.5432	-0.93032	0.00018595
4.5432	-0.89419	0.0016932
4.5432	-0.85806	0.0064974
4.5432	-0.82193	0.014555
4.5432	-0.7858	0.021519
4.5432	-0.74968	0.02169
4.5432	-0.71355	0.014238
4.5432	-0.67742	0.0049356
4.5432	-0.64129	0.00033838
4.5432	-0.60516	0.0012036
4.5432	-0.56903	0.0030872
4.5432	-0.5329	0.0025717
4.5432	-0.49677	0.00070527
4.5432	-0.42451	0.0010146
4.5432	-0.38838	0.0015418
4.5432	-0.35226	0.00087629
4.5432	-0.28	0.00020286
4.5432	-0.24387	0.00066909
4.5432	-0.20774	0.00062991
4.5432	-0.17162	0.00019021
4.5432	-0.099357	0.00023606
4.5432	-0.063226	0.00036291
4.5432	-0.027097	0.0002008
4.5432	0.40645	0.00036609
4.5432	0.44258	0.0014429
4.5432	0.47871	0.0031019
4.5432	0.51484	0.0044004
4.5432	0.55097	0.0043641
4.5432	0.5871	0.0029898
4.5432	0.62323	0.0012749
4.5432	0.65936	0.00022649
4.5432	0.73162	0.00016439
4.5432	0.76774	0.00020197
4.5671	-2.4116	0.00015457
4.5671	-2.3755	0.00032151
4.5671	-2.3393	0.00025292
4.5671	-2.2671	0.00020119
4.5671	-2.2309	0.0010501
4.5671	-2.1948	0.0020548
4.5671	-2.1587	0.002321
4.5671	-2.1226	0.0016402
4.5671	-2.0865	0.00069807
4.5671	-2.0503	0.00017372
4.5671	-1.9058	0.00018788
4.5671	-1.8697	0.00029486
4.5671	-1.8336	0.00014675
4.5671	-1.7613	0.00028501
4.5671	-1.7251	0.00068682
4.5671	-1.689	0.00061157
4.5671	-1.6529	0.00014961
4.5671	-1.5806	0.0006746
4.5671	-1.5445	0.0010407
4.5671	-1.5084	0.00060062
4.5671	-1.4362	0.0003486
4.5671	-1.4	0.0010638
4.5671	-1.3639	0.0010487
4.5671	-1.3277	0.0003118
4.5671	-1.2555	0.0008302
4.5671	-1.2193	0.0013874
4.5671	-1.1832	0.00086285
4.5671	-1.111	0.00032789
4.5671	-1.0749	0.0011607
4.5671	-1.0387	0.0012437
4.5671	-1.0026	0.0004641
4.5671	-0.93032	0.00041553
4.5671	-0.89419	0.00071014
4.5671	-0.85806	0.00057644
4.5671	-0.82193	0.0011693
4.5671	-0.7858	0.003115
4.5671	-0.74968	0.0047679
4.5671	-0.71355	0.0040767
4.5671	-0.67742	0.0016268
4.5671	-0.60516	0.00073887
4.5671	-0.56903	0.0018368
4.5671	-0.5329	0.0015406
4.5671	-0.49677	0.00039603
4.5671	-0.46064	0.00013731
4.5671	-0.42451	0.00092935
4.5671	-0.38838	0.0013452
4.5671	-0.35226	0.00073127
4.5671	-0.28	0.00028089
4.5671	-0.24387	0.00081742
4.5671	-0.20774	0.00075011
4.5671	-0.17162	0.0002156
4.5671	-0.099357	0.00037023
4.5671	-0.063226	0.00056791
4.5671	-0.027097	0.00031358
4.5671	0.081291	0.00032222
4.5671	0.11742	0.00029103
4.5671	0.26194	0.00013575
4.5671	0.44258	0.00021333
4.5671	0.47871	0.00066887
4.5671	0.51484	0.0012426
4.5671	0.55097	0.0014865
4.5671	0.5871	0.0011557
4.5671	0.62323	0.00052604
4.5671	0.76774	0.00013607
4.5908	-2.4116	0.00027104
4.5908	-2.3755	0.00054719
4.5908	-2.3393	0.0004165
4.5908	-2.2671	0.00060936
4.5908	-2.2309	0.0031208
4.5908	-2.1948	0.0068258
4.5908	-2.1587	0.0093059
4.5908	-2.1226	0.0087187
4.5908	-2.0865	0.0056538
4.5908	-2.0503	0.0023796
4.5908	-2.0142	0.00053068
4.5908	-1.7613	0.00013439
4.5908	-1.7251	0.00032108
4.5908	-1.689	0.00029431
4.5908	-1.5806	0.00054132
4.5908	-1.5445	0.00082267
4.5908	-1.5084	0.0004647
4.5908	-1.4362	0.00037753
4.5908	-1.4	0.0011017
4.5908	-1.3639	0.0010655
4.5908	-1.3277	0.00028611
4.5908	-1.2916	0.0001565
4.5908	-1.2555	0.0012027
4.5908	-1.2193	0.0019582
4.5908	-1.1832	0.001184
4.5908	-1.111	0.00077042
4.5908	-1.0749	0.0025945
4.5908	-1.0387	0.0028992
4.5908	-1.0026	0.0010799
4.5908	-0.96645	0.00021446
4.5908	-0.93032	0.0030426
4.5908	-0.89419	0.0077884
4.5908	-0.85806	0.0099473
4.5908	-0.82193	0.007697
4.5908	-0.7858	0.0036112
4.5908	-0.74968	0.00096962
4.5908	-0.71355	0.0002821
4.5908	-0.67742	0.00017609
4.5908	-0.60516	0.00020053
4.5908	-0.56903	0.00061142
4.5908	-0.5329	0.00059162
4.5908	-0.49677	0.00016454
4.5908	-0.42451	0.00061496
4.5908	-0.38838	0.00088042
4.5908	-0.35226	0.00046825
4.5908	-0.28	0.00029524
4.5908	-0.24387	0.00077733
4.5908	-0.20774	0.000695
4.5908	-0.17162	0.00018604
4.5908	-0.099357	0.00045134
4.5908	-0.063226	0.00067334
4.5908	-0.027097	0.00035821
4.5908	0.045162	0.00019806
4.5908	0.081291	0.00054657
4.5908	0.11742	0.00049951
4.5908	0.15355	0.00014324
4.5908	0.2258	0.00028913
4.5908	0.26194	0.0004643
4.5908	0.29807	0.00028266
4.5908	0.40645	0.00030727
4.5908	0.44258	0.00038894
4.5908	0.47871	0.00026122
4.5908	0.51484	0.00014261
4.5908	0.55097	0.00014988
4.5908	0.5871	0.00017029
4.6146	-2.4116	0.00036857
4.6146	-2.3755	0.00071189
4.6146	-2.3393	0.00050653
4.6146	-2.2671	0.0012609
4.6146	-2.2309	0.0060811
4.6146	-2.1948	0.013686
4.6146	-2.1587	0.019838
4.6146	-2.1226	0.020236
4.6146	-2.0865	0.014633
4.6146	-2.0503	0.0070433
4.6146	-2.0142	0.0018148
4.6146	-1.942	0.00020889
4.6146	-1.9058	0.00038125
4.6146	-1.8697	0.00021955
4.6146	-1.5806	0.00028299
4.6146	-1.5445	0.00045503
4.6146	-1.5084	0.00026575
4.6146	-1.4362	0.00030006
4.6146	-1.4	0.00086779
4.6146	-1.3639	0.00083485
4.6146	-1.3277	0.00020057
4.6146	-1.2916	0.00020382
4.6146	-1.2555	0.0013389
4.6146	-1.2193	0.0021135
4.6146	-1.1832	0.0012146
4.6146	-1.111	0.0012757
4.6146	-1.0749	0.0039796
4.6146	-1.0387	0.004366
4.6146	-1.0026	0.0014668
4.6146	-0.96645	0.00070651
4.6146	-0.93032	0.008341
4.6146	-0.89419	0.022711
4.6146	-0.85806	0.033977
4.6146	-0.82193	0.033732
4.6146	-0.7858	0.023169
4.6146	-0.74968	0.010635
4.6146	-0.71355	0.0028407
4.6146	-0.67742	0.00028142
4.6146	-0.42451	0.00023306
4.6146	-0.38838	0.00037013
4.6146	-0.35226	0.00021192
4.6146	-0.28	0.00022461
4.6146	-0.24387	0.00055697
4.6146	-0.20774	0.00049581
4.6146	-0.17162	0.00012481
4.6146	-0.099357	0.00043168
4.6146	-0.063226	0.00062663
4.6146	-0.027097	0.00031715
4.6146	0.045162	0.00026927
4.6146	0.081291	0.00069279
4.6146	0.11742	0.00061759
4.6146	0.15355	0.00015982
4.6146	0.2258	0.00053875
4.6146	0.26194	0.0008617
4.6146	0.29807	0.00052779
4.6146	0.37032	0.00031912
4.6146	0.40645	0.0013337
4.6146	0.44258	0.0022027
4.6146	0.47871	0.0021865
4.6146	0.51484	0.0014373
4.6146	0.55097	0.00062277
4.6146	0.5871	0.0001651
4.6146	1.7793	0.00012745
4.6146	1.8155	0.00014003
4.6385	-2.4116	0.00039325
4.6385	-2.3755	0.00072917
4.6385	-2.3393	0.00047683
4.6385	-2.2671	0.0019868
4.6385	-2.2309	0.0090134
4.6385	-2.1948	0.020432
4.6385	-2.1587	0.030467
4.6385	-2.1226	0.032289
4.6385	-2.0865	0.024366
4.6385	-2.0503	0.012193
4.6385	-2.0142	0.0031469
4.6385	-1.9781	0.00014069
4.6385	-1.942	0.00072571
4.6385	-1.9058	0.0013365
4.6385	-1.8697	0.00086391
4.6385	-1.8336	0.00019801
4.6385	-1.5445	0.00012463
4.6385	-1.4362	0.00014358
4.6385	-1.4	0.00046183
4.6385	-1.3639	0.00047002
4.6385	-1.2916	0.00018859
4.6385	-1.2555	0.0011235
4.6385	-1.2193	0.0017504
4.6385	-1.1832	0.00095501
4.6385	-1.111	0.0015925
4.6385	-1.0749	0.0046294
4.6385	-1.0387	0.0049024
4.6385	-1.0026	0.0014127
4.6385	-0.96645	0.0015531
4.6385	-0.93032	0.014943
4.6385	-0.89419	0.040733
4.6385	-0.85806	0.064191
4.6385	-0.82193	0.069053
4.6385	-0.7858	0.052773
4.6385	-0.74968	0.02782
4.6385	-0.71355	0.0088695
4.6385	-0.67742	0.001043
4.6385	-0.64129	0.00016997
4.6385	-0.60516	0.00065977
4.6385	-0.56903	0.00048966
4.6385	-0.5329	0.00014419
4.6385	-0.24387	0.00026167
4.6385	-0.20774	0.00024955
4.6385	-0.099357	0.00030903
4.6385	-0.063226	0.00044709
4.6385	-0.027097	0.00021666
4.6385	0.045162	0.00028388
4.6385	0.081291	0.00068585
4.6385	0.11742	0.00059073
4.6385	0.15355	0.00013253
4.6385	0.2258	0.00074367
4.6385	0.26194	0.0011476
4.6385	0.29807	0.00066915
4.6385	0.37032	0.00073186
4.6385	0.40645	0.0029131
4.6385	0.44258	0.0051334
4.6385	0.47871	0.0057246
4.6385	0.51484	0.004441
4.6385	0.55097	0.0024172
4.6385	0.5871	0.00086927
4.6385	0.62323	0.00016959
4.6385	1.7432	0.00013203
4.6385	1.7793	0.00022331
4.6385	1.8155	0.00025428
4.6385	1.8516	0.00020618
4.6623	-2.4116	0.0003125
4.6623	-2.3755	0.00056916
4.6623	-2.3393	0.00034075
4.6623	-2.2671	0.0024397
4.6623	-2.2309	0.010557
4.6623	-2.1948	0.024084
4.6623	-2.1587	0.036672
4.6623	-2.1226	0.039851
4.6623	-2.0865	0.030768
4.6623	-2.0503	0.015549
4.6623	-2.0142	0.0038366
4.6623	-1.9781	0.00016889
4.6623	-1.942	0.0015319
4.6623	-1.9058	0.0026449
4.6623	-1.8697	0.0016929
4.6623	-1.8336	0.00034206
4.6623	-1.7613	0.00041618
4.6623	-1.7251	0.00045025
4.6623	-1.689	0.00016414
4.6623	-1.3639	0.00014713
4.6623	-1.2555	0.00063031
4.6623	-1.2193	0.0010306
4.6623	-1.1832	0.00055093
4.6623	-1.111	0.0014817
4.6623	-1.0749	0.0041158
4.6623	-1.0387	0.0042184
4.6623	-1.0026	0.0010069
4.6623	-0.96645	0.0024636
4.6623	-0.93032	0.019976
4.6623	-0.89419	0.053948
4.6623	-0.85806	0.087246
4.6623	-0.82193	0.097682
4.6623	-0.7858	0.078289
4.6623	-0.74968	0.043404
4.6623	-0.71355	0.014402
4.6623	-0.67742	0.0016059
4.6623	-0.64129	0.00054281
4.6623	-0.60516	0.0020199
4.6623	-0.56903	0.0017132
4.6623	-0.5329	0.00054535
4.6623	-0.46064	0.00013883
4.6623	-0.42451	0.00016305
4.6623	-0.099357	0.00014091
4.6623	-0.063226	0.000219
4.6623	0.045162	0.0002227
4.6623	0.081291	0.00052004
4.6623	0.11742	0.00043647
4.6623	0.18968	0.00014831
4.6623	0.2258	0.000799
4.6623	0.26194	0.0011833
4.6623	0.29807	0.00064082
4.6623	0.37032	0.0011996
4.6623	0.40645	0.0044788
4.6623	0.44258	0.0080346
4.6623	0.47871	0.009375
4.6623	0.51484	0.0077372
4.6623	0.55097	0.0045403
4.6623	0.5871	0.0017762
4.6623	0.62323	0.00037107
4.6623	1.7432	0.00018548
4.6623	1.7793	0.00031455
4.6623	1.8155	0.00036401
4.6623	1.8516	0.00030141
4.6623	1.8878	0.00017542
4.6861	-2.4116	0.00015184
4.6861	-2.3755	0.0002942
4.6861	-2.3393	0.00016595
4.6861	-2.2671	0.0022439
4.6861	-2.2309	0.00954
4.6861	-2.1948	0.022245
4.6861	-2.1587	0.034889
4.6861	-2.1226	0.039007
4.6861	-2.0865	0.030765
4.6861	-2.0503	0.015582
4.6861	-2.0142	0.0035916
4.6861	-1.9781	0.00022593
4.6861	-1.942	0.0023768
4.6861	-1.9058	0.0038079
4.6861	-1.8697	0.0023346
4.6861	-1.8336	0.00039408
4.6861	-1.7974	0.00021143
4.6861	-1.7613	0.00101
4.6861	-1.7251	0.0010791
4.6861	-1.689	0.00039103
4.6861	-1.6167	0.0002492
4.6861	-1.5806	0.00040219
4.6861	-1.5445	0.0002057
4.6861	-1.2555	0.00014521
4.6861	-1.2193	0.00032269
4.6861	-1.1832	0.00019686
4.6861	-1.111	0.00091781
4.6861	-1.0749	0.002595
4.6861	-1.0387	0.002652
4.6861	-1.0026	0.00051764
4.6861	-0.96645	0.0028384
4.6861	-0.93032	0.020351
4.6861	-0.89419	0.05497
4.6861	-0.85806	0.091142
4.6861	-0.82193	0.10534
4.6861	-0.7858	0.087174
4.6861	-0.74968	0.049571
4.6861	-0.71355	0.016437
4.6861	-0.67742	0.0015925
4.6861	-0.64129	0.0011372
4.6861	-0.60516	0.0036561
4.6861	-0.56903	0.0031077
4.6861	-0.5329	0.00096672
4.6861	-0.46064	0.00045183
4.6861	-0.42451	0.00067756
4.6861	-0.38838	0.00035593
4.6861	0.081291	0.0002712
4.6861	0.11742	0.00023136
4.6861	0.18968	0.0001378
4.6861	0.2258	0.0006585
4.6861	0.26194	0.00094602
4.6861	0.29807	0.00047028
4.6861	0.37032	0.0015075
4.6861	0.40645	0.0053189
4.6861	0.44258	0.0096082
4.6861	0.47871	0.0115
4.6861	0.51484	0.0098077
4.6861	0.55097	0.0059554
4.6861	0.5871	0.0023918
4.6861	0.62323	0.00049104
4.6861	1.7432	0.00021752
4.6861	1.7793	0.00036875
4.6861	1.8155	0.00043081
4.6861	1.8516	0.00036065
4.6861	1.8878	0.00021091
4.71	-2.2671	0.0013095
4.71	-2.2309	0.0059005
4.71	-2.1948	0.014786
4.71	-2.1587	0.02474
4.71	-2.1226	0.029168
4.71	-2.0865	0.02389
4.71	-2.0503	0.012227
4.71	-2.0142	0.0026065
4.71	-1.9781	0.00031598
4.71	-1.942	0.0028586
4.71	-1.9058	0.0042817
4.71	-1.8697	0.0024885
4.71	-1.8336	0.00033706
4.71	-1.7974	0.00042944
4.71	-1.7613	0.0016596
4.71	-1.7251	0.0016888
4.71	-1.689	0.00056153
4.71	-1.6167	0.00065949
4.71	-1.5806	0.0010893
4.71	-1.5445	0.00063166
4.71	-1.4723	0.00016766
4.71	-1.4362	0.00048714
4.71	-1.4	0.00040641
4.71	-1.111	0.00023732
4.71	-1.0749	0.00086688
4.71	-1.0387	0.0010023
4.71	-1.0026	0.00017221
4.71	-0.96645	0.0021792
4.71	-0.93032	0.014861
4.71	-0.89419	0.041523
4.71	-0.85806	0.072038
4.71	-0.82193	0.086989
4.71	-0.7858	0.074705
4.71	-0.74968	0.043482
4.71	-0.71355	0.01422
4.71	-0.67742	0.0011344
4.71	-0.64129	0.0017345
4.71	-0.60516	0.0048054
4.71	-0.56903	0.0039518
4.71	-0.5329	0.0011361
4.71	-0.46064	0.00091614
4.71	-0.42451	0.001375
4.71	-0.38838	0.00075441
4.71	-0.28	0.00032422
4.71	-0.24387	0.00026212
4.71	0.2258	0.00037762
4.71	0.26194	0.00054711
4.71	0.29807	0.00025061
4.71	0.37032	0.0014522
4.71	0.40645	0.0049392
4.71	0.44258	0.0090364
4.71	0.47871	0.011089
4.71	0.51484	0.0097169
4.71	0.55097	0.0060377
4.71	0.5871	0.0024439
4.71	0.62323	0.00047677
4.71	0.69549	0.00012658
4.71	0.73162	0.0001675
4.71	1.7432	0.0002125
4.71	1.7793	0.00036167
4.71	1.8155	0.000427
4.71	1.8516	0.00036079
4.71	1.8878	0.00021101
4.7337	-2.2671	0.00023238
4.7337	-2.2309	0.0015478
4.7337	-2.1948	0.0051439
4.7337	-2.1587	0.010506
4.7337	-2.1226	0.014287
4.7337	-2.0865	0.01292
4.7337	-2.0503	0.0069605
4.7337	-2.0142	0.0013901
4.7337	-1.9781	0.0003609
4.7337	-1.942	0.0026311
4.7337	-1.9058	0.0037618
4.7337	-1.8697	0.0020793
4.7337	-1.8336	0.00022013
4.7337	-1.7974	0.0006312
4.7337	-1.7613	0.0020639
4.7337	-1.7251	0.0019822
4.7337	-1.689	0.0005789
4.7337	-1.6529	0.00013218
4.7337	-1.6167	0.0011989
4.7337	-1.5806	0.0018979
4.7337	-1.5445	0.0011019
4.7337	-1.5084	0.00012403
4.7337	-1.4723	0.0003908
4.7337	-1.4362	0.0012076
4.7337	-1.4	0.001134
4.7337	-1.3639	0.00033396
4.7337	-1.2916	0.00047963
4.7337	-1.2555	0.00069379
4.7337	-1.2193	0.00034475
4.7337	-0.96645	0.00076503
4.7337	-0.93032	0.0060461
4.7337	-0.89419	0.019551
4.7337	-0.85806	0.03818
4.7337	-0.82193	0.050617
4.7337	-0.7858	0.046661
4.7337	-0.74968	0.028399
4.7337	-0.71355	0.0092179
4.7337	-0.67742	0.00059169
4.7337	-0.64129	0.0019748
4.7337	-0.60516	0.0048237
4.7337	-0.56903	0.0038069
4.7337	-0.5329	0.00097685
4.7337	-0.49677	0.00016913
4.7337	-0.46064	0.0013564
4.7337	-0.42451	0.0019388
4.7337	-0.38838	0.0010358
4.7337	-0.31613	0.00023174
4.7337	-0.28	0.00070443
4.7337	-0.24387	0.00062201
4.7337	-0.20774	0.00018118
4.7337	-0.13549	0.00018412
4.7337	-0.099357	0.00024923
4.7337	0.26194	0.00017807
4.7337	0.37032	0.0009949
4.7337	0.40645	0.0034
4.7337	0.44258	0.0064631
4.7337	0.47871	0.008272
4.7337	0.51484	0.0075286
4.7337	0.55097	0.0048122
4.7337	0.5871	0.0019612
4.7337	0.62323	0.00035795
4.7337	0.69549	0.00015827
4.7337	0.73162	0.00019467
4.7337	1.7432	0.00016762
4.7337	1.7793	0.00029036
4.7337	1.8155	0.00034968
4.7337	1.8516	0.00029997
4.7337	1.8878	0.00017586
4.7576	-2.4478	0.00030101
4.7576	-2.4116	0.00058474
4.7576	-2.3755	0.0004219
4.7576	-2.3033	0.00014351
4.7576	-2.2671	0.00059499
4.7576	-2.2309	0.00071222
4.7576	-2.1948	0.00051034
4.7576	-2.1587	0.00098146
4.7576	-2.1226	0.0023671
4.7576	-2.0865	0.0031893
4.7576	-2.0503	0.0021751
4.7576	-2.0142	0.00045293
4.7576	-1.9781	0.00026262
4.7576	-1.942	0.0016745
4.7576	-1.9058	0.0024046
4.7576	-1.8697	0.0012978
4.7576	-1.7974	0.00067986
4.7576	-1.7613	0.0019675
4.7576	-1.7251	0.001789
4.7576	-1.689	0.00044113
4.7576	-1.6529	0.00024061
4.7576	-1.6167	0.0016702
4.7576	-1.5806	0.0024976
4.7576	-1.5445	0.0013971
4.7576	-1.5084	0.00013506
4.7576	-1.4723	0.00069377
4.7576	-1.4362	0.0020625
4.7576	-1.4	0.0019561
4.7576	-1.3639	0.00056175
4.7576	-1.3277	0.00014382
4.7576	-1.2916	0.0012875
4.7576	-1.2555	0.0020375
4.7576	-1.2193	0.0011862
4.7576	-1.1832	0.0001263
4.7576	-1.1471	0.00037937
4.7576	-1.111	0.0011925
4.7576	-1.0749	0.0010883
4.7576	-1.0387	0.00031809
4.7576	-0.96645	0.00016136
4.7576	-0.93032	0.0004874
4.7576	-0.89419	0.0026159
4.7576	-0.85806	0.0082353
4.7576	-0.82193	0.014946
4.7576	-0.7858	0.016976
4.7576	-0.74968	0.011803
4.7576	-0.71355	0.0040002
4.7576	-0.67742	0.00022401
4.7576	-0.64129	0.0016057
4.7576	-0.60516	0.0035994
4.7576	-0.56903	0.0027508
4.7576	-0.5329	0.00061141
4.7576	-0.49677	0.00024179
4.7576	-0.46064	0.0015452
4.7576	-0.42451	0.0020853
4.7576	-0.38838	0.0010582
4.7576	-0.31613	0.00038351
4.7576	-0.28	0.0010723
4.7576	-0.24387	0.00094766
4.7576	-0.20774	0.00027272
4.7576	-0.13549	0.00037769
4.7576	-0.099357	0.00055566
4.7576	-0.063226	0.00029711
4.7576	0.045162	0.00019336
4.7576	0.081291	0.00015834
4.7576	0.37032	0.00036569
4.7576	0.40645	0.0014218
4.7576	0.44258	0.0030526
4.7576	0.47871	0.0043186
4.7576	0.51484	0.0042542
4.7576	0.55097	0.0028798
4.7576	0.5871	0.0012041
4.7576	0.62323	0.00020578
4.7576	0.69549	0.00015192
4.7576	0.73162	0.00017613
4.7576	1.7793	0.00017836
4.7576	1.8155	0.00022478
4.7576	1.8516	0.00019947
4.7813	-2.4478	0.0008493
4.7813	-2.4116	0.0016454
4.7813	-2.3755	0.0012109
4.7813	-2.3393	0.000154
4.7813	-2.3033	0.0010117
4.7813	-2.2671	0.0049537
4.7813	-2.2309	0.0094082
4.7813	-2.1948	0.010477
4.7813	-2.1587	0.007407
4.7813	-2.1226	0.0031888
4.7813	-2.0865	0.00074466
4.7813	-2.0503	0.00014624
4.7813	-1.942	0.00049408
4.7813	-1.9058	0.00085881
4.7813	-1.8697	0.00050695
4.7813	-1.7974	0.00048991
4.7813	-1.7613	0.0013397
4.7813	-1.7251	0.0011767
4.7813	-1.689	0.00023372
4.7813	-1.6529	0.00033909
4.7813	-1.6167	0.0018277
4.7813	-1.5806	0.0025905
4.7813	-1.5445	0.0013802
4.7813	-1.4723	0.00097164
4.7813	-1.4362	0.0027148
4.7813	-1.4	0.0025153
4.7813	-1.3639	0.00065691
4.7813	-1.3277	0.00031138
4.7813	-1.2916	0.0023651
4.7813	-1.2555	0.0037119
4.7813	-1.2193	0.0021682
4.7813	-1.1832	0.0002062
4.7813	-1.1471	0.0011744
4.7813	-1.111	0.0038152
4.7813	-1.0749	0.0040329
4.7813	-1.0387	0.0014213
4.7813	-1.0026	0.00022883
4.7813	-0.96645	0.003009
4.7813	-0.93032	0.0066615
4.7813	-0.89419	0.0068324
4.7813	-0.85806	0.0038308
4.7813	-0.82193	0.0014512
4.7813	-0.7858	0.0013281
4.7813	-0.74968	0.0015729
4.7813	-0.71355	0.00074154
4.7813	-0.64129	0.00076559
4.7813	-0.60516	0.0017236
4.7813	-0.56903	0.0013318
4.7813	-0.5329	0.00024859
4.7813	-0.49677	0.00026543
4.7813	-0.46064	0.0013393
4.7813	-0.42451	0.0017236
4.7813	-0.38838	0.00082589
4.7813	-0.31613	0.00049018
4.7813	-0.28	0.0012499
4.7813	-0.24387	0.0010802
4.7813	-0.20774	0.00029162
4.7813	-0.13549	0.00057199
4.7813	-0.099357	0.000841
4.7813	-0.063226	0.00045019
4.7813	0.0090325	0.00016614
4.7813	0.045162	0.00048105
4.7813	0.081291	0.00043508
4.7813	0.11742	0.00012934
4.7813	0.18968	0.00014428
4.7813	0.2258	0.00021408
4.7813	0.40645	0.00014592
4.7813	0.44258	0.00053245
4.7813	0.47871	0.0010836
4.7813	0.51484	0.0013627
4.7813	0.55097	0.0010883
4.7813	0.5871	0.00050228
4.7813	0.73162	0.00012155
4.8053	-2.4839	0.00023545
4.8053	-2.4478	0.0017912
4.8053	-2.4116	0.0032979
4.8053	-2.3755	0.0022901
4.8053	-2.3393	0.00023967
4.8053	-2.3033	0.0034749
4.8053	-2.2671	0.016363
4.8053	-2.2309	0.033926
4.8053	-2.1948	0.044292
4.8053	-2.1587	0.03994
4.8053	-2.1226	0.024964
4.8053	-2.0865	0.010061
4.8053	-2.0503	0.0020675
4.8053	-1.7974	0.00015682
4.8053	-1.7613	0.00048971
4.8053	-1.7251	0.00045186
4.8053	-1.6529	0.00034865
4.8053	-1.6167	0.0015172
4.8053	-1.5806	0.0020785
4.8053	-1.5445	0.0010644
4.8053	-1.4723	0.0010673
4.8053	-1.4362	0.0028242
4.8053	-1.4	0.0025384
4.8053	-1.3639	0.0005812
4.8053	-1.3277	0.00052301
4.8053	-1.2916	0.0033329
4.8053	-1.2555	0.0050523
4.8053	-1.2193	0.0028206
4.8053	-1.1832	0.0002322
4.8053	-1.1471	0.0024488
4.8053	-1.111	0.0074956
4.8053	-1.0749	0.0079855
4.8053	-1.0387	0.0026772
4.8053	-1.0026	0.00097886
4.8053	-0.96645	0.011798
4.8053	-0.93032	0.03066
4.8053	-0.89419	0.042827
4.8053	-0.85806	0.039005
4.8053	-0.82193	0.024055
4.8053	-0.7858	0.0096366
4.8053	-0.74968	0.0021859
4.8053	-0.71355	0.0002022
4.8053	-0.60516	0.00027849
4.8053	-0.56903	0.00027138
4.8053	-0.49677	0.00019251
4.8053	-0.46064	0.00080256
4.8053	-0.42451	0.0010216
4.8053	-0.38838	0.00047041
4.8053	-0.31613	0.00047506
4.8053	-0.28	0.0011274
4.8053	-0.24387	0.00095542
4.8053	-0.20774	0.00023792
4.8053	-0.13549	0.00067278
4.8053	-0.099357	0.00096772
4.8053	-0.063226	0.00050054
4.8053	0.0090325	0.00028909
4.8053	0.045162	0.0007858
4.8053	0.081291	0.0007119
4.8053	0.11742	0.0002014
4.8053	0.18968	0.00041402
4.8053	0.2258	0.00066586
4.8053	0.26194	0.00040621
4.8053	0.37032	0.00046939
4.8053	0.40645	0.00060399
4.8053	0.44258	0.0003925
4.8053	0.47871	0.00014536
4.8053	0.55097	0.00012434
4.8291	-2.4839	0.00050495
4.8291	-2.4478	0.00313
4.8291	-2.4116	0.0053839
4.8291	-2.3755	0.0034021
4.8291	-2.3393	0.00036748
4.8291	-2.3033	0.0085572
4.8291	-2.2671	0.037457
4.8291	-2.2309	0.078674
4.8291	-2.1948	0.10748
4.8291	-2.1587	0.1038
4.8291	-2.1226	0.0711
4.8291	-2.0865	0.032214
4.8291	-2.0503	0.0075701
4.8291	-2.0142	0.00031876
4.8291	-1.9781	0.0011371
4.8291	-1.942	0.0017811
4.8291	-1.9058	0.00088352
4.8291	-1.8697	0.00012779
4.8291	-1.6529	0.00022444
4.8291	-1.6167	0.00082537
4.8291	-1.5806	0.0011605
4.8291	-1.5445	0.00060353
4.8291	-1.4723	0.00086391
4.8291	-1.4362	0.0022456
4.8291	-1.4	0.0019868
4.8291	-1.3639	0.00039267
4.8291	-1.3277	0.00067408
4.8291	-1.2916	0.0036997
4.8291	-1.2555	0.0054058
4.8291	-1.2193	0.0028273
4.8291	-1.1832	0.0002398
4.8291	-1.1471	0.0038682
4.8291	-1.111	0.010968
4.8291	-1.0749	0.011323
4.8291	-1.0387	0.0033358
4.8291	-1.0026	0.0027003
4.8291	-0.96645	0.026925
4.8291	-0.93032	0.071453
4.8291	-0.89419	0.1082
4.8291	-0.85806	0.1113
4.8291	-0.82193	0.081211
4.8291	-0.7858	0.041001
4.8291	-0.74968	0.012759
4.8291	-0.71355	0.0016335
4.8291	-0.64129	0.0004544
4.8291	-0.60516	0.00031378
4.8291	-0.46064	0.00023043
4.8291	-0.42451	0.00033458
4.8291	-0.38838	0.00016404
4.8291	-0.31613	0.00031866
4.8291	-0.28	0.00074149
4.8291	-0.24387	0.00063636
4.8291	-0.20774	0.00014893
4.8291	-0.13549	0.00061015
4.8291	-0.099357	0.00086506
4.8291	-0.063226	0.00042917
4.8291	0.0090325	0.00037988
4.8291	0.045162	0.00096409
4.8291	0.081291	0.00085141
4.8291	0.11742	0.00021601
4.8291	0.18968	0.00074995
4.8291	0.2258	0.0011891
4.8291	0.26194	0.00071878
4.8291	0.3342	0.00046454
4.8291	0.37032	0.0019026
4.8291	0.40645	0.0031275
4.8291	0.44258	0.0031018
4.8291	0.47871	0.0020363
4.8291	0.51484	0.00087354
4.8291	0.55097	0.00022042
4.8528	-2.4839	0.00091959
4.8528	-2.4478	0.004751
4.8528	-2.4116	0.0075754
4.8528	-2.3755	0.0042431
4.8528	-2.3393	0.00071173
4.8528	-2.3033	0.017106
4.8528	-2.2671	0.069296
4.8528	-2.2309	0.144
4.8528	-2.1948	0.19894
4.8528	-2.1587	0.19642
4.8528	-2.1226	0.1383
4.8528	-2.0865	0.064213
4.8528	-2.0503	0.01491
4.8528	-2.0142	0.00058849
4.8528	-1.9781	0.0040694
4.8528	-1.942	0.006546
4.8528	-1.9058	0.003725
4.8528	-1.8697	0.00062432
4.8528	-1.8336	0.00017004
4.8528	-1.7974	0.00077769
4.8528	-1.7613	0.0007371
4.8528	-1.7251	0.00029297
4.8528	-1.6167	0.000158
4.8528	-1.5806	0.00030141
4.8528	-1.5445	0.00020921
4.8528	-1.4723	0.00041828
4.8528	-1.4362	0.0011885
4.8528	-1.4	0.0011015
4.8528	-1.3639	0.00019356
4.8528	-1.3277	0.00062752
4.8528	-1.2916	0.0031313
4.8528	-1.2555	0.0044885
4.8528	-1.2193	0.0021922
4.8528	-1.1832	0.00026842
4.8528	-1.1471	0.0047732
4.8528	-1.111	0.012614
4.8528	-1.0749	0.012461
4.8528	-1.0387	0.0030685
4.8528	-1.0026	0.005427
4.8528	-0.96645	0.045019
4.8528	-0.93032	0.11829
4.8528	-0.89419	0.18458
4.8528	-0.85806	0.19923
4.8528	-0.82193	0.15442
4.8528	-0.7858	0.083526
4.8528	-0.74968	0.027756
4.8528	-0.71355	0.0034984
4.8528	-0.67742	0.00054748
4.8528	-0.64129	0.0025306
4.8528	-0.60516	0.0022632
4.8528	-0.56903	0.00080303
4.8528	-0.28	0.00028414
4.8528	-0.24387	0.00027857
4.8528	-0.13549	0.00039372
4.8528	-0.099357	0.00057441
4.8528	-0.063226	0.00027924
4.8528	0.0090325	0.00037801
4.8528	0.045162	0.00091253
4.8528	0.081291	0.00078405
4.8528	0.11742	0.00017297
4.8528	0.15355	0.00016009
4.8528	0.18968	0.0010044
4.8528	0.2258	0.0015361
4.8528	0.26194	0.00088026
4.8528	0.3342	0.0010345
4.8528	0.37032	0.0040213
4.8528	0.40645	0.0070091
4.8528	0.44258	0.0077452
4.8528	0.47871	0.0059423
4.8528	0.51484	0.0031777
4.8528	0.55097	0.0011027
4.8528	0.5871	0.00019525
4.8766	-2.4839	0.0014599
4.8766	-2.4478	0.0064221
4.8766	-2.4116	0.0094491
4.8766	-2.3755	0.0045738
4.8766	-2.3393	0.0015375
4.8766	-2.3033	0.029345
4.8766	-2.2671	0.11038
4.8766	-2.2309	0.22484
4.8766	-2.1948	0.3097
4.8766	-2.1587	0.30681
4.8766	-2.1226	0.21671
4.8766	-2.0865	0.099765
4.8766	-2.0503	0.021698
4.8766	-2.0142	0.0010248
4.8766	-1.9781	0.0097199
4.8766	-1.942	0.014723
4.8766	-1.9058	0.0083115
4.8766	-1.8697	0.0012666
4.8766	-1.8336	0.000709
4.8766	-1.7974	0.0030476
4.8766	-1.7613	0.0031633
4.8766	-1.7251	0.0013204
4.8766	-1.689	0.00014121
4.8766	-1.6167	0.00018291
4.8766	-1.4362	0.00024383
4.8766	-1.4	0.00031065
4.8766	-1.3277	0.00034211
4.8766	-1.2916	0.0017599
4.8766	-1.2555	0.002631
4.8766	-1.2193	0.0012329
4.8766	-1.1832	0.0002852
4.8766	-1.1471	0.0044788
4.8766	-1.111	0.011285
4.8766	-1.0749	0.010698
4.8766	-1.0387	0.0021205
4.8766	-1.0026	0.0082717
4.8766	-0.96645	0.058892
4.8766	-0.93032	0.15268
4.8766	-0.89419	0.24222
4.8766	-0.85806	0.26864
4.8766	-0.82193	0.21465
4.8766	-0.7858	0.11928
4.8766	-0.74968	0.039855
4.8766	-0.71355	0.0044721
4.8766	-0.67742	0.0016101
4.8766	-0.64129	0.0061973
4.8766	-0.60516	0.0056185
4.8766	-0.56903	0.0020088
4.8766	-0.5329	0.0001329
4.8766	-0.49677	0.00027558
4.8766	-0.46064	0.00052597
4.8766	-0.42451	0.00028028
4.8766	-0.13549	0.00013521
4.8766	-0.099357	0.00023755
4.8766	-0.063226	0.00012504
4.8766	0.0090325	0.00026372
4.8766	0.045162	0.00063711
4.8766	0.081291	0.00054489
4.8766	0.15355	0.00019015
4.8766	0.18968	0.0010294
4.8766	0.2258	0.0015221
4.8766	0.26194	0.00081231
4.8766	0.3342	0.0016392
4.8766	0.37032	0.0060036
4.8766	0.40645	0.010661
4.8766	0.44258	0.01232
4.8766	0.47871	0.01004
4.8766	0.51484	0.0057772
4.8766	0.55097	0.0021786
4.8766	0.5871	0.00041471
4.8766	1.7071	0.00014274
4.8766	1.7432	0.00022474
4.8766	1.7793	0.00023986
4.8766	1.8155	0.00018082
4.9004	-2.4839	0.0020548
4.9004	-2.4478	0.0078379
4.9004	-2.4116	0.010605
4.9004	-2.3755	0.0043119
4.9004	-2.3393	0.0030854
4.9004	-2.3033	0.044497
4.9004	-2.2671	0.15625
4.9004	-2.2309	0.3108
4.9004	-2.1948	0.42386
4.9004	-2.1587	0.41746
4.9004	-2.1226	0.29224
4.9004	-2.0865	0.13115
4.9004	-2.0503	0.025836
4.9004	-2.0142	0.0020593
4.9004	-1.9781	0.018336
4.9004	-1.942	0.02561
4.9004	-1.9058	0.013714
4.9004	-1.8697	0.0017346
4.9004	-1.8336	0.0020058
4.9004	-1.7974	0.0073639
4.9004	-1.7613	0.0074481
4.9004	-1.7251	0.0029128
4.9004	-1.689	0.00019981
4.9004	-1.6529	0.00086301
4.9004	-1.6167	0.0016262
4.9004	-1.5806	0.00089853
4.9004	-1.5445	0.00013644
4.9004	-1.5084	0.00024907
4.9004	-1.4723	0.00044108
4.9004	-1.4362	0.00022894
4.9004	-1.2916	0.00037273
4.9004	-1.2555	0.00076323
4.9004	-1.2193	0.00040073
4.9004	-1.1832	0.0002018
4.9004	-1.1471	0.0028189
4.9004	-1.111	0.0071842
4.9004	-1.0749	0.0067254
4.9004	-1.0387	0.0010668
4.9004	-1.0026	0.0094407
4.9004	-0.96645	0.060171
4.9004	-0.93032	0.15571
4.9004	-0.89419	0.25205
4.9004	-0.85806	0.28672
4.9004	-0.82193	0.23461
4.9004	-0.7858	0.13228
4.9004	-0.74968	0.04349
4.9004	-0.71355	0.0041101
4.9004	-0.67742	0.0032391
4.9004	-0.64129	0.010355
4.9004	-0.60516	0.0090673
4.9004	-0.56903	0.0030495
4.9004	-0.5329	0.00015391
4.9004	-0.49677	0.00095438
4.9004	-0.46064	0.0017039
4.9004	-0.42451	0.00098361
4.9004	-0.38838	0.00014839
4.9004	-0.31613	0.00024385
4.9004	-0.28	0.00016908
4.9004	0.045162	0.00027249
4.9004	0.081291	0.00025383
4.9004	0.15355	0.00015491
4.9004	0.18968	0.0007752
4.9004	0.2258	0.0011352
4.9004	0.26194	0.00056376
4.9004	0.3342	0.0019561
4.9004	0.37032	0.0068402
4.9004	0.40645	0.012298
4.9004	0.44258	0.01463
4.9004	0.47871	0.012348
4.9004	0.51484	0.0073624
4.9004	0.55097	0.0028521
4.9004	0.5871	0.00053235
4.9004	0.65936	0.00012365
4.9004	0.69549	0.00015417
4.9004	1.7071	0.00019417
4.9004	1.7432	0.00031277
4.9004	1.7793	0.00034652
4.9004	1.8155	0.00027335
4.9004	1.8516	0.00014896
4.9242	-2.4839	0.0025914
4.9242	-2.4478	0.0087002
4.9242	-2.4116	0.010787
4.9242	-2.3755	0.0035615
4.9242	-2.3393	0.0054164
4.9242	-2.3033	0.060647
4.9242	-2.2671	0.19999
4.9242	-2.2309	0.38793
4.9242	-2.1948	0.52198
4.9242	-2.1587	0.50847
4.9242	-2.1226	0.3503
4.9242	-2.0865	0.15156
4.9242	-2.0503	0.026262
4.9242	-2.0142	0.0042056
4.9242	-1.9781	0.029284
4.9242	-1.942	0.037516
4.9242	-1.9058	0.018643
4.9242	-1.8697	0.0018461
4.9242	-1.8336	0.0044158
4.9242	-1.7974	0.013755
4.9242	-1.7613	0.013122
4.9242	-1.7251	0.0046121
4.9242	-1.689	0.00029489
4.9242	-1.6529	0.0028378
4.9242	-1.6167	0.004982
4.9242	-1.5806	0.0028868
4.9242	-1.5445	0.00040073
4.9242	-1.5084	0.00088829
4.9242	-1.4723	0.0023058
4.9242	-1.4362	0.0018869
4.9242	-1.4	0.00048398
4.9242	-1.3277	0.00035802
4.9242	-1.2916	0.00033537
4.9242	-1.1471	0.00071806
4.9242	-1.111	0.002333
4.9242	-1.0749	0.002454
4.9242	-1.0387	0.00035897
4.9242	-1.0026	0.0073039
4.9242	-0.96645	0.04455
4.9242	-0.93032	0.1192
4.9242	-0.89419	0.20154
4.9242	-0.85806	0.23885
4.9242	-0.82193	0.20203
4.9242	-0.7858	0.11599
4.9242	-0.74968	0.037316
4.9242	-0.71355	0.0028568
4.9242	-0.67742	0.0048577
4.9242	-0.64129	0.013246
4.9242	-0.60516	0.011076
4.9242	-0.56903	0.0034072
4.9242	-0.5329	0.00018754
4.9242	-0.49677	0.0019465
4.9242	-0.46064	0.0031802
4.9242	-0.42451	0.0017871
4.9242	-0.38838	0.00022478
4.9242	-0.35226	0.00027292
4.9242	-0.31613	0.0008813
4.9242	-0.28	0.00074993
4.9242	-0.24387	0.00020163
4.9242	-0.17162	0.00017041
4.9242	-0.13549	0.00018964
4.9242	0.18968	0.00035789
4.9242	0.2258	0.00056367
4.9242	0.26194	0.00026993
4.9242	0.3342	0.0017136
4.9242	0.37032	0.0058986
4.9242	0.40645	0.010881
4.9242	0.44258	0.013392
4.9242	0.47871	0.011691
4.9242	0.51484	0.007166
4.9242	0.55097	0.0028041
4.9242	0.5871	0.00049429
4.9242	0.65936	0.00019167
4.9242	0.69549	0.00022644
4.9242	1.7071	0.00020691
4.9242	1.7432	0.00033909
4.9242	1.7793	0.00038547
4.9242	1.8155	0.0003124
4.9242	1.8516	0.00017388
4.9482	-2.4839	0.0029435
4.9482	-2.4478	0.0088067
4.9482	-2.4116	0.0099671
4.9482	-2.3755	0.0025677
4.9482	-2.3393	0.0082905
4.9482	-2.3033	0.075009
4.9482	-2.2671	0.23364
4.9482	-2.2309	0.44203
4.9482	-2.1948	0.5858
4.9482	-2.1587	0.56272
4.9482	-2.1226	0.37976
4.9482	-2.0865	0.15705
4.9482	-2.0503	0.023206
4.9482	-2.0142	0.0077257
4.9482	-1.9781	0.041008
4.9482	-1.942	0.048174
4.9482	-1.9058	0.021879
4.9482	-1.8697	0.0016518
4.9482	-1.8336	0.0080852
4.9482	-1.7974	0.021608
4.9482	-1.7613	0.019183
4.9482	-1.7251	0.0058916
4.9482	-1.689	0.0006095
4.9482	-1.6529	0.0063959
4.9482	-1.6167	0.010249
4.9482	-1.5806	0.0057113
4.9482	-1.5445	0.0006904
4.9482	-1.5084	0.0023403
4.9482	-1.4723	0.006302
4.9482	-1.4362	0.0055522
4.9482	-1.4	0.0015453
4.9482	-1.3639	0.00025763
4.9482	-1.3277	0.0022537
4.9482	-1.2916	0.0032014
4.9482	-1.2555	0.0016228
4.9482	-1.2193	0.00016181
4.9482	-1.1832	0.00021771
4.9482	-1.1471	0.00045781
4.9482	-1.111	0.00026147
4.9482	-1.0749	0.00018409
4.9482	-1.0026	0.0025549
4.9482	-0.96645	0.018067
4.9482	-0.93032	0.056357
4.9482	-0.89419	0.10785
4.9482	-0.85806	0.14079
4.9482	-0.82193	0.12802
4.9482	-0.7858	0.076852
4.9482	-0.74968	0.024506
4.9482	-0.71355	0.0015106
4.9482	-0.67742	0.0055107
4.9482	-0.64129	0.013285
4.9482	-0.60516	0.010646
4.9482	-0.56903	0.0029509
4.9482	-0.5329	0.00028195
4.9482	-0.49677	0.0028739
4.9482	-0.46064	0.0043112
4.9482	-0.42451	0.0022791
4.9482	-0.38838	0.00022146
4.9482	-0.35226	0.00062864
4.9482	-0.31613	0.0018147
4.9482	-0.28	0.0015732
4.9482	-0.24387	0.00044157
4.9482	-0.17162	0.00051166
4.9482	-0.13549	0.00070566
4.9482	-0.099357	0.0003427
4.9482	0.0090325	0.00016024
4.9482	0.3342	0.00094553
4.9482	0.37032	0.0034587
4.9482	0.40645	0.0068644
4.9482	0.44258	0.0090245
4.9482	0.47871	0.0083232
4.9482	0.51484	0.0053105
4.9482	0.55097	0.0021057
4.9482	0.5871	0.00034406
4.9482	0.65936	0.00022395
4.9482	0.69549	0.00024882
4.9482	1.7071	0.0001709
4.9482	1.7432	0.00028796
4.9482	1.7793	0.00033753
4.9482	1.8155	0.00028104
4.9482	1.8516	0.00015891
4.9719	-2.4839	0.0030131
4.9719	-2.4478	0.0081187
4.9719	-2.4116	0.0083469
4.9719	-2.3755	0.0016147
4.9719	-2.3393	0.011157
4.9719	-2.3033	0.084564
4.9719	-2.2671	0.25025
4.9719	-2.2309	0.46228
4.9719	-2.1948	0.60308
4.9719	-2.1587	0.57032
4.9719	-2.1226	0.3758
4.9719	-2.0865	0.14741
4.9719	-2.0503	0.017936
4.9719	-2.0142	0.012359
4.9719	-1.9781	0.051358
4.9719	-1.942	0.055384
4.9719	-1.9058	0.022681
4.9719	-1.8697	0.0014024
4.9719	-1.8336	0.012783
4.9719	-1.7974	0.029717
4.9719	-1.7613	0.024371
4.9719	-1.7251	0.0063663
4.9719	-1.689	0.0013968
4.9719	-1.6529	0.011522
4.9719	-1.6167	0.016813
4.9719	-1.5806	0.0087178
4.9719	-1.5445	0.00091079
4.9719	-1.5084	0.0049605
4.9719	-1.4723	0.012624
4.9719	-1.4362	0.01093
4.9719	-1.4	0.0028294
4.9719	-1.3639	0.00088201
4.9719	-1.3277	0.0068099
4.9719	-1.2916	0.010113
4.9719	-1.2555	0.00562
4.9719	-1.2193	0.00057237
4.9719	-1.1832	0.0017458
4.9719	-1.1471	0.0053559
4.9719	-1.111	0.0048779
4.9719	-1.0749	0.0014716
4.9719	-1.0026	0.00076496
4.9719	-0.96645	0.0015827
4.9719	-0.93032	0.0067379
4.9719	-0.89419	0.021742
4.9719	-0.85806	0.040402
4.9719	-0.82193	0.046362
4.9719	-0.7858	0.032291
4.9719	-0.74968	0.010891
4.9719	-0.71355	0.00060153
4.9719	-0.67742	0.004467
4.9719	-0.64129	0.010033
4.9719	-0.60516	0.0078679
4.9719	-0.56903	0.00196
4.9719	-0.5329	0.00039902
4.9719	-0.49677	0.0032297
4.9719	-0.46064	0.0045032
4.9719	-0.42451	0.0022039
4.9719	-0.38838	0.00016258
4.9719	-0.35226	0.0010687
4.9719	-0.31613	0.0027229
4.9719	-0.28	0.0022975
4.9719	-0.24387	0.00061144
4.9719	-0.20774	0.00012994
4.9719	-0.17162	0.0010097
4.9719	-0.13549	0.0014316
4.9719	-0.099357	0.00073166
4.9719	-0.027097	0.00023469
4.9719	0.0090325	0.00063479
4.9719	0.045162	0.00052479
4.9719	0.081291	0.0001374
4.9719	0.15355	0.00012375
4.9719	0.18968	0.00013924
4.9719	0.3342	0.00016481
4.9719	0.37032	0.00089076
4.9719	0.40645	0.0023122
4.9719	0.44258	0.0036717
4.9719	0.47871	0.0038792
4.9719	0.51484	0.00272
4.9719	0.55097	0.0011305
4.9719	0.5871	0.00017141
4.9719	0.65936	0.00019744
4.9719	0.69549	0.00020856
4.9719	1.7432	0.0001799
4.9719	1.7793	0.00022338
4.9719	1.8155	0.00019468
4.9957	-2.4839	0.0027674
4.9957	-2.4478	0.0067777
4.9957	-2.4116	0.0062932
4.9957	-2.3755	0.00091468
4.9957	-2.3393	0.013285
4.9957	-2.3033	0.086942
4.9957	-2.2671	0.24586
4.9957	-2.2309	0.44427
4.9957	-2.1948	0.57077
4.9957	-2.1587	0.53103
4.9957	-2.1226	0.34086
4.9957	-2.0865	0.12588
4.9957	-2.0503	0.012128
4.9957	-2.0142	0.017275
4.9957	-1.9781	0.058174
4.9957	-1.942	0.057666
4.9957	-1.9058	0.020997
4.9957	-1.8697	0.0014057
4.9957	-1.8336	0.017851
4.9957	-1.7974	0.036564
4.9957	-1.7613	0.027554
4.9957	-1.7251	0.0059388
4.9957	-1.689	0.0028514
4.9957	-1.6529	0.017696
4.9957	-1.6167	0.023552
4.9957	-1.5806	0.011144
4.9957	-1.5445	0.0010865
4.9957	-1.5084	0.0089068
4.9957	-1.4723	0.020799
4.9957	-1.4362	0.017099
4.9957	-1.4	0.0038485
4.9957	-1.3639	0.0023304
4.9957	-1.3277	0.014781
4.9957	-1.2916	0.021214
4.9957	-1.2555	0.011445
4.9957	-1.2193	0.00097585
4.9957	-1.1832	0.0062242
4.9957	-1.1471	0.018792
4.9957	-1.111	0.018873
4.9957	-1.0749	0.0062737
4.9957	-1.0387	0.0011328
4.9957	-1.0026	0.013975
4.9957	-0.96645	0.030414
4.9957	-0.93032	0.031545
4.9957	-0.89419	0.018273
4.9957	-0.85806	0.0062001
4.9957	-0.82193	0.0033455
4.9957	-0.7858	0.0039422
4.9957	-0.74968	0.0020268
4.9957	-0.71355	0.00015687
4.9957	-0.67742	0.0020432
4.9957	-0.64129	0.0048359
4.9957	-0.60516	0.0039811
4.9957	-0.56903	0.00092105
4.9957	-0.5329	0.00041078
4.9957	-0.49677	0.0026778
4.9957	-0.46064	0.0035566
4.9957	-0.42451	0.001599
4.9957	-0.35226	0.0014059
4.9957	-0.31613	0.003195
4.9957	-0.28	0.0025913
4.9957	-0.24387	0.000628
4.9957	-0.20774	0.00021776
4.9957	-0.17162	0.0015094
4.9957	-0.13549	0.0020937
4.9957	-0.099357	0.0010454
4.9957	-0.027097	0.00051924
4.9957	0.0090325	0.0013651
4.9957	0.045162	0.0011825
4.9957	0.081291	0.0003213
4.9957	0.15355	0.00054766
4.9957	0.18968	0.00081573
4.9957	0.2258	0.0004502
4.9957	0.3342	0.00029189
4.9957	0.37032	0.00025927
4.9957	0.40645	0.00017693
4.9957	0.44258	0.00036201
4.9957	0.47871	0.0006554
4.9957	0.51484	0.00065478
4.9957	0.55097	0.00033351
4.9957	0.69549	0.00012529
5.0196	-2.4839	0.0022545
5.0196	-2.4478	0.0050647
5.0196	-2.4116	0.0042174
5.0196	-2.3755	0.00053763
5.0196	-2.3393	0.014011
5.0196	-2.3033	0.081188
5.0196	-2.2671	0.22075
5.0196	-2.2309	0.39131
5.0196	-2.1948	0.49577
5.0196	-2.1587	0.45389
5.0196	-2.1226	0.28338
5.0196	-2.0865	0.097767
5.0196	-2.0503	0.0072071
5.0196	-2.0142	0.021297
5.0196	-1.9781	0.059941
5.0196	-1.942	0.054678
5.0196	-1.9058	0.01742
5.0196	-1.8697	0.0018513
5.0196	-1.8336	0.022326
5.0196	-1.7974	0.040739
5.0196	-1.7613	0.028074
5.0196	-1.7251	0.0048169
5.0196	-1.689	0.0049698
5.0196	-1.6529	0.023941
5.0196	-1.6167	0.029124
5.0196	-1.5806	0.012383
5.0196	-1.5445	0.0013534
5.0196	-1.5084	0.013972
5.0196	-1.4723	0.029679
5.0196	-1.4362	0.022758
5.0196	-1.4	0.0042431
5.0196	-1.3639	0.005038
5.0196	-1.3277	0.026148
5.0196	-1.2916	0.035343
5.0196	-1.2555	0.017685
5.0196	-1.2193	0.0013114
5.0196	-1.1832	0.015425
5.0196	-1.1471	0.042827
5.0196	-1.111	0.042298
5.0196	-1.0749	0.012853
5.0196	-1.0387	0.005587
5.0196	-1.0026	0.059869
5.0196	-0.96645	0.14738
5.0196	-0.93032	0.19834
5.0196	-0.89419	0.17554
5.0196	-0.85806	0.10583
5.0196	-0.82193	0.041522
5.0196	-0.7858	0.0090542
5.0196	-0.74968	0.00068927
5.0196	-0.67742	0.0001875
5.0196	-0.64129	0.00071697
5.0196	-0.60516	0.00087809
5.0196	-0.56903	0.00023661
5.0196	-0.5329	0.0002297
5.0196	-0.49677	0.0013856
5.0196	-0.46064	0.0018706
5.0196	-0.42451	0.00077713
5.0196	-0.35226	0.0014194
5.0196	-0.31613	0.002937
5.0196	-0.28	0.0023006
5.0196	-0.24387	0.0004994
5.0196	-0.20774	0.00029434
5.0196	-0.17162	0.001781
5.0196	-0.13549	0.0023896
5.0196	-0.099357	0.0011336
5.0196	-0.027097	0.00086015
5.0196	0.0090325	0.0021137
5.0196	0.045162	0.0018025
5.0196	0.081291	0.00045184
5.0196	0.11742	0.00017004
5.0196	0.15355	0.0012912
5.0196	0.18968	0.0019774
5.0196	0.2258	0.0011538
5.0196	0.29807	0.0005822
5.0196	0.3342	0.0022682
5.0196	0.37032	0.0033952
5.0196	0.40645	0.0029595
5.0196	0.44258	0.0016238
5.0196	0.47871	0.00053954
5.0433	-2.4839	0.0015922
5.0433	-2.4478	0.0033158
5.0433	-2.4116	0.0024565
5.0433	-2.3755	0.00041224
5.0433	-2.3393	0.013
5.0433	-2.3033	0.068196
5.0433	-2.2671	0.17959
5.0433	-2.2309	0.31354
5.0433	-2.1948	0.39279
5.0433	-2.1587	0.35437
5.0433	-2.1226	0.21504
5.0433	-2.0865	0.068742
5.0433	-2.0503	0.0039103
5.0433	-2.0142	0.023311
5.0433	-1.9781	0.056257
5.0433	-1.942	0.04726
5.0433	-1.9058	0.012921
5.0433	-1.8697	0.0026951
5.0433	-1.8336	0.025208
5.0433	-1.7974	0.041357
5.0433	-1.7613	0.025923
5.0433	-1.7251	0.0034039
5.0433	-1.689	0.0074749
5.0433	-1.6529	0.029049
5.0433	-1.6167	0.032361
5.0433	-1.5806	0.012181
5.0433	-1.5445	0.0018744
5.0433	-1.5084	0.019514
5.0433	-1.4723	0.037666
5.0433	-1.4362	0.026622
5.0433	-1.4	0.0039422
5.0433	-1.3639	0.0092346
5.0433	-1.3277	0.039842
5.0433	-1.2916	0.050159
5.0433	-1.2555	0.022641
5.0433	-1.2193	0.0019158
5.0433	-1.1832	0.030563
5.0433	-1.1471	0.076918
5.0433	-1.111	0.071972
5.0433	-1.0749	0.018558
5.0433	-1.0387	0.018082
5.0433	-1.0026	0.15768
5.0433	-0.96645	0.38989
5.0433	-0.93032	0.55862
5.0433	-0.89419	0.5473
5.0433	-0.85806	0.38135
5.0433	-0.82193	0.18348
5.0433	-0.7858	0.053596
5.0433	-0.74968	0.0059408
5.0433	-0.71355	0.00064463
5.0433	-0.67742	0.0023757
5.0433	-0.64129	0.0014418
5.0433	-0.60516	0.00027781
5.0433	-0.49677	0.00020582
5.0433	-0.46064	0.00038398
5.0433	-0.42451	0.00016205
5.0433	-0.35226	0.0010106
5.0433	-0.31613	0.0019773
5.0433	-0.28	0.0015415
5.0433	-0.24387	0.00030483
5.0433	-0.20774	0.00030051
5.0433	-0.17162	0.0016346
5.0433	-0.13549	0.0021433
5.0433	-0.099357	0.00095942
5.0433	-0.027097	0.0011134
5.0433	0.0090325	0.0025523
5.0433	0.045162	0.0021001
5.0433	0.081291	0.00045985
5.0433	0.11742	0.00034537
5.0433	0.15355	0.0021738
5.0433	0.18968	0.0032375
5.0433	0.2258	0.0018266
5.0433	0.26194	0.00015834
5.0433	0.29807	0.0016833
5.0433	0.3342	0.0064584
5.0433	0.37032	0.010788
5.0433	0.40645	0.0113
5.0433	0.44258	0.0081556
5.0433	0.47871	0.0040771
5.0433	0.51484	0.0013216
5.0433	0.55097	0.00022594
5.0672	-2.4839	0.00093111
5.0672	-2.4478	0.0018264
5.0672	-2.4116	0.0011946
5.0672	-2.3755	0.0003906
5.0672	-2.3393	0.010421
5.0672	-2.3033	0.050569
5.0672	-2.2671	0.1302
5.0672	-2.2309	0.22532
5.0672	-2.1948	0.2804
5.0672	-2.1587	0.25008
5.0672	-2.1226	0.14758
5.0672	-2.0865	0.043324
5.0672	-2.0503	0.0022184
5.0672	-2.0142	0.022688
5.0672	-1.9781	0.047957
5.0672	-1.942	0.037118
5.0672	-1.9058	0.0085025
5.0672	-1.8697	0.0036634
5.0672	-1.8336	0.025777
5.0672	-1.7974	0.038319
5.0672	-1.7613	0.021713
5.0672	-1.7251	0.0021215
5.0672	-1.689	0.0098543
5.0672	-1.6529	0.031923
5.0672	-1.6167	0.032614
5.0672	-1.5806	0.010695
5.0672	-1.5445	0.0027231
5.0672	-1.5084	0.024554
5.0672	-1.4723	0.043147
5.0672	-1.4362	0.027836
5.0672	-1.4	0.0031815
5.0672	-1.3639	0.014715
5.0672	-1.3277	0.053801
5.0672	-1.2916	0.062726
5.0672	-1.2555	0.02495
5.0672	-1.2193	0.0034512
5.0672	-1.1832	0.051489
5.0672	-1.1471	0.11731
5.0672	-1.111	0.10207
5.0672	-1.0749	0.021137
5.0672	-1.0387	0.044702
5.0672	-1.0026	0.32134
5.0672	-0.96645	0.77435
5.0672	-0.93032	1.1251
5.0672	-0.89419	1.1388
5.0672	-0.85806	0.83024
5.0672	-0.82193	0.42169
5.0672	-0.7858	0.12979
5.0672	-0.74968	0.014052
5.0672	-0.71355	0.003406
5.0672	-0.67742	0.012637
5.0672	-0.64129	0.01006
5.0672	-0.60516	0.0029468
5.0672	-0.56903	0.00014618
5.0672	-0.5329	0.0004284
5.0672	-0.49677	0.00056045
5.0672	-0.46064	0.00024169
5.0672	-0.35226	0.00036761
5.0672	-0.31613	0.0007604
5.0672	-0.28	0.00066394
5.0672	-0.24387	0.00013807
5.0672	-0.20774	0.00019995
5.0672	-0.17162	0.001065
5.0672	-0.13549	0.0014249
5.0672	-0.099357	0.00061329
5.0672	-0.027097	0.0011122
5.0672	0.0090325	0.0024204
5.0672	0.045162	0.0019201
5.0672	0.081291	0.00035461
5.0672	0.11742	0.00053724
5.0672	0.15355	0.0028421
5.0672	0.18968	0.0040576
5.0672	0.2258	0.0021384
5.0672	0.26194	0.00018589
5.0672	0.29807	0.0033435
5.0672	0.3342	0.012126
5.0672	0.37032	0.020848
5.0672	0.40645	0.023203
5.0672	0.44258	0.018204
5.0672	0.47871	0.01012
5.0672	0.51484	0.0037346
5.0672	0.55097	0.00073124
5.0672	1.7071	0.00016217
5.0672	1.7432	0.00015829
5.0911	-2.4839	0.00040617
5.0911	-2.4478	0.00077617
5.0911	-2.4116	0.00044742
5.0911	-2.3755	0.00034009
5.0911	-2.3393	0.0069343
5.0911	-2.3033	0.031935
5.0911	-2.2671	0.081572
5.0911	-2.2309	0.14146
5.0911	-2.1948	0.17637
5.0911	-2.1587	0.15646
5.0911	-2.1226	0.090062
5.0911	-2.0865	0.024057
5.0911	-2.0503	0.001599
5.0911	-2.0142	0.019536
5.0911	-1.9781	0.036834
5.0911	-1.942	0.026277
5.0911	-1.9058	0.0048968
5.0911	-1.8697	0.0043739
5.0911	-1.8336	0.023842
5.0911	-1.7974	0.032332
5.0911	-1.7613	0.016437
5.0911	-1.7251	0.0012476
5.0911	-1.689	0.011511
5.0911	-1.6529	0.031909
5.0911	-1.6167	0.029928
5.0911	-1.5806	0.0083957
5.0911	-1.5445	0.0038016
5.0911	-1.5084	0.02802
5.0911	-1.4723	0.044957
5.0911	-1.4362	0.026226
5.0911	-1.4	0.0023721
5.0911	-1.3639	0.020736
5.0911	-1.3277	0.065411
5.0911	-1.2916	0.07036
5.0911	-1.2555	0.024074
5.0911	-1.2193	0.0065797
5.0911	-1.1832	0.076165
5.0911	-1.1471	0.15749
5.0911	-1.111	0.12581
5.0911	-1.0749	0.019952
5.0911	-1.0387	0.090825
5.0911	-1.0026	0.55172
5.0911	-0.96645	1.2834
5.0911	-0.93032	1.8571
5.0911	-0.89419	1.895
5.0911	-0.85806	1.3994
5.0911	-0.82193	0.71841
5.0911	-0.7858	0.21887
5.0911	-0.74968	0.020646
5.0911	-0.71355	0.010705
5.0911	-0.67742	0.033954
5.0911	-0.64129	0.027503
5.0911	-0.60516	0.0083299
5.0911	-0.56903	0.0003921
5.0911	-0.5329	0.0024755
5.0911	-0.49677	0.0039994
5.0911	-0.46064	0.0023143
5.0911	-0.42451	0.00053066
5.0911	-0.17162	0.00035543
5.0911	-0.13549	0.0005673
5.0911	-0.099357	0.00025932
5.0911	-0.027097	0.00078432
5.0911	0.0090325	0.0016997
5.0911	0.045162	0.0013287
5.0911	0.081291	0.00020425
5.0911	0.11742	0.00063329
5.0911	0.15355	0.0029158
5.0911	0.18968	0.0040035
5.0911	0.2258	0.001937
5.0911	0.26194	0.00024991
5.0911	0.29807	0.0050675
5.0911	0.3342	0.017346
5.0911	0.37032	0.03006
5.0911	0.40645	0.034414
5.0911	0.44258	0.028036
5.0911	0.47871	0.01625
5.0911	0.51484	0.0062225
5.0911	0.55097	0.0012152
5.0911	0.62323	0.00017465
5.0911	0.65936	0.00023849
5.0911	1.6709	0.00019515
5.0911	1.7071	0.00030411
5.0911	1.7432	0.00032093
5.0911	1.7793	0.00023817
5.1148	-2.4478	0.00020074
5.1148	-2.3755	0.00021421
5.1148	-2.3393	0.003496
5.1148	-2.3033	0.015919
5.1148	-2.2671	0.041503
5.1148	-2.2309	0.07371
5.1148	-2.1948	0.093653
5.1148	-2.1587	0.083727
5.1148	-2.1226	0.047383
5.1148	-2.0865	0.011421
5.1148	-2.0503	0.0013914
5.1148	-2.0142	0.014666
5.1148	-1.9781	0.025096
5.1148	-1.942	0.016518
5.1148	-1.9058	0.0024202
5.1148	-1.8697	0.0045116
5.1148	-1.8336	0.019819
5.1148	-1.7974	0.024669
5.1148	-1.7613	0.011148
5.1148	-1.7251	0.00083827
5.1148	-1.689	0.011976
5.1148	-1.6529	0.029009
5.1148	-1.6167	0.024997
5.1148	-1.5806	0.005875
5.1148	-1.5445	0.0048433
5.1148	-1.5084	0.029081
5.1148	-1.4723	0.042738
5.1148	-1.4362	0.022318
5.1148	-1.4	0.0018897
5.1148	-1.3639	0.026127
5.1148	-1.3277	0.072219
5.1148	-1.2916	0.071446
5.1148	-1.2555	0.020454
5.1148	-1.2193	0.011525
5.1148	-1.1832	0.10076
5.1148	-1.1471	0.18974
5.1148	-1.111	0.13759
5.1148	-1.0749	0.016424
5.1148	-1.0387	0.15809
5.1148	-1.0026	0.83118
5.1148	-0.96645	1.8615
5.1148	-0.93032	2.661
5.1148	-0.89419	2.7066
5.1148	-0.85806	1.9955
5.1148	-0.82193	1.0158
5.1148	-0.7858	0.29776
5.1148	-0.74968	0.022894
5.1148	-0.71355	0.024968
5.1148	-0.67742	0.066648
5.1148	-0.64129	0.051859
5.1148	-0.60516	0.014761
5.1148	-0.56903	0.00077734
5.1148	-0.5329	0.0073693
5.1148	-0.49677	0.011568
5.1148	-0.46064	0.0067767
5.1148	-0.42451	0.0013087
5.1148	-0.38838	0.00017936
5.1148	-0.35226	0.00086578
5.1148	-0.31613	0.00070927
5.1148	-0.28	0.00016897
5.1148	-0.027097	0.00028023
5.1148	0.0090325	0.00071109
5.1148	0.045162	0.00060017
5.1148	0.11742	0.00052339
5.1148	0.15355	0.0022246
5.1148	0.18968	0.0030066
5.1148	0.2258	0.00133
5.1148	0.26194	0.00034838
5.1148	0.29807	0.0059885
5.1148	0.3342	0.019609
5.1148	0.37032	0.034228
5.1148	0.40645	0.040024
5.1148	0.44258	0.033429
5.1148	0.47871	0.019812
5.1148	0.51484	0.0076525
5.1148	0.55097	0.0014231
5.1148	0.62323	0.00035456
5.1148	0.65936	0.00045379
5.1148	0.69549	0.00021467
5.1148	1.6709	0.00025723
5.1148	1.7071	0.000411
5.1148	1.7432	0.00045076
5.1148	1.7793	0.00035018
5.1148	1.8155	0.00018583
5.1387	-2.3393	0.001023
5.1387	-2.3033	0.0051293
5.1387	-2.2671	0.014736
5.1387	-2.2309	0.028348
5.1387	-2.1948	0.038272
5.1387	-2.1587	0.03557
5.1387	-2.1226	0.020212
5.1387	-2.0865	0.0043842
5.1387	-2.0503	0.0011347
5.1387	-2.0142	0.0093013
5.1387	-1.9781	0.014733
5.1387	-1.942	0.008975
5.1387	-1.9058	0.0010044
5.1387	-1.8697	0.0039743
5.1387	-1.8336	0.014604
5.1387	-1.7974	0.016797
5.1387	-1.7613	0.0066704
5.1387	-1.7251	0.00075684
5.1387	-1.689	0.011084
5.1387	-1.6529	0.023875
5.1387	-1.6167	0.018915
5.1387	-1.5806	0.0036407
5.1387	-1.5445	0.0055085
5.1387	-1.5084	0.02742
5.1387	-1.4723	0.037034
5.1387	-1.4362	0.017116
5.1387	-1.4	0.0018931
5.1387	-1.3639	0.029614
5.1387	-1.3277	0.072679
5.1387	-1.2916	0.065914
5.1387	-1.2555	0.015275
5.1387	-1.2193	0.017753
5.1387	-1.1832	0.12048
5.1387	-1.1471	0.20727
5.1387	-1.111	0.13486
5.1387	-1.0749	0.013421
5.1387	-1.0387	0.24184
5.1387	-1.0026	1.1231
5.1387	-0.96645	2.4221
5.1387	-0.93032	3.4073
5.1387	-0.89419	3.4344
5.1387	-0.85806	2.5083
5.1387	-0.82193	1.2525
5.1387	-0.7858	0.34685
5.1387	-0.74968	0.02071
5.1387	-0.71355	0.047317
5.1387	-0.67742	0.10749
5.1387	-0.64129	0.07868
5.1387	-0.60516	0.020151
5.1387	-0.56903	0.0016685
5.1387	-0.5329	0.015954
5.1387	-0.49677	0.023236
5.1387	-0.46064	0.012943
5.1387	-0.42451	0.0020109
5.1387	-0.38838	0.00090798
5.1387	-0.35226	0.0036741
5.1387	-0.31613	0.0032678
5.1387	-0.28	0.00092217
5.1387	-0.24387	0.00018247
5.1387	-0.20774	0.00080346
5.1387	-0.17162	0.00088729
5.1387	-0.13549	0.00033187
5.1387	0.11742	0.00022666
5.1387	0.15355	0.001032
5.1387	0.18968	0.0014894
5.1387	0.2258	0.00062037
5.1387	0.26194	0.00038174
5.1387	0.29807	0.0052946
5.1387	0.3342	0.017085
5.1387	0.37032	0.030515
5.1387	0.40645	0.036772
5.1387	0.44258	0.031602
5.1387	0.47871	0.019126
5.1387	0.51484	0.0073953
5.1387	0.55097	0.0012795
5.1387	0.62323	0.0005295
5.1387	0.65936	0.00062895
5.1387	0.69549	0.00028441
5.1387	1.6709	0.00026085
5.1387	1.7071	0.00042702
5.1387	1.7432	0.00048292
5.1387	1.7793	0.0003868
5.1387	1.8155	0.00021011
5.1624	-2.3033	0.00047744
5.1624	-2.2671	0.0021174
5.1624	-2.2309	0.0055495
5.1624	-2.1948	0.0092521
5.1624	-2.1587	0.0098888
5.1624	-2.1226	0.0060333
5.1624	-2.0865	0.001205
5.1624	-2.0503	0.00070661
5.1624	-2.0142	0.0046546
5.1624	-1.9781	0.0070296
5.1624	-1.942	0.0040035
5.1624	-1.9058	0.00034915
5.1624	-1.8697	0.0029186
5.1624	-1.8336	0.0092909
5.1624	-1.7974	0.0099597
5.1624	-1.7613	0.0034277
5.1624	-1.7251	0.0007823
5.1624	-1.689	0.0090443
5.1624	-1.6529	0.017605
5.1624	-1.6167	0.012841
5.1624	-1.5806	0.0019814
5.1624	-1.5445	0.0055301
5.1624	-1.5084	0.023363
5.1624	-1.4723	0.029106
5.1624	-1.4362	0.011751
5.1624	-1.4	0.0022612
5.1624	-1.3639	0.030241
5.1624	-1.3277	0.066648
5.1624	-1.2916	0.055208
5.1624	-1.2555	0.0099687
5.1624	-1.2193	0.023972
5.1624	-1.1832	0.1309
5.1624	-1.1471	0.2063
5.1624	-1.111	0.11882
5.1624	-1.0749	0.013818
5.1624	-1.0387	0.33025
5.1624	-1.0026	1.3782
5.1624	-0.96645	2.8663
5.1624	-0.93032	3.9614
5.1624	-0.89419	3.9441
5.1624	-0.85806	2.8401
5.1624	-0.82193	1.3815
5.1624	-0.7858	0.35599
5.1624	-0.74968	0.016433
5.1624	-0.71355	0.076407
5.1624	-0.67742	0.15004
5.1624	-0.64129	0.10227
5.1624	-0.60516	0.022828
5.1624	-0.56903	0.0036801
5.1624	-0.5329	0.028192
5.1624	-0.49677	0.037651
5.1624	-0.46064	0.019442
5.1624	-0.42451	0.0023224
5.1624	-0.38838	0.0027498
5.1624	-0.35226	0.008961
5.1624	-0.31613	0.0077315
5.1624	-0.28	0.0021236
5.1624	-0.24387	0.00045544
5.1624	-0.20774	0.0026114
5.1624	-0.17162	0.0033715
5.1624	-0.13549	0.0015856
5.1624	-0.099357	0.00013662
5.1624	-0.063226	0.00031001
5.1624	-0.027097	0.00072956
5.1624	0.0090325	0.00047383
5.1624	0.18968	0.00026793
5.1624	0.2258	0.0001304
5.1624	0.26194	0.00023652
5.1624	0.29807	0.0029558
5.1624	0.3342	0.010153
5.1624	0.37032	0.019528
5.1624	0.40645	0.025133
5.1624	0.44258	0.02279
5.1624	0.47871	0.014323
5.1624	0.51484	0.005591
5.1624	0.55097	0.0008903
5.1624	0.62323	0.00061317
5.1624	0.65936	0.00068091
5.1624	0.69549	0.00029124
5.1624	1.6709	0.00019587
5.1624	1.7071	0.00033541
5.1624	1.7432	0.00039597
5.1624	1.7793	0.00032874
5.1624	1.8155	0.00018246
5.1862	-2.4839	0.00021083
5.1862	-2.4478	0.00017204
5.1862	-2.3755	0.00012561
5.1862	-2.3393	0.00062919
5.1862	-2.3033	0.0010898
5.1862	-2.2671	0.00097899
5.1862	-2.2309	0.00053439
5.1862	-2.1948	0.00048042
5.1862	-2.1587	0.00082071
5.1862	-2.1226	0.0007467
5.1862	-2.0865	0.00016337
5.1862	-2.0503	0.0002573
5.1862	-2.0142	0.001537
5.1862	-1.9781	0.0023711
5.1862	-1.942	0.0013065
5.1862	-1.8697	0.0016875
5.1862	-1.8336	0.0048397
5.1862	-1.7974	0.0049091
5.1862	-1.7613	0.0014408
5.1862	-1.7251	0.00073329
5.1862	-1.689	0.0063749
5.1862	-1.6529	0.011402
5.1862	-1.6167	0.0076834
5.1862	-1.5806	0.0009423
5.1862	-1.5445	0.004839
5.1862	-1.5084	0.017788
5.1862	-1.4723	0.020535
5.1862	-1.4362	0.0071359
5.1862	-1.4	0.0026758
5.1862	-1.3639	0.027731
5.1862	-1.3277	0.055441
5.1862	-1.2916	0.041765
5.1862	-1.2555	0.0056802
5.1862	-1.2193	0.028508
5.1862	-1.1832	0.12937
5.1862	-1.1471	0.18719
5.1862	-1.111	0.093896
5.1862	-1.0749	0.018933
5.1862	-1.0387	0.4063
5.1862	-1.0026	1.5459
5.1862	-0.96645	3.1075
5.1862	-0.93032	4.2177
5.1862	-0.89419	4.1411
5.1862	-0.85806	2.9315
5.1862	-0.82193	1.3815
5.1862	-0.7858	0.32646
5.1862	-0.74968	0.013338
5.1862	-0.71355	0.10811
5.1862	-0.67742	0.18621
5.1862	-0.64129	0.11743
5.1862	-0.60516	0.022149
5.1862	-0.56903	0.0073465
5.1862	-0.5329	0.042862
5.1862	-0.49677	0.052359
5.1862	-0.46064	0.024678
5.1862	-0.42451	0.0021805
5.1862	-0.38838	0.0061191
5.1862	-0.35226	0.016567
5.1862	-0.31613	0.013451
5.1862	-0.28	0.0033524
5.1862	-0.24387	0.0010354
5.1862	-0.20774	0.0059412
5.1862	-0.17162	0.0076785
5.1862	-0.13549	0.0036509
5.1862	-0.099357	0.00028821
5.1862	-0.063226	0.0012071
5.1862	-0.027097	0.0030502
5.1862	0.0090325	0.002442
5.1862	0.045162	0.00063524
5.1862	0.11742	0.00053691
5.1862	0.15355	0.00063147
5.1862	0.18968	0.00024166
5.1862	0.29807	0.00048849
5.1862	0.3342	0.0025156
5.1862	0.37032	0.0064712
5.1862	0.40645	0.010215
5.1862	0.44258	0.010713
5.1862	0.47871	0.007443
5.1862	0.51484	0.0030574
5.1862	0.55097	0.00045347
5.1862	0.62323	0.00054319
5.1862	0.65936	0.00057563
5.1862	0.69549	0.00023353
5.1862	1.7071	0.00017607
5.1862	1.7432	0.00022824
5.1862	1.7793	0.00020328
5.2102	-2.4839	0.00032246
5.2102	-2.4478	0.00025507
5.2102	-2.3755	0.00041872
5.2102	-2.3393	0.0021752
5.2102	-2.3033	0.0048033
5.2102	-2.2671	0.0065066
5.2102	-2.2309	0.005897
5.2102	-2.1948	0.0035388
5.2102	-2.1587	0.0012774
5.2102	-2.1226	0.00021493
5.2102	-2.0142	0.0001648
5.2102	-1.9781	0.00034784
5.2102	-1.942	0.00021799
5.2102	-1.8697	0.00066042
5.2102	-1.8336	0.0018223
5.2102	-1.7974	0.0018139
5.2102	-1.7613	0.00044763
5.2102	-1.7251	0.00054754
5.2102	-1.689	0.0037173
5.2102	-1.6529	0.0062456
5.2102	-1.6167	0.0039249
5.2102	-1.5806	0.00039446
5.2102	-1.5445	0.0036064
5.2102	-1.5084	0.011848
5.2102	-1.4723	0.012767
5.2102	-1.4362	0.0037593
5.2102	-1.4	0.0028001
5.2102	-1.3639	0.022613
5.2102	-1.3277	0.041418
5.2102	-1.2916	0.028234
5.2102	-1.2555	0.0029271
5.2102	-1.2193	0.029918
5.2102	-1.1832	0.11595
5.2102	-1.1471	0.1543
5.2102	-1.111	0.066036
5.2102	-1.0749	0.027634
5.2102	-1.0387	0.45218
5.2102	-1.0026	1.5883
5.2102	-0.96645	3.095
5.2102	-0.93032	4.1277
5.2102	-0.89419	3.994
5.2102	-0.85806	2.7744
5.2102	-0.82193	1.2614
5.2102	-0.7858	0.26905
5.2102	-0.74968	0.013821
5.2102	-0.71355	0.13632
5.2102	-0.67742	0.20857
5.2102	-0.64129	0.12106
5.2102	-0.60516	0.018644
5.2102	-0.56903	0.01273
5.2102	-0.5329	0.05766
5.2102	-0.49677	0.06445
5.2102	-0.46064	0.027366
5.2102	-0.42451	0.0018127
5.2102	-0.38838	0.011069
5.2102	-0.35226	0.025564
5.2102	-0.31613	0.019287
5.2102	-0.28	0.0041888
5.2102	-0.24387	0.0021232
5.2102	-0.20774	0.010866
5.2102	-0.17162	0.013412
5.2102	-0.13549	0.0060384
5.2102	-0.099357	0.00041033
5.2102	-0.063226	0.0031299
5.2102	-0.027097	0.0074451
5.2102	0.0090325	0.0060365
5.2102	0.045162	0.001531
5.2102	0.081291	0.00031886
5.2102	0.11742	0.0025981
5.2102	0.15355	0.0037187
5.2102	0.18968	0.0019948
5.2102	0.2258	0.00021372
5.2102	0.26194	0.00043494
5.2102	0.29807	0.0013515
5.2102	0.3342	0.00125
5.2102	0.37032	0.00066543
5.2102	0.40645	0.00089076
5.2102	0.44258	0.0016599
5.2102	0.47871	0.001736
5.2102	0.51484	0.00090693
5.2102	0.55097	0.00013958
5.2102	0.62323	0.00033202
5.2102	0.65936	0.00035322
5.2102	0.69549	0.00013948
5.2339	-2.4839	0.00035817
5.2339	-2.4478	0.00026171
5.2339	-2.3755	0.00078664
5.2339	-2.3393	0.0038802
5.2339	-2.3033	0.0090351
5.2339	-2.2671	0.013545
5.2339	-2.2309	0.014223
5.2339	-2.1948	0.010499
5.2339	-2.1587	0.0050916
5.2339	-2.1226	0.0012934
5.2339	-2.0503	0.00013336
5.2339	-2.0142	0.00020128
5.2339	-1.8336	0.00032865
5.2339	-1.7974	0.00036913
5.2339	-1.7251	0.00028605
5.2339	-1.689	0.0016239
5.2339	-1.6529	0.0026704
5.2339	-1.6167	0.0016076
5.2339	-1.5806	0.00014832
5.2339	-1.5445	0.0021826
5.2339	-1.5084	0.0066311
5.2339	-1.4723	0.0067593
5.2339	-1.4362	0.0016667
5.2339	-1.4	0.0024573
5.2339	-1.3639	0.016074
5.2339	-1.3277	0.027276
5.2339	-1.2916	0.016736
5.2339	-1.2555	0.0015743
5.2339	-1.2193	0.027587
5.2339	-1.1832	0.093436
5.2339	-1.1471	0.11456
5.2339	-1.111	0.040757
5.2339	-1.0749	0.036639
5.2339	-1.0387	0.45494
5.2339	-1.0026	1.4921
5.2339	-0.96645	2.8282
5.2339	-0.93032	3.7118
5.2339	-0.89419	3.5409
5.2339	-0.85806	2.4113
5.2339	-0.82193	1.0536
5.2339	-0.7858	0.19921
5.2339	-0.74968	0.018186
5.2339	-0.71355	0.15474
5.2339	-0.67742	0.21252
5.2339	-0.64129	0.11295
5.2339	-0.60516	0.013668
5.2339	-0.56903	0.019185
5.2339	-0.5329	0.069739
5.2339	-0.49677	0.071402
5.2339	-0.46064	0.02695
5.2339	-0.42451	0.0016159
5.2339	-0.38838	0.017125
5.2339	-0.35226	0.034416
5.2339	-0.31613	0.02395
5.2339	-0.28	0.0043881
5.2339	-0.24387	0.0038729
5.2339	-0.20774	0.016982
5.2339	-0.17162	0.01965
5.2339	-0.13549	0.0081058
5.2339	-0.099357	0.00054648
5.2339	-0.063226	0.0063736
5.2339	-0.027097	0.013839
5.2339	0.0090325	0.010767
5.2339	0.045162	0.0024152
5.2339	0.081291	0.0010461
5.2339	0.11742	0.0070279
5.2339	0.15355	0.010043
5.2339	0.18968	0.0054863
5.2339	0.2258	0.00050544
5.2339	0.26194	0.0028931
5.2339	0.29807	0.010598
5.2339	0.3342	0.015396
5.2339	0.37032	0.013221
5.2339	0.40645	0.0072464
5.2339	0.44258	0.0024332
5.2339	0.47871	0.00044307
5.2577	-2.4839	0.00031148
5.2577	-2.4478	0.00020479
5.2577	-2.3755	0.0010707
5.2577	-2.3393	0.0049603
5.2577	-2.3033	0.011684
5.2577	-2.2671	0.018183
5.2577	-2.2309	0.020126
5.2577	-2.1948	0.015844
5.2577	-2.1587	0.0082464
5.2577	-2.1226	0.0022016
5.2577	-2.0503	0.00053762
5.2577	-2.0142	0.00098732
5.2577	-1.9781	0.00061583
5.2577	-1.942	0.00012393
5.2577	-1.689	0.00039459
5.2577	-1.6529	0.00071802
5.2577	-1.6167	0.00045578
5.2577	-1.5445	0.00096001
5.2577	-1.5084	0.0028594
5.2577	-1.4723	0.002846
5.2577	-1.4362	0.00059119
5.2577	-1.4	0.0017184
5.2577	-1.3639	0.009573
5.2577	-1.3277	0.015294
5.2577	-1.2916	0.0084095
5.2577	-1.2555	0.0010819
5.2577	-1.2193	0.02203
5.2577	-1.1832	0.066598
5.2577	-1.1471	0.07541
5.2577	-1.111	0.021593
5.2577	-1.0749	0.041922
5.2577	-1.0387	0.41124
5.2577	-1.0026	1.2732
5.2577	-0.96645	2.3582
5.2577	-0.93032	3.0535
5.2577	-0.89419	2.8757
5.2577	-0.85806	1.9199
5.2577	-0.82193	0.80355
5.2577	-0.7858	0.1318
5.2577	-0.74968	0.024582
5.2577	-0.71355	0.15888
5.2577	-0.67742	0.1976
5.2577	-0.64129	0.095613
5.2577	-0.60516	0.0087707
5.2577	-0.56903	0.025423
5.2577	-0.5329	0.076512
5.2577	-0.49677	0.071829
5.2577	-0.46064	0.023735
5.2577	-0.42451	0.0019398
5.2577	-0.38838	0.023303
5.2577	-0.35226	0.041375
5.2577	-0.31613	0.026408
5.2577	-0.28	0.0039645
5.2577	-0.24387	0.0062669
5.2577	-0.20774	0.02341
5.2577	-0.17162	0.025171
5.2577	-0.13549	0.0092907
5.2577	-0.099357	0.00084904
5.2577	-0.063226	0.01093
5.2577	-0.027097	0.021516
5.2577	0.0090325	0.015691
5.2577	0.045162	0.0029388
5.2577	0.081291	0.002625
5.2577	0.11742	0.014253
5.2577	0.15355	0.019387
5.2577	0.18968	0.0099823
5.2577	0.2258	0.00078025
5.2577	0.26194	0.0095138
5.2577	0.29807	0.033629
5.2577	0.3342	0.053269
5.2577	0.37032	0.053436
5.2577	0.40645	0.037115
5.2577	0.44258	0.01788
5.2577	0.47871	0.0055504
5.2577	0.51484	0.00087507
5.2577	1.6349	0.00014962
5.2577	1.6709	0.00020722
5.2577	1.7071	0.00018592
5.2815	-2.4839	0.00021269
5.2815	-2.4478	0.00012338
5.2815	-2.3755	0.0011348
5.2815	-2.3393	0.004974
5.2815	-2.3033	0.011741
5.2815	-2.2671	0.018635
5.2815	-2.2309	0.021182
5.2815	-2.1948	0.017138
5.2815	-2.1587	0.0090812
5.2815	-2.1226	0.0023482
5.2815	-2.0503	0.0010273
5.2815	-2.0142	0.0018392
5.2815	-1.9781	0.0012045
5.2815	-1.942	0.00023594
5.2815	-1.8697	0.00039264
5.2815	-1.8336	0.00043444
5.2815	-1.7974	0.00017841
5.2815	-1.5445	0.00022326
5.2815	-1.5084	0.00075209
5.2815	-1.4723	0.00080563
5.2815	-1.4362	0.00015195
5.2815	-1.4	0.0008591
5.2815	-1.3639	0.0043795
5.2815	-1.3277	0.0067973
5.2815	-1.2916	0.0033535
5.2815	-1.2555	0.00086623
5.2815	-1.2193	0.014748
5.2815	-1.1832	0.040707
5.2815	-1.1471	0.042768
5.2815	-1.111	0.0095071
5.2815	-1.0749	0.040615
5.2815	-1.0387	0.32938
5.2815	-1.0026	0.97406
5.2815	-0.96645	1.7739
5.2815	-0.93032	2.2756
5.2815	-0.89419	2.1218
5.2815	-0.85806	1.3905
5.2815	-0.82193	0.5559
5.2815	-0.7858	0.077074
5.2815	-0.74968	0.030002
5.2815	-0.71355	0.14759
5.2815	-0.67742	0.16748
5.2815	-0.64129	0.073293
5.2815	-0.60516	0.0050895
5.2815	-0.56903	0.029891
5.2815	-0.5329	0.076451
5.2815	-0.49677	0.065849
5.2815	-0.46064	0.018701
5.2815	-0.42451	0.0028877
5.2815	-0.38838	0.02834
5.2815	-0.35226	0.044981
5.2815	-0.31613	0.026193
5.2815	-0.28	0.0031537
5.2815	-0.24387	0.0090343
5.2815	-0.20774	0.028975
5.2815	-0.17162	0.028811
5.2815	-0.13549	0.0093111
5.2815	-0.099357	0.0015016
5.2815	-0.063226	0.016363
5.2815	-0.027097	0.029216
5.2815	0.0090325	0.019689
5.2815	0.045162	0.0029322
5.2815	0.081291	0.0053813
5.2815	0.11742	0.023981
5.2815	0.15355	0.030519
5.2815	0.18968	0.014281
5.2815	0.2258	0.0012384
5.2815	0.26194	0.02253
5.2815	0.29807	0.074273
5.2815	0.3342	0.11922
5.2815	0.37032	0.12506
5.2815	0.40645	0.092898
5.2815	0.44258	0.04893
5.2815	0.47871	0.017
5.2815	0.51484	0.0030372
5.2815	0.5871	0.0002813
5.2815	0.62323	0.0003301
5.2815	0.65936	0.00012305
5.2815	1.5987	0.00013184
5.2815	1.6349	0.00034625
5.2815	1.6709	0.00051887
5.2815	1.7071	0.00052418
5.2815	1.7432	0.00037193
5.2815	1.7793	0.00018055
5.3053	-2.3755	0.00093964
5.3053	-2.3393	0.0039645
5.3053	-2.3033	0.009426
5.3053	-2.2671	0.015253
5.3053	-2.2309	0.017717
5.3053	-2.1948	0.014583
5.3053	-2.1587	0.0077338
5.3053	-2.1226	0.0018723
5.3053	-2.0865	0.00012404
5.3053	-2.0503	0.0013615
5.3053	-2.0142	0.0022886
5.3053	-1.9781	0.0014615
5.3053	-1.942	0.00024757
5.3053	-1.9058	0.00017705
5.3053	-1.8697	0.00084414
5.3053	-1.8336	0.00097805
5.3053	-1.7974	0.00042738
5.3053	-1.7251	0.00012677
5.3053	-1.689	0.00025282
5.3053	-1.6529	0.00014106
5.3053	-1.4	0.00021673
5.3053	-1.3639	0.0012076
5.3053	-1.3277	0.0019961
5.3053	-1.2916	0.00090831
5.3053	-1.2555	0.00058621
5.3053	-1.2193	0.0076947
5.3053	-1.1832	0.020035
5.3053	-1.1471	0.019775
5.3053	-1.111	0.0033438
5.3053	-1.0749	0.03247
5.3053	-1.0387	0.22744
5.3053	-1.0026	0.65212
5.3053	-0.96645	1.1789
5.3053	-0.93032	1.509
5.3053	-0.89419	1.4005
5.3053	-0.85806	0.9038
5.3053	-0.82193	0.34458
5.3053	-0.7858	0.03916
5.3053	-0.74968	0.031765
5.3053	-0.71355	0.12346
5.3053	-0.67742	0.12871
5.3053	-0.64129	0.050539
5.3053	-0.60516	0.0030206
5.3053	-0.56903	0.031329
5.3053	-0.5329	0.069565
5.3053	-0.49677	0.054984
5.3053	-0.46064	0.013115
5.3053	-0.42451	0.0042383
5.3053	-0.38838	0.031074
5.3053	-0.35226	0.044505
5.3053	-0.31613	0.023512
5.3053	-0.28	0.0022828
5.3053	-0.24387	0.011671
5.3053	-0.20774	0.032522
5.3053	-0.17162	0.02981
5.3053	-0.13549	0.0082423
5.3053	-0.099357	0.0025988
5.3053	-0.063226	0.021826
5.3053	-0.027097	0.035443
5.3053	0.0090325	0.021831
5.3053	0.045162	0.002481
5.3053	0.081291	0.0093825
5.3053	0.11742	0.035071
5.3053	0.15355	0.041424
5.3053	0.18968	0.01715
5.3053	0.2258	0.0024555
5.3053	0.26194	0.043397
5.3053	0.29807	0.13278
5.3053	0.3342	0.21098
5.3053	0.37032	0.2238
5.3053	0.40645	0.16986
5.3053	0.44258	0.091868
5.3053	0.47871	0.03265
5.3053	0.51484	0.0057381
5.3053	0.55097	0.00016948
5.3053	0.5871	0.00096829
5.3053	0.62323	0.0011609
5.3053	0.65936	0.00049202
5.3053	1.5987	0.00021925
5.3053	1.6349	0.0005706
5.3053	1.6709	0.00088013
5.3053	1.7071	0.00093139
5.3053	1.7432	0.0007005
5.3053	1.7793	0.00036325
5.3292	-2.3755	0.00057013
5.3292	-2.3393	0.0023963
5.3292	-2.3033	0.0058672
5.3292	-2.2671	0.0098273
5.3292	-2.2309	0.011777
5.3292	-2.1948	0.0099085
5.3292	-2.1587	0.0052509
5.3292	-2.1226	0.0011682
5.3292	-2.0865	0.0001468
5.3292	-2.0503	0.0013896
5.3292	-2.0142	0.0021861
5.3292	-1.9781	0.0013298
5.3292	-1.942	0.00018404
5.3292	-1.9058	0.00029016
5.3292	-1.8697	0.0011664
5.3292	-1.8336	0.0013147
5.3292	-1.7974	0.00054626
5.3292	-1.7251	0.00035132
5.3292	-1.689	0.00072429
5.3292	-1.6529	0.00049621
5.3292	-1.5445	0.00032119
5.3292	-1.5084	0.00026845
5.3292	-1.3277	0.00019069
5.3292	-1.2555	0.00023401
5.3292	-1.2193	0.0025724
5.3292	-1.1832	0.0068066
5.3292	-1.1471	0.0065683
5.3292	-1.111	0.00092472
5.3292	-1.0749	0.020165
5.3292	-1.0387	0.12803
5.3292	-1.0026	0.36445
5.3292	-0.96645	0.66525
5.3292	-0.93032	0.86121
5.3292	-0.89419	0.8039
5.3292	-0.85806	0.5146
5.3292	-0.82193	0.18721
5.3292	-0.7858	0.016885
5.3292	-0.74968	0.028748
5.3292	-0.71355	0.091955
5.3292	-0.67742	0.088692
5.3292	-0.64129	0.030955
5.3292	-0.60516	0.0022592
5.3292	-0.56903	0.029246
5.3292	-0.5329	0.057396
5.3292	-0.49677	0.041619
5.3292	-0.46064	0.0080994
5.3292	-0.42451	0.0055285
5.3292	-0.38838	0.030823
5.3292	-0.35226	0.040146
5.3292	-0.31613	0.019122
5.3292	-0.28	0.0016177
5.3292	-0.24387	0.013569
5.3292	-0.20774	0.033268
5.3292	-0.17162	0.028037
5.3292	-0.13549	0.0064606
5.3292	-0.099357	0.0040494
5.3292	-0.063226	0.02625
5.3292	-0.027097	0.038891
5.3292	0.0090325	0.021667
5.3292	0.045162	0.0018751
5.3292	0.081291	0.014281
5.3292	0.11742	0.045689
5.3292	0.15355	0.049851
5.3292	0.18968	0.017789
5.3292	0.2258	0.0051945
5.3292	0.26194	0.07182
5.3292	0.29807	0.20453
5.3292	0.3342	0.31874
5.3292	0.37032	0.33711
5.3292	0.40645	0.25667
5.3292	0.44258	0.13917
5.3292	0.47871	0.048976
5.3292	0.51484	0.0080307
5.3292	0.55097	0.00030111
5.3292	0.5871	0.0022277
5.3292	0.62323	0.002512
5.3292	0.65936	0.0010523
5.3292	0.76774	0.00015749
5.3292	1.5987	0.00028549
5.3292	1.6349	0.00073353
5.3292	1.6709	0.0011494
5.3292	1.7071	0.0012481
5.3292	1.7432	0.00096614
5.3292	1.7793	0.0005136
5.3292	1.8155	0.00016121
5.353	-2.3755	0.00020127
5.353	-2.3393	0.00092614
5.353	-2.3033	0.0024997
5.353	-2.2671	0.0045529
5.353	-2.2309	0.0058343
5.353	-2.1948	0.0051464
5.353	-2.1587	0.0027683
5.353	-2.1226	0.00056263
5.353	-2.0865	0.00014784
5.353	-2.0503	0.0011155
5.353	-2.0142	0.0016596
5.353	-1.9781	0.00095547
5.353	-1.9058	0.00035266
5.353	-1.8697	0.0012205
5.353	-1.8336	0.001314
5.353	-1.7974	0.00049967
5.353	-1.7251	0.00056923
5.353	-1.689	0.0011133
5.353	-1.6529	0.00077403
5.353	-1.6167	0.00014303
5.353	-1.5806	0.0002272
5.353	-1.5445	0.00076971
5.353	-1.5084	0.0007877
5.353	-1.4723	0.00025912
5.353	-1.4	0.0002963
5.353	-1.3639	0.00043233
5.353	-1.3277	0.00021469
5.353	-1.2193	0.00024971
5.353	-1.1832	0.0009131
5.353	-1.1471	0.0010403
5.353	-1.111	0.00021373
5.353	-1.0749	0.0082459
5.353	-1.0387	0.051386
5.353	-1.0026	0.15295
5.353	-0.96645	0.29303
5.353	-0.93032	0.39513
5.353	-0.89419	0.37949
5.353	-0.85806	0.24499
5.353	-0.82193	0.085629
5.353	-0.7858	0.0060235
5.353	-0.74968	0.021803
5.353	-0.71355	0.059654
5.353	-0.67742	0.053697
5.353	-0.64129	0.016478
5.353	-0.60516	0.0021288
5.353	-0.56903	0.024128
5.353	-0.5329	0.042518
5.353	-0.49677	0.028273
5.353	-0.46064	0.0043341
5.353	-0.42451	0.0062573
5.353	-0.38838	0.027619
5.353	-0.35226	0.032938
5.353	-0.31613	0.014043
5.353	-0.28	0.0012615
5.353	-0.24387	0.014219
5.353	-0.20774	0.031044
5.353	-0.17162	0.023993
5.353	-0.13549	0.0044731
5.353	-0.099357	0.0055603
5.353	-0.063226	0.02865
5.353	-0.027097	0.03884
5.353	0.0090325	0.019352
5.353	0.045162	0.0014562
5.353	0.081291	0.019296
5.353	0.11742	0.053759
5.353	0.15355	0.053981
5.353	0.18968	0.016126
5.353	0.2258	0.010012
5.353	0.26194	0.10514
5.353	0.29807	0.28009
5.353	0.3342	0.42648
5.353	0.37032	0.44665
5.353	0.40645	0.33803
5.353	0.44258	0.18156
5.353	0.47871	0.062213
5.353	0.51484	0.0092016
5.353	0.55097	0.00061167
5.353	0.5871	0.0040511
5.353	0.62323	0.0042102
5.353	0.65936	0.0016686
5.353	0.69549	0.00015087
5.353	0.73162	0.00014093
5.353	0.76774	0.00036488
5.353	0.80387	0.00025896
5.353	1.5987	0.00029034
5.353	1.6349	0.00074504
5.353	1.6709	0.0011903
5.353	1.7071	0.0013243
5.353	1.7432	0.0010483
5.353	1.7793	0.00056432
5.353	1.8155	0.00017366
5.3769	-2.3033	0.00045587
5.3769	-2.2671	0.0011025
5.3769	-2.2309	0.0017252
5.3769	-2.1948	0.0017457
5.3769	-2.1587	0.0010127
5.3769	-2.1226	0.00019292
5.3769	-2.0503	0.00067822
5.3769	-2.0142	0.0009791
5.3769	-1.9781	0.00053741
5.3769	-1.9058	0.00032944
5.3769	-1.8697	0.0010102
5.3769	-1.8336	0.0010379
5.3769	-1.7974	0.00035395
5.3769	-1.7251	0.00067552
5.3769	-1.689	0.0012377
5.3769	-1.6529	0.00083485
5.3769	-1.6167	0.00013784
5.3769	-1.5806	0.00033598
5.3769	-1.5445	0.0011329
5.3769	-1.5084	0.0011895
5.3769	-1.4723	0.00038739
5.3769	-1.4	0.00084862
5.3769	-1.3639	0.0014409
5.3769	-1.3277	0.00091458
5.3769	-1.2916	0.00012967
5.3769	-1.2555	0.00016135
5.3769	-1.2193	0.00054517
5.3769	-1.1832	0.00043696
5.3769	-1.0749	0.0011605
5.3769	-1.0387	0.0093127
5.3769	-1.0026	0.035006
5.3769	-0.96645	0.079984
5.3769	-0.93032	0.12277
5.3769	-0.89419	0.12922
5.3769	-0.85806	0.087987
5.3769	-0.82193	0.030309
5.3769	-0.7858	0.0017667
5.3769	-0.74968	0.013235
5.3769	-0.71355	0.032273
5.3769	-0.67742	0.027494
5.3769	-0.64129	0.0073353
5.3769	-0.60516	0.0019927
5.3769	-0.56903	0.017271
5.3769	-0.5329	0.02776
5.3769	-0.49677	0.016928
5.3769	-0.46064	0.0019723
5.3769	-0.42451	0.0061092
5.3769	-0.38838	0.022201
5.3769	-0.35226	0.024406
5.3769	-0.31613	0.0092408
5.3769	-0.28	0.0011462
5.3769	-0.24387	0.013401
5.3769	-0.20774	0.026347
5.3769	-0.17162	0.018628
5.3769	-0.13549	0.002727
5.3769	-0.099357	0.0067228
5.3769	-0.063226	0.028432
5.3769	-0.027097	0.035365
5.3769	0.0090325	0.015552
5.3769	0.045162	0.0014442
5.3769	0.081291	0.023385
5.3769	0.11742	0.057549
5.3769	0.15355	0.052985
5.3769	0.18968	0.012797
5.3769	0.2258	0.016832
5.3769	0.26194	0.13846
5.3769	0.29807	0.34696
5.3769	0.3342	0.51547
5.3769	0.37032	0.53271
5.3769	0.40645	0.39869
5.3769	0.44258	0.21064
5.3769	0.47871	0.069502
5.3769	0.51484	0.0089966
5.3769	0.55097	0.0012246
5.3769	0.5871	0.0062406
5.3769	0.62323	0.0059475
5.3769	0.65936	0.0021818
5.3769	0.69549	0.00015309
5.3769	0.73162	0.00029769
5.3769	0.76774	0.00065369
5.3769	0.80387	0.00043639
5.3769	1.5987	0.00021366
5.3769	1.6349	0.0005674
5.3769	1.6709	0.00094643
5.3769	1.7071	0.001096
5.3769	1.7432	0.00089571
5.3769	1.7793	0.0004901
5.3769	1.8155	0.00014702
5.4007	-2.3755	0.00012585
5.4007	-2.3393	0.00020537
5.4007	-2.3033	0.00017693
5.4007	-2.2309	0.0001343
5.4007	-2.1948	0.00021012
5.4007	-2.1587	0.00017222
5.4007	-2.0503	0.00026948
5.4007	-2.0142	0.00040411
5.4007	-1.9781	0.00021969
5.4007	-1.9058	0.00023041
5.4007	-1.8697	0.00065072
5.4007	-1.8336	0.00064615
5.4007	-1.7974	0.00019571
5.4007	-1.7251	0.00062617
5.4007	-1.689	0.0010815
5.4007	-1.6529	0.00069967
5.4007	-1.5806	0.00038848
5.4007	-1.5445	0.0012427
5.4007	-1.5084	0.0012764
5.4007	-1.4723	0.00037996
5.4007	-1.4362	0.00017409
5.4007	-1.4	0.0013852
5.4007	-1.3639	0.0023373
5.4007	-1.3277	0.0014891
5.4007	-1.2916	0.00017177
5.4007	-1.2555	0.00068576
5.4007	-1.2193	0.0024377
5.4007	-1.1832	0.0026579
5.4007	-1.1471	0.00096264
5.4007	-1.0749	0.0013101
5.4007	-1.0387	0.0022866
5.4007	-1.0026	0.0022681
5.4007	-0.96645	0.005188
5.4007	-0.93032	0.013352
5.4007	-0.89419	0.020437
5.4007	-0.85806	0.017547
5.4007	-0.82193	0.0066262
5.4007	-0.7858	0.00043605
5.4007	-0.74968	0.0057235
5.4007	-0.71355	0.013216
5.4007	-0.67742	0.010988
5.4007	-0.64129	0.0025315
5.4007	-0.60516	0.0015434
5.4007	-0.56903	0.010322
5.4007	-0.5329	0.015424
5.4007	-0.49677	0.008645
5.4007	-0.46064	0.00076171
5.4007	-0.42451	0.0050917
5.4007	-0.38838	0.015771
5.4007	-0.35226	0.016107
5.4007	-0.31613	0.0053719
5.4007	-0.28	0.0011075
5.4007	-0.24387	0.011272
5.4007	-0.20774	0.020182
5.4007	-0.17162	0.013022
5.4007	-0.13549	0.001475
5.4007	-0.099357	0.0071657
5.4007	-0.063226	0.025602
5.4007	-0.027097	0.029287
5.4007	0.0090325	0.011185
5.4007	0.045162	0.0018303
5.4007	0.081291	0.025551
5.4007	0.11742	0.056203
5.4007	0.15355	0.047245
5.4007	0.18968	0.0088649
5.4007	0.2258	0.024712
5.4007	0.26194	0.16556
5.4007	0.29807	0.39246
5.4007	0.3342	0.56898
5.4007	0.37032	0.5792
5.4007	0.40645	0.42741
5.4007	0.44258	0.22109
5.4007	0.47871	0.069639
5.4007	0.51484	0.0076412
5.4007	0.55097	0.0021733
5.4007	0.5871	0.0084343
5.4007	0.62323	0.0073681
5.4007	0.65936	0.0024637
5.4007	0.69549	0.00013153
5.4007	0.73162	0.00052285
5.4007	0.76774	0.0009851
5.4007	0.80387	0.00061035
5.4007	0.84	0.0001263
5.4007	1.6349	0.00026565
5.4007	1.6709	0.00050203
5.4007	1.7071	0.00064036
5.4007	1.7432	0.00056218
5.4007	1.7793	0.00032115
5.4244	-2.3755	0.00050402
5.4244	-2.3393	0.0010568
5.4244	-2.3033	0.001361
5.4244	-2.2671	0.0011679
5.4244	-2.2309	0.00065807
5.4244	-2.1948	0.00022092
5.4244	-1.8697	0.0002966
5.4244	-1.8336	0.00029647
5.4244	-1.7251	0.00045222
5.4244	-1.689	0.00075086
5.4244	-1.6529	0.00046911
5.4244	-1.5806	0.00035538
5.4244	-1.5445	0.0010757
5.4244	-1.5084	0.0010675
5.4244	-1.4723	0.00028085
5.4244	-1.4362	0.00025134
5.4244	-1.4	0.0016501
5.4244	-1.3639	0.0026675
5.4244	-1.3277	0.001604
5.4244	-1.2916	0.00014736
5.4244	-1.2555	0.0013969
5.4244	-1.2193	0.0045766
5.4244	-1.1832	0.0051097
5.4244	-1.1471	0.0017782
5.4244	-1.111	0.00065739
5.4244	-1.0749	0.0080131
5.4244	-1.0387	0.020554
5.4244	-1.0026	0.027388
5.4244	-0.96645	0.022525
5.4244	-0.93032	0.011443
5.4244	-0.89419	0.0033523
5.4244	-0.85806	0.00080529
5.4244	-0.82193	0.00033882
5.4244	-0.74968	0.0011905
5.4244	-0.71355	0.0030827
5.4244	-0.67742	0.0027671
5.4244	-0.64129	0.00056338
5.4244	-0.60516	0.00085931
5.4244	-0.56903	0.0047255
5.4244	-0.5329	0.00678
5.4244	-0.49677	0.0035265
5.4244	-0.46064	0.00027207
5.4244	-0.42451	0.0035238
5.4244	-0.38838	0.0096179
5.4244	-0.35226	0.0092315
5.4244	-0.31613	0.0026938
5.4244	-0.28	0.00099357
5.4244	-0.24387	0.0083291
5.4244	-0.20774	0.01375
5.4244	-0.17162	0.0080835
5.4244	-0.13549	0.00074274
5.4244	-0.099357	0.006711
5.4244	-0.063226	0.020771
5.4244	-0.027097	0.021903
5.4244	0.0090325	0.0071212
5.4244	0.045162	0.0023877
5.4244	0.081291	0.025181
5.4244	0.11742	0.050006
5.4244	0.15355	0.038185
5.4244	0.18968	0.0053764
5.4244	0.2258	0.031965
5.4244	0.26194	0.18056
5.4244	0.29807	0.40717
5.4244	0.3342	0.57662
5.4244	0.37032	0.57788
5.4244	0.40645	0.41974
5.4244	0.44258	0.21189
5.4244	0.47871	0.063213
5.4244	0.51484	0.0056693
5.4244	0.55097	0.0033465
5.4244	0.5871	0.010199
5.4244	0.62323	0.0081745
5.4244	0.65936	0.0024575
5.4244	0.73162	0.00079312
5.4244	0.76774	0.0012998
5.4244	0.80387	0.00074187
5.4244	0.84	0.00012973
5.4244	1.7071	0.00018027
5.4244	1.7432	0.00020025
5.4244	1.7793	0.00013275
5.4482	-2.4116	0.00021917
5.4482	-2.3755	0.0010102
5.4482	-2.3393	0.0022396
5.4482	-2.3033	0.0032094
5.4482	-2.2671	0.0032198
5.4482	-2.2309	0.0022613
5.4482	-2.1948	0.0010323
5.4482	-2.1587	0.00023906
5.4482	-1.7251	0.00023632
5.4482	-1.689	0.00039488
5.4482	-1.6529	0.0002466
5.4482	-1.5806	0.00024882
5.4482	-1.5445	0.00073162
5.4482	-1.5084	0.00070655
5.4482	-1.4723	0.00016355
5.4482	-1.4362	0.00027747
5.4482	-1.4	0.0015369
5.4482	-1.3639	0.0023622
5.4482	-1.3277	0.0013041
5.4482	-1.2555	0.0019685
5.4482	-1.2193	0.0058466
5.4482	-1.1832	0.0062897
5.4482	-1.1471	0.001887
5.4482	-1.111	0.0017826
5.4482	-1.0749	0.01786
5.4482	-1.0387	0.048644
5.4482	-1.0026	0.075444
5.4482	-0.96645	0.078798
5.4482	-0.93032	0.057523
5.4482	-0.89419	0.028385
5.4482	-0.85806	0.0083072
5.4482	-0.82193	0.00093196
5.4482	-0.74968	0.00016108
5.4482	-0.71355	0.00015055
5.4482	-0.67742	0.00017553
5.4482	-0.60516	0.00025136
5.4482	-0.56903	0.0012986
5.4482	-0.5329	0.0019512
5.4482	-0.49677	0.0009799
5.4482	-0.42451	0.0018948
5.4482	-0.38838	0.0047436
5.4482	-0.35226	0.0043742
5.4482	-0.31613	0.001118
5.4482	-0.28	0.000747
5.4482	-0.24387	0.0052413
5.4482	-0.20774	0.0081118
5.4482	-0.17162	0.00435
5.4482	-0.13549	0.00039376
5.4482	-0.099357	0.0054555
5.4482	-0.063226	0.014968
5.4482	-0.027097	0.014595
5.4482	0.0090325	0.0039389
5.4482	0.045162	0.002792
5.4482	0.081291	0.022279
5.4482	0.11742	0.040301
5.4482	0.15355	0.027782
5.4482	0.18968	0.0029857
5.4482	0.2258	0.036648
5.4482	0.26194	0.17965
5.4482	0.29807	0.38756
5.4482	0.3342	0.53711
5.4482	0.37032	0.53014
5.4482	0.40645	0.37875
5.4482	0.44258	0.18615
5.4482	0.47871	0.052197
5.4482	0.51484	0.0036759
5.4482	0.55097	0.0045015
5.4482	0.5871	0.011156
5.4482	0.62323	0.0082139
5.4482	0.65936	0.0021881
5.4482	0.73162	0.0010629
5.4482	0.76774	0.0015341
5.4482	0.80387	0.00080225
5.4482	0.91226	0.00015379
5.4482	0.94839	0.00012127
5.4482	1.5987	0.00015093
5.4482	1.6349	0.00015607
5.4721	-2.4116	0.00033413
5.4721	-2.3755	0.0014464
5.4721	-2.3393	0.0032406
5.4721	-2.3033	0.0048218
5.4721	-2.2671	0.0051085
5.4721	-2.2309	0.0038415
5.4721	-2.1948	0.0018961
5.4721	-2.1587	0.00046782
5.4721	-2.0865	0.00012668
5.4721	-2.0503	0.00020925
5.4721	-1.689	0.00013269
5.4721	-1.5445	0.00036401
5.4721	-1.5084	0.00035537
5.4721	-1.4362	0.00023063
5.4721	-1.4	0.0011195
5.4721	-1.3639	0.0016468
5.4721	-1.3277	0.0008209
5.4721	-1.2555	0.0021246
5.4721	-1.2193	0.00575
5.4721	-1.1832	0.0058396
5.4721	-1.1471	0.0014192
5.4721	-1.111	0.0031759
5.4721	-1.0749	0.02627
5.4721	-1.0387	0.071354
5.4721	-1.0026	0.11579
5.4721	-0.96645	0.13001
5.4721	-0.93032	0.10453
5.4721	-0.89419	0.058362
5.4721	-0.85806	0.019853
5.4721	-0.82193	0.0025223
5.4721	-0.7858	0.00040381
5.4721	-0.74968	0.0017927
5.4721	-0.71355	0.0014756
5.4721	-0.67742	0.00043718
5.4721	-0.5329	0.00016938
5.4721	-0.42451	0.00065991
5.4721	-0.38838	0.001636
5.4721	-0.35226	0.0015347
5.4721	-0.31613	0.00035545
5.4721	-0.28	0.0004238
5.4721	-0.24387	0.0026339
5.4721	-0.20774	0.0039319
5.4721	-0.17162	0.0019419
5.4721	-0.13549	0.00024078
5.4721	-0.099357	0.0037435
5.4721	-0.063226	0.0093285
5.4721	-0.027097	0.0084544
5.4721	0.0090325	0.0018372
5.4721	0.045162	0.0027857
5.4721	0.081291	0.017491
5.4721	0.11742	0.029074
5.4721	0.15355	0.017959
5.4721	0.18968	0.0017892
5.4721	0.2258	0.037261
5.4721	0.26194	0.16239
5.4721	0.29807	0.33717
5.4721	0.3342	0.45853
5.4721	0.37032	0.44634
5.4721	0.40645	0.31374
5.4721	0.44258	0.14988
5.4721	0.47871	0.039188
5.4721	0.51484	0.0020981
5.4721	0.55097	0.0053435
5.4721	0.5871	0.011102
5.4721	0.62323	0.007515
5.4721	0.65936	0.0017445
5.4721	0.69549	0.00014906
5.4721	0.73162	0.0012759
5.4721	0.76774	0.0016393
5.4721	0.80387	0.00078138
5.4721	0.91226	0.0001957
5.4721	0.94839	0.0001398
5.4721	1.4181	0.00015952
5.4721	1.4542	0.00016604
5.4721	1.5626	0.00029648
5.4721	1.5987	0.00072212
5.4721	1.6349	0.00096313
5.4721	1.6709	0.00083914
5.4721	1.7071	0.00049378
5.4721	1.7432	0.00018741
5.4959	-2.4116	0.00040319
5.4959	-2.3755	0.0016448
5.4959	-2.3393	0.0036753
5.4959	-2.3033	0.0055563
5.4959	-2.2671	0.0060303
5.4959	-2.2309	0.0046555
5.4959	-2.1948	0.0023408
5.4959	-2.1587	0.00056046
5.4959	-2.0865	0.0002652
5.4959	-2.0503	0.00043619
5.4959	-2.0142	0.00026488
5.4959	-1.4362	0.00013148
5.4959	-1.4	0.000595
5.4959	-1.3639	0.00086061
5.4959	-1.3277	0.00038408
5.4959	-1.2916	0.00012729
5.4959	-1.2555	0.0017889
5.4959	-1.2193	0.0044733
5.4959	-1.1832	0.0042592
5.4959	-1.1471	0.00079745
5.4959	-1.111	0.0041925
5.4959	-1.0749	0.02952
5.4959	-1.0387	0.078902
5.4959	-1.0026	0.13035
5.4959	-0.96645	0.1511
5.4959	-0.93032	0.12634
5.4959	-0.89419	0.07345
5.4959	-0.85806	0.025637
5.4959	-0.82193	0.0029936
5.4959	-0.7858	0.0011297
5.4959	-0.74968	0.0044638
5.4959	-0.71355	0.0041115
5.4959	-0.67742	0.0014448
5.4959	-0.60516	0.00026769
5.4959	-0.56903	0.00046007
5.4959	-0.5329	0.00023536
5.4959	-0.38838	0.00023456
5.4959	-0.35226	0.00028535
5.4959	-0.28	0.000147
5.4959	-0.24387	0.0009026
5.4959	-0.20774	0.00139
5.4959	-0.17162	0.00065651
5.4959	-0.13549	0.00014463
5.4959	-0.099357	0.0020382
5.4959	-0.063226	0.0047688
5.4959	-0.027097	0.0040651
5.4959	0.0090325	0.00068908
5.4959	0.045162	0.0023048
5.4959	0.081291	0.011906
5.4959	0.11742	0.018374
5.4959	0.15355	0.010084
5.4959	0.18968	0.0014215
5.4959	0.2258	0.033357
5.4959	0.26194	0.13204
5.4959	0.29807	0.26575
5.4959	0.3342	0.35608
5.4959	0.37032	0.34273
5.4959	0.40645	0.23734
5.4959	0.44258	0.11013
5.4959	0.47871	0.026619
5.4959	0.51484	0.001108
5.4959	0.55097	0.005635
5.4959	0.5871	0.010061
5.4959	0.62323	0.0062655
5.4959	0.65936	0.0012422
5.4959	0.69549	0.00021188
5.4959	0.73162	0.0013827
5.4959	0.76774	0.0015954
5.4959	0.80387	0.0006893
5.4959	0.91226	0.00022326
5.4959	0.94839	0.0001447
5.4959	1.4181	0.00028811
5.4959	1.4542	0.00028311
5.4959	1.5626	0.00077615
5.4959	1.5987	0.0019001
5.4959	1.6349	0.0026935
5.4959	1.6709	0.0025906
5.4959	1.7071	0.0017547
5.4959	1.7432	0.00081143
5.4959	1.7793	0.00022445
5.5198	-2.4116	0.00039608
5.5198	-2.3755	0.0015376
5.5198	-2.3393	0.0034208
5.5198	-2.3033	0.0052216
5.5198	-2.2671	0.0057454
5.5198	-2.2309	0.0044852
5.5198	-2.1948	0.0022464
5.5198	-2.1587	0.00050093
5.5198	-2.0865	0.00038723
5.5198	-2.0503	0.00060334
5.5198	-2.0142	0.00035899
5.5198	-1.9058	0.00020358
5.5198	-1.8697	0.000218
5.5198	-1.4	0.00017984
5.5198	-1.3639	0.00028136
5.5198	-1.2555	0.0011235
5.5198	-1.2193	0.0026638
5.5198	-1.1832	0.0023873
5.5198	-1.1471	0.0003409
5.5198	-1.111	0.0042419
5.5198	-1.0749	0.026314
5.5198	-1.0387	0.069426
5.5198	-1.0026	0.11619
5.5198	-0.96645	0.13758
5.5198	-0.93032	0.11764
5.5198	-0.89419	0.069491
5.5198	-0.85806	0.023976
5.5198	-0.82193	0.002385
5.5198	-0.7858	0.0019623
5.5198	-0.74968	0.0065705
5.5198	-0.71355	0.0059961
5.5198	-0.67742	0.0020634
5.5198	-0.60516	0.00084345
5.5198	-0.56903	0.0015492
5.5198	-0.5329	0.00098719
5.5198	-0.49677	0.00020212
5.5198	-0.24387	0.00012704
5.5198	-0.20774	0.0002491
5.5198	-0.17162	0.00013208
5.5198	-0.099357	0.00075166
5.5198	-0.063226	0.0017689
5.5198	-0.027097	0.0014665
5.5198	0.0090325	0.00019294
5.5198	0.045162	0.0015064
5.5198	0.081291	0.0067086
5.5198	0.11742	0.0097653
5.5198	0.15355	0.0047222
5.5198	0.18968	0.001337
5.5198	0.2258	0.02581
5.5198	0.26194	0.094773
5.5198	0.29807	0.18664
5.5198	0.3342	0.24795
5.5198	0.37032	0.23708
5.5198	0.40645	0.16225
5.5198	0.44258	0.073165
5.5198	0.47871	0.016196
5.5198	0.51484	0.00063453
5.5198	0.55097	0.0052865
5.5198	0.5871	0.0082802
5.5198	0.62323	0.0047447
5.5198	0.65936	0.00078349
5.5198	0.69549	0.00027676
5.5198	0.73162	0.0013568
5.5198	0.76774	0.0014165
5.5198	0.80387	0.00055112
5.5198	0.91226	0.00023053
5.5198	0.94839	0.00013568
5.5198	1.382	0.00018245
5.5198	1.4181	0.00044198
5.5198	1.4542	0.0004023
5.5198	1.5265	0.00022887
5.5198	1.5626	0.0015754
5.5198	1.5987	0.003761
5.5198	1.6349	0.0054005
5.5198	1.6709	0.0053576
5.5198	1.7071	0.0037889
5.5198	1.7432	0.0018444
5.5198	1.7793	0.00053505
5.5435	-2.4116	0.00031414
5.5435	-2.3755	0.0011782
5.5435	-2.3393	0.0026263
5.5435	-2.3033	0.0040572
5.5435	-2.2671	0.0045228
5.5435	-2.2309	0.0035562
5.5435	-2.1948	0.001758
5.5435	-2.1587	0.00035524
5.5435	-2.0865	0.00044166
5.5435	-2.0503	0.00064432
5.5435	-2.0142	0.0003641
5.5435	-1.9058	0.00031207
5.5435	-1.8697	0.00032807
5.5435	-1.8336	0.00012538
5.5435	-1.7251	0.00015445
5.5435	-1.2555	0.00044207
5.5435	-1.2193	0.0010608
5.5435	-1.1832	0.00092187
5.5435	-1.1471	0.00012213
5.5435	-1.111	0.0032016
5.5435	-1.0749	0.018217
5.5435	-1.0387	0.048228
5.5435	-1.0026	0.082517
5.5435	-0.96645	0.10024
5.5435	-0.93032	0.087633
5.5435	-0.89419	0.05232
5.5435	-0.85806	0.017597
5.5435	-0.82193	0.0014228
5.5435	-0.7858	0.0024921
5.5435	-0.74968	0.0071575
5.5435	-0.71355	0.0062851
5.5435	-0.67742	0.0020079
5.5435	-0.64129	0.00012971
5.5435	-0.60516	0.0014436
5.5435	-0.56903	0.0025224
5.5435	-0.5329	0.0016193
5.5435	-0.49677	0.00029728
5.5435	-0.42451	0.00054352
5.5435	-0.38838	0.00053985
5.5435	-0.35226	0.00017903
5.5435	-0.063226	0.00032033
5.5435	-0.027097	0.000296
5.5435	0.045162	0.00068786
5.5435	0.081291	0.0028175
5.5435	0.11742	0.0040012
5.5435	0.15355	0.0017005
5.5435	0.18968	0.0011207
5.5435	0.2258	0.016583
5.5435	0.26194	0.057919
5.5435	0.29807	0.11325
5.5435	0.3342	0.1508
5.5435	0.37032	0.14446
5.5435	0.40645	0.098316
5.5435	0.44258	0.043205
5.5435	0.47871	0.008674
5.5435	0.51484	0.0004726
5.5435	0.55097	0.0043891
5.5435	0.5871	0.0061388
5.5435	0.62323	0.0032372
5.5435	0.65936	0.00043183
5.5435	0.69549	0.00031621
5.5435	0.73162	0.0012041
5.5435	0.76774	0.0011447
5.5435	0.80387	0.0003979
5.5435	0.87613	0.00012867
5.5435	0.91226	0.00021633
5.5435	1.2735	0.00013001
5.5435	1.382	0.00027132
5.5435	1.4181	0.00059688
5.5435	1.4542	0.00049655
5.5435	1.5265	0.00045913
5.5435	1.5626	0.0026968
5.5435	1.5987	0.0062173
5.5435	1.6349	0.0088827
5.5435	1.6709	0.008871
5.5435	1.7071	0.0063445
5.5435	1.7432	0.003115
5.5435	1.7793	0.00089116
5.5435	1.8878	0.00012152
5.5674	-2.4116	0.00019089
5.5674	-2.3755	0.00071008
5.5674	-2.3393	0.0016133
5.5674	-2.3033	0.0025534
5.5674	-2.2671	0.0029081
5.5674	-2.2309	0.0023135
5.5674	-2.1948	0.0011277
5.5674	-2.1587	0.0002019
5.5674	-2.0865	0.00040867
5.5674	-2.0503	0.00055839
5.5674	-2.0142	0.00029486
5.5674	-1.9058	0.00036538
5.5674	-1.8697	0.00036675
5.5674	-1.8336	0.00012804
5.5674	-1.7613	0.00014874
5.5674	-1.7251	0.00026653
5.5674	-1.689	0.00016434
5.5674	-1.5806	0.00019163
5.5674	-1.5445	0.00017883
5.5674	-1.2193	0.00016424
5.5674	-1.1832	0.00016308
5.5674	-1.111	0.0015773
5.5674	-1.0749	0.0088091
5.5674	-1.0387	0.02446
5.5674	-1.0026	0.044177
5.5674	-0.96645	0.056338
5.5674	-0.93032	0.051179
5.5674	-0.89419	0.031183
5.5674	-0.85806	0.010221
5.5674	-0.82193	0.00066035
5.5674	-0.7858	0.002432
5.5674	-0.74968	0.0061479
5.5674	-0.71355	0.0051649
5.5674	-0.67742	0.0014931
5.5674	-0.64129	0.00016993
5.5674	-0.60516	0.0017749
5.5674	-0.56903	0.0028946
5.5674	-0.5329	0.0017845
5.5674	-0.49677	0.00027262
5.5674	-0.46064	0.00025537
5.5674	-0.42451	0.0010438
5.5674	-0.38838	0.0010752
5.5674	-0.35226	0.00038479
5.5674	-0.28	0.0003237
5.5674	-0.24387	0.00047937
5.5674	-0.20774	0.00024747
5.5674	0.045162	0.00014338
5.5674	0.081291	0.00064185
5.5674	0.11742	0.00099508
5.5674	0.15355	0.00038355
5.5674	0.18968	0.00067426
5.5674	0.2258	0.0080703
5.5674	0.26194	0.027932
5.5674	0.29807	0.055787
5.5674	0.3342	0.076105
5.5674	0.37032	0.074297
5.5674	0.40645	0.05094
5.5674	0.44258	0.021988
5.5674	0.47871	0.0039673
5.5674	0.51484	0.00041215
5.5674	0.55097	0.0031779
5.5674	0.5871	0.0040365
5.5674	0.62323	0.0019603
5.5674	0.65936	0.00020402
5.5674	0.69549	0.00031203
5.5674	0.73162	0.00096014
5.5674	0.76774	0.00083621
5.5674	0.80387	0.00025715
5.5674	0.87613	0.00012628
5.5674	0.91226	0.00018446
5.5674	1.2735	0.00013529
5.5674	1.382	0.00036112
5.5674	1.4181	0.0007233
5.5674	1.4542	0.00054343
5.5674	1.5265	0.00079154
5.5674	1.5626	0.0040536
5.5674	1.5987	0.0089987
5.5674	1.6349	0.012689
5.5674	1.6709	0.012615
5.5674	1.7071	0.0089938
5.5674	1.7432	0.0043698
5.5674	1.7793	0.0011985
5.5674	1.8878	0.0002351
5.5674	1.9239	0.00016362
5.5912	-2.3755	0.00029996
5.5912	-2.3393	0.00072452
5.5912	-2.3033	0.001213
5.5912	-2.2671	0.0014463
5.5912	-2.2309	0.001185
5.5912	-2.1948	0.00057492
5.5912	-2.0865	0.00030655
5.5912	-2.0503	0.00039497
5.5912	-2.0142	0.00019283
5.5912	-1.942	0.00012627
5.5912	-1.9058	0.00034632
5.5912	-1.8697	0.00032824
5.5912	-1.7613	0.00019744
5.5912	-1.7251	0.00033287
5.5912	-1.689	0.00020138
5.5912	-1.5806	0.00030132
5.5912	-1.5445	0.00028943
5.5912	-1.4362	0.00021628
5.5912	-1.4	0.00034203
5.5912	-1.3639	0.00020782
5.5912	-1.111	0.00029421
5.5912	-1.0749	0.0020113
5.5912	-1.0387	0.0068863
5.5912	-1.0026	0.01468
5.5912	-0.96645	0.021247
5.5912	-0.93032	0.021191
5.5912	-0.89419	0.013693
5.5912	-0.85806	0.0044699
5.5912	-0.82193	0.00024721
5.5912	-0.7858	0.0018052
5.5912	-0.74968	0.0041592
5.5912	-0.71355	0.0033687
5.5912	-0.67742	0.00086873
5.5912	-0.64129	0.00020407
5.5912	-0.60516	0.0016968
5.5912	-0.56903	0.0025893
5.5912	-0.5329	0.0015088
5.5912	-0.49677	0.00018385
5.5912	-0.46064	0.00038686
5.5912	-0.42451	0.0013457
5.5912	-0.38838	0.0013525
5.5912	-0.35226	0.00046778
5.5912	-0.28	0.00056312
5.5912	-0.24387	0.00089182
5.5912	-0.20774	0.00050389
5.5912	-0.13549	0.00014728
5.5912	-0.099357	0.0004314
5.5912	-0.063226	0.00037572
5.5912	0.18968	0.00020095
5.5912	0.2258	0.0022742
5.5912	0.26194	0.0086944
5.5912	0.29807	0.01916
5.5912	0.3342	0.02833
5.5912	0.37032	0.029393
5.5912	0.40645	0.020946
5.5912	0.44258	0.009069
5.5912	0.47871	0.0014653
5.5912	0.51484	0.00032687
5.5912	0.55097	0.0019444
5.5912	0.5871	0.0022864
5.5912	0.62323	0.0010255
5.5912	0.69549	0.00026313
5.5912	0.73162	0.00067863
5.5912	0.76774	0.00054485
5.5912	0.80387	0.00014645
5.5912	0.91226	0.00014224
5.5912	1.2735	0.00012775
5.5912	1.382	0.00043469
5.5912	1.4181	0.00079468
5.5912	1.4542	0.00053246
5.5912	1.5265	0.0012021
5.5912	1.5626	0.0054679
5.5912	1.5987	0.011687
5.5912	1.6349	0.016202
5.5912	1.6709	0.015943
5.5912	1.7071	0.011243
5.5912	1.7432	0.0053482
5.5912	1.7793	0.0013803
5.5912	1.8516	0.00018645
5.5912	1.8878	0.00037402
5.5912	1.9239	0.00024449
5.6151	-2.3393	0.00018971
5.6151	-2.3033	0.00036252
5.6151	-2.2671	0.00048166
5.6151	-2.2309	0.00042643
5.6151	-2.1948	0.00021273
5.6151	-2.0865	0.0001791
5.6151	-2.0503	0.00022081
5.6151	-1.9058	0.00026895
5.6151	-1.8697	0.00023954
5.6151	-1.7613	0.00021092
5.6151	-1.7251	0.00033227
5.6151	-1.689	0.00019205
5.6151	-1.6167	0.00012563
5.6151	-1.5806	0.00036021
5.6151	-1.5445	0.00033793
5.6151	-1.4362	0.00038028
5.6151	-1.4	0.00059747
5.6151	-1.3639	0.00035964
5.6151	-1.2916	0.00015787
5.6151	-1.2555	0.00053199
5.6151	-1.2193	0.00055374
5.6151	-1.1832	0.00019242
5.6151	-1.111	0.00022656
5.6151	-1.0749	0.00038729
5.6151	-1.0387	0.00050671
5.6151	-1.0026	0.0013673
5.6151	-0.96645	0.003133
5.6151	-0.93032	0.0043406
5.6151	-0.89419	0.0034664
5.6151	-0.85806	0.0012421
5.6151	-0.7858	0.00093078
5.6151	-0.74968	0.0020738
5.6151	-0.71355	0.0016666
5.6151	-0.67742	0.00038384
5.6151	-0.64129	0.00019178
5.6151	-0.60516	0.0012703
5.6151	-0.56903	0.0018396
5.6151	-0.5329	0.0010108
5.6151	-0.46064	0.00043885
5.6151	-0.42451	0.0013314
5.6151	-0.38838	0.0012876
5.6151	-0.35226	0.00041571
5.6151	-0.28	0.00070727
5.6151	-0.24387	0.0011047
5.6151	-0.20774	0.0006141
5.6151	-0.13549	0.0003096
5.6151	-0.099357	0.00088304
5.6151	-0.063226	0.00082676
5.6151	-0.027097	0.00025745
5.6151	0.045162	0.00031251
5.6151	0.081291	0.00047829
5.6151	0.11742	0.00025605
5.6151	0.2258	0.00014148
5.6151	0.26194	0.00076952
5.6151	0.29807	0.002645
5.6151	0.3342	0.0053497
5.6151	0.37032	0.0068651
5.6151	0.40645	0.0056284
5.6151	0.44258	0.0026144
5.6151	0.47871	0.00038666
5.6151	0.51484	0.00019589
5.6151	0.55097	0.00093862
5.6151	0.5871	0.0010522
5.6151	0.62323	0.00044004
5.6151	0.69549	0.00018511
5.6151	0.73162	0.00041401
5.6151	0.76774	0.000309
5.6151	1.382	0.00047564
5.6151	1.4181	0.0007954
5.6151	1.4542	0.00046838
5.6151	1.5265	0.0016327
5.6151	1.5626	0.0067006
5.6151	1.5987	0.013808
5.6151	1.6349	0.018787
5.6151	1.6709	0.018239
5.6151	1.7071	0.012662
5.6151	1.7432	0.0058556
5.6151	1.7793	0.0014002
5.6151	1.8516	0.00029592
5.6151	1.8878	0.00051518
5.6151	1.9239	0.00031307
5.6389	-1.9058	0.00016721
5.6389	-1.8697	0.00013972
5.6389	-1.7613	0.00018597
5.6389	-1.7251	0.00027425
5.6389	-1.689	0.00014986
5.6389	-1.6167	0.00012971
5.6389	-1.5806	0.00034914
5.6389	-1.5445	0.00031336
5.6389	-1.4362	0.00049604
5.6389	-1.4	0.00074402
5.6389	-1.3639	0.00041751
5.6389	-1.2916	0.00036669
5.6389	-1.2555	0.0011226
5.6389	-1.2193	0.0011868
5.6389	-1.1832	0.00038544
5.6389	-1.1471	0.00015549
5.6389	-1.111	0.0017246
5.6389	-1.0749	0.0041636
5.6389	-1.0387	0.0052257
5.6389	-1.0026	0.0040195
5.6389	-0.96645	0.0019048
5.6389	-0.93032	0.00057851
5.6389	-0.89419	0.00023387
5.6389	-0.7858	0.00023751
5.6389	-0.74968	0.00060635
5.6389	-0.71355	0.00053404
5.6389	-0.64129	0.00012424
5.6389	-0.60516	0.00070278
5.6389	-0.56903	0.00099815
5.6389	-0.5329	0.00052411
5.6389	-0.46064	0.00038281
5.6389	-0.42451	0.0010446
5.6389	-0.38838	0.00097608
5.6389	-0.35226	0.0002915
5.6389	-0.28	0.00069357
5.6389	-0.24387	0.0010471
5.6389	-0.20774	0.00055315
5.6389	-0.13549	0.00044448
5.6389	-0.099357	0.0011729
5.6389	-0.063226	0.0010775
5.6389	-0.027097	0.00030259
5.6389	0.045162	0.00078853
5.6389	0.081291	0.0012787
5.6389	0.11742	0.00077569
5.6389	0.18968	0.00035355
5.6389	0.2258	0.0013226
5.6389	0.26194	0.0017457
5.6389	0.29807	0.0011994
5.6389	0.3342	0.00049667
5.6389	0.37032	0.00033774
5.6389	0.40645	0.00044656
5.6389	0.44258	0.0003106
5.6389	0.55097	0.00029867
5.6389	0.5871	0.0003419
5.6389	0.62323	0.00013788
5.6389	0.73162	0.00020668
5.6389	0.76774	0.00014551
5.6389	1.382	0.00047354
5.6389	1.4181	0.00072556
5.6389	1.4542	0.00036885
5.6389	1.5265	0.0020005
5.6389	1.5626	0.0075072
5.6389	1.5987	0.014947
5.6389	1.6349	0.019952
5.6389	1.6709	0.019077
5.6389	1.7071	0.013001
5.6389	1.7432	0.0058129
5.6389	1.7793	0.0012682
5.6389	1.8516	0.00041203
5.6389	1.8878	0.00063109
5.6389	1.9239	0.00035414
5.6626	-2.3755	0.00018157
5.6626	-2.3393	0.00023189
5.6626	-2.3033	0.0002046
5.6626	-2.2671	0.00012581
5.6626	-1.7613	0.00013485
5.6626	-1.7251	0.00018754
5.6626	-1.5806	0.00027924
5.6626	-1.5445	0.00023805
5.6626	-1.4362	0.00051806
5.6626	-1.4	0.00073219
5.6626	-1.3639	0.00037077
5.6626	-1.2916	0.00058184
5.6626	-1.2555	0.0016016
5.6626	-1.2193	0.0016191
5.6626	-1.1832	0.00044311
5.6626	-1.1471	0.00048468
5.6626	-1.111	0.0043973
5.6626	-1.0749	0.011333
5.6626	-1.0387	0.016749
5.6626	-1.0026	0.016661
5.6626	-0.96645	0.011526
5.6626	-0.93032	0.0053309
5.6626	-0.89419	0.0014261
5.6626	-0.85806	0.00013452
5.6626	-0.60516	0.00023304
5.6626	-0.56903	0.00035759
5.6626	-0.5329	0.00019027
5.6626	-0.46064	0.00024713
5.6626	-0.42451	0.00063377
5.6626	-0.38838	0.00058515
5.6626	-0.35226	0.00016398
5.6626	-0.28	0.00053699
5.6626	-0.24387	0.00078701
5.6626	-0.20774	0.00039112
5.6626	-0.13549	0.00048653
5.6626	-0.099357	0.0011817
5.6626	-0.063226	0.0010362
5.6626	-0.027097	0.00024674
5.6626	0.0090325	0.00017802
5.6626	0.045162	0.0012034
5.6626	0.081291	0.0018878
5.6626	0.11742	0.0011092
5.6626	0.18968	0.0011354
5.6626	0.2258	0.0044268
5.6626	0.26194	0.0074629
5.6626	0.29807	0.0077575
5.6626	0.3342	0.005405
5.6626	0.37032	0.0024932
5.6626	0.40645	0.00069014
5.6626	1.382	0.0004275
5.6626	1.4181	0.00060094
5.6626	1.4542	0.00025789
5.6626	1.4903	0.00014522
5.6626	1.5265	0.0022194
5.6626	1.5626	0.0077051
5.6626	1.5987	0.014864
5.6626	1.6349	0.019475
5.6626	1.6709	0.018328
5.6626	1.7071	0.012238
5.6626	1.7432	0.0052671
5.6626	1.7793	0.0010312
5.6626	1.8516	0.00051177
5.6626	1.8878	0.00069772
5.6626	1.9239	0.00035954
5.6626	2.0323	0.00012701
5.6864	-2.4116	0.00017332
5.6864	-2.3755	0.00036481
5.6864	-2.3393	0.00051063
5.6864	-2.3033	0.00050682
5.6864	-2.2671	0.00035485
5.6864	-2.2309	0.00016227
5.6864	-1.5806	0.00018177
5.6864	-1.5445	0.00014768
5.6864	-1.4362	0.00044293
5.6864	-1.4	0.00058782
5.6864	-1.3639	0.00026139
5.6864	-1.2916	0.00071485
5.6864	-1.2555	0.0017775
5.6864	-1.2193	0.0016795
5.6864	-1.1832	0.0003633
5.6864	-1.1471	0.00096718
5.6864	-1.111	0.0072667
5.6864	-1.0749	0.018691
5.6864	-1.0387	0.028968
5.6864	-1.0026	0.03112
5.6864	-0.96645	0.023905
5.6864	-0.93032	0.012678
5.6864	-0.89419	0.0040321
5.6864	-0.85806	0.00044767
5.6864	-0.7858	0.00036463
5.6864	-0.74968	0.0002688
5.6864	-0.42451	0.00026505
5.6864	-0.38838	0.0002585
5.6864	-0.28	0.00031333
5.6864	-0.24387	0.00045901
5.6864	-0.20774	0.00021714
5.6864	-0.13549	0.00041554
5.6864	-0.099357	0.00093935
5.6864	-0.063226	0.00077944
5.6864	-0.027097	0.00015002
5.6864	0.0090325	0.00025047
5.6864	0.045162	0.0013635
5.6864	0.081291	0.0020249
5.6864	0.11742	0.0010976
5.6864	0.18968	0.0020571
5.6864	0.2258	0.0076444
5.6864	0.26194	0.0136
5.6864	0.29807	0.015648
5.6864	0.3342	0.01263
5.6864	0.37032	0.0071613
5.6864	0.40645	0.0026593
5.6864	0.44258	0.00051248
5.6864	1.382	0.00034697
5.6864	1.4181	0.00044802
5.6864	1.4542	0.00015775
5.6864	1.4903	0.00019023
5.6864	1.5265	0.0022272
5.6864	1.5626	0.0072302
5.6864	1.5987	0.013559
5.6864	1.6349	0.017464
5.6864	1.6709	0.016182
5.6864	1.7071	0.010576
5.6864	1.7432	0.0043645
5.6864	1.7793	0.00075215
5.6864	1.8516	0.00057259
5.6864	1.8878	0.00070165
5.6864	1.9239	0.00033018
5.6864	2.0323	0.00015057
5.6864	2.0684	0.00012923
5.7103	-2.4116	0.00022941
5.7103	-2.3755	0.00049154
5.7103	-2.3393	0.00071685
5.7103	-2.3033	0.00075137
5.7103	-2.2671	0.00056016
5.7103	-2.2309	0.00027245
5.7103	-1.4362	0.00030647
5.7103	-1.4	0.00038287
5.7103	-1.3639	0.00014501
5.7103	-1.2916	0.00070952
5.7103	-1.2555	0.0016073
5.7103	-1.2193	0.0014023
5.7103	-1.1832	0.00022826
5.7103	-1.1471	0.0014369
5.7103	-1.111	0.0092127
5.7103	-1.0749	0.023257
5.7103	-1.0387	0.036623
5.7103	-1.0026	0.040592
5.7103	-0.96645	0.032456
5.7103	-0.93032	0.017979
5.7103	-0.89419	0.0059039
5.7103	-0.85806	0.00060914
5.7103	-0.82193	0.00029676
5.7103	-0.7858	0.0010207
5.7103	-0.74968	0.0008652
5.7103	-0.71355	0.0002749
5.7103	-0.24387	0.00018745
5.7103	-0.13549	0.0002666
5.7103	-0.099357	0.00057605
5.7103	-0.063226	0.00045417
5.7103	0.0090325	0.00026693
5.7103	0.045162	0.0012141
5.7103	0.081291	0.0017012
5.7103	0.11742	0.00082813
5.7103	0.15355	0.00013201
5.7103	0.18968	0.0027034
5.7103	0.2258	0.0094638
5.7103	0.26194	0.017044
5.7103	0.29807	0.020361
5.7103	0.3342	0.01732
5.7103	0.37032	0.010468
5.7103	0.40645	0.0041678
5.7103	0.44258	0.00084161
5.7103	0.51484	0.00012793
5.7103	0.55097	0.00017443
5.7103	1.382	0.00024902
5.7103	1.4181	0.00029588
5.7103	1.4903	0.00021449
5.7103	1.5265	0.0020088
5.7103	1.5626	0.0061623
5.7103	1.5987	0.011284
5.7103	1.6349	0.014323
5.7103	1.6709	0.013086
5.7103	1.7071	0.0083713
5.7103	1.7432	0.0033006
5.7103	1.7793	0.00048926
5.7103	1.8516	0.00057971
5.7103	1.8878	0.00064375
5.7103	1.9239	0.00027494
5.7103	2.0323	0.0001619
5.7103	2.0684	0.00012718
5.734	-2.4116	0.00023264
5.734	-2.3755	0.00050221
5.734	-2.3393	0.00075002
5.734	-2.3033	0.00081015
5.734	-2.2671	0.00062229
5.734	-2.2309	0.00030806
5.734	-1.4362	0.0001628
5.734	-1.4	0.00019355
5.734	-1.2916	0.00057031
5.734	-1.2555	0.0011906
5.734	-1.2193	0.00095169
5.734	-1.1471	0.0016831
5.734	-1.111	0.0094828
5.734	-1.0749	0.023447
5.734	-1.0387	0.037147
5.734	-1.0026	0.041833
5.734	-0.96645	0.034074
5.734	-0.93032	0.019134
5.734	-0.89419	0.0062049
5.734	-0.85806	0.00054376
5.734	-0.82193	0.00055731
5.734	-0.7858	0.0016693
5.734	-0.74968	0.0014185
5.734	-0.71355	0.00044647
5.734	-0.64129	0.00020093
5.734	-0.60516	0.00033174
5.734	-0.56903	0.00019203
5.734	-0.099357	0.00024369
5.734	-0.063226	0.00018799
5.734	0.0090325	0.00021304
5.734	0.045162	0.00084272
5.734	0.081291	0.0011228
5.734	0.11742	0.00048085
5.734	0.15355	0.00017146
5.734	0.18968	0.0027693
5.734	0.2258	0.0091934
5.734	0.26194	0.016602
5.734	0.29807	0.02023
5.734	0.3342	0.017671
5.734	0.37032	0.010972
5.734	0.40645	0.0044431
5.734	0.44258	0.00086638
5.734	0.51484	0.00023576
5.734	0.55097	0.00031345
5.734	0.5871	0.00015227
5.734	1.382	0.0001532
5.734	1.4181	0.0001682
5.734	1.4903	0.00020518
5.734	1.5265	0.0016058
5.734	1.5626	0.0047084
5.734	1.5987	0.0084708
5.734	1.6349	0.01064
5.734	1.6709	0.0096116
5.734	1.7071	0.0060255
5.734	1.7432	0.002263
5.734	1.7793	0.00028064
5.734	1.8155	0.00012522
5.734	1.8516	0.00053119
5.734	1.8878	0.00053828
5.734	1.9239	0.00020714
5.734	2.0323	0.00015854
5.7579	-2.4116	0.00018575
5.7579	-2.3755	0.0004034
5.7579	-2.3393	0.00061445
5.7579	-2.3033	0.00067928
5.7579	-2.2671	0.00053178
5.7579	-2.2309	0.00026336
5.7579	-1.2916	0.00035818
5.7579	-1.2555	0.00070135
5.7579	-1.2193	0.00051177
5.7579	-1.1471	0.001574
5.7579	-1.111	0.0080146
5.7579	-1.0749	0.019518
5.7579	-1.0387	0.031112
5.7579	-1.0026	0.035473
5.7579	-0.96645	0.029231
5.7579	-0.93032	0.016451
5.7579	-0.89419	0.005162
5.7579	-0.85806	0.00036399
5.7579	-0.82193	0.00077764
5.7579	-0.7858	0.0020244
5.7579	-0.74968	0.0016596
5.7579	-0.71355	0.00048491
5.7579	-0.64129	0.00037757
5.7579	-0.60516	0.00060621
5.7579	-0.56903	0.00036033
5.7579	0.045162	0.00041999
5.7579	0.081291	0.00054655
5.7579	0.11742	0.00020268
5.7579	0.15355	0.00017904
5.7579	0.18968	0.0022186
5.7579	0.2258	0.0071026
5.7579	0.26194	0.012925
5.7579	0.29807	0.016059
5.7579	0.3342	0.01433
5.7579	0.37032	0.0090488
5.7579	0.40645	0.0036638
5.7579	0.44258	0.00066665
5.7579	0.51484	0.00030141
5.7579	0.55097	0.00037646
5.7579	0.5871	0.00017798
5.7579	1.4903	0.00016238
5.7579	1.5265	0.001107
5.7579	1.5626	0.0031479
5.7579	1.5987	0.0056169
5.7579	1.6349	0.0070325
5.7579	1.6709	0.0063147
5.7579	1.7071	0.0038916
5.7579	1.7432	0.0013895
5.7579	1.7793	0.00013954
5.7579	1.8155	0.00012966
5.7579	1.8516	0.00043841
5.7579	1.8878	0.00040801
5.7579	1.9239	0.00014026
5.7579	2.0323	0.00014136
5.7818	-2.4116	0.0001211
5.7818	-2.3755	0.00025939
5.7818	-2.3393	0.00039888
5.7818	-2.3033	0.00044889
5.7818	-2.2671	0.0003566
5.7818	-2.2309	0.00017529
5.7818	-1.2916	0.00015819
5.7818	-1.2555	0.00030127
5.7818	-1.2193	0.00020211
5.7818	-1.1471	0.0011439
5.7818	-1.111	0.0054327
5.7818	-1.0749	0.013212
5.7818	-1.0387	0.021366
5.7818	-1.0026	0.024788
5.7818	-0.96645	0.020702
5.7818	-0.93032	0.011652
5.7818	-0.89419	0.0034997
5.7818	-0.85806	0.00019522
5.7818	-0.82193	0.00085713
5.7818	-0.7858	0.001966
5.7818	-0.74968	0.0015337
5.7818	-0.71355	0.00040099
5.7818	-0.64129	0.00051491
5.7818	-0.60516	0.00077684
5.7818	-0.56903	0.00044582
5.7818	-0.46064	0.00024426
5.7818	-0.42451	0.00022619
5.7818	0.081291	0.00015672
5.7818	0.15355	0.00012927
5.7818	0.18968	0.0013046
5.7818	0.2258	0.0041661
5.7818	0.26194	0.0078086
5.7818	0.29807	0.010041
5.7818	0.3342	0.0092411
5.7818	0.37032	0.0059611
5.7818	0.40645	0.0024093
5.7818	0.44258	0.00040128
5.7818	0.51484	0.0002969
5.7818	0.55097	0.00034719
5.7818	0.5871	0.00015608
5.7818	1.5265	0.00062219
5.7818	1.5626	0.0017568
5.7818	1.5987	0.0031627
5.7818	1.6349	0.0039998
5.7818	1.6709	0.0036073
5.7818	1.7071	0.0022012
5.7818	1.7432	0.00074741
5.7818	1.8516	0.00032225
5.7818	1.8878	0.00027725
5.8055	-2.3755	0.00016266
5.8055	-2.3393	0.00022796
5.8055	-2.3033	0.00024499
5.8055	-2.2671	0.00019024
5.8055	-1.1471	0.00058834
5.8055	-1.111	0.002734
5.8055	-1.0749	0.0068434
5.8055	-1.0387	0.011483
5.8055	-1.0026	0.013785
5.8055	-0.96645	0.011812
5.8055	-0.93032	0.0066961
5.8055	-0.89419	0.0019177
5.8055	-0.82193	0.00075849
5.8055	-0.7858	0.0015616
5.8055	-0.74968	0.0011541
5.8055	-0.71355	0.00026166
5.8055	-0.64129	0.00055716
5.8055	-0.60516	0.00078334
5.8055	-0.56903	0.00042282
5.8055	-0.46064	0.00035095
5.8055	-0.42451	0.00032203
5.8055	-0.31613	0.00015093
5.8055	-0.28	0.00021625
5.8055	0.18968	0.00044768
5.8055	0.2258	0.0015664
5.8055	0.26194	0.0032352
5.8055	0.29807	0.0045208
5.8055	0.3342	0.0044462
5.8055	0.37032	0.0030046
5.8055	0.40645	0.001231
5.8055	0.44258	0.00018642
5.8055	0.51484	0.00023017
5.8055	0.55097	0.00025457
5.8055	1.5265	0.0002493
5.8055	1.5626	0.00073621
5.8055	1.5987	0.0013898
5.8055	1.6349	0.0018287
5.8055	1.6709	0.0016945
5.8055	1.7071	0.0010408
5.8055	1.7432	0.00033819
5.8055	1.8516	0.00020634
5.8055	1.8878	0.00016547
5.8294	-2.4116	0.00013764
5.8294	-2.3755	0.00019656
5.8294	-2.3393	0.00020896
5.8294	-2.3033	0.00017188
5.8294	-1.1471	0.00016845
5.8294	-1.111	0.0008402
5.8294	-1.0749	0.0023197
5.8294	-1.0387	0.0042663
5.8294	-1.0026	0.0055326
5.8294	-0.96645	0.0050261
5.8294	-0.93032	0.0029382
5.8294	-0.89419	0.00080846
5.8294	-0.82193	0.00052858
5.8294	-0.7858	0.00099935
5.8294	-0.74968	0.0007007
5.8294	-0.71355	0.00013303
5.8294	-0.64129	0.00049211
5.8294	-0.60516	0.00064484
5.8294	-0.56903	0.0003221
5.8294	-0.49677	0.00014268
5.8294	-0.46064	0.00039276
5.8294	-0.42451	0.00034704
5.8294	-0.31613	0.00020355
5.8294	-0.28	0.0002893
5.8294	-0.24387	0.00014484
5.8294	-0.13549	0.00022227
5.8294	-0.099357	0.0001962
5.8294	0.2258	0.00018734
5.8294	0.26194	0.000575
5.8294	0.29807	0.001067
5.8294	0.3342	0.00128
5.8294	0.37032	0.00099087
5.8294	0.40645	0.00043708
5.8294	0.51484	0.00013524
5.8294	0.55097	0.00014512
5.8294	1.5626	0.00016805
5.8294	1.5987	0.00037827
5.8294	1.6349	0.00056599
5.8294	1.6709	0.000574
5.8294	1.7071	0.00037111
5.8531	-2.4478	0.00014229
5.8531	-2.4116	0.00029664
5.8531	-2.3755	0.00040406
5.8531	-2.3393	0.00039261
5.8531	-2.3033	0.00027516
5.8531	-2.2671	0.00013141
5.8531	-1.111	0.00022645
5.8531	-1.0749	0.00048614
5.8531	-1.0387	0.00089639
5.8531	-1.0026	0.0012946
5.8531	-0.96645	0.0013244
5.8531	-0.93032	0.00084455
5.8531	-0.89419	0.00023083
5.8531	-0.82193	0.00026967
5.8531	-0.7858	0.00048426
5.8531	-0.74968	0.00032523
5.8531	-0.64129	0.00035241
5.8531	-0.60516	0.00043224
5.8531	-0.56903	0.00019695
5.8531	-0.49677	0.00014844
5.8531	-0.46064	0.0003603
5.8531	-0.42451	0.00030362
5.8531	-0.31613	0.00022005
5.8531	-0.28	0.0003017
5.8531	-0.24387	0.00014225
5.8531	-0.17162	0.00013333
5.8531	-0.13549	0.0003202
5.8531	-0.099357	0.00027589
5.8531	0.0090325	0.00018632
5.8531	0.045162	0.00028657
5.8531	0.081291	0.00016518
5.8531	0.18968	0.00024797
5.8531	0.2258	0.00030513
5.8531	0.26194	0.00019682
5.877	-2.4478	0.00027163
5.877	-2.4116	0.00056139
5.877	-2.3755	0.00077135
5.877	-2.3393	0.00075813
5.877	-2.3033	0.00053269
5.877	-2.2671	0.00024827
5.877	-1.2916	0.00016549
5.877	-1.2555	0.00015409
5.877	-1.1471	0.00034466
5.877	-1.111	0.00078394
5.877	-1.0749	0.0010188
5.877	-1.0387	0.00090218
5.877	-1.0026	0.00060057
5.877	-0.96645	0.00033428
5.877	-0.93032	0.00015613
5.877	-0.7858	0.00015131
5.877	-0.64129	0.0001953
5.877	-0.60516	0.0002261
5.877	-0.49677	0.0001264
5.877	-0.46064	0.00027432
5.877	-0.42451	0.00022039
5.877	-0.31613	0.0001959
5.877	-0.28	0.00025706
5.877	-0.17162	0.00016123
5.877	-0.13549	0.00035576
5.877	-0.099357	0.00029005
5.877	0.0090325	0.00031872
5.877	0.045162	0.00047078
5.877	0.081291	0.0002599
5.877	0.15355	0.0002696
5.877	0.18968	0.00098281
5.877	0.2258	0.0015717
5.877	0.26194	0.0015493
5.877	0.29807	0.001017
5.877	0.3342	0.00043636
5.877	1.5626	0.00013118
5.9009	-2.4478	0.00043677
5.9009	-2.4116	0.00089115
5.9009	-2.3755	0.0012299
5.9009	-2.3393	0.0012226
5.9009	-2.3033	0.0008695
5.9009	-2.2671	0.00040682
5.9009	-1.2916	0.00021969
5.9009	-1.2555	0.00019201
5.9009	-1.1832	0.00012444
5.9009	-1.1471	0.00082087
5.9009	-1.111	0.0019483
5.9009	-1.0749	0.0027969
5.9009	-1.0387	0.0027678
5.9009	-1.0026	0.0019418
5.9009	-0.96645	0.00093374
5.9009	-0.93032	0.00027055
5.9009	-0.46064	0.00017085
5.9009	-0.42451	0.000132
5.9009	-0.31613	0.00014299
5.9009	-0.28	0.00018032
5.9009	-0.17162	0.00015799
5.9009	-0.13549	0.00032094
5.9009	-0.099357	0.00024376
5.9009	0.0090325	0.00040598
5.9009	0.045162	0.00056333
5.9009	0.081291	0.00028344
5.9009	0.15355	0.00055142
5.9009	0.18968	0.0019188
5.9009	0.2258	0.0032516
5.9009	0.26194	0.0035753
5.9009	0.29807	0.0027542
5.9009	0.3342	0.0014829
5.9009	0.37032	0.00051646
5.9009	1.5265	0.00023553
5.9009	1.5626	0.00036127
5.9009	1.5987	0.00037018
5.9009	1.6349	0.00026242
5.9009	1.6709	0.00012428
5.9246	-2.4839	0.00017085
5.9246	-2.4478	0.00060634
5.9246	-2.4116	0.0012167
5.9246	-2.3755	0.0016748
5.9246	-2.3393	0.0016683
5.9246	-2.3033	0.0011871
5.9246	-2.2671	0.00054906
5.9246	-1.2916	0.00021741
5.9246	-1.2555	0.00017505
5.9246	-1.1832	0.00021969
5.9246	-1.1471	0.0012595
5.9246	-1.111	0.0030038
5.9246	-1.0749	0.0045151
5.9246	-1.0387	0.0047833
5.9246	-1.0026	0.0036502
5.9246	-0.96645	0.0019266
5.9246	-0.93032	0.00060454
5.9246	-0.17162	0.00012571
5.9246	-0.13549	0.0002371
5.9246	-0.099357	0.00016606
5.9246	0.0090325	0.00041489
5.9246	0.045162	0.00053714
5.9246	0.081291	0.00023883
5.9246	0.15355	0.00081401
5.9246	0.18968	0.0026674
5.9246	0.2258	0.004573
5.9246	0.26194	0.005225
5.9246	0.29807	0.0042539
5.9246	0.3342	0.0024547
5.9246	0.37032	0.00092553
5.9246	0.40645	0.00017201
5.9246	1.4903	0.00012828
5.9246	1.5265	0.00034528
5.9246	1.5626	0.00055376
5.9246	1.5987	0.00060927
5.9246	1.6349	0.00047511
5.9246	1.6709	0.00025414
5.9484	-2.4839	0.00021975
5.9484	-2.4478	0.00073943
5.9484	-2.4116	0.0014582
5.9484	-2.3755	0.0019942
5.9484	-2.3393	0.0019782
5.9484	-2.3033	0.0013959
5.9484	-2.2671	0.00062917
5.9484	-2.2309	0.00012366
5.9484	-2.1226	0.0001531
5.9484	-1.2916	0.000166
5.9484	-1.2555	0.0001212
5.9484	-1.1832	0.00028232
5.9484	-1.1471	0.0014416
5.9484	-1.111	0.0034123
5.9484	-1.0749	0.005243
5.9484	-1.0387	0.0057502
5.9484	-1.0026	0.0045691
5.9484	-0.96645	0.0025078
5.9484	-0.93032	0.00080052
5.9484	-0.82193	0.00018466
5.9484	-0.7858	0.00015911
5.9484	-0.13549	0.00013985
5.9484	0.0090325	0.00034734
5.9484	0.045162	0.00041925
5.9484	0.081291	0.00016015
5.9484	0.15355	0.00095073
5.9484	0.18968	0.0029424
5.9484	0.2258	0.0050343
5.9484	0.26194	0.0058465
5.9484	0.29807	0.0048772
5.9484	0.3342	0.0028896
5.9484	0.37032	0.0011096
5.9484	0.40645	0.0001998
5.9484	1.4903	0.00014399
5.9484	1.5265	0.00038156
5.9484	1.5626	0.00062248
5.9484	1.5987	0.00070625
5.9484	1.6349	0.0005719
5.9484	1.6709	0.00031798
5.9723	-2.4839	0.00024766
5.9723	-2.4478	0.00079738
5.9723	-2.4116	0.0015484
5.9723	-2.3755	0.002102
5.9723	-2.3393	0.0020705
5.9723	-2.3033	0.0014407
5.9723	-2.2671	0.00062616
5.9723	-2.1587	0.00015358
5.9723	-2.1226	0.00019379
5.9723	-1.1832	0.00027779
5.9723	-1.1471	0.0012897
5.9723	-1.111	0.0030285
5.9723	-1.0749	0.0047269
5.9723	-1.0387	0.0053093
5.9723	-1.0026	0.0043241
5.9723	-0.96645	0.0024137
5.9723	-0.93032	0.00075818
5.9723	-0.82193	0.00027304
5.9723	-0.7858	0.00023204
5.9723	0.0090325	0.00023505
5.9723	0.045162	0.00026563
5.9723	0.15355	0.00090441
5.9723	0.18968	0.0026677
5.9723	0.2258	0.0045469
5.9723	0.26194	0.0053323
5.9723	0.29807	0.0045098
5.9723	0.3342	0.0027013
5.9723	0.37032	0.0010327
5.9723	0.40645	0.0001727
5.9723	1.4903	0.00012829
5.9723	1.5265	0.0003356
5.9723	1.5626	0.00055409
5.9723	1.5987	0.00064136
5.9723	1.6349	0.00053035
5.9723	1.6709	0.00029907
