-5.3236	0.91632	0.0086526
-5.3236	0.94142	0.0087619
-5.2985	0.91632	0.0099637
-5.2985	0.94142	0.01012
-5.2985	0.96653	0.0081391
-5.2735	0.91632	0.0096532
-5.2735	0.94142	0.0098506
-5.2735	0.96653	0.0079767
-5.2484	0.94142	0.0080042
-5.0981	0.86611	0.0082658
-5.0981	0.89121	0.0090349
-5.0981	0.91632	0.0084197
-5.0731	0.86611	0.0086703
-5.0731	0.89121	0.0095469
-5.0731	0.91632	0.0090264
-5.048	0.89121	0.0081575
-4.8977	0.841	0.0089684
-4.8977	0.86611	0.0089207
-4.8977	0.89121	0.0081617
-4.8727	0.841	0.0095649
-4.8727	0.86611	0.0096294
-4.8727	0.89121	0.0089108
-4.8476	0.841	0.0079262
-4.8476	0.86611	0.0081045
-4.6973	0.76569	0.0080298
-4.6973	0.79079	0.012427
-4.6973	0.8159	0.013478
-4.6973	0.841	0.01239
-4.6973	0.86611	0.010491
-4.6973	0.89121	0.0081157
-4.6722	0.76569	0.0090529
-4.6722	0.79079	0.014174
-4.6722	0.8159	0.015515
-4.6722	0.841	0.014552
-4.6722	0.86611	0.012433
-4.6722	0.89121	0.0096817
-4.6472	0.76569	0.0081272
-4.6472	0.79079	0.012924
-4.6472	0.8159	0.014289
-4.6472	0.841	0.013664
-4.6472	0.86611	0.011762
-4.6472	0.89121	0.0091992
-4.6221	0.79079	0.0092463
-4.6221	0.8159	0.010384
-4.6221	0.841	0.010215
-4.6221	0.86611	0.0088889
-4.4969	0.74059	0.0084571
-4.4969	0.76569	0.0099844
-4.4969	0.79079	0.010646
-4.4969	0.8159	0.0096944
-4.4718	0.71548	0.0082803
-4.4718	0.74059	0.01091
-4.4718	0.76569	0.013015
-4.4718	0.79079	0.014255
-4.4718	0.8159	0.013167
-4.4718	0.841	0.0086166
-4.4468	0.74059	0.0099204
-4.4468	0.76569	0.012054
-4.4468	0.79079	0.013742
-4.4468	0.8159	0.012937
-4.4468	0.841	0.0087072
-4.4217	0.76569	0.0079557
-4.4217	0.79079	0.0095262
-4.4217	0.8159	0.0091557
-4.3215	-0.58996	0.0092076
-4.3215	-0.56485	0.011637
-4.3215	-0.53975	0.011547
-4.3215	-0.51464	0.008778
-4.2965	-0.61506	0.0086791
-4.2965	-0.58996	0.011187
-4.2965	-0.56485	0.014303
-4.2965	-0.53975	0.014286
-4.2965	-0.51464	0.010978
-4.2965	-0.48954	0.0082754
-4.2965	0.74059	0.0085982
-4.2965	0.76569	0.0086136
-4.2714	-0.61506	0.008755
-4.2714	-0.58996	0.011337
-4.2714	-0.56485	0.014679
-4.2714	-0.53975	0.014752
-4.2714	-0.51464	0.011419
-4.2714	-0.48954	0.0085922
-4.2714	0.71548	0.0090603
-4.2714	0.74059	0.010208
-4.2714	0.76569	0.010542
-4.2714	0.79079	0.0086729
-4.2463	-0.58996	0.0093757
-4.2463	-0.56485	0.012415
-4.2463	-0.53975	0.012598
-4.2463	-0.51464	0.0098693
-4.2463	0.74059	0.0080935
-4.2463	0.76569	0.0086767
-4.1712	0.66527	0.011335
-4.1712	0.69038	0.012842
-4.1712	0.71548	0.012071
-4.1712	0.74059	0.010125
-4.1461	0.64017	0.013655
-4.1461	0.66527	0.027287
-4.1461	0.69038	0.032055
-4.1461	0.71548	0.033297
-4.1461	0.74059	0.02979
-4.1461	0.76569	0.024444
-4.1461	0.79079	0.012395
-4.1211	0.61506	0.013292
-4.1211	0.64017	0.024183
-4.1211	0.66527	0.048517
-4.1211	0.69038	0.057778
-4.1211	0.71548	0.062484
-4.1211	0.74059	0.057321
-4.1211	0.76569	0.048359
-4.1211	0.79079	0.026078
-4.1211	0.8159	0.016179
-4.096	-0.64017	0.010038
-4.096	-0.61506	0.011433
-4.096	-0.58996	0.011948
-4.096	-0.56485	0.010074
-4.096	-0.53975	0.0080415
-4.096	0.58996	0.0084799
-4.096	0.61506	0.019596
-4.096	0.64017	0.034826
-4.096	0.66527	0.069409
-4.096	0.69038	0.083122
-4.096	0.71548	0.091635
-4.096	0.74059	0.085057
-4.096	0.76569	0.072635
-4.096	0.79079	0.040018
-4.096	0.8159	0.02496
-4.071	-0.64017	0.012648
-4.071	-0.61506	0.01462
-4.071	-0.58996	0.015528
-4.071	-0.56485	0.013561
-4.071	-0.53975	0.011014
-4.071	0.58996	0.010894
-4.071	0.61506	0.023934
-4.071	0.64017	0.041693
-4.071	0.66527	0.08249
-4.071	0.69038	0.099126
-4.071	0.71548	0.11061
-4.071	0.74059	0.10338
-4.071	0.76569	0.088831
-4.071	0.79079	0.049229
-4.071	0.8159	0.030545
-4.0459	-0.64017	0.012525
-4.0459	-0.61506	0.014677
-4.0459	-0.58996	0.015812
-4.0459	-0.56485	0.014179
-4.0459	-0.53975	0.011637
-4.0459	0.58996	0.011356
-4.0459	0.61506	0.024032
-4.0459	0.64017	0.041305
-4.0459	0.66527	0.081678
-4.0459	0.69038	0.098654
-4.0459	0.71548	0.11153
-4.0459	0.74059	0.1049
-4.0459	0.76569	0.090592
-4.0459	0.79079	0.050238
-4.0459	0.8159	0.03086
-4.0209	-0.64017	0.0094852
-4.0209	-0.61506	0.011364
-4.0209	-0.58996	0.012499
-4.0209	-0.56485	0.01161
-4.0209	-0.53975	0.0096477
-4.0209	0.58996	0.009154
-4.0209	0.61506	0.019001
-4.0209	0.64017	0.032625
-4.0209	0.66527	0.065616
-4.0209	0.69038	0.080177
-4.0209	0.71548	0.092769
-4.0209	0.74059	0.088119
-4.0209	0.76569	0.076697
-4.0209	0.79079	0.042671
-4.0209	0.8159	0.025928
-3.9958	0.61506	0.010417
-3.9958	0.64017	0.018408
-3.9958	0.66527	0.0394
-3.9958	0.69038	0.049574
-3.9958	0.71548	0.060375
-3.9958	0.74059	0.058571
-3.9958	0.76569	0.051869
-3.9958	0.79079	0.029371
-3.9958	0.8159	0.017725
-3.9708	0.71548	0.013062
-3.9708	0.74059	0.014323
-3.9708	0.76569	0.014023
-3.9708	0.79079	0.0091257
-3.9207	0.58996	0.01178
-3.9207	0.61506	0.016529
-3.9207	0.64017	0.020077
-3.9207	0.66527	0.020956
-3.9207	0.69038	0.01831
-3.9207	0.71548	0.010155
-3.8956	-0.69038	0.010774
-3.8956	-0.66527	0.013277
-3.8956	-0.64017	0.015307
-3.8956	-0.61506	0.014409
-3.8956	-0.58996	0.012389
-3.8956	0.58996	0.026328
-3.8956	0.61506	0.03798
-3.8956	0.64017	0.048141
-3.8956	0.66527	0.056819
-3.8956	0.69038	0.053849
-3.8956	0.71548	0.037025
-3.8956	0.74059	0.026567
-3.8956	0.76569	0.017014
-3.8956	1.9456	0.0085883
-3.8956	1.9707	0.0095768
-3.8956	1.9958	0.0097277
-3.8706	-0.69038	0.014726
-3.8706	-0.66527	0.018436
-3.8706	-0.64017	0.022129
-3.8706	-0.61506	0.021319
-3.8706	-0.58996	0.018781
-3.8706	-0.56485	0.010676
-3.8706	0.56485	0.011286
-3.8706	0.58996	0.041307
-3.8706	0.61506	0.05997
-3.8706	0.64017	0.077188
-3.8706	0.66527	0.095544
-3.8706	0.69038	0.093337
-3.8706	0.71548	0.068968
-3.8706	0.74059	0.051587
-3.8706	0.76569	0.034557
-3.8706	0.79079	0.0097344
-3.8706	1.9456	0.012116
-3.8706	1.9707	0.013583
-3.8706	1.9958	0.013912
-3.8706	2.0209	0.011354
-3.8706	2.046	0.0090445
-3.8455	-0.69038	0.015543
-3.8455	-0.66527	0.019744
-3.8455	-0.64017	0.024475
-3.8455	-0.61506	0.023964
-3.8455	-0.58996	0.021438
-3.8455	-0.56485	0.012465
-3.8455	0.56485	0.014239
-3.8455	0.58996	0.049777
-3.8455	0.61506	0.072418
-3.8455	0.64017	0.09401
-3.8455	0.66527	0.11961
-3.8455	0.69038	0.1188
-3.8455	0.71548	0.090967
-3.8455	0.74059	0.069237
-3.8455	0.76569	0.047098
-3.8455	0.79079	0.013368
-3.8455	1.9205	0.0082413
-3.8455	1.9456	0.014295
-3.8455	1.9707	0.01608
-3.8455	1.9958	0.016558
-3.8455	2.0209	0.01369
-3.8455	2.046	0.010971
-3.8205	-0.69038	0.012422
-3.8205	-0.66527	0.016174
-3.8205	-0.64017	0.020995
-3.8205	-0.61506	0.020977
-3.8205	-0.58996	0.019097
-3.8205	-0.56485	0.011336
-3.8205	0.56485	0.013747
-3.8205	0.58996	0.046756
-3.8205	0.61506	0.068406
-3.8205	0.64017	0.089717
-3.8205	0.66527	0.11721
-3.8205	0.69038	0.11808
-3.8205	0.71548	0.092818
-3.8205	0.74059	0.071369
-3.8205	0.76569	0.048834
-3.8205	0.79079	0.013534
-3.8205	1.9205	0.0080228
-3.8205	1.9456	0.01392
-3.8205	1.9707	0.015741
-3.8205	1.9958	0.016317
-3.8205	2.0209	0.013673
-3.8205	2.046	0.011012
-3.7954	-0.66527	0.0086049
-3.7954	-0.64017	0.012413
-3.7954	-0.61506	0.012942
-3.7954	-0.58996	0.012212
-3.7954	0.56485	0.0095883
-3.7954	0.58996	0.033108
-3.7954	0.61506	0.049444
-3.7954	0.64017	0.066323
-3.7954	0.66527	0.090613
-3.7954	0.69038	0.093193
-3.7954	0.71548	0.075841
-3.7954	0.74059	0.059022
-3.7954	0.76569	0.040624
-3.7954	0.79079	0.010878
-3.7954	1.9456	0.010783
-3.7954	1.9707	0.012333
-3.7954	1.9958	0.012933
-3.7954	2.0209	0.01106
-3.7954	2.046	0.0089736
-3.7704	0.58996	0.01359
-3.7704	0.61506	0.021862
-3.7704	0.64017	0.031356
-3.7704	0.66527	0.047963
-3.7704	0.69038	0.051701
-3.7704	0.71548	0.04539
-3.7704	0.74059	0.036326
-3.7704	0.76569	0.025481
-3.7704	1.9958	0.008162
-3.7203	-0.74059	0.011618
-3.7203	-0.71548	0.015421
-3.7203	-0.69038	0.019718
-3.7203	-0.66527	0.019344
-3.7203	-0.64017	0.014093
-3.7203	-0.61506	0.010346
-3.7203	0.56485	0.011644
-3.7203	0.58996	0.018223
-3.7203	0.61506	0.018461
-3.7203	0.64017	0.016521
-3.7203	0.66527	0.0089535
-3.6952	-2.046	0.01214
-3.6952	-2.0209	0.013664
-3.6952	-1.9958	0.013266
-3.6952	-1.9707	0.0115
-3.6952	-1.9456	0.0091214
-3.6952	-0.76569	0.014094
-3.6952	-0.74059	0.021624
-3.6952	-0.71548	0.029294
-3.6952	-0.69038	0.039828
-3.6952	-0.66527	0.040648
-3.6952	-0.64017	0.032624
-3.6952	-0.61506	0.025389
-3.6952	-0.58996	0.017688
-3.6952	0.38912	0.0079123
-3.6952	0.41423	0.0085987
-3.6952	0.53975	0.019702
-3.6952	0.56485	0.033626
-3.6952	0.58996	0.059696
-3.6952	0.61506	0.066565
-3.6952	0.64017	0.067233
-3.6952	0.66527	0.051811
-3.6952	0.69038	0.039369
-3.6952	0.71548	0.016172
-3.6952	0.74059	0.008319
-3.6701	-2.0962	0.0083965
-3.6701	-2.0711	0.013409
-3.6701	-2.046	0.022992
-3.6701	-2.0209	0.025849
-3.6701	-1.9958	0.0252
-3.6701	-1.9707	0.021924
-3.6701	-1.9456	0.01745
-3.6701	-1.9205	0.0080864
-3.6701	-0.76569	0.021059
-3.6701	-0.74059	0.032301
-3.6701	-0.71548	0.044046
-3.6701	-0.69038	0.061387
-3.6701	-0.66527	0.063661
-3.6701	-0.64017	0.052963
-3.6701	-0.61506	0.041982
-3.6701	-0.58996	0.029749
-3.6701	-0.56485	0.0092352
-3.6701	0.38912	0.008467
-3.6701	0.41423	0.0090233
-3.6701	0.53975	0.032498
-3.6701	0.56485	0.055241
-3.6701	0.58996	0.10182
-3.6701	0.61506	0.11722
-3.6701	0.64017	0.12306
-3.6701	0.66527	0.10453
-3.6701	0.69038	0.08433
-3.6701	0.71548	0.04022
-3.6701	0.74059	0.022736
-3.6701	0.76569	0.010523
-3.6701	1.9205	0.0091715
-3.6701	1.9456	0.009474
-3.6701	1.9707	0.0083907
-3.6451	-2.0962	0.013931
-3.6451	-2.0711	0.021805
-3.6451	-2.046	0.03677
-3.6451	-2.0209	0.041222
-3.6451	-1.9958	0.040134
-3.6451	-1.9707	0.034907
-3.6451	-1.9456	0.02775
-3.6451	-1.9205	0.012704
-3.6451	-0.76569	0.027881
-3.6451	-0.74059	0.042852
-3.6451	-0.71548	0.058832
-3.6451	-0.69038	0.083682
-3.6451	-0.66527	0.087779
-3.6451	-0.64017	0.074607
-3.6451	-0.61506	0.059615
-3.6451	-0.58996	0.042403
-3.6451	-0.56485	0.012793
-3.6451	0.53975	0.041273
-3.6451	0.56485	0.069437
-3.6451	0.58996	0.1295
-3.6451	0.61506	0.15117
-3.6451	0.64017	0.16141
-3.6451	0.66527	0.14272
-3.6451	0.69038	0.11774
-3.6451	0.71548	0.058745
-3.6451	0.74059	0.033847
-3.6451	0.76569	0.015805
-3.6451	1.8703	0.0083696
-3.6451	1.8954	0.011402
-3.6451	1.9205	0.013773
-3.6451	1.9456	0.014997
-3.6451	1.9707	0.013724
-3.6451	1.9958	0.011533
-3.62	-2.1213	0.0094031
-3.62	-2.0962	0.017069
-3.62	-2.0711	0.026195
-3.62	-2.046	0.043326
-3.62	-2.0209	0.048331
-3.62	-1.9958	0.046734
-3.62	-1.9707	0.040499
-3.62	-1.9456	0.03203
-3.62	-1.9205	0.014334
-3.62	-0.76569	0.026758
-3.62	-0.74059	0.041805
-3.62	-0.71548	0.05849
-3.62	-0.69038	0.086501
-3.62	-0.66527	0.092419
-3.62	-0.64017	0.081033
-3.62	-0.61506	0.065437
-3.62	-0.58996	0.046748
-3.62	-0.56485	0.013563
-3.62	-0.43933	0.0090057
-3.62	0.53975	0.045438
-3.62	0.56485	0.07618
-3.62	0.58996	0.14436
-3.62	0.61506	0.17064
-3.62	0.64017	0.18474
-3.62	0.66527	0.16804
-3.62	0.69038	0.14043
-3.62	0.71548	0.071308
-3.62	0.74059	0.041023
-3.62	0.76569	0.018765
-3.62	1.8703	0.0089573
-3.62	1.8954	0.012216
-3.62	1.9205	0.014865
-3.62	1.9456	0.016597
-3.62	1.9707	0.015427
-3.62	1.9958	0.01318
-3.595	-2.1213	0.010321
-3.595	-2.0962	0.018099
-3.595	-2.0711	0.027183
-3.595	-2.046	0.0438
-3.595	-2.0209	0.048414
-3.595	-1.9958	0.046061
-3.595	-1.9707	0.039561
-3.595	-1.9456	0.030948
-3.595	-1.9205	0.013349
-3.595	-0.76569	0.013724
-3.595	-0.74059	0.022605
-3.595	-0.71548	0.033209
-3.595	-0.69038	0.053457
-3.595	-0.66527	0.059203
-3.595	-0.64017	0.055005
-3.595	-0.61506	0.045333
-3.595	-0.58996	0.032766
-3.595	-0.56485	0.0091441
-3.595	-0.46444	0.0080283
-3.595	-0.43933	0.0093852
-3.595	0.53975	0.035781
-3.595	0.56485	0.061279
-3.595	0.58996	0.12243
-3.595	0.61506	0.14867
-3.595	0.64017	0.16517
-3.595	0.66527	0.15734
-3.595	0.69038	0.13402
-3.595	0.71548	0.069662
-3.595	0.74059	0.039941
-3.595	0.76569	0.017736
-3.595	0.841	0.0089188
-3.595	0.86611	0.010461
-3.595	0.89121	0.0095258
-3.595	1.8703	0.0083939
-3.595	1.8954	0.01148
-3.595	1.9205	0.014074
-3.595	1.9456	0.016039
-3.595	1.9707	0.015073
-3.595	1.9958	0.013013
-3.5699	-2.1213	0.011725
-3.5699	-2.0962	0.019912
-3.5699	-2.0711	0.029278
-3.5699	-2.046	0.045871
-3.5699	-2.0209	0.050158
-3.5699	-1.9958	0.046747
-3.5699	-1.9707	0.039688
-3.5699	-1.9456	0.030611
-3.5699	-1.9205	0.012609
-3.5699	-0.71548	0.0079112
-3.5699	-0.69038	0.016939
-3.5699	-0.66527	0.020789
-3.5699	-0.64017	0.022487
-3.5699	-0.61506	0.019551
-3.5699	-0.58996	0.01467
-3.5699	0.53975	0.012401
-3.5699	0.56485	0.023463
-3.5699	0.58996	0.055294
-3.5699	0.61506	0.071868
-3.5699	0.64017	0.08478
-3.5699	0.66527	0.089157
-3.5699	0.69038	0.07899
-3.5699	0.71548	0.043308
-3.5699	0.74059	0.024968
-3.5699	0.76569	0.010765
-3.5699	0.841	0.0089317
-3.5699	0.86611	0.010293
-3.5699	0.89121	0.0092971
-3.5699	1.8954	0.0089802
-3.5699	1.9205	0.011258
-3.5699	1.9456	0.013408
-3.5699	1.9707	0.012856
-3.5699	1.9958	0.011302
-3.5449	-2.1213	0.013344
-3.5449	-2.0962	0.022074
-3.5449	-2.0711	0.031904
-3.5449	-2.046	0.048888
-3.5449	-2.0209	0.053004
-3.5449	-1.9958	0.048564
-3.5449	-1.9707	0.040802
-3.5449	-1.9456	0.031051
-3.5449	-1.9205	0.01219
-3.5449	0.61506	0.010558
-3.5449	0.64017	0.015952
-3.5449	0.66527	0.023424
-3.5449	0.69038	0.023297
-3.5449	0.71548	0.014959
-3.5449	0.74059	0.0089701
-3.5198	-2.1213	0.012557
-3.5198	-2.0962	0.020354
-3.5198	-2.0711	0.029049
-3.5198	-2.046	0.04386
-3.5198	-2.0209	0.0473
-3.5198	-1.9958	0.04285
-3.5198	-1.9707	0.035715
-3.5198	-1.9456	0.02687
-3.5198	-1.9205	0.010056
-3.5198	-0.8159	0.010199
-3.5198	-0.79079	0.017611
-3.5198	-0.76569	0.030737
-3.5198	-0.74059	0.033397
-3.5198	-0.71548	0.032445
-3.5198	-0.69038	0.021953
-3.5198	-0.66527	0.015046
-3.5198	0.36402	0.0082688
-3.5198	0.53975	0.01503
-3.5198	0.56485	0.015679
-3.5198	0.58996	0.01039
-3.4948	-2.1213	0.0087571
-3.4948	-2.0962	0.013799
-3.4948	-2.0711	0.019325
-3.4948	-2.046	0.028445
-3.4948	-2.0209	0.030352
-3.4948	-1.9958	0.026844
-3.4948	-1.9707	0.022008
-3.4948	-1.9456	0.016183
-3.4948	-0.94142	0.011215
-3.4948	-0.91632	0.0095121
-3.4948	-0.8159	0.047174
-3.4948	-0.79079	0.082239
-3.4948	-0.76569	0.15908
-3.4948	-0.74059	0.18748
-3.4948	-0.71548	0.20147
-3.4948	-0.69038	0.17934
-3.4948	-0.66527	0.14824
-3.4948	-0.64017	0.074624
-3.4948	-0.61506	0.043652
-3.4948	-0.58996	0.021183
-3.4948	0.18828	0.010234
-3.4948	0.21339	0.013116
-3.4948	0.23849	0.010145
-3.4948	0.33891	0.018694
-3.4948	0.36402	0.025264
-3.4948	0.38912	0.022383
-3.4948	0.41423	0.013337
-3.4948	0.48954	0.026604
-3.4948	0.51464	0.058964
-3.4948	0.53975	0.13906
-3.4948	0.56485	0.17129
-3.4948	0.58996	0.18961
-3.4948	0.61506	0.17344
-3.4948	0.64017	0.14489
-3.4948	0.66527	0.075618
-3.4948	0.69038	0.046152
-3.4948	0.71548	0.010643
-3.4697	-2.0962	0.011091
-3.4697	-2.0711	0.0154
-3.4697	-2.046	0.0224
-3.4697	-2.0209	0.023769
-3.4697	-1.9958	0.020712
-3.4697	-1.9707	0.016784
-3.4697	-1.9456	0.012136
-3.4697	-0.96653	0.010871
-3.4697	-0.94142	0.015151
-3.4697	-0.91632	0.012164
-3.4697	-0.841	0.012594
-3.4697	-0.8159	0.085572
-3.4697	-0.79079	0.14624
-3.4697	-0.76569	0.2815
-3.4697	-0.74059	0.33406
-3.4697	-0.71548	0.36294
-3.4697	-0.69038	0.3333
-3.4697	-0.66527	0.28085
-3.4697	-0.64017	0.14744
-3.4697	-0.61506	0.087891
-3.4697	-0.58996	0.043056
-3.4697	-0.48954	0.0094824
-3.4697	-0.46444	0.009075
-3.4697	0.18828	0.0090591
-3.4697	0.21339	0.011289
-3.4697	0.23849	0.0084829
-3.4697	0.33891	0.023695
-3.4697	0.36402	0.031412
-3.4697	0.38912	0.026695
-3.4697	0.41423	0.014847
-3.4697	0.46444	0.015381
-3.4697	0.48954	0.052991
-3.4697	0.51464	0.11356
-3.4697	0.53975	0.27267
-3.4697	0.56485	0.34494
-3.4697	0.58996	0.41089
-3.4697	0.61506	0.39318
-3.4697	0.64017	0.34555
-3.4697	0.66527	0.20329
-3.4697	0.69038	0.13307
-3.4697	0.71548	0.035929
-3.4697	0.74059	0.012536
-3.4697	1.8703	0.0102
-3.4697	1.8954	0.010579
-3.4697	1.9205	0.0099342
-3.4447	-2.0962	0.0087243
-3.4447	-2.0711	0.012145
-3.4447	-2.046	0.01779
-3.4447	-2.0209	0.018923
-3.4447	-1.9958	0.016463
-3.4447	-1.9707	0.013259
-3.4447	-1.9456	0.0094648
-3.4447	-0.99163	0.010293
-3.4447	-0.96653	0.016744
-3.4447	-0.94142	0.021256
-3.4447	-0.91632	0.015938
-3.4447	-0.841	0.026581
-3.4447	-0.8159	0.15368
-3.4447	-0.79079	0.25586
-3.4447	-0.76569	0.48072
-3.4447	-0.74059	0.56752
-3.4447	-0.71548	0.61489
-3.4447	-0.69038	0.56385
-3.4447	-0.66527	0.47494
-3.4447	-0.64017	0.24777
-3.4447	-0.61506	0.14592
-3.4447	-0.58996	0.069392
-3.4447	-0.51464	0.018776
-3.4447	-0.48954	0.023671
-3.4447	-0.46444	0.022641
-3.4447	-0.43933	0.0099077
-3.4447	0.33891	0.019933
-3.4447	0.36402	0.025903
-3.4447	0.38912	0.020786
-3.4447	0.41423	0.010495
-3.4447	0.46444	0.021514
-3.4447	0.48954	0.065957
-3.4447	0.51464	0.13656
-3.4447	0.53975	0.32685
-3.4447	0.56485	0.4182
-3.4447	0.58996	0.51562
-3.4447	0.61506	0.50385
-3.4447	0.64017	0.45293
-3.4447	0.66527	0.27931
-3.4447	0.69038	0.18692
-3.4447	0.71548	0.051576
-3.4447	0.74059	0.017362
-3.4447	0.8159	0.0089301
-3.4447	0.841	0.010519
-3.4447	1.8201	0.0088445
-3.4447	1.8452	0.013995
-3.4447	1.8703	0.022401
-3.4447	1.8954	0.024018
-3.4447	1.9205	0.023466
-3.4447	1.9456	0.017207
-3.4447	1.9707	0.012872
-3.4447	1.9958	0.0087123
-3.4196	-2.046	0.010859
-3.4196	-2.0209	0.011804
-3.4196	-1.9958	0.010603
-3.4196	-1.9707	0.0086079
-3.4196	-1.0167	0.0085595
-3.4196	-0.99163	0.018048
-3.4196	-0.96653	0.027799
-3.4196	-0.94142	0.032052
-3.4196	-0.91632	0.022205
-3.4196	-0.86611	0.011651
-3.4196	-0.841	0.058401
-3.4196	-0.8159	0.2947
-3.4196	-0.79079	0.47818
-3.4196	-0.76569	0.87303
-3.4196	-0.74059	1.0215
-3.4196	-0.71548	1.0988
-3.4196	-0.69038	0.9947
-3.4196	-0.66527	0.83157
-3.4196	-0.64017	0.42317
-3.4196	-0.61506	0.24305
-3.4196	-0.58996	0.11009
-3.4196	-0.51464	0.04408
-3.4196	-0.48954	0.053103
-3.4196	-0.46444	0.049431
-3.4196	-0.43933	0.020323
-3.4196	-0.33891	0.010486
-3.4196	-0.31381	0.013456
-3.4196	-0.2887	0.010391
-3.4196	0.33891	0.01326
-3.4196	0.36402	0.017092
-3.4196	0.38912	0.013
-3.4196	0.46444	0.023582
-3.4196	0.48954	0.066154
-3.4196	0.51464	0.13295
-3.4196	0.53975	0.31522
-3.4196	0.56485	0.40527
-3.4196	0.58996	0.50798
-3.4196	0.61506	0.50118
-3.4196	0.64017	0.45483
-3.4196	0.66527	0.28475
-3.4196	0.69038	0.19098
-3.4196	0.71548	0.051012
-3.4196	0.74059	0.015775
-3.4196	0.8159	0.014272
-3.4196	0.841	0.016295
-3.4196	0.86611	0.012011
-3.4196	1.8201	0.011024
-3.4196	1.8452	0.017448
-3.4196	1.8703	0.028833
-3.4196	1.8954	0.031656
-3.4196	1.9205	0.031764
-3.4196	1.9456	0.024717
-3.4196	1.9707	0.019084
-3.4196	1.9958	0.013338
-3.3946	-1.1172	0.0080914
-3.3946	-1.0167	0.014999
-3.3946	-0.99163	0.029404
-3.3946	-0.96653	0.043252
-3.3946	-0.94142	0.04554
-3.3946	-0.91632	0.028879
-3.3946	-0.86611	0.029904
-3.3946	-0.841	0.12134
-3.3946	-0.8159	0.54991
-3.3946	-0.79079	0.87416
-3.3946	-0.76569	1.5614
-3.3946	-0.74059	1.8148
-3.3946	-0.71548	1.9414
-3.3946	-0.69038	1.7378
-3.3946	-0.66527	1.4417
-3.3946	-0.64017	0.71316
-3.3946	-0.61506	0.39748
-3.3946	-0.58996	0.16943
-3.3946	-0.53975	0.018623
-3.3946	-0.51464	0.099352
-3.3946	-0.48954	0.11427
-3.3946	-0.46444	0.10281
-3.3946	-0.43933	0.038516
-3.3946	-0.41423	0.011958
-3.3946	-0.36402	0.016039
-3.3946	-0.33891	0.029224
-3.3946	-0.31381	0.03529
-3.3946	-0.2887	0.026711
-3.3946	-0.2636	0.015103
-3.3946	-0.18828	0.010291
-3.3946	-0.16318	0.01327
-3.3946	-0.13808	0.012999
-3.3946	0.36402	0.0082296
-3.3946	0.46444	0.021996
-3.3946	0.48954	0.058523
-3.3946	0.51464	0.11627
-3.3946	0.53975	0.27894
-3.3946	0.56485	0.36264
-3.3946	0.58996	0.46533
-3.3946	0.61506	0.46403
-3.3946	0.64017	0.42494
-3.3946	0.66527	0.26856
-3.3946	0.69038	0.17951
-3.3946	0.71548	0.045342
-3.3946	0.74059	0.012397
-3.3946	0.79079	0.011381
-3.3946	0.8159	0.019425
-3.3946	0.841	0.020877
-3.3946	0.86611	0.015062
-3.3946	0.89121	0.0081901
-3.3946	1.8201	0.0086242
-3.3946	1.8452	0.013662
-3.3946	1.8703	0.023138
-3.3946	1.8954	0.025844
-3.3946	1.9205	0.026418
-3.3946	1.9456	0.02136
-3.3946	1.9707	0.016796
-3.3946	1.9958	0.011932
-3.3695	-1.0167	0.017881
-3.3695	-0.99163	0.033093
-3.3695	-0.96653	0.046886
-3.3695	-0.94142	0.04535
-3.3695	-0.91632	0.025986
-3.3695	-0.86611	0.051676
-3.3695	-0.841	0.18073
-3.3695	-0.8159	0.7575
-3.3695	-0.79079	1.1896
-3.3695	-0.76569	2.1079
-3.3695	-0.74059	2.4494
-3.3695	-0.71548	2.6217
-3.3695	-0.69038	2.3466
-3.3695	-0.66527	1.9416
-3.3695	-0.64017	0.94036
-3.3695	-0.61506	0.50866
-3.3695	-0.58996	0.20231
-3.3695	-0.53975	0.04508
-3.3695	-0.51464	0.17947
-3.3695	-0.48954	0.19843
-3.3695	-0.46444	0.17305
-3.3695	-0.43933	0.058427
-3.3695	-0.41423	0.015061
-3.3695	-0.36402	0.039117
-3.3695	-0.33891	0.065836
-3.3695	-0.31381	0.074401
-3.3695	-0.2887	0.05462
-3.3695	-0.2636	0.029286
-3.3695	-0.18828	0.030265
-3.3695	-0.16318	0.037995
-3.3695	-0.13808	0.036788
-3.3695	-0.11297	0.015422
-3.3695	-0.012552	0.014364
-3.3695	0.012552	0.017877
-3.3695	0.037657	0.013683
-3.3695	0.46444	0.013369
-3.3695	0.48954	0.036665
-3.3695	0.51464	0.076434
-3.3695	0.53975	0.20175
-3.3695	0.56485	0.27354
-3.3695	0.58996	0.37663
-3.3695	0.61506	0.38643
-3.3695	0.64017	0.36244
-3.3695	0.66527	0.23631
-3.3695	0.69038	0.15851
-3.3695	0.71548	0.037802
-3.3695	0.74059	0.0087787
-3.3695	0.79079	0.015856
-3.3695	0.8159	0.025096
-3.3695	0.841	0.0254
-3.3695	0.86611	0.017809
-3.3695	0.89121	0.0092051
-3.3695	0.99163	0.0090044
-3.3695	1.0167	0.0085369
-3.3695	1.8452	0.0081131
-3.3695	1.8703	0.014336
-3.3695	1.8954	0.016362
-3.3695	1.9205	0.017077
-3.3695	1.9456	0.014318
-3.3695	1.9707	0.011422
-3.3695	1.9958	0.0081975
-3.3445	-1.0167	0.014188
-3.3445	-0.99163	0.024866
-3.3445	-0.96653	0.033857
-3.3445	-0.94142	0.02961
-3.3445	-0.91632	0.014866
-3.3445	-0.86611	0.055643
-3.3445	-0.841	0.17342
-3.3445	-0.8159	0.67751
-3.3445	-0.79079	1.0505
-3.3445	-0.76569	1.8413
-3.3445	-0.74059	2.1353
-3.3445	-0.71548	2.2827
-3.3445	-0.69038	2.0356
-3.3445	-0.66527	1.6763
-3.3445	-0.64017	0.79006
-3.3445	-0.61506	0.41198
-3.3445	-0.58996	0.15006
-3.3445	-0.53975	0.064319
-3.3445	-0.51464	0.20509
-3.3445	-0.48954	0.21869
-3.3445	-0.46444	0.1848
-3.3445	-0.43933	0.055228
-3.3445	-0.41423	0.010916
-3.3445	-0.36402	0.059774
-3.3445	-0.33891	0.094147
-3.3445	-0.31381	0.099814
-3.3445	-0.2887	0.070747
-3.3445	-0.2636	0.035486
-3.3445	-0.21339	0.010658
-3.3445	-0.18828	0.055826
-3.3445	-0.16318	0.067991
-3.3445	-0.13808	0.064507
-3.3445	-0.11297	0.025112
-3.3445	-0.037657	0.020779
-3.3445	-0.012552	0.036564
-3.3445	0.012552	0.044859
-3.3445	0.037657	0.034299
-3.3445	0.062762	0.019251
-3.3445	0.13808	0.020411
-3.3445	0.16318	0.026357
-3.3445	0.18828	0.02614
-3.3445	0.21339	0.011624
-3.3445	0.31381	0.0079761
-3.3445	0.33891	0.0089283
-3.3445	0.51464	0.011182
-3.3445	0.53975	0.058095
-3.3445	0.56485	0.096973
-3.3445	0.58996	0.17853
-3.3445	0.61506	0.20337
-3.3445	0.64017	0.20775
-3.3445	0.66527	0.15323
-3.3445	0.69038	0.10672
-3.3445	0.71548	0.025027
-3.3445	0.79079	0.01874
-3.3445	0.8159	0.028283
-3.3445	0.841	0.027655
-3.3445	0.86611	0.018947
-3.3445	0.89121	0.0092791
-3.3445	0.96653	0.011199
-3.3445	0.99163	0.013322
-3.3445	1.0167	0.01235
-3.3445	1.8954	0.0080235
-3.3445	1.9205	0.008812
-3.3445	1.9456	0.0080082
-3.3194	-1.0167	0.0099018
-3.3194	-0.99163	0.016452
-3.3194	-0.96653	0.021452
-3.3194	-0.94142	0.016609
-3.3194	-0.89121	0.0086146
-3.3194	-0.86611	0.049428
-3.3194	-0.841	0.13994
-3.3194	-0.8159	0.50905
-3.3194	-0.79079	0.77582
-3.3194	-0.76569	1.3302
-3.3194	-0.74059	1.5298
-3.3194	-0.71548	1.6225
-3.3194	-0.69038	1.4212
-3.3194	-0.66527	1.1555
-3.3194	-0.64017	0.52001
-3.3194	-0.61506	0.25755
-3.3194	-0.58996	0.08316
-3.3194	-0.56485	0.011439
-3.3194	-0.53975	0.065897
-3.3194	-0.51464	0.17358
-3.3194	-0.48954	0.17749
-3.3194	-0.46444	0.14402
-3.3194	-0.43933	0.036545
-3.3194	-0.36402	0.062758
-3.3194	-0.33891	0.09265
-3.3194	-0.31381	0.090745
-3.3194	-0.2887	0.061257
-3.3194	-0.2636	0.028032
-3.3194	-0.21339	0.01584
-3.3194	-0.18828	0.065391
-3.3194	-0.16318	0.076672
-3.3194	-0.13808	0.070454
-3.3194	-0.11297	0.024388
-3.3194	-0.062762	0.01129
-3.3194	-0.037657	0.03235
-3.3194	-0.012552	0.053612
-3.3194	0.012552	0.062538
-3.3194	0.037657	0.046548
-3.3194	0.062762	0.024706
-3.3194	0.13808	0.042808
-3.3194	0.16318	0.054662
-3.3194	0.18828	0.054378
-3.3194	0.21339	0.023942
-3.3194	0.2887	0.017981
-3.3194	0.31381	0.034188
-3.3194	0.33891	0.046977
-3.3194	0.36402	0.038012
-3.3194	0.38912	0.0082117
-3.3194	0.46444	0.026511
-3.3194	0.48954	0.037029
-3.3194	0.51464	0.039773
-3.3194	0.53975	0.02176
-3.3194	0.56485	0.0092314
-3.3194	0.61506	0.0079768
-3.3194	0.64017	0.018023
-3.3194	0.66527	0.029322
-3.3194	0.69038	0.025514
-3.3194	0.79079	0.01265
-3.3194	0.8159	0.019237
-3.3194	0.841	0.019568
-3.3194	0.86611	0.013443
-3.3194	0.96653	0.012775
-3.3194	0.99163	0.014981
-3.3194	1.0167	0.013747
-3.3194	1.1674	0.0087312
-3.2944	-0.99163	0.011199
-3.2944	-0.96653	0.01399
-3.2944	-0.94142	0.0094365
-3.2944	-0.89121	0.0097171
-3.2944	-0.86611	0.044095
-3.2944	-0.841	0.11532
-3.2944	-0.8159	0.39287
-3.2944	-0.79079	0.58839
-3.2944	-0.76569	0.98427
-3.2944	-0.74059	1.1204
-3.2944	-0.71548	1.1763
-3.2944	-0.69038	1.006
-3.2944	-0.66527	0.80477
-3.2944	-0.64017	0.34175
-3.2944	-0.61506	0.15873
-3.2944	-0.58996	0.043643
-3.2944	-0.56485	0.016459
-3.2944	-0.53975	0.064042
-3.2944	-0.51464	0.1427
-3.2944	-0.48954	0.13949
-3.2944	-0.46444	0.10797
-3.2944	-0.43933	0.02223
-3.2944	-0.36402	0.06094
-3.2944	-0.33891	0.084455
-3.2944	-0.31381	0.075459
-3.2944	-0.2887	0.047887
-3.2944	-0.2636	0.019413
-3.2944	-0.21339	0.01977
-3.2944	-0.18828	0.066376
-3.2944	-0.16318	0.074396
-3.2944	-0.13808	0.0655
-3.2944	-0.11297	0.019251
-3.2944	-0.062762	0.01626
-3.2944	-0.037657	0.040012
-3.2944	-0.012552	0.062167
-3.2944	0.012552	0.067075
-3.2944	0.037657	0.047615
-3.2944	0.062762	0.023127
-3.2944	0.11297	0.012977
-3.2944	0.13808	0.060808
-3.2944	0.16318	0.075049
-3.2944	0.18828	0.072754
-3.2944	0.21339	0.029124
-3.2944	0.2636	0.01138
-3.2944	0.2887	0.037507
-3.2944	0.31381	0.06793
-3.2944	0.33891	0.093025
-3.2944	0.36402	0.075772
-3.2944	0.38912	0.014411
-3.2944	0.43933	0.01356
-3.2944	0.46444	0.1259
-3.2944	0.48954	0.20225
-3.2944	0.51464	0.26853
-3.2944	0.53975	0.31528
-3.2944	0.56485	0.28813
-3.2944	0.58996	0.17335
-3.2944	0.61506	0.1123
-3.2944	0.64017	0.062873
-3.2944	0.66527	0.010473
-3.2944	0.99163	0.0089828
-3.2944	1.0167	0.0083538
-3.2944	1.1674	0.0083245
-3.2693	-0.99163	0.0080742
-3.2693	-0.96653	0.0096906
-3.2693	-0.89121	0.010896
-3.2693	-0.86611	0.04177
-3.2693	-0.841	0.10242
-3.2693	-0.8159	0.33007
-3.2693	-0.79079	0.48689
-3.2693	-0.76569	0.79685
-3.2693	-0.74059	0.89857
-3.2693	-0.71548	0.93432
-3.2693	-0.69038	0.77999
-3.2693	-0.66527	0.61319
-3.2693	-0.64017	0.24404
-3.2693	-0.61506	0.10497
-3.2693	-0.58996	0.023204
-3.2693	-0.56485	0.022068
-3.2693	-0.53975	0.066012
-3.2693	-0.51464	0.12709
-3.2693	-0.48954	0.11872
-3.2693	-0.46444	0.087321
-3.2693	-0.43933	0.013811
-3.2693	-0.38912	0.0089843
-3.2693	-0.36402	0.063034
-3.2693	-0.33891	0.082325
-3.2693	-0.31381	0.066742
-3.2693	-0.2887	0.039406
-3.2693	-0.2636	0.013671
-3.2693	-0.21339	0.02507
-3.2693	-0.18828	0.070349
-3.2693	-0.16318	0.075204
-3.2693	-0.13808	0.063072
-3.2693	-0.11297	0.015067
-3.2693	-0.062762	0.022897
-3.2693	-0.037657	0.049647
-3.2693	-0.012552	0.072414
-3.2693	0.012552	0.071344
-3.2693	0.037657	0.047657
-3.2693	0.062762	0.020556
-3.2693	0.11297	0.021397
-3.2693	0.13808	0.08083
-3.2693	0.16318	0.095564
-3.2693	0.18828	0.08909
-3.2693	0.21339	0.03082
-3.2693	0.2636	0.023049
-3.2693	0.2887	0.064171
-3.2693	0.31381	0.10929
-3.2693	0.33891	0.14116
-3.2693	0.36402	0.1113
-3.2693	0.38912	0.015619
-3.2693	0.43933	0.039702
-3.2693	0.46444	0.29698
-3.2693	0.48954	0.48131
-3.2693	0.51464	0.65927
-3.2693	0.53975	0.86414
-3.2693	0.56485	0.85446
-3.2693	0.58996	0.64063
-3.2693	0.61506	0.48439
-3.2693	0.64017	0.33151
-3.2693	0.66527	0.10722
-3.2693	0.69038	0.046982
-3.2693	1.795	0.0088792
-3.2693	1.8201	0.018189
-3.2693	1.8452	0.020641
-3.2693	1.8703	0.019004
-3.2693	1.8954	0.01567
-3.2693	1.9205	0.011687
-3.2443	-0.89121	0.012038
-3.2443	-0.86611	0.039037
-3.2443	-0.841	0.089682
-3.2443	-0.8159	0.27517
-3.2443	-0.79079	0.40182
-3.2443	-0.76569	0.64967
-3.2443	-0.74059	0.72858
-3.2443	-0.71548	0.75237
-3.2443	-0.69038	0.61319
-3.2443	-0.66527	0.47146
-3.2443	-0.64017	0.16947
-3.2443	-0.61506	0.063173
-3.2443	-0.58996	0.0082163
-3.2443	-0.56485	0.034631
-3.2443	-0.53975	0.07945
-3.2443	-0.51464	0.12739
-3.2443	-0.48954	0.11141
-3.2443	-0.46444	0.075514
-3.2443	-0.38912	0.017936
-3.2443	-0.36402	0.079705
-3.2443	-0.33891	0.096058
-3.2443	-0.31381	0.066981
-3.2443	-0.2887	0.034745
-3.2443	-0.2636	0.0086185
-3.2443	-0.23849	0.013071
-3.2443	-0.21339	0.041568
-3.2443	-0.18828	0.092884
-3.2443	-0.16318	0.092448
-3.2443	-0.13808	0.071577
-3.2443	-0.11297	0.011265
-3.2443	-0.062762	0.043402
-3.2443	-0.037657	0.080758
-3.2443	-0.012552	0.10786
-3.2443	0.012552	0.091697
-3.2443	0.037657	0.05475
-3.2443	0.062762	0.01841
-3.2443	0.087866	0.010996
-3.2443	0.11297	0.048427
-3.2443	0.13808	0.13984
-3.2443	0.16318	0.15427
-3.2443	0.18828	0.13404
-3.2443	0.21339	0.034348
-3.2443	0.2636	0.064137
-3.2443	0.2887	0.14677
-3.2443	0.31381	0.22808
-3.2443	0.33891	0.26089
-3.2443	0.36402	0.18983
-3.2443	0.38912	0.011556
-3.2443	0.41423	0.01628
-3.2443	0.43933	0.15267
-3.2443	0.46444	0.86173
-3.2443	0.48954	1.3583
-3.2443	0.51464	1.8479
-3.2443	0.53975	2.4721
-3.2443	0.56485	2.4979
-3.2443	0.58996	1.9906
-3.2443	0.61506	1.5644
-3.2443	0.64017	1.1182
-3.2443	0.66527	0.39784
-3.2443	0.69038	0.1815
-3.2443	0.71548	0.0081672
-3.2443	0.76569	0.011651
-3.2443	0.79079	0.028555
-3.2443	0.8159	0.025564
-3.2443	0.841	0.0096197
-3.2443	1.7699	0.0085943
-3.2443	1.795	0.017219
-3.2443	1.8201	0.036482
-3.2443	1.8452	0.043399
-3.2443	1.8703	0.045693
-3.2443	1.8954	0.041076
-3.2443	1.9205	0.033888
-3.2443	1.9456	0.017511
-3.2443	1.9707	0.010718
-3.2192	-0.89121	0.0083065
-3.2192	-0.86611	0.025466
-3.2192	-0.841	0.057847
-3.2192	-0.8159	0.18022
-3.2192	-0.79079	0.26677
-3.2192	-0.76569	0.44392
-3.2192	-0.74059	0.50442
-3.2192	-0.71548	0.5268
-3.2192	-0.69038	0.43481
-3.2192	-0.66527	0.33345
-3.2192	-0.64017	0.11348
-3.2192	-0.61506	0.037683
-3.2192	-0.56485	0.039802
-3.2192	-0.53975	0.081192
-3.2192	-0.51464	0.11928
-3.2192	-0.48954	0.10068
-3.2192	-0.46444	0.064763
-3.2192	-0.38912	0.02593
-3.2192	-0.36402	0.093263
-3.2192	-0.33891	0.10767
-3.2192	-0.31381	0.068349
-3.2192	-0.2887	0.032053
-3.2192	-0.23849	0.022661
-3.2192	-0.21339	0.060309
-3.2192	-0.18828	0.11922
-3.2192	-0.16318	0.1136
-3.2192	-0.13808	0.083305
-3.2192	-0.11297	0.0089221
-3.2192	-0.062762	0.070882
-3.2192	-0.037657	0.12163
-3.2192	-0.012552	0.15433
-3.2192	0.012552	0.11884
-3.2192	0.037657	0.064944
-3.2192	0.062762	0.017211
-3.2192	0.087866	0.026345
-3.2192	0.11297	0.089416
-3.2192	0.13808	0.22274
-3.2192	0.16318	0.23475
-3.2192	0.18828	0.19384
-3.2192	0.21339	0.038084
-3.2192	0.2636	0.13363
-3.2192	0.2887	0.27597
-3.2192	0.31381	0.4054
-3.2192	0.33891	0.42408
-3.2192	0.36402	0.28838
-3.2192	0.41423	0.062713
-3.2192	0.43933	0.37388
-3.2192	0.46444	1.8111
-3.2192	0.48954	2.7862
-3.2192	0.51464	3.7385
-3.2192	0.53975	4.9405
-3.2192	0.56485	4.9824
-3.2192	0.58996	3.9695
-3.2192	0.61506	3.1197
-3.2192	0.64017	2.2269
-3.2192	0.66527	0.77868
-3.2192	0.69038	0.34436
-3.2192	0.71548	0.0092781
-3.2192	0.76569	0.039481
-3.2192	0.79079	0.084117
-3.2192	0.8159	0.075191
-3.2192	0.841	0.028727
-3.2192	0.86611	0.010395
-3.2192	0.96653	0.0083001
-3.2192	1.7699	0.010619
-3.2192	1.795	0.020437
-3.2192	1.8201	0.042567
-3.2192	1.8452	0.050844
-3.2192	1.8703	0.054577
-3.2192	1.8954	0.049714
-3.2192	1.9205	0.041621
-3.2192	1.9456	0.02218
-3.2192	1.9707	0.013764
-3.1942	-0.86611	0.0084465
-3.1942	-0.841	0.019615
-3.1942	-0.8159	0.06503
-3.1942	-0.79079	0.099342
-3.1942	-0.76569	0.17509
-3.1942	-0.74059	0.20399
-3.1942	-0.71548	0.21774
-3.1942	-0.69038	0.18525
-3.1942	-0.66527	0.14267
-3.1942	-0.64017	0.046048
-3.1942	-0.61506	0.013154
-3.1942	-0.56485	0.028173
-3.1942	-0.53975	0.052753
-3.1942	-0.51464	0.072706
-3.1942	-0.48954	0.059585
-3.1942	-0.46444	0.036372
-3.1942	-0.38912	0.024834
-3.1942	-0.36402	0.076537
-3.1942	-0.33891	0.085626
-3.1942	-0.31381	0.050034
-3.1942	-0.2887	0.020885
-3.1942	-0.23849	0.028272
-3.1942	-0.21339	0.066189
-3.1942	-0.18828	0.11954
-3.1942	-0.16318	0.11007
-3.1942	-0.13808	0.076829
-3.1942	-0.062762	0.09583
-3.1942	-0.037657	0.15479
-3.1942	-0.012552	0.18892
-3.1942	0.012552	0.13357
-3.1942	0.037657	0.066285
-3.1942	0.062762	0.01253
-3.1942	0.087866	0.052097
-3.1942	0.11297	0.1476
-3.1942	0.13808	0.32785
-3.1942	0.16318	0.3326
-3.1942	0.18828	0.26188
-3.1942	0.21339	0.036778
-3.1942	0.2636	0.26347
-3.1942	0.2887	0.50187
-3.1942	0.31381	0.70354
-3.1942	0.33891	0.67717
-3.1942	0.36402	0.42739
-3.1942	0.41423	0.1989
-3.1942	0.43933	0.89115
-3.1942	0.46444	3.8212
-3.1942	0.48954	5.7576
-3.1942	0.51464	7.6315
-3.1942	0.53975	9.9608
-3.1942	0.56485	10.01
-3.1942	0.58996	7.9274
-3.1942	0.61506	6.203
-3.1942	0.64017	4.3964
-3.1942	0.66527	1.4838
-3.1942	0.69038	0.62557
-3.1942	0.74059	0.029424
-3.1942	0.76569	0.11914
-3.1942	0.79079	0.21951
-3.1942	0.8159	0.19127
-3.1942	0.841	0.068717
-3.1942	0.86611	0.022608
-3.1942	0.91632	0.01503
-3.1942	0.94142	0.027856
-3.1942	0.96653	0.031362
-3.1942	0.99163	0.022722
-3.1942	1.0167	0.012443
-3.1942	1.7699	0.012264
-3.1942	1.795	0.022879
-3.1942	1.8201	0.046994
-3.1942	1.8452	0.056252
-3.1942	1.8703	0.061028
-3.1942	1.8954	0.05595
-3.1942	1.9205	0.047132
-3.1942	1.9456	0.025318
-3.1942	1.9707	0.015684
-3.1942	1.9958	0.0083363
-3.1691	-0.8159	0.01211
-3.1691	-0.79079	0.02041
-3.1691	-0.76569	0.041739
-3.1691	-0.74059	0.051417
-3.1691	-0.71548	0.057434
-3.1691	-0.69038	0.051923
-3.1691	-0.66527	0.040471
-3.1691	-0.64017	0.012277
-3.1691	-0.56485	0.013219
-3.1691	-0.53975	0.023034
-3.1691	-0.51464	0.02969
-3.1691	-0.48954	0.02343
-3.1691	-0.46444	0.013339
-3.1691	-0.38912	0.015157
-3.1691	-0.36402	0.040629
-3.1691	-0.33891	0.043837
-3.1691	-0.31381	0.023046
-3.1691	-0.2887	0.0081895
-3.1691	-0.23849	0.02149
-3.1691	-0.21339	0.045294
-3.1691	-0.18828	0.074952
-3.1691	-0.16318	0.066449
-3.1691	-0.13808	0.043764
-3.1691	-0.062762	0.080179
-3.1691	-0.037657	0.1231
-3.1691	-0.012552	0.14519
-3.1691	0.012552	0.094149
-3.1691	0.037657	0.041603
-3.1691	0.087866	0.062662
-3.1691	0.11297	0.15586
-3.1691	0.13808	0.31703
-3.1691	0.16318	0.31169
-3.1691	0.18828	0.23468
-3.1691	0.21339	0.020751
-3.1691	0.23849	0.0091473
-3.1691	0.2636	0.35638
-3.1691	0.2887	0.63987
-3.1691	0.31381	0.86738
-3.1691	0.33891	0.78025
-3.1691	0.36402	0.45505
-3.1691	0.38912	0.012268
-3.1691	0.41423	0.42809
-3.1691	0.43933	1.5883
-3.1691	0.46444	6.2778
-3.1691	0.48954	9.3755
-3.1691	0.51464	12.405
-3.1691	0.53975	16.291
-3.1691	0.56485	16.455
-3.1691	0.58996	13.148
-3.1691	0.61506	10.309
-3.1691	0.64017	7.2942
-3.1691	0.66527	2.3885
-3.1691	0.69038	0.9541
-3.1691	0.74059	0.10008
-3.1691	0.76569	0.30104
-3.1691	0.79079	0.49169
-3.1691	0.8159	0.41696
-3.1691	0.841	0.13796
-3.1691	0.86611	0.039534
-3.1691	0.91632	0.04976
-3.1691	0.94142	0.08466
-3.1691	0.96653	0.090568
-3.1691	0.99163	0.064561
-3.1691	1.0167	0.034281
-3.1691	1.0921	0.01029
-3.1691	1.1172	0.022527
-3.1691	1.1423	0.020748
-3.1691	1.1674	0.0078989
-3.1691	1.7699	0.01264
-3.1691	1.795	0.023328
-3.1691	1.8201	0.048465
-3.1691	1.8452	0.058635
-3.1691	1.8703	0.065036
-3.1691	1.8954	0.060212
-3.1691	1.9205	0.051135
-3.1691	1.9456	0.027665
-3.1691	1.9707	0.017055
-3.1691	1.9958	0.0089129
-3.1441	-0.69038	0.0083752
-3.1441	-0.53975	0.0082242
-3.1441	-0.51464	0.01014
-3.1441	-0.36402	0.018556
-3.1441	-0.33891	0.019225
-3.1441	-0.31381	0.0088335
-3.1441	-0.23849	0.013283
-3.1441	-0.21339	0.025462
-3.1441	-0.18828	0.038133
-3.1441	-0.16318	0.032152
-3.1441	-0.13808	0.019583
-3.1441	-0.062762	0.05052
-3.1441	-0.037657	0.073346
-3.1441	-0.012552	0.082764
-3.1441	0.012552	0.047639
-3.1441	0.037657	0.017894
-3.1441	0.087866	0.050375
-3.1441	0.11297	0.11204
-3.1441	0.13808	0.20634
-3.1441	0.16318	0.19437
-3.1441	0.18828	0.13767
-3.1441	0.23849	0.016634
-3.1441	0.2636	0.30119
-3.1441	0.2887	0.51058
-3.1441	0.31381	0.66632
-3.1441	0.33891	0.54991
-3.1441	0.36402	0.28896
-3.1441	0.38912	0.04332
-3.1441	0.41423	0.52208
-3.1441	0.43933	1.6851
-3.1441	0.46444	6.2145
-3.1441	0.48954	9.2086
-3.1441	0.51464	12.17
-3.1441	0.53975	16.11
-3.1441	0.56485	16.376
-3.1441	0.58996	13.254
-3.1441	0.61506	10.437
-3.1441	0.64017	7.3888
-3.1441	0.66527	2.3494
-3.1441	0.69038	0.88096
-3.1441	0.74059	0.19043
-3.1441	0.76569	0.46958
-3.1441	0.79079	0.701
-3.1441	0.8159	0.582
-3.1441	0.841	0.17673
-3.1441	0.86611	0.042077
-3.1441	0.91632	0.10683
-3.1441	0.94142	0.17005
-3.1441	0.96653	0.17389
-3.1441	0.99163	0.1214
-3.1441	1.0167	0.061647
-3.1441	1.0669	0.0087893
-3.1441	1.0921	0.031404
-3.1441	1.1172	0.063398
-3.1441	1.1423	0.058199
-3.1441	1.1674	0.021711
-3.1441	1.2427	0.0098263
-3.1441	1.2678	0.017009
-3.1441	1.2929	0.018783
-3.1441	1.318	0.013538
-3.1441	1.7699	0.0089508
-3.1441	1.795	0.017378
-3.1441	1.8201	0.039837
-3.1441	1.8452	0.050304
-3.1441	1.8703	0.059919
-3.1441	1.8954	0.057087
-3.1441	1.9205	0.04965
-3.1441	1.9456	0.027691
-3.1441	1.9707	0.017118
-3.1441	1.9958	0.0088285
-3.119	-0.8159	0.0097724
-3.119	-0.79079	0.0093313
-3.119	-0.36402	0.0078843
-3.119	-0.33891	0.0079101
-3.119	-0.23849	0.0079808
-3.119	-0.21339	0.014122
-3.119	-0.18828	0.019236
-3.119	-0.16318	0.015358
-3.119	-0.13808	0.0085177
-3.119	-0.062762	0.0313
-3.119	-0.037657	0.042997
-3.119	-0.012552	0.046251
-3.119	0.012552	0.023068
-3.119	0.087866	0.037515
-3.119	0.11297	0.075596
-3.119	0.13808	0.12506
-3.119	0.16318	0.11173
-3.119	0.18828	0.07318
-3.119	0.23849	0.019996
-3.119	0.2636	0.22107
-3.119	0.2887	0.35264
-3.119	0.31381	0.43911
-3.119	0.33891	0.32238
-3.119	0.36402	0.1466
-3.119	0.38912	0.068728
-3.119	0.41423	0.48839
-3.119	0.43933	1.4014
-3.119	0.46444	4.7616
-3.119	0.48954	6.9231
-3.119	0.51464	9.03
-3.119	0.53975	11.743
-3.119	0.56485	11.855
-3.119	0.58996	9.4572
-3.119	0.61506	7.3739
-3.119	0.64017	5.1467
-3.119	0.66527	1.5341
-3.119	0.69038	0.52308
-3.119	0.71548	0.02288
-3.119	0.74059	0.21438
-3.119	0.76569	0.45242
-3.119	0.79079	0.61163
-3.119	0.8159	0.49143
-3.119	0.841	0.1315
-3.119	0.86611	0.023611
-3.119	0.91632	0.12901
-3.119	0.94142	0.1929
-3.119	0.96653	0.1861
-3.119	0.99163	0.12576
-3.119	1.0167	0.059832
-3.119	1.0669	0.017439
-3.119	1.0921	0.050615
-3.119	1.1172	0.094072
-3.119	1.1423	0.085165
-3.119	1.1674	0.029845
-3.119	1.2427	0.022878
-3.119	1.2678	0.038008
-3.119	1.2929	0.042136
-3.119	1.318	0.030589
-3.119	1.3431	0.016199
-3.119	1.4184	0.014783
-3.119	1.4435	0.018034
-3.119	1.4686	0.016925
-3.119	1.8201	0.012371
-3.119	1.8452	0.019381
-3.119	1.8703	0.031191
-3.119	1.8954	0.033115
-3.119	1.9205	0.031463
-3.119	1.9456	0.019933
-3.119	1.9707	0.012808
-3.0939	-0.89121	0.0094917
-3.0939	-0.86611	0.01699
-3.0939	-0.841	0.025638
-3.0939	-0.8159	0.040485
-3.0939	-0.79079	0.043776
-3.0939	-0.76569	0.038969
-3.0939	-0.74059	0.032001
-3.0939	-0.71548	0.023747
-3.0939	-0.69038	0.0090495
-3.0939	-0.18828	0.0094911
-3.0939	-0.062762	0.019986
-3.0939	-0.037657	0.026141
-3.0939	-0.012552	0.026867
-3.0939	0.012552	0.011418
-3.0939	0.087866	0.028909
-3.0939	0.11297	0.053549
-3.0939	0.13808	0.079908
-3.0939	0.16318	0.067446
-3.0939	0.18828	0.040331
-3.0939	0.23849	0.021786
-3.0939	0.2636	0.16887
-3.0939	0.2887	0.25419
-3.0939	0.31381	0.30152
-3.0939	0.33891	0.19342
-3.0939	0.36402	0.072642
-3.0939	0.38912	0.088638
-3.0939	0.41423	0.4531
-3.0939	0.43933	1.178
-3.0939	0.46444	3.6901
-3.0939	0.48954	5.2447
-3.0939	0.51464	6.7192
-3.0939	0.53975	8.4865
-3.0939	0.56485	8.4522
-3.0939	0.58996	6.5477
-3.0939	0.61506	5.0125
-3.0939	0.64017	3.4163
-3.0939	0.66527	0.92816
-3.0939	0.69038	0.2777
-3.0939	0.71548	0.040713
-3.0939	0.74059	0.20687
-3.0939	0.76569	0.38304
-3.0939	0.79079	0.46321
-3.0939	0.8159	0.35548
-3.0939	0.841	0.079599
-3.0939	0.86611	0.0090269
-3.0939	0.91632	0.12196
-3.0939	0.94142	0.1704
-3.0939	0.96653	0.15062
-3.0939	0.99163	0.096467
-3.0939	1.0167	0.041583
-3.0939	1.0669	0.022513
-3.0939	1.0921	0.055167
-3.0939	1.1172	0.092121
-3.0939	1.1423	0.080589
-3.0939	1.1674	0.024959
-3.0939	1.2427	0.030373
-3.0939	1.2678	0.047656
-3.0939	1.2929	0.050326
-3.0939	1.318	0.035582
-3.0939	1.3431	0.017808
-3.0939	1.4184	0.0268
-3.0939	1.4435	0.032475
-3.0939	1.4686	0.030696
-3.0939	1.4937	0.012089
-3.0939	1.569	0.0082514
-3.0939	1.5941	0.014725
-3.0939	1.6192	0.018105
-3.0939	1.6444	0.013848
-3.0939	1.7699	0.0099746
-3.0939	1.795	0.010137
-3.0689	-0.89121	0.023293
-3.0689	-0.86611	0.041412
-3.0689	-0.841	0.063019
-3.0689	-0.8159	0.10388
-3.0689	-0.79079	0.1159
-3.0689	-0.76569	0.11187
-3.0689	-0.74059	0.096593
-3.0689	-0.71548	0.075902
-3.0689	-0.69038	0.033126
-3.0689	-0.66527	0.017163
-3.0689	-0.062762	0.012444
-3.0689	-0.037657	0.015674
-3.0689	-0.012552	0.0155
-3.0689	0.087866	0.022858
-3.0689	0.11297	0.039481
-3.0689	0.13808	0.053647
-3.0689	0.16318	0.04271
-3.0689	0.18828	0.022989
-3.0689	0.23849	0.023233
-3.0689	0.2636	0.13752
-3.0689	0.2887	0.19634
-3.0689	0.31381	0.22214
-3.0689	0.33891	0.12267
-3.0689	0.36402	0.035479
-3.0689	0.38912	0.10894
-3.0689	0.41423	0.4436
-3.0689	0.43933	1.0628
-3.0689	0.46444	3.0931
-3.0689	0.48954	4.3013
-3.0689	0.51464	5.413
-3.0689	0.53975	6.6314
-3.0689	0.56485	6.5082
-3.0689	0.58996	4.8781
-3.0689	0.61506	3.6567
-3.0689	0.64017	2.4246
-3.0689	0.66527	0.5898
-3.0689	0.69038	0.14856
-3.0689	0.71548	0.057845
-3.0689	0.74059	0.20309
-3.0689	0.76569	0.33694
-3.0689	0.79079	0.36467
-3.0689	0.8159	0.26574
-3.0689	0.841	0.047561
-3.0689	0.89121	0.012577
-3.0689	0.91632	0.11512
-3.0689	0.94142	0.15054
-3.0689	0.96653	0.12041
-3.0689	0.99163	0.072128
-3.0689	1.0167	0.027313
-3.0689	1.0669	0.026424
-3.0689	1.0921	0.056265
-3.0689	1.1172	0.083639
-3.0689	1.1423	0.069867
-3.0689	1.1674	0.018201
-3.0689	1.2427	0.034115
-3.0689	1.2678	0.050163
-3.0689	1.2929	0.048797
-3.0689	1.318	0.032813
-3.0689	1.3431	0.014961
-3.0689	1.3933	0.0082012
-3.0689	1.4184	0.033711
-3.0689	1.4435	0.03946
-3.0689	1.4686	0.036303
-3.0689	1.4937	0.012939
-3.0689	1.569	0.015012
-3.0689	1.5941	0.025595
-3.0689	1.6192	0.031404
-3.0689	1.6444	0.024181
-3.0689	1.6695	0.01347
-3.0689	1.7448	0.03145
-3.0689	1.7699	0.047661
-3.0689	1.795	0.059829
-3.0689	1.8201	0.062881
-3.0689	1.8452	0.054361
-3.0689	1.8703	0.029232
-3.0689	1.8954	0.017896
-3.0689	1.9205	0.0094698
-3.0438	-0.89121	0.044596
-3.0438	-0.86611	0.07889
-3.0438	-0.841	0.12078
-3.0438	-0.8159	0.20469
-3.0438	-0.79079	0.23255
-3.0438	-0.76569	0.23367
-3.0438	-0.74059	0.20602
-3.0438	-0.71548	0.16521
-3.0438	-0.69038	0.074302
-3.0438	-0.66527	0.038404
-3.0438	-0.56485	0.01048
-3.0438	-0.53975	0.010749
-3.0438	-0.037657	0.0081001
-3.0438	0.087866	0.017555
-3.0438	0.11297	0.028751
-3.0438	0.13808	0.036174
-3.0438	0.16318	0.027182
-3.0438	0.18828	0.01294
-3.0438	0.23849	0.024362
-3.0438	0.2636	0.11703
-3.0438	0.2887	0.1595
-3.0438	0.31381	0.17257
-3.0438	0.33891	0.080651
-3.0438	0.36402	0.015875
-3.0438	0.38912	0.13298
-3.0438	0.41423	0.4586
-3.0438	0.43933	1.0272
-3.0438	0.46444	2.8048
-3.0438	0.48954	3.825
-3.0438	0.51464	4.7362
-3.0438	0.53975	5.6397
-3.0438	0.56485	5.4569
-3.0438	0.58996	3.9569
-3.0438	0.61506	2.9017
-3.0438	0.64017	1.8678
-3.0438	0.66527	0.39963
-3.0438	0.69038	0.07967
-3.0438	0.71548	0.077294
-3.0438	0.74059	0.21069
-3.0438	0.76569	0.31837
-3.0438	0.79079	0.3095
-3.0438	0.8159	0.21334
-3.0438	0.841	0.028798
-3.0438	0.89121	0.019366
-3.0438	0.91632	0.11546
-3.0438	0.94142	0.14184
-3.0438	0.96653	0.10214
-3.0438	0.99163	0.056615
-3.0438	1.0167	0.018148
-3.0438	1.0669	0.031549
-3.0438	1.0921	0.059729
-3.0438	1.1172	0.079137
-3.0438	1.1423	0.062772
-3.0438	1.1674	0.013159
-3.0438	1.2427	0.03855
-3.0438	1.2678	0.05317
-3.0438	1.2929	0.047034
-3.0438	1.318	0.029678
-3.0438	1.3431	0.01196
-3.0438	1.3933	0.011901
-3.0438	1.4184	0.039696
-3.0438	1.4435	0.044456
-3.0438	1.4686	0.039258
-3.0438	1.4937	0.012011
-3.0438	1.569	0.022264
-3.0438	1.5941	0.035721
-3.0438	1.6192	0.041242
-3.0438	1.6444	0.030675
-3.0438	1.6695	0.015916
-3.0438	1.7197	0.0097798
-3.0438	1.7448	0.063321
-3.0438	1.7699	0.096785
-3.0438	1.795	0.12523
-3.0438	1.8201	0.14657
-3.0438	1.8452	0.13688
-3.0438	1.8703	0.091356
-3.0438	1.8954	0.06508
-3.0438	1.9205	0.041912
-3.0438	1.9456	0.011947
-3.0188	-0.89121	0.034357
-3.0188	-0.86611	0.06218
-3.0188	-0.841	0.098673
-3.0188	-0.8159	0.18278
-3.0188	-0.79079	0.21785
-3.0188	-0.76569	0.24089
-3.0188	-0.74059	0.22219
-3.0188	-0.71548	0.18559
-3.0188	-0.69038	0.087872
-3.0188	-0.66527	0.044801
-3.0188	-0.58996	0.010482
-3.0188	-0.56485	0.028698
-3.0188	-0.53975	0.029485
-3.0188	-0.51464	0.015061
-3.0188	-0.38912	0.011031
-3.0188	-0.36402	0.010127
-3.0188	0.11297	0.012247
-3.0188	0.13808	0.015225
-3.0188	0.16318	0.010772
-3.0188	0.23849	0.022505
-3.0188	0.2636	0.087988
-3.0188	0.2887	0.11437
-3.0188	0.31381	0.11744
-3.0188	0.33891	0.041335
-3.0188	0.38912	0.17508
-3.0188	0.41423	0.50839
-3.0188	0.43933	1.057
-3.0188	0.46444	2.692
-3.0188	0.48954	3.596
-3.0188	0.51464	4.3767
-3.0188	0.53975	5.0494
-3.0188	0.56485	4.8026
-3.0188	0.58996	3.3313
-3.0188	0.61506	2.365
-3.0188	0.64017	1.4528
-3.0188	0.66527	0.24597
-3.0188	0.69038	0.027501
-3.0188	0.71548	0.11967
-3.0188	0.74059	0.25075
-3.0188	0.76569	0.33705
-3.0188	0.79079	0.28062
-3.0188	0.8159	0.17655
-3.0188	0.841	0.012972
-3.0188	0.89121	0.035252
-3.0188	0.91632	0.13342
-3.0188	0.94142	0.15023
-3.0188	0.96653	0.091555
-3.0188	0.99163	0.044088
-3.0188	1.0167	0.0098252
-3.0188	1.0418	0.015563
-3.0188	1.0669	0.045254
-3.0188	1.0921	0.074066
-3.0188	1.1172	0.082953
-3.0188	1.1423	0.060371
-3.0188	1.1674	0.0081501
-3.0188	1.2176	0.0089042
-3.0188	1.2427	0.05118
-3.0188	1.2678	0.064448
-3.0188	1.2929	0.048797
-3.0188	1.318	0.027387
-3.0188	1.3431	0.0085241
-3.0188	1.3933	0.020891
-3.0188	1.4184	0.053419
-3.0188	1.4435	0.055674
-3.0188	1.4686	0.045671
-3.0188	1.4937	0.01022
-3.0188	1.569	0.038287
-3.0188	1.5941	0.056029
-3.0188	1.6192	0.057014
-3.0188	1.6444	0.038988
-3.0188	1.6695	0.017071
-3.0188	1.7197	0.027284
-3.0188	1.7448	0.13447
-3.0188	1.7699	0.19964
-3.0188	1.795	0.25608
-3.0188	1.8201	0.30456
-3.0188	1.8452	0.28997
-3.0188	1.8703	0.20469
-3.0188	1.8954	0.15115
-3.0188	1.9205	0.10138
-3.0188	1.9456	0.031566
-3.0188	1.9707	0.0134
-2.9937	-0.89121	0.012283
-2.9937	-0.86611	0.022575
-2.9937	-0.841	0.036607
-2.9937	-0.8159	0.071268
-2.9937	-0.79079	0.08713
-2.9937	-0.76569	0.10109
-2.9937	-0.74059	0.095245
-2.9937	-0.71548	0.080966
-2.9937	-0.69038	0.038751
-2.9937	-0.66527	0.019218
-2.9937	-0.58996	0.0082279
-2.9937	-0.56485	0.020341
-2.9937	-0.53975	0.020738
-2.9937	-0.51464	0.010226
-2.9937	-0.41423	0.0093928
-2.9937	-0.38912	0.013354
-2.9937	-0.36402	0.012373
-2.9937	-0.33891	0.0080628
-2.9937	-0.23849	0.0081141
-2.9937	-0.21339	0.0088117
-2.9937	0.23849	0.01302
-2.9937	0.2636	0.050898
-2.9937	0.2887	0.067204
-2.9937	0.31381	0.069228
-2.9937	0.33891	0.020299
-2.9937	0.38912	0.17897
-2.9937	0.41423	0.48757
-2.9937	0.43933	0.99254
-2.9937	0.46444	2.5107
-2.9937	0.48954	3.3606
-2.9937	0.51464	4.1004
-2.9937	0.53975	4.7425
-2.9937	0.56485	4.504
-2.9937	0.58996	3.0822
-2.9937	0.61506	2.1535
-2.9937	0.64017	1.2859
-2.9937	0.66527	0.18024
-2.9937	0.69038	0.0093805
-2.9937	0.71548	0.16256
-2.9937	0.74059	0.30022
-2.9937	0.76569	0.3785
-2.9937	0.79079	0.28613
-2.9937	0.8159	0.16849
-2.9937	0.89121	0.053739
-2.9937	0.91632	0.16192
-2.9937	0.94142	0.17273
-2.9937	0.96653	0.09359
-2.9937	0.99163	0.040141
-2.9937	1.0418	0.025805
-2.9937	1.0669	0.062629
-2.9937	1.0921	0.094406
-2.9937	1.1172	0.094744
-2.9937	1.1423	0.064698
-2.9937	1.2176	0.015731
-2.9937	1.2427	0.067726
-2.9937	1.2678	0.080495
-2.9937	1.2929	0.054485
-2.9937	1.318	0.027792
-2.9937	1.3682	0.010222
-2.9937	1.3933	0.032004
-2.9937	1.4184	0.070139
-2.9937	1.4435	0.069524
-2.9937	1.4686	0.053941
-2.9937	1.4937	0.0091095
-2.9937	1.569	0.057093
-2.9937	1.5941	0.078779
-2.9937	1.6192	0.072814
-2.9937	1.6444	0.046332
-2.9937	1.6695	0.017284
-2.9937	1.6946	0.0095875
-2.9937	1.7197	0.05135
-2.9937	1.7448	0.21725
-2.9937	1.7699	0.31415
-2.9937	1.795	0.39656
-2.9937	1.8201	0.46384
-2.9937	1.8452	0.4398
-2.9937	1.8703	0.30903
-2.9937	1.8954	0.22773
-2.9937	1.9205	0.1522
-2.9937	1.9456	0.046352
-2.9937	1.9707	0.019012
-2.9687	-0.841	0.008785
-2.9687	-0.8159	0.018799
-2.9687	-0.79079	0.023942
-2.9687	-0.76569	0.029719
-2.9687	-0.74059	0.028728
-2.9687	-0.71548	0.024889
-2.9687	-0.69038	0.011949
-2.9687	-0.56485	0.0093244
-2.9687	-0.53975	0.0092992
-2.9687	-0.38912	0.008504
-2.9687	-0.23849	0.0081052
-2.9687	-0.21339	0.0087677
-2.9687	0.2887	0.011726
-2.9687	0.31381	0.01399
-2.9687	0.38912	0.094622
-2.9687	0.41423	0.26033
-2.9687	0.43933	0.54924
-2.9687	0.46444	1.5138
-2.9687	0.48954	2.1119
-2.9687	0.51464	2.678
-2.9687	0.53975	3.3095
-2.9687	0.56485	3.2282
-2.9687	0.58996	2.2902
-2.9687	0.61506	1.6082
-2.9687	0.64017	0.94974
-2.9687	0.66527	0.10825
-2.9687	0.71548	0.19636
-2.9687	0.74059	0.33162
-2.9687	0.76569	0.39968
-2.9687	0.79079	0.28054
-2.9687	0.8159	0.1549
-2.9687	0.86611	0.017923
-2.9687	0.89121	0.079965
-2.9687	0.91632	0.20165
-2.9687	0.94142	0.20537
-2.9687	0.96653	0.099086
-2.9687	0.99163	0.037008
-2.9687	1.0418	0.043426
-2.9687	1.0669	0.091622
-2.9687	1.0921	0.12865
-2.9687	1.1172	0.11633
-2.9687	1.1423	0.074229
-2.9687	1.2176	0.028502
-2.9687	1.2427	0.097193
-2.9687	1.2678	0.10934
-2.9687	1.2929	0.065767
-2.9687	1.318	0.029938
-2.9687	1.3682	0.020207
-2.9687	1.3933	0.052414
-2.9687	1.4184	0.099814
-2.9687	1.4435	0.093966
-2.9687	1.4686	0.068585
-2.9687	1.4937	0.0079761
-2.9687	1.5439	0.016742
-2.9687	1.569	0.090745
-2.9687	1.5941	0.11831
-2.9687	1.6192	0.098555
-2.9687	1.6444	0.057555
-2.9687	1.6695	0.017294
-2.9687	1.6946	0.024326
-2.9687	1.7197	0.098762
-2.9687	1.7448	0.36544
-2.9687	1.7699	0.51399
-2.9687	1.795	0.63648
-2.9687	1.8201	0.72549
-2.9687	1.8452	0.68119
-2.9687	1.8703	0.47007
-2.9687	1.8954	0.34291
-2.9687	1.9205	0.22629
-2.9687	1.9456	0.065783
-2.9687	1.9707	0.025557
-2.9436	0.38912	0.008454
-2.9436	0.41423	0.029288
-2.9436	0.43933	0.07557
-2.9436	0.46444	0.28496
-2.9436	0.48954	0.44981
-2.9436	0.51464	0.63505
-2.9436	0.53975	0.93682
-2.9436	0.56485	0.98288
-2.9436	0.58996	0.78299
-2.9436	0.61506	0.5719
-2.9436	0.64017	0.34391
-2.9436	0.66527	0.030946
-2.9436	0.71548	0.13501
-2.9436	0.74059	0.21799
-2.9436	0.76569	0.2594
-2.9436	0.79079	0.17787
-2.9436	0.8159	0.09333
-2.9436	0.86611	0.025302
-2.9436	0.89121	0.085983
-2.9436	0.91632	0.19463
-2.9436	0.94142	0.19347
-2.9436	0.96653	0.085422
-2.9436	0.99163	0.027141
-2.9436	1.0418	0.062883
-2.9436	1.0669	0.12013
-2.9436	1.0921	0.16048
-2.9436	1.1172	0.13421
-2.9436	1.1423	0.080345
-2.9436	1.1925	0.010019
-2.9436	1.2176	0.049466
-2.9436	1.2427	0.141
-2.9436	1.2678	0.15149
-2.9436	1.2929	0.081331
-2.9436	1.318	0.032384
-2.9436	1.3682	0.040013
-2.9436	1.3933	0.089882
-2.9436	1.4184	0.15141
-2.9436	1.4435	0.13559
-2.9436	1.4686	0.092809
-2.9436	1.5439	0.036733
-2.9436	1.569	0.15512
-2.9436	1.5941	0.1917
-2.9436	1.6192	0.14321
-2.9436	1.6444	0.075547
-2.9436	1.6695	0.0167
-2.9436	1.6946	0.060224
-2.9436	1.7197	0.20038
-2.9436	1.7448	0.65911
-2.9436	1.7699	0.90176
-2.9436	1.795	1.0942
-2.9436	1.8201	1.2099
-2.9436	1.8452	1.1214
-2.9436	1.8703	0.75425
-2.9436	1.8954	0.54212
-2.9436	1.9205	0.3513
-2.9436	1.9456	0.095899
-2.9436	1.9707	0.0347
-2.9436	2.046	0.0082419
-2.9436	2.0711	0.010948
-2.9436	2.0962	0.008388
-2.9186	0.087866	0.0080715
-2.9186	0.11297	0.0084546
-2.9186	0.2636	0.011182
-2.9186	0.2887	0.0092109
-2.9186	0.41423	0.0082854
-2.9186	0.51464	0.016947
-2.9186	0.53975	0.058522
-2.9186	0.56485	0.079304
-2.9186	0.58996	0.08853
-2.9186	0.61506	0.071849
-2.9186	0.64017	0.045944
-2.9186	0.71548	0.04
-2.9186	0.74059	0.06313
-2.9186	0.76569	0.075149
-2.9186	0.79079	0.050908
-2.9186	0.8159	0.025099
-2.9186	0.86611	0.015525
-2.9186	0.89121	0.044094
-2.9186	0.91632	0.093352
-2.9186	0.94142	0.09176
-2.9186	0.96653	0.037481
-2.9186	0.99163	0.0095857
-2.9186	1.0418	0.050049
-2.9186	1.0669	0.089891
-2.9186	1.0921	0.11721
-2.9186	1.1172	0.094397
-2.9186	1.1423	0.053623
-2.9186	1.1925	0.015397
-2.9186	1.2176	0.05741
-2.9186	1.2427	0.14696
-2.9186	1.2678	0.15435
-2.9186	1.2929	0.076316
-2.9186	1.318	0.026112
-2.9186	1.3682	0.06371
-2.9186	1.3933	0.12971
-2.9186	1.4184	0.20174
-2.9186	1.4435	0.17431
-2.9186	1.4686	0.11276
-2.9186	1.5188	0.011895
-2.9186	1.5439	0.073516
-2.9186	1.569	0.2583
-2.9186	1.5941	0.30617
-2.9186	1.6192	0.20716
-2.9186	1.6444	0.097373
-2.9186	1.6695	0.013408
-2.9186	1.6946	0.14439
-2.9186	1.7197	0.4153
-2.9186	1.7448	1.2433
-2.9186	1.7699	1.6635
-2.9186	1.795	1.9852
-2.9186	1.8201	2.1398
-2.9186	1.8452	1.9609
-2.9186	1.8703	1.2865
-2.9186	1.8954	0.91045
-2.9186	1.9205	0.57837
-2.9186	1.9456	0.14686
-2.9186	1.9707	0.048696
-2.9186	2.0209	0.0083657
-2.9186	2.046	0.017895
-2.9186	2.0711	0.020812
-2.9186	2.0962	0.01526
-2.9186	2.1213	0.0087385
-2.8935	0.23849	0.010661
-2.8935	0.2636	0.015922
-2.8935	0.2887	0.013506
-2.8935	0.31381	0.0082772
-2.8935	0.38912	0.030568
-2.8935	0.41423	0.050318
-2.8935	0.43933	0.068324
-2.8935	0.46444	0.082424
-2.8935	0.48954	0.075216
-2.8935	0.51464	0.060631
-2.8935	0.53975	0.025494
-2.8935	0.56485	0.012344
-2.8935	0.74059	0.0086199
-2.8935	0.76569	0.010843
-2.8935	0.89121	0.013151
-2.8935	0.91632	0.026061
-2.8935	0.94142	0.025103
-2.8935	0.96653	0.0090358
-2.8935	1.0418	0.02166
-2.8935	1.0669	0.036619
-2.8935	1.0921	0.046259
-2.8935	1.1172	0.03503
-2.8935	1.1423	0.018437
-2.8935	1.1925	0.011008
-2.8935	1.2176	0.033777
-2.8935	1.2427	0.078973
-2.8935	1.2678	0.081183
-2.8935	1.2929	0.036633
-2.8935	1.318	0.010185
-2.8935	1.3682	0.053358
-2.8935	1.3933	0.1016
-2.8935	1.4184	0.15108
-2.8935	1.4435	0.12768
-2.8935	1.4686	0.078674
-2.8935	1.5188	0.020247
-2.8935	1.5439	0.089702
-2.8935	1.569	0.28228
-2.8935	1.5941	0.32846
-2.8935	1.6192	0.20835
-2.8935	1.6444	0.086484
-2.8935	1.6946	0.25441
-2.8935	1.7197	0.66663
-2.8935	1.7448	1.9121
-2.8935	1.7699	2.5529
-2.8935	1.795	3.0531
-2.8935	1.8201	3.3188
-2.8935	1.8452	3.0532
-2.8935	1.8703	2.0083
-2.8935	1.8954	1.4162
-2.8935	1.9205	0.89116
-2.8935	1.9456	0.21299
-2.8935	1.9707	0.064038
-2.8935	2.0209	0.020639
-2.8935	2.046	0.037873
-2.8935	2.0711	0.039465
-2.8935	2.0962	0.027775
-2.8935	2.1213	0.015085
-2.8685	-0.89121	0.0080983
-2.8685	-0.86611	0.010937
-2.8685	-0.841	0.013353
-2.8685	-0.8159	0.015264
-2.8685	-0.79079	0.014384
-2.8685	-0.76569	0.00979
-2.8685	0.23849	0.011509
-2.8685	0.2636	0.016472
-2.8685	0.2887	0.01365
-2.8685	0.31381	0.0078932
-2.8685	0.38912	0.052981
-2.8685	0.41423	0.089939
-2.8685	0.43933	0.12916
-2.8685	0.46444	0.18592
-2.8685	0.48954	0.19241
-2.8685	0.51464	0.182
-2.8685	0.53975	0.12416
-2.8685	0.56485	0.088544
-2.8685	0.58996	0.031197
-2.8685	0.61506	0.014443
-2.8685	1.0669	0.011589
-2.8685	1.0921	0.014181
-2.8685	1.1172	0.0099224
-2.8685	1.2176	0.014449
-2.8685	1.2427	0.03041
-2.8685	1.2678	0.030106
-2.8685	1.2929	0.011723
-2.8685	1.3682	0.028001
-2.8685	1.3933	0.049665
-2.8685	1.4184	0.068424
-2.8685	1.4435	0.055393
-2.8685	1.4686	0.031571
-2.8685	1.5188	0.016829
-2.8685	1.5439	0.059205
-2.8685	1.569	0.16703
-2.8685	1.5941	0.18932
-2.8685	1.6192	0.1098
-2.8685	1.6444	0.038268
-2.8685	1.6946	0.23071
-2.8685	1.7197	0.56522
-2.8685	1.7448	1.5884
-2.8685	1.7699	2.1382
-2.8685	1.795	2.5917
-2.8685	1.8201	2.9156
-2.8685	1.8452	2.7325
-2.8685	1.8703	1.861
-2.8685	1.8954	1.3302
-2.8685	1.9205	0.84346
-2.8685	1.9456	0.19518
-2.8685	1.9707	0.052812
-2.8685	2.0209	0.033721
-2.8685	2.046	0.056029
-2.8685	2.0711	0.055019
-2.8685	2.0962	0.037857
-2.8685	2.1213	0.019758
-2.8685	2.2218	0.0080394
-2.8434	-0.89121	0.013644
-2.8434	-0.86611	0.018435
-2.8434	-0.841	0.022628
-2.8434	-0.8159	0.026393
-2.8434	-0.79079	0.025201
-2.8434	-0.76569	0.017647
-2.8434	-0.74059	0.012655
-2.8434	-0.71548	0.0079342
-2.8434	0.23849	0.010843
-2.8434	0.2636	0.014601
-2.8434	0.2887	0.011601
-2.8434	0.36402	0.010162
-2.8434	0.38912	0.068931
-2.8434	0.41423	0.11638
-2.8434	0.43933	0.16874
-2.8434	0.46444	0.25414
-2.8434	0.48954	0.27168
-2.8434	0.51464	0.26708
-2.8434	0.53975	0.20052
-2.8434	0.56485	0.15155
-2.8434	0.58996	0.061201
-2.8434	0.61506	0.030452
-2.8434	0.64017	0.01143
-2.8434	1.2427	0.010569
-2.8434	1.2678	0.010097
-2.8434	1.3682	0.013134
-2.8434	1.3933	0.021812
-2.8434	1.4184	0.027538
-2.8434	1.4435	0.021077
-2.8434	1.4686	0.010814
-2.8434	1.5188	0.010909
-2.8434	1.5439	0.03211
-2.8434	1.569	0.080195
-2.8434	1.5941	0.087152
-2.8434	1.6192	0.043889
-2.8434	1.6444	0.011683
-2.8434	1.6946	0.14695
-2.8434	1.7197	0.33532
-2.8434	1.7448	0.89356
-2.8434	1.7699	1.1898
-2.8434	1.795	1.4331
-2.8434	1.8201	1.6041
-2.8434	1.8452	1.5021
-2.8434	1.8703	1.0204
-2.8434	1.8954	0.72608
-2.8434	1.9205	0.45577
-2.8434	1.9456	0.097879
-2.8434	1.9707	0.022591
-2.8434	2.0209	0.028466
-2.8434	2.046	0.043575
-2.8434	2.0711	0.040382
-2.8434	2.0962	0.027106
-2.8434	2.1213	0.01351
-2.8434	2.2218	0.0083734
-2.8184	-0.91632	0.0086596
-2.8184	-0.89121	0.022246
-2.8184	-0.86611	0.029926
-2.8184	-0.841	0.036684
-2.8184	-0.8159	0.042887
-2.8184	-0.79079	0.041027
-2.8184	-0.76569	0.028748
-2.8184	-0.74059	0.020519
-2.8184	-0.71548	0.012699
-2.8184	0.23849	0.0091195
-2.8184	0.2636	0.011522
-2.8184	0.2887	0.0086863
-2.8184	0.36402	0.013219
-2.8184	0.38912	0.07772
-2.8184	0.41423	0.12951
-2.8184	0.43933	0.18748
-2.8184	0.46444	0.28631
-2.8184	0.48954	0.30973
-2.8184	0.51464	0.30876
-2.8184	0.53975	0.23922
-2.8184	0.56485	0.18367
-2.8184	0.58996	0.075813
-2.8184	0.61506	0.037476
-2.8184	0.64017	0.013384
-2.8184	0.71548	0.0087038
-2.8184	0.74059	0.0085878
-2.8184	1.3933	0.0090589
-2.8184	1.4184	0.010639
-2.8184	1.5439	0.016957
-2.8184	1.569	0.038023
-2.8184	1.5941	0.039588
-2.8184	1.6192	0.016864
-2.8184	1.6946	0.089825
-2.8184	1.7197	0.19233
-2.8184	1.7448	0.48339
-2.8184	1.7699	0.63277
-2.8184	1.795	0.75175
-2.8184	1.8201	0.82207
-2.8184	1.8452	0.76106
-2.8184	1.8703	0.50305
-2.8184	1.8954	0.35123
-2.8184	1.9205	0.2147
-2.8184	1.9456	0.040741
-2.8184	2.0209	0.018476
-2.8184	2.046	0.025969
-2.8184	2.0711	0.021906
-2.8184	2.0962	0.014001
-2.7933	-0.91632	0.01163
-2.7933	-0.89121	0.030409
-2.7933	-0.86611	0.041517
-2.7933	-0.841	0.051696
-2.7933	-0.8159	0.062238
-2.7933	-0.79079	0.060265
-2.7933	-0.76569	0.042843
-2.7933	-0.74059	0.030537
-2.7933	-0.71548	0.018655
-2.7933	0.2636	0.0079425
-2.7933	0.36402	0.015059
-2.7933	0.38912	0.079009
-2.7933	0.41423	0.13011
-2.7933	0.43933	0.18783
-2.7933	0.46444	0.28887
-2.7933	0.48954	0.3145
-2.7933	0.51464	0.31571
-2.7933	0.53975	0.24774
-2.7933	0.56485	0.19088
-2.7933	0.58996	0.077929
-2.7933	0.61506	0.037374
-2.7933	0.64017	0.012217
-2.7933	0.71548	0.013718
-2.7933	0.74059	0.013343
-2.7933	0.76569	0.010298
-2.7933	1.5439	0.0084549
-2.7933	1.569	0.017473
-2.7933	1.5941	0.017535
-2.7933	1.6946	0.054785
-2.7933	1.7197	0.11151
-2.7933	1.7448	0.26741
-2.7933	1.7699	0.34529
-2.7933	1.795	0.40561
-2.7933	1.8201	0.43465
-2.7933	1.8452	0.39804
-2.7933	1.8703	0.25577
-2.7933	1.8954	0.17492
-2.7933	1.9205	0.10375
-2.7933	1.9456	0.016925
-2.7933	2.0209	0.011923
-2.7933	2.046	0.015502
-2.7933	2.0711	0.011816
-2.7683	-0.89121	0.012922
-2.7683	-0.86611	0.018463
-2.7683	-0.841	0.024158
-2.7683	-0.8159	0.032299
-2.7683	-0.79079	0.032954
-2.7683	-0.76569	0.025761
-2.7683	-0.74059	0.019022
-2.7683	-0.71548	0.011808
-2.7683	0.36402	0.013327
-2.7683	0.38912	0.063479
-2.7683	0.41423	0.10472
-2.7683	0.43933	0.15285
-2.7683	0.46444	0.24256
-2.7683	0.48954	0.26838
-2.7683	0.51464	0.27339
-2.7683	0.53975	0.21896
-2.7683	0.56485	0.1691
-2.7683	0.58996	0.066752
-2.7683	0.61506	0.029945
-2.7683	0.64017	0.0080548
-2.7683	0.69038	0.009654
-2.7683	0.71548	0.019654
-2.7683	0.74059	0.018307
-2.7683	0.76569	0.013514
-2.7683	1.6946	0.022918
-2.7683	1.7197	0.044643
-2.7683	1.7448	0.10389
-2.7683	1.7699	0.13343
-2.7683	1.795	0.15619
-2.7683	1.8201	0.16598
-2.7683	1.8452	0.1509
-2.7683	1.8703	0.094266
-2.7683	1.8954	0.062749
-2.7683	1.9205	0.035589
-2.7432	-0.841	0.008226
-2.7432	-0.8159	0.011257
-2.7432	-0.79079	0.011585
-2.7432	-0.76569	0.0091165
-2.7432	0.38912	0.036966
-2.7432	0.41423	0.063929
-2.7432	0.43933	0.097923
-2.7432	0.46444	0.16957
-2.7432	0.48954	0.1947
-2.7432	0.51464	0.20482
-2.7432	0.53975	0.17211
-2.7432	0.56485	0.13481
-2.7432	0.58996	0.052791
-2.7432	0.61506	0.022563
-2.7432	0.69038	0.012155
-2.7432	0.71548	0.02211
-2.7432	0.74059	0.019997
-2.7432	0.76569	0.014246
-2.7432	0.89121	0.0091961
-2.7432	1.6946	0.0095619
-2.7432	1.7197	0.018889
-2.7432	1.7448	0.045862
-2.7432	1.7699	0.060128
-2.7432	1.795	0.071691
-2.7432	1.8201	0.07837
-2.7432	1.8452	0.07189
-2.7432	1.8703	0.045042
-2.7432	1.8954	0.029673
-2.7432	1.9205	0.016395
-2.7182	0.38912	0.012766
-2.7182	0.41423	0.019544
-2.7182	0.43933	0.030087
-2.7182	0.46444	0.062609
-2.7182	0.48954	0.080268
-2.7182	0.51464	0.093608
-2.7182	0.53975	0.093157
-2.7182	0.56485	0.07773
-2.7182	0.58996	0.032638
-2.7182	0.61506	0.013652
-2.7182	0.69038	0.012879
-2.7182	0.71548	0.021983
-2.7182	0.74059	0.019535
-2.7182	0.76569	0.013524
-2.7182	0.86611	0.010154
-2.7182	0.89121	0.012085
-2.7182	0.91632	0.0082002
-2.7182	1.7448	0.012125
-2.7182	1.7699	0.01754
-2.7182	1.795	0.022671
-2.7182	1.8201	0.027964
-2.7182	1.8452	0.026795
-2.7182	1.8703	0.01775
-2.7182	1.8954	0.011793
-2.6931	0.21339	0.014473
-2.6931	0.23849	0.016073
-2.6931	0.2636	0.0088406
-2.6931	0.33891	0.013228
-2.6931	0.36402	0.02972
-2.6931	0.38912	0.066582
-2.6931	0.41423	0.077936
-2.6931	0.43933	0.080715
-2.6931	0.46444	0.063946
-2.6931	0.48954	0.050754
-2.6931	0.51464	0.038907
-2.6931	0.53975	0.024133
-2.6931	0.56485	0.019585
-2.6931	0.58996	0.009678
-2.6931	0.71548	0.014563
-2.6931	0.74059	0.013426
-2.6931	0.76569	0.0094571
-2.6931	0.86611	0.011777
-2.6931	0.89121	0.013691
-2.6931	0.91632	0.0087876
-2.6931	1.0418	0.010451
-2.6931	1.0669	0.0095896
-2.6681	0.21339	0.013192
-2.6681	0.23849	0.014407
-2.6681	0.33891	0.02169
-2.6681	0.36402	0.048851
-2.6681	0.38912	0.12373
-2.6681	0.41423	0.15902
-2.6681	0.43933	0.18362
-2.6681	0.46444	0.18484
-2.6681	0.48954	0.16223
-2.6681	0.51464	0.13
-2.6681	0.53975	0.061849
-2.6681	0.56485	0.035798
-2.6681	0.89121	0.0083278
-2.6681	1.0418	0.012404
-2.6681	1.0669	0.01119
-2.6681	1.1925	0.011196
-2.6681	1.2176	0.012801
-2.6681	1.3682	0.011643
-2.6681	1.3933	0.010739
-2.6681	1.5188	0.0082028
-2.6681	1.5439	0.010176
-2.6681	1.6946	0.014608
-2.6681	1.7197	0.017845
-2.6681	1.7448	0.017438
-2.6681	1.7699	0.014313
-2.6681	1.795	0.010366
-2.643	0.21339	0.010151
-2.643	0.23849	0.010662
-2.643	0.33891	0.023752
-2.643	0.36402	0.051255
-2.643	0.38912	0.12948
-2.643	0.41423	0.16935
-2.643	0.43933	0.20064
-2.643	0.46444	0.21703
-2.643	0.48954	0.19931
-2.643	0.51464	0.16805
-2.643	0.53975	0.089356
-2.643	0.56485	0.054347
-2.643	0.58996	0.010931
-2.643	1.1925	0.011663
-2.643	1.2176	0.01338
-2.643	1.2427	0.0080087
-2.643	1.3431	0.01168
-2.643	1.3682	0.020171
-2.643	1.3933	0.018246
-2.643	1.4937	0.012988
-2.643	1.5188	0.020841
-2.643	1.5439	0.025283
-2.643	1.569	0.018078
-2.643	1.5941	0.0093196
-2.643	1.6695	0.020452
-2.643	1.6946	0.060868
-2.643	1.7197	0.078426
-2.643	1.7448	0.090886
-2.643	1.7699	0.084335
-2.643	1.795	0.071476
-2.643	1.8201	0.039027
-2.643	1.8452	0.02485
-2.618	0.33891	0.02294
-2.618	0.36402	0.047235
-2.618	0.38912	0.1157
-2.618	0.41423	0.15102
-2.618	0.43933	0.17938
-2.618	0.46444	0.19684
-2.618	0.48954	0.18263
-2.618	0.51464	0.15572
-2.618	0.53975	0.084489
-2.618	0.56485	0.051537
-2.618	0.58996	0.0096376
-2.618	1.3431	0.0089983
-2.618	1.3682	0.015864
-2.618	1.3933	0.014574
-2.618	1.4937	0.020324
-2.618	1.5188	0.032226
-2.618	1.5439	0.039322
-2.618	1.569	0.027972
-2.618	1.5941	0.013467
-2.618	1.6444	0.019518
-2.618	1.6695	0.056458
-2.618	1.6946	0.16669
-2.618	1.7197	0.21963
-2.618	1.7448	0.27158
-2.618	1.7699	0.26223
-2.618	1.795	0.23231
-2.618	1.8201	0.14069
-2.618	1.8452	0.095156
-2.618	1.8703	0.030521
-2.618	1.8954	0.013455
-2.5929	-0.89121	0.0093574
-2.5929	-0.86611	0.010203
-2.5929	-0.841	0.010247
-2.5929	-0.8159	0.0080106
-2.5929	0.33891	0.020405
-2.5929	0.36402	0.040268
-2.5929	0.38912	0.095281
-2.5929	0.41423	0.1235
-2.5929	0.43933	0.14618
-2.5929	0.46444	0.16009
-2.5929	0.48954	0.14852
-2.5929	0.51464	0.12655
-2.5929	0.53975	0.068035
-2.5929	0.56485	0.040872
-2.5929	1.4937	0.011568
-2.5929	1.5188	0.018266
-2.5929	1.5439	0.022573
-2.5929	1.569	0.016173
-2.5929	1.6444	0.023868
-2.5929	1.6695	0.065778
-2.5929	1.6946	0.20556
-2.5929	1.7197	0.28477
-2.5929	1.7448	0.39447
-2.5929	1.7699	0.4041
-2.5929	1.795	0.37983
-2.5929	1.8201	0.25808
-2.5929	1.8452	0.1842
-2.5929	1.8703	0.064604
-2.5929	1.8954	0.029127
-2.5929	1.9205	0.0093691
-2.5678	-0.89121	0.012133
-2.5678	-0.86611	0.013371
-2.5678	-0.841	0.013567
-2.5678	-0.8159	0.010783
-2.5678	-0.79079	0.0082966
-2.5678	0.33891	0.016552
-2.5678	0.36402	0.031529
-2.5678	0.38912	0.072394
-2.5678	0.41423	0.093217
-2.5678	0.43933	0.10987
-2.5678	0.46444	0.11968
-2.5678	0.48954	0.11069
-2.5678	0.51464	0.093911
-2.5678	0.53975	0.049486
-2.5678	0.56485	0.029041
-2.5678	1.6444	0.012689
-2.5678	1.6695	0.032887
-2.5678	1.6946	0.10295
-2.5678	1.7197	0.1459
-2.5678	1.7448	0.2158
-2.5678	1.7699	0.23001
-2.5678	1.795	0.22568
-2.5678	1.8201	0.16814
-2.5678	1.8452	0.12577
-2.5678	1.8703	0.04786
-2.5678	1.8954	0.021967
-2.5428	-0.89121	0.012438
-2.5428	-0.86611	0.014046
-2.5428	-0.841	0.014567
-2.5428	-0.8159	0.011958
-2.5428	-0.79079	0.0092787
-2.5428	0.33891	0.011797
-2.5428	0.36402	0.021912
-2.5428	0.38912	0.049416
-2.5428	0.41423	0.06347
-2.5428	0.43933	0.07474
-2.5428	0.46444	0.081309
-2.5428	0.48954	0.07506
-2.5428	0.51464	0.063414
-2.5428	0.53975	0.032671
-2.5428	0.56485	0.018651
-2.5428	1.6695	0.01221
-2.5428	1.6946	0.03743
-2.5428	1.7197	0.053265
-2.5428	1.7448	0.080171
-2.5428	1.7699	0.086361
-2.5428	1.795	0.085657
-2.5428	1.8201	0.06508
-2.5428	1.8452	0.049001
-2.5428	1.8703	0.018511
-2.5428	1.8954	0.0082129
-2.5177	-0.94142	0.0079681
-2.5177	-0.91632	0.009382
-2.5177	-0.89121	0.010443
-2.5177	-0.86611	0.010274
-2.5177	-0.841	0.0097813
-2.5177	0.36402	0.0083072
-2.5177	0.38912	0.019438
-2.5177	0.41423	0.02551
-2.5177	0.43933	0.030663
-2.5177	0.46444	0.034492
-2.5177	0.48954	0.03219
-2.5177	0.51464	0.027338
-2.5177	0.53975	0.013813
-2.5177	1.7448	0.012027
-2.5177	1.7699	0.013546
-2.5177	1.795	0.013964
-2.5177	1.8201	0.011225
-2.5177	1.8452	0.0085773
-2.4927	-0.94142	0.015179
-2.4927	-0.91632	0.019029
-2.4927	-0.89121	0.022538
-2.4927	-0.86611	0.021463
-2.4927	-0.841	0.018689
-2.4927	-0.8159	0.010616
-2.4927	0.41423	0.008273
-2.4927	0.43933	0.010663
-2.4927	0.46444	0.013384
-2.4927	0.48954	0.013015
-2.4927	0.51464	0.011413
-2.4676	-0.94142	0.01711
-2.4676	-0.91632	0.021809
-2.4676	-0.89121	0.02728
-2.4676	-0.86611	0.026944
-2.4676	-0.841	0.024441
-2.4676	-0.8159	0.015071
-2.4676	-0.79079	0.0098831
-2.4426	-0.94142	0.016483
-2.4426	-0.91632	0.020924
-2.4426	-0.89121	0.026194
-2.4426	-0.86611	0.025963
-2.4426	-0.841	0.023666
-2.4426	-0.8159	0.01473
-2.4426	-0.79079	0.0096611
-2.4175	-0.94142	0.014609
-2.4175	-0.91632	0.018384
-2.4175	-0.89121	0.022741
-2.4175	-0.86611	0.02243
-2.4175	-0.841	0.020337
-2.4175	-0.8159	0.012443
-2.4175	-0.79079	0.0080206
-2.4175	0.31381	0.008277
-2.4175	0.33891	0.022525
-2.4175	0.36402	0.028911
-2.4175	0.38912	0.034272
-2.4175	0.41423	0.032451
-2.4175	0.43933	0.028171
-2.4175	0.46444	0.016251
-2.4175	0.48954	0.010647
-2.4175	1.7197	0.0081643
-2.3925	-0.94142	0.012052
-2.3925	-0.91632	0.01502
-2.3925	-0.89121	0.018293
-2.3925	-0.86611	0.017906
-2.3925	-0.841	0.016094
-2.3925	-0.8159	0.0095866
-2.3925	0.16318	0.010696
-2.3925	0.18828	0.011969
-2.3925	0.2887	0.0098791
-2.3925	0.31381	0.023811
-2.3925	0.33891	0.061925
-2.3925	0.36402	0.079575
-2.3925	0.38912	0.096689
-2.3925	0.41423	0.093498
-2.3925	0.43933	0.083329
-2.3925	0.46444	0.051485
-2.3925	0.48954	0.035191
-2.3925	0.51464	0.02147
-2.3925	1.6946	0.0096617
-2.3925	1.7197	0.010475
-2.3925	1.7448	0.0095461
-2.3925	1.7699	0.0080561
-2.3674	-0.94142	0.0092458
-2.3674	-0.91632	0.011413
-2.3674	-0.89121	0.013671
-2.3674	-0.86611	0.013265
-2.3674	-0.841	0.011801
-2.3674	0.16318	0.0079517
-2.3674	0.18828	0.0097463
-2.3674	0.2887	0.021755
-2.3674	0.31381	0.050971
-2.3674	0.33891	0.13572
-2.3674	0.36402	0.17765
-2.3674	0.38912	0.22326
-2.3674	0.41423	0.219
-2.3674	0.43933	0.19768
-2.3674	0.46444	0.12468
-2.3674	0.48954	0.085843
-2.3674	0.51464	0.052544
-2.3674	0.53975	0.011536
-2.3674	1.6946	0.010393
-2.3674	1.7197	0.011271
-2.3674	1.7448	0.010336
-2.3674	1.7699	0.0087568
-2.3424	-0.91632	0.0080244
-2.3424	-0.89121	0.0094539
-2.3424	-0.86611	0.00909
-2.3424	-0.841	0.007998
-2.3424	0.2887	0.012765
-2.3424	0.31381	0.032151
-2.3424	0.33891	0.10856
-2.3424	0.36402	0.16171
-2.3424	0.38912	0.2599
-2.3424	0.41423	0.28445
-2.3424	0.43933	0.28308
-2.3424	0.46444	0.20842
-2.3424	0.48954	0.15167
-2.3424	0.51464	0.096527
-2.3424	0.53975	0.021231
-2.3424	1.6946	0.0097982
-2.3424	1.7197	0.010608
-2.3424	1.7448	0.0097217
-2.3424	1.7699	0.0082332
-2.3173	0.33891	0.023342
-2.3173	0.36402	0.036847
-2.3173	0.38912	0.070161
-2.3173	0.41423	0.085359
-2.3173	0.43933	0.095478
-2.3173	0.46444	0.090909
-2.3173	0.48954	0.075604
-2.3173	0.51464	0.054794
-2.3173	0.53975	0.014713
-2.3173	0.61506	0.0081604
-2.3173	0.64017	0.012817
-2.3173	0.66527	0.012653
-2.3173	0.69038	0.0087062
-2.3173	1.6946	0.0081467
-2.3173	1.7197	0.0088159
-2.3173	1.7448	0.00808
-2.2923	0.33891	0.0086004
-2.2923	0.36402	0.0098034
-2.2923	0.38912	0.010354
-2.2923	0.41423	0.009889
-2.2923	0.43933	0.0091098
-2.2672	0.31381	0.0092618
-2.2672	0.33891	0.016629
-2.2672	0.36402	0.018837
-2.2672	0.38912	0.018475
-2.2672	0.41423	0.016146
-2.2672	0.43933	0.012986
-2.2422	0.2887	0.0082556
-2.2422	0.31381	0.013767
-2.2422	0.33891	0.024933
-2.2422	0.36402	0.028654
-2.2422	0.38912	0.029212
-2.2422	0.41423	0.026083
-2.2422	0.43933	0.021407
-2.2422	0.46444	0.010833
-2.2171	0.2887	0.010375
-2.2171	0.31381	0.016946
-2.2171	0.33891	0.030393
-2.2171	0.36402	0.035038
-2.2171	0.38912	0.036253
-2.2171	0.41423	0.032688
-2.2171	0.43933	0.02711
-2.2171	0.46444	0.013961
-2.2171	0.48954	0.008318
-2.1921	0.2887	0.011385
-2.1921	0.31381	0.018195
-2.1921	0.33891	0.03206
-2.1921	0.36402	0.036869
-2.1921	0.38912	0.03817
-2.1921	0.41423	0.034465
-2.1921	0.43933	0.028613
-2.1921	0.46444	0.014669
-2.1921	0.48954	0.008641
-2.1921	1.6192	0.012658
-2.1921	1.6444	0.016472
-2.1921	1.6695	0.01883
-2.1921	1.6946	0.017638
-2.1921	1.7197	0.014648
-2.167	0.2887	0.01116
-2.167	0.31381	0.017467
-2.167	0.33891	0.030159
-2.167	0.36402	0.034507
-2.167	0.38912	0.035504
-2.167	0.41423	0.031967
-2.167	0.43933	0.026437
-2.167	0.46444	0.013323
-2.167	1.6192	0.0085493
-2.167	1.6444	0.012138
-2.167	1.6695	0.015461
-2.167	1.6946	0.018961
-2.167	1.7197	0.018404
-2.167	1.7448	0.013167
-2.167	1.7699	0.0095354
-2.142	0.2887	0.0098624
-2.142	0.31381	0.015145
-2.142	0.33891	0.025625
-2.142	0.36402	0.029145
-2.142	0.38912	0.029708
-2.142	0.41423	0.026614
-2.142	0.43933	0.021866
-2.142	0.46444	0.010749
-2.142	1.6946	0.0084254
-2.142	1.7197	0.0083883
-2.1169	0.31381	0.011879
-2.1169	0.33891	0.019729
-2.1169	0.36402	0.022304
-2.1169	0.38912	0.022498
-2.1169	0.41423	0.020031
-2.1169	0.43933	0.016323
-2.0919	0.31381	0.0083907
-2.0919	0.33891	0.013716
-2.0919	0.36402	0.015423
-2.0919	0.38912	0.015392
-2.0919	0.41423	0.013612
-2.0919	0.43933	0.010991
-2.0668	0.33891	0.0085342
-2.0668	0.36402	0.0095513
-2.0668	0.38912	0.0094353
-2.0668	0.41423	0.0082837
-1.2902	0.21339	0.0084512
-1.2902	0.23849	0.0097648
-1.2902	0.2636	0.010095
-1.2902	0.2887	0.0089053
-1.2651	0.13808	0.0096179
-1.2651	0.16318	0.017813
-1.2651	0.18828	0.030021
-1.2651	0.21339	0.06744
-1.2651	0.23849	0.090467
-1.2651	0.2636	0.12658
-1.2651	0.2887	0.12783
-1.2651	0.31381	0.11218
-1.2651	0.33891	0.04697
-1.2651	0.36402	0.018085
-1.2651	0.43933	0.016395
-1.2651	0.46444	0.022972
-1.2651	0.48954	0.018364
-1.2651	0.51464	0.011104
-1.2401	0.087866	0.01715
-1.2401	0.11297	0.066457
-1.2401	0.13808	0.10901
-1.2401	0.16318	0.094336
-1.2401	0.18828	0.079908
-1.2401	0.21339	0.054997
-1.2401	0.23849	0.043877
-1.2401	0.2636	0.024476
-1.2401	0.2887	0.016659
-1.2401	0.31381	0.010374
-1.215	-0.012552	0.017683
-1.215	0.16318	0.0085556
-1.215	0.18828	0.0093014
-1.215	0.21339	0.008946
-1.215	0.23849	0.0079471
-1.0898	1.4184	0.016902
-1.0898	1.4435	0.022259
-1.0898	1.4686	0.015073
-1.0647	1.5188	0.012097
-1.0647	1.5439	0.020547
-1.0647	1.569	0.01025
0.38831	-1.0167	0.015415
0.43841	-0.99163	0.012034
0.48852	-0.96653	0.010589
0.56367	-0.94142	0.0098859
0.63883	-0.89121	0.089446
0.66388	-0.86611	0.079489
0.68894	-0.841	0.05206
0.73904	-0.8159	0.15764
0.76409	-0.8159	0.018612
0.76409	-0.79079	0.28791
0.78914	-0.79079	0.015356
0.8142	-0.76569	0.022053
0.83925	-0.71548	0.019982
0.8643	-0.69038	0.16033
0.8643	-0.66527	0.014591
0.88935	-0.69038	0.032241
0.88935	-0.66527	0.44457
0.91441	-0.66527	0.014767
0.91441	-0.64017	0.050524
0.91441	-0.21339	0.0093985
0.91441	-0.18828	0.012054
0.91441	-0.16318	0.012056
0.91441	-0.13808	0.011156
0.93946	-0.58996	0.0095722
0.93946	-0.23849	0.012123
0.93946	-0.21339	0.015599
0.93946	-0.18828	0.019646
0.93946	-0.16318	0.019557
0.93946	-0.13808	0.018038
0.93946	-0.11297	0.01206
0.93946	-0.087866	0.0085913
0.96451	-0.56485	0.031999
0.96451	-0.53975	0.0091852
0.96451	-0.23849	0.01851
0.96451	-0.21339	0.023351
0.96451	-0.18828	0.028651
0.96451	-0.16318	0.028255
0.96451	-0.13808	0.025844
0.96451	-0.11297	0.01698
0.96451	-0.087866	0.011952
0.98956	-0.56485	0.03562
0.98956	-0.53975	0.28183
0.98956	-0.2636	0.012477
0.98956	-0.23849	0.026285
0.98956	-0.21339	0.03242
0.98956	-0.18828	0.038493
0.98956	-0.16318	0.037467
0.98956	-0.13808	0.033855
0.98956	-0.11297	0.021673
0.98956	-0.087866	0.014998
1.0146	-0.51464	0.039411
1.0146	-0.2887	0.010533
1.0146	-0.2636	0.018219
1.0146	-0.23849	0.0355
1.0146	-0.21339	0.042652
1.0146	-0.18828	0.04864
1.0146	-0.16318	0.046557
1.0146	-0.13808	0.041403
1.0146	-0.11297	0.025625
1.0146	-0.087866	0.017358
1.0397	-0.46444	0.1082
1.0397	-0.43933	0.021556
1.0397	-0.41423	0.013101
1.0397	-0.2887	0.016249
1.0397	-0.2636	0.026198
1.0397	-0.23849	0.046654
1.0397	-0.21339	0.054291
1.0397	-0.18828	0.058874
1.0397	-0.16318	0.055166
1.0397	-0.13808	0.048078
1.0397	-0.11297	0.02852
1.0397	-0.087866	0.018818
1.0647	-0.43933	0.28187
1.0647	-0.41423	0.14044
1.0647	-0.38912	0.027769
1.0647	-0.31381	0.014921
1.0647	-0.2887	0.026186
1.0647	-0.2636	0.038736
1.0647	-0.23849	0.061467
1.0647	-0.21339	0.068613
1.0647	-0.18828	0.069663
1.0647	-0.16318	0.063495
1.0647	-0.13808	0.053915
1.0647	-0.11297	0.030323
1.0647	-0.087866	0.019374
1.0898	-0.38912	0.0091646
1.0898	-0.36402	0.018057
1.0898	-0.33891	0.039972
1.0898	-0.31381	0.066074
1.0898	-0.2887	0.079583
1.0898	-0.2636	0.091698
1.0898	-0.23849	0.10623
1.0898	-0.21339	0.10659
1.0898	-0.18828	0.092189
1.0898	-0.16318	0.07882
1.0898	-0.13808	0.063152
1.0898	-0.11297	0.031742
1.0898	-0.087866	0.019024
1.1148	-0.33891	0.0091843
1.1148	-0.31381	1.5186
1.1148	-0.2887	0.68432
1.1148	-0.2636	0.36505
1.1148	-0.23849	0.21643
1.1148	-0.21339	0.1823
1.1148	-0.18828	0.12576
1.1148	-0.16318	0.09931
1.1148	-0.13808	0.074398
1.1148	-0.11297	0.033252
1.1148	-0.087866	0.018761
1.1148	1.0418	0.0099866
1.1148	1.0669	0.014167
1.1148	1.0921	0.018142
1.1148	1.1172	0.023207
1.1148	1.1423	0.023529
1.1148	1.1674	0.019604
1.1148	1.1925	0.015998
1.1148	1.2176	0.011953
1.1399	-0.31381	0.025404
1.1399	-0.2887	0.10552
1.1399	-0.2636	0.53914
1.1399	-0.23849	2.1203
1.1399	-0.21339	0.77373
1.1399	-0.18828	0.25391
1.1399	-0.16318	0.16516
1.1399	-0.13808	0.10718
1.1399	-0.11297	0.038765
1.1399	-0.087866	0.019944
1.1399	1.0167	0.011189
1.1399	1.0418	0.036036
1.1399	1.0669	0.053312
1.1399	1.0921	0.072272
1.1399	1.1172	0.10843
1.1399	1.1423	0.1223
1.1399	1.1674	0.13625
1.1399	1.1925	0.13589
1.1399	1.2176	0.13078
1.1399	1.2427	0.090736
1.1399	1.2678	0.034213
1.1649	-0.2887	0.0086036
1.1649	-0.2636	0.021257
1.1649	-0.23849	0.13164
1.1649	-0.21339	0.38319
1.1649	-0.18828	3.7693
1.1649	-0.16318	1.0781
1.1649	-0.13808	0.36537
1.1649	-0.11297	0.068412
1.1649	-0.087866	0.028788
1.1649	0.99163	0.01889
1.1649	1.0167	0.04748
1.1649	1.0418	0.17542
1.1649	1.0669	0.29263
1.1649	1.0921	0.4648
1.1649	1.1172	1.1179
1.1649	1.1423	1.7335
1.1649	1.1674	1.9396
1.1649	1.1925	0.82028
1.1649	1.2176	0.27004
1.1649	1.2427	0.020621
1.19	-0.23849	0.012691
1.19	-0.21339	0.020917
1.19	-0.18828	0.057034
1.19	-0.16318	0.098473
1.19	-0.13808	0.18661
1.19	-0.11297	0.7929
1.19	-0.087866	0.22354
1.19	0.86611	0.010843
1.19	0.89121	0.012687
1.19	0.96653	0.041211
1.19	0.99163	0.16554
1.19	1.0167	0.50413
1.19	1.0418	3.0105
1.19	1.0669	4.2505
1.19	1.0921	3.281
1.19	1.1172	1.1021
1.19	1.1423	0.62094
1.19	1.1674	0.18358
1.19	1.1925	0.092084
1.19	1.2176	0.042026
1.215	-0.18828	0.010735
1.215	-0.16318	0.011771
1.215	-0.13808	0.012465
1.215	-0.11297	0.012154
1.215	-0.087866	0.01074
1.215	-0.037657	0.013423
1.215	-0.012552	0.061963
1.215	0.012552	0.049201
1.215	0.037657	0.02843
1.215	0.062762	0.01595
1.215	0.841	0.041113
1.215	0.86611	0.070274
1.215	0.89121	0.09788
1.215	0.91632	0.055618
1.215	0.96653	0.21214
1.215	0.99163	0.3189
1.215	1.0167	0.37792
1.215	1.0418	0.38382
1.215	1.0669	0.34824
1.215	1.0921	0.29815
1.215	1.1172	0.18445
1.215	1.1423	0.13265
1.215	1.1674	0.055443
1.215	1.1925	0.031352
1.215	1.2176	0.01566
1.2401	0.037657	0.0083702
1.2401	0.062762	0.012148
1.2401	0.087866	0.018421
1.2401	0.11297	0.01908
1.2401	0.13808	0.023809
1.2401	0.16318	0.02422
1.2401	0.18828	0.022192
1.2401	0.21339	0.013752
1.2401	0.23849	0.009282
1.2401	0.33891	0.014039
1.2401	0.36402	0.016627
1.2401	0.38912	0.016885
1.2401	0.41423	0.014681
1.2401	0.43933	0.011825
1.2401	0.48954	0.0083725
1.2401	0.51464	0.010225
1.2401	0.53975	0.014957
1.2401	0.56485	0.015569
1.2401	0.58996	0.010311
1.2401	0.69038	0.012976
1.2401	0.71548	0.032523
1.2401	0.74059	0.031666
1.2401	0.76569	0.016649
1.2401	0.79079	0.012995
1.2401	0.8159	0.046903
1.2401	0.841	0.069728
1.2401	0.86611	0.05509
1.2401	0.89121	0.034274
1.2401	0.96653	0.023741
1.2401	0.99163	0.043992
1.2401	1.0167	0.06467
1.2401	1.0418	0.093056
1.2401	1.0669	0.096586
1.2401	1.0921	0.09266
1.2401	1.1172	0.068594
1.2401	1.1423	0.052933
1.2401	1.1674	0.024671
1.2401	1.1925	0.014492
1.2651	0.23849	0.0085451
1.2651	0.2636	0.0097626
1.2651	0.2887	0.017203
1.2651	0.31381	0.036178
1.2651	0.33891	0.11011
1.2651	0.36402	0.14792
1.2651	0.38912	0.17199
1.2651	0.41423	0.15655
1.2651	0.43933	0.13385
1.2651	0.46444	0.10899
1.2651	0.48954	0.11582
1.2651	0.51464	0.12869
1.2651	0.53975	0.12729
1.2651	0.56485	0.1021
1.2651	0.58996	0.036116
1.2651	0.61506	0.014364
1.2651	0.96653	0.0083752
1.2651	0.99163	0.015727
1.2651	1.0167	0.023974
1.2651	1.0418	0.037593
1.2651	1.0669	0.040681
1.2651	1.0921	0.040583
1.2651	1.1172	0.032173
1.2651	1.1423	0.025552
1.2651	1.1674	0.012435
1.2902	1.0167	0.0111
1.2902	1.0418	0.017846
1.2902	1.0669	0.019632
1.2902	1.0921	0.019918
1.2902	1.1172	0.016295
1.2902	1.1423	0.013112
1.3152	1.0418	0.0088779
1.3152	1.0669	0.0098343
1.3152	1.0921	0.010057
1.3152	1.1172	0.008353
1.9666	-0.38912	0.0087787
1.9666	-0.36402	0.011078
1.9666	-0.33891	0.010953
1.9916	-0.41423	0.008344
1.9916	-0.38912	0.010778
1.9916	-0.36402	0.013591
1.9916	-0.33891	0.013459
1.9916	-0.31381	0.010275
2.0167	-0.41423	0.0090753
2.0167	-0.38912	0.011669
2.0167	-0.36402	0.014682
2.0167	-0.33891	0.014541
2.0167	-0.31381	0.011082
2.0167	-0.2887	0.0084007
2.0418	-0.41423	0.0087114
2.0418	-0.38912	0.011172
2.0418	-0.36402	0.014056
2.0418	-0.33891	0.013925
2.0418	-0.31381	0.010589
2.0668	-0.36402	0.010324
2.0668	-0.33891	0.010288
2.2171	0.89121	0.0096609
2.2171	0.91632	0.011606
2.2171	0.94142	0.011225
2.2422	0.841	0.0097306
2.2422	0.86611	0.01384
2.2422	0.89121	0.017658
2.2422	0.91632	0.021947
2.2422	0.94142	0.021631
2.2422	0.96653	0.016354
2.2422	0.99163	0.012345
2.2672	0.841	0.018795
2.2672	0.86611	0.02703
2.2672	0.89121	0.034957
2.2672	0.91632	0.044555
2.2672	0.94142	0.044266
2.2672	0.96653	0.033374
2.2672	0.99163	0.0248
2.2672	1.0167	0.016143
2.2923	-0.43933	0.010179
2.2923	-0.41423	0.011058
2.2923	-0.38912	0.011131
2.2923	-0.36402	0.0089401
2.2923	0.8159	0.010546
2.2923	0.841	0.031181
2.2923	0.86611	0.042673
2.2923	0.89121	0.052
2.2923	0.91632	0.056821
2.2923	0.94142	0.051365
2.2923	0.96653	0.031128
2.2923	0.99163	0.020493
2.2923	1.0167	0.011734
2.3173	-0.46444	0.0091286
2.3173	-0.43933	0.01357
2.3173	-0.41423	0.014732
2.3173	-0.38912	0.014864
2.3173	-0.36402	0.012046
2.3173	-0.33891	0.0095455
2.3173	0.86611	0.010412
2.3173	0.89121	0.011779
2.3173	0.91632	0.011547
2.3173	0.94142	0.010073
2.3424	-0.46444	0.010456
2.3424	-0.43933	0.015391
2.3424	-0.41423	0.016694
2.3424	-0.38912	0.016852
2.3424	-0.36402	0.013691
2.3424	-0.33891	0.010852
2.3674	-0.46444	0.011373
2.3674	-0.43933	0.016698
2.3674	-0.41423	0.01815
2.3674	-0.38912	0.018378
2.3674	-0.36402	0.015027
2.3674	-0.33891	0.011929
2.3925	-0.46444	0.011398
2.3925	-0.43933	0.016977
2.3925	-0.41423	0.018631
2.3925	-0.38912	0.019055
2.3925	-0.36402	0.015869
2.3925	-0.33891	0.012676
2.4175	-0.46444	0.0092091
2.4175	-0.43933	0.014378
2.4175	-0.41423	0.016153
2.4175	-0.38912	0.016878
2.4175	-0.36402	0.014503
2.4175	-0.33891	0.011669
2.4927	-0.51464	0.011149
2.4927	-0.48954	0.012558
2.4927	-0.46444	0.012899
2.4927	-0.43933	0.01068
2.4927	-0.41423	0.0086698
2.5177	-0.51464	0.013552
2.5177	-0.48954	0.015597
2.5177	-0.46444	0.016454
2.5177	-0.43933	0.014532
2.5177	-0.41423	0.012226
2.5177	-0.38912	0.0095331
2.5428	-0.51464	0.012813
2.5428	-0.48954	0.015038
2.5428	-0.46444	0.016231
2.5428	-0.43933	0.015055
2.5428	-0.41423	0.012966
2.5428	-0.38912	0.01032
2.5678	-0.51464	0.011376
2.5678	-0.48954	0.013462
2.5678	-0.46444	0.014677
2.5678	-0.43933	0.0139
2.5678	-0.41423	0.01208
2.5678	-0.38912	0.0096805
2.5929	-1.7699	0.0094399
2.5929	-1.7448	0.0099208
2.5929	-0.51464	0.0095986
2.5929	-0.48954	0.011455
2.5929	-0.46444	0.012612
2.5929	-0.43933	0.012187
2.5929	-0.41423	0.010681
2.5929	-0.38912	0.0086079
2.618	-1.8201	0.0098079
2.618	-1.795	0.016335
2.618	-1.7699	0.018371
2.618	-1.7448	0.0188
2.618	-1.7197	0.014298
2.618	-1.6946	0.010235
2.618	-0.48954	0.0092215
2.618	-0.46444	0.01028
2.618	-0.43933	0.010179
2.618	-0.41423	0.0090118
2.643	-1.8452	0.0090008
2.643	-1.8201	0.011823
2.643	-1.795	0.01527
2.643	-1.7699	0.015157
2.643	-1.7448	0.013744
2.643	-1.7197	0.0083567
2.7683	-0.53975	0.010461
2.7683	-0.51464	0.012739
2.7683	-0.48954	0.012071
2.7683	-0.46444	0.010351
2.7933	-0.56485	0.0091306
2.7933	-0.53975	0.011661
2.7933	-0.51464	0.014057
2.7933	-0.48954	0.013481
2.7933	-0.46444	0.011834
2.8184	-0.51464	0.009571
2.8184	-0.48954	0.0093262
2.9436	-0.56485	0.010706
2.9436	-0.53975	0.011875
2.9436	-0.51464	0.011435
2.9436	-0.48954	0.0099579
2.9687	-0.61506	0.008509
2.9687	-0.58996	0.013013
2.9687	-0.56485	0.021242
2.9687	-0.53975	0.023541
2.9687	-0.51464	0.022554
2.9687	-0.48954	0.019515
2.9687	-0.46444	0.015452
2.9937	-0.64017	0.0092897
2.9937	-0.61506	0.016582
2.9937	-0.58996	0.025137
2.9937	-0.56485	0.040839
2.9937	-0.53975	0.04524
2.9937	-0.51464	0.043211
2.9937	-0.48954	0.037205
2.9937	-0.46444	0.029194
2.9937	-0.43933	0.012695
3.0188	-0.64017	0.014074
3.0188	-0.61506	0.024408
3.0188	-0.58996	0.036273
3.0188	-0.56485	0.057182
3.0188	-0.53975	0.062459
3.0188	-0.51464	0.057808
3.0188	-0.48954	0.04882
3.0188	-0.46444	0.037415
3.0188	-0.43933	0.015131
3.0438	-0.61506	0.012274
3.0438	-0.58996	0.017846
3.0438	-0.56485	0.027343
3.0438	-0.53975	0.029533
3.0438	-0.51464	0.026705
3.0438	-0.48954	0.02222
3.0438	-0.46444	0.016692
3.0689	-0.56485	0.01149
3.0689	-0.53975	0.012613
3.0689	-0.51464	0.011757
3.0689	-0.48954	0.0099011
3.1691	-0.61506	0.010138
3.1691	-0.58996	0.012119
3.1691	-0.56485	0.013431
3.1691	-0.53975	0.012581
3.1691	-0.51464	0.0087265
3.1942	-0.64017	0.015454
3.1942	-0.61506	0.020426
3.1942	-0.58996	0.02447
3.1942	-0.56485	0.027211
3.1942	-0.53975	0.025448
3.1942	-0.51464	0.017338
3.1942	-0.48954	0.012415
3.2192	-0.64017	0.020697
3.2192	-0.61506	0.027071
3.2192	-0.58996	0.032166
3.2192	-0.56485	0.035213
3.2192	-0.53975	0.032616
3.2192	-0.51464	0.02158
3.2192	-0.48954	0.015082
3.2192	-0.46444	0.0092363
3.2443	-0.64017	0.015531
3.2443	-0.61506	0.020196
3.2443	-0.58996	0.023911
3.2443	-0.56485	0.026035
3.2443	-0.53975	0.024022
3.2443	-0.51464	0.01564
3.2443	-0.48954	0.010746
3.2693	-0.61506	0.0083546
3.2693	-0.58996	0.010065
3.2693	-0.56485	0.011344
3.2693	-0.53975	0.010616
3.3695	-0.64017	0.011929
3.3695	-0.61506	0.012514
3.3695	-0.58996	0.012057
3.3695	-0.56485	0.0087479
3.3946	-0.66527	0.010907
3.3946	-0.64017	0.016182
3.3946	-0.61506	0.017109
3.3946	-0.58996	0.016621
3.3946	-0.56485	0.012197
3.3946	-0.53975	0.0091306
3.4196	-0.66527	0.010196
3.4196	-0.64017	0.015425
3.4196	-0.61506	0.016522
3.4196	-0.58996	0.01627
3.4196	-0.56485	0.012239
3.4196	-0.53975	0.0092397
3.4447	-0.66527	0.0086038
3.4447	-0.64017	0.013404
3.4447	-0.61506	0.014591
3.4447	-0.58996	0.014597
3.4447	-0.56485	0.01128
3.4447	-0.53975	0.0085862
3.4697	-0.64017	0.010986
3.4697	-0.61506	0.012215
3.4697	-0.58996	0.012459
3.4697	-0.56485	0.00992
3.4948	-0.58996	0.0085141
3.595	-0.69038	0.013215
3.595	-0.66527	0.015425
3.595	-0.64017	0.016212
3.595	-0.61506	0.01471
3.595	-0.58996	0.012285
3.62	-0.71548	0.010167
3.62	-0.69038	0.019089
3.62	-0.66527	0.022438
3.62	-0.64017	0.024034
3.62	-0.61506	0.022025
3.62	-0.58996	0.018561
3.62	-0.56485	0.0098904
3.6451	-0.71548	0.0098791
3.6451	-0.69038	0.018548
3.6451	-0.66527	0.021912
3.6451	-0.64017	0.023781
3.6451	-0.61506	0.021927
3.6451	-0.58996	0.018561
3.6451	-0.56485	0.0098594
3.6701	-0.69038	0.014258
3.6701	-0.66527	0.01702
3.6701	-0.64017	0.018876
3.6701	-0.61506	0.017569
3.6701	-0.58996	0.014979
3.6952	-0.69038	0.009679
3.6952	-0.66527	0.01174
3.6952	-0.64017	0.013435
3.6952	-0.61506	0.012672
3.6952	-0.58996	0.010914
3.7954	-0.71548	0.010543
3.7954	-0.69038	0.013165
3.7954	-0.66527	0.012919
3.7954	-0.64017	0.0096884
3.8205	-0.74059	0.010682
3.8205	-0.71548	0.013931
3.8205	-0.69038	0.017793
3.8205	-0.66527	0.017695
3.8205	-0.64017	0.013615
3.8205	-0.61506	0.010423
3.8455	-0.74059	0.010898
3.8455	-0.71548	0.014319
3.8455	-0.69038	0.018686
3.8455	-0.66527	0.018801
3.8455	-0.64017	0.014764
3.8455	-0.61506	0.011372
3.8706	-0.74059	0.0086378
3.8706	-0.71548	0.011509
3.8706	-0.69038	0.015476
3.8706	-0.66527	0.015792
3.8706	-0.64017	0.012678
3.8706	-0.61506	0.0098168
3.8956	-0.69038	0.0094187
3.8956	-0.66527	0.0098594
3.9708	-2.046	0.0085404
3.9708	-2.0209	0.0090641
3.9958	-2.0711	0.0087802
3.9958	-2.046	0.013088
3.9958	-2.0209	0.014064
3.9958	-1.9958	0.012667
3.9958	-1.9707	0.01052
3.9958	-0.71548	0.0087622
4.0209	-2.0711	0.0091956
4.0209	-2.046	0.013835
4.0209	-2.0209	0.014951
4.0209	-1.9958	0.013594
4.0209	-1.9707	0.011304
4.0209	-1.9456	0.0084302
4.0209	-0.76569	0.0083488
4.0209	-0.74059	0.010151
4.0209	-0.71548	0.011266
4.0209	-0.69038	0.010732
4.0209	-0.66527	0.0091998
4.0459	-2.046	0.012112
4.0459	-2.0209	0.013199
4.0459	-1.9958	0.012148
4.0459	-1.9707	0.010118
4.0459	-0.74059	0.008578
4.0459	-0.71548	0.0098382
4.0459	-0.69038	0.0099693
4.0459	-0.66527	0.0087826
4.071	-2.046	0.0084311
4.071	-2.0209	0.0093457
4.071	-1.9958	0.0088231
4.1461	-0.8159	0.011062
4.1461	-0.79079	0.014078
4.1461	-0.76569	0.016257
4.1461	-0.74059	0.01511
4.1461	-0.71548	0.012817
4.1712	-0.841	0.0087666
4.1712	-0.8159	0.023608
4.1712	-0.79079	0.030739
4.1712	-0.76569	0.038104
4.1712	-0.74059	0.037093
4.1712	-0.71548	0.033204
4.1712	-0.69038	0.020542
4.1712	-0.66527	0.013999
4.1962	-0.841	0.014721
4.1962	-0.8159	0.038815
4.1962	-0.79079	0.050887
4.1962	-0.76569	0.06491
4.1962	-0.74059	0.064412
4.1962	-0.71548	0.058906
4.1962	-0.69038	0.038194
4.1962	-0.66527	0.026646
4.1962	-0.64017	0.0087678
4.2213	-2.0962	0.0087977
4.2213	-2.0711	0.0099747
4.2213	-2.046	0.0099459
4.2213	-2.0209	0.0087266
4.2213	-0.86611	0.0091809
4.2213	-0.841	0.02032
4.2213	-0.8159	0.052239
4.2213	-0.79079	0.068576
4.2213	-0.76569	0.088651
4.2213	-0.74059	0.088804
4.2213	-0.71548	0.082036
4.2213	-0.69038	0.054192
4.2213	-0.66527	0.038023
4.2213	-0.64017	0.01233
4.2463	-2.0962	0.010388
4.2463	-2.0711	0.01203
4.2463	-2.046	0.012551
4.2463	-2.0209	0.011254
4.2463	-0.86611	0.011158
4.2463	-0.841	0.023294
4.2463	-0.8159	0.058204
4.2463	-0.79079	0.076547
4.2463	-0.76569	0.10041
4.2463	-0.74059	0.10152
4.2463	-0.71548	0.094605
4.2463	-0.69038	0.063132
4.2463	-0.66527	0.044138
4.2463	-0.64017	0.013491
4.2714	-2.0962	0.0085069
4.2714	-2.0711	0.01003
4.2714	-2.046	0.010813
4.2714	-2.0209	0.009827
4.2714	-0.86611	0.0095925
4.2714	-0.841	0.019599
4.2714	-0.8159	0.048954
4.2714	-0.79079	0.064847
4.2714	-0.76569	0.0866
4.2714	-0.74059	0.088311
4.2714	-0.71548	0.082907
4.2714	-0.69038	0.055703
4.2714	-0.66527	0.038776
4.2714	-0.64017	0.011238
4.2965	-0.841	0.012162
4.2965	-0.8159	0.031538
4.2965	-0.79079	0.042684
4.2965	-0.76569	0.059346
4.2965	-0.74059	0.061581
4.2965	-0.71548	0.058672
4.2965	-0.69038	0.040121
4.2965	-0.66527	0.027895
4.3215	-0.8159	0.012787
4.3215	-0.79079	0.018485
4.3215	-0.76569	0.028609
4.3215	-0.74059	0.030988
4.3215	-0.71548	0.030613
4.3215	-0.69038	0.022018
4.3215	-0.66527	0.01547
4.3466	-0.71548	0.0087888
4.3967	-0.86611	0.011228
4.3967	-0.841	0.015579
4.3967	-0.8159	0.020382
4.3967	-0.79079	0.019886
4.3967	-0.76569	0.01412
4.3967	-0.74059	0.010219
4.4217	-2.1213	0.010856
4.4217	-2.0962	0.011113
4.4217	-2.0711	0.010435
4.4217	-0.89121	0.013593
4.4217	-0.86611	0.022787
4.4217	-0.841	0.032439
4.4217	-0.8159	0.046264
4.4217	-0.79079	0.047842
4.4217	-0.76569	0.039453
4.4217	-0.74059	0.031401
4.4217	-0.71548	0.0227
4.4217	0.51464	0.0092073
4.4217	0.53975	0.0086412
4.4468	-2.1464	0.010208
4.4468	-2.1213	0.01444
4.4468	-2.0962	0.015084
4.4468	-2.0711	0.014468
4.4468	-2.046	0.010085
4.4468	-0.89121	0.019984
4.4468	-0.86611	0.033302
4.4468	-0.841	0.047753
4.4468	-0.8159	0.070519
4.4468	-0.79079	0.074691
4.4468	-0.76569	0.06521
4.4468	-0.74059	0.053607
4.4468	-0.71548	0.040098
4.4468	-0.69038	0.015748
4.4468	0.46444	0.0089721
4.4468	0.48954	0.011036
4.4468	0.51464	0.012285
4.4468	0.53975	0.011724
4.4468	0.56485	0.010121
4.4718	-2.1464	0.0090156
4.4718	-2.1213	0.013466
4.4718	-2.0962	0.014449
4.4718	-2.0711	0.014213
4.4718	-2.046	0.010317
4.4718	-0.89121	0.022226
4.4718	-0.86611	0.036777
4.4718	-0.841	0.053113
4.4718	-0.8159	0.081132
4.4718	-0.79079	0.087802
4.4718	-0.76569	0.080239
4.4718	-0.74059	0.067418
4.4718	-0.71548	0.051399
4.4718	-0.69038	0.020479
4.4718	-0.66527	0.0096837
4.4718	0.46444	0.0097652
4.4718	0.48954	0.012032
4.4718	0.51464	0.013473
4.4718	0.53975	0.013077
4.4718	0.56485	0.011383
4.4969	-2.1213	0.0086651
4.4969	-2.0962	0.0096196
4.4969	-2.0711	0.0097484
4.4969	-0.89121	0.016809
4.4969	-0.86611	0.028079
4.4969	-0.841	0.041182
4.4969	-0.8159	0.065245
4.4969	-0.79079	0.07192
4.4969	-0.76569	0.067955
4.4969	-0.74059	0.057871
4.4969	-0.71548	0.044552
4.4969	-0.69038	0.017676
4.4969	0.48954	0.010027
4.4969	0.51464	0.011325
4.4969	0.53975	0.011183
4.4969	0.56485	0.0098037
4.5219	-0.86611	0.014138
4.5219	-0.841	0.02176
4.5219	-0.8159	0.037583
4.5219	-0.79079	0.043007
4.5219	-0.76569	0.043265
4.5219	-0.74059	0.037756
4.5219	-0.71548	0.02961
4.5219	-0.69038	0.011816
4.547	-0.8159	0.011295
4.547	-0.79079	0.014513
4.547	-0.76569	0.017394
4.547	-0.74059	0.016206
4.547	-0.71548	0.013391
4.5971	-2.1715	0.011598
4.5971	-2.1464	0.012446
4.5971	-2.1213	0.010939
4.5971	-2.0962	0.0089395
4.5971	-0.89121	0.012647
4.5971	-0.86611	0.014671
4.5971	-0.841	0.015034
4.5971	-0.8159	0.011186
4.6221	-2.2218	0.0090886
4.6221	-2.1967	0.013731
4.6221	-2.1715	0.022298
4.6221	-2.1464	0.02468
4.6221	-2.1213	0.023403
4.6221	-2.0962	0.020002
4.6221	-2.0711	0.015533
4.6221	-0.91632	0.014059
4.6221	-0.89121	0.032838
4.6221	-0.86611	0.040555
4.6221	-0.841	0.045004
4.6221	-0.8159	0.041762
4.6221	-0.79079	0.035106
4.6221	-0.76569	0.018494
4.6221	-0.74059	0.011296
4.6472	-2.2218	0.012707
4.6472	-2.1967	0.019256
4.6472	-2.1715	0.031962
4.6472	-2.1464	0.035926
4.6472	-2.1213	0.035292
4.6472	-2.0962	0.030727
4.6472	-2.0711	0.024291
4.6472	-2.046	0.010501
4.6472	-0.94142	0.011099
4.6472	-0.91632	0.023183
4.6472	-0.89121	0.054768
4.6472	-0.86611	0.069143
4.6472	-0.841	0.078947
4.6472	-0.8159	0.078835
4.6472	-0.79079	0.069288
4.6472	-0.76569	0.0406
4.6472	-0.74059	0.026405
4.6472	-0.71548	0.01488
4.6722	-2.2218	0.014032
4.6722	-2.1967	0.021358
4.6722	-2.1715	0.036165
4.6722	-2.1464	0.041153
4.6722	-2.1213	0.041444
4.6722	-2.0962	0.036482
4.6722	-2.0711	0.029085
4.6722	-2.046	0.012548
4.6722	-0.94142	0.014187
4.6722	-0.91632	0.028834
4.6722	-0.89121	0.068273
4.6722	-0.86611	0.087273
4.6722	-0.841	0.10126
4.6722	-0.8159	0.10513
4.6722	-0.79079	0.094397
4.6722	-0.76569	0.057769
4.6722	-0.74059	0.038312
4.6722	-0.71548	0.021895
4.6722	0.46444	0.010571
4.6722	0.48954	0.01048
4.6722	0.51464	0.0095476
4.6973	-2.2218	0.011786
4.6973	-2.1967	0.018219
4.6973	-2.1715	0.031966
4.6973	-2.1464	0.03702
4.6973	-2.1213	0.038463
4.6973	-2.0962	0.034271
4.6973	-2.0711	0.027545
4.6973	-2.046	0.011777
4.6973	-0.94142	0.013572
4.6973	-0.91632	0.027209
4.6973	-0.89121	0.065328
4.6973	-0.86611	0.084715
4.6973	-0.841	0.099899
4.6973	-0.8159	0.10728
4.6973	-0.79079	0.097903
4.6973	-0.76569	0.061539
4.6973	-0.74059	0.041101
4.6973	-0.71548	0.023424
4.6973	0.43933	0.0091502
4.6973	0.46444	0.012119
4.6973	0.48954	0.012188
4.6973	0.51464	0.011276
4.7223	-2.1715	0.012826
4.7223	-2.1464	0.016112
4.7223	-2.1213	0.019058
4.7223	-2.0962	0.017834
4.7223	-2.0711	0.014876
4.7223	-0.91632	0.011591
4.7223	-0.89121	0.031625
4.7223	-0.86611	0.043519
4.7223	-0.841	0.054214
4.7223	-0.8159	0.06402
4.7223	-0.79079	0.060778
4.7223	-0.76569	0.040473
4.7223	-0.74059	0.027368
4.7223	-0.71548	0.01545
4.7223	0.46444	0.0093784
4.7223	0.48954	0.0096712
4.7223	0.51464	0.0091656
4.7474	-0.86611	0.011376
4.7474	-0.841	0.016519
4.7474	-0.8159	0.024379
4.7474	-0.79079	0.025123
4.7474	-0.76569	0.018843
4.7474	-0.74059	0.013207
4.7975	-2.272	0.0094759
4.7975	-2.2469	0.023275
4.7975	-2.2218	0.02932
4.7975	-2.1967	0.03308
4.7975	-2.1715	0.0314
4.7975	-2.1464	0.026526
4.7975	-2.1213	0.013868
4.7975	-0.94142	0.01982
4.7975	-0.91632	0.026342
4.7975	-0.89121	0.031054
4.7975	-0.86611	0.028423
4.7975	-0.841	0.023331
4.7975	-0.8159	0.011048
4.8225	-2.2971	0.010974
4.8225	-2.272	0.023619
4.8225	-2.2469	0.058591
4.8225	-2.2218	0.075618
4.8225	-2.1967	0.088178
4.8225	-2.1715	0.09165
4.8225	-2.1464	0.082113
4.8225	-2.1213	0.049965
4.8225	-2.0962	0.033134
4.8225	-2.0711	0.019076
4.8225	-1.1172	0.0092422
4.8225	-1.0921	0.012321
4.8225	-1.0669	0.0098424
4.8225	-0.96653	0.014982
4.8225	-0.94142	0.051838
4.8225	-0.91632	0.071926
4.8225	-0.89121	0.096871
4.8225	-0.86611	0.09708
4.8225	-0.841	0.089005
4.8225	-0.8159	0.057208
4.8225	-0.79079	0.039656
4.8225	-0.76569	0.013201
4.8476	-2.2971	0.022481
4.8476	-2.272	0.046438
4.8476	-2.2469	0.11306
4.8476	-2.2218	0.14653
4.8476	-2.1967	0.17244
4.8476	-2.1715	0.18444
4.8476	-2.1464	0.1683
4.8476	-2.1213	0.10678
4.8476	-2.0962	0.072338
4.8476	-2.0711	0.042421
4.8476	-1.1172	0.011437
4.8476	-1.0921	0.014648
4.8476	-1.0669	0.011313
4.8476	-0.99163	0.0089076
4.8476	-0.96653	0.027612
4.8476	-0.94142	0.092337
4.8476	-0.91632	0.12958
4.8476	-0.89121	0.18269
4.8476	-0.86611	0.18884
4.8476	-0.841	0.17941
4.8476	-0.8159	0.12549
4.8476	-0.79079	0.091335
4.8476	-0.76569	0.033848
4.8476	-0.74059	0.01592
4.8727	-2.4226	0.0094775
4.8727	-2.3975	0.0092713
4.8727	-2.2971	0.039127
4.8727	-2.272	0.077681
4.8727	-2.2469	0.18382
4.8727	-2.2218	0.23738
4.8727	-2.1967	0.27936
4.8727	-2.1715	0.30065
4.8727	-2.1464	0.27556
4.8727	-2.1213	0.17608
4.8727	-2.0962	0.11921
4.8727	-2.0711	0.069303
4.8727	-2.046	0.0097949
4.8727	-1.9707	0.010658
4.8727	-1.9456	0.013091
4.8727	-1.9205	0.0092216
4.8727	-1.1172	0.011054
4.8727	-1.0921	0.013653
4.8727	-1.0669	0.010123
4.8727	-0.99163	0.013934
4.8727	-0.96653	0.039274
4.8727	-0.94142	0.12661
4.8727	-0.91632	0.17832
4.8727	-0.89121	0.25717
4.8727	-0.86611	0.27002
4.8727	-0.841	0.26099
4.8727	-0.8159	0.18938
4.8727	-0.79079	0.14031
4.8727	-0.76569	0.05324
4.8727	-0.74059	0.024852
4.8727	0.38912	0.0094149
4.8727	0.41423	0.011136
4.8727	0.43933	0.01191
4.8727	0.46444	0.010412
4.8727	0.48954	0.0085498
4.8977	-2.4477	0.0093907
4.8977	-2.4226	0.011181
4.8977	-2.3975	0.010418
4.8977	-2.2971	0.059922
4.8977	-2.272	0.11468
4.8977	-2.2469	0.26286
4.8977	-2.2218	0.33708
4.8977	-2.1967	0.39501
4.8977	-2.1715	0.42322
4.8977	-2.1464	0.38715
4.8977	-2.1213	0.24522
4.8977	-2.0962	0.16422
4.8977	-2.0711	0.093407
4.8977	-2.046	0.010988
4.8977	-1.9958	0.012177
4.8977	-1.9707	0.02062
4.8977	-1.9456	0.024409
4.8977	-1.9205	0.016478
4.8977	-1.8954	0.0091164
4.8977	-1.0921	0.0095084
4.8977	-0.99163	0.016551
4.8977	-0.96653	0.043545
4.8977	-0.94142	0.13709
4.8977	-0.91632	0.19407
4.8977	-0.89121	0.28576
4.8977	-0.86611	0.30385
4.8977	-0.841	0.29749
4.8977	-0.8159	0.22098
4.8977	-0.79079	0.1651
4.8977	-0.76569	0.062475
4.8977	-0.74059	0.028347
4.8977	-0.71548	0.0084046
4.8977	-0.64017	0.010629
4.8977	-0.61506	0.0098889
4.8977	0.38912	0.011545
4.8977	0.41423	0.013827
4.8977	0.43933	0.015024
4.8977	0.46444	0.013647
4.8977	0.48954	0.011444
4.8977	0.51464	0.0087703
4.9228	-2.4477	0.01048
4.9228	-2.4226	0.011958
4.9228	-2.3975	0.010553
4.9228	-2.3222	0.0094009
4.9228	-2.2971	0.08234
4.9228	-2.272	0.15238
4.9228	-2.2469	0.33816
4.9228	-2.2218	0.4299
4.9228	-2.1967	0.50058
4.9228	-2.1715	0.53093
4.9228	-2.1464	0.48301
4.9228	-2.1213	0.30055
4.9228	-2.0962	0.19783
4.9228	-2.0711	0.10911
4.9228	-2.046	0.0099294
4.9228	-1.9958	0.021295
4.9228	-1.9707	0.033287
4.9228	-1.9456	0.037803
4.9228	-1.9205	0.023901
4.9228	-1.8954	0.012489
4.9228	-1.795	0.013775
4.9228	-1.7699	0.013503
4.9228	-1.7448	0.010515
4.9228	-0.99163	0.013971
4.9228	-0.96653	0.035465
4.9228	-0.94142	0.1128
4.9228	-0.91632	0.1623
4.9228	-0.89121	0.24789
4.9228	-0.86611	0.26836
4.9228	-0.841	0.2672
4.9228	-0.8159	0.20395
4.9228	-0.79079	0.15361
4.9228	-0.76569	0.057569
4.9228	-0.74059	0.025111
4.9228	-0.64017	0.014297
4.9228	-0.61506	0.013027
4.9228	-0.58996	0.009449
4.9228	0.38912	0.010866
4.9228	0.41423	0.0132
4.9228	0.43933	0.014576
4.9228	0.46444	0.013688
4.9228	0.48954	0.011663
4.9228	0.51464	0.0090669
4.9478	-2.4477	0.01066
4.9478	-2.4226	0.011638
4.9478	-2.3975	0.0096628
4.9478	-2.3222	0.014198
4.9478	-2.2971	0.10264
4.9478	-2.272	0.18428
4.9478	-2.2469	0.39625
4.9478	-2.2218	0.49906
4.9478	-2.1967	0.57679
4.9478	-2.1715	0.6037
4.9478	-2.1464	0.54505
4.9478	-2.1213	0.33118
4.9478	-2.0962	0.21328
4.9478	-2.0711	0.11318
4.9478	-1.9958	0.032164
4.9478	-1.9707	0.046818
4.9478	-1.9456	0.050964
4.9478	-1.9205	0.029775
4.9478	-1.8954	0.014446
4.9478	-1.8201	0.011005
4.9478	-1.795	0.022135
4.9478	-1.7699	0.020977
4.9478	-1.7448	0.01571
4.9478	-1.6192	0.0091686
4.9478	-0.96653	0.016773
4.9478	-0.94142	0.05992
4.9478	-0.91632	0.090993
4.9478	-0.89121	0.15258
4.9478	-0.86611	0.17181
4.9478	-0.841	0.17711
4.9478	-0.8159	0.14273
4.9478	-0.79079	0.10946
4.9478	-0.76569	0.041059
4.9478	-0.74059	0.017143
4.9478	-0.66527	0.0085464
4.9478	-0.64017	0.015071
4.9478	-0.61506	0.013448
4.9478	-0.58996	0.0094974
4.9478	0.41423	0.0092802
4.9478	0.43933	0.010539
4.9478	0.46444	0.010409
4.9478	0.48954	0.0090596
4.9729	-2.4477	0.0091725
4.9729	-2.4226	0.0093348
4.9729	-2.3222	0.020762
4.9729	-2.2971	0.1203
4.9729	-2.272	0.20759
4.9729	-2.2469	0.42726
4.9729	-2.2218	0.53065
4.9729	-2.1967	0.60612
4.9729	-2.1715	0.62012
4.9729	-2.1464	0.55221
4.9729	-2.1213	0.32124
4.9729	-2.0962	0.1987
4.9729	-2.0711	0.098046
4.9729	-1.9958	0.047716
4.9729	-1.9707	0.06327
4.9729	-1.9456	0.064665
4.9729	-1.9205	0.032917
4.9729	-1.8954	0.013792
4.9729	-1.8452	0.0085466
4.9729	-1.8201	0.020534
4.9729	-1.795	0.034774
4.9729	-1.7699	0.031078
4.9729	-1.7448	0.021648
4.9729	-1.6695	0.010142
4.9729	-1.6444	0.016717
4.9729	-1.6192	0.019945
4.9729	-1.5941	0.013083
4.9729	-1.4937	0.0086395
4.9729	-1.4686	0.016235
4.9729	-1.4435	0.015021
4.9729	-1.4184	0.010717
4.9729	-1.318	0.010794
4.9729	-1.2929	0.013133
4.9729	-1.2678	0.0093068
4.9729	-1.1423	0.0086483
4.9729	-1.1172	0.0083979
4.9729	-0.89121	0.009849
4.9729	-0.86611	0.017282
4.9729	-0.841	0.024428
4.9729	-0.8159	0.029911
4.9729	-0.79079	0.026367
4.9729	-0.76569	0.011577
4.9729	-0.64017	0.0096879
4.9729	-0.61506	0.0085413
4.9979	-2.3222	0.023107
4.9979	-2.2971	0.11932
4.9979	-2.272	0.2013
4.9979	-2.2469	0.40375
4.9979	-2.2218	0.49718
4.9979	-2.1967	0.56361
4.9979	-2.1715	0.56771
4.9979	-2.1464	0.50052
4.9979	-2.1213	0.28173
4.9979	-2.0962	0.16881
4.9979	-2.0711	0.078446
4.9979	-1.9958	0.054449
4.9979	-1.9707	0.068337
4.9979	-1.9456	0.067014
4.9979	-1.9205	0.030723
4.9979	-1.8954	0.011313
4.9979	-1.8452	0.012705
4.9979	-1.8201	0.026832
4.9979	-1.795	0.040879
4.9979	-1.7699	0.03501
4.9979	-1.7448	0.02304
4.9979	-1.6695	0.015792
4.9979	-1.6444	0.024179
4.9979	-1.6192	0.027569
4.9979	-1.5941	0.016581
4.9979	-1.4937	0.014603
4.9979	-1.4686	0.025443
4.9979	-1.4435	0.022894
4.9979	-1.4184	0.015711
4.9979	-1.3431	0.013778
4.9979	-1.318	0.021886
4.9979	-1.2929	0.0261
4.9979	-1.2678	0.017885
4.9979	-1.2427	0.0091023
4.9979	-1.1674	0.012262
4.9979	-1.1423	0.027209
4.9979	-1.1172	0.027345
4.9979	-1.0921	0.012363
4.9979	-1.0167	0.013829
4.9979	-0.99163	0.0285
4.9979	-0.96653	0.043119
4.9979	-0.94142	0.056551
4.9979	-0.91632	0.052097
4.9979	-0.89121	0.02887
4.9979	-0.86611	0.016595
5.023	-2.3222	0.022878
5.023	-2.2971	0.10744
5.023	-2.272	0.17779
5.023	-2.2469	0.34884
5.023	-2.2218	0.42637
5.023	-2.1967	0.48012
5.023	-2.1715	0.47655
5.023	-2.1464	0.41593
5.023	-2.1213	0.22597
5.023	-2.0962	0.13063
5.023	-2.0711	0.056514
5.023	-2.0209	0.011318
5.023	-1.9958	0.056351
5.023	-1.9707	0.067255
5.023	-1.9456	0.063306
5.023	-1.9205	0.025827
5.023	-1.8452	0.016627
5.023	-1.8201	0.0316
5.023	-1.795	0.043572
5.023	-1.7699	0.035669
5.023	-1.7448	0.02201
5.023	-1.6695	0.021616
5.023	-1.6444	0.031018
5.023	-1.6192	0.033833
5.023	-1.5941	0.018448
5.023	-1.5188	0.010118
5.023	-1.4937	0.021642
5.023	-1.4686	0.034673
5.023	-1.4435	0.030097
5.023	-1.4184	0.019605
5.023	-1.3431	0.024197
5.023	-1.318	0.036593
5.023	-1.2929	0.042307
5.023	-1.2678	0.027048
5.023	-1.2427	0.012632
5.023	-1.1925	0.010406
5.023	-1.1674	0.027768
5.023	-1.1423	0.057798
5.023	-1.1172	0.057378
5.023	-1.0921	0.024127
5.023	-1.0167	0.052256
5.023	-0.99163	0.10715
5.023	-0.96653	0.16938
5.023	-0.94142	0.2649
5.023	-0.91632	0.27872
5.023	-0.89121	0.2312
5.023	-0.86611	0.18295
5.023	-0.841	0.13112
5.023	-0.8159	0.047561
5.023	-0.79079	0.022875
5.048	-2.3222	0.019953
5.048	-2.2971	0.086819
5.048	-2.272	0.14148
5.048	-2.2469	0.27299
5.048	-2.2218	0.33183
5.048	-2.1967	0.37176
5.048	-2.1715	0.36439
5.048	-2.1464	0.315
5.048	-2.1213	0.16491
5.048	-2.0962	0.091562
5.048	-2.0711	0.03634
5.048	-2.0209	0.013819
5.048	-1.9958	0.052937
5.048	-1.9707	0.06032
5.048	-1.9456	0.054515
5.048	-1.9205	0.0195
5.048	-1.8452	0.019398
5.048	-1.8201	0.033745
5.048	-1.795	0.042321
5.048	-1.7699	0.033022
5.048	-1.7448	0.018928
5.048	-1.6695	0.026472
5.048	-1.6444	0.03584
5.048	-1.6192	0.037428
5.048	-1.5941	0.018301
5.048	-1.5188	0.014596
5.048	-1.4937	0.028659
5.048	-1.4686	0.042114
5.048	-1.4435	0.035062
5.048	-1.4184	0.021433
5.048	-1.3431	0.036856
5.048	-1.318	0.053046
5.048	-1.2929	0.059162
5.048	-1.2678	0.034534
5.048	-1.2427	0.01433
5.048	-1.1925	0.021563
5.048	-1.1674	0.051162
5.048	-1.1423	0.098219
5.048	-1.1172	0.09477
5.048	-1.0921	0.034886
5.048	-1.0167	0.13197
5.048	-0.99163	0.26137
5.048	-0.96653	0.41216
5.048	-0.94142	0.66964
5.048	-0.91632	0.72822
5.048	-0.89121	0.66103
5.048	-0.86611	0.55441
5.048	-0.841	0.42554
5.048	-0.8159	0.18431
5.048	-0.79079	0.09951
5.048	-0.76569	0.014119
5.048	0.33891	0.0097194
5.048	0.36402	0.012635
5.048	0.38912	0.014942
5.048	0.41423	0.014022
5.048	0.43933	0.012029
5.0731	-2.3222	0.014986
5.0731	-2.2971	0.061594
5.0731	-2.272	0.099388
5.0731	-2.2469	0.19012
5.0731	-2.2218	0.23057
5.0731	-2.1967	0.25772
5.0731	-2.1715	0.25053
5.0731	-2.1464	0.2148
5.0731	-2.1213	0.10832
5.0731	-2.0962	0.057484
5.0731	-2.0711	0.020524
5.0731	-2.0209	0.014421
5.0731	-1.9958	0.044974
5.0731	-1.9707	0.049099
5.0731	-1.9456	0.042612
5.0731	-1.9205	0.013111
5.0731	-1.8452	0.020286
5.0731	-1.8201	0.032728
5.0731	-1.795	0.037482
5.0731	-1.7699	0.027784
5.0731	-1.7448	0.014618
5.0731	-1.6695	0.029279
5.0731	-1.6444	0.0376
5.0731	-1.6192	0.037618
5.0731	-1.5941	0.016294
5.0731	-1.5188	0.018855
5.0731	-1.4937	0.034291
5.0731	-1.4686	0.0462
5.0731	-1.4435	0.036714
5.0731	-1.4184	0.020807
5.0731	-1.3431	0.049878
5.0731	-1.318	0.068412
5.0731	-1.2929	0.073415
5.0731	-1.2678	0.038424
5.0731	-1.2427	0.013618
5.0731	-1.1925	0.037721
5.0731	-1.1674	0.080999
5.0731	-1.1423	0.14273
5.0731	-1.1172	0.13271
5.0731	-1.0921	0.040697
5.0731	-1.0418	0.013638
5.0731	-1.0167	0.2645
5.0731	-0.99163	0.50365
5.0731	-0.96653	0.78269
5.0731	-0.94142	1.274
5.0731	-0.91632	1.3986
5.0731	-0.89121	1.3067
5.0731	-0.86611	1.1161
5.0731	-0.841	0.87408
5.0731	-0.8159	0.39488
5.0731	-0.79079	0.21697
5.0731	-0.76569	0.029922
5.0731	-0.69038	0.015715
5.0731	-0.66527	0.018439
5.0731	-0.64017	0.011329
5.0731	0.33891	0.017031
5.0731	0.36402	0.022393
5.0731	0.38912	0.027708
5.0731	0.41423	0.026811
5.0731	0.43933	0.023823
5.0731	0.46444	0.014527
5.0731	0.48954	0.0098521
5.0981	-2.3222	0.0092269
5.0981	-2.2971	0.036767
5.0981	-2.272	0.059268
5.0981	-2.2469	0.11401
5.0981	-2.2218	0.13877
5.0981	-2.1967	0.15555
5.0981	-2.1715	0.15125
5.0981	-2.1464	0.12901
5.0981	-2.1213	0.062796
5.0981	-2.0962	0.031693
5.0981	-2.0711	0.0099068
5.0981	-2.0209	0.012938
5.0981	-1.9958	0.034222
5.0981	-1.9707	0.035921
5.0981	-1.9456	0.029945
5.0981	-1.8452	0.019017
5.0981	-1.8201	0.028744
5.0981	-1.795	0.030164
5.0981	-1.7699	0.021153
5.0981	-1.7448	0.010053
5.0981	-1.6695	0.029366
5.0981	-1.6444	0.035922
5.0981	-1.6192	0.034447
5.0981	-1.5941	0.013026
5.0981	-1.5188	0.021961
5.0981	-1.4937	0.037295
5.0981	-1.4686	0.046084
5.0981	-1.4435	0.034787
5.0981	-1.4184	0.018012
5.0981	-1.3682	0.01157
5.0981	-1.3431	0.060809
5.0981	-1.318	0.079617
5.0981	-1.2929	0.082062
5.0981	-1.2678	0.037798
5.0981	-1.2427	0.010804
5.0981	-1.2176	0.015682
5.0981	-1.1925	0.05753
5.0981	-1.1674	0.11339
5.0981	-1.1423	0.18318
5.0981	-1.1172	0.16315
5.0981	-1.0921	0.039333
5.0981	-1.0418	0.035939
5.0981	-1.0167	0.45083
5.0981	-0.99163	0.82633
5.0981	-0.96653	1.2607
5.0981	-0.94142	2.0279
5.0981	-0.91632	2.2267
5.0981	-0.89121	2.0941
5.0981	-0.86611	1.7968
5.0981	-0.841	1.4132
5.0981	-0.8159	0.63959
5.0981	-0.79079	0.34817
5.0981	-0.76569	0.042435
5.0981	-0.69038	0.039257
5.0981	-0.66527	0.045169
5.0981	-0.64017	0.028093
5.0981	-0.61506	0.015115
5.0981	0.33891	0.022977
5.0981	0.36402	0.030319
5.0981	0.38912	0.038365
5.0981	0.41423	0.037698
5.0981	0.43933	0.034068
5.0981	0.46444	0.021534
5.0981	0.48954	0.014858
5.0981	0.51464	0.0091384
5.1232	-2.2971	0.016805
5.1232	-2.272	0.027577
5.1232	-2.2469	0.055009
5.1232	-2.2218	0.068043
5.1232	-2.1967	0.077342
5.1232	-2.1715	0.076586
5.1232	-2.1464	0.065453
5.1232	-2.1213	0.030998
5.1232	-2.0962	0.014812
5.1232	-2.0209	0.0098673
5.1232	-1.9958	0.022886
5.1232	-1.9707	0.023195
5.1232	-1.9456	0.018587
5.1232	-1.8452	0.015871
5.1232	-1.8201	0.022674
5.1232	-1.795	0.021869
5.1232	-1.7699	0.014435
5.1232	-1.6695	0.026688
5.1232	-1.6444	0.031213
5.1232	-1.6192	0.028699
5.1232	-1.5941	0.0093058
5.1232	-1.5439	0.009302
5.1232	-1.5188	0.023127
5.1232	-1.4937	0.036938
5.1232	-1.4686	0.041884
5.1232	-1.4435	0.029872
5.1232	-1.4184	0.013874
5.1232	-1.3682	0.015804
5.1232	-1.3431	0.067284
5.1232	-1.318	0.084235
5.1232	-1.2929	0.083263
5.1232	-1.2678	0.033015
5.1232	-1.2176	0.025639
5.1232	-1.1925	0.077978
5.1232	-1.1674	0.14263
5.1232	-1.1423	0.21127
5.1232	-1.1172	0.17923
5.1232	-1.0921	0.031289
5.1232	-1.0418	0.07346
5.1232	-1.0167	0.67657
5.1232	-0.99163	1.1969
5.1232	-0.96653	1.791
5.1232	-0.94142	2.8299
5.1232	-0.91632	3.0952
5.1232	-0.89121	2.899
5.1232	-0.86611	2.483
5.1232	-0.841	1.9469
5.1232	-0.8159	0.86644
5.1232	-0.79079	0.46121
5.1232	-0.76569	0.046406
5.1232	-0.71548	0.013788
5.1232	-0.69038	0.074679
5.1232	-0.66527	0.082857
5.1232	-0.64017	0.049355
5.1232	-0.61506	0.025578
5.1232	-0.51464	0.014896
5.1232	-0.48954	0.014105
5.1232	-0.46444	0.010636
5.1232	0.31381	0.0088831
5.1232	0.33891	0.024482
5.1232	0.36402	0.032471
5.1232	0.38912	0.041938
5.1232	0.41423	0.041721
5.1232	0.43933	0.038182
5.1232	0.46444	0.024688
5.1232	0.48954	0.017169
5.1232	0.51464	0.01059
5.1482	-2.2469	0.017945
5.1482	-2.2218	0.023377
5.1482	-2.1967	0.02777
5.1482	-2.1715	0.029368
5.1482	-2.1464	0.025614
5.1482	-2.1213	0.012103
5.1482	-1.9958	0.012973
5.1482	-1.9707	0.012777
5.1482	-1.9456	0.0098653
5.1482	-1.8452	0.011607
5.1482	-1.8201	0.015804
5.1482	-1.795	0.014062
5.1482	-1.7699	0.008681
5.1482	-1.6695	0.02185
5.1482	-1.6444	0.024519
5.1482	-1.6192	0.021626
5.1482	-1.5439	0.0098176
5.1482	-1.5188	0.02199
5.1482	-1.4937	0.033248
5.1482	-1.4686	0.034618
5.1482	-1.4435	0.023183
5.1482	-1.4184	0.0094201
5.1482	-1.3682	0.018962
5.1482	-1.3431	0.06776
5.1482	-1.318	0.081239
5.1482	-1.2929	0.076885
5.1482	-1.2678	0.02551
5.1482	-1.2176	0.036102
5.1482	-1.1925	0.094999
5.1482	-1.1674	0.16267
5.1482	-1.1423	0.22093
5.1482	-1.1172	0.17745
5.1482	-1.0921	0.019594
5.1482	-1.0418	0.12501
5.1482	-1.0167	0.91147
5.1482	-0.99163	1.5611
5.1482	-0.96653	2.2918
5.1482	-0.94142	3.5478
5.1482	-0.91632	3.8569
5.1482	-0.89121	3.5777
5.1482	-0.86611	3.0479
5.1482	-0.841	2.3729
5.1482	-0.8159	1.0267
5.1482	-0.79079	0.5296
5.1482	-0.76569	0.040716
5.1482	-0.71548	0.030221
5.1482	-0.69038	0.1186
5.1482	-0.66527	0.12631
5.1482	-0.64017	0.070424
5.1482	-0.61506	0.034412
5.1482	-0.58996	0.0095261
5.1482	-0.53975	0.014327
5.1482	-0.51464	0.028627
5.1482	-0.48954	0.026435
5.1482	-0.46444	0.019388
5.1482	0.33891	0.019818
5.1482	0.36402	0.026716
5.1482	0.38912	0.035784
5.1482	0.41423	0.036238
5.1482	0.43933	0.033717
5.1482	0.46444	0.022387
5.1482	0.48954	0.015687
5.1482	0.51464	0.009683
5.1733	-1.8201	0.0094327
5.1733	-1.6695	0.015914
5.1733	-1.6444	0.017201
5.1733	-1.6192	0.014569
5.1733	-1.5439	0.0091302
5.1733	-1.5188	0.018762
5.1733	-1.4937	0.027018
5.1733	-1.4686	0.025856
5.1733	-1.4435	0.01614
5.1733	-1.3682	0.020136
5.1733	-1.3431	0.062036
5.1733	-1.318	0.071325
5.1733	-1.2929	0.064512
5.1733	-1.2678	0.017223
5.1733	-1.2176	0.044645
5.1733	-1.1925	0.10462
5.1733	-1.1674	0.16889
5.1733	-1.1423	0.21024
5.1733	-1.1172	0.15879
5.1733	-1.0921	0.0084811
5.1733	-1.0669	0.021544
5.1733	-1.0418	0.18372
5.1733	-1.0167	1.1145
5.1733	-0.99163	1.8535
5.1733	-0.96653	2.6723
5.1733	-0.94142	4.0497
5.1733	-0.91632	4.371
5.1733	-0.89121	4.0029
5.1733	-0.86611	3.3846
5.1733	-0.841	2.6095
5.1733	-0.8159	1.089
5.1733	-0.79079	0.54004
5.1733	-0.76569	0.028341
5.1733	-0.71548	0.053751
5.1733	-0.69038	0.16419
5.1733	-0.66527	0.16768
5.1733	-0.64017	0.086328
5.1733	-0.61506	0.039081
5.1733	-0.58996	0.0087106
5.1733	-0.56485	0.0089544
5.1733	-0.53975	0.025602
5.1733	-0.51464	0.045324
5.1733	-0.48954	0.040458
5.1733	-0.46444	0.028521
5.1733	-0.36402	0.0099601
5.1733	-0.33891	0.011986
5.1733	0.33891	0.010347
5.1733	0.36402	0.014724
5.1733	0.38912	0.021651
5.1733	0.41423	0.022804
5.1733	0.43933	0.021962
5.1733	0.46444	0.015386
5.1733	0.48954	0.010972
5.1983	-1.5188	0.011682
5.1983	-1.4937	0.015833
5.1983	-1.4686	0.013412
5.1983	-1.3682	0.01747
5.1983	-1.3431	0.044806
5.1983	-1.318	0.048507
5.1983	-1.2929	0.040821
5.1983	-1.2176	0.049011
5.1983	-1.1925	0.10018
5.1983	-1.1674	0.14961
5.1983	-1.1423	0.16309
5.1983	-1.1172	0.11042
5.1983	-1.0669	0.05207
5.1983	-1.0418	0.25907
5.1983	-1.0167	1.2703
5.1983	-0.99163	2.0329
5.1983	-0.96653	2.8591
5.1983	-0.94142	4.2008
5.1983	-0.91632	4.4829
5.1983	-0.89121	4.0154
5.1983	-0.86611	3.3494
5.1983	-0.841	2.5366
5.1983	-0.8159	0.99037
5.1983	-0.79079	0.45592
5.1983	-0.76569	0.0087144
5.1983	-0.74059	0.018564
5.1983	-0.71548	0.094953
5.1983	-0.69038	0.21682
5.1983	-0.66527	0.20801
5.1983	-0.64017	0.093165
5.1983	-0.61506	0.036248
5.1983	-0.56485	0.020945
5.1983	-0.53975	0.046616
5.1983	-0.51464	0.069681
5.1983	-0.48954	0.058648
5.1983	-0.46444	0.03841
5.1983	-0.36402	0.022665
5.1983	-0.33891	0.025482
5.1983	-0.31381	0.014869
5.1983	-0.18828	0.013109
5.1983	-0.16318	0.011456
5.2234	-2.2971	0.009639
5.2234	-2.272	0.011736
5.2234	-2.2469	0.013175
5.2234	-2.2218	0.012209
5.2234	-2.1967	0.010308
5.2234	-1.4937	0.0091549
5.2234	-1.3682	0.013364
5.2234	-1.3431	0.031054
5.2234	-1.318	0.032373
5.2234	-1.2929	0.025887
5.2234	-1.2176	0.044838
5.2234	-1.1925	0.085213
5.2234	-1.1674	0.12156
5.2234	-1.1423	0.12103
5.2234	-1.1172	0.074995
5.2234	-1.0669	0.070445
5.2234	-1.0418	0.28201
5.2234	-1.0167	1.2372
5.2234	-0.99163	1.9371
5.2234	-0.96653	2.6853
5.2234	-0.94142	3.8724
5.2234	-0.91632	4.1026
5.2234	-0.89121	3.6194
5.2234	-0.86611	2.9894
5.2234	-0.841	2.2339
5.2234	-0.8159	0.82797
5.2234	-0.79079	0.35841
5.2234	-0.74059	0.033233
5.2234	-0.71548	0.11809
5.2234	-0.69038	0.2307
5.2234	-0.66527	0.21239
5.2234	-0.64017	0.085547
5.2234	-0.61506	0.029108
5.2234	-0.56485	0.030522
5.2234	-0.53975	0.059974
5.2234	-0.51464	0.080761
5.2234	-0.48954	0.065124
5.2234	-0.46444	0.040254
5.2234	-0.38912	0.0097194
5.2234	-0.36402	0.032296
5.2234	-0.33891	0.034714
5.2234	-0.31381	0.018551
5.2234	-0.21339	0.013082
5.2234	-0.18828	0.020287
5.2234	-0.16318	0.017236
5.2234	-0.13808	0.011142
5.2234	-0.037657	0.011731
5.2234	-0.012552	0.013185
5.2234	0.13808	0.0085746
5.2234	0.33891	0.009517
5.2484	-2.2971	0.013584
5.2484	-2.272	0.016941
5.2484	-2.2469	0.020265
5.2484	-2.2218	0.019523
5.2484	-2.1967	0.017217
5.2484	-2.1715	0.0098601
5.2484	-1.3682	0.0085754
5.2484	-1.3431	0.018453
5.2484	-1.318	0.018592
5.2484	-1.2929	0.014096
5.2484	-1.2176	0.035886
5.2484	-1.1925	0.064171
5.2484	-1.1674	0.087879
5.2484	-1.1423	0.079748
5.2484	-1.1172	0.044427
5.2484	-1.0669	0.079965
5.2484	-1.0418	0.27333
5.2484	-1.0167	1.0941
5.2484	-0.99163	1.6816
5.2484	-0.96653	2.3027
5.2484	-0.94142	3.2679
5.2484	-0.91632	3.4399
5.2484	-0.89121	2.9915
5.2484	-0.86611	2.4462
5.2484	-0.841	1.8025
5.2484	-0.8159	0.6304
5.2484	-0.79079	0.25353
5.2484	-0.74059	0.04719
5.2484	-0.71548	0.13102
5.2484	-0.69038	0.22368
5.2484	-0.66527	0.1977
5.2484	-0.64017	0.070712
5.2484	-0.61506	0.020218
5.2484	-0.56485	0.039222
5.2484	-0.53975	0.069568
5.2484	-0.51464	0.084872
5.2484	-0.48954	0.065394
5.2484	-0.46444	0.037849
5.2484	-0.38912	0.014962
5.2484	-0.36402	0.040834
5.2484	-0.33891	0.041996
5.2484	-0.31381	0.020318
5.2484	-0.23849	0.0095428
5.2484	-0.21339	0.01914
5.2484	-0.18828	0.027296
5.2484	-0.16318	0.022357
5.2484	-0.13808	0.013703
5.2484	-0.062762	0.013601
5.2484	-0.037657	0.01935
5.2484	-0.012552	0.021084
5.2484	0.012552	0.011932
5.2484	0.11297	0.009802
5.2484	0.13808	0.017948
5.2484	0.16318	0.016733
5.2484	0.18828	0.012136
5.2484	0.2636	0.01127
5.2484	0.2887	0.021534
5.2484	0.31381	0.031856
5.2484	0.33891	0.043758
5.2484	0.36402	0.043145
5.2484	0.38912	0.031372
5.2484	0.41423	0.023215
5.2484	0.43933	0.015542
5.2735	-2.2971	0.014507
5.2735	-2.272	0.018298
5.2735	-2.2469	0.022545
5.2735	-2.2218	0.022084
5.2735	-2.1967	0.019812
5.2735	-2.1715	0.011694
5.2735	-1.3431	0.0088214
5.2735	-1.318	0.0086652
5.2735	-1.2176	0.024445
5.2735	-1.1925	0.041621
5.2735	-1.1674	0.055055
5.2735	-1.1423	0.045478
5.2735	-1.1172	0.022204
5.2735	-1.0921	0.0097701
5.2735	-1.0669	0.076908
5.2735	-1.0418	0.23353
5.2735	-1.0167	0.86847
5.2735	-0.99163	1.3152
5.2735	-0.96653	1.7842
5.2735	-0.94142	2.5026
5.2735	-0.91632	2.6216
5.2735	-0.89121	2.2522
5.2735	-0.86611	1.8242
5.2735	-0.841	1.325
5.2735	-0.8159	0.43461
5.2735	-0.79079	0.15989
5.2735	-0.74059	0.056158
5.2735	-0.71548	0.13029
5.2735	-0.69038	0.19765
5.2735	-0.66527	0.16772
5.2735	-0.64017	0.052452
5.2735	-0.61506	0.01184
5.2735	-0.56485	0.044972
5.2735	-0.53975	0.073188
5.2735	-0.51464	0.081268
5.2735	-0.48954	0.059655
5.2735	-0.46444	0.032017
5.2735	-0.38912	0.02008
5.2735	-0.36402	0.046507
5.2735	-0.33891	0.045801
5.2735	-0.31381	0.019834
5.2735	-0.23849	0.013571
5.2735	-0.21339	0.025016
5.2735	-0.18828	0.032721
5.2735	-0.16318	0.025694
5.2735	-0.13808	0.014757
5.2735	-0.062762	0.020423
5.2735	-0.037657	0.027668
5.2735	-0.012552	0.029083
5.2735	0.012552	0.015
5.2735	0.11297	0.017779
5.2735	0.13808	0.030052
5.2735	0.16318	0.027221
5.2735	0.18828	0.018922
5.2735	0.2636	0.027961
5.2735	0.2887	0.051669
5.2735	0.31381	0.076272
5.2735	0.33891	0.10881
5.2735	0.36402	0.11085
5.2735	0.38912	0.088126
5.2735	0.41423	0.069068
5.2735	0.43933	0.04948
5.2735	0.46444	0.018582
5.2735	0.48954	0.0093107
5.2985	-2.2971	0.012338
5.2985	-2.272	0.01571
5.2985	-2.2469	0.019781
5.2985	-2.2218	0.019586
5.2985	-2.1967	0.017739
5.2985	-2.1715	0.010565
5.2985	-1.2176	0.01335
5.2985	-1.1925	0.021985
5.2985	-1.1674	0.028378
5.2985	-1.1423	0.021401
5.2985	-1.1172	0.0088085
5.2985	-1.0921	0.011083
5.2985	-1.0669	0.061833
5.2985	-1.0418	0.17186
5.2985	-1.0167	0.60519
5.2985	-0.99163	0.90807
5.2985	-0.96653	1.2258
5.2985	-0.94142	1.7109
5.2985	-0.91632	1.7885
5.2985	-0.89121	1.5245
5.2985	-0.86611	1.2246
5.2985	-0.841	0.87739
5.2985	-0.8159	0.26824
5.2985	-0.79079	0.088422
5.2985	-0.76569	0.0087772
5.2985	-0.74059	0.057312
5.2985	-0.71548	0.11597
5.2985	-0.69038	0.15848
5.2985	-0.66527	0.12914
5.2985	-0.64017	0.034603
5.2985	-0.56485	0.046261
5.2985	-0.53975	0.069935
5.2985	-0.51464	0.070947
5.2985	-0.48954	0.049438
5.2985	-0.46444	0.024298
5.2985	-0.38912	0.023903
5.2985	-0.36402	0.048097
5.2985	-0.33891	0.045381
5.2985	-0.31381	0.017367
5.2985	-0.23849	0.017282
5.2985	-0.21339	0.029536
5.2985	-0.18828	0.03542
5.2985	-0.16318	0.026531
5.2985	-0.13808	0.0141
5.2985	-0.062762	0.027249
5.2985	-0.037657	0.035194
5.2985	-0.012552	0.035591
5.2985	0.012552	0.016425
5.2985	0.087866	0.01384
5.2985	0.11297	0.027714
5.2985	0.13808	0.043026
5.2985	0.16318	0.037538
5.2985	0.18828	0.024646
5.2985	0.2636	0.055086
5.2985	0.2887	0.097977
5.2985	0.31381	0.14257
5.2985	0.33891	0.20376
5.2985	0.36402	0.20949
5.2985	0.38912	0.17131
5.2985	0.41423	0.13669
5.2985	0.43933	0.099857
5.2985	0.46444	0.039059
5.2985	0.48954	0.019895
5.3236	-2.272	0.010664
5.3236	-2.2469	0.013825
5.3236	-2.2218	0.013864
5.3236	-2.1967	0.012684
5.3236	-1.1674	0.010668
5.3236	-1.0921	0.0088583
5.3236	-1.0669	0.039651
5.3236	-1.0418	0.10369
5.3236	-1.0167	0.35477
5.3236	-0.99163	0.5321
5.3236	-0.96653	0.72013
5.3236	-0.94142	1.013
5.3236	-0.91632	1.0623
5.3236	-0.89121	0.90588
5.3236	-0.86611	0.72407
5.3236	-0.841	0.51266
5.3236	-0.8159	0.14529
5.3236	-0.79079	0.041684
5.3236	-0.76569	0.01189
5.3236	-0.74059	0.050391
5.3236	-0.71548	0.091647
5.3236	-0.69038	0.11421
5.3236	-0.66527	0.089372
5.3236	-0.64017	0.019967
5.3236	-0.56485	0.042673
5.3236	-0.53975	0.060521
5.3236	-0.51464	0.056266
5.3236	-0.48954	0.037061
5.3236	-0.46444	0.0164
5.3236	-0.41423	0.010119
5.3236	-0.38912	0.025463
5.3236	-0.36402	0.045298
5.3236	-0.33891	0.040963
5.3236	-0.31381	0.013643
5.3236	-0.23849	0.019845
5.3236	-0.21339	0.031696
5.3236	-0.18828	0.034858
5.3236	-0.16318	0.024782
5.3236	-0.13808	0.012005
5.3236	-0.062762	0.032751
5.3236	-0.037657	0.040393
5.3236	-0.012552	0.039229
5.3236	0.012552	0.015888
5.3236	0.087866	0.020743
5.3236	0.11297	0.038205
5.3236	0.13808	0.054406
5.3236	0.16318	0.045436
5.3236	0.18828	0.027794
5.3236	0.23849	0.0087703
5.3236	0.2636	0.092336
5.3236	0.2887	0.15821
5.3236	0.31381	0.22608
5.3236	0.33891	0.31925
5.3236	0.36402	0.32826
5.3236	0.38912	0.27005
5.3236	0.41423	0.21637
5.3236	0.43933	0.15868
5.3236	0.46444	0.06211
5.3236	0.48954	0.031313
5.3236	0.51464	0.01249
5.3486	-1.0669	0.017824
5.3486	-1.0418	0.045561
5.3486	-1.0167	0.15917
5.3486	-0.99163	0.24321
5.3486	-0.96653	0.33547
5.3486	-0.94142	0.48854
5.3486	-0.91632	0.51962
5.3486	-0.89121	0.45143
5.3486	-0.86611	0.36154
5.3486	-0.841	0.25435
5.3486	-0.8159	0.066657
5.3486	-0.79079	0.015949
5.3486	-0.76569	0.011717
5.3486	-0.74059	0.037713
5.3486	-0.71548	0.063097
5.3486	-0.69038	0.072639
5.3486	-0.66527	0.054619
5.3486	-0.64017	0.0097894
5.3486	-0.56485	0.03506
5.3486	-0.53975	0.047045
5.3486	-0.51464	0.040198
5.3486	-0.48954	0.024892
5.3486	-0.46444	0.0096826
5.3486	-0.41423	0.011095
5.3486	-0.38912	0.024327
5.3486	-0.36402	0.038802
5.3486	-0.33891	0.033638
5.3486	-0.31381	0.0095643
5.3486	-0.23849	0.020605
5.3486	-0.21339	0.030975
5.3486	-0.18828	0.031253
5.3486	-0.16318	0.020972
5.3486	-0.13808	0.0090832
5.3486	-0.087866	0.0095822
5.3486	-0.062762	0.035732
5.3486	-0.037657	0.042146
5.3486	-0.012552	0.039243
5.3486	0.012552	0.013632
5.3486	0.087866	0.027651
5.3486	0.11297	0.047337
5.3486	0.13808	0.061816
5.3486	0.16318	0.049134
5.3486	0.18828	0.027578
5.3486	0.23849	0.017387
5.3486	0.2636	0.13633
5.3486	0.2887	0.22561
5.3486	0.31381	0.31625
5.3486	0.33891	0.43861
5.3486	0.36402	0.44915
5.3486	0.38912	0.36781
5.3486	0.41423	0.29407
5.3486	0.43933	0.21493
5.3486	0.46444	0.082621
5.3486	0.48954	0.040688
5.3486	0.51464	0.015411
5.3737	-1.0418	0.0097129
5.3737	-1.0167	0.04123
5.3737	-0.99163	0.068332
5.3737	-0.96653	0.10115
5.3737	-0.94142	0.16497
5.3737	-0.91632	0.18346
5.3737	-0.89121	0.17031
5.3737	-0.86611	0.13921
5.3737	-0.841	0.098763
5.3737	-0.8159	0.024153
5.3737	-0.76569	0.0086539
5.3737	-0.74059	0.023158
5.3737	-0.71548	0.036427
5.3737	-0.69038	0.039409
5.3737	-0.66527	0.028537
5.3737	-0.56485	0.02525
5.3737	-0.53975	0.032314
5.3737	-0.51464	0.025465
5.3737	-0.48954	0.014724
5.3737	-0.41423	0.010554
5.3737	-0.38912	0.020763
5.3737	-0.36402	0.030052
5.3737	-0.33891	0.024983
5.3737	-0.23849	0.019324
5.3737	-0.21339	0.027513
5.3737	-0.18828	0.02548
5.3737	-0.16318	0.016036
5.3737	-0.087866	0.011293
5.3737	-0.062762	0.035487
5.3737	-0.037657	0.040089
5.3737	-0.012552	0.035728
5.3737	0.012552	0.010332
5.3737	0.087866	0.033152
5.3737	0.11297	0.053189
5.3737	0.13808	0.06368
5.3737	0.16318	0.047878
5.3737	0.18828	0.024182
5.3737	0.23849	0.028858
5.3737	0.2636	0.18076
5.3737	0.2887	0.28973
5.3737	0.31381	0.39851
5.3737	0.33891	0.54143
5.3737	0.36402	0.55098
5.3737	0.38912	0.44663
5.3737	0.41423	0.35505
5.3737	0.43933	0.25755
5.3737	0.46444	0.096147
5.3737	0.48954	0.045829
5.3737	0.51464	0.016197
5.3987	-0.94142	0.021417
5.3987	-0.91632	0.029069
5.3987	-0.89121	0.035436
5.3987	-0.86611	0.031721
5.3987	-0.841	0.02399
5.3987	-0.74059	0.010639
5.3987	-0.71548	0.016188
5.3987	-0.69038	0.016995
5.3987	-0.66527	0.011938
5.3987	-0.56485	0.015432
5.3987	-0.53975	0.019012
5.3987	-0.51464	0.0139
5.3987	-0.41423	0.0086708
5.3987	-0.38912	0.015638
5.3987	-0.36402	0.020787
5.3987	-0.33891	0.016585
5.3987	-0.23849	0.016268
5.3987	-0.21339	0.022065
5.3987	-0.18828	0.018772
5.3987	-0.16318	0.010996
5.3987	-0.087866	0.011796
5.3987	-0.062762	0.032044
5.3987	-0.037657	0.034715
5.3987	-0.012552	0.029554
5.3987	0.087866	0.035947
5.3987	0.11297	0.054417
5.3987	0.13808	0.059695
5.3987	0.16318	0.042147
5.3987	0.18828	0.018649
5.3987	0.23849	0.041505
5.3987	0.2636	0.21759
5.3987	0.2887	0.3388
5.3987	0.31381	0.45765
5.3987	0.33891	0.60858
5.3987	0.36402	0.61478
5.3987	0.38912	0.49172
5.3987	0.41423	0.38785
5.3987	0.43933	0.2785
5.3987	0.46444	0.10014
5.3987	0.48954	0.045829
5.3987	0.51464	0.014825
5.3987	0.58996	0.0090692
5.3987	0.61506	0.0084386
5.4238	-1.0418	0.012692
5.4238	-1.0167	0.017718
5.4238	-0.99163	0.016655
5.4238	-0.96653	0.013455
5.4238	-0.53975	0.0089813
5.4238	-0.38912	0.010133
5.4238	-0.36402	0.012549
5.4238	-0.33891	0.0096318
5.4238	-0.23849	0.012127
5.4238	-0.21339	0.015772
5.4238	-0.18828	0.012346
5.4238	-0.087866	0.01091
5.4238	-0.062762	0.026158
5.4238	-0.037657	0.02721
5.4238	-0.012552	0.022077
5.4238	0.087866	0.035289
5.4238	0.11297	0.050684
5.4238	0.13808	0.050883
5.4238	0.16318	0.03343
5.4238	0.18828	0.012458
5.4238	0.21339	0.010218
5.4238	0.23849	0.052701
5.4238	0.2636	0.23909
5.4238	0.2887	0.36269
5.4238	0.31381	0.48173
5.4238	0.33891	0.62722
5.4238	0.36402	0.6287
5.4238	0.38912	0.49532
5.4238	0.41423	0.38711
5.4238	0.43933	0.27466
5.4238	0.46444	0.094481
5.4238	0.48954	0.041172
5.4238	0.51464	0.0119
5.4238	0.58996	0.010961
5.4238	0.61506	0.0097783
5.4489	-1.0921	0.013573
5.4489	-1.0669	0.028579
5.4489	-1.0418	0.047572
5.4489	-1.0167	0.085048
5.4489	-0.99163	0.09654
5.4489	-0.96653	0.099874
5.4489	-0.94142	0.082007
5.4489	-0.91632	0.064838
5.4489	-0.89121	0.02947
5.4489	-0.86611	0.016226
5.4489	-0.062762	0.015504
5.4489	-0.037657	0.015223
5.4489	-0.012552	0.011435
5.4489	0.087866	0.028202
5.4489	0.11297	0.037771
5.4489	0.13808	0.033073
5.4489	0.16318	0.019053
5.4489	0.21339	0.016572
5.4489	0.23849	0.060794
5.4489	0.2636	0.23244
5.4489	0.2887	0.34092
5.4489	0.31381	0.44283
5.4489	0.33891	0.56001
5.4489	0.36402	0.55499
5.4489	0.38912	0.42704
5.4489	0.41423	0.32871
5.4489	0.43933	0.22853
5.4489	0.46444	0.072701
5.4489	0.48954	0.02891
5.4489	0.58996	0.012072
5.4489	0.61506	0.010117
5.4739	-1.0921	0.018979
5.4739	-1.0669	0.038703
5.4739	-1.0418	0.064147
5.4739	-1.0167	0.11788
5.4739	-0.99163	0.13711
5.4739	-0.96653	0.1461
5.4739	-0.94142	0.12909
5.4739	-0.91632	0.10663
5.4739	-0.89121	0.053617
5.4739	-0.86611	0.031202
5.4739	-0.841	0.014883
5.4739	-0.062762	0.0090888
5.4739	-0.037657	0.0086207
5.4739	0.087866	0.020927
5.4739	0.11297	0.026912
5.4739	0.13808	0.021447
5.4739	0.16318	0.011067
5.4739	0.21339	0.018369
5.4739	0.23849	0.057917
5.4739	0.2636	0.20245
5.4739	0.2887	0.2915
5.4739	0.31381	0.374
5.4739	0.33891	0.46533
5.4739	0.36402	0.45809
5.4739	0.38912	0.34724
5.4739	0.41423	0.26453
5.4739	0.43933	0.18124
5.4739	0.46444	0.054309
5.4739	0.48954	0.020011
5.4739	0.58996	0.011453
5.4739	0.61506	0.0092085
5.499	-1.0921	0.020513
5.499	-1.0669	0.040609
5.499	-1.0418	0.066739
5.499	-1.0167	0.12386
5.499	-0.99163	0.14575
5.499	-0.96653	0.15752
5.499	-0.94142	0.14381
5.499	-0.91632	0.12083
5.499	-0.89121	0.062622
5.499	-0.86611	0.036699
5.499	-0.841	0.017327
5.499	0.087866	0.013377
5.499	0.11297	0.016616
5.499	0.13808	0.01203
5.499	0.21339	0.017299
5.499	0.23849	0.048664
5.499	0.2636	0.15825
5.499	0.2887	0.22456
5.499	0.31381	0.28541
5.499	0.33891	0.35084
5.499	0.36402	0.34364
5.499	0.38912	0.25717
5.499	0.41423	0.19396
5.499	0.43933	0.13094
5.499	0.46444	0.036717
5.499	0.48954	0.012334
5.499	0.58996	0.0099009
5.524	-1.0921	0.017463
5.524	-1.0669	0.033822
5.524	-1.0418	0.055305
5.524	-1.0167	0.1037
5.524	-0.99163	0.12321
5.524	-0.96653	0.13461
5.524	-0.94142	0.12565
5.524	-0.91632	0.1066
5.524	-0.89121	0.055729
5.524	-0.86611	0.032388
5.524	-0.841	0.01481
5.524	0.11297	0.008441
5.524	0.21339	0.013643
5.524	0.23849	0.035234
5.524	0.2636	0.10862
5.524	0.2887	0.15271
5.524	0.31381	0.1931
5.524	0.33891	0.23614
5.524	0.36402	0.23075
5.524	0.38912	0.17121
5.524	0.41423	0.12803
5.524	0.43933	0.085195
5.524	0.46444	0.022212
5.5491	-1.0921	0.011215
5.5491	-1.0669	0.021575
5.5491	-1.0418	0.035495
5.5491	-1.0167	0.068315
5.5491	-0.99163	0.082414
5.5491	-0.96653	0.091417
5.5491	-0.94142	0.087663
5.5491	-0.91632	0.075127
5.5491	-0.89121	0.039494
5.5491	-0.86611	0.02264
5.5491	-0.841	0.0099054
5.5491	0.21339	0.0085926
5.5491	0.23849	0.020925
5.5491	0.2636	0.062724
5.5491	0.2887	0.088142
5.5491	0.31381	0.11174
5.5491	0.33891	0.13765
5.5491	0.36402	0.13489
5.5491	0.38912	0.10007
5.5491	0.41423	0.074416
5.5491	0.43933	0.048908
5.5491	0.46444	0.011786
5.5491	1.6192	0.0097358
5.5491	1.6444	0.010599
5.5491	1.6695	0.010585
5.5741	-1.0669	0.0091151
5.5741	-1.0418	0.015586
5.5741	-1.0167	0.032387
5.5741	-0.99163	0.040456
5.5741	-0.96653	0.046326
5.5741	-0.94142	0.046838
5.5741	-0.91632	0.040949
5.5741	-0.89121	0.021933
5.5741	-0.86611	0.012428
5.5741	0.23849	0.0090561
5.5741	0.2636	0.027732
5.5741	0.2887	0.039696
5.5741	0.31381	0.051281
5.5741	0.33891	0.065365
5.5741	0.36402	0.06495
5.5741	0.38912	0.04905
5.5741	0.41423	0.03653
5.5741	0.43933	0.023837
5.5741	1.5941	0.0086789
5.5741	1.6192	0.01355
5.5741	1.6444	0.014684
5.5741	1.6695	0.014621
5.5741	1.6946	0.011277
5.5741	1.7197	0.0086622
5.5992	-0.99163	0.011076
5.5992	-0.96653	0.013958
5.5992	-0.94142	0.016353
5.5992	-0.91632	0.015107
5.5992	-0.89121	0.0086892
5.5992	0.2887	0.010999
5.5992	0.31381	0.015242
5.5992	0.33891	0.021744
5.5992	0.36402	0.022581
5.5992	0.38912	0.018204
5.5992	0.41423	0.013828
5.5992	0.43933	0.0090931
5.5992	1.5941	0.011088
5.5992	1.6192	0.016946
5.5992	1.6444	0.018242
5.5992	1.6695	0.018062
5.5992	1.6946	0.013772
5.5992	1.7197	0.010494
5.6242	1.569	0.0089945
5.6242	1.5941	0.012912
5.6242	1.6192	0.019297
5.6242	1.6444	0.020615
5.6242	1.6695	0.020267
5.6242	1.6946	0.015217
5.6242	1.7197	0.011472
5.6493	1.569	0.0097655
5.6493	1.5941	0.013779
5.6493	1.6192	0.02015
5.6493	1.6444	0.02135
5.6493	1.6695	0.020828
5.6493	1.6946	0.015362
5.6493	1.7197	0.011439
5.6743	-1.0921	0.011554
5.6743	-1.0669	0.016005
5.6743	-1.0418	0.019652
5.6743	-1.0167	0.021992
5.6743	-0.99163	0.020312
5.6743	-0.96653	0.017153
5.6743	-0.94142	0.0091274
5.6743	0.2636	0.010136
5.6743	0.2887	0.010507
5.6743	0.31381	0.0098658
5.6743	1.569	0.0097175
5.6743	1.5941	0.013499
5.6743	1.6192	0.019336
5.6743	1.6444	0.020322
5.6743	1.6695	0.019669
5.6743	1.6946	0.014233
5.6743	1.7197	0.010452
5.6994	-1.0921	0.019527
5.6994	-1.0669	0.027337
5.6994	-1.0418	0.034341
5.6994	-1.0167	0.041263
5.6994	-0.99163	0.039907
5.6994	-0.96653	0.035515
5.6994	-0.94142	0.021399
5.6994	-0.91632	0.014088
5.6994	0.23849	0.011663
5.6994	0.2636	0.018821
5.6994	0.2887	0.020503
5.6994	0.31381	0.020449
5.6994	0.33891	0.015783
5.6994	0.36402	0.012161
5.6994	1.5941	0.01107
5.6994	1.6192	0.015439
5.6994	1.6444	0.01605
5.6994	1.6695	0.015361
5.6994	1.6946	0.010797
5.7244	-1.0921	0.020698
5.7244	-1.0669	0.028935
5.7244	-1.0418	0.03649
5.7244	-1.0167	0.044587
5.7244	-0.99163	0.04359
5.7244	-0.96653	0.03924
5.7244	-0.94142	0.024145
5.7244	-0.91632	0.015995
5.7244	0.23849	0.011953
5.7244	0.2636	0.01948
5.7244	0.2887	0.021466
5.7244	0.31381	0.021711
5.7244	0.33891	0.017305
5.7244	0.36402	0.01356
5.7244	1.5941	0.0085622
5.7244	1.6192	0.011789
5.7244	1.6444	0.012189
5.7244	1.6695	0.011595
5.7495	-1.0921	0.018065
5.7495	-1.0669	0.025221
5.7495	-1.0418	0.0319
5.7495	-1.0167	0.039438
5.7495	-0.99163	0.038824
5.7495	-0.96653	0.035178
5.7495	-0.94142	0.021806
5.7495	-0.91632	0.014398
5.7495	0.23849	0.0097564
5.7495	0.2636	0.016062
5.7495	0.2887	0.01787
5.7495	0.31381	0.018267
5.7495	0.33891	0.014877
5.7495	0.36402	0.011766
5.7745	-1.0921	0.012856
5.7745	-1.0669	0.018006
5.7745	-1.0418	0.022913
5.7745	-1.0167	0.028772
5.7745	-0.99163	0.028542
5.7745	-0.96653	0.026027
5.7745	-0.94142	0.016203
5.7745	-0.91632	0.010623
5.7745	0.2636	0.010422
5.7745	0.2887	0.011769
5.7745	0.31381	0.012213
5.7745	0.33891	0.010213
5.7996	-1.0669	0.010054
5.7996	-1.0418	0.012996
5.7996	-1.0167	0.016829
5.7996	-0.99163	0.016919
5.7996	-0.96653	0.015603
5.7996	-0.94142	0.009816
