-5.3411	0.91226	0.0066876
-5.3411	0.94839	0.0068444
-5.3411	0.98452	0.0050555
-5.3172	0.87613	0.0060297
-5.3172	0.91226	0.0087236
-5.3172	0.94839	0.0089604
-5.3172	0.98452	0.0066255
-5.2934	0.87613	0.0066285
-5.2934	0.91226	0.0096019
-5.2934	0.94839	0.0099223
-5.2934	0.98452	0.0073595
-5.2697	0.87613	0.0060865
-5.2697	0.91226	0.0088797
-5.2697	0.94839	0.0092689
-5.2697	0.98452	0.0069152
-5.2458	0.91226	0.0068006
-5.2458	0.94839	0.0072273
-5.2458	0.98452	0.0054586
-5.1267	0.87613	0.0060523
-5.1267	0.91226	0.0060263
-5.103	0.84	0.005844
-5.103	0.87613	0.0082901
-5.103	0.91226	0.0083618
-5.103	0.94839	0.0060698
-5.0792	0.84	0.0064084
-5.0792	0.87613	0.0091863
-5.0792	0.91226	0.0093953
-5.0792	0.94839	0.0068817
-5.0553	0.84	0.0056701
-5.0553	0.87613	0.0082588
-5.0553	0.91226	0.0085971
-5.0553	0.94839	0.0063709
-5.0315	0.87613	0.0059108
-5.0315	0.91226	0.0063237
-4.9123	0.80387	0.0051263
-4.9123	0.84	0.0070679
-4.9123	0.87613	0.0068665
-4.8886	0.80387	0.0063744
-4.8886	0.84	0.0089653
-4.8886	0.87613	0.0089299
-4.8886	0.91226	0.0063461
-4.8647	0.80387	0.0062182
-4.8647	0.84	0.0089407
-4.8647	0.87613	0.0091187
-4.8647	0.91226	0.0065974
-4.841	0.84	0.0068595
-4.841	0.87613	0.0072376
-4.841	0.91226	0.0053588
-4.7219	0.76774	0.0056825
-4.7219	0.80387	0.0077125
-4.7219	0.84	0.0073817
-4.7219	0.87613	0.0050852
-4.6981	0.76774	0.0086958
-4.6981	0.80387	0.012109
-4.6981	0.84	0.012011
-4.6981	0.87613	0.0085947
-4.6743	0.76774	0.010384
-4.6743	0.80387	0.014678
-4.6743	0.84	0.014865
-4.6743	0.87613	0.010844
-4.6743	0.91226	0.0053467
-4.6504	0.76774	0.009913
-4.6504	0.80387	0.01423
-4.6504	0.84	0.01468
-4.6504	0.87613	0.010862
-4.6504	0.91226	0.0053448
-4.6265	0.76774	0.0074495
-4.6265	0.80387	0.010967
-4.6265	0.84	0.011603
-4.6265	0.87613	0.0087422
-4.6028	0.80387	0.006471
-4.6028	0.84	0.0071263
-4.6028	0.87613	0.0055386
-4.5313	0.76774	0.0050127
-4.5075	0.73162	0.0067576
-4.5075	0.76774	0.0093453
-4.5075	0.80387	0.009097
-4.5075	0.84	0.0063507
-4.4836	0.73162	0.0092421
-4.4836	0.76774	0.013051
-4.4836	0.80387	0.01307
-4.4836	0.84	0.0093747
-4.4599	0.73162	0.0098275
-4.4599	0.76774	0.01415
-4.4599	0.80387	0.014514
-4.4599	0.84	0.010629
-4.4599	0.87613	0.0051744
-4.436	0.73162	0.0080255
-4.436	0.76774	0.011904
-4.436	0.80387	0.012576
-4.436	0.84	0.0094199
-4.4123	0.76774	0.007318
-4.4123	0.80387	0.0081587
-4.4123	0.84	0.0063546
-4.3408	-0.60516	0.0063216
-4.3408	-0.56903	0.0085696
-4.3408	-0.5329	0.0083066
-4.3408	-0.49677	0.0057052
-4.317	-0.60516	0.0087773
-4.317	-0.56903	0.012061
-4.317	-0.5329	0.011912
-4.317	-0.49677	0.0083246
-4.317	0.73162	0.0056014
-4.317	0.76774	0.005302
-4.2932	-0.64129	0.0050558
-4.2932	-0.60516	0.010164
-4.2932	-0.56903	0.014102
-4.2932	-0.5329	0.014093
-4.2932	-0.49677	0.0099148
-4.2932	0.69549	0.0060604
-4.2932	0.73162	0.0088592
-4.2932	0.76774	0.0090451
-4.2932	0.80387	0.0065496
-4.2694	-0.60516	0.0097944
-4.2694	-0.56903	0.013771
-4.2694	-0.5329	0.013935
-4.2694	-0.49677	0.0098482
-4.2694	0.69549	0.0060829
-4.2694	0.73162	0.0093939
-4.2694	0.76774	0.010169
-4.2694	0.80387	0.0077893
-4.2454	-0.60516	0.0076002
-4.2454	-0.56903	0.010976
-4.2454	-0.5329	0.011355
-4.2454	-0.49677	0.0081087
-4.2454	0.73162	0.0065055
-4.2454	0.76774	0.0076468
-4.2454	0.80387	0.0062723
-4.2217	-0.56903	0.0066561
-4.2217	-0.5329	0.0072345
-4.2217	-0.49677	0.0053241
-4.174	0.65936	0.0078772
-4.174	0.69549	0.0098552
-4.174	0.73162	0.0081212
-4.1503	0.62323	0.0088957
-4.1503	0.65936	0.020318
-4.1503	0.69549	0.027717
-4.1503	0.73162	0.025995
-4.1503	0.76774	0.017259
-4.1503	0.80387	0.0078083
-4.1264	-0.60516	0.0055788
-4.1264	0.62323	0.016721
-4.1264	0.65936	0.038072
-4.1264	0.69549	0.053653
-4.1264	0.73162	0.052958
-4.1264	0.76774	0.037536
-4.1264	0.80387	0.018341
-4.1264	0.84	0.0052865
-4.1025	-0.64129	0.0082488
-4.1025	-0.60516	0.01057
-4.1025	-0.56903	0.0096253
-4.1025	-0.5329	0.0060814
-4.1025	0.47871	0.0052839
-4.1025	0.62323	0.02538
-4.1025	0.65936	0.056982
-4.1025	0.69549	0.081344
-4.1025	0.73162	0.082223
-4.1025	0.76774	0.059935
-4.1025	0.80387	0.030023
-4.1025	0.84	0.0086458
-4.0788	-0.67742	0.0057214
-4.0788	-0.64129	0.010975
-4.0788	-0.60516	0.014511
-4.0788	-0.56903	0.013728
-4.0788	-0.5329	0.0090273
-4.0788	0.5871	0.0067137
-4.0788	0.62323	0.031961
-4.0788	0.65936	0.070698
-4.0788	0.69549	0.10159
-4.0788	0.73162	0.1041
-4.0788	0.76774	0.076928
-4.0788	0.80387	0.038721
-4.0788	0.84	0.010802
-4.0549	-0.67742	0.0058797
-4.0549	-0.64129	0.011471
-4.0549	-0.60516	0.01556
-4.0549	-0.56903	0.015123
-4.0549	-0.5329	0.01016
-4.0549	0.5871	0.0075816
-4.0549	0.62323	0.033404
-4.0549	0.65936	0.073243
-4.0549	0.69549	0.1061
-4.0549	0.73162	0.11005
-4.0549	0.76774	0.082092
-4.0549	0.80387	0.041187
-4.0549	0.84	0.010945
-4.0312	-0.64129	0.0092844
-4.0312	-0.60516	0.013061
-4.0312	-0.56903	0.01311
-4.0312	-0.5329	0.008996
-4.0312	0.5871	0.0067008
-4.0312	0.62323	0.028153
-4.0312	0.65936	0.062115
-4.0312	0.69549	0.091603
-4.0312	0.73162	0.096781
-4.0312	0.76774	0.073115
-4.0312	0.80387	0.036548
-4.0312	0.84	0.009159
-4.0312	0.94839	0.0056533
-4.0074	-0.64129	0.0052729
-4.0074	-0.60516	0.0080095
-4.0074	-0.56903	0.0085461
-4.0074	-0.5329	0.0061094
-4.0074	0.62323	0.017559
-4.0074	0.65936	0.040398
-4.0074	0.69549	0.062245
-4.0074	0.73162	0.068299
-4.0074	0.76774	0.052993
-4.0074	0.80387	0.026626
-4.0074	0.84	0.0062739
-4.0074	0.94839	0.0056556
-3.9835	0.62323	0.0062016
-3.9835	0.65936	0.01665
-3.9835	0.69549	0.028966
-3.9835	0.73162	0.034884
-3.9835	0.76774	0.028941
-3.9835	0.80387	0.015041
-3.9596	0.69549	0.0056827
-3.9596	0.73162	0.0093049
-3.9596	0.76774	0.0095067
-3.9596	0.80387	0.0056259
-3.9359	0.62323	0.0062061
-3.9359	0.65936	0.005817
-3.9121	-0.67742	0.0077943
-3.9121	-0.64129	0.0093407
-3.9121	-0.60516	0.0077867
-3.9121	0.5871	0.012138
-3.9121	0.62323	0.024315
-3.9121	0.65936	0.029546
-3.9121	0.69549	0.024257
-3.9121	0.73162	0.013523
-3.9121	1.96	0.0061711
-3.9121	1.9962	0.0062424
-3.8883	-0.71355	0.007181
-3.8883	-0.67742	0.013432
-3.8883	-0.64129	0.017061
-3.8883	-0.60516	0.015355
-3.8883	-0.56903	0.0095217
-3.8883	0.44258	0.0055954
-3.8883	0.55097	0.0050775
-3.8883	0.5871	0.024167
-3.8883	0.62323	0.050169
-3.8883	0.65936	0.065966
-3.8883	0.69549	0.060643
-3.8883	0.73162	0.039365
-3.8883	0.76774	0.016947
-3.8883	1.9239	0.0065964
-3.8883	1.96	0.010157
-3.8883	1.9962	0.010561
-3.8883	2.0323	0.0078602
-3.8644	-0.71355	0.0090405
-3.8644	-0.67742	0.017259
-3.8644	-0.64129	0.022664
-3.8644	-0.60516	0.021207
-3.8644	-0.56903	0.013677
-3.8644	-0.5329	0.0052584
-3.8644	0.44258	0.0055208
-3.8644	0.55097	0.0080269
-3.8644	0.5871	0.035309
-3.8644	0.62323	0.073878
-3.8644	0.65936	0.10053
-3.8644	0.69549	0.096996
-3.8644	0.73162	0.066721
-3.8644	0.76774	0.030595
-3.8644	0.80387	0.0073703
-3.8644	1.9239	0.0088889
-3.8644	1.96	0.013679
-3.8644	1.9962	0.014415
-3.8644	2.0323	0.010926
-3.8644	2.0684	0.0058511
-3.8405	-0.71355	0.0087845
-3.8405	-0.67742	0.017221
-3.8405	-0.64129	0.023359
-3.8405	-0.60516	0.022555
-3.8405	-0.56903	0.014895
-3.8405	-0.5329	0.0057108
-3.8405	0.55097	0.0096995
-3.8405	0.5871	0.040034
-3.8405	0.62323	0.084103
-3.8405	0.65936	0.11708
-3.8405	0.69549	0.11634
-3.8405	0.73162	0.082483
-3.8405	0.76774	0.038678
-3.8405	0.80387	0.0091565
-3.8405	1.9239	0.010027
-3.8405	1.96	0.015427
-3.8405	1.9962	0.016423
-3.8405	2.0323	0.012596
-3.8405	2.0684	0.0067886
-3.8168	-0.71355	0.0061625
-3.8168	-0.67742	0.012829
-3.8168	-0.64129	0.018383
-3.8168	-0.60516	0.018574
-3.8168	-0.56903	0.012635
-3.8168	0.55097	0.0088852
-3.8168	0.5871	0.03531
-3.8168	0.62323	0.075282
-3.8168	0.65936	0.10767
-3.8168	0.69549	0.1101
-3.8168	0.73162	0.079968
-3.8168	0.76774	0.037854
-3.8168	0.80387	0.0085591
-3.8168	0.91226	0.0057496
-3.8168	1.9239	0.0092111
-3.8168	1.96	0.014273
-3.8168	1.9962	0.015411
-3.8168	2.0323	0.011977
-3.8168	2.0684	0.0064856
-3.793	-0.67742	0.0056295
-3.793	-0.64129	0.0092635
-3.793	-0.60516	0.010372
-3.793	-0.56903	0.0075565
-3.793	0.55097	0.0055777
-3.793	0.5871	0.02258
-3.793	0.62323	0.050742
-3.793	0.65936	0.076596
-3.793	0.69549	0.082135
-3.793	0.73162	0.061864
-3.793	0.76774	0.029712
-3.793	0.80387	0.0063544
-3.793	0.91226	0.0064395
-3.793	1.9239	0.0066338
-3.793	1.96	0.010538
-3.793	1.9962	0.011684
-3.793	2.0323	0.0092763
-3.793	2.0684	0.0050705
-3.7691	0.5871	0.0072567
-3.7691	0.62323	0.019686
-3.7691	0.65936	0.034428
-3.7691	0.69549	0.041344
-3.7691	0.73162	0.033851
-3.7691	0.76774	0.017054
-3.7691	0.91226	0.005588
-3.7691	1.96	0.0058972
-3.7691	1.9962	0.0069698
-3.7691	2.0323	0.0058123
-3.7454	0.65936	0.004972
-3.7454	0.69549	0.009057
-3.7454	0.73162	0.009741
-3.7454	0.76774	0.0058229
-3.7215	-2.0142	0.0056
-3.7215	-0.74968	0.0078736
-3.7215	-0.71355	0.013551
-3.7215	-0.67742	0.015288
-3.7215	-0.64129	0.011868
-3.7215	-0.60516	0.0061602
-3.7215	0.55097	0.0066762
-3.7215	0.5871	0.011645
-3.7215	0.62323	0.011121
-3.7215	0.65936	0.0062497
-3.6977	-2.0503	0.0094507
-3.6977	-2.0142	0.011944
-3.6977	-1.9781	0.010631
-3.6977	-1.942	0.0066985
-3.6977	-0.74968	0.01591
-3.6977	-0.71355	0.028807
-3.6977	-0.67742	0.03525
-3.6977	-0.64129	0.030539
-3.6977	-0.60516	0.018307
-3.6977	-0.56903	0.0067565
-3.6977	0.40645	0.0076861
-3.6977	0.44258	0.0055599
-3.6977	0.55097	0.022117
-3.6977	0.5871	0.044052
-3.6977	0.62323	0.053457
-3.6977	0.65936	0.043874
-3.6977	0.69549	0.024386
-3.6977	0.73162	0.0084266
-3.6738	-2.0865	0.0094754
-3.6738	-2.0503	0.018151
-3.6738	-2.0142	0.022934
-3.6738	-1.9781	0.020588
-3.6738	-1.942	0.013117
-3.6738	-1.9058	0.005497
-3.6738	-0.7858	0.0078358
-3.6738	-0.74968	0.024614
-3.6738	-0.71355	0.045302
-3.6738	-0.67742	0.057271
-3.6738	-0.64129	0.051731
-3.6738	-0.60516	0.032468
-3.6738	-0.56903	0.012443
-3.6738	0.40645	0.0088596
-3.6738	0.44258	0.0060299
-3.6738	0.51484	0.0086271
-3.6738	0.55097	0.040257
-3.6738	0.5871	0.083024
-3.6738	0.62323	0.10869
-3.6738	0.65936	0.099365
-3.6738	0.69549	0.063884
-3.6738	0.73162	0.026954
-3.6738	0.76774	0.0058579
-3.6738	1.8878	0.0057289
-3.6738	1.9239	0.0079647
-3.6738	1.96	0.0073641
-3.65	-2.0865	0.016297
-3.65	-2.0503	0.030539
-3.65	-2.0142	0.038373
-3.65	-1.9781	0.034446
-3.65	-1.942	0.021914
-3.65	-1.9058	0.009051
-3.65	-0.7858	0.010913
-3.65	-0.74968	0.033646
-3.65	-0.71355	0.06263
-3.65	-0.67742	0.080831
-3.65	-0.64129	0.074679
-3.65	-0.60516	0.047699
-3.65	-0.56903	0.018184
-3.65	0.40645	0.0079045
-3.65	0.44258	0.0049794
-3.65	0.51484	0.012299
-3.65	0.55097	0.053226
-3.65	0.5871	0.11054
-3.65	0.62323	0.1494
-3.65	0.65936	0.14286
-3.65	0.69549	0.096896
-3.65	0.73162	0.043299
-3.65	0.76774	0.0097927
-3.65	1.8878	0.0093274
-3.65	1.9239	0.013507
-3.65	1.96	0.013325
-3.65	1.9962	0.0093439
-3.6263	-2.1226	0.0064445
-3.6263	-2.0865	0.021161
-3.6263	-2.0503	0.038776
-3.6263	-2.0142	0.048307
-3.6263	-1.9781	0.043153
-3.6263	-1.942	0.027227
-3.6263	-1.9058	0.010968
-3.6263	-0.7858	0.01155
-3.6263	-0.74968	0.035915
-3.6263	-0.71355	0.068777
-3.6263	-0.67742	0.091606
-3.6263	-0.64129	0.087043
-3.6263	-0.60516	0.056568
-3.6263	-0.56903	0.02125
-3.6263	-0.46064	0.0076158
-3.6263	-0.42451	0.0073456
-3.6263	0.40645	0.0057971
-3.6263	0.51484	0.014776
-3.6263	0.55097	0.060533
-3.6263	0.5871	0.12658
-3.6263	0.62323	0.17505
-3.6263	0.65936	0.17211
-3.6263	0.69549	0.11992
-3.6263	0.73162	0.054492
-3.6263	0.76774	0.011954
-3.6263	0.87613	0.0061049
-3.6263	1.8878	0.010622
-3.6263	1.9239	0.01565
-3.6263	1.96	0.015934
-3.6263	1.9962	0.011613
-3.6263	2.0323	0.0058705
-3.6025	-2.1226	0.0073626
-3.6025	-2.0865	0.022606
-3.6025	-2.0503	0.040276
-3.6025	-2.0142	0.049362
-3.6025	-1.9781	0.043488
-3.6025	-1.942	0.026923
-3.6025	-1.9058	0.010426
-3.6025	-0.7858	0.0068713
-3.6025	-0.74968	0.022916
-3.6025	-0.71355	0.047113
-3.6025	-0.67742	0.066782
-3.6025	-0.64129	0.066722
-3.6025	-0.60516	0.044773
-3.6025	-0.56903	0.016653
-3.6025	-0.46064	0.0090963
-3.6025	-0.42451	0.0084636
-3.6025	-0.28	0.0050768
-3.6025	0.51484	0.013172
-3.6025	0.55097	0.053649
-3.6025	0.5871	0.11624
-3.6025	0.62323	0.16764
-3.6025	0.65936	0.17146
-3.6025	0.69549	0.12332
-3.6025	0.73162	0.056766
-3.6025	0.76774	0.011802
-3.6025	0.84	0.0065958
-3.6025	0.87613	0.00938
-3.6025	1.8878	0.010249
-3.6025	1.9239	0.015285
-3.6025	1.96	0.015886
-3.6025	1.9962	0.011829
-3.6025	2.0323	0.0060748
-3.5786	-2.1226	0.0084037
-3.5786	-2.0865	0.024197
-3.5786	-2.0503	0.041787
-3.5786	-2.0142	0.050136
-3.5786	-1.9781	0.043287
-3.5786	-1.942	0.026083
-3.5786	-1.9058	0.0095932
-3.5786	-0.74968	0.0064428
-3.5786	-0.71355	0.016597
-3.5786	-0.67742	0.027654
-3.5786	-0.64129	0.031024
-3.5786	-0.60516	0.022442
-3.5786	-0.56903	0.0084518
-3.5786	-0.46064	0.0073709
-3.5786	-0.42451	0.0066418
-3.5786	-0.28	0.0055128
-3.5786	0.51484	0.0057046
-3.5786	0.55097	0.02605
-3.5786	0.5871	0.063312
-3.5786	0.62323	0.10071
-3.5786	0.65936	0.11162
-3.5786	0.69549	0.085338
-3.5786	0.73162	0.040553
-3.5786	0.76774	0.0079753
-3.5786	0.84	0.0075141
-3.5786	0.87613	0.010227
-3.5786	0.91226	0.0052659
-3.5786	1.8878	0.0084785
-3.5786	1.9239	0.01306
-3.5786	1.96	0.014041
-3.5786	1.9962	0.010763
-3.5786	2.0323	0.0056231
-3.5548	-2.1226	0.0098009
-3.5548	-2.0865	0.026725
-3.5548	-2.0503	0.044941
-3.5548	-2.0142	0.052921
-3.5548	-1.9781	0.044834
-3.5548	-1.942	0.026281
-3.5548	-1.9058	0.0091338
-3.5548	-0.64129	0.0063867
-3.5548	-0.60516	0.0061923
-3.5548	0.5871	0.012224
-3.5548	0.62323	0.02678
-3.5548	0.65936	0.036962
-3.5548	0.69549	0.032856
-3.5548	0.73162	0.01706
-3.5548	0.84	0.0054961
-3.5548	0.87613	0.0072904
-3.5548	1.9239	0.0076855
-3.5548	1.96	0.0089754
-3.5548	1.9962	0.007352
-3.531	-2.1226	0.0098994
-3.531	-2.0865	0.025889
-3.531	-2.0503	0.042744
-3.531	-2.0142	0.049741
-3.531	-1.9781	0.041589
-3.531	-1.942	0.023819
-3.531	-1.9058	0.0078183
-3.531	-0.82193	0.0052486
-3.531	-0.7858	0.015104
-3.531	-0.74968	0.021816
-3.531	-0.71355	0.01941
-3.531	-0.67742	0.010809
-3.531	0.045162	0.0060103
-3.531	0.18968	0.0056142
-3.531	0.2258	0.0059935
-3.531	0.37032	0.0068539
-3.531	0.51484	0.0064173
-3.531	0.55097	0.009151
-3.531	0.5871	0.0064502
-3.5072	-2.1226	0.0081681
-3.5072	-2.0865	0.020567
-3.5072	-2.0503	0.033364
-3.5072	-2.0142	0.038347
-3.5072	-1.9781	0.031597
-3.5072	-1.942	0.017626
-3.5072	-1.9058	0.0054158
-3.5072	-0.96645	0.0062176
-3.5072	-0.93032	0.0076238
-3.5072	-0.82193	0.018721
-3.5072	-0.7858	0.056352
-3.5072	-0.74968	0.09285
-3.5072	-0.71355	0.10169
-3.5072	-0.67742	0.077519
-3.5072	-0.64129	0.040014
-3.5072	-0.60516	0.012373
-3.5072	0.045162	0.0073125
-3.5072	0.18968	0.0094335
-3.5072	0.2258	0.0096846
-3.5072	0.3342	0.0089697
-3.5072	0.37032	0.016668
-3.5072	0.40645	0.011747
-3.5072	0.47871	0.0071167
-3.5072	0.51484	0.035051
-3.5072	0.55097	0.065367
-3.5072	0.5871	0.072699
-3.5072	0.62323	0.053428
-3.5072	0.65936	0.025736
-3.5072	0.69549	0.007355
-3.4833	-2.1226	0.0064843
-3.4833	-2.0865	0.015767
-3.4833	-2.0503	0.025114
-3.4833	-2.0142	0.028437
-3.4833	-1.9781	0.022995
-3.4833	-1.942	0.01241
-3.4833	-0.96645	0.0097937
-3.4833	-0.93032	0.011254
-3.4833	-0.82193	0.040881
-3.4833	-0.7858	0.12095
-3.4833	-0.74968	0.20616
-3.4833	-0.71355	0.24007
-3.4833	-0.67742	0.19929
-3.4833	-0.64129	0.11495
-3.4833	-0.60516	0.040798
-3.4833	-0.56903	0.0056867
-3.4833	0.045162	0.0062888
-3.4833	0.18968	0.011747
-3.4833	0.2258	0.01162
-3.4833	0.3342	0.016091
-3.4833	0.37032	0.028701
-3.4833	0.40645	0.019375
-3.4833	0.47871	0.021286
-3.4833	0.51484	0.099156
-3.4833	0.55097	0.19721
-3.4833	0.5871	0.24639
-3.4833	0.62323	0.21385
-3.4833	0.65936	0.13023
-3.4833	0.69549	0.052286
-3.4833	0.73162	0.011213
-3.4595	-2.1226	0.0053328
-3.4595	-2.0865	0.01269
-3.4595	-2.0503	0.020024
-3.4595	-2.0142	0.022481
-3.4595	-1.9781	0.017912
-3.4595	-1.942	0.0093581
-3.4595	-1.0026	0.0050365
-3.4595	-0.96645	0.0141
-3.4595	-0.93032	0.014841
-3.4595	-0.85806	0.0085904
-3.4595	-0.82193	0.074194
-3.4595	-0.7858	0.21017
-3.4595	-0.74968	0.35657
-3.4595	-0.71355	0.42007
-3.4595	-0.67742	0.35596
-3.4595	-0.64129	0.21029
-3.4595	-0.60516	0.075617
-3.4595	-0.56903	0.0097438
-3.4595	-0.49677	0.011143
-3.4595	-0.46064	0.010561
-3.4595	0.18968	0.0092305
-3.4595	0.2258	0.0088658
-3.4595	0.3342	0.018366
-3.4595	0.37032	0.031421
-3.4595	0.40645	0.019925
-3.4595	0.47871	0.037586
-3.4595	0.51484	0.1643
-3.4595	0.55097	0.33464
-3.4595	0.5871	0.44048
-3.4595	0.62323	0.40971
-3.4595	0.65936	0.27113
-3.4595	0.69549	0.11958
-3.4595	0.73162	0.027928
-3.4595	0.84	0.005523
-3.4595	1.8516	0.0099002
-3.4595	1.8878	0.013549
-3.4595	1.9239	0.012347
-3.4595	1.96	0.0078376
-3.4357	-2.0865	0.0095336
-3.4357	-2.0503	0.015269
-3.4357	-2.0142	0.017335
-3.4357	-1.9781	0.013827
-3.4357	-1.942	0.0070729
-3.4357	-1.0026	0.0086939
-3.4357	-0.96645	0.021684
-3.4357	-0.93032	0.020646
-3.4357	-0.85806	0.019297
-3.4357	-0.82193	0.138
-3.4357	-0.7858	0.37125
-3.4357	-0.74968	0.61706
-3.4357	-0.71355	0.72035
-3.4357	-0.67742	0.60705
-3.4357	-0.64129	0.35524
-3.4357	-0.60516	0.1236
-3.4357	-0.56903	0.013513
-3.4357	-0.5329	0.0073038
-3.4357	-0.49677	0.026946
-3.4357	-0.46064	0.024833
-3.4357	-0.42451	0.008447
-3.4357	-0.31613	0.0061115
-3.4357	0.3342	0.014722
-3.4357	0.37032	0.024194
-3.4357	0.40645	0.014131
-3.4357	0.47871	0.044749
-3.4357	0.51484	0.18336
-3.4357	0.55097	0.37503
-3.4357	0.5871	0.50575
-3.4357	0.62323	0.48601
-3.4357	0.65936	0.33313
-3.4357	0.69549	0.15121
-3.4357	0.73162	0.034915
-3.4357	0.80387	0.0077745
-3.4357	0.84	0.012595
-3.4357	0.87613	0.0070391
-3.4357	1.8155	0.0073484
-3.4357	1.8516	0.018232
-3.4357	1.8878	0.026058
-3.4357	1.9239	0.025347
-3.4357	1.96	0.017466
-3.4357	1.9962	0.0082725
-3.4119	-2.0503	0.0080724
-3.4119	-2.0142	0.0096731
-3.4119	-1.9781	0.0079991
-3.4119	-1.1471	0.0051223
-3.4119	-1.111	0.0064177
-3.4119	-1.0026	0.01561
-3.4119	-0.96645	0.035087
-3.4119	-0.93032	0.030087
-3.4119	-0.85806	0.044186
-3.4119	-0.82193	0.26999
-3.4119	-0.7858	0.69199
-3.4119	-0.74968	1.1242
-3.4119	-0.71355	1.2935
-3.4119	-0.67742	1.0751
-3.4119	-0.64129	0.61569
-3.4119	-0.60516	0.20314
-3.4119	-0.56903	0.017807
-3.4119	-0.5329	0.020277
-3.4119	-0.49677	0.061204
-3.4119	-0.46064	0.052942
-3.4119	-0.42451	0.01648
-3.4119	-0.35226	0.010794
-3.4119	-0.31613	0.018151
-3.4119	-0.28	0.010911
-3.4119	0.3342	0.0092442
-3.4119	0.37032	0.015104
-3.4119	0.40645	0.0081432
-3.4119	0.47871	0.044518
-3.4119	0.51484	0.17326
-3.4119	0.55097	0.35486
-3.4119	0.5871	0.48558
-3.4119	0.62323	0.4748
-3.4119	0.65936	0.33
-3.4119	0.69549	0.14971
-3.4119	0.73162	0.032604
-3.4119	0.80387	0.012122
-3.4119	0.84	0.01829
-3.4119	0.87613	0.01007
-3.4119	1.8155	0.0080809
-3.4119	1.8516	0.020022
-3.4119	1.8878	0.029582
-3.4119	1.9239	0.030123
-3.4119	1.96	0.021846
-3.4119	1.9962	0.010889
-3.388	-1.1471	0.006418
-3.388	-1.111	0.0074112
-3.388	-1.0026	0.023948
-3.388	-0.96645	0.049427
-3.388	-0.93032	0.0383
-3.388	-0.85806	0.088353
-3.388	-0.82193	0.47806
-3.388	-0.7858	1.1832
-3.388	-0.74968	1.8957
-3.388	-0.71355	2.1643
-3.388	-0.67742	1.7827
-3.388	-0.64129	1.0008
-3.388	-0.60516	0.31144
-3.388	-0.56903	0.021126
-3.388	-0.5329	0.050708
-3.388	-0.49677	0.1289
-3.388	-0.46064	0.10406
-3.388	-0.42451	0.028821
-3.388	-0.35226	0.029549
-3.388	-0.31613	0.045745
-3.388	-0.28	0.026119
-3.388	-0.17162	0.016507
-3.388	-0.13549	0.01595
-3.388	-0.099357	0.0052433
-3.388	0.0090325	0.0064931
-3.388	0.37032	0.006391
-3.388	0.47871	0.037669
-3.388	0.51484	0.14574
-3.388	0.55097	0.30682
-3.388	0.5871	0.43292
-3.388	0.62323	0.43449
-3.388	0.65936	0.30689
-3.388	0.69549	0.13844
-3.388	0.73162	0.0278
-3.388	0.80387	0.016791
-3.388	0.84	0.023345
-3.388	0.87613	0.012218
-3.388	0.98452	0.005775
-3.388	1.0207	0.0054364
-3.388	1.8155	0.0059184
-3.388	1.8516	0.01472
-3.388	1.8878	0.022371
-3.388	1.9239	0.023575
-3.388	1.96	0.017684
-3.388	1.9962	0.0090496
-3.3643	-1.1471	0.0052756
-3.3643	-1.111	0.0056217
-3.3643	-1.0026	0.02448
-3.3643	-0.96645	0.046919
-3.3643	-0.93032	0.032739
-3.3643	-0.85806	0.11923
-3.3643	-0.82193	0.58787
-3.3643	-0.7858	1.423
-3.3643	-0.74968	2.2711
-3.3643	-0.71355	2.5963
-3.3643	-0.67742	2.1367
-3.3643	-0.64129	1.1839
-3.3643	-0.60516	0.3474
-3.3643	-0.56903	0.018396
-3.3643	-0.5329	0.091221
-3.3643	-0.49677	0.20216
-3.3643	-0.46064	0.15338
-3.3643	-0.42451	0.037271
-3.3643	-0.38838	0.0074535
-3.3643	-0.35226	0.060624
-3.3643	-0.31613	0.086976
-3.3643	-0.28	0.046598
-3.3643	-0.20774	0.013566
-3.3643	-0.17162	0.042056
-3.3643	-0.13549	0.039317
-3.3643	-0.099357	0.01209
-3.3643	-0.027097	0.015269
-3.3643	0.0090325	0.024777
-3.3643	0.045162	0.014763
-3.3643	0.15355	0.0085815
-3.3643	0.18968	0.0079445
-3.3643	0.47871	0.018857
-3.3643	0.51484	0.084798
-3.3643	0.55097	0.20306
-3.3643	0.5871	0.31679
-3.3643	0.62323	0.34287
-3.3643	0.65936	0.25486
-3.3643	0.69549	0.11689
-3.3643	0.73162	0.021623
-3.3643	0.80387	0.021763
-3.3643	0.84	0.028236
-3.3643	0.87613	0.013944
-3.3643	0.98452	0.0092485
-3.3643	1.0207	0.0083105
-3.3643	1.8516	0.0083356
-3.3643	1.8878	0.013361
-3.3643	1.9239	0.01477
-3.3643	1.96	0.01151
-3.3643	1.9962	0.0060222
-3.3405	-1.0026	0.017949
-3.3405	-0.96645	0.031705
-3.3405	-0.93032	0.019422
-3.3405	-0.85806	0.11053
-3.3405	-0.82193	0.49953
-3.3405	-0.7858	1.1766
-3.3405	-0.74968	1.8578
-3.3405	-0.71355	2.1108
-3.3405	-0.67742	1.722
-3.3405	-0.64129	0.93273
-3.3405	-0.60516	0.2535
-3.3405	-0.56903	0.011794
-3.3405	-0.5329	0.10495
-3.3405	-0.49677	0.20574
-3.3405	-0.46064	0.14587
-3.3405	-0.42451	0.030185
-3.3405	-0.38838	0.012568
-3.3405	-0.35226	0.07881
-3.3405	-0.31613	0.10496
-3.3405	-0.28	0.052106
-3.3405	-0.20774	0.024159
-3.3405	-0.17162	0.065952
-3.3405	-0.13549	0.058772
-3.3405	-0.099357	0.016207
-3.3405	-0.027097	0.0331
-3.3405	0.0090325	0.051607
-3.3405	0.045162	0.030056
-3.3405	0.11742	0.0089565
-3.3405	0.15355	0.03022
-3.3405	0.18968	0.030143
-3.3405	0.2258	0.010165
-3.3405	0.29807	0.010454
-3.3405	0.3342	0.017363
-3.3405	0.37032	0.010024
-3.3405	0.51484	0.010525
-3.3405	0.55097	0.044295
-3.3405	0.5871	0.10508
-3.3405	0.62323	0.1501
-3.3405	0.65936	0.13413
-3.3405	0.69549	0.068444
-3.3405	0.73162	0.012218
-3.3405	0.80387	0.022685
-3.3405	0.84	0.028573
-3.3405	0.87613	0.013565
-3.3405	0.98452	0.013154
-3.3405	1.0207	0.011322
-3.3405	1.1651	0.0067228
-3.3405	1.8878	0.0056731
-3.3405	1.9239	0.0071547
-3.3405	1.96	0.0061262
-3.3166	-1.0026	0.012138
-3.3166	-0.96645	0.019638
-3.3166	-0.93032	0.010266
-3.3166	-0.85806	0.091212
-3.3166	-0.82193	0.37888
-3.3166	-0.7858	0.86223
-3.3166	-0.74968	1.3338
-3.3166	-0.71355	1.4894
-3.3166	-0.67742	1.1894
-3.3166	-0.64129	0.61998
-3.3166	-0.60516	0.15173
-3.3166	-0.56903	0.0086635
-3.3166	-0.5329	0.096487
-3.3166	-0.49677	0.16736
-3.3166	-0.46064	0.10893
-3.3166	-0.42451	0.018277
-3.3166	-0.38838	0.015753
-3.3166	-0.35226	0.076956
-3.3166	-0.31613	0.093968
-3.3166	-0.28	0.04205
-3.3166	-0.20774	0.029829
-3.3166	-0.17162	0.071536
-3.3166	-0.13549	0.059369
-3.3166	-0.099357	0.01395
-3.3166	-0.063226	0.0066167
-3.3166	-0.027097	0.045514
-3.3166	0.0090325	0.066341
-3.3166	0.045162	0.036127
-3.3166	0.11742	0.017996
-3.3166	0.15355	0.054275
-3.3166	0.18968	0.053157
-3.3166	0.2258	0.01681
-3.3166	0.29807	0.032788
-3.3166	0.3342	0.058073
-3.3166	0.37032	0.038573
-3.3166	0.40645	0.0052763
-3.3166	0.44258	0.013448
-3.3166	0.47871	0.059664
-3.3166	0.51484	0.087477
-3.3166	0.55097	0.067038
-3.3166	0.5871	0.028775
-3.3166	0.62323	0.011903
-3.3166	0.65936	0.014396
-3.3166	0.69549	0.012214
-3.3166	0.80387	0.012412
-3.3166	0.84	0.016655
-3.3166	0.87613	0.0080681
-3.3166	0.94839	0.0051616
-3.3166	0.98452	0.012942
-3.3166	1.0207	0.010981
-3.3166	1.129	0.006474
-3.3166	1.1651	0.0093545
-3.3166	1.3096	0.005681
-3.3166	1.3458	0.0052088
-3.2927	-1.0026	0.008531
-3.2927	-0.96645	0.012654
-3.2927	-0.93032	0.0055018
-3.2927	-0.89419	0.0051356
-3.2927	-0.85806	0.07805
-3.2927	-0.82193	0.30068
-3.2927	-0.7858	0.66155
-3.2927	-0.74968	1.0009
-3.2927	-0.71355	1.095
-3.2927	-0.67742	0.85178
-3.2927	-0.64129	0.42382
-3.2927	-0.60516	0.091231
-3.2927	-0.56903	0.009201
-3.2927	-0.5329	0.08862
-3.2927	-0.49677	0.13669
-3.2927	-0.46064	0.080728
-3.2927	-0.42451	0.010474
-3.2927	-0.38838	0.018655
-3.2927	-0.35226	0.072863
-3.2927	-0.31613	0.080973
-3.2927	-0.28	0.031888
-3.2927	-0.20774	0.033785
-3.2927	-0.17162	0.07119
-3.2927	-0.13549	0.054003
-3.2927	-0.099357	0.010267
-3.2927	-0.063226	0.010007
-3.2927	-0.027097	0.053692
-3.2927	0.0090325	0.071781
-3.2927	0.045162	0.035265
-3.2927	0.11742	0.027622
-3.2927	0.15355	0.073184
-3.2927	0.18968	0.067346
-3.2927	0.2258	0.018483
-3.2927	0.26194	0.0071584
-3.2927	0.29807	0.06094
-3.2927	0.3342	0.10378
-3.2927	0.37032	0.067449
-3.2927	0.40645	0.0075765
-3.2927	0.44258	0.047674
-3.2927	0.47871	0.21535
-3.2927	0.51484	0.38951
-3.2927	0.55097	0.42898
-3.2927	0.5871	0.3175
-3.2927	0.62323	0.15727
-3.2927	0.65936	0.047664
-3.2927	0.69549	0.0068702
-3.2927	0.98452	0.0065402
-3.2927	1.0207	0.005744
-3.2927	1.129	0.0054776
-3.2927	1.1651	0.0077607
-3.2927	1.3096	0.0068015
-3.2927	1.3458	0.0060971
-3.2927	1.4903	0.0059826
-3.2927	1.8155	0.0064094
-3.2927	1.8516	0.0071229
-3.2689	-1.0026	0.006289
-3.2689	-0.96645	0.0086096
-3.2689	-0.89419	0.0060261
-3.2689	-0.85806	0.07175
-3.2689	-0.82193	0.25965
-3.2689	-0.7858	0.55545
-3.2689	-0.74968	0.82466
-3.2689	-0.71355	0.88557
-3.2689	-0.67742	0.67106
-3.2689	-0.64129	0.31756
-3.2689	-0.60516	0.058755
-3.2689	-0.56903	0.01222
-3.2689	-0.5329	0.088324
-3.2689	-0.49677	0.12215
-3.2689	-0.46064	0.064978
-3.2689	-0.42451	0.0062869
-3.2689	-0.38838	0.023249
-3.2689	-0.35226	0.07475
-3.2689	-0.31613	0.0755
-3.2689	-0.28	0.025648
-3.2689	-0.20774	0.040469
-3.2689	-0.17162	0.075409
-3.2689	-0.13549	0.05174
-3.2689	-0.099357	0.0076009
-3.2689	-0.063226	0.015242
-3.2689	-0.027097	0.065444
-3.2689	0.0090325	0.079666
-3.2689	0.045162	0.034446
-3.2689	0.11742	0.04127
-3.2689	0.15355	0.096045
-3.2689	0.18968	0.08127
-3.2689	0.2258	0.018327
-3.2689	0.26194	0.015086
-3.2689	0.29807	0.099487
-3.2689	0.3342	0.15748
-3.2689	0.37032	0.09447
-3.2689	0.40645	0.0086245
-3.2689	0.44258	0.11383
-3.2689	0.47871	0.47631
-3.2689	0.51484	0.89144
-3.2689	0.55097	1.0651
-3.2689	0.5871	0.89273
-3.2689	0.62323	0.52896
-3.2689	0.65936	0.20782
-3.2689	0.69549	0.043576
-3.2689	1.3096	0.0049785
-3.2689	1.4903	0.006095
-3.2689	1.6349	0.0065764
-3.2689	1.6709	0.0066992
-3.2689	1.7793	0.007903
-3.2689	1.8155	0.019578
-3.2689	1.8516	0.026064
-3.2689	1.8878	0.022813
-3.2689	1.9239	0.013744
-3.2689	1.96	0.0055297
-3.2452	-0.96645	0.0056274
-3.2452	-0.89419	0.0067718
-3.2452	-0.85806	0.066901
-3.2452	-0.82193	0.23221
-3.2452	-0.7858	0.4897
-3.2452	-0.74968	0.72124
-3.2452	-0.71355	0.76682
-3.2452	-0.67742	0.56967
-3.2452	-0.64129	0.25678
-3.2452	-0.60516	0.039884
-3.2452	-0.56903	0.017603
-3.2452	-0.5329	0.095801
-3.2452	-0.49677	0.12003
-3.2452	-0.46064	0.057226
-3.2452	-0.38838	0.031258
-3.2452	-0.35226	0.084999
-3.2452	-0.31613	0.078124
-3.2452	-0.28	0.022424
-3.2452	-0.24387	0.0057773
-3.2452	-0.20774	0.053404
-3.2452	-0.17162	0.088722
-3.2452	-0.13549	0.054656
-3.2452	-0.099357	0.0059921
-3.2452	-0.063226	0.024792
-3.2452	-0.027097	0.087639
-3.2452	0.0090325	0.096932
-3.2452	0.045162	0.0361
-3.2452	0.11742	0.065744
-3.2452	0.15355	0.13525
-3.2452	0.18968	0.104
-3.2452	0.2258	0.018367
-3.2452	0.26194	0.031807
-3.2452	0.29807	0.16645
-3.2452	0.3342	0.24201
-3.2452	0.37032	0.12994
-3.2452	0.40645	0.012309
-3.2452	0.44258	0.25049
-3.2452	0.47871	0.95506
-3.2452	0.51484	1.7676
-3.2452	0.55097	2.1466
-3.2452	0.5871	1.8582
-3.2452	0.62323	1.1509
-3.2452	0.65936	0.47601
-3.2452	0.69549	0.10328
-3.2452	0.76774	0.013432
-3.2452	0.80387	0.02058
-3.2452	0.84	0.010211
-3.2452	1.6349	0.006732
-3.2452	1.6709	0.0065656
-3.2452	1.7793	0.012175
-3.2452	1.8155	0.030153
-3.2452	1.8516	0.042401
-3.2452	1.8878	0.040425
-3.2452	1.9239	0.027305
-3.2452	1.96	0.012742
-3.2214	-0.89419	0.0055733
-3.2214	-0.85806	0.049051
-3.2214	-0.82193	0.16947
-3.2214	-0.7858	0.36291
-3.2214	-0.74968	0.54412
-3.2214	-0.71355	0.58607
-3.2214	-0.67742	0.4354
-3.2214	-0.64129	0.18955
-3.2214	-0.60516	0.024305
-3.2214	-0.56903	0.022995
-3.2214	-0.5329	0.099382
-3.2214	-0.49677	0.11508
-3.2214	-0.46064	0.04933
-3.2214	-0.38838	0.041705
-3.2214	-0.35226	0.098935
-3.2214	-0.31613	0.083479
-3.2214	-0.28	0.019879
-3.2214	-0.24387	0.010692
-3.2214	-0.20774	0.074208
-3.2214	-0.17162	0.1114
-3.2214	-0.13549	0.061489
-3.2214	-0.099357	0.005149
-3.2214	-0.063226	0.042393
-3.2214	-0.027097	0.12706
-3.2214	0.0090325	0.12805
-3.2214	0.045162	0.040267
-3.2214	0.081291	0.011024
-3.2214	0.11742	0.11286
-3.2214	0.15355	0.20728
-3.2214	0.18968	0.14385
-3.2214	0.2258	0.019092
-3.2214	0.26194	0.069629
-3.2214	0.29807	0.29828
-3.2214	0.3342	0.39703
-3.2214	0.37032	0.18652
-3.2214	0.40645	0.027693
-3.2214	0.44258	0.5629
-3.2214	0.47871	1.9595
-3.2214	0.51484	3.5331
-3.2214	0.55097	4.2644
-3.2214	0.5871	3.7004
-3.2214	0.62323	2.3023
-3.2214	0.65936	0.94907
-3.2214	0.69549	0.19607
-3.2214	0.73162	0.0067499
-3.2214	0.76774	0.044126
-3.2214	0.80387	0.06421
-3.2214	0.84	0.033071
-3.2214	0.94839	0.0059723
-3.2214	0.98452	0.005024
-3.2214	1.6349	0.0059674
-3.2214	1.6709	0.0054975
-3.2214	1.7793	0.015037
-3.2214	1.8155	0.03625
-3.2214	1.8516	0.051609
-3.2214	1.8878	0.050627
-3.2214	1.9239	0.035512
-3.2214	1.96	0.017283
-3.2214	1.9962	0.0051094
-3.1976	-0.85806	0.020336
-3.1976	-0.82193	0.073026
-3.1976	-0.7858	0.16411
-3.1976	-0.74968	0.25738
-3.1976	-0.71355	0.28747
-3.1976	-0.67742	0.21786
-3.1976	-0.64129	0.092819
-3.1976	-0.60516	0.0096252
-3.1976	-0.56903	0.01995
-3.1976	-0.5329	0.072473
-3.1976	-0.49677	0.079319
-3.1976	-0.46064	0.030736
-3.1976	-0.38838	0.041705
-3.1976	-0.35226	0.089415
-3.1976	-0.31613	0.070452
-3.1976	-0.28	0.013726
-3.1976	-0.24387	0.015659
-3.1976	-0.20774	0.086005
-3.1976	-0.17162	0.1195
-3.1976	-0.13549	0.059635
-3.1976	-0.063226	0.063609
-3.1976	-0.027097	0.16783
-3.1976	0.0090325	0.15643
-3.1976	0.045162	0.041056
-3.1976	0.081291	0.023975
-3.1976	0.11742	0.18481
-3.1976	0.15355	0.3092
-3.1976	0.18968	0.19446
-3.1976	0.2258	0.01941
-3.1976	0.26194	0.14751
-3.1976	0.29807	0.53661
-3.1976	0.3342	0.65851
-3.1976	0.37032	0.26671
-3.1976	0.40645	0.079624
-3.1976	0.44258	1.2742
-3.1976	0.47871	4.1014
-3.1976	0.51484	7.2047
-3.1976	0.55097	8.6034
-3.1976	0.5871	7.4208
-3.1976	0.62323	4.579
-3.1976	0.65936	1.8452
-3.1976	0.69549	0.35013
-3.1976	0.73162	0.014702
-3.1976	0.76774	0.12682
-3.1976	0.80387	0.16874
-3.1976	0.84	0.083327
-3.1976	0.87613	0.010516
-3.1976	0.91226	0.0066422
-3.1976	0.94839	0.023877
-3.1976	0.98452	0.020949
-3.1976	1.0207	0.0065364
-3.1976	1.7793	0.01725
-3.1976	1.8155	0.040515
-3.1976	1.8516	0.057865
-3.1976	1.8878	0.057471
-3.1976	1.9239	0.040889
-3.1976	1.96	0.020081
-3.1976	1.9962	0.0058516
-3.1737	-0.82193	0.016992
-3.1737	-0.7858	0.043045
-3.1737	-0.74968	0.073891
-3.1737	-0.71355	0.088002
-3.1737	-0.67742	0.069042
-3.1737	-0.64129	0.028757
-3.1737	-0.56903	0.010887
-3.1737	-0.5329	0.034108
-3.1737	-0.49677	0.035189
-3.1737	-0.46064	0.012028
-3.1737	-0.38838	0.026564
-3.1737	-0.35226	0.051897
-3.1737	-0.31613	0.037949
-3.1737	-0.28	0.0057975
-3.1737	-0.24387	0.014247
-3.1737	-0.20774	0.064338
-3.1737	-0.17162	0.083387
-3.1737	-0.13549	0.037387
-3.1737	-0.063226	0.062428
-3.1737	-0.027097	0.14893
-3.1737	0.0090325	0.12974
-3.1737	0.045162	0.027916
-3.1737	0.081291	0.034778
-3.1737	0.11742	0.21301
-3.1737	0.15355	0.33226
-3.1737	0.18968	0.19107
-3.1737	0.2258	0.016319
-3.1737	0.26194	0.23057
-3.1737	0.29807	0.74297
-3.1737	0.3342	0.85638
-3.1737	0.37032	0.29743
-3.1737	0.40645	0.19059
-3.1737	0.44258	2.3579
-3.1737	0.47871	7.2091
-3.1737	0.51484	12.55
-3.1737	0.55097	15.03
-3.1737	0.5871	13.029
-3.1737	0.62323	8.0374
-3.1737	0.65936	3.1764
-3.1737	0.69549	0.54638
-3.1737	0.73162	0.040675
-3.1737	0.76774	0.31779
-3.1737	0.80387	0.38829
-3.1737	0.84	0.18041
-3.1737	0.87613	0.018445
-3.1737	0.91226	0.024471
-3.1737	0.94839	0.074232
-3.1737	0.98452	0.062981
-3.1737	1.0207	0.018681
-3.1737	1.0929	0.010854
-3.1737	1.129	0.016323
-3.1737	1.1651	0.0085375
-3.1737	1.7793	0.018212
-3.1737	1.8155	0.042576
-3.1737	1.8516	0.061695
-3.1737	1.8878	0.06234
-3.1737	1.9239	0.044957
-3.1737	1.96	0.02213
-3.1737	1.9962	0.0062525
-3.1499	-0.74968	0.010701
-3.1499	-0.71355	0.01612
-3.1499	-0.67742	0.014539
-3.1499	-0.64129	0.0062414
-3.1499	-0.5329	0.012725
-3.1499	-0.49677	0.012421
-3.1499	-0.38838	0.013463
-3.1499	-0.35226	0.023864
-3.1499	-0.31613	0.015844
-3.1499	-0.24387	0.0096437
-3.1499	-0.20774	0.0362
-3.1499	-0.17162	0.043036
-3.1499	-0.13549	0.016713
-3.1499	-0.063226	0.042773
-3.1499	-0.027097	0.091653
-3.1499	0.0090325	0.073081
-3.1499	0.045162	0.012194
-3.1499	0.081291	0.032126
-3.1499	0.11742	0.16015
-3.1499	0.15355	0.23104
-3.1499	0.18968	0.11883
-3.1499	0.2258	0.011975
-3.1499	0.26194	0.22374
-3.1499	0.29807	0.64654
-3.1499	0.3342	0.6971
-3.1499	0.37032	0.20127
-3.1499	0.40645	0.27588
-3.1499	0.44258	2.7305
-3.1499	0.47871	8.0394
-3.1499	0.51484	13.993
-3.1499	0.55097	16.952
-3.1499	0.5871	14.904
-3.1499	0.62323	9.2768
-3.1499	0.65936	3.622
-3.1499	0.69549	0.55997
-3.1499	0.73162	0.08737
-3.1499	0.76774	0.53837
-3.1499	0.80387	0.61681
-3.1499	0.84	0.27085
-3.1499	0.87613	0.021885
-3.1499	0.91226	0.061501
-3.1499	0.94839	0.16227
-3.1499	0.98452	0.13243
-3.1499	1.0207	0.036145
-3.1499	1.0929	0.034737
-3.1499	1.129	0.050287
-3.1499	1.1651	0.026277
-3.1499	1.2735	0.014155
-3.1499	1.3096	0.012124
-3.1499	1.7793	0.014985
-3.1499	1.8155	0.037282
-3.1499	1.8516	0.057383
-3.1499	1.8878	0.060931
-3.1499	1.9239	0.045547
-3.1499	1.96	0.022785
-3.1499	1.9962	0.0062567
-3.1261	-0.82193	0.0061528
-3.1261	-0.7858	0.0050759
-3.1261	-0.38838	0.0062479
-3.1261	-0.35226	0.010224
-3.1261	-0.31613	0.0061376
-3.1261	-0.24387	0.0061178
-3.1261	-0.20774	0.019485
-3.1261	-0.17162	0.021134
-3.1261	-0.13549	0.0068833
-3.1261	-0.063226	0.02719
-3.1261	-0.027097	0.052107
-3.1261	0.0090325	0.037265
-3.1261	0.081291	0.025404
-3.1261	0.11742	0.10449
-3.1261	0.15355	0.13708
-3.1261	0.18968	0.060794
-3.1261	0.2258	0.01042
-3.1261	0.26194	0.17264
-3.1261	0.29807	0.44313
-3.1261	0.3342	0.43543
-3.1261	0.37032	0.098221
-3.1261	0.40645	0.28351
-3.1261	0.44258	2.279
-3.1261	0.47871	6.3627
-3.1261	0.51484	10.854
-3.1261	0.55097	13.031
-3.1261	0.5871	11.382
-3.1261	0.62323	7.0015
-3.1261	0.65936	2.6385
-3.1261	0.69549	0.35056
-3.1261	0.73162	0.11625
-3.1261	0.76774	0.55291
-3.1261	0.80387	0.59032
-3.1261	0.84	0.24044
-3.1261	0.87613	0.015265
-3.1261	0.91226	0.088073
-3.1261	0.94839	0.20543
-3.1261	0.98452	0.16006
-3.1261	1.0207	0.039085
-3.1261	1.0568	0.0078568
-3.1261	1.0929	0.061906
-3.1261	1.129	0.085497
-3.1261	1.1651	0.04328
-3.1261	1.2374	0.012939
-3.1261	1.2735	0.036522
-3.1261	1.3096	0.031886
-3.1261	1.3458	0.0093188
-3.1261	1.4181	0.0090405
-3.1261	1.4542	0.013501
-3.1261	1.4903	0.0072224
-3.1261	1.8155	0.016505
-3.1261	1.8516	0.032393
-3.1261	1.8878	0.040839
-3.1261	1.9239	0.034456
-3.1261	1.96	0.018604
-3.1261	1.9962	0.0051549
-3.1022	-0.89419	0.0054188
-3.1022	-0.85806	0.016953
-3.1022	-0.82193	0.029129
-3.1022	-0.7858	0.033142
-3.1022	-0.74968	0.026065
-3.1022	-0.71355	0.013774
-3.1022	-0.20774	0.01031
-3.1022	-0.17162	0.01031
-3.1022	-0.063226	0.01772
-3.1022	-0.027097	0.030647
-3.1022	0.0090325	0.019514
-3.1022	0.081291	0.020317
-3.1022	0.11742	0.070539
-3.1022	0.15355	0.083876
-3.1022	0.18968	0.031245
-3.1022	0.2258	0.010819
-3.1022	0.26194	0.13393
-3.1022	0.29807	0.30583
-3.1022	0.3342	0.26985
-3.1022	0.37032	0.045323
-3.1022	0.40645	0.27442
-3.1022	0.44258	1.831
-3.1022	0.47871	4.8067
-3.1022	0.51484	7.9242
-3.1022	0.55097	9.2726
-3.1022	0.5871	7.8979
-3.1022	0.62323	4.7
-3.1022	0.65936	1.664
-3.1022	0.69549	0.17937
-3.1022	0.73162	0.12376
-3.1022	0.76774	0.45803
-3.1022	0.80387	0.44628
-3.1022	0.84	0.16252
-3.1022	0.87613	0.0090633
-3.1022	0.91226	0.090462
-3.1022	0.94839	0.1846
-3.1022	0.98452	0.13315
-3.1022	1.0207	0.027488
-3.1022	1.0568	0.011432
-3.1022	1.0929	0.069439
-3.1022	1.129	0.089057
-3.1022	1.1651	0.041866
-3.1022	1.2374	0.019858
-3.1022	1.2735	0.050388
-3.1022	1.3096	0.042638
-3.1022	1.3458	0.01138
-3.1022	1.4181	0.01936
-3.1022	1.4542	0.028833
-3.1022	1.4903	0.015921
-3.1022	1.5987	0.013347
-3.1022	1.6349	0.012526
-3.1022	1.7793	0.0054493
-3.1022	1.8878	0.0066313
-3.1022	1.9239	0.0091923
-3.1022	1.96	0.0068226
-3.0784	-0.89419	0.014015
-3.0784	-0.85806	0.043599
-3.0784	-0.82193	0.078513
-3.0784	-0.7858	0.096645
-3.0784	-0.74968	0.084854
-3.0784	-0.71355	0.051967
-3.0784	-0.67742	0.019904
-3.0784	-0.063226	0.011432
-3.0784	-0.027097	0.018175
-3.0784	0.0090325	0.010297
-3.0784	0.081291	0.016665
-3.0784	0.11742	0.050097
-3.0784	0.15355	0.054206
-3.0784	0.18968	0.016561
-3.0784	0.2258	0.012013
-3.0784	0.26194	0.11034
-3.0784	0.29807	0.22609
-3.0784	0.3342	0.17793
-3.0784	0.37032	0.022271
-3.0784	0.40645	0.27632
-3.0784	0.44258	1.5726
-3.0784	0.47871	3.8918
-3.0784	0.51484	6.1895
-3.0784	0.55097	7.0329
-3.0784	0.5871	5.8099
-3.0784	0.62323	3.3193
-3.0784	0.65936	1.089
-3.0784	0.69549	0.090799
-3.0784	0.73162	0.12956
-3.0784	0.76774	0.38357
-3.0784	0.80387	0.33851
-3.0784	0.84	0.10749
-3.0784	0.87613	0.0074364
-3.0784	0.91226	0.088438
-3.0784	0.94839	0.15775
-3.0784	0.98452	0.10325
-3.0784	1.0207	0.017102
-3.0784	1.0568	0.014532
-3.0784	1.0929	0.068306
-3.0784	1.129	0.079694
-3.0784	1.1651	0.033501
-3.0784	1.2374	0.023796
-3.0784	1.2735	0.053175
-3.0784	1.3096	0.041861
-3.0784	1.3458	0.0095117
-3.0784	1.4181	0.02638
-3.0784	1.4542	0.036941
-3.0784	1.4903	0.019319
-3.0784	1.5626	0.0088514
-3.0784	1.5987	0.026145
-3.0784	1.6349	0.025357
-3.0784	1.6709	0.0080923
-3.0784	1.7432	0.018668
-3.0784	1.7793	0.041775
-3.0784	1.8155	0.047369
-3.0784	1.8516	0.033141
-3.0784	1.8878	0.014481
-3.0547	-0.89419	0.028774
-3.0547	-0.85806	0.088319
-3.0547	-0.82193	0.16258
-3.0547	-0.7858	0.20749
-3.0547	-0.74968	0.19027
-3.0547	-0.71355	0.12196
-3.0547	-0.67742	0.048287
-3.0547	-0.64129	0.0074194
-3.0547	-0.56903	0.0068678
-3.0547	-0.5329	0.0073734
-3.0547	-0.063226	0.0064708
-3.0547	-0.027097	0.0098261
-3.0547	0.0090325	0.0050096
-3.0547	0.081291	0.013415
-3.0547	0.11742	0.035946
-3.0547	0.15355	0.035738
-3.0547	0.18968	0.0087326
-3.0547	0.2258	0.013416
-3.0547	0.26194	0.095316
-3.0547	0.29807	0.17726
-3.0547	0.3342	0.12385
-3.0547	0.37032	0.013434
-3.0547	0.40645	0.29249
-3.0547	0.44258	1.4566
-3.0547	0.47871	3.4201
-3.0547	0.51484	5.2611
-3.0547	0.55097	5.8105
-3.0547	0.5871	4.6538
-3.0547	0.62323	2.5462
-3.0547	0.65936	0.76695
-3.0547	0.69549	0.047776
-3.0547	0.73162	0.14126
-3.0547	0.76774	0.34454
-3.0547	0.80387	0.27514
-3.0547	0.84	0.074663
-3.0547	0.87613	0.009069
-3.0547	0.91226	0.090667
-3.0547	0.94839	0.14235
-3.0547	0.98452	0.083732
-3.0547	1.0207	0.010643
-3.0547	1.0568	0.018442
-3.0547	1.0929	0.068925
-3.0547	1.129	0.07271
-3.0547	1.1651	0.026696
-3.0547	1.2374	0.02781
-3.0547	1.2735	0.054626
-3.0547	1.3096	0.039214
-3.0547	1.3458	0.0071992
-3.0547	1.382	0.0061408
-3.0547	1.4181	0.032084
-3.0547	1.4542	0.041207
-3.0547	1.4903	0.019523
-3.0547	1.5626	0.014108
-3.0547	1.5987	0.037072
-3.0547	1.6349	0.034329
-3.0547	1.6709	0.0096984
-3.0547	1.7432	0.041589
-3.0547	1.7793	0.096903
-3.0547	1.8155	0.12485
-3.0547	1.8516	0.10734
-3.0547	1.8878	0.064309
-3.0547	1.9239	0.02607
-3.0547	1.96	0.0063118
-3.0308	-0.89419	0.035688
-3.0308	-0.85806	0.11147
-3.0308	-0.82193	0.21444
-3.0308	-0.7858	0.28809
-3.0308	-0.74968	0.27805
-3.0308	-0.71355	0.18616
-3.0308	-0.67742	0.074972
-3.0308	-0.64129	0.010325
-3.0308	-0.56903	0.018639
-3.0308	-0.5329	0.019973
-3.0308	-0.49677	0.0081665
-3.0308	-0.38838	0.0052518
-3.0308	0.081291	0.0094657
-3.0308	0.11742	0.023679
-3.0308	0.15355	0.022181
-3.0308	0.2258	0.014309
-3.0308	0.26194	0.0829
-3.0308	0.29807	0.14229
-3.0308	0.3342	0.088098
-3.0308	0.37032	0.012192
-3.0308	0.40645	0.32106
-3.0308	0.44258	1.434
-3.0308	0.47871	3.2234
-3.0308	0.51484	4.8224
-3.0308	0.55097	5.1955
-3.0308	0.5871	4.0424
-3.0308	0.62323	2.1169
-3.0308	0.65936	0.58022
-3.0308	0.69549	0.027639
-3.0308	0.73162	0.1625
-3.0308	0.76774	0.33477
-3.0308	0.80387	0.24184
-3.0308	0.84	0.054813
-3.0308	0.87613	0.013451
-3.0308	0.91226	0.09954
-3.0308	0.94839	0.13856
-3.0308	0.98452	0.07267
-3.0308	1.0207	0.0068354
-3.0308	1.0568	0.024258
-3.0308	1.0929	0.074139
-3.0308	1.129	0.070574
-3.0308	1.1651	0.022162
-3.0308	1.2374	0.03383
-3.0308	1.2735	0.05869
-3.0308	1.3096	0.037998
-3.0308	1.3458	0.0053806
-3.0308	1.382	0.0094701
-3.0308	1.4181	0.039344
-3.0308	1.4542	0.045967
-3.0308	1.4903	0.019228
-3.0308	1.5626	0.021064
-3.0308	1.5987	0.048932
-3.0308	1.6349	0.041987
-3.0308	1.6709	0.0098387
-3.0308	1.7071	0.009186
-3.0308	1.7432	0.072627
-3.0308	1.7793	0.16462
-3.0308	1.8155	0.21691
-3.0308	1.8516	0.19598
-3.0308	1.8878	0.12638
-3.0308	1.9239	0.056589
-3.0308	1.96	0.015534
-3.0069	-0.89419	0.020691
-3.0069	-0.85806	0.066576
-3.0069	-0.82193	0.13512
-3.0069	-0.7858	0.19276
-3.0069	-0.74968	0.19741
-3.0069	-0.71355	0.139
-3.0069	-0.67742	0.057095
-3.0069	-0.64129	0.006892
-3.0069	-0.60516	0.0060917
-3.0069	-0.56903	0.024247
-3.0069	-0.5329	0.025832
-3.0069	-0.49677	0.010252
-3.0069	-0.42451	0.0061779
-3.0069	-0.38838	0.012971
-3.0069	-0.35226	0.0095291
-3.0069	0.11742	0.010642
-3.0069	0.15355	0.010238
-3.0069	0.2258	0.01276
-3.0069	0.26194	0.064759
-3.0069	0.29807	0.10634
-3.0069	0.3342	0.059016
-3.0069	0.37032	0.015263
-3.0069	0.40645	0.34814
-3.0069	0.44258	1.4377
-3.0069	0.47871	3.1453
-3.0069	0.51484	4.6312
-3.0069	0.55097	4.9119
-3.0069	0.5871	3.7371
-3.0069	0.62323	1.879
-3.0069	0.65936	0.46484
-3.0069	0.69549	0.02079
-3.0069	0.73162	0.19757
-3.0069	0.76774	0.35122
-3.0069	0.80387	0.22955
-3.0069	0.84	0.042254
-3.0069	0.87613	0.021475
-3.0069	0.91226	0.1179
-3.0069	0.94839	0.14641
-3.0069	0.98452	0.067865
-3.0069	1.0568	0.033667
-3.0069	1.0929	0.086128
-3.0069	1.129	0.073843
-3.0069	1.1651	0.019358
-3.0069	1.2013	0.0052938
-3.0069	1.2374	0.043778
-3.0069	1.2735	0.067413
-3.0069	1.3096	0.038981
-3.0069	1.382	0.014886
-3.0069	1.4181	0.050541
-3.0069	1.4542	0.053503
-3.0069	1.4903	0.019322
-3.0069	1.5626	0.031649
-3.0069	1.5987	0.065175
-3.0069	1.6349	0.051025
-3.0069	1.6709	0.0094192
-3.0069	1.7071	0.018622
-3.0069	1.7432	0.11932
-3.0069	1.7793	0.25807
-3.0069	1.8155	0.33679
-3.0069	1.8516	0.30611
-3.0069	1.8878	0.20026
-3.0069	1.9239	0.091203
-3.0069	1.96	0.025147
-2.9832	-0.89419	0.0067953
-2.9832	-0.85806	0.022649
-2.9832	-0.82193	0.048323
-2.9832	-0.7858	0.072465
-2.9832	-0.74968	0.077533
-2.9832	-0.71355	0.056266
-2.9832	-0.67742	0.022929
-2.9832	-0.56903	0.01539
-2.9832	-0.5329	0.01594
-2.9832	-0.49677	0.0059116
-2.9832	-0.42451	0.0064697
-2.9832	-0.38838	0.012846
-2.9832	-0.35226	0.009341
-2.9832	-0.24387	0.0072169
-2.9832	-0.20774	0.0085828
-2.9832	0.2258	0.0059799
-2.9832	0.26194	0.030684
-2.9832	0.29807	0.05339
-2.9832	0.3342	0.02822
-2.9832	0.37032	0.016573
-2.9832	0.40645	0.30735
-2.9832	0.44258	1.2429
-2.9832	0.47871	2.7573
-2.9832	0.51484	4.1307
-2.9832	0.55097	4.4328
-2.9832	0.5871	3.3725
-2.9832	0.62323	1.6549
-2.9832	0.65936	0.36965
-2.9832	0.69549	0.023723
-2.9832	0.73162	0.24513
-2.9832	0.76774	0.38536
-2.9832	0.80387	0.22903
-2.9832	0.84	0.033218
-2.9832	0.87613	0.03529
-2.9832	0.91226	0.14953
-2.9832	0.94839	0.16699
-2.9832	0.98452	0.067831
-2.9832	1.0568	0.04979
-2.9832	1.0929	0.10878
-2.9832	1.129	0.083877
-2.9832	1.1651	0.017837
-2.9832	1.2013	0.0099574
-2.9832	1.2374	0.061166
-2.9832	1.2735	0.083972
-2.9832	1.3096	0.042919
-2.9832	1.382	0.024492
-2.9832	1.4181	0.069528
-2.9832	1.4542	0.066471
-2.9832	1.4903	0.020224
-2.9832	1.5626	0.049581
-2.9832	1.5987	0.090869
-2.9832	1.6349	0.064137
-2.9832	1.6709	0.00891
-2.9832	1.7071	0.0371
-2.9832	1.7432	0.19778
-2.9832	1.7793	0.40552
-2.9832	1.8155	0.5171
-2.9832	1.8516	0.46436
-2.9832	1.8878	0.30118
-2.9832	1.9239	0.1354
-2.9832	1.96	0.035962
-2.9594	-0.82193	0.01148
-2.9594	-0.7858	0.018912
-2.9594	-0.74968	0.021748
-2.9594	-0.71355	0.016504
-2.9594	-0.67742	0.0066681
-2.9594	-0.56903	0.006846
-2.9594	-0.5329	0.0067676
-2.9594	-0.38838	0.0075962
-2.9594	-0.35226	0.0052066
-2.9594	-0.24387	0.0064549
-2.9594	-0.20774	0.0074505
-2.9594	-0.063226	0.0073517
-2.9594	-0.027097	0.0050754
-2.9594	0.29807	0.0072628
-2.9594	0.37032	0.0074394
-2.9594	0.40645	0.1287
-2.9594	0.44258	0.57176
-2.9594	0.47871	1.4065
-2.9594	0.51484	2.3104
-2.9594	0.55097	2.6761
-2.9594	0.5871	2.1539
-2.9594	0.62323	1.0815
-2.9594	0.65936	0.22377
-2.9594	0.69549	0.02947
-2.9594	0.73162	0.25373
-2.9594	0.76774	0.36911
-2.9594	0.80387	0.20466
-2.9594	0.84	0.023047
-2.9594	0.87613	0.053085
-2.9594	0.91226	0.18393
-2.9594	0.94839	0.18876
-2.9594	0.98452	0.067309
-2.9594	1.0207	0.0057959
-2.9594	1.0568	0.075244
-2.9594	1.0929	0.14397
-2.9594	1.129	0.10041
-2.9594	1.1651	0.016834
-2.9594	1.2013	0.019328
-2.9594	1.2374	0.091637
-2.9594	1.2735	0.11301
-2.9594	1.3096	0.050613
-2.9594	1.382	0.04282
-2.9594	1.4181	0.1037
-2.9594	1.4542	0.089368
-2.9594	1.4903	0.022281
-2.9594	1.5265	0.010913
-2.9594	1.5626	0.083044
-2.9594	1.5987	0.13601
-2.9594	1.6349	0.085592
-2.9594	1.6709	0.0088223
-2.9594	1.7071	0.075883
-2.9594	1.7432	0.34456
-2.9594	1.7793	0.66835
-2.9594	1.8155	0.82688
-2.9594	1.8516	0.72661
-2.9594	1.8878	0.46158
-2.9594	1.9239	0.20167
-2.9594	1.96	0.05041
-2.9594	2.0684	0.0070065
-2.9356	-0.063226	0.0067187
-2.9356	0.081291	0.006531
-2.9356	0.11742	0.007141
-2.9356	0.40645	0.010272
-2.9356	0.44258	0.066914
-2.9356	0.47871	0.22567
-2.9356	0.51484	0.46951
-2.9356	0.55097	0.65039
-2.9356	0.5871	0.59816
-2.9356	0.62323	0.32586
-2.9356	0.65936	0.064034
-2.9356	0.69549	0.020444
-2.9356	0.73162	0.14172
-2.9356	0.76774	0.20125
-2.9356	0.80387	0.10807
-2.9356	0.84	0.0096188
-2.9356	0.87613	0.050609
-2.9356	0.91226	0.15436
-2.9356	0.94839	0.1521
-2.9356	0.98452	0.048672
-2.9356	1.0207	0.008285
-2.9356	1.0568	0.09055
-2.9356	1.0929	0.15915
-2.9356	1.129	0.10336
-2.9356	1.1651	0.01355
-2.9356	1.2013	0.033073
-2.9356	1.2374	0.12875
-2.9356	1.2735	0.14637
-2.9356	1.3096	0.057794
-2.9356	1.3458	0.0052035
-2.9356	1.382	0.074833
-2.9356	1.4181	0.15915
-2.9356	1.4542	0.12468
-2.9356	1.4903	0.024861
-2.9356	1.5265	0.025281
-2.9356	1.5626	0.14713
-2.9356	1.5987	0.21738
-2.9356	1.6349	0.12114
-2.9356	1.6709	0.010381
-2.9356	1.7071	0.16263
-2.9356	1.7432	0.64334
-2.9356	1.7793	1.1831
-2.9356	1.8155	1.4172
-2.9356	1.8516	1.2134
-2.9356	1.8878	0.7502
-2.9356	1.9239	0.31565
-2.9356	1.96	0.07303
-2.9356	2.0323	0.0072092
-2.9356	2.0684	0.013339
-2.9356	2.1045	0.0078963
-2.9117	0.081291	0.0069966
-2.9117	0.11742	0.0075511
-2.9117	0.2258	0.0065586
-2.9117	0.26194	0.012368
-2.9117	0.29807	0.0086108
-2.9117	0.40645	0.015363
-2.9117	0.44258	0.020285
-2.9117	0.47871	0.014856
-2.9117	0.51484	0.017004
-2.9117	0.55097	0.03631
-2.9117	0.5871	0.050641
-2.9117	0.62323	0.035359
-2.9117	0.65936	0.0069101
-2.9117	0.69549	0.0063734
-2.9117	0.73162	0.036795
-2.9117	0.76774	0.052223
-2.9117	0.80387	0.027135
-2.9117	0.87613	0.023813
-2.9117	0.91226	0.065831
-2.9117	0.94839	0.062896
-2.9117	0.98452	0.017807
-2.9117	1.0207	0.0069335
-2.9117	1.0568	0.05917
-2.9117	1.0929	0.098767
-2.9117	1.129	0.061052
-2.9117	1.1651	0.0062935
-2.9117	1.2013	0.033776
-2.9117	1.2374	0.11552
-2.9117	1.2735	0.12596
-2.9117	1.3096	0.044795
-2.9117	1.3458	0.0077909
-2.9117	1.382	0.096431
-2.9117	1.4181	0.18954
-2.9117	1.4542	0.13956
-2.9117	1.4903	0.022191
-2.9117	1.5265	0.048324
-2.9117	1.5626	0.23056
-2.9117	1.5987	0.31723
-2.9117	1.6349	0.15857
-2.9117	1.6709	0.016273
-2.9117	1.7071	0.33439
-2.9117	1.7432	1.1942
-2.9117	1.7793	2.1196
-2.9117	1.8155	2.4891
-2.9117	1.8516	2.0952
-2.9117	1.8878	1.2682
-2.9117	1.9239	0.51487
-2.9117	1.96	0.10943
-2.9117	2.0323	0.016666
-2.9117	2.0684	0.026234
-2.9117	2.1045	0.014205
-2.8878	-0.85806	0.0075203
-2.8878	-0.82193	0.0089695
-2.8878	-0.7858	0.007561
-2.8878	0.081291	0.0061245
-2.8878	0.11742	0.0062389
-2.8878	0.2258	0.0085236
-2.8878	0.26194	0.015793
-2.8878	0.29807	0.011119
-2.8878	0.37032	0.010338
-2.8878	0.40645	0.049143
-2.8878	0.44258	0.094318
-2.8878	0.47871	0.10891
-2.8878	0.51484	0.082561
-2.8878	0.55097	0.040378
-2.8878	0.5871	0.01161
-2.8878	0.76774	0.0066565
-2.8878	0.87613	0.0068603
-2.8878	0.91226	0.017452
-2.8878	0.94839	0.016001
-2.8878	1.0568	0.023239
-2.8878	1.0929	0.036249
-2.8878	1.129	0.020675
-2.8878	1.2013	0.018968
-2.8878	1.2374	0.057433
-2.8878	1.2735	0.059396
-2.8878	1.3096	0.018437
-2.8878	1.3458	0.007028
-2.8878	1.382	0.067504
-2.8878	1.4181	0.12478
-2.8878	1.4542	0.087039
-2.8878	1.4903	0.010868
-2.8878	1.5265	0.051959
-2.8878	1.5626	0.21597
-2.8878	1.5987	0.28605
-2.8878	1.6349	0.13063
-2.8878	1.6709	0.024214
-2.8878	1.7071	0.46532
-2.8878	1.7432	1.5824
-2.8878	1.7793	2.8242
-2.8878	1.8155	3.3769
-2.8878	1.8516	2.8959
-2.8878	1.8878	1.7735
-2.8878	1.9239	0.71491
-2.8878	1.96	0.14199
-2.8878	2.0323	0.034535
-2.8878	2.0684	0.048134
-2.8878	2.1045	0.024214
-2.8641	-0.89419	0.0078106
-2.8641	-0.85806	0.014168
-2.8641	-0.82193	0.017713
-2.8641	-0.7858	0.015905
-2.8641	-0.74968	0.010029
-2.8641	0.2258	0.0090354
-2.8641	0.26194	0.015804
-2.8641	0.29807	0.010445
-2.8641	0.37032	0.017112
-2.8641	0.40645	0.07806
-2.8641	0.44258	0.161
-2.8641	0.47871	0.21197
-2.8641	0.51484	0.19533
-2.8641	0.55097	0.127
-2.8641	0.5871	0.054931
-2.8641	0.62323	0.013075
-2.8641	1.0568	0.0072086
-2.8641	1.0929	0.01059
-2.8641	1.129	0.0054828
-2.8641	1.2013	0.0082297
-2.8641	1.2374	0.022033
-2.8641	1.2735	0.021079
-2.8641	1.3096	0.0053796
-2.8641	1.382	0.032781
-2.8641	1.4181	0.055574
-2.8641	1.4542	0.03527
-2.8641	1.5265	0.033688
-2.8641	1.5626	0.12163
-2.8641	1.5987	0.1513
-2.8641	1.6349	0.060483
-2.8641	1.6709	0.023654
-2.8641	1.7071	0.35925
-2.8641	1.7432	1.1685
-2.8641	1.7793	2.0993
-2.8641	1.8155	2.5675
-2.8641	1.8516	2.2637
-2.8641	1.8878	1.4216
-2.8641	1.9239	0.57828
-2.8641	1.96	0.10837
-2.8641	1.9962	0.0051235
-2.8641	2.0323	0.044243
-2.8641	2.0684	0.057323
-2.8641	2.1045	0.027668
-2.8641	2.2129	0.0078712
-2.8641	2.2491	0.0066474
-2.8403	-0.89419	0.013047
-2.8403	-0.85806	0.023572
-2.8403	-0.82193	0.029782
-2.8403	-0.7858	0.027201
-2.8403	-0.74968	0.017435
-2.8403	-0.71355	0.006901
-2.8403	0.2258	0.0084406
-2.8403	0.26194	0.013816
-2.8403	0.29807	0.0083071
-2.8403	0.37032	0.022775
-2.8403	0.40645	0.096829
-2.8403	0.44258	0.20177
-2.8403	0.47871	0.27618
-2.8403	0.51484	0.26948
-2.8403	0.55097	0.18845
-2.8403	0.5871	0.088694
-2.8403	0.62323	0.022648
-2.8403	1.2374	0.0075695
-2.8403	1.2735	0.0067586
-2.8403	1.382	0.014613
-2.8403	1.4181	0.022695
-2.8403	1.4542	0.012839
-2.8403	1.5265	0.0189
-2.8403	1.5626	0.059275
-2.8403	1.5987	0.067599
-2.8403	1.6349	0.02241
-2.8403	1.6709	0.018578
-2.8403	1.7071	0.2144
-2.8403	1.7432	0.65128
-2.8403	1.7793	1.1401
-2.8403	1.8155	1.3773
-2.8403	1.8516	1.2044
-2.8403	1.8878	0.74784
-2.8403	1.9239	0.2956
-2.8403	1.96	0.049664
-2.8403	2.0323	0.032537
-2.8403	2.0684	0.038799
-2.8403	2.1045	0.017603
-2.8403	2.2129	0.0072002
-2.8403	2.2491	0.0057993
-2.8165	-0.93032	0.0072468
-2.8165	-0.89419	0.020865
-2.8165	-0.85806	0.037567
-2.8165	-0.82193	0.047659
-2.8165	-0.7858	0.043722
-2.8165	-0.74968	0.027947
-2.8165	-0.71355	0.010735
-2.8165	0.2258	0.0070025
-2.8165	0.26194	0.010765
-2.8165	0.29807	0.0057741
-2.8165	0.37032	0.026547
-2.8165	0.40645	0.10537
-2.8165	0.44258	0.21844
-2.8165	0.47871	0.30323
-2.8165	0.51484	0.3025
-2.8165	0.55097	0.21667
-2.8165	0.5871	0.10364
-2.8165	0.62323	0.025729
-2.8165	0.69549	0.0055857
-2.8165	0.73162	0.010002
-2.8165	0.76774	0.006209
-2.8165	1.382	0.0060222
-2.8165	1.4181	0.0087604
-2.8165	1.5265	0.01025
-2.8165	1.5626	0.028535
-2.8165	1.5987	0.029863
-2.8165	1.6349	0.0079423
-2.8165	1.6709	0.01388
-2.8165	1.7071	0.1258
-2.8165	1.7432	0.3575
-2.8165	1.7793	0.6055
-2.8165	1.8155	0.71429
-2.8165	1.8516	0.61027
-2.8165	1.8878	0.36761
-2.8165	1.9239	0.13765
-2.8165	1.96	0.019763
-2.8165	2.0323	0.019968
-2.8165	2.0684	0.021404
-2.8165	2.1045	0.0087644
-2.7927	-0.93032	0.008197
-2.7927	-0.89419	0.024226
-2.7927	-0.85806	0.045607
-2.7927	-0.82193	0.060583
-2.7927	-0.7858	0.057827
-2.7927	-0.74968	0.03789
-2.7927	-0.71355	0.014366
-2.7927	-0.60516	0.0055036
-2.7927	-0.56903	0.0054577
-2.7927	0.26194	0.0071976
-2.7927	0.37032	0.0276
-2.7927	0.40645	0.10366
-2.7927	0.44258	0.21402
-2.7927	0.47871	0.29998
-2.7927	0.51484	0.3031
-2.7927	0.55097	0.21914
-2.7927	0.5871	0.10423
-2.7927	0.62323	0.024245
-2.7927	0.69549	0.009003
-2.7927	0.73162	0.014698
-2.7927	0.76774	0.0088154
-2.7927	1.5265	0.0051031
-2.7927	1.5626	0.013035
-2.7927	1.5987	0.012691
-2.7927	1.6709	0.0098566
-2.7927	1.7071	0.073754
-2.7927	1.7432	0.19902
-2.7927	1.7793	0.32883
-2.7927	1.8155	0.38083
-2.7927	1.8516	0.31884
-2.7927	1.8878	0.18638
-2.7927	1.9239	0.065787
-2.7927	1.96	0.0078209
-2.7927	2.0323	0.012411
-2.7927	2.0684	0.011963
-2.7688	-0.89419	0.013715
-2.7688	-0.85806	0.02741
-2.7688	-0.82193	0.038985
-2.7688	-0.7858	0.039858
-2.7688	-0.74968	0.027703
-2.7688	-0.71355	0.01073
-2.7688	-0.60516	0.0070301
-2.7688	-0.56903	0.0069074
-2.7688	0.37032	0.024634
-2.7688	0.40645	0.089994
-2.7688	0.44258	0.18813
-2.7688	0.47871	0.26901
-2.7688	0.51484	0.2768
-2.7688	0.55097	0.20212
-2.7688	0.5871	0.095088
-2.7688	0.62323	0.020322
-2.7688	0.69549	0.012358
-2.7688	0.73162	0.018365
-2.7688	0.76774	0.010351
-2.7688	0.87613	0.0050785
-2.7688	0.91226	0.0052009
-2.7688	1.5626	0.0049773
-2.7688	1.6709	0.0062384
-2.7688	1.7071	0.040719
-2.7688	1.7432	0.10679
-2.7688	1.7793	0.17492
-2.7688	1.8155	0.20138
-2.7688	1.8516	0.16684
-2.7688	1.8878	0.095289
-2.7688	1.9239	0.03173
-2.7688	2.0323	0.0078984
-2.7688	2.0684	0.006898
-2.745	-0.85806	0.010046
-2.745	-0.82193	0.014695
-2.745	-0.7858	0.015411
-2.745	-0.74968	0.010868
-2.745	0.37032	0.015969
-2.745	0.40645	0.060484
-2.745	0.44258	0.13489
-2.745	0.47871	0.20482
-2.745	0.51484	0.22103
-2.745	0.55097	0.16639
-2.745	0.5871	0.078351
-2.745	0.62323	0.015287
-2.745	0.69549	0.01522
-2.745	0.73162	0.020804
-2.745	0.76774	0.010917
-2.745	0.87613	0.0076801
-2.745	0.91226	0.0073485
-2.745	1.7071	0.018752
-2.745	1.7432	0.049985
-2.745	1.7793	0.083843
-2.745	1.8155	0.098362
-2.745	1.8516	0.082202
-2.745	1.8878	0.046516
-2.745	1.9239	0.014686
-2.745	2.0323	0.0049821
-2.7211	-0.099357	0.0054464
-2.7211	0.045162	0.0057842
-2.7211	0.081291	0.0065581
-2.7211	0.2258	0.0052205
-2.7211	0.37032	0.0070907
-2.7211	0.40645	0.02293
-2.7211	0.44258	0.056714
-2.7211	0.47871	0.10104
-2.7211	0.51484	0.1257
-2.7211	0.55097	0.10524
-2.7211	0.5871	0.052486
-2.7211	0.62323	0.0096603
-2.7211	0.69549	0.016428
-2.7211	0.73162	0.021235
-2.7211	0.76774	0.010453
-2.7211	0.87613	0.010504
-2.7211	0.91226	0.0093484
-2.7211	1.0568	0.0060827
-2.7211	1.7071	0.005116
-2.7211	1.7432	0.015928
-2.7211	1.7793	0.030066
-2.7211	1.8155	0.038422
-2.7211	1.8516	0.033988
-2.7211	1.8878	0.019717
-2.7211	1.9239	0.0060063
-2.6973	0.045162	0.0063583
-2.6973	0.081291	0.0071642
-2.6973	0.18968	0.0071291
-2.6973	0.2258	0.014157
-2.6973	0.26194	0.010422
-2.6973	0.3342	0.0061967
-2.6973	0.37032	0.029155
-2.6973	0.40645	0.051339
-2.6973	0.44258	0.055395
-2.6973	0.47871	0.047125
-2.6973	0.51484	0.040421
-2.6973	0.55097	0.033986
-2.6973	0.5871	0.0196
-2.6973	0.69549	0.01228
-2.6973	0.73162	0.016422
-2.6973	0.76774	0.0080518
-2.6973	0.84	0.0052064
-2.6973	0.87613	0.012626
-2.6973	0.91226	0.010637
-2.6973	1.0207	0.0065839
-2.6973	1.0568	0.009248
-2.6973	1.2013	0.0061535
-2.6973	1.2374	0.0053973
-2.6973	1.8155	0.0074945
-2.6973	1.8516	0.0084939
-2.6973	1.8878	0.005708
-2.6736	0.18968	0.0076296
-2.6736	0.2258	0.014592
-2.6736	0.26194	0.010584
-2.6736	0.3342	0.012698
-2.6736	0.37032	0.062502
-2.6736	0.40645	0.12974
-2.6736	0.44258	0.16709
-2.6736	0.47871	0.14777
-2.6736	0.51484	0.091459
-2.6736	0.55097	0.038783
-2.6736	0.5871	0.010646
-2.6736	0.73162	0.0052408
-2.6736	0.87613	0.0095448
-2.6736	0.91226	0.0082695
-2.6736	1.0207	0.008844
-2.6736	1.0568	0.011743
-2.6736	1.0929	0.0056131
-2.6736	1.2013	0.010805
-2.6736	1.2374	0.0088298
-2.6736	1.3458	0.006847
-2.6736	1.382	0.0095493
-2.6736	1.4181	0.004976
-2.6736	1.5265	0.0073024
-2.6736	1.5626	0.0069554
-2.6736	1.6709	0.0052224
-2.6736	1.7071	0.011002
-2.6736	1.7432	0.011545
-2.6736	1.7793	0.0071705
-2.6498	0.18968	0.0064543
-2.6498	0.2258	0.011351
-2.6498	0.26194	0.0074921
-2.6498	0.3342	0.015297
-2.6498	0.37032	0.0704
-2.6498	0.40645	0.15114
-2.6498	0.44258	0.20995
-2.6498	0.47871	0.20642
-2.6498	0.51484	0.14503
-2.6498	0.55097	0.068937
-2.6498	0.5871	0.01847
-2.6498	1.0207	0.005623
-2.6498	1.0568	0.007724
-2.6498	1.1651	0.0060035
-2.6498	1.2013	0.013209
-2.6498	1.2374	0.010509
-2.6498	1.3458	0.013198
-2.6498	1.382	0.017447
-2.6498	1.4181	0.0084122
-2.6498	1.4903	0.0073995
-2.6498	1.5265	0.019198
-2.6498	1.5626	0.017762
-2.6498	1.6709	0.023201
-2.6498	1.7071	0.053244
-2.6498	1.7432	0.067728
-2.6498	1.7793	0.057283
-2.6498	1.8155	0.033566
-2.6498	1.8516	0.013228
-2.6258	-0.85806	0.0055082
-2.6258	0.18968	0.0050686
-2.6258	0.2258	0.0081436
-2.6258	0.3342	0.015609
-2.6258	0.37032	0.065748
-2.6258	0.40645	0.13931
-2.6258	0.44258	0.19593
-2.6258	0.47871	0.19778
-2.6258	0.51484	0.1438
-2.6258	0.55097	0.070594
-2.6258	0.5871	0.018722
-2.6258	0.69549	0.0056096
-2.6258	1.2013	0.006458
-2.6258	1.2374	0.0052446
-2.6258	1.3458	0.013166
-2.6258	1.382	0.017602
-2.6258	1.4181	0.0081905
-2.6258	1.4903	0.013788
-2.6258	1.5265	0.034075
-2.6258	1.5626	0.031224
-2.6258	1.5987	0.0075311
-2.6258	1.6349	0.0086154
-2.6258	1.6709	0.068391
-2.6258	1.7071	0.15932
-2.6258	1.7432	0.21541
-2.6258	1.7793	0.19885
-2.6258	1.8155	0.13059
-2.6258	1.8516	0.059594
-2.6258	1.8878	0.016899
-2.6021	-0.89419	0.007906
-2.6021	-0.85806	0.0093364
-2.6021	-0.82193	0.0079423
-2.6021	0.2258	0.0054583
-2.6021	0.3342	0.01455
-2.6021	0.37032	0.056366
-2.6021	0.40645	0.11663
-2.6021	0.44258	0.16318
-2.6021	0.47871	0.16504
-2.6021	0.51484	0.12031
-2.6021	0.55097	0.058601
-2.6021	0.5871	0.014653
-2.6021	0.69549	0.0071422
-2.6021	1.3458	0.0051552
-2.6021	1.382	0.006917
-2.6021	1.4903	0.010449
-2.6021	1.5265	0.02564
-2.6021	1.5626	0.024042
-2.6021	1.5987	0.0050684
-2.6021	1.6349	0.013983
-2.6021	1.6709	0.10098
-2.6021	1.7071	0.24957
-2.6021	1.7432	0.36906
-2.6021	1.7793	0.37573
-2.6021	1.8155	0.27234
-2.6021	1.8516	0.13645
-2.6021	1.8878	0.041616
-2.5783	-0.93032	0.0062757
-2.5783	-0.89419	0.010671
-2.5783	-0.85806	0.012848
-2.5783	-0.82193	0.011131
-2.5783	-0.7858	0.0066099
-2.5783	0.3342	0.012382
-2.5783	0.37032	0.044641
-2.5783	0.40645	0.090269
-2.5783	0.44258	0.12519
-2.5783	0.47871	0.12602
-2.5783	0.51484	0.091155
-2.5783	0.55097	0.043391
-2.5783	0.5871	0.0099618
-2.5783	0.69549	0.0071154
-2.5783	1.5265	0.0092431
-2.5783	1.5626	0.0083804
-2.5783	1.6349	0.0093078
-2.5783	1.6709	0.061119
-2.5783	1.7071	0.1574
-2.5783	1.7432	0.25137
-2.5783	1.7793	0.28081
-2.5783	1.8155	0.22495
-2.5783	1.8516	0.12436
-2.5783	1.8878	0.040918
-2.5783	1.9962	0.0056132
-2.5545	-0.93032	0.0065252
-2.5545	-0.89419	0.01155
-2.5545	-0.85806	0.014444
-2.5545	-0.82193	0.012877
-2.5545	-0.7858	0.0077399
-2.5545	0.3342	0.0093376
-2.5545	0.37032	0.031869
-2.5545	0.40645	0.063473
-2.5545	0.44258	0.087634
-2.5545	0.47871	0.087917
-2.5545	0.51484	0.063011
-2.5545	0.55097	0.029152
-2.5545	0.5871	0.0060283
-2.5545	0.69549	0.0061475
-2.5545	1.6709	0.024047
-2.5545	1.7071	0.061617
-2.5545	1.7432	0.10045
-2.5545	1.7793	0.11566
-2.5545	1.8155	0.095839
-2.5545	1.8516	0.054597
-2.5545	1.8878	0.018046
-2.5307	-0.93032	0.0054981
-2.5307	-0.89419	0.0092658
-2.5307	-0.85806	0.012023
-2.5307	-0.82193	0.011379
-2.5307	-0.7858	0.0071587
-2.5307	0.3342	0.0058225
-2.5307	0.37032	0.019351
-2.5307	0.40645	0.038698
-2.5307	0.44258	0.05394
-2.5307	0.47871	0.054482
-2.5307	0.51484	0.038942
-2.5307	0.55097	0.017536
-2.5307	1.6709	0.0074478
-2.5307	1.7071	0.019436
-2.5307	1.7432	0.032676
-2.5307	1.7793	0.038722
-2.5307	1.8155	0.032761
-2.5307	1.8516	0.018765
-2.5307	1.8878	0.0059891
-2.5069	-0.96645	0.0062667
-2.5069	-0.93032	0.011217
-2.5069	-0.89419	0.013457
-2.5069	-0.85806	0.012125
-2.5069	-0.82193	0.008755
-2.5069	0.37032	0.0086709
-2.5069	0.40645	0.018301
-2.5069	0.44258	0.026752
-2.5069	0.47871	0.027997
-2.5069	0.51484	0.020383
-2.5069	0.55097	0.0090506
-2.5069	1.7432	0.007739
-2.5069	1.7793	0.01002
-2.5069	1.8155	0.0090523
-2.5069	1.8516	0.00538
-2.483	-0.96645	0.0092962
-2.483	-0.93032	0.018136
-2.483	-0.89419	0.023871
-2.483	-0.85806	0.022263
-2.483	-0.82193	0.014515
-2.483	-0.7858	0.0060902
-2.483	0.44258	0.0083614
-2.483	0.47871	0.0099365
-2.483	0.51484	0.0078697
-2.4592	-0.96645	0.0099831
-2.4592	-0.93032	0.019555
-2.4592	-0.89419	0.026508
-2.4592	-0.85806	0.025929
-2.4592	-0.82193	0.017897
-2.4592	-0.7858	0.0078052
-2.4353	-0.96645	0.0095634
-2.4353	-0.93032	0.01837
-2.4353	-0.89419	0.024764
-2.4353	-0.85806	0.024254
-2.4353	-0.82193	0.016775
-2.4353	-0.7858	0.0072305
-2.4353	0.3342	0.0077756
-2.4353	0.37032	0.012263
-2.4353	0.40645	0.012182
-2.4353	0.44258	0.0082002
-2.4353	1.7071	0.0055621
-2.4353	1.7432	0.0051764
-2.4116	-0.96645	0.00849
-2.4116	-0.93032	0.015919
-2.4116	-0.89419	0.021161
-2.4116	-0.85806	0.020486
-2.4116	-0.82193	0.013939
-2.4116	-0.7858	0.0057811
-2.4116	0.15355	0.0057285
-2.4116	0.18968	0.0072514
-2.4116	0.29807	0.0079249
-2.4116	0.3342	0.02564
-2.4116	0.37032	0.042295
-2.4116	0.40645	0.046157
-2.4116	0.44258	0.035783
-2.4116	0.47871	0.01965
-2.4116	0.51484	0.0070955
-2.4116	1.6709	0.0060618
-2.4116	1.7071	0.0085788
-2.4116	1.7432	0.0083893
-2.4116	1.7793	0.005893
-2.3878	-0.96645	0.0070176
-2.3878	-0.93032	0.012843
-2.3878	-0.89419	0.016793
-2.3878	-0.85806	0.016001
-2.3878	-0.82193	0.010637
-2.3878	0.15355	0.0093869
-2.3878	0.18968	0.011962
-2.3878	0.29807	0.021949
-2.3878	0.3342	0.066999
-2.3878	0.37032	0.11047
-2.3878	0.40645	0.12302
-2.3878	0.44258	0.098653
-2.3878	0.47871	0.056672
-2.3878	0.51484	0.021527
-2.3878	1.6709	0.0073641
-2.3878	1.7071	0.010438
-2.3878	1.7432	0.010368
-2.3878	1.7793	0.0074438
-2.3639	-0.96645	0.0053835
-2.3639	-0.93032	0.0096287
-2.3639	-0.89419	0.01238
-2.3639	-0.85806	0.01159
-2.3639	-0.82193	0.0074992
-2.3639	0.18968	0.0071488
-2.3639	0.29807	0.036172
-2.3639	0.3342	0.11867
-2.3639	0.37032	0.21386
-2.3639	0.40645	0.25631
-2.3639	0.44258	0.21678
-2.3639	0.47871	0.1288
-2.3639	0.51484	0.049403
-2.3639	0.55097	0.0088951
-2.3639	1.6709	0.0077075
-2.3639	1.7071	0.010845
-2.3639	1.7432	0.010798
-2.3639	1.7793	0.007788
-2.34	-0.93032	0.0066696
-2.34	-0.89419	0.0084367
-2.34	-0.85806	0.007754
-2.34	0.29807	0.01675
-2.34	0.3342	0.065253
-2.34	0.37032	0.1472
-2.34	0.40645	0.22229
-2.34	0.44258	0.2332
-2.34	0.47871	0.16643
-2.34	0.51484	0.072859
-2.34	0.55097	0.01343
-2.34	0.62323	0.00754
-2.34	0.65936	0.0091121
-2.34	1.6709	0.0071035
-2.34	1.7071	0.0099113
-2.34	1.7432	0.0098539
-2.34	1.7793	0.0070928
-2.3163	-0.89419	0.0052683
-2.3163	0.3342	0.013445
-2.3163	0.37032	0.032035
-2.3163	0.40645	0.055144
-2.3163	0.44258	0.069007
-2.3163	0.47871	0.06024
-2.3163	0.51484	0.032246
-2.3163	0.55097	0.0067145
-2.3163	0.62323	0.0093177
-2.3163	0.65936	0.012615
-2.3163	0.69549	0.0064351
-2.3163	1.6709	0.0057294
-2.3163	1.7071	0.007976
-2.3163	1.7432	0.0079428
-2.3163	1.7793	0.0057084
-2.2925	0.3342	0.0069916
-2.2925	0.37032	0.010162
-2.2925	0.40645	0.012134
-2.2925	0.44258	0.012509
-2.2925	0.47871	0.010318
-2.2925	0.51484	0.0055848
-2.2925	1.7071	0.0054662
-2.2925	1.7432	0.0055295
-2.2687	0.29807	0.006474
-2.2687	0.3342	0.013083
-2.2687	0.37032	0.01667
-2.2687	0.40645	0.015026
-2.2687	0.44258	0.0099319
-2.2449	0.29807	0.010222
-2.2449	0.3342	0.020727
-2.2449	0.37032	0.027205
-2.2449	0.40645	0.025382
-2.2449	0.44258	0.017039
-2.2449	0.47871	0.0078072
-2.221	0.29807	0.013192
-2.221	0.3342	0.026384
-2.221	0.37032	0.034984
-2.221	0.40645	0.033341
-2.221	0.44258	0.022957
-2.221	0.47871	0.010721
-2.1972	0.29807	0.014733
-2.1972	0.3342	0.028822
-2.1972	0.37032	0.038098
-2.1972	0.40645	0.036468
-2.1972	0.44258	0.025243
-2.1972	0.47871	0.011746
-2.1972	1.5987	0.005642
-2.1972	1.6349	0.01217
-2.1972	1.6709	0.01492
-2.1972	1.7071	0.011998
-2.1972	1.7432	0.0065702
-2.1734	0.29807	0.01465
-2.1734	0.3342	0.027964
-2.1734	0.37032	0.036625
-2.1734	0.40645	0.03491
-2.1734	0.44258	0.024021
-2.1734	0.47871	0.01097
-2.1734	1.6349	0.012291
-2.1734	1.6709	0.019131
-2.1734	1.7071	0.020282
-2.1734	1.7432	0.014917
-2.1734	1.7793	0.0073018
-2.1496	0.29807	0.013135
-2.1496	0.3342	0.024471
-2.1496	0.37032	0.031677
-2.1496	0.40645	0.029939
-2.1496	0.44258	0.020353
-2.1496	0.47871	0.0090365
-2.1496	1.6349	0.0057084
-2.1496	1.6709	0.0093316
-2.1496	1.7071	0.010806
-2.1496	1.7432	0.0090239
-2.1496	1.7793	0.0051898
-2.1258	0.29807	0.010651
-2.1258	0.3342	0.019407
-2.1258	0.37032	0.024818
-2.1258	0.40645	0.023214
-2.1258	0.44258	0.015537
-2.1258	0.47871	0.0066619
-2.1019	0.29807	0.0077875
-2.1019	0.3342	0.01392
-2.1019	0.37032	0.017601
-2.1019	0.40645	0.016282
-2.1019	0.44258	0.010704
-2.0781	0.29807	0.0050907
-2.0781	0.3342	0.0089623
-2.0781	0.37032	0.011221
-2.0781	0.40645	0.010266
-2.0781	0.44258	0.0066162
-2.0542	0.3342	0.005123
-2.0542	0.37032	0.0063556
-2.0542	0.40645	0.0057443
-1.2921	0.2258	0.007298
-1.2921	0.26194	0.0080855
-1.2921	0.29807	0.0062046
-1.2682	0.15355	0.0094409
-1.2682	0.18968	0.025326
-1.2682	0.2258	0.049881
-1.2682	0.26194	0.072419
-1.2682	0.29807	0.070807
-1.2682	0.3342	0.037673
-1.2682	0.37032	0.0060851
-1.2682	0.44258	0.011401
-1.2682	0.47871	0.012168
-1.2445	0.081291	0.0054049
-1.2445	0.11742	0.051673
-1.2445	0.15355	0.094874
-1.2445	0.18968	0.1892
-1.2445	0.2258	0.20276
-1.2445	0.26194	0.10567
-1.2445	0.29807	0.041699
-1.2445	0.3342	0.011621
-1.2206	-0.027097	0.0068201
-1.2206	0.0090325	0.0059913
-1.2206	0.11742	0.009456
-1.2206	0.15355	0.013553
-1.2206	0.18968	0.014664
-1.2206	0.2258	0.012565
-1.2206	0.26194	0.0084405
-1.1016	1.4181	0.0096272
-1.1016	1.4542	0.011881
-1.1016	1.4903	0.0050723
-1.0777	1.4542	0.012149
-1.0777	1.4903	0.023793
-1.0777	1.5265	0.016282
-1.0539	1.5265	0.010498
-1.0539	1.5626	0.01288
0.51804	-0.96645	0.012503
0.54186	-0.93032	0.0054592
0.6133	-0.89419	0.0084632
0.63712	-0.89419	0.026597
0.66094	-0.85806	0.023537
0.68476	-0.85806	0.020691
0.70857	-0.85806	0.0088058
0.70857	-0.82193	0.019917
0.7324	-0.82193	0.056572
0.75621	-0.82193	0.023557
0.75621	-0.7858	0.079474
0.78002	-0.82193	0.0059099
0.78002	-0.7858	0.07053
0.80385	-0.7858	0.0098007
0.80385	-0.74968	0.013044
0.82767	-0.71355	0.0069842
0.85148	-0.71355	0.098345
0.85148	-0.67742	0.0085163
0.8753	-0.71355	0.019273
0.8753	-0.67742	0.1036
0.89912	-0.67742	0.13138
0.89912	-0.64129	0.077064
0.89912	-0.20774	0.0063242
0.89912	-0.17162	0.0074477
0.89912	-0.13549	0.0063574
0.92294	-0.67742	0.0082097
0.92294	-0.64129	0.034632
0.92294	-0.24387	0.0068402
0.92294	-0.20774	0.011566
0.92294	-0.17162	0.013544
0.92294	-0.13549	0.011613
0.92294	-0.099357	0.0072183
0.94676	-0.60516	0.015451
0.94676	-0.56903	0.010786
0.94676	-0.24387	0.011322
0.94676	-0.20774	0.018485
0.94676	-0.17162	0.021282
0.94676	-0.13549	0.018071
0.94676	-0.099357	0.011117
0.97056	-0.56903	0.14102
0.97056	-0.5329	0.011575
0.97056	-0.28	0.0068001
0.97056	-0.24387	0.017118
0.97056	-0.20774	0.02684
0.97056	-0.17162	0.030149
0.97056	-0.13549	0.02512
0.97056	-0.099357	0.015132
0.97056	-0.063226	0.0058761
0.99436	-0.56903	0.012937
0.99436	-0.5329	0.12152
0.99436	-0.28	0.010477
0.99436	-0.24387	0.024256
0.99436	-0.20774	0.036311
0.99436	-0.17162	0.039522
0.99436	-0.13549	0.032078
0.99436	-0.099357	0.018766
0.99436	-0.063226	0.0069361
1.0182	-0.5329	0.0089236
1.0182	-0.49677	0.011606
1.0182	-0.46064	0.0075631
1.0182	-0.42451	0.0072017
1.0182	-0.28	0.015571
1.0182	-0.24387	0.032953
1.0182	-0.20774	0.046717
1.0182	-0.17162	0.048887
1.0182	-0.13549	0.038364
1.0182	-0.099357	0.021624
1.0182	-0.063226	0.007525
1.0421	-0.46064	0.10436
1.0421	-0.42451	0.037363
1.0421	-0.38838	0.0064786
1.0421	-0.31613	0.00632
1.0421	-0.28	0.023113
1.0421	-0.24387	0.044031
1.0421	-0.20774	0.058351
1.0421	-0.17162	0.058091
1.0421	-0.13549	0.043672
1.0421	-0.099357	0.023503
1.0421	-0.063226	0.0076099
1.0659	-0.46064	0.0080075
1.0659	-0.42451	0.15173
1.0659	-0.38838	0.053704
1.0659	-0.31613	0.012962
1.0659	-0.28	0.036325
1.0659	-0.24387	0.06009
1.0659	-0.20774	0.0727
1.0659	-0.17162	0.06771
1.0659	-0.13549	0.048138
1.0659	-0.099357	0.02445
1.0659	-0.063226	0.007261
1.0897	-0.42451	0.0082164
1.0897	-0.38838	0.050535
1.0897	-0.35226	0.016576
1.0897	-0.31613	0.042209
1.0897	-0.28	0.069716
1.0897	-0.24387	0.090341
1.0897	-0.20774	0.094673
1.0897	-0.17162	0.079935
1.0897	-0.13549	0.052599
1.0897	-0.099357	0.024785
1.0897	-0.063226	0.0066292
1.1134	-0.35226	0.021685
1.1134	-0.31613	0.5451
1.1134	-0.28	0.33451
1.1134	-0.24387	0.18876
1.1134	-0.20774	0.1442
1.1134	-0.17162	0.10205
1.1134	-0.13549	0.059463
1.1134	-0.099357	0.025228
1.1134	-0.063226	0.0059245
1.1134	1.0568	0.0089943
1.1134	1.0929	0.0145
1.1134	1.129	0.016839
1.1134	1.1651	0.014705
1.1134	1.2013	0.0095227
1.1373	-0.31613	0.043495
1.1373	-0.28	1.031
1.1373	-0.24387	1.7571
1.1373	-0.20774	0.41681
1.1373	-0.17162	0.17212
1.1373	-0.13549	0.0775
1.1373	-0.099357	0.027592
1.1373	-0.063226	0.0054518
1.1373	1.0207	0.01232
1.1373	1.0568	0.033067
1.1373	1.0929	0.059191
1.1373	1.129	0.080862
1.1373	1.1651	0.08975
1.1373	1.2013	0.083896
1.1373	1.2374	0.061668
1.1373	1.2735	0.011439
1.1612	-0.28	0.032416
1.1612	-0.24387	0.40393
1.1612	-0.20774	2.0637
1.1612	-0.17162	1.4038
1.1612	-0.13549	0.18774
1.1612	-0.099357	0.04071
1.1612	-0.063226	0.0059927
1.1612	0.98452	0.0085353
1.1612	1.0207	0.051357
1.1612	1.0568	0.16049
1.1612	1.0929	0.38412
1.1612	1.129	0.85652
1.1612	1.1651	1.3081
1.1612	1.2013	0.59976
1.1612	1.2374	0.11797
1.185	-0.24387	0.017013
1.185	-0.20774	0.064281
1.185	-0.17162	0.38643
1.185	-0.13549	0.82052
1.185	-0.099357	0.30054
1.185	-0.063226	0.016324
1.185	0.0090325	0.0060864
1.185	0.045162	0.0056082
1.185	0.87613	0.0090794
1.185	0.91226	0.0067574
1.185	0.98452	0.065179
1.185	1.0207	0.55029
1.185	1.0568	2.1897
1.185	1.0929	2.7328
1.185	1.129	2.0873
1.185	1.1651	0.53707
1.185	1.2013	0.1071
1.185	1.2374	0.01525
1.2087	-0.24387	0.0060285
1.2087	-0.20774	0.010376
1.2087	-0.17162	0.016384
1.2087	-0.13549	0.024956
1.2087	-0.099357	0.040034
1.2087	-0.063226	0.041619
1.2087	-0.027097	0.025492
1.2087	0.0090325	0.03873
1.2087	0.045162	0.015415
1.2087	0.37032	0.0060663
1.2087	0.40645	0.0058444
1.2087	0.84	0.020092
1.2087	0.87613	0.053381
1.2087	0.91226	0.048533
1.2087	0.94839	0.024532
1.2087	0.98452	0.40613
1.2087	1.0207	1.0206
1.2087	1.0568	0.77077
1.2087	1.0929	0.45135
1.2087	1.129	0.23096
1.2087	1.1651	0.096684
1.2087	1.2013	0.02981
1.2087	1.2374	0.0052939
1.2326	-0.24387	0.0060614
1.2326	-0.20774	0.0077754
1.2326	-0.17162	0.0077515
1.2326	-0.13549	0.0059745
1.2326	0.0090325	0.017
1.2326	0.045162	0.050964
1.2326	0.081291	0.019499
1.2326	0.11742	0.011985
1.2326	0.15355	0.014638
1.2326	0.18968	0.013518
1.2326	0.2258	0.0082504
1.2326	0.3342	0.0093241
1.2326	0.37032	0.013221
1.2326	0.40645	0.01226
1.2326	0.44258	0.0080772
1.2326	0.47871	0.0059461
1.2326	0.51484	0.008232
1.2326	0.55097	0.010974
1.2326	0.5871	0.0086889
1.2326	0.69549	0.011561
1.2326	0.73162	0.019534
1.2326	0.76774	0.0052393
1.2326	0.80387	0.021927
1.2326	0.84	0.10626
1.2326	0.87613	0.14131
1.2326	0.91226	0.029576
1.2326	0.94839	0.0067064
1.2326	0.98452	0.053173
1.2326	1.0207	0.10642
1.2326	1.0568	0.12893
1.2326	1.0929	0.11338
1.2326	1.129	0.07572
1.2326	1.1651	0.03786
1.2326	1.2013	0.013063
1.2563	-0.24387	0.0064742
1.2563	-0.20774	0.0076472
1.2563	-0.17162	0.0066436
1.2563	0.15355	0.0085325
1.2563	0.18968	0.031841
1.2563	0.2258	0.031708
1.2563	0.26194	0.01507
1.2563	0.29807	0.023688
1.2563	0.3342	0.0625
1.2563	0.37032	0.10151
1.2563	0.40645	0.10134
1.2563	0.44258	0.075692
1.2563	0.47871	0.068252
1.2563	0.51484	0.084599
1.2563	0.55097	0.08368
1.2563	0.5871	0.049459
1.2563	0.62323	0.013387
1.2563	0.65936	0.010695
1.2563	0.69549	0.029401
1.2563	0.73162	0.016599
1.2563	0.84	0.010041
1.2563	0.87613	0.0083602
1.2563	0.98452	0.015241
1.2563	1.0207	0.034831
1.2563	1.0568	0.048077
1.2563	1.0929	0.047125
1.2563	1.129	0.034311
1.2563	1.1651	0.018291
1.2563	1.2013	0.0065358
1.2802	-0.24387	0.0061283
1.2802	-0.20774	0.006931
1.2802	-0.17162	0.0056341
1.2802	0.3342	0.0051822
1.2802	0.37032	0.009474
1.2802	0.40645	0.010644
1.2802	0.44258	0.0090429
1.2802	0.47871	0.0089453
1.2802	0.51484	0.010498
1.2802	0.55097	0.0093009
1.2802	0.98452	0.0067058
1.2802	1.0207	0.015512
1.2802	1.0568	0.022286
1.2802	1.0929	0.022797
1.2802	1.129	0.017231
1.2802	1.1651	0.0094318
1.3041	-0.20774	0.0055625
1.3041	1.0207	0.0075931
1.3041	1.0568	0.011046
1.3041	1.0929	0.011518
1.3041	1.129	0.0088601
1.3279	1.0568	0.0054929
1.3279	1.0929	0.0057796
1.9232	-0.35226	0.0051173
1.9471	-0.38838	0.0073002
1.9471	-0.35226	0.0083843
1.9471	-0.31613	0.0069111
1.971	-0.42451	0.0059352
1.971	-0.38838	0.0099263
1.971	-0.35226	0.011463
1.971	-0.31613	0.0095385
1.971	-0.28	0.0055707
1.9948	-0.42451	0.0071111
1.9948	-0.38838	0.011777
1.9948	-0.35226	0.0136
1.9948	-0.31613	0.011337
1.9948	-0.28	0.0065944
2.0185	-0.42451	0.0075228
2.0185	-0.38838	0.012352
2.0185	-0.35226	0.014249
2.0185	-0.31613	0.011865
2.0185	-0.28	0.0068395
2.0423	-0.42451	0.0070066
2.0423	-0.38838	0.01146
2.0423	-0.35226	0.013239
2.0423	-0.31613	0.011019
2.0423	-0.28	0.0062856
2.0661	-0.42451	0.0056488
2.0661	-0.38838	0.0092925
2.0661	-0.35226	0.010823
2.0661	-0.31613	0.0090451
2.0661	-0.28	0.0051163
2.09	-0.38838	0.0063811
2.09	-0.35226	0.0076007
2.09	-0.31613	0.006447
2.1852	0.91226	0.0053901
2.209	0.87613	0.007439
2.209	0.91226	0.0096798
2.209	0.94839	0.009011
2.209	0.98452	0.0060155
2.2329	0.84	0.0066853
2.2329	0.87613	0.01337
2.2329	0.91226	0.017904
2.2329	0.94839	0.017257
2.2329	0.98452	0.011912
2.2329	1.0207	0.0053937
2.2568	-0.46064	0.0051497
2.2568	-0.42451	0.0070838
2.2568	-0.38838	0.0070483
2.2568	-0.35226	0.0051077
2.2568	0.84	0.012678
2.2568	0.87613	0.025886
2.2568	0.91226	0.035699
2.2568	0.94839	0.035235
2.2568	0.98452	0.024454
2.2568	1.0207	0.010725
2.2805	-0.46064	0.0070585
2.2805	-0.42451	0.009742
2.2805	-0.38838	0.0098471
2.2805	-0.35226	0.0072973
2.2805	0.80387	0.0063915
2.2805	0.84	0.022727
2.2805	0.87613	0.043794
2.2805	0.91226	0.055469
2.2805	0.94839	0.048486
2.2805	0.98452	0.028689
2.2805	1.0207	0.010306
2.3043	-0.46064	0.0088807
2.3043	-0.42451	0.012199
2.3043	-0.38838	0.012396
2.3043	-0.35226	0.0092718
2.3043	0.80387	0.0060893
2.3043	0.84	0.017805
2.3043	0.87613	0.028583
2.3043	0.91226	0.030476
2.3043	0.94839	0.022847
2.3043	0.98452	0.01187
2.3281	-0.49677	0.0055038
2.3281	-0.46064	0.010513
2.3281	-0.42451	0.014334
2.3281	-0.38838	0.014579
2.3281	-0.35226	0.010941
2.3281	-0.31613	0.0056129
2.3281	0.84	0.005114
2.3281	0.87613	0.0081388
2.3281	0.91226	0.0088357
2.3281	0.94839	0.0068491
2.3519	-0.49677	0.0063388
2.3519	-0.46064	0.011853
2.3519	-0.42451	0.016073
2.3519	-0.38838	0.016373
2.3519	-0.35226	0.012318
2.3519	-0.31613	0.0062837
2.3758	-0.49677	0.0068459
2.3758	-0.46064	0.012666
2.3758	-0.42451	0.017233
2.3758	-0.38838	0.017705
2.3758	-0.35226	0.013423
2.3758	-0.31613	0.0068268
2.3996	-0.49677	0.0065799
2.3996	-0.46064	0.012287
2.3996	-0.42451	0.017096
2.3996	-0.38838	0.018002
2.3996	-0.35226	0.013922
2.3996	-0.31613	0.0071148
2.4234	-0.46064	0.0088374
2.4234	-0.42451	0.012989
2.4234	-0.38838	0.014262
2.4234	-0.35226	0.011221
2.4234	-0.31613	0.0056553
2.471	-0.49677	0.0053467
2.471	-0.46064	0.0053509
2.4949	-0.5329	0.0079009
2.4949	-0.49677	0.012548
2.4949	-0.46064	0.013491
2.4949	-0.42451	0.010621
2.4949	-0.38838	0.0062089
2.5187	-0.5329	0.008779
2.5187	-0.49677	0.014322
2.5187	-0.46064	0.016118
2.5187	-0.42451	0.013405
2.5187	-0.38838	0.0082829
2.5426	-0.5329	0.0083672
2.5426	-0.49677	0.013876
2.5426	-0.46064	0.016075
2.5426	-0.42451	0.013794
2.5426	-0.38838	0.0087463
2.5663	-0.5329	0.007496
2.5663	-0.49677	0.012551
2.5663	-0.46064	0.014837
2.5663	-0.42451	0.013003
2.5663	-0.38838	0.008364
2.5901	-1.7974	0.0060737
2.5901	-1.7613	0.007853
2.5901	-1.7251	0.0071283
2.5901	-0.5329	0.0063792
2.5901	-0.49677	0.010779
2.5901	-0.46064	0.012982
2.5901	-0.42451	0.011591
2.5901	-0.38838	0.0075375
2.6139	-1.8336	0.0068518
2.6139	-1.7974	0.012526
2.6139	-1.7613	0.016026
2.6139	-1.7251	0.014059
2.6139	-1.689	0.0075756
2.6139	-0.5329	0.0051192
2.6139	-0.49677	0.0087703
2.6139	-0.46064	0.010799
2.6139	-0.42451	0.0098503
2.6139	-0.38838	0.0064864
2.6378	-1.8336	0.010165
2.6378	-1.7974	0.015479
2.6378	-1.7613	0.016381
2.6378	-1.7251	0.011829
2.6378	-1.689	0.0052362
2.6378	-0.49677	0.006654
2.6378	-0.46064	0.0084534
2.6378	-0.42451	0.0079415
2.6378	-0.38838	0.005332
2.6616	-1.8336	0.0070478
2.6616	-1.7974	0.0085176
2.6616	-1.7613	0.0075579
2.6616	-0.46064	0.0060431
2.6616	-0.42451	0.0059473
2.7569	-0.56903	0.0051234
2.7569	-0.5329	0.0087509
2.7569	-0.49677	0.009535
2.7569	-0.46064	0.0069606
2.7807	-0.56903	0.0085823
2.7807	-0.5329	0.014149
2.7807	-0.49677	0.015402
2.7807	-0.46064	0.011599
2.7807	-0.42451	0.0058192
2.8045	-0.56903	0.0068804
2.8045	-0.5329	0.011184
2.8045	-0.49677	0.012355
2.8045	-0.46064	0.0096406
2.8045	-0.42451	0.0051069
2.8283	-0.5329	0.0074709
2.8283	-0.49677	0.0084295
2.8283	-0.46064	0.0067893
2.8521	-0.5329	0.0052022
2.8521	-0.49677	0.0058601
2.9237	-0.56903	0.0059955
2.9237	-0.5329	0.007501
2.9237	-0.49677	0.0068496
2.9474	-0.60516	0.0063403
2.9474	-0.56903	0.011482
2.9474	-0.5329	0.014096
2.9474	-0.49677	0.012523
2.9474	-0.46064	0.0080052
2.9712	-0.60516	0.012685
2.9712	-0.56903	0.022806
2.9712	-0.5329	0.02799
2.9712	-0.49677	0.024759
2.9712	-0.46064	0.01554
2.9712	-0.42451	0.0062291
2.995	-0.64129	0.0075695
2.995	-0.60516	0.023349
2.995	-0.56903	0.04145
2.995	-0.5329	0.050504
2.995	-0.49677	0.044171
2.995	-0.46064	0.027049
2.995	-0.42451	0.010224
3.0188	-0.64129	0.0098693
3.0188	-0.60516	0.028702
3.0188	-0.56903	0.049175
3.0188	-0.5329	0.058054
3.0188	-0.49677	0.049012
3.0188	-0.46064	0.02863
3.0188	-0.42451	0.0099848
3.0427	-0.64129	0.0065133
3.0427	-0.60516	0.018118
3.0427	-0.56903	0.030359
3.0427	-0.5329	0.03526
3.0427	-0.49677	0.029255
3.0427	-0.46064	0.01663
3.0427	-0.42451	0.0054522
3.0665	-0.60516	0.0077412
3.0665	-0.56903	0.01321
3.0665	-0.5329	0.015704
3.0665	-0.49677	0.013297
3.0665	-0.46064	0.0076171
3.0903	-0.56903	0.0055953
3.0903	-0.5329	0.0068137
3.0903	-0.49677	0.0059387
3.1618	-0.64129	0.0052222
3.1618	-0.60516	0.0090674
3.1618	-0.56903	0.010873
3.1618	-0.5329	0.0095868
3.1618	-0.49677	0.0062178
3.1856	-0.64129	0.010894
3.1856	-0.60516	0.018946
3.1856	-0.56903	0.022823
3.1856	-0.5329	0.020022
3.1856	-0.49677	0.012635
3.1856	-0.46064	0.0052391
3.2094	-0.67742	0.0057224
3.2094	-0.64129	0.016417
3.2094	-0.60516	0.028096
3.2094	-0.56903	0.033481
3.2094	-0.5329	0.028927
3.2094	-0.49677	0.017713
3.2094	-0.46064	0.0068613
3.2332	-0.67742	0.0051832
3.2332	-0.64129	0.014266
3.2332	-0.60516	0.024013
3.2332	-0.56903	0.028316
3.2332	-0.5329	0.024149
3.2332	-0.49677	0.014422
3.2332	-0.46064	0.0052532
3.2571	-0.64129	0.0085063
3.2571	-0.60516	0.014428
3.2571	-0.56903	0.017223
3.2571	-0.5329	0.014816
3.2571	-0.49677	0.0088032
3.2809	-0.60516	0.0077629
3.2809	-0.56903	0.0095443
3.2809	-0.5329	0.0084134
3.3047	-0.56903	0.0051111
3.3523	-0.64129	0.0060498
3.3523	-0.60516	0.0067297
3.3523	-0.56903	0.0054986
3.3761	-0.67742	0.0075027
3.3761	-0.64129	0.01224
3.3761	-0.60516	0.013532
3.3761	-0.56903	0.010735
3.3761	-0.5329	0.0060565
3.3999	-1.9058	0.0051962
3.3999	-0.67742	0.008969
3.3999	-0.64129	0.014727
3.3999	-0.60516	0.016564
3.3999	-0.56903	0.013368
3.3999	-0.5329	0.0075794
3.4238	-0.67742	0.0080924
3.4238	-0.64129	0.013527
3.4238	-0.60516	0.01562
3.4238	-0.56903	0.012937
3.4238	-0.5329	0.0074533
3.4476	-0.67742	0.006707
3.4476	-0.64129	0.011548
3.4476	-0.60516	0.013781
3.4476	-0.56903	0.011748
3.4476	-0.5329	0.0068699
3.4714	-0.64129	0.0090039
3.4714	-0.60516	0.011242
3.4714	-0.56903	0.0099192
3.4714	-0.5329	0.0058816
3.4953	-0.60516	0.0067629
3.4953	-0.56903	0.0062848
3.5667	-0.67742	0.005712
3.5667	-0.64129	0.0061462
3.5905	-0.71355	0.0073476
3.5905	-0.67742	0.012116
3.5905	-0.64129	0.01373
3.5905	-0.60516	0.011244
3.5905	-0.56903	0.0065675
3.6143	-0.71355	0.011424
3.6143	-0.67742	0.019026
3.6143	-0.64129	0.022027
3.6143	-0.60516	0.018477
3.6143	-0.56903	0.010987
3.6381	-0.71355	0.012189
3.6381	-0.67742	0.020367
3.6381	-0.64129	0.023858
3.6381	-0.60516	0.020248
3.6381	-0.56903	0.012075
3.662	-0.71355	0.0097505
3.662	-0.67742	0.016495
3.662	-0.64129	0.019676
3.662	-0.60516	0.016966
3.662	-0.56903	0.01016
3.6858	-0.71355	0.0067391
3.6858	-0.67742	0.011689
3.6858	-0.64129	0.014343
3.6858	-0.60516	0.012661
3.6858	-0.56903	0.0076464
3.7096	-0.67742	0.0068397
3.7096	-0.64129	0.0086429
3.7096	-0.60516	0.007837
3.781	-0.71355	0.0073678
3.781	-0.67742	0.0082396
3.781	-0.64129	0.0066255
3.8049	-0.74968	0.007321
3.8049	-0.71355	0.012282
3.8049	-0.67742	0.014104
3.8049	-0.64129	0.011636
3.8049	-0.60516	0.0067771
3.8287	-0.74968	0.0089588
3.8287	-0.71355	0.015207
3.8287	-0.67742	0.017856
3.8287	-0.64129	0.015086
3.8287	-0.60516	0.0089279
3.8525	-0.74968	0.0086029
3.8525	-0.71355	0.014836
3.8525	-0.67742	0.017818
3.8525	-0.64129	0.015371
3.8525	-0.60516	0.0091908
3.8764	-0.74968	0.0063012
3.8764	-0.71355	0.011225
3.8764	-0.67742	0.013929
3.8764	-0.64129	0.012337
3.8764	-0.60516	0.0074575
3.9002	-0.71355	0.0059294
3.9002	-0.67742	0.0078678
3.9002	-0.64129	0.0073248
3.9478	-2.0503	0.0053147
3.9478	-2.0142	0.0058345
3.9715	-2.0865	0.0053639
3.9715	-2.0503	0.0086008
3.9715	-2.0142	0.009731
3.9715	-1.9781	0.0079198
3.9954	-2.0865	0.0070231
3.9954	-2.0503	0.011353
3.9954	-2.0142	0.013042
3.9954	-1.9781	0.010779
3.9954	-1.942	0.0060682
3.9954	-0.74968	0.006502
3.9954	-0.71355	0.0074215
3.9954	-0.67742	0.0059944
4.0192	-2.0865	0.0076861
4.0192	-2.0503	0.012507
4.0192	-2.0142	0.014525
4.0192	-1.9781	0.012102
4.0192	-1.942	0.0067765
4.0192	-0.74968	0.0088002
4.0192	-0.71355	0.010675
4.0192	-0.67742	0.0092336
4.0192	-0.64129	0.0055817
4.0431	-2.0865	0.0069565
4.0431	-2.0503	0.011466
4.0431	-2.0142	0.013502
4.0431	-1.9781	0.011343
4.0431	-1.942	0.0062944
4.0431	-0.74968	0.0081209
4.0431	-0.71355	0.010443
4.0431	-0.67742	0.0095471
4.0431	-0.64129	0.006039
4.0669	-2.0503	0.0084675
4.0669	-2.0142	0.010242
4.0669	-1.9781	0.0087497
4.0669	-0.71355	0.0066238
4.0669	-0.67742	0.0065769
4.0906	-2.0142	0.0059079
4.0906	-1.9781	0.0052657
4.1383	-0.82193	0.007263
4.1383	-0.7858	0.011525
4.1383	-0.74968	0.011712
4.1383	-0.71355	0.0081537
4.1621	-0.85806	0.0051236
4.1621	-0.82193	0.016515
4.1621	-0.7858	0.027724
4.1621	-0.74968	0.03092
4.1621	-0.71355	0.024494
4.1621	-0.67742	0.013717
4.186	-0.85806	0.0091864
4.186	-0.82193	0.028583
4.186	-0.7858	0.048823
4.186	-0.74968	0.056553
4.186	-0.71355	0.047097
4.186	-0.67742	0.027939
4.186	-0.64129	0.01084
4.2097	-2.1226	0.0055304
4.2097	-2.0865	0.008401
4.2097	-2.0503	0.0090117
4.2097	-2.0142	0.0068771
4.2097	-0.85806	0.013454
4.2097	-0.82193	0.04027
4.2097	-0.7858	0.069035
4.2097	-0.74968	0.081391
4.2097	-0.71355	0.069351
4.2097	-0.67742	0.04202
4.2097	-0.64129	0.016379
4.2335	-2.1226	0.0068435
4.2335	-2.0865	0.010664
4.2335	-2.0503	0.011826
4.2335	-2.0142	0.0093475
4.2335	-0.85806	0.016375
4.2335	-0.82193	0.047371
4.2335	-0.7858	0.081246
4.2335	-0.74968	0.096828
4.2335	-0.71355	0.083544
4.2335	-0.67742	0.050964
4.2335	-0.64129	0.019552
4.2574	-2.1226	0.0066617
4.2574	-2.0865	0.010639
4.2574	-2.0503	0.012124
4.2574	-2.0142	0.0098112
4.2574	-1.9781	0.0051964
4.2574	-0.85806	0.016431
4.2574	-0.82193	0.046455
4.2574	-0.7858	0.080046
4.2574	-0.74968	0.096514
4.2574	-0.71355	0.084168
4.2574	-0.67742	0.051442
4.2574	-0.64129	0.019228
4.2812	-2.0865	0.0082233
4.2812	-2.0503	0.00973
4.2812	-2.0142	0.0081013
4.2812	-0.85806	0.013044
4.2812	-0.82193	0.036823
4.2812	-0.7858	0.064611
4.2812	-0.74968	0.079539
4.2812	-0.71355	0.070511
4.2812	-0.67742	0.043272
4.2812	-0.64129	0.015693
4.305	-2.0503	0.0057115
4.305	-0.85806	0.007298
4.305	-0.82193	0.021611
4.305	-0.7858	0.039969
4.305	-0.74968	0.05152
4.305	-0.71355	0.047288
4.305	-0.67742	0.029499
4.305	-0.64129	0.010414
4.3289	-0.82193	0.0071818
4.3289	-0.7858	0.015647
4.3289	-0.74968	0.022787
4.3289	-0.71355	0.022845
4.3289	-0.67742	0.015035
4.3289	-0.64129	0.0052702
4.3526	-0.71355	0.0056725
4.3765	-0.85806	0.0053634
4.3765	-0.82193	0.0067848
4.3765	-0.7858	0.0051955
4.4003	-2.1226	0.0066806
4.4003	-2.0865	0.0066586
4.4003	-0.89419	0.0059737
4.4003	-0.85806	0.01648
4.4003	-0.82193	0.024823
4.4003	-0.7858	0.024792
4.4003	-0.74968	0.017183
4.4003	-0.71355	0.0080445
4.4003	0.47871	0.0052474
4.4003	0.51484	0.0063449
4.4003	0.55097	0.0053645
4.4242	-2.1587	0.0073204
4.4242	-2.1226	0.011015
4.4242	-2.0865	0.011673
4.4242	-2.0503	0.0087408
4.4242	-0.89419	0.011013
4.4242	-0.85806	0.03045
4.4242	-0.82193	0.048458
4.4242	-0.7858	0.052679
4.4242	-0.74968	0.040853
4.4242	-0.71355	0.022085
4.4242	-0.67742	0.0074374
4.4242	0.47871	0.0080386
4.4242	0.51484	0.0098973
4.4242	0.55097	0.0086162
4.4242	0.5871	0.0053954
4.448	-2.1587	0.0087439
4.448	-2.1226	0.013541
4.448	-2.0865	0.014866
4.448	-2.0503	0.011544
4.448	-2.0142	0.0058496
4.448	-0.89419	0.015263
4.448	-0.85806	0.041625
4.448	-0.82193	0.067837
4.448	-0.7858	0.076686
4.448	-0.74968	0.062366
4.448	-0.71355	0.035469
4.448	-0.67742	0.012431
4.448	0.44258	0.0053239
4.448	0.47871	0.010161
4.448	0.51484	0.012613
4.448	0.55097	0.011146
4.448	0.5871	0.0070824
4.4717	-2.1587	0.008017
4.4717	-2.1226	0.012839
4.4717	-2.0865	0.014578
4.4717	-2.0503	0.011641
4.4717	-2.0142	0.0059655
4.4717	-0.89419	0.016509
4.4717	-0.85806	0.04456
4.4717	-0.82193	0.073941
4.4717	-0.7858	0.085871
4.4717	-0.74968	0.071864
4.4717	-0.71355	0.041832
4.4717	-0.67742	0.014654
4.4717	0.44258	0.0056856
4.4717	0.47871	0.010754
4.4717	0.51484	0.013442
4.4717	0.55097	0.012007
4.4717	0.5871	0.007688
4.4955	-2.1587	0.0052567
4.4955	-2.1226	0.0089813
4.4955	-2.0865	0.010766
4.4955	-2.0503	0.0089487
4.4955	-0.89419	0.013587
4.4955	-0.85806	0.036992
4.4955	-0.82193	0.06315
4.4955	-0.7858	0.075695
4.4955	-0.74968	0.065168
4.4955	-0.71355	0.038608
4.4955	-0.67742	0.013332
4.4955	0.47871	0.0094225
4.4955	0.51484	0.011936
4.4955	0.55097	0.010812
4.4955	0.5871	0.0069779
4.5193	-2.0865	0.0052314
4.5193	-0.89419	0.0075211
4.5193	-0.85806	0.021799
4.5193	-0.82193	0.039744
4.5193	-0.7858	0.050489
4.5193	-0.74968	0.04554
4.5193	-0.71355	0.027768
4.5193	-0.67742	0.0094711
4.5193	0.47871	0.0065262
4.5193	0.51484	0.0085316
4.5193	0.55097	0.0079407
4.5193	0.5871	0.0052116
4.5432	-0.85806	0.0065822
4.5432	-0.82193	0.014745
4.5432	-0.7858	0.0218
4.5432	-0.74968	0.021973
4.5432	-0.71355	0.014424
4.5908	-2.1948	0.0069149
4.5908	-2.1587	0.0094274
4.5908	-2.1226	0.0088325
4.5908	-2.0865	0.0057276
4.5908	-0.89419	0.0078901
4.5908	-0.85806	0.010077
4.5908	-0.82193	0.0077975
4.6146	-2.2309	0.0061605
4.6146	-2.1948	0.013864
4.6146	-2.1587	0.020097
4.6146	-2.1226	0.0205
4.6146	-2.0865	0.014824
4.6146	-2.0503	0.0071352
4.6146	-0.93032	0.0084499
4.6146	-0.89419	0.023007
4.6146	-0.85806	0.034421
4.6146	-0.82193	0.034172
4.6146	-0.7858	0.023471
4.6146	-0.74968	0.010774
4.6385	-2.2309	0.009131
4.6385	-2.1948	0.020699
4.6385	-2.1587	0.030865
4.6385	-2.1226	0.03271
4.6385	-2.0865	0.024684
4.6385	-2.0503	0.012352
4.6385	-0.93032	0.015138
4.6385	-0.89419	0.041265
4.6385	-0.85806	0.065029
4.6385	-0.82193	0.069955
4.6385	-0.7858	0.053461
4.6385	-0.74968	0.028183
4.6385	-0.71355	0.0089853
4.6385	0.44258	0.0052004
4.6385	0.47871	0.0057993
4.6623	-2.2309	0.010694
4.6623	-2.1948	0.024398
4.6623	-2.1587	0.037151
4.6623	-2.1226	0.040371
4.6623	-2.0865	0.031169
4.6623	-2.0503	0.015752
4.6623	-0.93032	0.020237
4.6623	-0.89419	0.054652
4.6623	-0.85806	0.088385
4.6623	-0.82193	0.098957
4.6623	-0.7858	0.079311
4.6623	-0.74968	0.043971
4.6623	-0.71355	0.01459
4.6623	0.44258	0.0081395
4.6623	0.47871	0.0094974
4.6623	0.51484	0.0078382
4.6861	-2.2309	0.0096645
4.6861	-2.1948	0.022536
4.6861	-2.1587	0.035345
4.6861	-2.1226	0.039516
4.6861	-2.0865	0.031167
4.6861	-2.0503	0.015785
4.6861	-0.93032	0.020617
4.6861	-0.89419	0.055687
4.6861	-0.85806	0.092332
4.6861	-0.82193	0.10672
4.6861	-0.7858	0.088312
4.6861	-0.74968	0.050218
4.6861	-0.71355	0.016652
4.6861	0.40645	0.0053883
4.6861	0.44258	0.0097336
4.6861	0.47871	0.01165
4.6861	0.51484	0.0099357
4.6861	0.55097	0.0060332
4.71	-2.2309	0.0059776
4.71	-2.1948	0.014979
4.71	-2.1587	0.025063
4.71	-2.1226	0.029549
4.71	-2.0865	0.024201
4.71	-2.0503	0.012386
4.71	-0.93032	0.015055
4.71	-0.89419	0.042065
4.71	-0.85806	0.072979
4.71	-0.82193	0.088125
4.71	-0.7858	0.07568
4.71	-0.74968	0.04405
4.71	-0.71355	0.014405
4.71	0.44258	0.0091543
4.71	0.47871	0.011234
4.71	0.51484	0.0098437
4.71	0.55097	0.0061165
4.7337	-2.1948	0.0052111
4.7337	-2.1587	0.010643
4.7337	-2.1226	0.014474
4.7337	-2.0865	0.013089
4.7337	-2.0503	0.0070513
4.7337	-0.93032	0.006125
4.7337	-0.89419	0.019806
4.7337	-0.85806	0.038678
4.7337	-0.82193	0.051278
4.7337	-0.7858	0.04727
4.7337	-0.74968	0.02877
4.7337	-0.71355	0.0093382
4.7337	0.44258	0.0065474
4.7337	0.47871	0.00838
4.7337	0.51484	0.0076268
4.7576	-0.85806	0.0083428
4.7576	-0.82193	0.015141
4.7576	-0.7858	0.017197
4.7576	-0.74968	0.011957
4.7813	-2.2309	0.009531
4.7813	-2.1948	0.010614
4.7813	-2.1587	0.0075037
4.7813	-0.93032	0.0067485
4.7813	-0.89419	0.0069216
4.8053	-2.2671	0.016577
4.8053	-2.2309	0.034369
4.8053	-2.1948	0.04487
4.8053	-2.1587	0.040462
4.8053	-2.1226	0.025289
4.8053	-2.0865	0.010192
4.8053	-1.2555	0.0051183
4.8053	-1.111	0.0075935
4.8053	-1.0749	0.0080898
4.8053	-0.96645	0.011952
4.8053	-0.93032	0.03106
4.8053	-0.89419	0.043386
4.8053	-0.85806	0.039514
4.8053	-0.82193	0.024369
4.8053	-0.7858	0.0097624
4.8291	-2.4116	0.0054542
4.8291	-2.3033	0.0086689
4.8291	-2.2671	0.037946
4.8291	-2.2309	0.079701
4.8291	-2.1948	0.10888
4.8291	-2.1587	0.10515
4.8291	-2.1226	0.072028
4.8291	-2.0865	0.032634
4.8291	-2.0503	0.0076689
4.8291	-1.2555	0.0054764
4.8291	-1.111	0.011111
4.8291	-1.0749	0.011471
4.8291	-0.96645	0.027276
4.8291	-0.93032	0.072386
4.8291	-0.89419	0.10961
4.8291	-0.85806	0.11276
4.8291	-0.82193	0.082272
4.8291	-0.7858	0.041536
4.8291	-0.74968	0.012926
4.8528	-2.4116	0.0076743
4.8528	-2.3033	0.017329
4.8528	-2.2671	0.070201
4.8528	-2.2309	0.14588
4.8528	-2.1948	0.20154
4.8528	-2.1587	0.19898
4.8528	-2.1226	0.1401
4.8528	-2.0865	0.065051
4.8528	-2.0503	0.015104
4.8528	-1.942	0.0066314
4.8528	-1.111	0.012779
4.8528	-1.0749	0.012624
4.8528	-1.0026	0.0054979
4.8528	-0.96645	0.045606
4.8528	-0.93032	0.11984
4.8528	-0.89419	0.18698
4.8528	-0.85806	0.20183
4.8528	-0.82193	0.15644
4.8528	-0.7858	0.084616
4.8528	-0.74968	0.028118
4.8528	0.40645	0.0071006
4.8528	0.44258	0.0078463
4.8528	0.47871	0.0060198
4.8766	-2.4478	0.0065059
4.8766	-2.4116	0.0095724
4.8766	-2.3033	0.029728
4.8766	-2.2671	0.11182
4.8766	-2.2309	0.22778
4.8766	-2.1948	0.31374
4.8766	-2.1587	0.31082
4.8766	-2.1226	0.21953
4.8766	-2.0865	0.10107
4.8766	-2.0503	0.021981
4.8766	-1.9781	0.0098467
4.8766	-1.942	0.014915
4.8766	-1.9058	0.00842
4.8766	-1.111	0.011432
4.8766	-1.0749	0.010838
4.8766	-1.0026	0.0083797
4.8766	-0.96645	0.059661
4.8766	-0.93032	0.15467
4.8766	-0.89419	0.24538
4.8766	-0.85806	0.27214
4.8766	-0.82193	0.21745
4.8766	-0.7858	0.12083
4.8766	-0.74968	0.040375
4.8766	-0.64129	0.0062782
4.8766	-0.60516	0.0056918
4.8766	0.37032	0.0060819
4.8766	0.40645	0.010801
4.8766	0.44258	0.012481
4.8766	0.47871	0.010171
4.8766	0.51484	0.0058526
4.9004	-2.4478	0.0079402
4.9004	-2.4116	0.010743
4.9004	-2.3033	0.045078
4.9004	-2.2671	0.15829
4.9004	-2.2309	0.31485
4.9004	-2.1948	0.42939
4.9004	-2.1587	0.42291
4.9004	-2.1226	0.29605
4.9004	-2.0865	0.13287
4.9004	-2.0503	0.026174
4.9004	-1.9781	0.018576
4.9004	-1.942	0.025944
4.9004	-1.9058	0.013894
4.9004	-1.7974	0.00746
4.9004	-1.7613	0.0075453
4.9004	-1.111	0.007278
4.9004	-1.0749	0.0068132
4.9004	-1.0026	0.0095639
4.9004	-0.96645	0.060957
4.9004	-0.93032	0.15774
4.9004	-0.89419	0.25534
4.9004	-0.85806	0.29046
4.9004	-0.82193	0.23767
4.9004	-0.7858	0.134
4.9004	-0.74968	0.044058
4.9004	-0.64129	0.01049
4.9004	-0.60516	0.0091857
4.9004	0.37032	0.0069294
4.9004	0.40645	0.012459
4.9004	0.44258	0.014821
4.9004	0.47871	0.012509
4.9004	0.51484	0.0074585
4.9242	-2.4478	0.0088138
4.9242	-2.4116	0.010928
4.9242	-2.3393	0.0054871
4.9242	-2.3033	0.061439
4.9242	-2.2671	0.2026
4.9242	-2.2309	0.39299
4.9242	-2.1948	0.52879
4.9242	-2.1587	0.51511
4.9242	-2.1226	0.35487
4.9242	-2.0865	0.15354
4.9242	-2.0503	0.026604
4.9242	-1.9781	0.029666
4.9242	-1.942	0.038006
4.9242	-1.9058	0.018886
4.9242	-1.7974	0.013935
4.9242	-1.7613	0.013293
4.9242	-1.0026	0.0073992
4.9242	-0.96645	0.045131
4.9242	-0.93032	0.12076
4.9242	-0.89419	0.20417
4.9242	-0.85806	0.24196
4.9242	-0.82193	0.20467
4.9242	-0.7858	0.1175
4.9242	-0.74968	0.037804
4.9242	-0.64129	0.013419
4.9242	-0.60516	0.011221
4.9242	0.37032	0.0059756
4.9242	0.40645	0.011023
4.9242	0.44258	0.013566
4.9242	0.47871	0.011844
4.9242	0.51484	0.0072596
4.9482	-2.4478	0.0089216
4.9482	-2.4116	0.010097
4.9482	-2.3393	0.0083987
4.9482	-2.3033	0.075988
4.9482	-2.2671	0.23668
4.9482	-2.2309	0.4478
4.9482	-2.1948	0.59345
4.9482	-2.1587	0.57007
4.9482	-2.1226	0.38471
4.9482	-2.0865	0.1591
4.9482	-2.0503	0.023509
4.9482	-2.0142	0.0078265
4.9482	-1.9781	0.041544
4.9482	-1.942	0.048803
4.9482	-1.9058	0.022164
4.9482	-1.8336	0.0081907
4.9482	-1.7974	0.02189
4.9482	-1.7613	0.019433
4.9482	-1.7251	0.0059685
4.9482	-1.6529	0.0064794
4.9482	-1.6167	0.010383
4.9482	-1.5806	0.0057858
4.9482	-1.4723	0.0063843
4.9482	-1.4362	0.0056247
4.9482	-0.96645	0.018303
4.9482	-0.93032	0.057093
4.9482	-0.89419	0.10926
4.9482	-0.85806	0.14263
4.9482	-0.82193	0.12969
4.9482	-0.7858	0.077855
4.9482	-0.74968	0.024826
4.9482	-0.67742	0.0055826
4.9482	-0.64129	0.013458
4.9482	-0.60516	0.010785
4.9482	0.40645	0.006954
4.9482	0.44258	0.0091423
4.9482	0.47871	0.0084318
4.9482	0.51484	0.0053798
4.9719	-2.4478	0.0082247
4.9719	-2.4116	0.0084559
4.9719	-2.3393	0.011302
4.9719	-2.3033	0.085668
4.9719	-2.2671	0.25351
4.9719	-2.2309	0.46831
4.9719	-2.1948	0.61095
4.9719	-2.1587	0.57776
4.9719	-2.1226	0.38071
4.9719	-2.0865	0.14934
4.9719	-2.0503	0.01817
4.9719	-2.0142	0.012521
4.9719	-1.9781	0.052029
4.9719	-1.942	0.056107
4.9719	-1.9058	0.022977
4.9719	-1.8336	0.01295
4.9719	-1.7974	0.030105
4.9719	-1.7613	0.024689
4.9719	-1.7251	0.0064494
4.9719	-1.6529	0.011672
4.9719	-1.6167	0.017033
4.9719	-1.5806	0.0088316
4.9719	-1.4723	0.012789
4.9719	-1.4362	0.011073
4.9719	-1.3277	0.0068988
4.9719	-1.2916	0.010245
4.9719	-1.2555	0.0056933
4.9719	-1.1471	0.0054258
4.9719	-0.93032	0.0068259
4.9719	-0.89419	0.022026
4.9719	-0.85806	0.04093
4.9719	-0.82193	0.046968
4.9719	-0.7858	0.032712
4.9719	-0.74968	0.011033
4.9719	-0.64129	0.010164
4.9719	-0.60516	0.0079706
4.9957	-2.4478	0.0068662
4.9957	-2.4116	0.0063753
4.9957	-2.3393	0.013458
4.9957	-2.3033	0.088077
4.9957	-2.2671	0.24907
4.9957	-2.2309	0.45007
4.9957	-2.1948	0.57822
4.9957	-2.1587	0.53796
4.9957	-2.1226	0.34531
4.9957	-2.0865	0.12753
4.9957	-2.0503	0.012286
4.9957	-2.0142	0.017501
4.9957	-1.9781	0.058934
4.9957	-1.942	0.058419
4.9957	-1.9058	0.021271
4.9957	-1.8336	0.018084
4.9957	-1.7974	0.037042
4.9957	-1.7613	0.027914
4.9957	-1.7251	0.0060164
4.9957	-1.6529	0.017927
4.9957	-1.6167	0.023859
4.9957	-1.5806	0.01129
4.9957	-1.5084	0.009023
4.9957	-1.4723	0.021071
4.9957	-1.4362	0.017323
4.9957	-1.3277	0.014974
4.9957	-1.2916	0.021491
4.9957	-1.2555	0.011595
4.9957	-1.1832	0.0063054
4.9957	-1.1471	0.019037
4.9957	-1.111	0.019119
4.9957	-1.0749	0.0063556
4.9957	-1.0026	0.014157
4.9957	-0.96645	0.030811
4.9957	-0.93032	0.031957
4.9957	-0.89419	0.018512
4.9957	-0.85806	0.006281
5.0196	-2.4478	0.0051308
5.0196	-2.3393	0.014194
5.0196	-2.3033	0.082248
5.0196	-2.2671	0.22364
5.0196	-2.2309	0.39642
5.0196	-2.1948	0.50224
5.0196	-2.1587	0.45982
5.0196	-2.1226	0.28708
5.0196	-2.0865	0.099043
5.0196	-2.0503	0.0073012
5.0196	-2.0142	0.021575
5.0196	-1.9781	0.060723
5.0196	-1.942	0.055391
5.0196	-1.9058	0.017647
5.0196	-1.8336	0.022618
5.0196	-1.7974	0.041271
5.0196	-1.7613	0.02844
5.0196	-1.6529	0.024253
5.0196	-1.6167	0.029504
5.0196	-1.5806	0.012545
5.0196	-1.5084	0.014154
5.0196	-1.4723	0.030066
5.0196	-1.4362	0.023055
5.0196	-1.3639	0.0051037
5.0196	-1.3277	0.026489
5.0196	-1.2916	0.035805
5.0196	-1.2555	0.017916
5.0196	-1.1832	0.015626
5.0196	-1.1471	0.043386
5.0196	-1.111	0.042851
5.0196	-1.0749	0.013021
5.0196	-1.0387	0.0056599
5.0196	-1.0026	0.06065
5.0196	-0.96645	0.14931
5.0196	-0.93032	0.20093
5.0196	-0.89419	0.17783
5.0196	-0.85806	0.10721
5.0196	-0.82193	0.042064
5.0196	-0.7858	0.0091724
5.0433	-2.3393	0.01317
5.0433	-2.3033	0.069087
5.0433	-2.2671	0.18193
5.0433	-2.2309	0.31763
5.0433	-2.1948	0.39791
5.0433	-2.1587	0.359
5.0433	-2.1226	0.21785
5.0433	-2.0865	0.069639
5.0433	-2.0142	0.023615
5.0433	-1.9781	0.056992
5.0433	-1.942	0.047877
5.0433	-1.9058	0.013089
5.0433	-1.8336	0.025537
5.0433	-1.7974	0.041897
5.0433	-1.7613	0.026261
5.0433	-1.689	0.0075725
5.0433	-1.6529	0.029429
5.0433	-1.6167	0.032783
5.0433	-1.5806	0.01234
5.0433	-1.5084	0.019769
5.0433	-1.4723	0.038158
5.0433	-1.4362	0.02697
5.0433	-1.3639	0.0093551
5.0433	-1.3277	0.040362
5.0433	-1.2916	0.050814
5.0433	-1.2555	0.022936
5.0433	-1.1832	0.030962
5.0433	-1.1471	0.077922
5.0433	-1.111	0.072912
5.0433	-1.0749	0.0188
5.0433	-1.0387	0.018318
5.0433	-1.0026	0.15974
5.0433	-0.96645	0.39498
5.0433	-0.93032	0.56591
5.0433	-0.89419	0.55445
5.0433	-0.85806	0.38633
5.0433	-0.82193	0.18587
5.0433	-0.7858	0.054296
5.0433	-0.74968	0.0060184
5.0433	0.3342	0.0065427
5.0433	0.37032	0.010929
5.0433	0.40645	0.011448
5.0433	0.44258	0.0082621
5.0672	-2.3393	0.010557
5.0672	-2.3033	0.051229
5.0672	-2.2671	0.1319
5.0672	-2.2309	0.22826
5.0672	-2.1948	0.28406
5.0672	-2.1587	0.25334
5.0672	-2.1226	0.14951
5.0672	-2.0865	0.04389
5.0672	-2.0142	0.022985
5.0672	-1.9781	0.048583
5.0672	-1.942	0.037603
5.0672	-1.9058	0.0086135
5.0672	-1.8336	0.026114
5.0672	-1.7974	0.03882
5.0672	-1.7613	0.021997
5.0672	-1.689	0.0099829
5.0672	-1.6529	0.032339
5.0672	-1.6167	0.033039
5.0672	-1.5806	0.010835
5.0672	-1.5084	0.024874
5.0672	-1.4723	0.04371
5.0672	-1.4362	0.028199
5.0672	-1.3639	0.014907
5.0672	-1.3277	0.054503
5.0672	-1.2916	0.063545
5.0672	-1.2555	0.025276
5.0672	-1.1832	0.052161
5.0672	-1.1471	0.11884
5.0672	-1.111	0.1034
5.0672	-1.0749	0.021413
5.0672	-1.0387	0.045286
5.0672	-1.0026	0.32553
5.0672	-0.96645	0.78446
5.0672	-0.93032	1.1398
5.0672	-0.89419	1.1537
5.0672	-0.85806	0.84107
5.0672	-0.82193	0.42719
5.0672	-0.7858	0.13149
5.0672	-0.74968	0.014236
5.0672	-0.67742	0.012802
5.0672	-0.64129	0.010191
5.0672	0.3342	0.012285
5.0672	0.37032	0.02112
5.0672	0.40645	0.023505
5.0672	0.44258	0.018442
5.0672	0.47871	0.010252
5.0911	-2.3393	0.0070248
5.0911	-2.3033	0.032351
5.0911	-2.2671	0.082637
5.0911	-2.2309	0.14331
5.0911	-2.1948	0.17867
5.0911	-2.1587	0.1585
5.0911	-2.1226	0.091238
5.0911	-2.0865	0.024371
5.0911	-2.0142	0.019791
5.0911	-1.9781	0.037315
5.0911	-1.942	0.02662
5.0911	-1.8336	0.024153
5.0911	-1.7974	0.032754
5.0911	-1.7613	0.016651
5.0911	-1.689	0.011662
5.0911	-1.6529	0.032325
5.0911	-1.6167	0.030319
5.0911	-1.5806	0.0085053
5.0911	-1.5084	0.028386
5.0911	-1.4723	0.045544
5.0911	-1.4362	0.026569
5.0911	-1.3639	0.021007
5.0911	-1.3277	0.066265
5.0911	-1.2916	0.071278
5.0911	-1.2555	0.024389
5.0911	-1.2193	0.0066656
5.0911	-1.1832	0.077159
5.0911	-1.1471	0.15955
5.0911	-1.111	0.12745
5.0911	-1.0749	0.020212
5.0911	-1.0387	0.09201
5.0911	-1.0026	0.55892
5.0911	-0.96645	1.3002
5.0911	-0.93032	1.8814
5.0911	-0.89419	1.9197
5.0911	-0.85806	1.4177
5.0911	-0.82193	0.72779
5.0911	-0.7858	0.22173
5.0911	-0.74968	0.020915
5.0911	-0.71355	0.010844
5.0911	-0.67742	0.034398
5.0911	-0.64129	0.027862
5.0911	-0.60516	0.0084386
5.0911	0.29807	0.0051337
5.0911	0.3342	0.017573
5.0911	0.37032	0.030453
5.0911	0.40645	0.034863
5.0911	0.44258	0.028402
5.0911	0.47871	0.016462
5.0911	0.51484	0.0063037
5.1148	-2.3033	0.016127
5.1148	-2.2671	0.042045
5.1148	-2.2309	0.074673
5.1148	-2.1948	0.094876
5.1148	-2.1587	0.08482
5.1148	-2.1226	0.048001
5.1148	-2.0865	0.01157
5.1148	-2.0142	0.014857
5.1148	-1.9781	0.025424
5.1148	-1.942	0.016734
5.1148	-1.8336	0.020078
5.1148	-1.7974	0.024991
5.1148	-1.7613	0.011294
5.1148	-1.689	0.012133
5.1148	-1.6529	0.029387
5.1148	-1.6167	0.025323
5.1148	-1.5806	0.0059517
5.1148	-1.5084	0.02946
5.1148	-1.4723	0.043296
5.1148	-1.4362	0.022609
5.1148	-1.3639	0.026468
5.1148	-1.3277	0.073162
5.1148	-1.2916	0.072378
5.1148	-1.2555	0.020721
5.1148	-1.2193	0.011675
5.1148	-1.1832	0.10208
5.1148	-1.1471	0.19221
5.1148	-1.111	0.13939
5.1148	-1.0749	0.016639
5.1148	-1.0387	0.16016
5.1148	-1.0026	0.84203
5.1148	-0.96645	1.8858
5.1148	-0.93032	2.6957
5.1148	-0.89419	2.7419
5.1148	-0.85806	2.0216
5.1148	-0.82193	1.029
5.1148	-0.7858	0.30165
5.1148	-0.74968	0.023193
5.1148	-0.71355	0.025294
5.1148	-0.67742	0.067518
5.1148	-0.64129	0.052536
5.1148	-0.60516	0.014954
5.1148	-0.5329	0.0074655
5.1148	-0.49677	0.011719
5.1148	-0.46064	0.0068652
5.1148	0.29807	0.0060667
5.1148	0.3342	0.019865
5.1148	0.37032	0.034675
5.1148	0.40645	0.040546
5.1148	0.44258	0.033865
5.1148	0.47871	0.020071
5.1148	0.51484	0.0077524
5.1387	-2.3033	0.0051962
5.1387	-2.2671	0.014928
5.1387	-2.2309	0.028718
5.1387	-2.1948	0.038771
5.1387	-2.1587	0.036035
5.1387	-2.1226	0.020476
5.1387	-2.0142	0.0094227
5.1387	-1.9781	0.014925
5.1387	-1.942	0.0090922
5.1387	-1.8336	0.014795
5.1387	-1.7974	0.017016
5.1387	-1.7613	0.0067575
5.1387	-1.689	0.011228
5.1387	-1.6529	0.024187
5.1387	-1.6167	0.019161
5.1387	-1.5445	0.0055804
5.1387	-1.5084	0.027778
5.1387	-1.4723	0.037518
5.1387	-1.4362	0.01734
5.1387	-1.3639	0.030001
5.1387	-1.3277	0.073628
5.1387	-1.2916	0.066775
5.1387	-1.2555	0.015474
5.1387	-1.2193	0.017984
5.1387	-1.1832	0.12206
5.1387	-1.1471	0.20997
5.1387	-1.111	0.13662
5.1387	-1.0749	0.013596
5.1387	-1.0387	0.245
5.1387	-1.0026	1.1378
5.1387	-0.96645	2.4538
5.1387	-0.93032	3.4518
5.1387	-0.89419	3.4792
5.1387	-0.85806	2.541
5.1387	-0.82193	1.2689
5.1387	-0.7858	0.35138
5.1387	-0.74968	0.02098
5.1387	-0.71355	0.047934
5.1387	-0.67742	0.10889
5.1387	-0.64129	0.079707
5.1387	-0.60516	0.020414
5.1387	-0.5329	0.016162
5.1387	-0.49677	0.02354
5.1387	-0.46064	0.013112
5.1387	0.29807	0.0053637
5.1387	0.3342	0.017308
5.1387	0.37032	0.030914
5.1387	0.40645	0.037252
5.1387	0.44258	0.032015
5.1387	0.47871	0.019376
5.1387	0.51484	0.0074919
5.1624	-2.2309	0.0056219
5.1624	-2.1948	0.0093729
5.1624	-2.1587	0.010018
5.1624	-2.1226	0.006112
5.1624	-1.9781	0.0071213
5.1624	-1.8336	0.0094122
5.1624	-1.7974	0.01009
5.1624	-1.689	0.0091623
5.1624	-1.6529	0.017835
5.1624	-1.6167	0.013008
5.1624	-1.5445	0.0056023
5.1624	-1.5084	0.023668
5.1624	-1.4723	0.029486
5.1624	-1.4362	0.011904
5.1624	-1.3639	0.030636
5.1624	-1.3277	0.067518
5.1624	-1.2916	0.055929
5.1624	-1.2555	0.010099
5.1624	-1.2193	0.024285
5.1624	-1.1832	0.13261
5.1624	-1.1471	0.20899
5.1624	-1.111	0.12038
5.1624	-1.0749	0.013999
5.1624	-1.0387	0.33456
5.1624	-1.0026	1.3962
5.1624	-0.96645	2.9038
5.1624	-0.93032	4.0131
5.1624	-0.89419	3.9956
5.1624	-0.85806	2.8772
5.1624	-0.82193	1.3995
5.1624	-0.7858	0.36063
5.1624	-0.74968	0.016647
5.1624	-0.71355	0.077404
5.1624	-0.67742	0.152
5.1624	-0.64129	0.1036
5.1624	-0.60516	0.023126
5.1624	-0.5329	0.02856
5.1624	-0.49677	0.038143
5.1624	-0.46064	0.019696
5.1624	-0.35226	0.009078
5.1624	-0.31613	0.0078324
5.1624	0.3342	0.010285
5.1624	0.37032	0.019782
5.1624	0.40645	0.025461
5.1624	0.44258	0.023087
5.1624	0.47871	0.01451
5.1624	0.51484	0.005664
5.1862	-1.689	0.0064581
5.1862	-1.6529	0.011551
5.1862	-1.6167	0.0077837
5.1862	-1.5084	0.01802
5.1862	-1.4723	0.020803
5.1862	-1.4362	0.007229
5.1862	-1.3639	0.028093
5.1862	-1.3277	0.056164
5.1862	-1.2916	0.04231
5.1862	-1.2555	0.0057544
5.1862	-1.2193	0.02888
5.1862	-1.1832	0.13106
5.1862	-1.1471	0.18964
5.1862	-1.111	0.095121
5.1862	-1.0749	0.01918
5.1862	-1.0387	0.4116
5.1862	-1.0026	1.5661
5.1862	-0.96645	3.1481
5.1862	-0.93032	4.2727
5.1862	-0.89419	4.1952
5.1862	-0.85806	2.9697
5.1862	-0.82193	1.3996
5.1862	-0.7858	0.33072
5.1862	-0.74968	0.013512
5.1862	-0.71355	0.10952
5.1862	-0.67742	0.18864
5.1862	-0.64129	0.11896
5.1862	-0.60516	0.022438
5.1862	-0.56903	0.0074424
5.1862	-0.5329	0.043422
5.1862	-0.49677	0.053042
5.1862	-0.46064	0.025
5.1862	-0.38838	0.0061989
5.1862	-0.35226	0.016783
5.1862	-0.31613	0.013627
5.1862	-0.20774	0.0060188
5.1862	-0.17162	0.0077787
5.1862	0.37032	0.0065557
5.1862	0.40645	0.010348
5.1862	0.44258	0.010852
5.1862	0.47871	0.0075402
5.2102	-2.2671	0.0065916
5.2102	-2.2309	0.005974
5.2102	-1.6529	0.0063271
5.2102	-1.5084	0.012003
5.2102	-1.4723	0.012933
5.2102	-1.3639	0.022908
5.2102	-1.3277	0.041959
5.2102	-1.2916	0.028603
5.2102	-1.2193	0.030308
5.2102	-1.1832	0.11746
5.2102	-1.1471	0.15632
5.2102	-1.111	0.066898
5.2102	-1.0749	0.027995
5.2102	-1.0387	0.45809
5.2102	-1.0026	1.6091
5.2102	-0.96645	3.1354
5.2102	-0.93032	4.1815
5.2102	-0.89419	4.0462
5.2102	-0.85806	2.8106
5.2102	-0.82193	1.2779
5.2102	-0.7858	0.27256
5.2102	-0.74968	0.014001
5.2102	-0.71355	0.1381
5.2102	-0.67742	0.21129
5.2102	-0.64129	0.12264
5.2102	-0.60516	0.018887
5.2102	-0.56903	0.012896
5.2102	-0.5329	0.058413
5.2102	-0.49677	0.065291
5.2102	-0.46064	0.027723
5.2102	-0.38838	0.011214
5.2102	-0.35226	0.025897
5.2102	-0.31613	0.019539
5.2102	-0.20774	0.011007
5.2102	-0.17162	0.013587
5.2102	-0.13549	0.0061172
5.2102	-0.027097	0.0075423
5.2102	0.0090325	0.0061153
5.2339	-2.3033	0.009153
5.2339	-2.2671	0.013722
5.2339	-2.2309	0.014409
5.2339	-2.1948	0.010636
5.2339	-2.1587	0.0051581
5.2339	-1.5084	0.0067177
5.2339	-1.4723	0.0068476
5.2339	-1.3639	0.016284
5.2339	-1.3277	0.027632
5.2339	-1.2916	0.016955
5.2339	-1.2193	0.027947
5.2339	-1.1832	0.094655
5.2339	-1.1471	0.11606
5.2339	-1.111	0.041289
5.2339	-1.0749	0.037117
5.2339	-1.0387	0.46088
5.2339	-1.0026	1.5115
5.2339	-0.96645	2.8651
5.2339	-0.93032	3.7603
5.2339	-0.89419	3.5872
5.2339	-0.85806	2.4428
5.2339	-0.82193	1.0674
5.2339	-0.7858	0.20181
5.2339	-0.74968	0.018423
5.2339	-0.71355	0.15676
5.2339	-0.67742	0.21529
5.2339	-0.64129	0.11442
5.2339	-0.60516	0.013847
5.2339	-0.56903	0.019436
5.2339	-0.5329	0.070649
5.2339	-0.49677	0.072334
5.2339	-0.46064	0.027302
5.2339	-0.38838	0.017349
5.2339	-0.35226	0.034865
5.2339	-0.31613	0.024263
5.2339	-0.20774	0.017203
5.2339	-0.17162	0.019906
5.2339	-0.13549	0.0082116
5.2339	-0.063226	0.0064568
5.2339	-0.027097	0.01402
5.2339	0.0090325	0.010908
5.2339	0.11742	0.0071196
5.2339	0.15355	0.010174
5.2339	0.18968	0.0055579
5.2339	0.29807	0.010736
5.2339	0.3342	0.015597
5.2339	0.37032	0.013393
5.2339	0.40645	0.007341
5.2577	-2.3033	0.011836
5.2577	-2.2671	0.01842
5.2577	-2.2309	0.020389
5.2577	-2.1948	0.01605
5.2577	-2.1587	0.0083541
5.2577	-1.3639	0.0096979
5.2577	-1.3277	0.015494
5.2577	-1.2916	0.0085193
5.2577	-1.2193	0.022318
5.2577	-1.1832	0.067467
5.2577	-1.1471	0.076395
5.2577	-1.111	0.021875
5.2577	-1.0749	0.042469
5.2577	-1.0387	0.41661
5.2577	-1.0026	1.2898
5.2577	-0.96645	2.389
5.2577	-0.93032	3.0933
5.2577	-0.89419	2.9132
5.2577	-0.85806	1.945
5.2577	-0.82193	0.81404
5.2577	-0.7858	0.13352
5.2577	-0.74968	0.024903
5.2577	-0.71355	0.16096
5.2577	-0.67742	0.20018
5.2577	-0.64129	0.096861
5.2577	-0.60516	0.0088852
5.2577	-0.56903	0.025755
5.2577	-0.5329	0.077511
5.2577	-0.49677	0.072766
5.2577	-0.46064	0.024045
5.2577	-0.38838	0.023607
5.2577	-0.35226	0.041915
5.2577	-0.31613	0.026753
5.2577	-0.24387	0.0063487
5.2577	-0.20774	0.023715
5.2577	-0.17162	0.0255
5.2577	-0.13549	0.009412
5.2577	-0.063226	0.011073
5.2577	-0.027097	0.021797
5.2577	0.0090325	0.015896
5.2577	0.11742	0.014439
5.2577	0.15355	0.01964
5.2577	0.18968	0.010113
5.2577	0.26194	0.009638
5.2577	0.29807	0.034068
5.2577	0.3342	0.053964
5.2577	0.37032	0.054134
5.2577	0.40645	0.0376
5.2577	0.44258	0.018114
5.2577	0.47871	0.0056228
5.2815	-2.3033	0.011894
5.2815	-2.2671	0.018878
5.2815	-2.2309	0.021459
5.2815	-2.1948	0.017361
5.2815	-2.1587	0.0091997
5.2815	-1.3277	0.006886
5.2815	-1.2193	0.01494
5.2815	-1.1832	0.041238
5.2815	-1.1471	0.043326
5.2815	-1.111	0.0096312
5.2815	-1.0749	0.041145
5.2815	-1.0387	0.33368
5.2815	-1.0026	0.98678
5.2815	-0.96645	1.797
5.2815	-0.93032	2.3053
5.2815	-0.89419	2.1495
5.2815	-0.85806	1.4086
5.2815	-0.82193	0.56316
5.2815	-0.7858	0.07808
5.2815	-0.74968	0.030393
5.2815	-0.71355	0.14952
5.2815	-0.67742	0.16967
5.2815	-0.64129	0.074249
5.2815	-0.60516	0.005156
5.2815	-0.56903	0.030281
5.2815	-0.5329	0.077449
5.2815	-0.49677	0.066709
5.2815	-0.46064	0.018946
5.2815	-0.38838	0.02871
5.2815	-0.35226	0.045569
5.2815	-0.31613	0.026535
5.2815	-0.24387	0.0091522
5.2815	-0.20774	0.029353
5.2815	-0.17162	0.029187
5.2815	-0.13549	0.0094326
5.2815	-0.063226	0.016576
5.2815	-0.027097	0.029598
5.2815	0.0090325	0.019946
5.2815	0.081291	0.0054515
5.2815	0.11742	0.024294
5.2815	0.15355	0.030917
5.2815	0.18968	0.014467
5.2815	0.26194	0.022824
5.2815	0.29807	0.075242
5.2815	0.3342	0.12077
5.2815	0.37032	0.12669
5.2815	0.40645	0.094111
5.2815	0.44258	0.049569
5.2815	0.47871	0.017222
5.3053	-2.3033	0.0095491
5.3053	-2.2671	0.015452
5.3053	-2.2309	0.017948
5.3053	-2.1948	0.014774
5.3053	-2.1587	0.0078348
5.3053	-1.2193	0.0077951
5.3053	-1.1832	0.020297
5.3053	-1.1471	0.020033
5.3053	-1.0749	0.032894
5.3053	-1.0387	0.23041
5.3053	-1.0026	0.66063
5.3053	-0.96645	1.1942
5.3053	-0.93032	1.5287
5.3053	-0.89419	1.4188
5.3053	-0.85806	0.91559
5.3053	-0.82193	0.34907
5.3053	-0.7858	0.039672
5.3053	-0.74968	0.032179
5.3053	-0.71355	0.12507
5.3053	-0.67742	0.13039
5.3053	-0.64129	0.051198
5.3053	-0.56903	0.031738
5.3053	-0.5329	0.070473
5.3053	-0.49677	0.055701
5.3053	-0.46064	0.013286
5.3053	-0.38838	0.03148
5.3053	-0.35226	0.045086
5.3053	-0.31613	0.023819
5.3053	-0.24387	0.011823
5.3053	-0.20774	0.032947
5.3053	-0.17162	0.0302
5.3053	-0.13549	0.0083499
5.3053	-0.063226	0.022111
5.3053	-0.027097	0.035905
5.3053	0.0090325	0.022116
5.3053	0.081291	0.009505
5.3053	0.11742	0.035528
5.3053	0.15355	0.041965
5.3053	0.18968	0.017373
5.3053	0.26194	0.043964
5.3053	0.29807	0.13451
5.3053	0.3342	0.21374
5.3053	0.37032	0.22672
5.3053	0.40645	0.17208
5.3053	0.44258	0.093068
5.3053	0.47871	0.033076
5.3053	0.51484	0.005813
5.3292	-2.3033	0.0059438
5.3292	-2.2671	0.0099556
5.3292	-2.2309	0.011931
5.3292	-2.1948	0.010038
5.3292	-2.1587	0.0053194
5.3292	-1.1832	0.0068954
5.3292	-1.1471	0.0066541
5.3292	-1.0749	0.020429
5.3292	-1.0387	0.1297
5.3292	-1.0026	0.3692
5.3292	-0.96645	0.67393
5.3292	-0.93032	0.87245
5.3292	-0.89419	0.8144
5.3292	-0.85806	0.52131
5.3292	-0.82193	0.18966
5.3292	-0.7858	0.017105
5.3292	-0.74968	0.029124
5.3292	-0.71355	0.093155
5.3292	-0.67742	0.08985
5.3292	-0.64129	0.031359
5.3292	-0.56903	0.029628
5.3292	-0.5329	0.058145
5.3292	-0.49677	0.042162
5.3292	-0.46064	0.0082052
5.3292	-0.42451	0.0056007
5.3292	-0.38838	0.031226
5.3292	-0.35226	0.04067
5.3292	-0.31613	0.019371
5.3292	-0.24387	0.013746
5.3292	-0.20774	0.033702
5.3292	-0.17162	0.028403
5.3292	-0.13549	0.0065449
5.3292	-0.063226	0.026593
5.3292	-0.027097	0.039398
5.3292	0.0090325	0.02195
5.3292	0.081291	0.014467
5.3292	0.11742	0.046285
5.3292	0.15355	0.050501
5.3292	0.18968	0.018022
5.3292	0.2258	0.0052623
5.3292	0.26194	0.072758
5.3292	0.29807	0.2072
5.3292	0.3342	0.3229
5.3292	0.37032	0.34151
5.3292	0.40645	0.26002
5.3292	0.44258	0.14098
5.3292	0.47871	0.049615
5.3292	0.51484	0.0081355
5.353	-2.2309	0.0059105
5.353	-2.1948	0.0052136
5.353	-1.0749	0.0083535
5.353	-1.0387	0.052056
5.353	-1.0026	0.15495
5.353	-0.96645	0.29685
5.353	-0.93032	0.40029
5.353	-0.89419	0.38445
5.353	-0.85806	0.24819
5.353	-0.82193	0.086746
5.353	-0.7858	0.0061021
5.353	-0.74968	0.022087
5.353	-0.71355	0.060433
5.353	-0.67742	0.054398
5.353	-0.64129	0.016693
5.353	-0.56903	0.024443
5.353	-0.5329	0.043073
5.353	-0.49677	0.028642
5.353	-0.42451	0.006339
5.353	-0.38838	0.027979
5.353	-0.35226	0.033368
5.353	-0.31613	0.014226
5.353	-0.24387	0.014405
5.353	-0.20774	0.031449
5.353	-0.17162	0.024306
5.353	-0.099357	0.0056329
5.353	-0.063226	0.029024
5.353	-0.027097	0.039347
5.353	0.0090325	0.019605
5.353	0.081291	0.019548
5.353	0.11742	0.054461
5.353	0.15355	0.054686
5.353	0.18968	0.016336
5.353	0.2258	0.010143
5.353	0.26194	0.10652
5.353	0.29807	0.28375
5.353	0.3342	0.43204
5.353	0.37032	0.45248
5.353	0.40645	0.34245
5.353	0.44258	0.18393
5.353	0.47871	0.063025
5.353	0.51484	0.0093217
5.3769	-1.0387	0.0094342
5.3769	-1.0026	0.035463
5.3769	-0.96645	0.081028
5.3769	-0.93032	0.12437
5.3769	-0.89419	0.13091
5.3769	-0.85806	0.089135
5.3769	-0.82193	0.030705
5.3769	-0.74968	0.013408
5.3769	-0.71355	0.032694
5.3769	-0.67742	0.027853
5.3769	-0.64129	0.0074311
5.3769	-0.56903	0.017496
5.3769	-0.5329	0.028122
5.3769	-0.49677	0.017149
5.3769	-0.42451	0.006189
5.3769	-0.38838	0.022491
5.3769	-0.35226	0.024724
5.3769	-0.31613	0.0093614
5.3769	-0.24387	0.013576
5.3769	-0.20774	0.026691
5.3769	-0.17162	0.018871
5.3769	-0.099357	0.0068106
5.3769	-0.063226	0.028804
5.3769	-0.027097	0.035827
5.3769	0.0090325	0.015755
5.3769	0.081291	0.023691
5.3769	0.11742	0.058301
5.3769	0.15355	0.053676
5.3769	0.18968	0.012964
5.3769	0.2258	0.017051
5.3769	0.26194	0.14026
5.3769	0.29807	0.35149
5.3769	0.3342	0.5222
5.3769	0.37032	0.53966
5.3769	0.40645	0.4039
5.3769	0.44258	0.21339
5.3769	0.47871	0.07041
5.3769	0.51484	0.009114
5.3769	0.5871	0.0063221
5.3769	0.62323	0.0060251
5.4007	-0.96645	0.0052557
5.4007	-0.93032	0.013527
5.4007	-0.89419	0.020703
5.4007	-0.85806	0.017776
5.4007	-0.82193	0.0067127
5.4007	-0.74968	0.0057982
5.4007	-0.71355	0.013388
5.4007	-0.67742	0.011132
5.4007	-0.56903	0.010457
5.4007	-0.5329	0.015626
5.4007	-0.49677	0.0087578
5.4007	-0.42451	0.0051581
5.4007	-0.38838	0.015977
5.4007	-0.35226	0.016318
5.4007	-0.31613	0.005442
5.4007	-0.24387	0.011419
5.4007	-0.20774	0.020445
5.4007	-0.17162	0.013192
5.4007	-0.099357	0.0072592
5.4007	-0.063226	0.025936
5.4007	-0.027097	0.029669
5.4007	0.0090325	0.011331
5.4007	0.081291	0.025885
5.4007	0.11742	0.056936
5.4007	0.15355	0.047862
5.4007	0.18968	0.0089806
5.4007	0.2258	0.025034
5.4007	0.26194	0.16772
5.4007	0.29807	0.39758
5.4007	0.3342	0.57641
5.4007	0.37032	0.58677
5.4007	0.40645	0.43299
5.4007	0.44258	0.22398
5.4007	0.47871	0.070548
5.4007	0.51484	0.0077409
5.4007	0.5871	0.0085444
5.4007	0.62323	0.0074642
5.4244	-1.1832	0.0051764
5.4244	-1.0749	0.0081177
5.4244	-1.0387	0.020823
5.4244	-1.0026	0.027746
5.4244	-0.96645	0.022819
5.4244	-0.93032	0.011593
5.4244	-0.5329	0.0068685
5.4244	-0.38838	0.0097434
5.4244	-0.35226	0.009352
5.4244	-0.24387	0.0084379
5.4244	-0.20774	0.01393
5.4244	-0.17162	0.008189
5.4244	-0.099357	0.0067986
5.4244	-0.063226	0.021042
5.4244	-0.027097	0.022189
5.4244	0.0090325	0.0072141
5.4244	0.081291	0.02551
5.4244	0.11742	0.050658
5.4244	0.15355	0.038684
5.4244	0.18968	0.0054466
5.4244	0.2258	0.032382
5.4244	0.26194	0.18292
5.4244	0.29807	0.41248
5.4244	0.3342	0.58415
5.4244	0.37032	0.58542
5.4244	0.40645	0.42522
5.4244	0.44258	0.21466
5.4244	0.47871	0.064038
5.4244	0.51484	0.0057433
5.4244	0.5871	0.010332
5.4244	0.62323	0.0082812
5.4482	-1.2193	0.0059229
5.4482	-1.1832	0.0063718
5.4482	-1.0749	0.018093
5.4482	-1.0387	0.049279
5.4482	-1.0026	0.076428
5.4482	-0.96645	0.079826
5.4482	-0.93032	0.058274
5.4482	-0.89419	0.028755
5.4482	-0.85806	0.0084156
5.4482	-0.24387	0.0053097
5.4482	-0.20774	0.0082177
5.4482	-0.099357	0.0055267
5.4482	-0.063226	0.015163
5.4482	-0.027097	0.014785
5.4482	0.081291	0.02257
5.4482	0.11742	0.040827
5.4482	0.15355	0.028145
5.4482	0.2258	0.037127
5.4482	0.26194	0.182
5.4482	0.29807	0.39262
5.4482	0.3342	0.54412
5.4482	0.37032	0.53706
5.4482	0.40645	0.3837
5.4482	0.44258	0.18858
5.4482	0.47871	0.052878
5.4482	0.5871	0.011302
5.4482	0.62323	0.0083211
5.4721	-2.2671	0.0051752
5.4721	-1.2193	0.0058251
5.4721	-1.1832	0.0059158
5.4721	-1.0749	0.026613
5.4721	-1.0387	0.072286
5.4721	-1.0026	0.1173
5.4721	-0.96645	0.1317
5.4721	-0.93032	0.1059
5.4721	-0.89419	0.059124
5.4721	-0.85806	0.020112
5.4721	-0.063226	0.0094503
5.4721	-0.027097	0.0085648
5.4721	0.081291	0.017719
5.4721	0.11742	0.029454
5.4721	0.15355	0.018194
5.4721	0.2258	0.037747
5.4721	0.26194	0.16451
5.4721	0.29807	0.34158
5.4721	0.3342	0.46451
5.4721	0.37032	0.45217
5.4721	0.40645	0.31783
5.4721	0.44258	0.15184
5.4721	0.47871	0.039699
5.4721	0.55097	0.0054133
5.4721	0.5871	0.011246
5.4721	0.62323	0.0076131
5.4959	-2.3033	0.0056289
5.4959	-2.2671	0.0061091
5.4959	-1.0749	0.029905
5.4959	-1.0387	0.079932
5.4959	-1.0026	0.13205
5.4959	-0.96645	0.15307
5.4959	-0.93032	0.12799
5.4959	-0.89419	0.074409
5.4959	-0.85806	0.025971
5.4959	0.081291	0.012061
5.4959	0.11742	0.018614
5.4959	0.15355	0.010216
5.4959	0.2258	0.033792
5.4959	0.26194	0.13376
5.4959	0.29807	0.26922
5.4959	0.3342	0.36072
5.4959	0.37032	0.3472
5.4959	0.40645	0.24044
5.4959	0.44258	0.11157
5.4959	0.47871	0.026967
5.4959	0.55097	0.0057086
5.4959	0.5871	0.010192
5.4959	0.62323	0.0063473
5.5198	-2.3033	0.0052897
5.5198	-2.2671	0.0058204
5.5198	-1.0749	0.026657
5.5198	-1.0387	0.070332
5.5198	-1.0026	0.11771
5.5198	-0.96645	0.13938
5.5198	-0.93032	0.11918
5.5198	-0.89419	0.070398
5.5198	-0.85806	0.024289
5.5198	-0.74968	0.0066562
5.5198	-0.71355	0.0060743
5.5198	0.081291	0.0067962
5.5198	0.11742	0.0098927
5.5198	0.2258	0.026147
5.5198	0.26194	0.09601
5.5198	0.29807	0.18907
5.5198	0.3342	0.25118
5.5198	0.37032	0.24017
5.5198	0.40645	0.16437
5.5198	0.44258	0.07412
5.5198	0.47871	0.016408
5.5198	0.55097	0.0053555
5.5198	0.5871	0.0083883
5.5198	1.6349	0.005471
5.5198	1.6709	0.0054275
5.5435	-1.0749	0.018455
5.5435	-1.0387	0.048857
5.5435	-1.0026	0.083595
5.5435	-0.96645	0.10155
5.5435	-0.93032	0.088777
5.5435	-0.89419	0.053003
5.5435	-0.85806	0.017827
5.5435	-0.74968	0.0072509
5.5435	-0.71355	0.0063671
5.5435	0.2258	0.016799
5.5435	0.26194	0.058675
5.5435	0.29807	0.11473
5.5435	0.3342	0.15277
5.5435	0.37032	0.14635
5.5435	0.40645	0.099599
5.5435	0.44258	0.043769
5.5435	0.47871	0.0087872
5.5435	0.5871	0.0062189
5.5435	1.5987	0.0062985
5.5435	1.6349	0.0089987
5.5435	1.6709	0.0089868
5.5435	1.7071	0.0064273
5.5674	-1.0749	0.0089241
5.5674	-1.0387	0.024779
5.5674	-1.0026	0.044753
5.5674	-0.96645	0.057074
5.5674	-0.93032	0.051848
5.5674	-0.89419	0.03159
5.5674	-0.85806	0.010355
5.5674	-0.74968	0.0062282
5.5674	-0.71355	0.0052324
5.5674	0.2258	0.0081756
5.5674	0.26194	0.028296
5.5674	0.29807	0.056515
5.5674	0.3342	0.077098
5.5674	0.37032	0.075267
5.5674	0.40645	0.051605
5.5674	0.44258	0.022275
5.5674	1.5987	0.0091161
5.5674	1.6349	0.012854
5.5674	1.6709	0.01278
5.5674	1.7071	0.0091112
5.5912	-1.0387	0.0069762
5.5912	-1.0026	0.014872
5.5912	-0.96645	0.021525
5.5912	-0.93032	0.021467
5.5912	-0.89419	0.013872
5.5912	0.26194	0.0088079
5.5912	0.29807	0.01941
5.5912	0.3342	0.0287
5.5912	0.37032	0.029777
5.5912	0.40645	0.021219
5.5912	0.44258	0.0091874
5.5912	1.5626	0.0055393
5.5912	1.5987	0.01184
5.5912	1.6349	0.016413
5.5912	1.6709	0.016151
5.5912	1.7071	0.011389
5.5912	1.7432	0.005418
5.6151	0.3342	0.0054196
5.6151	0.37032	0.0069547
5.6151	0.40645	0.0057018
5.6151	1.5626	0.0067881
5.6151	1.5987	0.013989
5.6151	1.6349	0.019033
5.6151	1.6709	0.018477
5.6151	1.7071	0.012828
5.6151	1.7432	0.005932
5.6389	-1.0387	0.0052939
5.6389	1.5626	0.0076052
5.6389	1.5987	0.015142
5.6389	1.6349	0.020213
5.6389	1.6709	0.019326
5.6389	1.7071	0.01317
5.6389	1.7432	0.0058888
5.6626	-1.0749	0.011481
5.6626	-1.0387	0.016968
5.6626	-1.0026	0.016878
5.6626	-0.96645	0.011676
5.6626	-0.93032	0.0054005
5.6626	0.26194	0.0075603
5.6626	0.29807	0.0078588
5.6626	0.3342	0.0054756
5.6626	1.5626	0.0078056
5.6626	1.5987	0.015058
5.6626	1.6349	0.019729
5.6626	1.6709	0.018567
5.6626	1.7071	0.012398
5.6626	1.7432	0.0053358
5.6864	-1.111	0.0073616
5.6864	-1.0749	0.018935
5.6864	-1.0387	0.029346
5.6864	-1.0026	0.031526
5.6864	-0.96645	0.024217
5.6864	-0.93032	0.012843
5.6864	0.2258	0.0077442
5.6864	0.26194	0.013778
5.6864	0.29807	0.015853
5.6864	0.3342	0.012795
5.6864	0.37032	0.0072548
5.6864	1.5626	0.0073246
5.6864	1.5987	0.013736
5.6864	1.6349	0.017692
5.6864	1.6709	0.016394
5.6864	1.7071	0.010715
5.7103	-1.111	0.009333
5.7103	-1.0749	0.023561
5.7103	-1.0387	0.037101
5.7103	-1.0026	0.041122
5.7103	-0.96645	0.032879
5.7103	-0.93032	0.018213
5.7103	-0.89419	0.005981
5.7103	0.2258	0.0095873
5.7103	0.26194	0.017266
5.7103	0.29807	0.020627
5.7103	0.3342	0.017546
5.7103	0.37032	0.010605
5.7103	1.5626	0.0062427
5.7103	1.5987	0.011432
5.7103	1.6349	0.01451
5.7103	1.6709	0.013256
5.7103	1.7071	0.0084806
5.734	-1.111	0.0096066
5.734	-1.0749	0.023753
5.734	-1.0387	0.037632
5.734	-1.0026	0.042379
5.734	-0.96645	0.034519
5.734	-0.93032	0.019383
5.734	-0.89419	0.0062859
5.734	0.2258	0.0093134
5.734	0.26194	0.016818
5.734	0.29807	0.020494
5.734	0.3342	0.017901
5.734	0.37032	0.011115
5.734	1.5987	0.0085813
5.734	1.6349	0.010779
5.734	1.6709	0.0097371
5.734	1.7071	0.0061042
5.7579	-1.111	0.0081192
5.7579	-1.0749	0.019773
5.7579	-1.0387	0.031518
5.7579	-1.0026	0.035936
5.7579	-0.96645	0.029613
5.7579	-0.93032	0.016666
5.7579	-0.89419	0.0052294
5.7579	0.2258	0.0071953
5.7579	0.26194	0.013094
5.7579	0.29807	0.016269
5.7579	0.3342	0.014517
5.7579	0.37032	0.0091669
5.7579	1.5987	0.0056902
5.7579	1.6349	0.0071243
5.7579	1.6709	0.0063971
5.7818	-1.111	0.0055036
5.7818	-1.0749	0.013384
5.7818	-1.0387	0.021645
5.7818	-1.0026	0.025111
5.7818	-0.96645	0.020972
5.7818	-0.93032	0.011804
5.7818	0.26194	0.0079106
5.7818	0.29807	0.010172
5.7818	0.3342	0.0093617
5.7818	0.37032	0.006039
5.8055	-1.0749	0.0069327
5.8055	-1.0387	0.011633
5.8055	-1.0026	0.013965
5.8055	-0.96645	0.011966
5.8055	-0.93032	0.0067835
5.8294	-1.0026	0.0056048
5.9246	0.26194	0.0052932
5.9484	-1.0749	0.0053115
5.9484	-1.0387	0.0058253
5.9484	0.26194	0.0059229
5.9723	-1.0387	0.0053786
5.9723	0.26194	0.0054019
