-5.9782	-2.4748	3.354e-09
-5.9782	-2.4206	5.2555e-11
-5.9782	-2.3665	6.3486e-10
-5.9782	-2.3123	4.0718e-09
-5.9782	-2.2581	2.7563e-09
-5.9782	-2.2039	5.4785e-09
-5.9782	-2.1497	1.3649e-08
-5.9782	-2.0955	3.6521e-09
-5.9782	-2.0413	6.7273e-08
-5.9782	-1.9871	1.4648e-07
-5.9782	-1.9329	3.2814e-08
-5.9782	-1.8787	2.4393e-07
-5.9782	-1.8245	7.0956e-07
-5.9782	-1.7703	2.1926e-07
-5.9782	-1.7161	1.3476e-06
-5.9782	-1.6619	7.7386e-06
-5.9782	-1.6077	1.3464e-05
-5.9782	-1.5535	1.0498e-05
-5.9782	-1.4994	3.3916e-06
-5.9782	-1.4452	2.0696e-07
-5.9782	-1.391	1.8609e-07
-5.9782	-1.3368	1.4665e-07
-5.9782	-1.2826	8.9523e-09
-5.9782	-1.2284	2.1191e-08
-5.9782	-1.1742	1.0265e-08
-5.9782	-1.12	5.9796e-10
-5.9782	-1.0658	4.2191e-10
-5.9782	-1.0116	8.2419e-11
-5.9782	-0.95742	7.1556e-10
-5.9782	-0.90323	1.1989e-08
-5.9782	-0.84903	5.6823e-08
-5.9782	-0.79484	5.3096e-08
-5.9782	-0.74065	1.9246e-07
-5.9782	-0.68645	7.5071e-07
-5.9782	-0.63226	3.9879e-07
-5.9782	-0.57806	1.1858e-06
-5.9782	-0.52387	6.6729e-06
-5.9782	-0.46968	4.4282e-06
-5.9782	-0.41548	1.164e-05
-5.9782	-0.36129	0.00013651
-5.9782	-0.3071	0.00041273
-5.9782	-0.2529	0.00059654
-5.9782	-0.19871	0.00044489
-5.9782	-0.14452	0.00013388
-5.9782	-0.090324	7.837e-06
-5.9782	-0.036129	5.4182e-05
-5.9782	0.018065	5.1577e-05
-5.9782	0.072258	5.8112e-06
-5.9782	0.12645	2.2821e-05
-5.9782	0.18065	4.2867e-05
-5.9782	0.23484	1.3894e-05
-5.9782	0.28903	4.95e-06
-5.9782	0.34323	2.4026e-05
-5.9782	0.39742	1.9675e-05
-5.9782	0.45161	7.0139e-06
-5.9782	0.50581	1.0282e-05
-5.9782	0.56	1.2145e-05
-5.9782	0.61419	5.4846e-06
-5.9782	0.66839	3.5037e-06
-5.9782	0.72258	2.4701e-05
-5.9782	0.77677	6.7395e-05
-5.9782	0.83097	5.3167e-05
-5.9782	0.88516	3.2724e-05
-5.9782	0.93935	0.00061808
-5.9782	0.99354	0.0023063
-5.9782	1.0477	0.0038609
-5.9782	1.1019	0.0033275
-5.9782	1.1561	0.0012797
-5.9782	1.2103	9.4391e-05
-5.9782	1.2645	0.00014879
-5.9782	1.3187	0.00018253
-5.9782	1.3729	2.2237e-05
-5.9782	1.4271	4.7057e-05
-5.9782	1.4813	6.148e-05
-5.9782	1.5355	6.9695e-06
-5.9782	1.5897	1.7169e-05
-5.9782	1.6439	1.638e-05
-5.9782	1.6981	5.3879e-06
-5.9782	1.7523	2.1785e-05
-5.9782	1.8065	1.1358e-05
-5.9782	1.8606	2.5841e-06
-5.9782	1.9148	1.4605e-05
-5.9782	1.969	1.3577e-05
-5.9782	2.0232	4.9098e-06
-5.9782	2.0774	4.369e-06
-5.9782	2.1316	3.1343e-05
-5.9782	2.1858	2.2387e-05
-5.9782	2.24	5.9509e-05
-5.9782	2.2942	0.00058597
-5.9782	2.3484	0.0014454
-5.9782	2.4026	0.0015832
-5.9782	2.4568	0.00079316
-5.9425	-2.4748	4.8265e-09
-5.9425	-2.4206	5.2875e-11
-5.9425	-2.3665	1.8479e-09
-5.9425	-2.3123	8.1844e-09
-5.9425	-2.2581	3.4177e-09
-5.9425	-2.2039	4.9089e-09
-5.9425	-2.1497	1.2988e-08
-5.9425	-2.0955	4.6539e-09
-5.9425	-2.0413	4.7853e-08
-5.9425	-1.9871	8.4381e-08
-5.9425	-1.9329	1.5807e-08
-5.9425	-1.8787	2.3453e-07
-5.9425	-1.8245	5.6908e-07
-5.9425	-1.7703	1.4257e-07
-5.9425	-1.7161	1.7766e-06
-5.9425	-1.6619	9.468e-06
-5.9425	-1.6077	1.6883e-05
-5.9425	-1.5535	1.381e-05
-5.9425	-1.4994	4.6314e-06
-5.9425	-1.4452	2.6426e-07
-5.9425	-1.391	4.4978e-07
-5.9425	-1.3368	3.783e-07
-5.9425	-1.2826	2.6788e-08
-5.9425	-1.2284	6.5361e-08
-5.9425	-1.1742	4.5632e-08
-5.9425	-1.12	2.4097e-09
-5.9425	-1.0658	1.2577e-09
-5.9425	-1.0116	7.5971e-10
-5.9425	-0.95742	3.8816e-09
-5.9425	-0.90323	4.2945e-09
-5.9425	-0.84903	6.4077e-09
-5.9425	-0.79484	1.129e-08
-5.9425	-0.74065	1.1524e-07
-5.9425	-0.68645	3.5173e-07
-5.9425	-0.63226	1.2888e-07
-5.9425	-0.57806	1.2358e-06
-5.9425	-0.52387	5.5706e-06
-5.9425	-0.46968	2.9566e-06
-5.9425	-0.41548	1.5634e-05
-5.9425	-0.36129	0.00015458
-5.9425	-0.3071	0.00044482
-5.9425	-0.2529	0.00061779
-5.9425	-0.19871	0.00043191
-5.9425	-0.14452	0.00011129
-5.9425	-0.090324	1.0245e-05
-5.9425	-0.036129	6.5598e-05
-5.9425	0.018065	4.8894e-05
-5.9425	0.072258	4.6268e-06
-5.9425	0.12645	3.2498e-05
-5.9425	0.18065	4.5675e-05
-5.9425	0.23484	9.5915e-06
-5.9425	0.28903	1.4976e-05
-5.9425	0.34323	4.3977e-05
-5.9425	0.39742	2.5094e-05
-5.9425	0.45161	2.9695e-06
-5.9425	0.50581	1.2255e-05
-5.9425	0.56	1.0949e-05
-5.9425	0.61419	1.4306e-06
-5.9425	0.66839	1.0387e-05
-5.9425	0.72258	2.1215e-05
-5.9425	0.77677	1.7347e-05
-5.9425	0.83097	5.474e-06
-5.9425	0.88516	3.2935e-05
-5.9425	0.93935	0.00026597
-5.9425	0.99354	0.00085302
-5.9425	1.0477	0.001438
-5.9425	1.1019	0.0012981
-5.9425	1.1561	0.00051575
-5.9425	1.2103	3.6225e-05
-5.9425	1.2645	9.2497e-05
-5.9425	1.3187	0.00010527
-5.9425	1.3729	1.2393e-05
-5.9425	1.4271	4.5407e-05
-5.9425	1.4813	5.26e-05
-5.9425	1.5355	5.7213e-06
-5.9425	1.5897	2.872e-05
-5.9425	1.6439	2.9616e-05
-5.9425	1.6981	6.984e-06
-5.9425	1.7523	2.9205e-05
-5.9425	1.8065	1.9321e-05
-5.9425	1.8606	4.842e-06
-5.9425	1.9148	3.4332e-05
-5.9425	1.969	2.6709e-05
-5.9425	2.0232	3.6277e-06
-5.9425	2.0774	1.4203e-05
-5.9425	2.1316	1.4909e-05
-5.9425	2.1858	4.6979e-06
-5.9425	2.24	7.9671e-06
-5.9425	2.2942	0.00011229
-5.9425	2.3484	0.00036495
-5.9425	2.4026	0.00048263
-5.9425	2.4568	0.00027003
-5.9068	-2.4748	4.8505e-09
-5.9068	-2.4206	5.3177e-11
-5.9068	-2.3665	3.5859e-09
-5.9068	-2.3123	1.1329e-08
-5.9068	-2.2581	3.2643e-09
-5.9068	-2.2039	2.3399e-08
-5.9068	-2.1497	3.9299e-08
-5.9068	-2.0955	7.3027e-09
-5.9068	-2.0413	5.344e-08
-5.9068	-1.9871	7.766e-08
-5.9068	-1.9329	1.3709e-08
-5.9068	-1.8787	1.9498e-07
-5.9068	-1.8245	3.6957e-07
-5.9068	-1.7703	7.6834e-08
-5.9068	-1.7161	1.532e-06
-5.9068	-1.6619	7.5478e-06
-5.9068	-1.6077	1.349e-05
-5.9068	-1.5535	1.1235e-05
-5.9068	-1.4994	3.7189e-06
-5.9068	-1.4452	1.8841e-07
-5.9068	-1.391	6.1146e-07
-5.9068	-1.3368	4.7438e-07
-5.9068	-1.2826	3.2262e-08
-5.9068	-1.2284	1.1341e-07
-5.9068	-1.1742	7.8223e-08
-5.9068	-1.12	3.9836e-09
-5.9068	-1.0658	2.4373e-09
-5.9068	-1.0116	2.1696e-09
-5.9068	-0.95742	6.5208e-09
-5.9068	-0.90323	2.3259e-08
-5.9068	-0.84903	6.2514e-08
-5.9068	-0.79484	3.9022e-08
-5.9068	-0.74065	1.6483e-08
-5.9068	-0.68645	3.2556e-08
-5.9068	-0.63226	3.0037e-08
-5.9068	-0.57806	6.326e-07
-5.9068	-0.52387	2.3289e-06
-5.9068	-0.46968	1.0227e-06
-5.9068	-0.41548	1.3168e-05
-5.9068	-0.36129	0.00011658
-5.9068	-0.3071	0.00033566
-5.9068	-0.2529	0.00046769
-5.9068	-0.19871	0.00031692
-5.9068	-0.14452	7.0254e-05
-5.9068	-0.090324	1.372e-05
-5.9068	-0.036129	6.402e-05
-5.9068	0.018065	3.6867e-05
-5.9068	0.072258	5.1544e-06
-5.9068	0.12645	3.6692e-05
-5.9068	0.18065	3.7091e-05
-5.9068	0.23484	6.3728e-06
-5.9068	0.28903	2.736e-05
-5.9068	0.34323	5.2613e-05
-5.9068	0.39742	2.3588e-05
-5.9068	0.45161	4.1891e-06
-5.9068	0.50581	1.6704e-05
-5.9068	0.56	1.0396e-05
-5.9068	0.61419	2.5228e-06
-5.9068	0.66839	1.5488e-05
-5.9068	0.72258	1.4171e-05
-5.9068	0.77677	3.3887e-06
-5.9068	0.83097	9.5379e-06
-5.9068	0.88516	2.3938e-05
-5.9068	0.93935	4.8548e-05
-5.9068	0.99354	0.00010038
-5.9068	1.0477	0.00016954
-5.9068	1.1019	0.00018297
-5.9068	1.1561	9.1411e-05
-5.9068	1.2103	9.9747e-06
-5.9068	1.2645	2.3341e-05
-5.9068	1.3187	2.779e-05
-5.9068	1.3729	6.2433e-06
-5.9068	1.4271	2.4483e-05
-5.9068	1.4813	2.1864e-05
-5.9068	1.5355	4.8458e-06
-5.9068	1.5897	3.2085e-05
-5.9068	1.6439	2.8808e-05
-5.9068	1.6981	6.4368e-06
-5.9068	1.7523	2.6881e-05
-5.9068	1.8065	1.75e-05
-5.9068	1.8606	9.1363e-06
-5.9068	1.9148	5.4498e-05
-5.9068	1.969	4.0499e-05
-5.9068	2.0232	6.1589e-06
-5.9068	2.0774	5.2364e-05
-5.9068	2.1316	5.6349e-05
-5.9068	2.1858	7.5207e-06
-5.9068	2.24	3.4321e-05
-5.9068	2.2942	6.9512e-05
-5.9068	2.3484	4.9717e-05
-5.9068	2.4026	4.17e-05
-5.9068	2.4568	3.2542e-05
-5.871	-2.4748	3.3518e-09
-5.871	-2.4206	7.8867e-11
-5.871	-2.3665	4.6721e-09
-5.871	-2.3123	1.0665e-08
-5.871	-2.2581	4.2132e-09
-5.871	-2.2039	5.2696e-08
-5.871	-2.1497	6.6855e-08
-5.871	-2.0955	1.0925e-08
-5.871	-2.0413	1.2509e-07
-5.871	-1.9871	1.4497e-07
-5.871	-1.9329	2.6476e-08
-5.871	-1.8787	3.2914e-07
-5.871	-1.8245	4.2391e-07
-5.871	-1.7703	7.9833e-08
-5.871	-1.7161	1.6666e-06
-5.871	-1.6619	6.0936e-06
-5.871	-1.6077	9.2283e-06
-5.871	-1.5535	6.9642e-06
-5.871	-1.4994	2.0918e-06
-5.871	-1.4452	1.034e-07
-5.871	-1.391	5.3471e-07
-5.871	-1.3368	3.7046e-07
-5.871	-1.2826	2.4922e-08
-5.871	-1.2284	1.2446e-07
-5.871	-1.1742	7.8217e-08
-5.871	-1.12	3.4642e-09
-5.871	-1.0658	2.7812e-09
-5.871	-1.0116	3.0419e-09
-5.871	-0.95742	6.4001e-09
-5.871	-0.90323	8.3355e-08
-5.871	-0.84903	2.0987e-07
-5.871	-0.79484	7.7328e-08
-5.871	-0.74065	1.1413e-07
-5.871	-0.68645	3.2281e-07
-5.871	-0.63226	1.3399e-07
-5.871	-0.57806	8.1315e-08
-5.871	-0.52387	2.5462e-07
-5.871	-0.46968	1.6009e-07
-5.871	-0.41548	4.6221e-06
-5.871	-0.36129	4.2416e-05
-5.871	-0.3071	0.00013917
-5.871	-0.2529	0.00021561
-5.871	-0.19871	0.00015354
-5.871	-0.14452	3.0898e-05
-5.871	-0.090324	1.3069e-05
-5.871	-0.036129	4.6665e-05
-5.871	0.018065	2.1583e-05
-5.871	0.072258	6.0752e-06
-5.871	0.12645	3.209e-05
-5.871	0.18065	2.3101e-05
-5.871	0.23484	5.9682e-06
-5.871	0.28903	3.2566e-05
-5.871	0.34323	4.3916e-05
-5.871	0.39742	2.0445e-05
-5.871	0.45161	1.6479e-05
-5.871	0.50581	2.2551e-05
-5.871	0.56	1.0988e-05
-5.871	0.61419	9.5137e-06
-5.871	0.66839	1.6286e-05
-5.871	0.72258	1.1189e-05
-5.871	0.77677	1.8987e-05
-5.871	0.83097	2.4514e-05
-5.871	0.88516	2.5884e-05
-5.871	0.93935	0.00013609
-5.871	0.99354	0.00032378
-5.871	1.0477	0.00034874
-5.871	1.1019	0.00018473
-5.871	1.1561	4.5471e-05
-5.871	1.2103	7.2226e-06
-5.871	1.2645	5.3728e-06
-5.871	1.3187	6.4948e-06
-5.871	1.3729	6.0725e-06
-5.871	1.4271	4.9449e-06
-5.871	1.4813	2.4909e-06
-5.871	1.5355	8.7455e-06
-5.871	1.5897	2.4253e-05
-5.871	1.6439	1.5422e-05
-5.871	1.6981	3.5061e-06
-5.871	1.7523	1.7315e-05
-5.871	1.8065	9.9983e-06
-5.871	1.8606	1.3634e-05
-5.871	1.9148	5.6679e-05
-5.871	1.969	3.5188e-05
-5.871	2.0232	1.1063e-05
-5.871	2.0774	9.1838e-05
-5.871	2.1316	9.2284e-05
-5.871	2.1858	1.2045e-05
-5.871	2.24	0.00015426
-5.871	2.2942	0.00039881
-5.871	2.3484	0.0003691
-5.871	2.4026	0.00014919
-5.871	2.4568	2.1193e-05
-5.8353	-2.4748	1.6299e-09
-5.8353	-2.4206	1.0558e-10
-5.8353	-2.3665	4.013e-09
-5.8353	-2.3123	6.8236e-09
-5.8353	-2.2581	6.1579e-09
-5.8353	-2.2039	6.6165e-08
-5.8353	-2.1497	6.5988e-08
-5.8353	-2.0955	2.1819e-08
-5.8353	-2.0413	2.2913e-07
-5.8353	-1.9871	2.1066e-07
-5.8353	-1.9329	6.9347e-08
-5.8353	-1.8787	7.3026e-07
-5.8353	-1.8245	7.3089e-07
-5.8353	-1.7703	2.481e-07
-5.8353	-1.7161	4.1332e-06
-5.8353	-1.6619	1.1246e-05
-5.8353	-1.6077	1.2836e-05
-5.8353	-1.5535	7.1865e-06
-5.8353	-1.4994	1.5614e-06
-5.8353	-1.4452	7.385e-08
-5.8353	-1.391	3.9378e-07
-5.8353	-1.3368	2.2378e-07
-5.8353	-1.2826	1.6029e-08
-5.8353	-1.2284	9.356e-08
-5.8353	-1.1742	5.2323e-08
-5.8353	-1.12	2.0923e-09
-5.8353	-1.0658	1.9986e-09
-5.8353	-1.0116	2.4752e-09
-5.8353	-0.95742	6.8247e-09
-5.8353	-0.90323	1.4804e-07
-5.8353	-0.84903	3.0978e-07
-5.8353	-0.79484	8.2108e-08
-5.8353	-0.74065	5.358e-07
-5.8353	-0.68645	1.1344e-06
-5.8353	-0.63226	2.4936e-07
-5.8353	-0.57806	9.6563e-07
-5.8353	-0.52387	2.2876e-06
-5.8353	-0.46968	5.7082e-07
-5.8353	-0.41548	1.5035e-06
-5.8353	-0.36129	5.7995e-06
-5.8353	-0.3071	1.4299e-05
-5.8353	-0.2529	3.1847e-05
-5.8353	-0.19871	3.2292e-05
-5.8353	-0.14452	7.6587e-06
-5.8353	-0.090324	6.1731e-06
-5.8353	-0.036129	2.1145e-05
-5.8353	0.018065	9.117e-06
-5.8353	0.072258	4.6163e-06
-5.8353	0.12645	1.9519e-05
-5.8353	0.18065	1.0534e-05
-5.8353	0.23484	5.677e-06
-5.8353	0.28903	2.5028e-05
-5.8353	0.34323	2.4674e-05
-5.8353	0.39742	2.0187e-05
-5.8353	0.45161	3.1704e-05
-5.8353	0.50581	2.3702e-05
-5.8353	0.56	1.5236e-05
-5.8353	0.61419	2.5717e-05
-5.8353	0.66839	1.576e-05
-5.8353	0.72258	1.9482e-05
-5.8353	0.77677	5.8838e-05
-5.8353	0.83097	3.362e-05
-5.8353	0.88516	7.5804e-05
-5.8353	0.93935	0.00056294
-5.8353	0.99354	0.0012934
-5.8353	1.0477	0.0014357
-5.8353	1.1019	0.00080626
-5.8353	1.1561	0.00017535
-5.8353	1.2103	1.5354e-05
-5.8353	1.2645	5.3172e-05
-5.8353	1.3187	3.6271e-05
-5.8353	1.3729	7.4621e-06
-5.8353	1.4271	6.6018e-06
-5.8353	1.4813	1.1771e-05
-5.8353	1.5355	1.4141e-05
-5.8353	1.5897	1.1127e-05
-5.8353	1.6439	3.1021e-06
-5.8353	1.6981	3.0141e-06
-5.8353	1.7523	9.7341e-06
-5.8353	1.8065	5.5774e-06
-5.8353	1.8606	1.5007e-05
-5.8353	1.9148	3.9373e-05
-5.8353	1.969	1.7672e-05
-5.8353	2.0232	1.7391e-05
-5.8353	2.0774	0.0001019
-5.8353	2.1316	8.6326e-05
-5.8353	2.1858	1.7971e-05
-5.8353	2.24	0.00029343
-5.8353	2.2942	0.00076789
-5.8353	2.3484	0.00081302
-5.8353	2.4026	0.00041224
-5.8353	2.4568	8.3581e-05
-5.7996	-2.4748	6.9125e-10
-5.7996	-2.4206	7.875e-11
-5.7996	-2.3665	2.1954e-09
-5.7996	-2.3123	3.4826e-09
-5.7996	-2.2581	5.6573e-09
-5.7996	-2.2039	4.735e-08
-5.7996	-2.1497	3.7635e-08
-5.7996	-2.0955	3.6323e-08
-5.7996	-2.0413	2.6903e-07
-5.7996	-1.9871	1.9492e-07
-5.7996	-1.9329	1.4663e-07
-5.7996	-1.8787	1.165e-06
-5.7996	-1.8245	9.5383e-07
-5.7996	-1.7703	7.1155e-07
-5.7996	-1.7161	9.3829e-06
-5.7996	-1.6619	2.377e-05
-5.7996	-1.6077	2.5759e-05
-5.7996	-1.5535	1.3115e-05
-5.7996	-1.4994	2.3113e-06
-5.7996	-1.4452	1.3437e-07
-5.7996	-1.391	5.3805e-07
-5.7996	-1.3368	2.0666e-07
-5.7996	-1.2826	1.4961e-08
-5.7996	-1.2284	7.3246e-08
-5.7996	-1.1742	3.1414e-08
-5.7996	-1.12	1.106e-09
-5.7996	-1.0658	1.0362e-09
-5.7996	-1.0116	2.2468e-09
-5.7996	-0.95742	9.3992e-09
-5.7996	-0.90323	1.5014e-07
-5.7996	-0.84903	2.5405e-07
-5.7996	-0.79484	7.9587e-08
-5.7996	-0.74065	1.0364e-06
-5.7996	-0.68645	1.7317e-06
-5.7996	-0.63226	2.9367e-07
-5.7996	-0.57806	3.6293e-06
-5.7996	-0.52387	7.2407e-06
-5.7996	-0.46968	1.4185e-06
-5.7996	-0.41548	1.9004e-05
-5.7996	-0.36129	7.3381e-05
-5.7996	-0.3071	9.2333e-05
-5.7996	-0.2529	4.7641e-05
-5.7996	-0.19871	8.2561e-06
-5.7996	-0.14452	9.2802e-07
-5.7996	-0.090324	9.7535e-07
-5.7996	-0.036129	3.344e-06
-5.7996	0.018065	2.5172e-06
-5.7996	0.072258	1.4085e-06
-5.7996	0.12645	6.1307e-06
-5.7996	0.18065	3.1534e-06
-5.7996	0.23484	2.9081e-06
-5.7996	0.28903	1.0189e-05
-5.7996	0.34323	8.0116e-06
-5.7996	0.39742	1.9279e-05
-5.7996	0.45161	3.382e-05
-5.7996	0.50581	1.7201e-05
-5.7996	0.56	2.3125e-05
-5.7996	0.61419	4.2995e-05
-5.7996	0.66839	1.3722e-05
-5.7996	0.72258	4.1553e-05
-5.7996	0.77677	0.00011382
-5.7996	0.83097	3.7662e-05
-5.7996	0.88516	0.00019861
-5.7996	0.93935	0.0012679
-5.7996	0.99354	0.0026458
-5.7996	1.0477	0.0027784
-5.7996	1.1019	0.0014945
-5.7996	1.1561	0.00029163
-5.7996	1.2103	3.0341e-05
-5.7996	1.2645	0.00013414
-5.7996	1.3187	7.7699e-05
-5.7996	1.3729	7.7222e-06
-5.7996	1.4271	3.1232e-05
-5.7996	1.4813	3.9446e-05
-5.7996	1.5355	1.5013e-05
-5.7996	1.5897	3.5513e-06
-5.7996	1.6439	4.9807e-06
-5.7996	1.6981	7.6613e-06
-5.7996	1.7523	7.7056e-06
-5.7996	1.8065	6.1085e-06
-5.7996	1.8606	1.2202e-05
-5.7996	1.9148	1.7219e-05
-5.7996	1.969	4.4915e-06
-5.7996	2.0232	2.0783e-05
-5.7996	2.0774	7.6925e-05
-5.7996	2.1316	5.0251e-05
-5.7996	2.1858	2.6677e-05
-5.7996	2.24	0.00034702
-5.7996	2.2942	0.0008667
-5.7996	2.3484	0.00094993
-5.7996	2.4026	0.00051347
-5.7996	2.4568	0.00011083
-5.7639	-2.4748	4.7895e-10
-5.7639	-2.4206	5.1077e-11
-5.7639	-2.3665	1.5047e-09
-5.7639	-2.3123	3.1794e-09
-5.7639	-2.2581	1.9719e-09
-5.7639	-2.2039	1.4911e-08
-5.7639	-2.1497	1.0838e-08
-5.7639	-2.0955	3.6043e-08
-5.7639	-2.0413	1.9133e-07
-5.7639	-1.9871	1.0776e-07
-5.7639	-1.9329	2.0433e-07
-5.7639	-1.8787	1.2322e-06
-5.7639	-1.8245	8.2089e-07
-5.7639	-1.7703	1.3536e-06
-5.7639	-1.7161	1.449e-05
-5.7639	-1.6619	3.5671e-05
-5.7639	-1.6077	3.8751e-05
-5.7639	-1.5535	1.9489e-05
-5.7639	-1.4994	3.0799e-06
-5.7639	-1.4452	3.455e-07
-5.7639	-1.391	1.0599e-06
-5.7639	-1.3368	3.1086e-07
-5.7639	-1.2826	3.6343e-08
-5.7639	-1.2284	1.2006e-07
-5.7639	-1.1742	3.3205e-08
-5.7639	-1.12	1.2247e-09
-5.7639	-1.0658	8.7104e-10
-5.7639	-1.0116	5.9764e-09
-5.7639	-0.95742	9.2049e-09
-5.7639	-0.90323	8.0765e-08
-5.7639	-0.84903	1.093e-07
-5.7639	-0.79484	9.6797e-08
-5.7639	-0.74065	1.1618e-06
-5.7639	-0.68645	1.55e-06
-5.7639	-0.63226	3.6595e-07
-5.7639	-0.57806	6.2225e-06
-5.7639	-0.52387	1.0514e-05
-5.7639	-0.46968	2.3719e-06
-5.7639	-0.41548	5.5473e-05
-5.7639	-0.36129	0.00021987
-5.7639	-0.3071	0.00032662
-5.7639	-0.2529	0.00022124
-5.7639	-0.19871	5.45e-05
-5.7639	-0.14452	2.4471e-06
-5.7639	-0.090324	9.6241e-06
-5.7639	-0.036129	3.6436e-06
-5.7639	0.018065	9.8387e-07
-5.7639	0.072258	2.4099e-06
-5.7639	0.12645	1.0256e-06
-5.7639	0.18065	6.8775e-07
-5.7639	0.23484	6.9596e-07
-5.7639	0.28903	1.0739e-06
-5.7639	0.34323	1.4222e-06
-5.7639	0.39742	1.1811e-05
-5.7639	0.45161	1.8828e-05
-5.7639	0.50581	8.0539e-06
-5.7639	0.56	2.6865e-05
-5.7639	0.61419	4.4086e-05
-5.7639	0.66839	9.2678e-06
-5.7639	0.72258	6.6596e-05
-5.7639	0.77677	0.00015243
-5.7639	0.83097	3.599e-05
-5.7639	0.88516	0.00037265
-5.7639	0.93935	0.0020374
-5.7639	0.99354	0.0039249
-5.7639	1.0477	0.0038548
-5.7639	1.1019	0.0019144
-5.7639	1.1561	0.0003144
-5.7639	1.2103	5.5431e-05
-5.7639	1.2645	0.00020693
-5.7639	1.3187	9.8418e-05
-5.7639	1.3729	8.9147e-06
-5.7639	1.4271	6.47e-05
-5.7639	1.4813	6.2682e-05
-5.7639	1.5355	1.0437e-05
-5.7639	1.5897	9.8126e-06
-5.7639	1.6439	2.2649e-05
-5.7639	1.6981	1.3587e-05
-5.7639	1.7523	6.8527e-06
-5.7639	1.8065	8.168e-06
-5.7639	1.8606	7.9215e-06
-5.7639	1.9148	4.0267e-06
-5.7639	1.969	2.3001e-06
-5.7639	2.0232	1.8039e-05
-5.7639	2.0774	3.8177e-05
-5.7639	2.1316	1.6475e-05
-5.7639	2.1858	3.0871e-05
-5.7639	2.24	0.00027549
-5.7639	2.2942	0.00064612
-5.7639	2.3484	0.00071441
-5.7639	2.4026	0.00039575
-5.7639	2.4568	8.4948e-05
-5.7281	-2.4748	4.4731e-10
-5.7281	-2.4206	2.3387e-10
-5.7281	-2.3665	3.4948e-09
-5.7281	-2.3123	4.6564e-09
-5.7281	-2.2581	2.7495e-09
-5.7281	-2.2039	8.4226e-09
-5.7281	-2.1497	7.2497e-09
-5.7281	-2.0955	1.5531e-08
-5.7281	-2.0413	6.6377e-08
-5.7281	-1.9871	2.8831e-08
-5.7281	-1.9329	1.7086e-07
-5.7281	-1.8787	8.1804e-07
-5.7281	-1.8245	4.3897e-07
-5.7281	-1.7703	1.6505e-06
-5.7281	-1.7161	1.5006e-05
-5.7281	-1.6619	3.6544e-05
-5.7281	-1.6077	4.0194e-05
-5.7281	-1.5535	2.0117e-05
-5.7281	-1.4994	2.8394e-06
-5.7281	-1.4452	6.6151e-07
-5.7281	-1.391	1.592e-06
-5.7281	-1.3368	3.8894e-07
-5.7281	-1.2826	8.9409e-08
-5.7281	-1.2284	2.1981e-07
-5.7281	-1.1742	4.639e-08
-5.7281	-1.12	2.9901e-09
-5.7281	-1.0658	1.6732e-09
-5.7281	-1.0116	1.4065e-08
-5.7281	-0.95742	5.5257e-09
-5.7281	-0.90323	4.0807e-08
-5.7281	-0.84903	5.2344e-08
-5.7281	-0.79484	1.0222e-07
-5.7281	-0.74065	8.4382e-07
-5.7281	-0.68645	8.9044e-07
-5.7281	-0.63226	4.5871e-07
-5.7281	-0.57806	6.4244e-06
-5.7281	-0.52387	9.25e-06
-5.7281	-0.46968	3.3646e-06
-5.7281	-0.41548	8.3644e-05
-5.7281	-0.36129	0.00032572
-5.7281	-0.3071	0.00050888
-5.7281	-0.2529	0.00037057
-5.7281	-0.19871	9.6807e-05
-5.7281	-0.14452	6.0816e-06
-5.7281	-0.090324	3.2335e-05
-5.7281	-0.036129	1.6203e-05
-5.7281	0.018065	2.2589e-06
-5.7281	0.072258	1.2826e-05
-5.7281	0.12645	6.6387e-06
-5.7281	0.18065	1.0386e-06
-5.7281	0.23484	5.8914e-06
-5.7281	0.28903	5.3434e-06
-5.7281	0.34323	2.1986e-06
-5.7281	0.39742	2.3254e-06
-5.7281	0.45161	2.9331e-06
-5.7281	0.50581	2.8701e-06
-5.7281	0.56	1.8121e-05
-5.7281	0.61419	2.4428e-05
-5.7281	0.66839	4.9562e-06
-5.7281	0.72258	7.0758e-05
-5.7281	0.77677	0.00013659
-5.7281	0.83097	2.7687e-05
-5.7281	0.88516	0.00050073
-5.7281	0.93935	0.0024412
-5.7281	0.99354	0.0044727
-5.7281	1.0477	0.0041744
-5.7281	1.1019	0.0019065
-5.7281	1.1561	0.00025116
-5.7281	1.2103	9.1117e-05
-5.7281	1.2645	0.00024439
-5.7281	1.3187	9.045e-05
-5.7281	1.3729	1.4982e-05
-5.7281	1.4271	9.0022e-05
-5.7281	1.4813	6.6464e-05
-5.7281	1.5355	6.1384e-06
-5.7281	1.5897	2.9085e-05
-5.7281	1.6439	4.4483e-05
-5.7281	1.6981	1.4925e-05
-5.7281	1.7523	4.2515e-06
-5.7281	1.8065	9.932e-06
-5.7281	1.8606	4.9244e-06
-5.7281	1.9148	1.1061e-06
-5.7281	1.969	5.8068e-06
-5.7281	2.0232	1.1167e-05
-5.7281	2.0774	1.0172e-05
-5.7281	2.1316	2.4073e-06
-5.7281	2.1858	2.3776e-05
-5.7281	2.24	0.00013708
-5.7281	2.2942	0.00030008
-5.7281	2.3484	0.0003363
-5.7281	2.4026	0.00019179
-5.7281	2.4568	4.0783e-05
-5.6924	-2.4748	3.1306e-10
-5.6924	-2.4206	7.3048e-10
-5.6924	-2.3665	6.6637e-09
-5.6924	-2.3123	5.1818e-09
-5.6924	-2.2581	1.7208e-08
-5.6924	-2.2039	4.3734e-08
-5.6924	-2.1497	1.8943e-08
-5.6924	-2.0955	6.382e-09
-5.6924	-2.0413	2.7579e-08
-5.6924	-1.9871	8.7737e-09
-5.6924	-1.9329	8.3271e-08
-5.6924	-1.8787	3.1609e-07
-5.6924	-1.8245	1.3103e-07
-5.6924	-1.7703	1.2274e-06
-5.6924	-1.7161	9.9872e-06
-5.6924	-1.6619	2.4764e-05
-5.6924	-1.6077	2.8157e-05
-5.6924	-1.5535	1.4225e-05
-5.6924	-1.4994	1.7898e-06
-5.6924	-1.4452	8.3724e-07
-5.6924	-1.391	1.6519e-06
-5.6924	-1.3368	3.4425e-07
-5.6924	-1.2826	1.4732e-07
-5.6924	-1.2284	2.8806e-07
-5.6924	-1.1742	5.0179e-08
-5.6924	-1.12	5.6421e-09
-5.6924	-1.0658	3.152e-09
-5.6924	-1.0116	2.0752e-08
-5.6924	-0.95742	1.3915e-08
-5.6924	-0.90323	1.5059e-07
-5.6924	-0.84903	1.5514e-07
-5.6924	-0.79484	9.4399e-08
-5.6924	-0.74065	6.8669e-07
-5.6924	-0.68645	5.5331e-07
-5.6924	-0.63226	4.8404e-07
-5.6924	-0.57806	4.8472e-06
-5.6924	-0.52387	5.7266e-06
-5.6924	-0.46968	3.6071e-06
-5.6924	-0.41548	7.8824e-05
-5.6924	-0.36129	0.00030004
-5.6924	-0.3071	0.00048012
-5.6924	-0.2529	0.00035877
-5.6924	-0.19871	9.0628e-05
-5.6924	-0.14452	9.8324e-06
-5.6924	-0.090324	5.183e-05
-5.6924	-0.036129	2.5422e-05
-5.6924	0.018065	4.7711e-06
-5.6924	0.072258	2.8484e-05
-5.6924	0.12645	1.5806e-05
-5.6924	0.18065	2.8537e-06
-5.6924	0.23484	1.9772e-05
-5.6924	0.28903	1.6646e-05
-5.6924	0.34323	4.5095e-06
-5.6924	0.39742	5.914e-06
-5.6924	0.45161	5.0795e-06
-5.6924	0.50581	2.1474e-06
-5.6924	0.56	3.6375e-06
-5.6924	0.61419	3.7635e-06
-5.6924	0.66839	3.0775e-06
-5.6924	0.72258	4.1669e-05
-5.6924	0.77677	6.9757e-05
-5.6924	0.83097	1.7241e-05
-5.6924	0.88516	0.00045201
-5.6924	0.93935	0.0020629
-5.6924	0.99354	0.0037409
-5.6924	1.0477	0.0034283
-5.6924	1.1019	0.0014677
-5.6924	1.1561	0.00015153
-5.6924	1.2103	0.00012104
-5.6924	1.2645	0.00023272
-5.6924	1.3187	6.4273e-05
-5.6924	1.3729	2.5709e-05
-5.6924	1.4271	9.6324e-05
-5.6924	1.4813	5.1865e-05
-5.6924	1.5355	8.1116e-06
-5.6924	1.5897	4.9983e-05
-5.6924	1.6439	5.4918e-05
-5.6924	1.6981	1.2176e-05
-5.6924	1.7523	4.4702e-06
-5.6924	1.8065	1.2129e-05
-5.6924	1.8606	3.4339e-06
-5.6924	1.9148	2.3625e-06
-5.6924	1.969	8.106e-06
-5.6924	2.0232	4.9677e-06
-5.6924	2.0774	8.3898e-07
-5.6924	2.1316	2.7292e-06
-5.6924	2.1858	1.0611e-05
-5.6924	2.24	2.9884e-05
-5.6924	2.2942	5.9078e-05
-5.6924	2.3484	7.1433e-05
-5.6924	2.4026	4.5698e-05
-5.6924	2.4568	1.0683e-05
-5.6567	-2.4748	1.4164e-10
-5.6567	-2.4206	1.1836e-09
-5.6567	-2.3665	7.6509e-09
-5.6567	-2.3123	4.2234e-09
-5.6567	-2.2581	4.0631e-08
-5.6567	-2.2039	8.975e-08
-5.6567	-2.1497	2.5218e-08
-5.6567	-2.0955	4.7472e-08
-5.6567	-2.0413	1.2039e-07
-5.6567	-1.9871	2.6095e-08
-5.6567	-1.9329	1.1418e-07
-5.6567	-1.8787	2.5424e-07
-5.6567	-1.8245	5.5342e-08
-5.6567	-1.7703	7.6296e-07
-5.6567	-1.7161	4.7862e-06
-5.6567	-1.6619	1.1293e-05
-5.6567	-1.6077	1.3132e-05
-5.6567	-1.5535	6.8019e-06
-5.6567	-1.4994	7.8714e-07
-5.6567	-1.4452	6.7009e-07
-5.6567	-1.391	1.1738e-06
-5.6567	-1.3368	2.2026e-07
-5.6567	-1.2826	1.5473e-07
-5.6567	-1.2284	2.5792e-07
-5.6567	-1.1742	3.8981e-08
-5.6567	-1.12	6.7666e-09
-5.6567	-1.0658	4.7001e-09
-5.6567	-1.0116	1.9604e-08
-5.6567	-0.95742	5.0469e-08
-5.6567	-0.90323	3.8493e-07
-5.6567	-0.84903	2.9263e-07
-5.6567	-0.79484	1.9912e-07
-5.6567	-0.74065	1.3582e-06
-5.6567	-0.68645	8.439e-07
-5.6567	-0.63226	8.1927e-07
-5.6567	-0.57806	5.5609e-06
-5.6567	-0.52387	4.3859e-06
-5.6567	-0.46968	4.2662e-06
-5.6567	-0.41548	6.516e-05
-5.6567	-0.36129	0.00021529
-5.6567	-0.3071	0.00032526
-5.6567	-0.2529	0.00023566
-5.6567	-0.19871	5.4217e-05
-5.6567	-0.14452	1.1411e-05
-5.6567	-0.090324	5.1156e-05
-5.6567	-0.036129	2.2814e-05
-5.6567	0.018065	6.9311e-06
-5.6567	0.072258	3.7107e-05
-5.6567	0.12645	1.9244e-05
-5.6567	0.18065	5.281e-06
-5.6567	0.23484	3.2724e-05
-5.6567	0.28903	2.1729e-05
-5.6567	0.34323	7.3646e-06
-5.6567	0.39742	2.9463e-05
-5.6567	0.45161	2.3673e-05
-5.6567	0.50581	2.9262e-06
-5.6567	0.56	5.5338e-06
-5.6567	0.61419	6.1689e-06
-5.6567	0.66839	2.2381e-06
-5.6567	0.72258	6.8161e-06
-5.6567	0.77677	1.0966e-05
-5.6567	0.83097	8.0345e-06
-5.6567	0.88516	0.00021484
-5.6567	0.93935	0.0010127
-5.6567	0.99354	0.0019735
-5.6567	1.0477	0.0018996
-5.6567	1.1019	0.00080278
-5.6567	1.1561	6.7033e-05
-5.6567	1.2103	0.00011585
-5.6567	1.2645	0.00017297
-5.6567	1.3187	3.5703e-05
-5.6567	1.3729	3.3157e-05
-5.6567	1.4271	8.1057e-05
-5.6567	1.4813	3.0452e-05
-5.6567	1.5355	1.4912e-05
-5.6567	1.5897	5.7312e-05
-5.6567	1.6439	4.7458e-05
-5.6567	1.6981	1.2393e-05
-5.6567	1.7523	1.2493e-05
-5.6567	1.8065	1.4206e-05
-5.6567	1.8606	3.6634e-06
-5.6567	1.9148	5.0128e-06
-5.6567	1.969	7.4903e-06
-5.6567	2.0232	3.1292e-06
-5.6567	2.0774	4.2807e-06
-5.6567	2.1316	5.4566e-06
-5.6567	2.1858	6.1988e-06
-5.6567	2.24	1.5466e-05
-5.6567	2.2942	2.1044e-05
-5.6567	2.3484	1.4181e-05
-5.6567	2.4026	5.7778e-06
-5.6567	2.4568	1.6643e-06
-5.621	-2.4748	4.0689e-11
-5.621	-2.4206	1.0331e-09
-5.621	-2.3665	5.232e-09
-5.621	-2.3123	3.0747e-09
-5.621	-2.2581	5.2063e-08
-5.621	-2.2039	9.9616e-08
-5.621	-2.1497	2.009e-08
-5.621	-2.0955	1.2334e-07
-5.621	-2.0413	2.4192e-07
-5.621	-1.9871	4.096e-08
-5.621	-1.9329	3.7712e-07
-5.621	-1.8787	6.9462e-07
-5.621	-1.8245	1.2437e-07
-5.621	-1.7703	1.8126e-06
-5.621	-1.7161	6.8586e-06
-5.621	-1.6619	9.9941e-06
-5.621	-1.6077	7.8559e-06
-5.621	-1.5535	3.1616e-06
-5.621	-1.4994	3.0636e-07
-5.621	-1.4452	3.4765e-07
-5.621	-1.391	5.9377e-07
-5.621	-1.3368	1.1345e-07
-5.621	-1.2826	9.5371e-08
-5.621	-1.2284	1.552e-07
-5.621	-1.1742	2.3133e-08
-5.621	-1.12	4.8634e-09
-5.621	-1.0658	5.1608e-09
-5.621	-1.0116	1.2015e-08
-5.621	-0.95742	9.6482e-08
-5.621	-0.90323	5.4481e-07
-5.621	-0.84903	3.0134e-07
-5.621	-0.79484	5.2775e-07
-5.621	-0.74065	2.6387e-06
-5.621	-0.68645	1.2511e-06
-5.621	-0.63226	2.3227e-06
-5.621	-0.57806	1.1574e-05
-5.621	-0.52387	6.2505e-06
-5.621	-0.46968	1.2808e-05
-5.621	-0.41548	0.00011705
-5.621	-0.36129	0.00027653
-5.621	-0.3071	0.00031197
-5.621	-0.2529	0.00017488
-5.621	-0.19871	3.0373e-05
-5.621	-0.14452	1.037e-05
-5.621	-0.090324	3.6656e-05
-5.621	-0.036129	1.4135e-05
-5.621	0.018065	6.9142e-06
-5.621	0.072258	3.2011e-05
-5.621	0.12645	1.5105e-05
-5.621	0.18065	6.4619e-06
-5.621	0.23484	3.3343e-05
-5.621	0.28903	1.6113e-05
-5.621	0.34323	1.2234e-05
-5.621	0.39742	5.6362e-05
-5.621	0.45161	3.7631e-05
-5.621	0.50581	6.001e-06
-5.621	0.56	3.6308e-05
-5.621	0.61419	3.0518e-05
-5.621	0.66839	2.9555e-06
-5.621	0.72258	1.9243e-05
-5.621	0.77677	1.7847e-05
-5.621	0.83097	2.6347e-06
-5.621	0.88516	2.3753e-05
-5.621	0.93935	0.00013909
-5.621	0.99354	0.00038892
-5.621	1.0477	0.00049625
-5.621	1.1019	0.00024642
-5.621	1.1561	2.0078e-05
-5.621	1.2103	6.688e-05
-5.621	1.2645	8.9908e-05
-5.621	1.3187	1.5372e-05
-5.621	1.3729	2.7732e-05
-5.621	1.4271	5.0816e-05
-5.621	1.4813	1.3319e-05
-5.621	1.5355	1.7923e-05
-5.621	1.5897	4.4408e-05
-5.621	1.6439	2.9356e-05
-5.621	1.6981	1.8917e-05
-5.621	1.7523	2.3668e-05
-5.621	1.8065	1.3876e-05
-5.621	1.8606	7.7863e-06
-5.621	1.9148	1.0422e-05
-5.621	1.969	5.7054e-06
-5.621	2.0232	7.9432e-06
-5.621	2.0774	1.4163e-05
-5.621	2.1316	5.7511e-06
-5.621	2.1858	2.4692e-05
-5.621	2.24	9.8899e-05
-5.621	2.2942	0.00014766
-5.621	2.3484	0.00010767
-5.621	2.4026	3.7336e-05
-5.621	2.4568	4.2532e-06
-5.5852	-2.4748	9.8326e-12
-5.5852	-2.4206	4.7521e-10
-5.5852	-2.3665	2.1036e-09
-5.5852	-2.3123	1.9239e-09
-5.5852	-2.2581	3.6769e-08
-5.5852	-2.2039	6.3333e-08
-5.5852	-2.1497	1.2452e-08
-5.5852	-2.0955	1.5975e-07
-5.5852	-2.0413	2.5597e-07
-5.5852	-1.9871	4.7459e-08
-5.5852	-1.9329	7.0979e-07
-5.5852	-1.8787	1.1335e-06
-5.5852	-1.8245	2.3704e-07
-5.5852	-1.7703	4.9571e-06
-5.5852	-1.7161	1.7357e-05
-5.5852	-1.6619	2.3147e-05
-5.5852	-1.6077	1.4772e-05
-5.5852	-1.5535	4.0279e-06
-5.5852	-1.4994	2.1509e-07
-5.5852	-1.4452	3.5413e-07
-5.5852	-1.391	3.7875e-07
-5.5852	-1.3368	6.3182e-08
-5.5852	-1.2826	3.865e-08
-5.5852	-1.2284	7.0813e-08
-5.5852	-1.1742	1.2609e-08
-5.5852	-1.12	1.6467e-09
-5.5852	-1.0658	4.0119e-09
-5.5852	-1.0116	6.2502e-09
-5.5852	-0.95742	1.0049e-07
-5.5852	-0.90323	4.5713e-07
-5.5852	-0.84903	1.7996e-07
-5.5852	-0.79484	9.0489e-07
-5.5852	-0.74065	3.3844e-06
-5.5852	-0.68645	1.1872e-06
-5.5852	-0.63226	5.0559e-06
-5.5852	-0.57806	1.9898e-05
-5.5852	-0.52387	8.12e-06
-5.5852	-0.46968	3.8423e-05
-5.5852	-0.41548	0.0002821
-5.5852	-0.36129	0.00060245
-5.5852	-0.3071	0.00059956
-5.5852	-0.2529	0.00027551
-5.5852	-0.19871	3.3665e-05
-5.5852	-0.14452	1.5154e-05
-5.5852	-0.090324	3.5055e-05
-5.5852	-0.036129	9.5723e-06
-5.5852	0.018065	6.2621e-06
-5.5852	0.072258	2.2872e-05
-5.5852	0.12645	9.28e-06
-5.5852	0.18065	5.5197e-06
-5.5852	0.23484	2.4326e-05
-5.5852	0.28903	9.0774e-06
-5.5852	0.34323	1.562e-05
-5.5852	0.39742	5.9888e-05
-5.5852	0.45161	3.169e-05
-5.5852	0.50581	1.3814e-05
-5.5852	0.56	7.633e-05
-5.5852	0.61419	5.0543e-05
-5.5852	0.66839	1.1352e-05
-5.5852	0.72258	9.6519e-05
-5.5852	0.77677	7.9635e-05
-5.5852	0.83097	1.7771e-05
-5.5852	0.88516	0.00022011
-5.5852	0.93935	0.00041008
-5.5852	0.99354	0.00027129
-5.5852	1.0477	7.8103e-05
-5.5852	1.1019	2.1482e-05
-5.5852	1.1561	3.9169e-06
-5.5852	1.2103	1.3413e-05
-5.5852	1.2645	2.4357e-05
-5.5852	1.3187	5.2393e-06
-5.5852	1.3729	1.1502e-05
-5.5852	1.4271	2.0081e-05
-5.5852	1.4813	4.2183e-06
-5.5852	1.5355	1.151e-05
-5.5852	1.5897	2.044e-05
-5.5852	1.6439	1.3171e-05
-5.5852	1.6981	2.4307e-05
-5.5852	1.7523	2.6586e-05
-5.5852	1.8065	1.0736e-05
-5.5852	1.8606	1.5808e-05
-5.5852	1.9148	1.6855e-05
-5.5852	1.969	4.3833e-06
-5.5852	2.0232	1.9974e-05
-5.5852	2.0774	2.7209e-05
-5.5852	2.1316	5.5953e-06
-5.5852	2.1858	7.2306e-05
-5.5852	2.24	0.00025388
-5.5852	2.2942	0.00035394
-5.5852	2.3484	0.00025228
-5.5852	2.4026	8.612e-05
-5.5852	2.4568	8.0449e-06
-5.5495	-2.4748	2.6936e-11
-5.5495	-2.4206	8.273e-10
-5.5495	-2.3665	1.6275e-09
-5.5495	-2.3123	5.7112e-10
-5.5495	-2.2581	1.0602e-08
-5.5495	-2.2039	1.8586e-08
-5.5495	-2.1497	7.17e-09
-5.5495	-2.0955	1.1052e-07
-5.5495	-2.0413	1.495e-07
-5.5495	-1.9871	5.1751e-08
-5.5495	-1.9329	7.7833e-07
-5.5495	-1.8787	1.0716e-06
-5.5495	-1.8245	3.7289e-07
-5.5495	-1.7703	8.1812e-06
-5.5495	-1.7161	2.7833e-05
-5.5495	-1.6619	3.7897e-05
-5.5495	-1.6077	2.4312e-05
-5.5495	-1.5535	6.0136e-06
-5.5495	-1.4994	2.537e-07
-5.5495	-1.4452	8.9806e-07
-5.5495	-1.391	5.5239e-07
-5.5495	-1.3368	5.1395e-08
-5.5495	-1.2826	7.9511e-08
-5.5495	-1.2284	6.3715e-08
-5.5495	-1.1742	8.0756e-09
-5.5495	-1.12	1.8827e-10
-5.5495	-1.0658	3.238e-09
-5.5495	-1.0116	6.9969e-09
-5.5495	-0.95742	4.5952e-08
-5.5495	-0.90323	1.9896e-07
-5.5495	-0.84903	6.5753e-08
-5.5495	-0.79484	9.2613e-07
-5.5495	-0.74065	2.7287e-06
-5.5495	-0.68645	7.1505e-07
-5.5495	-0.63226	7.1797e-06
-5.5495	-0.57806	2.3134e-05
-5.5495	-0.52387	7.2517e-06
-5.5495	-0.46968	7.5941e-05
-5.5495	-0.41548	0.00049192
-5.5495	-0.36129	0.0010348
-5.5495	-0.3071	0.0010248
-5.5495	-0.2529	0.00045129
-5.5495	-0.19871	4.4454e-05
-5.5495	-0.14452	3.8027e-05
-5.5495	-0.090324	6.2647e-05
-5.5495	-0.036129	1.1365e-05
-5.5495	0.018065	1.2129e-05
-5.5495	0.072258	2.7439e-05
-5.5495	0.12645	7.2002e-06
-5.5495	0.18065	7.1839e-06
-5.5495	0.23484	2.4319e-05
-5.5495	0.28903	1.1263e-05
-5.5495	0.34323	1.1484e-05
-5.5495	0.39742	3.5764e-05
-5.5495	0.45161	1.398e-05
-5.5495	0.50581	2.1863e-05
-5.5495	0.56	8.9228e-05
-5.5495	0.61419	4.617e-05
-5.5495	0.66839	2.8545e-05
-5.5495	0.72258	0.00018293
-5.5495	0.77677	0.00012807
-5.5495	0.83097	7.4787e-05
-5.5495	0.88516	0.00085507
-5.5495	0.93935	0.0018598
-5.5495	0.99354	0.0016844
-5.5495	1.0477	0.00067215
-5.5495	1.1019	7.5953e-05
-5.5495	1.1561	1.0307e-05
-5.5495	1.2103	1.5023e-05
-5.5495	1.2645	2.7364e-06
-5.5495	1.3187	3.3794e-06
-5.5495	1.3729	2.379e-06
-5.5495	1.4271	3.146e-06
-5.5495	1.4813	1.1307e-06
-5.5495	1.5355	2.3223e-06
-5.5495	1.5897	3.1786e-06
-5.5495	1.6439	4.8657e-06
-5.5495	1.6981	1.8797e-05
-5.5495	1.7523	1.7027e-05
-5.5495	1.8065	7.1357e-06
-5.5495	1.8606	2.1293e-05
-5.5495	1.9148	1.8046e-05
-5.5495	1.969	4.2523e-06
-5.5495	2.0232	3.4089e-05
-5.5495	2.0774	3.7131e-05
-5.5495	2.1316	7.624e-06
-5.5495	2.1858	0.00013999
-5.5495	2.24	0.00043156
-5.5495	2.2942	0.00055708
-5.5495	2.3484	0.0003727
-5.5495	2.4026	0.0001174
-5.5495	2.4568	8.5857e-06
-5.5138	-2.4748	1.3585e-10
-5.5138	-2.4206	3.0858e-09
-5.5138	-2.3665	3.5382e-09
-5.5138	-2.3123	2.3531e-09
-5.5138	-2.2581	1.0288e-08
-5.5138	-2.2039	6.0706e-09
-5.5138	-2.1497	3.6704e-09
-5.5138	-2.0955	3.7331e-08
-5.5138	-2.0413	3.8839e-08
-5.5138	-1.9871	4.339e-08
-5.5138	-1.9329	4.8918e-07
-5.5138	-1.8787	5.8135e-07
-5.5138	-1.8245	4.351e-07
-5.5138	-1.7703	8.274e-06
-5.5138	-1.7161	2.7797e-05
-5.5138	-1.6619	3.8923e-05
-5.5138	-1.6077	2.5442e-05
-5.5138	-1.5535	5.9308e-06
-5.5138	-1.4994	3.3057e-07
-5.5138	-1.4452	1.55e-06
-5.5138	-1.391	7.5002e-07
-5.5138	-1.3368	6.0766e-08
-5.5138	-1.2826	2.2002e-07
-5.5138	-1.2284	1.0756e-07
-5.5138	-1.1742	5.9638e-09
-5.5138	-1.12	1.194e-09
-5.5138	-1.0658	5.872e-09
-5.5138	-1.0116	1.1314e-08
-5.5138	-0.95742	9.9554e-09
-5.5138	-0.90323	5.2459e-08
-5.5138	-0.84903	4.0563e-08
-5.5138	-0.79484	4.8067e-07
-5.5138	-0.74065	1.1994e-06
-5.5138	-0.68645	3.0081e-07
-5.5138	-0.63226	6.3917e-06
-5.5138	-0.57806	1.7416e-05
-5.5138	-0.52387	4.5593e-06
-5.5138	-0.46968	9.826e-05
-5.5138	-0.41548	0.00058312
-5.5138	-0.36129	0.0012266
-5.5138	-0.3071	0.0012261
-5.5138	-0.2529	0.00052684
-5.5138	-0.19871	4.2538e-05
-5.5138	-0.14452	7.5676e-05
-5.5138	-0.090324	0.00010217
-5.5138	-0.036129	1.4011e-05
-5.5138	0.018065	3.0272e-05
-5.5138	0.072258	5.037e-05
-5.5138	0.12645	8.4206e-06
-5.5138	0.18065	2.035e-05
-5.5138	0.23484	4.7988e-05
-5.5138	0.28903	2.0798e-05
-5.5138	0.34323	3.6626e-06
-5.5138	0.39742	1.3722e-05
-5.5138	0.45161	4.0009e-06
-5.5138	0.50581	2.1492e-05
-5.5138	0.56	6.5541e-05
-5.5138	0.61419	2.573e-05
-5.5138	0.66839	4.1153e-05
-5.5138	0.72258	0.00020061
-5.5138	0.77677	0.00011712
-5.5138	0.83097	0.00015155
-5.5138	0.88516	0.0014744
-5.5138	0.93935	0.0032993
-5.5138	0.99354	0.0032584
-5.5138	1.0477	0.0014632
-5.5138	1.1019	0.00018558
-5.5138	1.1561	4.0919e-05
-5.5138	1.2103	8.4414e-05
-5.5138	1.2645	1.5329e-05
-5.5138	1.3187	1.0006e-05
-5.5138	1.3729	1.7633e-05
-5.5138	1.4271	3.3061e-06
-5.5138	1.4813	2.4095e-06
-5.5138	1.5355	4.45e-06
-5.5138	1.5897	2.3044e-06
-5.5138	1.6439	2.0902e-06
-5.5138	1.6981	5.7212e-06
-5.5138	1.7523	4.4323e-06
-5.5138	1.8065	4.5341e-06
-5.5138	1.8606	1.6808e-05
-5.5138	1.9148	1.1275e-05
-5.5138	1.969	4.9422e-06
-5.5138	2.0232	3.8763e-05
-5.5138	2.0774	3.5155e-05
-5.5138	2.1316	1.1688e-05
-5.5138	2.1858	0.00019483
-5.5138	2.24	0.00054711
-5.5138	2.2942	0.00066689
-5.5138	2.3484	0.00041892
-5.5138	2.4026	0.00011883
-5.5138	2.4568	6.4307e-06
-5.4781	-2.4748	3.6647e-10
-5.4781	-2.4206	5.9897e-09
-5.4781	-2.3665	4.5784e-09
-5.4781	-2.3123	1.2447e-08
-5.4781	-2.2581	5.081e-08
-5.4781	-2.2039	2.4931e-08
-5.4781	-2.1497	1.2475e-08
-5.4781	-2.0955	5.8869e-08
-5.4781	-2.0413	2.3934e-08
-5.4781	-1.9871	3.795e-08
-5.4781	-1.9329	2.1083e-07
-5.4781	-1.8787	1.7558e-07
-5.4781	-1.8245	3.0975e-07
-5.4781	-1.7703	4.882e-06
-5.4781	-1.7161	1.6725e-05
-5.4781	-1.6619	2.4713e-05
-5.4781	-1.6077	1.6783e-05
-5.4781	-1.5535	3.7253e-06
-5.4781	-1.4994	3.7618e-07
-5.4781	-1.4452	1.6478e-06
-5.4781	-1.391	6.7457e-07
-5.4781	-1.3368	8.2913e-08
-5.4781	-1.2826	3.4215e-07
-5.4781	-1.2284	1.3413e-07
-5.4781	-1.1742	4.6868e-09
-5.4781	-1.12	2.663e-09
-5.4781	-1.0658	1.1216e-08
-5.4781	-1.0116	1.7839e-08
-5.4781	-0.95742	1.0405e-07
-5.4781	-0.90323	1.9472e-07
-5.4781	-0.84903	5.8352e-08
-5.4781	-0.79484	1.1494e-07
-5.4781	-0.74065	2.7382e-07
-5.4781	-0.68645	1.4117e-07
-5.4781	-0.63226	3.2641e-06
-5.4781	-0.57806	7.7003e-06
-5.4781	-0.52387	2.2943e-06
-5.4781	-0.46968	8.0837e-05
-5.4781	-0.41548	0.00045774
-5.4781	-0.36129	0.00098352
-5.4781	-0.3071	0.0010062
-5.4781	-0.2529	0.00042452
-5.4781	-0.19871	2.9095e-05
-5.4781	-0.14452	0.00010153
-5.4781	-0.090324	0.00011817
-5.4781	-0.036129	1.3315e-05
-5.4781	0.018065	5.3545e-05
-5.4781	0.072258	7.4404e-05
-5.4781	0.12645	9.7399e-06
-5.4781	0.18065	4.6603e-05
-5.4781	0.23484	8.4925e-05
-5.4781	0.28903	2.6141e-05
-5.4781	0.34323	8.3976e-06
-5.4781	0.39742	2.6938e-05
-5.4781	0.45161	8.2712e-06
-5.4781	0.50581	1.6155e-05
-5.4781	0.56	4.0842e-05
-5.4781	0.61419	1.157e-05
-5.4781	0.66839	3.8604e-05
-5.4781	0.72258	0.00014725
-5.4781	0.77677	7.0027e-05
-5.4781	0.83097	0.00017944
-5.4781	0.88516	0.0015262
-5.4781	0.93935	0.0034414
-5.4781	0.99354	0.0035283
-5.4781	1.0477	0.0016338
-5.4781	1.1019	0.00019403
-5.4781	1.1561	8.4217e-05
-5.4781	1.2103	0.00016194
-5.4781	1.2645	3.0922e-05
-5.4781	1.3187	2.4751e-05
-5.4781	1.3729	5.1482e-05
-5.4781	1.4271	1.1178e-05
-5.4781	1.4813	8.7925e-06
-5.4781	1.5355	2.2508e-05
-5.4781	1.5897	1.0875e-05
-5.4781	1.6439	2.7019e-06
-5.4781	1.6981	2.0766e-06
-5.4781	1.7523	1.1751e-06
-5.4781	1.8065	2.093e-06
-5.4781	1.8606	5.3395e-06
-5.4781	1.9148	2.7057e-06
-5.4781	1.969	4.5167e-06
-5.4781	2.0232	2.6598e-05
-5.4781	2.0774	2.054e-05
-5.4781	2.1316	1.4068e-05
-5.4781	2.1858	0.00019061
-5.4781	2.24	0.000508
-5.4781	2.2942	0.00060379
-5.4781	2.3484	0.00036398
-5.4781	2.4026	9.3047e-05
-5.4781	2.4568	3.8805e-06
-5.4423	-2.4748	5.6162e-10
-5.4423	-2.4206	6.6659e-09
-5.4423	-2.3665	3.2684e-09
-5.4423	-2.3123	2.8235e-08
-5.4423	-2.2581	9.9336e-08
-5.4423	-2.2039	4.1863e-08
-5.4423	-2.1497	4.9473e-08
-5.4423	-2.0955	2.021e-07
-5.4423	-2.0413	8.0701e-08
-5.4423	-1.9871	1.1336e-07
-5.4423	-1.9329	4.1199e-07
-5.4423	-1.8787	1.7331e-07
-5.4423	-1.8245	2.9407e-07
-5.4423	-1.7703	2.5183e-06
-5.4423	-1.7161	6.7649e-06
-5.4423	-1.6619	9.5734e-06
-5.4423	-1.6077	6.7039e-06
-5.4423	-1.5535	1.4555e-06
-5.4423	-1.4994	2.7623e-07
-5.4423	-1.4452	1.0668e-06
-5.4423	-1.391	3.8577e-07
-5.4423	-1.3368	9.0242e-08
-5.4423	-1.2826	3.2709e-07
-5.4423	-1.2284	1.1023e-07
-5.4423	-1.1742	3.9276e-09
-5.4423	-1.12	2.8638e-09
-5.4423	-1.0658	1.3856e-08
-5.4423	-1.0116	3.1228e-08
-5.4423	-0.95742	3.2253e-07
-5.4423	-0.90323	4.8032e-07
-5.4423	-0.84903	7.7827e-08
-5.4423	-0.79484	5.4731e-07
-5.4423	-0.74065	7.3661e-07
-5.4423	-0.68645	1.7755e-07
-5.4423	-0.63226	2.0898e-06
-5.4423	-0.57806	3.0445e-06
-5.4423	-0.52387	1.3236e-06
-5.4423	-0.46968	4.3586e-05
-5.4423	-0.41548	0.00023206
-5.4423	-0.36129	0.00051466
-5.4423	-0.3071	0.00055049
-5.4423	-0.2529	0.00023319
-5.4423	-0.19871	1.5542e-05
-5.4423	-0.14452	9.0402e-05
-5.4423	-0.090324	9.5393e-05
-5.4423	-0.036129	1.0204e-05
-5.4423	0.018065	6.301e-05
-5.4423	0.072258	7.7256e-05
-5.4423	0.12645	1.0099e-05
-5.4423	0.18065	7.0921e-05
-5.4423	0.23484	0.00010511
-5.4423	0.28903	2.1271e-05
-5.4423	0.34323	3.5208e-05
-5.4423	0.39742	7.1049e-05
-5.4423	0.45161	1.5774e-05
-5.4423	0.50581	2.5945e-05
-5.4423	0.56	5.7382e-05
-5.4423	0.61419	1.1875e-05
-5.4423	0.66839	4.2842e-05
-5.4423	0.72258	0.00011645
-5.4423	0.77677	3.8029e-05
-5.4423	0.83097	0.00016137
-5.4423	0.88516	0.0011382
-5.4423	0.93935	0.002458
-5.4423	0.99354	0.0025163
-5.4423	1.0477	0.0011556
-5.4423	1.1019	0.0001194
-5.4423	1.1561	0.00010546
-5.4423	1.2103	0.00017655
-5.4423	1.2645	3.0308e-05
-5.4423	1.3187	3.9036e-05
-5.4423	1.3729	7.6103e-05
-5.4423	1.4271	1.5261e-05
-5.4423	1.4813	1.8423e-05
-5.4423	1.5355	4.2655e-05
-5.4423	1.5897	1.5045e-05
-5.4423	1.6439	9.3126e-06
-5.4423	1.6981	1.8776e-05
-5.4423	1.7523	7.9862e-06
-5.4423	1.8065	6.4127e-07
-5.4423	1.8606	1.2448e-06
-5.4423	1.9148	7.5982e-07
-5.4423	1.969	1.8799e-06
-5.4423	2.0232	7.2643e-06
-5.4423	2.0774	5.056e-06
-5.4423	2.1316	1.0003e-05
-5.4423	2.1858	0.00011309
-5.4423	2.24	0.00030619
-5.4423	2.2942	0.00037571
-5.4423	2.3484	0.00022769
-5.4423	2.4026	5.3958e-05
-5.4423	2.4568	2.2897e-06
-5.4066	-2.4748	4.4855e-10
-5.4066	-2.4206	4.2104e-09
-5.4066	-2.3665	1.8286e-09
-5.4066	-2.3123	3.5522e-08
-5.4066	-2.2581	1.0577e-07
-5.4066	-2.2039	3.5971e-08
-5.4066	-2.1497	1.0029e-07
-5.4066	-2.0955	3.4049e-07
-5.4066	-2.0413	1.1709e-07
-5.4066	-1.9871	3.1383e-07
-5.4066	-1.9329	1.0526e-06
-5.4066	-1.8787	3.8755e-07
-5.4066	-1.8245	1.113e-06
-5.4066	-1.7703	6.5299e-06
-5.4066	-1.7161	1.0756e-05
-5.4066	-1.6619	8.4735e-06
-5.4066	-1.6077	3.4993e-06
-5.4066	-1.5535	5.3061e-07
-5.4066	-1.4994	1.1389e-07
-5.4066	-1.4452	4.0715e-07
-5.4066	-1.391	1.4031e-07
-5.4066	-1.3368	5.728e-08
-5.4066	-1.2826	1.8915e-07
-5.4066	-1.2284	5.9386e-08
-5.4066	-1.1742	2.682e-09
-5.4066	-1.12	1.9445e-09
-5.4066	-1.0658	1.0231e-08
-5.4066	-1.0116	4.7732e-08
-5.4066	-0.95742	4.878e-07
-5.4066	-0.90323	5.9948e-07
-5.4066	-0.84903	1.4426e-07
-5.4066	-0.79484	1.6967e-06
-5.4066	-0.74065	1.8111e-06
-5.4066	-0.68645	5.9136e-07
-5.4066	-0.63226	6.5199e-06
-5.4066	-0.57806	6.5975e-06
-5.4066	-0.52387	3.1844e-06
-5.4066	-0.46968	5.3832e-05
-5.4066	-0.41548	0.00017441
-5.4066	-0.36129	0.00027797
-5.4066	-0.3071	0.00025126
-5.4066	-0.2529	9.881e-05
-5.4066	-0.19871	6.9658e-06
-5.4066	-0.14452	5.2715e-05
-5.4066	-0.090324	5.5005e-05
-5.4066	-0.036129	6.5868e-06
-5.4066	0.018065	4.7771e-05
-5.4066	0.072258	5.6132e-05
-5.4066	0.12645	9.8184e-06
-5.4066	0.18065	7.1507e-05
-5.4066	0.23484	8.9395e-05
-5.4066	0.28903	1.2163e-05
-5.4066	0.34323	6.6975e-05
-5.4066	0.39742	0.00010391
-5.4066	0.45161	1.6014e-05
-5.4066	0.50581	6.3209e-05
-5.4066	0.56	0.00011025
-5.4066	0.61419	1.7169e-05
-5.4066	0.66839	9.8262e-05
-5.4066	0.72258	0.00019253
-5.4066	0.77677	3.8011e-05
-5.4066	0.83097	0.00029031
-5.4066	0.88516	0.0013154
-5.4066	0.93935	0.002129
-5.4066	0.99354	0.001767
-5.4066	1.0477	0.00068815
-5.4066	1.1019	5.5047e-05
-5.4066	1.1561	8.9613e-05
-5.4066	1.2103	0.00012857
-5.4066	1.2645	1.8902e-05
-5.4066	1.3187	4.04e-05
-5.4066	1.3729	7.112e-05
-5.4066	1.4271	1.2518e-05
-5.4066	1.4813	2.3849e-05
-5.4066	1.5355	4.6297e-05
-5.4066	1.5897	1.0354e-05
-5.4066	1.6439	2.1916e-05
-5.4066	1.6981	4.3733e-05
-5.4066	1.7523	1.4381e-05
-5.4066	1.8065	4.5539e-06
-5.4066	1.8606	1.4635e-05
-5.4066	1.9148	5.8616e-06
-5.4066	1.969	7.9782e-07
-5.4066	2.0232	3.0236e-06
-5.4066	2.0774	1.3022e-06
-5.4066	2.1316	2.0623e-06
-5.4066	2.1858	2.295e-05
-5.4066	2.24	7.9154e-05
-5.4066	2.2942	0.00011956
-5.4066	2.3484	8.3113e-05
-5.4066	2.4026	2.0163e-05
-5.4066	2.4568	1.2971e-06
-5.3709	-2.4748	1.4644e-10
-5.3709	-2.4206	1.8305e-09
-5.3709	-2.3665	2.4693e-09
-5.3709	-2.3123	2.3408e-08
-5.3709	-2.2581	6.1535e-08
-5.3709	-2.2039	1.8476e-08
-5.3709	-2.1497	1.132e-07
-5.3709	-2.0955	3.2431e-07
-5.3709	-2.0413	9.4311e-08
-5.3709	-1.9871	5.0851e-07
-5.3709	-1.9329	1.5089e-06
-5.3709	-1.8787	4.6891e-07
-5.3709	-1.8245	2.9039e-06
-5.3709	-1.7703	1.6015e-05
-5.3709	-1.7161	2.7133e-05
-5.3709	-1.6619	2.097e-05
-5.3709	-1.6077	7.133e-06
-5.3709	-1.5535	6.1568e-07
-5.3709	-1.4994	2.3316e-07
-5.3709	-1.4452	3.2232e-07
-5.3709	-1.391	6.9792e-08
-5.3709	-1.3368	1.7597e-08
-5.3709	-1.2826	6.0987e-08
-5.3709	-1.2284	2.0552e-08
-5.3709	-1.1742	1.0094e-09
-5.3709	-1.12	8.5722e-10
-5.3709	-1.0658	4.2649e-09
-5.3709	-1.0116	4.6351e-08
-5.3709	-0.95742	4.2067e-07
-5.3709	-0.90323	4.3157e-07
-5.3709	-0.84903	2.5644e-07
-5.3709	-0.79484	2.4965e-06
-5.3709	-0.74065	2.1491e-06
-5.3709	-0.68645	1.5805e-06
-5.3709	-0.63226	1.4175e-05
-5.3709	-0.57806	1.24e-05
-5.3709	-0.52387	1.1677e-05
-5.3709	-0.46968	0.00015847
-5.3709	-0.41548	0.00043428
-5.3709	-0.36129	0.00052583
-5.3709	-0.3071	0.00031823
-5.3709	-0.2529	7.7829e-05
-5.3709	-0.19871	4.9773e-06
-5.3709	-0.14452	3.2149e-05
-5.3709	-0.090324	2.9873e-05
-5.3709	-0.036129	3.3407e-06
-5.3709	0.018065	2.2961e-05
-5.3709	0.072258	3.0739e-05
-5.3709	0.12645	7.7957e-06
-5.3709	0.18065	4.4559e-05
-5.3709	0.23484	5.1082e-05
-5.3709	0.28903	6.7637e-06
-5.3709	0.34323	7.1397e-05
-5.3709	0.39742	9.1205e-05
-5.3709	0.45161	1.1649e-05
-5.3709	0.50581	0.00010559
-5.3709	0.56	0.0001466
-5.3709	0.61419	1.992e-05
-5.3709	0.66839	0.00020969
-5.3709	0.72258	0.0003356
-5.3709	0.77677	5.4531e-05
-5.3709	0.83097	0.00081805
-5.3709	0.88516	0.0029817
-5.3709	0.93935	0.0040284
-5.3709	0.99354	0.0026623
-5.3709	1.0477	0.00077084
-5.3709	1.1019	3.991e-05
-5.3709	1.1561	8.6056e-05
-5.3709	1.2103	9.1276e-05
-5.3709	1.2645	1.0217e-05
-5.3709	1.3187	3.1457e-05
-5.3709	1.3729	4.8559e-05
-5.3709	1.4271	7.4697e-06
-5.3709	1.4813	2.0314e-05
-5.3709	1.5355	3.3363e-05
-5.3709	1.5897	4.6311e-06
-5.3709	1.6439	3.0657e-05
-5.3709	1.6981	5.2155e-05
-5.3709	1.7523	1.261e-05
-5.3709	1.8065	1.5408e-05
-5.3709	1.8606	3.6723e-05
-5.3709	1.9148	1.0651e-05
-5.3709	1.969	7.7269e-06
-5.3709	2.0232	2.4885e-05
-5.3709	2.0774	8.6848e-06
-5.3709	2.1316	5.6981e-06
-5.3709	2.1858	2.6218e-05
-5.3709	2.24	2.4566e-05
-5.3709	2.2942	1.2724e-05
-5.3709	2.3484	8.7885e-06
-5.3709	2.4026	3.2041e-06
-5.3709	2.4568	3.6607e-07
-5.3351	-2.4748	4.9339e-10
-5.3351	-2.4206	3.6007e-09
-5.3351	-2.3665	4.1563e-09
-5.3351	-2.3123	4.4518e-09
-5.3351	-2.2581	1.4783e-08
-5.3351	-2.2039	8.5416e-09
-5.3351	-2.1497	6.148e-08
-5.3351	-2.0955	1.6358e-07
-5.3351	-2.0413	4.8493e-08
-5.3351	-1.9871	4.6741e-07
-5.3351	-1.9329	1.2532e-06
-5.3351	-1.8787	3.4185e-07
-5.3351	-1.8245	4.2664e-06
-5.3351	-1.7703	2.2369e-05
-5.3351	-1.7161	3.9373e-05
-5.3351	-1.6619	3.1921e-05
-5.3351	-1.6077	1.0892e-05
-5.3351	-1.5535	7.3552e-07
-5.3351	-1.4994	7.9451e-07
-5.3351	-1.4452	7.8091e-07
-5.3351	-1.391	9.6771e-08
-5.3351	-1.3368	4.7752e-08
-5.3351	-1.2826	4.5965e-08
-5.3351	-1.2284	6.7446e-09
-5.3351	-1.1742	1.0816e-09
-5.3351	-1.12	6.199e-10
-5.3351	-1.0658	2.4881e-09
-5.3351	-1.0116	1.8879e-08
-5.3351	-0.95742	1.781e-07
-5.3351	-0.90323	1.5988e-07
-5.3351	-0.84903	2.7335e-07
-5.3351	-0.79484	2.0387e-06
-5.3351	-0.74065	1.4057e-06
-5.3351	-0.68645	2.5227e-06
-5.3351	-0.63226	1.7706e-05
-5.3351	-0.57806	1.2949e-05
-5.3351	-0.52387	2.6391e-05
-5.3351	-0.46968	0.0003048
-5.3351	-0.41548	0.00083355
-5.3351	-0.36129	0.0010197
-5.3351	-0.3071	0.00058777
-5.3351	-0.2529	0.00011126
-5.3351	-0.19871	1.5531e-05
-5.3351	-0.14452	5.9162e-05
-5.3351	-0.090324	2.9988e-05
-5.3351	-0.036129	4.0275e-06
-5.3351	0.018065	1.9551e-05
-5.3351	0.072258	2.1276e-05
-5.3351	0.12645	3.942e-06
-5.3351	0.18065	1.5455e-05
-5.3351	0.23484	2.2172e-05
-5.3351	0.28903	5.0238e-06
-5.3351	0.34323	3.994e-05
-5.3351	0.39742	4.5401e-05
-5.3351	0.45161	9.4132e-06
-5.3351	0.50581	0.00011021
-5.3351	0.56	0.00012455
-5.3351	0.61419	2.2579e-05
-5.3351	0.66839	0.00030251
-5.3351	0.72258	0.00040781
-5.3351	0.77677	8.0633e-05
-5.3351	0.83097	0.0016747
-5.3351	0.88516	0.0056542
-5.3351	0.93935	0.0075064
-5.3351	0.99354	0.004813
-5.3351	1.0477	0.0012572
-5.3351	1.1019	5.095e-05
-5.3351	1.1561	0.00016975
-5.3351	1.2103	0.00012401
-5.3351	1.2645	9.0186e-06
-5.3351	1.3187	3.7882e-05
-5.3351	1.3729	4.0608e-05
-5.3351	1.4271	4.4725e-06
-5.3351	1.4813	1.7738e-05
-5.3351	1.5355	2.5845e-05
-5.3351	1.5897	5.353e-06
-5.3351	1.6439	2.4593e-05
-5.3351	1.6981	3.5383e-05
-5.3351	1.7523	6.0311e-06
-5.3351	1.8065	2.5689e-05
-5.3351	1.8606	4.7008e-05
-5.3351	1.9148	9.8276e-06
-5.3351	1.969	2.2154e-05
-5.3351	2.0232	5.616e-05
-5.3351	2.0774	1.5814e-05
-5.3351	2.1316	3.5689e-05
-5.3351	2.1858	0.00016643
-5.3351	2.24	0.00020923
-5.3351	2.2942	0.00011237
-5.3351	2.3484	2.3817e-05
-5.3351	2.4026	9.9664e-07
-5.3351	2.4568	4.8616e-07
-5.2994	-2.4748	2.2153e-09
-5.2994	-2.4206	8.8988e-09
-5.2994	-2.3665	5.2921e-09
-5.2994	-2.3123	9.1026e-09
-5.2994	-2.2581	1.6807e-08
-5.2994	-2.2039	8.6203e-09
-5.2994	-2.1497	7.4142e-09
-5.2994	-2.0955	3.052e-08
-5.2994	-2.0413	1.762e-08
-5.2994	-1.9871	1.8407e-07
-5.2994	-1.9329	5.206e-07
-5.2994	-1.8787	1.6029e-07
-5.2994	-1.8245	3.3807e-06
-5.2994	-1.7703	1.7822e-05
-5.2994	-1.7161	3.3185e-05
-5.2994	-1.6619	2.8261e-05
-5.2994	-1.6077	9.5964e-06
-5.2994	-1.5535	5.3639e-07
-5.2994	-1.4994	1.3743e-06
-5.2994	-1.4452	1.1484e-06
-5.2994	-1.391	1.0414e-07
-5.2994	-1.3368	1.6238e-07
-5.2994	-1.2826	1.142e-07
-5.2994	-1.2284	6.1889e-09
-5.2994	-1.1742	3.9236e-09
-5.2994	-1.12	2.4443e-09
-5.2994	-1.0658	5.1119e-09
-5.2994	-1.0116	1.0798e-08
-5.2994	-0.95742	4.6337e-08
-5.2994	-0.90323	2.3736e-08
-5.2994	-0.84903	1.4214e-07
-5.2994	-0.79484	8.2229e-07
-5.2994	-0.74065	4.3943e-07
-5.2994	-0.68645	2.3128e-06
-5.2994	-0.63226	1.3031e-05
-5.2994	-0.57806	7.7807e-06
-5.2994	-0.52387	3.5831e-05
-5.2994	-0.46968	0.00036109
-5.2994	-0.41548	0.00099464
-5.2994	-0.36129	0.0012508
-5.2994	-0.3071	0.00072264
-5.2994	-0.2529	0.00011822
-5.2994	-0.19871	3.9384e-05
-5.2994	-0.14452	0.00011186
-5.2994	-0.090324	3.8088e-05
-5.2994	-0.036129	1.4337e-05
-5.2994	0.018065	5.064e-05
-5.2994	0.072258	2.8007e-05
-5.2994	0.12645	3.2936e-06
-5.2994	0.18065	1.6266e-05
-5.2994	0.23484	1.9661e-05
-5.2994	0.28903	4.3108e-06
-5.2994	0.34323	7.6926e-06
-5.2994	0.39742	1.1048e-05
-5.2994	0.45161	7.8175e-06
-5.2994	0.50581	6.5261e-05
-5.2994	0.56	6.1773e-05
-5.2994	0.61419	2.4486e-05
-5.2994	0.66839	0.00028358
-5.2994	0.72258	0.00032585
-5.2994	0.77677	0.00011354
-5.2994	0.83097	0.0022893
-5.2994	0.88516	0.007379
-5.2994	0.93935	0.0098497
-5.2994	0.99354	0.0063349
-5.2994	1.0477	0.0015643
-5.2994	1.1019	6.808e-05
-5.2994	1.1561	0.00033741
-5.2994	1.2103	0.00020119
-5.2994	1.2645	1.3663e-05
-5.2994	1.3187	8.3021e-05
-5.2994	1.3729	6.204e-05
-5.2994	1.4271	5.051e-06
-5.2994	1.4813	3.6411e-05
-5.2994	1.5355	4.3114e-05
-5.2994	1.5897	9.816e-06
-5.2994	1.6439	9.5105e-06
-5.2994	1.6981	1.3221e-05
-5.2994	1.7523	2.1872e-06
-5.2994	1.8065	2.5477e-05
-5.2994	1.8606	3.6804e-05
-5.2994	1.9148	5.6141e-06
-5.2994	1.969	3.2688e-05
-5.2994	2.0232	6.7934e-05
-5.2994	2.0774	1.5189e-05
-5.2994	2.1316	8.0066e-05
-5.2994	2.1858	0.00034761
-5.2994	2.24	0.00047327
-5.2994	2.2942	0.00029397
-5.2994	2.3484	7.6508e-05
-5.2994	2.4026	3.7278e-06
-5.2994	2.4568	3.1306e-06
-5.2637	-2.4748	4.4349e-09
-5.2637	-2.4206	1.2134e-08
-5.2637	-2.3665	7.3759e-09
-5.2637	-2.3123	4.9507e-08
-5.2637	-2.2581	6.1622e-08
-5.2637	-2.2039	1.3542e-08
-5.2637	-2.1497	5.6997e-08
-5.2637	-2.0955	6.1018e-08
-5.2637	-2.0413	1.0929e-08
-5.2637	-1.9871	4.058e-08
-5.2637	-1.9329	9.0338e-08
-5.2637	-1.8787	3.7814e-08
-5.2637	-1.8245	9.34e-07
-5.2637	-1.7703	6.2092e-06
-5.2637	-1.7161	1.3804e-05
-5.2637	-1.6619	1.3238e-05
-5.2637	-1.6077	4.5902e-06
-5.2637	-1.5535	2.625e-07
-5.2637	-1.4994	1.3331e-06
-5.2637	-1.4452	9.5854e-07
-5.2637	-1.391	7.287e-08
-5.2637	-1.3368	2.6198e-07
-5.2637	-1.2826	1.5801e-07
-5.2637	-1.2284	6.5477e-09
-5.2637	-1.1742	6.896e-09
-5.2637	-1.12	6.1631e-09
-5.2637	-1.0658	7.6482e-09
-5.2637	-1.0116	9.3571e-08
-5.2637	-0.95742	2.281e-07
-5.2637	-0.90323	5.353e-08
-5.2637	-0.84903	1.693e-07
-5.2637	-0.79484	3.9473e-07
-5.2637	-0.74065	8.8831e-08
-5.2637	-0.68645	1.3303e-06
-5.2637	-0.63226	5.4016e-06
-5.2637	-0.57806	2.482e-06
-5.2637	-0.52387	2.8085e-05
-5.2637	-0.46968	0.00025905
-5.2637	-0.41548	0.00073685
-5.2637	-0.36129	0.0009683
-5.2637	-0.3071	0.00056731
-5.2637	-0.2529	8.0731e-05
-5.2637	-0.19871	5.8849e-05
-5.2637	-0.14452	0.00013557
-5.2637	-0.090324	3.5286e-05
-5.2637	-0.036129	3.2316e-05
-5.2637	0.018065	9.2145e-05
-5.2637	0.072258	3.532e-05
-5.2637	0.12645	1.1545e-05
-5.2637	0.18065	4.956e-05
-5.2637	0.23484	3.1195e-05
-5.2637	0.28903	9.6059e-06
-5.2637	0.34323	2.0247e-05
-5.2637	0.39742	1.4511e-05
-5.2637	0.45161	3.4845e-06
-5.2637	0.50581	1.6753e-05
-5.2637	0.56	1.3999e-05
-5.2637	0.61419	1.8386e-05
-5.2637	0.66839	0.00015958
-5.2637	0.72258	0.00015839
-5.2637	0.77677	0.00012131
-5.2637	0.83097	0.0020586
-5.2637	0.88516	0.0065092
-5.2637	0.93935	0.0088606
-5.2637	0.99354	0.0057656
-5.2637	1.0477	0.0013454
-5.2637	1.1019	8.8899e-05
-5.2637	1.1561	0.00047148
-5.2637	1.2103	0.00024298
-5.2637	1.2645	2.3261e-05
-5.2637	1.3187	0.00015091
-5.2637	1.3729	9.2433e-05
-5.2637	1.4271	1.061e-05
-5.2637	1.4813	8.2453e-05
-5.2637	1.5355	7.6646e-05
-5.2637	1.5897	1.1203e-05
-5.2637	1.6439	8.5625e-06
-5.2637	1.6981	1.2134e-05
-5.2637	1.7523	2.5999e-06
-5.2637	1.8065	1.7586e-05
-5.2637	1.8606	2.0417e-05
-5.2637	1.9148	2.6997e-06
-5.2637	1.969	3.0159e-05
-5.2637	2.0232	5.2442e-05
-5.2637	2.0774	9.6828e-06
-5.2637	2.1316	0.00010098
-5.2637	2.1858	0.00040987
-5.2637	2.24	0.00057338
-5.2637	2.2942	0.00037406
-5.2637	2.3484	0.00010093
-5.2637	2.4026	4.553e-06
-5.2637	2.4568	7.3922e-06
-5.228	-2.4748	4.875e-09
-5.228	-2.4206	9.3803e-09
-5.228	-2.3665	1.1804e-08
-5.228	-2.3123	9.4322e-08
-5.228	-2.2581	9.4215e-08
-5.228	-2.2039	2.7014e-08
-5.228	-2.1497	2.2269e-07
-5.228	-2.0955	1.9697e-07
-5.228	-2.0413	5.0938e-08
-5.228	-1.9871	4.4962e-07
-5.228	-1.9329	3.8067e-07
-5.228	-1.8787	1.0469e-07
-5.228	-1.8245	1.144e-06
-5.228	-1.7703	2.383e-06
-5.228	-1.7161	2.8639e-06
-5.228	-1.6619	2.4779e-06
-5.228	-1.6077	8.7318e-07
-5.228	-1.5535	9.9406e-08
-5.228	-1.4994	6.6266e-07
-5.228	-1.4452	4.1943e-07
-5.228	-1.391	4.1423e-08
-5.228	-1.3368	2.3741e-07
-5.228	-1.2826	1.2369e-07
-5.228	-1.2284	5.6007e-09
-5.228	-1.1742	6.7289e-09
-5.228	-1.12	8.5566e-09
-5.228	-1.0658	1.0362e-08
-5.228	-1.0116	2.6017e-07
-5.228	-0.95742	5.7354e-07
-5.228	-0.90323	1.165e-07
-5.228	-0.84903	7.6118e-07
-5.228	-0.79484	1.5353e-06
-5.228	-0.74065	3.098e-07
-5.228	-0.68645	2.2312e-06
-5.228	-0.63226	4.47e-06
-5.228	-0.57806	9.9288e-07
-5.228	-0.52387	1.5581e-05
-5.228	-0.46968	0.00011434
-5.228	-0.41548	0.0003235
-5.228	-0.36129	0.00044993
-5.228	-0.3071	0.00027468
-5.228	-0.2529	3.4922e-05
-5.228	-0.19871	5.1749e-05
-5.228	-0.14452	0.00010357
-5.228	-0.090324	2.143e-05
-5.228	-0.036129	4.3373e-05
-5.228	0.018065	0.00010488
-5.228	0.072258	3.1719e-05
-5.228	0.12645	2.4343e-05
-5.228	0.18065	8.1617e-05
-5.228	0.23484	3.4538e-05
-5.228	0.28903	2.7557e-05
-5.228	0.34323	7.8526e-05
-5.228	0.39742	3.8745e-05
-5.228	0.45161	4.3322e-06
-5.228	0.50581	2.4509e-05
-5.228	0.56	1.168e-05
-5.228	0.61419	1.1437e-05
-5.228	0.66839	6.3758e-05
-5.228	0.72258	4.6307e-05
-5.228	0.77677	8.4766e-05
-5.228	0.83097	0.0011677
-5.228	0.88516	0.0037162
-5.228	0.93935	0.0052874
-5.228	0.99354	0.0035571
-5.228	1.0477	0.00079471
-5.228	1.1019	9.5674e-05
-5.228	1.1561	0.00044922
-5.228	1.2103	0.0002067
-5.228	1.2645	3.318e-05
-5.228	1.3187	0.00018831
-5.228	1.3729	0.00010007
-5.228	1.4271	2.1032e-05
-5.228	1.4813	0.00012992
-5.228	1.5355	9.6267e-05
-5.228	1.5897	9.8285e-06
-5.228	1.6439	3.6421e-05
-5.228	1.6981	3.4145e-05
-5.228	1.7523	3.8812e-06
-5.228	1.8065	1.9471e-05
-5.228	1.8606	1.8409e-05
-5.228	1.9148	2.3756e-06
-5.228	1.969	2.4867e-05
-5.228	2.0232	3.3406e-05
-5.228	2.0774	5.2531e-06
-5.228	2.1316	8.5098e-05
-5.228	2.1858	0.00031904
-5.228	2.24	0.00044707
-5.228	2.2942	0.00029693
-5.228	2.3484	7.9012e-05
-5.228	2.4026	3.2061e-06
-5.228	2.4568	9.8065e-06
-5.1922	-2.4748	2.7619e-09
-5.1922	-2.4206	3.6574e-09
-5.1922	-2.3665	1.417e-08
-5.1922	-2.3123	9.621e-08
-5.1922	-2.2581	7.7352e-08
-5.1922	-2.2039	4.8936e-08
-5.1922	-2.1497	3.6642e-07
-5.1922	-2.0955	2.6713e-07
-5.1922	-2.0413	1.651e-07
-5.1922	-1.9871	1.274e-06
-5.1922	-1.9329	9.7226e-07
-5.1922	-1.8787	6.7442e-07
-5.1922	-1.8245	7.8367e-06
-5.1922	-1.7703	1.7241e-05
-5.1922	-1.7161	1.5862e-05
-5.1922	-1.6619	6.7926e-06
-5.1922	-1.6077	1.0732e-06
-5.1922	-1.5535	4.3913e-08
-5.1922	-1.4994	1.8686e-07
-5.1922	-1.4452	9.3529e-08
-5.1922	-1.391	2.2207e-08
-5.1922	-1.3368	1.1765e-07
-5.1922	-1.2826	5.74e-08
-5.1922	-1.2284	4.5297e-09
-5.1922	-1.1742	3.7372e-09
-5.1922	-1.12	6.688e-09
-5.1922	-1.0658	1.6884e-08
-5.1922	-1.0116	3.7481e-07
-5.1922	-0.95742	7.1846e-07
-5.1922	-0.90323	1.3685e-07
-5.1922	-0.84903	1.7388e-06
-5.1922	-0.79484	3.1657e-06
-5.1922	-0.74065	6.4229e-07
-5.1922	-0.68645	6.9834e-06
-5.1922	-0.63226	1.2739e-05
-5.1922	-0.57806	2.4678e-06
-5.1922	-0.52387	3.7186e-05
-5.1922	-0.46968	0.00014732
-5.1922	-0.41548	0.00023115
-5.1922	-0.36129	0.00020711
-5.1922	-0.3071	0.00010041
-5.1922	-0.2529	1.107e-05
-5.1922	-0.19871	2.4627e-05
-5.1922	-0.14452	4.7553e-05
-5.1922	-0.090324	8.5084e-06
-5.1922	-0.036129	3.4368e-05
-5.1922	0.018065	7.6276e-05
-5.1922	0.072258	2.0003e-05
-5.1922	0.12645	2.7657e-05
-5.1922	0.18065	7.8178e-05
-5.1922	0.23484	2.3599e-05
-5.1922	0.28903	4.9262e-05
-5.1922	0.34323	0.00012928
-5.1922	0.39742	4.9729e-05
-5.1922	0.45161	2.1745e-05
-5.1922	0.50581	9.0084e-05
-5.1922	0.56	3.3393e-05
-5.1922	0.61419	3.3062e-05
-5.1922	0.66839	0.00012256
-5.1922	0.72258	4.6675e-05
-5.1922	0.77677	9.8777e-05
-5.1922	0.83097	0.00075888
-5.1922	0.88516	0.0018293
-5.1922	0.93935	0.0023489
-5.1922	0.99354	0.0015564
-5.1922	1.0477	0.00033702
-5.1922	1.1019	6.754e-05
-5.1922	1.1561	0.00028819
-5.1922	1.2103	0.00012709
-5.1922	1.2645	3.1771e-05
-5.1922	1.3187	0.00015803
-5.1922	1.3729	7.755e-05
-5.1922	1.4271	2.9323e-05
-5.1922	1.4813	0.00013874
-5.1922	1.5355	8.2799e-05
-5.1922	1.5897	1.1383e-05
-5.1922	1.6439	7.5304e-05
-5.1922	1.6981	5.4504e-05
-5.1922	1.7523	5.7142e-06
-5.1922	1.8065	4.282e-05
-5.1922	1.8606	3.284e-05
-5.1922	1.9148	4.6305e-06
-5.1922	1.969	4.0976e-05
-5.1922	2.0232	3.7641e-05
-5.1922	2.0774	5.7994e-06
-5.1922	2.1316	9.2758e-05
-5.1922	2.1858	0.00025796
-5.1922	2.24	0.00030525
-5.1922	2.2942	0.0001831
-5.1922	2.3484	4.4107e-05
-5.1922	2.4026	1.8118e-06
-5.1922	2.4568	8.4285e-06
-5.1565	-2.4748	1.1215e-09
-5.1565	-2.4206	1.3011e-09
-5.1565	-2.3665	8.7691e-09
-5.1565	-2.3123	5.0371e-08
-5.1565	-2.2581	3.237e-08
-5.1565	-2.2039	5.73e-08
-5.1565	-2.1497	3.3638e-07
-5.1565	-2.0955	1.9624e-07
-5.1565	-2.0413	2.9477e-07
-5.1565	-1.9871	1.795e-06
-5.1565	-1.9329	1.155e-06
-5.1565	-1.8787	1.8373e-06
-5.1565	-1.8245	1.8582e-05
-5.1565	-1.7703	4.31e-05
-5.1565	-1.7161	4.4018e-05
-5.1565	-1.6619	2.0982e-05
-5.1565	-1.6077	3.3515e-06
-5.1565	-1.5535	1.986e-07
-5.1565	-1.4994	6.7468e-07
-5.1565	-1.4452	2.2649e-07
-5.1565	-1.391	1.4097e-08
-5.1565	-1.3368	5.7179e-08
-5.1565	-1.2826	2.9586e-08
-5.1565	-1.2284	2.9264e-09
-5.1565	-1.1742	9.61e-10
-5.1565	-1.12	3.7761e-09
-5.1565	-1.0658	2.2116e-08
-5.1565	-1.0116	2.9976e-07
-5.1565	-0.95742	5.0604e-07
-5.1565	-0.90323	1.4025e-07
-5.1565	-0.84903	2.202e-06
-5.1565	-0.79484	3.5088e-06
-5.1565	-0.74065	9.0636e-07
-5.1565	-0.68645	1.2888e-05
-5.1565	-0.63226	2.158e-05
-5.1565	-0.57806	5.152e-06
-5.1565	-0.52387	0.00011289
-5.1565	-0.46968	0.00043084
-5.1565	-0.41548	0.00062854
-5.1565	-0.36129	0.00043713
-5.1565	-0.3071	0.00012851
-5.1565	-0.2529	7.6626e-06
-5.1565	-0.19871	1.6847e-05
-5.1565	-0.14452	2.0655e-05
-5.1565	-0.090324	3.2469e-06
-5.1565	-0.036129	1.3995e-05
-5.1565	0.018065	3.3503e-05
-5.1565	0.072258	9.2435e-06
-5.1565	0.12645	1.5921e-05
-5.1565	0.18065	4.3271e-05
-5.1565	0.23484	9.6777e-06
-5.1565	0.28903	5.1704e-05
-5.1565	0.34323	0.00012075
-5.1565	0.39742	3.6303e-05
-5.1565	0.45161	4.7209e-05
-5.1565	0.50581	0.00014656
-5.1565	0.56	4.2095e-05
-5.1565	0.61419	9.6421e-05
-5.1565	0.66839	0.00029877
-5.1565	0.72258	9.3722e-05
-5.1565	0.77677	0.00033729
-5.1565	0.83097	0.0018755
-5.1565	0.88516	0.0031379
-5.1565	0.93935	0.0025979
-5.1565	0.99354	0.0011241
-5.1565	1.0477	0.00017147
-5.1565	1.1019	3.8364e-05
-5.1565	1.1561	0.00014633
-5.1565	1.2103	6.6323e-05
-5.1565	1.2645	1.6313e-05
-5.1565	1.3187	8.7223e-05
-5.1565	1.3729	4.6305e-05
-5.1565	1.4271	2.5201e-05
-5.1565	1.4813	9.7353e-05
-5.1565	1.5355	4.852e-05
-5.1565	1.5897	1.5096e-05
-5.1565	1.6439	8.7749e-05
-5.1565	1.6981	5.0843e-05
-5.1565	1.7523	1.0811e-05
-5.1565	1.8065	7.3542e-05
-5.1565	1.8606	4.5431e-05
-5.1565	1.9148	1.1621e-05
-5.1565	1.969	8.5698e-05
-5.1565	2.0232	6.1971e-05
-5.1565	2.0774	1.7797e-05
-5.1565	2.1316	0.00021983
-5.1565	2.1858	0.00046271
-5.1565	2.24	0.00041768
-5.1565	2.2942	0.00018751
-5.1565	2.3484	3.2802e-05
-5.1565	2.4026	1.351e-06
-5.1565	2.4568	6.2449e-06
-5.1208	-2.4748	4.0931e-09
-5.1208	-2.4206	3.9238e-09
-5.1208	-2.3665	1.623e-09
-5.1208	-2.3123	1.1107e-08
-5.1208	-2.2581	5.8921e-09
-5.1208	-2.2039	3.4162e-08
-5.1208	-2.1497	1.6157e-07
-5.1208	-2.0955	7.3746e-08
-5.1208	-2.0413	2.9895e-07
-5.1208	-1.9871	1.4677e-06
-5.1208	-1.9329	7.6998e-07
-5.1208	-1.8787	2.8088e-06
-5.1208	-1.8245	2.4586e-05
-5.1208	-1.7703	5.7765e-05
-5.1208	-1.7161	6.1542e-05
-5.1208	-1.6619	3.0254e-05
-5.1208	-1.6077	4.4755e-06
-5.1208	-1.5535	6.8231e-07
-5.1208	-1.4994	1.8605e-06
-5.1208	-1.4452	5.4365e-07
-5.1208	-1.391	4.3402e-08
-5.1208	-1.3368	1.5338e-07
-5.1208	-1.2826	5.0306e-08
-5.1208	-1.2284	1.4954e-09
-5.1208	-1.1742	3.4511e-10
-5.1208	-1.12	7.1488e-09
-5.1208	-1.0658	1.6778e-08
-5.1208	-1.0116	9.7485e-08
-5.1208	-0.95742	1.777e-07
-5.1208	-0.90323	1.2214e-07
-5.1208	-0.84903	1.507e-06
-5.1208	-0.79484	2.188e-06
-5.1208	-0.74065	1e-06
-5.1208	-0.68645	1.3825e-05
-5.1208	-0.63226	2.0915e-05
-5.1208	-0.57806	8.2808e-06
-5.1208	-0.52387	0.00019368
-5.1208	-0.46968	0.00073917
-5.1208	-0.41548	0.0011353
-5.1208	-0.36129	0.00082278
-5.1208	-0.3071	0.00022679
-5.1208	-0.2529	1.2682e-05
-5.1208	-0.19871	5.5679e-05
-5.1208	-0.14452	3.7771e-05
-5.1208	-0.090324	3.5715e-06
-5.1208	-0.036129	9.4945e-06
-5.1208	0.018065	1.2482e-05
-5.1208	0.072258	4.2451e-06
-5.1208	0.12645	6.3612e-06
-5.1208	0.18065	1.4236e-05
-5.1208	0.23484	2.8481e-06
-5.1208	0.28903	2.7387e-05
-5.1208	0.34323	6.1826e-05
-5.1208	0.39742	1.4928e-05
-5.1208	0.45161	5.3004e-05
-5.1208	0.50581	0.00013224
-5.1208	0.56	2.9119e-05
-5.1208	0.61419	0.00015746
-5.1208	0.66839	0.00041154
-5.1208	0.72258	0.00010499
-5.1208	0.77677	0.0008004
-5.1208	0.83097	0.0040803
-5.1208	0.88516	0.0067797
-5.1208	0.93935	0.0053584
-5.1208	0.99354	0.0019415
-5.1208	1.0477	0.00018184
-5.1208	1.1019	8.8875e-05
-5.1208	1.1561	0.0001566
-5.1208	1.2103	4.6868e-05
-5.1208	1.2645	1.0292e-05
-5.1208	1.3187	4.7393e-05
-5.1208	1.3729	2.8864e-05
-5.1208	1.4271	1.024e-05
-5.1208	1.4813	4.1662e-05
-5.1208	1.5355	2.1674e-05
-5.1208	1.5897	1.2734e-05
-5.1208	1.6439	5.8587e-05
-5.1208	1.6981	2.7667e-05
-5.1208	1.7523	1.6699e-05
-5.1208	1.8065	8.1563e-05
-5.1208	1.8606	4.022e-05
-5.1208	1.9148	2.2977e-05
-5.1208	1.969	0.00012948
-5.1208	2.0232	7.722e-05
-5.1208	2.0774	4.8208e-05
-5.1208	2.1316	0.00047329
-5.1208	2.1858	0.00093228
-5.1208	2.24	0.00080082
-5.1208	2.2942	0.00032724
-5.1208	2.3484	4.6167e-05
-5.1208	2.4026	2.5452e-06
-5.1208	2.4568	8.4994e-06
-5.0851	-2.4748	1.098e-08
-5.0851	-2.4206	7.0513e-09
-5.0851	-2.3665	1.0579e-08
-5.0851	-2.3123	3.328e-08
-5.0851	-2.2581	1.233e-08
-5.0851	-2.2039	1.2619e-08
-5.0851	-2.1497	4.8125e-08
-5.0851	-2.0955	1.6268e-08
-5.0851	-2.0413	1.5605e-07
-5.0851	-1.9871	6.4527e-07
-5.0851	-1.9329	2.7529e-07
-5.0851	-1.8787	2.4474e-06
-5.0851	-1.8245	1.9441e-05
-5.0851	-1.7703	4.6908e-05
-5.0851	-1.7161	5.2071e-05
-5.0851	-1.6619	2.6019e-05
-5.0851	-1.6077	3.426e-06
-5.0851	-1.5535	1.2137e-06
-5.0851	-1.4994	2.6319e-06
-5.0851	-1.4452	6.5472e-07
-5.0851	-1.391	1.2104e-07
-5.0851	-1.3368	3.1786e-07
-5.0851	-1.2826	7.442e-08
-5.0851	-1.2284	2.4778e-09
-5.0851	-1.1742	1.7403e-09
-5.0851	-1.12	1.7359e-08
-5.0851	-1.0658	1.4195e-08
-5.0851	-1.0116	3.3038e-08
-5.0851	-0.95742	7.9044e-08
-5.0851	-0.90323	5.8812e-08
-5.0851	-0.84903	3.5271e-07
-5.0851	-0.79484	6.3453e-07
-5.0851	-0.74065	6.2305e-07
-5.0851	-0.68645	7.6578e-06
-5.0851	-0.63226	1.1206e-05
-5.0851	-0.57806	8.8135e-06
-5.0851	-0.52387	0.00018971
-5.0851	-0.46968	0.00073742
-5.0851	-0.41548	0.0011906
-5.0851	-0.36129	0.0008954
-5.0851	-0.3071	0.00023477
-5.0851	-0.2529	2.1566e-05
-5.0851	-0.19871	0.0001131
-5.0851	-0.14452	6.4255e-05
-5.0851	-0.090324	7.1518e-06
-5.0851	-0.036129	3.5151e-05
-5.0851	0.018065	2.0116e-05
-5.0851	0.072258	5.5276e-06
-5.0851	0.12645	2.3823e-05
-5.0851	0.18065	1.7925e-05
-5.0851	0.23484	2.4974e-06
-5.0851	0.28903	5.9027e-06
-5.0851	0.34323	1.3249e-05
-5.0851	0.39742	2.8902e-06
-5.0851	0.45161	2.9832e-05
-5.0851	0.50581	6.3439e-05
-5.0851	0.56	1.2033e-05
-5.0851	0.61419	0.0001498
-5.0851	0.66839	0.00033655
-5.0851	0.72258	7.3286e-05
-5.0851	0.77677	0.001144
-5.0851	0.83097	0.0054631
-5.0851	0.88516	0.009251
-5.0851	0.93935	0.0074823
-5.0851	0.99354	0.0026321
-5.0851	1.0477	0.00018481
-5.0851	1.1019	0.00023829
-5.0851	1.1561	0.0002825
-5.0851	1.2103	4.6113e-05
-5.0851	1.2645	4.5675e-05
-5.0851	1.3187	7.9703e-05
-5.0851	1.3729	2.6568e-05
-5.0851	1.4271	4.1465e-06
-5.0851	1.4813	2.2003e-05
-5.0851	1.5355	1.5764e-05
-5.0851	1.5897	4.0835e-06
-5.0851	1.6439	1.7352e-05
-5.0851	1.6981	7.747e-06
-5.0851	1.7523	1.5355e-05
-5.0851	1.8065	5.4992e-05
-5.0851	1.8606	2.144e-05
-5.0851	1.9148	2.9937e-05
-5.0851	1.969	0.0001303
-5.0851	2.0232	6.3748e-05
-5.0851	2.0774	8.6587e-05
-5.0851	2.1316	0.00069824
-5.0851	2.1858	0.0013415
-5.0851	2.24	0.0011565
-5.0851	2.2942	0.00046627
-5.0851	2.3484	5.8455e-05
-5.0851	2.4026	6.4928e-06
-5.0851	2.4568	1.6118e-05
-5.0493	-2.4748	1.5083e-08
-5.0493	-2.4206	6.9542e-09
-5.0493	-2.3665	4.2033e-08
-5.0493	-2.3123	1.0248e-07
-5.0493	-2.2581	2.7241e-08
-5.0493	-2.2039	5.758e-08
-5.0493	-2.1497	1.4312e-07
-5.0493	-2.0955	3.2791e-08
-5.0493	-2.0413	1.091e-07
-5.0493	-1.9871	2.7954e-07
-5.0493	-1.9329	7.9012e-08
-5.0493	-1.8787	1.133e-06
-5.0493	-1.8245	8.4526e-06
-5.0493	-1.7703	2.1646e-05
-5.0493	-1.7161	2.59e-05
-5.0493	-1.6619	1.3498e-05
-5.0493	-1.6077	1.5851e-06
-5.0493	-1.5535	1.2331e-06
-5.0493	-1.4994	2.2498e-06
-5.0493	-1.4452	4.8066e-07
-5.0493	-1.391	1.8186e-07
-5.0493	-1.3368	3.7321e-07
-5.0493	-1.2826	6.7106e-08
-5.0493	-1.2284	5.2402e-09
-5.0493	-1.1742	4.194e-09
-5.0493	-1.12	2.4234e-08
-5.0493	-1.0658	5.2302e-08
-5.0493	-1.0116	2.8516e-07
-5.0493	-0.95742	2.4838e-07
-5.0493	-0.90323	9.2155e-08
-5.0493	-0.84903	3.4616e-07
-5.0493	-0.79484	2.9256e-07
-5.0493	-0.74065	1.0834e-07
-5.0493	-0.68645	1.2644e-06
-5.0493	-0.63226	2.5488e-06
-5.0493	-0.57806	3.7226e-06
-5.0493	-0.52387	8.5994e-05
-5.0493	-0.46968	0.00038071
-5.0493	-0.41548	0.00068605
-5.0493	-0.36129	0.00055106
-5.0493	-0.3071	0.00013621
-5.0493	-0.2529	2.8392e-05
-5.0493	-0.19871	0.00012816
-5.0493	-0.14452	6.1991e-05
-5.0493	-0.090324	1.3485e-05
-5.0493	-0.036129	6.9444e-05
-5.0493	0.018065	3.3382e-05
-5.0493	0.072258	1.2865e-05
-5.0493	0.12645	6.683e-05
-5.0493	0.18065	4.1239e-05
-5.0493	0.23484	6.2487e-06
-5.0493	0.28903	2.7988e-05
-5.0493	0.34323	1.9017e-05
-5.0493	0.39742	1.5853e-06
-5.0493	0.45161	1.3399e-05
-5.0493	0.50581	1.5615e-05
-5.0493	0.56	4.4361e-06
-5.0493	0.61419	8.0656e-05
-5.0493	0.66839	0.00015472
-5.0493	0.72258	3.7123e-05
-5.0493	0.77677	0.00098294
-5.0493	0.83097	0.004541
-5.0493	0.88516	0.0079489
-5.0493	0.93935	0.006644
-5.0493	0.99354	0.0022991
-5.0493	1.0477	0.00013144
-5.0493	1.1019	0.00037478
-5.0493	1.1561	0.00036502
-5.0493	1.2103	3.999e-05
-5.0493	1.2645	0.00011732
-5.0493	1.3187	0.00014914
-5.0493	1.3729	2.6694e-05
-5.0493	1.4271	2.4853e-05
-5.0493	1.4813	5.0288e-05
-5.0493	1.5355	2.0677e-05
-5.0493	1.5897	5.5314e-06
-5.0493	1.6439	9.2401e-06
-5.0493	1.6981	4.5633e-06
-5.0493	1.7523	6.0652e-06
-5.0493	1.8065	1.8193e-05
-5.0493	1.8606	5.642e-06
-5.0493	1.9148	2.3405e-05
-5.0493	1.969	8.2438e-05
-5.0493	2.0232	3.2874e-05
-5.0493	2.0774	9.9899e-05
-5.0493	2.1316	0.00069282
-5.0493	2.1858	0.0013223
-5.0493	2.24	0.0011565
-5.0493	2.2942	0.00046404
-5.0493	2.3484	5.1567e-05
-5.0493	2.4026	1.2058e-05
-5.0493	2.4568	2.3375e-05
-5.0136	-2.4748	1.1143e-08
-5.0136	-2.4206	5.0467e-09
-5.0136	-2.3665	7.1617e-08
-5.0136	-2.3123	1.4469e-07
-5.0136	-2.2581	2.8549e-08
-5.0136	-2.2039	1.7041e-07
-5.0136	-2.1497	3.459e-07
-5.0136	-2.0955	6.1178e-08
-5.0136	-2.0413	4.2732e-07
-5.0136	-1.9871	8.1398e-07
-5.0136	-1.9329	1.4694e-07
-5.0136	-1.8787	1.5111e-06
-5.0136	-1.8245	5.931e-06
-5.0136	-1.7703	9.4274e-06
-5.0136	-1.7161	8.8285e-06
-5.0136	-1.6619	4.2657e-06
-5.0136	-1.6077	4.4751e-07
-5.0136	-1.5535	6.7866e-07
-5.0136	-1.4994	1.1549e-06
-5.0136	-1.4452	2.2772e-07
-5.0136	-1.391	1.4695e-07
-5.0136	-1.3368	2.6074e-07
-5.0136	-1.2826	3.7598e-08
-5.0136	-1.2284	5.9491e-09
-5.0136	-1.1742	5.8634e-09
-5.0136	-1.12	1.9385e-08
-5.0136	-1.0658	1.3785e-07
-5.0136	-1.0116	6.7628e-07
-5.0136	-0.95742	4.1147e-07
-5.0136	-0.90323	4.7329e-07
-5.0136	-0.84903	2.1133e-06
-5.0136	-0.79484	9.8705e-07
-5.0136	-0.74065	1.1357e-06
-5.0136	-0.68645	4.6263e-06
-5.0136	-0.63226	2.1629e-06
-5.0136	-0.57806	2.3449e-06
-5.0136	-0.52387	1.9231e-05
-5.0136	-0.46968	7.1987e-05
-5.0136	-0.41548	0.00015409
-5.0136	-0.36129	0.00014671
-5.0136	-0.3071	3.5209e-05
-5.0136	-0.2529	2.2041e-05
-5.0136	-0.19871	8.0084e-05
-5.0136	-0.14452	3.2558e-05
-5.0136	-0.090324	1.7789e-05
-5.0136	-0.036129	7.569e-05
-5.0136	0.018065	3.1557e-05
-5.0136	0.072258	2.2294e-05
-5.0136	0.12645	9.8858e-05
-5.0136	0.18065	5.1022e-05
-5.0136	0.23484	1.6391e-05
-5.0136	0.28903	9.2039e-05
-5.0136	0.34323	5.9851e-05
-5.0136	0.39742	6.5773e-06
-5.0136	0.45161	4.974e-05
-5.0136	0.50581	3.4239e-05
-5.0136	0.56	7.933e-06
-5.0136	0.61419	5.9008e-05
-5.0136	0.66839	5.9627e-05
-5.0136	0.72258	1.8426e-05
-5.0136	0.77677	0.00049435
-5.0136	0.83097	0.002215
-5.0136	0.88516	0.0041035
-5.0136	0.93935	0.003643
-5.0136	0.99354	0.001268
-5.0136	1.0477	6.9359e-05
-5.0136	1.1019	0.0003578
-5.0136	1.1561	0.00030386
-5.0136	1.2103	2.7873e-05
-5.0136	1.2645	0.00016959
-5.0136	1.3187	0.00018254
-5.0136	1.3729	2.1865e-05
-5.0136	1.4271	6.109e-05
-5.0136	1.4813	8.8105e-05
-5.0136	1.5355	2.1514e-05
-5.0136	1.5897	3.1705e-05
-5.0136	1.6439	4.438e-05
-5.0136	1.6981	1.1e-05
-5.0136	1.7523	2.7288e-06
-5.0136	1.8065	7.5737e-06
-5.0136	1.8606	1.5586e-06
-5.0136	1.9148	1.094e-05
-5.0136	1.969	3.0681e-05
-5.0136	2.0232	9.5705e-06
-5.0136	2.0774	7.0618e-05
-5.0136	2.1316	0.00044291
-5.0136	2.1858	0.00086417
-5.0136	2.24	0.00078321
-5.0136	2.2942	0.00031745
-5.0136	2.3484	3.126e-05
-5.0136	2.4026	1.4751e-05
-5.0136	2.4568	2.3555e-05
-4.9779	-2.4748	3.1833e-09
-4.9779	-2.4206	3.8534e-09
-4.9779	-2.3665	6.4998e-08
-4.9779	-2.3123	1.1201e-07
-4.9779	-2.2581	1.9714e-08
-4.9779	-2.2039	2.4633e-07
-4.9779	-2.1497	4.1976e-07
-4.9779	-2.0955	7.3778e-08
-4.9779	-2.0413	9.6753e-07
-4.9779	-1.9871	1.6115e-06
-4.9779	-1.9329	3.0773e-07
-4.9779	-1.8787	5.7477e-06
-4.9779	-1.8245	1.9712e-05
-4.9779	-1.7703	2.4913e-05
-4.9779	-1.7161	1.4857e-05
-4.9779	-1.6619	3.8227e-06
-4.9779	-1.6077	2.0285e-07
-4.9779	-1.5535	3.1696e-07
-4.9779	-1.4994	4.1038e-07
-4.9779	-1.4452	8.1131e-08
-4.9779	-1.391	5.8521e-08
-4.9779	-1.3368	1.0243e-07
-4.9779	-1.2826	1.3249e-08
-4.9779	-1.2284	3.2904e-09
-4.9779	-1.1742	4.5748e-09
-4.9779	-1.12	8.5149e-09
-4.9779	-1.0658	1.9923e-07
-4.9779	-1.0116	8.0868e-07
-4.9779	-0.95742	3.573e-07
-4.9779	-0.90323	1.1255e-06
-4.9779	-0.84903	4.1941e-06
-4.9779	-0.79484	1.4825e-06
-4.9779	-0.74065	5.03e-06
-4.9779	-0.68645	1.8495e-05
-4.9779	-0.63226	6.8167e-06
-4.9779	-0.57806	2.8526e-05
-4.9779	-0.52387	0.00017453
-4.9779	-0.46968	0.00030194
-4.9779	-0.41548	0.00023826
-4.9779	-0.36129	9.0288e-05
-4.9779	-0.3071	1.0882e-05
-4.9779	-0.2529	7.4573e-06
-4.9779	-0.19871	2.2908e-05
-4.9779	-0.14452	7.5546e-06
-4.9779	-0.090324	1.3538e-05
-4.9779	-0.036129	4.7269e-05
-4.9779	0.018065	1.8578e-05
-4.9779	0.072258	2.395e-05
-4.9779	0.12645	8.581e-05
-4.9779	0.18065	3.5673e-05
-4.9779	0.23484	3.026e-05
-4.9779	0.28903	0.00014164
-4.9779	0.34323	8.2254e-05
-4.9779	0.39742	1.7919e-05
-4.9779	0.45161	0.00012928
-4.9779	0.50581	8.5542e-05
-4.9779	0.56	2.6508e-05
-4.9779	0.61419	0.00017789
-4.9779	0.66839	0.00013037
-4.9779	0.72258	4.1003e-05
-4.9779	0.77677	0.00051414
-4.9779	0.83097	0.0012925
-4.9779	0.88516	0.0016973
-4.9779	0.93935	0.0013265
-4.9779	0.99354	0.00044637
-4.9779	1.0477	2.8385e-05
-4.9779	1.1019	0.00019809
-4.9779	1.1561	0.00015732
-4.9779	1.2103	1.7041e-05
-4.9779	1.2645	0.00015003
-4.9779	1.3187	0.0001465
-4.9779	1.3729	1.4424e-05
-4.9779	1.4271	7.6965e-05
-4.9779	1.4813	9.0867e-05
-4.9779	1.5355	1.6074e-05
-4.9779	1.5897	6.923e-05
-4.9779	1.6439	8.5372e-05
-4.9779	1.6981	1.3977e-05
-4.9779	1.7523	1.8782e-05
-4.9779	1.8065	3.0815e-05
-4.9779	1.8606	4.3121e-06
-4.9779	1.9148	1.606e-05
-4.9779	1.969	2.517e-05
-4.9779	2.0232	3.9551e-06
-4.9779	2.0774	4.4655e-05
-4.9779	2.1316	0.00021125
-4.9779	2.1858	0.00038809
-4.9779	2.24	0.00035809
-4.9779	2.2942	0.00014856
-4.9779	2.3484	1.3435e-05
-4.9779	2.4026	1.1455e-05
-4.9779	2.4568	1.6371e-05
-4.9422	-2.4748	1.4107e-09
-4.9422	-2.4206	3.0983e-09
-4.9422	-2.3665	2.5252e-08
-4.9422	-2.3123	4.0433e-08
-4.9422	-2.2581	1.0842e-08
-4.9422	-2.2039	1.8693e-07
-4.9422	-2.1497	2.7814e-07
-4.9422	-2.0955	7.7774e-08
-4.9422	-2.0413	1.1762e-06
-4.9422	-1.9871	1.7068e-06
-4.9422	-1.9329	5.308e-07
-4.9422	-1.8787	1.1558e-05
-4.9422	-1.8245	3.9207e-05
-4.9422	-1.7703	5.2339e-05
-4.9422	-1.7161	3.2674e-05
-4.9422	-1.6619	7.9011e-06
-4.9422	-1.6077	3.1831e-07
-4.9422	-1.5535	8.938e-07
-4.9422	-1.4994	5.1025e-07
-4.9422	-1.4452	5.4873e-08
-4.9422	-1.391	7.4062e-08
-4.9422	-1.3368	4.9614e-08
-4.9422	-1.2826	4.7652e-09
-4.9422	-1.2284	7.0743e-10
-4.9422	-1.1742	1.9404e-09
-4.9422	-1.12	3.4627e-09
-4.9422	-1.0658	1.523e-07
-4.9422	-1.0116	5.2588e-07
-4.9422	-0.95742	1.6989e-07
-4.9422	-0.90323	1.4568e-06
-4.9422	-0.84903	4.4495e-06
-4.9422	-0.79484	1.191e-06
-4.9422	-0.74065	9.8155e-06
-4.9422	-0.68645	3.0867e-05
-4.9422	-0.63226	9.1847e-06
-4.9422	-0.57806	9.2201e-05
-4.9422	-0.52387	0.00055457
-4.9422	-0.46968	0.0010773
-4.9422	-0.41548	0.0009813
-4.9422	-0.36129	0.00040358
-4.9422	-0.3071	4.2332e-05
-4.9422	-0.2529	1.6138e-05
-4.9422	-0.19871	2.9703e-05
-4.9422	-0.14452	6.7745e-06
-4.9422	-0.090324	6.0202e-06
-4.9422	-0.036129	2.0666e-05
-4.9422	0.018065	1.1061e-05
-4.9422	0.072258	1.2883e-05
-4.9422	0.12645	4.0191e-05
-4.9422	0.18065	1.538e-05
-4.9422	0.23484	3.3695e-05
-4.9422	0.28903	0.00012338
-4.9422	0.34323	6.2444e-05
-4.9422	0.39742	3.1052e-05
-4.9422	0.45161	0.00017875
-4.9422	0.50581	0.00010444
-4.9422	0.56	6.1289e-05
-4.9422	0.61419	0.00037082
-4.9422	0.66839	0.00025052
-4.9422	0.72258	0.00015711
-4.9422	0.77677	0.001661
-4.9422	0.83097	0.0035157
-4.9422	0.88516	0.0032467
-4.9422	0.93935	0.0014859
-4.9422	0.99354	0.0002775
-4.9422	1.0477	1.4785e-05
-4.9422	1.1019	7.8118e-05
-4.9422	1.1561	5.6084e-05
-4.9422	1.2103	7.7377e-06
-4.9422	1.2645	7.5952e-05
-4.9422	1.3187	7.569e-05
-4.9422	1.3729	7.6171e-06
-4.9422	1.4271	5.3509e-05
-4.9422	1.4813	5.5992e-05
-4.9422	1.5355	1.0229e-05
-4.9422	1.5897	8.2366e-05
-4.9422	1.6439	8.9101e-05
-4.9422	1.6981	1.0756e-05
-4.9422	1.7523	4.532e-05
-4.9422	1.8065	5.8583e-05
-4.9422	1.8606	6.8282e-06
-4.9422	1.9148	5.0103e-05
-4.9422	1.969	6.5535e-05
-4.9422	2.0232	8.832e-06
-4.9422	2.0774	0.00010803
-4.9422	2.1316	0.00031151
-4.9422	2.1858	0.00035567
-4.9422	2.24	0.0002217
-4.9422	2.2942	7.1081e-05
-4.9422	2.3484	5.3669e-06
-4.9422	2.4026	5.8967e-06
-4.9422	2.4568	8.3083e-06
-4.9064	-2.4748	1.0086e-08
-4.9064	-2.4206	3.8987e-09
-4.9064	-2.3665	3.0782e-09
-4.9064	-2.3123	5.437e-09
-4.9064	-2.2581	3.6236e-09
-4.9064	-2.2039	5.2618e-08
-4.9064	-2.1497	8.1519e-08
-4.9064	-2.0955	5.7074e-08
-4.9064	-2.0413	7.4456e-07
-4.9064	-1.9871	9.7806e-07
-4.9064	-1.9329	6.73e-07
-4.9064	-1.8787	1.2937e-05
-4.9064	-1.8245	4.3819e-05
-4.9064	-1.7703	6.123e-05
-4.9064	-1.7161	3.988e-05
-4.9064	-1.6619	9.4168e-06
-4.9064	-1.6077	4.8428e-07
-4.9064	-1.5535	2.0528e-06
-4.9064	-1.4994	9.726e-07
-4.9064	-1.4452	8.6937e-08
-4.9064	-1.391	2.6971e-07
-4.9064	-1.3368	1.155e-07
-4.9064	-1.2826	4.8792e-09
-4.9064	-1.2284	1.2252e-09
-4.9064	-1.1742	4.684e-09
-4.9064	-1.12	6.0504e-09
-4.9064	-1.0658	4.2322e-08
-4.9064	-1.0116	1.4726e-07
-4.9064	-0.95742	4.5305e-08
-4.9064	-0.90323	1.0113e-06
-4.9064	-0.84903	2.6012e-06
-4.9064	-0.79484	6.0956e-07
-4.9064	-0.74065	1.0847e-05
-4.9064	-0.68645	2.9239e-05
-4.9064	-0.63226	7.4336e-06
-4.9064	-0.57806	0.00015568
-4.9064	-0.52387	0.00088464
-4.9064	-0.46968	0.0017862
-4.9064	-0.41548	0.0017235
-4.9064	-0.36129	0.00073175
-4.9064	-0.3071	6.5415e-05
-4.9064	-0.2529	7.0689e-05
-4.9064	-0.19871	0.00010663
-4.9064	-0.14452	1.9755e-05
-4.9064	-0.090324	1.3638e-05
-4.9064	-0.036129	3.431e-05
-4.9064	0.018065	1.4249e-05
-4.9064	0.072258	2.4862e-06
-4.9064	0.12645	1.399e-05
-4.9064	0.18065	1.2144e-05
-4.9064	0.23484	1.8415e-05
-4.9064	0.28903	5.3616e-05
-4.9064	0.34323	2.6245e-05
-4.9064	0.39742	3.0697e-05
-4.9064	0.45161	0.0001405
-4.9064	0.50581	7.2267e-05
-4.9064	0.56	8.6648e-05
-4.9064	0.61419	0.0004451
-4.9064	0.66839	0.0002648
-4.9064	0.72258	0.00035257
-4.9064	0.77677	0.0032905
-4.9064	0.83097	0.0071857
-4.9064	0.88516	0.0069772
-4.9064	0.93935	0.0031657
-4.9064	0.99354	0.00046269
-4.9064	1.0477	5.6511e-05
-4.9064	1.1019	0.00015085
-4.9064	1.1561	5.3385e-05
-4.9064	1.2103	4.4621e-06
-4.9064	1.2645	2.6419e-05
-4.9064	1.3187	2.6092e-05
-4.9064	1.3729	3.929e-06
-4.9064	1.4271	1.8871e-05
-4.9064	1.4813	1.9619e-05
-4.9064	1.5355	5.5315e-06
-4.9064	1.5897	5.4162e-05
-4.9064	1.6439	5.3417e-05
-4.9064	1.6981	6.5499e-06
-4.9064	1.7523	5.5258e-05
-4.9064	1.8065	5.9036e-05
-4.9064	1.8606	8.1414e-06
-4.9064	1.9148	8.8845e-05
-4.9064	1.969	0.00010175
-4.9064	2.0232	1.7236e-05
-4.9064	2.0774	0.00027941
-4.9064	2.1316	0.00075188
-4.9064	2.1858	0.00079227
-4.9064	2.24	0.00040671
-4.9064	2.2942	9.0165e-05
-4.9064	2.3484	3.8324e-06
-4.9064	2.4026	6.1012e-06
-4.9064	2.4568	5.5555e-06
-4.8707	-2.4748	2.172e-08
-4.8707	-2.4206	1.2007e-08
-4.8707	-2.3665	3.8822e-08
-4.8707	-2.3123	3.1981e-08
-4.8707	-2.2581	5.8279e-09
-4.8707	-2.2039	2.3959e-08
-4.8707	-2.1497	2.3605e-08
-4.8707	-2.0955	1.3593e-08
-4.8707	-2.0413	1.4895e-07
-4.8707	-1.9871	2.2921e-07
-4.8707	-1.9329	4.2647e-07
-4.8707	-1.8787	7.2839e-06
-4.8707	-1.8245	2.6487e-05
-4.8707	-1.7703	4.0278e-05
-4.8707	-1.7161	2.7821e-05
-4.8707	-1.6619	6.3589e-06
-4.8707	-1.6077	6.0657e-07
-4.8707	-1.5535	2.5651e-06
-4.8707	-1.4994	1.0688e-06
-4.8707	-1.4452	1.3574e-07
-4.8707	-1.391	4.9848e-07
-4.8707	-1.3368	1.8733e-07
-4.8707	-1.2826	5.9094e-09
-4.8707	-1.2284	3.4218e-09
-4.8707	-1.1742	1.6035e-08
-4.8707	-1.12	1.1835e-08
-4.8707	-1.0658	5.8778e-08
-4.8707	-1.0116	1.243e-07
-4.8707	-0.95742	3.1446e-08
-4.8707	-0.90323	3.3016e-07
-4.8707	-0.84903	7.2821e-07
-4.8707	-0.79484	2.6906e-07
-4.8707	-0.74065	6.5506e-06
-4.8707	-0.68645	1.5559e-05
-4.8707	-0.63226	4.6093e-06
-4.8707	-0.57806	0.0001549
-4.8707	-0.52387	0.0008472
-4.8707	-0.46968	0.0017654
-4.8707	-0.41548	0.0017656
-4.8707	-0.36129	0.00074593
-4.8707	-0.3071	5.4983e-05
-4.8707	-0.2529	0.00014031
-4.8707	-0.19871	0.00018097
-4.8707	-0.14452	2.6414e-05
-4.8707	-0.090324	4.4275e-05
-4.8707	-0.036129	8.0462e-05
-4.8707	0.018065	1.8781e-05
-4.8707	0.072258	1.5211e-05
-4.8707	0.12645	4.035e-05
-4.8707	0.18065	2.2814e-05
-4.8707	0.23484	3.9139e-06
-4.8707	0.28903	8.5761e-06
-4.8707	0.34323	8.9141e-06
-4.8707	0.39742	1.2231e-05
-4.8707	0.45161	5.0649e-05
-4.8707	0.50581	2.72e-05
-4.8707	0.56	6.5378e-05
-4.8707	0.61419	0.00030086
-4.8707	0.66839	0.00016061
-4.8707	0.72258	0.00044645
-4.8707	0.77677	0.003764
-4.8707	0.83097	0.0084707
-4.8707	0.88516	0.0086411
-4.8707	0.93935	0.0040212
-4.8707	0.99354	0.00051823
-4.8707	1.0477	0.0001632
-4.8707	1.1019	0.00034747
-4.8707	1.1561	9.05e-05
-4.8707	1.2103	2.2613e-05
-4.8707	1.2645	5.553e-05
-4.8707	1.3187	1.6376e-05
-4.8707	1.3729	1.1215e-05
-4.8707	1.4271	2.1946e-05
-4.8707	1.4813	1.0884e-05
-4.8707	1.5355	1.4901e-06
-4.8707	1.5897	1.4746e-05
-4.8707	1.6439	1.4881e-05
-4.8707	1.6981	3.6672e-06
-4.8707	1.7523	3.6191e-05
-4.8707	1.8065	3.2952e-05
-4.8707	1.8606	8.781e-06
-4.8707	1.9148	9.2483e-05
-4.8707	1.969	9.2034e-05
-4.8707	2.0232	2.6969e-05
-4.8707	2.0774	0.00043876
-4.8707	2.1316	0.0011527
-4.8707	2.1858	0.0012408
-4.8707	2.24	0.00063934
-4.8707	2.2942	0.00012798
-4.8707	2.3484	4.5001e-06
-4.8707	2.4026	1.48e-05
-4.8707	2.4568	7.8981e-06
-4.835	-2.4748	2.6048e-08
-4.835	-2.4206	2.8598e-08
-4.835	-2.3665	1.0114e-07
-4.835	-2.3123	7.3575e-08
-4.835	-2.2581	3.1391e-08
-4.835	-2.2039	1.6489e-07
-4.835	-2.1497	9.9075e-08
-4.835	-2.0955	3.8543e-08
-4.835	-2.0413	1.813e-07
-4.835	-1.9871	1.1339e-07
-4.835	-1.9329	5.7778e-08
-4.835	-1.8787	1.0309e-06
-4.835	-1.8245	5.4055e-06
-4.835	-1.7703	1.0952e-05
-4.835	-1.7161	9.1184e-06
-4.835	-1.6619	2.1397e-06
-4.835	-1.6077	4.9953e-07
-4.835	-1.5535	1.7982e-06
-4.835	-1.4994	6.6549e-07
-4.835	-1.4452	1.5848e-07
-4.835	-1.391	5.297e-07
-4.835	-1.3368	1.7513e-07
-4.835	-1.2826	6.0573e-09
-4.835	-1.2284	4.3729e-09
-4.835	-1.1742	2.6843e-08
-4.835	-1.12	2.6153e-08
-4.835	-1.0658	3.1774e-07
-4.835	-1.0116	4.9393e-07
-4.835	-0.95742	7.2318e-08
-4.835	-0.90323	6.4002e-07
-4.835	-0.84903	8.4839e-07
-4.835	-0.79484	2.0217e-07
-4.835	-0.74065	2.6203e-06
-4.835	-0.68645	4.7923e-06
-4.835	-0.63226	2.3675e-06
-4.835	-0.57806	8.4245e-05
-4.835	-0.52387	0.00046594
-4.835	-0.46968	0.001036
-4.835	-0.41548	0.0010983
-4.835	-0.36129	0.00046524
-4.835	-0.3071	3.0863e-05
-4.835	-0.2529	0.00015921
-4.835	-0.19871	0.00018092
-4.835	-0.14452	2.1329e-05
-4.835	-0.090324	7.5061e-05
-4.835	-0.036129	0.00011118
-4.835	0.018065	1.6943e-05
-4.835	0.072258	5.1764e-05
-4.835	0.12645	9.1976e-05
-4.835	0.18065	2.8908e-05
-4.835	0.23484	2.3495e-05
-4.835	0.28903	3.9539e-05
-4.835	0.34323	1.4265e-05
-4.835	0.39742	4.1869e-06
-4.835	0.45161	9.8591e-06
-4.835	0.50581	7.3843e-06
-4.835	0.56	1.4432e-05
-4.835	0.61419	8.2644e-05
-4.835	0.66839	4.9868e-05
-4.835	0.72258	0.00026755
-4.835	0.77677	0.0022964
-4.835	0.83097	0.0056176
-4.835	0.88516	0.0061689
-4.835	0.93935	0.002956
-4.835	0.99354	0.00032727
-4.835	1.0477	0.00025408
-4.835	1.1019	0.00044361
-4.835	1.1561	9.2077e-05
-4.835	1.2103	6.3507e-05
-4.835	1.2645	0.00012739
-4.835	1.3187	2.366e-05
-4.835	1.3729	3.6796e-05
-4.835	1.4271	7.279e-05
-4.835	1.4813	2.2248e-05
-4.835	1.5355	5.7763e-06
-4.835	1.5897	1.3794e-05
-4.835	1.6439	4.5675e-06
-4.835	1.6981	1.85e-06
-4.835	1.7523	1.1813e-05
-4.835	1.8065	8.2581e-06
-4.835	1.8606	6.9827e-06
-4.835	1.9148	5.5421e-05
-4.835	1.969	4.7935e-05
-4.835	2.0232	3.0179e-05
-4.835	2.0774	0.00042447
-4.835	2.1316	0.0011065
-4.835	2.1858	0.0012269
-4.835	2.24	0.0006438
-4.835	2.2942	0.00012076
-4.835	2.3484	6.062e-06
-4.835	2.4026	2.4588e-05
-4.835	2.4568	1.0217e-05
-4.7993	-2.4748	2.2164e-08
-4.7993	-2.4206	4.212e-08
-4.7993	-2.3665	1.1504e-07
-4.7993	-2.3123	7.9384e-08
-4.7993	-2.2581	6.5682e-08
-4.7993	-2.2039	2.9913e-07
-4.7993	-2.1497	1.537e-07
-4.7993	-2.0955	1.9224e-07
-4.7993	-2.0413	8.6077e-07
-4.7993	-1.9871	3.9141e-07
-4.7993	-1.9329	6.7201e-07
-4.7993	-1.8787	3.946e-06
-4.7993	-1.8245	5.4794e-06
-4.7993	-1.7703	3.3067e-06
-4.7993	-1.7161	1.2041e-06
-4.7993	-1.6619	2.0723e-07
-4.7993	-1.6077	1.8042e-07
-4.7993	-1.5535	5.7457e-07
-4.7993	-1.4994	2.0107e-07
-4.7993	-1.4452	1.1104e-07
-4.7993	-1.391	3.2752e-07
-4.7993	-1.3368	1.0044e-07
-4.7993	-1.2826	4.6394e-09
-4.7993	-1.2284	3.4391e-09
-4.7993	-1.1742	2.3794e-08
-4.7993	-1.12	5.4637e-08
-4.7993	-1.0658	6.4256e-07
-4.7993	-1.0116	8.2161e-07
-4.7993	-0.95742	1.8033e-07
-4.7993	-0.90323	2.2797e-06
-4.7993	-0.84903	2.517e-06
-4.7993	-0.79484	6.2034e-07
-4.7993	-0.74065	6.9177e-06
-4.7993	-0.68645	7.365e-06
-4.7993	-0.63226	2.4426e-06
-4.7993	-0.57806	4.7193e-05
-4.7993	-0.52387	0.00018489
-4.7993	-0.46968	0.0003677
-4.7993	-0.41548	0.00039593
-4.7993	-0.36129	0.00017049
-4.7993	-0.3071	1.2927e-05
-4.7993	-0.2529	0.00010528
-4.7993	-0.19871	0.00011238
-4.7993	-0.14452	1.204e-05
-4.7993	-0.090324	7.2359e-05
-4.7993	-0.036129	9.3689e-05
-4.7993	0.018065	1.1242e-05
-4.7993	0.072258	7.9017e-05
-4.7993	0.12645	0.00011073
-4.7993	0.18065	2.3445e-05
-4.7993	0.23484	7.8246e-05
-4.7993	0.28903	0.00011179
-4.7993	0.34323	2.2106e-05
-4.7993	0.39742	4.4035e-05
-4.7993	0.45161	6.8141e-05
-4.7993	0.50581	1.1728e-05
-4.7993	0.56	2.756e-05
-4.7993	0.61419	4.358e-05
-4.7993	0.66839	1.301e-05
-4.7993	0.72258	4.3935e-05
-4.7993	0.77677	0.00047464
-4.7993	0.83097	0.0015207
-4.7993	0.88516	0.002043
-4.7993	0.93935	0.0010831
-4.7993	0.99354	0.00010279
-4.7993	1.0477	0.00021916
-4.7993	1.1019	0.00032198
-4.7993	1.1561	5.2086e-05
-4.7993	1.2103	9.3642e-05
-4.7993	1.2645	0.00015711
-4.7993	1.3187	2.3737e-05
-4.7993	1.3729	6.9048e-05
-4.7993	1.4271	0.00012334
-4.7993	1.4813	2.7992e-05
-4.7993	1.5355	2.787e-05
-4.7993	1.5897	6.2006e-05
-4.7993	1.6439	1.7467e-05
-4.7993	1.6981	6.0157e-06
-4.7993	1.7523	1.8197e-05
-4.7993	1.8065	4.8815e-06
-4.7993	1.8606	5.9464e-06
-4.7993	1.9148	2.3324e-05
-4.7993	1.969	1.4065e-05
-4.7993	2.0232	2.0412e-05
-4.7993	2.0774	0.00024066
-4.7993	2.1316	0.00064215
-4.7993	2.1858	0.00075276
-4.7993	2.24	0.00041052
-4.7993	2.2942	7.2979e-05
-4.7993	2.3484	6.9905e-06
-4.7993	2.4026	2.5353e-05
-4.7993	2.4568	8.8322e-06
-4.7635	-2.4748	1.8037e-08
-4.7635	-2.4206	4.694e-08
-4.7635	-2.3665	6.4985e-08
-4.7635	-2.3123	5.3551e-08
-4.7635	-2.2581	7.7406e-08
-4.7635	-2.2039	2.3712e-07
-4.7635	-2.1497	1.0993e-07
-4.7635	-2.0955	3.1008e-07
-4.7635	-2.0413	1.24e-06
-4.7635	-1.9871	4.638e-07
-4.7635	-1.9329	2.5288e-06
-4.7635	-1.8787	1.5395e-05
-4.7635	-1.8245	2.6947e-05
-4.7635	-1.7703	2.0737e-05
-4.7635	-1.7161	6.7512e-06
-4.7635	-1.6619	5.0612e-07
-4.7635	-1.6077	1.5899e-07
-4.7635	-1.5535	2.0357e-07
-4.7635	-1.4994	3.6392e-08
-4.7635	-1.4452	3.6158e-08
-4.7635	-1.391	1.0834e-07
-4.7635	-1.3368	3.9557e-08
-4.7635	-1.2826	1.948e-09
-4.7635	-1.2284	1.5069e-09
-4.7635	-1.1742	8.9379e-09
-4.7635	-1.12	7.46e-08
-4.7635	-1.0658	6.8935e-07
-4.7635	-1.0116	7.2839e-07
-4.7635	-0.95742	3.5495e-07
-4.7635	-0.90323	3.8137e-06
-4.7635	-0.84903	3.5136e-06
-4.7635	-0.79484	1.9581e-06
-4.7635	-0.74065	1.8754e-05
-4.7635	-0.68645	1.7218e-05
-4.7635	-0.63226	1.1923e-05
-4.7635	-0.57806	0.00016659
-4.7635	-0.52387	0.00043678
-4.7635	-0.46968	0.00049658
-4.7635	-0.41548	0.00028788
-4.7635	-0.36129	7.2386e-05
-4.7635	-0.3071	5.0662e-06
-4.7635	-0.2529	4.1413e-05
-4.7635	-0.19871	4.3787e-05
-4.7635	-0.14452	5.1107e-06
-4.7635	-0.090324	3.7489e-05
-4.7635	-0.036129	4.7314e-05
-4.7635	0.018065	6.1977e-06
-4.7635	0.072258	6.4852e-05
-4.7635	0.12645	7.5634e-05
-4.7635	0.18065	1.5204e-05
-4.7635	0.23484	0.00011962
-4.7635	0.28903	0.00014413
-4.7635	0.34323	2.1094e-05
-4.7635	0.39742	0.00012108
-4.7635	0.45161	0.00016243
-4.7635	0.50581	2.1318e-05
-4.7635	0.56	0.00017661
-4.7635	0.61419	0.00025088
-4.7635	0.66839	3.6779e-05
-4.7635	0.72258	0.00042653
-4.7635	0.77677	0.0011906
-4.7635	0.83097	0.0012199
-4.7635	0.88516	0.00068032
-4.7635	0.93935	0.00021776
-4.7635	0.99354	1.6037e-05
-4.7635	1.0477	8.7041e-05
-4.7635	1.1019	0.00011413
-4.7635	1.1561	1.4627e-05
-4.7635	1.2103	7.7443e-05
-4.7635	1.2645	0.00011233
-4.7635	1.3187	1.6461e-05
-4.7635	1.3729	7.7611e-05
-4.7635	1.4271	0.00011962
-4.7635	1.4813	1.9335e-05
-4.7635	1.5355	5.8332e-05
-4.7635	1.5897	0.00011282
-4.7635	1.6439	2.7783e-05
-4.7635	1.6981	2.1996e-05
-4.7635	1.7523	5.8439e-05
-4.7635	1.8065	1.5525e-05
-4.7635	1.8606	1.7353e-05
-4.7635	1.9148	4.4682e-05
-4.7635	1.969	1.3492e-05
-4.7635	2.0232	1.9381e-05
-4.7635	2.0774	0.00012353
-4.7635	2.1316	0.00025597
-4.7635	2.1858	0.00028546
-4.7635	2.24	0.00015994
-4.7635	2.2942	2.7665e-05
-4.7635	2.3484	5.0651e-06
-4.7635	2.4026	1.5994e-05
-4.7635	2.4568	4.8798e-06
-4.7278	-2.4748	2.0352e-08
-4.7278	-2.4206	7.5851e-08
-4.7278	-2.3665	4.093e-08
-4.7278	-2.3123	3.8499e-08
-4.7278	-2.2581	1.3478e-07
-4.7278	-2.2039	1.1318e-07
-4.7278	-2.1497	4.1467e-08
-4.7278	-2.0955	2.2217e-07
-4.7278	-2.0413	7.301e-07
-4.7278	-1.9871	2.3487e-07
-4.7278	-1.9329	3.4023e-06
-4.7278	-1.8787	2.0761e-05
-4.7278	-1.8245	4.0634e-05
-4.7278	-1.7703	3.589e-05
-4.7278	-1.7161	1.3325e-05
-4.7278	-1.6619	1.0117e-06
-4.7278	-1.6077	7.7983e-07
-4.7278	-1.5535	8.5297e-07
-4.7278	-1.4994	1.0089e-07
-4.7278	-1.4452	6.4168e-08
-4.7278	-1.391	8.3469e-08
-4.7278	-1.3368	2.6352e-08
-4.7278	-1.2826	2.1084e-09
-4.7278	-1.2284	2.7538e-10
-4.7278	-1.1742	1.9118e-09
-4.7278	-1.12	5.1785e-08
-4.7278	-1.0658	3.6983e-07
-4.7278	-1.0116	3.3184e-07
-4.7278	-0.95742	4.097e-07
-4.7278	-0.90323	3.4617e-06
-4.7278	-0.84903	2.6537e-06
-4.7278	-0.79484	3.5077e-06
-4.7278	-0.74065	2.6625e-05
-4.7278	-0.68645	2.0628e-05
-4.7278	-0.63226	3.4614e-05
-4.7278	-0.57806	0.00041039
-4.7278	-0.52387	0.001103
-4.7278	-0.46968	0.0013043
-4.7278	-0.41548	0.00072018
-4.7278	-0.36129	0.00013189
-4.7278	-0.3071	1.4215e-05
-4.7278	-0.2529	5.1154e-05
-4.7278	-0.19871	2.5399e-05
-4.7278	-0.14452	4.99e-06
-4.7278	-0.090324	1.7437e-05
-4.7278	-0.036129	1.7757e-05
-4.7278	0.018065	2.4148e-06
-4.7278	0.072258	2.5017e-05
-4.7278	0.12645	2.6174e-05
-4.7278	0.18065	1.0224e-05
-4.7278	0.23484	9.9694e-05
-4.7278	0.28903	0.00010266
-4.7278	0.34323	1.6615e-05
-4.7278	0.39742	0.00016648
-4.7278	0.45161	0.00018882
-4.7278	0.50581	3.0831e-05
-4.7278	0.56	0.00038431
-4.7278	0.61419	0.00049133
-4.7278	0.66839	9.2985e-05
-4.7278	0.72258	0.0017753
-4.7278	0.77677	0.0054207
-4.7278	0.83097	0.0064386
-4.7278	0.88516	0.00367
-4.7278	0.93935	0.00087917
-4.7278	0.99354	3.6566e-05
-4.7278	1.0477	5.5683e-05
-4.7278	1.1019	4.6987e-05
-4.7278	1.1561	5.3608e-06
-4.7278	1.2103	3.4836e-05
-4.7278	1.2645	5.0484e-05
-4.7278	1.3187	1.2122e-05
-4.7278	1.3729	4.7896e-05
-4.7278	1.4271	6.6127e-05
-4.7278	1.4813	9.3988e-06
-4.7278	1.5355	6.7911e-05
-4.7278	1.5897	0.00011239
-4.7278	1.6439	2.2725e-05
-4.7278	1.6981	4.1711e-05
-4.7278	1.7523	9.3259e-05
-4.7278	1.8065	2.1586e-05
-4.7278	1.8606	4.5458e-05
-4.7278	1.9148	0.00010854
-4.7278	1.969	2.8762e-05
-4.7278	2.0232	7.0889e-05
-4.7278	2.0774	0.00031379
-4.7278	2.1316	0.0004044
-4.7278	2.1858	0.00025361
-4.7278	2.24	8.4063e-05
-4.7278	2.2942	1.0108e-05
-4.7278	2.3484	2.0698e-06
-4.7278	2.4026	6.0335e-06
-4.7278	2.4568	1.7348e-06
-4.6921	-2.4748	3.0381e-08
-4.6921	-2.4206	1.8723e-07
-4.6921	-2.3665	1.4108e-07
-4.6921	-2.3123	6.931e-08
-4.6921	-2.2581	4.7752e-07
-4.6921	-2.2039	3.3385e-07
-4.6921	-2.1497	5.3221e-08
-4.6921	-2.0955	4.1911e-07
-4.6921	-2.0413	3.8028e-07
-4.6921	-1.9871	5.6676e-08
-4.6921	-1.9329	1.5693e-06
-4.6921	-1.8787	1.0496e-05
-4.6921	-1.8245	2.4603e-05
-4.6921	-1.7703	2.5512e-05
-4.6921	-1.7161	1.0469e-05
-4.6921	-1.6619	7.4643e-07
-4.6921	-1.6077	1.383e-06
-4.6921	-1.5535	1.3851e-06
-4.6921	-1.4994	1.5177e-07
-4.6921	-1.4452	2.2725e-07
-4.6921	-1.391	2.0831e-07
-4.6921	-1.3368	3.6486e-08
-4.6921	-1.2826	8.2125e-09
-4.6921	-1.2284	3.9329e-09
-4.6921	-1.1742	1.6704e-08
-4.6921	-1.12	1.2227e-08
-4.6921	-1.0658	5.0188e-08
-4.6921	-1.0116	5.2512e-08
-4.6921	-0.95742	1.9701e-07
-4.6921	-0.90323	1.4725e-06
-4.6921	-0.84903	1.0137e-06
-4.6921	-0.79484	3.305e-06
-4.6921	-0.74065	2.0818e-05
-4.6921	-0.68645	1.3548e-05
-4.6921	-0.63226	5.3845e-05
-4.6921	-0.57806	0.00055454
-4.6921	-0.52387	0.0015251
-4.6921	-0.46968	0.0019001
-4.6921	-0.41548	0.0010882
-4.6921	-0.36129	0.00018216
-4.6921	-0.3071	4.8296e-05
-4.6921	-0.2529	0.00013535
-4.6921	-0.19871	4.3321e-05
-4.6921	-0.14452	1.8988e-05
-4.6921	-0.090324	5.3619e-05
-4.6921	-0.036129	2.3859e-05
-4.6921	0.018065	3.5881e-06
-4.6921	0.072258	1.6389e-05
-4.6921	0.12645	1.2956e-05
-4.6921	0.18065	5.2522e-06
-4.6921	0.23484	3.7903e-05
-4.6921	0.28903	3.5314e-05
-4.6921	0.34323	1.2438e-05
-4.6921	0.39742	0.00012797
-4.6921	0.45161	0.00012264
-4.6921	0.50581	3.9502e-05
-4.6921	0.56	0.00045937
-4.6921	0.61419	0.00051101
-4.6921	0.66839	0.00017632
-4.6921	0.72258	0.0033649
-4.6921	0.77677	0.010305
-4.6921	0.83097	0.013094
-4.6921	0.88516	0.0080792
-4.6921	0.93935	0.0019927
-4.6921	0.99354	7.6349e-05
-4.6921	1.0477	0.00027363
-4.6921	1.1019	0.00018256
-4.6921	1.1561	1.2977e-05
-4.6921	1.2103	3.6855e-05
-4.6921	1.2645	4.6369e-05
-4.6921	1.3187	1.1829e-05
-4.6921	1.3729	1.1469e-05
-4.6921	1.4271	2.2439e-05
-4.6921	1.4813	9.1461e-06
-4.6921	1.5355	4.1381e-05
-4.6921	1.5897	6.1362e-05
-4.6921	1.6439	1.1187e-05
-4.6921	1.6981	4.4249e-05
-4.6921	1.7523	8.4486e-05
-4.6921	1.8065	1.6818e-05
-4.6921	1.8606	6.9779e-05
-4.6921	1.9148	0.00014863
-4.6921	1.969	3.3615e-05
-4.6921	2.0232	0.00017577
-4.6921	2.0774	0.00073623
-4.6921	2.1316	0.00097784
-4.6921	2.1858	0.00060293
-4.6921	2.24	0.00016545
-4.6921	2.2942	1.1366e-05
-4.6921	2.3484	4.1656e-06
-4.6921	2.4026	4.8304e-06
-4.6921	2.4568	8.8173e-07
-4.6563	-2.4748	4.7515e-08
-4.6563	-2.4206	3.8355e-07
-4.6563	-2.3665	3.3248e-07
-4.6563	-2.3123	1.6481e-07
-4.6563	-2.2581	1.3111e-06
-4.6563	-2.2039	1.07e-06
-4.6563	-2.1497	2.2657e-07
-4.6563	-2.0955	2.1913e-06
-4.6563	-2.0413	2.0414e-06
-4.6563	-1.9871	2.599e-07
-4.6563	-1.9329	3.0448e-06
-4.6563	-1.8787	5.4997e-06
-4.6563	-1.8245	4.9284e-06
-4.6563	-1.7703	4.6426e-06
-4.6563	-1.7161	2.4561e-06
-4.6563	-1.6619	2.4011e-07
-4.6563	-1.6077	9.7909e-07
-4.6563	-1.5535	9.304e-07
-4.6563	-1.4994	1.195e-07
-4.6563	-1.4452	3.3798e-07
-4.6563	-1.391	2.6185e-07
-4.6563	-1.3368	4.0632e-08
-4.6563	-1.2826	1.5448e-08
-4.6563	-1.2284	1.5647e-08
-4.6563	-1.1742	4.4742e-08
-4.6563	-1.12	5.3821e-08
-4.6563	-1.0658	1.6343e-07
-4.6563	-1.0116	8.9996e-08
-4.6563	-0.95742	3.4132e-08
-4.6563	-0.90323	2.1203e-07
-4.6563	-0.84903	2.0854e-07
-4.6563	-0.79484	1.1122e-06
-4.6563	-0.74065	7.0348e-06
-4.6563	-0.68645	4.4234e-06
-4.6563	-0.63226	4.2636e-05
-4.6563	-0.57806	0.00041236
-4.6563	-0.52387	0.0011983
-4.6563	-0.46968	0.0015894
-4.6563	-0.41548	0.00093988
-4.6563	-0.36129	0.00014066
-4.6563	-0.3071	8.6761e-05
-4.6563	-0.2529	0.00020161
-4.6563	-0.19871	5.3329e-05
-4.6563	-0.14452	4.7345e-05
-4.6563	-0.090324	0.00012473
-4.6563	-0.036129	4.2845e-05
-4.6563	0.018065	1.8312e-05
-4.6563	0.072258	6.97e-05
-4.6563	0.12645	3.8685e-05
-4.6563	0.18065	3.4678e-06
-4.6563	0.23484	1.2987e-05
-4.6563	0.28903	9.4421e-06
-4.6563	0.34323	5.9996e-06
-4.6563	0.39742	4.7777e-05
-4.6563	0.45161	3.904e-05
-4.6563	0.50581	3.453e-05
-4.6563	0.56	0.00031439
-4.6563	0.61419	0.00030391
-4.6563	0.66839	0.00023237
-4.6563	0.72258	0.0037475
-4.6563	0.77677	0.011409
-4.6563	0.83097	0.015044
-4.6563	0.88516	0.0095945
-4.6563	0.93935	0.0022873
-4.6563	0.99354	0.00011658
-4.6563	1.0477	0.00061407
-4.6563	1.1019	0.00036093
-4.6563	1.1561	2.2874e-05
-4.6563	1.2103	0.00012006
-4.6563	1.2645	0.00010187
-4.6563	1.3187	1.1737e-05
-4.6563	1.3729	2.115e-05
-4.6563	1.4271	3.349e-05
-4.6563	1.4813	1.3836e-05
-4.6563	1.5355	7.2062e-06
-4.6563	1.5897	1.3952e-05
-4.6563	1.6439	4.8544e-06
-4.6563	1.6981	2.2518e-05
-4.6563	1.7523	4.0609e-05
-4.6563	1.8065	8.467e-06
-4.6563	1.8606	6.0789e-05
-4.6563	1.9148	0.00011815
-4.6563	1.969	2.4047e-05
-4.6563	2.0232	0.00024632
-4.6563	2.0774	0.0009879
-4.6563	2.1316	0.0013662
-4.6563	2.1858	0.00088397
-4.6563	2.24	0.00024269
-4.6563	2.2942	1.29e-05
-4.6563	2.3484	1.365e-05
-4.6563	2.4026	1.1285e-05
-4.6563	2.4568	1.1965e-06
-4.6206	-2.4748	6.6107e-08
-4.6206	-2.4206	5.4797e-07
-4.6206	-2.3665	4.5564e-07
-4.6206	-2.3123	3.2328e-07
-4.6206	-2.2581	2.4092e-06
-4.6206	-2.2039	1.894e-06
-4.6206	-2.1497	6.8165e-07
-4.6206	-2.0955	6.33e-06
-4.6206	-2.0413	5.8822e-06
-4.6206	-1.9871	1.5392e-06
-4.6206	-1.9329	2.3087e-05
-4.6206	-1.8787	5.2404e-05
-4.6206	-1.8245	4.5113e-05
-4.6206	-1.7703	1.6538e-05
-4.6206	-1.7161	1.9686e-06
-4.6206	-1.6619	8.4211e-08
-4.6206	-1.6077	1.4849e-07
-4.6206	-1.5535	1.4974e-07
-4.6206	-1.4994	8.0778e-08
-4.6206	-1.4452	2.1256e-07
-4.6206	-1.391	1.4966e-07
-4.6206	-1.3368	3.6506e-08
-4.6206	-1.2826	1.5771e-08
-4.6206	-1.2284	2.8598e-08
-4.6206	-1.1742	6.9422e-08
-4.6206	-1.12	2.1486e-07
-4.6206	-1.0658	6.358e-07
-4.6206	-1.0116	2.6982e-07
-4.6206	-0.95742	4.488e-07
-4.6206	-0.90323	1.2675e-06
-4.6206	-0.84903	4.2456e-07
-4.6206	-0.79484	4.7429e-07
-4.6206	-0.74065	1.4599e-06
-4.6206	-0.68645	1.0534e-06
-4.6206	-0.63226	9.5958e-06
-4.6206	-0.57806	0.00011637
-4.6206	-0.52387	0.0004243
-4.6206	-0.46968	0.00066606
-4.6206	-0.41548	0.00043186
-4.6206	-0.36129	5.8415e-05
-4.6206	-0.3071	8.6372e-05
-4.6206	-0.2529	0.00017142
-4.6206	-0.19871	3.7827e-05
-4.6206	-0.14452	6.9407e-05
-4.6206	-0.090324	0.00016137
-4.6206	-0.036129	4.5578e-05
-4.6206	0.018065	4.3481e-05
-4.6206	0.072258	0.00014059
-4.6206	0.12645	6.1772e-05
-4.6206	0.18065	1.96e-05
-4.6206	0.23484	7.2176e-05
-4.6206	0.28903	3.4593e-05
-4.6206	0.34323	5.2969e-06
-4.6206	0.39742	3.043e-05
-4.6206	0.45161	1.5327e-05
-4.6206	0.50581	1.7022e-05
-4.6206	0.56	0.00011491
-4.6206	0.61419	9.4565e-05
-4.6206	0.66839	0.00017482
-4.6206	0.72258	0.0024109
-4.6206	0.77677	0.0075492
-4.6206	0.83097	0.010515
-4.6206	0.88516	0.0069681
-4.6206	0.93935	0.0015833
-4.6206	0.99354	0.00015128
-4.6206	1.0477	0.00076384
-4.6206	1.1019	0.00039587
-4.6206	1.1561	3.3522e-05
-4.6206	1.2103	0.00022177
-4.6206	1.2645	0.00014853
-4.6206	1.3187	1.4648e-05
-4.6206	1.3729	8.5668e-05
-4.6206	1.4271	7.8262e-05
-4.6206	1.4813	1.6475e-05
-4.6206	1.5355	1.4405e-05
-4.6206	1.5897	1.4953e-05
-4.6206	1.6439	4.4193e-06
-4.6206	1.6981	2.5923e-06
-4.6206	1.7523	7.3728e-06
-4.6206	1.8065	2.9514e-06
-4.6206	1.8606	2.2523e-05
-4.6206	1.9148	4.6983e-05
-4.6206	1.969	1.1195e-05
-4.6206	2.0232	0.000186
-4.6206	2.0774	0.00075622
-4.6206	2.1316	0.0011102
-4.6206	2.1858	0.00075575
-4.6206	2.24	0.00020615
-4.6206	2.2942	9.1384e-06
-4.6206	2.3484	2.289e-05
-4.6206	2.4026	1.6107e-05
-4.6206	2.4568	1.2529e-06
-4.5849	-2.4748	6.7922e-08
-4.5849	-2.4206	5.1906e-07
-4.5849	-2.3665	3.9368e-07
-4.5849	-2.3123	4.7218e-07
-4.5849	-2.2581	3.0314e-06
-4.5849	-2.2039	2.1163e-06
-4.5849	-2.1497	1.4468e-06
-4.5849	-2.0955	1.1313e-05
-4.5849	-2.0413	9.35e-06
-4.5849	-1.9871	5.3529e-06
-4.5849	-1.9329	7.2165e-05
-4.5849	-1.8787	0.00017573
-4.5849	-1.8245	0.00017856
-4.5849	-1.7703	8.3857e-05
-4.5849	-1.7161	1.3829e-05
-4.5849	-1.6619	4.875e-07
-4.5849	-1.6077	1.4465e-06
-4.5849	-1.5535	4.7932e-07
-4.5849	-1.4994	7.4473e-08
-4.5849	-1.4452	3.2368e-08
-4.5849	-1.391	3.0924e-08
-4.5849	-1.3368	3.1707e-08
-4.5849	-1.2826	8.8752e-09
-4.5849	-1.2284	2.8493e-08
-4.5849	-1.1742	8.7849e-08
-4.5849	-1.12	3.5942e-07
-4.5849	-1.0658	9.0753e-07
-4.5849	-1.0116	3.6709e-07
-4.5849	-0.95742	1.2397e-06
-4.5849	-0.90323	3.1736e-06
-4.5849	-0.84903	7.8491e-07
-4.5849	-0.79484	4.5118e-06
-4.5849	-0.74065	1.017e-05
-4.5849	-0.68645	2.3588e-06
-4.5849	-0.63226	1.5751e-05
-4.5849	-0.57806	5.2938e-05
-4.5849	-0.52387	7.136e-05
-4.5849	-0.46968	8.5663e-05
-4.5849	-0.41548	6.5469e-05
-4.5849	-0.36129	9.1944e-06
-4.5849	-0.3071	4.1009e-05
-4.5849	-0.2529	7.5453e-05
-4.5849	-0.19871	1.4504e-05
-4.5849	-0.14452	5.9358e-05
-4.5849	-0.090324	0.00012509
-4.5849	-0.036129	3.0328e-05
-4.5849	0.018065	5.4443e-05
-4.5849	0.072258	0.00015132
-4.5849	0.12645	5.1736e-05
-4.5849	0.18065	5.4661e-05
-4.5849	0.23484	0.00016432
-4.5849	0.28903	6.3741e-05
-4.5849	0.34323	2.7802e-05
-4.5849	0.39742	0.00011722
-4.5849	0.45161	4.5687e-05
-4.5849	0.50581	3.1065e-05
-4.5849	0.56	0.00012407
-4.5849	0.61419	5.434e-05
-4.5849	0.66839	9.168e-05
-4.5849	0.72258	0.00094095
-4.5849	0.77677	0.0028381
-4.5849	0.83097	0.0041879
-4.5849	0.88516	0.002964
-4.5849	0.93935	0.00065635
-4.5849	0.99354	0.000132
-4.5849	1.0477	0.00057377
-4.5849	1.1019	0.00027126
-4.5849	1.1561	3.809e-05
-4.5849	1.2103	0.00023713
-4.5849	1.2645	0.00013296
-4.5849	1.3187	2.2721e-05
-4.5849	1.3729	0.00014548
-4.5849	1.4271	9.8997e-05
-4.5849	1.4813	2.0734e-05
-4.5849	1.5355	7.226e-05
-4.5849	1.5897	5.1205e-05
-4.5849	1.6439	6.771e-06
-4.5849	1.6981	2.0088e-05
-4.5849	1.7523	1.4245e-05
-4.5849	1.8065	1.7846e-06
-4.5849	1.8606	5.3545e-06
-4.5849	1.9148	8.1853e-06
-4.5849	1.969	2.5402e-06
-4.5849	2.0232	4.869e-05
-4.5849	2.0774	0.00025226
-4.5849	2.1316	0.00044441
-4.5849	2.1858	0.00034155
-4.5849	2.24	9.498e-05
-4.5849	2.2942	4.5999e-06
-4.5849	2.3484	2.1599e-05
-4.5849	2.4026	1.312e-05
-4.5849	2.4568	8.8821e-07
-4.5492	-2.4748	3.8125e-08
-4.5492	-2.4206	2.7934e-07
-4.5492	-2.3665	2.0654e-07
-4.5492	-2.3123	4.602e-07
-4.5492	-2.2581	2.5221e-06
-4.5492	-2.2039	1.522e-06
-4.5492	-2.1497	2.1065e-06
-4.5492	-2.0955	1.3488e-05
-4.5492	-2.0413	9.451e-06
-4.5492	-1.9871	1.1992e-05
-4.5492	-1.9329	0.00013432
-4.5492	-1.8787	0.00032773
-4.5492	-1.8245	0.0003496
-4.5492	-1.7703	0.00017398
-4.5492	-1.7161	2.8801e-05
-4.5492	-1.6619	1.9699e-06
-4.5492	-1.6077	6.7453e-06
-4.5492	-1.5535	2.2702e-06
-4.5492	-1.4994	1.3505e-07
-4.5492	-1.4452	2.9811e-07
-4.5492	-1.391	1.0959e-07
-4.5492	-1.3368	2.5679e-08
-4.5492	-1.2826	2.3575e-09
-4.5492	-1.2284	1.4164e-08
-4.5492	-1.1742	1.092e-07
-4.5492	-1.12	3.4074e-07
-4.5492	-1.0658	6.3659e-07
-4.5492	-1.0116	3.7984e-07
-4.5492	-0.95742	1.4375e-06
-4.5492	-0.90323	3.2208e-06
-4.5492	-0.84903	8.0215e-07
-4.5492	-0.79484	9.4302e-06
-4.5492	-0.74065	1.9803e-05
-4.5492	-0.68645	4.5537e-06
-4.5492	-0.63226	9.8558e-05
-4.5492	-0.57806	0.00039227
-4.5492	-0.52387	0.00055887
-4.5492	-0.46968	0.00035725
-4.5492	-0.41548	8.7937e-05
-4.5492	-0.36129	3.2696e-06
-4.5492	-0.3071	1.1311e-05
-4.5492	-0.2529	1.4695e-05
-4.5492	-0.19871	2.5316e-06
-4.5492	-0.14452	2.53e-05
-4.5492	-0.090324	5.6011e-05
-4.5492	-0.036129	1.5539e-05
-4.5492	0.018065	3.2467e-05
-4.5492	0.072258	8.4633e-05
-4.5492	0.12645	2.1895e-05
-4.5492	0.18065	7.7516e-05
-4.5492	0.23484	0.00019018
-4.5492	0.28903	5.8669e-05
-4.5492	0.34323	6.765e-05
-4.5492	0.39742	0.0002221
-4.5492	0.45161	6.9494e-05
-4.5492	0.50581	0.00011655
-4.5492	0.56	0.00038071
-4.5492	0.61419	0.00012851
-4.5492	0.66839	0.00031417
-4.5492	0.72258	0.0017594
-4.5492	0.77677	0.0028324
-4.5492	0.83097	0.0023444
-4.5492	0.88516	0.0011088
-4.5492	0.93935	0.00019302
-4.5492	0.99354	6.2336e-05
-4.5492	1.0477	0.00025057
-4.5492	1.1019	0.00011838
-4.5492	1.1561	2.4859e-05
-4.5492	1.2103	0.00014653
-4.5492	1.2645	7.3756e-05
-4.5492	1.3187	2.5369e-05
-4.5492	1.3729	0.00013499
-4.5492	1.4271	7.1132e-05
-4.5492	1.4813	2.9919e-05
-4.5492	1.5355	0.00012807
-4.5492	1.5897	7.3723e-05
-4.5492	1.6439	1.3442e-05
-4.5492	1.6981	7.325e-05
-4.5492	1.7523	4.3249e-05
-4.5492	1.8065	8.7451e-06
-4.5492	1.8606	5.4507e-05
-4.5492	1.9148	3.3142e-05
-4.5492	1.969	7.8309e-06
-4.5492	2.0232	6.4412e-05
-4.5492	2.0774	0.00010319
-4.5492	2.1316	9.523e-05
-4.5492	2.1858	6.3821e-05
-4.5492	2.24	1.7695e-05
-4.5492	2.2942	1.8884e-06
-4.5492	2.3484	1.0482e-05
-4.5492	2.4026	5.6341e-06
-4.5492	2.4568	5.3911e-07
-4.5134	-2.4748	7.2634e-09
-4.5134	-2.4206	4.5777e-08
-4.5134	-2.3665	5.9067e-08
-4.5134	-2.3123	2.2878e-07
-4.5134	-2.2581	1.1439e-06
-4.5134	-2.2039	6.2372e-07
-4.5134	-2.1497	1.9001e-06
-4.5134	-2.0955	1.0342e-05
-4.5134	-2.0413	6.043e-06
-4.5134	-1.9871	1.7415e-05
-4.5134	-1.9329	0.00016536
-4.5134	-1.8787	0.00040144
-4.5134	-1.8245	0.00043819
-4.5134	-1.7703	0.00022088
-4.5134	-1.7161	3.3839e-05
-4.5134	-1.6619	4.9097e-06
-4.5134	-1.6077	1.4051e-05
-4.5134	-1.5535	4.1773e-06
-4.5134	-1.4994	4.0019e-07
-4.5134	-1.4452	1.2518e-06
-4.5134	-1.391	3.6736e-07
-4.5134	-1.3368	1.8747e-08
-4.5134	-1.2826	1.8563e-09
-4.5134	-1.2284	8.9199e-09
-4.5134	-1.1742	1.5241e-07
-4.5134	-1.12	3.5672e-07
-4.5134	-1.0658	2.0829e-07
-4.5134	-1.0116	5.2158e-07
-4.5134	-0.95742	1.1968e-06
-4.5134	-0.90323	1.4287e-06
-4.5134	-0.84903	6.3418e-07
-4.5134	-0.79484	7.9569e-06
-4.5134	-0.74065	1.5546e-05
-4.5134	-0.68645	6.1241e-06
-4.5134	-0.63226	0.0001762
-4.5134	-0.57806	0.00074839
-4.5134	-0.52387	0.0012366
-4.5134	-0.46968	0.00094852
-4.5134	-0.41548	0.00027733
-4.5134	-0.36129	1.2676e-05
-4.5134	-0.3071	5.366e-05
-4.5134	-0.2529	3.5938e-05
-4.5134	-0.19871	2.818e-06
-4.5134	-0.14452	1.4172e-05
-4.5134	-0.090324	2.5416e-05
-4.5134	-0.036129	1.34e-05
-4.5134	0.018065	4.6417e-06
-4.5134	0.072258	1.4165e-05
-4.5134	0.12645	3.989e-06
-4.5134	0.18065	5.6867e-05
-4.5134	0.23484	0.0001189
-4.5134	0.28903	2.9148e-05
-4.5134	0.34323	8.3705e-05
-4.5134	0.39742	0.00022536
-4.5134	0.45161	5.5723e-05
-4.5134	0.50581	0.00022249
-4.5134	0.56	0.0006142
-4.5134	0.61419	0.00016717
-4.5134	0.66839	0.0010126
-4.5134	0.72258	0.0051808
-4.5134	0.77677	0.0083166
-4.5134	0.83097	0.0062379
-4.5134	0.88516	0.0021254
-4.5134	0.93935	0.00019192
-4.5134	0.99354	7.2158e-05
-4.5134	1.0477	0.00013236
-4.5134	1.1019	4.5956e-05
-4.5134	1.1561	1.2433e-05
-4.5134	1.2103	5.3473e-05
-4.5134	1.2645	2.7051e-05
-4.5134	1.3187	1.337e-05
-4.5134	1.3729	6.5145e-05
-4.5134	1.4271	2.6387e-05
-4.5134	1.4813	3.2983e-05
-4.5134	1.5355	0.0001219
-4.5134	1.5897	5.72e-05
-4.5134	1.6439	2.333e-05
-4.5134	1.6981	0.00011404
-4.5134	1.7523	5.5856e-05
-4.5134	1.8065	2.6988e-05
-4.5134	1.8606	0.00014583
-4.5134	1.9148	8.0243e-05
-4.5134	1.969	4.765e-05
-4.5134	2.0232	0.00040963
-4.5134	2.0774	0.00070023
-4.5134	2.1316	0.00051196
-4.5134	2.1858	0.00017708
-4.5134	2.24	2.2777e-05
-4.5134	2.2942	8.1606e-07
-4.5134	2.3484	2.9892e-06
-4.5134	2.4026	1.2744e-06
-4.5134	2.4568	2.9486e-07
-4.4777	-2.4748	5.6886e-08
-4.4777	-2.4206	8.9979e-08
-4.4777	-2.3665	3.5827e-08
-4.4777	-2.3123	4.0326e-08
-4.4777	-2.2581	1.2008e-07
-4.4777	-2.2039	8.9355e-08
-4.4777	-2.1497	7.4328e-07
-4.4777	-2.0955	3.9931e-06
-4.4777	-2.0413	2.0449e-06
-4.4777	-1.9871	1.4972e-05
-4.4777	-1.9329	0.0001293
-4.4777	-1.8787	0.0003223
-4.4777	-1.8245	0.0003651
-4.4777	-1.7703	0.00018631
-4.4777	-1.7161	2.5654e-05
-4.4777	-1.6619	7.8863e-06
-4.4777	-1.6077	1.8116e-05
-4.4777	-1.5535	4.5775e-06
-4.4777	-1.4994	9.2636e-07
-4.4777	-1.4452	2.4023e-06
-4.4777	-1.391	5.7588e-07
-4.4777	-1.3368	1.9395e-08
-4.4777	-1.2826	7.7902e-09
-4.4777	-1.2284	3.5818e-08
-4.4777	-1.1742	2.686e-07
-4.4777	-1.12	9.629e-07
-4.4777	-1.0658	3.0091e-07
-4.4777	-1.0116	1.2619e-06
-4.4777	-0.95742	3.4993e-06
-4.4777	-0.90323	1.1563e-06
-4.4777	-0.84903	1.2064e-06
-4.4777	-0.79484	4.9446e-06
-4.4777	-0.74065	4.899e-06
-4.4777	-0.68645	4.2139e-06
-4.4777	-0.63226	0.00012196
-4.4777	-0.57806	0.00058069
-4.4777	-0.52387	0.0011065
-4.4777	-0.46968	0.00096128
-4.4777	-0.41548	0.00029692
-4.4777	-0.36129	2.1307e-05
-4.4777	-0.3071	0.00012573
-4.4777	-0.2529	8.1126e-05
-4.4777	-0.19871	9.7042e-06
-4.4777	-0.14452	5.4361e-05
-4.4777	-0.090324	5.0179e-05
-4.4777	-0.036129	2.3769e-05
-4.4777	0.018065	3.0512e-05
-4.4777	0.072258	2.4027e-05
-4.4777	0.12645	8.9146e-06
-4.4777	0.18065	1.3505e-05
-4.4777	0.23484	2.8044e-05
-4.4777	0.28903	6.4836e-06
-4.4777	0.34323	4.9598e-05
-4.4777	0.39742	0.00011991
-4.4777	0.45161	2.6184e-05
-4.4777	0.50581	0.00022867
-4.4777	0.56	0.00054945
-4.4777	0.61419	0.00012739
-4.4777	0.66839	0.0017044
-4.4777	0.72258	0.0082096
-4.4777	0.77677	0.013755
-4.4777	0.83097	0.01093
-4.4777	0.88516	0.0037866
-4.4777	0.93935	0.00027466
-4.4777	0.99354	0.00026985
-4.4777	1.0477	0.00030397
-4.4777	1.1019	4.6905e-05
-4.4777	1.1561	5.2666e-05
-4.4777	1.2103	7.0748e-05
-4.4777	1.2645	1.8349e-05
-4.4777	1.3187	5.4343e-06
-4.4777	1.3729	2.0375e-05
-4.4777	1.4271	7.3156e-06
-4.4777	1.4813	1.8858e-05
-4.4777	1.5355	5.9742e-05
-4.4777	1.5897	2.2749e-05
-4.4777	1.6439	2.5774e-05
-4.4777	1.6981	9.94e-05
-4.4777	1.7523	3.9223e-05
-4.4777	1.8065	4.55e-05
-4.4777	1.8606	0.00019599
-4.4777	1.9148	9.1264e-05
-4.4777	1.969	0.00012296
-4.4777	2.0232	0.00092768
-4.4777	2.0774	0.0016747
-4.4777	2.1316	0.0013572
-4.4777	2.1858	0.0005201
-4.4777	2.24	6.6758e-05
-4.4777	2.2942	3.6921e-06
-4.4777	2.3484	1.0483e-05
-4.4777	2.4026	2.9645e-06
-4.4777	2.4568	1.9577e-07
-4.442	-2.4748	2.3273e-07
-4.442	-2.4206	4.2929e-07
-4.442	-2.3665	8.3483e-08
-4.442	-2.3123	3.694e-07
-4.442	-2.2581	5.1744e-07
-4.442	-2.2039	7.4094e-08
-4.442	-2.1497	1.494e-07
-4.442	-2.0955	3.2266e-07
-4.442	-2.0413	1.6311e-07
-4.442	-1.9871	4.9579e-06
-4.442	-1.9329	4.8132e-05
-4.442	-1.8787	0.00014024
-4.442	-1.8245	0.00017928
-4.442	-1.7703	9.7569e-05
-4.442	-1.7161	1.2247e-05
-4.442	-1.6619	7.9713e-06
-4.442	-1.6077	1.5295e-05
-4.442	-1.5535	3.2641e-06
-4.442	-1.4994	1.3892e-06
-4.442	-1.4452	2.8474e-06
-4.442	-1.391	5.5521e-07
-4.442	-1.3368	2.9477e-08
-4.442	-1.2826	1.9996e-08
-4.442	-1.2284	8.2709e-08
-4.442	-1.1742	5.2371e-07
-4.442	-1.12	2.4267e-06
-4.442	-1.0658	9.969e-07
-4.442	-1.0116	3.3633e-06
-4.442	-0.95742	1.2039e-05
-4.442	-0.90323	4.7821e-06
-4.442	-0.84903	6.0894e-06
-4.442	-0.79484	2.5161e-05
-4.442	-0.74065	1.1945e-05
-4.442	-0.68645	6.3372e-06
-4.442	-0.63226	4.9767e-05
-4.442	-0.57806	0.00013821
-4.442	-0.52387	0.00030125
-4.442	-0.46968	0.00033943
-4.442	-0.41548	0.00012064
-4.442	-0.36129	2.1485e-05
-4.442	-0.3071	0.00012109
-4.442	-0.2529	7.3758e-05
-4.442	-0.19871	1.964e-05
-4.442	-0.14452	0.00010266
-4.442	-0.090324	7.8243e-05
-4.442	-0.036129	4.4723e-05
-4.442	0.018065	0.00012522
-4.442	0.072258	0.0001087
-4.442	0.12645	2.5487e-05
-4.442	0.18065	1.1188e-05
-4.442	0.23484	1.211e-05
-4.442	0.28903	2.865e-06
-4.442	0.34323	7.1552e-06
-4.442	0.39742	2.2514e-05
-4.442	0.45161	8.1269e-06
-4.442	0.50581	0.00010709
-4.442	0.56	0.00024817
-4.442	0.61419	6.7825e-05
-4.442	0.66839	0.0015668
-4.442	0.72258	0.0073895
-4.442	0.77677	0.013005
-4.442	0.83097	0.010876
-4.442	0.88516	0.0037952
-4.442	0.93935	0.0002331
-4.442	0.99354	0.00053202
-4.442	1.0477	0.00051573
-4.442	1.1019	5.8378e-05
-4.442	1.1561	0.00016145
-4.442	1.2103	0.00018508
-4.442	1.2645	2.7665e-05
-4.442	1.3187	3.6559e-05
-4.442	1.3729	6.0905e-05
-4.442	1.4271	1.8042e-05
-4.442	1.4813	3.3731e-06
-4.442	1.5355	1.2752e-05
-4.442	1.5897	3.9795e-06
-4.442	1.6439	1.4501e-05
-4.442	1.6981	4.5486e-05
-4.442	1.7523	1.419e-05
-4.442	1.8065	4.3598e-05
-4.442	1.8606	0.00015323
-4.442	1.9148	5.848e-05
-4.442	1.969	0.00017877
-4.442	2.0232	0.0011792
-4.442	2.0774	0.0021631
-4.442	2.1316	0.0018309
-4.442	2.1858	0.00072321
-4.442	2.24	8.5324e-05
-4.442	2.2942	1.2514e-05
-4.442	2.3484	2.7952e-05
-4.442	2.4026	6.8577e-06
-4.442	2.4568	6.6497e-07
-4.4063	-2.4748	4.3629e-07
-4.4063	-2.4206	7.5197e-07
-4.4063	-2.3665	1.2739e-07
-4.4063	-2.3123	1.3362e-06
-4.4063	-2.2581	2.033e-06
-4.4063	-2.2039	2.8503e-07
-4.4063	-2.1497	2.2427e-06
-4.4063	-2.0955	3.3303e-06
-4.4063	-2.0413	4.4835e-07
-4.4063	-1.9871	2.3234e-06
-4.4063	-1.9329	6.0413e-06
-4.4063	-1.8787	1.4959e-05
-4.4063	-1.8245	2.9234e-05
-4.4063	-1.7703	2.1918e-05
-4.4063	-1.7161	2.9516e-06
-4.4063	-1.6619	4.2671e-06
-4.4063	-1.6077	7.6596e-06
-4.4063	-1.5535	1.4438e-06
-4.4063	-1.4994	1.2714e-06
-4.4063	-1.4452	2.1728e-06
-4.4063	-1.391	3.49e-07
-4.4063	-1.3368	3.4825e-08
-4.4063	-1.2826	3.5191e-08
-4.4063	-1.2284	1.1002e-07
-4.4063	-1.1742	8.6918e-07
-4.4063	-1.12	4.0359e-06
-4.4063	-1.0658	1.6341e-06
-4.4063	-1.0116	7.1473e-06
-4.4063	-0.95742	2.574e-05
-4.4063	-0.90323	9.9836e-06
-4.4063	-0.84903	2.1608e-05
-4.4063	-0.79484	9.1528e-05
-4.4063	-0.74065	4.4356e-05
-4.4063	-0.68645	6.598e-05
-4.4063	-0.63226	0.00048595
-4.4063	-0.57806	0.00080239
-4.4063	-0.52387	0.000526
-4.4063	-0.46968	0.0001351
-4.4063	-0.41548	1.2051e-05
-4.4063	-0.36129	8.224e-06
-4.4063	-0.3071	3.3505e-05
-4.4063	-0.2529	2.4211e-05
-4.4063	-0.19871	2.2779e-05
-4.4063	-0.14452	8.7181e-05
-4.4063	-0.090324	6.3462e-05
-4.4063	-0.036129	6.9529e-05
-4.4063	0.018065	0.00021143
-4.4063	0.072258	0.00017782
-4.4063	0.12645	4.4865e-05
-4.4063	0.18065	7.4389e-05
-4.4063	0.23484	7.1641e-05
-4.4063	0.28903	1.0183e-05
-4.4063	0.34323	2.7064e-05
-4.4063	0.39742	2.8108e-05
-4.4063	0.45161	4.7859e-06
-4.4063	0.50581	1.2333e-05
-4.4063	0.56	3.7016e-05
-4.4063	0.61419	2.3912e-05
-4.4063	0.66839	0.00059528
-4.4063	0.72258	0.0031894
-4.4063	0.77677	0.0064337
-4.4063	0.83097	0.0059589
-4.4063	0.88516	0.0021361
-4.4063	0.93935	0.00012774
-4.4063	0.99354	0.00058104
-4.4063	1.0477	0.00049699
-4.4063	1.1019	5.0995e-05
-4.4063	1.1561	0.00026224
-4.4063	1.2103	0.00027014
-4.4063	1.2645	2.9755e-05
-4.4063	1.3187	0.00010431
-4.4063	1.3729	0.00014591
-4.4063	1.4271	3.0946e-05
-4.4063	1.4813	2.0468e-05
-4.4063	1.5355	3.5695e-05
-4.4063	1.5897	7.5539e-06
-4.4063	1.6439	5.4905e-06
-4.4063	1.6981	1.3514e-05
-4.4063	1.7523	3.082e-06
-4.4063	1.8065	2.1645e-05
-4.4063	1.8606	6.469e-05
-4.4063	1.9148	2.0302e-05
-4.4063	1.969	0.00014838
-4.4063	2.0232	0.00089718
-4.4063	2.0774	0.001696
-4.4063	2.1316	0.0014986
-4.4063	2.1858	0.00060195
-4.4063	2.24	6.2784e-05
-4.4063	2.2942	2.1654e-05
-4.4063	2.3484	3.854e-05
-4.4063	2.4026	8.0363e-06
-4.4063	2.4568	1.7922e-06
-4.3705	-2.4748	4.6475e-07
-4.3705	-2.4206	7.2452e-07
-4.3705	-2.3665	1.5532e-07
-4.3705	-2.3123	2.2671e-06
-4.3705	-2.2581	3.1457e-06
-4.3705	-2.2039	5.1563e-07
-4.3705	-2.1497	6.9657e-06
-4.3705	-2.0955	1.0379e-05
-4.3705	-2.0413	1.6802e-06
-4.3705	-1.9871	2.6896e-05
-4.3705	-1.9329	7.9271e-05
-4.3705	-1.8787	7.9309e-05
-4.3705	-1.8245	3.2875e-05
-4.3705	-1.7703	4.9333e-06
-4.3705	-1.7161	2.1891e-07
-4.3705	-1.6619	6.3509e-07
-4.3705	-1.6077	1.4405e-06
-4.3705	-1.5535	3.09e-07
-4.3705	-1.4994	5.6259e-07
-4.3705	-1.4452	9.3511e-07
-4.3705	-1.391	1.3419e-07
-4.3705	-1.3368	2.3796e-08
-4.3705	-1.2826	4.0499e-08
-4.3705	-1.2284	9.6856e-08
-4.3705	-1.1742	1.035e-06
-4.3705	-1.12	4.4269e-06
-4.3705	-1.0658	1.6212e-06
-4.3705	-1.0116	1.1064e-05
-4.3705	-0.95742	3.6313e-05
-4.3705	-0.90323	1.2052e-05
-4.3705	-0.84903	4.9279e-05
-4.3705	-0.79484	0.00018708
-4.3705	-0.74065	7.7562e-05
-4.3705	-0.68645	0.00027875
-4.3705	-0.63226	0.0019963
-4.3705	-0.57806	0.0039372
-4.3705	-0.52387	0.0034899
-4.3705	-0.46968	0.0013773
-4.3705	-0.41548	0.00014823
-4.3705	-0.36129	2.738e-05
-4.3705	-0.3071	4.0515e-05
-4.3705	-0.2529	1.3004e-05
-4.3705	-0.19871	1.211e-05
-4.3705	-0.14452	2.0647e-05
-4.3705	-0.090324	2.862e-05
-4.3705	-0.036129	7.6516e-05
-4.3705	0.018065	0.00018982
-4.3705	0.072258	0.00016204
-4.3705	0.12645	6.6003e-05
-4.3705	0.18065	0.00013907
-4.3705	0.23484	0.00012158
-4.3705	0.28903	2.0551e-05
-4.3705	0.34323	0.0001033
-4.3705	0.39742	9.6237e-05
-4.3705	0.45161	1.4868e-05
-4.3705	0.50581	0.00010766
-4.3705	0.56	9.5749e-05
-4.3705	0.61419	1.6006e-05
-4.3705	0.66839	0.00011714
-4.3705	0.72258	0.00039263
-4.3705	0.77677	0.00096697
-4.3705	0.83097	0.0012084
-4.3705	0.88516	0.00051003
-4.3705	0.93935	4.8544e-05
-4.3705	0.99354	0.00033665
-4.3705	1.0477	0.00026483
-4.3705	1.1019	3.3612e-05
-4.3705	1.1561	0.00025094
-4.3705	1.2103	0.00023518
-4.3705	1.2645	2.2396e-05
-4.3705	1.3187	0.00014709
-4.3705	1.3729	0.00017767
-4.3705	1.4271	2.8383e-05
-4.3705	1.4813	7.4459e-05
-4.3705	1.5355	0.00010169
-4.3705	1.5897	1.5836e-05
-4.3705	1.6439	2.3523e-05
-4.3705	1.6981	3.8245e-05
-4.3705	1.7523	5.767e-06
-4.3705	1.8065	1.5612e-05
-4.3705	1.8606	2.8348e-05
-4.3705	1.9148	5.8093e-06
-4.3705	1.969	6.6581e-05
-4.3705	2.0232	0.00037846
-4.3705	2.0774	0.00075911
-4.3705	2.1316	0.00072341
-4.3705	2.1858	0.00030309
-4.3705	2.24	2.8014e-05
-4.3705	2.2942	2.1379e-05
-4.3705	2.3484	3.2233e-05
-4.3705	2.4026	5.7682e-06
-4.3705	2.4568	2.6e-06
-4.3348	-2.4748	2.4608e-07
-4.3348	-2.4206	3.6911e-07
-4.3348	-2.3665	1.5193e-07
-4.3348	-2.3123	2.1719e-06
-4.3348	-2.2581	2.6917e-06
-4.3348	-2.2039	7.4053e-07
-4.3348	-2.1497	1.0674e-05
-4.3348	-2.0955	1.4297e-05
-4.3348	-2.0413	3.6426e-06
-4.3348	-1.9871	7.678e-05
-4.3348	-1.9329	0.00024359
-4.3348	-1.8787	0.00029843
-4.3348	-1.8245	0.00016752
-4.3348	-1.7703	3.5003e-05
-4.3348	-1.7161	1.0256e-06
-4.3348	-1.6619	2.7657e-06
-4.3348	-1.6077	1.0803e-06
-4.3348	-1.5535	5.4598e-08
-4.3348	-1.4994	7.9248e-08
-4.3348	-1.4452	1.3775e-07
-4.3348	-1.391	2.526e-08
-4.3348	-1.3368	6.4126e-09
-4.3348	-1.2826	2.5745e-08
-4.3348	-1.2284	6.0977e-08
-4.3348	-1.1742	7.3697e-07
-4.3348	-1.12	2.998e-06
-4.3348	-1.0658	1.0898e-06
-4.3348	-1.0116	1.1708e-05
-4.3348	-0.95742	3.4323e-05
-4.3348	-0.90323	9.4437e-06
-4.3348	-0.84903	7.528e-05
-4.3348	-0.79484	0.00024826
-4.3348	-0.74065	8.2116e-05
-4.3348	-0.68645	0.00066623
-4.3348	-0.63226	0.0043635
-4.3348	-0.57806	0.0089799
-4.3348	-0.52387	0.0086458
-4.3348	-0.46968	0.0037462
-4.3348	-0.41548	0.00040092
-4.3348	-0.36129	0.00019309
-4.3348	-0.3071	0.00033969
-4.3348	-0.2529	7.9081e-05
-4.3348	-0.19871	2.0614e-05
-4.3348	-0.14452	3.5782e-05
-4.3348	-0.090324	3.2356e-05
-4.3348	-0.036129	5.1087e-05
-4.3348	0.018065	7.3227e-05
-4.3348	0.072258	8.9142e-05
-4.3348	0.12645	8.4873e-05
-4.3348	0.18065	0.00012822
-4.3348	0.23484	0.00010166
-4.3348	0.28903	3.0317e-05
-4.3348	0.34323	0.00013813
-4.3348	0.39742	0.0001177
-4.3348	0.45161	3.6586e-05
-4.3348	0.50581	0.00030342
-4.3348	0.56	0.00024868
-4.3348	0.61419	0.0001155
-4.3348	0.66839	0.0013424
-4.3348	0.72258	0.0027498
-4.3348	0.77677	0.0022418
-4.3348	0.83097	0.00081563
-4.3348	0.88516	0.0001067
-4.3348	0.93935	1.1543e-05
-4.3348	0.99354	7.8458e-05
-4.3348	1.0477	6.0726e-05
-4.3348	1.1019	1.5113e-05
-4.3348	1.1561	0.0001321
-4.3348	1.2103	0.00012436
-4.3348	1.2645	1.4007e-05
-4.3348	1.3187	0.00010925
-4.3348	1.3729	0.00011733
-4.3348	1.4271	1.8125e-05
-4.3348	1.4813	0.00011752
-4.3348	1.5355	0.00013441
-4.3348	1.5897	1.5916e-05
-4.3348	1.6439	6.4568e-05
-4.3348	1.6981	8.6878e-05
-4.3348	1.7523	1.0466e-05
-4.3348	1.8065	5.8092e-05
-4.3348	1.8606	7.9148e-05
-4.3348	1.9148	1.0492e-05
-4.3348	1.969	9.1823e-05
-4.3348	2.0232	0.00027385
-4.3348	2.0774	0.00033784
-4.3348	2.1316	0.00024826
-4.3348	2.1858	9.5221e-05
-4.3348	2.24	7.7996e-06
-4.3348	2.2942	1.1503e-05
-4.3348	2.3484	1.6305e-05
-4.3348	2.4026	2.7059e-06
-4.3348	2.4568	2.0431e-06
-4.2991	-2.4748	2.7538e-08
-4.2991	-2.4206	5.3705e-08
-4.2991	-2.3665	7.227e-08
-4.2991	-2.3123	9.7729e-07
-4.2991	-2.2581	1.1572e-06
-4.2991	-2.2039	7.4007e-07
-4.2991	-2.1497	9.2136e-06
-4.2991	-2.0955	1.098e-05
-4.2991	-2.0413	5.9516e-06
-4.2991	-1.9871	0.00011424
-4.2991	-1.9329	0.00036418
-4.2991	-1.8787	0.00047693
-4.2991	-1.8245	0.00029159
-4.2991	-1.7703	6.4964e-05
-4.2991	-1.7161	2.6296e-06
-4.2991	-1.6619	1.1326e-05
-4.2991	-1.6077	5.1501e-06
-4.2991	-1.5535	2.3449e-07
-4.2991	-1.4994	7.0429e-07
-4.2991	-1.4452	2.4911e-07
-4.2991	-1.391	8.2393e-09
-4.2991	-1.3368	1.6014e-09
-4.2991	-1.2826	8.1839e-09
-4.2991	-1.2284	3.2283e-08
-4.2991	-1.1742	1.77e-07
-4.2991	-1.12	9.2179e-07
-4.2991	-1.0658	5.4964e-07
-4.2991	-1.0116	7.1865e-06
-4.2991	-0.95742	1.9653e-05
-4.2991	-0.90323	4.9997e-06
-4.2991	-0.84903	7.4835e-05
-4.2991	-0.79484	0.00021717
-4.2991	-0.74065	5.8825e-05
-4.2991	-0.68645	0.0010266
-4.2991	-0.63226	0.0061836
-4.2991	-0.57806	0.012891
-4.2991	-0.52387	0.012792
-4.2991	-0.46968	0.0055954
-4.2991	-0.41548	0.00051816
-4.2991	-0.36129	0.00056228
-4.2991	-0.3071	0.00087541
-4.2991	-0.2529	0.00016581
-4.2991	-0.19871	0.00012179
-4.2991	-0.14452	0.00025404
-4.2991	-0.090324	8.7168e-05
-4.2991	-0.036129	3.1671e-05
-4.2991	0.018065	1.6006e-05
-4.2991	0.072258	4.1495e-05
-4.2991	0.12645	0.00010821
-4.2991	0.18065	7.8265e-05
-4.2991	0.23484	4.3513e-05
-4.2991	0.28903	4.5588e-05
-4.2991	0.34323	8.8974e-05
-4.2991	0.39742	6.4607e-05
-4.2991	0.45161	4.5247e-05
-4.2991	0.50581	0.00032127
-4.2991	0.56	0.00023768
-4.2991	0.61419	0.00029778
-4.2991	0.66839	0.0032349
-4.2991	0.72258	0.0075835
-4.2991	0.77677	0.0076716
-4.2991	0.83097	0.0035576
-4.2991	0.88516	0.00052516
-4.2991	0.93935	4.2968e-05
-4.2991	0.99354	0.00012683
-4.2991	1.0477	3.8263e-05
-4.2991	1.1019	5.7459e-06
-4.2991	1.1561	4.308e-05
-4.2991	1.2103	5.032e-05
-4.2991	1.2645	1.0418e-05
-4.2991	1.3187	2.8042e-05
-4.2991	1.3729	3.0799e-05
-4.2991	1.4271	1.1429e-05
-4.2991	1.4813	9.8987e-05
-4.2991	1.5355	9.7718e-05
-4.2991	1.5897	1.0672e-05
-4.2991	1.6439	8.782e-05
-4.2991	1.6981	0.00010009
-4.2991	1.7523	1.271e-05
-4.2991	1.8065	0.00012408
-4.2991	1.8606	0.00014874
-4.2991	1.9148	2.2401e-05
-4.2991	1.969	0.00033081
-4.2991	2.0232	0.0008723
-4.2991	2.0774	0.00087082
-4.2991	2.1316	0.00041721
-4.2991	2.1858	8.6984e-05
-4.2991	2.24	3.649e-06
-4.2991	2.2942	5.4664e-06
-4.2991	2.3484	5.9178e-06
-4.2991	2.4026	9.958e-07
-4.2991	2.4568	8.0716e-07
-4.2634	-2.4748	2.0079e-07
-4.2634	-2.4206	7.2863e-08
-4.2634	-2.3665	1.8695e-08
-4.2634	-2.3123	9.0476e-08
-4.2634	-2.2581	1.0822e-07
-4.2634	-2.2039	2.9222e-07
-4.2634	-2.1497	3.453e-06
-4.2634	-2.0955	3.9771e-06
-4.2634	-2.0413	5.821e-06
-4.2634	-1.9871	9.5902e-05
-4.2634	-1.9329	0.00031481
-4.2634	-1.8787	0.00043831
-4.2634	-1.8245	0.0002824
-4.2634	-1.7703	6.2203e-05
-4.2634	-1.7161	4.2006e-06
-4.2634	-1.6619	1.9373e-05
-4.2634	-1.6077	8.4427e-06
-4.2634	-1.5535	5.2058e-07
-4.2634	-1.4994	2.2229e-06
-4.2634	-1.4452	8.3135e-07
-4.2634	-1.391	2.1917e-08
-4.2634	-1.3368	1.1412e-08
-4.2634	-1.2826	2.454e-08
-4.2634	-1.2284	3.9402e-08
-4.2634	-1.1742	2.0359e-07
-4.2634	-1.12	2.354e-07
-4.2634	-1.0658	2.738e-07
-4.2634	-1.0116	1.3419e-06
-4.2634	-0.95742	4.3165e-06
-4.2634	-0.90323	1.6884e-06
-4.2634	-0.84903	3.9994e-05
-4.2634	-0.79484	0.00010984
-4.2634	-0.74065	3.1189e-05
-4.2634	-0.68645	0.0010043
-4.2634	-0.63226	0.0057824
-4.2634	-0.57806	0.012347
-4.2634	-0.52387	0.012588
-4.2634	-0.46968	0.0054509
-4.2634	-0.41548	0.00042106
-4.2634	-0.36129	0.00096531
-4.2634	-0.3071	0.0012931
-4.2634	-0.2529	0.00019268
-4.2634	-0.19871	0.00034093
-4.2634	-0.14452	0.00060883
-4.2634	-0.090324	0.00014082
-4.2634	-0.036129	0.00010116
-4.2634	0.018065	0.00016122
-4.2634	0.072258	5.7733e-05
-4.2634	0.12645	0.00018097
-4.2634	0.18065	0.00013693
-4.2634	0.23484	1.745e-05
-4.2634	0.28903	0.00011809
-4.2634	0.34323	0.00010465
-4.2634	0.39742	1.783e-05
-4.2634	0.45161	4.5347e-05
-4.2634	0.50581	0.00014414
-4.2634	0.56	8.7833e-05
-4.2634	0.61419	0.00029764
-4.2634	0.66839	0.0030918
-4.2634	0.72258	0.0080687
-4.2634	0.77677	0.0092803
-4.2634	0.83097	0.004827
-4.2634	0.88516	0.00072656
-4.2634	0.93935	0.00015585
-4.2634	0.99354	0.00040388
-4.2634	1.0477	0.00011287
-4.2634	1.1019	3.0909e-05
-4.2634	1.1561	9.5353e-05
-4.2634	1.2103	5.8019e-05
-4.2634	1.2645	2.5853e-05
-4.2634	1.3187	1.7059e-05
-4.2634	1.3729	9.5708e-06
-4.2634	1.4271	8.0018e-06
-4.2634	1.4813	3.5571e-05
-4.2634	1.5355	3.3175e-05
-4.2634	1.5897	5.6466e-06
-4.2634	1.6439	6.2849e-05
-4.2634	1.6981	6.3113e-05
-4.2634	1.7523	1.3329e-05
-4.2634	1.8065	0.00014326
-4.2634	1.8606	0.00015046
-4.2634	1.9148	3.892e-05
-4.2634	1.969	0.00063357
-4.2634	2.0232	0.0016588
-4.2634	2.0774	0.0017492
-4.2634	2.1316	0.0008758
-4.2634	2.1858	0.00017099
-4.2634	2.24	5.6549e-06
-4.2634	2.2942	1.4927e-05
-4.2634	2.3484	7.2872e-06
-4.2634	2.4026	7.192e-07
-4.2634	2.4568	1.071e-06
-4.2276	-2.4748	8.3052e-07
-4.2276	-2.4206	3.2323e-07
-4.2276	-2.3665	3.3961e-07
-4.2276	-2.3123	1.1523e-06
-4.2276	-2.2581	3.8738e-07
-4.2276	-2.2039	1.4805e-07
-4.2276	-2.1497	4.4932e-07
-4.2276	-2.0955	2.7237e-07
-4.2276	-2.0413	1.8436e-06
-4.2276	-1.9871	3.2374e-05
-4.2276	-1.9329	0.00012904
-4.2276	-1.8787	0.00021163
-4.2276	-1.8245	0.00015253
-4.2276	-1.7703	3.3841e-05
-4.2276	-1.7161	4.5541e-06
-4.2276	-1.6619	1.8816e-05
-4.2276	-1.6077	7.5933e-06
-4.2276	-1.5535	7.6494e-07
-4.2276	-1.4994	3.2649e-06
-4.2276	-1.4452	1.1276e-06
-4.2276	-1.391	3.4464e-08
-4.2276	-1.3368	2.189e-08
-4.2276	-1.2826	8.0408e-08
-4.2276	-1.2284	1.2744e-07
-4.2276	-1.1742	1.5387e-06
-4.2276	-1.12	1.6463e-06
-4.2276	-1.0658	4.854e-07
-4.2276	-1.0116	2.5176e-06
-4.2276	-0.95742	1.6201e-06
-4.2276	-0.90323	3.5594e-07
-4.2276	-0.84903	4.7961e-06
-4.2276	-0.79484	1.7238e-05
-4.2276	-0.74065	1.0748e-05
-4.2276	-0.68645	0.00049903
-4.2276	-0.63226	0.0030736
-4.2276	-0.57806	0.0072015
-4.2276	-0.52387	0.0078778
-4.2276	-0.46968	0.003448
-4.2276	-0.41548	0.00023572
-4.2276	-0.36129	0.0010645
-4.2276	-0.3071	0.0012481
-4.2276	-0.2529	0.00014833
-4.2276	-0.19871	0.00056101
-4.2276	-0.14452	0.00084965
-4.2276	-0.090324	0.0001433
-4.2276	-0.036129	0.00028582
-4.2276	0.018065	0.00045594
-4.2276	0.072258	0.00010269
-4.2276	0.12645	0.00035439
-4.2276	0.18065	0.00038666
-4.2276	0.23484	4.4875e-05
-4.2276	0.28903	0.00035254
-4.2276	0.34323	0.00041206
-4.2276	0.39742	4.6357e-05
-4.2276	0.45161	0.00020577
-4.2276	0.50581	0.00028688
-4.2276	0.56	4.6285e-05
-4.2276	0.61419	0.00012827
-4.2276	0.66839	0.0009525
-4.2276	0.72258	0.0029484
-4.2276	0.77677	0.0042749
-4.2276	0.83097	0.0026403
-4.2276	0.88516	0.00040127
-4.2276	0.93935	0.00022434
-4.2276	0.99354	0.00049558
-4.2276	1.0477	0.00012701
-4.2276	1.1019	9.0178e-05
-4.2276	1.1561	0.0002171
-4.2276	1.2103	9.2326e-05
-4.2276	1.2645	8.0086e-05
-4.2276	1.3187	0.00013256
-4.2276	1.3729	6.6094e-05
-4.2276	1.4271	9.6568e-06
-4.2276	1.4813	4.2205e-06
-4.2276	1.5355	4.2561e-06
-4.2276	1.5897	1.676e-06
-4.2276	1.6439	1.6653e-05
-4.2276	1.6981	1.7678e-05
-4.2276	1.7523	9.2775e-06
-4.2276	1.8065	8.6084e-05
-4.2276	1.8606	8.2458e-05
-4.2276	1.9148	4.7623e-05
-4.2276	1.969	0.00067825
-4.2276	2.0232	0.0017813
-4.2276	2.0774	0.0019695
-4.2276	2.1316	0.0010287
-4.2276	2.1858	0.00019521
-4.2276	2.24	8.8626e-06
-4.2276	2.2942	3.2946e-05
-4.2276	2.3484	1.3208e-05
-4.2276	2.4026	1.1917e-06
-4.2276	2.4568	3.7812e-06
-4.1919	-2.4748	1.419e-06
-4.1919	-2.4206	4.7066e-07
-4.1919	-2.3665	1.2291e-06
-4.1919	-2.3123	3.9436e-06
-4.1919	-2.2581	1.2833e-06
-4.1919	-2.2039	2.041e-06
-4.1919	-2.1497	6.6244e-06
-4.1919	-2.0955	2.2607e-06
-4.1919	-2.0413	2.1855e-06
-4.1919	-1.9871	8.6054e-06
-4.1919	-1.9329	1.1734e-05
-4.1919	-1.8787	2.4454e-05
-4.1919	-1.8245	2.8122e-05
-4.1919	-1.7703	7.9754e-06
-4.1919	-1.7161	2.4518e-06
-4.1919	-1.6619	9.7064e-06
-4.1919	-1.6077	3.8852e-06
-4.1919	-1.5535	7.0692e-07
-4.1919	-1.4994	2.7175e-06
-4.1919	-1.4452	8.5693e-07
-4.1919	-1.391	3.7908e-08
-4.1919	-1.3368	2.4178e-08
-4.1919	-1.2826	1.2533e-07
-4.1919	-1.2284	3.1367e-07
-4.1919	-1.1742	3.6193e-06
-4.1919	-1.12	3.6014e-06
-4.1919	-1.0658	1.7371e-06
-4.1919	-1.0116	1.4882e-05
-4.1919	-0.95742	1.2132e-05
-4.1919	-0.90323	3.2377e-06
-4.1919	-0.84903	2.594e-05
-4.1919	-0.79484	1.8725e-05
-4.1919	-0.74065	2.5663e-06
-4.1919	-0.68645	5.482e-05
-4.1919	-0.63226	0.00046053
-4.1919	-0.57806	0.0016108
-4.1919	-0.52387	0.0023238
-4.1919	-0.46968	0.0011687
-4.1919	-0.41548	9.1094e-05
-4.1919	-0.36129	0.00070349
-4.1919	-0.3071	0.00076451
-4.1919	-0.2529	8.2455e-05
-4.1919	-0.19871	0.00058331
-4.1919	-0.14452	0.00077181
-4.1919	-0.090324	0.00010232
-4.1919	-0.036129	0.00046851
-4.1919	0.018065	0.00066588
-4.1919	0.072258	0.00012609
-4.1919	0.12645	0.00058557
-4.1919	0.18065	0.00069306
-4.1919	0.23484	9.2414e-05
-4.1919	0.28903	0.00079449
-4.1919	0.34323	0.0010069
-4.1919	0.39742	0.00012451
-4.1919	0.45161	0.00083947
-4.1919	0.50581	0.0013323
-4.1919	0.56	0.00021523
-4.1919	0.61419	0.0010966
-4.1919	0.66839	0.0032114
-4.1919	0.72258	0.0027313
-4.1919	0.77677	0.0010304
-4.1919	0.83097	0.00030545
-4.1919	0.88516	5.6004e-05
-4.1919	0.93935	0.00011194
-4.1919	0.99354	0.00022933
-4.1919	1.0477	6.3649e-05
-4.1919	1.1019	0.00011666
-4.1919	1.1561	0.00022844
-4.1919	1.2103	9.2176e-05
-4.1919	1.2645	0.00015672
-4.1919	1.3187	0.00027947
-4.1919	1.3729	0.00013074
-4.1919	1.4271	2.8182e-05
-4.1919	1.4813	4.9229e-05
-4.1919	1.5355	2.3413e-05
-4.1919	1.5897	2.6794e-06
-4.1919	1.6439	7.954e-06
-4.1919	1.6981	5.1414e-06
-4.1919	1.7523	1.9608e-06
-4.1919	1.8065	1.6295e-05
-4.1919	1.8606	1.8628e-05
-4.1919	1.9148	2.8306e-05
-4.1919	1.969	0.00036414
-4.1919	2.0232	0.0010337
-4.1919	2.0774	0.001248
-4.1919	2.1316	0.00069221
-4.1919	2.1858	0.00012668
-4.1919	2.24	1.133e-05
-4.1919	2.2942	3.9905e-05
-4.1919	2.3484	1.3989e-05
-4.1919	2.4026	1.9387e-06
-4.1919	2.4568	6.8627e-06
-4.1562	-2.4748	1.3379e-06
-4.1562	-2.4206	3.6612e-07
-4.1562	-2.3665	2.1182e-06
-4.1562	-2.3123	5.9778e-06
-4.1562	-2.2581	1.6068e-06
-4.1562	-2.2039	6.3378e-06
-4.1562	-2.1497	1.9025e-05
-4.1562	-2.0955	5.846e-06
-4.1562	-2.0413	2.2109e-05
-4.1562	-1.9871	0.00011124
-4.1562	-1.9329	0.00015169
-4.1562	-1.8787	8.4101e-05
-4.1562	-1.8245	1.7072e-05
-4.1562	-1.7703	7.4324e-07
-4.1562	-1.7161	3.03e-07
-4.1562	-1.6619	1.3502e-06
-4.1562	-1.6077	8.2704e-07
-4.1562	-1.5535	2.6889e-07
-4.1562	-1.4994	1.0839e-06
-4.1562	-1.4452	3.506e-07
-4.1562	-1.391	2.5791e-08
-4.1562	-1.3368	1.9191e-08
-4.1562	-1.2826	1.0749e-07
-4.1562	-1.2284	4.6762e-07
-4.1562	-1.1742	4.6013e-06
-4.1562	-1.12	3.9576e-06
-4.1562	-1.0658	4.0158e-06
-4.1562	-1.0116	3.0624e-05
-4.1562	-0.95742	2.2955e-05
-4.1562	-0.90323	1.4758e-05
-4.1562	-0.84903	0.00011925
-4.1562	-0.79484	9.7224e-05
-4.1562	-0.74065	5.0403e-05
-4.1562	-0.68645	0.00060257
-4.1562	-0.63226	0.0011859
-4.1562	-0.57806	0.00086131
-4.1562	-0.52387	0.00030815
-4.1562	-0.46968	0.00010552
-4.1562	-0.41548	1.5262e-05
-4.1562	-0.36129	0.00018833
-4.1562	-0.3071	0.00023277
-4.1562	-0.2529	3.1802e-05
-4.1562	-0.19871	0.00034696
-4.1562	-0.14452	0.00043439
-4.1562	-0.090324	5.5996e-05
-4.1562	-0.036129	0.00046709
-4.1562	0.018065	0.00060524
-4.1562	0.072258	0.00011457
-4.1562	0.12645	0.00069972
-4.1562	0.18065	0.00079702
-4.1562	0.23484	0.00012886
-4.1562	0.28903	0.0012663
-4.1562	0.34323	0.0015226
-4.1562	0.39742	0.0001966
-4.1562	0.45161	0.0020315
-4.1562	0.50581	0.0030784
-4.1562	0.56	0.00047002
-4.1562	0.61419	0.0056244
-4.1562	0.66839	0.018815
-4.1562	0.72258	0.021957
-4.1562	0.77677	0.011724
-4.1562	0.83097	0.0025305
-4.1562	0.88516	0.00010472
-4.1562	0.93935	6.0454e-05
-4.1562	0.99354	3.3315e-05
-4.1562	1.0477	2.5674e-05
-4.1562	1.1019	5.804e-05
-4.1562	1.1561	9.33e-05
-4.1562	1.2103	6.7311e-05
-4.1562	1.2645	0.00018532
-4.1562	1.3187	0.00029901
-4.1562	1.3729	0.00014174
-4.1562	1.4271	6.2646e-05
-4.1562	1.4813	0.00011905
-4.1562	1.5355	5.0745e-05
-4.1562	1.5897	1.4201e-05
-4.1562	1.6439	4.9741e-05
-4.1562	1.6981	2.0015e-05
-4.1562	1.7523	6.3019e-06
-4.1562	1.8065	2.1099e-05
-4.1562	1.8606	9.4509e-06
-4.1562	1.9148	3.6707e-06
-4.1562	1.969	4.9287e-05
-4.1562	2.0232	0.00020127
-4.1562	2.0774	0.00032509
-4.1562	2.1316	0.00021797
-4.1562	2.1858	4.0788e-05
-4.1562	2.24	9.2033e-06
-4.1562	2.2942	2.7161e-05
-4.1562	2.3484	8.4143e-06
-4.1562	2.4026	2.2874e-06
-4.1562	2.4568	7.2171e-06
-4.1204	-2.4748	6.025e-07
-4.1204	-2.4206	1.5779e-07
-4.1204	-2.3665	1.9338e-06
-4.1204	-2.3123	4.9649e-06
-4.1204	-2.2581	1.1175e-06
-4.1204	-2.2039	9.7221e-06
-4.1204	-2.1497	2.5876e-05
-4.1204	-2.0955	6.5097e-06
-4.1204	-2.0413	6.2045e-05
-4.1204	-1.9871	0.00030948
-4.1204	-1.9329	0.00049346
-4.1204	-1.8787	0.00035447
-4.1204	-1.8245	0.000105
-4.1204	-1.7703	5.8274e-06
-4.1204	-1.7161	4.0111e-06
-4.1204	-1.6619	2.7257e-06
-4.1204	-1.6077	1.6182e-07
-4.1204	-1.5535	1.4028e-07
-4.1204	-1.4994	9.2075e-08
-4.1204	-1.4452	4.6161e-08
-4.1204	-1.391	6.8683e-09
-4.1204	-1.3368	8.3276e-09
-4.1204	-1.2826	4.4722e-08
-4.1204	-1.2284	3.5971e-07
-4.1204	-1.1742	3.2208e-06
-4.1204	-1.12	2.3901e-06
-4.1204	-1.0658	5.4178e-06
-4.1204	-1.0116	3.4597e-05
-4.1204	-0.95742	2.2131e-05
-4.1204	-0.90323	3.2271e-05
-4.1204	-0.84903	0.00021809
-4.1204	-0.79484	0.0001578
-4.1204	-0.74065	0.0002153
-4.1204	-0.68645	0.0024408
-4.1204	-0.63226	0.0059889
-4.1204	-0.57806	0.006278
-4.1204	-0.52387	0.0029338
-4.1204	-0.46968	0.00040779
-4.1204	-0.41548	3.76e-05
-4.1204	-0.36129	8.8207e-05
-4.1204	-0.3071	3.1519e-05
-4.1204	-0.2529	4.9919e-06
-4.1204	-0.19871	7.1938e-05
-4.1204	-0.14452	0.00011405
-4.1204	-0.090324	2.1081e-05
-4.1204	-0.036129	0.00024996
-4.1204	0.018065	0.00033352
-4.1204	0.072258	7.924e-05
-4.1204	0.12645	0.00053955
-4.1204	0.18065	0.00058619
-4.1204	0.23484	0.00014257
-4.1204	0.28903	0.0013975
-4.1204	0.34323	0.0015239
-4.1204	0.39742	0.00025366
-4.1204	0.45161	0.0032178
-4.1204	0.50581	0.0043602
-4.1204	0.56	0.00075727
-4.1204	0.61419	0.014521
-4.1204	0.66839	0.048279
-4.1204	0.72258	0.061688
-4.1204	0.77677	0.037804
-4.1204	0.83097	0.009597
-4.1204	0.88516	0.0003994
-4.1204	0.93935	0.00072815
-4.1204	0.99354	0.00051789
-4.1204	1.0477	6.4903e-05
-4.1204	1.1019	2.9857e-05
-4.1204	1.1561	2.6246e-05
-4.1204	1.2103	6.1492e-05
-4.1204	1.2645	0.00011848
-4.1204	1.3187	0.00016003
-4.1204	1.3729	0.00010776
-4.1204	1.4271	8.7059e-05
-4.1204	1.4813	0.00012633
-4.1204	1.5355	5.1764e-05
-4.1204	1.5897	2.809e-05
-4.1204	1.6439	8.486e-05
-4.1204	1.6981	2.9419e-05
-4.1204	1.7523	2.9268e-05
-4.1204	1.8065	9.2649e-05
-4.1204	1.8606	3.0305e-05
-4.1204	1.9148	4.5416e-05
-4.1204	1.969	0.0002012
-4.1204	2.0232	0.00022044
-4.1204	2.0774	0.00010675
-4.1204	2.1316	3.0436e-05
-4.1204	2.1858	3.9148e-06
-4.1204	2.24	3.2154e-06
-4.1204	2.2942	8.4256e-06
-4.1204	2.3484	2.4485e-06
-4.1204	2.4026	1.5798e-06
-4.1204	2.4568	4.4332e-06
-4.0847	-2.4748	5.5483e-08
-4.0847	-2.4206	2.8634e-08
-4.0847	-2.3665	6.2951e-07
-4.0847	-2.3123	1.7874e-06
-4.0847	-2.2581	4.3638e-07
-4.0847	-2.2039	7.6747e-06
-4.0847	-2.1497	1.9005e-05
-4.0847	-2.0955	4.3958e-06
-4.0847	-2.0413	8.9273e-05
-4.0847	-1.9871	0.00043135
-4.0847	-1.9329	0.00073055
-4.0847	-1.8787	0.00057075
-4.0847	-1.8245	0.00018256
-4.0847	-1.7703	9.8201e-06
-4.0847	-1.7161	1.5392e-05
-4.0847	-1.6619	1.2409e-05
-4.0847	-1.6077	8.7429e-07
-4.0847	-1.5535	1.3359e-06
-4.0847	-1.4994	8.1862e-07
-4.0847	-1.4452	3.5761e-08
-4.0847	-1.391	1.0038e-08
-4.0847	-1.3368	1.8428e-09
-4.0847	-1.2826	5.2891e-09
-4.0847	-1.2284	6.6425e-08
-4.0847	-1.1742	7.8667e-07
-4.0847	-1.12	5.9073e-07
-4.0847	-1.0658	3.6318e-06
-4.0847	-1.0116	2.0929e-05
-4.0847	-0.95742	1.1409e-05
-4.0847	-0.90323	3.9308e-05
-4.0847	-0.84903	0.00022356
-4.0847	-0.79484	0.00013498
-4.0847	-0.74065	0.00044283
-4.0847	-0.68645	0.0044065
-4.0847	-0.63226	0.011379
-4.0847	-0.57806	0.013241
-4.0847	-0.52387	0.007056
-4.0847	-0.46968	0.001087
-4.0847	-0.41548	0.00023849
-4.0847	-0.36129	0.00064184
-4.0847	-0.3071	0.00017989
-4.0847	-0.2529	3.3322e-05
-4.0847	-0.19871	9.281e-05
-4.0847	-0.14452	3.1771e-05
-4.0847	-0.090324	5.0682e-06
-4.0847	-0.036129	4.3171e-05
-4.0847	0.018065	9.2361e-05
-4.0847	0.072258	3.5274e-05
-4.0847	0.12645	0.00019721
-4.0847	0.18065	0.00023766
-4.0847	0.23484	0.00011501
-4.0847	0.28903	0.0009736
-4.0847	0.34323	0.00097082
-4.0847	0.39742	0.00028132
-4.0847	0.45161	0.0034011
-4.0847	0.50581	0.0040555
-4.0847	0.56	0.0011513
-4.0847	0.61419	0.023704
-4.0847	0.66839	0.07629
-4.0847	0.72258	0.10044
-4.0847	0.77677	0.064124
-4.0847	0.83097	0.016368
-4.0847	0.88516	0.0006507
-4.0847	0.93935	0.0024668
-4.0847	0.99354	0.001684
-4.0847	1.0477	0.00013203
-4.0847	1.1019	0.00029432
-4.0847	1.1561	0.00026949
-4.0847	1.2103	7.9515e-05
-4.0847	1.2645	4.026e-05
-4.0847	1.3187	2.4163e-05
-4.0847	1.3729	7.7834e-05
-4.0847	1.4271	9.3587e-05
-4.0847	1.4813	6.7135e-05
-4.0847	1.5355	3.323e-05
-4.0847	1.5897	3.1497e-05
-4.0847	1.6439	6.342e-05
-4.0847	1.6981	2.0062e-05
-4.0847	1.7523	4.4412e-05
-4.0847	1.8065	0.00012648
-4.0847	1.8606	3.4246e-05
-4.0847	1.9148	0.00015978
-4.0847	1.969	0.00073664
-4.0847	2.0232	0.0010117
-4.0847	2.0774	0.00062278
-4.0847	2.1316	0.00016447
-4.0847	2.1858	9.9359e-06
-4.0847	2.24	2.9757e-06
-4.0847	2.2942	3.2211e-06
-4.0847	2.3484	4.8657e-07
-4.0847	2.4026	5.0603e-07
-4.0847	2.4568	1.4955e-06
-4.049	-2.4748	5.416e-07
-4.049	-2.4206	7.7591e-08
-4.049	-2.3665	4.0538e-07
-4.049	-2.3123	2.1851e-07
-4.049	-2.2581	5.551e-08
-4.049	-2.2039	1.7509e-06
-4.049	-2.1497	5.2402e-06
-4.049	-2.0955	1.8278e-06
-4.049	-2.0413	6.3919e-05
-4.049	-1.9871	0.00032261
-4.049	-1.9329	0.00059594
-4.049	-1.8787	0.00050288
-4.049	-1.8245	0.00016571
-4.049	-1.7703	8.1802e-06
-4.049	-1.7161	2.6031e-05
-4.049	-1.6619	1.9868e-05
-4.049	-1.6077	1.3408e-06
-4.049	-1.5535	3.6805e-06
-4.049	-1.4994	2.467e-06
-4.049	-1.4452	1.2272e-07
-4.049	-1.391	4.5542e-08
-4.049	-1.3368	2.9877e-08
-4.049	-1.2826	2.3246e-08
-4.049	-1.2284	2.9916e-07
-4.049	-1.1742	4.9479e-07
-4.049	-1.12	8.4372e-08
-4.049	-1.0658	5.0548e-07
-4.049	-1.0116	3.6961e-06
-4.049	-0.95742	2.0665e-06
-4.049	-0.90323	2.2393e-05
-4.049	-0.84903	0.00011837
-4.049	-0.79484	6.0116e-05
-4.049	-0.74065	0.00050487
-4.049	-0.68645	0.0045688
-4.049	-0.63226	0.012251
-4.049	-0.57806	0.015126
-4.049	-0.52387	0.008444
-4.049	-0.46968	0.0012276
-4.049	-0.41548	0.00057818
-4.049	-0.36129	0.0014092
-4.049	-0.3071	0.00038838
-4.049	-0.2529	0.00016138
-4.049	-0.19871	0.00048839
-4.049	-0.14452	0.00015153
-4.049	-0.090324	4.8353e-05
-4.049	-0.036129	0.00013276
-4.049	0.018065	4.9492e-05
-4.049	0.072258	2.6234e-05
-4.049	0.12645	2.4617e-05
-4.049	0.18065	4.0405e-05
-4.049	0.23484	4.7987e-05
-4.049	0.28903	0.00029835
-4.049	0.34323	0.00030912
-4.049	0.39742	0.00020645
-4.049	0.45161	0.0021712
-4.049	0.50581	0.0023311
-4.049	0.56	0.0014227
-4.049	0.61419	0.02545
-4.049	0.66839	0.080404
-4.049	0.72258	0.10841
-4.049	0.77677	0.070617
-4.049	0.83097	0.017356
-4.049	0.88516	0.00084431
-4.049	0.93935	0.0045125
-4.049	0.99354	0.0027333
-4.049	1.0477	0.00018771
-4.049	1.1019	0.00095481
-4.049	1.1561	0.00076891
-4.049	1.2103	9.3892e-05
-4.049	1.2645	0.0001347
-4.049	1.3187	7.8649e-05
-4.049	1.3729	7.9502e-05
-4.049	1.4271	0.00014335
-4.049	1.4813	4.2481e-05
-4.049	1.5355	2.3345e-05
-4.049	1.5897	5.3974e-05
-4.049	1.6439	2.9378e-05
-4.049	1.6981	7.3995e-06
-4.049	1.7523	3.0136e-05
-4.049	1.8065	7.0507e-05
-4.049	1.8606	1.68e-05
-4.049	1.9148	0.00020342
-4.049	1.969	0.0009472
-4.049	2.0232	0.0014575
-4.049	2.0774	0.0010289
-4.049	2.1316	0.00030829
-4.049	2.1858	1.8529e-05
-4.049	2.24	1.3916e-05
-4.049	2.2942	1.2801e-05
-4.049	2.3484	1.3104e-06
-4.049	2.4026	9.428e-07
-4.049	2.4568	1.2626e-06
-4.0133	-2.4748	1.8591e-06
-4.0133	-2.4206	5.4423e-07
-4.0133	-2.3665	4.2588e-06
-4.0133	-2.3123	2.9432e-06
-4.0133	-2.2581	5.1021e-07
-4.0133	-2.2039	3.3129e-06
-4.0133	-2.1497	1.7791e-06
-4.0133	-2.0955	2.5388e-07
-4.0133	-2.0413	1.043e-05
-4.0133	-1.9871	7.8321e-05
-4.0133	-1.9329	0.00019999
-4.0133	-1.8787	0.00020998
-4.0133	-1.8245	7.6607e-05
-4.0133	-1.7703	4.3081e-06
-4.0133	-1.7161	2.3851e-05
-4.0133	-1.6619	1.6973e-05
-4.0133	-1.6077	1.1323e-06
-4.0133	-1.5535	5.1969e-06
-4.0133	-1.4994	3.2418e-06
-4.0133	-1.4452	1.416e-07
-4.0133	-1.391	7.9295e-08
-4.0133	-1.3368	1.0735e-07
-4.0133	-1.2826	7.9608e-08
-4.0133	-1.2284	1.8482e-06
-4.0133	-1.1742	3.9378e-06
-4.0133	-1.12	6.9764e-07
-4.0133	-1.0658	3.5371e-06
-4.0133	-1.0116	5.2628e-06
-4.0133	-0.95742	7.0279e-07
-4.0133	-0.90323	2.43e-06
-4.0133	-0.84903	1.4679e-05
-4.0133	-0.79484	8.1171e-06
-4.0133	-0.74065	0.00025252
-4.0133	-0.68645	0.0023877
-4.0133	-0.63226	0.0071996
-4.0133	-0.57806	0.0098556
-4.0133	-0.52387	0.0058458
-4.0133	-0.46968	0.00077856
-4.0133	-0.41548	0.00077103
-4.0133	-0.36129	0.0016524
-4.0133	-0.3071	0.00040717
-4.0133	-0.2529	0.00034102
-4.0133	-0.19871	0.00092772
-4.0133	-0.14452	0.00026763
-4.0133	-0.090324	0.00018623
-4.0133	-0.036129	0.00052669
-4.0133	0.018065	0.00014798
-4.0133	0.072258	0.00012721
-4.0133	0.12645	0.00029885
-4.0133	0.18065	9.29e-05
-4.0133	0.23484	4.1146e-05
-4.0133	0.28903	5.2732e-05
-4.0133	0.34323	2.4378e-05
-4.0133	0.39742	4.7822e-05
-4.0133	0.45161	0.00052192
-4.0133	0.50581	0.00059312
-4.0133	0.56	0.0010116
-4.0133	0.61419	0.016057
-4.0133	0.66839	0.05297
-4.0133	0.72258	0.075842
-4.0133	0.77677	0.051366
-4.0133	0.83097	0.01211
-4.0133	0.88516	0.000997
-4.0133	0.93935	0.005308
-4.0133	0.99354	0.0028192
-4.0133	1.0477	0.00025317
-4.0133	1.1019	0.0016798
-4.0133	1.1561	0.0011607
-4.0133	1.2103	0.00010492
-4.0133	1.2645	0.00047473
-4.0133	1.3187	0.0003166
-4.0133	1.3729	0.00010747
-4.0133	1.4271	0.00032128
-4.0133	1.4813	0.00013627
-4.0133	1.5355	4.0916e-05
-4.0133	1.5897	0.00018322
-4.0133	1.6439	8.6158e-05
-4.0133	1.6981	9.9928e-06
-4.0133	1.7523	5.6902e-05
-4.0133	1.8065	3.6916e-05
-4.0133	1.8606	4.0885e-06
-4.0133	1.9148	8.8509e-05
-4.0133	1.969	0.00045385
-4.0133	2.0232	0.0008408
-4.0133	2.0774	0.00069939
-4.0133	2.1316	0.0002317
-4.0133	2.1858	1.3087e-05
-4.0133	2.24	2.3682e-05
-4.0133	2.2942	1.9911e-05
-4.0133	2.3484	1.8835e-06
-4.0133	2.4026	3.2418e-06
-4.0133	2.4568	3.0519e-06
-3.9775	-2.4748	2.7673e-06
-3.9775	-2.4206	1.7146e-06
-3.9775	-2.3665	1.1923e-05
-3.9775	-2.3123	7.9871e-06
-3.9775	-2.2581	3.304e-06
-3.9775	-2.2039	2.4132e-05
-3.9775	-2.1497	1.6996e-05
-3.9775	-2.0955	5.7837e-06
-3.9775	-2.0413	5.6081e-05
-3.9775	-1.9871	8.1013e-05
-3.9775	-1.9329	4.1715e-05
-3.9775	-1.8787	1.7995e-05
-3.9775	-1.8245	8.6555e-06
-3.9775	-1.7703	1.1e-06
-3.9775	-1.7161	9.291e-06
-3.9775	-1.6619	6.9688e-06
-3.9775	-1.6077	6.2425e-07
-3.9775	-1.5535	4.003e-06
-3.9775	-1.4994	2.3322e-06
-3.9775	-1.4452	9.2457e-08
-3.9775	-1.391	7.2673e-08
-3.9775	-1.3368	1.7944e-07
-3.9775	-1.2826	1.5356e-07
-3.9775	-1.2284	4.216e-06
-3.9775	-1.1742	8.497e-06
-3.9775	-1.12	1.5067e-06
-3.9775	-1.0658	1.8168e-05
-3.9775	-1.0116	3.0518e-05
-3.9775	-0.95742	4.5356e-06
-3.9775	-0.90323	3.3512e-05
-3.9775	-0.84903	5.1869e-05
-3.9775	-0.79484	7.3516e-06
-3.9775	-0.74065	3.3925e-05
-3.9775	-0.68645	0.00025764
-3.9775	-0.63226	0.0012388
-3.9775	-0.57806	0.0025065
-3.9775	-0.52387	0.0018895
-3.9775	-0.46968	0.00025645
-3.9775	-0.41548	0.00054747
-3.9775	-0.36129	0.0011075
-3.9775	-0.3071	0.0002479
-3.9775	-0.2529	0.0003983
-3.9775	-0.19871	0.00097099
-3.9775	-0.14452	0.0002456
-3.9775	-0.090324	0.0003448
-3.9775	-0.036129	0.00087584
-3.9775	0.018065	0.00021673
-3.9775	0.072258	0.00034652
-3.9775	0.12645	0.00086247
-3.9775	0.18065	0.0002352
-3.9775	0.23484	0.0002519
-3.9775	0.28903	0.00062902
-3.9775	0.34323	0.00016791
-3.9775	0.39742	0.00011087
-3.9775	0.45161	0.00024324
-3.9775	0.50581	6.2066e-05
-3.9775	0.56	0.00016723
-3.9775	0.61419	0.0033648
-3.9775	0.66839	0.015018
-3.9775	0.72258	0.026945
-3.9775	0.77677	0.021092
-3.9775	0.83097	0.0050575
-3.9775	0.88516	0.00085752
-3.9775	0.93935	0.0039901
-3.9775	0.99354	0.0018975
-3.9775	1.0477	0.00030687
-3.9775	1.1019	0.0018832
-3.9775	1.1561	0.0011234
-3.9775	1.2103	0.00013535
-3.9775	1.2645	0.00085933
-3.9775	1.3187	0.00053119
-3.9775	1.3729	0.0001494
-3.9775	1.4271	0.00060269
-3.9775	1.4813	0.00029768
-3.9775	1.5355	9.2592e-05
-3.9775	1.5897	0.0004769
-3.9775	1.6439	0.0002616
-3.9775	1.6981	4.1364e-05
-3.9775	1.7523	0.00028546
-3.9775	1.8065	0.00019328
-3.9775	1.8606	1.9638e-05
-3.9775	1.9148	0.00018048
-3.9775	1.969	0.0002501
-3.9775	2.0232	0.00016804
-3.9775	2.0774	0.00012004
-3.9775	2.1316	5.0992e-05
-3.9775	2.1858	4.169e-06
-3.9775	2.24	1.6051e-05
-3.9775	2.2942	1.2854e-05
-3.9775	2.3484	1.5152e-06
-3.9775	2.4026	4.7145e-06
-3.9775	2.4568	3.7803e-06
-3.9418	-2.4748	2.3165e-06
-3.9418	-2.4206	3.0756e-06
-3.9418	-2.3665	1.7744e-05
-3.9418	-2.3123	1.0348e-05
-3.9418	-2.2581	9.385e-06
-3.9418	-2.2039	5.8468e-05
-3.9418	-2.1497	3.8094e-05
-3.9418	-2.0955	3.3439e-05
-3.9418	-2.0413	0.00033232
-3.9418	-1.9871	0.00066453
-3.9418	-1.9329	0.00054842
-3.9418	-1.8787	0.00019603
-3.9418	-1.8245	2.0751e-05
-3.9418	-1.7703	7.0079e-07
-3.9418	-1.7161	1.3114e-06
-3.9418	-1.6619	5.7456e-07
-3.9418	-1.6077	1.2858e-07
-3.9418	-1.5535	1.1478e-06
-3.9418	-1.4994	7.5273e-07
-3.9418	-1.4452	3.6144e-08
-3.9418	-1.391	3.4559e-08
-3.9418	-1.3368	1.5849e-07
-3.9418	-1.2826	2.0628e-07
-3.9418	-1.2284	5.2248e-06
-3.9418	-1.1742	9.5007e-06
-3.9418	-1.12	2.2068e-06
-3.9418	-1.0658	3.6499e-05
-3.9418	-1.0116	5.644e-05
-3.9418	-0.95742	9.7052e-06
-3.9418	-0.90323	0.00013949
-3.9418	-0.84903	0.00022797
-3.9418	-0.79484	3.898e-05
-3.9418	-0.74065	0.0006351
-3.9418	-0.68645	0.0019411
-3.9418	-0.63226	0.0019065
-3.9418	-0.57806	0.00072771
-3.9418	-0.52387	0.00014553
-3.9418	-0.46968	2.389e-05
-3.9418	-0.41548	0.00011829
-3.9418	-0.36129	0.00031299
-3.9418	-0.3071	8.0756e-05
-3.9418	-0.2529	0.00022739
-3.9418	-0.19871	0.00055527
-3.9418	-0.14452	0.00012966
-3.9418	-0.090324	0.00035314
-3.9418	-0.036129	0.00081535
-3.9418	0.018065	0.00017407
-3.9418	0.072258	0.00052303
-3.9418	0.12645	0.0011911
-3.9418	0.18065	0.00026946
-3.9418	0.23484	0.00066426
-3.9418	0.28903	0.0015952
-3.9418	0.34323	0.00039304
-3.9418	0.39742	0.0007745
-3.9418	0.45161	0.0020906
-3.9418	0.50581	0.00060663
-3.9418	0.56	0.00097911
-3.9418	0.61419	0.0039195
-3.9418	0.66839	0.0037593
-3.9418	0.72258	0.0026014
-3.9418	0.77677	0.0024622
-3.9418	0.83097	0.00081017
-3.9418	0.88516	0.00033304
-3.9418	0.93935	0.0015522
-3.9418	0.99354	0.00073176
-3.9418	1.0477	0.00024491
-3.9418	1.1019	0.0013093
-3.9418	1.1561	0.00070029
-3.9418	1.2103	0.00016023
-3.9418	1.2645	0.0009456
-3.9418	1.3187	0.00053191
-3.9418	1.3729	0.00018456
-3.9418	1.4271	0.00079505
-3.9418	1.4813	0.00038167
-3.9418	1.5355	0.00017184
-3.9418	1.5897	0.00083128
-3.9418	1.6439	0.00044016
-3.9418	1.6981	0.00012014
-3.9418	1.7523	0.00078809
-3.9418	1.8065	0.00053135
-3.9418	1.8606	0.00011594
-3.9418	1.9148	0.0013015
-3.9418	1.969	0.0022914
-3.9418	2.0232	0.0015672
-3.9418	2.0774	0.00046488
-3.9418	2.1316	4.5317e-05
-3.9418	2.1858	1.5308e-06
-3.9418	2.24	2.3044e-06
-3.9418	2.2942	1.9586e-06
-3.9418	2.3484	1.0917e-06
-3.9418	2.4026	2.882e-06
-3.9418	2.4568	2.157e-06
-3.9061	-2.4748	9.6123e-07
-3.9061	-2.4206	2.9603e-06
-3.9061	-2.3665	1.5036e-05
-3.9061	-2.3123	7.5503e-06
-3.9061	-2.2581	1.504e-05
-3.9061	-2.2039	7.8606e-05
-3.9061	-2.1497	4.3654e-05
-3.9061	-2.0955	8.8281e-05
-3.9061	-2.0413	0.00077481
-3.9061	-1.9871	0.0016513
-3.9061	-1.9329	0.0015476
-3.9061	-1.8787	0.00065505
-3.9061	-1.8245	8.1559e-05
-3.9061	-1.7703	9.3305e-06
-3.9061	-1.7161	1.9652e-05
-3.9061	-1.6619	3.64e-06
-3.9061	-1.6077	3.2425e-07
-3.9061	-1.5535	4.6203e-07
-3.9061	-1.4994	6.1653e-08
-3.9061	-1.4452	4.5396e-09
-3.9061	-1.391	4.9378e-09
-3.9061	-1.3368	5.586e-08
-3.9061	-1.2826	1.4051e-07
-3.9061	-1.2284	3.2582e-06
-3.9061	-1.1742	5.6508e-06
-3.9061	-1.12	2.4606e-06
-3.9061	-1.0658	3.9772e-05
-3.9061	-1.0116	5.5385e-05
-3.9061	-0.95742	1.5507e-05
-3.9061	-0.90323	0.00024977
-3.9061	-0.84903	0.00037199
-3.9061	-0.79484	0.00010045
-3.9061	-0.74065	0.0023534
-3.9061	-0.68645	0.008248
-3.9061	-0.63226	0.011102
-3.9061	-0.57806	0.0067752
-3.9061	-0.52387	0.0014827
-3.9061	-0.46968	4.9007e-05
-3.9061	-0.41548	0.00015092
-3.9061	-0.36129	4.8882e-05
-3.9061	-0.3071	1.3568e-05
-3.9061	-0.2529	2.9445e-05
-3.9061	-0.19871	0.00010503
-3.9061	-0.14452	3.4171e-05
-3.9061	-0.090324	0.00016302
-3.9061	-0.036129	0.00039267
-3.9061	0.018065	7.8768e-05
-3.9061	0.072258	0.00044204
-3.9061	0.12645	0.00093473
-3.9061	0.18065	0.00017521
-3.9061	0.23484	0.00094506
-3.9061	0.28903	0.0020141
-3.9061	0.34323	0.00040831
-3.9061	0.39742	0.0018618
-3.9061	0.45161	0.0046052
-3.9061	0.50581	0.0011669
-3.9061	0.56	0.0057416
-3.9061	0.61419	0.026957
-3.9061	0.66839	0.037798
-3.9061	0.72258	0.023357
-3.9061	0.77677	0.0058889
-3.9061	0.83097	0.00030487
-3.9061	0.88516	0.0001097
-3.9061	0.93935	0.00018726
-3.9061	0.99354	0.00010294
-3.9061	1.0477	7.2581e-05
-3.9061	1.1019	0.00043264
-3.9061	1.1561	0.00024261
-3.9061	1.2103	0.00011473
-3.9061	1.2645	0.00061767
-3.9061	1.3187	0.00033778
-3.9061	1.3729	0.00016998
-3.9061	1.4271	0.00069625
-3.9061	1.4813	0.0003091
-3.9061	1.5355	0.0002363
-3.9061	1.5897	0.00099066
-3.9061	1.6439	0.0004673
-3.9061	1.6981	0.00024359
-3.9061	1.7523	0.0013454
-3.9061	1.8065	0.00080678
-3.9061	1.8606	0.00038918
-3.9061	1.9148	0.0038907
-3.9061	1.969	0.0073531
-3.9061	2.0232	0.0059203
-3.9061	2.0774	0.0022348
-3.9061	2.1316	0.00029718
-3.9061	2.1858	9.2239e-06
-3.9061	2.24	2.435e-05
-3.9061	2.2942	7.0106e-06
-3.9061	2.3484	9.5864e-07
-3.9061	2.4026	4.1136e-07
-3.9061	2.4568	4.9466e-07
-3.8704	-2.4748	8.8821e-08
-3.8704	-2.4206	8.21e-07
-3.8704	-2.3665	5.0024e-06
-3.8704	-2.3123	2.4937e-06
-3.8704	-2.2581	1.2308e-05
-3.8704	-2.2039	5.876e-05
-3.8704	-2.1497	2.7827e-05
-3.8704	-2.0955	0.00013171
-3.8704	-2.0413	0.0010397
-3.8704	-1.9871	0.0022844
-3.8704	-1.9329	0.0022621
-3.8704	-1.8787	0.0010019
-3.8704	-1.8245	0.00011781
-3.8704	-1.7703	3.1814e-05
-3.8704	-1.7161	5.9986e-05
-3.8704	-1.6619	1.146e-05
-3.8704	-1.6077	2.6626e-06
-3.8704	-1.5535	4.6585e-06
-3.8704	-1.4994	6.5434e-07
-3.8704	-1.4452	3.0682e-08
-3.8704	-1.391	8.0442e-09
-3.8704	-1.3368	1.7632e-08
-3.8704	-1.2826	3.7997e-08
-3.8704	-1.2284	4.544e-07
-3.8704	-1.1742	1.0711e-06
-3.8704	-1.12	1.318e-06
-3.8704	-1.0658	2.0348e-05
-3.8704	-1.0116	2.7624e-05
-3.8704	-0.95742	1.6803e-05
-3.8704	-0.90323	0.00024259
-3.8704	-0.84903	0.00032587
-3.8704	-0.79484	0.00018504
-3.8704	-0.74065	0.0040535
-3.8704	-0.68645	0.014532
-3.8704	-0.63226	0.021429
-3.8704	-0.57806	0.014763
-3.8704	-0.52387	0.0036407
-3.8704	-0.46968	0.00020101
-3.8704	-0.41548	0.0010252
-3.8704	-0.36129	0.00048843
-3.8704	-0.3071	4.2885e-05
-3.8704	-0.2529	0.00020374
-3.8704	-0.19871	7.7528e-05
-3.8704	-0.14452	1.0056e-05
-3.8704	-0.090324	2.6e-05
-3.8704	-0.036129	4.8643e-05
-3.8704	0.018065	1.4457e-05
-3.8704	0.072258	0.00014501
-3.8704	0.12645	0.00034122
-3.8704	0.18065	6.3825e-05
-3.8704	0.23484	0.00073519
-3.8704	0.28903	0.0014296
-3.8704	0.34323	0.00025037
-3.8704	0.39742	0.0024303
-3.8704	0.45161	0.0053237
-3.8704	0.50581	0.0011208
-3.8704	0.56	0.013001
-3.8704	0.61419	0.0595
-3.8704	0.66839	0.092959
-3.8704	0.72258	0.068209
-3.8704	0.77677	0.021497
-3.8704	0.83097	0.0013277
-3.8704	0.88516	0.0011819
-3.8704	0.93935	0.0011245
-3.8704	0.99354	0.00011514
-3.8704	1.0477	6.5627e-05
-3.8704	1.1019	8.0901e-05
-3.8704	1.1561	3.7275e-05
-3.8704	1.2103	2.4574e-05
-3.8704	1.2645	0.00017896
-3.8704	1.3187	0.00012951
-3.8704	1.3729	8.6154e-05
-3.8704	1.4271	0.00034726
-3.8704	1.4813	0.00015303
-3.8704	1.5355	0.00021726
-3.8704	1.5897	0.00078396
-3.8704	1.6439	0.00032106
-3.8704	1.6981	0.00033895
-3.8704	1.7523	0.0015406
-3.8704	1.8065	0.00078349
-3.8704	1.8606	0.00083735
-3.8704	1.9148	0.0069892
-3.8704	1.969	0.013262
-3.8704	2.0232	0.011215
-3.8704	2.0774	0.0044815
-3.8704	2.1316	0.0005948
-3.8704	2.1858	3.8155e-05
-3.8704	2.24	0.00010907
-3.8704	2.2942	3.1357e-05
-3.8704	2.3484	1.8264e-06
-3.8704	2.4026	4.3078e-06
-3.8704	2.4568	1.7832e-06
-3.8346	-2.4748	5.8685e-07
-3.8346	-2.4206	2.197e-06
-3.8346	-2.3665	2.1482e-06
-3.8346	-2.3123	2.2673e-07
-3.8346	-2.2581	2.2452e-06
-3.8346	-2.2039	1.4254e-05
-3.8346	-2.1497	7.0649e-06
-3.8346	-2.0955	9.5386e-05
-3.8346	-2.0413	0.00076282
-3.8346	-1.9871	0.0018304
-3.8346	-1.9329	0.0019631
-3.8346	-1.8787	0.00090606
-3.8346	-1.8245	9.5507e-05
-3.8346	-1.7703	5.7332e-05
-3.8346	-1.7161	9.1498e-05
-3.8346	-1.6619	1.5307e-05
-3.8346	-1.6077	7.6576e-06
-3.8346	-1.5535	1.1814e-05
-3.8346	-1.4994	1.6078e-06
-3.8346	-1.4452	1.512e-07
-3.8346	-1.391	5.7973e-08
-3.8346	-1.3368	1.5754e-07
-3.8346	-1.2826	6.4203e-07
-3.8346	-1.2284	2.6788e-06
-3.8346	-1.1742	9.794e-07
-3.8346	-1.12	5.9708e-07
-3.8346	-1.0658	2.2792e-06
-3.8346	-1.0116	3.3604e-06
-3.8346	-0.95742	6.8155e-06
-3.8346	-0.90323	0.00010104
-3.8346	-0.84903	0.00013622
-3.8346	-0.79484	0.00019704
-3.8346	-0.74065	0.0038216
-3.8346	-0.68645	0.014292
-3.8346	-0.63226	0.022644
-3.8346	-0.57806	0.016616
-3.8346	-0.52387	0.0040829
-3.8346	-0.46968	0.00042442
-3.8346	-0.41548	0.0021912
-3.8346	-0.36129	0.0010647
-3.8346	-0.3071	0.0001479
-3.8346	-0.2529	0.00087753
-3.8346	-0.19871	0.00046652
-3.8346	-0.14452	5.5342e-05
-3.8346	-0.090324	0.0003072
-3.8346	-0.036129	0.00014237
-3.8346	0.018065	1.3319e-05
-3.8346	0.072258	5.0737e-05
-3.8346	0.12645	2.9775e-05
-3.8346	0.18065	8.3991e-06
-3.8346	0.23484	0.00019942
-3.8346	0.28903	0.00042737
-3.8346	0.34323	9.383e-05
-3.8346	0.39742	0.0016837
-3.8346	0.45161	0.0033964
-3.8346	0.50581	0.00072288
-3.8346	0.56	0.016254
-3.8346	0.61419	0.071874
-3.8346	0.66839	0.118
-3.8346	0.72258	0.092546
-3.8346	0.77677	0.030615
-3.8346	0.83097	0.0017456
-3.8346	0.88516	0.0033808
-3.8346	0.93935	0.0032914
-3.8346	0.99354	0.00033461
-3.8346	1.0477	0.00052403
-3.8346	1.1019	0.00058735
-3.8346	1.1561	6.9301e-05
-3.8346	1.2103	6.6309e-05
-3.8346	1.2645	7.3271e-05
-3.8346	1.3187	3.9074e-05
-3.8346	1.3729	1.5783e-05
-3.8346	1.4271	5.2095e-05
-3.8346	1.4813	4.1314e-05
-3.8346	1.5355	0.00010087
-3.8346	1.5897	0.00033683
-3.8346	1.6439	0.00012597
-3.8346	1.6981	0.00029164
-3.8346	1.7523	0.0011364
-3.8346	1.8065	0.00048332
-3.8346	1.8606	0.0011705
-3.8346	1.9148	0.0083578
-3.8346	1.969	0.015838
-3.8346	2.0232	0.013736
-3.8346	2.0774	0.0055657
-3.8346	2.1316	0.00068116
-3.8346	2.1858	9.4784e-05
-3.8346	2.24	0.00022308
-3.8346	2.2942	5.6382e-05
-3.8346	2.3484	5.9832e-06
-3.8346	2.4026	1.803e-05
-3.8346	2.4568	5.824e-06
-3.7989	-2.4748	2.3621e-06
-3.7989	-2.4206	2.1004e-05
-3.7989	-2.3665	2.6835e-05
-3.7989	-2.3123	3.0014e-06
-3.7989	-2.2581	1.7003e-05
-3.7989	-2.2039	1.8381e-05
-3.7989	-2.1497	1.651e-06
-3.7989	-2.0955	1.3288e-05
-3.7989	-2.0413	0.0001409
-3.7989	-1.9871	0.00051308
-3.7989	-1.9329	0.00073492
-3.7989	-1.8787	0.00039943
-3.7989	-1.8245	3.9689e-05
-3.7989	-1.7703	5.4961e-05
-3.7989	-1.7161	7.7648e-05
-3.7989	-1.6619	1.1078e-05
-3.7989	-1.6077	1.1547e-05
-3.7989	-1.5535	1.5184e-05
-3.7989	-1.4994	1.7591e-06
-3.7989	-1.4452	3.0116e-07
-3.7989	-1.391	1.7059e-07
-3.7989	-1.3368	3.7627e-07
-3.7989	-1.2826	3.0691e-06
-3.7989	-1.2284	1.3677e-05
-3.7989	-1.1742	5.6047e-06
-3.7989	-1.12	9.0552e-06
-3.7989	-1.0658	2.9748e-05
-3.7989	-1.0116	9.2436e-06
-3.7989	-0.95742	7.031e-06
-3.7989	-0.90323	1.7863e-05
-3.7989	-0.84903	1.1153e-05
-3.7989	-0.79484	5.9495e-05
-3.7989	-0.74065	0.0013636
-3.7989	-0.68645	0.0064054
-3.7989	-0.63226	0.012156
-3.7989	-0.57806	0.010065
-3.7989	-0.52387	0.0024752
-3.7989	-0.46968	0.00055902
-3.7989	-0.41548	0.0025108
-3.7989	-0.36129	0.0011354
-3.7989	-0.3071	0.00029354
-3.7989	-0.2529	0.0015987
-3.7989	-0.19871	0.00083517
-3.7989	-0.14452	0.00017241
-3.7989	-0.090324	0.0010354
-3.7989	-0.036129	0.0005648
-3.7989	0.018065	9.6535e-05
-3.7989	0.072258	0.00058858
-3.7989	0.12645	0.00032702
-3.7989	0.18065	2.62e-05
-3.7989	0.23484	0.00012403
-3.7989	0.28903	5.8052e-05
-3.7989	0.34323	1.3052e-05
-3.7989	0.39742	0.00035284
-3.7989	0.45161	0.0008245
-3.7989	0.50581	0.00034043
-3.7989	0.56	0.010812
-3.7989	0.61419	0.049504
-3.7989	0.66839	0.088073
-3.7989	0.72258	0.074151
-3.7989	0.77677	0.025085
-3.7989	0.83097	0.0013195
-3.7989	0.88516	0.0049827
-3.7989	0.93935	0.0044916
-3.7989	0.99354	0.00040566
-3.7989	1.0477	0.0012954
-3.7989	1.1019	0.0014213
-3.7989	1.1561	0.00015094
-3.7989	1.2103	0.00038263
-3.7989	1.2645	0.00041644
-3.7989	1.3187	5.1857e-05
-3.7989	1.3729	0.00012015
-3.7989	1.4271	0.00010476
-3.7989	1.4813	2.3452e-05
-3.7989	1.5355	1.6884e-05
-3.7989	1.5897	3.2279e-05
-3.7989	1.6439	1.6987e-05
-3.7989	1.6981	0.00010532
-3.7989	1.7523	0.00041017
-3.7989	1.8065	0.00015429
-3.7989	1.8606	0.00094435
-3.7989	1.9148	0.0061873
-3.7989	1.969	0.01208
-3.7989	2.0232	0.010897
-3.7989	2.0774	0.0044752
-3.7989	2.1316	0.00049043
-3.7989	2.1858	0.00014546
-3.7989	2.24	0.00027544
-3.7989	2.2942	5.8979e-05
-3.7989	2.3484	1.3716e-05
-3.7989	2.4026	3.3835e-05
-3.7989	2.4568	8.9473e-06
-3.7632	-2.4748	6.0644e-06
-3.7632	-2.4206	7.2945e-05
-3.7632	-2.3665	8.6171e-05
-3.7632	-2.3123	1.1278e-05
-3.7632	-2.2581	0.00012222
-3.7632	-2.2039	0.00015555
-3.7632	-2.1497	2.0452e-05
-3.7632	-2.0955	0.00024459
-3.7632	-2.0413	0.00055224
-3.7632	-1.9871	0.00038701
-3.7632	-1.9329	0.0001159
-3.7632	-1.8787	3.4395e-05
-3.7632	-1.8245	4.2959e-06
-3.7632	-1.7703	1.8812e-05
-3.7632	-1.7161	2.8698e-05
-3.7632	-1.6619	3.8635e-06
-3.7632	-1.6077	8.8471e-06
-3.7632	-1.5535	1.0447e-05
-3.7632	-1.4994	1.0078e-06
-3.7632	-1.4452	3.1192e-07
-3.7632	-1.391	2.9087e-07
-3.7632	-1.3368	4.3877e-07
-3.7632	-1.2826	6.648e-06
-3.7632	-1.2284	2.6438e-05
-3.7632	-1.1742	9.2323e-06
-3.7632	-1.12	3.3797e-05
-3.7632	-1.0658	0.00011006
-3.7632	-1.0116	3.5198e-05
-3.7632	-0.95742	8.0913e-05
-3.7632	-0.90323	0.00026092
-3.7632	-0.84903	8.5764e-05
-3.7632	-0.79484	0.00014593
-3.7632	-0.74065	0.00058475
-3.7632	-0.68645	0.00070952
-3.7632	-0.63226	0.0013185
-3.7632	-0.57806	0.0017334
-3.7632	-0.52387	0.00053389
-3.7632	-0.46968	0.00032481
-3.7632	-0.41548	0.0013564
-3.7632	-0.36129	0.00058871
-3.7632	-0.3071	0.00031429
-3.7632	-0.2529	0.001497
-3.7632	-0.19871	0.00072347
-3.7632	-0.14452	0.00028838
-3.7632	-0.090324	0.0015346
-3.7632	-0.036129	0.0007936
-3.7632	0.018065	0.00025847
-3.7632	0.072258	0.0014946
-3.7632	0.12645	0.00084836
-3.7632	0.18065	0.00016781
-3.7632	0.23484	0.0010922
-3.7632	0.28903	0.00064803
-3.7632	0.34323	8.0304e-05
-3.7632	0.39742	0.00048353
-3.7632	0.45161	0.0002515
-3.7632	0.50581	5.127e-05
-3.7632	0.56	0.0017716
-3.7632	0.61419	0.011692
-3.7632	0.66839	0.028125
-3.7632	0.72258	0.029203
-3.7632	0.77677	0.010956
-3.7632	0.83097	0.00066721
-3.7632	0.88516	0.0041372
-3.7632	0.93935	0.0035247
-3.7632	0.99354	0.00030693
-3.7632	1.0477	0.0016953
-3.7632	1.1019	0.0017229
-3.7632	1.1561	0.00016719
-3.7632	1.2103	0.00081843
-3.7632	1.2645	0.00085447
-3.7632	1.3187	8.5679e-05
-3.7632	1.3729	0.00045015
-3.7632	1.4271	0.00046372
-3.7632	1.4813	5.3234e-05
-3.7632	1.5355	0.00015881
-3.7632	1.5897	0.00014889
-3.7632	1.6439	1.4306e-05
-3.7632	1.6981	2.2934e-05
-3.7632	1.7523	3.2811e-05
-3.7632	1.8065	1.2074e-05
-3.7632	1.8606	0.00030023
-3.7632	1.9148	0.002241
-3.7632	1.969	0.0051475
-3.7632	2.0232	0.0052598
-3.7632	2.0774	0.0023073
-3.7632	2.1316	0.00022935
-3.7632	2.1858	0.00014476
-3.7632	2.24	0.00022985
-3.7632	2.2942	4.1269e-05
-3.7632	2.3484	2.0555e-05
-3.7632	2.4026	4.0437e-05
-3.7632	2.4568	8.704e-06
-3.7275	-2.4748	1.453e-05
-3.7275	-2.4206	0.00016177
-3.7275	-2.3665	0.00016315
-3.7275	-2.3123	3.1615e-05
-3.7275	-2.2581	0.00038122
-3.7275	-2.2039	0.00043953
-3.7275	-2.1497	8.4788e-05
-3.7275	-2.0955	0.0014944
-3.7275	-2.0413	0.004027
-3.7275	-1.9871	0.0041138
-3.7275	-1.9329	0.0018959
-3.7275	-1.8787	0.00032108
-3.7275	-1.8245	6.7718e-06
-3.7275	-1.7703	9.9403e-06
-3.7275	-1.7161	3.2215e-06
-3.7275	-1.6619	3.2347e-07
-3.7275	-1.6077	2.1686e-06
-3.7275	-1.5535	3.052e-06
-3.7275	-1.4994	2.9266e-07
-3.7275	-1.4452	1.7293e-07
-3.7275	-1.391	2.9027e-07
-3.7275	-1.3368	3.2441e-07
-3.7275	-1.2826	8.7845e-06
-3.7275	-1.2284	3.0951e-05
-3.7275	-1.1742	8.815e-06
-3.7275	-1.12	6.8117e-05
-3.7275	-1.0658	0.000197
-3.7275	-1.0116	5.2737e-05
-3.7275	-0.95742	0.00027627
-3.7275	-0.90323	0.0008484
-3.7275	-0.84903	0.00026044
-3.7275	-0.79484	0.0013953
-3.7275	-0.74065	0.0075309
-3.7275	-0.68645	0.011687
-3.7275	-0.63226	0.0077011
-3.7275	-0.57806	0.0019801
-3.7275	-0.52387	0.00010381
-3.7275	-0.46968	3.9801e-05
-3.7275	-0.41548	0.00018495
-3.7275	-0.36129	0.00010667
-3.7275	-0.3071	0.00014852
-3.7275	-0.2529	0.00071461
-3.7275	-0.19871	0.00034052
-3.7275	-0.14452	0.000284
-3.7275	-0.090324	0.0013424
-3.7275	-0.036129	0.00063913
-3.7275	0.018065	0.00040865
-3.7275	0.072258	0.0020344
-3.7275	0.12645	0.0010404
-3.7275	0.18065	0.00046673
-3.7275	0.23484	0.0026437
-3.7275	0.28903	0.0014874
-3.7275	0.34323	0.00051393
-3.7275	0.39742	0.0033542
-3.7275	0.45161	0.0021607
-3.7275	0.50581	0.00063289
-3.7275	0.56	0.005776
-3.7275	0.61419	0.0078188
-3.7275	0.66839	0.0039576
-3.7275	0.72258	0.0022799
-3.7275	0.77677	0.0013227
-3.7275	0.83097	0.00016186
-3.7275	0.88516	0.0014712
-3.7275	0.93935	0.0013813
-3.7275	0.99354	0.00015
-3.7275	1.0477	0.0011691
-3.7275	1.1019	0.0011413
-3.7275	1.1561	0.00012135
-3.7275	1.2103	0.00091323
-3.7275	1.2645	0.00087862
-3.7275	1.3187	9.1625e-05
-3.7275	1.3729	0.00074287
-3.7275	1.4271	0.00072345
-3.7275	1.4813	7.4587e-05
-3.7275	1.5355	0.00051384
-3.7275	1.5897	0.00052277
-3.7275	1.6439	5.0875e-05
-3.7275	1.6981	0.00030612
-3.7275	1.7523	0.00032867
-3.7275	1.8065	3.2301e-05
-3.7275	1.8606	0.0001444
-3.7275	1.9148	0.000281
-3.7275	1.969	0.0005191
-3.7275	2.0232	0.00080757
-3.7275	2.0774	0.00049159
-3.7275	2.1316	5.2795e-05
-3.7275	2.1858	7.3691e-05
-3.7275	2.24	0.00011083
-3.7275	2.2942	1.7601e-05
-3.7275	2.3484	1.8401e-05
-3.7275	2.4026	3.0854e-05
-3.7275	2.4568	5.5282e-06
-3.6917	-2.4748	3.2855e-05
-3.6917	-2.4206	0.00028138
-3.6917	-2.3665	0.00023197
-3.6917	-2.3123	8.2894e-05
-3.6917	-2.2581	0.00082686
-3.6917	-2.2039	0.00080188
-3.6917	-2.1497	0.00028602
-3.6917	-2.0955	0.004672
-3.6917	-2.0413	0.012421
-3.6917	-1.9871	0.013546
-3.6917	-1.9329	0.006941
-3.6917	-1.8787	0.0013171
-3.6917	-1.8245	4.015e-05
-3.6917	-1.7703	0.00013738
-3.6917	-1.7161	5.0786e-05
-3.6917	-1.6619	1.6352e-06
-3.6917	-1.6077	3.9514e-06
-3.6917	-1.5535	8.7787e-07
-3.6917	-1.4994	2.5925e-08
-3.6917	-1.4452	2.2925e-08
-3.6917	-1.391	9.7249e-08
-3.6917	-1.3368	1.1842e-07
-3.6917	-1.2826	5.2967e-06
-3.6917	-1.2284	1.8296e-05
-3.6917	-1.1742	4.8067e-06
-3.6917	-1.12	7.4286e-05
-3.6917	-1.0658	0.00019246
-3.6917	-1.0116	4.3362e-05
-3.6917	-0.95742	0.00047154
-3.6917	-0.90323	0.0012868
-3.6917	-0.84903	0.00032878
-3.6917	-0.79484	0.0040908
-3.6917	-0.74065	0.022014
-3.6917	-0.68645	0.039366
-3.6917	-0.63226	0.03257
-3.6917	-0.57806	0.011475
-3.6917	-0.52387	0.0008088
-3.6917	-0.46968	0.00062717
-3.6917	-0.41548	0.00060743
-3.6917	-0.36129	5.1117e-05
-3.6917	-0.3071	3.4775e-05
-3.6917	-0.2529	6.9988e-05
-3.6917	-0.19871	4.5088e-05
-3.6917	-0.14452	9.5965e-05
-3.6917	-0.090324	0.00051507
-3.6917	-0.036129	0.00025883
-3.6917	0.018065	0.00033148
-3.6917	0.072258	0.0015143
-3.6917	0.12645	0.00070114
-3.6917	0.18065	0.00069633
-3.6917	0.23484	0.0033199
-3.6917	0.28903	0.0016434
-3.6917	0.34323	0.0013171
-3.6917	0.39742	0.0073072
-3.6917	0.45161	0.0043215
-3.6917	0.50581	0.0036652
-3.6917	0.56	0.034147
-3.6917	0.61419	0.06555
-3.6917	0.66839	0.052505
-3.6917	0.72258	0.018099
-3.6917	0.77677	0.0017079
-3.6917	0.83097	0.00012573
-3.6917	0.88516	0.000184
-3.6917	0.93935	0.00015217
-3.6917	0.99354	4.0152e-05
-3.6917	1.0477	0.0003232
-3.6917	1.1019	0.00039192
-3.6917	1.1561	6.5597e-05
-3.6917	1.2103	0.00060327
-3.6917	1.2645	0.00056648
-3.6917	1.3187	8.1655e-05
-3.6917	1.3729	0.00078667
-3.6917	1.4271	0.00070035
-3.6917	1.4813	9.3916e-05
-3.6917	1.5355	0.0008836
-3.6917	1.5897	0.00081998
-3.6917	1.6439	9.7789e-05
-3.6917	1.6981	0.00096099
-3.6917	1.7523	0.0010316
-3.6917	1.8065	0.00012968
-3.6917	1.8606	0.0016533
-3.6917	1.9148	0.003746
-3.6917	1.969	0.002965
-3.6917	2.0232	0.0009919
-3.6917	2.0774	0.00012026
-3.6917	2.1316	3.9925e-06
-3.6917	2.1858	1.0204e-05
-3.6917	2.24	1.9305e-05
-3.6917	2.2942	3.5117e-06
-3.6917	2.3484	7.7082e-06
-3.6917	2.4026	1.2759e-05
-3.6917	2.4568	2.06e-06
-3.656	-2.4748	6.7468e-05
-3.656	-2.4206	0.00043503
-3.656	-2.3665	0.00028865
-3.656	-2.3123	0.0002039
-3.656	-2.2581	0.001552
-3.656	-2.2039	0.0012337
-3.656	-2.1497	0.00089292
-3.656	-2.0955	0.011716
-3.656	-2.0413	0.029691
-3.656	-1.9871	0.032394
-3.656	-1.9329	0.016702
-3.656	-1.8787	0.0030236
-3.656	-1.8245	0.00014849
-3.656	-1.7703	0.00058348
-3.656	-1.7161	0.00020932
-3.656	-1.6619	1.0966e-05
-3.656	-1.6077	4.0845e-05
-3.656	-1.5535	1.2068e-05
-3.656	-1.4994	2.3386e-07
-3.656	-1.4452	1.3453e-07
-3.656	-1.391	1.1133e-07
-3.656	-1.3368	8.0676e-08
-3.656	-1.2826	8.0032e-07
-3.656	-1.2284	3.085e-06
-3.656	-1.1742	1.3258e-06
-3.656	-1.12	4.0034e-05
-3.656	-1.0658	0.00010657
-3.656	-1.0116	2.5845e-05
-3.656	-0.95742	0.00051546
-3.656	-0.90323	0.0012738
-3.656	-0.84903	0.00030659
-3.656	-0.79484	0.0074722
-3.656	-0.74065	0.038482
-3.656	-0.68645	0.07184
-3.656	-0.63226	0.063357
-3.656	-0.57806	0.023434
-3.656	-0.52387	0.0015048
-3.656	-0.46968	0.002943
-3.656	-0.41548	0.003075
-3.656	-0.36129	0.00030765
-3.656	-0.3071	0.0006171
-3.656	-0.2529	0.00065889
-3.656	-0.19871	6.0291e-05
-3.656	-0.14452	7.7646e-05
-3.656	-0.090324	6.6232e-05
-3.656	-0.036129	2.8486e-05
-3.656	0.018065	6.7608e-05
-3.656	0.072258	0.00038111
-3.656	0.12645	0.00019085
-3.656	0.18065	0.00046204
-3.656	0.23484	0.0020008
-3.656	0.28903	0.0008736
-3.656	0.34323	0.0015984
-3.656	0.39742	0.0075044
-3.656	0.45161	0.0037873
-3.656	0.50581	0.0077763
-3.656	0.56	0.064262
-3.656	0.61419	0.13308
-3.656	0.66839	0.12326
-3.656	0.72258	0.051872
-3.656	0.77677	0.0061446
-3.656	0.83097	0.0011378
-3.656	0.88516	0.0022009
-3.656	0.93935	0.00037565
-3.656	0.99354	0.00012171
-3.656	1.0477	0.00015465
-3.656	1.1019	3.0909e-05
-3.656	1.1561	1.7234e-05
-3.656	1.2103	0.00010605
-3.656	1.2645	0.0001325
-3.656	1.3187	3.4833e-05
-3.656	1.3729	0.0003784
-3.656	1.4271	0.00033231
-3.656	1.4813	8.6307e-05
-3.656	1.5355	0.00080086
-3.656	1.5897	0.00067388
-3.656	1.6439	0.00013965
-3.656	1.6981	0.0014299
-3.656	1.7523	0.0013959
-3.656	1.8065	0.00029293
-3.656	1.8606	0.0046572
-3.656	1.9148	0.011443
-3.656	1.969	0.0111
-3.656	2.0232	0.0050041
-3.656	2.0774	0.00084357
-3.656	2.1316	2.0471e-05
-3.656	2.1858	5.274e-05
-3.656	2.24	1.772e-05
-3.656	2.2942	7.75e-07
-3.656	2.3484	1.2081e-06
-3.656	2.4026	2.0962e-06
-3.656	2.4568	4.5395e-07
-3.6203	-2.4748	8.3642e-05
-3.6203	-2.4206	0.00041549
-3.6203	-2.3665	0.00021808
-3.6203	-2.3123	0.0003044
-3.6203	-2.2581	0.0017834
-3.6203	-2.2039	0.0011415
-3.6203	-2.1497	0.0016753
-3.6203	-2.0955	0.017601
-3.6203	-2.0413	0.042429
-3.6203	-1.9871	0.045589
-3.6203	-1.9329	0.023028
-3.6203	-1.8787	0.003785
-3.6203	-1.8245	0.00035472
-3.6203	-1.7703	0.0011834
-3.6203	-1.7161	0.0003713
-3.6203	-1.6619	3.4804e-05
-3.6203	-1.6077	0.00012109
-3.6203	-1.5535	3.326e-05
-3.6203	-1.4994	8.9598e-07
-3.6203	-1.4452	5.7322e-07
-3.6203	-1.391	1.21e-06
-3.6203	-1.3368	1.5396e-06
-3.6203	-1.2826	1.5998e-05
-3.6203	-1.2284	1.2359e-05
-3.6203	-1.1742	1.6501e-06
-3.6203	-1.12	9.2823e-06
-3.6203	-1.0658	1.256e-05
-3.6203	-1.0116	6.0671e-06
-3.6203	-0.95742	0.00021783
-3.6203	-0.90323	0.00059327
-3.6203	-0.84903	0.00021387
-3.6203	-0.79484	0.0078168
-3.6203	-0.74065	0.041154
-3.6203	-0.68645	0.082195
-3.6203	-0.63226	0.077044
-3.6203	-0.57806	0.028876
-3.6203	-0.52387	0.0016748
-3.6203	-0.46968	0.0067778
-3.6203	-0.41548	0.0065199
-3.6203	-0.36129	0.00059252
-3.6203	-0.3071	0.002545
-3.6203	-0.2529	0.002826
-3.6203	-0.19871	0.00028436
-3.6203	-0.14452	0.00097553
-3.6203	-0.090324	0.0010584
-3.6203	-0.036129	0.00010194
-3.6203	0.018065	0.00026633
-3.6203	0.072258	0.00020886
-3.6203	0.12645	2.4051e-05
-3.6203	0.18065	8.2676e-05
-3.6203	0.23484	0.00042499
-3.6203	0.28903	0.00020776
-3.6203	0.34323	0.001028
-3.6203	0.39742	0.0045913
-3.6203	0.45161	0.0020122
-3.6203	0.50581	0.010204
-3.6203	0.56	0.07673
-3.6203	0.61419	0.16553
-3.6203	0.66839	0.16351
-3.6203	0.72258	0.072688
-3.6203	0.77677	0.0082171
-3.6203	0.83097	0.0033889
-3.6203	0.88516	0.0062796
-3.6203	0.93935	0.0012076
-3.6203	0.99354	0.00064371
-3.6203	1.0477	0.0013069
-3.6203	1.1019	0.00026123
-3.6203	1.1561	0.00011336
-3.6203	1.2103	0.00019078
-3.6203	1.2645	2.8524e-05
-3.6203	1.3187	8.8085e-06
-3.6203	1.3729	3.5029e-05
-3.6203	1.4271	4.007e-05
-3.6203	1.4813	3.4063e-05
-3.6203	1.5355	0.00030241
-3.6203	1.5897	0.00024458
-3.6203	1.6439	0.00011885
-3.6203	1.6981	0.0010445
-3.6203	1.7523	0.00090802
-3.6203	1.8065	0.00041282
-3.6203	1.8606	0.0058786
-3.6203	1.9148	0.014559
-3.6203	1.969	0.015121
-3.6203	2.0232	0.0074312
-3.6203	2.0774	0.0013335
-3.6203	2.1316	4.7727e-05
-3.6203	2.1858	0.00018286
-3.6203	2.24	7.0925e-05
-3.6203	2.2942	3.0252e-06
-3.6203	2.3484	9.7435e-06
-3.6203	2.4026	3.689e-06
-3.6203	2.4568	1.8908e-07
-3.5846	-2.4748	8.229e-05
-3.5846	-2.4206	0.0003166
-3.5846	-2.3665	0.00012547
-3.5846	-2.3123	0.00035011
-3.5846	-2.2581	0.0015798
-3.5846	-2.2039	0.00077528
-3.5846	-2.1497	0.0023259
-3.5846	-2.0955	0.019626
-3.5846	-2.0413	0.044296
-3.5846	-1.9871	0.045782
-3.5846	-1.9329	0.021964
-3.5846	-1.8787	0.0030981
-3.5846	-1.8245	0.00058974
-3.5846	-1.7703	0.001495
-3.5846	-1.7161	0.00038538
-3.5846	-1.6619	7.0139e-05
-3.5846	-1.6077	0.00018942
-3.5846	-1.5535	4.3473e-05
-3.5846	-1.4994	1.8339e-06
-3.5846	-1.4452	9.6995e-07
-3.5846	-1.391	3.4109e-06
-3.5846	-1.3368	7.3016e-06
-3.5846	-1.2826	7.0994e-05
-3.5846	-1.2284	5.8998e-05
-3.5846	-1.1742	2.0877e-05
-3.5846	-1.12	0.00015701
-3.5846	-1.0658	0.00010224
-3.5846	-1.0116	1.7756e-05
-3.5846	-0.95742	0.00010143
-3.5846	-0.90323	6.1296e-05
-3.5846	-0.84903	3.4363e-05
-3.5846	-0.79484	0.0019652
-3.5846	-0.74065	0.013748
-3.5846	-0.68645	0.034399
-3.5846	-0.63226	0.037677
-3.5846	-0.57806	0.014997
-3.5846	-0.52387	0.00098673
-3.5846	-0.46968	0.0067358
-3.5846	-0.41548	0.0059443
-3.5846	-0.36129	0.00054451
-3.5846	-0.3071	0.0040111
-3.5846	-0.2529	0.0041282
-3.5846	-0.19871	0.00040236
-3.5846	-0.14452	0.0026098
-3.5846	-0.090324	0.0028583
-3.5846	-0.036129	0.00028569
-3.5846	0.018065	0.00163
-3.5846	0.072258	0.0017956
-3.5846	0.12645	0.00018388
-3.5846	0.18065	0.00062211
-3.5846	0.23484	0.00057807
-3.5846	0.28903	4.5747e-05
-3.5846	0.34323	0.00014762
-3.5846	0.39742	0.00065423
-3.5846	0.45161	0.00033367
-3.5846	0.50581	0.0054654
-3.5846	0.56	0.044671
-3.5846	0.61419	0.11065
-3.5846	0.66839	0.12304
-3.5846	0.72258	0.05881
-3.5846	0.77677	0.0061076
-3.5846	0.83097	0.0055205
-3.5846	0.88516	0.0091358
-3.5846	0.93935	0.0016079
-3.5846	0.99354	0.0016457
-3.5846	1.0477	0.0032394
-3.5846	1.1019	0.00066629
-3.5846	1.1561	0.00053809
-3.5846	1.2103	0.0011297
-3.5846	1.2645	0.00023537
-3.5846	1.3187	0.00015162
-3.5846	1.3729	0.00030099
-3.5846	1.4271	6.2595e-05
-3.5846	1.4813	1.0593e-05
-3.5846	1.5355	2.9862e-05
-3.5846	1.5897	2.2611e-05
-3.5846	1.6439	4.6749e-05
-3.5846	1.6981	0.00039372
-3.5846	1.7523	0.00033087
-3.5846	1.8065	0.00041037
-3.5846	1.8606	0.004993
-3.5846	1.9148	0.012683
-3.5846	1.969	0.01392
-3.5846	2.0232	0.0071549
-3.5846	2.0774	0.0012541
-3.5846	2.1316	7.936e-05
-3.5846	2.1858	0.00030459
-3.5846	2.24	0.00011187
-3.5846	2.2942	6.9993e-06
-3.5846	2.3484	2.9932e-05
-3.5846	2.4026	1.1816e-05
-3.5846	2.4568	5.9595e-07
-3.5488	-2.4748	7.429e-05
-3.5488	-2.4206	0.00023074
-3.5488	-2.3665	6.8818e-05
-3.5488	-2.3123	0.00038654
-3.5488	-2.2581	0.0013928
-3.5488	-2.2039	0.00051605
-3.5488	-2.1497	0.003178
-3.5488	-2.0955	0.022378
-3.5488	-2.0413	0.047673
-3.5488	-1.9871	0.04738
-3.5488	-1.9329	0.021413
-3.5488	-1.8787	0.0025026
-3.5488	-1.8245	0.00097021
-3.5488	-1.7703	0.0018601
-3.5488	-1.7161	0.0003803
-3.5488	-1.6619	0.00013643
-3.5488	-1.6077	0.00027482
-3.5488	-1.5535	5.014e-05
-3.5488	-1.4994	3.5645e-06
-3.5488	-1.4452	1.7636e-06
-3.5488	-1.391	6.9145e-06
-3.5488	-1.3368	2.5191e-05
-3.5488	-1.2826	0.00019474
-3.5488	-1.2284	0.00013809
-3.5488	-1.1742	0.00010495
-3.5488	-1.12	0.00069093
-3.5488	-1.0658	0.0004456
-3.5488	-1.0116	0.00020955
-3.5488	-0.95742	0.0014566
-3.5488	-0.90323	0.00098533
-3.5488	-0.84903	0.00035992
-3.5488	-0.79484	0.0031881
-3.5488	-0.74065	0.0042717
-3.5488	-0.68645	0.0033679
-3.5488	-0.63226	0.0044417
-3.5488	-0.57806	0.0025874
-3.5488	-0.52387	0.00035195
-3.5488	-0.46968	0.0032704
-3.5488	-0.41548	0.0028441
-3.5488	-0.36129	0.00036569
-3.5488	-0.3071	0.0035208
-3.5488	-0.2529	0.0033062
-3.5488	-0.19871	0.00037966
-3.5488	-0.14452	0.0035448
-3.5488	-0.090324	0.0035336
-3.5488	-0.036129	0.00038426
-3.5488	0.018065	0.0034386
-3.5488	0.072258	0.0036556
-3.5488	0.12645	0.00038347
-3.5488	0.18065	0.0028496
-3.5488	0.23484	0.0032026
-3.5488	0.28903	0.0003312
-3.5488	0.34323	0.0019946
-3.5488	0.39742	0.002212
-3.5488	0.45161	0.00021189
-3.5488	0.50581	0.001002
-3.5488	0.56	0.004172
-3.5488	0.61419	0.015653
-3.5488	0.66839	0.02645
-3.5488	0.72258	0.016299
-3.5488	0.77677	0.0016952
-3.5488	0.83097	0.0036615
-3.5488	0.88516	0.0056677
-3.5488	0.93935	0.00088892
-3.5488	0.99354	0.001834
-3.5488	1.0477	0.0033063
-3.5488	1.1019	0.00060859
-3.5488	1.1561	0.00096491
-3.5488	1.2103	0.0019115
-3.5488	1.2645	0.00038229
-3.5488	1.3187	0.00049589
-3.5488	1.3729	0.0010486
-3.5488	1.4271	0.00024015
-3.5488	1.4813	0.00016479
-3.5488	1.5355	0.00037017
-3.5488	1.5897	8.4015e-05
-3.5488	1.6439	2.5281e-05
-3.5488	1.6981	5.4222e-05
-3.5488	1.7523	2.3412e-05
-3.5488	1.8065	0.00013193
-3.5488	1.8606	0.0017523
-3.5488	1.9148	0.0054768
-3.5488	1.969	0.0071573
-3.5488	2.0232	0.0041537
-3.5488	2.0774	0.00073755
-3.5488	2.1316	9.5968e-05
-3.5488	2.1858	0.00032485
-3.5488	2.24	0.00011109
-3.5488	2.2942	1.219e-05
-3.5488	2.3484	4.9928e-05
-3.5488	2.4026	1.839e-05
-3.5488	2.4568	1.4857e-06
-3.5131	-2.4748	4.097e-05
-3.5131	-2.4206	0.00010736
-3.5131	-2.3665	2.5334e-05
-3.5131	-2.3123	0.00028234
-3.5131	-2.2581	0.0008438
-3.5131	-2.2039	0.000241
-3.5131	-2.1497	0.0030199
-3.5131	-2.0955	0.018552
-3.5131	-2.0413	0.038005
-3.5131	-1.9871	0.036775
-3.5131	-1.9329	0.015757
-3.5131	-1.8787	0.0015
-3.5131	-1.8245	0.001171
-3.5131	-1.7703	0.0017661
-3.5131	-1.7161	0.00028325
-3.5131	-1.6619	0.00019844
-3.5131	-1.6077	0.0003073
-3.5131	-1.5535	4.3887e-05
-3.5131	-1.4994	5.4437e-06
-3.5131	-1.4452	3.1589e-06
-3.5131	-1.391	9.5777e-06
-3.5131	-1.3368	6.283e-05
-3.5131	-1.2826	0.00038177
-3.5131	-1.2284	0.00021727
-3.5131	-1.1742	0.00033669
-3.5131	-1.12	0.0017819
-3.5131	-1.0658	0.00097519
-3.5131	-1.0116	0.00099527
-3.5131	-0.95742	0.0059217
-3.5131	-0.90323	0.0037608
-3.5131	-0.84903	0.0037476
-3.5131	-0.79484	0.036964
-3.5131	-0.74065	0.075619
-3.5131	-0.68645	0.064177
-3.5131	-0.63226	0.023366
-3.5131	-0.57806	0.0024464
-3.5131	-0.52387	9.5292e-05
-3.5131	-0.46968	0.00041353
-3.5131	-0.41548	0.00045894
-3.5131	-0.36129	0.00015026
-3.5131	-0.3071	0.0017672
-3.5131	-0.2529	0.0017263
-3.5131	-0.19871	0.00034542
-3.5131	-0.14452	0.0035595
-3.5131	-0.090324	0.0032942
-3.5131	-0.036129	0.00051459
-3.5131	0.018065	0.0053042
-3.5131	0.072258	0.0051072
-3.5131	0.12645	0.00068079
-3.5131	0.18065	0.0070282
-3.5131	0.23484	0.0073296
-3.5131	0.28903	0.00090807
-3.5131	0.34323	0.0095463
-3.5131	0.39742	0.011479
-3.5131	0.45161	0.0015458
-3.5131	0.50581	0.020885
-3.5131	0.56	0.050923
-3.5131	0.61419	0.041874
-3.5131	0.66839	0.013916
-3.5131	0.72258	0.0018149
-3.5131	0.77677	0.00010034
-3.5131	0.83097	0.00075872
-3.5131	0.88516	0.0014474
-3.5131	0.93935	0.00023698
-3.5131	0.99354	0.0010871
-3.5131	1.0477	0.0018864
-3.5131	1.1019	0.00030661
-3.5131	1.1561	0.00098415
-3.5131	1.2103	0.0017625
-3.5131	1.2645	0.00030464
-3.5131	1.3187	0.00077331
-3.5131	1.3729	0.0014767
-3.5131	1.4271	0.00028985
-3.5131	1.4813	0.00049251
-3.5131	1.5355	0.0010442
-3.5131	1.5897	0.00022969
-3.5131	1.6439	0.00028275
-3.5131	1.6981	0.00065609
-3.5131	1.7523	0.00016204
-3.5131	1.8065	0.00013439
-3.5131	1.8606	0.00039893
-3.5131	1.9148	0.00041756
-3.5131	1.969	0.00068698
-3.5131	2.0232	0.00064079
-3.5131	2.0774	0.00014622
-3.5131	2.1316	4.4164e-05
-3.5131	2.1858	0.00014399
-3.5131	2.24	4.9245e-05
-3.5131	2.2942	1.0132e-05
-3.5131	2.3484	3.7479e-05
-3.5131	2.4026	1.2878e-05
-3.5131	2.4568	1.9357e-06
-3.4774	-2.4748	1.4647e-05
-3.4774	-2.4206	3.476e-05
-3.4774	-2.3665	8.094e-06
-3.4774	-2.3123	0.00015875
-3.4774	-2.2581	0.0004031
-3.4774	-2.2039	9.9115e-05
-3.4774	-2.1497	0.0023239
-3.4774	-2.0955	0.012705
-3.4774	-2.0413	0.025026
-3.4774	-1.9871	0.023401
-3.4774	-1.9329	0.0093385
-3.4774	-1.8787	0.00069243
-3.4774	-1.8245	0.0010955
-3.4774	-1.7703	0.0013034
-3.4774	-1.7161	0.00015642
-3.4774	-1.6619	0.00021526
-3.4774	-1.6077	0.00025597
-3.4774	-1.5535	2.7058e-05
-3.4774	-1.4994	6.03e-06
-3.4774	-1.4452	4.3249e-06
-3.4774	-1.391	8.4557e-06
-3.4774	-1.3368	0.00010377
-3.4774	-1.2826	0.00048892
-3.4774	-1.2284	0.00020962
-3.4774	-1.1742	0.00065403
-3.4774	-1.12	0.002717
-3.4774	-1.0658	0.0011684
-3.4774	-1.0116	0.0024445
-3.4774	-0.95742	0.01167
-3.4774	-0.90323	0.0060925
-3.4774	-0.84903	0.013473
-3.4774	-0.79484	0.11695
-3.4774	-0.74065	0.25623
-3.4774	-0.68645	0.25247
-3.4774	-0.63226	0.11435
-3.4774	-0.57806	0.015347
-3.4774	-0.52387	0.0021452
-3.4774	-0.46968	0.0049334
-3.4774	-0.41548	0.0010153
-3.4774	-0.36129	0.00012563
-3.4774	-0.3071	0.00026623
-3.4774	-0.2529	0.00017521
-3.4774	-0.19871	0.00010496
-3.4774	-0.14452	0.0012948
-3.4774	-0.090324	0.0013507
-3.4774	-0.036129	0.00039634
-3.4774	0.018065	0.0041835
-3.4774	0.072258	0.003849
-3.4774	0.12645	0.00090992
-3.4774	0.18065	0.0095267
-3.4774	0.23484	0.0090757
-3.4774	0.28903	0.0018059
-3.4774	0.34323	0.021144
-3.4774	0.39742	0.023645
-3.4774	0.45161	0.0050806
-3.4774	0.50581	0.092087
-3.4774	0.56	0.25667
-3.4774	0.61419	0.28056
-3.4774	0.66839	0.14251
-3.4774	0.72258	0.027285
-3.4774	0.77677	0.00071332
-3.4774	0.83097	0.0016663
-3.4774	0.88516	0.00053744
-3.4774	0.93935	2.1998e-05
-3.4774	0.99354	0.00018361
-3.4774	1.0477	0.00044997
-3.4774	1.1019	8.7791e-05
-3.4774	1.1561	0.00061664
-3.4774	1.2103	0.0011265
-3.4774	1.2645	0.00018323
-3.4774	1.3187	0.00088938
-3.4774	1.3729	0.0015505
-3.4774	1.4271	0.00025237
-3.4774	1.4813	0.00094635
-3.4774	1.5355	0.0017516
-3.4774	1.5897	0.00031548
-3.4774	1.6439	0.00095699
-3.4774	1.6981	0.0020323
-3.4774	1.7523	0.00044606
-3.4774	1.8065	0.0014303
-3.4774	1.8606	0.0054023
-3.4774	1.9148	0.0057413
-3.4774	1.969	0.0025375
-3.4774	2.0232	0.00041732
-3.4774	2.0774	1.3735e-05
-3.4774	2.1316	5.0211e-06
-3.4774	2.1858	1.7102e-05
-3.4774	2.24	9.0123e-06
-3.4774	2.2942	3.3489e-06
-3.4774	2.3484	1.3148e-05
-3.4774	2.4026	4.6309e-06
-3.4774	2.4568	1.3545e-06
-3.4416	-2.4748	1.6973e-06
-3.4416	-2.4206	4.7209e-06
-3.4416	-2.3665	2.2757e-06
-3.4416	-2.3123	6.3182e-05
-3.4416	-2.2581	0.00015494
-3.4416	-2.2039	4.8997e-05
-3.4416	-2.1497	0.0016889
-3.4416	-2.0955	0.0088092
-3.4416	-2.0413	0.017383
-3.4416	-1.9871	0.016137
-3.4416	-1.9329	0.006062
-3.4416	-1.8787	0.00035908
-3.4416	-1.8245	0.0011326
-3.4416	-1.7703	0.0010856
-3.4416	-1.7161	9.7214e-05
-3.4416	-1.6619	0.00026133
-3.4416	-1.6077	0.00024152
-3.4416	-1.5535	1.8116e-05
-3.4416	-1.4994	7.185e-06
-3.4416	-1.4452	6.7861e-06
-3.4416	-1.391	8.4193e-06
-3.4416	-1.3368	0.00018245
-3.4416	-1.2826	0.00066487
-3.4416	-1.2284	0.00020531
-3.4416	-1.1742	0.0012747
-3.4416	-1.12	0.004112
-3.4416	-1.0658	0.001303
-3.4416	-1.0116	0.0054796
-3.4416	-0.95742	0.02046
-3.4416	-0.90323	0.008065
-3.4416	-0.84903	0.037623
-3.4416	-0.79484	0.27305
-3.4416	-0.74065	0.57994
-3.4416	-0.68645	0.57474
-3.4416	-0.63226	0.26227
-3.4416	-0.57806	0.032279
-3.4416	-0.52387	0.010685
-3.4416	-0.46968	0.022439
-3.4416	-0.41548	0.0049913
-3.4416	-0.36129	0.0018473
-3.4416	-0.3071	0.0043644
-3.4416	-0.2529	0.00097218
-3.4416	-0.19871	0.00025921
-3.4416	-0.14452	0.00046
-3.4416	-0.090324	0.00011528
-3.4416	-0.036129	5.8117e-05
-3.4416	0.018065	0.00077923
-3.4416	0.072258	0.00087879
-3.4416	0.12645	0.00050282
-3.4416	0.18065	0.0049963
-3.4416	0.23484	0.0045079
-3.4416	0.28903	0.0018371
-3.4416	0.34323	0.019273
-3.4416	0.39742	0.019463
-3.4416	0.45161	0.0083967
-3.4416	0.50581	0.14301
-3.4416	0.56	0.40862
-3.4416	0.61419	0.48807
-3.4416	0.66839	0.27747
-3.4416	0.72258	0.058384
-3.4416	0.77677	0.0023525
-3.4416	0.83097	0.010254
-3.4416	0.88516	0.0045636
-3.4416	0.93935	0.000239
-3.4416	0.99354	0.0010048
-3.4416	1.0477	0.00037848
-3.4416	1.1019	1.5493e-05
-3.4416	1.1561	7.4402e-05
-3.4416	1.2103	0.00017569
-3.4416	1.2645	4.7325e-05
-3.4416	1.3187	0.0003941
-3.4416	1.3729	0.00075284
-3.4416	1.4271	0.00012238
-3.4416	1.4813	0.00096132
-3.4416	1.5355	0.0016589
-3.4416	1.5897	0.00025892
-3.4416	1.6439	0.0017106
-3.4416	1.6981	0.00328
-3.4416	1.7523	0.00060467
-3.4416	1.8065	0.0048131
-3.4416	1.8606	0.018235
-3.4416	1.9148	0.022721
-3.4416	1.969	0.012958
-3.4416	2.0232	0.0030742
-3.4416	2.0774	0.00013298
-3.4416	2.1316	9.0565e-05
-3.4416	2.1858	5.179e-05
-3.4416	2.24	2.5013e-06
-3.4416	2.2942	2.341e-06
-3.4416	2.3484	1.3569e-06
-3.4416	2.4026	7.0336e-07
-3.4416	2.4568	4.2592e-07
-3.4059	-2.4748	7.4588e-06
-3.4059	-2.4206	4.4623e-06
-3.4059	-2.3665	7.8654e-07
-3.4059	-2.3123	5.7285e-06
-3.4059	-2.2581	1.3046e-05
-3.4059	-2.2039	1.0846e-05
-3.4059	-2.1497	0.00049784
-3.4059	-2.0955	0.0030107
-3.4059	-2.0413	0.0068022
-3.4059	-1.9871	0.006918
-3.4059	-1.9329	0.0026217
-3.4059	-1.8787	0.00015414
-3.4059	-1.8245	0.00086492
-3.4059	-1.7703	0.00071099
-3.4059	-1.7161	5.4915e-05
-3.4059	-1.6619	0.00026652
-3.4059	-1.6077	0.00020177
-3.4059	-1.5535	1.1168e-05
-3.4059	-1.4994	7.5091e-06
-3.4059	-1.4452	1.0491e-05
-3.4059	-1.391	1.0092e-05
-3.4059	-1.3368	0.00031955
-3.4059	-1.2826	0.0009366
-3.4059	-1.2284	0.00022254
-3.4059	-1.1742	0.0025947
-3.4059	-1.12	0.0067263
-3.4059	-1.0658	0.001595
-3.4059	-1.0116	0.013139
-3.4059	-0.95742	0.039364
-3.4059	-0.90323	0.011579
-3.4059	-0.84903	0.11115
-3.4059	-0.79484	0.68737
-3.4059	-0.74065	1.3918
-3.4059	-0.68645	1.3418
-3.4059	-0.63226	0.58464
-3.4059	-0.57806	0.05967
-3.4059	-0.52387	0.041787
-3.4059	-0.46968	0.071184
-3.4059	-0.41548	0.013239
-3.4059	-0.36129	0.010637
-3.4059	-0.3071	0.022302
-3.4059	-0.2529	0.0048625
-3.4059	-0.19871	0.003269
-3.4059	-0.14452	0.0071864
-3.4059	-0.090324	0.0015149
-3.4059	-0.036129	0.00086143
-3.4059	0.018065	0.0015608
-3.4059	0.072258	0.00026758
-3.4059	0.12645	8.0013e-05
-3.4059	0.18065	0.00069865
-3.4059	0.23484	0.00081886
-3.4059	0.28903	0.00095475
-3.4059	0.34323	0.0094734
-3.4059	0.39742	0.0090021
-3.4059	0.45161	0.0091764
-3.4059	0.50581	0.1334
-3.4059	0.56	0.38375
-3.4059	0.61419	0.4771
-3.4059	0.66839	0.28044
-3.4059	0.72258	0.056994
-3.4059	0.77677	0.0041655
-3.4059	0.83097	0.018788
-3.4059	0.88516	0.0080232
-3.4059	0.93935	0.0007499
-3.4059	0.99354	0.004
-3.4059	1.0477	0.0019071
-3.4059	1.1019	0.00015181
-3.4059	1.1561	0.00075653
-3.4059	1.2103	0.0003087
-3.4059	1.2645	2.6627e-05
-3.4059	1.3187	6.9135e-05
-3.4059	1.3729	5.0704e-05
-3.4059	1.4271	1.6538e-05
-3.4059	1.4813	0.00023687
-3.4059	1.5355	0.00046088
-3.4059	1.5897	8.165e-05
-3.4059	1.6439	0.0010607
-3.4059	1.6981	0.0019375
-3.4059	1.7523	0.00034737
-3.4059	1.8065	0.0057043
-3.4059	1.8606	0.021496
-3.4059	1.9148	0.029073
-3.4059	1.969	0.0184
-3.4059	2.0232	0.004799
-3.4059	2.0774	0.0002052
-3.4059	2.1316	0.00031925
-3.4059	2.1858	0.00021823
-3.4059	2.24	1.3161e-05
-3.4059	2.2942	2.2911e-05
-3.4059	2.3484	1.4277e-05
-3.4059	2.4026	7.2517e-07
-3.4059	2.4568	7.7495e-07
-3.3702	-2.4748	1.5895e-05
-3.3702	-2.4206	1.0668e-05
-3.3702	-2.3665	4.926e-06
-3.3702	-2.3123	3.3542e-05
-3.3702	-2.2581	2.1328e-05
-3.3702	-2.2039	7.1678e-06
-3.3702	-2.1497	5.5405e-05
-3.3702	-2.0955	0.00013751
-3.3702	-2.0413	0.00041747
-3.3702	-1.9871	0.00063453
-3.3702	-1.9329	0.00029441
-3.3702	-1.8787	2.9264e-05
-3.3702	-1.8245	0.00022884
-3.3702	-1.7703	0.00017207
-3.3702	-1.7161	1.6276e-05
-3.3702	-1.6619	0.00011286
-3.3702	-1.6077	7.2987e-05
-3.3702	-1.5535	3.4076e-06
-3.3702	-1.4994	3.4428e-06
-3.3702	-1.4452	7.7332e-06
-3.3702	-1.391	8.1747e-06
-3.3702	-1.3368	0.00028357
-3.3702	-1.2826	0.00069688
-3.3702	-1.2284	0.0001589
-3.3702	-1.1742	0.0028954
-3.3702	-1.12	0.0063309
-3.3702	-1.0658	0.0012831
-3.3702	-1.0116	0.018717
-3.3702	-0.95742	0.047348
-3.3702	-0.90323	0.011419
-3.3702	-0.84903	0.21056
-3.3702	-0.79484	1.1741
-3.3702	-0.74065	2.3337
-3.3702	-0.68645	2.2339
-3.3702	-0.63226	0.93924
-3.3702	-0.57806	0.078551
-3.3702	-0.52387	0.11327
-3.3702	-0.46968	0.16021
-3.3702	-0.41548	0.023887
-3.3702	-0.36129	0.039299
-3.3702	-0.3071	0.069327
-3.3702	-0.2529	0.01258
-3.3702	-0.19871	0.017872
-3.3702	-0.14452	0.035178
-3.3702	-0.090324	0.0069348
-3.3702	-0.036129	0.0087649
-3.3702	0.018065	0.018064
-3.3702	0.072258	0.0038777
-3.3702	0.12645	0.0029992
-3.3702	0.18065	0.0060319
-3.3702	0.23484	0.0011412
-3.3702	0.28903	0.00043954
-3.3702	0.34323	0.0013768
-3.3702	0.39742	0.0014022
-3.3702	0.45161	0.0052042
-3.3702	0.50581	0.080111
-3.3702	0.56	0.26587
-3.3702	0.61419	0.37115
-3.3702	0.66839	0.23341
-3.3702	0.72258	0.045249
-3.3702	0.77677	0.0070712
-3.3702	0.83097	0.026549
-3.3702	0.88516	0.0099843
-3.3702	0.93935	0.0018184
-3.3702	0.99354	0.0084948
-3.3702	1.0477	0.0037462
-3.3702	1.1019	0.00057121
-3.3702	1.1561	0.0029501
-3.3702	1.2103	0.0013578
-3.3702	1.2645	0.0001847
-3.3702	1.3187	0.00091935
-3.3702	1.3729	0.00040624
-3.3702	1.4271	3.5194e-05
-3.3702	1.4813	0.00012503
-3.3702	1.5355	4.3966e-05
-3.3702	1.5897	7.8285e-06
-3.3702	1.6439	0.00017482
-3.3702	1.6981	0.0003861
-3.3702	1.7523	0.00011039
-3.3702	1.8065	0.002937
-3.3702	1.8606	0.011525
-3.3702	1.9148	0.016933
-3.3702	1.969	0.011532
-3.3702	2.0232	0.0030847
-3.3702	2.0774	0.00012314
-3.3702	2.1316	0.00038291
-3.3702	2.1858	0.00024891
-3.3702	2.24	1.4703e-05
-3.3702	2.2942	4.597e-05
-3.3702	2.3484	3.1778e-05
-3.3702	2.4026	1.8891e-06
-3.3702	2.4568	3.7224e-06
-3.3345	-2.4748	1.7177e-05
-3.3345	-2.4206	9.7618e-06
-3.3345	-2.3665	1.0884e-05
-3.3345	-2.3123	6.6048e-05
-3.3345	-2.2581	4.2868e-05
-3.3345	-2.2039	4.2214e-05
-3.3345	-2.1497	0.00040972
-3.3345	-2.0955	0.0007987
-3.3345	-2.0413	0.00062097
-3.3345	-1.9871	0.0001995
-3.3345	-1.9329	2.0103e-05
-3.3345	-1.8787	1.5282e-06
-3.3345	-1.8245	1.398e-05
-3.3345	-1.7703	1.1874e-05
-3.3345	-1.7161	2.8933e-06
-3.3345	-1.6619	2.0565e-05
-3.3345	-1.6077	1.1709e-05
-3.3345	-1.5535	6.473e-07
-3.3345	-1.4994	7.341e-07
-3.3345	-1.4452	2.768e-06
-3.3345	-1.391	4.4795e-06
-3.3345	-1.3368	0.00012753
-3.3345	-1.2826	0.00025719
-3.3345	-1.2284	7.8966e-05
-3.3345	-1.1742	0.00159
-3.3345	-1.12	0.0028848
-3.3345	-1.0658	0.00064275
-3.3345	-1.0116	0.012669
-3.3345	-0.95742	0.02678
-3.3345	-0.90323	0.0064765
-3.3345	-0.84903	0.18411
-3.3345	-0.79484	0.93308
-3.3345	-0.74065	1.8105
-3.3345	-0.68645	1.7061
-3.3345	-0.63226	0.68216
-3.3345	-0.57806	0.046331
-3.3345	-0.52387	0.13331
-3.3345	-0.46968	0.15869
-3.3345	-0.41548	0.018761
-3.3345	-0.36129	0.061088
-3.3345	-0.3071	0.091273
-3.3345	-0.2529	0.013325
-3.3345	-0.19871	0.03797
-3.3345	-0.14452	0.064569
-3.3345	-0.090324	0.010624
-3.3345	-0.036129	0.027409
-3.3345	0.018065	0.051357
-3.3345	0.072258	0.00983
-3.3345	0.12645	0.018236
-3.3345	0.18065	0.038121
-3.3345	0.23484	0.0081565
-3.3345	0.28903	0.011389
-3.3345	0.34323	0.025345
-3.3345	0.39742	0.0057215
-3.3345	0.45161	0.0056408
-3.3345	0.50581	0.017899
-3.3345	0.56	0.043348
-3.3345	0.61419	0.097184
-3.3345	0.66839	0.088461
-3.3345	0.72258	0.019537
-3.3345	0.77677	0.0077581
-3.3345	0.83097	0.025695
-3.3345	0.88516	0.0088973
-3.3345	0.93935	0.0034544
-3.3345	0.99354	0.013494
-3.3345	1.0477	0.0053079
-3.3345	1.1019	0.0016378
-3.3345	1.1561	0.0071696
-3.3345	1.2103	0.0030227
-3.3345	1.2645	0.00079204
-3.3345	1.3187	0.0037223
-3.3345	1.3729	0.0016867
-3.3345	1.4271	0.00030649
-3.3345	1.4813	0.0015462
-3.3345	1.5355	0.00070919
-3.3345	1.5897	9.1489e-05
-3.3345	1.6439	0.00042741
-3.3345	1.6981	0.00016594
-3.3345	1.7523	1.6717e-05
-3.3345	1.8065	0.000446
-3.3345	1.8606	0.00261
-3.3345	1.9148	0.0053251
-3.3345	1.969	0.0044879
-3.3345	2.0232	0.0013098
-3.3345	2.0774	6.2613e-05
-3.3345	2.1316	0.00031615
-3.3345	2.1858	0.00018841
-3.3345	2.24	1.1404e-05
-3.3345	2.2942	5.6564e-05
-3.3345	2.3484	3.6176e-05
-3.3345	2.4026	2.0499e-06
-3.3345	2.4568	7.0072e-06
-3.2987	-2.4748	1.477e-05
-3.2987	-2.4206	6.6408e-06
-3.2987	-2.3665	1.7624e-05
-3.2987	-2.3123	8.6786e-05
-3.2987	-2.2581	4.7239e-05
-3.2987	-2.2039	0.00010925
-3.2987	-2.1497	0.00096409
-3.2987	-2.0955	0.0021166
-3.2987	-2.0413	0.0020585
-3.2987	-1.9871	0.00091417
-3.2987	-1.9329	0.00012645
-3.2987	-1.8787	9.0103e-06
-3.2987	-1.8245	2.1837e-05
-3.2987	-1.7703	4.6064e-06
-3.2987	-1.7161	2.4688e-07
-3.2987	-1.6619	1.0499e-06
-3.2987	-1.6077	6.5379e-07
-3.2987	-1.5535	1.1305e-07
-3.2987	-1.4994	1.0181e-07
-3.2987	-1.4452	6.6691e-07
-3.2987	-1.391	2.3114e-06
-3.2987	-1.3368	4.8047e-05
-3.2987	-1.2826	7.9538e-05
-3.2987	-1.2284	4.6105e-05
-3.2987	-1.1742	0.00076538
-3.2987	-1.12	0.0011385
-3.2987	-1.0658	0.00039936
-3.2987	-1.0116	0.007404
-3.2987	-0.95742	0.012812
-3.2987	-0.90323	0.0044373
-3.2987	-0.84903	0.13336
-3.2987	-0.79484	0.60798
-3.2987	-0.74065	1.1244
-3.2987	-0.68645	1.0119
-3.2987	-0.63226	0.36851
-3.2987	-0.57806	0.021272
-3.2987	-0.52387	0.10923
-3.2987	-0.46968	0.10609
-3.2987	-0.41548	0.0101
-3.2987	-0.36129	0.059536
-3.2987	-0.3071	0.072642
-3.2987	-0.2529	0.0083183
-3.2987	-0.19871	0.044498
-3.2987	-0.14452	0.062346
-3.2987	-0.090324	0.0080635
-3.2987	-0.036129	0.040186
-3.2987	0.018065	0.063384
-3.2987	0.072258	0.0096018
-3.2987	0.12645	0.037475
-3.2987	0.18065	0.068325
-3.2987	0.23484	0.012295
-3.2987	0.28903	0.039976
-3.2987	0.34323	0.087411
-3.2987	0.39742	0.019779
-3.2987	0.45161	0.070001
-3.2987	0.50581	0.27616
-3.2987	0.56	0.30606
-3.2987	0.61419	0.13918
-3.2987	0.66839	0.024211
-3.2987	0.72258	0.0013202
-3.2987	0.77677	0.0013744
-3.2987	0.83097	0.005772
-3.2987	0.88516	0.0023254
-3.2987	0.93935	0.0022613
-3.2987	0.99354	0.0083987
-3.2987	1.0477	0.0031595
-3.2987	1.1019	0.002098
-3.2987	1.1561	0.0080505
-3.2987	1.2103	0.003118
-3.2987	1.2645	0.001652
-3.2987	1.3187	0.0067739
-3.2987	1.3729	0.0028269
-3.2987	1.4271	0.0011096
-3.2987	1.4813	0.0050645
-3.2987	1.5355	0.0022947
-3.2987	1.5897	0.00072113
-3.2987	1.6439	0.0037272
-3.2987	1.6981	0.0019019
-3.2987	1.7523	0.00054642
-3.2987	1.8065	0.0039721
-3.2987	1.8606	0.004507
-3.2987	1.9148	0.0018216
-3.2987	1.969	0.00051575
-3.2987	2.0232	0.0001782
-3.2987	2.0774	2.1628e-05
-3.2987	2.1316	0.00015447
-3.2987	2.1858	9.7337e-05
-3.2987	2.24	8.5992e-06
-3.2987	2.2942	5.4933e-05
-3.2987	2.3484	3.2813e-05
-3.2987	2.4026	2.1024e-06
-3.2987	2.4568	1.029e-05
-3.263	-2.4748	5.7061e-06
-3.263	-2.4206	2.0839e-06
-3.263	-2.3665	1.4923e-05
-3.263	-2.3123	6.3126e-05
-3.263	-2.2581	2.8416e-05
-3.263	-2.2039	0.00015335
-3.263	-2.1497	0.0012264
-3.263	-2.0955	0.002814
-3.263	-2.0413	0.002955
-3.263	-1.9871	0.0014157
-3.263	-1.9329	0.00019284
-3.263	-1.8787	3.8719e-05
-3.263	-1.8245	8.8561e-05
-3.263	-1.7703	2.0799e-05
-3.263	-1.7161	2.8395e-06
-3.263	-1.6619	6.0983e-06
-3.263	-1.6077	1.08e-06
-3.263	-1.5535	3.593e-08
-3.263	-1.4994	8.353e-09
-3.263	-1.4452	5.414e-08
-3.263	-1.391	7.4264e-07
-3.263	-1.3368	1.2073e-05
-3.263	-1.2826	1.8182e-05
-3.263	-1.2284	2.6948e-05
-3.263	-1.1742	0.00035147
-3.263	-1.12	0.00044504
-3.263	-1.0658	0.00031976
-3.263	-1.0116	0.0047072
-3.263	-0.95742	0.0067619
-3.263	-0.90323	0.0044746
-3.263	-0.84903	0.11157
-3.263	-0.79484	0.46733
-3.263	-0.74065	0.82918
-3.263	-0.68645	0.71188
-3.263	-0.63226	0.23236
-3.263	-0.57806	0.014909
-3.263	-0.52387	0.10281
-3.263	-0.46968	0.080957
-3.263	-0.41548	0.0077108
-3.263	-0.36129	0.064501
-3.263	-0.3071	0.063458
-3.263	-0.2529	0.0065534
-3.263	-0.19871	0.054738
-3.263	-0.14452	0.061794
-3.263	-0.090324	0.0068557
-3.263	-0.036129	0.056731
-3.263	0.018065	0.072552
-3.263	0.072258	0.0087724
-3.263	0.12645	0.063903
-3.263	0.18065	0.095485
-3.263	0.23484	0.013466
-3.263	0.28903	0.08792
-3.263	0.34323	0.16339
-3.263	0.39742	0.029913
-3.263	0.45161	0.24545
-3.263	0.50581	0.96732
-3.263	0.56	1.2781
-3.263	0.61419	0.78883
-3.263	0.66839	0.20905
-3.263	0.72258	0.011231
-3.263	0.77677	0.0056598
-3.263	0.83097	0.0040214
-3.263	0.88516	0.00025082
-3.263	0.93935	0.00021468
-3.263	0.99354	0.00092792
-3.263	1.0477	0.00044466
-3.263	1.1019	0.00077263
-3.263	1.1561	0.0029448
-3.263	1.2103	0.0010982
-3.263	1.2645	0.0012118
-3.263	1.3187	0.0044209
-3.263	1.3729	0.0016465
-3.263	1.4271	0.0014034
-3.263	1.4813	0.0054589
-3.263	1.5355	0.002214
-3.263	1.5897	0.0015418
-3.263	1.6439	0.0069961
-3.263	1.6981	0.0033929
-3.263	1.7523	0.0025228
-3.263	1.8065	0.019145
-3.263	1.8606	0.030362
-3.263	1.9148	0.020218
-3.263	1.969	0.0058957
-3.263	2.0232	0.0005074
-3.263	2.0774	1.6151e-05
-3.263	2.1316	2.5602e-05
-3.263	2.1858	9.8027e-06
-3.263	2.24	2.279e-06
-3.263	2.2942	1.9858e-05
-3.263	2.3484	1.3827e-05
-3.263	2.4026	1.497e-06
-3.263	2.4568	8.7884e-06
-3.2273	-2.4748	4.2853e-07
-3.2273	-2.4206	1.5717e-07
-3.2273	-2.3665	4.2196e-06
-3.2273	-2.3123	1.6476e-05
-3.2273	-2.2581	6.2568e-06
-3.2273	-2.2039	8.7559e-05
-3.2273	-2.1497	0.00065633
-3.2273	-2.0955	0.001575
-3.2273	-2.0413	0.001752
-3.2273	-1.9871	0.00086873
-3.2273	-1.9329	0.00010744
-3.2273	-1.8787	4.9847e-05
-3.2273	-1.8245	9.6095e-05
-3.2273	-1.7703	2.0076e-05
-3.2273	-1.7161	7.2835e-06
-3.2273	-1.6619	1.3921e-05
-3.2273	-1.6077	2.4448e-06
-3.2273	-1.5535	1.5333e-07
-3.2273	-1.4994	6.5316e-08
-3.2273	-1.4452	2.3244e-07
-3.2273	-1.391	4.2208e-07
-3.2273	-1.3368	1.6434e-06
-3.2273	-1.2826	9.6588e-07
-3.2273	-1.2284	5.6877e-06
-3.2273	-1.1742	6.9262e-05
-3.2273	-1.12	8.9723e-05
-3.2273	-1.0658	0.00016915
-3.2273	-1.0116	0.0021329
-3.2273	-0.95742	0.0027551
-3.2273	-0.90323	0.0040461
-3.2273	-0.84903	0.084063
-3.2273	-0.79484	0.34559
-3.2273	-0.74065	0.61731
-3.2273	-0.68645	0.5247
-3.2273	-0.63226	0.15626
-3.2273	-0.57806	0.016341
-3.2273	-0.52387	0.10849
-3.2273	-0.46968	0.070711
-3.2273	-0.41548	0.0097923
-3.2273	-0.36129	0.08275
-3.2273	-0.3071	0.066449
-3.2273	-0.2529	0.0086848
-3.2273	-0.19871	0.08188
-3.2273	-0.14452	0.074825
-3.2273	-0.090324	0.009636
-3.2273	-0.036129	0.097162
-3.2273	0.018065	0.1004
-3.2273	0.072258	0.012239
-3.2273	0.12645	0.12758
-3.2273	0.18065	0.15431
-3.2273	0.23484	0.019548
-3.2273	0.28903	0.20817
-3.2273	0.34323	0.31771
-3.2273	0.39742	0.050243
-3.2273	0.45161	0.75935
-3.2273	0.50581	2.7242
-3.2273	0.56	3.6174
-3.2273	0.61419	2.3183
-3.2273	0.66839	0.63708
-3.2273	0.72258	0.031137
-3.2273	0.77677	0.042043
-3.2273	0.83097	0.034314
-3.2273	0.88516	0.0026822
-3.2273	0.93935	0.0036002
-3.2273	0.99354	0.0029059
-3.2273	1.0477	0.00019307
-3.2273	1.1019	0.00017285
-3.2273	1.1561	0.00026728
-3.2273	1.2103	0.00012967
-3.2273	1.2645	0.00033432
-3.2273	1.3187	0.0013476
-3.2273	1.3729	0.00047959
-3.2273	1.4271	0.0009484
-3.2273	1.4813	0.0032077
-3.2273	1.5355	0.0011067
-3.2273	1.5897	0.0016871
-3.2273	1.6439	0.006363
-3.2273	1.6981	0.0026025
-3.2273	1.7523	0.0044421
-3.2273	1.8065	0.02974
-3.2273	1.8606	0.050199
-3.2273	1.9148	0.037963
-3.2273	1.969	0.013132
-3.2273	2.0232	0.0013298
-3.2273	2.0774	0.00014684
-3.2273	2.1316	0.00025827
-3.2273	2.1858	4.0694e-05
-3.2273	2.24	4.3065e-06
-3.2273	2.2942	5.7658e-06
-3.2273	2.3484	8.9283e-07
-3.2273	2.4026	1.8238e-07
-3.2273	2.4568	1.4534e-06
-3.1916	-2.4748	2.6192e-06
-3.1916	-2.4206	3.7727e-07
-3.1916	-2.3665	1.2673e-06
-3.1916	-2.3123	1.9863e-06
-3.1916	-2.2581	5.7096e-07
-3.1916	-2.2039	2.4231e-05
-3.1916	-2.1497	0.00019091
-3.1916	-2.0955	0.00052076
-3.1916	-2.0413	0.00064162
-3.1916	-1.9871	0.00033218
-3.1916	-1.9329	3.5864e-05
-3.1916	-1.8787	3.6937e-05
-3.1916	-1.8245	5.8706e-05
-3.1916	-1.7703	9.9658e-06
-3.1916	-1.7161	8.1362e-06
-3.1916	-1.6619	1.2382e-05
-3.1916	-1.6077	1.7632e-06
-3.1916	-1.5535	2.3536e-07
-3.1916	-1.4994	1.3691e-07
-3.1916	-1.4452	3.8286e-07
-3.1916	-1.391	2.5076e-06
-3.1916	-1.3368	1.1591e-05
-3.1916	-1.2826	4.9079e-06
-3.1916	-1.2284	7.1117e-06
-3.1916	-1.1742	1.8888e-05
-3.1916	-1.12	5.0423e-06
-3.1916	-1.0658	1.6013e-05
-3.1916	-1.0116	0.00020533
-3.1916	-0.95742	0.00030001
-3.1916	-0.90323	0.0012277
-3.1916	-0.84903	0.024633
-3.1916	-0.79484	0.1108
-3.1916	-0.74065	0.21612
-3.1916	-0.68645	0.19399
-3.1916	-0.63226	0.054913
-3.1916	-0.57806	0.011927
-3.1916	-0.52387	0.066507
-3.1916	-0.46968	0.037541
-3.1916	-0.41548	0.0099515
-3.1916	-0.36129	0.070992
-3.1916	-0.3071	0.048681
-3.1916	-0.2529	0.011185
-3.1916	-0.19871	0.093494
-3.1916	-0.14452	0.072314
-3.1916	-0.090324	0.01526
-3.1916	-0.036129	0.14233
-3.1916	0.018065	0.12361
-3.1916	0.072258	0.022393
-3.1916	0.12645	0.23867
-3.1916	0.18065	0.24123
-3.1916	0.23484	0.039169
-3.1916	0.28903	0.49024
-3.1916	0.34323	0.62542
-3.1916	0.39742	0.11755
-3.1916	0.45161	2.3543
-3.1916	0.50581	7.7338
-3.1916	0.56	10.069
-3.1916	0.61419	6.3869
-3.1916	0.66839	1.6763
-3.1916	0.72258	0.068784
-3.1916	0.77677	0.19203
-3.1916	0.83097	0.13897
-3.1916	0.88516	0.0094886
-3.1916	0.93935	0.028809
-3.1916	0.99354	0.024596
-3.1916	1.0477	0.0018922
-3.1916	1.1019	0.0046112
-3.1916	1.1561	0.0037422
-3.1916	1.2103	0.00024424
-3.1916	1.2645	0.00045565
-3.1916	1.3187	0.00027294
-3.1916	1.3729	4.3071e-05
-3.1916	1.4271	0.00025019
-3.1916	1.4813	0.0010216
-3.1916	1.5355	0.00034943
-3.1916	1.5897	0.0013137
-3.1916	1.6439	0.0044461
-3.1916	1.6981	0.0015163
-3.1916	1.7523	0.005978
-3.1916	1.8065	0.035301
-3.1916	1.8606	0.060116
-3.1916	1.9148	0.046998
-3.1916	1.969	0.016632
-3.1916	2.0232	0.0015451
-3.1916	2.0774	0.00040284
-3.1916	2.1316	0.00062347
-3.1916	2.1858	9.9964e-05
-3.1916	2.24	2.7238e-05
-3.1916	2.2942	4.5259e-05
-3.1916	2.3484	7.0034e-06
-3.1916	2.4026	1.1037e-06
-3.1916	2.4568	1.3077e-06
-3.1558	-2.4748	1.378e-05
-3.1558	-2.4206	1.9065e-06
-3.1558	-2.3665	1.8801e-05
-3.1558	-2.3123	2.468e-05
-3.1558	-2.2581	3.3952e-06
-3.1558	-2.2039	3.8005e-05
-3.1558	-2.1497	9.2489e-05
-3.1558	-2.0955	0.00011305
-3.1558	-2.0413	0.0001239
-3.1558	-1.9871	7.5623e-05
-3.1558	-1.9329	8.4652e-06
-3.1558	-1.8787	1.9502e-05
-3.1558	-1.8245	2.8395e-05
-3.1558	-1.7703	4.1308e-06
-3.1558	-1.7161	7.2572e-06
-3.1558	-1.6619	8.9443e-06
-3.1558	-1.6077	9.819e-07
-3.1558	-1.5535	2.5743e-07
-3.1558	-1.4994	2.2495e-07
-3.1558	-1.4452	4.0887e-07
-3.1558	-1.391	5.8186e-06
-3.1558	-1.3368	2.3075e-05
-3.1558	-1.2826	8.0455e-06
-3.1558	-1.2284	3.4076e-05
-3.1558	-1.1742	0.00010563
-3.1558	-1.12	3.2275e-05
-3.1558	-1.0658	7.5056e-05
-3.1558	-1.0116	0.00020605
-3.1558	-0.95742	5.2531e-05
-3.1558	-0.90323	0.0001117
-3.1558	-0.84903	0.0014466
-3.1558	-0.79484	0.0094019
-3.1558	-0.74065	0.02519
-3.1558	-0.68645	0.027181
-3.1558	-0.63226	0.0075868
-3.1558	-0.57806	0.0040415
-3.1558	-0.52387	0.018083
-3.1558	-0.46968	0.0086245
-3.1558	-0.41548	0.004958
-3.1558	-0.36129	0.027373
-3.1558	-0.3071	0.015575
-3.1558	-0.2529	0.0072748
-3.1558	-0.19871	0.047549
-3.1558	-0.14452	0.030705
-3.1558	-0.090324	0.012404
-3.1558	-0.036129	0.093159
-3.1558	0.018065	0.068286
-3.1558	0.072258	0.023118
-3.1558	0.12645	0.20633
-3.1558	0.18065	0.17832
-3.1558	0.23484	0.05034
-3.1558	0.28903	0.57115
-3.1558	0.34323	0.63119
-3.1558	0.39742	0.20026
-3.1558	0.45161	3.9542
-3.1558	0.50581	12.527
-3.1558	0.56	16.567
-3.1558	0.61419	10.692
-3.1558	0.66839	2.7179
-3.1558	0.72258	0.11391
-3.1558	0.77677	0.53129
-3.1558	0.83097	0.34032
-3.1558	0.88516	0.022382
-3.1558	0.93935	0.11977
-3.1558	0.99354	0.093029
-3.1558	1.0477	0.0068001
-3.1558	1.1019	0.033023
-3.1558	1.1561	0.027404
-3.1558	1.2103	0.002025
-3.1558	1.2645	0.0090972
-3.1558	1.3187	0.0074503
-3.1558	1.3729	0.00053126
-3.1558	1.4271	0.00134
-3.1558	1.4813	0.00086908
-3.1558	1.5355	5.2406e-05
-3.1558	1.5897	0.00029796
-3.1558	1.6439	0.0013522
-3.1558	1.6981	0.00049576
-3.1558	1.7523	0.0055806
-3.1558	1.8065	0.033181
-3.1558	1.8606	0.060847
-3.1558	1.9148	0.050576
-3.1558	1.969	0.018232
-3.1558	2.0232	0.0014676
-3.1558	2.0774	0.00084494
-3.1558	2.1316	0.0010816
-3.1558	2.1858	0.00014696
-3.1558	2.24	8.508e-05
-3.1558	2.2942	0.00012345
-3.1558	2.3484	1.8077e-05
-3.1558	2.4026	6.5216e-06
-3.1558	2.4568	8.4555e-06
-3.1201	-2.4748	3.067e-05
-3.1201	-2.4206	6.7702e-06
-3.1201	-2.3665	8.8647e-05
-3.1201	-2.3123	0.00011149
-3.1201	-2.2581	2.3594e-05
-3.1201	-2.2039	0.00043714
-3.1201	-2.1497	0.0012281
-3.1201	-2.0955	0.0012962
-3.1201	-2.0413	0.00062063
-3.1201	-1.9871	0.00011869
-3.1201	-1.9329	4.36e-06
-3.1201	-1.8787	5.1205e-06
-3.1201	-1.8245	7.2648e-06
-3.1201	-1.7703	1.388e-06
-3.1201	-1.7161	3.8846e-06
-3.1201	-1.6619	4.4951e-06
-3.1201	-1.6077	4.3439e-07
-3.1201	-1.5535	2.0456e-07
-3.1201	-1.4994	3.4512e-07
-3.1201	-1.4452	4.4189e-07
-3.1201	-1.391	1.0339e-05
-3.1201	-1.3368	3.3845e-05
-3.1201	-1.2826	9.1577e-06
-3.1201	-1.2284	8.7426e-05
-3.1201	-1.1742	0.00023558
-3.1201	-1.12	5.9482e-05
-3.1201	-1.0658	0.00035435
-3.1201	-1.0116	0.001031
-3.1201	-0.95742	0.00029662
-3.1201	-0.90323	0.0016824
-3.1201	-0.84903	0.008228
-3.1201	-0.79484	0.011155
-3.1201	-0.74065	0.0060968
-3.1201	-0.68645	0.0016504
-3.1201	-0.63226	0.00028487
-3.1201	-0.57806	0.00063083
-3.1201	-0.52387	0.0027127
-3.1201	-0.46968	0.0011704
-3.1201	-0.41548	0.0018117
-3.1201	-0.36129	0.0078272
-3.1201	-0.3071	0.0035847
-3.1201	-0.2529	0.0037266
-3.1201	-0.19871	0.018144
-3.1201	-0.14452	0.0092569
-3.1201	-0.090324	0.0074873
-3.1201	-0.036129	0.041804
-3.1201	0.018065	0.024212
-3.1201	0.072258	0.016153
-3.1201	0.12645	0.10716
-3.1201	0.18065	0.074103
-3.1201	0.23484	0.040184
-3.1201	0.28903	0.34763
-3.1201	0.34323	0.3131
-3.1201	0.39742	0.19265
-3.1201	0.45161	3.0698
-3.1201	0.50581	9.1089
-3.1201	0.56	11.83
-3.1201	0.61419	7.5096
-3.1201	0.66839	1.7737
-3.1201	0.72258	0.10211
-3.1201	0.77677	0.56022
-3.1201	0.83097	0.31295
-3.1201	0.88516	0.02599
-3.1201	0.93935	0.17754
-3.1201	0.99354	0.12297
-3.1201	1.0477	0.010413
-3.1201	1.1019	0.073935
-3.1201	1.1561	0.056911
-3.1201	1.2103	0.0048628
-3.1201	1.2645	0.034767
-3.1201	1.3187	0.028842
-3.1201	1.3729	0.0023367
-3.1201	1.4271	0.013958
-3.1201	1.4813	0.012142
-3.1201	1.5355	0.00094507
-3.1201	1.5897	0.0042214
-3.1201	1.6439	0.0033636
-3.1201	1.6981	0.0002201
-3.1201	1.7523	0.001223
-3.1201	1.8065	0.0089882
-3.1201	1.8606	0.025882
-3.1201	1.9148	0.029555
-3.1201	1.969	0.012734
-3.1201	2.0232	0.00096491
-3.1201	2.0774	0.0013077
-3.1201	2.1316	0.0014776
-3.1201	2.1858	0.00016814
-3.1201	2.24	0.0002052
-3.1201	2.2942	0.00025347
-3.1201	2.3484	3.1101e-05
-3.1201	2.4026	2.3041e-05
-3.1201	2.4568	2.5659e-05
-3.0844	-2.4748	1.7986e-05
-3.0844	-2.4206	8.6605e-06
-3.0844	-2.3665	0.0001038
-3.0844	-2.3123	0.0001214
-3.0844	-2.2581	5.2452e-05
-3.0844	-2.2039	0.0010164
-3.0844	-2.1497	0.0031639
-3.0844	-2.0955	0.0040069
-3.0844	-2.0413	0.0023805
-3.0844	-1.9871	0.00053943
-3.0844	-1.9329	1.8031e-05
-3.0844	-1.8787	5.3229e-05
-3.0844	-1.8245	2.6663e-05
-3.0844	-1.7703	1.6425e-06
-3.0844	-1.7161	1.2608e-06
-3.0844	-1.6619	1.0804e-06
-3.0844	-1.6077	1.71e-07
-3.0844	-1.5535	5.7935e-08
-3.0844	-1.4994	3.3827e-07
-3.0844	-1.4452	4.3015e-07
-3.0844	-1.391	1.2937e-05
-3.0844	-1.3368	3.6575e-05
-3.0844	-1.2826	9.5626e-06
-3.0844	-1.2284	0.00016941
-3.0844	-1.1742	0.00038768
-3.0844	-1.12	8.0901e-05
-3.0844	-1.0658	0.0010209
-3.0844	-1.0116	0.0026038
-3.0844	-0.95742	0.0006307
-3.0844	-0.90323	0.0084515
-3.0844	-0.84903	0.043941
-3.0844	-0.79484	0.076798
-3.0844	-0.74065	0.062243
-3.0844	-0.68645	0.021737
-3.0844	-0.63226	0.0016867
-3.0844	-0.57806	0.00065251
-3.0844	-0.52387	0.00066283
-3.0844	-0.46968	8.4628e-05
-3.0844	-0.41548	0.00027309
-3.0844	-0.36129	0.0011913
-3.0844	-0.3071	0.00049812
-3.0844	-0.2529	0.0016
-3.0844	-0.19871	0.0062648
-3.0844	-0.14452	0.0025638
-3.0844	-0.090324	0.0045763
-3.0844	-0.036129	0.019539
-3.0844	0.018065	0.0087965
-3.0844	0.072258	0.011984
-3.0844	0.12645	0.059111
-3.0844	0.18065	0.031695
-3.0844	0.23484	0.033837
-3.0844	0.28903	0.21518
-3.0844	0.34323	0.15101
-3.0844	0.39742	0.18475
-3.0844	0.45161	2.233
-3.0844	0.50581	6.0137
-3.0844	0.56	7.3421
-3.0844	0.61419	4.3496
-3.0844	0.66839	0.88711
-3.0844	0.72258	0.088723
-3.0844	0.77677	0.40768
-3.0844	0.83097	0.18479
-3.0844	0.88516	0.024739
-3.0844	0.93935	0.14999
-3.0844	0.99354	0.085524
-3.0844	1.0477	0.010747
-3.0844	1.1019	0.075706
-3.0844	1.1561	0.049282
-3.0844	1.2103	0.0059771
-3.0844	1.2645	0.046265
-3.0844	1.3187	0.033937
-3.0844	1.3729	0.0035232
-3.0844	1.4271	0.028831
-3.0844	1.4813	0.023944
-3.0844	1.5355	0.002333
-3.0844	1.5897	0.019364
-3.0844	1.6439	0.018582
-3.0844	1.6981	0.0019366
-3.0844	1.7523	0.01913
-3.0844	1.8065	0.034094
-3.0844	1.8606	0.019215
-3.0844	1.9148	0.0048393
-3.0844	1.969	0.0013079
-3.0844	2.0232	0.00013237
-3.0844	2.0774	0.00057764
-3.0844	2.1316	0.0007328
-3.0844	2.1858	8.22e-05
-3.0844	2.24	0.00022982
-3.0844	2.2942	0.00026983
-3.0844	2.3484	2.9199e-05
-3.0844	2.4026	4.5427e-05
-3.0844	2.4568	4.4943e-05
-3.0487	-2.4748	4.1627e-06
-3.0487	-2.4206	4.8805e-06
-3.0487	-2.3665	4.4881e-05
-3.0487	-2.3123	4.4359e-05
-3.0487	-2.2581	4.2407e-05
-3.0487	-2.2039	0.00068959
-3.0487	-2.1497	0.0021658
-3.0487	-2.0955	0.0029254
-3.0487	-2.0413	0.0018765
-3.0487	-1.9871	0.00043844
-3.0487	-1.9329	2.0732e-05
-3.0487	-1.8787	9.8675e-05
-3.0487	-1.8245	4.8524e-05
-3.0487	-1.7703	2.5206e-06
-3.0487	-1.7161	8.9029e-06
-3.0487	-1.6619	3.983e-06
-3.0487	-1.6077	1.6555e-07
-3.0487	-1.5535	4.905e-08
-3.0487	-1.4994	6.5601e-08
-3.0487	-1.4452	1.3049e-07
-3.0487	-1.391	4.1212e-06
-3.0487	-1.3368	1.2218e-05
-3.0487	-1.2826	6.2134e-06
-3.0487	-1.2284	0.00014593
-3.0487	-1.1742	0.00031039
-3.0487	-1.12	7.6896e-05
-3.0487	-1.0658	0.0016409
-3.0487	-1.0116	0.003794
-3.0487	-0.95742	0.0009074
-3.0487	-0.90323	0.023322
-3.0487	-0.84903	0.11939
-3.0487	-0.79484	0.22462
-3.0487	-0.74065	0.20146
-3.0487	-0.68645	0.077469
-3.0487	-0.63226	0.0056704
-3.0487	-0.57806	0.0076564
-3.0487	-0.52387	0.0089482
-3.0487	-0.46968	0.0011277
-3.0487	-0.41548	0.00098815
-3.0487	-0.36129	0.0011728
-3.0487	-0.3071	0.00016287
-3.0487	-0.2529	0.00022147
-3.0487	-0.19871	0.00089099
-3.0487	-0.14452	0.00036676
-3.0487	-0.090324	0.0020976
-3.0487	-0.036129	0.0077154
-3.0487	0.018065	0.0028239
-3.0487	0.072258	0.0088058
-3.0487	0.12645	0.034361
-3.0487	0.18065	0.014342
-3.0487	0.23484	0.031398
-3.0487	0.28903	0.15243
-3.0487	0.34323	0.082341
-3.0487	0.39742	0.20362
-3.0487	0.45161	1.924
-3.0487	0.50581	4.7437
-3.0487	0.56	5.436
-3.0487	0.61419	2.9773
-3.0487	0.66839	0.508
-3.0487	0.72258	0.098381
-3.0487	0.77677	0.33397
-3.0487	0.83097	0.11922
-3.0487	0.88516	0.029496
-3.0487	0.93935	0.13372
-3.0487	0.99354	0.060297
-3.0487	1.0477	0.013479
-3.0487	1.1019	0.073809
-3.0487	1.1561	0.038417
-3.0487	1.2103	0.0079973
-3.0487	1.2645	0.050294
-3.0487	1.3187	0.030083
-3.0487	1.3729	0.0050758
-3.0487	1.4271	0.03771
-3.0487	1.4813	0.026321
-3.0487	1.5355	0.0038697
-3.0487	1.5897	0.03434
-3.0487	1.6439	0.029617
-3.0487	1.6981	0.004756
-3.0487	1.7523	0.065815
-3.0487	1.8065	0.14128
-3.0487	1.8606	0.11749
-3.0487	1.9148	0.04467
-3.0487	1.969	0.0062687
-3.0487	2.0232	0.00010761
-3.0487	2.0774	0.0001518
-3.0487	2.1316	4.695e-05
-3.0487	2.1858	4.7512e-06
-3.0487	2.24	4.1761e-05
-3.0487	2.2942	6.0156e-05
-3.0487	2.3484	6.9074e-06
-3.0487	2.4026	2.3812e-05
-3.0487	2.4568	2.3026e-05
-3.0129	-2.4748	5.3789e-07
-3.0129	-2.4206	1.9358e-06
-3.0129	-2.3665	1.3694e-05
-3.0129	-2.3123	1.1051e-05
-3.0129	-2.2581	2.432e-05
-3.0129	-2.2039	0.00031841
-3.0129	-2.1497	0.00096898
-3.0129	-2.0955	0.0013118
-3.0129	-2.0413	0.00083761
-3.0129	-1.9871	0.00018075
-3.0129	-1.9329	1.5392e-05
-3.0129	-1.8787	6.9642e-05
-3.0129	-1.8245	2.9737e-05
-3.0129	-1.7703	2.3425e-06
-3.0129	-1.7161	1.0918e-05
-3.0129	-1.6619	4.2769e-06
-3.0129	-1.6077	1.2447e-07
-3.0129	-1.5535	1.0006e-07
-3.0129	-1.4994	1.0888e-07
-3.0129	-1.4452	8.6137e-08
-3.0129	-1.391	1.1796e-06
-3.0129	-1.3368	1.3382e-06
-3.0129	-1.2826	9.1082e-07
-3.0129	-1.2284	1.6916e-05
-3.0129	-1.1742	3.8693e-05
-3.0129	-1.12	2.496e-05
-3.0129	-1.0658	0.00061834
-3.0129	-1.0116	0.0013993
-3.0129	-0.95742	0.00051146
-3.0129	-0.90323	0.018713
-3.0129	-0.84903	0.10058
-3.0129	-0.79484	0.21086
-3.0129	-0.74065	0.21146
-3.0129	-0.68645	0.087455
-3.0129	-0.63226	0.0059116
-3.0129	-0.57806	0.019028
-3.0129	-0.52387	0.021499
-3.0129	-0.46968	0.002436
-3.0129	-0.41548	0.0070459
-3.0129	-0.36129	0.0092388
-3.0129	-0.3071	0.0012449
-3.0129	-0.2529	0.0020536
-3.0129	-0.19871	0.0024296
-3.0129	-0.14452	0.00032196
-3.0129	-0.090324	0.00038037
-3.0129	-0.036129	0.000898
-3.0129	0.018065	0.00036634
-3.0129	0.072258	0.0039492
-3.0129	0.12645	0.014513
-3.0129	0.18065	0.0051717
-3.0129	0.23484	0.026384
-3.0129	0.28903	0.10675
-3.0129	0.34323	0.045325
-3.0129	0.39742	0.23778
-3.0129	0.45161	1.8703
-3.0129	0.50581	4.3451
-3.0129	0.56	4.754
-3.0129	0.61419	2.4244
-3.0129	0.66839	0.33903
-3.0129	0.72258	0.13126
-3.0129	0.77677	0.32732
-3.0129	0.83097	0.090279
-3.0129	0.88516	0.043091
-3.0129	0.93935	0.14196
-3.0129	0.99354	0.049489
-3.0129	1.0477	0.021017
-3.0129	1.1019	0.083748
-3.0129	1.1561	0.033939
-3.0129	1.2103	0.013178
-3.0129	1.2645	0.061058
-3.0129	1.3187	0.028786
-3.0129	1.3729	0.0090496
-3.0129	1.4271	0.050829
-3.0129	1.4813	0.02845
-3.0129	1.5355	0.0075687
-3.0129	1.5897	0.053934
-3.0129	1.6439	0.038381
-3.0129	1.6981	0.01138
-3.0129	1.7523	0.14018
-3.0129	1.8065	0.29246
-3.0129	1.8606	0.2558
-3.0129	1.9148	0.10673
-3.0129	1.969	0.016582
-3.0129	2.0232	0.00043831
-3.0129	2.0774	0.0013745
-3.0129	2.1316	0.00043838
-3.0129	2.1858	1.3308e-05
-3.0129	2.24	3.403e-05
-3.0129	2.2942	7.8492e-06
-3.0129	2.3484	3.0921e-07
-3.0129	2.4026	2.1802e-06
-3.0129	2.4568	2.7435e-06
-2.9772	-2.4748	2.9808e-08
-2.9772	-2.4206	3.8446e-07
-2.9772	-2.3665	2.315e-06
-2.9772	-2.3123	1.6158e-06
-2.9772	-2.2581	9.9464e-06
-2.9772	-2.2039	0.00011351
-2.9772	-2.1497	0.00035
-2.9772	-2.0955	0.00048614
-2.9772	-2.0413	0.00031077
-2.9772	-1.9871	6.0566e-05
-2.9772	-1.9329	1.058e-05
-2.9772	-1.8787	3.7902e-05
-2.9772	-1.8245	1.3468e-05
-2.9772	-1.7703	2.1018e-06
-2.9772	-1.7161	8.0256e-06
-2.9772	-1.6619	2.5643e-06
-2.9772	-1.6077	9.673e-08
-2.9772	-1.5535	7.6261e-08
-2.9772	-1.4994	2.0761e-07
-2.9772	-1.4452	3.7332e-07
-2.9772	-1.391	4.9052e-06
-2.9772	-1.3368	5.2236e-06
-2.9772	-1.2826	1.2963e-06
-2.9772	-1.2284	1.1099e-05
-2.9772	-1.1742	8.4572e-06
-2.9772	-1.12	3.061e-06
-2.9772	-1.0658	4.141e-05
-2.9772	-1.0116	9.3889e-05
-2.9772	-0.95742	0.0001047
-2.9772	-0.90323	0.0038616
-2.9772	-0.84903	0.022435
-2.9772	-0.79484	0.052705
-2.9772	-0.74065	0.058384
-2.9772	-0.68645	0.025148
-2.9772	-0.63226	0.0017301
-2.9772	-0.57806	0.010833
-2.9772	-0.52387	0.011389
-2.9772	-0.46968	0.0012186
-2.9772	-0.41548	0.0076671
-2.9772	-0.36129	0.009544
-2.9772	-0.3071	0.0011776
-2.9772	-0.2529	0.0056847
-2.9772	-0.19871	0.0073259
-2.9772	-0.14452	0.00094855
-2.9772	-0.090324	0.0035257
-2.9772	-0.036129	0.0039281
-2.9772	0.018065	0.00045026
-2.9772	0.072258	0.00099123
-2.9772	0.12645	0.0013121
-2.9772	0.18065	0.00046492
-2.9772	0.23484	0.0082657
-2.9772	0.28903	0.036253
-2.9772	0.34323	0.014425
-2.9772	0.39742	0.18697
-2.9772	0.45161	1.4224
-2.9772	0.50581	3.4426
-2.9772	0.56	3.8829
-2.9772	0.61419	1.9498
-2.9772	0.66839	0.22705
-2.9772	0.72258	0.18458
-2.9772	0.77677	0.35609
-2.9772	0.83097	0.075675
-2.9772	0.88516	0.072124
-2.9772	0.93935	0.17773
-2.9772	0.99354	0.047152
-2.9772	1.0477	0.039017
-2.9772	1.1019	0.11417
-2.9772	1.1561	0.035216
-2.9772	1.2103	0.026089
-2.9772	1.2645	0.088385
-2.9772	1.3187	0.031945
-2.9772	1.3729	0.019365
-2.9772	1.4271	0.079151
-2.9772	1.4813	0.034452
-2.9772	1.5355	0.017563
-2.9772	1.5897	0.092338
-2.9772	1.6439	0.05209
-2.9772	1.6981	0.030528
-2.9772	1.7523	0.29237
-2.9772	1.8065	0.56543
-2.9772	1.8606	0.48117
-2.9772	1.9148	0.19654
-2.9772	1.969	0.028268
-2.9772	2.0232	0.0012611
-2.9772	2.0774	0.0041817
-2.9772	2.1316	0.0012675
-2.9772	2.1858	6.8426e-05
-2.9772	2.24	0.00025073
-2.9772	2.2942	7.7568e-05
-2.9772	2.3484	3.0239e-06
-2.9772	2.4026	8.2746e-06
-2.9772	2.4568	1.5995e-06
-2.9415	-2.4748	2.2099e-07
-2.9415	-2.4206	3.6111e-07
-2.9415	-2.3665	7.2151e-07
-2.9415	-2.3123	1.5699e-07
-2.9415	-2.2581	1.8834e-06
-2.9415	-2.2039	2.0807e-05
-2.9415	-2.1497	7.5861e-05
-2.9415	-2.0955	0.000122
-2.9415	-2.0413	8.4718e-05
-2.9415	-1.9871	1.5443e-05
-2.9415	-1.9329	5.8926e-06
-2.9415	-1.8787	1.6783e-05
-2.9415	-1.8245	4.9372e-06
-2.9415	-1.7703	1.6733e-06
-2.9415	-1.7161	4.7587e-06
-2.9415	-1.6619	1.2117e-06
-2.9415	-1.6077	8.0486e-08
-2.9415	-1.5535	5.144e-08
-2.9415	-1.4994	2.1071e-07
-2.9415	-1.4452	7.1866e-07
-2.9415	-1.391	7.1892e-06
-2.9415	-1.3368	6.3293e-06
-2.9415	-1.2826	4.7142e-06
-2.9415	-1.2284	3.6779e-05
-2.9415	-1.1742	2.8315e-05
-2.9415	-1.12	1.1043e-05
-2.9415	-1.0658	8.3681e-05
-2.9415	-1.0116	5.8465e-05
-2.9415	-0.95742	2.907e-05
-2.9415	-0.90323	0.00038333
-2.9415	-0.84903	0.0018221
-2.9415	-0.79484	0.0051645
-2.9415	-0.74065	0.0070389
-2.9415	-0.68645	0.0033496
-2.9415	-0.63226	0.00033175
-2.9415	-0.57806	0.0028679
-2.9415	-0.52387	0.0027367
-2.9415	-0.46968	0.00035882
-2.9415	-0.41548	0.0032775
-2.9415	-0.36129	0.0035559
-2.9415	-0.3071	0.00046584
-2.9415	-0.2529	0.0039566
-2.9415	-0.19871	0.0045338
-2.9415	-0.14452	0.00060071
-2.9415	-0.090324	0.0048292
-2.9415	-0.036129	0.005587
-2.9415	0.018065	0.00067658
-2.9415	0.072258	0.0048158
-2.9415	0.12645	0.0053357
-2.9415	0.18065	0.00055729
-2.9415	0.23484	0.0026569
-2.9415	0.28903	0.0025366
-2.9415	0.34323	0.00051808
-2.9415	0.39742	0.023307
-2.9415	0.45161	0.24157
-2.9415	0.50581	0.7835
-2.9415	0.56	1.1042
-2.9415	0.61419	0.63524
-2.9415	0.66839	0.06861
-2.9415	0.72258	0.13267
-2.9415	0.77677	0.22673
-2.9415	0.83097	0.040075
-2.9415	0.88516	0.084122
-2.9415	0.93935	0.17303
-2.9415	0.99354	0.036717
-2.9415	1.0477	0.06379
-2.9415	1.1019	0.14891
-2.9415	1.1561	0.035833
-2.9415	1.2103	0.053245
-2.9415	1.2645	0.13937
-2.9415	1.3187	0.038642
-2.9415	1.3729	0.046547
-2.9415	1.4271	0.14275
-2.9415	1.4813	0.04761
-2.9415	1.5355	0.047338
-2.9415	1.5897	0.1846
-2.9415	1.6439	0.080361
-2.9415	1.6981	0.09377
-2.9415	1.7523	0.69117
-2.9415	1.8065	1.2232
-2.9415	1.8606	0.98559
-2.9415	1.9148	0.37875
-2.9415	1.969	0.047166
-2.9415	2.0232	0.0040831
-2.9415	2.0774	0.010694
-2.9415	2.1316	0.0027135
-2.9415	2.1858	0.00027333
-2.9415	2.24	0.00086496
-2.9415	2.2942	0.00024314
-2.9415	2.3484	1.7589e-05
-2.9415	2.4026	5.206e-05
-2.9415	2.4568	1.1681e-05
-2.9058	-2.4748	3.9525e-07
-2.9058	-2.4206	2.4281e-06
-2.9058	-2.3665	5.2884e-06
-2.9058	-2.3123	1.1039e-06
-2.9058	-2.2581	7.2735e-06
-2.9058	-2.2039	2.5835e-05
-2.9058	-2.1497	2.9886e-05
-2.9058	-2.0955	2.1464e-05
-2.9058	-2.0413	1.2171e-05
-2.9058	-1.9871	2.2018e-06
-2.9058	-1.9329	1.9897e-06
-2.9058	-1.8787	5.1082e-06
-2.9058	-1.8245	1.2931e-06
-2.9058	-1.7703	1.0612e-06
-2.9058	-1.7161	2.2951e-06
-2.9058	-1.6619	4.6085e-07
-2.9058	-1.6077	5.8757e-08
-2.9058	-1.5535	4.229e-08
-2.9058	-1.4994	1.5635e-07
-2.9058	-1.4452	1.031e-06
-2.9058	-1.391	7.6708e-06
-2.9058	-1.3368	5.1659e-06
-2.9058	-1.2826	9.2899e-06
-2.9058	-1.2284	5.5637e-05
-2.9058	-1.1742	3.5115e-05
-2.9058	-1.12	3.6995e-05
-2.9058	-1.0658	0.0002454
-2.9058	-1.0116	0.00017148
-2.9058	-0.95742	0.00018206
-2.9058	-0.90323	0.0018954
-2.9058	-0.84903	0.0040538
-2.9058	-0.79484	0.0036339
-2.9058	-0.74065	0.0015921
-2.9058	-0.68645	0.00034881
-2.9058	-0.63226	3.6404e-05
-2.9058	-0.57806	0.00035895
-2.9058	-0.52387	0.00037769
-2.9058	-0.46968	0.00010151
-2.9058	-0.41548	0.00090521
-2.9058	-0.36129	0.00088729
-2.9058	-0.3071	0.00019711
-2.9058	-0.2529	0.0017956
-2.9058	-0.19871	0.0017427
-2.9058	-0.14452	0.00034117
-2.9058	-0.090324	0.0032915
-2.9058	-0.036129	0.0032874
-2.9058	0.018065	0.0005365
-2.9058	0.072258	0.0056569
-2.9058	0.12645	0.0061136
-2.9058	0.18065	0.00083666
-2.9058	0.23484	0.009094
-2.9058	0.28903	0.010953
-2.9058	0.34323	0.0014898
-2.9058	0.39742	0.01889
-2.9058	0.45161	0.038706
-2.9058	0.50581	0.030695
-2.9058	0.56	0.032226
-2.9058	0.61419	0.027379
-2.9058	0.66839	0.0034404
-2.9058	0.72258	0.020802
-2.9058	0.77677	0.034763
-2.9058	0.83097	0.0054132
-2.9058	0.88516	0.028203
-2.9058	0.93935	0.052274
-2.9058	0.99354	0.009285
-2.9058	1.0477	0.036924
-2.9058	1.1019	0.075935
-2.9058	1.1561	0.015203
-2.9058	1.2103	0.048942
-2.9058	1.2645	0.11121
-2.9058	1.3187	0.025371
-2.9058	1.3729	0.065652
-2.9058	1.4271	0.1699
-2.9058	1.4813	0.046172
-2.9058	1.5355	0.096123
-2.9058	1.5897	0.30681
-2.9058	1.6439	0.10722
-2.9058	1.6981	0.26244
-2.9058	1.7523	1.609
-2.9058	1.8065	2.7193
-2.9058	1.8606	2.1299
-2.9058	1.9148	0.77904
-2.9058	1.969	0.082447
-2.9058	2.0232	0.014526
-2.9058	2.0774	0.028354
-2.9058	2.1316	0.0057878
-2.9058	2.1858	0.0011373
-2.9058	2.24	0.0027166
-2.9058	2.2942	0.00062729
-2.9058	2.3484	8.6362e-05
-2.9058	2.4026	0.00020278
-2.9058	2.4568	3.9004e-05
-2.87	-2.4748	2.478e-07
-2.87	-2.4206	3.4916e-06
-2.87	-2.3665	7.2176e-06
-2.87	-2.3123	1.467e-06
-2.87	-2.2581	2.4781e-05
-2.87	-2.2039	0.00010403
-2.87	-2.1497	0.00015099
-2.87	-2.0955	9.9788e-05
-2.87	-2.0413	2.7484e-05
-2.87	-1.9871	1.5673e-06
-2.87	-1.9329	8.6589e-07
-2.87	-1.8787	1.112e-06
-2.87	-1.8245	2.1384e-07
-2.87	-1.7703	4.1121e-07
-2.87	-1.7161	7.5246e-07
-2.87	-1.6619	1.2372e-07
-2.87	-1.6077	3.9069e-08
-2.87	-1.5535	3.6997e-08
-2.87	-1.4994	8.4179e-08
-2.87	-1.4452	1.3041e-06
-2.87	-1.391	7.2025e-06
-2.87	-1.3368	3.5059e-06
-2.87	-1.2826	1.471e-05
-2.87	-1.2284	6.7091e-05
-2.87	-1.1742	3.2028e-05
-2.87	-1.12	8.0205e-05
-2.87	-1.0658	0.00041695
-2.87	-1.0116	0.00023786
-2.87	-0.95742	0.00059815
-2.87	-0.90323	0.0056344
-2.87	-0.84903	0.013437
-2.87	-0.79484	0.014429
-2.87	-0.74065	0.0072187
-2.87	-0.68645	0.0011623
-2.87	-0.63226	0.00010212
-2.87	-0.57806	0.0003224
-2.87	-0.52387	0.00012725
-2.87	-0.46968	1.4851e-05
-2.87	-0.41548	9.3928e-05
-2.87	-0.36129	0.00011383
-2.87	-0.3071	7.329e-05
-2.87	-0.2529	0.00052076
-2.87	-0.19871	0.00044931
-2.87	-0.14452	0.00020227
-2.87	-0.090324	0.0016511
-2.87	-0.036129	0.0013828
-2.87	0.018065	0.00045784
-2.87	0.072258	0.0043339
-2.87	0.12645	0.0040207
-2.87	0.18065	0.0009534
-2.87	0.23484	0.011177
-2.87	0.28903	0.012681
-2.87	0.34323	0.0029827
-2.87	0.39742	0.055837
-2.87	0.45161	0.15914
-2.87	0.50581	0.17639
-2.87	0.56	0.089249
-2.87	0.61419	0.016974
-2.87	0.66839	0.00044443
-2.87	0.72258	0.00070829
-2.87	0.77677	0.00094153
-2.87	0.83097	0.0002037
-2.87	0.88516	0.0031475
-2.87	0.93935	0.0055252
-2.87	0.99354	0.00087582
-2.87	1.0477	0.008131
-2.87	1.1019	0.014369
-2.87	1.1561	0.002326
-2.87	1.2103	0.015851
-2.87	1.2645	0.030603
-2.87	1.3187	0.0055338
-2.87	1.3729	0.03063
-2.87	1.4271	0.067707
-2.87	1.4813	0.014803
-2.87	1.5355	0.06588
-2.87	1.5897	0.1821
-2.87	1.6439	0.052375
-2.87	1.6981	0.28074
-2.87	1.7523	1.5834
-2.87	1.8065	2.7665
-2.87	1.8606	2.2785
-2.87	1.9148	0.85656
-2.87	1.969	0.081591
-2.87	2.0232	0.031097
-2.87	2.0774	0.04974
-2.87	2.1316	0.0085962
-2.87	2.1858	0.003517
-2.87	2.24	0.0066753
-2.87	2.2942	0.0012863
-2.87	2.3484	0.00035818
-2.87	2.4026	0.00064938
-2.87	2.4568	0.00010259
-2.8343	-2.4748	1.5369e-07
-2.8343	-2.4206	2.7076e-06
-2.8343	-2.3665	4.8692e-06
-2.8343	-2.3123	1.1971e-06
-2.8343	-2.2581	3.1328e-05
-2.8343	-2.2039	0.00012959
-2.8343	-2.1497	0.00020416
-2.8343	-2.0955	0.00015233
-2.8343	-2.0413	4.7164e-05
-2.8343	-1.9871	2.4969e-06
-2.8343	-1.9329	3.7193e-06
-2.8343	-1.8787	3.1362e-06
-2.8343	-1.8245	3.0596e-07
-2.8343	-1.7703	1.7971e-07
-2.8343	-1.7161	1.8875e-07
-2.8343	-1.6619	2.383e-08
-2.8343	-1.6077	2.7201e-08
-2.8343	-1.5535	1.8566e-08
-2.8343	-1.4994	2.2611e-08
-2.8343	-1.4452	1.0392e-06
-2.8343	-1.391	4.7245e-06
-2.8343	-1.3368	1.7326e-06
-2.8343	-1.2826	1.9249e-05
-2.8343	-1.2284	7.0507e-05
-2.8343	-1.1742	2.488e-05
-2.8343	-1.12	0.00015094
-2.8343	-1.0658	0.0006216
-2.8343	-1.0116	0.00027081
-2.8343	-0.95742	0.0015302
-2.8343	-0.90323	0.012321
-2.8343	-0.84903	0.029223
-2.8343	-0.79484	0.032439
-2.8343	-0.74065	0.016804
-2.8343	-0.68645	0.0025226
-2.8343	-0.63226	0.00062334
-2.8343	-0.57806	0.0016916
-2.8343	-0.52387	0.00051526
-2.8343	-0.46968	9.1983e-05
-2.8343	-0.41548	0.00032098
-2.8343	-0.36129	0.00013024
-2.8343	-0.3071	1.3178e-05
-2.8343	-0.2529	4.574e-05
-2.8343	-0.19871	4.4454e-05
-2.8343	-0.14452	7.5035e-05
-2.8343	-0.090324	0.0004847
-2.8343	-0.036129	0.00035382
-2.8343	0.018065	0.00034093
-2.8343	0.072258	0.0024664
-2.8343	0.12645	0.001921
-2.8343	0.18065	0.0010358
-2.8343	0.23484	0.0097793
-2.8343	0.28903	0.0095679
-2.8343	0.34323	0.0046269
-2.8343	0.39742	0.078611
-2.8343	0.45161	0.23042
-2.8343	0.50581	0.28591
-2.8343	0.56	0.17089
-2.8343	0.61419	0.039209
-2.8343	0.66839	0.0014373
-2.8343	0.72258	0.005597
-2.8343	0.77677	0.0028491
-2.8343	0.83097	0.00013789
-2.8343	0.88516	0.00027949
-2.8343	0.93935	0.0001774
-2.8343	0.99354	5.2043e-05
-2.8343	1.0477	0.00086203
-2.8343	1.1019	0.0015071
-2.8343	1.1561	0.00026273
-2.8343	1.2103	0.0034587
-2.8343	1.2645	0.0057616
-2.8343	1.3187	0.00089658
-2.8343	1.3729	0.0094763
-2.8343	1.4271	0.017272
-2.8343	1.4813	0.0029543
-2.8343	1.5355	0.025594
-2.8343	1.5897	0.057773
-2.8343	1.6439	0.012758
-2.8343	1.6981	0.13872
-2.8343	1.7523	0.68524
-2.8343	1.8065	1.1629
-2.8343	1.8606	0.94905
-2.8343	1.9148	0.34675
-2.8343	1.969	0.027646
-2.8343	2.0232	0.022335
-2.8343	2.0774	0.029683
-2.8343	2.1316	0.0042494
-2.8343	2.1858	0.0036464
-2.8343	2.24	0.0058046
-2.8343	2.2942	0.00095135
-2.8343	2.3484	0.0005553
-2.8343	2.4026	0.0008381
-2.8343	2.4568	0.00011358
-2.7986	-2.4748	1.1733e-07
-2.7986	-2.4206	1.3153e-06
-2.7986	-2.3665	2.029e-06
-2.7986	-2.3123	1.0381e-06
-2.7986	-2.2581	2.8022e-05
-2.7986	-2.2039	0.00011502
-2.7986	-2.1497	0.00018878
-2.7986	-2.0955	0.00014617
-2.7986	-2.0413	4.4843e-05
-2.7986	-1.9871	2.0781e-06
-2.7986	-1.9329	6.6431e-06
-2.7986	-1.8787	5.009e-06
-2.7986	-1.8245	3.7082e-07
-2.7986	-1.7703	6.5071e-07
-2.7986	-1.7161	4.7411e-07
-2.7986	-1.6619	3.2271e-08
-2.7986	-1.6077	2.4096e-08
-2.7986	-1.5535	1.5582e-08
-2.7986	-1.4994	8.1248e-09
-2.7986	-1.4452	1.2476e-07
-2.7986	-1.391	5.6238e-07
-2.7986	-1.3368	2.5036e-07
-2.7986	-1.2826	8.124e-06
-2.7986	-1.2284	2.7774e-05
-2.7986	-1.1742	8.4075e-06
-2.7986	-1.12	0.00014002
-2.7986	-1.0658	0.00052308
-2.7986	-1.0116	0.000189
-2.7986	-0.95742	0.0025885
-2.7986	-0.90323	0.019638
-2.7986	-0.84903	0.048565
-2.7986	-0.79484	0.056675
-2.7986	-0.74065	0.029966
-2.7986	-0.68645	0.0039701
-2.7986	-0.63226	0.0022549
-2.7986	-0.57806	0.004988
-2.7986	-0.52387	0.0012565
-2.7986	-0.46968	0.00065163
-2.7986	-0.41548	0.0018813
-2.7986	-0.36129	0.00060257
-2.7986	-0.3071	0.00016181
-2.7986	-0.2529	0.00054292
-2.7986	-0.19871	0.0001791
-2.7986	-0.14452	2.5281e-05
-2.7986	-0.090324	8.5192e-05
-2.7986	-0.036129	3.7833e-05
-2.7986	0.018065	0.00013135
-2.7986	0.072258	0.00076291
-2.7986	0.12645	0.00052111
-2.7986	0.18065	0.00087568
-2.7986	0.23484	0.0064029
-2.7986	0.28903	0.0053498
-2.7986	0.34323	0.0060104
-2.7986	0.39742	0.083436
-2.7986	0.45161	0.24165
-2.7986	0.50581	0.30937
-2.7986	0.56	0.19109
-2.7986	0.61419	0.04271
-2.7986	0.66839	0.0025387
-2.7986	0.72258	0.012711
-2.7986	0.77677	0.0063477
-2.7986	0.83097	0.00046022
-2.7986	0.88516	0.0024887
-2.7986	0.93935	0.0014051
-2.7986	0.99354	9.2406e-05
-2.7986	1.0477	0.00027127
-2.7986	1.1019	0.00011899
-2.7986	1.1561	2.6349e-05
-2.7986	1.2103	0.000309
-2.7986	1.2645	0.00056395
-2.7986	1.3187	0.00013636
-2.7986	1.3729	0.0022399
-2.7986	1.4271	0.0036526
-2.7986	1.4813	0.00062558
-2.7986	1.5355	0.0090556
-2.7986	1.5897	0.017164
-2.7986	1.6439	0.0033266
-2.7986	1.6981	0.063819
-2.7986	1.7523	0.27734
-2.7986	1.8065	0.44584
-2.7986	1.8606	0.34623
-2.7986	1.9148	0.11597
-2.7986	1.969	0.0070852
-2.7986	2.0232	0.011402
-2.7986	2.0774	0.011915
-2.7986	2.1316	0.0012666
-2.7986	2.1858	0.0021299
-2.7986	2.24	0.0026558
-2.7986	2.2942	0.00032835
-2.7986	2.3484	0.00037785
-2.7986	2.4026	0.0004465
-2.7986	2.4568	4.6774e-05
-2.7628	-2.4748	1.4349e-06
-2.7628	-2.4206	8.1086e-06
-2.7628	-2.3665	4.4596e-06
-2.7628	-2.3123	1.3474e-06
-2.7628	-2.2581	1.8431e-05
-2.7628	-2.2039	6.3544e-05
-2.7628	-2.1497	0.00010991
-2.7628	-2.0955	9.2924e-05
-2.7628	-2.0413	2.9186e-05
-2.7628	-1.9871	1.4874e-06
-2.7628	-1.9329	7.798e-06
-2.7628	-1.8787	5.1946e-06
-2.7628	-1.8245	3.3112e-07
-2.7628	-1.7703	1.2442e-06
-2.7628	-1.7161	7.6052e-07
-2.7628	-1.6619	3.5933e-08
-2.7628	-1.6077	3.8683e-08
-2.7628	-1.5535	2.2857e-08
-2.7628	-1.4994	1.5865e-08
-2.7628	-1.4452	2.0342e-07
-2.7628	-1.391	3.1053e-07
-2.7628	-1.3368	7.4174e-08
-2.7628	-1.2826	5.9494e-07
-2.7628	-1.2284	1.6634e-06
-2.7628	-1.1742	8.6461e-07
-2.7628	-1.12	3.0866e-05
-2.7628	-1.0658	0.00010761
-2.7628	-1.0116	3.6118e-05
-2.7628	-0.95742	0.0011913
-2.7628	-0.90323	0.0091888
-2.7628	-0.84903	0.025367
-2.7628	-0.79484	0.0335
-2.7628	-0.74065	0.019508
-2.7628	-0.68645	0.0024293
-2.7628	-0.63226	0.0032594
-2.7628	-0.57806	0.0065776
-2.7628	-0.52387	0.0014553
-2.7628	-0.46968	0.0019117
-2.7628	-0.41548	0.0047751
-2.7628	-0.36129	0.0012982
-2.7628	-0.3071	0.0011055
-2.7628	-0.2529	0.003089
-2.7628	-0.19871	0.00086407
-2.7628	-0.14452	0.00064511
-2.7628	-0.090324	0.0017254
-2.7628	-0.036129	0.00049238
-2.7628	0.018065	0.00018046
-2.7628	0.072258	0.00044011
-2.7628	0.12645	0.00011644
-2.7628	0.18065	0.00035313
-2.7628	0.23484	0.0021304
-2.7628	0.28903	0.0016413
-2.7628	0.34323	0.0055738
-2.7628	0.39742	0.066714
-2.7628	0.45161	0.19908
-2.7628	0.50581	0.26689
-2.7628	0.56	0.16881
-2.7628	0.61419	0.035218
-2.7628	0.66839	0.0042237
-2.7628	0.72258	0.018293
-2.7628	0.77677	0.0079376
-2.7628	0.83097	0.0011192
-2.7628	0.88516	0.005988
-2.7628	0.93935	0.0031004
-2.7628	0.99354	0.00036713
-2.7628	1.0477	0.0019767
-2.7628	1.1019	0.0010246
-2.7628	1.1561	0.00012067
-2.7628	1.2103	0.00047284
-2.7628	1.2645	0.00018417
-2.7628	1.3187	2.2606e-05
-2.7628	1.3729	0.00016666
-2.7628	1.4271	0.00031025
-2.7628	1.4813	0.00011212
-2.7628	1.5355	0.0021757
-2.7628	1.5897	0.0039097
-2.7628	1.6439	0.0010027
-2.7628	1.6981	0.026391
-2.7628	1.7523	0.10776
-2.7628	1.8065	0.17065
-2.7628	1.8606	0.12938
-2.7628	1.9148	0.040109
-2.7628	1.969	0.0019505
-2.7628	2.0232	0.006037
-2.7628	2.0774	0.0050417
-2.7628	2.1316	0.0004007
-2.7628	2.1858	0.0012753
-2.7628	2.24	0.0012447
-2.7628	2.2942	0.00011193
-2.7628	2.3484	0.00024486
-2.7628	2.4026	0.00022174
-2.7628	2.4568	1.6603e-05
-2.7271	-2.4748	1.4749e-05
-2.7271	-2.4206	8.1643e-05
-2.7271	-2.3665	4.6102e-05
-2.7271	-2.3123	2.7536e-05
-2.7271	-2.2581	0.00021344
-2.7271	-2.2039	0.00031868
-2.7271	-2.1497	0.00020633
-2.7271	-2.0955	7.3691e-05
-2.7271	-2.0413	1.3643e-05
-2.7271	-1.9871	8.5502e-07
-2.7271	-1.9329	5.4465e-06
-2.7271	-1.8787	3.4172e-06
-2.7271	-1.8245	2.7135e-07
-2.7271	-1.7703	1.4545e-06
-2.7271	-1.7161	7.6121e-07
-2.7271	-1.6619	3.2999e-08
-2.7271	-1.6077	5.4317e-08
-2.7271	-1.5535	3.1122e-08
-2.7271	-1.4994	4.6752e-08
-2.7271	-1.4452	8.0464e-07
-2.7271	-1.391	1.2338e-06
-2.7271	-1.3368	2.5688e-07
-2.7271	-1.2826	2.8123e-06
-2.7271	-1.2284	3.4064e-06
-2.7271	-1.1742	5.839e-07
-2.7271	-1.12	3.1774e-06
-2.7271	-1.0658	6.4042e-06
-2.7271	-1.0116	3.4759e-06
-2.7271	-0.95742	0.00020303
-2.7271	-0.90323	0.0016327
-2.7271	-0.84903	0.0049269
-2.7271	-0.79484	0.0069789
-2.7271	-0.74065	0.0041447
-2.7271	-0.68645	0.00044057
-2.7271	-0.63226	0.0013016
-2.7271	-0.57806	0.0023083
-2.7271	-0.52387	0.00042031
-2.7271	-0.46968	0.001325
-2.7271	-0.41548	0.0029293
-2.7271	-0.36129	0.00067491
-2.7271	-0.3071	0.0015272
-2.7271	-0.2529	0.0038058
-2.7271	-0.19871	0.00093737
-2.7271	-0.14452	0.0020312
-2.7271	-0.090324	0.0050386
-2.7271	-0.036129	0.0012763
-2.7271	0.018065	0.0021624
-2.7271	0.072258	0.005408
-2.7271	0.12645	0.001453
-2.7271	0.18065	0.001471
-2.7271	0.23484	0.0034597
-2.7271	0.28903	0.00078919
-2.7271	0.34323	0.0027769
-2.7271	0.39742	0.02578
-2.7271	0.45161	0.090955
-2.7271	0.50581	0.14825
-2.7271	0.56	0.10687
-2.7271	0.61419	0.021972
-2.7271	0.66839	0.0059366
-2.7271	0.72258	0.020832
-2.7271	0.77677	0.0077721
-2.7271	0.83097	0.0023715
-2.7271	0.88516	0.0099702
-2.7271	0.93935	0.0043425
-2.7271	0.99354	0.0011091
-2.7271	1.0477	0.005121
-2.7271	1.1019	0.0023455
-2.7271	1.1561	0.00058428
-2.7271	1.2103	0.0026479
-2.7271	1.2645	0.0012
-2.7271	1.3187	0.00022965
-2.7271	1.3729	0.0010035
-2.7271	1.4271	0.0003983
-2.7271	1.4813	4.7755e-05
-2.7271	1.5355	0.00020759
-2.7271	1.5897	0.00026616
-2.7271	1.6439	0.00018582
-2.7271	1.6981	0.0061696
-2.7271	1.7523	0.028576
-2.7271	1.8065	0.050341
-2.7271	1.8606	0.040425
-2.7271	1.9148	0.012152
-2.7271	1.969	0.00059136
-2.7271	2.0232	0.0030346
-2.7271	2.0774	0.0020909
-2.7271	2.1316	0.00014511
-2.7271	2.1858	0.00077803
-2.7271	2.24	0.00060751
-2.7271	2.2942	4.2746e-05
-2.7271	2.3484	0.00016719
-2.7271	2.4026	0.00011812
-2.7271	2.4568	6.2848e-06
-2.6914	-2.4748	2.048e-05
-2.6914	-2.4206	0.0001109
-2.6914	-2.3665	6.7053e-05
-2.6914	-2.3123	0.00013336
-2.6914	-2.2581	0.0012102
-2.6914	-2.2039	0.0025053
-2.6914	-2.1497	0.0021552
-2.6914	-2.0955	0.00080044
-2.6914	-2.0413	9.0536e-05
-2.6914	-1.9871	3.9808e-06
-2.6914	-1.9329	9.6095e-06
-2.6914	-1.8787	2.6718e-06
-2.6914	-1.8245	1.7659e-07
-2.6914	-1.7703	9.3835e-07
-2.6914	-1.7161	4.5339e-07
-2.6914	-1.6619	3.4148e-08
-2.6914	-1.6077	5.7517e-08
-2.6914	-1.5535	3.2451e-08
-2.6914	-1.4994	9.1407e-08
-2.6914	-1.4452	1.4356e-06
-2.6914	-1.391	1.9096e-06
-2.6914	-1.3368	8.3496e-07
-2.6914	-1.2826	9.7342e-06
-2.6914	-1.2284	1.1036e-05
-2.6914	-1.1742	2.2496e-06
-2.6914	-1.12	2.5033e-05
-2.6914	-1.0658	2.8477e-05
-2.6914	-1.0116	5.1397e-06
-2.6914	-0.95742	6.9996e-05
-2.6914	-0.90323	0.00018362
-2.6914	-0.84903	0.00038721
-2.6914	-0.79484	0.00066967
-2.6914	-0.74065	0.00047987
-2.6914	-0.68645	5.0774e-05
-2.6914	-0.63226	0.00031685
-2.6914	-0.57806	0.00049222
-2.6914	-0.52387	7.201e-05
-2.6914	-0.46968	0.00048798
-2.6914	-0.41548	0.00086812
-2.6914	-0.36129	0.00014901
-2.6914	-0.3071	0.00077198
-2.6914	-0.2529	0.0015384
-2.6914	-0.19871	0.00029342
-2.6914	-0.14452	0.0014516
-2.6914	-0.090324	0.0030556
-2.6914	-0.036129	0.00061705
-2.6914	0.018065	0.0029119
-2.6914	0.072258	0.0066797
-2.6914	0.12645	0.0015691
-2.6914	0.18065	0.0053922
-2.6914	0.23484	0.014147
-2.6914	0.28903	0.0037525
-2.6914	0.34323	0.015096
-2.6914	0.39742	0.065246
-2.6914	0.45161	0.08278
-2.6914	0.50581	0.05586
-2.6914	0.56	0.028174
-2.6914	0.61419	0.0061299
-2.6914	0.66839	0.0036381
-2.6914	0.72258	0.013051
-2.6914	0.77677	0.0049058
-2.6914	0.83097	0.0035553
-2.6914	0.88516	0.012253
-2.6914	0.93935	0.0046061
-2.6914	0.99354	0.0027296
-2.6914	1.0477	0.0097114
-2.6914	1.1019	0.0036626
-2.6914	1.1561	0.001991
-2.6914	1.2103	0.0073122
-2.6914	1.2645	0.0028289
-2.6914	1.3187	0.0012889
-2.6914	1.3729	0.0051938
-2.6914	1.4271	0.002172
-2.6914	1.4813	0.00070513
-2.6914	1.5355	0.0032079
-2.6914	1.5897	0.0014148
-2.6914	1.6439	0.00037957
-2.6914	1.6981	0.0020881
-2.6914	1.7523	0.0026595
-2.6914	1.8065	0.0046359
-2.6914	1.8606	0.0054961
-2.6914	1.9148	0.0020113
-2.6914	1.969	0.00018095
-2.6914	2.0232	0.001154
-2.6914	2.0774	0.00069871
-2.6914	2.1316	6.4312e-05
-2.6914	2.1858	0.00043082
-2.6914	2.24	0.00027646
-2.6914	2.2942	2.0014e-05
-2.6914	2.3484	0.00011177
-2.6914	2.4026	6.2713e-05
-2.6914	2.4568	2.5911e-06
-2.6557	-2.4748	1.3634e-05
-2.6557	-2.4206	5.6464e-05
-2.6557	-2.3665	2.6386e-05
-2.6557	-2.3123	0.00012217
-2.6557	-2.2581	0.0010623
-2.6557	-2.2039	0.0026255
-2.6557	-2.1497	0.002977
-2.6557	-2.0955	0.0015329
-2.6557	-2.0413	0.0002265
-2.6557	-1.9871	3.487e-05
-2.6557	-1.9329	8.2786e-05
-2.6557	-1.8787	1.9418e-05
-2.6557	-1.8245	1.1246e-06
-2.6557	-1.7703	2.6457e-06
-2.6557	-1.7161	5.2222e-07
-2.6557	-1.6619	3.4538e-08
-2.6557	-1.6077	4.2371e-08
-2.6557	-1.5535	1.3863e-08
-2.6557	-1.4994	8.3115e-08
-2.6557	-1.4452	1.3725e-06
-2.6557	-1.391	1.6301e-06
-2.6557	-1.3368	1.8226e-06
-2.6557	-1.2826	1.6838e-05
-2.6557	-1.2284	1.6127e-05
-2.6557	-1.1742	7.5886e-06
-2.6557	-1.12	8.0105e-05
-2.6557	-1.0658	8.4935e-05
-2.6557	-1.0116	3.4673e-05
-2.6557	-0.95742	0.0005889
-2.6557	-0.90323	0.0016009
-2.6557	-0.84903	0.0017148
-2.6557	-0.79484	0.00081703
-2.6557	-0.74065	0.00014131
-2.6557	-0.68645	4.2707e-06
-2.6557	-0.63226	2.7018e-05
-2.6557	-0.57806	4.5171e-05
-2.6557	-0.52387	9.5438e-06
-2.6557	-0.46968	0.00012434
-2.6557	-0.41548	0.00019246
-2.6557	-0.36129	3.0598e-05
-2.6557	-0.3071	0.00031894
-2.6557	-0.2529	0.00050598
-2.6557	-0.19871	7.952e-05
-2.6557	-0.14452	0.00073897
-2.6557	-0.090324	0.0012317
-2.6557	-0.036129	0.00019742
-2.6557	0.018065	0.0018999
-2.6557	0.072258	0.0035161
-2.6557	0.12645	0.00062923
-2.6557	0.18065	0.0051207
-2.6557	0.23484	0.01171
-2.6557	0.28903	0.0026267
-2.6557	0.34323	0.026971
-2.6557	0.39742	0.12883
-2.6557	0.45161	0.20528
-2.6557	0.50581	0.15236
-2.6557	0.56	0.04973
-2.6557	0.61419	0.0040706
-2.6557	0.66839	0.0011743
-2.6557	0.72258	0.0022356
-2.6557	0.77677	0.00091732
-2.6557	0.83097	0.0010448
-2.6557	0.88516	0.004075
-2.6557	0.93935	0.0017302
-2.6557	0.99354	0.0027856
-2.6557	1.0477	0.0088433
-2.6557	1.1019	0.0030252
-2.6557	1.1561	0.004101
-2.6557	1.2103	0.01271
-2.6557	1.2645	0.0041414
-2.6557	1.3187	0.0045603
-2.6557	1.3729	0.014986
-2.6557	1.4271	0.0053464
-2.6557	1.4813	0.0041247
-2.6557	1.5355	0.016305
-2.6557	1.5897	0.0070397
-2.6557	1.6439	0.0053056
-2.6557	1.6981	0.035431
-2.6557	1.7523	0.049904
-2.6557	1.8065	0.028947
-2.6557	1.8606	0.0071437
-2.6557	1.9148	0.00054457
-2.6557	1.969	2.1175e-05
-2.6557	2.0232	0.00014283
-2.6557	2.0774	9.9097e-05
-2.6557	2.1316	2.689e-05
-2.6557	2.1858	0.00016844
-2.6557	2.24	9.4939e-05
-2.6557	2.2942	1.1799e-05
-2.6557	2.3484	6.5799e-05
-2.6557	2.4026	3.0033e-05
-2.6557	2.4568	1.3129e-06
-2.6199	-2.4748	8.5377e-06
-2.6199	-2.4206	2.716e-05
-2.6199	-2.3665	9.1541e-06
-2.6199	-2.3123	8.2632e-05
-2.6199	-2.2581	0.00058963
-2.6199	-2.2039	0.001356
-2.6199	-2.1497	0.0014923
-2.6199	-2.0955	0.00076237
-2.6199	-2.0413	0.00010505
-2.6199	-1.9871	4.0279e-05
-2.6199	-1.9329	9.2319e-05
-2.6199	-1.8787	2.376e-05
-2.6199	-1.8245	5.1401e-06
-2.6199	-1.7703	1.2299e-05
-2.6199	-1.7161	2.4831e-06
-2.6199	-1.6619	3.5569e-08
-2.6199	-1.6077	5.3881e-08
-2.6199	-1.5535	7.4978e-08
-2.6199	-1.4994	4.2403e-07
-2.6199	-1.4452	1.4364e-06
-2.6199	-1.391	8.4621e-07
-2.6199	-1.3368	2.0911e-06
-2.6199	-1.2826	1.5985e-05
-2.6199	-1.2284	1.3018e-05
-2.6199	-1.1742	1.7009e-05
-2.6199	-1.12	0.00013837
-2.6199	-1.0658	0.00012445
-2.6199	-1.0116	0.00012058
-2.6199	-0.95742	0.0017557
-2.6199	-0.90323	0.0050586
-2.6199	-0.84903	0.0062946
-2.6199	-0.79484	0.0037152
-2.6199	-0.74065	0.00079043
-2.6199	-0.68645	3.5569e-05
-2.6199	-0.63226	0.00015699
-2.6199	-0.57806	7.1029e-05
-2.6199	-0.52387	3.5532e-06
-2.6199	-0.46968	1.0713e-05
-2.6199	-0.41548	1.3594e-05
-2.6199	-0.36129	6.296e-06
-2.6199	-0.3071	7.9154e-05
-2.6199	-0.2529	0.00011068
-2.6199	-0.19871	2.2596e-05
-2.6199	-0.14452	0.000306
-2.6199	-0.090324	0.00041748
-2.6199	-0.036129	7.7123e-05
-2.6199	0.018065	0.0010628
-2.6199	0.072258	0.0015819
-2.6199	0.12645	0.00026282
-2.6199	0.18065	0.0036878
-2.6199	0.23484	0.006905
-2.6199	0.28903	0.0013468
-2.6199	0.34323	0.0262
-2.6199	0.39742	0.11641
-2.6199	0.45161	0.19215
-2.6199	0.50581	0.15397
-2.6199	0.56	0.054151
-2.6199	0.61419	0.0038187
-2.6199	0.66839	0.0040964
-2.6199	0.72258	0.0047668
-2.6199	0.77677	0.00069486
-2.6199	0.83097	0.00032963
-2.6199	0.88516	0.00053135
-2.6199	0.93935	0.00019839
-2.6199	0.99354	0.00028044
-2.6199	1.0477	0.00098261
-2.6199	1.1019	0.0003744
-2.6199	1.1561	0.0016189
-2.6199	1.2103	0.0048968
-2.6199	1.2645	0.00148
-2.6199	1.3187	0.0046577
-2.6199	1.3729	0.014365
-2.6199	1.4271	0.0046864
-2.6199	1.4813	0.0093782
-2.6199	1.5355	0.033814
-2.6199	1.5897	0.013426
-2.6199	1.6439	0.025359
-2.6199	1.6981	0.1629
-2.6199	1.7523	0.26604
-2.6199	1.8065	0.19355
-2.6199	1.8606	0.064459
-2.6199	1.9148	0.0066064
-2.6199	1.969	0.00041822
-2.6199	2.0232	0.00078599
-2.6199	2.0774	0.00013222
-2.6199	2.1316	5.1238e-06
-2.6199	2.1858	1.7821e-05
-2.6199	2.24	1.049e-05
-2.6199	2.2942	5.5595e-06
-2.6199	2.3484	2.5453e-05
-2.6199	2.4026	1.0258e-05
-2.6199	2.4568	8.3016e-07
-2.5842	-2.4748	4.8181e-06
-2.5842	-2.4206	1.2298e-05
-2.5842	-2.3665	3.1807e-06
-2.5842	-2.3123	5.2138e-05
-2.5842	-2.2581	0.00031573
-2.5842	-2.2039	0.00067243
-2.5842	-2.1497	0.0006935
-2.5842	-2.0955	0.00032422
-2.5842	-2.0413	3.5789e-05
-2.5842	-1.9871	2.6299e-05
-2.5842	-1.9329	4.6577e-05
-2.5842	-1.8787	9.6656e-06
-2.5842	-1.8245	4.6601e-06
-2.5842	-1.7703	9.1508e-06
-2.5842	-1.7161	1.717e-06
-2.5842	-1.6619	7.1496e-08
-2.5842	-1.6077	1.8126e-07
-2.5842	-1.5535	3.2263e-07
-2.5842	-1.4994	4.3309e-06
-2.5842	-1.4452	1.5171e-05
-2.5842	-1.391	5.4273e-06
-2.5842	-1.3368	7.6499e-06
-2.5842	-1.2826	2.3563e-05
-2.5842	-1.2284	9.618e-06
-2.5842	-1.1742	2.0627e-05
-2.5842	-1.12	0.00013355
-2.5842	-1.0658	0.00010191
-2.5842	-1.0116	0.00025656
-2.5842	-0.95742	0.0031142
-2.5842	-0.90323	0.0090529
-2.5842	-0.84903	0.011799
-2.5842	-0.79484	0.0073045
-2.5842	-0.74065	0.0015354
-2.5842	-0.68645	0.00013921
-2.5842	-0.63226	0.00064008
-2.5842	-0.57806	0.00029403
-2.5842	-0.52387	2.2323e-05
-2.5842	-0.46968	0.00012369
-2.5842	-0.41548	6.7241e-05
-2.5842	-0.36129	3.981e-06
-2.5842	-0.3071	1.0358e-05
-2.5842	-0.2529	7.0588e-06
-2.5842	-0.19871	4.5264e-06
-2.5842	-0.14452	5.9865e-05
-2.5842	-0.090324	7.5405e-05
-2.5842	-0.036129	3.384e-05
-2.5842	0.018065	0.00043743
-2.5842	0.072258	0.00054167
-2.5842	0.12645	0.00014136
-2.5842	0.18065	0.0022052
-2.5842	0.23484	0.0034105
-2.5842	0.28903	0.00081722
-2.5842	0.34323	0.020842
-2.5842	0.39742	0.084766
-2.5842	0.45161	0.13762
-2.5842	0.50581	0.10984
-2.5842	0.56	0.037302
-2.5842	0.61419	0.0021366
-2.5842	0.66839	0.0052948
-2.5842	0.72258	0.0053724
-2.5842	0.77677	0.00057025
-2.5842	0.83097	0.0011835
-2.5842	0.88516	0.0015172
-2.5842	0.93935	0.00022433
-2.5842	0.99354	0.00017516
-2.5842	1.0477	0.00023316
-2.5842	1.1019	4.2376e-05
-2.5842	1.1561	7.3316e-05
-2.5842	1.2103	0.00023815
-2.5842	1.2645	7.2491e-05
-2.5842	1.3187	0.00085042
-2.5842	1.3729	0.0024375
-2.5842	1.4271	0.00068579
-2.5842	1.4813	0.003952
-2.5842	1.5355	0.013409
-2.5842	1.5897	0.0048628
-2.5842	1.6439	0.023929
-2.5842	1.6981	0.1581
-2.5842	1.7523	0.30554
-2.5842	1.8065	0.27114
-2.5842	1.8606	0.10934
-2.5842	1.9148	0.012223
-2.5842	1.969	0.0024083
-2.5842	2.0232	0.0045247
-2.5842	2.0774	0.00088504
-2.5842	2.1316	0.00013172
-2.5842	2.1858	0.00026261
-2.5842	2.24	4.8421e-05
-2.5842	2.2942	2.6052e-06
-2.5842	2.3484	3.6923e-06
-2.5842	2.4026	9.5502e-07
-2.5842	2.4568	3.8331e-07
-2.5485	-2.4748	2.296e-06
-2.5485	-2.4206	4.9439e-06
-2.5485	-2.3665	1.1695e-06
-2.5485	-2.3123	2.8504e-05
-2.5485	-2.2581	0.00015231
-2.5485	-2.2039	0.00030527
-2.5485	-2.1497	0.00029792
-2.5485	-2.0955	0.0001277
-2.5485	-2.0413	1.1194e-05
-2.5485	-1.9871	1.5671e-05
-2.5485	-1.9329	2.1524e-05
-2.5485	-1.8787	3.4787e-06
-2.5485	-1.8245	3.1311e-06
-2.5485	-1.7703	4.5133e-06
-2.5485	-1.7161	6.422e-07
-2.5485	-1.6619	6.226e-08
-2.5485	-1.6077	1.919e-07
-2.5485	-1.5535	2.6278e-07
-2.5485	-1.4994	5.6793e-06
-2.5485	-1.4452	2.0015e-05
-2.5485	-1.391	6.7319e-06
-2.5485	-1.3368	3.6499e-05
-2.5485	-1.2826	0.00011954
-2.5485	-1.2284	4.3976e-05
-2.5485	-1.1742	6.5042e-05
-2.5485	-1.12	0.00022161
-2.5485	-1.0658	8.0404e-05
-2.5485	-1.0116	0.000321
-2.5485	-0.95742	0.0032212
-2.5485	-0.90323	0.009856
-2.5485	-0.84903	0.013948
-2.5485	-0.79484	0.0091031
-2.5485	-0.74065	0.0018136
-2.5485	-0.68645	0.00034376
-2.5485	-0.63226	0.0013144
-2.5485	-0.57806	0.00053301
-2.5485	-0.52387	8.8568e-05
-2.5485	-0.46968	0.000457
-2.5485	-0.41548	0.00022692
-2.5485	-0.36129	2.574e-05
-2.5485	-0.3071	0.00014303
-2.5485	-0.2529	6.9706e-05
-2.5485	-0.19871	8.4466e-06
-2.5485	-0.14452	3.1619e-05
-2.5485	-0.090324	1.3044e-05
-2.5485	-0.036129	7.9661e-06
-2.5485	0.018065	6.8563e-05
-2.5485	0.072258	7.9589e-05
-2.5485	0.12645	7.258e-05
-2.5485	0.18065	0.00089839
-2.5485	0.23484	0.0011977
-2.5485	0.28903	0.00055072
-2.5485	0.34323	0.013083
-2.5485	0.39742	0.050114
-2.5485	0.45161	0.080565
-2.5485	0.50581	0.063573
-2.5485	0.56	0.020318
-2.5485	0.61419	0.0010235
-2.5485	0.66839	0.0047109
-2.5485	0.72258	0.0040295
-2.5485	0.77677	0.00033805
-2.5485	0.83097	0.0015934
-2.5485	0.88516	0.0017287
-2.5485	0.93935	0.00018176
-2.5485	0.99354	0.00057782
-2.5485	1.0477	0.00069738
-2.5485	1.1019	7.8949e-05
-2.5485	1.1561	0.00018002
-2.5485	1.2103	0.00020557
-2.5485	1.2645	2.6806e-05
-2.5485	1.3187	4.193e-05
-2.5485	1.3729	9.5344e-05
-2.5485	1.4271	2.719e-05
-2.5485	1.4813	0.00056937
-2.5485	1.5355	0.0017531
-2.5485	1.5897	0.00053143
-2.5485	1.6439	0.0066872
-2.5485	1.6981	0.041759
-2.5485	1.7523	0.085978
-2.5485	1.8065	0.083502
-2.5485	1.8606	0.036528
-2.5485	1.9148	0.0039161
-2.5485	1.969	0.0019612
-2.5485	2.0232	0.0033948
-2.5485	2.0774	0.00064841
-2.5485	2.1316	0.0002905
-2.5485	2.1858	0.00057129
-2.5485	2.24	0.00011568
-2.5485	2.2942	2.7084e-05
-2.5485	2.3484	4.3871e-05
-2.5485	2.4026	6.1362e-06
-2.5485	2.4568	2.5837e-07
-2.5128	-2.4748	8.9817e-07
-2.5128	-2.4206	1.7563e-06
-2.5128	-2.3665	4.5416e-07
-2.5128	-2.3123	1.268e-05
-2.5128	-2.2581	6.1957e-05
-2.5128	-2.2039	0.00011807
-2.5128	-2.1497	0.00010935
-2.5128	-2.0955	4.27e-05
-2.5128	-2.0413	3.1252e-06
-2.5128	-1.9871	8.1261e-06
-2.5128	-1.9329	8.7618e-06
-2.5128	-1.8787	1.1706e-06
-2.5128	-1.8245	1.8522e-06
-2.5128	-1.7703	1.9691e-06
-2.5128	-1.7161	2.1525e-07
-2.5128	-1.6619	4.0029e-08
-2.5128	-1.6077	1.5999e-07
-2.5128	-1.5535	2.0167e-07
-2.5128	-1.4994	4.8449e-06
-2.5128	-1.4452	1.3241e-05
-2.5128	-1.391	3.2661e-06
-2.5128	-1.3368	4.1541e-05
-2.5128	-1.2826	0.00011804
-2.5128	-1.2284	3.5271e-05
-2.5128	-1.1742	0.00017937
-2.5128	-1.12	0.00061304
-2.5128	-1.0658	0.00021103
-2.5128	-1.0116	0.0010716
-2.5128	-0.95742	0.0062573
-2.5128	-0.90323	0.011358
-2.5128	-0.84903	0.011255
-2.5128	-0.79484	0.0065152
-2.5128	-0.74065	0.0012295
-2.5128	-0.68645	0.00051519
-2.5128	-0.63226	0.0017183
-2.5128	-0.57806	0.00062472
-2.5128	-0.52387	0.00022549
-2.5128	-0.46968	0.00091908
-2.5128	-0.41548	0.00038139
-2.5128	-0.36129	0.00011194
-2.5128	-0.3071	0.00049595
-2.5128	-0.2529	0.00020733
-2.5128	-0.19871	7.2858e-05
-2.5128	-0.14452	0.00029375
-2.5128	-0.090324	0.00012472
-2.5128	-0.036129	2.6142e-05
-2.5128	0.018065	0.00010113
-2.5128	0.072258	4.2025e-05
-2.5128	0.12645	1.7832e-05
-2.5128	0.18065	0.00012229
-2.5128	0.23484	0.00016192
-2.5128	0.28903	0.00024894
-2.5128	0.34323	0.0051002
-2.5128	0.39742	0.020191
-2.5128	0.45161	0.034173
-2.5128	0.50581	0.027706
-2.5128	0.56	0.0084483
-2.5128	0.61419	0.00049967
-2.5128	0.66839	0.0031769
-2.5128	0.72258	0.0022941
-2.5128	0.77677	0.00019582
-2.5128	0.83097	0.0014611
-2.5128	0.88516	0.0013144
-2.5128	0.93935	0.00011844
-2.5128	0.99354	0.00078372
-2.5128	1.0477	0.00078989
-2.5128	1.1019	7.7123e-05
-2.5128	1.1561	0.00047077
-2.5128	1.2103	0.00049211
-2.5128	1.2645	4.9048e-05
-2.5128	1.3187	0.00022782
-2.5128	1.3729	0.00023491
-2.5128	1.4271	2.5528e-05
-2.5128	1.4813	7.0156e-05
-2.5128	1.5355	9.3503e-05
-2.5128	1.5897	2.4953e-05
-2.5128	1.6439	0.00091752
-2.5128	1.6981	0.0059681
-2.5128	1.7523	0.01378
-2.5128	1.8065	0.014651
-2.5128	1.8606	0.0066269
-2.5128	1.9148	0.00061381
-2.5128	1.969	0.00067778
-2.5128	2.0232	0.00097872
-2.5128	2.0774	0.00015298
-2.5128	2.1316	0.00015919
-2.5128	2.1858	0.00026102
-2.5128	2.24	4.5049e-05
-2.5128	2.2942	2.9073e-05
-2.5128	2.3484	4.2423e-05
-2.5128	2.4026	5.7052e-06
-2.5128	2.4568	8.0419e-07
-2.477	-2.4748	3.4798e-07
-2.477	-2.4206	6.2406e-07
-2.477	-2.3665	1.6589e-07
-2.477	-2.3123	4.6863e-06
-2.477	-2.2581	2.1061e-05
-2.477	-2.2039	3.752e-05
-2.477	-2.1497	3.2156e-05
-2.477	-2.0955	1.0978e-05
-2.477	-2.0413	8.8944e-07
-2.477	-1.9871	3.4985e-06
-2.477	-1.9329	2.8832e-06
-2.477	-1.8787	4.073e-07
-2.477	-1.8245	9.3901e-07
-2.477	-1.7703	7.1049e-07
-2.477	-1.7161	6.6944e-08
-2.477	-1.6619	2.4148e-08
-2.477	-1.6077	1.146e-07
-2.477	-1.5535	1.905e-07
-2.477	-1.4994	3.8543e-06
-2.477	-1.4452	7.9278e-06
-2.477	-1.391	1.8496e-06
-2.477	-1.3368	3.6197e-05
-2.477	-1.2826	8.0244e-05
-2.477	-1.2284	1.7408e-05
-2.477	-1.1742	0.00020348
-2.477	-1.12	0.00057434
-2.477	-1.0658	0.00015882
-2.477	-1.0116	0.0019873
-2.477	-0.95742	0.011893
-2.477	-0.90323	0.023583
-2.477	-0.84903	0.021772
-2.477	-0.79484	0.0088758
-2.477	-0.74065	0.00088342
-2.477	-0.68645	0.00050872
-2.477	-0.63226	0.0011683
-2.477	-0.57806	0.00038975
-2.477	-0.52387	0.00027126
-2.477	-0.46968	0.001043
-2.477	-0.41548	0.00038987
-2.477	-0.36129	0.00031178
-2.477	-0.3071	0.0010143
-2.477	-0.2529	0.00033224
-2.477	-0.19871	0.00029109
-2.477	-0.14452	0.00091777
-2.477	-0.090324	0.00031475
-2.477	-0.036129	0.00020943
-2.477	0.018065	0.00073725
-2.477	0.072258	0.00029601
-2.477	0.12645	0.00010573
-2.477	0.18065	0.00040871
-2.477	0.23484	0.00015717
-2.477	0.28903	7.4498e-05
-2.477	0.34323	0.0006709
-2.477	0.39742	0.0028782
-2.477	0.45161	0.0064945
-2.477	0.50581	0.0065113
-2.477	0.56	0.0021235
-2.477	0.61419	0.00022536
-2.477	0.66839	0.0014789
-2.477	0.72258	0.00093076
-2.477	0.77677	0.00012659
-2.477	0.83097	0.00098832
-2.477	0.88516	0.00073755
-2.477	0.93935	8.6053e-05
-2.477	0.99354	0.00072235
-2.477	1.0477	0.00059547
-2.477	1.1019	7.1857e-05
-2.477	1.1561	0.00060224
-2.477	1.2103	0.00052497
-2.477	1.2645	6.0611e-05
-2.477	1.3187	0.00051506
-2.477	1.3729	0.00048739
-2.477	1.4271	5.1948e-05
-2.477	1.4813	0.00039526
-2.477	1.5355	0.00040567
-2.477	1.5897	4.6661e-05
-2.477	1.6439	0.00044896
-2.477	1.6981	0.00094725
-2.477	1.7523	0.001132
-2.477	1.8065	0.0011824
-2.477	1.8606	0.00063462
-2.477	1.9148	6.0363e-05
-2.477	1.969	0.00014625
-2.477	2.0232	0.00019322
-2.477	2.0774	2.595e-05
-2.477	2.1316	5.7566e-05
-2.477	2.1858	7.7899e-05
-2.477	2.24	1.0644e-05
-2.477	2.2942	1.5392e-05
-2.477	2.3484	1.7846e-05
-2.477	2.4026	1.8415e-06
-2.477	2.4568	6.1857e-07
-2.4413	-2.4748	2.6883e-07
-2.4413	-2.4206	2.995e-07
-2.4413	-2.3665	1.4039e-07
-2.4413	-2.3123	2.487e-06
-2.4413	-2.2581	8.4542e-06
-2.4413	-2.2039	1.2147e-05
-2.4413	-2.1497	8.2712e-06
-2.4413	-2.0955	1.9786e-06
-2.4413	-2.0413	3.7773e-07
-2.4413	-1.9871	1.2644e-06
-2.4413	-1.9329	6.8568e-07
-2.4413	-1.8787	1.9446e-07
-2.4413	-1.8245	4.1998e-07
-2.4413	-1.7703	1.9507e-07
-2.4413	-1.7161	2.3694e-08
-2.4413	-1.6619	1.6307e-08
-2.4413	-1.6077	6.7194e-08
-2.4413	-1.5535	1.9407e-07
-2.4413	-1.4994	2.798e-06
-2.4413	-1.4452	4.2957e-06
-2.4413	-1.391	1.5218e-06
-2.4413	-1.3368	2.7733e-05
-2.4413	-1.2826	4.8021e-05
-2.4413	-1.2284	9.8995e-06
-2.4413	-1.1742	0.00018494
-2.4413	-1.12	0.00041748
-2.4413	-1.0658	9.6398e-05
-2.4413	-1.0116	0.002229
-2.4413	-0.95742	0.01204
-2.4413	-0.90323	0.023998
-2.4413	-0.84903	0.023226
-2.4413	-0.79484	0.0099162
-2.4413	-0.74065	0.0008645
-2.4413	-0.68645	0.001077
-2.4413	-0.63226	0.0015763
-2.4413	-0.57806	0.00028488
-2.4413	-0.52387	0.00019422
-2.4413	-0.46968	0.00049718
-2.4413	-0.41548	0.000179
-2.4413	-0.36129	0.00027974
-2.4413	-0.3071	0.00086423
-2.4413	-0.2529	0.00025169
-2.4413	-0.19871	0.00069514
-2.4413	-0.14452	0.0017937
-2.4413	-0.090324	0.00047501
-2.4413	-0.036129	0.0008401
-2.4413	0.018065	0.0022926
-2.4413	0.072258	0.0007161
-2.4413	0.12645	0.00077402
-2.4413	0.18065	0.0026244
-2.4413	0.23484	0.00098731
-2.4413	0.28903	0.0011892
-2.4413	0.34323	0.0068217
-2.4413	0.39742	0.0090456
-2.4413	0.45161	0.0049654
-2.4413	0.50581	0.0012896
-2.4413	0.56	0.00019307
-2.4413	0.61419	4.0456e-05
-2.4413	0.66839	0.00029543
-2.4413	0.72258	0.00018973
-2.4413	0.77677	6.8388e-05
-2.4413	0.83097	0.00043942
-2.4413	0.88516	0.00027909
-2.4413	0.93935	6.8007e-05
-2.4413	0.99354	0.00048332
-2.4413	1.0477	0.00032471
-2.4413	1.1019	7.1289e-05
-2.4413	1.1561	0.00053345
-2.4413	1.2103	0.00037742
-2.4413	1.2645	7.8098e-05
-2.4413	1.3187	0.00063702
-2.4413	1.3729	0.00050395
-2.4413	1.4271	8.2812e-05
-2.4413	1.4813	0.00079182
-2.4413	1.5355	0.0007523
-2.4413	1.5897	0.00013326
-2.4413	1.6439	0.0019621
-2.4413	1.6981	0.0044905
-2.4413	1.7523	0.0039574
-2.4413	1.8065	0.0016133
-2.4413	1.8606	0.00026964
-2.4413	1.9148	9.1885e-06
-2.4413	1.969	1.2813e-05
-2.4413	2.0232	1.7841e-05
-2.4413	2.0774	3.2207e-06
-2.4413	2.1316	1.1401e-05
-2.4413	2.1858	1.4556e-05
-2.4413	2.24	1.8812e-06
-2.4413	2.2942	5.6302e-06
-2.4413	2.3484	5.3295e-06
-2.4413	2.4026	4.1634e-07
-2.4413	2.4568	2.9501e-07
-2.4056	-2.4748	3.6359e-07
-2.4056	-2.4206	2.1304e-07
-2.4056	-2.3665	3.4741e-07
-2.4056	-2.3123	3.2986e-06
-2.4056	-2.2581	7.9638e-06
-2.4056	-2.2039	8.6724e-06
-2.4056	-2.1497	4.275e-06
-2.4056	-2.0955	5.4747e-07
-2.4056	-2.0413	2.5017e-07
-2.4056	-1.9871	4.9589e-07
-2.4056	-1.9329	1.1118e-07
-2.4056	-1.8787	1.3388e-07
-2.4056	-1.8245	1.9732e-07
-2.4056	-1.7703	4.0452e-08
-2.4056	-1.7161	1.2768e-08
-2.4056	-1.6619	1.1714e-08
-2.4056	-1.6077	3.0915e-08
-2.4056	-1.5535	1.828e-07
-2.4056	-1.4994	1.8287e-06
-2.4056	-1.4452	2.1144e-06
-2.4056	-1.391	1.407e-06
-2.4056	-1.3368	1.8403e-05
-2.4056	-1.2826	2.4966e-05
-2.4056	-1.2284	7.7377e-06
-2.4056	-1.1742	0.00014273
-2.4056	-1.12	0.00025981
-2.4056	-1.0658	6.8409e-05
-2.4056	-1.0116	0.0020593
-2.4056	-0.95742	0.0099621
-2.4056	-0.90323	0.01911
-2.4056	-0.84903	0.018048
-2.4056	-0.79484	0.0073303
-2.4056	-0.74065	0.00052594
-2.4056	-0.68645	0.0013448
-2.4056	-0.63226	0.0017012
-2.4056	-0.57806	0.0002387
-2.4056	-0.52387	0.00045192
-2.4056	-0.46968	0.00078005
-2.4056	-0.41548	0.00017333
-2.4056	-0.36129	9.4787e-05
-2.4056	-0.3071	0.00019146
-2.4056	-0.2529	3.7769e-05
-2.4056	-0.19871	0.00034182
-2.4056	-0.14452	0.0008886
-2.4056	-0.090324	0.00022771
-2.4056	-0.036129	0.0014475
-2.4056	0.018065	0.0037251
-2.4056	0.072258	0.0009726
-2.4056	0.12645	0.0030767
-2.4056	0.18065	0.0084935
-2.4056	0.23484	0.0025399
-2.4056	0.28903	0.0077153
-2.4056	0.34323	0.040938
-2.4056	0.39742	0.062502
-2.4056	0.45161	0.044145
-2.4056	0.50581	0.014346
-2.4056	0.56	0.0013363
-2.4056	0.61419	0.00015602
-2.4056	0.66839	0.00025195
-2.4056	0.72258	4.9556e-05
-2.4056	0.77677	1.2265e-05
-2.4056	0.83097	6.9684e-05
-2.4056	0.88516	4.426e-05
-2.4056	0.93935	3.9047e-05
-2.4056	0.99354	0.0002045
-2.4056	1.0477	0.00011438
-2.4056	1.1019	5.8996e-05
-2.4056	1.1561	0.00033734
-2.4056	1.2103	0.0001912
-2.4056	1.2645	8.9676e-05
-2.4056	1.3187	0.00055487
-2.4056	1.3729	0.0003553
-2.4056	1.4271	0.00012135
-2.4056	1.4813	0.00095517
-2.4056	1.5355	0.00076701
-2.4056	1.5897	0.00026588
-2.4056	1.6439	0.0036621
-2.4056	1.6981	0.0085641
-2.4056	1.7523	0.0083959
-2.4056	1.8065	0.0039496
-2.4056	1.8606	0.00071831
-2.4056	1.9148	1.9718e-05
-2.4056	1.969	5.5003e-05
-2.4056	2.0232	2.3927e-05
-2.4056	2.0774	1.355e-06
-2.4056	2.1316	1.1624e-06
-2.4056	2.1858	1.2308e-06
-2.4056	2.24	3.1045e-07
-2.4056	2.2942	9.5229e-07
-2.4056	2.3484	8.3897e-07
-2.4056	2.4026	6.4004e-08
-2.4056	2.4568	8.8144e-08
-2.3699	-2.4748	4.7401e-07
-2.3699	-2.4206	1.7872e-07
-2.3699	-2.3665	7.2067e-07
-2.3699	-2.3123	5.1126e-06
-2.3699	-2.2581	1.0727e-05
-2.3699	-2.2039	1.0653e-05
-2.3699	-2.1497	4.9616e-06
-2.3699	-2.0955	6.7082e-07
-2.3699	-2.0413	1.9306e-07
-2.3699	-1.9871	3.4665e-07
-2.3699	-1.9329	5.1079e-08
-2.3699	-1.8787	1.0019e-07
-2.3699	-1.8245	1.2247e-07
-2.3699	-1.7703	1.3723e-08
-2.3699	-1.7161	8.9947e-09
-2.3699	-1.6619	6.9262e-09
-2.3699	-1.6077	1.1527e-08
-2.3699	-1.5535	1.4739e-07
-2.3699	-1.4994	1.0847e-06
-2.3699	-1.4452	1.0053e-06
-2.3699	-1.391	1.1152e-06
-2.3699	-1.3368	1.0455e-05
-2.3699	-1.2826	1.126e-05
-2.3699	-1.2284	6.5939e-06
-2.3699	-1.1742	9.2507e-05
-2.3699	-1.12	0.00013711
-2.3699	-1.0658	5.7484e-05
-2.3699	-1.0116	0.0015965
-2.3699	-0.95742	0.0070123
-2.3699	-0.90323	0.012895
-2.3699	-0.84903	0.011728
-2.3699	-0.79484	0.004407
-2.3699	-0.74065	0.00027239
-2.3699	-0.68645	0.0012445
-2.3699	-0.63226	0.0013193
-2.3699	-0.57806	0.00014884
-2.3699	-0.52387	0.00057584
-2.3699	-0.46968	0.00082452
-2.3699	-0.41548	0.00013723
-2.3699	-0.36129	0.00023412
-2.3699	-0.3071	0.00035047
-2.3699	-0.2529	5.6061e-05
-2.3699	-0.19871	0.00025897
-2.3699	-0.14452	0.00030179
-2.3699	-0.090324	4.2157e-05
-2.3699	-0.036129	0.00034097
-2.3699	0.018065	0.00084115
-2.3699	0.072258	0.00023295
-2.3699	0.12645	0.0028093
-2.3699	0.18065	0.008602
-2.3699	0.23484	0.0025172
-2.3699	0.28903	0.023766
-2.3699	0.34323	0.12847
-2.3699	0.39742	0.21645
-2.3699	0.45161	0.16706
-2.3699	0.50581	0.057901
-2.3699	0.56	0.0051576
-2.3699	0.61419	0.0015791
-2.3699	0.66839	0.0024526
-2.3699	0.72258	0.00045233
-2.3699	0.77677	7.5206e-05
-2.3699	0.83097	0.00016165
-2.3699	0.88516	3.8584e-05
-2.3699	0.93935	6.6262e-06
-2.3699	0.99354	2.5599e-05
-2.3699	1.0477	1.366e-05
-2.3699	1.1019	2.7421e-05
-2.3699	1.1561	0.00012423
-2.3699	1.2103	5.7025e-05
-2.3699	1.2645	7.4645e-05
-2.3699	1.3187	0.00034237
-2.3699	1.3729	0.00017391
-2.3699	1.4271	0.00014138
-2.3699	1.4813	0.00083067
-2.3699	1.5355	0.00054541
-2.3699	1.5897	0.0004053
-2.3699	1.6439	0.0044945
-2.3699	1.6981	0.010165
-2.3699	1.7523	0.010133
-2.3699	1.8065	0.0048822
-2.3699	1.8606	0.00086147
-2.3699	1.9148	3.4144e-05
-2.3699	1.969	0.00013568
-2.3699	2.0232	5.4001e-05
-2.3699	2.0774	2.4878e-06
-2.3699	2.1316	9.1497e-06
-2.3699	2.1858	4.1197e-06
-2.3699	2.24	2.0469e-07
-2.3699	2.2942	1.7836e-07
-2.3699	2.3484	7.5046e-08
-2.3699	2.4026	9.0511e-09
-2.3699	2.4568	9.5256e-09
-2.3341	-2.4748	5.2865e-07
-2.3341	-2.4206	1.4869e-07
-2.3341	-2.3665	1.1802e-06
-2.3341	-2.3123	6.9973e-06
-2.3341	-2.2581	1.3534e-05
-2.3341	-2.2039	1.2681e-05
-2.3341	-2.1497	5.6508e-06
-2.3341	-2.0955	7.4289e-07
-2.3341	-2.0413	1.7386e-07
-2.3341	-1.9871	3.5516e-07
-2.3341	-1.9329	7.1893e-08
-2.3341	-1.8787	6.9176e-08
-2.3341	-1.8245	9.0562e-08
-2.3341	-1.7703	1.2325e-08
-2.3341	-1.7161	6.047e-09
-2.3341	-1.6619	2.6796e-09
-2.3341	-1.6077	5.3555e-09
-2.3341	-1.5535	9.8756e-08
-2.3341	-1.4994	5.9981e-07
-2.3341	-1.4452	5.0708e-07
-2.3341	-1.391	6.8216e-07
-2.3341	-1.3368	5.1326e-06
-2.3341	-1.2826	4.6482e-06
-2.3341	-1.2284	4.6374e-06
-2.3341	-1.1742	4.9365e-05
-2.3341	-1.12	6.0655e-05
-2.3341	-1.0658	4.5649e-05
-2.3341	-1.0116	0.0010208
-2.3341	-0.95742	0.0041406
-2.3341	-0.90323	0.0073209
-2.3341	-0.84903	0.0063891
-2.3341	-0.79484	0.002187
-2.3341	-0.74065	0.00014675
-2.3341	-0.68645	0.00093165
-2.3341	-0.63226	0.00082324
-2.3341	-0.57806	8.7971e-05
-2.3341	-0.52387	0.00053692
-2.3341	-0.46968	0.0006302
-2.3341	-0.41548	8.7577e-05
-2.3341	-0.36129	0.00031165
-2.3341	-0.3071	0.00036481
-2.3341	-0.2529	6.6448e-05
-2.3341	-0.19871	0.00046796
-2.3341	-0.14452	0.00047847
-2.3341	-0.090324	5.6421e-05
-2.3341	-0.036129	0.00042464
-2.3341	0.018065	0.000505
-2.3341	0.072258	7.244e-05
-2.3341	0.12645	0.00044793
-2.3341	0.18065	0.0010178
-2.3341	0.23484	0.00028032
-2.3341	0.28903	0.0092206
-2.3341	0.34323	0.065309
-2.3341	0.39742	0.16073
-2.3341	0.45161	0.17863
-2.3341	0.50581	0.082901
-2.3341	0.56	0.0080633
-2.3341	0.61419	0.0064493
-2.3341	0.66839	0.0093585
-2.3341	0.72258	0.0015326
-2.3341	0.77677	0.00078019
-2.3341	0.83097	0.0014036
-2.3341	0.88516	0.00028237
-2.3341	0.93935	6.9685e-05
-2.3341	0.99354	0.00013717
-2.3341	1.0477	2.4829e-05
-2.3341	1.1019	8.7026e-06
-2.3341	1.1561	1.6028e-05
-2.3341	1.2103	4.8605e-06
-2.3341	1.2645	3.1858e-05
-2.3341	1.3187	0.00011549
-2.3341	1.3729	4.655e-05
-2.3341	1.4271	0.00011477
-2.3341	1.4813	0.00051341
-2.3341	1.5355	0.00027227
-2.3341	1.5897	0.00045737
-2.3341	1.6439	0.0040871
-2.3341	1.6981	0.0089151
-2.3341	1.7523	0.0088587
-2.3341	1.8065	0.004223
-2.3341	1.8606	0.00068221
-2.3341	1.9148	5.0708e-05
-2.3341	1.969	0.00018026
-2.3341	2.0232	6.1694e-05
-2.3341	2.0774	4.7538e-06
-2.3341	2.1316	2.0538e-05
-2.3341	2.1858	8.0844e-06
-2.3341	2.24	3.8923e-07
-2.3341	2.2942	1.383e-06
-2.3341	2.3484	4.421e-07
-2.3341	2.4026	9.35e-09
-2.3341	2.4568	4.6338e-09
-2.2984	-2.4748	4.9032e-07
-2.2984	-2.4206	1.1268e-07
-2.2984	-2.3665	1.6156e-06
-2.2984	-2.3123	8.3921e-06
-2.2984	-2.2581	1.5314e-05
-2.2984	-2.2039	1.3621e-05
-2.2984	-2.1497	5.6488e-06
-2.2984	-2.0955	6.2661e-07
-2.2984	-2.0413	2.0808e-07
-2.2984	-1.9871	3.8224e-07
-2.2984	-1.9329	7.4754e-08
-2.2984	-1.8787	4.5646e-08
-2.2984	-1.8245	6.6805e-08
-2.2984	-1.7703	1.0113e-08
-2.2984	-1.7161	3.2815e-09
-2.2984	-1.6619	1.1783e-09
-2.2984	-1.6077	4.9172e-09
-2.2984	-1.5535	5.5317e-08
-2.2984	-1.4994	3.2101e-07
-2.2984	-1.4452	2.6943e-07
-2.2984	-1.391	3.1579e-07
-2.2984	-1.3368	2.3225e-06
-2.2984	-1.2826	1.9942e-06
-2.2984	-1.2284	2.3284e-06
-2.2984	-1.1742	2.1416e-05
-2.2984	-1.12	2.277e-05
-2.2984	-1.0658	2.8376e-05
-2.2984	-1.0116	0.00052178
-2.2984	-0.95742	0.0019915
-2.2984	-0.90323	0.0034
-2.2984	-0.84903	0.0028398
-2.2984	-0.79484	0.00087102
-2.2984	-0.74065	9.2048e-05
-2.2984	-0.68645	0.00056714
-2.2984	-0.63226	0.000416
-2.2984	-0.57806	5.991e-05
-2.2984	-0.52387	0.00039868
-2.2984	-0.46968	0.00038106
-2.2984	-0.41548	5.929e-05
-2.2984	-0.36129	0.00029264
-2.2984	-0.3071	0.00025548
-2.2984	-0.2529	8.0997e-05
-2.2984	-0.19871	0.00056132
-2.2984	-0.14452	0.00046672
-2.2984	-0.090324	7.6151e-05
-2.2984	-0.036129	0.00074983
-2.2984	0.018065	0.00077329
-2.2984	0.072258	9.6295e-05
-2.2984	0.12645	0.00086148
-2.2984	0.18065	0.0010862
-2.2984	0.23484	0.00015573
-2.2984	0.28903	0.0023603
-2.2984	0.34323	0.0088675
-2.2984	0.39742	0.017404
-2.2984	0.45161	0.021569
-2.2984	0.50581	0.012876
-2.2984	0.56	0.0014689
-2.2984	0.61419	0.0036428
-2.2984	0.66839	0.0064867
-2.2984	0.72258	0.0012254
-2.2984	0.77677	0.0019422
-2.2984	0.83097	0.0036367
-2.2984	0.88516	0.00069799
-2.2984	0.93935	0.00065895
-2.2984	0.99354	0.0010964
-2.2984	1.0477	0.00017345
-2.2984	1.1019	0.00018985
-2.2984	1.1561	0.00025774
-2.2984	1.2103	4.0891e-05
-2.2984	1.2645	2.2613e-05
-2.2984	1.3187	2.919e-05
-2.2984	1.3729	5.8353e-06
-2.2984	1.4271	4.6857e-05
-2.2984	1.4813	0.00016869
-2.2984	1.5355	7.4838e-05
-2.2984	1.5897	0.0003422
-2.2984	1.6439	0.0026329
-2.2984	1.6981	0.0057456
-2.2984	1.7523	0.0057982
-2.2984	1.8065	0.0027453
-2.2984	1.8606	0.00039727
-2.2984	1.9148	6.0886e-05
-2.2984	1.969	0.00016906
-2.2984	2.0232	4.8138e-05
-2.2984	2.0774	7.6738e-06
-2.2984	2.1316	2.644e-05
-2.2984	2.1858	8.64e-06
-2.2984	2.24	8.111e-07
-2.2984	2.2942	2.791e-06
-2.2984	2.3484	7.4926e-07
-2.2984	2.4026	2.5136e-08
-2.2984	2.4568	1.8099e-08
-2.2627	-2.4748	3.5917e-07
-2.2627	-2.4206	7.9758e-08
-2.2627	-2.3665	1.834e-06
-2.2627	-2.3123	8.5884e-06
-2.2627	-2.2581	1.5074e-05
-2.2627	-2.2039	1.2903e-05
-2.2627	-2.1497	4.9662e-06
-2.2627	-2.0955	4.3361e-07
-2.2627	-2.0413	2.8753e-07
-2.2627	-1.9871	4.0105e-07
-2.2627	-1.9329	6.0891e-08
-2.2627	-1.8787	3.837e-08
-2.2627	-1.8245	5.2798e-08
-2.2627	-1.7703	6.9089e-09
-2.2627	-1.7161	1.4564e-09
-2.2627	-1.6619	2.7185e-09
-2.2627	-1.6077	4.9918e-09
-2.2627	-1.5535	3.039e-08
-2.2627	-1.4994	1.7683e-07
-2.2627	-1.4452	1.3085e-07
-2.2627	-1.391	1.4712e-07
-2.2627	-1.3368	1.1393e-06
-2.2627	-1.2826	9.4008e-07
-2.2627	-1.2284	8.6537e-07
-2.2627	-1.1742	8.2042e-06
-2.2627	-1.12	7.9297e-06
-2.2627	-1.0658	1.2784e-05
-2.2627	-1.0116	0.00020925
-2.2627	-0.95742	0.0007587
-2.2627	-0.90323	0.0012432
-2.2627	-0.84903	0.00097964
-2.2627	-0.79484	0.00026049
-2.2627	-0.74065	6.0708e-05
-2.2627	-0.68645	0.0002747
-2.2627	-0.63226	0.0001649
-2.2627	-0.57806	4.7109e-05
-2.2627	-0.52387	0.00023863
-2.2627	-0.46968	0.00018228
-2.2627	-0.41548	4.9571e-05
-2.2627	-0.36129	0.0002165
-2.2627	-0.3071	0.00013148
-2.2627	-0.2529	9.9586e-05
-2.2627	-0.19871	0.00051617
-2.2627	-0.14452	0.00033078
-2.2627	-0.090324	0.00010923
-2.2627	-0.036129	0.0008822
-2.2627	0.018065	0.00074388
-2.2627	0.072258	0.00013947
-2.2627	0.12645	0.0015207
-2.2627	0.18065	0.0016844
-2.2627	0.23484	0.00032504
-2.2627	0.28903	0.00582
-2.2627	0.34323	0.016459
-2.2627	0.39742	0.018432
-2.2627	0.45161	0.010112
-2.2627	0.50581	0.0024799
-2.2627	0.56	0.00012105
-2.2627	0.61419	0.00041743
-2.2627	0.66839	0.00065907
-2.2627	0.72258	0.00012447
-2.2627	0.77677	0.00047837
-2.2627	0.83097	0.0010264
-2.2627	0.88516	0.00022177
-2.2627	0.93935	0.00075
-2.2627	0.99354	0.001391
-2.2627	1.0477	0.00024019
-2.2627	1.1019	0.00088794
-2.2627	1.1561	0.0012814
-2.2627	1.2103	0.00018071
-2.2627	1.2645	0.00042714
-2.2627	1.3187	0.00055325
-2.2627	1.3729	8.2528e-05
-2.2627	1.4271	8.6781e-05
-2.2627	1.4813	0.00010636
-2.2627	1.5355	1.4293e-05
-2.2627	1.5897	0.00012176
-2.2627	1.6439	0.00085393
-2.2627	1.6981	0.0021205
-2.2627	1.7523	0.0024151
-2.2627	1.8065	0.0012185
-2.2627	1.8606	0.00016212
-2.2627	1.9148	5.3239e-05
-2.2627	1.969	0.00011685
-2.2627	2.0232	2.7322e-05
-2.2627	2.0774	9.537e-06
-2.2627	2.1316	2.4551e-05
-2.2627	2.1858	6.4594e-06
-2.2627	2.24	1.3463e-06
-2.2627	2.2942	3.4166e-06
-2.2627	2.3484	7.2947e-07
-2.2627	2.4026	5.0383e-08
-2.2627	2.4568	2.3803e-08
-2.2269	-2.4748	1.8837e-07
-2.2269	-2.4206	5.9673e-08
-2.2269	-2.3665	1.6365e-06
-2.2269	-2.3123	7.0867e-06
-2.2269	-2.2581	1.2196e-05
-2.2269	-2.2039	1.0224e-05
-2.2269	-2.1497	3.6892e-06
-2.2269	-2.0955	2.5033e-07
-2.2269	-2.0413	3.5533e-07
-2.2269	-1.9871	3.804e-07
-2.2269	-1.9329	4.1624e-08
-2.2269	-1.8787	4.6532e-08
-2.2269	-1.8245	4.8615e-08
-2.2269	-1.7703	4.4775e-09
-2.2269	-1.7161	1.0803e-09
-2.2269	-1.6619	5.3635e-09
-2.2269	-1.6077	4.2317e-09
-2.2269	-1.5535	2.7621e-08
-2.2269	-1.4994	1.1827e-07
-2.2269	-1.4452	5.3023e-08
-2.2269	-1.391	1.6345e-07
-2.2269	-1.3368	7.3029e-07
-2.2269	-1.2826	4.2054e-07
-2.2269	-1.2284	7.8617e-07
-2.2269	-1.1742	4.3988e-06
-2.2269	-1.12	3.1258e-06
-2.2269	-1.0658	6.9183e-06
-2.2269	-1.0116	8.4123e-05
-2.2269	-0.95742	0.00026045
-2.2269	-0.90323	0.00037334
-2.2269	-0.84903	0.00025175
-2.2269	-0.79484	5.0791e-05
-2.2269	-0.74065	3.6973e-05
-2.2269	-0.68645	0.00010206
-2.2269	-0.63226	4.7685e-05
-2.2269	-0.57806	3.7191e-05
-2.2269	-0.52387	0.00011465
-2.2269	-0.46968	6.6227e-05
-2.2269	-0.41548	4.6108e-05
-2.2269	-0.36129	0.00013307
-2.2269	-0.3071	4.928e-05
-2.2269	-0.2529	0.00010686
-2.2269	-0.19871	0.00038808
-2.2269	-0.14452	0.000184
-2.2269	-0.090324	0.00013722
-2.2269	-0.036129	0.0007943
-2.2269	0.018065	0.00052847
-2.2269	0.072258	0.00020534
-2.2269	0.12645	0.0018007
-2.2269	0.18065	0.0016597
-2.2269	0.23484	0.00059592
-2.2269	0.28903	0.0099154
-2.2269	0.34323	0.027635
-2.2269	0.39742	0.03256
-2.2269	0.45161	0.018698
-2.2269	0.50581	0.0042354
-2.2269	0.56	0.00014991
-2.2269	0.61419	0.00057134
-2.2269	0.66839	0.00035
-2.2269	0.72258	2.4442e-05
-2.2269	0.77677	6.7023e-05
-2.2269	0.83097	9.8875e-05
-2.2269	0.88516	2.3204e-05
-2.2269	0.93935	0.00012139
-2.2269	0.99354	0.00021118
-2.2269	1.0477	4.1634e-05
-2.2269	1.1019	0.000407
-2.2269	1.1561	0.00065611
-2.2269	1.2103	0.00010797
-2.2269	1.2645	0.00090019
-2.2269	1.3187	0.0013886
-2.2269	1.3729	0.0002143
-2.2269	1.4271	0.00097292
-2.2269	1.4813	0.001434
-2.2269	1.5355	0.0001972
-2.2269	1.5897	0.00088813
-2.2269	1.6439	0.0020147
-2.2269	1.6981	0.0014853
-2.2269	1.7523	0.00067515
-2.2269	1.8065	0.00026049
-2.2269	1.8606	3.409e-05
-2.2269	1.9148	2.5551e-05
-2.2269	1.969	5.0611e-05
-2.2269	2.0232	1.0075e-05
-2.2269	2.0774	8.5183e-06
-2.2269	2.1316	1.6826e-05
-2.2269	2.1858	3.4945e-06
-2.2269	2.24	1.6956e-06
-2.2269	2.2942	3.1044e-06
-2.2269	2.3484	5.1516e-07
-2.2269	2.4026	6.8387e-08
-2.2269	2.4568	2.1658e-08
-2.1912	-2.4748	5.5742e-08
-2.1912	-2.4206	4.4033e-08
-2.1912	-2.3665	1.0319e-06
-2.1912	-2.3123	4.2917e-06
-2.1912	-2.2581	7.464e-06
-2.1912	-2.2039	6.2891e-06
-2.1912	-2.1497	2.1701e-06
-2.1912	-2.0955	1.224e-07
-2.1912	-2.0413	3.4219e-07
-2.1912	-1.9871	2.9821e-07
-2.1912	-1.9329	2.4563e-08
-2.1912	-1.8787	5.6258e-08
-2.1912	-1.8245	4.4683e-08
-2.1912	-1.7703	2.7523e-09
-2.1912	-1.7161	1.5959e-09
-2.1912	-1.6619	6.8917e-09
-2.1912	-1.6077	3.3248e-09
-2.1912	-1.5535	4.1484e-08
-2.1912	-1.4994	1.1173e-07
-2.1912	-1.4452	2.5402e-08
-2.1912	-1.391	2.8625e-07
-2.1912	-1.3368	6.405e-07
-2.1912	-1.2826	1.8488e-07
-2.1912	-1.2284	1.7339e-06
-2.1912	-1.1742	4.6053e-06
-2.1912	-1.12	1.6328e-06
-2.1912	-1.0658	1.23e-05
-2.1912	-1.0116	7.9231e-05
-2.1912	-0.95742	0.00017134
-2.1912	-0.90323	0.00017564
-2.1912	-0.84903	7.676e-05
-2.1912	-0.79484	6.5625e-06
-2.1912	-0.74065	2.1564e-05
-2.1912	-0.68645	3.0146e-05
-2.1912	-0.63226	9.0824e-06
-2.1912	-0.57806	2.7701e-05
-2.1912	-0.52387	4.5649e-05
-2.1912	-0.46968	1.7138e-05
-2.1912	-0.41548	4.1371e-05
-2.1912	-0.36129	7.3869e-05
-2.1912	-0.3071	1.4487e-05
-2.1912	-0.2529	9.5496e-05
-2.1912	-0.19871	0.00024782
-2.1912	-0.14452	8.5182e-05
-2.1912	-0.090324	0.00013719
-2.1912	-0.036129	0.00057559
-2.1912	0.018065	0.00029397
-2.1912	0.072258	0.00025252
-2.1912	0.12645	0.0016301
-2.1912	0.18065	0.001217
-2.1912	0.23484	0.00089402
-2.1912	0.28903	0.011884
-2.1912	0.34323	0.031598
-2.1912	0.39742	0.037355
-2.1912	0.45161	0.021695
-2.1912	0.50581	0.0047414
-2.1912	0.56	0.00023004
-2.1912	0.61419	0.0011363
-2.1912	0.66839	0.0006116
-2.1912	0.72258	3.6867e-05
-2.1912	0.77677	0.00018774
-2.1912	0.83097	0.00013859
-2.1912	0.88516	1.2955e-05
-2.1912	0.93935	1.9502e-05
-2.1912	0.99354	1.9444e-05
-2.1912	1.0477	4.9156e-06
-2.1912	1.1019	5.5257e-05
-2.1912	1.1561	7.5311e-05
-2.1912	1.2103	1.8281e-05
-2.1912	1.2645	0.00024893
-2.1912	1.3187	0.00037405
-2.1912	1.3729	6.8953e-05
-2.1912	1.4271	0.00088437
-2.1912	1.4813	0.0015625
-2.1912	1.5355	0.0002788
-2.1912	1.5897	0.004253
-2.1912	1.6439	0.01422
-2.1912	1.6981	0.016052
-2.1912	1.7523	0.0079276
-2.1912	1.8065	0.0015469
-2.1912	1.8606	5.6894e-05
-2.1912	1.9148	2.0654e-05
-2.1912	1.969	1.5859e-05
-2.1912	2.0232	2.2007e-06
-2.1912	2.0774	4.0185e-06
-2.1912	2.1316	6.8274e-06
-2.1912	2.1858	1.161e-06
-2.1912	2.24	1.5701e-06
-2.1912	2.2942	2.1464e-06
-2.1912	2.3484	2.7816e-07
-2.1912	2.4026	6.3953e-08
-2.1912	2.4568	1.9051e-08
-2.1555	-2.4748	4.6527e-09
-2.1555	-2.4206	2.1144e-08
-2.1555	-2.3665	3.4815e-07
-2.1555	-2.3123	1.5327e-06
-2.1555	-2.2581	2.9217e-06
-2.1555	-2.2039	2.6369e-06
-2.1555	-2.1497	9.1491e-07
-2.1555	-2.0955	5.2816e-08
-2.1555	-2.0413	2.354e-07
-2.1555	-1.9871	1.7809e-07
-2.1555	-1.9329	1.3467e-08
-2.1555	-1.8787	5.2344e-08
-2.1555	-1.8245	3.3775e-08
-2.1555	-1.7703	1.5348e-09
-2.1555	-1.7161	1.8699e-09
-2.1555	-1.6619	6.3966e-09
-2.1555	-1.6077	2.9471e-09
-2.1555	-1.5535	5.8902e-08
-2.1555	-1.4994	1.2067e-07
-2.1555	-1.4452	2.7135e-08
-2.1555	-1.391	4.4013e-07
-2.1555	-1.3368	6.8554e-07
-2.1555	-1.2826	1.7277e-07
-2.1555	-1.2284	3.0222e-06
-2.1555	-1.1742	5.6861e-06
-2.1555	-1.12	1.2656e-06
-2.1555	-1.0658	2.5179e-05
-2.1555	-1.0116	0.00012369
-2.1555	-0.95742	0.0002298
-2.1555	-0.90323	0.00020824
-2.1555	-0.84903	8.0481e-05
-2.1555	-0.79484	6.0547e-06
-2.1555	-0.74065	1.5077e-05
-2.1555	-0.68645	1.3497e-05
-2.1555	-0.63226	2.3032e-06
-2.1555	-0.57806	2.0069e-05
-2.1555	-0.52387	1.9215e-05
-2.1555	-0.46968	3.9615e-06
-2.1555	-0.41548	3.4118e-05
-2.1555	-0.36129	4.3294e-05
-2.1555	-0.3071	7.1152e-06
-2.1555	-0.2529	7.1723e-05
-2.1555	-0.19871	0.00014146
-2.1555	-0.14452	3.7951e-05
-2.1555	-0.090324	0.00010711
-2.1555	-0.036129	0.00034258
-2.1555	0.018065	0.00013258
-2.1555	0.072258	0.00024158
-2.1555	0.12645	0.0011772
-2.1555	0.18065	0.00070027
-2.1555	0.23484	0.0010457
-2.1555	0.28903	0.011047
-2.1555	0.34323	0.027838
-2.1555	0.39742	0.032333
-2.1555	0.45161	0.01839
-2.1555	0.50581	0.0036809
-2.1555	0.56	0.00031397
-2.1555	0.61419	0.0014159
-2.1555	0.66839	0.00066369
-2.1555	0.72258	6.043e-05
-2.1555	0.77677	0.00035733
-2.1555	0.83097	0.00022741
-2.1555	0.88516	1.7388e-05
-2.1555	0.93935	6.8899e-05
-2.1555	0.99354	4.1245e-05
-2.1555	1.0477	7.5605e-06
-2.1555	1.1019	3.2216e-05
-2.1555	1.1561	1.7928e-05
-2.1555	1.2103	3.9102e-06
-2.1555	1.2645	3.505e-05
-2.1555	1.3187	4.2091e-05
-2.1555	1.3729	1.482e-05
-2.1555	1.4271	0.00021223
-2.1555	1.4813	0.00032977
-2.1555	1.5355	8.3934e-05
-2.1555	1.5897	0.0021473
-2.1555	1.6439	0.0085429
-2.1555	1.6981	0.013304
-2.1555	1.7523	0.009817
-2.1555	1.8065	0.0029321
-2.1555	1.8606	0.00014074
-2.1555	1.9148	0.0002126
-2.1555	1.969	0.00015442
-2.1555	2.0232	1.2395e-05
-2.1555	2.0774	5.2639e-06
-2.1555	2.1316	4.1947e-06
-2.1555	2.1858	5.2131e-07
-2.1555	2.24	8.0086e-07
-2.1555	2.2942	9.0858e-07
-2.1555	2.3484	1.0012e-07
-2.1555	2.4026	3.9475e-08
-2.1555	2.4568	1.7693e-08
-2.1198	-2.4748	1.6094e-08
-2.1198	-2.4206	6.1537e-09
-2.1198	-2.3665	3.2934e-08
-2.1198	-2.3123	1.4882e-07
-2.1198	-2.2581	4.181e-07
-2.1198	-2.2039	5.2097e-07
-2.1198	-2.1497	2.211e-07
-2.1198	-2.0955	1.8765e-08
-2.1198	-2.0413	9.8781e-08
-2.1198	-1.9871	7.2579e-08
-2.1198	-1.9329	7.3299e-09
-2.1198	-1.8787	3.3246e-08
-2.1198	-1.8245	1.856e-08
-2.1198	-1.7703	8.2668e-10
-2.1198	-1.7161	1.3628e-09
-2.1198	-1.6619	4.4229e-09
-2.1198	-1.6077	2.9488e-09
-2.1198	-1.5535	6.4289e-08
-2.1198	-1.4994	1.1169e-07
-2.1198	-1.4452	3.7125e-08
-2.1198	-1.391	5.5172e-07
-2.1198	-1.3368	7.2451e-07
-2.1198	-1.2826	2.7338e-07
-2.1198	-1.2284	4.0855e-06
-2.1198	-1.1742	6.3404e-06
-2.1198	-1.12	1.5522e-06
-2.1198	-1.0658	4.1293e-05
-2.1198	-1.0116	0.00017716
-2.1198	-0.95742	0.00030809
-2.1198	-0.90323	0.00026909
-2.1198	-0.84903	0.000104
-2.1198	-0.79484	8.1806e-06
-2.1198	-0.74065	1.4742e-05
-2.1198	-0.68645	1.5486e-05
-2.1198	-0.63226	2.8079e-06
-2.1198	-0.57806	1.484e-05
-2.1198	-0.52387	1.332e-05
-2.1198	-0.46968	2.8576e-06
-2.1198	-0.41548	2.5619e-05
-2.1198	-0.36129	2.9687e-05
-2.1198	-0.3071	7.2753e-06
-2.1198	-0.2529	4.683e-05
-2.1198	-0.19871	7.8239e-05
-2.1198	-0.14452	2.0072e-05
-2.1198	-0.090324	6.5222e-05
-2.1198	-0.036129	0.00017196
-2.1198	0.018065	5.3081e-05
-2.1198	0.072258	0.00017547
-2.1198	0.12645	0.00068285
-2.1198	0.18065	0.00032269
-2.1198	0.23484	0.0009379
-2.1198	0.28903	0.0081752
-2.1198	0.34323	0.019619
-2.1198	0.39742	0.022256
-2.1198	0.45161	0.012227
-2.1198	0.50581	0.0021693
-2.1198	0.56	0.0003677
-2.1198	0.61419	0.0012968
-2.1198	0.66839	0.00051436
-2.1198	0.72258	8.855e-05
-2.1198	0.77677	0.00043012
-2.1198	0.83097	0.00023091
-2.1198	0.88516	2.7352e-05
-2.1198	0.93935	0.0001302
-2.1198	0.99354	6.3245e-05
-2.1198	1.0477	2.5026e-05
-2.1198	1.1019	9.4981e-05
-2.1198	1.1561	4.3116e-05
-2.1198	1.2103	8.271e-06
-2.1198	1.2645	4.1355e-05
-2.1198	1.3187	2.2537e-05
-2.1198	1.3729	4.3961e-06
-2.1198	1.4271	3.3654e-05
-2.1198	1.4813	3.9083e-05
-2.1198	1.5355	2.2408e-05
-2.1198	1.5897	0.00052463
-2.1198	1.6439	0.0020441
-2.1198	1.6981	0.0033241
-2.1198	1.7523	0.0026169
-2.1198	1.8065	0.00082979
-2.1198	1.8606	4.0557e-05
-2.1198	1.9148	0.00015537
-2.1198	1.969	0.00012949
-2.1198	2.0232	1.1e-05
-2.1198	2.0774	2.2846e-05
-2.1198	2.1316	2.085e-05
-2.1198	2.1858	2.079e-06
-2.1198	2.24	9.4537e-07
-2.1198	2.2942	5.4693e-07
-2.1198	2.3484	2.4543e-08
-2.1198	2.4026	4.9244e-08
-2.1198	2.4568	1.9696e-08
-2.084	-2.4748	3.9217e-08
-2.084	-2.4206	3.2744e-08
-2.084	-2.3665	2.7079e-07
-2.084	-2.3123	4.5369e-07
-2.084	-2.2581	2.8191e-07
-2.084	-2.2039	7.2504e-08
-2.084	-2.1497	1.9394e-08
-2.084	-2.0955	5.2996e-09
-2.084	-2.0413	1.4712e-08
-2.084	-1.9871	1.5829e-08
-2.084	-1.9329	3.6695e-09
-2.084	-1.8787	1.1892e-08
-2.084	-1.8245	6.4137e-09
-2.084	-1.7703	4.5388e-10
-2.084	-1.7161	5.285e-10
-2.084	-1.6619	2.2147e-09
-2.084	-1.6077	2.576e-09
-2.084	-1.5535	4.9823e-08
-2.084	-1.4994	7.5911e-08
-2.084	-1.4452	4.3677e-08
-2.084	-1.391	5.46e-07
-2.084	-1.3368	6.3215e-07
-2.084	-1.2826	3.7359e-07
-2.084	-1.2284	4.5066e-06
-2.084	-1.1742	6.0039e-06
-2.084	-1.12	2.3356e-06
-2.084	-1.0658	5.6921e-05
-2.084	-1.0116	0.00022168
-2.084	-0.95742	0.00036541
-2.084	-0.90323	0.00030393
-2.084	-0.84903	0.00010994
-2.084	-0.79484	7.0442e-06
-2.084	-0.74065	1.7915e-05
-2.084	-0.68645	1.9283e-05
-2.084	-0.63226	2.9034e-06
-2.084	-0.57806	1.1778e-05
-2.084	-0.52387	1.2828e-05
-2.084	-0.46968	3e-06
-2.084	-0.41548	1.7455e-05
-2.084	-0.36129	2.1531e-05
-2.084	-0.3071	6.2423e-06
-2.084	-0.2529	2.7902e-05
-2.084	-0.19871	4.4706e-05
-2.084	-0.14452	1.1775e-05
-2.084	-0.090324	3.1899e-05
-2.084	-0.036129	7.8801e-05
-2.084	0.018065	2.2773e-05
-2.084	0.072258	9.3896e-05
-2.084	0.12645	0.00031732
-2.084	0.18065	0.000123
-2.084	0.23484	0.00063019
-2.084	0.28903	0.0047693
-2.084	0.34323	0.011015
-2.084	0.39742	0.01221
-2.084	0.45161	0.006433
-2.084	0.50581	0.00098501
-2.084	0.56	0.00034671
-2.084	0.61419	0.00092297
-2.084	0.66839	0.0003049
-2.084	0.72258	0.00010684
-2.084	0.77677	0.00038281
-2.084	0.83097	0.00017017
-2.084	0.88516	4.1317e-05
-2.084	0.93935	0.00015181
-2.084	0.99354	5.5632e-05
-2.084	1.0477	5.2061e-05
-2.084	1.1019	0.00015433
-2.084	1.1561	5.6115e-05
-2.084	1.2103	2.8179e-05
-2.084	1.2645	0.00011435
-2.084	1.3187	5.3089e-05
-2.084	1.3729	1.2507e-05
-2.084	1.4271	6.6879e-05
-2.084	1.4813	3.6041e-05
-2.084	1.5355	1.1948e-05
-2.084	1.5897	0.00012836
-2.084	1.6439	0.00034687
-2.084	1.6981	0.00052826
-2.084	1.7523	0.00043605
-2.084	1.8065	0.00014041
-2.084	1.8606	7.7468e-06
-2.084	1.9148	4.5524e-05
-2.084	1.969	3.4001e-05
-2.084	2.0232	2.6225e-06
-2.084	2.0774	1.2034e-05
-2.084	2.1316	1.0334e-05
-2.084	2.1858	8.9577e-07
-2.084	2.24	1.8663e-06
-2.084	2.2942	1.1302e-06
-2.084	2.3484	7.2102e-08
-2.084	2.4026	1.2512e-07
-2.084	2.4568	5.8608e-08
-2.0483	-2.4748	4.154e-08
-2.0483	-2.4206	1.0406e-07
-2.0483	-2.3665	7.9774e-07
-2.0483	-2.3123	1.576e-06
-2.0483	-2.2581	1.3452e-06
-2.0483	-2.2039	4.8618e-07
-2.0483	-2.1497	4.3441e-08
-2.0483	-2.0955	1.3587e-08
-2.0483	-2.0413	1.1432e-08
-2.0483	-1.9871	2.506e-09
-2.0483	-1.9329	2.7201e-09
-2.0483	-1.8787	1.7994e-09
-2.0483	-1.8245	1.021e-09
-2.0483	-1.7703	2.5178e-10
-2.0483	-1.7161	1.3089e-10
-2.0483	-1.6619	8.346e-10
-2.0483	-1.6077	1.4387e-09
-2.0483	-1.5535	2.3538e-08
-2.0483	-1.4994	3.2816e-08
-2.0483	-1.4452	3.9748e-08
-2.0483	-1.391	3.9719e-07
-2.0483	-1.3368	4.0232e-07
-2.0483	-1.2826	4.0709e-07
-2.0483	-1.2284	4.007e-06
-2.0483	-1.1742	4.5625e-06
-2.0483	-1.12	3.3688e-06
-2.0483	-1.0658	6.6519e-05
-2.0483	-1.0116	0.00024071
-2.0483	-0.95742	0.00038107
-2.0483	-0.90323	0.00030192
-2.0483	-0.84903	9.8817e-05
-2.0483	-0.79484	5.1615e-06
-2.0483	-0.74065	2.289e-05
-2.0483	-0.68645	2.0812e-05
-2.0483	-0.63226	2.1805e-06
-2.0483	-0.57806	1.1054e-05
-2.0483	-0.52387	1.2484e-05
-2.0483	-0.46968	2.2231e-06
-2.0483	-0.41548	1.1499e-05
-2.0483	-0.36129	1.4908e-05
-2.0483	-0.3071	3.822e-06
-2.0483	-0.2529	1.6138e-05
-2.0483	-0.19871	2.5663e-05
-2.0483	-0.14452	5.7391e-06
-2.0483	-0.090324	1.527e-05
-2.0483	-0.036129	3.8652e-05
-2.0483	0.018065	1.0916e-05
-2.0483	0.072258	3.748e-05
-2.0483	0.12645	0.00012367
-2.0483	0.18065	4.2239e-05
-2.0483	0.23484	0.00030569
-2.0483	0.28903	0.0021309
-2.0483	0.34323	0.0047877
-2.0483	0.39742	0.0051836
-2.0483	0.45161	0.0025933
-2.0483	0.50581	0.0003346
-2.0483	0.56	0.00025622
-2.0483	0.61419	0.00051122
-2.0483	0.66839	0.0001405
-2.0483	0.72258	0.00010294
-2.0483	0.77677	0.0002636
-2.0483	0.83097	9.6275e-05
-2.0483	0.88516	5.1929e-05
-2.0483	0.93935	0.00012916
-2.0483	0.99354	3.3417e-05
-2.0483	1.0477	7.7131e-05
-2.0483	1.1019	0.00017217
-2.0483	1.1561	4.6313e-05
-2.0483	1.2103	5.7388e-05
-2.0483	1.2645	0.00017687
-2.0483	1.3187	6.5559e-05
-2.0483	1.3729	4.0311e-05
-2.0483	1.4271	0.00017479
-2.0483	1.4813	8.3836e-05
-2.0483	1.5355	5.2325e-05
-2.0483	1.5897	0.00040058
-2.0483	1.6439	0.00063307
-2.0483	1.6981	0.00043781
-2.0483	1.7523	0.00015312
-2.0483	1.8065	2.3671e-05
-2.0483	1.8606	1.2757e-06
-2.0483	1.9148	8.1532e-06
-2.0483	1.969	5.7545e-06
-2.0483	2.0232	5.4783e-07
-2.0483	2.0774	3.4291e-06
-2.0483	2.1316	2.5826e-06
-2.0483	2.1858	2.414e-07
-2.0483	2.24	9.4381e-07
-2.0483	2.2942	4.8535e-07
-2.0483	2.3484	4.0051e-08
-2.0483	2.4026	5.6332e-08
-2.0483	2.4568	5.2753e-08
-2.0126	-2.4748	2.6276e-08
-2.0126	-2.4206	1.6863e-07
-2.0126	-2.3665	1.1309e-06
-2.0126	-2.3123	2.2973e-06
-2.0126	-2.2581	2.1252e-06
-2.0126	-2.2039	8.5676e-07
-2.0126	-2.1497	8.0845e-08
-2.0126	-2.0955	3.9335e-08
-2.0126	-2.0413	5.0572e-08
-2.0126	-1.9871	6.6202e-09
-2.0126	-1.9329	5.923e-09
-2.0126	-1.8787	4.629e-09
-2.0126	-1.8245	4.5536e-10
-2.0126	-1.7703	2.7963e-10
-2.0126	-1.7161	4.422e-10
-2.0126	-1.6619	5.5709e-10
-2.0126	-1.6077	5.4575e-10
-2.0126	-1.5535	4.4782e-09
-2.0126	-1.4994	7.1734e-09
-2.0126	-1.4452	2.3005e-08
-2.0126	-1.391	1.7964e-07
-2.0126	-1.3368	1.5974e-07
-2.0126	-1.2826	3.387e-07
-2.0126	-1.2284	2.6756e-06
-2.0126	-1.1742	2.5497e-06
-2.0126	-1.12	4.0408e-06
-2.0126	-1.0658	6.3272e-05
-2.0126	-1.0116	0.00021724
-2.0126	-0.95742	0.000336
-2.0126	-0.90323	0.00025678
-2.0126	-0.84903	7.5589e-05
-2.0126	-0.79484	4.4036e-06
-2.0126	-0.74065	2.6895e-05
-2.0126	-0.68645	1.9582e-05
-2.0126	-0.63226	1.6861e-06
-2.0126	-0.57806	1.2468e-05
-2.0126	-0.52387	1.1759e-05
-2.0126	-0.46968	1.3699e-06
-2.0126	-0.41548	9.3167e-06
-2.0126	-0.36129	1.0642e-05
-2.0126	-0.3071	1.9282e-06
-2.0126	-0.2529	1.0411e-05
-2.0126	-0.19871	1.4116e-05
-2.0126	-0.14452	2.1366e-06
-2.0126	-0.090324	1.1546e-05
-2.0126	-0.036129	2.2353e-05
-2.0126	0.018065	5.021e-06
-2.0126	0.072258	2.0355e-05
-2.0126	0.12645	5.4452e-05
-2.0126	0.18065	1.5178e-05
-2.0126	0.23484	0.0001255
-2.0126	0.28903	0.00077844
-2.0126	0.34323	0.0016251
-2.0126	0.39742	0.001645
-2.0126	0.45161	0.00074209
-2.0126	0.50581	8.0135e-05
-2.0126	0.56	0.00014753
-2.0126	0.61419	0.00021189
-2.0126	0.66839	5.1229e-05
-2.0126	0.72258	8.0015e-05
-2.0126	0.77677	0.00014007
-2.0126	0.83097	4.3137e-05
-2.0126	0.88516	5.3484e-05
-2.0126	0.93935	8.5181e-05
-2.0126	0.99354	1.5269e-05
-2.0126	1.0477	8.7957e-05
-2.0126	1.1019	0.00014783
-2.0126	1.1561	2.7865e-05
-2.0126	1.2103	8.1105e-05
-2.0126	1.2645	0.00019147
-2.0126	1.3187	5.3317e-05
-2.0126	1.3729	7.8558e-05
-2.0126	1.4271	0.00026363
-2.0126	1.4813	0.00010291
-2.0126	1.5355	0.00014662
-2.0126	1.5897	0.00097085
-2.0126	1.6439	0.0016031
-2.0126	1.6981	0.0011978
-2.0126	1.7523	0.00042008
-2.0126	1.8065	4.7301e-05
-2.0126	1.8606	3.1098e-06
-2.0126	1.9148	7.5446e-06
-2.0126	1.969	2.0409e-06
-2.0126	2.0232	1.0207e-07
-2.0126	2.0774	5.6495e-07
-2.0126	2.1316	3.8563e-07
-2.0126	2.1858	7.1329e-08
-2.0126	2.24	2.6707e-07
-2.0126	2.2942	1.1831e-07
-2.0126	2.3484	1.3804e-08
-2.0126	2.4026	1.6433e-08
-2.0126	2.4568	2.5185e-08
-1.9769	-2.4748	1.1049e-08
-1.9769	-2.4206	1.6669e-07
-1.9769	-2.3665	1.0015e-06
-1.9769	-2.3123	2.0494e-06
-1.9769	-2.2581	1.9582e-06
-1.9769	-2.2039	8.075e-07
-1.9769	-2.1497	6.9659e-08
-1.9769	-2.0955	6.1267e-08
-1.9769	-2.0413	7.6605e-08
-1.9769	-1.9871	9.198e-09
-1.9769	-1.9329	1.1431e-08
-1.9769	-1.8787	1.1518e-08
-1.9769	-1.8245	1.0839e-09
-1.9769	-1.7703	5.594e-10
-1.9769	-1.7161	1.1113e-09
-1.9769	-1.6619	8.597e-10
-1.9769	-1.6077	1.8981e-09
-1.9769	-1.5535	6.0434e-09
-1.9769	-1.4994	4.7055e-09
-1.9769	-1.4452	4.9941e-09
-1.9769	-1.391	2.9309e-08
-1.9769	-1.3368	2.9933e-08
-1.9769	-1.2826	1.8065e-07
-1.9769	-1.2284	1.1235e-06
-1.9769	-1.1742	8.8286e-07
-1.9769	-1.12	3.546e-06
-1.9769	-1.0658	4.5132e-05
-1.9769	-1.0116	0.00015127
-1.9769	-0.95742	0.00023417
-1.9769	-0.90323	0.00017624
-1.9769	-0.84903	4.7097e-05
-1.9769	-0.79484	4.5346e-06
-1.9769	-0.74065	2.6263e-05
-1.9769	-0.68645	1.5563e-05
-1.9769	-0.63226	1.8646e-06
-1.9769	-0.57806	1.4168e-05
-1.9769	-0.52387	1.0406e-05
-1.9769	-0.46968	1.2381e-06
-1.9769	-0.41548	1.0457e-05
-1.9769	-0.36129	8.9217e-06
-1.9769	-0.3071	1.3643e-06
-1.9769	-0.2529	9.5973e-06
-1.9769	-0.19871	8.5505e-06
-1.9769	-0.14452	1.5364e-06
-1.9769	-0.090324	1.3968e-05
-1.9769	-0.036129	1.4521e-05
-1.9769	0.018065	4.0087e-06
-1.9769	0.072258	3.1378e-05
-1.9769	0.12645	4.261e-05
-1.9769	0.18065	9.506e-06
-1.9769	0.23484	0.00013029
-1.9769	0.28903	0.00048603
-1.9769	0.34323	0.00072176
-1.9769	0.39742	0.00052916
-1.9769	0.45161	0.00015727
-1.9769	0.50581	1.604e-05
-1.9769	0.56	7.0074e-05
-1.9769	0.61419	6.06e-05
-1.9769	0.66839	1.7547e-05
-1.9769	0.72258	5.2654e-05
-1.9769	0.77677	5.5844e-05
-1.9769	0.83097	1.7307e-05
-1.9769	0.88516	4.6994e-05
-1.9769	0.93935	4.5908e-05
-1.9769	0.99354	7.8362e-06
-1.9769	1.0477	8.0767e-05
-1.9769	1.1019	0.00010324
-1.9769	1.1561	1.4069e-05
-1.9769	1.2103	8.6266e-05
-1.9769	1.2645	0.0001592
-1.9769	1.3187	3.2044e-05
-1.9769	1.3729	0.00010714
-1.9769	1.4271	0.00028254
-1.9769	1.4813	8.5222e-05
-1.9769	1.5355	0.00026084
-1.9769	1.5897	0.0014683
-1.9769	1.6439	0.0024003
-1.9769	1.6981	0.0018437
-1.9769	1.7523	0.00066599
-1.9769	1.8065	7.1054e-05
-1.9769	1.8606	1.0708e-05
-1.9769	1.9148	2.133e-05
-1.9769	1.969	4.6386e-06
-1.9769	2.0232	4.6196e-07
-1.9769	2.0774	1.2719e-06
-1.9769	2.1316	3.6896e-07
-1.9769	2.1858	1.8804e-08
-1.9769	2.24	3.723e-08
-1.9769	2.2942	1.3366e-08
-1.9769	2.3484	2.3689e-09
-1.9769	2.4026	3.8229e-09
-1.9769	2.4568	7.905e-09
-1.9411	-2.4748	3.7961e-09
-1.9411	-2.4206	9.9449e-08
-1.9411	-2.3665	5.6371e-07
-1.9411	-2.3123	1.1844e-06
-1.9411	-2.2581	1.173e-06
-1.9411	-2.2039	4.8832e-07
-1.9411	-2.1497	3.7102e-08
-1.9411	-2.0955	5.9506e-08
-1.9411	-2.0413	6.7312e-08
-1.9411	-1.9871	6.8893e-09
-1.9411	-1.9329	1.4272e-08
-1.9411	-1.8787	1.3777e-08
-1.9411	-1.8245	1.107e-09
-1.9411	-1.7703	8.3699e-10
-1.9411	-1.7161	1.5759e-09
-1.9411	-1.6619	1.0423e-09
-1.9411	-1.6077	6.1974e-09
-1.9411	-1.5535	2.3391e-08
-1.9411	-1.4994	1.1979e-08
-1.9411	-1.4452	7.9313e-09
-1.9411	-1.391	2.8541e-08
-1.9411	-1.3368	2.2857e-08
-1.9411	-1.2826	3.5646e-08
-1.9411	-1.2284	1.5973e-07
-1.9411	-1.1742	1.2508e-07
-1.9411	-1.12	1.834e-06
-1.9411	-1.0658	2.0154e-05
-1.9411	-1.0116	7.0295e-05
-1.9411	-0.95742	0.00011477
-1.9411	-0.90323	8.8778e-05
-1.9411	-0.84903	2.2235e-05
-1.9411	-0.79484	4.1215e-06
-1.9411	-0.74065	1.9667e-05
-1.9411	-0.68645	9.8735e-06
-1.9411	-0.63226	2.2451e-06
-1.9411	-0.57806	1.354e-05
-1.9411	-0.52387	7.9694e-06
-1.9411	-0.46968	1.7165e-06
-1.9411	-0.41548	1.206e-05
-1.9411	-0.36129	7.9263e-06
-1.9411	-0.3071	1.855e-06
-1.9411	-0.2529	1.1762e-05
-1.9411	-0.19871	7.1615e-06
-1.9411	-0.14452	2.8711e-06
-1.9411	-0.090324	1.8511e-05
-1.9411	-0.036129	1.1151e-05
-1.9411	0.018065	7.6469e-06
-1.9411	0.072258	5.2357e-05
-1.9411	0.12645	4.5474e-05
-1.9411	0.18065	1.725e-05
-1.9411	0.23484	0.0002615
-1.9411	0.28903	0.00073559
-1.9411	0.34323	0.00088549
-1.9411	0.39742	0.00051253
-1.9411	0.45161	0.00010492
-1.9411	0.50581	9.5867e-06
-1.9411	0.56	3.8225e-05
-1.9411	0.61419	1.4427e-05
-1.9411	0.66839	9.402e-06
-1.9411	0.72258	3.3148e-05
-1.9411	0.77677	1.7397e-05
-1.9411	0.83097	9.154e-06
-1.9411	0.88516	3.75e-05
-1.9411	0.93935	2.3455e-05
-1.9411	0.99354	7.2118e-06
-1.9411	1.0477	6.1924e-05
-1.9411	1.1019	6.1881e-05
-1.9411	1.1561	7.9831e-06
-1.9411	1.2103	7.1496e-05
-1.9411	1.2645	0.00010559
-1.9411	1.3187	1.5871e-05
-1.9411	1.3729	0.00010966
-1.9411	1.4271	0.00023283
-1.9411	1.4813	5.3351e-05
-1.9411	1.5355	0.00033513
-1.9411	1.5897	0.0016268
-1.9411	1.6439	0.0025771
-1.9411	1.6981	0.0019634
-1.9411	1.7523	0.00069463
-1.9411	1.8065	6.4863e-05
-1.9411	1.8606	2.0589e-05
-1.9411	1.9148	3.316e-05
-1.9411	1.969	6.2261e-06
-1.9411	2.0232	1.5133e-06
-1.9411	2.0774	3.2677e-06
-1.9411	2.1316	7.9133e-07
-1.9411	2.1858	5.573e-08
-1.9411	2.24	1.1622e-07
-1.9411	2.2942	1.5996e-08
-1.9411	2.3484	2.5733e-09
-1.9411	2.4026	1.7257e-09
-1.9411	2.4568	1.1976e-09
-1.9054	-2.4748	1.5508e-09
-1.9054	-2.4206	3.4148e-08
-1.9054	-2.3665	1.9162e-07
-1.9054	-2.3123	4.2497e-07
-1.9054	-2.2581	4.4787e-07
-1.9054	-2.2039	1.9225e-07
-1.9054	-2.1497	1.3388e-08
-1.9054	-2.0955	3.7224e-08
-1.9054	-2.0413	3.8761e-08
-1.9054	-1.9871	3.5242e-09
-1.9054	-1.9329	1.1605e-08
-1.9054	-1.8787	1.0157e-08
-1.9054	-1.8245	6.7801e-10
-1.9054	-1.7703	8.1078e-10
-1.9054	-1.7161	1.5101e-09
-1.9054	-1.6619	8.6991e-10
-1.9054	-1.6077	1.1037e-08
-1.9054	-1.5535	3.8567e-08
-1.9054	-1.4994	1.5097e-08
-1.9054	-1.4452	4.0807e-08
-1.9054	-1.391	1.3251e-07
-1.9054	-1.3368	5.6977e-08
-1.9054	-1.2826	4.7501e-08
-1.9054	-1.2284	1.5534e-07
-1.9054	-1.1742	9.8674e-08
-1.9054	-1.12	3.0595e-07
-1.9054	-1.0658	3.0384e-06
-1.9054	-1.0116	1.3959e-05
-1.9054	-0.95742	2.903e-05
-1.9054	-0.90323	2.6516e-05
-1.9054	-0.84903	7.016e-06
-1.9054	-0.79484	2.4391e-06
-1.9054	-0.74065	1.0126e-05
-1.9054	-0.68645	4.6684e-06
-1.9054	-0.63226	2.038e-06
-1.9054	-0.57806	9.6976e-06
-1.9054	-0.52387	4.8306e-06
-1.9054	-0.46968	2.0214e-06
-1.9054	-0.41548	1.1106e-05
-1.9054	-0.36129	6.0205e-06
-1.9054	-0.3071	2.66e-06
-1.9054	-0.2529	1.3482e-05
-1.9054	-0.19871	6.6916e-06
-1.9054	-0.14452	4.7154e-06
-1.9054	-0.090324	2.2824e-05
-1.9054	-0.036129	1.0488e-05
-1.9054	0.018065	1.3435e-05
-1.9054	0.072258	7.0875e-05
-1.9054	0.12645	4.7132e-05
-1.9054	0.18065	3.6713e-05
-1.9054	0.23484	0.00044445
-1.9054	0.28903	0.0011303
-1.9054	0.34323	0.001304
-1.9054	0.39742	0.00074911
-1.9054	0.45161	0.0001642
-1.9054	0.50581	1.0457e-05
-1.9054	0.56	3.7757e-05
-1.9054	0.61419	1.4362e-05
-1.9054	0.66839	7.7406e-06
-1.9054	0.72258	2.3981e-05
-1.9054	0.77677	8.1344e-06
-1.9054	0.83097	7.3699e-06
-1.9054	0.88516	2.8741e-05
-1.9054	0.93935	1.4928e-05
-1.9054	0.99354	7.435e-06
-1.9054	1.0477	4.1432e-05
-1.9054	1.1019	3.4778e-05
-1.9054	1.1561	5.78e-06
-1.9054	1.2103	4.6896e-05
-1.9054	1.2645	5.7548e-05
-1.9054	1.3187	8.0172e-06
-1.9054	1.3729	8.6031e-05
-1.9054	1.4271	0.00015131
-1.9054	1.4813	2.7812e-05
-1.9054	1.5355	0.00032636
-1.9054	1.5897	0.0013985
-1.9054	1.6439	0.0021374
-1.9054	1.6981	0.0015933
-1.9054	1.7523	0.00053923
-1.9054	1.8065	4.1967e-05
-1.9054	1.8606	2.7074e-05
-1.9054	1.9148	3.497e-05
-1.9054	1.969	5.4069e-06
-1.9054	2.0232	2.768e-06
-1.9054	2.0774	4.6373e-06
-1.9054	2.1316	9.2945e-07
-1.9054	2.1858	1.8173e-07
-1.9054	2.24	2.8301e-07
-1.9054	2.2942	3.2389e-08
-1.9054	2.3484	1.153e-08
-1.9054	2.4026	2.6767e-09
-1.9054	2.4568	1.1644e-09
-1.8697	-2.4748	1.7054e-09
-1.8697	-2.4206	3.1434e-08
-1.8697	-2.3665	1.0797e-07
-1.8697	-2.3123	1.6527e-07
-1.8697	-2.2581	1.41e-07
-1.8697	-2.2039	5.4844e-08
-1.8697	-2.1497	3.6905e-09
-1.8697	-2.0955	1.546e-08
-1.8697	-2.0413	1.5617e-08
-1.8697	-1.9871	1.4787e-09
-1.8697	-1.9329	5.9163e-09
-1.8697	-1.8787	4.9215e-09
-1.8697	-1.8245	3.3593e-10
-1.8697	-1.7703	4.837e-10
-1.8697	-1.7161	1.0112e-09
-1.8697	-1.6619	5.7492e-10
-1.8697	-1.6077	1.2474e-08
-1.8697	-1.5535	3.8134e-08
-1.8697	-1.4994	1.2208e-08
-1.8697	-1.4452	8.1862e-08
-1.8697	-1.391	2.197e-07
-1.8697	-1.3368	6.6298e-08
-1.8697	-1.2826	2.5037e-07
-1.8697	-1.2284	7.4522e-07
-1.8697	-1.1742	2.6268e-07
-1.8697	-1.12	8.6808e-07
-1.8697	-1.0658	3.6806e-06
-1.8697	-1.0116	4.1217e-06
-1.8697	-0.95742	2.5167e-06
-1.8697	-0.90323	2.3836e-06
-1.8697	-0.84903	1.1569e-06
-1.8697	-0.79484	6.0486e-07
-1.8697	-0.74065	2.712e-06
-1.8697	-0.68645	1.5127e-06
-1.8697	-0.63226	1.1333e-06
-1.8697	-0.57806	4.5454e-06
-1.8697	-0.52387	2.1161e-06
-1.8697	-0.46968	1.5474e-06
-1.8697	-0.41548	7.2023e-06
-1.8697	-0.36129	3.4039e-06
-1.8697	-0.3071	2.8631e-06
-1.8697	-0.2529	1.1814e-05
-1.8697	-0.19871	5.0075e-06
-1.8697	-0.14452	6.0102e-06
-1.8697	-0.090324	2.3888e-05
-1.8697	-0.036129	9.626e-06
-1.8697	0.018065	1.8436e-05
-1.8697	0.072258	8.0132e-05
-1.8697	0.12645	4.3325e-05
-1.8697	0.18065	6.5294e-05
-1.8697	0.23484	0.00063119
-1.8697	0.28903	0.0014932
-1.8697	0.34323	0.0016567
-1.8697	0.39742	0.00092347
-1.8697	0.45161	0.000194
-1.8697	0.50581	1.1124e-05
-1.8697	0.56	5.0297e-05
-1.8697	0.61419	2.3056e-05
-1.8697	0.66839	6.2034e-06
-1.8697	0.72258	2.137e-05
-1.8697	0.77677	9.3283e-06
-1.8697	0.83097	5.9854e-06
-1.8697	0.88516	2.1515e-05
-1.8697	0.93935	1.2003e-05
-1.8697	0.99354	6.0285e-06
-1.8697	1.0477	2.5677e-05
-1.8697	1.1019	2.0255e-05
-1.8697	1.1561	3.8357e-06
-1.8697	1.2103	2.5023e-05
-1.8697	1.2645	2.7585e-05
-1.8697	1.3187	4.6215e-06
-1.8697	1.3729	5.1324e-05
-1.8697	1.4271	7.7973e-05
-1.8697	1.4813	1.3708e-05
-1.8697	1.5355	0.00024182
-1.8697	1.5897	0.00094061
-1.8697	1.6439	0.0013919
-1.8697	1.6981	0.0010108
-1.8697	1.7523	0.0003228
-1.8697	1.8065	2.0533e-05
-1.8697	1.8606	2.642e-05
-1.8697	1.9148	2.7536e-05
-1.8697	1.969	3.4624e-06
-1.8697	2.0232	3.4938e-06
-1.8697	2.0774	4.5552e-06
-1.8697	2.1316	7.4165e-07
-1.8697	2.1858	3.3059e-07
-1.8697	2.24	3.6607e-07
-1.8697	2.2942	3.2415e-08
-1.8697	2.3484	2.2828e-08
-1.8697	2.4026	3.9674e-09
-1.8697	2.4568	2.7338e-09
-1.834	-2.4748	4.9593e-09
-1.834	-2.4206	8.0799e-08
-1.834	-2.3665	2.2804e-07
-1.834	-2.3123	2.6882e-07
-1.834	-2.2581	1.5213e-07
-1.834	-2.2039	3.3528e-08
-1.834	-2.1497	1.9836e-09
-1.834	-2.0955	8.962e-09
-1.834	-2.0413	6.7601e-09
-1.834	-1.9871	6.3164e-10
-1.834	-1.9329	1.9713e-09
-1.834	-1.8787	1.811e-09
-1.834	-1.8245	1.8329e-10
-1.834	-1.7703	1.4311e-10
-1.834	-1.7161	4.7059e-10
-1.834	-1.6619	3.7958e-10
-1.834	-1.6077	9.097e-09
-1.834	-1.5535	2.4487e-08
-1.834	-1.4994	8.5764e-09
-1.834	-1.4452	9.5542e-08
-1.834	-1.391	2.1062e-07
-1.834	-1.3368	5.1607e-08
-1.834	-1.2826	4.911e-07
-1.834	-1.2284	1.208e-06
-1.834	-1.1742	3.1149e-07
-1.834	-1.12	3.8378e-06
-1.834	-1.0658	1.8285e-05
-1.834	-1.0116	2.8955e-05
-1.834	-0.95742	2.0072e-05
-1.834	-0.90323	5.193e-06
-1.834	-0.84903	3.5745e-07
-1.834	-0.79484	4.5487e-07
-1.834	-0.74065	2.5109e-07
-1.834	-0.68645	3.7646e-07
-1.834	-0.63226	4.138e-07
-1.834	-0.57806	1.011e-06
-1.834	-0.52387	5.985e-07
-1.834	-0.46968	6.392e-07
-1.834	-0.41548	2.7999e-06
-1.834	-0.36129	1.3075e-06
-1.834	-0.3071	1.968e-06
-1.834	-0.2529	6.9568e-06
-1.834	-0.19871	2.5386e-06
-1.834	-0.14452	5.8293e-06
-1.834	-0.090324	1.9373e-05
-1.834	-0.036129	6.8809e-06
-1.834	0.018065	2.0374e-05
-1.834	0.072258	7.5328e-05
-1.834	0.12645	3.3137e-05
-1.834	0.18065	9.6931e-05
-1.834	0.23484	0.00077568
-1.834	0.28903	0.0017322
-1.834	0.34323	0.0018486
-1.834	0.39742	0.00097894
-1.834	0.45161	0.00018205
-1.834	0.50581	1.5406e-05
-1.834	0.56	6.6015e-05
-1.834	0.61419	2.762e-05
-1.834	0.66839	5.0201e-06
-1.834	0.72258	2.2068e-05
-1.834	0.77677	1.1022e-05
-1.834	0.83097	4.072e-06
-1.834	0.88516	1.5939e-05
-1.834	0.93935	9.5449e-06
-1.834	0.99354	3.7929e-06
-1.834	1.0477	1.5695e-05
-1.834	1.1019	1.2196e-05
-1.834	1.1561	1.7828e-06
-1.834	1.2103	1.229e-05
-1.834	1.2645	1.3446e-05
-1.834	1.3187	2.2776e-06
-1.834	1.3729	2.3159e-05
-1.834	1.4271	3.2606e-05
-1.834	1.4813	6.5102e-06
-1.834	1.5355	0.0001327
-1.834	1.5897	0.00048437
-1.834	1.6439	0.00069908
-1.834	1.6981	0.0004939
-1.834	1.7523	0.00014694
-1.834	1.8065	8.1291e-06
-1.834	1.8606	1.9643e-05
-1.834	1.9148	1.6558e-05
-1.834	1.969	1.8055e-06
-1.834	2.0232	3.2974e-06
-1.834	2.0774	3.3436e-06
-1.834	2.1316	4.5748e-07
-1.834	2.1858	4.1245e-07
-1.834	2.24	3.2132e-07
-1.834	2.2942	2.3076e-08
-1.834	2.3484	2.9339e-08
-1.834	2.4026	4.94e-09
-1.834	2.4568	3.7986e-09
-1.7982	-2.4748	9.9074e-09
-1.7982	-2.4206	1.2255e-07
-1.7982	-2.3665	3.322e-07
-1.7982	-2.3123	3.9441e-07
-1.7982	-2.2581	2.1897e-07
-1.7982	-2.2039	4.0593e-08
-1.7982	-2.1497	3.5425e-09
-1.7982	-2.0955	1.3682e-08
-1.7982	-2.0413	6.02e-09
-1.7982	-1.9871	5.3772e-10
-1.7982	-1.9329	1.6739e-09
-1.7982	-1.8787	1.1072e-09
-1.7982	-1.8245	1.0454e-10
-1.7982	-1.7703	3.5911e-11
-1.7982	-1.7161	2.2707e-10
-1.7982	-1.6619	2.7173e-10
-1.7982	-1.6077	3.9224e-09
-1.7982	-1.5535	1.0147e-08
-1.7982	-1.4994	6.4601e-09
-1.7982	-1.4452	6.9723e-08
-1.7982	-1.391	1.2804e-07
-1.7982	-1.3368	3.9584e-08
-1.7982	-1.2826	5.5757e-07
-1.7982	-1.2284	1.128e-06
-1.7982	-1.1742	2.9326e-07
-1.7982	-1.12	7.0765e-06
-1.7982	-1.0658	3.2502e-05
-1.7982	-1.0116	5.5999e-05
-1.7982	-0.95742	4.5071e-05
-1.7982	-0.90323	1.4318e-05
-1.7982	-0.84903	7.6251e-07
-1.7982	-0.79484	2.3441e-06
-1.7982	-0.74065	1.519e-06
-1.7982	-0.68645	2.713e-07
-1.7982	-0.63226	8.3171e-07
-1.7982	-0.57806	3.8122e-07
-1.7982	-0.52387	1.528e-07
-1.7982	-0.46968	3.71e-07
-1.7982	-0.41548	6.2155e-07
-1.7982	-0.36129	3.673e-07
-1.7982	-0.3071	6.0571e-07
-1.7982	-0.2529	2.1215e-06
-1.7982	-0.19871	7.8506e-07
-1.7982	-0.14452	3.819e-06
-1.7982	-0.090324	1.0723e-05
-1.7982	-0.036129	3.38e-06
-1.7982	0.018065	1.7639e-05
-1.7982	0.072258	5.5615e-05
-1.7982	0.12645	1.9469e-05
-1.7982	0.18065	0.00011792
-1.7982	0.23484	0.00080708
-1.7982	0.28903	0.0017307
-1.7982	0.34323	0.0017969
-1.7982	0.39742	0.00090508
-1.7982	0.45161	0.00014379
-1.7982	0.50581	2.4933e-05
-1.7982	0.56	7.9299e-05
-1.7982	0.61419	2.6851e-05
-1.7982	0.66839	5.8804e-06
-1.7982	0.72258	2.5128e-05
-1.7982	0.77677	1.1e-05
-1.7982	0.83097	2.9204e-06
-1.7982	0.88516	1.313e-05
-1.7982	0.93935	7.0606e-06
-1.7982	0.99354	2.2501e-06
-1.7982	1.0477	1.0217e-05
-1.7982	1.1019	6.8461e-06
-1.7982	1.1561	8.6977e-07
-1.7982	1.2103	7.7236e-06
-1.7982	1.2645	7.4004e-06
-1.7982	1.3187	9.6047e-07
-1.7982	1.3729	1.0057e-05
-1.7982	1.4271	1.2979e-05
-1.7982	1.4813	2.6132e-06
-1.7982	1.5355	5.4589e-05
-1.7982	1.5897	0.00018879
-1.7982	1.6439	0.00026266
-1.7982	1.6981	0.00017729
-1.7982	1.7523	4.7539e-05
-1.7982	1.8065	3.1667e-06
-1.7982	1.8606	1.1088e-05
-1.7982	1.9148	7.4093e-06
-1.7982	1.969	9.2066e-07
-1.7982	2.0232	2.4068e-06
-1.7982	2.0774	1.8521e-06
-1.7982	2.1316	2.5541e-07
-1.7982	2.1858	3.9087e-07
-1.7982	2.24	2.0693e-07
-1.7982	2.2942	1.6376e-08
-1.7982	2.3484	2.8002e-08
-1.7982	2.4026	5.2114e-09
-1.7982	2.4568	5.6655e-09
-1.7625	-2.4748	1.3253e-08
-1.7625	-2.4206	1.2648e-07
-1.7625	-2.3665	3.2412e-07
-1.7625	-2.3123	3.8175e-07
-1.7625	-2.2581	2.1113e-07
-1.7625	-2.2039	3.6326e-08
-1.7625	-2.1497	5.3226e-09
-1.7625	-2.0955	1.7412e-08
-1.7625	-2.0413	5.7794e-09
-1.7625	-1.9871	9.303e-10
-1.7625	-1.9329	3.0268e-09
-1.7625	-1.8787	1.1854e-09
-1.7625	-1.8245	6.7831e-11
-1.7625	-1.7703	1.5138e-10
-1.7625	-1.7161	2.8617e-10
-1.7625	-1.6619	2.2694e-10
-1.7625	-1.6077	1.3597e-09
-1.7625	-1.5535	3.7738e-09
-1.7625	-1.4994	4.1538e-09
-1.7625	-1.4452	2.9303e-08
-1.7625	-1.391	4.8425e-08
-1.7625	-1.3368	3.3332e-08
-1.7625	-1.2826	3.9442e-07
-1.7625	-1.2284	6.6217e-07
-1.7625	-1.1742	2.911e-07
-1.7625	-1.12	7.8002e-06
-1.7625	-1.0658	3.4145e-05
-1.7625	-1.0116	6.0479e-05
-1.7625	-0.95742	5.1048e-05
-1.7625	-0.90323	1.6722e-05
-1.7625	-0.84903	9.0909e-07
-1.7625	-0.79484	4.5676e-06
-1.7625	-0.74065	3.2971e-06
-1.7625	-0.68645	3.8758e-07
-1.7625	-0.63226	2.2398e-06
-1.7625	-0.57806	1.5368e-06
-1.7625	-0.52387	2.1098e-07
-1.7625	-0.46968	1.3746e-06
-1.7625	-0.41548	1.144e-06
-1.7625	-0.36129	2.2949e-07
-1.7625	-0.3071	2.1289e-07
-1.7625	-0.2529	3.6323e-07
-1.7625	-0.19871	2.8103e-07
-1.7625	-0.14452	1.1737e-06
-1.7625	-0.090324	2.9642e-06
-1.7625	-0.036129	1.116e-06
-1.7625	0.018065	1.0532e-05
-1.7625	0.072258	2.8373e-05
-1.7625	0.12645	8.1225e-06
-1.7625	0.18065	0.00011
-1.7625	0.23484	0.0006667
-1.7625	0.28903	0.0014045
-1.7625	0.34323	0.0014469
-1.7625	0.39742	0.00070331
-1.7625	0.45161	9.4645e-05
-1.7625	0.50581	3.5102e-05
-1.7625	0.56	8.2691e-05
-1.7625	0.61419	2.2005e-05
-1.7625	0.66839	9.1227e-06
-1.7625	0.72258	2.9002e-05
-1.7625	0.77677	9.7029e-06
-1.7625	0.83097	3.6936e-06
-1.7625	0.88516	1.3832e-05
-1.7625	0.93935	5.4672e-06
-1.7625	0.99354	2.2071e-06
-1.7625	1.0477	8.416e-06
-1.7625	1.1019	3.5796e-06
-1.7625	1.1561	1.6436e-06
-1.7625	1.2103	7.5158e-06
-1.7625	1.2645	4.1917e-06
-1.7625	1.3187	1.9534e-06
-1.7625	1.3729	9.754e-06
-1.7625	1.4271	7.3633e-06
-1.7625	1.4813	2.6311e-06
-1.7625	1.5355	3.1904e-05
-1.7625	1.5897	8.0336e-05
-1.7625	1.6439	8.9184e-05
-1.7625	1.6981	4.8617e-05
-1.7625	1.7523	9.5798e-06
-1.7625	1.8065	1.6583e-06
-1.7625	1.8606	4.732e-06
-1.7625	1.9148	2.2525e-06
-1.7625	1.969	5.8709e-07
-1.7625	2.0232	1.3965e-06
-1.7625	2.0774	7.4525e-07
-1.7625	2.1316	1.6551e-07
-1.7625	2.1858	3.0151e-07
-1.7625	2.24	1.0096e-07
-1.7625	2.2942	1.4562e-08
-1.7625	2.3484	2.0964e-08
-1.7625	2.4026	4.5292e-09
-1.7625	2.4568	9.4296e-09
-1.7268	-2.4748	1.6572e-08
-1.7268	-2.4206	1.2512e-07
-1.7268	-2.3665	2.8646e-07
-1.7268	-2.3123	3.1359e-07
-1.7268	-2.2581	1.635e-07
-1.7268	-2.2039	2.5361e-08
-1.7268	-2.1497	5.6164e-09
-1.7268	-2.0955	1.5629e-08
-1.7268	-2.0413	4.3164e-09
-1.7268	-1.9871	1.2381e-09
-1.7268	-1.9329	3.4596e-09
-1.7268	-1.8787	9.912e-10
-1.7268	-1.8245	8.2481e-11
-1.7268	-1.7703	2.9499e-10
-1.7268	-1.7161	3.8971e-10
-1.7268	-1.6619	3.282e-10
-1.7268	-1.6077	2.5268e-09
-1.7268	-1.5535	3.8899e-09
-1.7268	-1.4994	1.6576e-09
-1.7268	-1.4452	8.5296e-09
-1.7268	-1.391	1.6662e-08
-1.7268	-1.3368	2.0653e-08
-1.7268	-1.2826	1.5766e-07
-1.7268	-1.2284	2.2943e-07
-1.7268	-1.1742	2.4275e-07
-1.7268	-1.12	5.4153e-06
-1.7268	-1.0658	2.3175e-05
-1.7268	-1.0116	4.2253e-05
-1.7268	-0.95742	3.6805e-05
-1.7268	-0.90323	1.1918e-05
-1.7268	-0.84903	7.8621e-07
-1.7268	-0.79484	5.1319e-06
-1.7268	-0.74065	3.5241e-06
-1.7268	-0.68645	4.5546e-07
-1.7268	-0.63226	3.4182e-06
-1.7268	-0.57806	2.5038e-06
-1.7268	-0.52387	3.6633e-07
-1.7268	-0.46968	3.0046e-06
-1.7268	-0.41548	2.6323e-06
-1.7268	-0.36129	3.2675e-07
-1.7268	-0.3071	1.5636e-06
-1.7268	-0.2529	1.7791e-06
-1.7268	-0.19871	4.1479e-07
-1.7268	-0.14452	2.4481e-07
-1.7268	-0.090324	4.3768e-07
-1.7268	-0.036129	5.2446e-07
-1.7268	0.018065	2.9162e-06
-1.7268	0.072258	6.9517e-06
-1.7268	0.12645	2.5903e-06
-1.7268	0.18065	6.8053e-05
-1.7268	0.23484	0.00038528
-1.7268	0.28903	0.00083306
-1.7268	0.34323	0.00088354
-1.7268	0.39742	0.00042723
-1.7268	0.45161	4.9651e-05
-1.7268	0.50581	3.7342e-05
-1.7268	0.56	7.0145e-05
-1.7268	0.61419	1.4933e-05
-1.7268	0.66839	1.2597e-05
-1.7268	0.72258	2.9983e-05
-1.7268	0.77677	7.5316e-06
-1.7268	0.83097	6.0448e-06
-1.7268	0.88516	1.6284e-05
-1.7268	0.93935	4.6316e-06
-1.7268	0.99354	3.6629e-06
-1.7268	1.0477	9.585e-06
-1.7268	1.1019	2.3318e-06
-1.7268	1.1561	3.6239e-06
-1.7268	1.2103	9.1299e-06
-1.7268	1.2645	2.4073e-06
-1.7268	1.3187	5.3454e-06
-1.7268	1.3729	1.5464e-05
-1.7268	1.4271	6.3111e-06
-1.7268	1.4813	8.0891e-06
-1.7268	1.5355	5.4099e-05
-1.7268	1.5897	9.43e-05
-1.7268	1.6439	7.5063e-05
-1.7268	1.6981	2.7281e-05
-1.7268	1.7523	2.5242e-06
-1.7268	1.8065	1.1718e-06
-1.7268	1.8606	1.8347e-06
-1.7268	1.9148	3.9197e-07
-1.7268	1.969	4.6132e-07
-1.7268	2.0232	7.0386e-07
-1.7268	2.0774	2.0007e-07
-1.7268	2.1316	1.3508e-07
-1.7268	2.1858	2.0513e-07
-1.7268	2.24	4.0794e-08
-1.7268	2.2942	1.3537e-08
-1.7268	2.3484	1.2599e-08
-1.7268	2.4026	3.2797e-09
-1.7268	2.4568	1.3189e-08
-1.6911	-2.4748	2.5561e-08
-1.6911	-2.4206	1.591e-07
-1.6911	-2.3665	3.1855e-07
-1.6911	-2.3123	3.0672e-07
-1.6911	-2.2581	1.3935e-07
-1.6911	-2.2039	1.7666e-08
-1.6911	-2.1497	6.0037e-09
-1.6911	-2.0955	1.3127e-08
-1.6911	-2.0413	3.1342e-09
-1.6911	-1.9871	1.1067e-09
-1.6911	-1.9329	2.7004e-09
-1.6911	-1.8787	6.1343e-10
-1.6911	-1.8245	1.015e-10
-1.6911	-1.7703	3.0172e-10
-1.6911	-1.7161	3.4935e-10
-1.6911	-1.6619	5.3278e-10
-1.6911	-1.6077	4.5787e-09
-1.6911	-1.5535	4.6572e-09
-1.6911	-1.4994	1.6524e-09
-1.6911	-1.4452	1.5059e-08
-1.6911	-1.391	1.863e-08
-1.6911	-1.3368	6.8938e-09
-1.6911	-1.2826	4.1809e-08
-1.6911	-1.2284	5.7564e-08
-1.6911	-1.1742	1.1854e-07
-1.6911	-1.12	2.2092e-06
-1.6911	-1.0658	9.7339e-06
-1.6911	-1.0116	1.886e-05
-1.6911	-0.95742	1.7307e-05
-1.6911	-0.90323	5.572e-06
-1.6911	-0.84903	5.4714e-07
-1.6911	-0.79484	3.7467e-06
-1.6911	-0.74065	2.3916e-06
-1.6911	-0.68645	4.3164e-07
-1.6911	-0.63226	3.3274e-06
-1.6911	-0.57806	2.3227e-06
-1.6911	-0.52387	4.6592e-07
-1.6911	-0.46968	3.8897e-06
-1.6911	-0.41548	3.2057e-06
-1.6911	-0.36129	4.5363e-07
-1.6911	-0.3071	3.7338e-06
-1.6911	-0.2529	3.9037e-06
-1.6911	-0.19871	6.0197e-07
-1.6911	-0.14452	2.3528e-06
-1.6911	-0.090324	2.9538e-06
-1.6911	-0.036129	6.7132e-07
-1.6911	0.018065	7.0075e-07
-1.6911	0.072258	9.8159e-07
-1.6911	0.12645	1.3701e-06
-1.6911	0.18065	1.7882e-05
-1.6911	0.23484	0.00010864
-1.6911	0.28903	0.00027731
-1.6911	0.34323	0.00033721
-1.6911	0.39742	0.00017645
-1.6911	0.45161	1.9501e-05
-1.6911	0.50581	2.7007e-05
-1.6911	0.56	4.4493e-05
-1.6911	0.61419	8.1658e-06
-1.6911	0.66839	1.2876e-05
-1.6911	0.72258	2.4933e-05
-1.6911	0.77677	4.898e-06
-1.6911	0.83097	7.9494e-06
-1.6911	0.88516	1.683e-05
-1.6911	0.93935	3.7168e-06
-1.6911	0.99354	5.7916e-06
-1.6911	1.0477	1.1666e-05
-1.6911	1.1019	2.134e-06
-1.6911	1.1561	6.0837e-06
-1.6911	1.2103	1.1473e-05
-1.6911	1.2645	1.9001e-06
-1.6911	1.3187	9.8984e-06
-1.6911	1.3729	2.1879e-05
-1.6911	1.4271	5.8989e-06
-1.6911	1.4813	1.8746e-05
-1.6911	1.5355	9.7803e-05
-1.6911	1.5897	0.00015402
-1.6911	1.6439	0.00011576
-1.6911	1.6981	4.0991e-05
-1.6911	1.7523	4.2012e-06
-1.6911	1.8065	1.005e-06
-1.6911	1.8606	1.3821e-06
-1.6911	1.9148	1.5468e-07
-1.6911	1.969	3.6931e-07
-1.6911	2.0232	4.0364e-07
-1.6911	2.0774	4.5384e-08
-1.6911	2.1316	1.1406e-07
-1.6911	2.1858	1.3611e-07
-1.6911	2.24	1.9291e-08
-1.6911	2.2942	1.0567e-08
-1.6911	2.3484	6.0836e-09
-1.6911	2.4026	2.2375e-09
-1.6911	2.4568	1.3719e-08
-1.6553	-2.4748	3.8579e-08
-1.6553	-2.4206	2.0885e-07
-1.6553	-2.3665	3.8846e-07
-1.6553	-2.3123	3.4447e-07
-1.6553	-2.2581	1.3716e-07
-1.6553	-2.2039	1.2932e-08
-1.6553	-2.1497	9.2783e-09
-1.6553	-2.0955	1.3941e-08
-1.6553	-2.0413	2.6865e-09
-1.6553	-1.9871	1.0747e-09
-1.6553	-1.9329	2.1094e-09
-1.6553	-1.8787	4.0066e-10
-1.6553	-1.8245	7.9659e-11
-1.6553	-1.7703	1.7713e-10
-1.6553	-1.7161	2.3756e-10
-1.6553	-1.6619	6.3734e-10
-1.6553	-1.6077	4.8224e-09
-1.6553	-1.5535	3.8272e-09
-1.6553	-1.4994	4.4606e-09
-1.6553	-1.4452	2.7855e-08
-1.6553	-1.391	2.1112e-08
-1.6553	-1.3368	1.1059e-08
-1.6553	-1.2826	8.4098e-08
-1.6553	-1.2284	6.7402e-08
-1.6553	-1.1742	7.1943e-08
-1.6553	-1.12	9.7179e-07
-1.6553	-1.0658	3.387e-06
-1.6553	-1.0116	5.995e-06
-1.6553	-0.95742	5.4782e-06
-1.6553	-0.90323	1.7463e-06
-1.6553	-0.84903	2.7904e-07
-1.6553	-0.79484	1.8188e-06
-1.6553	-0.74065	1.1244e-06
-1.6553	-0.68645	2.9168e-07
-1.6553	-0.63226	2.1362e-06
-1.6553	-0.57806	1.4156e-06
-1.6553	-0.52387	4.3352e-07
-1.6553	-0.46968	3.3104e-06
-1.6553	-0.41548	2.4712e-06
-1.6553	-0.36129	5.8181e-07
-1.6553	-0.3071	4.8709e-06
-1.6553	-0.2529	4.4475e-06
-1.6553	-0.19871	8.6204e-07
-1.6553	-0.14452	6.0821e-06
-1.6553	-0.090324	6.4901e-06
-1.6553	-0.036129	1.0233e-06
-1.6553	0.018065	6.7893e-06
-1.6553	0.072258	8.5593e-06
-1.6553	0.12645	1.8534e-06
-1.6553	0.18065	8.1166e-06
-1.6553	0.23484	1.5454e-05
-1.6553	0.28903	2.2138e-05
-1.6553	0.34323	4.0263e-05
-1.6553	0.39742	3.2961e-05
-1.6553	0.45161	5.4053e-06
-1.6553	0.50581	1.0256e-05
-1.6553	0.56	1.7835e-05
-1.6553	0.61419	3.6578e-06
-1.6553	0.66839	8.6187e-06
-1.6553	0.72258	1.4949e-05
-1.6553	0.77677	2.5238e-06
-1.6553	0.83097	7.23e-06
-1.6553	0.88516	1.3199e-05
-1.6553	0.93935	2.4498e-06
-1.6553	0.99354	6.9616e-06
-1.6553	1.0477	1.1736e-05
-1.6553	1.1019	1.8715e-06
-1.6553	1.1561	8.1976e-06
-1.6553	1.2103	1.3126e-05
-1.6553	1.2645	2.0115e-06
-1.6553	1.3187	1.4109e-05
-1.6553	1.3729	2.623e-05
-1.6553	1.4271	5.2872e-06
-1.6553	1.4813	3.3185e-05
-1.6553	1.5355	0.0001464
-1.6553	1.5897	0.00021621
-1.6553	1.6439	0.00015687
-1.6553	1.6981	5.454e-05
-1.6553	1.7523	5.5294e-06
-1.6553	1.8065	1.1385e-06
-1.6553	1.8606	1.8678e-06
-1.6553	1.9148	3.138e-07
-1.6553	1.969	2.8559e-07
-1.6553	2.0232	3.3635e-07
-1.6553	2.0774	4.4507e-08
-1.6553	2.1316	8.5817e-08
-1.6553	2.1858	9.3666e-08
-1.6553	2.24	1.3988e-08
-1.6553	2.2942	6.469e-09
-1.6553	2.3484	2.3084e-09
-1.6553	2.4026	1.7318e-09
-1.6553	2.4568	1.0291e-08
-1.6196	-2.4748	4.278e-08
-1.6196	-2.4206	2.0984e-07
-1.6196	-2.3665	3.7917e-07
-1.6196	-2.3123	3.2551e-07
-1.6196	-2.2581	1.1844e-07
-1.6196	-2.2039	8.2484e-09
-1.6196	-2.1497	1.4159e-08
-1.6196	-2.0955	1.5448e-08
-1.6196	-2.0413	2.181e-09
-1.6196	-1.9871	1.8184e-09
-1.6196	-1.9329	2.3372e-09
-1.6196	-1.8787	3.46e-10
-1.6196	-1.8245	4.6349e-11
-1.6196	-1.7703	7.0593e-11
-1.6196	-1.7161	2.3805e-10
-1.6196	-1.6619	7.7869e-10
-1.6196	-1.6077	4.2532e-09
-1.6196	-1.5535	3.3743e-09
-1.6196	-1.4994	6.3659e-09
-1.6196	-1.4452	2.7422e-08
-1.6196	-1.391	1.3929e-08
-1.6196	-1.3368	3.3241e-08
-1.6196	-1.2826	1.6548e-07
-1.6196	-1.2284	8.9808e-08
-1.6196	-1.1742	2.4867e-07
-1.6196	-1.12	2.1807e-06
-1.6196	-1.0658	5.0619e-06
-1.6196	-1.0116	5.5303e-06
-1.6196	-0.95742	3.0517e-06
-1.6196	-0.90323	5.9952e-07
-1.6196	-0.84903	1.7345e-07
-1.6196	-0.79484	7.6417e-07
-1.6196	-0.74065	4.4879e-07
-1.6196	-0.68645	1.1742e-07
-1.6196	-0.63226	9.0176e-07
-1.6196	-0.57806	6.1794e-07
-1.6196	-0.52387	2.5989e-07
-1.6196	-0.46968	1.8552e-06
-1.6196	-0.41548	1.2918e-06
-1.6196	-0.36129	5.7278e-07
-1.6196	-0.3071	4.0475e-06
-1.6196	-0.2529	3.2311e-06
-1.6196	-0.19871	1.2644e-06
-1.6196	-0.14452	8.3113e-06
-1.6196	-0.090324	7.3583e-06
-1.6196	-0.036129	1.9206e-06
-1.6196	0.018065	1.7323e-05
-1.6196	0.072258	1.8649e-05
-1.6196	0.12645	5.0087e-06
-1.6196	0.18065	7.1095e-05
-1.6196	0.23484	0.00017856
-1.6196	0.28903	0.00016707
-1.6196	0.34323	6.3768e-05
-1.6196	0.39742	7.5393e-06
-1.6196	0.45161	1.9276e-06
-1.6196	0.50581	1.357e-06
-1.6196	0.56	2.6482e-06
-1.6196	0.61419	1.7267e-06
-1.6196	0.66839	3.0355e-06
-1.6196	0.72258	5.21e-06
-1.6196	0.77677	1.0062e-06
-1.6196	0.83097	3.9399e-06
-1.6196	0.88516	6.9071e-06
-1.6196	0.93935	1.2491e-06
-1.6196	0.99354	5.7282e-06
-1.6196	1.0477	8.4667e-06
-1.6196	1.1019	1.2947e-06
-1.6196	1.1561	8.7433e-06
-1.6196	1.2103	1.2195e-05
-1.6196	1.2645	1.9627e-06
-1.6196	1.3187	1.6531e-05
-1.6196	1.3729	2.6615e-05
-1.6196	1.4271	4.4248e-06
-1.6196	1.4813	4.9117e-05
-1.6196	1.5355	0.00018949
-1.6196	1.5897	0.00026407
-1.6196	1.6439	0.00018265
-1.6196	1.6981	5.9608e-05
-1.6196	1.7523	5.118e-06
-1.6196	1.8065	1.6368e-06
-1.6196	1.8606	2.4294e-06
-1.6196	1.9148	3.9494e-07
-1.6196	1.969	2.3894e-07
-1.6196	2.0232	3.4259e-07
-1.6196	2.0774	5.9708e-08
-1.6196	2.1316	5.668e-08
-1.6196	2.1858	6.5765e-08
-1.6196	2.24	1.0751e-08
-1.6196	2.2942	3.1803e-09
-1.6196	2.3484	7.1542e-10
-1.6196	2.4026	1.428e-09
-1.6196	2.4568	5.6961e-09
-1.5839	-2.4748	3.0902e-08
-1.5839	-2.4206	1.4104e-07
-1.5839	-2.3665	2.5289e-07
-1.5839	-2.3123	2.1528e-07
-1.5839	-2.2581	7.3019e-08
-1.5839	-2.2039	4.1325e-09
-1.5839	-2.1497	1.533e-08
-1.5839	-2.0955	1.3102e-08
-1.5839	-2.0413	1.3475e-09
-1.5839	-1.9871	2.8861e-09
-1.5839	-1.9329	2.6145e-09
-1.5839	-1.8787	2.7015e-10
-1.5839	-1.8245	6.0541e-11
-1.5839	-1.7703	1.1411e-10
-1.5839	-1.7161	4.2158e-10
-1.5839	-1.6619	1.7106e-09
-1.5839	-1.6077	5.9236e-09
-1.5839	-1.5535	4.669e-09
-1.5839	-1.4994	5.114e-09
-1.5839	-1.4452	1.8081e-08
-1.5839	-1.391	8.1184e-09
-1.5839	-1.3368	5.0182e-08
-1.5839	-1.2826	1.7755e-07
-1.5839	-1.2284	6.7235e-08
-1.5839	-1.1742	5.3828e-07
-1.5839	-1.12	3.9233e-06
-1.5839	-1.0658	8.8746e-06
-1.5839	-1.0116	9.374e-06
-1.5839	-0.95742	4.4747e-06
-1.5839	-0.90323	5.3824e-07
-1.5839	-0.84903	3.4202e-07
-1.5839	-0.79484	7.4438e-07
-1.5839	-0.74065	2.6211e-07
-1.5839	-0.68645	8.6846e-08
-1.5839	-0.63226	4.1422e-07
-1.5839	-0.57806	2.753e-07
-1.5839	-0.52387	8.5978e-08
-1.5839	-0.46968	6.9042e-07
-1.5839	-0.41548	5.1625e-07
-1.5839	-0.36129	3.4128e-07
-1.5839	-0.3071	2.1361e-06
-1.5839	-0.2529	1.6256e-06
-1.5839	-0.19871	1.4379e-06
-1.5839	-0.14452	7.18e-06
-1.5839	-0.090324	5.2606e-06
-1.5839	-0.036129	3.2991e-06
-1.5839	0.018065	2.4032e-05
-1.5839	0.072258	2.1281e-05
-1.5839	0.12645	1.3323e-05
-1.5839	0.18065	0.00018397
-1.5839	0.23484	0.00048951
-1.5839	0.28903	0.00054744
-1.5839	0.34323	0.00027985
-1.5839	0.39742	4.632e-05
-1.5839	0.45161	4.3024e-06
-1.5839	0.50581	1.0713e-05
-1.5839	0.56	2.3015e-06
-1.5839	0.61419	1.827e-06
-1.5839	0.66839	2.1442e-06
-1.5839	0.72258	7.2938e-07
-1.5839	0.77677	5.3788e-07
-1.5839	0.83097	1.2313e-06
-1.5839	0.88516	1.9932e-06
-1.5839	0.93935	4.6965e-07
-1.5839	0.99354	2.5522e-06
-1.5839	1.0477	3.6454e-06
-1.5839	1.1019	7.6547e-07
-1.5839	1.1561	6.7271e-06
-1.5839	1.2103	8.1881e-06
-1.5839	1.2645	1.6109e-06
-1.5839	1.3187	1.5674e-05
-1.5839	1.3729	2.1835e-05
-1.5839	1.4271	3.6116e-06
-1.5839	1.4813	6.136e-05
-1.5839	1.5355	0.0002122
-1.5839	1.5897	0.0002824
-1.5839	1.6439	0.00018687
-1.5839	1.6981	5.6378e-05
-1.5839	1.7523	3.795e-06
-1.5839	1.8065	2.4336e-06
-1.5839	1.8606	2.7936e-06
-1.5839	1.9148	3.5455e-07
-1.5839	1.969	2.5954e-07
-1.5839	2.0232	3.5994e-07
-1.5839	2.0774	5.6014e-08
-1.5839	2.1316	3.8881e-08
-1.5839	2.1858	4.7887e-08
-1.5839	2.24	6.9714e-09
-1.5839	2.2942	1.5628e-09
-1.5839	2.3484	3.6098e-10
-1.5839	2.4026	9.7036e-10
-1.5839	2.4568	3.4351e-09
-1.5481	-2.4748	1.9858e-08
-1.5481	-2.4206	7.311e-08
-1.5481	-2.3665	1.18e-07
-1.5481	-2.3123	9.4945e-08
-1.5481	-2.2581	2.9333e-08
-1.5481	-2.2039	1.7805e-09
-1.5481	-2.1497	1.044e-08
-1.5481	-2.0955	7.2356e-09
-1.5481	-2.0413	6.5817e-10
-1.5481	-1.9871	3.013e-09
-1.5481	-1.9329	2.0924e-09
-1.5481	-1.8787	1.4638e-10
-1.5481	-1.8245	1.279e-10
-1.5481	-1.7703	2.7542e-10
-1.5481	-1.7161	7.4596e-10
-1.5481	-1.6619	4.0042e-09
-1.5481	-1.6077	1.0357e-08
-1.5481	-1.5535	6.1236e-09
-1.5481	-1.4994	4.1158e-09
-1.5481	-1.4452	1.6713e-08
-1.5481	-1.391	1.0213e-08
-1.5481	-1.3368	4.9719e-08
-1.5481	-1.2826	1.3553e-07
-1.5481	-1.2284	3.8887e-08
-1.5481	-1.1742	7.1071e-07
-1.5481	-1.12	4.4713e-06
-1.5481	-1.0658	9.9423e-06
-1.5481	-1.0116	1.0625e-05
-1.5481	-0.95742	5.0366e-06
-1.5481	-0.90323	5.1026e-07
-1.5481	-0.84903	5.9704e-07
-1.5481	-0.79484	1.015e-06
-1.5481	-0.74065	2.1369e-07
-1.5481	-0.68645	2.45e-07
-1.5481	-0.63226	5.6441e-07
-1.5481	-0.57806	2.118e-07
-1.5481	-0.52387	8.68e-08
-1.5481	-0.46968	3.8447e-07
-1.5481	-0.41548	2.6155e-07
-1.5481	-0.36129	1.0484e-07
-1.5481	-0.3071	7.7132e-07
-1.5481	-0.2529	7.3854e-07
-1.5481	-0.19871	1.0166e-06
-1.5481	-0.14452	3.8594e-06
-1.5481	-0.090324	2.5068e-06
-1.5481	-0.036129	3.9425e-06
-1.5481	0.018065	2.1374e-05
-1.5481	0.072258	1.5294e-05
-1.5481	0.12645	2.398e-05
-1.5481	0.18065	0.00027204
-1.5481	0.23484	0.00072361
-1.5481	0.28903	0.00085604
-1.5481	0.34323	0.00047249
-1.5481	0.39742	8.2696e-05
-1.5481	0.45161	1.0832e-05
-1.5481	0.50581	3.4467e-05
-1.5481	0.56	9.9888e-06
-1.5481	0.61419	3.8151e-06
-1.5481	0.66839	9.4581e-06
-1.5481	0.72258	2.2726e-06
-1.5481	0.77677	1.2648e-06
-1.5481	0.83097	3.1253e-06
-1.5481	0.88516	1.3002e-06
-1.5481	0.93935	1.6448e-07
-1.5481	0.99354	3.4253e-07
-1.5481	1.0477	6.7394e-07
-1.5481	1.1019	4.3942e-07
-1.5481	1.1561	2.9085e-06
-1.5481	1.2103	3.2093e-06
-1.5481	1.2645	1.1844e-06
-1.5481	1.3187	1.0951e-05
-1.5481	1.3729	1.311e-05
-1.5481	1.4271	3.1918e-06
-1.5481	1.4813	6.1638e-05
-1.5481	1.5355	0.00019587
-1.5481	1.5897	0.00025349
-1.5481	1.6439	0.00016285
-1.5481	1.6981	4.5665e-05
-1.5481	1.7523	2.3749e-06
-1.5481	1.8065	3.1754e-06
-1.5481	1.8606	2.8204e-06
-1.5481	1.9148	2.6009e-07
-1.5481	1.969	3.4279e-07
-1.5481	2.0232	3.7382e-07
-1.5481	2.0774	4.1645e-08
-1.5481	2.1316	3.9149e-08
-1.5481	2.1858	4.055e-08
-1.5481	2.24	4.121e-09
-1.5481	2.2942	1.2796e-09
-1.5481	2.3484	4.5496e-10
-1.5481	2.4026	4.9136e-10
-1.5481	2.4568	4.785e-09
-1.5124	-2.4748	3.9247e-08
-1.5124	-2.4206	1.0065e-07
-1.5124	-2.3665	1.1207e-07
-1.5124	-2.3123	6.2618e-08
-1.5124	-2.2581	1.377e-08
-1.5124	-2.2039	8.254e-10
-1.5124	-2.1497	4.5569e-09
-1.5124	-2.0955	2.5542e-09
-1.5124	-2.0413	3.388e-10
-1.5124	-1.9871	1.8457e-09
-1.5124	-1.9329	1.0299e-09
-1.5124	-1.8787	7.7307e-11
-1.5124	-1.8245	1.9657e-10
-1.5124	-1.7703	3.933e-10
-1.5124	-1.7161	1.1701e-09
-1.5124	-1.6619	6.8629e-09
-1.5124	-1.6077	1.4107e-08
-1.5124	-1.5535	5.7524e-09
-1.5124	-1.4994	7.8507e-09
-1.5124	-1.4452	2.7422e-08
-1.5124	-1.391	1.389e-08
-1.5124	-1.3368	5.0023e-08
-1.5124	-1.2826	1.1775e-07
-1.5124	-1.2284	3.3347e-08
-1.5124	-1.1742	7.923e-07
-1.5124	-1.12	4.2638e-06
-1.5124	-1.0658	8.885e-06
-1.5124	-1.0116	9.1855e-06
-1.5124	-0.95742	4.2091e-06
-1.5124	-0.90323	3.7376e-07
-1.5124	-0.84903	6.9013e-07
-1.5124	-0.79484	1.0366e-06
-1.5124	-0.74065	1.6001e-07
-1.5124	-0.68645	4.1453e-07
-1.5124	-0.63226	7.7601e-07
-1.5124	-0.57806	1.8658e-07
-1.5124	-0.52387	2.4441e-07
-1.5124	-0.46968	5.9263e-07
-1.5124	-0.41548	2.1188e-07
-1.5124	-0.36129	1.6915e-07
-1.5124	-0.3071	6.631e-07
-1.5124	-0.2529	5.3136e-07
-1.5124	-0.19871	3.3431e-07
-1.5124	-0.14452	1.2526e-06
-1.5124	-0.090324	1.0588e-06
-1.5124	-0.036129	2.7918e-06
-1.5124	0.018065	1.1728e-05
-1.5124	0.072258	6.8669e-06
-1.5124	0.12645	2.7603e-05
-1.5124	0.18065	0.00026415
-1.5124	0.23484	0.00070593
-1.5124	0.28903	0.00086733
-1.5124	0.34323	0.00049497
-1.5124	0.39742	8.3454e-05
-1.5124	0.45161	1.9034e-05
-1.5124	0.50581	5.6226e-05
-1.5124	0.56	1.5992e-05
-1.5124	0.61419	7.5663e-06
-1.5124	0.66839	2.189e-05
-1.5124	0.72258	6.313e-06
-1.5124	0.77677	3.4457e-06
-1.5124	0.83097	1.0645e-05
-1.5124	0.88516	4.0473e-06
-1.5124	0.93935	5.9668e-07
-1.5124	0.99354	2.4364e-06
-1.5124	1.0477	1.392e-06
-1.5124	1.1019	2.4598e-07
-1.5124	1.1561	2.9077e-07
-1.5124	1.2103	4.5238e-07
-1.5124	1.2645	7.1126e-07
-1.5124	1.3187	4.3381e-06
-1.5124	1.3729	4.5455e-06
-1.5124	1.4271	2.7736e-06
-1.5124	1.4813	4.4795e-05
-1.5124	1.5355	0.0001358
-1.5124	1.5897	0.00017621
-1.5124	1.6439	0.00011285
-1.5124	1.6981	2.9997e-05
-1.5124	1.7523	1.3047e-06
-1.5124	1.8065	3.3071e-06
-1.5124	1.8606	2.3915e-06
-1.5124	1.9148	1.6857e-07
-1.5124	1.969	4.2563e-07
-1.5124	2.0232	3.5905e-07
-1.5124	2.0774	2.7526e-08
-1.5124	2.1316	5.1983e-08
-1.5124	2.1858	3.9706e-08
-1.5124	2.24	2.6205e-09
-1.5124	2.2942	1.5531e-09
-1.5124	2.3484	5.5707e-10
-1.5124	2.4026	3.4625e-10
-1.5124	2.4568	8.8356e-09
-1.4767	-2.4748	9.2496e-08
-1.4767	-2.4206	2.2548e-07
-1.4767	-2.3665	2.4072e-07
-1.4767	-2.3123	1.2147e-07
-1.4767	-2.2581	2.1493e-08
-1.4767	-2.2039	1.2798e-09
-1.4767	-2.1497	4.8931e-09
-1.4767	-2.0955	2.1214e-09
-1.4767	-2.0413	2.1603e-10
-1.4767	-1.9871	6.7652e-10
-1.4767	-1.9329	3.6289e-10
-1.4767	-1.8787	1.1206e-10
-1.4767	-1.8245	2.2224e-10
-1.4767	-1.7703	3.7667e-10
-1.4767	-1.7161	1.6137e-09
-1.4767	-1.6619	8.311e-09
-1.4767	-1.6077	1.3459e-08
-1.4767	-1.5535	3.8763e-09
-1.4767	-1.4994	1.4547e-08
-1.4767	-1.4452	3.6658e-08
-1.4767	-1.391	1.303e-08
-1.4767	-1.3368	6.986e-08
-1.4767	-1.2826	1.4363e-07
-1.4767	-1.2284	4.4147e-08
-1.4767	-1.1742	1.0748e-06
-1.4767	-1.12	4.8965e-06
-1.4767	-1.0658	9.0168e-06
-1.4767	-1.0116	8.3653e-06
-1.4767	-0.95742	3.4293e-06
-1.4767	-0.90323	2.5583e-07
-1.4767	-0.84903	6.872e-07
-1.4767	-0.79484	9.1274e-07
-1.4767	-0.74065	1.2139e-07
-1.4767	-0.68645	4.408e-07
-1.4767	-0.63226	7.61e-07
-1.4767	-0.57806	1.4321e-07
-1.4767	-0.52387	3.6809e-07
-1.4767	-0.46968	7.4503e-07
-1.4767	-0.41548	1.6716e-07
-1.4767	-0.36129	4.7588e-07
-1.4767	-0.3071	1.1525e-06
-1.4767	-0.2529	4.5169e-07
-1.4767	-0.19871	2.2007e-07
-1.4767	-0.14452	1.082e-06
-1.4767	-0.090324	8.7284e-07
-1.4767	-0.036129	8.3459e-07
-1.4767	0.018065	3.4325e-06
-1.4767	0.072258	1.9994e-06
-1.4767	0.12645	1.8329e-05
-1.4767	0.18065	0.0001617
-1.4767	0.23484	0.00045331
-1.4767	0.28903	0.00059238
-1.4767	0.34323	0.0003525
-1.4767	0.39742	5.626e-05
-1.4767	0.45161	2.3141e-05
-1.4767	0.50581	6.0285e-05
-1.4767	0.56	1.557e-05
-1.4767	0.61419	1.1402e-05
-1.4767	0.66839	3.1238e-05
-1.4767	0.72258	8.6065e-06
-1.4767	0.77677	6.7149e-06
-1.4767	0.83097	1.994e-05
-1.4767	0.88516	6.9283e-06
-1.4767	0.93935	2.3497e-06
-1.4767	0.99354	9.3114e-06
-1.4767	1.0477	4.4443e-06
-1.4767	1.1019	5.7464e-07
-1.4767	1.1561	2.1301e-06
-1.4767	1.2103	1.3045e-06
-1.4767	1.2645	2.868e-07
-1.4767	1.3187	3.7586e-07
-1.4767	1.3729	4.4416e-07
-1.4767	1.4271	1.5885e-06
-1.4767	1.4813	1.7956e-05
-1.4767	1.5355	5.712e-05
-1.4767	1.5897	8.052e-05
-1.4767	1.6439	5.4771e-05
-1.4767	1.6981	1.4535e-05
-1.4767	1.7523	6.6173e-07
-1.4767	1.8065	2.5348e-06
-1.4767	1.8606	1.5934e-06
-1.4767	1.9148	1.0594e-07
-1.4767	1.969	4.1976e-07
-1.4767	2.0232	2.9048e-07
-1.4767	2.0774	1.7733e-08
-1.4767	2.1316	6.141e-08
-1.4767	2.1858	3.6844e-08
-1.4767	2.24	1.8134e-09
-1.4767	2.2942	1.6923e-09
-1.4767	2.3484	5.787e-10
-1.4767	2.4026	6.1553e-10
-1.4767	2.4568	1.4139e-08
-1.441	-2.4748	1.3773e-07
-1.441	-2.4206	3.3261e-07
-1.441	-2.3665	3.6298e-07
-1.441	-2.3123	1.842e-07
-1.441	-2.2581	2.9322e-08
-1.441	-2.2039	4.0276e-09
-1.441	-2.1497	1.1851e-08
-1.441	-2.0955	4.197e-09
-1.441	-2.0413	3.7096e-10
-1.441	-1.9871	1.0027e-09
-1.441	-1.9329	5.2218e-10
-1.441	-1.8787	2.109e-10
-1.441	-1.8245	2.2247e-10
-1.441	-1.7703	3.247e-10
-1.441	-1.7161	1.8495e-09
-1.441	-1.6619	7.1061e-09
-1.441	-1.6077	8.6422e-09
-1.441	-1.5535	2.2431e-09
-1.441	-1.4994	1.7579e-08
-1.441	-1.4452	3.2391e-08
-1.441	-1.391	9.8136e-09
-1.441	-1.3368	9.337e-08
-1.441	-1.2826	1.5755e-07
-1.441	-1.2284	6.7262e-08
-1.441	-1.1742	1.6179e-06
-1.441	-1.12	6.5499e-06
-1.441	-1.0658	1.1009e-05
-1.441	-1.0116	9.1695e-06
-1.441	-0.95742	3.1943e-06
-1.441	-0.90323	1.9995e-07
-1.441	-0.84903	8.6132e-07
-1.441	-0.79484	9.1353e-07
-1.441	-0.74065	1.0727e-07
-1.441	-0.68645	4.2919e-07
-1.441	-0.63226	6.8528e-07
-1.441	-0.57806	1.1779e-07
-1.441	-0.52387	3.8514e-07
-1.441	-0.46968	7.4045e-07
-1.441	-0.41548	1.4559e-07
-1.441	-0.36129	6.3799e-07
-1.441	-0.3071	1.3415e-06
-1.441	-0.2529	3.6529e-07
-1.441	-0.19871	9.7481e-07
-1.441	-0.14452	2.4432e-06
-1.441	-0.090324	8.4778e-07
-1.441	-0.036129	9.0165e-07
-1.441	0.018065	3.393e-06
-1.441	0.072258	1.4404e-06
-1.441	0.12645	7.4042e-06
-1.441	0.18065	6.3091e-05
-1.441	0.23484	0.00018445
-1.441	0.28903	0.00026136
-1.441	0.34323	0.00016723
-1.441	0.39742	2.6051e-05
-1.441	0.45161	1.8843e-05
-1.441	0.50581	4.5045e-05
-1.441	0.56	1.0745e-05
-1.441	0.61419	1.2114e-05
-1.441	0.66839	3.0683e-05
-1.441	0.72258	7.6487e-06
-1.441	0.77677	9.2895e-06
-1.441	0.83097	2.4695e-05
-1.441	0.88516	7.3221e-06
-1.441	0.93935	5.3586e-06
-1.441	0.99354	1.7204e-05
-1.441	1.0477	6.7683e-06
-1.441	1.1019	2.3091e-06
-1.441	1.1561	8.749e-06
-1.441	1.2103	4.1245e-06
-1.441	1.2645	7.5027e-07
-1.441	1.3187	3.1472e-06
-1.441	1.3729	1.7499e-06
-1.441	1.4271	5.2349e-07
-1.441	1.4813	1.8173e-06
-1.441	1.5355	6.5945e-06
-1.441	1.5897	1.4045e-05
-1.441	1.6439	1.3103e-05
-1.441	1.6981	4.2241e-06
-1.441	1.7523	2.8576e-07
-1.441	1.8065	1.2283e-06
-1.441	1.8606	7.5455e-07
-1.441	1.9148	6.7423e-08
-1.441	1.969	2.9464e-07
-1.441	2.0232	1.8045e-07
-1.441	2.0774	1.1407e-08
-1.441	2.1316	5.3735e-08
-1.441	2.1858	2.7311e-08
-1.441	2.24	1.2427e-09
-1.441	2.2942	1.3748e-09
-1.441	2.3484	5.7276e-10
-1.441	2.4026	1.0758e-09
-1.441	2.4568	1.906e-08
-1.4052	-2.4748	1.2518e-07
-1.4052	-2.4206	3.0462e-07
-1.4052	-2.3665	3.4148e-07
-1.4052	-2.3123	1.7371e-07
-1.4052	-2.2581	2.4242e-08
-1.4052	-2.2039	7.8786e-09
-1.4052	-2.1497	1.7946e-08
-1.4052	-2.0955	5.1455e-09
-1.4052	-2.0413	1.0909e-09
-1.4052	-1.9871	2.6765e-09
-1.4052	-1.9329	1.0613e-09
-1.4052	-1.8787	3.2987e-10
-1.4052	-1.8245	2.6785e-10
-1.4052	-1.7703	3.9338e-10
-1.4052	-1.7161	1.6428e-09
-1.4052	-1.6619	4.306e-09
-1.4052	-1.6077	3.4712e-09
-1.4052	-1.5535	1.7428e-09
-1.4052	-1.4994	1.4803e-08
-1.4052	-1.4452	1.9287e-08
-1.4052	-1.391	7.6964e-09
-1.4052	-1.3368	8.8005e-08
-1.4052	-1.2826	1.1915e-07
-1.4052	-1.2284	9.5183e-08
-1.4052	-1.1742	1.9471e-06
-1.4052	-1.12	7.3482e-06
-1.4052	-1.0658	1.1899e-05
-1.4052	-1.0116	9.3631e-06
-1.4052	-0.95742	2.8176e-06
-1.4052	-0.90323	2.0895e-07
-1.4052	-0.84903	1.2166e-06
-1.4052	-0.79484	9.8021e-07
-1.4052	-0.74065	1.0788e-07
-1.4052	-0.68645	5.9291e-07
-1.4052	-0.63226	7.4065e-07
-1.4052	-0.57806	1.1642e-07
-1.4052	-0.52387	4.8321e-07
-1.4052	-0.46968	8.6237e-07
-1.4052	-0.41548	1.9527e-07
-1.4052	-0.36129	5.9635e-07
-1.4052	-0.3071	1.3532e-06
-1.4052	-0.2529	5.9705e-07
-1.4052	-0.19871	1.8249e-06
-1.4052	-0.14452	3.1971e-06
-1.4052	-0.090324	6.4643e-07
-1.4052	-0.036129	4.9385e-06
-1.4052	0.018065	1.1147e-05
-1.4052	0.072258	2.5159e-06
-1.4052	0.12645	2.5116e-05
-1.4052	0.18065	0.00011778
-1.4052	0.23484	0.00019482
-1.4052	0.28903	0.00016934
-1.4052	0.34323	7.7201e-05
-1.4052	0.39742	9.6303e-06
-1.4052	0.45161	1.2024e-05
-1.4052	0.50581	2.5678e-05
-1.4052	0.56	6.2019e-06
-1.4052	0.61419	8.2251e-06
-1.4052	0.66839	2.112e-05
-1.4052	0.72258	5.0568e-06
-1.4052	0.77677	8.768e-06
-1.4052	0.83097	2.1314e-05
-1.4052	0.88516	5.3511e-06
-1.4052	0.93935	7.9342e-06
-1.4052	0.99354	2.0549e-05
-1.4052	1.0477	6.5406e-06
-1.4052	1.1019	5.6152e-06
-1.4052	1.1561	1.6312e-05
-1.4052	1.2103	5.9741e-06
-1.4052	1.2645	3.307e-06
-1.4052	1.3187	1.231e-05
-1.4052	1.3729	5.3977e-06
-1.4052	1.4271	3.1697e-06
-1.4052	1.4813	1.7538e-05
-1.4052	1.5355	2.0174e-05
-1.4052	1.5897	8.4908e-06
-1.4052	1.6439	1.5144e-06
-1.4052	1.6981	4.3856e-07
-1.4052	1.7523	1.0304e-07
-1.4052	1.8065	2.2703e-07
-1.4052	1.8606	2.0557e-07
-1.4052	1.9148	4.1195e-08
-1.4052	1.969	1.2311e-07
-1.4052	2.0232	7.5995e-08
-1.4052	2.0774	6.3527e-09
-1.4052	2.1316	3.0912e-08
-1.4052	2.1858	1.4482e-08
-1.4052	2.24	8.1995e-10
-1.4052	2.2942	7.6945e-10
-1.4052	2.3484	5.1504e-10
-1.4052	2.4026	1.4692e-09
-1.4052	2.4568	2.1076e-08
-1.3695	-2.4748	6.0494e-08
-1.3695	-2.4206	1.5663e-07
-1.3695	-2.3665	1.8785e-07
-1.3695	-2.3123	9.8076e-08
-1.3695	-2.2581	1.1839e-08
-1.3695	-2.2039	8.9385e-09
-1.3695	-2.1497	1.6285e-08
-1.3695	-2.0955	3.7073e-09
-1.3695	-2.0413	2.061e-09
-1.3695	-1.9871	4.0012e-09
-1.3695	-1.9329	1.3201e-09
-1.3695	-1.8787	4.5075e-10
-1.3695	-1.8245	4.0862e-10
-1.3695	-1.7703	5.7091e-10
-1.3695	-1.7161	1.0759e-09
-1.3695	-1.6619	2.3634e-09
-1.3695	-1.6077	1.1743e-09
-1.3695	-1.5535	2.1889e-09
-1.3695	-1.4994	1.2481e-08
-1.3695	-1.4452	1.0722e-08
-1.3695	-1.391	6.2754e-09
-1.3695	-1.3368	5.6747e-08
-1.3695	-1.2826	5.975e-08
-1.3695	-1.2284	9.5345e-08
-1.3695	-1.1742	1.5834e-06
-1.3695	-1.12	5.7421e-06
-1.3695	-1.0658	9.2276e-06
-1.3695	-1.0116	7.0753e-06
-1.3695	-0.95742	1.8675e-06
-1.3695	-0.90323	2.5474e-07
-1.3695	-0.84903	1.368e-06
-1.3695	-0.79484	8.5451e-07
-1.3695	-0.74065	1.3681e-07
-1.3695	-0.68645	8.9179e-07
-1.3695	-0.63226	8.1864e-07
-1.3695	-0.57806	1.296e-07
-1.3695	-0.52387	8.4135e-07
-1.3695	-0.46968	1.2222e-06
-1.3695	-0.41548	3.9475e-07
-1.3695	-0.36129	1.1084e-06
-1.3695	-0.3071	2.2699e-06
-1.3695	-0.2529	1.2597e-06
-1.3695	-0.19871	1.7602e-06
-1.3695	-0.14452	2.6475e-06
-1.3695	-0.090324	1.0921e-06
-1.3695	-0.036129	1.1504e-05
-1.3695	0.018065	1.9952e-05
-1.3695	0.072258	4.4671e-06
-1.3695	0.12645	0.0001064
-1.3695	0.18065	0.00044992
-1.3695	0.23484	0.00071354
-1.3695	0.28903	0.00053181
-1.3695	0.34323	0.00016167
-1.3695	0.39742	8.9441e-06
-1.3695	0.45161	2.4687e-05
-1.3695	0.50581	2.6237e-05
-1.3695	0.56	4.801e-06
-1.3695	0.61419	5.1841e-06
-1.3695	0.66839	1.2672e-05
-1.3695	0.72258	3.3606e-06
-1.3695	0.77677	4.9685e-06
-1.3695	0.83097	1.2764e-05
-1.3695	0.88516	3.0939e-06
-1.3695	0.93935	7.5777e-06
-1.3695	0.99354	1.6726e-05
-1.3695	1.0477	4.6072e-06
-1.3695	1.1019	8.7686e-06
-1.3695	1.1561	1.9367e-05
-1.3695	1.2103	5.4325e-06
-1.3695	1.2645	7.8437e-06
-1.3695	1.3187	2.2163e-05
-1.3695	1.3729	7.376e-06
-1.3695	1.4271	1.2933e-05
-1.3695	1.4813	6.6939e-05
-1.3695	1.5355	9.1956e-05
-1.3695	1.5897	5.5278e-05
-1.3695	1.6439	1.4036e-05
-1.3695	1.6981	8.3586e-07
-1.3695	1.7523	2.7867e-07
-1.3695	1.8065	1.4275e-07
-1.3695	1.8606	3.1054e-08
-1.3695	1.9148	4.1015e-08
-1.3695	1.969	2.541e-08
-1.3695	2.0232	1.665e-08
-1.3695	2.0774	3.5608e-09
-1.3695	2.1316	9.5869e-09
-1.3695	2.1858	4.9559e-09
-1.3695	2.24	5.3395e-10
-1.3695	2.2942	3.0915e-10
-1.3695	2.3484	3.4512e-10
-1.3695	2.4026	1.573e-09
-1.3695	2.4568	1.7787e-08
-1.3338	-2.4748	1.69e-08
-1.3338	-2.4206	3.5444e-08
-1.3338	-2.3665	4.5214e-08
-1.3338	-2.3123	2.5995e-08
-1.3338	-2.2581	2.8294e-09
-1.3338	-2.2039	5.3171e-09
-1.3338	-2.1497	8.267e-09
-1.3338	-2.0955	1.4868e-09
-1.3338	-2.0413	2.3175e-09
-1.3338	-1.9871	3.6365e-09
-1.3338	-1.9329	1.1146e-09
-1.3338	-1.8787	5.4026e-10
-1.3338	-1.8245	5.9308e-10
-1.3338	-1.7703	6.7196e-10
-1.3338	-1.7161	5.7007e-10
-1.3338	-1.6619	2.5273e-09
-1.3338	-1.6077	1.5616e-09
-1.3338	-1.5535	3.4286e-09
-1.3338	-1.4994	1.6903e-08
-1.3338	-1.4452	1.1311e-08
-1.3338	-1.391	7.7609e-09
-1.3338	-1.3368	4.6616e-08
-1.3338	-1.2826	3.2859e-08
-1.3338	-1.2284	7.0423e-08
-1.3338	-1.1742	9.0213e-07
-1.3338	-1.12	3.0118e-06
-1.3338	-1.0658	4.7205e-06
-1.3338	-1.0116	3.5292e-06
-1.3338	-0.95742	8.1028e-07
-1.3338	-0.90323	2.4262e-07
-1.3338	-0.84903	1.0308e-06
-1.3338	-0.79484	5.0198e-07
-1.3338	-0.74065	1.7855e-07
-1.3338	-0.68645	9.9364e-07
-1.3338	-0.63226	6.8947e-07
-1.3338	-0.57806	1.631e-07
-1.3338	-0.52387	1.2802e-06
-1.3338	-0.46968	1.5597e-06
-1.3338	-0.41548	1.0387e-06
-1.3338	-0.36129	3.2859e-06
-1.3338	-0.3071	4.8661e-06
-1.3338	-0.2529	1.9123e-06
-1.3338	-0.19871	1.1438e-06
-1.3338	-0.14452	2.8785e-06
-1.3338	-0.090324	2.8817e-06
-1.3338	-0.036129	1.712e-05
-1.3338	0.018065	2.4658e-05
-1.3338	0.072258	1.1321e-05
-1.3338	0.12645	0.00028779
-1.3338	0.18065	0.0011897
-1.3338	0.23484	0.0020003
-1.3338	0.28903	0.0015891
-1.3338	0.34323	0.00048359
-1.3338	0.39742	2.3309e-05
-1.3338	0.45161	0.00010875
-1.3338	0.50581	7.9272e-05
-1.3338	0.56	7.8566e-06
-1.3338	0.61419	2.3314e-05
-1.3338	0.66839	2.3902e-05
-1.3338	0.72258	4.1895e-06
-1.3338	0.77677	3.962e-06
-1.3338	0.83097	8.6504e-06
-1.3338	0.88516	2.3071e-06
-1.3338	0.93935	4.0854e-06
-1.3338	0.99354	9.4093e-06
-1.3338	1.0477	3.1952e-06
-1.3338	1.1019	8.9238e-06
-1.3338	1.1561	1.5479e-05
-1.3338	1.2103	3.6088e-06
-1.3338	1.2645	1.1761e-05
-1.3338	1.3187	2.5511e-05
-1.3338	1.3729	6.2943e-06
-1.3338	1.4271	2.7668e-05
-1.3338	1.4813	0.00012394
-1.3338	1.5355	0.00017326
-1.3338	1.5897	0.00011232
-1.3338	1.6439	3.2025e-05
-1.3338	1.6981	2.0704e-06
-1.3338	1.7523	9.3291e-07
-1.3338	1.8065	8.3992e-07
-1.3338	1.8606	7.4238e-08
-1.3338	1.9148	9.8198e-08
-1.3338	1.969	6.0135e-08
-1.3338	2.0232	4.11e-09
-1.3338	2.0774	8.2401e-09
-1.3338	2.1316	5.2473e-09
-1.3338	2.1858	1.5974e-09
-1.3338	2.24	4.7465e-10
-1.3338	2.2942	2.2955e-10
-1.3338	2.3484	1.4605e-10
-1.3338	2.4026	1.2053e-09
-1.3338	2.4568	9.9354e-09
-1.2981	-2.4748	6.4126e-08
-1.2981	-2.4206	6.9746e-08
-1.2981	-2.3665	3.4233e-08
-1.2981	-2.3123	7.3157e-09
-1.2981	-2.2581	3.6364e-10
-1.2981	-2.2039	9.9855e-10
-1.2981	-2.1497	1.5086e-09
-1.2981	-2.0955	2.6798e-10
-1.2981	-2.0413	1.435e-09
-1.2981	-1.9871	1.9896e-09
-1.2981	-1.9329	7.1835e-10
-1.2981	-1.8787	5.4215e-10
-1.2981	-1.8245	6.7733e-10
-1.2981	-1.7703	5.7288e-10
-1.2981	-1.7161	4.4215e-10
-1.2981	-1.6619	3.5951e-09
-1.2981	-1.6077	2.3178e-09
-1.2981	-1.5535	5.0881e-09
-1.2981	-1.4994	2.4564e-08
-1.2981	-1.4452	1.3829e-08
-1.2981	-1.391	1.9366e-08
-1.2981	-1.3368	8.9237e-08
-1.2981	-1.2826	4.2868e-08
-1.2981	-1.2284	1.3478e-07
-1.2981	-1.1742	1.0687e-06
-1.2981	-1.12	2.4394e-06
-1.2981	-1.0658	2.773e-06
-1.2981	-1.0116	1.6102e-06
-1.2981	-0.95742	2.844e-07
-1.2981	-0.90323	1.4125e-07
-1.2981	-0.84903	4.8242e-07
-1.2981	-0.79484	1.827e-07
-1.2981	-0.74065	1.5895e-07
-1.2981	-0.68645	6.9157e-07
-1.2981	-0.63226	3.6749e-07
-1.2981	-0.57806	2.018e-07
-1.2981	-0.52387	1.3667e-06
-1.2981	-0.46968	1.6524e-06
-1.2981	-0.41548	2.571e-06
-1.2981	-0.36129	7.4258e-06
-1.2981	-0.3071	8.5256e-06
-1.2981	-0.2529	2.0772e-06
-1.2981	-0.19871	2.6376e-06
-1.2981	-0.14452	7.8177e-06
-1.2981	-0.090324	5.5522e-06
-1.2981	-0.036129	2.4555e-05
-1.2981	0.018065	3.4147e-05
-1.2981	0.072258	3.7521e-05
-1.2981	0.12645	0.0007997
-1.2981	0.18065	0.003427
-1.2981	0.23484	0.0063481
-1.2981	0.28903	0.0055868
-1.2981	0.34323	0.0017909
-1.2981	0.39742	0.00010466
-1.2981	0.45161	0.0006128
-1.2981	0.50581	0.000379
-1.2981	0.56	3.035e-05
-1.2981	0.61419	0.00016697
-1.2981	0.66839	0.000116
-1.2981	0.72258	1.0986e-05
-1.2981	0.77677	2.9992e-05
-1.2981	0.83097	2.7312e-05
-1.2981	0.88516	3.6212e-06
-1.2981	0.93935	4.6037e-06
-1.2981	0.99354	8.8234e-06
-1.2981	1.0477	3.5443e-06
-1.2981	1.1019	5.2645e-06
-1.2981	1.1561	8.2895e-06
-1.2981	1.2103	2.5298e-06
-1.2981	1.2645	1.1422e-05
-1.2981	1.3187	1.962e-05
-1.2981	1.3729	3.8459e-06
-1.2981	1.4271	3.7938e-05
-1.2981	1.4813	0.00014937
-1.2981	1.5355	0.00020646
-1.2981	1.5897	0.00013612
-1.2981	1.6439	3.9295e-05
-1.2981	1.6981	2.3233e-06
-1.2981	1.7523	1.7723e-06
-1.2981	1.8065	1.6075e-06
-1.2981	1.8606	1.3683e-07
-1.2981	1.9148	2.0917e-07
-1.2981	1.969	1.736e-07
-1.2981	2.0232	1.2547e-08
-1.2981	2.0774	2.3413e-08
-1.2981	2.1316	1.7782e-08
-1.2981	2.1858	2.1539e-09
-1.2981	2.24	7.946e-10
-1.2981	2.2942	3.8207e-10
-1.2981	2.3484	1.0739e-10
-1.2981	2.4026	5.7591e-10
-1.2981	2.4568	2.6017e-09
-1.2623	-2.4748	1.8124e-07
-1.2623	-2.4206	2.2844e-07
-1.2623	-2.3665	1.3386e-07
-1.2623	-2.3123	3.0579e-08
-1.2623	-2.2581	1.141e-09
-1.2623	-2.2039	2.1157e-09
-1.2623	-2.1497	1.1492e-09
-1.2623	-2.0955	2.0773e-10
-1.2623	-2.0413	3.6018e-10
-1.2623	-1.9871	5.7659e-10
-1.2623	-1.9329	4.1459e-10
-1.2623	-1.8787	4.3053e-10
-1.2623	-1.8245	5.6063e-10
-1.2623	-1.7703	3.7108e-10
-1.2623	-1.7161	5.5564e-10
-1.2623	-1.6619	3.5458e-09
-1.2623	-1.6077	1.9935e-09
-1.2623	-1.5535	5.6903e-09
-1.2623	-1.4994	2.536e-08
-1.2623	-1.4452	1.1434e-08
-1.2623	-1.391	4.0059e-08
-1.2623	-1.3368	1.4898e-07
-1.2623	-1.2826	5.2854e-08
-1.2623	-1.2284	4.1603e-07
-1.2623	-1.1742	2.7185e-06
-1.2623	-1.12	5.5876e-06
-1.2623	-1.0658	5.4426e-06
-1.2623	-1.0116	2.4801e-06
-1.2623	-0.95742	3.1677e-07
-1.2623	-0.90323	1.2908e-07
-1.2623	-0.84903	3.2456e-07
-1.2623	-0.79484	1.1601e-07
-1.2623	-0.74065	7.0111e-08
-1.2623	-0.68645	2.7365e-07
-1.2623	-0.63226	1.579e-07
-1.2623	-0.57806	2.2434e-07
-1.2623	-0.52387	9.8391e-07
-1.2623	-0.46968	1.7606e-06
-1.2623	-0.41548	5.1125e-06
-1.2623	-0.36129	1.2267e-05
-1.2623	-0.3071	1.1458e-05
-1.2623	-0.2529	2.1262e-06
-1.2623	-0.19871	1.1135e-05
-1.2623	-0.14452	2.2328e-05
-1.2623	-0.090324	9.9325e-06
-1.2623	-0.036129	8.2733e-05
-1.2623	0.018065	0.00013328
-1.2623	0.072258	0.00036257
-1.2623	0.12645	0.011621
-1.2623	0.18065	0.09558
-1.2623	0.23484	0.14174
-1.2623	0.28903	0.08027
-1.2623	0.34323	0.023871
-1.2623	0.39742	0.0016257
-1.2623	0.45161	0.0094137
-1.2623	0.50581	0.0053006
-1.2623	0.56	0.0004553
-1.2623	0.61419	0.0032118
-1.2623	0.66839	0.0025501
-1.2623	0.72258	0.00016129
-1.2623	0.77677	0.00046061
-1.2623	0.83097	0.00021195
-1.2623	0.88516	1.3244e-05
-1.2623	0.93935	4.6629e-05
-1.2623	0.99354	3.8292e-05
-1.2623	1.0477	5.4126e-06
-1.2623	1.1019	4.1662e-06
-1.2623	1.1561	7.4303e-06
-1.2623	1.2103	2.8667e-06
-1.2623	1.2645	6.2878e-06
-1.2623	1.3187	9.4892e-06
-1.2623	1.3729	2.1472e-06
-1.2623	1.4271	3.3939e-05
-1.2623	1.4813	0.00012243
-1.2623	1.5355	0.00016896
-1.2623	1.5897	0.00011272
-1.2623	1.6439	3.2226e-05
-1.2623	1.6981	1.6625e-06
-1.2623	1.7523	2.1919e-06
-1.2623	1.8065	1.816e-06
-1.2623	1.8606	1.3567e-07
-1.2623	1.9148	3.0706e-07
-1.2623	1.969	2.5655e-07
-1.2623	2.0232	1.8572e-08
-1.2623	2.0774	4.2517e-08
-1.2623	2.1316	3.3095e-08
-1.2623	2.1858	3.0489e-09
-1.2623	2.24	1.3615e-09
-1.2623	2.2942	5.047e-10
-1.2623	2.3484	2.6894e-10
-1.2623	2.4026	6.0419e-10
-1.2623	2.4568	1.5826e-09
-1.2266	-2.4748	2.5874e-07
-1.2266	-2.4206	3.4574e-07
-1.2266	-2.3665	2.1765e-07
-1.2266	-2.3123	5.1171e-08
-1.2266	-2.2581	2.3953e-09
-1.2266	-2.2039	9.1066e-09
-1.2266	-2.1497	5.0095e-09
-1.2266	-2.0955	5.6894e-10
-1.2266	-2.0413	4.8893e-10
-1.2266	-1.9871	3.3098e-10
-1.2266	-1.9329	2.5092e-10
-1.2266	-1.8787	2.5289e-10
-1.2266	-1.8245	3.1782e-10
-1.2266	-1.7703	2.5475e-10
-1.2266	-1.7161	6.1281e-10
-1.2266	-1.6619	2.0333e-09
-1.2266	-1.6077	1.0443e-09
-1.2266	-1.5535	4.1605e-09
-1.2266	-1.4994	1.5956e-08
-1.2266	-1.4452	5.8497e-09
-1.2266	-1.391	5.153e-08
-1.2266	-1.3368	1.5666e-07
-1.2266	-1.2826	4.3713e-08
-1.2266	-1.2284	8.0949e-07
-1.2266	-1.1742	4.7911e-06
-1.2266	-1.12	9.9301e-06
-1.2266	-1.0658	9.8748e-06
-1.2266	-1.0116	4.4162e-06
-1.2266	-0.95742	4.6208e-07
-1.2266	-0.90323	4.2569e-07
-1.2266	-0.84903	7.7504e-07
-1.2266	-0.79484	2.3316e-07
-1.2266	-0.74065	9.0486e-08
-1.2266	-0.68645	3.276e-07
-1.2266	-0.63226	3.4837e-07
-1.2266	-0.57806	3.462e-07
-1.2266	-0.52387	7.5089e-07
-1.2266	-0.46968	2.5009e-06
-1.2266	-0.41548	8.059e-06
-1.2266	-0.36129	1.5598e-05
-1.2266	-0.3071	1.2021e-05
-1.2266	-0.2529	4.0668e-06
-1.2266	-0.19871	3.7894e-05
-1.2266	-0.14452	6.4033e-05
-1.2266	-0.090324	7.1109e-05
-1.2266	-0.036129	0.0033854
-1.2266	0.018065	0.0033665
-1.2266	0.072258	0.003932
-1.2266	0.12645	0.039315
-1.2266	0.18065	0.036903
-1.2266	0.23484	0.022681
-1.2266	0.28903	0.0093015
-1.2266	0.34323	0.0016392
-1.2266	0.39742	0.00012494
-1.2266	0.45161	0.00061611
-1.2266	0.50581	0.00034684
-1.2266	0.56	4.7921e-05
-1.2266	0.61419	0.00045287
-1.2266	0.66839	0.00046252
-1.2266	0.72258	0.00012615
-1.2266	0.77677	0.0017341
-1.2266	0.83097	0.0012716
-1.2266	0.88516	0.00018432
-1.2266	0.93935	0.0013289
-1.2266	0.99354	0.00048409
-1.2266	1.0477	1.8295e-05
-1.2266	1.1019	4.5301e-05
-1.2266	1.1561	3.4349e-05
-1.2266	1.2103	3.8934e-06
-1.2266	1.2645	5.0577e-06
-1.2266	1.3187	6.7207e-06
-1.2266	1.3729	1.5597e-06
-1.2266	1.4271	1.9729e-05
-1.2266	1.4813	6.7833e-05
-1.2266	1.5355	9.4714e-05
-1.2266	1.5897	6.4695e-05
-1.2266	1.6439	1.847e-05
-1.2266	1.6981	8.5674e-07
-1.2266	1.7523	1.8548e-06
-1.2266	1.8065	1.4073e-06
-1.2266	1.8606	9.4361e-08
-1.2266	1.9148	3.1125e-07
-1.2266	1.969	2.4443e-07
-1.2266	2.0232	1.6339e-08
-1.2266	2.0774	5.2008e-08
-1.2266	2.1316	3.7517e-08
-1.2266	2.1858	2.7675e-09
-1.2266	2.24	1.6781e-09
-1.2266	2.2942	5.2481e-10
-1.2266	2.3484	4.396e-10
-1.2266	2.4026	2.3143e-09
-1.2266	2.4568	7.7307e-09
-1.1909	-2.4748	2.0888e-07
-1.1909	-2.4206	2.942e-07
-1.1909	-2.3665	1.9288e-07
-1.1909	-2.3123	4.3661e-08
-1.1909	-2.2581	3.5833e-09
-1.1909	-2.2039	1.5008e-08
-1.1909	-2.1497	7.3529e-09
-1.1909	-2.0955	1.0223e-09
-1.1909	-2.0413	1.9505e-09
-1.1909	-1.9871	8.5169e-10
-1.1909	-1.9329	1.5192e-10
-1.1909	-1.8787	1.076e-10
-1.1909	-1.8245	1.5019e-10
-1.1909	-1.7703	2.7442e-10
-1.1909	-1.7161	7.1302e-10
-1.1909	-1.6619	6.7742e-10
-1.1909	-1.6077	5.9039e-10
-1.1909	-1.5535	2.769e-09
-1.1909	-1.4994	5.5296e-09
-1.1909	-1.4452	2.1143e-09
-1.1909	-1.391	3.7727e-08
-1.1909	-1.3368	9.5488e-08
-1.1909	-1.2826	2.8689e-08
-1.1909	-1.2284	9.4534e-07
-1.1909	-1.1742	5.2365e-06
-1.1909	-1.12	1.1026e-05
-1.1909	-1.0658	1.1218e-05
-1.1909	-1.0116	4.9237e-06
-1.1909	-0.95742	4.197e-07
-1.1909	-0.90323	9.2439e-07
-1.1909	-0.84903	1.3645e-06
-1.1909	-0.79484	3.1638e-07
-1.1909	-0.74065	4.4241e-07
-1.1909	-0.68645	1.1257e-06
-1.1909	-0.63226	9.418e-07
-1.1909	-0.57806	9.155e-07
-1.1909	-0.52387	1.7449e-06
-1.1909	-0.46968	4.2422e-06
-1.1909	-0.41548	1.0421e-05
-1.1909	-0.36129	1.6287e-05
-1.1909	-0.3071	1.0088e-05
-1.1909	-0.2529	1.7846e-05
-1.1909	-0.19871	0.00024358
-1.1909	-0.14452	0.000894
-1.1909	-0.090324	0.00073691
-1.1909	-0.036129	0.0022383
-1.1909	0.018065	0.00034507
-1.1909	0.072258	0.00031659
-1.1909	0.12645	0.0020838
-1.1909	0.18065	0.0038799
-1.1909	0.23484	0.0035891
-1.1909	0.28903	0.0016781
-1.1909	0.34323	0.00026158
-1.1909	0.39742	5.1847e-05
-1.1909	0.45161	0.00016337
-1.1909	0.50581	6.8035e-05
-1.1909	0.56	1.1732e-05
-1.1909	0.61419	6.8201e-05
-1.1909	0.66839	4.6448e-05
-1.1909	0.72258	7.8378e-06
-1.1909	0.77677	6.8675e-05
-1.1909	0.83097	6.4018e-05
-1.1909	0.88516	2.3848e-05
-1.1909	0.93935	0.00042284
-1.1909	0.99354	0.00086219
-1.1909	1.0477	0.00021314
-1.1909	1.1019	0.0011706
-1.1909	1.1561	0.0004605
-1.1909	1.2103	1.4028e-05
-1.1909	1.2645	5.5512e-05
-1.1909	1.3187	3.3353e-05
-1.1909	1.3729	3.2783e-06
-1.1909	1.4271	3.2476e-05
-1.1909	1.4813	6.5706e-05
-1.1909	1.5355	6.1778e-05
-1.1909	1.5897	3.3316e-05
-1.1909	1.6439	8.3238e-06
-1.1909	1.6981	3.6595e-07
-1.1909	1.7523	1.1407e-06
-1.1909	1.8065	8.1153e-07
-1.1909	1.8606	5.3565e-08
-1.1909	1.9148	2.1382e-07
-1.1909	1.969	1.6194e-07
-1.1909	2.0232	1.0644e-08
-1.1909	2.0774	4.3898e-08
-1.1909	2.1316	2.914e-08
-1.1909	2.1858	1.7981e-09
-1.1909	2.24	1.3967e-09
-1.1909	2.2942	5.0258e-10
-1.1909	2.3484	4.5931e-10
-1.1909	2.4026	5.4763e-09
-1.1909	2.4568	1.5537e-08
-1.1552	-2.4748	7.499e-08
-1.1552	-2.4206	1.2305e-07
-1.1552	-2.3665	8.8863e-08
-1.1552	-2.3123	1.9508e-08
-1.1552	-2.2581	3.7869e-09
-1.1552	-2.2039	1.3166e-08
-1.1552	-2.1497	5.6358e-09
-1.1552	-2.0955	1.5944e-09
-1.1552	-2.0413	3.2971e-09
-1.1552	-1.9871	1.176e-09
-1.1552	-1.9329	8.7654e-11
-1.1552	-1.8787	7.3154e-11
-1.1552	-1.8245	1.7462e-10
-1.1552	-1.7703	3.2514e-10
-1.1552	-1.7161	1.2822e-09
-1.1552	-1.6619	9.3368e-10
-1.1552	-1.6077	1.1488e-09
-1.1552	-1.5535	6.22e-09
-1.1552	-1.4994	5.1715e-09
-1.1552	-1.4452	1.6817e-09
-1.1552	-1.391	1.5339e-08
-1.1552	-1.3368	2.82e-08
-1.1552	-1.2826	1.6914e-08
-1.1552	-1.2284	6.0376e-07
-1.1552	-1.1742	3.3063e-06
-1.1552	-1.12	7.3182e-06
-1.1552	-1.0658	7.7771e-06
-1.1552	-1.0116	3.3626e-06
-1.1552	-0.95742	2.5018e-07
-1.1552	-0.90323	1.1638e-06
-1.1552	-0.84903	1.4379e-06
-1.1552	-0.79484	2.756e-07
-1.1552	-0.74065	1.0648e-06
-1.1552	-0.68645	2.2612e-06
-1.1552	-0.63226	1.711e-06
-1.1552	-0.57806	2.3277e-06
-1.1552	-0.52387	4.6995e-06
-1.1552	-0.46968	6.6915e-06
-1.1552	-0.41548	1.2431e-05
-1.1552	-0.36129	1.9508e-05
-1.1552	-0.3071	9.4337e-06
-1.1552	-0.2529	0.00054787
-1.1552	-0.19871	0.0017463
-1.1552	-0.14452	0.00020053
-1.1552	-0.090324	3.1729e-05
-1.1552	-0.036129	8.8629e-05
-1.1552	0.018065	2.8001e-05
-1.1552	0.072258	0.00010468
-1.1552	0.12645	0.00067443
-1.1552	0.18065	0.0013526
-1.1552	0.23484	0.001318
-1.1552	0.28903	0.00060875
-1.1552	0.34323	7.6896e-05
-1.1552	0.39742	3.877e-05
-1.1552	0.45161	8.5308e-05
-1.1552	0.50581	2.5743e-05
-1.1552	0.56	1.1031e-05
-1.1552	0.61419	3.746e-05
-1.1552	0.66839	1.7706e-05
-1.1552	0.72258	5.169e-06
-1.1552	0.77677	2.6108e-05
-1.1552	0.83097	1.7595e-05
-1.1552	0.88516	4.6619e-06
-1.1552	0.93935	3.8276e-05
-1.1552	0.99354	4.1123e-05
-1.1552	1.0477	2.7641e-05
-1.1552	1.1019	0.00026144
-1.1552	1.1561	0.00052143
-1.1552	1.2103	0.00027246
-1.1552	1.2645	0.001447
-1.1552	1.3187	0.00034217
-1.1552	1.3729	3.2756e-05
-1.1552	1.4271	0.00022241
-1.1552	1.4813	0.00029293
-1.1552	1.5355	0.00017864
-1.1552	1.5897	5.6775e-05
-1.1552	1.6439	7.4648e-06
-1.1552	1.6981	3.0382e-07
-1.1552	1.7523	9.4929e-07
-1.1552	1.8065	4.8458e-07
-1.1552	1.8606	2.9622e-08
-1.1552	1.9148	1.0576e-07
-1.1552	1.969	8.1522e-08
-1.1552	2.0232	5.7174e-09
-1.1552	2.0774	2.4715e-08
-1.1552	2.1316	1.6072e-08
-1.1552	2.1858	9.2348e-10
-1.1552	2.24	7.7247e-10
-1.1552	2.2942	4.2017e-10
-1.1552	2.3484	4.3296e-10
-1.1552	2.4026	8.1298e-09
-1.1552	2.4568	1.8187e-08
-1.1194	-2.4748	9.49e-09
-1.1194	-2.4206	1.1302e-08
-1.1194	-2.3665	1.094e-08
-1.1194	-2.3123	2.9087e-09
-1.1194	-2.2581	1.9973e-09
-1.1194	-2.2039	5.4545e-09
-1.1194	-2.1497	2.3296e-09
-1.1194	-2.0955	1.9513e-09
-1.1194	-2.0413	3.112e-09
-1.1194	-1.9871	8.9718e-10
-1.1194	-1.9329	7.5333e-11
-1.1194	-1.8787	1.439e-10
-1.1194	-1.8245	2.9594e-10
-1.1194	-1.7703	3.1973e-10
-1.1194	-1.7161	2.3052e-09
-1.1194	-1.6619	2.3249e-09
-1.1194	-1.6077	2.4618e-09
-1.1194	-1.5535	1.5516e-08
-1.1194	-1.4994	1.4129e-08
-1.1194	-1.4452	4.7758e-09
-1.1194	-1.391	2.7211e-08
-1.1194	-1.3368	2.4083e-08
-1.1194	-1.2826	9.5451e-09
-1.1194	-1.2284	1.8653e-07
-1.1194	-1.1742	9.319e-07
-1.1194	-1.12	2.2701e-06
-1.1194	-1.0658	2.7119e-06
-1.1194	-1.0116	1.2166e-06
-1.1194	-0.95742	1.0534e-07
-1.1194	-0.90323	8.3152e-07
-1.1194	-0.84903	8.8034e-07
-1.1194	-0.79484	1.9129e-07
-1.1194	-0.74065	1.5173e-06
-1.1194	-0.68645	2.9582e-06
-1.1194	-0.63226	2.4433e-06
-1.1194	-0.57806	4.6253e-06
-1.1194	-0.52387	9.4465e-06
-1.1194	-0.46968	9.2116e-06
-1.1194	-0.41548	2.3747e-05
-1.1194	-0.36129	0.00023798
-1.1194	-0.3071	0.00013344
-1.1194	-0.2529	0.00017129
-1.1194	-0.19871	6.7073e-05
-1.1194	-0.14452	9.6032e-06
-1.1194	-0.090324	8.8788e-06
-1.1194	-0.036129	2.0227e-05
-1.1194	0.018065	5.0469e-06
-1.1194	0.072258	3.8101e-05
-1.1194	0.12645	0.0002221
-1.1194	0.18065	0.00045018
-1.1194	0.23484	0.00044848
-1.1194	0.28903	0.00020294
-1.1194	0.34323	2.0363e-05
-1.1194	0.39742	2.4573e-05
-1.1194	0.45161	4.1621e-05
-1.1194	0.50581	8.9846e-06
-1.1194	0.56	1.0464e-05
-1.1194	0.61419	2.4513e-05
-1.1194	0.66839	7.9971e-06
-1.1194	0.72258	5.6662e-06
-1.1194	0.77677	1.8835e-05
-1.1194	0.83097	9.7635e-06
-1.1194	0.88516	6.2935e-06
-1.1194	0.93935	2.3503e-05
-1.1194	0.99354	1.9097e-05
-1.1194	1.0477	5.7043e-06
-1.1194	1.1019	2.2588e-05
-1.1194	1.1561	1.9638e-05
-1.1194	1.2103	4.9268e-05
-1.1194	1.2645	0.00062363
-1.1194	1.3187	0.000908
-1.1194	1.3729	0.00099505
-1.1194	1.4271	0.0032783
-1.1194	1.4813	0.0018702
-1.1194	1.5355	0.00076488
-1.1194	1.5897	0.00018627
-1.1194	1.6439	1.7133e-05
-1.1194	1.6981	8.8168e-07
-1.1194	1.7523	2.0821e-06
-1.1194	1.8065	5.6575e-07
-1.1194	1.8606	3.841e-08
-1.1194	1.9148	1.0468e-07
-1.1194	1.969	5.2214e-08
-1.1194	2.0232	3.0952e-09
-1.1194	2.0774	9.9315e-09
-1.1194	2.1316	6.6258e-09
-1.1194	2.1858	4.5623e-10
-1.1194	2.24	3.5493e-10
-1.1194	2.2942	2.3447e-10
-1.1194	2.3484	5.5976e-10
-1.1194	2.4026	8.1585e-09
-1.1194	2.4568	1.4009e-08
-1.0837	-2.4748	1.2135e-07
-1.0837	-2.4206	8.2439e-08
-1.0837	-2.3665	2.4915e-08
-1.0837	-2.3123	2.4628e-09
-1.0837	-2.2581	2.6383e-10
-1.0837	-2.2039	7.4868e-10
-1.0837	-2.1497	9.4881e-10
-1.0837	-2.0955	1.5976e-09
-1.0837	-2.0413	1.6216e-09
-1.0837	-1.9871	3.7474e-10
-1.0837	-1.9329	1.0015e-10
-1.0837	-1.8787	2.279e-10
-1.0837	-1.8245	3.3193e-10
-1.0837	-1.7703	2.7377e-10
-1.0837	-1.7161	2.953e-09
-1.0837	-1.6619	3.1474e-09
-1.0837	-1.6077	3.6599e-09
-1.0837	-1.5535	2.3909e-08
-1.0837	-1.4994	2.0892e-08
-1.0837	-1.4452	1.3957e-08
-1.0837	-1.391	8.9987e-08
-1.0837	-1.3368	7.6047e-08
-1.0837	-1.2826	4.1656e-08
-1.0837	-1.2284	5.1313e-07
-1.0837	-1.1742	1.1408e-06
-1.0837	-1.12	1.0732e-06
-1.0837	-1.0658	5.7348e-07
-1.0837	-1.0116	1.7199e-07
-1.0837	-0.95742	2.3604e-08
-1.0837	-0.90323	2.3915e-07
-1.0837	-0.84903	2.2649e-07
-1.0837	-0.79484	1.392e-07
-1.0837	-0.74065	1.3584e-06
-1.0837	-0.68645	2.761e-06
-1.0837	-0.63226	3.0817e-06
-1.0837	-0.57806	7.28e-06
-1.0837	-0.52387	1.5379e-05
-1.0837	-0.46968	1.2513e-05
-1.0837	-0.41548	0.00048539
-1.0837	-0.36129	0.0012019
-1.0837	-0.3071	1.8076e-05
-1.0837	-0.2529	2.2362e-05
-1.0837	-0.19871	2.5428e-05
-1.0837	-0.14452	4.0329e-06
-1.0837	-0.090324	8.4678e-06
-1.0837	-0.036129	1.4693e-05
-1.0837	0.018065	2.4974e-06
-1.0837	0.072258	2.4269e-05
-1.0837	0.12645	0.00010044
-1.0837	0.18065	0.00016212
-1.0837	0.23484	0.00013934
-1.0837	0.28903	5.6033e-05
-1.0837	0.34323	4.2779e-06
-1.0837	0.39742	1.0707e-05
-1.0837	0.45161	1.4826e-05
-1.0837	0.50581	2.204e-06
-1.0837	0.56	6.98e-06
-1.0837	0.61419	1.2573e-05
-1.0837	0.66839	2.7745e-06
-1.0837	0.72258	4.9514e-06
-1.0837	0.77677	1.2308e-05
-1.0837	0.83097	5.835e-06
-1.0837	0.88516	9.8365e-06
-1.0837	0.93935	2.2465e-05
-1.0837	0.99354	1.3015e-05
-1.0837	1.0477	1.5362e-06
-1.0837	1.1019	9.0475e-06
-1.0837	1.1561	7.7274e-06
-1.0837	1.2103	1.1854e-05
-1.0837	1.2645	5.3755e-05
-1.0837	1.3187	3.5962e-05
-1.0837	1.3729	0.00032415
-1.0837	1.4271	0.0076845
-1.0837	1.4813	0.017735
-1.0837	1.5355	0.0091313
-1.0837	1.5897	0.0009142
-1.0837	1.6439	4.9996e-05
-1.0837	1.6981	2.8945e-06
-1.0837	1.7523	5.2027e-06
-1.0837	1.8065	9.634e-07
-1.0837	1.8606	1.1141e-07
-1.0837	1.9148	2.5705e-07
-1.0837	1.969	7.0708e-08
-1.0837	2.0232	4.386e-09
-1.0837	2.0774	9.5119e-09
-1.0837	2.1316	3.0365e-09
-1.0837	2.1858	4.6989e-10
-1.0837	2.24	3.0194e-10
-1.0837	2.2942	1.182e-10
-1.0837	2.3484	7.7933e-10
-1.0837	2.4026	5.6426e-09
-1.0837	2.4568	7.4939e-09
-1.048	-2.4748	3.4581e-07
-1.048	-2.4206	2.755e-07
-1.048	-2.3665	9.833e-08
-1.048	-2.3123	8.7664e-09
-1.048	-2.2581	3.009e-09
-1.048	-2.2039	5.0183e-09
-1.048	-2.1497	2.0178e-09
-1.048	-2.0955	7.7106e-10
-1.048	-2.0413	3.8775e-10
-1.048	-1.9871	9.7073e-11
-1.048	-1.9329	1.1116e-10
-1.048	-1.8787	2.2873e-10
-1.048	-1.8245	2.382e-10
-1.048	-1.7703	2.197e-10
-1.048	-1.7161	2.4071e-09
-1.048	-1.6619	2.5187e-09
-1.048	-1.6077	3.5199e-09
-1.048	-1.5535	2.2513e-08
-1.048	-1.4994	1.7524e-08
-1.048	-1.4452	2.7739e-08
-1.048	-1.391	1.5713e-07
-1.048	-1.3368	1.1382e-07
-1.048	-1.2826	1.646e-07
-1.048	-1.2284	1.8585e-06
-1.048	-1.1742	4.6834e-06
-1.048	-1.12	5.1377e-06
-1.048	-1.0658	2.6123e-06
-1.048	-1.0116	4.52e-07
-1.048	-0.95742	3.0719e-08
-1.048	-0.90323	9.6676e-08
-1.048	-0.84903	5.8567e-08
-1.048	-0.79484	1.1164e-07
-1.048	-0.74065	6.9619e-07
-1.048	-0.68645	1.9437e-06
-1.048	-0.63226	3.7113e-06
-1.048	-0.57806	9.6709e-06
-1.048	-0.52387	2.5483e-05
-1.048	-0.46968	5.2548e-05
-1.048	-0.41548	0.00023865
-1.048	-0.36129	4.4382e-05
-1.048	-0.3071	2.6481e-06
-1.048	-0.2529	1.0997e-05
-1.048	-0.19871	1.3631e-05
-1.048	-0.14452	2.0203e-06
-1.048	-0.090324	1.1074e-05
-1.048	-0.036129	1.6044e-05
-1.048	0.018065	2.6337e-06
-1.048	0.072258	4.4845e-05
-1.048	0.12645	0.00014757
-1.048	0.18065	0.00018867
-1.048	0.23484	0.00012064
-1.048	0.28903	3.4575e-05
-1.048	0.34323	1.8184e-06
-1.048	0.39742	4.2141e-06
-1.048	0.45161	4.7033e-06
-1.048	0.50581	5.3443e-07
-1.048	0.56	2.7255e-06
-1.048	0.61419	4.1886e-06
-1.048	0.66839	6.5672e-07
-1.048	0.72258	2.7697e-06
-1.048	0.77677	5.554e-06
-1.048	0.83097	3.904e-06
-1.048	0.88516	1.1366e-05
-1.048	0.93935	1.8311e-05
-1.048	0.99354	7.6078e-06
-1.048	1.0477	1.2215e-06
-1.048	1.1019	8.1573e-06
-1.048	1.1561	5.2752e-06
-1.048	1.2103	5.3918e-06
-1.048	1.2645	1.9772e-05
-1.048	1.3187	8.5287e-06
-1.048	1.3729	6.0918e-05
-1.048	1.4271	0.0005974
-1.048	1.4813	0.0025482
-1.048	1.5355	0.0087572
-1.048	1.5897	0.0055627
-1.048	1.6439	0.00049584
-1.048	1.6981	1.3166e-05
-1.048	1.7523	1.4862e-05
-1.048	1.8065	1.9265e-06
-1.048	1.8606	2.7878e-07
-1.048	1.9148	5.3837e-07
-1.048	1.969	1.1169e-07
-1.048	2.0232	1.048e-08
-1.048	2.0774	2.0991e-08
-1.048	2.1316	3.3423e-09
-1.048	2.1858	7.6711e-10
-1.048	2.24	3.1576e-10
-1.048	2.2942	4.0413e-10
-1.048	2.3484	7.9618e-10
-1.048	2.4026	3.2608e-09
-1.048	2.4568	4.1073e-09
-1.0122	-2.4748	4.8696e-07
-1.0122	-2.4206	4.0692e-07
-1.0122	-2.3665	1.4802e-07
-1.0122	-2.3123	1.0993e-08
-1.0122	-2.2581	1.1078e-08
-1.0122	-2.2039	1.4567e-08
-1.0122	-2.1497	3.3884e-09
-1.0122	-2.0955	4.4638e-10
-1.0122	-2.0413	5.1823e-10
-1.0122	-1.9871	1.3834e-10
-1.0122	-1.9329	8.5549e-11
-1.0122	-1.8787	1.5104e-10
-1.0122	-1.8245	1.4381e-10
-1.0122	-1.7703	1.6923e-10
-1.0122	-1.7161	1.0436e-09
-1.0122	-1.6619	1.1654e-09
-1.0122	-1.6077	1.688e-09
-1.0122	-1.5535	1.1278e-08
-1.0122	-1.4994	8.2806e-09
-1.0122	-1.4452	3.3885e-08
-1.0122	-1.391	1.5826e-07
-1.0122	-1.3368	9.2775e-08
-1.0122	-1.2826	3.3226e-07
-1.0122	-1.2284	3.2592e-06
-1.0122	-1.1742	8.5726e-06
-1.0122	-1.12	1.0328e-05
-1.0122	-1.0658	5.8485e-06
-1.0122	-1.0116	1.0434e-06
-1.0122	-0.95742	2.1478e-07
-1.0122	-0.90323	7.1924e-07
-1.0122	-0.84903	4.1207e-07
-1.0122	-0.79484	1.6195e-07
-1.0122	-0.74065	3.4192e-07
-1.0122	-0.68645	1.322e-06
-1.0122	-0.63226	4.7807e-06
-1.0122	-0.57806	1.5496e-05
-1.0122	-0.52387	0.00011477
-1.0122	-0.46968	3.0301e-05
-1.0122	-0.41548	1.0396e-05
-1.0122	-0.36129	7.0205e-06
-1.0122	-0.3071	6.6548e-07
-1.0122	-0.2529	4.9455e-06
-1.0122	-0.19871	5.7554e-06
-1.0122	-0.14452	1.1271e-06
-1.0122	-0.090324	1.0765e-05
-1.0122	-0.036129	1.3021e-05
-1.0122	0.018065	3.5997e-06
-1.0122	0.072258	7.1053e-05
-1.0122	0.12645	0.00022254
-1.0122	0.18065	0.00028686
-1.0122	0.23484	0.00018158
-1.0122	0.28903	4.7442e-05
-1.0122	0.34323	2.0837e-06
-1.0122	0.39742	6.7246e-06
-1.0122	0.45161	5.4893e-06
-1.0122	0.50581	5.7425e-07
-1.0122	0.56	9.7181e-07
-1.0122	0.61419	1.6156e-06
-1.0122	0.66839	5.5113e-07
-1.0122	0.72258	7.5249e-07
-1.0122	0.77677	1.4945e-06
-1.0122	0.83097	3.457e-06
-1.0122	0.88516	9.7148e-06
-1.0122	0.93935	1.1339e-05
-1.0122	0.99354	3.3438e-06
-1.0122	1.0477	1.6695e-06
-1.0122	1.1019	6.5894e-06
-1.0122	1.1561	2.9251e-06
-1.0122	1.2103	3.9611e-06
-1.0122	1.2645	1.2749e-05
-1.0122	1.3187	4.0892e-06
-1.0122	1.3729	3.5974e-05
-1.0122	1.4271	0.00023266
-1.0122	1.4813	0.00055228
-1.0122	1.5355	0.00074045
-1.0122	1.5897	0.00061693
-1.0122	1.6439	0.00021139
-1.0122	1.6981	0.00015047
-1.0122	1.7523	0.00015798
-1.0122	1.8065	8.031e-06
-1.0122	1.8606	7.1453e-07
-1.0122	1.9148	1.0961e-06
-1.0122	1.969	1.8488e-07
-1.0122	2.0232	2.0569e-08
-1.0122	2.0774	3.9239e-08
-1.0122	2.1316	6.4981e-09
-1.0122	2.1858	7.1161e-10
-1.0122	2.24	3.6822e-10
-1.0122	2.2942	1.1231e-09
-1.0122	2.3484	5.9553e-10
-1.0122	2.4026	3.8666e-09
-1.0122	2.4568	4.8998e-09
-0.97652	-2.4748	4.0854e-07
-0.97652	-2.4206	3.5501e-07
-0.97652	-2.3665	1.2821e-07
-0.97652	-2.3123	7.8642e-09
-0.97652	-2.2581	1.8385e-08
-0.97652	-2.2039	2.0117e-08
-0.97652	-2.1497	3.3206e-09
-0.97652	-2.0955	1.1176e-09
-0.97652	-2.0413	1.5437e-09
-0.97652	-1.9871	2.469e-10
-0.97652	-1.9329	5.6028e-11
-0.97652	-1.8787	1.0902e-10
-0.97652	-1.8245	1.6298e-10
-0.97652	-1.7703	2.201e-10
-0.97652	-1.7161	3.373e-10
-0.97652	-1.6619	2.9701e-10
-0.97652	-1.6077	2.2536e-10
-0.97652	-1.5535	1.5699e-09
-0.97652	-1.4994	2.265e-09
-0.97652	-1.4452	2.1356e-08
-0.97652	-1.391	8.3832e-08
-0.97652	-1.3368	4.0112e-08
-0.97652	-1.2826	3.6601e-07
-0.97652	-1.2284	3.23e-06
-0.97652	-1.1742	8.7632e-06
-0.97652	-1.12	1.1135e-05
-0.97652	-1.0658	6.5401e-06
-0.97652	-1.0116	1.0746e-06
-0.97652	-0.95742	5.3926e-07
-0.97652	-0.90323	1.5708e-06
-0.97652	-0.84903	8.3604e-07
-0.97652	-0.79484	5.3132e-07
-0.97652	-0.74065	1.3685e-06
-0.97652	-0.68645	1.792e-06
-0.97652	-0.63226	1.0827e-05
-0.97652	-0.57806	0.00036831
-0.97652	-0.52387	6.0357e-05
-0.97652	-0.46968	1.3463e-06
-0.97652	-0.41548	2.0213e-06
-0.97652	-0.36129	9.1886e-07
-0.97652	-0.3071	2.7473e-07
-0.97652	-0.2529	1.53e-06
-0.97652	-0.19871	1.4576e-06
-0.97652	-0.14452	7.4566e-07
-0.97652	-0.090324	6.7531e-06
-0.97652	-0.036129	6.7701e-06
-0.97652	0.018065	4.4408e-06
-0.97652	0.072258	7.3668e-05
-0.97652	0.12645	0.00022478
-0.97652	0.18065	0.00029696
-0.97652	0.23484	0.00019157
-0.97652	0.28903	4.7453e-05
-0.97652	0.34323	2.5369e-06
-0.97652	0.39742	1.2546e-05
-0.97652	0.45161	8.3608e-06
-0.97652	0.50581	7.947e-07
-0.97652	0.56	2.6572e-06
-0.97652	0.61419	3.1629e-06
-0.97652	0.66839	1.1462e-06
-0.97652	0.72258	5.3212e-07
-0.97652	0.77677	1.0781e-06
-0.97652	0.83097	3.3061e-06
-0.97652	0.88516	6.1654e-06
-0.97652	0.93935	5.041e-06
-0.97652	0.99354	1.0197e-06
-0.97652	1.0477	1.6401e-06
-0.97652	1.1019	3.8768e-06
-0.97652	1.1561	1.1735e-06
-0.97652	1.2103	3.1778e-06
-0.97652	1.2645	8.0895e-06
-0.97652	1.3187	1.9947e-06
-0.97652	1.3729	2.7889e-05
-0.97652	1.4271	0.00014363
-0.97652	1.4813	0.00027554
-0.97652	1.5355	0.00027274
-0.97652	1.5897	0.00013305
-0.97652	1.6439	1.6669e-05
-0.97652	1.6981	3.7207e-05
-0.97652	1.7523	0.0001728
-0.97652	1.8065	4.6856e-05
-0.97652	1.8606	6.972e-06
-0.97652	1.9148	4.2396e-06
-0.97652	1.969	4.4207e-07
-0.97652	2.0232	4.8936e-08
-0.97652	2.0774	7.877e-08
-0.97652	2.1316	1.4895e-08
-0.97652	2.1858	4.5067e-10
-0.97652	2.24	1.2379e-09
-0.97652	2.2942	1.7326e-09
-0.97652	2.3484	9.4749e-10
-0.97652	2.4026	7.8019e-09
-0.97652	2.4568	6.6065e-09
-0.9408	-2.4748	1.8061e-07
-0.9408	-2.4206	1.742e-07
-0.9408	-2.3665	6.4661e-08
-0.9408	-2.3123	3.7724e-09
-0.9408	-2.2581	1.75e-08
-0.9408	-2.2039	1.6669e-08
-0.9408	-2.1497	2.0935e-09
-0.9408	-2.0955	1.9913e-09
-0.9408	-2.0413	2.1444e-09
-0.9408	-1.9871	2.3681e-10
-0.9408	-1.9329	6.6701e-11
-0.9408	-1.8787	1.9675e-10
-0.9408	-1.8245	2.5078e-10
-0.9408	-1.7703	5.4924e-10
-0.9408	-1.7161	1.2724e-09
-0.9408	-1.6619	3.0646e-10
-0.9408	-1.6077	2.6213e-09
-0.9408	-1.5535	4.5895e-09
-0.9408	-1.4994	1.9688e-09
-0.9408	-1.4452	3.1747e-09
-0.9408	-1.391	1.1425e-08
-0.9408	-1.3368	6.5699e-09
-0.9408	-1.2826	1.7337e-07
-0.9408	-1.2284	1.553e-06
-0.9408	-1.1742	4.6831e-06
-0.9408	-1.12	6.5426e-06
-0.9408	-1.0658	4.0333e-06
-0.9408	-1.0116	5.9704e-07
-0.9408	-0.95742	7.0814e-07
-0.9408	-0.90323	1.7694e-06
-0.9408	-0.84903	9.6447e-07
-0.9408	-0.79484	1.4982e-06
-0.9408	-0.74065	4.5301e-06
-0.9408	-0.68645	4.4964e-06
-0.9408	-0.63226	0.00020572
-0.9408	-0.57806	0.00028913
-0.9408	-0.52387	4.9963e-06
-0.9408	-0.46968	1.503e-06
-0.9408	-0.41548	2.1167e-06
-0.9408	-0.36129	3.6105e-07
-0.9408	-0.3071	4.3647e-07
-0.9408	-0.2529	9.6172e-07
-0.9408	-0.19871	3.9675e-07
-0.9408	-0.14452	4.0396e-07
-0.9408	-0.090324	2.3052e-06
-0.9408	-0.036129	1.8559e-06
-0.9408	0.018065	3.4871e-06
-0.9408	0.072258	4.675e-05
-0.9408	0.12645	0.00014357
-0.9408	0.18065	0.00019757
-0.9408	0.23484	0.00013064
-0.9408	0.28903	3.031e-05
-0.9408	0.34323	2.9157e-06
-0.9408	0.39742	1.4372e-05
-0.9408	0.45161	7.9592e-06
-0.9408	0.50581	1.0746e-06
-0.9408	0.56	5.5702e-06
-0.9408	0.61419	5.1722e-06
-0.9408	0.66839	1.6798e-06
-0.9408	0.72258	2.1035e-06
-0.9408	0.77677	2.5818e-06
-0.9408	0.83097	2.6e-06
-0.9408	0.88516	2.9499e-06
-0.9408	0.93935	1.5936e-06
-0.9408	0.99354	2.3775e-07
-0.9408	1.0477	1.2683e-06
-0.9408	1.1019	1.7716e-06
-0.9408	1.1561	3.7933e-07
-0.9408	1.2103	1.9896e-06
-0.9408	1.2645	3.8846e-06
-0.9408	1.3187	8.9472e-07
-0.9408	1.3729	1.8875e-05
-0.9408	1.4271	8.367e-05
-0.9408	1.4813	0.00014478
-0.9408	1.5355	0.00012543
-0.9408	1.5897	4.8559e-05
-0.9408	1.6439	3.7729e-06
-0.9408	1.6981	1.0483e-05
-0.9408	1.7523	1.729e-05
-0.9408	1.8065	4.7359e-06
-0.9408	1.8606	2.5338e-05
-0.9408	1.9148	4.0271e-05
-0.9408	1.969	3.0663e-06
-0.9408	2.0232	2.6436e-07
-0.9408	2.0774	2.2656e-07
-0.9408	2.1316	3.7668e-08
-0.9408	2.1858	4.7946e-09
-0.9408	2.24	4.0794e-09
-0.9408	2.2942	1.6533e-09
-0.9408	2.3484	3.5545e-09
-0.9408	2.4026	1.3417e-08
-0.9408	2.4568	6.344e-09
-0.90507	-2.4748	1.9568e-08
-0.90507	-2.4206	2.8043e-08
-0.90507	-2.3665	1.3422e-08
-0.90507	-2.3123	1.1929e-09
-0.90507	-2.2581	8.7312e-09
-0.90507	-2.2039	7.9553e-09
-0.90507	-2.1497	8.8462e-10
-0.90507	-2.0955	1.8868e-09
-0.90507	-2.0413	1.6735e-09
-0.90507	-1.9871	1.4393e-10
-0.90507	-1.9329	1.1818e-10
-0.90507	-1.8787	3.5787e-10
-0.90507	-1.8245	2.9209e-10
-0.90507	-1.7703	1.1235e-09
-0.90507	-1.7161	3.0699e-09
-0.90507	-1.6619	7.4461e-10
-0.90507	-1.6077	9.5082e-09
-0.90507	-1.5535	1.7924e-08
-0.90507	-1.4994	3.5063e-09
-0.90507	-1.4452	1.4208e-08
-0.90507	-1.391	2.5797e-08
-0.90507	-1.3368	5.4789e-09
-0.90507	-1.2826	3.4392e-08
-0.90507	-1.2284	1.6846e-07
-0.90507	-1.1742	6.5258e-07
-0.90507	-1.12	1.2964e-06
-0.90507	-1.0658	9.9991e-07
-0.90507	-1.0116	1.5633e-07
-0.90507	-0.95742	4.6844e-07
-0.90507	-0.90323	1.0936e-06
-0.90507	-0.84903	9.1633e-07
-0.90507	-0.79484	3.0544e-06
-0.90507	-0.74065	1.0561e-05
-0.90507	-0.68645	3.2481e-05
-0.90507	-0.63226	0.00011654
-0.90507	-0.57806	2.0512e-05
-0.90507	-0.52387	2.6715e-06
-0.90507	-0.46968	1.6826e-06
-0.90507	-0.41548	3.2056e-06
-0.90507	-0.36129	7.4308e-07
-0.90507	-0.3071	9.1555e-07
-0.90507	-0.2529	2.2606e-06
-0.90507	-0.19871	8.5683e-07
-0.90507	-0.14452	3.948e-07
-0.90507	-0.090324	1.0878e-06
-0.90507	-0.036129	4.4057e-07
-0.90507	0.018065	1.306e-06
-0.90507	0.072258	1.4408e-05
-0.90507	0.12645	4.7418e-05
-0.90507	0.18065	7.2492e-05
-0.90507	0.23484	5.1611e-05
-0.90507	0.28903	1.1393e-05
-0.90507	0.34323	2.4574e-06
-0.90507	0.39742	1.0035e-05
-0.90507	0.45161	4.6057e-06
-0.90507	0.50581	1.3575e-06
-0.90507	0.56	6.6469e-06
-0.90507	0.61419	5.2636e-06
-0.90507	0.66839	1.9598e-06
-0.90507	0.72258	3.8526e-06
-0.90507	0.77677	3.6055e-06
-0.90507	0.83097	1.466e-06
-0.90507	0.88516	1.3737e-06
-0.90507	0.93935	7.2556e-07
-0.90507	0.99354	1.4469e-07
-0.90507	1.0477	1.1437e-06
-0.90507	1.1019	1.0525e-06
-0.90507	1.1561	1.8008e-07
-0.90507	1.2103	1.0547e-06
-0.90507	1.2645	1.4699e-06
-0.90507	1.3187	4.115e-07
-0.90507	1.3729	9.3062e-06
-0.90507	1.4271	3.692e-05
-0.90507	1.4813	6.0423e-05
-0.90507	1.5355	4.8913e-05
-0.90507	1.5897	1.6357e-05
-0.90507	1.6439	9.7776e-07
-0.90507	1.6981	4.5743e-06
-0.90507	1.7523	4.6828e-06
-0.90507	1.8065	6.5139e-07
-0.90507	1.8606	3.5606e-06
-0.90507	1.9148	9.3701e-06
-0.90507	1.969	4.1501e-06
-0.90507	2.0232	4.0614e-06
-0.90507	2.0774	1.353e-06
-0.90507	2.1316	1.3564e-07
-0.90507	2.1858	3.5508e-08
-0.90507	2.24	9.8117e-09
-0.90507	2.2942	1.4487e-09
-0.90507	2.3484	1.1433e-08
-0.90507	2.4026	2.1198e-08
-0.90507	2.4568	5.2777e-09
-0.86934	-2.4748	7.2617e-08
-0.86934	-2.4206	2.2758e-08
-0.86934	-2.3665	2.1376e-09
-0.86934	-2.3123	1.2586e-10
-0.86934	-2.2581	1.1167e-09
-0.86934	-2.2039	1.4233e-09
-0.86934	-2.1497	2.3708e-10
-0.86934	-2.0955	8.1116e-10
-0.86934	-2.0413	6.876e-10
-0.86934	-1.9871	7.5326e-11
-0.86934	-1.9329	1.6295e-10
-0.86934	-1.8787	4.3317e-10
-0.86934	-1.8245	2.7269e-10
-0.86934	-1.7703	1.5052e-09
-0.86934	-1.7161	3.9072e-09
-0.86934	-1.6619	1.0428e-09
-0.86934	-1.6077	1.5817e-08
-0.86934	-1.5535	2.7215e-08
-0.86934	-1.4994	5.2249e-09
-0.86934	-1.4452	7.0152e-08
-0.86934	-1.391	1.1804e-07
-0.86934	-1.3368	2.5432e-08
-0.86934	-1.2826	4.8281e-07
-0.86934	-1.2284	1.6036e-06
-0.86934	-1.1742	1.9293e-06
-0.86934	-1.12	1.0669e-06
-0.86934	-1.0658	2.7928e-07
-0.86934	-1.0116	3.4252e-08
-0.86934	-0.95742	9.8447e-08
-0.86934	-0.90323	3.9012e-07
-0.86934	-0.84903	1.1212e-06
-0.86934	-0.79484	4.8225e-06
-0.86934	-0.74065	2.9483e-05
-0.86934	-0.68645	0.00015535
-0.86934	-0.63226	6.8339e-06
-0.86934	-0.57806	6.5916e-06
-0.86934	-0.52387	1.0992e-06
-0.86934	-0.46968	1.6102e-06
-0.86934	-0.41548	3.2344e-06
-0.86934	-0.36129	7.8318e-07
-0.86934	-0.3071	1.3807e-06
-0.86934	-0.2529	3.461e-06
-0.86934	-0.19871	1.193e-06
-0.86934	-0.14452	1.2494e-06
-0.86934	-0.090324	3.4856e-06
-0.86934	-0.036129	1.151e-06
-0.86934	0.018065	1.7893e-06
-0.86934	0.072258	8.9474e-06
-0.86934	0.12645	1.3179e-05
-0.86934	0.18065	1.2587e-05
-0.86934	0.23484	8.3736e-06
-0.86934	0.28903	1.8092e-06
-0.86934	0.34323	1.0216e-06
-0.86934	0.39742	3.5909e-06
-0.86934	0.45161	1.3624e-06
-0.86934	0.50581	1.2165e-06
-0.86934	0.56	4.8789e-06
-0.86934	0.61419	3.5923e-06
-0.86934	0.66839	1.9145e-06
-0.86934	0.72258	4.134e-06
-0.86934	0.77677	3.1035e-06
-0.86934	0.83097	5.4103e-07
-0.86934	0.88516	1.1401e-06
-0.86934	0.93935	8.9662e-07
-0.86934	0.99354	1.8409e-07
-0.86934	1.0477	1.3688e-06
-0.86934	1.1019	1.1267e-06
-0.86934	1.1561	1.8938e-07
-0.86934	1.2103	1.1215e-06
-0.86934	1.2645	1.026e-06
-0.86934	1.3187	2.8671e-07
-0.86934	1.3729	4.6373e-06
-0.86934	1.4271	1.4126e-05
-0.86934	1.4813	1.9783e-05
-0.86934	1.5355	1.4413e-05
-0.86934	1.5897	4.1763e-06
-0.86934	1.6439	2.6113e-07
-0.86934	1.6981	1.6553e-06
-0.86934	1.7523	1.2459e-06
-0.86934	1.8065	1.3782e-07
-0.86934	1.8606	1.0424e-06
-0.86934	1.9148	1.1976e-06
-0.86934	1.969	1.9533e-07
-0.86934	2.0232	2.4706e-06
-0.86934	2.0774	4.6652e-06
-0.86934	2.1316	1.4707e-06
-0.86934	2.1858	2.657e-07
-0.86934	2.24	2.1834e-08
-0.86934	2.2942	4.2203e-09
-0.86934	2.3484	3.1413e-08
-0.86934	2.4026	3.8462e-08
-0.86934	2.4568	8.0335e-09
-0.83362	-2.4748	2.6906e-07
-0.83362	-2.4206	1.168e-07
-0.83362	-2.3665	1.53e-08
-0.83362	-2.3123	1.3456e-09
-0.83362	-2.2581	2.817e-09
-0.83362	-2.2039	5.0836e-10
-0.83362	-2.1497	6.1277e-11
-0.83362	-2.0955	1.0459e-10
-0.83362	-2.0413	1.0459e-10
-0.83362	-1.9871	5.5361e-11
-0.83362	-1.9329	1.5423e-10
-0.83362	-1.8787	3.5515e-10
-0.83362	-1.8245	2.8125e-10
-0.83362	-1.7703	1.2485e-09
-0.83362	-1.7161	2.9214e-09
-0.83362	-1.6619	9.0596e-10
-0.83362	-1.6077	1.4873e-08
-0.83362	-1.5535	2.238e-08
-0.83362	-1.4994	8.9844e-09
-0.83362	-1.4452	1.326e-07
-0.83362	-1.391	1.8941e-07
-0.83362	-1.3368	7.239e-08
-0.83362	-1.2826	1.6596e-06
-0.83362	-1.2284	6.0282e-06
-0.83362	-1.1742	8.959e-06
-0.83362	-1.12	6.5185e-06
-0.83362	-1.0658	2.0173e-06
-0.83362	-1.0116	1.1078e-07
-0.83362	-0.95742	3.6507e-07
-0.83362	-0.90323	8.7184e-07
-0.83362	-0.84903	1.8485e-06
-0.83362	-0.79484	6.9894e-06
-0.83362	-0.74065	0.00017764
-0.83362	-0.68645	9.0827e-06
-0.83362	-0.63226	1.2588e-06
-0.83362	-0.57806	1.7132e-06
-0.83362	-0.52387	2.9984e-07
-0.83362	-0.46968	1.1031e-06
-0.83362	-0.41548	2.1174e-06
-0.83362	-0.36129	4.931e-07
-0.83362	-0.3071	1.3775e-06
-0.83362	-0.2529	3.1907e-06
-0.83362	-0.19871	9.3547e-07
-0.83362	-0.14452	2.6097e-06
-0.83362	-0.090324	6.3947e-06
-0.83362	-0.036129	1.7122e-06
-0.83362	0.018065	7.8753e-06
-0.83362	0.072258	3.8215e-05
-0.83362	0.12645	5.5629e-05
-0.83362	0.18065	3.6517e-05
-0.83362	0.23484	1.0467e-05
-0.83362	0.28903	7.8965e-07
-0.83362	0.34323	1.7404e-07
-0.83362	0.39742	3.8317e-07
-0.83362	0.45161	1.0611e-07
-0.83362	0.50581	5.5953e-07
-0.83362	0.56	1.9539e-06
-0.83362	0.61419	1.6711e-06
-0.83362	0.66839	1.4659e-06
-0.83362	0.72258	2.7604e-06
-0.83362	0.77677	1.6956e-06
-0.83362	0.83097	1.6883e-07
-0.83362	0.88516	1.1778e-06
-0.83362	0.93935	9.163e-07
-0.83362	0.99354	1.8989e-07
-0.83362	1.0477	1.4831e-06
-0.83362	1.1019	1.1032e-06
-0.83362	1.1561	2.9404e-07
-0.83362	1.2103	1.8964e-06
-0.83362	1.2645	1.3584e-06
-0.83362	1.3187	6.6727e-07
-0.83362	1.3729	7.4658e-06
-0.83362	1.4271	1.5988e-05
-0.83362	1.4813	1.5278e-05
-0.83362	1.5355	7.4968e-06
-0.83362	1.5897	1.4869e-06
-0.83362	1.6439	8.0392e-08
-0.83362	1.6981	4.6212e-07
-0.83362	1.7523	2.7522e-07
-0.83362	1.8065	3.5052e-08
-0.83362	1.8606	2.7545e-07
-0.83362	1.9148	2.2023e-07
-0.83362	1.969	2.6218e-08
-0.83362	2.0232	2.3695e-07
-0.83362	2.0774	4.5097e-07
-0.83362	2.1316	1.5808e-06
-0.83362	2.1858	1.6523e-06
-0.83362	2.24	9.5141e-08
-0.83362	2.2942	2.205e-08
-0.83362	2.3484	8.7119e-08
-0.83362	2.4026	8.4492e-08
-0.83362	2.4568	2.1022e-08
-0.79789	-2.4748	3.9737e-07
-0.79789	-2.4206	1.8654e-07
-0.79789	-2.3665	2.4487e-08
-0.79789	-2.3123	5.5621e-09
-0.79789	-2.2581	1.1806e-08
-0.79789	-2.2039	2.6953e-09
-0.79789	-2.1497	3.726e-10
-0.79789	-2.0955	8.2816e-10
-0.79789	-2.0413	1.9256e-10
-0.79789	-1.9871	4.7419e-11
-0.79789	-1.9329	1.0358e-10
-0.79789	-1.8787	2.4469e-10
-0.79789	-1.8245	3.6599e-10
-0.79789	-1.7703	6.024e-10
-0.79789	-1.7161	1.1305e-09
-0.79789	-1.6619	4.7183e-10
-0.79789	-1.6077	6.869e-09
-0.79789	-1.5535	9.0154e-09
-0.79789	-1.4994	1.2538e-08
-0.79789	-1.4452	1.3774e-07
-0.79789	-1.391	1.636e-07
-0.79789	-1.3368	1.445e-07
-0.79789	-1.2826	2.808e-06
-0.79789	-1.2284	1.018e-05
-0.79789	-1.1742	1.6051e-05
-0.79789	-1.12	1.2544e-05
-0.79789	-1.0658	3.968e-06
-0.79789	-1.0116	2.3395e-07
-0.79789	-0.95742	1.7299e-06
-0.79789	-0.90323	2.9699e-06
-0.79789	-0.84903	3.0279e-06
-0.79789	-0.79484	8.5081e-05
-0.79789	-0.74065	6.392e-05
-0.79789	-0.68645	4.34e-07
-0.79789	-0.63226	1.0422e-07
-0.79789	-0.57806	1.838e-07
-0.79789	-0.52387	6.4471e-08
-0.79789	-0.46968	4.1845e-07
-0.79789	-0.41548	7.8724e-07
-0.79789	-0.36129	1.976e-07
-0.79789	-0.3071	7.9683e-07
-0.79789	-0.2529	1.7113e-06
-0.79789	-0.19871	4.9903e-07
-0.79789	-0.14452	3.1802e-06
-0.79789	-0.090324	6.5558e-06
-0.79789	-0.036129	1.4034e-06
-0.79789	0.018065	1.6161e-05
-0.79789	0.072258	7.4706e-05
-0.79789	0.12645	0.00011891
-0.79789	0.18065	8.9742e-05
-0.79789	0.23484	2.9774e-05
-0.79789	0.28903	2.1921e-06
-0.79789	0.34323	1.5159e-06
-0.79789	0.39742	1.7472e-06
-0.79789	0.45161	3.5806e-07
-0.79789	0.50581	8.6444e-08
-0.79789	0.56	2.7919e-07
-0.79789	0.61419	5.7805e-07
-0.79789	0.66839	7.826e-07
-0.79789	0.72258	9.8067e-07
-0.79789	0.77677	5.218e-07
-0.79789	0.83097	1.7744e-07
-0.79789	0.88516	8.5615e-07
-0.79789	0.93935	5.7035e-07
-0.79789	0.99354	1.5298e-07
-0.79789	1.0477	1.1252e-06
-0.79789	1.1019	7.1175e-07
-0.79789	1.1561	4.2595e-07
-0.79789	1.2103	2.3333e-06
-0.79789	1.2645	1.3346e-06
-0.79789	1.3187	1.569e-06
-0.79789	1.3729	1.3927e-05
-0.79789	1.4271	2.8294e-05
-0.79789	1.4813	2.5848e-05
-0.79789	1.5355	1.1412e-05
-0.79789	1.5897	1.7887e-06
-0.79789	1.6439	1.1141e-07
-0.79789	1.6981	4.0935e-07
-0.79789	1.7523	1.8544e-07
-0.79789	1.8065	1.1982e-08
-0.79789	1.8606	5.4864e-08
-0.79789	1.9148	5.1829e-08
-0.79789	1.969	2.2384e-08
-0.79789	2.0232	4.8615e-08
-0.79789	2.0774	8.9885e-08
-0.79789	2.1316	2.0544e-07
-0.79789	2.1858	2.5822e-07
-0.79789	2.24	6.9247e-08
-0.79789	2.2942	1.5877e-07
-0.79789	2.3484	3.63e-07
-0.79789	2.4026	2.2849e-07
-0.79789	2.4568	5.8134e-08
-0.76216	-2.4748	3.2739e-07
-0.76216	-2.4206	1.6017e-07
-0.76216	-2.3665	1.9349e-08
-0.76216	-2.3123	9.9086e-09
-0.76216	-2.2581	1.8133e-08
-0.76216	-2.2039	3.9168e-09
-0.76216	-2.1497	1.1938e-09
-0.76216	-2.0955	2.3912e-09
-0.76216	-2.0413	5.0623e-10
-0.76216	-1.9871	4.0573e-11
-0.76216	-1.9329	8.5881e-11
-0.76216	-1.8787	2.6519e-10
-0.76216	-1.8245	4.8098e-10
-0.76216	-1.7703	5.286e-10
-0.76216	-1.7161	2.1166e-10
-0.76216	-1.6619	6.2923e-10
-0.76216	-1.6077	1.2012e-09
-0.76216	-1.5535	9.1391e-10
-0.76216	-1.4994	9.5769e-09
-0.76216	-1.4452	7.3484e-08
-0.76216	-1.391	7.2264e-08
-0.76216	-1.3368	1.7642e-07
-0.76216	-1.2826	2.7811e-06
-0.76216	-1.2284	1.0103e-05
-0.76216	-1.1742	1.6596e-05
-0.76216	-1.12	1.3439e-05
-0.76216	-1.0658	4.1176e-06
-0.76216	-1.0116	3.9e-07
-0.76216	-0.95742	3.5761e-06
-0.76216	-0.90323	5.8857e-06
-0.76216	-0.84903	4.9842e-06
-0.76216	-0.79484	0.00016674
-0.76216	-0.74065	7.9548e-06
-0.76216	-0.68645	2.5725e-07
-0.76216	-0.63226	4.1966e-07
-0.76216	-0.57806	3.378e-07
-0.76216	-0.52387	5.8765e-08
-0.76216	-0.46968	6.5961e-08
-0.76216	-0.41548	1.1685e-07
-0.76216	-0.36129	5.2606e-08
-0.76216	-0.3071	1.5172e-07
-0.76216	-0.2529	3.705e-07
-0.76216	-0.19871	2.4459e-07
-0.76216	-0.14452	2.164e-06
-0.76216	-0.090324	3.8069e-06
-0.76216	-0.036129	8.2913e-07
-0.76216	0.018065	1.8343e-05
-0.76216	0.072258	8.0768e-05
-0.76216	0.12645	0.00013397
-0.76216	0.18065	0.00010703
-0.76216	0.23484	3.6513e-05
-0.76216	0.28903	2.3597e-06
-0.76216	0.34323	4.2599e-06
-0.76216	0.39742	4.5558e-06
-0.76216	0.45161	7.9165e-07
-0.76216	0.50581	5.7466e-07
-0.76216	0.56	6.5356e-07
-0.76216	0.61419	2.9722e-07
-0.76216	0.66839	3.3257e-07
-0.76216	0.72258	1.4133e-07
-0.76216	0.77677	9.9137e-08
-0.76216	0.83097	2.64e-07
-0.76216	0.88516	3.7471e-07
-0.76216	0.93935	1.944e-07
-0.76216	0.99354	1.1158e-07
-0.76216	1.0477	5.1689e-07
-0.76216	1.1019	2.5984e-07
-0.76216	1.1561	4.2132e-07
-0.76216	1.2103	1.8125e-06
-0.76216	1.2645	8.0676e-07
-0.76216	1.3187	2.3011e-06
-0.76216	1.3729	1.6908e-05
-0.76216	1.4271	3.3737e-05
-0.76216	1.4813	3.1123e-05
-0.76216	1.5355	1.3596e-05
-0.76216	1.5897	1.868e-06
-0.76216	1.6439	2.7839e-07
-0.76216	1.6981	7.3655e-07
-0.76216	1.7523	2.5483e-07
-0.76216	1.8065	2.6893e-08
-0.76216	1.8606	8.8774e-08
-0.76216	1.9148	7.1693e-08
-0.76216	1.969	3.4068e-08
-0.76216	2.0232	2.9314e-08
-0.76216	2.0774	4.6648e-08
-0.76216	2.1316	6.0211e-08
-0.76216	2.1858	3.003e-08
-0.76216	2.24	4.6862e-09
-0.76216	2.2942	6.1528e-08
-0.76216	2.3484	1.1613e-06
-0.76216	2.4026	1.1117e-06
-0.76216	2.4568	1.9559e-07
-0.72644	-2.4748	1.3998e-07
-0.72644	-2.4206	7.5208e-08
-0.72644	-2.3665	8.6255e-09
-0.72644	-2.3123	9.5032e-09
-0.72644	-2.2581	1.52e-08
-0.72644	-2.2039	2.9621e-09
-0.72644	-2.1497	1.9382e-09
-0.72644	-2.0955	3.1742e-09
-0.72644	-2.0413	5.7187e-10
-0.72644	-1.9871	5.5322e-11
-0.72644	-1.9329	1.6397e-10
-0.72644	-1.8787	4.1354e-10
-0.72644	-1.8245	5.771e-10
-0.72644	-1.7703	1.6548e-09
-0.72644	-1.7161	6.8868e-10
-0.72644	-1.6619	2.6416e-09
-0.72644	-1.6077	6.9983e-09
-0.72644	-1.5535	3.5636e-09
-0.72644	-1.4994	3.2885e-09
-0.72644	-1.4452	1.1984e-08
-0.72644	-1.391	9.0704e-09
-0.72644	-1.3368	1.0071e-07
-0.72644	-1.2826	1.4013e-06
-0.72644	-1.2284	5.5006e-06
-0.72644	-1.1742	9.8902e-06
-0.72644	-1.12	8.5383e-06
-0.72644	-1.0658	2.546e-06
-0.72644	-1.0116	5.0215e-07
-0.72644	-0.95742	4.4645e-06
-0.72644	-0.90323	8.3143e-06
-0.72644	-0.84903	2.9314e-05
-0.72644	-0.79484	7.3141e-05
-0.72644	-0.74065	4.4771e-06
-0.72644	-0.68645	2.3369e-07
-0.72644	-0.63226	1.1683e-06
-0.72644	-0.57806	9.2411e-07
-0.72644	-0.52387	8.8035e-08
-0.72644	-0.46968	3.031e-07
-0.72644	-0.41548	2.2957e-07
-0.72644	-0.36129	4.3748e-08
-0.72644	-0.3071	1.5168e-07
-0.72644	-0.2529	1.2663e-07
-0.72644	-0.19871	1.2298e-07
-0.72644	-0.14452	5.2572e-07
-0.72644	-0.090324	8.6716e-07
-0.72644	-0.036129	3.902e-07
-0.72644	0.018065	1.0671e-05
-0.72644	0.072258	4.7751e-05
-0.72644	0.12645	8.4954e-05
-0.72644	0.18065	7.207e-05
-0.72644	0.23484	2.4616e-05
-0.72644	0.28903	1.4954e-06
-0.72644	0.34323	5.605e-06
-0.72644	0.39742	5.1855e-06
-0.72644	0.45161	8.3985e-07
-0.72644	0.50581	1.8152e-06
-0.72644	0.56	1.8765e-06
-0.72644	0.61419	2.914e-07
-0.72644	0.66839	4.579e-07
-0.72644	0.72258	4.8112e-07
-0.72644	0.77677	1.6461e-07
-0.72644	0.83097	3.4802e-07
-0.72644	0.88516	2.0788e-07
-0.72644	0.93935	3.815e-08
-0.72644	0.99354	1.6707e-07
-0.72644	1.0477	1.9821e-07
-0.72644	1.1019	5.0843e-08
-0.72644	1.1561	2.3778e-07
-0.72644	1.2103	7.8783e-07
-0.72644	1.2645	2.6752e-07
-0.72644	1.3187	2.0016e-06
-0.72644	1.3729	1.2837e-05
-0.72644	1.4271	2.5638e-05
-0.72644	1.4813	2.4063e-05
-0.72644	1.5355	1.0402e-05
-0.72644	1.5897	1.2267e-06
-0.72644	1.6439	4.2299e-07
-0.72644	1.6981	8.483e-07
-0.72644	1.7523	2.2724e-07
-0.72644	1.8065	6.7653e-08
-0.72644	1.8606	1.7737e-07
-0.72644	1.9148	1.0165e-07
-0.72644	1.969	4.322e-08
-0.72644	2.0232	3.9432e-08
-0.72644	2.0774	3.2121e-08
-0.72644	2.1316	1.9755e-08
-0.72644	2.1858	4.9508e-09
-0.72644	2.24	3.2562e-10
-0.72644	2.2942	4.5716e-09
-0.72644	2.3484	1.3616e-07
-0.72644	2.4026	6.09e-07
-0.72644	2.4568	8.3939e-07
-0.69071	-2.4748	2.7782e-08
-0.69071	-2.4206	1.6053e-08
-0.69071	-2.3665	2.2106e-09
-0.69071	-2.3123	4.217e-09
-0.69071	-2.2581	6.6908e-09
-0.69071	-2.2039	1.3431e-09
-0.69071	-2.1497	1.7442e-09
-0.69071	-2.0955	2.3895e-09
-0.69071	-2.0413	3.6322e-10
-0.69071	-1.9871	9.1363e-11
-0.69071	-1.9329	2.991e-10
-0.69071	-1.8787	5.299e-10
-0.69071	-1.8245	6.4147e-10
-0.69071	-1.7703	3.2743e-09
-0.69071	-1.7161	1.6367e-09
-0.69071	-1.6619	6.3184e-09
-0.69071	-1.6077	2.1189e-08
-0.69071	-1.5535	9.6652e-09
-0.69071	-1.4994	1.1586e-08
-0.69071	-1.4452	3.819e-08
-0.69071	-1.391	1.6075e-08
-0.69071	-1.3368	1.6673e-08
-0.69071	-1.2826	1.7738e-07
-0.69071	-1.2284	9.1198e-07
-0.69071	-1.1742	2.2872e-06
-0.69071	-1.12	2.5095e-06
-0.69071	-1.0658	8.1526e-07
-0.69071	-1.0116	3.7968e-07
-0.69071	-0.95742	3.442e-06
-0.69071	-0.90323	1.013e-05
-0.69071	-0.84903	2.7044e-05
-0.69071	-0.79484	6.4662e-06
-0.69071	-0.74065	2.3206e-06
-0.69071	-0.68645	2.2562e-07
-0.69071	-0.63226	1.5554e-06
-0.69071	-0.57806	1.1523e-06
-0.69071	-0.52387	1.2418e-07
-0.69071	-0.46968	8.468e-07
-0.69071	-0.41548	6.1326e-07
-0.69071	-0.36129	1.3167e-07
-0.69071	-0.3071	9.191e-07
-0.69071	-0.2529	7.0943e-07
-0.69071	-0.19871	7.2108e-08
-0.69071	-0.14452	2.6596e-07
-0.69071	-0.090324	1.8207e-07
-0.69071	-0.036129	1.0148e-07
-0.69071	0.018065	1.5484e-06
-0.69071	0.072258	9.0144e-06
-0.69071	0.12645	2.123e-05
-0.69071	0.18065	2.1901e-05
-0.69071	0.23484	8.0118e-06
-0.69071	0.28903	7.1023e-07
-0.69071	0.34323	3.9364e-06
-0.69071	0.39742	3.1454e-06
-0.69071	0.45161	7.44e-07
-0.69071	0.50581	2.6417e-06
-0.69071	0.56	2.3231e-06
-0.69071	0.61419	2.366e-07
-0.69071	0.66839	9.4506e-07
-0.69071	0.72258	1.1718e-06
-0.69071	0.77677	2.5688e-07
-0.69071	0.83097	4.9265e-07
-0.69071	0.88516	4.4003e-07
-0.69071	0.93935	6.3055e-08
-0.69071	0.99354	3.9967e-07
-0.69071	1.0477	3.9171e-07
-0.69071	1.1019	6.6522e-08
-0.69071	1.1561	1.3369e-07
-0.69071	1.2103	2.1366e-07
-0.69071	1.2645	4.6667e-08
-0.69071	1.3187	8.7223e-07
-0.69071	1.3729	5.2377e-06
-0.69071	1.4271	1.1093e-05
-0.69071	1.4813	1.1076e-05
-0.69071	1.5355	4.8704e-06
-0.69071	1.5897	4.8857e-07
-0.69071	1.6439	3.835e-07
-0.69071	1.6981	6.0821e-07
-0.69071	1.7523	1.2471e-07
-0.69071	1.8065	9.9031e-08
-0.69071	1.8606	2.0295e-07
-0.69071	1.9148	9.6484e-08
-0.69071	1.969	4.5577e-08
-0.69071	2.0232	4.287e-08
-0.69071	2.0774	2.0205e-08
-0.69071	2.1316	6.1856e-09
-0.69071	2.1858	7.9895e-10
-0.69071	2.24	3.7304e-10
-0.69071	2.2942	5.7764e-09
-0.69071	2.3484	3.2842e-08
-0.69071	2.4026	4.322e-08
-0.69071	2.4568	2.0334e-07
-0.65498	-2.4748	8.1867e-08
-0.65498	-2.4206	1.8799e-08
-0.65498	-2.3665	1.0391e-09
-0.65498	-2.3123	8.4575e-10
-0.65498	-2.2581	1.4021e-09
-0.65498	-2.2039	4.6367e-10
-0.65498	-2.1497	6.9927e-10
-0.65498	-2.0955	9.0258e-10
-0.65498	-2.0413	1.3775e-10
-0.65498	-1.9871	1.165e-10
-0.65498	-1.9329	3.7012e-10
-0.65498	-1.8787	5.1361e-10
-0.65498	-1.8245	6.2028e-10
-0.65498	-1.7703	3.8319e-09
-0.65498	-1.7161	1.9495e-09
-0.65498	-1.6619	8.7413e-09
-0.65498	-1.6077	2.9654e-08
-0.65498	-1.5535	1.0691e-08
-0.65498	-1.4994	4.4913e-08
-0.65498	-1.4452	1.4396e-07
-0.65498	-1.391	5.0444e-08
-0.65498	-1.3368	1.9527e-07
-0.65498	-1.2826	1.075e-06
-0.65498	-1.2284	1.5824e-06
-0.65498	-1.1742	9.8566e-07
-0.65498	-1.12	3.4577e-07
-0.65498	-1.0658	9.548e-08
-0.65498	-1.0116	9.4309e-08
-0.65498	-0.95742	1.2852e-06
-0.65498	-0.90323	4.1668e-05
-0.65498	-0.84903	2.2806e-05
-0.65498	-0.79484	1.6083e-06
-0.65498	-0.74065	8.3148e-07
-0.65498	-0.68645	1.8811e-07
-0.65498	-0.63226	1.2522e-06
-0.65498	-0.57806	8.8172e-07
-0.65498	-0.52387	1.6791e-07
-0.65498	-0.46968	1.1307e-06
-0.65498	-0.41548	7.4057e-07
-0.65498	-0.36129	2.6107e-07
-0.65498	-0.3071	1.748e-06
-0.65498	-0.2529	1.1612e-06
-0.65498	-0.19871	2.8793e-07
-0.65498	-0.14452	2.1793e-06
-0.65498	-0.090324	1.5003e-06
-0.65498	-0.036129	6.707e-07
-0.65498	0.018065	6.0095e-06
-0.65498	0.072258	9.5742e-06
-0.65498	0.12645	6.0007e-06
-0.65498	0.18065	2.2116e-06
-0.65498	0.23484	6.6448e-07
-0.65498	0.28903	2.292e-07
-0.65498	0.34323	1.034e-06
-0.65498	0.39742	8.2047e-07
-0.65498	0.45161	7.085e-07
-0.65498	0.50581	2.1828e-06
-0.65498	0.56	1.5725e-06
-0.65498	0.61419	1.4752e-07
-0.65498	0.66839	1.1884e-06
-0.65498	0.72258	1.3294e-06
-0.65498	0.77677	2.0212e-07
-0.65498	0.83097	6.4257e-07
-0.65498	0.88516	7.144e-07
-0.65498	0.93935	1.1946e-07
-0.65498	0.99354	7.0453e-07
-0.65498	1.0477	7.7141e-07
-0.65498	1.1019	1.3349e-07
-0.65498	1.1561	4.1129e-07
-0.65498	1.2103	4.8376e-07
-0.65498	1.2645	6.2508e-08
-0.65498	1.3187	4.171e-07
-0.65498	1.3729	1.2917e-06
-0.65498	1.4271	2.1207e-06
-0.65498	1.4813	2.221e-06
-0.65498	1.5355	1.071e-06
-0.65498	1.5897	9.6147e-08
-0.65498	1.6439	1.8499e-07
-0.65498	1.6981	2.4746e-07
-0.65498	1.7523	3.8696e-08
-0.65498	1.8065	8.9618e-08
-0.65498	1.8606	1.5064e-07
-0.65498	1.9148	6.7755e-08
-0.65498	1.969	3.9553e-08
-0.65498	2.0232	3.3898e-08
-0.65498	2.0774	1.0635e-08
-0.65498	2.1316	2.0872e-09
-0.65498	2.1858	2.4564e-10
-0.65498	2.24	1.196e-09
-0.65498	2.2942	7.2323e-09
-0.65498	2.3484	2.9004e-08
-0.65498	2.4026	2.0863e-08
-0.65498	2.4568	5.488e-08
-0.61926	-2.4748	2.0165e-07
-0.61926	-2.4206	4.8193e-08
-0.61926	-2.3665	1.7604e-09
-0.61926	-2.3123	5.2481e-09
-0.61926	-2.2581	2.9809e-09
-0.61926	-2.2039	2.9536e-10
-0.61926	-2.1497	1.0067e-10
-0.61926	-2.0955	1.1795e-10
-0.61926	-2.0413	5.2614e-11
-0.61926	-1.9871	1.095e-10
-0.61926	-1.9329	3.1998e-10
-0.61926	-1.8787	4.4206e-10
-0.61926	-1.8245	4.5198e-10
-0.61926	-1.7703	2.6485e-09
-0.61926	-1.7161	1.4502e-09
-0.61926	-1.6619	6.7645e-09
-0.61926	-1.6077	2.2849e-08
-0.61926	-1.5535	7.0073e-09
-0.61926	-1.4994	8.019e-08
-0.61926	-1.4452	2.218e-07
-0.61926	-1.391	6.0414e-08
-0.61926	-1.3368	7.4514e-07
-0.61926	-1.2826	4.1648e-06
-0.61926	-1.2284	7.7296e-06
-0.61926	-1.1742	6.7078e-06
-0.61926	-1.12	2.5924e-06
-0.61926	-1.0658	2.5676e-07
-0.61926	-1.0116	2.3696e-07
-0.61926	-0.95742	8.7038e-07
-0.61926	-0.90323	1.2462e-05
-0.61926	-0.84903	3.9709e-07
-0.61926	-0.79484	1.7822e-07
-0.61926	-0.74065	1.4893e-07
-0.61926	-0.68645	8.9584e-08
-0.61926	-0.63226	5.5781e-07
-0.61926	-0.57806	4.3175e-07
-0.61926	-0.52387	1.7257e-07
-0.61926	-0.46968	8.6763e-07
-0.61926	-0.41548	5.1711e-07
-0.61926	-0.36129	3.1137e-07
-0.61926	-0.3071	1.7948e-06
-0.61926	-0.2529	9.5613e-07
-0.61926	-0.19871	8.395e-07
-0.61926	-0.14452	4.6578e-06
-0.61926	-0.090324	2.6862e-06
-0.61926	-0.036129	3.2556e-06
-0.61926	0.018065	2.9154e-05
-0.61926	0.072258	5.9535e-05
-0.61926	0.12645	5.3839e-05
-0.61926	0.18065	2.3196e-05
-0.61926	0.23484	3.6902e-06
-0.61926	0.28903	1.1707e-07
-0.61926	0.34323	3.8371e-07
-0.61926	0.39742	4.0136e-07
-0.61926	0.45161	5.861e-07
-0.61926	0.50581	8.9795e-07
-0.61926	0.56	4.9228e-07
-0.61926	0.61419	9.0819e-08
-0.61926	0.66839	8.4612e-07
-0.61926	0.72258	8.3601e-07
-0.61926	0.77677	9.4881e-08
-0.61926	0.83097	6.1524e-07
-0.61926	0.88516	6.9154e-07
-0.61926	0.93935	1.2558e-07
-0.61926	0.99354	8.1291e-07
-0.61926	1.0477	8.6561e-07
-0.61926	1.1019	1.7263e-07
-0.61926	1.1561	9.7157e-07
-0.61926	1.2103	1.0869e-06
-0.61926	1.2645	1.5061e-07
-0.61926	1.3187	1.9064e-06
-0.61926	1.3729	4.6424e-06
-0.61926	1.4271	4.07e-06
-0.61926	1.4813	1.6277e-06
-0.61926	1.5355	2.8132e-07
-0.61926	1.5897	1.1056e-08
-0.61926	1.6439	2.6637e-08
-0.61926	1.6981	3.3847e-08
-0.61926	1.7523	5.7945e-09
-0.61926	1.8065	4.6877e-08
-0.61926	1.8606	7.1831e-08
-0.61926	1.9148	3.789e-08
-0.61926	1.969	2.7283e-08
-0.61926	2.0232	1.9658e-08
-0.61926	2.0774	4.7833e-09
-0.61926	2.1316	8.8223e-10
-0.61926	2.1858	3.6238e-10
-0.61926	2.24	1.578e-09
-0.61926	2.2942	6.1876e-09
-0.61926	2.3484	2.5326e-08
-0.61926	2.4026	1.562e-08
-0.61926	2.4568	6.8417e-08
-0.58353	-2.4748	2.2342e-07
-0.58353	-2.4206	5.4371e-08
-0.58353	-2.3665	2.7918e-09
-0.58353	-2.3123	1.3582e-08
-0.58353	-2.2581	6.9414e-09
-0.58353	-2.2039	3.5307e-10
-0.58353	-2.1497	9.2807e-10
-0.58353	-2.0955	4.1942e-10
-0.58353	-2.0413	6.6666e-11
-0.58353	-1.9871	9.2036e-11
-0.58353	-1.9329	2.5964e-10
-0.58353	-1.8787	4.3279e-10
-0.58353	-1.8245	2.8975e-10
-0.58353	-1.7703	8.6731e-10
-0.58353	-1.7161	7.9719e-10
-0.58353	-1.6619	2.0105e-09
-0.58353	-1.6077	7.9264e-09
-0.58353	-1.5535	3.6518e-09
-0.58353	-1.4994	7.6918e-08
-0.58353	-1.4452	1.8453e-07
-0.58353	-1.391	4.7735e-08
-0.58353	-1.3368	1.2819e-06
-0.58353	-1.2826	6.8511e-06
-0.58353	-1.2284	1.3588e-05
-0.58353	-1.1742	1.3064e-05
-0.58353	-1.12	5.6073e-06
-0.58353	-1.0658	5.3809e-07
-0.58353	-1.0116	1.4086e-06
-0.58353	-0.95742	1.3575e-05
-0.58353	-0.90323	3.9166e-05
-0.58353	-0.84903	5.8556e-07
-0.58353	-0.79484	3.6952e-07
-0.58353	-0.74065	5.2494e-08
-0.58353	-0.68645	2.9466e-08
-0.58353	-0.63226	9.784e-08
-0.58353	-0.57806	1.4836e-07
-0.58353	-0.52387	1.2073e-07
-0.58353	-0.46968	3.3083e-07
-0.58353	-0.41548	2.0105e-07
-0.58353	-0.36129	1.992e-07
-0.58353	-0.3071	1.0014e-06
-0.58353	-0.2529	4.0375e-07
-0.58353	-0.19871	1.266e-06
-0.58353	-0.14452	5.2142e-06
-0.58353	-0.090324	2.3631e-06
-0.58353	-0.036129	7.1954e-06
-0.58353	0.018065	5.5844e-05
-0.58353	0.072258	0.00011897
-0.58353	0.12645	0.00011811
-0.58353	0.18065	5.6325e-05
-0.58353	0.23484	8.8783e-06
-0.58353	0.28903	9.0638e-07
-0.58353	0.34323	3.3051e-06
-0.58353	0.39742	1.7159e-06
-0.58353	0.45161	3.1268e-07
-0.58353	0.50581	1.2775e-07
-0.58353	0.56	5.025e-08
-0.58353	0.61419	4.5669e-08
-0.58353	0.66839	2.4623e-07
-0.58353	0.72258	2.3379e-07
-0.58353	0.77677	3.6336e-08
-0.58353	0.83097	3.593e-07
-0.58353	0.88516	3.9759e-07
-0.58353	0.93935	8.1834e-08
-0.58353	0.99354	5.7344e-07
-0.58353	1.0477	5.6971e-07
-0.58353	1.1019	1.9537e-07
-0.58353	1.1561	1.298e-06
-0.58353	1.2103	1.2684e-06
-0.58353	1.2645	2.8743e-07
-0.58353	1.3187	4.5732e-06
-0.58353	1.3729	1.1642e-05
-0.58353	1.4271	1.1826e-05
-0.58353	1.4813	5.6779e-06
-0.58353	1.5355	1.0735e-06
-0.58353	1.5897	3.3781e-08
-0.58353	1.6439	6.1714e-08
-0.58353	1.6981	3.0654e-08
-0.58353	1.7523	5.838e-09
-0.58353	1.8065	1.0215e-08
-0.58353	1.8606	1.9451e-08
-0.58353	1.9148	1.8191e-08
-0.58353	1.969	1.4427e-08
-0.58353	2.0232	8.2611e-09
-0.58353	2.0774	2.014e-09
-0.58353	2.1316	3.8662e-10
-0.58353	2.1858	5.6559e-10
-0.58353	2.24	1.2529e-09
-0.58353	2.2942	3.5485e-09
-0.58353	2.3484	1.6378e-08
-0.58353	2.4026	9.5668e-09
-0.58353	2.4568	6.8775e-08
-0.54781	-2.4748	1.1673e-07
-0.54781	-2.4206	3.0338e-08
-0.54781	-2.3665	3.2758e-09
-0.54781	-2.3123	1.5656e-08
-0.54781	-2.2581	7.4162e-09
-0.54781	-2.2039	5.4839e-10
-0.54781	-2.1497	2.3763e-09
-0.54781	-2.0955	1.01e-09
-0.54781	-2.0413	1.0123e-10
-0.54781	-1.9871	1.1043e-10
-0.54781	-1.9329	3.604e-10
-0.54781	-1.8787	4.7144e-10
-0.54781	-1.8245	5.158e-10
-0.54781	-1.7703	2.8884e-10
-0.54781	-1.7161	7.4681e-10
-0.54781	-1.6619	1.3974e-09
-0.54781	-1.6077	1.0839e-09
-0.54781	-1.5535	1.7983e-09
-0.54781	-1.4994	3.2625e-08
-0.54781	-1.4452	7.2517e-08
-0.54781	-1.391	3.421e-08
-0.54781	-1.3368	1.1998e-06
-0.54781	-1.2826	6.2824e-06
-0.54781	-1.2284	1.3119e-05
-0.54781	-1.1742	1.3372e-05
-0.54781	-1.12	5.9032e-06
-0.54781	-1.0658	5.3494e-07
-0.54781	-1.0116	3.2938e-06
-0.54781	-0.95742	0.00013715
-0.54781	-0.90323	4.051e-06
-0.54781	-0.84903	1.0937e-06
-0.54781	-0.79484	1.0937e-06
-0.54781	-0.74065	1.4909e-07
-0.54781	-0.68645	1.7303e-07
-0.54781	-0.63226	2.4434e-07
-0.54781	-0.57806	1.1021e-07
-0.54781	-0.52387	1.0399e-07
-0.54781	-0.46968	5.1647e-08
-0.54781	-0.41548	3.5377e-08
-0.54781	-0.36129	5.8083e-08
-0.54781	-0.3071	1.9007e-07
-0.54781	-0.2529	6.3431e-08
-0.54781	-0.19871	1.0086e-06
-0.54781	-0.14452	3.2336e-06
-0.54781	-0.090324	1.1178e-06
-0.54781	-0.036129	9.0495e-06
-0.54781	0.018065	6.1758e-05
-0.54781	0.072258	0.00013359
-0.54781	0.12645	0.00013808
-0.54781	0.18065	6.7409e-05
-0.54781	0.23484	9.5791e-06
-0.54781	0.28903	2.6086e-06
-0.54781	0.34323	7.3187e-06
-0.54781	0.39742	2.9549e-06
-0.54781	0.45161	1.7142e-07
-0.54781	0.50581	6.2678e-07
-0.54781	0.56	3.4166e-07
-0.54781	0.61419	2.284e-08
-0.54781	0.66839	4.1395e-08
-0.54781	0.72258	2.3472e-08
-0.54781	0.77677	2.6049e-08
-0.54781	0.83097	9.3958e-08
-0.54781	0.88516	1.1236e-07
-0.54781	0.93935	2.5861e-08
-0.54781	0.99354	1.8137e-07
-0.54781	1.0477	1.8651e-07
-0.54781	1.1019	1.7698e-07
-0.54781	1.1561	1.0085e-06
-0.54781	1.2103	8.4475e-07
-0.54781	1.2645	4.204e-07
-0.54781	1.3187	5.8935e-06
-0.54781	1.3729	1.4942e-05
-0.54781	1.4271	1.6049e-05
-0.54781	1.4813	8.2413e-06
-0.54781	1.5355	1.5899e-06
-0.54781	1.5897	6.6436e-08
-0.54781	1.6439	2.3073e-07
-0.54781	1.6981	1.138e-07
-0.54781	1.7523	1.2968e-08
-0.54781	1.8065	9.7874e-09
-0.54781	1.8606	7.5707e-09
-0.54781	1.9148	8.2587e-09
-0.54781	1.969	6.4153e-09
-0.54781	2.0232	2.7904e-09
-0.54781	2.0774	8.9781e-10
-0.54781	2.1316	2.2362e-10
-0.54781	2.1858	5.8297e-10
-0.54781	2.24	7.3865e-10
-0.54781	2.2942	1.2277e-09
-0.54781	2.3484	6.9751e-09
-0.54781	2.4026	4.3816e-09
-0.54781	2.4568	4.7425e-08
-0.51208	-2.4748	2.5078e-08
-0.51208	-2.4206	7.7109e-09
-0.51208	-2.3665	1.8099e-09
-0.51208	-2.3123	8.5629e-09
-0.51208	-2.2581	4.2684e-09
-0.51208	-2.2039	7.3899e-10
-0.51208	-2.1497	2.6722e-09
-0.51208	-2.0955	1.0875e-09
-0.51208	-2.0413	1.3957e-10
-0.51208	-1.9871	1.8536e-10
-0.51208	-1.9329	6.3496e-10
-0.51208	-1.8787	4.7842e-10
-0.51208	-1.8245	1.2421e-09
-0.51208	-1.7703	1.3558e-09
-0.51208	-1.7161	1.4994e-09
-0.51208	-1.6619	9.2804e-09
-0.51208	-1.6077	8.1606e-09
-0.51208	-1.5535	9.656e-10
-0.51208	-1.4994	5.3548e-09
-0.51208	-1.4452	7.994e-09
-0.51208	-1.391	1.8256e-08
-0.51208	-1.3368	5.0765e-07
-0.51208	-1.2826	2.8654e-06
-0.51208	-1.2284	6.7416e-06
-0.51208	-1.1742	7.5819e-06
-0.51208	-1.12	3.4942e-06
-0.51208	-1.0658	3.4598e-07
-0.51208	-1.0116	4.4936e-06
-0.51208	-0.95742	0.00015397
-0.51208	-0.90323	8.4961e-07
-0.51208	-0.84903	1.3472e-06
-0.51208	-0.79484	1.464e-06
-0.51208	-0.74065	1.8471e-07
-0.51208	-0.68645	5.2125e-07
-0.51208	-0.63226	7.8471e-07
-0.51208	-0.57806	1.7381e-07
-0.51208	-0.52387	2.3421e-07
-0.51208	-0.46968	2.6148e-07
-0.51208	-0.41548	4.0559e-08
-0.51208	-0.36129	1.762e-07
-0.51208	-0.3071	1.675e-07
-0.51208	-0.2529	7.0931e-08
-0.51208	-0.19871	3.125e-07
-0.51208	-0.14452	7.7231e-07
-0.51208	-0.090324	2.3217e-07
-0.51208	-0.036129	6.067e-06
-0.51208	0.018065	3.8886e-05
-0.51208	0.072258	8.8521e-05
-0.51208	0.12645	9.6901e-05
-0.51208	0.18065	4.8413e-05
-0.51208	0.23484	6.0283e-06
-0.51208	0.28903	3.8724e-06
-0.51208	0.34323	8.6673e-06
-0.51208	0.39742	2.8488e-06
-0.51208	0.45161	3.849e-07
-0.51208	0.50581	1.7549e-06
-0.51208	0.56	7.5029e-07
-0.51208	0.61419	1.1566e-07
-0.51208	0.66839	4.8112e-07
-0.51208	0.72258	2.0211e-07
-0.51208	0.77677	4.434e-08
-0.51208	0.83097	9.5675e-08
-0.51208	0.88516	2.8268e-08
-0.51208	0.93935	1.9204e-08
-0.51208	0.99354	2.6523e-08
-0.51208	1.0477	2.748e-08
-0.51208	1.1019	8.4476e-08
-0.51208	1.1561	3.5683e-07
-0.51208	1.2103	2.697e-07
-0.51208	1.2645	3.5878e-07
-0.51208	1.3187	4.2288e-06
-0.51208	1.3729	1.094e-05
-0.51208	1.4271	1.2371e-05
-0.51208	1.4813	6.5966e-06
-0.51208	1.5355	1.2168e-06
-0.51208	1.5897	9.3828e-08
-0.51208	1.6439	3.366e-07
-0.51208	1.6981	1.4581e-07
-0.51208	1.7523	2.0964e-08
-0.51208	1.8065	3.7424e-08
-0.51208	1.8606	1.6338e-08
-0.51208	1.9148	3.9507e-09
-0.51208	1.969	4.5759e-09
-0.51208	2.0232	1.6617e-09
-0.51208	2.0774	4.8553e-10
-0.51208	2.1316	2.7544e-10
-0.51208	2.1858	3.8269e-10
-0.51208	2.24	6.5602e-10
-0.51208	2.2942	8.1761e-10
-0.51208	2.3484	1.7436e-09
-0.51208	2.4026	1.2106e-09
-0.51208	2.4568	1.9256e-08
-0.47635	-2.4748	1.0561e-07
-0.47635	-2.4206	1.0554e-08
-0.47635	-2.3665	1.0773e-09
-0.47635	-2.3123	3.505e-09
-0.47635	-2.2581	2.0788e-09
-0.47635	-2.2039	5.1606e-10
-0.47635	-2.1497	1.4742e-09
-0.47635	-2.0955	7.3473e-10
-0.47635	-2.0413	1.7477e-10
-0.47635	-1.9871	2.7472e-10
-0.47635	-1.9329	9.0635e-10
-0.47635	-1.8787	5.2525e-10
-0.47635	-1.8245	1.8659e-09
-0.47635	-1.7703	2.735e-09
-0.47635	-1.7161	2.2562e-09
-0.47635	-1.6619	1.9199e-08
-0.47635	-1.6077	1.7939e-08
-0.47635	-1.5535	5.2091e-09
-0.47635	-1.4994	4.9935e-08
-0.47635	-1.4452	4.5678e-08
-0.47635	-1.391	1.8777e-08
-0.47635	-1.3368	2.0083e-07
-0.47635	-1.2826	6.3407e-07
-0.47635	-1.2284	1.3917e-06
-0.47635	-1.1742	1.8492e-06
-0.47635	-1.12	1.0037e-06
-0.47635	-1.0658	1.6304e-07
-0.47635	-1.0116	3.6195e-06
-0.47635	-0.95742	6.1247e-05
-0.47635	-0.90323	2.5677e-07
-0.47635	-0.84903	1.0825e-06
-0.47635	-0.79484	1.1676e-06
-0.47635	-0.74065	1.3723e-07
-0.47635	-0.68645	8.0941e-07
-0.47635	-0.63226	1.1619e-06
-0.47635	-0.57806	1.9772e-07
-0.47635	-0.52387	4.6293e-07
-0.47635	-0.46968	6.7971e-07
-0.47635	-0.41548	1.0108e-07
-0.47635	-0.36129	6.334e-07
-0.47635	-0.3071	8.4503e-07
-0.47635	-0.2529	1.7707e-07
-0.47635	-0.19871	2.5918e-07
-0.47635	-0.14452	3.1778e-07
-0.47635	-0.090324	8.225e-08
-0.47635	-0.036129	1.1896e-06
-0.47635	0.018065	8.8536e-06
-0.47635	0.072258	2.5596e-05
-0.47635	0.12645	3.3872e-05
-0.47635	0.18065	1.884e-05
-0.47635	0.23484	2.1354e-06
-0.47635	0.28903	3.2239e-06
-0.47635	0.34323	6.1811e-06
-0.47635	0.39742	1.7047e-06
-0.47635	0.45161	6.7836e-07
-0.47635	0.50581	2.2324e-06
-0.47635	0.56	7.688e-07
-0.47635	0.61419	3.2992e-07
-0.47635	0.66839	1.1242e-06
-0.47635	0.72258	4.2467e-07
-0.47635	0.77677	1.0451e-07
-0.47635	0.83097	3.7304e-07
-0.47635	0.88516	9.5701e-08
-0.47635	0.93935	1.1449e-07
-0.47635	0.99354	2.7613e-07
-0.47635	1.0477	9.6496e-08
-0.47635	1.1019	1.3615e-08
-0.47635	1.1561	3.1254e-08
-0.47635	1.2103	1.8864e-08
-0.47635	1.2645	1.0028e-07
-0.47635	1.3187	1.1495e-06
-0.47635	1.3729	3.5598e-06
-0.47635	1.4271	4.7012e-06
-0.47635	1.4813	2.7597e-06
-0.47635	1.5355	4.9092e-07
-0.47635	1.5897	9.1085e-08
-0.47635	1.6439	2.6486e-07
-0.47635	1.6981	9.9619e-08
-0.47635	1.7523	3.0363e-08
-0.47635	1.8065	5.9181e-08
-0.47635	1.8606	2.1577e-08
-0.47635	1.9148	2.4256e-09
-0.47635	1.969	5.9192e-09
-0.47635	2.0232	1.9567e-09
-0.47635	2.0774	3.9223e-10
-0.47635	2.1316	3.0191e-10
-0.47635	2.1858	1.8815e-10
-0.47635	2.24	1.1067e-09
-0.47635	2.2942	2.4691e-09
-0.47635	2.3484	1.2812e-09
-0.47635	2.4026	4.074e-10
-0.47635	2.4568	3.999e-09
-0.44063	-2.4748	3.4794e-07
-0.44063	-2.4206	2.9508e-08
-0.44063	-2.3665	1.0322e-08
-0.44063	-2.3123	1.4729e-08
-0.44063	-2.2581	3.6115e-09
-0.44063	-2.2039	2.4726e-10
-0.44063	-2.1497	7.4241e-10
-0.44063	-2.0955	5.5173e-10
-0.44063	-2.0413	1.7252e-10
-0.44063	-1.9871	3.0119e-10
-0.44063	-1.9329	1.0485e-09
-0.44063	-1.8787	8.9417e-10
-0.44063	-1.8245	1.6386e-09
-0.44063	-1.7703	2.9861e-09
-0.44063	-1.7161	1.7696e-09
-0.44063	-1.6619	1.8659e-08
-0.44063	-1.6077	1.7173e-08
-0.44063	-1.5535	1.5798e-08
-0.44063	-1.4994	1.3119e-07
-0.44063	-1.4452	1.1108e-07
-0.44063	-1.391	1.0885e-07
-0.44063	-1.3368	1.2593e-06
-0.44063	-1.2826	3.0115e-06
-0.44063	-1.2284	3.0564e-06
-0.44063	-1.1742	1.5158e-06
-0.44063	-1.12	3.574e-07
-0.44063	-1.0658	1.528e-07
-0.44063	-1.0116	5.3778e-06
-0.44063	-0.95742	8.7149e-07
-0.44063	-0.90323	1.1102e-07
-0.44063	-0.84903	4.8313e-07
-0.44063	-0.79484	5.329e-07
-0.44063	-0.74065	7.81e-08
-0.44063	-0.68645	7.4582e-07
-0.44063	-0.63226	1.0338e-06
-0.44063	-0.57806	1.6466e-07
-0.44063	-0.52387	5.7031e-07
-0.44063	-0.46968	8.5047e-07
-0.44063	-0.41548	1.2759e-07
-0.44063	-0.36129	1.0706e-06
-0.44063	-0.3071	1.3877e-06
-0.44063	-0.2529	2.2618e-07
-0.44063	-0.19871	1.4929e-06
-0.44063	-0.14452	2.0321e-06
-0.44063	-0.090324	2.7772e-07
-0.44063	-0.036129	2.2653e-06
-0.44063	0.018065	5.1351e-06
-0.44063	0.072258	3.7449e-06
-0.44063	0.12645	2.5061e-06
-0.44063	0.18065	1.9207e-06
-0.44063	0.23484	2.7702e-07
-0.44063	0.28903	1.1656e-06
-0.44063	0.34323	2.2668e-06
-0.44063	0.39742	5.8703e-07
-0.44063	0.45161	5.8337e-07
-0.44063	0.50581	1.5564e-06
-0.44063	0.56	4.4813e-07
-0.44063	0.61419	4.7015e-07
-0.44063	0.66839	1.3153e-06
-0.44063	0.72258	4.4363e-07
-0.44063	0.77677	1.8924e-07
-0.44063	0.83097	6.3551e-07
-0.44063	0.88516	1.5727e-07
-0.44063	0.93935	2.7488e-07
-0.44063	0.99354	6.702e-07
-0.44063	1.0477	1.8428e-07
-0.44063	1.1019	1.4712e-07
-0.44063	1.1561	4.0653e-07
-0.44063	1.2103	1.0824e-07
-0.44063	1.2645	1.5033e-07
-0.44063	1.3187	4.7095e-07
-0.44063	1.3729	4.3081e-07
-0.44063	1.4271	3.8942e-07
-0.44063	1.4813	3.0407e-07
-0.44063	1.5355	6.5926e-08
-0.44063	1.5897	4.3029e-08
-0.44063	1.6439	9.819e-08
-0.44063	1.6981	3.7372e-08
-0.44063	1.7523	3.414e-08
-0.44063	1.8065	5.2186e-08
-0.44063	1.8606	1.574e-08
-0.44063	1.9148	2.1648e-09
-0.44063	1.969	6.4631e-09
-0.44063	2.0232	1.9436e-09
-0.44063	2.0774	4.0978e-10
-0.44063	2.1316	1.9596e-10
-0.44063	2.1858	1.9036e-10
-0.44063	2.24	1.6335e-09
-0.44063	2.2942	4.6913e-09
-0.44063	2.3484	2.8484e-09
-0.44063	2.4026	2.319e-09
-0.44063	2.4568	9.5263e-09
-0.4049	-2.4748	5.7081e-07
-0.4049	-2.4206	4.0416e-08
-0.4049	-2.3665	3.5812e-08
-0.4049	-2.3123	4.1605e-08
-0.4049	-2.2581	6.6701e-09
-0.4049	-2.2039	1.6027e-09
-0.4049	-2.1497	2.5978e-09
-0.4049	-2.0955	7.6589e-10
-0.4049	-2.0413	1.2735e-10
-0.4049	-1.9871	2.5509e-10
-0.4049	-1.9329	1.1801e-09
-0.4049	-1.8787	1.921e-09
-0.4049	-1.8245	1.009e-09
-0.4049	-1.7703	2.23e-09
-0.4049	-1.7161	1.199e-09
-0.4049	-1.6619	6.7095e-09
-0.4049	-1.6077	7.4153e-09
-0.4049	-1.5535	1.9579e-08
-0.4049	-1.4994	1.4388e-07
-0.4049	-1.4452	1.0771e-07
-0.4049	-1.391	2.8649e-07
-0.4049	-1.3368	3.057e-06
-0.4049	-1.2826	8.1548e-06
-0.4049	-1.2284	9.7345e-06
-0.4049	-1.1742	5.5044e-06
-0.4049	-1.12	1.0855e-06
-0.4049	-1.0658	5.8138e-07
-0.4049	-1.0116	5.812e-05
-0.4049	-0.95742	7.7597e-07
-0.4049	-0.90323	5.365e-08
-0.4049	-0.84903	7.3358e-08
-0.4049	-0.79484	9.7325e-08
-0.4049	-0.74065	4.2999e-08
-0.4049	-0.68645	3.8464e-07
-0.4049	-0.63226	5.7398e-07
-0.4049	-0.57806	1.235e-07
-0.4049	-0.52387	4.0791e-07
-0.4049	-0.46968	6.2134e-07
-0.4049	-0.41548	1.0123e-07
-0.4049	-0.36129	1.0106e-06
-0.4049	-0.3071	1.1916e-06
-0.4049	-0.2529	2.8951e-07
-0.4049	-0.19871	3.1017e-06
-0.4049	-0.14452	3.7065e-06
-0.4049	-0.090324	7.311e-07
-0.4049	-0.036129	1.3329e-05
-0.4049	0.018065	3.7823e-05
-0.4049	0.072258	4.063e-05
-0.4049	0.12645	1.9594e-05
-0.4049	0.18065	3.4146e-06
-0.4049	0.23484	7.3205e-08
-0.4049	0.28903	1.3532e-07
-0.4049	0.34323	1.81e-07
-0.4049	0.39742	7.7676e-08
-0.4049	0.45161	1.6308e-07
-0.4049	0.50581	4.7146e-07
-0.4049	0.56	1.3307e-07
-0.4049	0.61419	3.4601e-07
-0.4049	0.66839	8.8277e-07
-0.4049	0.72258	3.0092e-07
-0.4049	0.77677	2.1791e-07
-0.4049	0.83097	6.077e-07
-0.4049	0.88516	1.3684e-07
-0.4049	0.93935	3.5888e-07
-0.4049	0.99354	7.9302e-07
-0.4049	1.0477	1.6268e-07
-0.4049	1.1019	4.9349e-07
-0.4049	1.1561	1.1032e-06
-0.4049	1.2103	2.4283e-07
-0.4049	1.2645	1.1095e-06
-0.4049	1.3187	4.3482e-06
-0.4049	1.3729	5.212e-06
-0.4049	1.4271	2.836e-06
-0.4049	1.4813	6.9494e-07
-0.4049	1.5355	5.5341e-08
-0.4049	1.5897	4.9287e-09
-0.4049	1.6439	1.2195e-08
-0.4049	1.6981	1.5043e-08
-0.4049	1.7523	2.5277e-08
-0.4049	1.8065	2.5312e-08
-0.4049	1.8606	6.1225e-09
-0.4049	1.9148	1.8986e-09
-0.4049	1.969	4.6734e-09
-0.4049	2.0232	1.4359e-09
-0.4049	2.0774	3.8748e-10
-0.4049	2.1316	8.3804e-11
-0.4049	2.1858	3.2388e-10
-0.4049	2.24	1.6859e-09
-0.4049	2.2942	5.4977e-09
-0.4049	2.3484	3.5756e-09
-0.4049	2.4026	6.2128e-09
-0.4049	2.4568	2.5893e-08
-0.36917	-2.4748	5.9645e-07
-0.36917	-2.4206	3.4278e-08
-0.36917	-2.3665	6.7352e-08
-0.36917	-2.3123	6.5448e-08
-0.36917	-2.2581	7.5693e-09
-0.36917	-2.2039	5.7258e-09
-0.36917	-2.1497	6.554e-09
-0.36917	-2.0955	1.0219e-09
-0.36917	-2.0413	9.7081e-11
-0.36917	-1.9871	2.7051e-10
-0.36917	-1.9329	1.497e-09
-0.36917	-1.8787	3.8183e-09
-0.36917	-1.8245	1.944e-09
-0.36917	-1.7703	1.9467e-09
-0.36917	-1.7161	7.5251e-09
-0.36917	-1.6619	3.7527e-09
-0.36917	-1.6077	1.3138e-09
-0.36917	-1.5535	6.8386e-09
-0.36917	-1.4994	5.7862e-08
-0.36917	-1.4452	4.4402e-08
-0.36917	-1.391	3.4005e-07
-0.36917	-1.3368	3.4383e-06
-0.36917	-1.2826	9.9861e-06
-0.36917	-1.2284	1.3232e-05
-0.36917	-1.1742	8.1787e-06
-0.36917	-1.12	1.5852e-06
-0.36917	-1.0658	1.5681e-06
-0.36917	-1.0116	4.9439e-05
-0.36917	-0.95742	9.7673e-07
-0.36917	-0.90323	8.4033e-08
-0.36917	-0.84903	2.2714e-07
-0.36917	-0.79484	8.1226e-08
-0.36917	-0.74065	6.0638e-08
-0.36917	-0.68645	1.6865e-07
-0.36917	-0.63226	2.3246e-07
-0.36917	-0.57806	9.851e-08
-0.36917	-0.52387	1.2312e-07
-0.36917	-0.46968	2.417e-07
-0.36917	-0.41548	4.8815e-08
-0.36917	-0.36129	4.6723e-07
-0.36917	-0.3071	5.1523e-07
-0.36917	-0.2529	3.5805e-07
-0.36917	-0.19871	3.3669e-06
-0.36917	-0.14452	3.4169e-06
-0.36917	-0.090324	1.5661e-06
-0.36917	-0.036129	2.6932e-05
-0.36917	0.018065	7.8358e-05
-0.36917	0.072258	9.5269e-05
-0.36917	0.12645	5.5158e-05
-0.36917	0.18065	1.1994e-05
-0.36917	0.23484	4.5432e-07
-0.36917	0.28903	1.8019e-06
-0.36917	0.34323	8.206e-07
-0.36917	0.39742	3.5822e-08
-0.36917	0.45161	1.0535e-07
-0.36917	0.50581	4.9898e-08
-0.36917	0.56	1.171e-08
-0.36917	0.61419	8.414e-08
-0.36917	0.66839	2.8591e-07
-0.36917	0.72258	1.649e-07
-0.36917	0.77677	1.4796e-07
-0.36917	0.83097	3.228e-07
-0.36917	0.88516	7.2109e-08
-0.36917	0.93935	2.6153e-07
-0.36917	0.99354	5.2391e-07
-0.36917	1.0477	8.6162e-08
-0.36917	1.1019	7.6188e-07
-0.36917	1.1561	1.3904e-06
-0.36917	1.2103	2.4807e-07
-0.36917	1.2645	2.7317e-06
-0.36917	1.3187	1.0375e-05
-0.36917	1.3729	1.3783e-05
-0.36917	1.4271	8.7732e-06
-0.36917	1.4813	2.5272e-06
-0.36917	1.5355	1.7869e-07
-0.36917	1.5897	6.0722e-08
-0.36917	1.6439	8.4707e-08
-0.36917	1.6981	2.9829e-08
-0.36917	1.7523	1.0392e-08
-0.36917	1.8065	5.1285e-09
-0.36917	1.8606	1.0729e-09
-0.36917	1.9148	1.0398e-09
-0.36917	1.969	2.011e-09
-0.36917	2.0232	9.0042e-10
-0.36917	2.0774	3.174e-10
-0.36917	2.1316	9.4019e-11
-0.36917	2.1858	3.8697e-10
-0.36917	2.24	1.1282e-09
-0.36917	2.2942	4.1192e-09
-0.36917	2.3484	2.7381e-09
-0.36917	2.4026	9.3038e-09
-0.36917	2.4568	3.5324e-08
-0.33345	-2.4748	4.144e-07
-0.33345	-2.4206	2.0833e-08
-0.33345	-2.3665	8.1038e-08
-0.33345	-2.3123	6.6773e-08
-0.33345	-2.2581	5.6586e-09
-0.33345	-2.2039	1.0793e-08
-0.33345	-2.1497	9.5721e-09
-0.33345	-2.0955	9.4558e-10
-0.33345	-2.0413	1.3847e-10
-0.33345	-1.9871	5.2353e-10
-0.33345	-1.9329	1.9254e-09
-0.33345	-1.8787	6.5004e-09
-0.33345	-1.8245	6.0259e-09
-0.33345	-1.7703	3.5087e-09
-0.33345	-1.7161	3.1234e-08
-0.33345	-1.6619	3.4722e-08
-0.33345	-1.6077	5.5003e-09
-0.33345	-1.5535	1.7203e-08
-0.33345	-1.4994	1.928e-08
-0.33345	-1.4452	8.159e-09
-0.33345	-1.391	1.2248e-07
-0.33345	-1.3368	1.5086e-06
-0.33345	-1.2826	5.5301e-06
-0.33345	-1.2284	8.7792e-06
-0.33345	-1.1742	6.1086e-06
-0.33345	-1.12	1.1454e-06
-0.33345	-1.0658	3.1223e-06
-0.33345	-1.0116	8.2808e-05
-0.33345	-0.95742	7.4115e-07
-0.33345	-0.90323	2.4146e-07
-0.33345	-0.84903	7.481e-07
-0.33345	-0.79484	2.7821e-07
-0.33345	-0.74065	2.0464e-07
-0.33345	-0.68645	4.8498e-07
-0.33345	-0.63226	2.6244e-07
-0.33345	-0.57806	8.7043e-08
-0.33345	-0.52387	4.1797e-08
-0.33345	-0.46968	3.6349e-08
-0.33345	-0.41548	4.5069e-08
-0.33345	-0.36129	6.3915e-08
-0.33345	-0.3071	6.2097e-08
-0.33345	-0.2529	2.5899e-07
-0.33345	-0.19871	1.8639e-06
-0.33345	-0.14452	1.6151e-06
-0.33345	-0.090324	2.111e-06
-0.33345	-0.036129	2.9279e-05
-0.33345	0.018065	8.5805e-05
-0.33345	0.072258	0.0001106
-0.33345	0.12645	6.8206e-05
-0.33345	0.18065	1.4991e-05
-0.33345	0.23484	1.0182e-06
-0.33345	0.28903	4.8338e-06
-0.33345	0.34323	2.4021e-06
-0.33345	0.39742	1.6942e-07
-0.33345	0.45161	8.8166e-07
-0.33345	0.50581	5.2742e-07
-0.33345	0.56	2.9076e-08
-0.33345	0.61419	8.0169e-08
-0.33345	0.66839	8.9005e-08
-0.33345	0.72258	1.1203e-07
-0.33345	0.77677	7.6177e-08
-0.33345	0.83097	6.3832e-08
-0.33345	0.88516	2.6396e-08
-0.33345	0.93935	7.8764e-08
-0.33345	0.99354	1.4925e-07
-0.33345	1.0477	4.2984e-08
-0.33345	1.1019	6.469e-07
-0.33345	1.1561	9.8443e-07
-0.33345	1.2103	1.8623e-07
-0.33345	1.2645	3.6977e-06
-0.33345	1.3187	1.3263e-05
-0.33345	1.3729	1.8182e-05
-0.33345	1.4271	1.2131e-05
-0.33345	1.4813	3.5525e-06
-0.33345	1.5355	2.0714e-07
-0.33345	1.5897	2.0617e-07
-0.33345	1.6439	2.276e-07
-0.33345	1.6981	4.5495e-08
-0.33345	1.7523	5.118e-09
-0.33345	1.8065	6.7139e-09
-0.33345	1.8606	1.4936e-09
-0.33345	1.9148	3.7453e-10
-0.33345	1.969	7.3075e-10
-0.33345	2.0232	6.4948e-10
-0.33345	2.0774	2.8575e-10
-0.33345	2.1316	1.7307e-10
-0.33345	2.1858	3.0954e-10
-0.33345	2.24	3.8228e-10
-0.33345	2.2942	1.7049e-09
-0.33345	2.3484	1.3677e-09
-0.33345	2.4026	8.5483e-09
-0.33345	2.4568	2.8681e-08
-0.29772	-2.4748	1.7253e-07
-0.29772	-2.4206	1.0317e-08
-0.29772	-2.3665	6.2302e-08
-0.29772	-2.3123	4.4654e-08
-0.29772	-2.2581	3.1194e-09
-0.29772	-2.2039	1.2715e-08
-0.29772	-2.1497	9.0888e-09
-0.29772	-2.0955	5.9615e-10
-0.29772	-2.0413	2.3459e-10
-0.29772	-1.9871	9.8725e-10
-0.29772	-1.9329	2.0951e-09
-0.29772	-1.8787	9.2624e-09
-0.29772	-1.8245	1.1971e-08
-0.29772	-1.7703	7.1275e-09
-0.29772	-1.7161	7.4704e-08
-0.29772	-1.6619	9.7356e-08
-0.29772	-1.6077	1.6318e-08
-0.29772	-1.5535	1.4457e-07
-0.29772	-1.4994	2.3262e-07
-0.29772	-1.4452	4.0125e-08
-0.29772	-1.391	2.1465e-07
-0.29772	-1.3368	6.4548e-07
-0.29772	-1.2826	1.1627e-06
-0.29772	-1.2284	2.1451e-06
-0.29772	-1.1742	1.9762e-06
-0.29772	-1.12	3.8694e-07
-0.29772	-1.0658	1.4026e-05
-0.29772	-1.0116	8.695e-06
-0.29772	-0.95742	3.9359e-07
-0.29772	-0.90323	3.9158e-07
-0.29772	-0.84903	1.0399e-06
-0.29772	-0.79484	3.9577e-07
-0.29772	-0.74065	4.8771e-07
-0.29772	-0.68645	1.178e-06
-0.29772	-0.63226	5.3297e-07
-0.29772	-0.57806	9.4484e-08
-0.29772	-0.52387	2.8686e-07
-0.29772	-0.46968	7.8044e-08
-0.29772	-0.41548	1.7232e-07
-0.29772	-0.36129	3.4936e-07
-0.29772	-0.3071	1.2495e-07
-0.29772	-0.2529	5.4532e-08
-0.29772	-0.19871	3.086e-07
-0.29772	-0.14452	2.344e-07
-0.29772	-0.090324	1.4128e-06
-0.29772	-0.036129	1.6522e-05
-0.29772	0.018065	5.1472e-05
-0.29772	0.072258	7.2241e-05
-0.29772	0.12645	4.7519e-05
-0.29772	0.18065	1.0203e-05
-0.29772	0.23484	1.4634e-06
-0.29772	0.28903	6.1256e-06
-0.29772	0.34323	2.8508e-06
-0.29772	0.39742	3.7191e-07
-0.29772	0.45161	1.9873e-06
-0.29772	0.50581	1.1896e-06
-0.29772	0.56	9.3062e-08
-0.29772	0.61419	5.3775e-07
-0.29772	0.66839	3.829e-07
-0.29772	0.72258	1.0359e-07
-0.29772	0.77677	1.5466e-07
-0.29772	0.83097	4.4739e-08
-0.29772	0.88516	2.6899e-08
-0.29772	0.93935	5.4183e-08
-0.29772	0.99354	2.0401e-08
-0.29772	1.0477	3.1888e-08
-0.29772	1.1019	2.47e-07
-0.29772	1.1561	3.2358e-07
-0.29772	1.2103	1.2869e-07
-0.29772	1.2645	2.8702e-06
-0.29772	1.3187	1.0057e-05
-0.29772	1.3729	1.4355e-05
-0.29772	1.4271	9.9593e-06
-0.29772	1.4813	2.8894e-06
-0.29772	1.5355	1.3938e-07
-0.29772	1.5897	3.2019e-07
-0.29772	1.6439	2.9479e-07
-0.29772	1.6981	4.1009e-08
-0.29772	1.7523	1.4871e-08
-0.29772	1.8065	2.1176e-08
-0.29772	1.8606	3.2369e-09
-0.29772	1.9148	1.1232e-09
-0.29772	1.969	1.5092e-09
-0.29772	2.0232	6.4592e-10
-0.29772	2.0774	3.08e-10
-0.29772	2.1316	1.8992e-10
-0.29772	2.1858	2.1612e-10
-0.29772	2.24	9.4196e-11
-0.29772	2.2942	2.2425e-10
-0.29772	2.3484	4.9044e-10
-0.29772	2.4026	4.1563e-09
-0.29772	2.4568	1.2665e-08
-0.26199	-2.4748	2.6012e-08
-0.26199	-2.4206	3.6896e-09
-0.26199	-2.3665	2.5331e-08
-0.26199	-2.3123	1.6989e-08
-0.26199	-2.2581	1.5353e-09
-0.26199	-2.2039	9.32e-09
-0.26199	-2.1497	5.5914e-09
-0.26199	-2.0955	2.8327e-10
-0.26199	-2.0413	3.1319e-10
-0.26199	-1.9871	1.3446e-09
-0.26199	-1.9329	1.7469e-09
-0.26199	-1.8787	1.0621e-08
-0.26199	-1.8245	1.5795e-08
-0.26199	-1.7703	1.1525e-08
-0.26199	-1.7161	1.2036e-07
-0.26199	-1.6619	1.5268e-07
-0.26199	-1.6077	3.2657e-08
-0.26199	-1.5535	4.4281e-07
-0.26199	-1.4994	7.0074e-07
-0.26199	-1.4452	1.2222e-07
-0.26199	-1.391	2.0771e-06
-0.26199	-1.3368	7.3201e-06
-0.26199	-1.2826	9.2358e-06
-0.26199	-1.2284	5.5208e-06
-0.26199	-1.1742	1.6063e-06
-0.26199	-1.12	2.1939e-07
-0.26199	-1.0658	6.2792e-05
-0.26199	-1.0116	2.6775e-06
-0.26199	-0.95742	2.2082e-07
-0.26199	-0.90323	3.2261e-07
-0.26199	-0.84903	7.8915e-07
-0.26199	-0.79484	3.8421e-07
-0.26199	-0.74065	7.1497e-07
-0.26199	-0.68645	1.6246e-06
-0.26199	-0.63226	7.698e-07
-0.26199	-0.57806	1.2418e-07
-0.26199	-0.52387	5.9161e-07
-0.26199	-0.46968	2.0062e-07
-0.26199	-0.41548	3.7262e-07
-0.26199	-0.36129	1.0559e-06
-0.26199	-0.3071	3.6769e-07
-0.26199	-0.2529	1.9759e-07
-0.26199	-0.19871	6.7382e-07
-0.26199	-0.14452	2.3749e-07
-0.26199	-0.090324	4.8231e-07
-0.26199	-0.036129	3.7781e-06
-0.26199	0.018065	1.2741e-05
-0.26199	0.072258	2.1647e-05
-0.26199	0.12645	1.6724e-05
-0.26199	0.18065	3.7566e-06
-0.26199	0.23484	1.2111e-06
-0.26199	0.28903	4.3155e-06
-0.26199	0.34323	1.8802e-06
-0.26199	0.39742	5.2839e-07
-0.26199	0.45161	2.3483e-06
-0.26199	0.50581	1.28e-06
-0.26199	0.56	1.7393e-07
-0.26199	0.61419	1.1325e-06
-0.26199	0.66839	7.6924e-07
-0.26199	0.72258	9.4137e-08
-0.26199	0.77677	3.8492e-07
-0.26199	0.83097	2.0737e-07
-0.26199	0.88516	6.8559e-08
-0.26199	0.93935	3.0173e-07
-0.26199	0.99354	1.7515e-07
-0.26199	1.0477	2.9588e-08
-0.26199	1.1019	5.2317e-08
-0.26199	1.1561	3.1552e-08
-0.26199	1.2103	5.2445e-08
-0.26199	1.2645	9.2483e-07
-0.26199	1.3187	3.6299e-06
-0.26199	1.3729	5.9656e-06
-0.26199	1.4271	4.6017e-06
-0.26199	1.4813	1.3701e-06
-0.26199	1.5355	6.5301e-08
-0.26199	1.5897	2.8757e-07
-0.26199	1.6439	2.3074e-07
-0.26199	1.6981	2.4028e-08
-0.26199	1.7523	2.678e-08
-0.26199	1.8065	2.934e-08
-0.26199	1.8606	3.3369e-09
-0.26199	1.9148	3.1248e-09
-0.26199	1.969	3.0815e-09
-0.26199	2.0232	6.9901e-10
-0.26199	2.0774	3.0203e-10
-0.26199	2.1316	1.3045e-10
-0.26199	2.1858	2.3633e-10
-0.26199	2.24	5.6448e-10
-0.26199	2.2942	5.9146e-10
-0.26199	2.3484	2.4315e-10
-0.26199	2.4026	4.9006e-10
-0.26199	2.4568	1.5163e-09
-0.22627	-2.4748	1.0965e-08
-0.22627	-2.4206	9.795e-10
-0.22627	-2.3665	3.1564e-09
-0.22627	-2.3123	2.2583e-09
-0.22627	-2.2581	6.1833e-10
-0.22627	-2.2039	3.3981e-09
-0.22627	-2.1497	1.9128e-09
-0.22627	-2.0955	1.5446e-10
-0.22627	-2.0413	3.2218e-10
-0.22627	-1.9871	1.2796e-09
-0.22627	-1.9329	1.0792e-09
-0.22627	-1.8787	9.1086e-09
-0.22627	-1.8245	1.4328e-08
-0.22627	-1.7703	1.3924e-08
-0.22627	-1.7161	1.363e-07
-0.22627	-1.6619	1.5699e-07
-0.22627	-1.6077	5.9052e-08
-0.22627	-1.5535	8.0158e-07
-0.22627	-1.4994	1.1287e-06
-0.22627	-1.4452	2.8757e-07
-0.22627	-1.391	6.7624e-06
-0.22627	-1.3368	2.4618e-05
-0.22627	-1.2826	3.5578e-05
-0.22627	-1.2284	2.5011e-05
-0.22627	-1.1742	7.689e-06
-0.22627	-1.12	7.8845e-07
-0.22627	-1.0658	2.0041e-05
-0.22627	-1.0116	2.3295e-06
-0.22627	-0.95742	2.8069e-07
-0.22627	-0.90323	1.3173e-07
-0.22627	-0.84903	4.2075e-07
-0.22627	-0.79484	3.8114e-07
-0.22627	-0.74065	6.1039e-07
-0.22627	-0.68645	1.3895e-06
-0.22627	-0.63226	8.8005e-07
-0.22627	-0.57806	1.7555e-07
-0.22627	-0.52387	5.9136e-07
-0.22627	-0.46968	2.4614e-07
-0.22627	-0.41548	4.0193e-07
-0.22627	-0.36129	1.3118e-06
-0.22627	-0.3071	3.8968e-07
-0.22627	-0.2529	8.6408e-07
-0.22627	-0.19871	2.6003e-06
-0.22627	-0.14452	8.2495e-07
-0.22627	-0.090324	2.3979e-06
-0.22627	-0.036129	1.1113e-05
-0.22627	0.018065	1.4831e-05
-0.22627	0.072258	9.7922e-06
-0.22627	0.12645	4.1332e-06
-0.22627	0.18065	8.5101e-07
-0.22627	0.23484	3.76e-07
-0.22627	0.28903	1.4158e-06
-0.22627	0.34323	6.8457e-07
-0.22627	0.39742	4.3008e-07
-0.22627	0.45161	1.5524e-06
-0.22627	0.50581	7.7481e-07
-0.22627	0.56	2.1815e-07
-0.22627	0.61419	1.2916e-06
-0.22627	0.66839	8.4312e-07
-0.22627	0.72258	8.2101e-08
-0.22627	0.77677	5.6203e-07
-0.22627	0.83097	3.3416e-07
-0.22627	0.88516	1.2144e-07
-0.22627	0.93935	6.2148e-07
-0.22627	0.99354	3.5293e-07
-0.22627	1.0477	8.1738e-08
-0.22627	1.1019	4.0051e-07
-0.22627	1.1561	2.3635e-07
-0.22627	1.2103	3.22e-08
-0.22627	1.2645	2.2651e-07
-0.22627	1.3187	3.4885e-07
-0.22627	1.3729	5.8682e-07
-0.22627	1.4271	6.8312e-07
-0.22627	1.4813	2.6387e-07
-0.22627	1.5355	2.1035e-08
-0.22627	1.5897	1.3583e-07
-0.22627	1.6439	1.0429e-07
-0.22627	1.6981	9.6717e-09
-0.22627	1.7523	2.4907e-08
-0.22627	1.8065	2.2719e-08
-0.22627	1.8606	2.1456e-09
-0.22627	1.9148	4.5643e-09
-0.22627	1.969	3.7638e-09
-0.22627	2.0232	6.8821e-10
-0.22627	2.0774	2.3009e-10
-0.22627	2.1316	9.7048e-11
-0.22627	2.1858	3.3127e-10
-0.22627	2.24	1.4126e-09
-0.22627	2.2942	1.9112e-09
-0.22627	2.3484	3.7698e-10
-0.22627	2.4026	2.0903e-09
-0.22627	2.4568	2.5962e-09
-0.19054	-2.4748	5.4603e-08
-0.19054	-2.4206	7.6596e-09
-0.19054	-2.3665	1.4892e-08
-0.19054	-2.3123	3.4359e-09
-0.19054	-2.2581	1.9624e-10
-0.19054	-2.2039	4.0366e-10
-0.19054	-2.1497	3.0324e-10
-0.19054	-2.0955	1.2653e-10
-0.19054	-2.0413	2.8e-10
-0.19054	-1.9871	8.8349e-10
-0.19054	-1.9329	5.9322e-10
-0.19054	-1.8787	5.0122e-09
-0.19054	-1.8245	8.542e-09
-0.19054	-1.7703	1.1455e-08
-0.19054	-1.7161	1.0386e-07
-0.19054	-1.6619	1.0587e-07
-0.19054	-1.6077	8.6226e-08
-0.19054	-1.5535	9.6426e-07
-0.19054	-1.4994	1.1688e-06
-0.19054	-1.4452	6.0477e-07
-0.19054	-1.391	1.2867e-05
-0.19054	-1.3368	4.59e-05
-0.19054	-1.2826	6.941e-05
-0.19054	-1.2284	5.1993e-05
-0.19054	-1.1742	1.6678e-05
-0.19054	-1.12	1.4335e-06
-0.19054	-1.0658	0.00011411
-0.19054	-1.0116	4.3503e-06
-0.19054	-0.95742	4.0176e-07
-0.19054	-0.90323	4.1143e-07
-0.19054	-0.84903	7.134e-07
-0.19054	-0.79484	4.3657e-07
-0.19054	-0.74065	2.2573e-07
-0.19054	-0.68645	7.6455e-07
-0.19054	-0.63226	9.8903e-07
-0.19054	-0.57806	3.3182e-07
-0.19054	-0.52387	2.8713e-07
-0.19054	-0.46968	2.2532e-07
-0.19054	-0.41548	1.6227e-07
-0.19054	-0.36129	7.3281e-07
-0.19054	-0.3071	2.0344e-07
-0.19054	-0.2529	1.3166e-06
-0.19054	-0.19871	3.5581e-06
-0.19054	-0.14452	9.4795e-07
-0.19054	-0.090324	7.7926e-06
-0.19054	-0.036129	3.7084e-05
-0.19054	0.018065	5.7706e-05
-0.19054	0.072258	4.1725e-05
-0.19054	0.12645	1.3479e-05
-0.19054	0.18065	1.1571e-06
-0.19054	0.23484	2.6895e-07
-0.19054	0.28903	4.8676e-07
-0.19054	0.34323	2.1821e-07
-0.19054	0.39742	1.2331e-07
-0.19054	0.45161	4.1574e-07
-0.19054	0.50581	2.1735e-07
-0.19054	0.56	1.5308e-07
-0.19054	0.61419	8.4904e-07
-0.19054	0.66839	5.8628e-07
-0.19054	0.72258	7.1123e-08
-0.19054	0.77677	4.875e-07
-0.19054	0.83097	2.9835e-07
-0.19054	0.88516	1.3188e-07
-0.19054	0.93935	6.8156e-07
-0.19054	0.99354	3.3417e-07
-0.19054	1.0477	2.2108e-07
-0.19054	1.1019	1.0144e-06
-0.19054	1.1561	5.3117e-07
-0.19054	1.2103	3.0424e-07
-0.19054	1.2645	2.4265e-06
-0.19054	1.3187	3.7263e-06
-0.19054	1.3729	2.2769e-06
-0.19054	1.4271	5.7232e-07
-0.19054	1.4813	4.2302e-08
-0.19054	1.5355	2.1054e-09
-0.19054	1.5897	1.6226e-08
-0.19054	1.6439	1.7492e-08
-0.19054	1.6981	2.5296e-09
-0.19054	1.7523	1.0419e-08
-0.19054	1.8065	9.2061e-09
-0.19054	1.8606	1.0582e-09
-0.19054	1.9148	3.9049e-09
-0.19054	1.969	3.0428e-09
-0.19054	2.0232	6.3752e-10
-0.19054	2.0774	1.7346e-10
-0.19054	2.1316	1.459e-10
-0.19054	2.1858	3.5114e-10
-0.19054	2.24	1.8507e-09
-0.19054	2.2942	2.5717e-09
-0.19054	2.3484	8.2299e-10
-0.19054	2.4026	8.4401e-09
-0.19054	2.4568	1.062e-08
-0.15481	-2.4748	7.5957e-08
-0.15481	-2.4206	2.4914e-08
-0.15481	-2.3665	4.5548e-08
-0.15481	-2.3123	9.8633e-09
-0.15481	-2.2581	1.3545e-09
-0.15481	-2.2039	2.8291e-09
-0.15481	-2.1497	6.3537e-10
-0.15481	-2.0955	1.1433e-10
-0.15481	-2.0413	2.7741e-10
-0.15481	-1.9871	6.3309e-10
-0.15481	-1.9329	6.5771e-10
-0.15481	-1.8787	1.2717e-09
-0.15481	-1.8245	2.7921e-09
-0.15481	-1.7703	4.9846e-09
-0.15481	-1.7161	4.3515e-08
-0.15481	-1.6619	4.026e-08
-0.15481	-1.6077	8.3359e-08
-0.15481	-1.5535	7.5358e-07
-0.15481	-1.4994	7.7911e-07
-0.15481	-1.4452	9.4468e-07
-0.15481	-1.391	1.6231e-05
-0.15481	-1.3368	5.6695e-05
-0.15481	-1.2826	8.7937e-05
-0.15481	-1.2284	6.7961e-05
-0.15481	-1.1742	2.1666e-05
-0.15481	-1.12	2.1198e-06
-0.15481	-1.0658	0.00019499
-0.15481	-1.0116	7.6618e-06
-0.15481	-0.95742	4.5875e-07
-0.15481	-0.90323	1.7598e-06
-0.15481	-0.84903	1.8886e-06
-0.15481	-0.79484	4.504e-07
-0.15481	-0.74065	1.3594e-07
-0.15481	-0.68645	5.3036e-07
-0.15481	-0.63226	1.2149e-06
-0.15481	-0.57806	8.2533e-07
-0.15481	-0.52387	1.0362e-07
-0.15481	-0.46968	2.8584e-07
-0.15481	-0.41548	1.8581e-07
-0.15481	-0.36129	9.2351e-08
-0.15481	-0.3071	5.2761e-08
-0.15481	-0.2529	7.3886e-07
-0.15481	-0.19871	2.0958e-06
-0.15481	-0.14452	5.952e-07
-0.15481	-0.090324	1.1057e-05
-0.15481	-0.036129	5.2674e-05
-0.15481	0.018065	9.0119e-05
-0.15481	0.072258	7.2868e-05
-0.15481	0.12645	2.5395e-05
-0.15481	0.18065	1.7586e-06
-0.15481	0.23484	1.8119e-06
-0.15481	0.28903	2.098e-06
-0.15481	0.34323	3.3535e-07
-0.15481	0.39742	7.7968e-08
-0.15481	0.45161	1.0179e-07
-0.15481	0.50581	1.659e-08
-0.15481	0.56	6.8786e-08
-0.15481	0.61419	3.0536e-07
-0.15481	0.66839	2.8306e-07
-0.15481	0.72258	5.4207e-08
-0.15481	0.77677	2.1696e-07
-0.15481	0.83097	1.5957e-07
-0.15481	0.88516	7.2938e-08
-0.15481	0.93935	4.028e-07
-0.15481	0.99354	1.6476e-07
-0.15481	1.0477	3.3639e-07
-0.15481	1.1019	1.247e-06
-0.15481	1.1561	5.3032e-07
-0.15481	1.2103	8.9414e-07
-0.15481	1.2645	6.1505e-06
-0.15481	1.3187	1.0539e-05
-0.15481	1.3729	8.0293e-06
-0.15481	1.4271	2.7895e-06
-0.15481	1.4813	2.9099e-07
-0.15481	1.5355	2.3875e-08
-0.15481	1.5897	4.1954e-08
-0.15481	1.6439	6.5229e-09
-0.15481	1.6981	6.3477e-10
-0.15481	1.7523	1.1612e-09
-0.15481	1.8065	1.206e-09
-0.15481	1.8606	4.696e-10
-0.15481	1.9148	1.8147e-09
-0.15481	1.969	1.7578e-09
-0.15481	2.0232	6.361e-10
-0.15481	2.0774	2.1491e-10
-0.15481	2.1316	2.148e-10
-0.15481	2.1858	2.4085e-10
-0.15481	2.24	1.4297e-09
-0.15481	2.2942	1.9232e-09
-0.15481	2.3484	1.4126e-09
-0.15481	2.4026	1.363e-08
-0.15481	2.4568	1.5118e-08
-0.11909	-2.4748	5.6142e-08
-0.11909	-2.4206	3.9498e-08
-0.11909	-2.3665	6.2017e-08
-0.11909	-2.3123	1.1353e-08
-0.11909	-2.2581	4.3831e-09
-0.11909	-2.2039	7.5895e-09
-0.11909	-2.1497	1.3168e-09
-0.11909	-2.0955	1.3981e-10
-0.11909	-2.0413	4.2363e-10
-0.11909	-1.9871	8.5591e-10
-0.11909	-1.9329	1.3103e-09
-0.11909	-1.8787	1.5947e-09
-0.11909	-1.8245	6.2932e-10
-0.11909	-1.7703	1.8675e-09
-0.11909	-1.7161	5.6354e-09
-0.11909	-1.6619	5.0176e-09
-0.11909	-1.6077	3.7875e-08
-0.11909	-1.5535	3.084e-07
-0.11909	-1.4994	2.8174e-07
-0.11909	-1.4452	9.174e-07
-0.11909	-1.391	1.3197e-05
-0.11909	-1.3368	4.6548e-05
-0.11909	-1.2826	7.5101e-05
-0.11909	-1.2284	5.9988e-05
-0.11909	-1.1742	1.8528e-05
-0.11909	-1.12	4.9554e-06
-0.11909	-1.0658	0.00018464
-0.11909	-1.0116	9.767e-06
-0.11909	-0.95742	5.8626e-07
-0.11909	-0.90323	3.9065e-06
-0.11909	-0.84903	3.1932e-06
-0.11909	-0.79484	3.9354e-07
-0.11909	-0.74065	9.7e-07
-0.11909	-0.68645	1.1288e-06
-0.11909	-0.63226	1.4964e-06
-0.11909	-0.57806	1.8553e-06
-0.11909	-0.52387	4.176e-07
-0.11909	-0.46968	6.1807e-07
-0.11909	-0.41548	1.5171e-06
-0.11909	-0.36129	5.7505e-07
-0.11909	-0.3071	8.1001e-08
-0.11909	-0.2529	1.5324e-07
-0.11909	-0.19871	2.7236e-07
-0.11909	-0.14452	2.2042e-07
-0.11909	-0.090324	6.235e-06
-0.11909	-0.036129	3.3932e-05
-0.11909	0.018065	6.7587e-05
-0.11909	0.072258	6.1824e-05
-0.11909	0.12645	2.2879e-05
-0.11909	0.18065	1.377e-06
-0.11909	0.23484	3.6992e-06
-0.11909	0.28903	3.8471e-06
-0.11909	0.34323	4.4762e-07
-0.11909	0.39742	6.2724e-07
-0.11909	0.45161	7.9339e-07
-0.11909	0.50581	1.1948e-07
-0.11909	0.56	2.4823e-07
-0.11909	0.61419	3.1819e-07
-0.11909	0.66839	1.6094e-07
-0.11909	0.72258	5.2018e-08
-0.11909	0.77677	2.4691e-08
-0.11909	0.83097	4.7654e-08
-0.11909	0.88516	1.6649e-08
-0.11909	0.93935	8.277e-08
-0.11909	0.99354	3.0902e-08
-0.11909	1.0477	2.6715e-07
-0.11909	1.1019	8.2725e-07
-0.11909	1.1561	2.7737e-07
-0.11909	1.2103	1.3027e-06
-0.11909	1.2645	7.8183e-06
-0.11909	1.3187	1.3861e-05
-0.11909	1.3729	1.1362e-05
-0.11909	1.4271	4.2603e-06
-0.11909	1.4813	4.4069e-07
-0.11909	1.5355	9.6477e-08
-0.11909	1.5897	1.6853e-07
-0.11909	1.6439	3.2687e-08
-0.11909	1.6981	4.9352e-09
-0.11909	1.7523	1.0456e-08
-0.11909	1.8065	2.4141e-09
-0.11909	1.8606	2.7085e-10
-0.11909	1.9148	6.6164e-10
-0.11909	1.969	1.0243e-09
-0.11909	2.0232	7.0242e-10
-0.11909	2.0774	3.049e-10
-0.11909	2.1316	2.3181e-10
-0.11909	2.1858	1.4203e-10
-0.11909	2.24	5.6393e-10
-0.11909	2.2942	7.3716e-10
-0.11909	2.3484	1.5517e-09
-0.11909	2.4026	1.2278e-08
-0.11909	2.4568	1.1629e-08
-0.083362	-2.4748	2.3932e-08
-0.083362	-2.4206	3.4735e-08
-0.083362	-2.3665	4.7985e-08
-0.083362	-2.3123	7.2052e-09
-0.083362	-2.2581	6.8849e-09
-0.083362	-2.2039	9.4967e-09
-0.083362	-2.1497	1.2809e-09
-0.083362	-2.0955	2.1744e-10
-0.083362	-2.0413	7.266e-10
-0.083362	-1.9871	1.3173e-09
-0.083362	-1.9329	2.3345e-09
-0.083362	-1.8787	6.6873e-09
-0.083362	-1.8245	1.8631e-09
-0.083362	-1.7703	1.1147e-08
-0.083362	-1.7161	2.476e-08
-0.083362	-1.6619	7.1926e-09
-0.083362	-1.6077	5.0158e-09
-0.083362	-1.5535	3.0133e-08
-0.083362	-1.4994	2.8291e-08
-0.083362	-1.4452	3.8188e-07
-0.083362	-1.391	5.393e-06
-0.083362	-1.3368	2.1411e-05
-0.083362	-1.2826	3.8598e-05
-0.083362	-1.2284	3.3226e-05
-0.083362	-1.1742	9.7952e-06
-0.083362	-1.12	1.1333e-05
-0.083362	-1.0658	0.00027302
-0.083362	-1.0116	8.7202e-06
-0.083362	-0.95742	9.3656e-07
-0.083362	-0.90323	5.4828e-06
-0.083362	-0.84903	3.5464e-06
-0.083362	-0.79484	4.2062e-07
-0.083362	-0.74065	2.5939e-06
-0.083362	-0.68645	2.1416e-06
-0.083362	-0.63226	1.649e-06
-0.083362	-0.57806	3.208e-06
-0.083362	-0.52387	1.0932e-06
-0.083362	-0.46968	1.3491e-06
-0.083362	-0.41548	4.6454e-06
-0.083362	-0.36129	2.3275e-06
-0.083362	-0.3071	5.0986e-07
-0.083362	-0.2529	2.7325e-06
-0.083362	-0.19871	1.7127e-06
-0.083362	-0.14452	1.6958e-07
-0.083362	-0.090324	1.1845e-06
-0.083362	-0.036129	5.4999e-06
-0.083362	0.018065	1.676e-05
-0.083362	0.072258	2.1583e-05
-0.083362	0.12645	9.6555e-06
-0.083362	0.18065	6.5955e-07
-0.083362	0.23484	3.5219e-06
-0.083362	0.28903	3.467e-06
-0.083362	0.34323	3.789e-07
-0.083362	0.39742	1.3091e-06
-0.083362	0.45161	1.5383e-06
-0.083362	0.50581	2.9094e-07
-0.083362	0.56	8.1823e-07
-0.083362	0.61419	9.6473e-07
-0.083362	0.66839	2.0792e-07
-0.083362	0.72258	1.0596e-07
-0.083362	0.77677	9.8943e-08
-0.083362	0.83097	1.9587e-08
-0.083362	0.88516	9.2316e-08
-0.083362	0.93935	6.6937e-08
-0.083362	0.99354	1.2679e-08
-0.083362	1.0477	7.2461e-08
-0.083362	1.1019	2.1507e-07
-0.083362	1.1561	6.1803e-08
-0.083362	1.2103	9.8241e-07
-0.083362	1.2645	5.4853e-06
-0.083362	1.3187	1.0265e-05
-0.083362	1.3729	8.9934e-06
-0.083362	1.4271	3.5089e-06
-0.083362	1.4813	3.2985e-07
-0.083362	1.5355	1.6716e-07
-0.083362	1.5897	2.5099e-07
-0.083362	1.6439	4.5712e-08
-0.083362	1.6981	1.605e-08
-0.083362	1.7523	3.0661e-08
-0.083362	1.8065	6.9404e-09
-0.083362	1.8606	8.3462e-10
-0.083362	1.9148	1.9687e-09
-0.083362	1.969	1.1752e-09
-0.083362	2.0232	7.373e-10
-0.083362	2.0774	3.1811e-10
-0.083362	2.1316	2.2557e-10
-0.083362	2.1858	2.6507e-10
-0.083362	2.24	2.093e-10
-0.083362	2.2942	1.3236e-10
-0.083362	2.3484	8.9743e-10
-0.083362	2.4026	5.6668e-09
-0.083362	2.4568	4.5955e-09
-0.047635	-2.4748	4.9976e-09
-0.047635	-2.4206	1.3761e-08
-0.047635	-2.3665	1.9084e-08
-0.047635	-2.3123	2.6487e-09
-0.047635	-2.2581	5.9561e-09
-0.047635	-2.2039	6.7924e-09
-0.047635	-2.1497	7.2467e-10
-0.047635	-2.0955	2.809e-10
-0.047635	-2.0413	1.0093e-09
-0.047635	-1.9871	1.5177e-09
-0.047635	-1.9329	3.2691e-09
-0.047635	-1.8787	1.2586e-08
-0.047635	-1.8245	3.7534e-09
-0.047635	-1.7703	3.1881e-08
-0.047635	-1.7161	8.136e-08
-0.047635	-1.6619	2.0876e-08
-0.047635	-1.6077	7.7687e-08
-0.047635	-1.5535	2.0566e-07
-0.047635	-1.4994	6.242e-08
-0.047635	-1.4452	1.0013e-07
-0.047635	-1.391	6.5551e-07
-0.047635	-1.3368	2.828e-06
-0.047635	-1.2826	7.2642e-06
-0.047635	-1.2284	8.0376e-06
-0.047635	-1.1742	2.2994e-06
-0.047635	-1.12	1.6392e-05
-0.047635	-1.0658	0.00036613
-0.047635	-1.0116	5.3692e-06
-0.047635	-0.95742	1.2455e-06
-0.047635	-0.90323	5.0797e-06
-0.047635	-0.84903	2.6228e-06
-0.047635	-0.79484	6.2113e-07
-0.047635	-0.74065	3.901e-06
-0.047635	-0.68645	2.6766e-06
-0.047635	-0.63226	1.5242e-06
-0.047635	-0.57806	4.1351e-06
-0.047635	-0.52387	1.5863e-06
-0.047635	-0.46968	2.3462e-06
-0.047635	-0.41548	8.3951e-06
-0.047635	-0.36129	4.057e-06
-0.047635	-0.3071	1.8889e-06
-0.047635	-0.2529	1.0719e-05
-0.047635	-0.19871	7.0549e-06
-0.047635	-0.14452	2.0602e-06
-0.047635	-0.090324	2.229e-05
-0.047635	-0.036129	3.9501e-05
-0.047635	0.018065	2.8228e-05
-0.047635	0.072258	1.0781e-05
-0.047635	0.12645	2.7127e-06
-0.047635	0.18065	2.2059e-07
-0.047635	0.23484	1.4134e-06
-0.047635	0.28903	1.6547e-06
-0.047635	0.34323	2.9774e-07
-0.047635	0.39742	1.255e-06
-0.047635	0.45161	1.4724e-06
-0.047635	0.50581	4.3705e-07
-0.047635	0.56	1.4013e-06
-0.047635	0.61419	1.6373e-06
-0.047635	0.66839	3.0634e-07
-0.047635	0.72258	1.9549e-07
-0.047635	0.77677	3.2701e-07
-0.047635	0.83097	4.102e-08
-0.047635	0.88516	3.0415e-07
-0.047635	0.93935	3.3771e-07
-0.047635	0.99354	4.412e-08
-0.047635	1.0477	5.9768e-08
-0.047635	1.1019	7.7238e-08
-0.047635	1.1561	1.7491e-08
-0.047635	1.2103	2.9088e-07
-0.047635	1.2645	1.6477e-06
-0.047635	1.3187	3.6258e-06
-0.047635	1.3729	3.6907e-06
-0.047635	1.4271	1.5776e-06
-0.047635	1.4813	1.388e-07
-0.047635	1.5355	1.5681e-07
-0.047635	1.5897	2.0563e-07
-0.047635	1.6439	3.3818e-08
-0.047635	1.6981	2.6052e-08
-0.047635	1.7523	4.1277e-08
-0.047635	1.8065	8.1878e-09
-0.047635	1.8606	2.3553e-09
-0.047635	1.9148	4.6823e-09
-0.047635	1.969	1.6854e-09
-0.047635	2.0232	6.361e-10
-0.047635	2.0774	2.2639e-10
-0.047635	2.1316	2.7092e-10
-0.047635	2.1858	6.5186e-10
-0.047635	2.24	8.8687e-10
-0.047635	2.2942	3.6681e-10
-0.047635	2.3484	3.417e-10
-0.047635	2.4026	9.2163e-10
-0.047635	2.4568	5.9251e-10
-0.011909	-2.4748	1.1786e-09
-0.011909	-2.4206	2.6157e-09
-0.011909	-2.3665	3.1567e-09
-0.011909	-2.3123	8.9675e-10
-0.011909	-2.2581	2.3361e-09
-0.011909	-2.2039	2.4996e-09
-0.011909	-2.1497	3.0099e-10
-0.011909	-2.0955	2.8379e-10
-0.011909	-2.0413	1.0512e-09
-0.011909	-1.9871	1.3684e-09
-0.011909	-1.9329	3.4445e-09
-0.011909	-1.8787	1.3869e-08
-0.011909	-1.8245	4.1375e-09
-0.011909	-1.7703	4.7843e-08
-0.011909	-1.7161	1.1733e-07
-0.011909	-1.6619	2.5261e-08
-0.011909	-1.6077	2.6651e-07
-0.011909	-1.5535	6.7713e-07
-0.011909	-1.4994	1.741e-07
-0.011909	-1.4452	1.3951e-06
-0.011909	-1.391	6.7952e-06
-0.011909	-1.3368	1.0355e-05
-0.011909	-1.2826	7.3534e-06
-0.011909	-1.2284	2.6878e-06
-0.011909	-1.1742	5.2774e-07
-0.011909	-1.12	1.5639e-05
-0.011909	-1.0658	0.00033828
-0.011909	-1.0116	2.7671e-06
-0.011909	-0.95742	9.8899e-07
-0.011909	-0.90323	2.8084e-06
-0.011909	-0.84903	1.1797e-06
-0.011909	-0.79484	7.5841e-07
-0.011909	-0.74065	3.7216e-06
-0.011909	-0.68645	2.2568e-06
-0.011909	-0.63226	1.1039e-06
-0.011909	-0.57806	3.8601e-06
-0.011909	-0.52387	1.5027e-06
-0.011909	-0.46968	3.0581e-06
-0.011909	-0.41548	1.029e-05
-0.011909	-0.36129	4.3035e-06
-0.011909	-0.3071	4.4525e-06
-0.011909	-0.2529	2.1456e-05
-0.011909	-0.19871	1.2389e-05
-0.011909	-0.14452	9.5629e-06
-0.011909	-0.090324	9.3071e-05
-0.011909	-0.036129	0.00018893
-0.011909	0.018065	0.0001678
-0.011909	0.072258	7.1143e-05
-0.011909	0.12645	1.1163e-05
-0.011909	0.18065	4.1042e-07
-0.011909	0.23484	1.5121e-06
-0.011909	0.28903	1.1576e-06
-0.011909	0.34323	2.4307e-07
-0.011909	0.39742	5.0932e-07
-0.011909	0.45161	9.0486e-07
-0.011909	0.50581	5.4506e-07
-0.011909	0.56	1.3768e-06
-0.011909	0.61419	1.7167e-06
-0.011909	0.66839	4.2968e-07
-0.011909	0.72258	2.2383e-07
-0.011909	0.77677	4.338e-07
-0.011909	0.83097	5.7328e-08
-0.011909	0.88516	4.3694e-07
-0.011909	0.93935	5.3383e-07
-0.011909	0.99354	6.0603e-08
-0.011909	1.0477	3.891e-07
-0.011909	1.1019	4.8412e-07
-0.011909	1.1561	6.8987e-08
-0.011909	1.2103	5.0476e-07
-0.011909	1.2645	1.1399e-06
-0.011909	1.3187	1.0852e-06
-0.011909	1.3729	7.5597e-07
-0.011909	1.4271	3.3263e-07
-0.011909	1.4813	3.477e-08
-0.011909	1.5355	6.9377e-08
-0.011909	1.5897	8.9909e-08
-0.011909	1.6439	1.5735e-08
-0.011909	1.6981	2.3589e-08
-0.011909	1.7523	3.181e-08
-0.011909	1.8065	5.426e-09
-0.011909	1.8606	3.7395e-09
-0.011909	1.9148	6.2446e-09
-0.011909	1.969	1.9057e-09
-0.011909	2.0232	4.4101e-10
-0.011909	2.0774	1.3971e-10
-0.011909	2.1316	3.5842e-10
-0.011909	2.1858	1.0674e-09
-0.011909	2.24	2.0458e-09
-0.011909	2.2942	8.266e-10
-0.011909	2.3484	1.4944e-09
-0.011909	2.4026	3.4636e-09
-0.011909	2.4568	1.1584e-09
0.023818	-2.4748	5.4857e-09
0.023818	-2.4206	2.2256e-08
0.023818	-2.3665	1.0301e-08
0.023818	-2.3123	1.0845e-09
0.023818	-2.2581	5.587e-10
0.023818	-2.2039	5.5957e-10
0.023818	-2.1497	2.2652e-10
0.023818	-2.0955	2.9234e-10
0.023818	-2.0413	9.1759e-10
0.023818	-1.9871	1.3415e-09
0.023818	-1.9329	2.5866e-09
0.023818	-1.8787	9.2382e-09
0.023818	-1.8245	2.9055e-09
0.023818	-1.7703	4.16e-08
0.023818	-1.7161	9.6387e-08
0.023818	-1.6619	2.2719e-08
0.023818	-1.6077	4.3217e-07
0.023818	-1.5535	9.731e-07
0.023818	-1.4994	2.2141e-07
0.023818	-1.4452	4.5341e-06
0.023818	-1.391	2.2723e-05
0.023818	-1.3368	4.1742e-05
0.023818	-1.2826	3.8182e-05
0.023818	-1.2284	1.726e-05
0.023818	-1.1742	2.8841e-06
0.023818	-1.12	1.9949e-05
0.023818	-1.0658	0.00039159
0.023818	-1.0116	3.0014e-06
0.023818	-0.95742	2.9857e-07
0.023818	-0.90323	6.466e-07
0.023818	-0.84903	2.6209e-07
0.023818	-0.79484	5.2313e-07
0.023818	-0.74065	2.1138e-06
0.023818	-0.68645	1.2689e-06
0.023818	-0.63226	5.3629e-07
0.023818	-0.57806	2.4067e-06
0.023818	-0.52387	9.6959e-07
0.023818	-0.46968	2.8189e-06
0.023818	-0.41548	8.7146e-06
0.023818	-0.36129	2.9831e-06
0.023818	-0.3071	7.0482e-06
0.023818	-0.2529	2.7965e-05
0.023818	-0.19871	1.3253e-05
0.023818	-0.14452	2.4483e-05
0.023818	-0.090324	0.0002
0.023818	-0.036129	0.00041382
0.023818	0.018065	0.00039298
0.023818	0.072258	0.00017855
0.023818	0.12645	2.6917e-05
0.023818	0.18065	2.4795e-06
0.023818	0.23484	8.1421e-06
0.023818	0.28903	3.3546e-06
0.023818	0.34323	2.4292e-07
0.023818	0.39742	5.9182e-07
0.023818	0.45161	9.1442e-07
0.023818	0.50581	5.2827e-07
0.023818	0.56	6.7745e-07
0.023818	0.61419	1.2625e-06
0.023818	0.66839	6.6061e-07
0.023818	0.72258	1.7863e-07
0.023818	0.77677	3.0862e-07
0.023818	0.83097	5.8691e-08
0.023818	0.88516	2.8911e-07
0.023818	0.93935	4.0268e-07
0.023818	0.99354	6.4507e-08
0.023818	1.0477	7.34e-07
0.023818	1.1019	8.4292e-07
0.023818	1.1561	1.6066e-07
0.023818	1.2103	2.2515e-06
0.023818	1.2645	5.5498e-06
0.023818	1.3187	5.2251e-06
0.023818	1.3729	2.3111e-06
0.023818	1.4271	4.3735e-07
0.023818	1.4813	1.8907e-08
0.023818	1.5355	1.5237e-08
0.023818	1.5897	2.119e-08
0.023818	1.6439	6.3412e-09
0.023818	1.6981	9.786e-09
0.023818	1.7523	1.2652e-08
0.023818	1.8065	2.0758e-09
0.023818	1.8606	3.4807e-09
0.023818	1.9148	5.3456e-09
0.023818	1.969	1.7225e-09
0.023818	2.0232	3.3016e-10
0.023818	2.0774	1.5758e-10
0.023818	2.1316	3.957e-10
0.023818	2.1858	1.1718e-09
0.023818	2.24	2.5675e-09
0.023818	2.2942	9.5187e-10
0.023818	2.3484	4.5896e-09
0.023818	2.4026	1.0964e-08
0.023818	2.4568	3.08e-09
0.059544	-2.4748	1.461e-08
0.059544	-2.4206	5.9863e-08
0.059544	-2.3665	2.5675e-08
0.059544	-2.3123	1.7282e-09
0.059544	-2.2581	3.7874e-09
0.059544	-2.2039	1.6564e-09
0.059544	-2.1497	2.8198e-10
0.059544	-2.0955	3.9807e-10
0.059544	-2.0413	1.0062e-09
0.059544	-1.9871	1.7824e-09
0.059544	-1.9329	1.5991e-09
0.059544	-1.8787	2.8996e-09
0.059544	-1.8245	1.4275e-09
0.059544	-1.7703	1.6324e-08
0.059544	-1.7161	3.9445e-08
0.059544	-1.6619	1.8857e-08
0.059544	-1.6077	3.8863e-07
0.059544	-1.5535	7.7304e-07
0.059544	-1.4994	2.3615e-07
0.059544	-1.4452	7.326e-06
0.059544	-1.391	3.5762e-05
0.059544	-1.3368	7.0072e-05
0.059544	-1.2826	7.019e-05
0.059544	-1.2284	3.4199e-05
0.059544	-1.1742	4.8591e-06
0.059544	-1.12	4.1262e-05
0.059544	-1.0658	0.00063563
0.059544	-1.0116	4.8385e-06
0.059544	-0.95742	5.008e-07
0.059544	-0.90323	7.6301e-07
0.059544	-0.84903	1.8655e-07
0.059544	-0.79484	1.118e-07
0.059544	-0.74065	4.9446e-07
0.059544	-0.68645	4.6379e-07
0.059544	-0.63226	1.2856e-07
0.059544	-0.57806	7.2673e-07
0.059544	-0.52387	3.947e-07
0.059544	-0.46968	1.5165e-06
0.059544	-0.41548	4.4739e-06
0.059544	-0.36129	1.2406e-06
0.059544	-0.3071	7.2055e-06
0.059544	-0.2529	2.4037e-05
0.059544	-0.19871	9.0193e-06
0.059544	-0.14452	3.9441e-05
0.059544	-0.090324	0.00027592
0.059544	-0.036129	0.00056862
0.059544	0.018065	0.00055296
0.059544	0.072258	0.00025393
0.059544	0.12645	3.4445e-05
0.059544	0.18065	7.6093e-06
0.059544	0.23484	1.9835e-05
0.059544	0.28903	6.4403e-06
0.059544	0.34323	7.4616e-07
0.059544	0.39742	3.0805e-06
0.059544	0.45161	1.9335e-06
0.059544	0.50581	3.6304e-07
0.059544	0.56	1.5017e-07
0.059544	0.61419	8.6925e-07
0.059544	0.66839	1.0456e-06
0.059544	0.72258	2.8337e-07
0.059544	0.77677	1.0958e-07
0.059544	0.83097	1.2265e-07
0.059544	0.88516	5.0186e-08
0.059544	0.93935	1.0814e-07
0.059544	0.99354	4.6974e-08
0.059544	1.0477	5.8397e-07
0.059544	1.1019	6.4539e-07
0.059544	1.1561	2.689e-07
0.059544	1.2103	3.9573e-06
0.059544	1.2645	1.0235e-05
0.059544	1.3187	1.0835e-05
0.059544	1.3729	5.432e-06
0.059544	1.4271	1.0564e-06
0.059544	1.4813	3.11e-08
0.059544	1.5355	8.3453e-08
0.059544	1.5897	4.282e-08
0.059544	1.6439	4.0423e-09
0.059544	1.6981	1.2476e-09
0.059544	1.7523	1.7324e-09
0.059544	1.8065	5.0091e-10
0.059544	1.8606	1.8104e-09
0.059544	1.9148	3.0753e-09
0.059544	1.969	1.4406e-09
0.059544	2.0232	4.0325e-10
0.059544	2.0774	2.4051e-10
0.059544	2.1316	3.3479e-10
0.059544	2.1858	8.1467e-10
0.059544	2.24	1.8659e-09
0.059544	2.2942	7.5298e-10
0.059544	2.3484	7.1637e-09
0.059544	2.4026	1.5378e-08
0.059544	2.4568	3.599e-09
0.095271	-2.4748	2.3044e-08
0.095271	-2.4206	7.8114e-08
0.095271	-2.3665	2.9588e-08
0.095271	-2.3123	2.7801e-09
0.095271	-2.2581	9.4234e-09
0.095271	-2.2039	3.3089e-09
0.095271	-2.1497	2.9179e-10
0.095271	-2.0955	5.9939e-10
0.095271	-2.0413	1.649e-09
0.095271	-1.9871	2.4171e-09
0.095271	-1.9329	2.5423e-09
0.095271	-1.8787	9.0407e-10
0.095271	-1.8245	2.2722e-09
0.095271	-1.7703	3.3716e-09
0.095271	-1.7161	4.5193e-09
0.095271	-1.6619	1.032e-08
0.095271	-1.6077	1.582e-07
0.095271	-1.5535	2.9561e-07
0.095271	-1.4994	2.2981e-07
0.095271	-1.4452	6.7517e-06
0.095271	-1.391	3.286e-05
0.095271	-1.3368	6.8194e-05
0.095271	-1.2826	7.2723e-05
0.095271	-1.2284	3.6348e-05
0.095271	-1.1742	4.4576e-06
0.095271	-1.12	6.3049e-05
0.095271	-1.0658	0.00077683
0.095271	-1.0116	5.3704e-06
0.095271	-0.95742	3.0485e-06
0.095271	-0.90323	3.3234e-06
0.095271	-0.84903	4.673e-07
0.095271	-0.79484	3.6393e-07
0.095271	-0.74065	5.1002e-07
0.095271	-0.68645	2.7744e-07
0.095271	-0.63226	2.8203e-07
0.095271	-0.57806	1.0517e-07
0.095271	-0.52387	1.0341e-07
0.095271	-0.46968	2.9493e-07
0.095271	-0.41548	8.8554e-07
0.095271	-0.36129	2.4592e-07
0.095271	-0.3071	4.0898e-06
0.095271	-0.2529	1.2247e-05
0.095271	-0.19871	3.6958e-06
0.095271	-0.14452	4.0403e-05
0.095271	-0.090324	0.00025369
0.095271	-0.036129	0.00052673
0.095271	0.018065	0.00052337
0.095271	0.072258	0.00023938
0.095271	0.12645	2.801e-05
0.095271	0.18065	1.3954e-05
0.095271	0.23484	2.8811e-05
0.095271	0.28903	7.5089e-06
0.095271	0.34323	2.2716e-06
0.095271	0.39742	7.4259e-06
0.095271	0.45161	3.1465e-06
0.095271	0.50581	3.7371e-07
0.095271	0.56	8.9342e-07
0.095271	0.61419	1.0226e-06
0.095271	0.66839	1.5449e-06
0.095271	0.72258	8.6533e-07
0.095271	0.77677	7.4541e-08
0.095271	0.83097	4.3806e-07
0.095271	0.88516	3.5274e-07
0.095271	0.93935	4.7791e-08
0.095271	0.99354	1.9744e-08
0.095271	1.0477	1.0984e-07
0.095271	1.1019	1.6681e-07
0.095271	1.1561	2.3444e-07
0.095271	1.2103	3.1927e-06
0.095271	1.2645	9.0397e-06
0.095271	1.3187	1.0697e-05
0.095271	1.3729	5.8783e-06
0.095271	1.4271	1.1516e-06
0.095271	1.4813	5.02e-08
0.095271	1.5355	2.1271e-07
0.095271	1.5897	9.4181e-08
0.095271	1.6439	4.2863e-09
0.095271	1.6981	1.1946e-08
0.095271	1.7523	5.6911e-09
0.095271	1.8065	6.3152e-10
0.095271	1.8606	1.4295e-09
0.095271	1.9148	1.9103e-09
0.095271	1.969	1.364e-09
0.095271	2.0232	5.5056e-10
0.095271	2.0774	2.9397e-10
0.095271	2.1316	2.8161e-10
0.095271	2.1858	3.3833e-10
0.095271	2.24	6.7495e-10
0.095271	2.2942	5.1921e-10
0.095271	2.3484	6.3319e-09
0.095271	2.4026	1.1969e-08
0.095271	2.4568	3.086e-09
0.131	-2.4748	2.0347e-08
0.131	-2.4206	5.6413e-08
0.131	-2.3665	1.8685e-08
0.131	-2.3123	3.905e-09
0.131	-2.2581	1.1539e-08
0.131	-2.2039	3.2471e-09
0.131	-2.1497	2.6854e-10
0.131	-2.0955	7.817e-10
0.131	-2.0413	2.5322e-09
0.131	-1.9871	2.6533e-09
0.131	-1.9329	6.4335e-09
0.131	-1.8787	4.5719e-09
0.131	-1.8245	7.898e-09
0.131	-1.7703	3.0456e-08
0.131	-1.7161	1.8271e-08
0.131	-1.6619	5.9704e-09
0.131	-1.6077	1.9793e-08
0.131	-1.5535	2.4838e-08
0.131	-1.4994	1.1459e-07
0.131	-1.4452	2.8025e-06
0.131	-1.391	1.5367e-05
0.131	-1.3368	3.6589e-05
0.131	-1.2826	4.363e-05
0.131	-1.2284	2.2941e-05
0.131	-1.1742	2.7615e-06
0.131	-1.12	5.6453e-05
0.131	-1.0658	0.00088765
0.131	-1.0116	3.7839e-06
0.131	-0.95742	7.2686e-06
0.131	-0.90323	5.9812e-06
0.131	-0.84903	5.8204e-07
0.131	-0.79484	1.8341e-06
0.131	-0.74065	2.2593e-06
0.131	-0.68645	4.7821e-07
0.131	-0.63226	1.1145e-06
0.131	-0.57806	8.7184e-07
0.131	-0.52387	1.252e-07
0.131	-0.46968	7.025e-07
0.131	-0.41548	4.9223e-07
0.131	-0.36129	6.7142e-08
0.131	-0.3071	6.1695e-07
0.131	-0.2529	2.1376e-06
0.131	-0.19871	7.203e-07
0.131	-0.14452	2.1883e-05
0.131	-0.090324	0.00013618
0.131	-0.036129	0.00030237
0.131	0.018065	0.00031879
0.131	0.072258	0.00014788
0.131	0.12645	1.4652e-05
0.131	0.18065	1.6383e-05
0.131	0.23484	2.7652e-05
0.131	0.28903	5.686e-06
0.131	0.34323	4.2992e-06
0.131	0.39742	1.0686e-05
0.131	0.45161	3.3762e-06
0.131	0.50581	9.6505e-07
0.131	0.56	2.9294e-06
0.131	0.61419	1.5259e-06
0.131	0.66839	2.0242e-06
0.131	0.72258	1.9257e-06
0.131	0.77677	2.3997e-07
0.131	0.83097	1.1981e-06
0.131	0.88516	1.6552e-06
0.131	0.93935	3.4029e-07
0.131	0.99354	2.2272e-07
0.131	1.0477	4.0321e-07
0.131	1.1019	1.0243e-07
0.131	1.1561	4.2623e-08
0.131	1.2103	6.5576e-07
0.131	1.2645	2.8302e-06
0.131	1.3187	4.5354e-06
0.131	1.3729	3.0309e-06
0.131	1.4271	6.2585e-07
0.131	1.4813	6.1993e-08
0.131	1.5355	2.4644e-07
0.131	1.5897	9.9473e-08
0.131	1.6439	7.491e-09
0.131	1.6981	3.2525e-08
0.131	1.7523	1.4697e-08
0.131	1.8065	1.893e-09
0.131	1.8606	4.4888e-09
0.131	1.9148	2.94e-09
0.131	1.969	1.4056e-09
0.131	2.0232	5.6607e-10
0.131	2.0774	3.1679e-10
0.131	2.1316	3.7616e-10
0.131	2.1858	3.5269e-10
0.131	2.24	2.3634e-10
0.131	2.2942	3.273e-10
0.131	2.3484	2.5994e-09
0.131	2.4026	4.4356e-09
0.131	2.4568	2.4806e-09
0.16672	-2.4748	6.5356e-09
0.16672	-2.4206	1.69e-08
0.16672	-2.3665	5.3728e-09
0.16672	-2.3123	3.6872e-09
0.16672	-2.2581	7.8621e-09
0.16672	-2.2039	1.7407e-09
0.16672	-2.1497	2.4805e-10
0.16672	-2.0955	8.4292e-10
0.16672	-2.0413	2.9178e-09
0.16672	-1.9871	2.4023e-09
0.16672	-1.9329	1.119e-08
0.16672	-1.8787	9.5753e-09
0.16672	-1.8245	1.7168e-08
0.16672	-1.7703	8.5023e-08
0.16672	-1.7161	5.198e-08
0.16672	-1.6619	4.1995e-08
0.16672	-1.6077	2.387e-07
0.16672	-1.5535	1.6538e-07
0.16672	-1.4994	4.5637e-08
0.16672	-1.4452	4.7746e-07
0.16672	-1.391	2.0375e-06
0.16672	-1.3368	6.7044e-06
0.16672	-1.2826	1.1247e-05
0.16672	-1.2284	7.4149e-06
0.16672	-1.1742	1.0778e-06
0.16672	-1.12	2.5664e-05
0.16672	-1.0658	0.0013674
0.16672	-1.0116	2.8242e-06
0.16672	-0.95742	9.7425e-06
0.16672	-0.90323	6.1306e-06
0.16672	-0.84903	5.6109e-07
0.16672	-0.79484	3.7638e-06
0.16672	-0.74065	4.1285e-06
0.16672	-0.68645	6.0961e-07
0.16672	-0.63226	2.1557e-06
0.16672	-0.57806	2.1218e-06
0.16672	-0.52387	3.4655e-07
0.16672	-0.46968	3.0249e-06
0.16672	-0.41548	2.7548e-06
0.16672	-0.36129	2.7748e-07
0.16672	-0.3071	1.705e-06
0.16672	-0.2529	1.5946e-06
0.16672	-0.19871	1.9231e-07
0.16672	-0.14452	2.6599e-06
0.16672	-0.090324	2.2514e-05
0.16672	-0.036129	6.9782e-05
0.16672	0.018065	9.3194e-05
0.16672	0.072258	4.8807e-05
0.16672	0.12645	4.3168e-06
0.16672	0.18065	1.1596e-05
0.16672	0.23484	1.6888e-05
0.16672	0.28903	2.7167e-06
0.16672	0.34323	5.1135e-06
0.16672	0.39742	1.0086e-05
0.16672	0.45161	2.398e-06
0.16672	0.50581	1.9627e-06
0.16672	0.56	4.8535e-06
0.16672	0.61419	1.7847e-06
0.16672	0.66839	2.2738e-06
0.16672	0.72258	2.9134e-06
0.16672	0.77677	4.3996e-07
0.16672	0.83097	2.3221e-06
0.16672	0.88516	3.543e-06
0.16672	0.93935	6.9327e-07
0.16672	0.99354	1.1255e-06
0.16672	1.0477	2.465e-06
0.16672	1.1019	6.6385e-07
0.16672	1.1561	6.206e-07
0.16672	1.2103	2.4333e-06
0.16672	1.2645	2.2542e-06
0.16672	1.3187	1.1878e-06
0.16672	1.3729	6.2507e-07
0.16672	1.4271	1.533e-07
0.16672	1.4813	3.6707e-08
0.16672	1.5355	1.386e-07
0.16672	1.5897	5.8333e-08
0.16672	1.6439	1.1385e-08
0.16672	1.6981	3.8746e-08
0.16672	1.7523	1.7088e-08
0.16672	1.8065	4.2319e-09
0.16672	1.8606	9.425e-09
0.16672	1.9148	5.0035e-09
0.16672	1.969	1.3413e-09
0.16672	2.0232	4.2271e-10
0.16672	2.0774	3.8857e-10
0.16672	2.1316	6.2015e-10
0.16672	2.1858	1.1511e-09
0.16672	2.24	9.5179e-10
0.16672	2.2942	2.7422e-10
0.16672	2.3484	6.6365e-10
0.16672	2.4026	6.833e-10
0.16672	2.4568	1.5332e-09
0.20245	-2.4748	3.13e-09
0.20245	-2.4206	2.6845e-09
0.20245	-2.3665	1.1058e-09
0.20245	-2.3123	2.3251e-09
0.20245	-2.2581	2.7902e-09
0.20245	-2.2039	5.4921e-10
0.20245	-2.1497	2.5158e-10
0.20245	-2.0955	8.5596e-10
0.20245	-2.0413	2.6145e-09
0.20245	-1.9871	2.1974e-09
0.20245	-1.9329	1.2605e-08
0.20245	-1.8787	1.0789e-08
0.20245	-1.8245	2.286e-08
0.20245	-1.7703	1.173e-07
0.20245	-1.7161	6.1818e-08
0.20245	-1.6619	1.3502e-07
0.20245	-1.6077	7.1409e-07
0.20245	-1.5535	4.4634e-07
0.20245	-1.4994	5.988e-07
0.20245	-1.4452	5.7638e-06
0.20245	-1.391	1.2278e-05
0.20245	-1.3368	1.1339e-05
0.20245	-1.2826	5.35e-06
0.20245	-1.2284	1.487e-06
0.20245	-1.1742	4.3332e-07
0.20245	-1.12	6.8303e-06
0.20245	-1.0658	0.00029097
0.20245	-1.0116	5.5523e-06
0.20245	-0.95742	7.4006e-06
0.20245	-0.90323	3.7003e-06
0.20245	-0.84903	6.3882e-07
0.20245	-0.79484	4.3952e-06
0.20245	-0.74065	4.3836e-06
0.20245	-0.68645	5.2564e-07
0.20245	-0.63226	2.551e-06
0.20245	-0.57806	2.612e-06
0.20245	-0.52387	5.9494e-07
0.20245	-0.46968	5.4469e-06
0.20245	-0.41548	4.7672e-06
0.20245	-0.36129	8.5741e-07
0.20245	-0.3071	8.7777e-06
0.20245	-0.2529	8.9953e-06
0.20245	-0.19871	1.2774e-06
0.20245	-0.14452	1.6926e-05
0.20245	-0.090324	3.5041e-05
0.20245	-0.036129	2.455e-05
0.20245	0.018065	9.1554e-06
0.20245	0.072258	3.6303e-06
0.20245	0.12645	4.0831e-07
0.20245	0.18065	3.4725e-06
0.20245	0.23484	5.0261e-06
0.20245	0.28903	6.983e-07
0.20245	0.34323	3.5526e-06
0.20245	0.39742	5.9308e-06
0.20245	0.45161	1.0633e-06
0.20245	0.50581	2.4641e-06
0.20245	0.56	5.0343e-06
0.20245	0.61419	1.4734e-06
0.20245	0.66839	2.0593e-06
0.20245	0.72258	3.0897e-06
0.20245	0.77677	5.1155e-07
0.20245	0.83097	3.2521e-06
0.20245	0.88516	4.798e-06
0.20245	0.93935	7.8013e-07
0.20245	0.99354	2.879e-06
0.20245	1.0477	5.768e-06
0.20245	1.1019	1.3108e-06
0.20245	1.1561	3.8339e-06
0.20245	1.2103	1.5823e-05
0.20245	1.2645	1.8976e-05
0.20245	1.3187	1.0377e-05
0.20245	1.3729	2.6198e-06
0.20245	1.4271	2.1792e-07
0.20245	1.4813	1.7942e-08
0.20245	1.5355	5.7062e-08
0.20245	1.5897	3.0821e-08
0.20245	1.6439	8.6426e-09
0.20245	1.6981	2.3081e-08
0.20245	1.7523	1.2987e-08
0.20245	1.8065	6.5269e-09
0.20245	1.8606	1.1776e-08
0.20245	1.9148	6.1989e-09
0.20245	1.969	1.2408e-09
0.20245	2.0232	3.2258e-10
0.20245	2.0774	5.1133e-10
0.20245	2.1316	8.4248e-10
0.20245	2.1858	2.1946e-09
0.20245	2.24	1.9239e-09
0.20245	2.2942	8.1894e-10
0.20245	2.3484	4.6542e-09
0.20245	2.4026	3.8057e-09
0.20245	2.4568	1.9166e-09
0.23818	-2.4748	3.3209e-08
0.23818	-2.4206	3.1169e-08
0.23818	-2.3665	5.4193e-09
0.23818	-2.3123	3.3615e-09
0.23818	-2.2581	2.493e-09
0.23818	-2.2039	5.6523e-10
0.23818	-2.1497	3.9744e-10
0.23818	-2.0955	1.1713e-09
0.23818	-2.0413	2.506e-09
0.23818	-1.9871	2.4693e-09
0.23818	-1.9329	8.6429e-09
0.23818	-1.8787	7.4418e-09
0.23818	-1.8245	1.7448e-08
0.23818	-1.7703	9.1626e-08
0.23818	-1.7161	3.9838e-08
0.23818	-1.6619	2.1964e-07
0.23818	-1.6077	9.9727e-07
0.23818	-1.5535	5.0027e-07
0.23818	-1.4994	2.0642e-06
0.23818	-1.4452	1.794e-05
0.23818	-1.391	4.3654e-05
0.23818	-1.3368	4.9738e-05
0.23818	-1.2826	2.7235e-05
0.23818	-1.2284	4.523e-06
0.23818	-1.1742	2.7618e-06
0.23818	-1.12	2.2615e-05
0.23818	-1.0658	0.00038149
0.23818	-1.0116	1.128e-05
0.23818	-0.95742	2.5935e-06
0.23818	-0.90323	1.4475e-06
0.23818	-0.84903	6.5554e-07
0.23818	-0.79484	2.8693e-06
0.23818	-0.74065	2.957e-06
0.23818	-0.68645	4.6007e-07
0.23818	-0.63226	1.8525e-06
0.23818	-0.57806	1.9404e-06
0.23818	-0.52387	6.2048e-07
0.23818	-0.46968	5.5346e-06
0.23818	-0.41548	4.3586e-06
0.23818	-0.36129	1.8522e-06
0.23818	-0.3071	1.6518e-05
0.23818	-0.2529	1.5204e-05
0.23818	-0.19871	4.9605e-06
0.23818	-0.14452	7.7411e-05
0.23818	-0.090324	0.00019661
0.23818	-0.036129	0.00020294
0.23818	0.018065	9.7601e-05
0.23818	0.072258	1.7631e-05
0.23818	0.12645	4.4812e-07
0.23818	0.18065	9.3605e-07
0.23818	0.23484	5.2588e-07
0.23818	0.28903	9.4543e-08
0.23818	0.34323	9.3651e-07
0.23818	0.39742	1.5704e-06
0.23818	0.45161	2.4513e-07
0.23818	0.50581	1.7654e-06
0.23818	0.56	3.2595e-06
0.23818	0.61419	8.2563e-07
0.23818	0.66839	1.322e-06
0.23818	0.72258	2.2329e-06
0.23818	0.77677	4.2806e-07
0.23818	0.83097	3.2341e-06
0.23818	0.88516	4.4161e-06
0.23818	0.93935	6.0884e-07
0.23818	0.99354	4.6815e-06
0.23818	1.0477	8.1566e-06
0.23818	1.1019	1.4726e-06
0.23818	1.1561	1.0491e-05
0.23818	1.2103	4.0373e-05
0.23818	1.2645	5.185e-05
0.23818	1.3187	3.1644e-05
0.23818	1.3729	8.7603e-06
0.23818	1.4271	6.14e-07
0.23818	1.4813	1.7452e-07
0.23818	1.5355	2.2398e-07
0.23818	1.5897	5.2794e-08
0.23818	1.6439	3.2508e-09
0.23818	1.6981	1.1486e-08
0.23818	1.7523	1.1364e-08
0.23818	1.8065	6.3044e-09
0.23818	1.8606	9.0294e-09
0.23818	1.9148	5.9773e-09
0.23818	1.969	1.473e-09
0.23818	2.0232	4.26e-10
0.23818	2.0774	5.7321e-10
0.23818	2.1316	8.4567e-10
0.23818	2.1858	2.3878e-09
0.23818	2.24	2.0073e-09
0.23818	2.2942	2.1386e-09
0.23818	2.3484	1.2094e-08
0.23818	2.4026	8.7954e-09
0.23818	2.4568	9.3296e-09
0.2739	-2.4748	8.6647e-08
0.2739	-2.4206	7.4873e-08
0.2739	-2.3665	1.0659e-08
0.2739	-2.3123	9.8779e-09
0.2739	-2.2581	7.776e-09
0.2739	-2.2039	1.1234e-09
0.2739	-2.1497	8.0911e-10
0.2739	-2.0955	2.2645e-09
0.2739	-2.0413	3.6378e-09
0.2739	-1.9871	3.1547e-09
0.2739	-1.9329	2.8367e-09
0.2739	-1.8787	3.3836e-09
0.2739	-1.8245	5.7636e-09
0.2739	-1.7703	3.2495e-08
0.2739	-1.7161	1.3072e-08
0.2739	-1.6619	1.9075e-07
0.2739	-1.6077	7.6503e-07
0.2739	-1.5535	2.9947e-07
0.2739	-1.4994	3.454e-06
0.2739	-1.4452	2.7049e-05
0.2739	-1.391	6.8866e-05
0.2739	-1.3368	8.5074e-05
0.2739	-1.2826	5.0386e-05
0.2739	-1.2284	8.1798e-06
0.2739	-1.1742	8.8572e-06
0.2739	-1.12	5.5868e-05
0.2739	-1.0658	0.001665
0.2739	-1.0116	1.8005e-05
0.2739	-0.95742	4.6812e-06
0.2739	-0.90323	2.0925e-06
0.2739	-0.84903	3.6139e-07
0.2739	-0.79484	8.5816e-07
0.2739	-0.74065	1.511e-06
0.2739	-0.68645	6.7602e-07
0.2739	-0.63226	6.7367e-07
0.2739	-0.57806	7.9717e-07
0.2739	-0.52387	3.1419e-07
0.2739	-0.46968	2.9623e-06
0.2739	-0.41548	2.1453e-06
0.2739	-0.36129	2.4482e-06
0.2739	-0.3071	1.7164e-05
0.2739	-0.2529	1.3506e-05
0.2739	-0.19871	1.1216e-05
0.2739	-0.14452	0.00014602
0.2739	-0.090324	0.00038148
0.2739	-0.036129	0.00043616
0.2739	0.018065	0.00024075
0.2739	0.072258	4.9452e-05
0.2739	0.12645	2.0184e-06
0.2739	0.18065	8.6075e-06
0.2739	0.23484	4.0956e-06
0.2739	0.28903	1.9402e-07
0.2739	0.34323	3.8813e-07
0.2739	0.39742	2.1841e-07
0.2739	0.45161	3.848e-08
0.2739	0.50581	4.712e-07
0.2739	0.56	1.0423e-06
0.2739	0.61419	3.1219e-07
0.2739	0.66839	4.2618e-07
0.2739	0.72258	9.4058e-07
0.2739	0.77677	2.5524e-07
0.2739	0.83097	2.0666e-06
0.2739	0.88516	2.6271e-06
0.2739	0.93935	4.0371e-07
0.2739	0.99354	5.0741e-06
0.2739	1.0477	7.6596e-06
0.2739	1.1019	1.2244e-06
0.2739	1.1561	1.7773e-05
0.2739	1.2103	6.3165e-05
0.2739	1.2645	8.2446e-05
0.2739	1.3187	5.2063e-05
0.2739	1.3729	1.4521e-05
0.2739	1.4271	8.4166e-07
0.2739	1.4813	6.3631e-07
0.2739	1.5355	6.4532e-07
0.2739	1.5897	9.4603e-08
0.2739	1.6439	2.1323e-08
0.2739	1.6981	3.9102e-08
0.2739	1.7523	1.6614e-08
0.2739	1.8065	3.1858e-09
0.2739	1.8606	4.3127e-09
0.2739	1.9148	5.4945e-09
0.2739	1.969	2.1891e-09
0.2739	2.0232	6.1985e-10
0.2739	2.0774	5.2614e-10
0.2739	2.1316	6.3153e-10
0.2739	2.1858	1.3225e-09
0.2739	2.24	1.1836e-09
0.2739	2.2942	3.0396e-09
0.2739	2.3484	1.4541e-08
0.2739	2.4026	8.9821e-09
0.2739	2.4568	2.5596e-08
0.30963	-2.4748	1.1765e-07
0.30963	-2.4206	9.0766e-08
0.30963	-2.3665	1.2127e-08
0.30963	-2.3123	1.8843e-08
0.30963	-2.2581	1.3113e-08
0.30963	-2.2039	1.239e-09
0.30963	-2.1497	1.3234e-09
0.30963	-2.0955	4.1722e-09
0.30963	-2.0413	5.7087e-09
0.30963	-1.9871	4.3781e-09
0.30963	-1.9329	2.2071e-09
0.30963	-1.8787	3.0881e-09
0.30963	-1.8245	8.6216e-09
0.30963	-1.7703	6.0901e-09
0.30963	-1.7161	3.065e-09
0.30963	-1.6619	6.0996e-08
0.30963	-1.6077	2.4674e-07
0.30963	-1.5535	9.1931e-08
0.30963	-1.4994	3.0354e-06
0.30963	-1.4452	2.2715e-05
0.30963	-1.391	6.1233e-05
0.30963	-1.3368	8.0838e-05
0.30963	-1.2826	4.9726e-05
0.30963	-1.2284	7.3367e-06
0.30963	-1.1742	1.4793e-05
0.30963	-1.12	7.1182e-05
0.30963	-1.0658	0.00026229
0.30963	-1.0116	5.4448e-05
0.30963	-0.95742	2.3889e-05
0.30963	-0.90323	5.1769e-06
0.30963	-0.84903	4.4353e-07
0.30963	-0.79484	1.6502e-06
0.30963	-0.74065	1.6558e-06
0.30963	-0.68645	1.1682e-06
0.30963	-0.63226	3.3831e-07
0.30963	-0.57806	1.4416e-07
0.30963	-0.52387	1.2986e-07
0.30963	-0.46968	4.1868e-07
0.30963	-0.41548	3.819e-07
0.30963	-0.36129	1.6167e-06
0.30963	-0.3071	9.318e-06
0.30963	-0.2529	6.2448e-06
0.30963	-0.19871	1.4637e-05
0.30963	-0.14452	0.00015704
0.30963	-0.090324	0.00041576
0.30963	-0.036129	0.000501
0.30963	0.018065	0.00029083
0.30963	0.072258	5.8806e-05
0.30963	0.12645	4.5406e-06
0.30963	0.18065	2.0375e-05
0.30963	0.23484	9.2665e-06
0.30963	0.28903	6.3868e-07
0.30963	0.34323	3.5015e-06
0.30963	0.39742	1.9474e-06
0.30963	0.45161	1.0107e-07
0.30963	0.50581	2.4352e-07
0.30963	0.56	1.6919e-07
0.30963	0.61419	1.7453e-07
0.30963	0.66839	7.6532e-08
0.30963	0.72258	1.2698e-07
0.30963	0.77677	9.2367e-08
0.30963	0.83097	5.9677e-07
0.30963	0.88516	7.7695e-07
0.30963	0.93935	2.4542e-07
0.30963	0.99354	3.3833e-06
0.30963	1.0477	4.5389e-06
0.30963	1.1019	9.5676e-07
0.30963	1.1561	1.9836e-05
0.30963	1.2103	6.6499e-05
0.30963	1.2645	8.7815e-05
0.30963	1.3187	5.639e-05
0.30963	1.3729	1.5355e-05
0.30963	1.4271	7.1653e-07
0.30963	1.4813	1.2414e-06
0.30963	1.5355	1.0427e-06
0.30963	1.5897	1.0646e-07
0.30963	1.6439	8.6783e-08
0.30963	1.6981	1.0714e-07
0.30963	1.7523	2.2781e-08
0.30963	1.8065	1.8808e-09
0.30963	1.8606	4.1314e-09
0.30963	1.9148	5.9762e-09
0.30963	1.969	2.914e-09
0.30963	2.0232	6.8141e-10
0.30963	2.0774	5.0999e-10
0.30963	2.1316	6.5222e-10
0.30963	2.1858	5.0146e-10
0.30963	2.24	5.583e-10
0.30963	2.2942	1.9639e-09
0.30963	2.3484	7.572e-09
0.30963	2.4026	4.3899e-09
0.30963	2.4568	3.6399e-08
0.34536	-2.4748	9.057e-08
0.34536	-2.4206	6.4695e-08
0.34536	-2.3665	1.0579e-08
0.34536	-2.3123	2.2068e-08
0.34536	-2.2581	1.2889e-08
0.34536	-2.2039	8.1224e-10
0.34536	-2.1497	1.4813e-09
0.34536	-2.0955	5.9293e-09
0.34536	-2.0413	7.0302e-09
0.34536	-1.9871	7.0568e-09
0.34536	-1.9329	1.0426e-08
0.34536	-1.8787	7.6873e-09
0.34536	-1.8245	4.4185e-08
0.34536	-1.7703	4.8802e-08
0.34536	-1.7161	9.0853e-09
0.34536	-1.6619	4.156e-08
0.34536	-1.6077	4.5528e-08
0.34536	-1.5535	2.1357e-08
0.34536	-1.4994	9.1498e-07
0.34536	-1.4452	7.9987e-06
0.34536	-1.391	2.6179e-05
0.34536	-1.3368	4.0236e-05
0.34536	-1.2826	2.6902e-05
0.34536	-1.2284	3.73e-06
0.34536	-1.1742	1.418e-05
0.34536	-1.12	5.3514e-05
0.34536	-1.0658	6.3056e-05
0.34536	-1.0116	0.0004152
0.34536	-0.95742	6.008e-05
0.34536	-0.90323	7.3004e-06
0.34536	-0.84903	2.5357e-06
0.34536	-0.79484	6.7729e-06
0.34536	-0.74065	3.218e-06
0.34536	-0.68645	1.6932e-06
0.34536	-0.63226	1.6159e-06
0.34536	-0.57806	3.0653e-07
0.34536	-0.52387	9.6653e-07
0.34536	-0.46968	1.0854e-06
0.34536	-0.41548	2.7408e-07
0.34536	-0.36129	2.9612e-07
0.34536	-0.3071	1.2928e-06
0.34536	-0.2529	8.388e-07
0.34536	-0.19871	9.1298e-06
0.34536	-0.14452	8.8883e-05
0.34536	-0.090324	0.00025393
0.34536	-0.036129	0.00033361
0.34536	0.018065	0.00020567
0.34536	0.072258	4.0118e-05
0.34536	0.12645	6.4374e-06
0.34536	0.18065	2.4592e-05
0.34536	0.23484	9.8781e-06
0.34536	0.28903	1.5452e-06
0.34536	0.34323	7.9702e-06
0.34536	0.39742	4.0523e-06
0.34536	0.45161	3.616e-07
0.34536	0.50581	2.0326e-06
0.34536	0.56	9.9982e-07
0.34536	0.61419	3.1438e-07
0.34536	0.66839	7.3745e-07
0.34536	0.72258	1.9472e-07
0.34536	0.77677	9.3362e-08
0.34536	0.83097	1.9214e-07
0.34536	0.88516	8.5842e-08
0.34536	0.93935	7.5317e-08
0.34536	0.99354	9.3005e-07
0.34536	1.0477	1.2534e-06
0.34536	1.1019	6.5362e-07
0.34536	1.1561	1.3317e-05
0.34536	1.2103	4.4556e-05
0.34536	1.2645	6.1428e-05
0.34536	1.3187	4.0761e-05
0.34536	1.3729	1.0809e-05
0.34536	1.4271	4.4326e-07
0.34536	1.4813	1.5509e-06
0.34536	1.5355	1.097e-06
0.34536	1.5897	8.0309e-08
0.34536	1.6439	1.7922e-07
0.34536	1.6981	1.7087e-07
0.34536	1.7523	2.1973e-08
0.34536	1.8065	8.7701e-09
0.34536	1.8606	1.1677e-08
0.34536	1.9148	7.1001e-09
0.34536	1.969	2.8883e-09
0.34536	2.0232	6.3604e-10
0.34536	2.0774	6.9681e-10
0.34536	2.1316	1.9729e-09
0.34536	2.1858	2.8744e-09
0.34536	2.24	9.5173e-10
0.34536	2.2942	1.4372e-09
0.34536	2.3484	1.639e-09
0.34536	2.4026	1.3343e-09
0.34536	2.4568	2.1429e-08
0.38108	-2.4748	2.8739e-08
0.38108	-2.4206	2.3263e-08
0.38108	-2.3665	7.7037e-09
0.38108	-2.3123	1.5195e-08
0.38108	-2.2581	7.5914e-09
0.38108	-2.2039	5.7492e-10
0.38108	-2.1497	1.0911e-09
0.38108	-2.0955	6.057e-09
0.38108	-2.0413	6.5283e-09
0.38108	-1.9871	1.173e-08
0.38108	-1.9329	2.2745e-08
0.38108	-1.8787	1.3956e-08
0.38108	-1.8245	1.0069e-07
0.38108	-1.7703	1.226e-07
0.38108	-1.7161	3.1579e-08
0.38108	-1.6619	3.59e-07
0.38108	-1.6077	4.6725e-07
0.38108	-1.5535	7.3184e-08
0.38108	-1.4994	9.1229e-07
0.38108	-1.4452	2.3087e-06
0.38108	-1.391	3.4731e-06
0.38108	-1.3368	5.9861e-06
0.38108	-1.2826	5.481e-06
0.38108	-1.2284	1.0323e-06
0.38108	-1.1742	6.4388e-06
0.38108	-1.12	2.0747e-05
0.38108	-1.0658	1.6831e-05
0.38108	-1.0116	0.0028087
0.38108	-0.95742	9.68e-05
0.38108	-0.90323	6.0342e-06
0.38108	-0.84903	7.1012e-06
0.38108	-0.79484	1.3362e-05
0.38108	-0.74065	4.4854e-06
0.38108	-0.68645	1.9821e-06
0.38108	-0.63226	3.7615e-06
0.38108	-0.57806	8.6087e-07
0.38108	-0.52387	3.0795e-06
0.38108	-0.46968	5.0006e-06
0.38108	-0.41548	1.0367e-06
0.38108	-0.36129	1.7593e-06
0.38108	-0.3071	3.2597e-06
0.38108	-0.2529	8.3972e-07
0.38108	-0.19871	1.147e-06
0.38108	-0.14452	1.2942e-05
0.38108	-0.090324	5.4007e-05
0.38108	-0.036129	9.6169e-05
0.38108	0.018065	7.2476e-05
0.38108	0.072258	1.4872e-05
0.38108	0.12645	5.005e-06
0.38108	0.18065	1.6624e-05
0.38108	0.23484	5.8727e-06
0.38108	0.28903	2.3837e-06
0.38108	0.34323	9.4725e-06
0.38108	0.39742	4.1515e-06
0.38108	0.45161	9.3057e-07
0.38108	0.50581	4.661e-06
0.38108	0.56	2.3011e-06
0.38108	0.61419	5.0376e-07
0.38108	0.66839	2.03e-06
0.38108	0.72258	7.4232e-07
0.38108	0.77677	4.0581e-07
0.38108	0.83097	1.4177e-06
0.38108	0.88516	5.6267e-07
0.38108	0.93935	6.8281e-08
0.38108	0.99354	2.6986e-07
0.38108	1.0477	1.3231e-07
0.38108	1.1019	1.707e-07
0.38108	1.1561	3.335e-06
0.38108	1.2103	1.364e-05
0.38108	1.2645	2.2485e-05
0.38108	1.3187	1.6827e-05
0.38108	1.3729	4.5375e-06
0.38108	1.4271	2.3509e-07
0.38108	1.4813	1.2488e-06
0.38108	1.5355	7.6008e-07
0.38108	1.5897	4.7942e-08
0.38108	1.6439	2.3089e-07
0.38108	1.6981	1.7825e-07
0.38108	1.7523	1.466e-08
0.38108	1.8065	2.3607e-08
0.38108	1.8606	2.2622e-08
0.38108	1.9148	7.3316e-09
0.38108	1.969	1.9341e-09
0.38108	2.0232	7.5392e-10
0.38108	2.0774	1.0783e-09
0.38108	2.1316	5.8809e-09
0.38108	2.1858	1.0105e-08
0.38108	2.24	2.1012e-09
0.38108	2.2942	1.2149e-08
0.38108	2.3484	1.9634e-08
0.38108	2.4026	4.0346e-09
0.38108	2.4568	1.1504e-08
0.41681	-2.4748	7.5764e-09
0.41681	-2.4206	4.2999e-09
0.41681	-2.3665	4.1375e-09
0.41681	-2.3123	5.2303e-09
0.41681	-2.2581	3.265e-09
0.41681	-2.2039	1.4618e-09
0.41681	-2.1497	1.0237e-09
0.41681	-2.0955	4.5641e-09
0.41681	-2.0413	5.5521e-09
0.41681	-1.9871	1.6271e-08
0.41681	-1.9329	2.8742e-08
0.41681	-1.8787	1.6625e-08
0.41681	-1.8245	1.3506e-07
0.41681	-1.7703	1.5306e-07
0.41681	-1.7161	8.1202e-08
0.41681	-1.6619	9.325e-07
0.41681	-1.6077	1.1223e-06
0.41681	-1.5535	4.0323e-07
0.41681	-1.4994	7.9414e-06
0.41681	-1.4452	2.468e-05
0.41681	-1.391	3.0673e-05
0.41681	-1.3368	1.7916e-05
0.41681	-1.2826	4.3756e-06
0.41681	-1.2284	3.4643e-07
0.41681	-1.1742	5.818e-07
0.41681	-1.12	1.8748e-06
0.41681	-1.0658	9.3191e-06
0.41681	-1.0116	0.0016383
0.41681	-0.95742	0.00011827
0.41681	-0.90323	3.4941e-06
0.41681	-0.84903	1.1113e-05
0.41681	-0.79484	1.5867e-05
0.41681	-0.74065	4.2524e-06
0.41681	-0.68645	1.8957e-06
0.41681	-0.63226	4.9919e-06
0.41681	-0.57806	1.1888e-06
0.41681	-0.52387	5.08e-06
0.41681	-0.46968	8.5049e-06
0.41681	-0.41548	1.4291e-06
0.41681	-0.36129	7.8763e-06
0.41681	-0.3071	1.5429e-05
0.41681	-0.2529	3.326e-06
0.41681	-0.19871	1.2432e-05
0.41681	-0.14452	4.4947e-05
0.41681	-0.090324	4.5494e-05
0.41681	-0.036129	2.1367e-05
0.41681	0.018065	8.4269e-06
0.41681	0.072258	2.0913e-06
0.41681	0.12645	1.2488e-06
0.41681	0.18065	4.7775e-06
0.41681	0.23484	1.7114e-06
0.41681	0.28903	2.0238e-06
0.41681	0.34323	6.3526e-06
0.41681	0.39742	2.4376e-06
0.41681	0.45161	1.4511e-06
0.41681	0.50581	5.6845e-06
0.41681	0.56	2.6775e-06
0.41681	0.61419	5.7327e-07
0.41681	0.66839	2.8681e-06
0.41681	0.72258	1.0718e-06
0.41681	0.77677	9.297e-07
0.41681	0.83097	3.2498e-06
0.41681	0.88516	1.2152e-06
0.41681	0.93935	6.5186e-07
0.41681	0.99354	2.6491e-06
0.41681	1.0477	1.1907e-06
0.41681	1.1019	3.5071e-07
0.41681	1.1561	2.1244e-06
0.41681	1.2103	2.3448e-06
0.41681	1.2645	2.0676e-06
0.41681	1.3187	1.9636e-06
0.41681	1.3729	6.65e-07
0.41681	1.4271	1.0035e-07
0.41681	1.4813	5.4748e-07
0.41681	1.5355	3.0326e-07
0.41681	1.5897	3.0114e-08
0.41681	1.6439	1.8777e-07
0.41681	1.6981	1.2159e-07
0.41681	1.7523	8.099e-09
0.41681	1.8065	3.6095e-08
0.41681	1.8606	2.8429e-08
0.41681	1.9148	5.8658e-09
0.41681	1.969	8.2248e-10
0.41681	2.0232	1.1031e-09
0.41681	2.0774	1.5538e-09
0.41681	2.1316	1.2474e-08
0.41681	2.1858	1.9608e-08
0.41681	2.24	3.986e-09
0.41681	2.2942	4.8642e-08
0.41681	2.3484	7.6112e-08
0.41681	2.4026	1.2724e-08
0.41681	2.4568	1.6924e-07
0.45253	-2.4748	8.9633e-08
0.45253	-2.4206	2.0754e-08
0.45253	-2.3665	3.0022e-09
0.45253	-2.3123	6.7538e-09
0.45253	-2.2581	5.4109e-09
0.45253	-2.2039	4.4026e-09
0.45253	-2.1497	3.5896e-09
0.45253	-2.0955	4.963e-09
0.45253	-2.0413	6.9172e-09
0.45253	-1.9871	1.6097e-08
0.45253	-1.9329	2.1967e-08
0.45253	-1.8787	1.3193e-08
0.45253	-1.8245	1.1185e-07
0.45253	-1.7703	1.1e-07
0.45253	-1.7161	1.4202e-07
0.45253	-1.6619	1.3117e-06
0.45253	-1.6077	1.3253e-06
0.45253	-1.5535	1.3037e-06
0.45253	-1.4994	2.1512e-05
0.45253	-1.4452	7.0107e-05
0.45253	-1.391	0.00010052
0.45253	-1.3368	7.1116e-05
0.45253	-1.2826	1.9787e-05
0.45253	-1.2284	1.0901e-06
0.45253	-1.1742	6.9388e-06
0.45253	-1.12	8.246e-06
0.45253	-1.0658	1.2868e-05
0.45253	-1.0116	0.0017397
0.45253	-0.95742	0.00042107
0.45253	-0.90323	5.1709e-06
0.45253	-0.84903	9.8467e-06
0.45253	-0.79484	1.2024e-05
0.45253	-0.74065	3.4335e-06
0.45253	-0.68645	1.5053e-06
0.45253	-0.63226	4.122e-06
0.45253	-0.57806	1.0061e-06
0.45253	-0.52387	4.8107e-06
0.45253	-0.46968	7.9447e-06
0.45253	-0.41548	1.2711e-06
0.45253	-0.36129	1.485e-05
0.45253	-0.3071	2.6106e-05
0.45253	-0.2529	4.6505e-06
0.45253	-0.19871	5.6719e-05
0.45253	-0.14452	0.00021857
0.45253	-0.090324	0.00029253
0.45253	-0.036129	0.00018146
0.45253	0.018065	4.694e-05
0.45253	0.072258	2.3113e-06
0.45253	0.12645	1.9641e-06
0.45253	0.18065	1.9545e-06
0.45253	0.23484	5.9226e-07
0.45253	0.28903	6.0011e-07
0.45253	0.34323	1.8508e-06
0.45253	0.39742	8.1093e-07
0.45253	0.45161	1.2172e-06
0.45253	0.50581	3.9909e-06
0.45253	0.56	1.9481e-06
0.45253	0.61419	4.6585e-07
0.45253	0.66839	2.4376e-06
0.45253	0.72258	8.8304e-07
0.45253	0.77677	1.2082e-06
0.45253	0.83097	3.9028e-06
0.45253	0.88516	1.2226e-06
0.45253	0.93935	1.8264e-06
0.45253	0.99354	6.2507e-06
0.45253	1.0477	2.475e-06
0.45253	1.1019	2.8568e-06
0.45253	1.1561	1.7858e-05
0.45253	1.2103	2.607e-05
0.45253	1.2645	1.6291e-05
0.45253	1.3187	4.4991e-06
0.45253	1.3729	3.9158e-07
0.45253	1.4271	3.1421e-08
0.45253	1.4813	9.0867e-08
0.45253	1.5355	5.0325e-08
0.45253	1.5897	1.6569e-08
0.45253	1.6439	7.9317e-08
0.45253	1.6981	4.6689e-08
0.45253	1.7523	5.9485e-09
0.45253	1.8065	3.431e-08
0.45253	1.8606	2.4516e-08
0.45253	1.9148	3.8679e-09
0.45253	1.969	5.3324e-10
0.45253	2.0232	1.3236e-09
0.45253	2.0774	2.144e-09
0.45253	2.1316	1.8971e-08
0.45253	2.1858	2.4985e-08
0.45253	2.24	8.3697e-09
0.45253	2.2942	1.1286e-07
0.45253	2.3484	1.5314e-07
0.45253	2.4026	3.8092e-08
0.45253	2.4568	7.9407e-07
0.48826	-2.4748	2.6335e-07
0.48826	-2.4206	5.3994e-08
0.48826	-2.3665	1.1713e-08
0.48826	-2.3123	2.8885e-08
0.48826	-2.2581	1.4142e-08
0.48826	-2.2039	1.0333e-08
0.48826	-2.1497	1.2009e-08
0.48826	-2.0955	1.3586e-08
0.48826	-2.0413	1.2149e-08
0.48826	-1.9871	9.7009e-09
0.48826	-1.9329	8.4788e-09
0.48826	-1.8787	8.4056e-09
0.48826	-1.8245	4.861e-08
0.48826	-1.7703	3.8494e-08
0.48826	-1.7161	1.525e-07
0.48826	-1.6619	1.0861e-06
0.48826	-1.6077	8.6967e-07
0.48826	-1.5535	2.4729e-06
0.48826	-1.4994	3.231e-05
0.48826	-1.4452	0.00010511
0.48826	-1.391	0.00015836
0.48826	-1.3368	0.00011849
0.48826	-1.2826	3.2858e-05
0.48826	-1.2284	3.1618e-06
0.48826	-1.1742	2.4425e-05
0.48826	-1.12	2.6779e-05
0.48826	-1.0658	1.6486e-05
0.48826	-1.0116	0.00024987
0.48826	-0.95742	0.0039942
0.48826	-0.90323	1.4836e-05
0.48826	-0.84903	5.3717e-06
0.48826	-0.79484	8.1027e-06
0.48826	-0.74065	4.2235e-06
0.48826	-0.68645	1.2094e-06
0.48826	-0.63226	1.8337e-06
0.48826	-0.57806	5.6991e-07
0.48826	-0.52387	2.0805e-06
0.48826	-0.46968	3.8071e-06
0.48826	-0.41548	9.7066e-07
0.48826	-0.36129	1.5254e-05
0.48826	-0.3071	2.3777e-05
0.48826	-0.2529	4.9569e-06
0.48826	-0.19871	0.00010909
0.48826	-0.14452	0.00040896
0.48826	-0.090324	0.00059208
0.48826	-0.036129	0.00041287
0.48826	0.018065	0.00012031
0.48826	0.072258	5.7548e-06
0.48826	0.12645	1.2616e-05
0.48826	0.18065	1.1553e-05
0.48826	0.23484	1.6422e-06
0.48826	0.28903	4.5107e-07
0.48826	0.34323	8.7091e-07
0.48826	0.39742	4.2933e-07
0.48826	0.45161	3.4156e-07
0.48826	0.50581	1.3168e-06
0.48826	0.56	1.0487e-06
0.48826	0.61419	3.0019e-07
0.48826	0.66839	1.0961e-06
0.48826	0.72258	4.2779e-07
0.48826	0.77677	8.4435e-07
0.48826	0.83097	2.6561e-06
0.48826	0.88516	6.835e-07
0.48826	0.93935	2.6559e-06
0.48826	0.99354	7.594e-06
0.48826	1.0477	2.4095e-06
0.48826	1.1019	7.6758e-06
0.48826	1.1561	4.2915e-05
0.48826	1.2103	6.8738e-05
0.48826	1.2645	5.0915e-05
0.48826	1.3187	1.7584e-05
0.48826	1.3729	1.868e-06
0.48826	1.4271	1.7889e-07
0.48826	1.4813	3.4642e-07
0.48826	1.5355	8.3671e-08
0.48826	1.5897	4.3242e-09
0.48826	1.6439	1.1131e-08
0.48826	1.6981	8.3549e-09
0.48826	1.7523	4.5073e-09
0.48826	1.8065	1.8677e-08
0.48826	1.8606	1.5064e-08
0.48826	1.9148	3.3509e-09
0.48826	1.969	1.1551e-09
0.48826	2.0232	1.1433e-09
0.48826	2.0774	2.796e-09
0.48826	2.1316	2.0236e-08
0.48826	2.1858	2.1252e-08
0.48826	2.24	1.6514e-08
0.48826	2.2942	1.7634e-07
0.48826	2.3484	2.0042e-07
0.48826	2.4026	1.1309e-07
0.48826	2.4568	2.1206e-06
0.52399	-2.4748	4.4548e-07
0.52399	-2.4206	7.6786e-08
0.52399	-2.3665	3.6287e-08
0.52399	-2.3123	6.5671e-08
0.52399	-2.2581	2.4906e-08
0.52399	-2.2039	1.9654e-08
0.52399	-2.1497	2.8794e-08
0.52399	-2.0955	3.5374e-08
0.52399	-2.0413	2.1315e-08
0.52399	-1.9871	6.659e-09
0.52399	-1.9329	5.5305e-09
0.52399	-1.8787	1.3529e-08
0.52399	-1.8245	1.6064e-08
0.52399	-1.7703	7.5592e-09
0.52399	-1.7161	7.963e-08
0.52399	-1.6619	4.1914e-07
0.52399	-1.6077	2.5062e-07
0.52399	-1.5535	2.6773e-06
0.52399	-1.4994	2.8868e-05
0.52399	-1.4452	9.5128e-05
0.52399	-1.391	0.00014996
0.52399	-1.3368	0.00011614
0.52399	-1.2826	3.0756e-05
0.52399	-1.2284	5.9479e-06
0.52399	-1.1742	3.8751e-05
0.52399	-1.12	3.7002e-05
0.52399	-1.0658	1.8499e-05
0.52399	-1.0116	0.00021497
0.52399	-0.95742	0.0067159
0.52399	-0.90323	3.4884e-05
0.52399	-0.84903	1.8769e-05
0.52399	-0.79484	1.7171e-05
0.52399	-0.74065	7.3051e-06
0.52399	-0.68645	1.8646e-06
0.52399	-0.63226	3.3884e-07
0.52399	-0.57806	6.8982e-07
0.52399	-0.52387	3.512e-07
0.52399	-0.46968	4.6284e-07
0.52399	-0.41548	5.1021e-07
0.52399	-0.36129	7.178e-06
0.52399	-0.3071	1.0584e-05
0.52399	-0.2529	4.9333e-06
0.52399	-0.19871	0.0001144
0.52399	-0.14452	0.00042386
0.52399	-0.090324	0.00064674
0.52399	-0.036129	0.00047788
0.52399	0.018065	0.00014187
0.52399	0.072258	6.6172e-06
0.52399	0.12645	2.7741e-05
0.52399	0.18065	2.3413e-05
0.52399	0.23484	2.3654e-06
0.52399	0.28903	3.7093e-06
0.52399	0.34323	4.5417e-06
0.52399	0.39742	7.6655e-07
0.52399	0.45161	3.4211e-07
0.52399	0.50581	6.9075e-07
0.52399	0.56	8.0304e-07
0.52399	0.61419	4.2256e-07
0.52399	0.66839	1.4377e-07
0.52399	0.72258	1.0981e-07
0.52399	0.77677	1.8138e-07
0.52399	0.83097	7.4514e-07
0.52399	0.88516	2.0409e-07
0.52399	0.93935	2.0732e-06
0.52399	0.99354	5.1593e-06
0.52399	1.0477	1.2951e-06
0.52399	1.1019	1.1124e-05
0.52399	1.1561	5.6042e-05
0.52399	1.2103	9.2843e-05
0.52399	1.2645	7.3281e-05
0.52399	1.3187	2.6792e-05
0.52399	1.3729	2.7076e-06
0.52399	1.4271	6.2881e-07
0.52399	1.4813	1.0878e-06
0.52399	1.5355	2.2226e-07
0.52399	1.5897	2.7688e-08
0.52399	1.6439	6.6812e-08
0.52399	1.6981	1.9489e-08
0.52399	1.7523	1.6532e-09
0.52399	1.8065	5.994e-09
0.52399	1.8606	9.2049e-09
0.52399	1.9148	4.7687e-09
0.52399	1.969	1.8391e-09
0.52399	2.0232	1.0449e-09
0.52399	2.0774	3.0421e-09
0.52399	2.1316	1.353e-08
0.52399	2.1858	1.0804e-08
0.52399	2.24	2.3385e-08
0.52399	2.2942	1.8584e-07
0.52399	2.3484	1.7348e-07
0.52399	2.4026	2.5833e-07
0.52399	2.4568	3.8862e-06
0.55971	-2.4748	5.4333e-07
0.55971	-2.4206	7.7672e-08
0.55971	-2.3665	7.3093e-08
0.55971	-2.3123	9.9473e-08
0.55971	-2.2581	3.2779e-08
0.55971	-2.2039	3.1254e-08
0.55971	-2.1497	5.341e-08
0.55971	-2.0955	6.9281e-08
0.55971	-2.0413	3.7715e-08
0.55971	-1.9871	2.9213e-08
0.55971	-1.9329	2.9008e-08
0.55971	-1.8787	3.9722e-08
0.55971	-1.8245	8.4869e-08
0.55971	-1.7703	3.9987e-08
0.55971	-1.7161	3.2381e-08
0.55971	-1.6619	8.5717e-08
0.55971	-1.6077	6.4665e-08
0.55971	-1.5535	1.2065e-06
0.55971	-1.4994	1.1831e-05
0.55971	-1.4452	4.3877e-05
0.55971	-1.391	7.8286e-05
0.55971	-1.3368	6.6177e-05
0.55971	-1.2826	1.7375e-05
0.55971	-1.2284	6.777e-06
0.55971	-1.1742	3.594e-05
0.55971	-1.12	3.0779e-05
0.55971	-1.0658	1.8478e-05
0.55971	-1.0116	0.00016365
0.55971	-0.95742	0.0038247
0.55971	-0.90323	0.00012308
0.55971	-0.84903	0.00010031
0.55971	-0.79484	4.8763e-05
0.55971	-0.74065	1.0109e-05
0.55971	-0.68645	4.6966e-06
0.55971	-0.63226	1.6616e-06
0.55971	-0.57806	2.3719e-06
0.55971	-0.52387	4.3184e-06
0.55971	-0.46968	1.4612e-06
0.55971	-0.41548	3.3693e-07
0.55971	-0.36129	8.2097e-07
0.55971	-0.3071	9.4257e-07
0.55971	-0.2529	2.6169e-06
0.55971	-0.19871	5.3201e-05
0.55971	-0.14452	0.00021898
0.55971	-0.090324	0.00037765
0.55971	-0.036129	0.00030627
0.55971	0.018065	9.2585e-05
0.55971	0.072258	5.501e-06
0.55971	0.12645	3.2906e-05
0.55971	0.18065	2.4759e-05
0.55971	0.23484	1.9978e-06
0.55971	0.28903	8.7635e-06
0.55971	0.34323	8.797e-06
0.55971	0.39742	9.0283e-07
0.55971	0.45161	2.6681e-06
0.55971	0.50581	3.1924e-06
0.55971	0.56	1.0856e-06
0.55971	0.61419	1.1774e-06
0.55971	0.66839	5.5273e-07
0.55971	0.72258	1.0372e-07
0.55971	0.77677	3.1688e-07
0.55971	0.83097	1.6275e-07
0.55971	0.88516	7.5953e-08
0.55971	0.93935	5.4843e-07
0.55971	0.99354	1.3749e-06
0.55971	1.0477	3.694e-07
0.55971	1.1019	8.7162e-06
0.55971	1.1561	4.2084e-05
0.55971	1.2103	7.3833e-05
0.55971	1.2645	6.2163e-05
0.55971	1.3187	2.3565e-05
0.55971	1.3729	2.1526e-06
0.55971	1.4271	1.0748e-06
0.55971	1.4813	1.5688e-06
0.55971	1.5355	2.5762e-07
0.55971	1.5897	1.157e-07
0.55971	1.6439	2.1271e-07
0.55971	1.6981	4.6757e-08
0.55971	1.7523	5.3019e-09
0.55971	1.8065	1.548e-08
0.55971	1.8606	1.2074e-08
0.55971	1.9148	6.2044e-09
0.55971	1.969	2.0337e-09
0.55971	2.0232	1.9461e-09
0.55971	2.0774	2.8533e-09
0.55971	2.1316	5.1201e-09
0.55971	2.1858	3.0852e-09
0.55971	2.24	1.8286e-08
0.55971	2.2942	1.1187e-07
0.55971	2.3484	8.5419e-08
0.55971	2.4026	3.9071e-07
0.55971	2.4568	4.9397e-06
0.59544	-2.4748	5.1833e-07
0.59544	-2.4206	6.45e-08
0.59544	-2.3665	1.0788e-07
0.59544	-2.3123	1.1392e-07
0.59544	-2.2581	3.5566e-08
0.59544	-2.2039	4.2155e-08
0.59544	-2.1497	8.0574e-08
0.59544	-2.0955	1.0802e-07
0.59544	-2.0413	7.241e-08
0.59544	-1.9871	9.9865e-08
0.59544	-1.9329	7.897e-08
0.59544	-1.8787	9.4247e-08
0.59544	-1.8245	2.6951e-07
0.59544	-1.7703	1.0118e-07
0.59544	-1.7161	2.5783e-07
0.59544	-1.6619	8.3786e-07
0.59544	-1.6077	3.5008e-07
0.59544	-1.5535	4.7396e-07
0.59544	-1.4994	2.5127e-06
0.59544	-1.4452	6.035e-06
0.59544	-1.391	1.3058e-05
0.59544	-1.3368	1.5446e-05
0.59544	-1.2826	5.3908e-06
0.59544	-1.2284	3.6761e-06
0.59544	-1.1742	1.7815e-05
0.59544	-1.12	1.5952e-05
0.59544	-1.0658	1.4281e-05
0.59544	-1.0116	8.4805e-05
0.59544	-0.95742	0.00019966
0.59544	-0.90323	0.001643
0.59544	-0.84903	0.00035106
0.59544	-0.79484	9.6569e-05
0.59544	-0.74065	9.0694e-06
0.59544	-0.68645	1.0677e-05
0.59544	-0.63226	5.871e-06
0.59544	-0.57806	5.719e-06
0.59544	-0.52387	1.4469e-05
0.59544	-0.46968	5.6079e-06
0.59544	-0.41548	3.0043e-06
0.59544	-0.36129	1.1481e-05
0.59544	-0.3071	5.45e-06
0.59544	-0.2529	1.0307e-06
0.59544	-0.19871	7.5728e-06
0.59544	-0.14452	2.5068e-05
0.59544	-0.090324	6.4386e-05
0.59544	-0.036129	7.4061e-05
0.59544	0.018065	2.665e-05
0.59544	0.072258	3.3692e-06
0.59544	0.12645	2.0636e-05
0.59544	0.18065	1.4099e-05
0.59544	0.23484	1.4537e-06
0.59544	0.28903	1.071e-05
0.59544	0.34323	8.8828e-06
0.59544	0.39742	8.3605e-07
0.59544	0.45161	6.3815e-06
0.59544	0.50581	6.5767e-06
0.59544	0.56	1.2168e-06
0.59544	0.61419	2.3991e-06
0.59544	0.66839	1.9491e-06
0.59544	0.72258	3.3882e-07
0.59544	0.77677	1.983e-06
0.59544	0.83097	1.5198e-06
0.59544	0.88516	1.6881e-07
0.59544	0.93935	4.3888e-07
0.59544	0.99354	3.4036e-07
0.59544	1.0477	1.1502e-07
0.59544	1.1019	2.2205e-06
0.59544	1.1561	1.2888e-05
0.59544	1.2103	2.811e-05
0.59544	1.2645	2.8046e-05
0.59544	1.3187	1.1782e-05
0.59544	1.3729	1.0171e-06
0.59544	1.4271	1.0041e-06
0.59544	1.4813	1.2814e-06
0.59544	1.5355	1.6314e-07
0.59544	1.5897	2.213e-07
0.59544	1.6439	3.1564e-07
0.59544	1.6981	5.3168e-08
0.59544	1.7523	2.5491e-08
0.59544	1.8065	4.7947e-08
0.59544	1.8606	1.9941e-08
0.59544	1.9148	5.5461e-09
0.59544	1.969	2.4077e-09
0.59544	2.0232	3.9581e-09
0.59544	2.0774	5.0097e-09
0.59544	2.1316	1.1022e-08
0.59544	2.1858	5.8731e-09
0.59544	2.24	5.4654e-09
0.59544	2.2942	2.5503e-08
0.59544	2.3484	1.8168e-08
0.59544	2.4026	3.0315e-07
0.59544	2.4568	3.6521e-06
0.63117	-2.4748	4.0016e-07
0.63117	-2.4206	5.0552e-08
0.63117	-2.3665	1.2459e-07
0.63117	-2.3123	1.0451e-07
0.63117	-2.2581	3.3676e-08
0.63117	-2.2039	4.8505e-08
0.63117	-2.1497	1.0122e-07
0.63117	-2.0955	1.4303e-07
0.63117	-2.0413	1.3935e-07
0.63117	-1.9871	2.1903e-07
0.63117	-1.9329	1.3784e-07
0.63117	-1.8787	1.8775e-07
0.63117	-1.8245	5.2114e-07
0.63117	-1.7703	1.4779e-07
0.63117	-1.7161	9.6424e-07
0.63117	-1.6619	2.6747e-06
0.63117	-1.6077	7.2415e-07
0.63117	-1.5535	6.7151e-06
0.63117	-1.4994	3.3406e-05
0.63117	-1.4452	5.3402e-05
0.63117	-1.391	3.8832e-05
0.63117	-1.3368	1.307e-05
0.63117	-1.2826	2.2378e-06
0.63117	-1.2284	6.4064e-07
0.63117	-1.1742	2.6753e-06
0.63117	-1.12	4.8647e-06
0.63117	-1.0658	6.8346e-06
0.63117	-1.0116	2.1253e-05
0.63117	-0.95742	3.1285e-05
0.63117	-0.90323	0.014336
0.63117	-0.84903	0.0012472
0.63117	-0.79484	0.00013824
0.63117	-0.74065	5.7518e-06
0.63117	-0.68645	1.9144e-05
0.63117	-0.63226	1.0492e-05
0.63117	-0.57806	8.7311e-06
0.63117	-0.52387	2.424e-05
0.63117	-0.46968	8.3733e-06
0.63117	-0.41548	1.138e-05
0.63117	-0.36129	4.1676e-05
0.63117	-0.3071	1.8501e-05
0.63117	-0.2529	1.8495e-05
0.63117	-0.19871	0.00012857
0.63117	-0.14452	0.00019719
0.63117	-0.090324	0.00012519
0.63117	-0.036129	3.5176e-05
0.63117	0.018065	4.3353e-06
0.63117	0.072258	7.2965e-07
0.63117	0.12645	3.6282e-06
0.63117	0.18065	2.6398e-06
0.63117	0.23484	1.1871e-06
0.63117	0.28903	6.9839e-06
0.63117	0.34323	4.7801e-06
0.63117	0.39742	9.8671e-07
0.63117	0.45161	8.159e-06
0.63117	0.50581	7.5152e-06
0.63117	0.56	9.0378e-07
0.63117	0.61419	3.2168e-06
0.63117	0.66839	2.9698e-06
0.63117	0.72258	6.2992e-07
0.63117	0.77677	4.2998e-06
0.63117	0.83097	3.3378e-06
0.63117	0.88516	4.5359e-07
0.63117	0.93935	3.6678e-06
0.63117	0.99354	3.3544e-06
0.63117	1.0477	3.4345e-07
0.63117	1.1019	2.6612e-06
0.63117	1.1561	4.6686e-06
0.63117	1.2103	4.0552e-06
0.63117	1.2645	3.9568e-06
0.63117	1.3187	2.3064e-06
0.63117	1.3729	2.4919e-07
0.63117	1.4271	4.0651e-07
0.63117	1.4813	5.2417e-07
0.63117	1.5355	6.2008e-08
0.63117	1.5897	2.3695e-07
0.63117	1.6439	2.7355e-07
0.63117	1.6981	3.6493e-08
0.63117	1.7523	5.5495e-08
0.63117	1.8065	8.0174e-08
0.63117	1.8606	2.488e-08
0.63117	1.9148	3.4655e-09
0.63117	1.969	3.9088e-09
0.63117	2.0232	5.9514e-09
0.63117	2.0774	1.5785e-08
0.63117	2.1316	4.5255e-08
0.63117	2.1858	1.6811e-08
0.63117	2.24	4.3403e-08
0.63117	2.2942	1.4807e-07
0.63117	2.3484	6.2992e-08
0.63117	2.4026	1.5649e-07
0.63117	2.4568	1.3713e-06
0.66689	-2.4748	2.5254e-07
0.66689	-2.4206	4.1469e-08
0.66689	-2.3665	1.1606e-07
0.66689	-2.3123	7.8991e-08
0.66689	-2.2581	2.8447e-08
0.66689	-2.2039	4.747e-08
0.66689	-2.1497	1.069e-07
0.66689	-2.0955	1.6967e-07
0.66689	-2.0413	2.3883e-07
0.66689	-1.9871	3.5083e-07
0.66689	-1.9329	1.8679e-07
0.66689	-1.8787	3.416e-07
0.66689	-1.8245	7.6342e-07
0.66689	-1.7703	1.7493e-07
0.66689	-1.7161	2.1289e-06
0.66689	-1.6619	4.7633e-06
0.66689	-1.6077	1.1371e-06
0.66689	-1.5535	2.646e-05
0.66689	-1.4994	0.00012374
0.66689	-1.4452	0.00021731
0.66689	-1.391	0.00018475
0.66689	-1.3368	6.8577e-05
0.66689	-1.2826	5.5053e-06
0.66689	-1.2284	7.8312e-06
0.66689	-1.1742	9.4469e-06
0.66689	-1.12	2.6193e-06
0.66689	-1.0658	4.8433e-06
0.66689	-1.0116	1.2782e-05
0.66689	-0.95742	4.7982e-05
0.66689	-0.90323	0.0022739
0.66689	-0.84903	0.013638
0.66689	-0.79484	0.00018095
0.66689	-0.74065	1.3198e-05
0.66689	-0.68645	2.6e-05
0.66689	-0.63226	1.1734e-05
0.66689	-0.57806	8.1039e-06
0.66689	-0.52387	2.4516e-05
0.66689	-0.46968	6.9815e-06
0.66689	-0.41548	2.2929e-05
0.66689	-0.36129	7.1141e-05
0.66689	-0.3071	2.5063e-05
0.66689	-0.2529	7.6633e-05
0.66689	-0.19871	0.00047992
0.66689	-0.14452	0.00085015
0.66689	-0.090324	0.00069767
0.66689	-0.036129	0.00026797
0.66689	0.018065	3.1936e-05
0.66689	0.072258	2.9803e-06
0.66689	0.12645	6.5626e-06
0.66689	0.18065	1.9437e-06
0.66689	0.23484	1.0908e-06
0.66689	0.28903	2.179e-06
0.66689	0.34323	1.22e-06
0.66689	0.39742	1.0471e-06
0.66689	0.45161	5.7885e-06
0.66689	0.50581	5.2115e-06
0.66689	0.56	5.4456e-07
0.66689	0.61419	2.7369e-06
0.66689	0.66839	2.6425e-06
0.66689	0.72258	7.1465e-07
0.66689	0.77677	5.129e-06
0.66689	0.83097	3.6582e-06
0.66689	0.88516	1.0678e-06
0.66689	0.93935	8.7112e-06
0.66689	0.99354	7.2518e-06
0.66689	1.0477	1.5615e-06
0.66689	1.1019	2.1209e-05
0.66689	1.1561	4.5196e-05
0.66689	1.2103	3.7714e-05
0.66689	1.2645	1.4317e-05
0.66689	1.3187	2.0371e-06
0.66689	1.3729	7.0622e-08
0.66689	1.4271	1.579e-07
0.66689	1.4813	1.4113e-07
0.66689	1.5355	4.2169e-08
0.66689	1.5897	1.2538e-07
0.66689	1.6439	1.3103e-07
0.66689	1.6981	2.1414e-08
0.66689	1.7523	6.8315e-08
0.66689	1.8065	8.5091e-08
0.66689	1.8606	2.4482e-08
0.66689	1.9148	3.4207e-09
0.66689	1.969	5.9284e-09
0.66689	2.0232	7.0723e-09
0.66689	2.0774	3.8973e-08
0.66689	2.1316	1.0016e-07
0.66689	2.1858	2.8262e-08
0.66689	2.24	2.727e-07
0.66689	2.2942	8.1974e-07
0.66689	2.3484	2.5756e-07
0.66689	2.4026	3.4075e-06
0.66689	2.4568	2.7378e-05
0.70262	-2.4748	1.2907e-07
0.70262	-2.4206	3.4104e-08
0.70262	-2.3665	8.7708e-08
0.70262	-2.3123	4.9736e-08
0.70262	-2.2581	2.1208e-08
0.70262	-2.2039	3.8879e-08
0.70262	-2.1497	9.5245e-08
0.70262	-2.0955	1.865e-07
0.70262	-2.0413	3.4222e-07
0.70262	-1.9871	4.3579e-07
0.70262	-1.9329	2.2554e-07
0.70262	-1.8787	5.6937e-07
0.70262	-1.8245	9.2546e-07
0.70262	-1.7703	2.2153e-07
0.70262	-1.7161	3.4863e-06
0.70262	-1.6619	6.0913e-06
0.70262	-1.6077	2.2256e-06
0.70262	-1.5535	6.0602e-05
0.70262	-1.4994	0.00025922
0.70262	-1.4452	0.00045543
0.70262	-1.391	0.00039682
0.70262	-1.3368	0.00014709
0.70262	-1.2826	9.3709e-06
0.70262	-1.2284	3.3436e-05
0.70262	-1.1742	4.0544e-05
0.70262	-1.12	5.892e-06
0.70262	-1.0658	2.0808e-05
0.70262	-1.0116	6.5668e-05
0.70262	-0.95742	9.5368e-05
0.70262	-0.90323	0.00036373
0.70262	-0.84903	0.01842
0.70262	-0.79484	0.00077555
0.70262	-0.74065	5.9866e-05
0.70262	-0.68645	2.3583e-05
0.70262	-0.63226	7.9663e-06
0.70262	-0.57806	3.4867e-06
0.70262	-0.52387	1.3287e-05
0.70262	-0.46968	3.1937e-06
0.70262	-0.41548	2.743e-05
0.70262	-0.36129	7.1286e-05
0.70262	-0.3071	1.8834e-05
0.70262	-0.2529	0.00016081
0.70262	-0.19871	0.00088535
0.70262	-0.14452	0.0016132
0.70262	-0.090324	0.0014189
0.70262	-0.036129	0.00058599
0.70262	0.018065	6.7329e-05
0.70262	0.072258	1.8659e-05
0.70262	0.12645	3.9939e-05
0.70262	0.18065	1.1894e-05
0.70262	0.23484	2.5482e-06
0.70262	0.28903	4.9249e-06
0.70262	0.34323	2.1511e-06
0.70262	0.39742	5.1226e-07
0.70262	0.45161	1.8628e-06
0.70262	0.50581	2.4092e-06
0.70262	0.56	6.6748e-07
0.70262	0.61419	1.2008e-06
0.70262	0.66839	1.3235e-06
0.70262	0.72258	4.1213e-07
0.70262	0.77677	3.3183e-06
0.70262	0.83097	2.1887e-06
0.70262	0.88516	1.6546e-06
0.70262	0.93935	1.089e-05
0.70262	0.99354	7.7823e-06
0.70262	1.0477	4.5134e-06
0.70262	1.1019	5.2616e-05
0.70262	1.1561	0.00011715
0.70262	1.2103	0.0001119
0.70262	1.2645	5.078e-05
0.70262	1.3187	8.2933e-06
0.70262	1.3729	3.2656e-07
0.70262	1.4271	1.308e-06
0.70262	1.4813	6.4757e-07
0.70262	1.5355	6.9673e-08
0.70262	1.5897	2.8593e-08
0.70262	1.6439	4.9067e-08
0.70262	1.6981	2.1231e-08
0.70262	1.7523	4.5527e-08
0.70262	1.8065	6.2547e-08
0.70262	1.8606	2.5958e-08
0.70262	1.9148	7.8591e-09
0.70262	1.969	6.6577e-09
0.70262	2.0232	8.3274e-09
0.70262	2.0774	6.4063e-08
0.70262	2.1316	1.375e-07
0.70262	2.1858	4.6382e-08
0.70262	2.24	8.9041e-07
0.70262	2.2942	2.4419e-06
0.70262	2.3484	8.6054e-07
0.70262	2.4026	4.7369e-05
0.70262	2.4568	0.00063672
0.73835	-2.4748	5.1625e-08
0.73835	-2.4206	2.403e-08
0.73835	-2.3665	5.2658e-08
0.73835	-2.3123	2.5966e-08
0.73835	-2.2581	1.3415e-08
0.73835	-2.2039	2.5676e-08
0.73835	-2.1497	7.2048e-08
0.73835	-2.0955	1.8957e-07
0.73835	-2.0413	3.9798e-07
0.73835	-1.9871	4.2903e-07
0.73835	-1.9329	2.7004e-07
0.73835	-1.8787	8.3097e-07
0.73835	-1.8245	9.5307e-07
0.73835	-1.7703	3.4162e-07
0.73835	-1.7161	4.6809e-06
0.73835	-1.6619	6.1831e-06
0.73835	-1.6077	4.7066e-06
0.73835	-1.5535	0.00010119
0.73835	-1.4994	0.00039439
0.73835	-1.4452	0.00067254
0.73835	-1.391	0.00057453
0.73835	-1.3368	0.00020037
0.73835	-1.2826	1.1888e-05
0.73835	-1.2284	7.4041e-05
0.73835	-1.1742	7.9451e-05
0.73835	-1.12	9.8042e-06
0.73835	-1.0658	5.9734e-05
0.73835	-1.0116	0.0001491
0.73835	-0.95742	0.00012702
0.73835	-0.90323	0.00030746
0.73835	-0.84903	0.0086267
0.73835	-0.79484	0.029532
0.73835	-0.74065	0.00021056
0.73835	-0.68645	9.1243e-06
0.73835	-0.63226	5.8763e-06
0.73835	-0.57806	3.1214e-06
0.73835	-0.52387	1.9592e-06
0.73835	-0.46968	8.8752e-07
0.73835	-0.41548	1.6698e-05
0.73835	-0.36129	3.6834e-05
0.73835	-0.3071	8.6454e-06
0.73835	-0.2529	0.00019799
0.73835	-0.19871	0.00098524
0.73835	-0.14452	0.0018294
0.73835	-0.090324	0.001673
0.73835	-0.036129	0.0007044
0.73835	0.018065	7.2093e-05
0.73835	0.072258	4.5579e-05
0.73835	0.12645	8.2743e-05
0.73835	0.18065	2.1933e-05
0.73835	0.23484	8.0913e-06
0.73835	0.28903	1.7932e-05
0.73835	0.34323	6.1121e-06
0.73835	0.39742	5.7551e-07
0.73835	0.45161	2.7333e-06
0.73835	0.50581	2.4871e-06
0.73835	0.56	1.3386e-06
0.73835	0.61419	3.1684e-07
0.73835	0.66839	2.5438e-07
0.73835	0.72258	1.0805e-07
0.73835	0.77677	6.6832e-07
0.73835	0.83097	5.1821e-07
0.73835	0.88516	1.3194e-06
0.73835	0.93935	7.2191e-06
0.73835	0.99354	4.4026e-06
0.73835	1.0477	7.3975e-06
0.73835	1.1019	7.0387e-05
0.73835	1.1561	0.00015935
0.73835	1.2103	0.00016214
0.73835	1.2645	7.8664e-05
0.73835	1.3187	1.2986e-05
0.73835	1.3729	9.7071e-07
0.73835	1.4271	3.718e-06
0.73835	1.4813	1.6399e-06
0.73835	1.5355	9.0998e-08
0.73835	1.5897	1.8128e-07
0.73835	1.6439	1.4191e-07
0.73835	1.6981	2.3081e-08
0.73835	1.7523	1.7816e-08
0.73835	1.8065	5.0265e-08
0.73835	1.8606	3.8824e-08
0.73835	1.9148	1.48e-08
0.73835	1.969	7.0471e-09
0.73835	2.0232	1.1108e-08
0.73835	2.0774	6.2941e-08
0.73835	2.1316	1.1239e-07
0.73835	2.1858	1.0236e-07
0.73835	2.24	2.0827e-06
0.73835	2.2942	5.9625e-06
0.73835	2.3484	8.9185e-06
0.73835	2.4026	0.00040944
0.73835	2.4568	0.0009169
0.77407	-2.4748	1.5128e-08
0.77407	-2.4206	1.2067e-08
0.77407	-2.3665	2.3672e-08
0.77407	-2.3123	1.095e-08
0.77407	-2.2581	6.7498e-09
0.77407	-2.2039	1.2794e-08
0.77407	-2.1497	4.7436e-08
0.77407	-2.0955	1.7053e-07
0.77407	-2.0413	3.6492e-07
0.77407	-1.9871	3.3496e-07
0.77407	-1.9329	3.2222e-07
0.77407	-1.8787	1.0098e-06
0.77407	-1.8245	8.2348e-07
0.77407	-1.7703	5.5564e-07
0.77407	-1.7161	5.3867e-06
0.77407	-1.6619	5.246e-06
0.77407	-1.6077	8.4208e-06
0.77407	-1.5535	0.00013435
0.77407	-1.4994	0.00047752
0.77407	-1.4452	0.00077886
0.77407	-1.391	0.00063821
0.77407	-1.3368	0.0002023
0.77407	-1.2826	1.5186e-05
0.77407	-1.2284	0.00011374
0.77407	-1.1742	0.00010413
0.77407	-1.12	1.3292e-05
0.77407	-1.0658	0.00011119
0.77407	-1.0116	0.00021715
0.77407	-0.95742	0.00013425
0.77407	-0.90323	0.00041964
0.77407	-0.84903	0.0026549
0.77407	-0.79484	0.066357
0.77407	-0.74065	0.00107
0.77407	-0.68645	3.0952e-05
0.77407	-0.63226	3.0237e-05
0.77407	-0.57806	2.5737e-05
0.77407	-0.52387	1.1731e-05
0.77407	-0.46968	2.4046e-06
0.77407	-0.41548	3.5697e-06
0.77407	-0.36129	4.4781e-06
0.77407	-0.3071	4.6058e-06
0.77407	-0.2529	0.00011921
0.77407	-0.19871	0.00058205
0.77407	-0.14452	0.0011726
0.77407	-0.090324	0.0011613
0.77407	-0.036129	0.00050847
0.77407	0.018065	4.7112e-05
0.77407	0.072258	6.2058e-05
0.77407	0.12645	9.6904e-05
0.77407	0.18065	2.2972e-05
0.77407	0.23484	1.6725e-05
0.77407	0.28903	3.1809e-05
0.77407	0.34323	8.0722e-06
0.77407	0.39742	4.0878e-06
0.77407	0.45161	1.2073e-05
0.77407	0.50581	5.6634e-06
0.77407	0.56	2.2491e-06
0.77407	0.61419	1.9652e-06
0.77407	0.66839	3.14e-07
0.77407	0.72258	1.0024e-06
0.77407	0.77677	9.4599e-07
0.77407	0.83097	2.0163e-07
0.77407	0.88516	2.603e-07
0.77407	0.93935	1.3873e-06
0.77407	0.99354	8.2062e-07
0.77407	1.0477	5.8843e-06
0.77407	1.1019	5.0044e-05
0.77407	1.1561	0.00012144
0.77407	1.2103	0.0001346
0.77407	1.2645	6.9575e-05
0.77407	1.3187	1.116e-05
0.77407	1.3729	1.7551e-06
0.77407	1.4271	5.5701e-06
0.77407	1.4813	2.1443e-06
0.77407	1.5355	1.4736e-07
0.77407	1.5897	6.4364e-07
0.77407	1.6439	3.4234e-07
0.77407	1.6981	2.0802e-08
0.77407	1.7523	6.8936e-08
0.77407	1.8065	9.8152e-08
0.77407	1.8606	6.2609e-08
0.77407	1.9148	2.0306e-08
0.77407	1.969	1.5269e-08
0.77407	2.0232	1.5297e-08
0.77407	2.0774	3.0112e-08
0.77407	2.1316	5.2266e-08
0.77407	2.1858	2.1719e-07
0.77407	2.24	4.2035e-06
0.77407	2.2942	1.6238e-05
0.77407	2.3484	1.7115e-05
0.77407	2.4026	0.00010832
0.77407	2.4568	0.00013801
0.8098	-2.4748	3.4358e-09
0.8098	-2.4206	4.0854e-09
0.8098	-2.3665	7.5175e-09
0.8098	-2.3123	3.5783e-09
0.8098	-2.2581	2.5424e-09
0.8098	-2.2039	4.7162e-09
0.8098	-2.1497	2.9031e-08
0.8098	-2.0955	1.2499e-07
0.8098	-2.0413	2.5003e-07
0.8098	-1.9871	2.0559e-07
0.8098	-1.9329	3.4556e-07
0.8098	-1.8787	9.7226e-07
0.8098	-1.8245	5.7407e-07
0.8098	-1.7703	7.935e-07
0.8098	-1.7161	5.3257e-06
0.8098	-1.6619	3.8039e-06
0.8098	-1.6077	1.2034e-05
0.8098	-1.5535	0.00014735
0.8098	-1.4994	0.0004789
0.8098	-1.4452	0.00074044
0.8098	-1.391	0.00057332
0.8098	-1.3368	0.00016053
0.8098	-1.2826	2.0665e-05
0.8098	-1.2284	0.00013412
0.8098	-1.1742	0.00010308
0.8098	-1.12	1.7988e-05
0.8098	-1.0658	0.0001534
0.8098	-1.0116	0.00023787
0.8098	-0.95742	0.00012821
0.8098	-0.90323	0.00054975
0.8098	-0.84903	0.0020728
0.8098	-0.79484	0.0061554
0.8098	-0.74065	0.0063202
0.8098	-0.68645	0.00054851
0.8098	-0.63226	0.00014695
0.8098	-0.57806	9.6265e-05
0.8098	-0.52387	6.325e-05
0.8098	-0.46968	9.524e-06
0.8098	-0.41548	3.3229e-05
0.8098	-0.36129	3.3876e-05
0.8098	-0.3071	6.2451e-06
0.8098	-0.2529	1.563e-05
0.8098	-0.19871	7.9124e-05
0.8098	-0.14452	0.00023046
0.8098	-0.090324	0.00031986
0.8098	-0.036129	0.00017534
0.8098	0.018065	1.9341e-05
0.8098	0.072258	4.4911e-05
0.8098	0.12645	6.5171e-05
0.8098	0.18065	1.5855e-05
0.8098	0.23484	2.0929e-05
0.8098	0.28903	3.2105e-05
0.8098	0.34323	5.7049e-06
0.8098	0.39742	1.1829e-05
0.8098	0.45161	2.5007e-05
0.8098	0.50581	8.5578e-06
0.8098	0.56	3.2063e-06
0.8098	0.61419	6.1643e-06
0.8098	0.66839	1.281e-06
0.8098	0.72258	4.1801e-06
0.8098	0.77677	6.0525e-06
0.8098	0.83097	1.0875e-06
0.8098	0.88516	1.4479e-06
0.8098	0.93935	2.3399e-06
0.8098	0.99354	5.1379e-07
0.8098	1.0477	9.9453e-07
0.8098	1.1019	1.0063e-05
0.8098	1.1561	3.4332e-05
0.8098	1.2103	4.9935e-05
0.8098	1.2645	3.0897e-05
0.8098	1.3187	5.1241e-06
0.8098	1.3729	1.8286e-06
0.8098	1.4271	4.8154e-06
0.8098	1.4813	1.6073e-06
0.8098	1.5355	3.0418e-07
0.8098	1.5897	1.1188e-06
0.8098	1.6439	4.5005e-07
0.8098	1.6981	5.2197e-08
0.8098	1.7523	2.7507e-07
0.8098	1.8065	2.2366e-07
0.8098	1.8606	8.4071e-08
0.8098	1.9148	2.7631e-08
0.8098	1.969	4.7451e-08
0.8098	2.0232	3.9647e-08
0.8098	2.0774	2.2982e-07
0.8098	2.1316	4.8036e-07
0.8098	2.1858	2.7339e-07
0.8098	2.24	2.7253e-06
0.8098	2.2942	2.7755e-06
0.8098	2.3484	1.6311e-06
0.8098	2.4026	1.1992e-05
0.8098	2.4568	2.5796e-05
0.84553	-2.4748	2.2611e-09
0.84553	-2.4206	5.2233e-09
0.84553	-2.3665	3.6267e-09
0.84553	-2.3123	1.0891e-09
0.84553	-2.2581	1.0345e-09
0.84553	-2.2039	2.9389e-09
0.84553	-2.1497	1.8185e-08
0.84553	-2.0955	6.5141e-08
0.84553	-2.0413	1.1389e-07
0.84553	-1.9871	1.0006e-07
0.84553	-1.9329	2.8966e-07
0.84553	-1.8787	6.9091e-07
0.84553	-1.8245	3.0334e-07
0.84553	-1.7703	8.8817e-07
0.84553	-1.7161	4.3495e-06
0.84553	-1.6619	2.3304e-06
0.84553	-1.6077	1.3691e-05
0.84553	-1.5535	0.00013477
0.84553	-1.4994	0.00040301
0.84553	-1.4452	0.00058794
0.84553	-1.391	0.00042519
0.84553	-1.3368	0.00010228
0.84553	-1.2826	2.6071e-05
0.84553	-1.2284	0.0001267
0.84553	-1.1742	8.0892e-05
0.84553	-1.12	2.397e-05
0.84553	-1.0658	0.00016709
0.84553	-1.0116	0.00020874
0.84553	-0.95742	0.00012103
0.84553	-0.90323	0.00061851
0.84553	-0.84903	0.0016383
0.84553	-0.79484	0.0015267
0.84553	-0.74065	0.0098219
0.84553	-0.68645	0.040464
0.84553	-0.63226	0.00059797
0.84553	-0.57806	0.00024448
0.84553	-0.52387	0.00017214
0.84553	-0.46968	2.8894e-05
0.84553	-0.41548	0.00017063
0.84553	-0.36129	0.00016046
0.84553	-0.3071	2.3005e-05
0.84553	-0.2529	0.00028803
0.84553	-0.19871	0.00063406
0.84553	-0.14452	0.00050975
0.84553	-0.090324	0.00018794
0.84553	-0.036129	4.0147e-05
0.84553	0.018065	7.5506e-06
0.84553	0.072258	8.8132e-06
0.84553	0.12645	1.6882e-05
0.84553	0.18065	7.8537e-06
0.84553	0.23484	1.371e-05
0.84553	0.28903	1.6121e-05
0.84553	0.34323	2.6688e-06
0.84553	0.39742	1.8934e-05
0.84553	0.45161	3.0402e-05
0.84553	0.50581	7.978e-06
0.84553	0.56	4.2387e-06
0.84553	0.61419	1.0317e-05
0.84553	0.66839	2.1782e-06
0.84553	0.72258	8.7558e-06
0.84553	0.77677	1.3035e-05
0.84553	0.83097	1.9107e-06
0.84553	0.88516	8.9634e-06
0.84553	0.93935	1.545e-05
0.84553	0.99354	2.8872e-06
0.84553	1.0477	9.5106e-06
0.84553	1.1019	2.9271e-05
0.84553	1.1561	2.5428e-05
0.84553	1.2103	1.0846e-05
0.84553	1.2645	4.1732e-06
0.84553	1.3187	9.0303e-07
0.84553	1.3729	7.0388e-07
0.84553	1.4271	1.7571e-06
0.84553	1.4813	5.5069e-07
0.84553	1.5355	4.87e-07
0.84553	1.5897	1.1538e-06
0.84553	1.6439	3.4602e-07
0.84553	1.6981	1.726e-07
0.84553	1.7523	6.1476e-07
0.84553	1.8065	3.9384e-07
0.84553	1.8606	9.5362e-08
0.84553	1.9148	6.0035e-08
0.84553	1.969	1.33e-07
0.84553	2.0232	3.6999e-07
0.84553	2.0774	5.8235e-06
0.84553	2.1316	9.8836e-06
0.84553	2.1858	1.0904e-06
0.84553	2.24	2.8175e-06
0.84553	2.2942	9.4876e-07
0.84553	2.3484	1.5641e-07
0.84553	2.4026	9.109e-07
0.84553	2.4568	2.4289e-06
0.88125	-2.4748	3.9682e-09
0.88125	-2.4206	1.4075e-08
0.88125	-2.3665	6.3293e-09
0.88125	-2.3123	8.6699e-10
0.88125	-2.2581	1.2726e-09
0.88125	-2.2039	5.1301e-09
0.88125	-2.1497	1.2374e-08
0.88125	-2.0955	1.9996e-08
0.88125	-2.0413	2.9451e-08
0.88125	-1.9871	4.2983e-08
0.88125	-1.9329	1.5678e-07
0.88125	-1.8787	3.1106e-07
0.88125	-1.8245	1.1129e-07
0.88125	-1.7703	7.0171e-07
0.88125	-1.7161	2.6818e-06
0.88125	-1.6619	1.1465e-06
0.88125	-1.6077	1.2167e-05
0.88125	-1.5535	0.00010077
0.88125	-1.4994	0.00028114
0.88125	-1.4452	0.00038808
0.88125	-1.391	0.00026028
0.88125	-1.3368	5.242e-05
0.88125	-1.2826	2.7446e-05
0.88125	-1.2284	9.7418e-05
0.88125	-1.1742	5.1312e-05
0.88125	-1.12	2.8221e-05
0.88125	-1.0658	0.00014765
0.88125	-1.0116	0.00015086
0.88125	-0.95742	0.00011472
0.88125	-0.90323	0.00058986
0.88125	-0.84903	0.001189
0.88125	-0.79484	0.00069603
0.88125	-0.74065	0.0016022
0.88125	-0.68645	0.10492
0.88125	-0.63226	0.0049514
0.88125	-0.57806	0.00055019
0.88125	-0.52387	0.00036791
0.88125	-0.46968	7.5631e-05
0.88125	-0.41548	0.00046948
0.88125	-0.36129	0.00036037
0.88125	-0.3071	0.00012603
0.88125	-0.2529	0.0016382
0.88125	-0.19871	0.0037747
0.88125	-0.14452	0.0037057
0.88125	-0.090324	0.0017626
0.88125	-0.036129	0.00032702
0.88125	0.018065	1.3956e-05
0.88125	0.072258	2.956e-05
0.88125	0.12645	1.3095e-05
0.88125	0.18065	3.9605e-06
0.88125	0.23484	4.5979e-06
0.88125	0.28903	3.7704e-06
0.88125	0.34323	4.9544e-06
0.88125	0.39742	1.8428e-05
0.88125	0.45161	2.2428e-05
0.88125	0.50581	5.1864e-06
0.88125	0.56	5.1153e-06
0.88125	0.61419	1.091e-05
0.88125	0.66839	2.1483e-06
0.88125	0.72258	1.1238e-05
0.88125	0.77677	1.5787e-05
0.88125	0.83097	2.1684e-06
0.88125	0.88516	2.2395e-05
0.88125	0.93935	3.4157e-05
0.88125	0.99354	5.3362e-06
0.88125	1.0477	5.9899e-05
0.88125	1.1019	0.00019986
0.88125	1.1561	0.00023487
0.88125	1.2103	0.00012975
0.88125	1.2645	3.1152e-05
0.88125	1.3187	1.767e-06
0.88125	1.3729	5.1268e-07
0.88125	1.4271	4.259e-07
0.88125	1.4813	2.2005e-07
0.88125	1.5355	5.8377e-07
0.88125	1.5897	7.4884e-07
0.88125	1.6439	1.8175e-07
0.88125	1.6981	3.5834e-07
0.88125	1.7523	9.4754e-07
0.88125	1.8065	5.9299e-07
0.88125	1.8606	1.505e-07
0.88125	1.9148	2.0655e-07
0.88125	1.969	4.8797e-07
0.88125	2.0232	6.7545e-06
0.88125	2.0774	2.3183e-05
0.88125	2.1316	4.6388e-06
0.88125	2.1858	1.0809e-06
0.88125	2.24	3.1818e-06
0.88125	2.2942	1.1487e-06
0.88125	2.3484	6.2468e-07
0.88125	2.4026	3.7306e-06
0.88125	2.4568	4.8565e-06
0.91698	-2.4748	5.7773e-09
0.91698	-2.4206	2.2556e-08
0.91698	-2.3665	9.0771e-09
0.91698	-2.3123	1.1318e-09
0.91698	-2.2581	1.796e-09
0.91698	-2.2039	7.0513e-09
0.91698	-2.1497	1.0032e-08
0.91698	-2.0955	1.4964e-08
0.91698	-2.0413	2.5305e-08
0.91698	-1.9871	2.1248e-08
0.91698	-1.9329	3.5635e-08
0.91698	-1.8787	6.1014e-08
0.91698	-1.8245	2.7958e-08
0.91698	-1.7703	3.337e-07
0.91698	-1.7161	1.0426e-06
0.91698	-1.6619	4.2009e-07
0.91698	-1.6077	7.9861e-06
0.91698	-1.5535	5.8065e-05
0.91698	-1.4994	0.00015531
0.91698	-1.4452	0.00020625
0.91698	-1.391	0.00012872
0.91698	-1.3368	2.1465e-05
0.91698	-1.2826	2.296e-05
0.91698	-1.2284	6.0784e-05
0.91698	-1.1742	2.6489e-05
0.91698	-1.12	2.7291e-05
0.91698	-1.0658	0.00010656
0.91698	-1.0116	9.0943e-05
0.91698	-0.95742	0.00010305
0.91698	-0.90323	0.00047534
0.91698	-0.84903	0.00076997
0.91698	-0.79484	0.00037353
0.91698	-0.74065	0.00092165
0.91698	-0.68645	0.011344
0.91698	-0.63226	0.04639
0.91698	-0.57806	0.0016643
0.91698	-0.52387	0.00079004
0.91698	-0.46968	0.00017363
0.91698	-0.41548	0.00095633
0.91698	-0.36129	0.0005625
0.91698	-0.3071	0.00049149
0.91698	-0.2529	0.0048445
0.91698	-0.19871	0.010624
0.91698	-0.14452	0.010658
0.91698	-0.090324	0.0052968
0.91698	-0.036129	0.0009738
0.91698	0.018065	5.0498e-05
0.91698	0.072258	0.00021579
0.91698	0.12645	9.9513e-05
0.91698	0.18065	6.1443e-06
0.91698	0.23484	3.0279e-05
0.91698	0.28903	2.9163e-05
0.91698	0.34323	1.5189e-05
0.91698	0.39742	1.3954e-05
0.91698	0.45161	1.297e-05
0.91698	0.50581	5.8779e-06
0.91698	0.56	5.0745e-06
0.91698	0.61419	6.7292e-06
0.91698	0.66839	1.1557e-06
0.91698	0.72258	8.2892e-06
0.91698	0.77677	1.0955e-05
0.91698	0.83097	2.4761e-06
0.91698	0.88516	3.2672e-05
0.91698	0.93935	4.245e-05
0.91698	0.99354	8.3105e-06
0.91698	1.0477	0.00016122
0.91698	1.1019	0.00052266
0.91698	1.1561	0.00066897
0.91698	1.2103	0.00042021
0.91698	1.2645	0.00011477
0.91698	1.3187	5.8287e-06
0.91698	1.3729	7.0837e-06
0.91698	1.4271	6.9161e-06
0.91698	1.4813	1.5763e-06
0.91698	1.5355	1.0907e-06
0.91698	1.5897	1.0825e-06
0.91698	1.6439	3.6017e-07
0.91698	1.6981	4.5545e-07
0.91698	1.7523	1.2626e-06
0.91698	1.8065	1.2351e-06
0.91698	1.8606	8.1995e-07
0.91698	1.9148	1.6023e-06
0.91698	1.969	1.6942e-06
0.91698	2.0232	3.0526e-06
0.91698	2.0774	2.8609e-06
0.91698	2.1316	5.2757e-07
0.91698	2.1858	9.1254e-07
0.91698	2.24	2.3805e-06
0.91698	2.2942	7.3565e-07
0.91698	2.3484	1.6057e-06
0.91698	2.4026	8.6068e-06
0.91698	2.4568	1.2872e-05
0.95271	-2.4748	6.1377e-09
0.95271	-2.4206	2.257e-08
0.95271	-2.3665	8.3727e-09
0.95271	-2.3123	1.0562e-09
0.95271	-2.2581	1.6055e-09
0.95271	-2.2039	6.0293e-09
0.95271	-2.1497	1.1443e-08
0.95271	-2.0955	4.609e-08
0.95271	-2.0413	6.6052e-08
0.95271	-1.9871	1.5222e-08
0.95271	-1.9329	3.6551e-08
0.95271	-1.8787	5.9612e-08
0.95271	-1.8245	1.6144e-08
0.95271	-1.7703	1.6376e-07
0.95271	-1.7161	2.7909e-07
0.95271	-1.6619	1.4155e-07
0.95271	-1.6077	3.9744e-06
0.95271	-1.5535	2.447e-05
0.95271	-1.4994	6.3588e-05
0.95271	-1.4452	8.3339e-05
0.95271	-1.391	4.9352e-05
0.95271	-1.3368	7.0478e-06
0.95271	-1.2826	1.4599e-05
0.95271	-1.2284	3.0114e-05
0.95271	-1.1742	1.1142e-05
0.95271	-1.12	2.0772e-05
0.95271	-1.0658	6.2233e-05
0.95271	-1.0116	4.5962e-05
0.95271	-0.95742	8.1083e-05
0.95271	-0.90323	0.00032061
0.95271	-0.84903	0.00043844
0.95271	-0.79484	0.00022954
0.95271	-0.74065	0.00064339
0.95271	-0.68645	0.002151
0.95271	-0.63226	0.001928
0.95271	-0.57806	0.037459
0.95271	-0.52387	0.0026314
0.95271	-0.46968	0.00037724
0.95271	-0.41548	0.0016856
0.95271	-0.36129	0.00070445
0.95271	-0.3071	0.001404
0.95271	-0.2529	0.010466
0.95271	-0.19871	0.02125
0.95271	-0.14452	0.020718
0.95271	-0.090324	0.010053
0.95271	-0.036129	0.0016815
0.95271	0.018065	0.00016308
0.95271	0.072258	0.00063634
0.95271	0.12645	0.00026668
0.95271	0.18065	2.3578e-05
0.95271	0.23484	0.00014408
0.95271	0.28903	0.00011625
0.95271	0.34323	3.3761e-05
0.95271	0.39742	3.3798e-05
0.95271	0.45161	3.3173e-05
0.95271	0.50581	1.5007e-05
0.95271	0.56	3.8872e-06
0.95271	0.61419	1.3234e-06
0.95271	0.66839	4.3494e-07
0.95271	0.72258	2.0763e-06
0.95271	0.77677	2.7945e-06
0.95271	0.83097	2.7744e-06
0.95271	0.88516	2.7377e-05
0.95271	0.93935	2.9818e-05
0.95271	0.99354	1.4279e-05
0.95271	1.0477	0.00026108
0.95271	1.1019	0.00082101
0.95271	1.1561	0.0011019
0.95271	1.2103	0.00073684
0.95271	1.2645	0.00020788
0.95271	1.3187	9.5566e-06
0.95271	1.3729	2.6975e-05
0.95271	1.4271	2.5281e-05
0.95271	1.4813	4.7296e-06
0.95271	1.5355	4.3273e-06
0.95271	1.5897	5.3009e-06
0.95271	1.6439	1.3634e-06
0.95271	1.6981	7.0169e-07
0.95271	1.7523	4.5015e-06
0.95271	1.8065	1.295e-05
0.95271	1.8606	8.5292e-06
0.95271	1.9148	1.5591e-06
0.95271	1.969	2.019e-07
0.95271	2.0232	3.2942e-07
0.95271	2.0774	4.1285e-07
0.95271	2.1316	8.4683e-08
0.95271	2.1858	5.3661e-07
0.95271	2.24	1.2117e-06
0.95271	2.2942	2.9686e-07
0.95271	2.3484	2.0782e-06
0.95271	2.4026	1.0068e-05
0.95271	2.4568	1.5973e-05
0.98842	-2.4748	3.9975e-09
0.98842	-2.4206	1.3777e-08
0.98842	-2.3665	4.961e-09
0.98842	-2.3123	6.0714e-10
0.98842	-2.2581	7.477e-10
0.98842	-2.2039	2.952e-09
0.98842	-2.1497	1.493e-08
0.98842	-2.0955	7.7635e-08
0.98842	-2.0413	9.0564e-08
0.98842	-1.9871	2.0893e-08
0.98842	-1.9329	1.7006e-07
0.98842	-1.8787	2.1167e-07
0.98842	-1.8245	4.2028e-08
0.98842	-1.7703	5.3268e-07
0.98842	-1.7161	6.507e-07
0.98842	-1.6619	1.9904e-07
0.98842	-1.6077	4.183e-06
0.98842	-1.5535	1.5434e-05
0.98842	-1.4994	2.7951e-05
0.98842	-1.4452	2.9854e-05
0.98842	-1.391	1.5533e-05
0.98842	-1.3368	1.9598e-06
0.98842	-1.2826	6.6765e-06
0.98842	-1.2284	1.1437e-05
0.98842	-1.1742	3.7657e-06
0.98842	-1.12	1.1919e-05
0.98842	-1.0658	2.8736e-05
0.98842	-1.0116	1.9348e-05
0.98842	-0.95742	5.2051e-05
0.98842	-0.90323	0.00017757
0.98842	-0.84903	0.00021743
0.98842	-0.79484	0.00015112
0.98842	-0.74065	0.00041603
0.98842	-0.68645	0.00080531
0.98842	-0.63226	0.00031037
0.98842	-0.57806	0.042152
0.98842	-0.52387	0.057873
0.98842	-0.46968	0.0010106
0.98842	-0.41548	0.0030327
0.98842	-0.36129	0.00079982
0.98842	-0.3071	0.0032744
0.98842	-0.2529	0.018792
0.98842	-0.19871	0.034686
0.98842	-0.14452	0.032011
0.98842	-0.090324	0.014679
0.98842	-0.036129	0.0021264
0.98842	0.018065	0.00041701
0.98842	0.072258	0.0012552
0.98842	0.12645	0.00045201
0.98842	0.18065	8.1977e-05
0.98842	0.23484	0.00038427
0.98842	0.28903	0.00025776
0.98842	0.34323	6.9377e-05
0.98842	0.39742	0.00013279
0.98842	0.45161	0.00011947
0.98842	0.50581	3.1025e-05
0.98842	0.56	4.7933e-06
0.98842	0.61419	3.1308e-06
0.98842	0.66839	2.7486e-06
0.98842	0.72258	3.8125e-06
0.98842	0.77677	1.7247e-06
0.98842	0.83097	1.8541e-06
0.98842	0.88516	7.9412e-06
0.98842	0.93935	7.1011e-06
0.98842	0.99354	1.8367e-05
0.98842	1.0477	0.00024734
0.98842	1.1019	0.00079212
0.98842	1.1561	0.0011489
0.98842	1.2103	0.00082993
0.98842	1.2645	0.00024143
0.98842	1.3187	1.2268e-05
0.98842	1.3729	6.018e-05
0.98842	1.4271	5.396e-05
0.98842	1.4813	9.8639e-06
0.98842	1.5355	1.7336e-05
0.98842	1.5897	2.2461e-05
0.98842	1.6439	4.2859e-06
0.98842	1.6981	2.4137e-05
0.98842	1.7523	7.4108e-05
0.98842	1.8065	2.8144e-05
0.98842	1.8606	1.7773e-06
0.98842	1.9148	2.0267e-07
0.98842	1.969	7.9324e-08
0.98842	2.0232	4.0788e-08
0.98842	2.0774	3.6959e-08
0.98842	2.1316	1.8865e-08
0.98842	2.1858	1.5755e-07
0.98842	2.24	3.1974e-07
0.98842	2.2942	7.5994e-08
0.98842	2.3484	1.5297e-06
0.98842	2.4026	7.0052e-06
0.98842	2.4568	1.1774e-05
1.0242	-2.4748	1.1637e-09
1.0242	-2.4206	4.3673e-09
1.0242	-2.3665	1.7106e-09
1.0242	-2.3123	1.8299e-10
1.0242	-2.2581	1.2586e-10
1.0242	-2.2039	7.9724e-10
1.0242	-2.1497	1.51e-08
1.0242	-2.0955	7.3496e-08
1.0242	-2.0413	7.0195e-08
1.0242	-1.9871	3.6587e-08
1.0242	-1.9329	3.0635e-07
1.0242	-1.8787	3.1201e-07
1.0242	-1.8245	1.0404e-07
1.0242	-1.7703	1.2871e-06
1.0242	-1.7161	1.5072e-06
1.0242	-1.6619	5.4171e-07
1.0242	-1.6077	1.0572e-05
1.0242	-1.5535	3.3266e-05
1.0242	-1.4994	4.4018e-05
1.0242	-1.4452	2.9575e-05
1.0242	-1.391	8.8419e-06
1.0242	-1.3368	6.3922e-07
1.0242	-1.2826	2.8782e-06
1.0242	-1.2284	3.6187e-06
1.0242	-1.1742	9.6875e-07
1.0242	-1.12	5.1463e-06
1.0242	-1.0658	1.0331e-05
1.0242	-1.0116	6.4486e-06
1.0242	-0.95742	2.5653e-05
1.0242	-0.90323	7.8986e-05
1.0242	-0.84903	9.3348e-05
1.0242	-0.79484	9.2568e-05
1.0242	-0.74065	0.0002295
1.0242	-0.68645	0.00032104
1.0242	-0.63226	0.00015377
1.0242	-0.57806	0.0011644
1.0242	-0.52387	0.0090001
1.0242	-0.46968	0.019937
1.0242	-0.41548	0.008661
1.0242	-0.36129	0.0010433
1.0242	-0.3071	0.0069492
1.0242	-0.2529	0.030504
1.0242	-0.19871	0.049878
1.0242	-0.14452	0.042499
1.0242	-0.090324	0.017941
1.0242	-0.036129	0.0021609
1.0242	0.018065	0.00085035
1.0242	0.072258	0.0019289
1.0242	0.12645	0.00058252
1.0242	0.18065	0.0002181
1.0242	0.23484	0.00074152
1.0242	0.28903	0.00041629
1.0242	0.34323	0.00015092
1.0242	0.39742	0.00037484
1.0242	0.45161	0.00029205
1.0242	0.50581	4.6237e-05
1.0242	0.56	1.8886e-05
1.0242	0.61419	2.3398e-05
1.0242	0.66839	1.1856e-05
1.0242	0.72258	3.1292e-05
1.0242	0.77677	1.6959e-05
1.0242	0.83097	2.7212e-06
1.0242	0.88516	1.0875e-05
1.0242	0.93935	7.4764e-06
1.0242	0.99354	8.9793e-06
1.0242	1.0477	7.8928e-05
1.0242	1.1019	0.00031839
1.0242	1.1561	0.00059555
1.0242	1.2103	0.00053015
1.0242	1.2645	0.00017642
1.0242	1.3187	1.5127e-05
1.0242	1.3729	9.1102e-05
1.0242	1.4271	8.6302e-05
1.0242	1.4813	2.1976e-05
1.0242	1.5355	7.7575e-05
1.0242	1.5897	0.00015214
1.0242	1.6439	3.0744e-05
1.0242	1.6981	7.0957e-05
1.0242	1.7523	2.3655e-05
1.0242	1.8065	2.9914e-06
1.0242	1.8606	2.7315e-07
1.0242	1.9148	1.4047e-07
1.0242	1.969	5.3268e-08
1.0242	2.0232	7.3346e-08
1.0242	2.0774	8.706e-08
1.0242	2.1316	1.4382e-08
1.0242	2.1858	1.825e-08
1.0242	2.24	2.676e-08
1.0242	2.2942	2.0718e-08
1.0242	2.3484	4.7206e-07
1.0242	2.4026	2.3241e-06
1.0242	2.4568	4.5412e-06
1.0599	-2.4748	2.5958e-09
1.0599	-2.4206	3.0642e-09
1.0599	-2.3665	4.6794e-10
1.0599	-2.3123	1.5891e-10
1.0599	-2.2581	6.3041e-10
1.0599	-2.2039	1.2169e-09
1.0599	-2.1497	8.5902e-09
1.0599	-2.0955	3.5193e-08
1.0599	-2.0413	2.7862e-08
1.0599	-1.9871	4.3547e-08
1.0599	-1.9329	2.9533e-07
1.0599	-1.8787	2.5283e-07
1.0599	-1.8245	1.7255e-07
1.0599	-1.7703	1.7551e-06
1.0599	-1.7161	1.8624e-06
1.0599	-1.6619	1.1001e-06
1.0599	-1.6077	1.9515e-05
1.0599	-1.5535	6.1009e-05
1.0599	-1.4994	8.0311e-05
1.0599	-1.4452	4.9924e-05
1.0599	-1.391	1.1071e-05
1.0599	-1.3368	8.9935e-07
1.0599	-1.2826	3.927e-06
1.0599	-1.2284	2.0779e-06
1.0599	-1.1742	4.5275e-07
1.0599	-1.12	2.8876e-06
1.0599	-1.0658	3.4349e-06
1.0599	-1.0116	1.5934e-06
1.0599	-0.95742	1.0449e-05
1.0599	-0.90323	2.9301e-05
1.0599	-0.84903	3.4591e-05
1.0599	-0.79484	4.551e-05
1.0599	-0.74065	0.00010242
1.0599	-0.68645	0.00012108
1.0599	-0.63226	8.332e-05
1.0599	-0.57806	0.00029379
1.0599	-0.52387	0.00032822
1.0599	-0.46968	0.033217
1.0599	-0.41548	0.10163
1.0599	-0.36129	0.0034732
1.0599	-0.3071	0.016021
1.0599	-0.2529	0.049468
1.0599	-0.19871	0.067825
1.0599	-0.14452	0.051392
1.0599	-0.090324	0.01934
1.0599	-0.036129	0.0018705
1.0599	0.018065	0.0014403
1.0599	0.072258	0.0024761
1.0599	0.12645	0.00062435
1.0599	0.18065	0.0004597
1.0599	0.23484	0.0011518
1.0599	0.28903	0.0005492
1.0599	0.34323	0.0003288
1.0599	0.39742	0.00080416
1.0599	0.45161	0.00054171
1.0599	0.50581	5.6848e-05
1.0599	0.56	6.9979e-05
1.0599	0.61419	7.3285e-05
1.0599	0.66839	3.0596e-05
1.0599	0.72258	0.0001015
1.0599	0.77677	4.9534e-05
1.0599	0.83097	2.4918e-05
1.0599	0.88516	0.00012243
1.0599	0.93935	6.856e-05
1.0599	0.99354	2.6516e-05
1.0599	1.0477	0.00020073
1.0599	1.1019	0.00028792
1.0599	1.1561	0.00019774
1.0599	1.2103	0.00013243
1.0599	1.2645	6.8468e-05
1.0599	1.3187	1.4505e-05
1.0599	1.3729	7.8758e-05
1.0599	1.4271	0.00012523
1.0599	1.4813	0.0001376
1.0599	1.5355	0.00048979
1.0599	1.5897	0.00028173
1.0599	1.6439	7.3771e-06
1.0599	1.6981	1.1547e-05
1.0599	1.7523	4.894e-06
1.0599	1.8065	7.3492e-07
1.0599	1.8606	1.0166e-07
1.0599	1.9148	1.0492e-07
1.0599	1.969	4.501e-08
1.0599	2.0232	1.8095e-07
1.0599	2.0774	1.8461e-07
1.0599	2.1316	2.3645e-08
1.0599	2.1858	1.9677e-07
1.0599	2.24	2.0552e-07
1.0599	2.2942	2.7164e-08
1.0599	2.3484	1.8104e-07
1.0599	2.4026	3.9704e-07
1.0599	2.4568	5.6398e-07
1.0956	-2.4748	1.1135e-08
1.0956	-2.4206	1.0248e-08
1.0956	-2.3665	8.2224e-10
1.0956	-2.3123	5.4937e-10
1.0956	-2.2581	2.1963e-09
1.0956	-2.2039	2.9779e-09
1.0956	-2.1497	1.785e-09
1.0956	-2.0955	4.0713e-09
1.0956	-2.0413	2.8225e-09
1.0956	-1.9871	2.4767e-08
1.0956	-1.9329	1.4149e-07
1.0956	-1.8787	1.0827e-07
1.0956	-1.8245	1.6401e-07
1.0956	-1.7703	1.3978e-06
1.0956	-1.7161	1.3545e-06
1.0956	-1.6619	1.4592e-06
1.0956	-1.6077	2.2841e-05
1.0956	-1.5535	7.1628e-05
1.0956	-1.4994	9.6254e-05
1.0956	-1.4452	5.9335e-05
1.0956	-1.391	1.1329e-05
1.0956	-1.3368	2.1799e-06
1.0956	-1.2826	7.2195e-06
1.0956	-1.2284	2.44e-06
1.0956	-1.1742	1.224e-06
1.0956	-1.12	4.2826e-06
1.0956	-1.0658	2.049e-06
1.0956	-1.0116	1.2191e-06
1.0956	-0.95742	7.5691e-06
1.0956	-0.90323	1.2857e-05
1.0956	-0.84903	1.1584e-05
1.0956	-0.79484	1.7081e-05
1.0956	-0.74065	3.711e-05
1.0956	-0.68645	4.034e-05
1.0956	-0.63226	3.1768e-05
1.0956	-0.57806	7.8748e-05
1.0956	-0.52387	5.9344e-05
1.0956	-0.46968	0.00056979
1.0956	-0.41548	0.012391
1.0956	-0.36129	0.029934
1.0956	-0.3071	0.11278
1.0956	-0.2529	0.10379
1.0956	-0.19871	0.098811
1.0956	-0.14452	0.061157
1.0956	-0.090324	0.019428
1.0956	-0.036129	0.0014926
1.0956	0.018065	0.0021252
1.0956	0.072258	0.0027779
1.0956	0.12645	0.00060411
1.0956	0.18065	0.00080834
1.0956	0.23484	0.0015259
1.0956	0.28903	0.00064095
1.0956	0.34323	0.00066337
1.0956	0.39742	0.001427
1.0956	0.45161	0.00083887
1.0956	0.50581	8.0931e-05
1.0956	0.56	0.0002002
1.0956	0.61419	0.00016228
1.0956	0.66839	5.8976e-05
1.0956	0.72258	0.00022645
1.0956	0.77677	9.2575e-05
1.0956	0.83097	0.00012418
1.0956	0.88516	0.00049557
1.0956	0.93935	0.00021247
1.0956	0.99354	0.00041907
1.0956	1.0477	0.0029489
1.0956	1.1019	0.0055651
1.0956	1.1561	0.0049581
1.0956	1.2103	0.0021991
1.0956	1.2645	0.00036882
1.0956	1.3187	0.00010846
1.0956	1.3729	0.00040837
1.0956	1.4271	0.00028387
1.0956	1.4813	0.00017993
1.0956	1.5355	3.5382e-05
1.0956	1.5897	5.7795e-06
1.0956	1.6439	3.1273e-06
1.0956	1.6981	3.9279e-06
1.0956	1.7523	1.548e-06
1.0956	1.8065	2.2189e-07
1.0956	1.8606	6.6083e-08
1.0956	1.9148	5.9458e-08
1.0956	1.969	4.7867e-08
1.0956	2.0232	2.3504e-07
1.0956	2.0774	1.9214e-07
1.0956	2.1316	5.972e-08
1.0956	2.1858	5.2043e-07
1.0956	2.24	4.649e-07
1.0956	2.2942	1.1958e-07
1.0956	2.3484	1.5741e-06
1.0956	2.4026	3.3939e-06
1.0956	2.4568	2.8716e-06
1.1313	-2.4748	2.1846e-08
1.1313	-2.4206	1.7797e-08
1.1313	-2.3665	1.3239e-09
1.1313	-2.3123	9.8795e-10
1.1313	-2.2581	3.6336e-09
1.1313	-2.2039	3.9553e-09
1.1313	-2.1497	7.8585e-09
1.1313	-2.0955	1.8568e-08
1.1313	-2.0413	6.6138e-09
1.1313	-1.9871	6.9364e-09
1.1313	-1.9329	2.6828e-08
1.1313	-1.8787	1.6689e-08
1.1313	-1.8245	7.1595e-08
1.1313	-1.7703	5.4281e-07
1.1313	-1.7161	5.2643e-07
1.1313	-1.6619	1.0632e-06
1.1313	-1.6077	1.5671e-05
1.1313	-1.5535	5.1521e-05
1.1313	-1.4994	7.2705e-05
1.1313	-1.4452	4.5379e-05
1.1313	-1.391	7.5691e-06
1.1313	-1.3368	3.4527e-06
1.1313	-1.2826	8.8438e-06
1.1313	-1.2284	2.3626e-06
1.1313	-1.1742	2.4593e-06
1.1313	-1.12	6.3255e-06
1.1313	-1.0658	1.9154e-06
1.1313	-1.0116	3.0752e-06
1.1313	-0.95742	1.0884e-05
1.1313	-0.90323	9.8306e-06
1.1313	-0.84903	5.8302e-06
1.1313	-0.79484	1.0663e-05
1.1313	-0.74065	1.5771e-05
1.1313	-0.68645	1.0347e-05
1.1313	-0.63226	4.9019e-06
1.1313	-0.57806	1.5287e-05
1.1313	-0.52387	1.2551e-05
1.1313	-0.46968	6.2086e-05
1.1313	-0.41548	0.00036226
1.1313	-0.36129	0.001633
1.1313	-0.3071	0.40387
1.1313	-0.2529	1.178
1.1313	-0.19871	0.27701
1.1313	-0.14452	0.08884
1.1313	-0.090324	0.020437
1.1313	-0.036129	0.0013185
1.1313	0.018065	0.0029107
1.1313	0.072258	0.0028604
1.1313	0.12645	0.0005958
1.1313	0.18065	0.0012494
1.1313	0.23484	0.0018048
1.1313	0.28903	0.00072424
1.1313	0.34323	0.0012182
1.1313	0.39742	0.0022326
1.1313	0.45161	0.0011704
1.1313	0.50581	0.0001829
1.1313	0.56	0.00048429
1.1313	0.61419	0.00030251
1.1313	0.66839	9.7395e-05
1.1313	0.72258	0.00042699
1.1313	0.77677	0.00014096
1.1313	0.83097	0.00044562
1.1313	0.88516	0.0014619
1.1313	0.93935	0.00046757
1.1313	0.99354	0.0031991
1.1313	1.0477	0.021315
1.1313	1.1019	0.049501
1.1313	1.1561	0.064981
1.1313	1.2103	0.056156
1.1313	1.2645	0.017291
1.1313	1.3187	0.0029718
1.1313	1.3729	0.0023777
1.1313	1.4271	0.00013618
1.1313	1.4813	9.6798e-06
1.1313	1.5355	1.1007e-05
1.1313	1.5897	4.9881e-06
1.1313	1.6439	2.6966e-06
1.1313	1.6981	1.6387e-06
1.1313	1.7523	6.024e-07
1.1313	1.8065	1.3181e-07
1.1313	1.8606	4.7756e-08
1.1313	1.9148	2.3261e-08
1.1313	1.969	4.6268e-08
1.1313	2.0232	1.8674e-07
1.1313	2.0774	1.177e-07
1.1313	2.1316	1.0956e-07
1.1313	2.1858	6.9348e-07
1.1313	2.24	4.997e-07
1.1313	2.2942	3.6813e-07
1.1313	2.3484	4.1069e-06
1.1313	2.4026	9.2477e-06
1.1313	2.4568	9.0207e-06
1.1671	-2.4748	2.4999e-08
1.1671	-2.4206	1.7888e-08
1.1671	-2.3665	1.1804e-09
1.1671	-2.3123	1.0497e-09
1.1671	-2.2581	3.6093e-09
1.1671	-2.2039	3.8755e-09
1.1671	-2.1497	3.0833e-08
1.1671	-2.0955	6.9427e-08
1.1671	-2.0413	2.0102e-08
1.1671	-1.9871	5.3467e-08
1.1671	-1.9329	1.1961e-07
1.1671	-1.8787	2.2603e-08
1.1671	-1.8245	1.0992e-07
1.1671	-1.7703	2.5237e-07
1.1671	-1.7161	1.1486e-07
1.1671	-1.6619	4.3276e-07
1.1671	-1.6077	5.0762e-06
1.1671	-1.5535	1.8588e-05
1.1671	-1.4994	2.9753e-05
1.1671	-1.4452	2.0005e-05
1.1671	-1.391	3.0392e-06
1.1671	-1.3368	3.2241e-06
1.1671	-1.2826	6.8283e-06
1.1671	-1.2284	1.5401e-06
1.1671	-1.1742	2.9983e-06
1.1671	-1.12	6.3625e-06
1.1671	-1.0658	1.5089e-06
1.1671	-1.0116	4.8484e-06
1.1671	-0.95742	1.2702e-05
1.1671	-0.90323	8.0099e-06
1.1671	-0.84903	7.6629e-06
1.1671	-0.79484	1.7807e-05
1.1671	-0.74065	1.3524e-05
1.1671	-0.68645	2.3236e-06
1.1671	-0.63226	6.0566e-06
1.1671	-0.57806	7.8006e-06
1.1671	-0.52387	3.9095e-06
1.1671	-0.46968	1.3628e-05
1.1671	-0.41548	1.938e-05
1.1671	-0.36129	0.00016462
1.1671	-0.3071	0.0059134
1.1671	-0.2529	0.19383
1.1671	-0.19871	1.4321
1.1671	-0.14452	0.63957
1.1671	-0.090324	0.044279
1.1671	-0.036129	0.0019885
1.1671	0.018065	0.0042944
1.1671	0.072258	0.0030111
1.1671	0.12645	0.0007142
1.1671	0.18065	0.0018293
1.1671	0.23484	0.0020354
1.1671	0.28903	0.00089648
1.1671	0.34323	0.0021167
1.1671	0.39742	0.0033084
1.1671	0.45161	0.0016233
1.1671	0.50581	0.00053302
1.1671	0.56	0.0011008
1.1671	0.61419	0.0005376
1.1671	0.66839	0.00016988
1.1671	0.72258	0.00080861
1.1671	0.77677	0.00021521
1.1671	0.83097	0.0015586
1.1671	0.88516	0.0044652
1.1671	0.93935	0.0012044
1.1671	0.99354	0.030961
1.1671	1.0477	0.29662
1.1671	1.1019	1.4139
1.1671	1.1561	1.2504
1.1671	1.2103	0.34073
1.1671	1.2645	0.012592
1.1671	1.3187	0.00090723
1.1671	1.3729	0.00076181
1.1671	1.4271	8.5218e-05
1.1671	1.4813	1.1799e-05
1.1671	1.5355	2.3326e-05
1.1671	1.5897	8.6665e-06
1.1671	1.6439	2.3942e-06
1.1671	1.6981	1.3673e-06
1.1671	1.7523	6.2256e-07
1.1671	1.8065	1.6796e-07
1.1671	1.8606	3.4897e-08
1.1671	1.9148	1.0902e-08
1.1671	1.969	2.9545e-08
1.1671	2.0232	7.9978e-08
1.1671	2.0774	3.7368e-08
1.1671	2.1316	1.2159e-07
1.1671	2.1858	5.5044e-07
1.1671	2.24	3.0369e-07
1.1671	2.2942	6.6429e-07
1.1671	2.3484	5.8525e-06
1.1671	2.4026	1.3111e-05
1.1671	2.4568	1.3432e-05
1.2028	-2.4748	1.7408e-08
1.2028	-2.4206	1.0963e-08
1.2028	-2.3665	6.3218e-10
1.2028	-2.3123	6.6155e-10
1.2028	-2.2581	2.0478e-09
1.2028	-2.2039	3.9204e-09
1.2028	-2.1497	5.3959e-08
1.2028	-2.0955	1.0539e-07
1.2028	-2.0413	2.5413e-08
1.2028	-1.9871	1.8284e-07
1.2028	-1.9329	3.6694e-07
1.2028	-1.8787	6.7066e-08
1.2028	-1.8245	5.6663e-07
1.2028	-1.7703	1.2101e-06
1.2028	-1.7161	2.5618e-07
1.2028	-1.6619	1.9842e-06
1.2028	-1.6077	8.1256e-06
1.2028	-1.5535	1.1805e-05
1.2028	-1.4994	1.0154e-05
1.2028	-1.4452	5.3434e-06
1.2028	-1.391	7.8101e-07
1.2028	-1.3368	1.4573e-06
1.2028	-1.2826	2.9301e-06
1.2028	-1.2284	6.4395e-07
1.2028	-1.1742	2.1387e-06
1.2028	-1.12	4.0762e-06
1.2028	-1.0658	9.016e-07
1.2028	-1.0116	4.5974e-06
1.2028	-0.95742	9.7011e-06
1.2028	-0.90323	4.7498e-06
1.2028	-0.84903	1.0657e-05
1.2028	-0.79484	2.3984e-05
1.2028	-0.74065	1.2785e-05
1.2028	-0.68645	4.4115e-06
1.2028	-0.63226	2.1963e-05
1.2028	-0.57806	1.3847e-05
1.2028	-0.52387	1.0034e-05
1.2028	-0.46968	6.7304e-05
1.2028	-0.41548	4.2423e-05
1.2028	-0.36129	0.00011593
1.2028	-0.3071	0.0014464
1.2028	-0.2529	0.0060775
1.2028	-0.19871	0.019797
1.2028	-0.14452	0.091012
1.2028	-0.090324	0.14362
1.2028	-0.036129	0.018407
1.2028	0.018065	0.023531
1.2028	0.072258	0.0058183
1.2028	0.12645	0.0014165
1.2028	0.18065	0.0031638
1.2028	0.23484	0.0026478
1.2028	0.28903	0.0014718
1.2028	0.34323	0.0040004
1.2028	0.39742	0.0054171
1.2028	0.45161	0.0027448
1.2028	0.50581	0.0018003
1.2028	0.56	0.0028619
1.2028	0.61419	0.0011476
1.2028	0.66839	0.00050178
1.2028	0.72258	0.0022012
1.2028	0.77677	0.00055391
1.2028	0.83097	0.011031
1.2028	0.88516	0.040906
1.2028	0.93935	0.019477
1.2028	0.99354	0.47484
1.2028	1.0477	1.4875
1.2028	1.1019	0.93665
1.2028	1.1561	0.20661
1.2028	1.2103	0.031001
1.2028	1.2645	0.0012639
1.2028	1.3187	0.000534
1.2028	1.3729	0.00047684
1.2028	1.4271	5.5175e-05
1.2028	1.4813	1.8753e-05
1.2028	1.5355	3.0909e-05
1.2028	1.5897	9.6992e-06
1.2028	1.6439	2.4485e-06
1.2028	1.6981	2.1347e-06
1.2028	1.7523	9.8347e-07
1.2028	1.8065	2.13e-07
1.2028	1.8606	4.0414e-08
1.2028	1.9148	1.8895e-08
1.2028	1.969	1.0223e-08
1.2028	2.0232	1.1085e-08
1.2028	2.0774	7.9559e-09
1.2028	2.1316	6.7727e-08
1.2028	2.1858	2.1643e-07
1.2028	2.24	8.5606e-08
1.2028	2.2942	7.0223e-07
1.2028	2.3484	5.0724e-06
1.2028	2.4026	1.1419e-05
1.2028	2.4568	1.2186e-05
1.2385	-2.4748	9.1399e-09
1.2385	-2.4206	4.2954e-09
1.2385	-2.3665	2.2417e-10
1.2385	-2.3123	2.2503e-10
1.2385	-2.2581	4.7245e-10
1.2385	-2.2039	3.9279e-09
1.2385	-2.1497	5.268e-08
1.2385	-2.0955	8.8531e-08
1.2385	-2.0413	2.4033e-08
1.2385	-1.9871	3.0474e-07
1.2385	-1.9329	5.2675e-07
1.2385	-1.8787	9.6485e-08
1.2385	-1.8245	1.3697e-06
1.2385	-1.7703	2.7845e-06
1.2385	-1.7161	5.5719e-07
1.2385	-1.6619	8.0893e-06
1.2385	-1.6077	3.5434e-05
1.2385	-1.5535	5.3749e-05
1.2385	-1.4994	3.8115e-05
1.2385	-1.4452	1.1751e-05
1.2385	-1.391	8.0016e-07
1.2385	-1.3368	6.154e-07
1.2385	-1.2826	9.3487e-07
1.2385	-1.2284	1.9681e-07
1.2385	-1.1742	7.0059e-07
1.2385	-1.12	1.4688e-06
1.2385	-1.0658	4.1912e-07
1.2385	-1.0116	2.3522e-06
1.2385	-0.95742	4.3089e-06
1.2385	-0.90323	1.9486e-06
1.2385	-0.84903	1.0024e-05
1.2385	-0.79484	2.0325e-05
1.2385	-0.74065	8.523e-06
1.2385	-0.68645	8.8951e-06
1.2385	-0.63226	3.2474e-05
1.2385	-0.57806	1.4908e-05
1.2385	-0.52387	2.2517e-05
1.2385	-0.46968	0.00012336
1.2385	-0.41548	7.2829e-05
1.2385	-0.36129	0.00018332
1.2385	-0.3071	0.0019455
1.2385	-0.2529	0.0054903
1.2385	-0.19871	0.007661
1.2385	-0.14452	0.0059078
1.2385	-0.090324	0.0021268
1.2385	-0.036129	0.0010229
1.2385	0.018065	0.01979
1.2385	0.072258	0.019734
1.2385	0.12645	0.009712
1.2385	0.18065	0.024453
1.2385	0.23484	0.019492
1.2385	0.28903	0.0092341
1.2385	0.34323	0.020222
1.2385	0.39742	0.02282
1.2385	0.45161	0.014044
1.2385	0.50581	0.016724
1.2385	0.56	0.024992
1.2385	0.61419	0.011248
1.2385	0.66839	0.011608
1.2385	0.72258	0.023947
1.2385	0.77677	0.0048339
1.2385	0.83097	0.058595
1.2385	0.88516	0.075968
1.2385	0.93935	0.0056209
1.2385	0.99354	0.052466
1.2385	1.0477	0.10011
1.2385	1.1019	0.085822
1.2385	1.1561	0.039502
1.2385	1.2103	0.008438
1.2385	1.2645	0.00034787
1.2385	1.3187	0.00037996
1.2385	1.3729	0.0003083
1.2385	1.4271	3.2263e-05
1.2385	1.4813	2.3623e-05
1.2385	1.5355	3.1473e-05
1.2385	1.5897	8.4942e-06
1.2385	1.6439	2.9018e-06
1.2385	1.6981	3.1405e-06
1.2385	1.7523	1.2926e-06
1.2385	1.8065	2.3468e-07
1.2385	1.8606	6.9194e-08
1.2385	1.9148	3.3023e-08
1.2385	1.969	2.1146e-08
1.2385	2.0232	5.123e-08
1.2385	2.0774	2.5875e-08
1.2385	2.1316	9.5256e-09
1.2385	2.1858	1.9821e-08
1.2385	2.24	1.6077e-08
1.2385	2.2942	3.4348e-07
1.2385	2.3484	2.1838e-06
1.2385	2.4026	5.3596e-06
1.2385	2.4568	6.3445e-06
1.2742	-2.4748	1.4727e-08
1.2742	-2.4206	3.5871e-09
1.2742	-2.3665	2.113e-10
1.2742	-2.3123	3.1623e-10
1.2742	-2.2581	5.911e-10
1.2742	-2.2039	2.3797e-09
1.2742	-2.1497	2.604e-08
1.2742	-2.0955	3.827e-08
1.2742	-2.0413	2.132e-08
1.2742	-1.9871	2.924e-07
1.2742	-1.9329	4.3317e-07
1.2742	-1.8787	1.1011e-07
1.2742	-1.8245	1.9123e-06
1.2742	-1.7703	3.5077e-06
1.2742	-1.7161	7.2864e-07
1.2742	-1.6619	1.693e-05
1.2742	-1.6077	7.4063e-05
1.2742	-1.5535	0.00012036
1.2742	-1.4994	9.2258e-05
1.2742	-1.4452	2.8855e-05
1.2742	-1.391	1.4419e-06
1.2742	-1.3368	3.4667e-06
1.2742	-1.2826	2.7668e-06
1.2742	-1.2284	2.0684e-07
1.2742	-1.1742	7.1633e-07
1.2742	-1.12	8.384e-07
1.2742	-1.0658	1.6751e-07
1.2742	-1.0116	4.8358e-07
1.2742	-0.95742	1.0962e-06
1.2742	-0.90323	8.4399e-07
1.2742	-0.84903	5.1502e-06
1.2742	-0.79484	9.6379e-06
1.2742	-0.74065	3.5119e-06
1.2742	-0.68645	9.395e-06
1.2742	-0.63226	2.7148e-05
1.2742	-0.57806	9.6613e-06
1.2742	-0.52387	2.9395e-05
1.2742	-0.46968	0.00012996
1.2742	-0.41548	6.5514e-05
1.2742	-0.36129	0.00023498
1.2742	-0.3071	0.0021739
1.2742	-0.2529	0.0056164
1.2742	-0.19871	0.0068186
1.2742	-0.14452	0.003921
1.2742	-0.090324	0.00067647
1.2742	-0.036129	0.00025658
1.2742	0.018065	0.00077535
1.2742	0.072258	0.00036118
1.2742	0.12645	0.00033048
1.2742	0.18065	0.0020291
1.2742	0.23484	0.0032343
1.2742	0.28903	0.0076113
1.2742	0.34323	0.039228
1.2742	0.39742	0.06042
1.2742	0.45161	0.044257
1.2742	0.50581	0.047419
1.2742	0.56	0.037276
1.2742	0.61419	0.0071434
1.2742	0.66839	0.0025366
1.2742	0.72258	0.0026835
1.2742	0.77677	0.00029588
1.2742	0.83097	0.0025526
1.2742	0.88516	0.0021079
1.2742	0.93935	0.00086815
1.2742	0.99354	0.01101
1.2742	1.0477	0.025451
1.2742	1.1019	0.026012
1.2742	1.1561	0.013575
1.2742	1.2103	0.0030427
1.2742	1.2645	0.00011415
1.2742	1.3187	0.0002597
1.2742	1.3729	0.00018472
1.2742	1.4271	1.7307e-05
1.2742	1.4813	2.4303e-05
1.2742	1.5355	2.651e-05
1.2742	1.5897	6.3307e-06
1.2742	1.6439	3.4663e-06
1.2742	1.6981	3.7578e-06
1.2742	1.7523	1.3702e-06
1.2742	1.8065	2.4131e-07
1.2742	1.8606	1.0754e-07
1.2742	1.9148	4.3326e-08
1.2742	1.969	8.902e-08
1.2742	2.0232	1.9114e-07
1.2742	2.0774	5.227e-08
1.2742	2.1316	8.2621e-08
1.2742	2.1858	2.1978e-07
1.2742	2.24	7.9552e-08
1.2742	2.2942	8.137e-08
1.2742	2.3484	3.4569e-07
1.2742	2.4026	7.7872e-07
1.2742	2.4568	1.1937e-06
1.31	-2.4748	3.5997e-08
1.31	-2.4206	7.4393e-09
1.31	-2.3665	5.4793e-10
1.31	-2.3123	1.2095e-09
1.31	-2.2581	2.4161e-09
1.31	-2.2039	1.0179e-09
1.31	-2.1497	1.0489e-08
1.31	-2.0955	1.0714e-08
1.31	-2.0413	1.4399e-08
1.31	-1.9871	1.5631e-07
1.31	-1.9329	1.9457e-07
1.31	-1.8787	1.0543e-07
1.31	-1.8245	1.6239e-06
1.31	-1.7703	2.6671e-06
1.31	-1.7161	7.5936e-07
1.31	-1.6619	2.1487e-05
1.31	-1.6077	9.2232e-05
1.31	-1.5535	0.00015513
1.31	-1.4994	0.00012313
1.31	-1.4452	3.7656e-05
1.31	-1.391	1.8604e-06
1.31	-1.3368	9.3004e-06
1.31	-1.2826	6.4047e-06
1.31	-1.2284	5.1919e-07
1.31	-1.1742	3.397e-06
1.31	-1.12	2.5309e-06
1.31	-1.0658	2.3513e-07
1.31	-1.0116	1.6291e-06
1.31	-0.95742	2.0463e-06
1.31	-0.90323	8.4964e-07
1.31	-0.84903	6.9007e-07
1.31	-0.79484	1.4817e-06
1.31	-0.74065	7.6408e-07
1.31	-0.68645	4.7314e-06
1.31	-0.63226	1.2172e-05
1.31	-0.57806	3.7282e-06
1.31	-0.52387	2.2324e-05
1.31	-0.46968	8.5764e-05
1.31	-0.41548	3.7408e-05
1.31	-0.36129	0.00020961
1.31	-0.3071	0.0017334
1.31	-0.2529	0.0042573
1.31	-0.19871	0.0048393
1.31	-0.14452	0.0024252
1.31	-0.090324	0.00027449
1.31	-0.036129	0.00029581
1.31	0.018065	0.00049466
1.31	0.072258	9.1287e-05
1.31	0.12645	0.00017812
1.31	0.18065	0.00035239
1.31	0.23484	0.00011276
1.31	0.28903	0.00013976
1.31	0.34323	0.00054535
1.31	0.39742	0.00068533
1.31	0.45161	0.0005713
1.31	0.50581	0.00075394
1.31	0.56	0.00068867
1.31	0.61419	0.00020686
1.31	0.66839	0.0001848
1.31	0.72258	0.00018339
1.31	0.77677	3.9153e-05
1.31	0.83097	0.00039155
1.31	0.88516	0.00028952
1.31	0.93935	0.00036732
1.31	0.99354	0.0037367
1.31	1.0477	0.0087182
1.31	1.1019	0.0093229
1.31	1.1561	0.0050343
1.31	1.2103	0.001101
1.31	1.2645	4.4163e-05
1.31	1.3187	0.00016021
1.31	1.3729	9.8747e-05
1.31	1.4271	9.1276e-06
1.31	1.4813	2.0898e-05
1.31	1.5355	1.8932e-05
1.31	1.5897	4.2476e-06
1.31	1.6439	3.7344e-06
1.31	1.6981	3.7041e-06
1.31	1.7523	1.2216e-06
1.31	1.8065	2.4402e-07
1.31	1.8606	1.3295e-07
1.31	1.9148	5.1231e-08
1.31	1.969	2.0669e-07
1.31	2.0232	3.5052e-07
1.31	2.0774	6.4437e-08
1.31	2.1316	3.9028e-07
1.31	2.1858	7.8262e-07
1.31	2.24	1.6596e-07
1.31	2.2942	1.054e-06
1.31	2.3484	3.7519e-06
1.31	2.4026	4.2728e-06
1.31	2.4568	2.2001e-06
1.3457	-2.4748	5.6399e-08
1.3457	-2.4206	1.0156e-08
1.3457	-2.3665	1.0262e-09
1.3457	-2.3123	2.5967e-09
1.3457	-2.2581	4.1526e-09
1.3457	-2.2039	7.2069e-09
1.3457	-2.1497	4.8558e-08
1.3457	-2.0955	3.4825e-08
1.3457	-2.0413	1.4584e-08
1.3457	-1.9871	1.0907e-07
1.3457	-1.9329	7.6654e-08
1.3457	-1.8787	8.4266e-08
1.3457	-1.8245	8.8063e-07
1.3457	-1.7703	1.2145e-06
1.3457	-1.7161	6.1378e-07
1.3457	-1.6619	1.6582e-05
1.3457	-1.6077	7.1047e-05
1.3457	-1.5535	0.00012438
1.3457	-1.4994	0.00010186
1.3457	-1.4452	2.9926e-05
1.3457	-1.391	2.1573e-06
1.3457	-1.3368	1.3331e-05
1.3457	-1.2826	8.0133e-06
1.3457	-1.2284	1.051e-06
1.3457	-1.1742	7.269e-06
1.3457	-1.12	4.6391e-06
1.3457	-1.0658	7.696e-07
1.3457	-1.0116	5.7944e-06
1.3457	-0.95742	5.0581e-06
1.3457	-0.90323	1.279e-06
1.3457	-0.84903	2.2987e-06
1.3457	-0.79484	1.8572e-06
1.3457	-0.74065	3.1882e-07
1.3457	-0.68645	7.9946e-07
1.3457	-0.63226	1.8614e-06
1.3457	-0.57806	7.2874e-07
1.3457	-0.52387	7.7217e-06
1.3457	-0.46968	3.0296e-05
1.3457	-0.41548	1.3196e-05
1.3457	-0.36129	0.00010983
1.3457	-0.3071	0.00089603
1.3457	-0.2529	0.0022213
1.3457	-0.19871	0.0024838
1.3457	-0.14452	0.0011359
1.3457	-0.090324	9.0401e-05
1.3457	-0.036129	0.00025321
1.3457	0.018065	0.00030032
1.3457	0.072258	3.5082e-05
1.3457	0.12645	0.00017659
1.3457	0.18065	0.00022494
1.3457	0.23484	3.3144e-05
1.3457	0.28903	0.00014303
1.3457	0.34323	0.00026844
1.3457	0.39742	0.00014256
1.3457	0.45161	6.4844e-05
1.3457	0.50581	9.698e-05
1.3457	0.56	8.0858e-05
1.3457	0.61419	2.0959e-05
1.3457	0.66839	2.1612e-05
1.3457	0.72258	2.2978e-05
1.3457	0.77677	8.5231e-06
1.3457	0.83097	7.4546e-05
1.3457	0.88516	4.5658e-05
1.3457	0.93935	0.00016254
1.3457	0.99354	0.0013097
1.3457	1.0477	0.0029944
1.3457	1.1019	0.0032461
1.3457	1.1561	0.001761
1.3457	1.2103	0.00036332
1.3457	1.2645	2.165e-05
1.3457	1.3187	8.6368e-05
1.3457	1.3729	4.5933e-05
1.3457	1.4271	5.1491e-06
1.3457	1.4813	1.5119e-05
1.3457	1.5355	1.1525e-05
1.3457	1.5897	2.698e-06
1.3457	1.6439	3.4609e-06
1.3457	1.6981	3.0656e-06
1.3457	1.7523	9.5024e-07
1.3457	1.8065	2.3954e-07
1.3457	1.8606	1.3139e-07
1.3457	1.9148	6.3636e-08
1.3457	1.969	3.3029e-07
1.3457	2.0232	4.3962e-07
1.3457	2.0774	7.731e-08
1.3457	2.1316	8.9444e-07
1.3457	2.1858	1.3995e-06
1.3457	2.24	2.6778e-07
1.3457	2.2942	4.3501e-06
1.3457	2.3484	1.4588e-05
1.3457	2.4026	1.8298e-05
1.3457	2.4568	1.0928e-05
1.3814	-2.4748	5.6057e-08
1.3814	-2.4206	8.4091e-09
1.3814	-2.3665	1.3219e-09
1.3814	-2.3123	3.6994e-09
1.3814	-2.2581	4.2434e-09
1.3814	-2.2039	2.6114e-08
1.3814	-2.1497	1.3562e-07
1.3814	-2.0955	8.0619e-08
1.3814	-2.0413	6.542e-08
1.3814	-1.9871	3.7183e-07
1.3814	-1.9329	1.9695e-07
1.3814	-1.8787	1.8044e-07
1.3814	-1.8245	1.068e-06
1.3814	-1.7703	7.7725e-07
1.3814	-1.7161	5.853e-07
1.3814	-1.6619	9.6634e-06
1.3814	-1.6077	3.5743e-05
1.3814	-1.5535	6.1737e-05
1.3814	-1.4994	5.1591e-05
1.3814	-1.4452	1.4476e-05
1.3814	-1.391	2.0407e-06
1.3814	-1.3368	1.1439e-05
1.3814	-1.2826	6.0338e-06
1.3814	-1.2284	1.5146e-06
1.3814	-1.1742	8.9898e-06
1.3814	-1.12	4.9884e-06
1.3814	-1.0658	1.5973e-06
1.3814	-1.0116	9.7359e-06
1.3814	-0.95742	6.5824e-06
1.3814	-0.90323	2.2762e-06
1.3814	-0.84903	1.0125e-05
1.3814	-0.79484	7.8576e-06
1.3814	-0.74065	1.0027e-06
1.3814	-0.68645	4.8509e-06
1.3814	-0.63226	3.9005e-06
1.3814	-0.57806	6.0258e-07
1.3814	-0.52387	4.4805e-06
1.3814	-0.46968	6.3863e-06
1.3814	-0.41548	2.924e-06
1.3814	-0.36129	2.0299e-05
1.3814	-0.3071	0.00020875
1.3814	-0.2529	0.00061435
1.3814	-0.19871	0.00075472
1.3814	-0.14452	0.00033726
1.3814	-0.090324	2.3781e-05
1.3814	-0.036129	0.00014918
1.3814	0.018065	0.00013834
1.3814	0.072258	1.5153e-05
1.3814	0.12645	0.00012846
1.3814	0.18065	0.00012447
1.3814	0.23484	1.5787e-05
1.3814	0.28903	0.0001395
1.3814	0.34323	0.00018784
1.3814	0.39742	6.3748e-05
1.3814	0.45161	6.0694e-05
1.3814	0.50581	8.4948e-05
1.3814	0.56	2.8225e-05
1.3814	0.61419	2.733e-06
1.3814	0.66839	9.5046e-06
1.3814	0.72258	3.9485e-06
1.3814	0.77677	4.8527e-06
1.3814	0.83097	1.6241e-05
1.3814	0.88516	6.1766e-06
1.3814	0.93935	6.7497e-05
1.3814	0.99354	0.00042725
1.3814	1.0477	0.000937
1.3814	1.1019	0.0010136
1.3814	1.1561	0.00054439
1.3814	1.2103	0.0001037
1.3814	1.2645	1.1721e-05
1.3814	1.3187	3.9571e-05
1.3814	1.3729	1.8143e-05
1.3814	1.4271	3.0757e-06
1.3814	1.4813	9.1498e-06
1.3814	1.5355	5.9478e-06
1.3814	1.5897	1.6662e-06
1.3814	1.6439	2.7039e-06
1.3814	1.6981	2.1512e-06
1.3814	1.7523	6.6437e-07
1.3814	1.8065	2.1662e-07
1.3814	1.8606	1.0592e-07
1.3814	1.9148	8.2225e-08
1.3814	1.969	4.058e-07
1.3814	2.0232	4.1965e-07
1.3814	2.0774	1.1876e-07
1.3814	2.1316	1.4087e-06
1.3814	2.1858	1.7219e-06
1.3814	2.24	5.3789e-07
1.3814	2.2942	1.002e-05
1.3814	2.3484	3.0896e-05
1.3814	2.4026	3.896e-05
1.3814	2.4568	2.3951e-05
1.4171	-2.4748	3.3039e-08
1.4171	-2.4206	3.9883e-09
1.4171	-2.3665	1.1711e-09
1.4171	-2.3123	3.7556e-09
1.4171	-2.2581	3.0678e-09
1.4171	-2.2039	4.8224e-08
1.4171	-2.1497	2.0629e-07
1.4171	-2.0955	9.6956e-08
1.4171	-2.0413	1.9467e-07
1.4171	-1.9871	8.77e-07
1.4171	-1.9329	3.9836e-07
1.4171	-1.8787	6.5657e-07
1.4171	-1.8245	3.2282e-06
1.4171	-1.7703	1.8018e-06
1.4171	-1.7161	2.3473e-06
1.4171	-1.6619	2.147e-05
1.4171	-1.6077	4.6632e-05
1.4171	-1.5535	4.8612e-05
1.4171	-1.4994	2.703e-05
1.4171	-1.4452	5.4956e-06
1.4171	-1.391	1.2597e-06
1.4171	-1.3368	5.7962e-06
1.4171	-1.2826	2.655e-06
1.4171	-1.2284	1.4035e-06
1.4171	-1.1742	6.8329e-06
1.4171	-1.12	3.3226e-06
1.4171	-1.0658	2.0157e-06
1.4171	-1.0116	9.8889e-06
1.4171	-0.95742	5.2444e-06
1.4171	-0.90323	3.6416e-06
1.4171	-0.84903	1.7358e-05
1.4171	-0.79484	1.1855e-05
1.4171	-0.74065	2.4582e-06
1.4171	-0.68645	1.6564e-05
1.4171	-0.63226	1.2972e-05
1.4171	-0.57806	2.7516e-06
1.4171	-0.52387	2.5452e-05
1.4171	-0.46968	2.3569e-05
1.4171	-0.41548	4.7878e-06
1.4171	-0.36129	5.8366e-05
1.4171	-0.3071	0.00012682
1.4171	-0.2529	0.0001343
1.4171	-0.19871	0.00010955
1.4171	-0.14452	4.5636e-05
1.4171	-0.090324	6.3554e-06
1.4171	-0.036129	5.0009e-05
1.4171	0.018065	3.9974e-05
1.4171	0.072258	7.2208e-06
1.4171	0.12645	6.3905e-05
1.4171	0.18065	5.049e-05
1.4171	0.23484	9.958e-06
1.4171	0.28903	9.3107e-05
1.4171	0.34323	9.7841e-05
1.4171	0.39742	2.8902e-05
1.4171	0.45161	7.768e-05
1.4171	0.50581	9.2052e-05
1.4171	0.56	1.8678e-05
1.4171	0.61419	1.2911e-05
1.4171	0.66839	2.5451e-05
1.4171	0.72258	4.0947e-06
1.4171	0.77677	1.1961e-05
1.4171	0.83097	2.0399e-05
1.4171	0.88516	3.2038e-06
1.4171	0.93935	3.7607e-05
1.4171	0.99354	0.00016799
1.4171	1.0477	0.00030402
1.4171	1.1019	0.00029819
1.4171	1.1561	0.00014997
1.4171	1.2103	2.5314e-05
1.4171	1.2645	5.6479e-06
1.4171	1.3187	1.5031e-05
1.4171	1.3729	5.9182e-06
1.4171	1.4271	1.7167e-06
1.4171	1.4813	4.5604e-06
1.4171	1.5355	2.5655e-06
1.4171	1.5897	9.7199e-07
1.4171	1.6439	1.7519e-06
1.4171	1.6981	1.2828e-06
1.4171	1.7523	4.2597e-07
1.4171	1.8065	1.7125e-07
1.4171	1.8606	7.141e-08
1.4171	1.9148	9.9575e-08
1.4171	1.969	4.0319e-07
1.4171	2.0232	3.1708e-07
1.4171	2.0774	1.9185e-07
1.4171	2.1316	1.7102e-06
1.4171	2.1858	1.6067e-06
1.4171	2.24	1.1258e-06
1.4171	2.2942	1.6615e-05
1.4171	2.3484	4.7097e-05
1.4171	2.4026	5.8084e-05
1.4171	2.4568	3.5246e-05
1.4529	-2.4748	7.5414e-09
1.4529	-2.4206	7.3845e-10
1.4529	-2.3665	6.6117e-10
1.4529	-2.3123	2.6486e-09
1.4529	-2.2581	1.9527e-09
1.4529	-2.2039	5.1251e-08
1.4529	-2.1497	1.9152e-07
1.4529	-2.0955	7.0004e-08
1.4529	-2.0413	3.3275e-07
1.4529	-1.9871	1.2272e-06
1.4529	-1.9329	4.5079e-07
1.4529	-1.8787	1.5452e-06
1.4529	-1.8245	6.4655e-06
1.4529	-1.7703	3.0594e-06
1.4529	-1.7161	8.3942e-06
1.4529	-1.6619	6.7402e-05
1.4529	-1.6077	0.00014254
1.4529	-1.5535	0.00013656
1.4529	-1.4994	6.0167e-05
1.4529	-1.4452	7.6487e-06
1.4529	-1.391	1.7177e-06
1.4529	-1.3368	4.2341e-06
1.4529	-1.2826	1.1357e-06
1.4529	-1.2284	9.3125e-07
1.4529	-1.1742	3.3565e-06
1.4529	-1.12	1.3592e-06
1.4529	-1.0658	1.5463e-06
1.4529	-1.0116	6.3231e-06
1.4529	-0.95742	2.6964e-06
1.4529	-0.90323	3.9446e-06
1.4529	-0.84903	1.6744e-05
1.4529	-0.79484	9.7802e-06
1.4529	-0.74065	4.3239e-06
1.4529	-0.68645	2.6246e-05
1.4529	-0.63226	1.8019e-05
1.4529	-0.57806	7.0742e-06
1.4529	-0.52387	6.0005e-05
1.4529	-0.46968	5.4421e-05
1.4529	-0.41548	1.6585e-05
1.4529	-0.36129	0.00026283
1.4529	-0.3071	0.00067099
1.4529	-0.2529	0.00069622
1.4529	-0.19871	0.0003412
1.4529	-0.14452	6.6733e-05
1.4529	-0.090324	2.6919e-06
1.4529	-0.036129	8.1739e-06
1.4529	0.018065	6.2236e-06
1.4529	0.072258	2.3396e-06
1.4529	0.12645	1.698e-05
1.4529	0.18065	1.2439e-05
1.4529	0.23484	5.429e-06
1.4529	0.28903	3.9069e-05
1.4529	0.34323	3.2104e-05
1.4529	0.39742	1.2861e-05
1.4529	0.45161	6.4843e-05
1.4529	0.50581	6.6534e-05
1.4529	0.56	1.049e-05
1.4529	0.61419	2.3239e-05
1.4529	0.66839	3.3835e-05
1.4529	0.72258	4.3603e-06
1.4529	0.77677	2.1692e-05
1.4529	0.83097	3.4212e-05
1.4529	0.88516	5.0978e-06
1.4529	0.93935	4.299e-05
1.4529	0.99354	0.00014903
1.4529	1.0477	0.00019295
1.4529	1.1019	0.00013481
1.4529	1.1561	5.006e-05
1.4529	1.2103	6.054e-06
1.4529	1.2645	2.3855e-06
1.4529	1.3187	4.8611e-06
1.4529	1.3729	1.5482e-06
1.4529	1.4271	7.9802e-07
1.4529	1.4813	1.8462e-06
1.4529	1.5355	9.012e-07
1.4529	1.5897	4.9343e-07
1.4529	1.6439	9.2426e-07
1.4529	1.6981	6.4993e-07
1.4529	1.7523	2.5035e-07
1.4529	1.8065	1.1348e-07
1.4529	1.8606	4.2294e-08
1.4529	1.9148	1.0503e-07
1.4529	1.969	3.3157e-07
1.4529	2.0232	1.9157e-07
1.4529	2.0774	2.6512e-07
1.4529	2.1316	1.6803e-06
1.4529	2.1858	1.1767e-06
1.4529	2.24	1.9608e-06
1.4529	2.2942	2.1756e-05
1.4529	2.3484	5.6965e-05
1.4529	2.4026	6.7979e-05
1.4529	2.4568	3.9972e-05
1.4886	-2.4748	3.4642e-09
1.4886	-2.4206	3.9992e-10
1.4886	-2.3665	2.3083e-10
1.4886	-2.3123	1.1981e-09
1.4886	-2.2581	1.1651e-09
1.4886	-2.2039	2.5979e-08
1.4886	-2.1497	9.7214e-08
1.4886	-2.0955	2.9773e-08
1.4886	-2.0413	3.3192e-07
1.4886	-1.9871	1.0568e-06
1.4886	-1.9329	3.1388e-07
1.4886	-1.8787	2.2717e-06
1.4886	-1.8245	8.1492e-06
1.4886	-1.7703	3.138e-06
1.4886	-1.7161	1.8262e-05
1.4886	-1.6619	0.00013206
1.4886	-1.6077	0.00028443
1.4886	-1.5535	0.00028321
1.4886	-1.4994	0.00012645
1.4886	-1.4452	1.3872e-05
1.4886	-1.391	7.0219e-06
1.4886	-1.3368	1.2348e-05
1.4886	-1.2826	2.2882e-06
1.4886	-1.2284	1.8412e-06
1.4886	-1.1742	3.6472e-06
1.4886	-1.12	7.9445e-07
1.4886	-1.0658	1.1765e-06
1.4886	-1.0116	3.4463e-06
1.4886	-0.95742	1.279e-06
1.4886	-0.90323	2.2947e-06
1.4886	-0.84903	8.978e-06
1.4886	-0.79484	4.4407e-06
1.4886	-0.74065	4.9334e-06
1.4886	-0.68645	2.4294e-05
1.4886	-0.63226	1.4132e-05
1.4886	-0.57806	1.1389e-05
1.4886	-0.52387	7.9313e-05
1.4886	-0.46968	6.4901e-05
1.4886	-0.41548	3.5382e-05
1.4886	-0.36129	0.00051667
1.4886	-0.3071	0.0013745
1.4886	-0.2529	0.0015598
1.4886	-0.19871	0.00083755
1.4886	-0.14452	0.00016008
1.4886	-0.090324	7.4531e-06
1.4886	-0.036129	2.9705e-05
1.4886	0.018065	1.1329e-05
1.4886	0.072258	7.9917e-07
1.4886	0.12645	4.1572e-06
1.4886	0.18065	2.9289e-06
1.4886	0.23484	1.2684e-06
1.4886	0.28903	6.8757e-06
1.4886	0.34323	4.3883e-06
1.4886	0.39742	5.747e-06
1.4886	0.45161	3.2701e-05
1.4886	0.50581	3.0034e-05
1.4886	0.56	4.53e-06
1.4886	0.61419	2.2258e-05
1.4886	0.66839	2.6992e-05
1.4886	0.72258	3.1504e-06
1.4886	0.77677	2.5532e-05
1.4886	0.83097	3.7298e-05
1.4886	0.88516	5.5043e-06
1.4886	0.93935	5.6109e-05
1.4886	0.99354	0.00018083
1.4886	1.0477	0.00021059
1.4886	1.1019	0.00012048
1.4886	1.1561	3.1723e-05
1.4886	1.2103	2.0233e-06
1.4886	1.2645	1.588e-06
1.4886	1.3187	1.8095e-06
1.4886	1.3729	3.2966e-07
1.4886	1.4271	3.577e-07
1.4886	1.4813	6.4481e-07
1.4886	1.5355	2.4566e-07
1.4886	1.5897	2.0434e-07
1.4886	1.6439	3.9836e-07
1.4886	1.6981	2.8258e-07
1.4886	1.7523	1.3075e-07
1.4886	1.8065	6.0659e-08
1.4886	1.8606	2.437e-08
1.4886	1.9148	9.3465e-08
1.4886	1.969	2.2712e-07
1.4886	2.0232	9.2216e-08
1.4886	2.0774	2.9785e-07
1.4886	2.1316	1.3656e-06
1.4886	2.1858	6.8359e-07
1.4886	2.24	2.7193e-06
1.4886	2.2942	2.3441e-05
1.4886	2.3484	5.7017e-05
1.4886	2.4026	6.5527e-05
1.4886	2.4568	3.6946e-05
1.5243	-2.4748	2.6172e-08
1.5243	-2.4206	1.8355e-09
1.5243	-2.3665	2.9761e-10
1.5243	-2.3123	6.9208e-10
1.5243	-2.2581	1.0591e-09
1.5243	-2.2039	4.1108e-09
1.5243	-2.1497	1.5487e-08
1.5243	-2.0955	5.7656e-09
1.5243	-2.0413	1.4965e-07
1.5243	-1.9871	4.7124e-07
1.5243	-1.9329	1.3307e-07
1.5243	-1.8787	1.9942e-06
1.5243	-1.8245	6.3848e-06
1.5243	-1.7703	2.0169e-06
1.5243	-1.7161	2.5153e-05
1.5243	-1.6619	0.00016732
1.5243	-1.6077	0.00036536
1.5243	-1.5535	0.00037353
1.5243	-1.4994	0.0001666
1.5243	-1.4452	1.5532e-05
1.5243	-1.391	1.7609e-05
1.5243	-1.3368	2.619e-05
1.5243	-1.2826	4.1291e-06
1.5243	-1.2284	6.1126e-06
1.5243	-1.1742	9.9907e-06
1.5243	-1.12	1.6305e-06
1.5243	-1.0658	3.2898e-06
1.5243	-1.0116	6.0117e-06
1.5243	-0.95742	1.5387e-06
1.5243	-0.90323	1.033e-06
1.5243	-0.84903	3.397e-06
1.5243	-0.79484	1.1802e-06
1.5243	-0.74065	3.261e-06
1.5243	-0.68645	1.2949e-05
1.5243	-0.63226	6.2083e-06
1.5243	-0.57806	1.1426e-05
1.5243	-0.52387	6.4885e-05
1.5243	-0.46968	4.6827e-05
1.5243	-0.41548	4.835e-05
1.5243	-0.36129	0.00061199
1.5243	-0.3071	0.0016313
1.5243	-0.2529	0.0019095
1.5243	-0.19871	0.0010444
1.5243	-0.14452	0.00018222
1.5243	-0.090324	2.2344e-05
1.5243	-0.036129	7.5858e-05
1.5243	0.018065	2.3626e-05
1.5243	0.072258	5.2421e-06
1.5243	0.12645	1.829e-05
1.5243	0.18065	6.441e-06
1.5243	0.23484	1.0215e-06
1.5243	0.28903	4.312e-06
1.5243	0.34323	3.0525e-06
1.5243	0.39742	1.8977e-06
1.5243	0.45161	6.5481e-06
1.5243	0.50581	6.1337e-06
1.5243	0.56	1.4888e-06
1.5243	0.61419	1.1717e-05
1.5243	0.66839	1.2962e-05
1.5243	0.72258	1.7012e-06
1.5243	0.77677	1.9345e-05
1.5243	0.83097	2.6751e-05
1.5243	0.88516	4.2216e-06
1.5243	0.93935	5.548e-05
1.5243	0.99354	0.00017378
1.5243	1.0477	0.00020047
1.5243	1.1019	0.0001093
1.5243	1.1561	2.4335e-05
1.5243	1.2103	1.0192e-06
1.5243	1.2645	2.0582e-06
1.5243	1.3187	1.1977e-06
1.5243	1.3729	1.034e-07
1.5243	1.4271	3.156e-07
1.5243	1.4813	2.7612e-07
1.5243	1.5355	5.2336e-08
1.5243	1.5897	9.4914e-08
1.5243	1.6439	1.6455e-07
1.5243	1.6981	1.1175e-07
1.5243	1.7523	5.775e-08
1.5243	1.8065	2.5388e-08
1.5243	1.8606	1.5333e-08
1.5243	1.9148	6.8931e-08
1.5243	1.969	1.2837e-07
1.5243	2.0232	3.5875e-08
1.5243	2.0774	2.724e-07
1.5243	2.1316	9.244e-07
1.5243	2.1858	3.2064e-07
1.5243	2.24	3.032e-06
1.5243	2.2942	2.1166e-05
1.5243	2.3484	4.81e-05
1.5243	2.4026	5.3121e-05
1.5243	2.4568	2.8512e-05
1.5601	-2.4748	5.8595e-08
1.5601	-2.4206	3.1595e-09
1.5601	-2.3665	1.0055e-09
1.5601	-2.3123	1.9514e-09
1.5601	-2.2581	6.2679e-09
1.5601	-2.2039	4.8641e-08
1.5601	-2.1497	4.1408e-08
1.5601	-2.0955	4.6335e-09
1.5601	-2.0413	3.1663e-08
1.5601	-1.9871	5.2686e-08
1.5601	-1.9329	3.2006e-08
1.5601	-1.8787	7.793e-07
1.5601	-1.8245	2.4795e-06
1.5601	-1.7703	7.6404e-07
1.5601	-1.7161	2.0323e-05
1.5601	-1.6619	0.00013206
1.5601	-1.6077	0.0003012
1.5601	-1.5535	0.00032081
1.5601	-1.4994	0.0001429
1.5601	-1.4452	1.1267e-05
1.5601	-1.391	2.6835e-05
1.5601	-1.3368	3.439e-05
1.5601	-1.2826	4.5613e-06
1.5601	-1.2284	1.2876e-05
1.5601	-1.1742	1.8419e-05
1.5601	-1.12	2.5909e-06
1.5601	-1.0658	9.2923e-06
1.5601	-1.0116	1.4023e-05
1.5601	-0.95742	2.3322e-06
1.5601	-0.90323	4.8522e-06
1.5601	-0.84903	8.8072e-06
1.5601	-0.79484	1.8329e-06
1.5601	-0.74065	2.5324e-06
1.5601	-0.68645	6.4886e-06
1.5601	-0.63226	1.8149e-06
1.5601	-0.57806	7.4829e-06
1.5601	-0.52387	3.2979e-05
1.5601	-0.46968	2.0413e-05
1.5601	-0.41548	4.0167e-05
1.5601	-0.36129	0.00045189
1.5601	-0.3071	0.0012216
1.5601	-0.2529	0.0014742
1.5601	-0.19871	0.00081146
1.5601	-0.14452	0.00012509
1.5601	-0.090324	3.7385e-05
1.5601	-0.036129	9.7834e-05
1.5601	0.018065	2.5029e-05
1.5601	0.072258	1.3726e-05
1.5601	0.12645	3.7341e-05
1.5601	0.18065	1.0053e-05
1.5601	0.23484	6.182e-06
1.5601	0.28903	1.8713e-05
1.5601	0.34323	8.9339e-06
1.5601	0.39742	1.7822e-06
1.5601	0.45161	1.9415e-06
1.5601	0.50581	7.0268e-07
1.5601	0.56	2.2303e-07
1.5601	0.61419	2.2456e-06
1.5601	0.66839	2.8001e-06
1.5601	0.72258	5.6807e-07
1.5601	0.77677	7.8448e-06
1.5601	0.83097	1.1485e-05
1.5601	0.88516	2.2461e-06
1.5601	0.93935	3.4857e-05
1.5601	0.99354	0.00011207
1.5601	1.0477	0.00013356
1.5601	1.1019	7.2599e-05
1.5601	1.1561	1.437e-05
1.5601	1.2103	7.3771e-07
1.5601	1.2645	2.3836e-06
1.5601	1.3187	9.3255e-07
1.5601	1.3729	1.2632e-07
1.5601	1.4271	4.2093e-07
1.5601	1.4813	1.9106e-07
1.5601	1.5355	2.8946e-08
1.5601	1.5897	1.0493e-07
1.5601	1.6439	1.011e-07
1.5601	1.6981	4.8839e-08
1.5601	1.7523	2.2862e-08
1.5601	1.8065	9.1478e-09
1.5601	1.8606	1.0342e-08
1.5601	1.9148	4.132e-08
1.5601	1.969	5.8416e-08
1.5601	2.0232	1.3427e-08
1.5601	2.0774	2.0533e-07
1.5601	2.1316	5.2083e-07
1.5601	2.1858	1.3512e-07
1.5601	2.24	2.7531e-06
1.5601	2.2942	1.6112e-05
1.5601	2.3484	3.4388e-05
1.5601	2.4026	3.6457e-05
1.5601	2.4568	1.8511e-05
1.5958	-2.4748	7.7635e-08
1.5958	-2.4206	3.5279e-09
1.5958	-2.3665	2.3807e-09
1.5958	-2.3123	4.9008e-09
1.5958	-2.2581	2.5842e-08
1.5958	-2.2039	1.9712e-07
1.5958	-2.1497	1.7468e-07
1.5958	-2.0955	4.6158e-08
1.5958	-2.0413	4.2041e-07
1.5958	-1.9871	3.3371e-07
1.5958	-1.9329	6.1551e-08
1.5958	-1.8787	4.6474e-07
1.5958	-1.8245	4.4347e-07
1.5958	-1.7703	1.5322e-07
1.5958	-1.7161	6.7071e-06
1.5958	-1.6619	4.8908e-05
1.5958	-1.6077	0.00013106
1.5958	-1.5535	0.00015809
1.5958	-1.4994	7.4059e-05
1.5958	-1.4452	5.4529e-06
1.5958	-1.391	2.5347e-05
1.5958	-1.3368	2.8945e-05
1.5958	-1.2826	3.4258e-06
1.5958	-1.2284	1.7232e-05
1.5958	-1.1742	2.158e-05
1.5958	-1.12	2.7454e-06
1.5958	-1.0658	1.6866e-05
1.5958	-1.0116	2.1923e-05
1.5958	-0.95742	2.7265e-06
1.5958	-0.90323	1.5274e-05
1.5958	-0.84903	2.3417e-05
1.5958	-0.79484	3.9109e-06
1.5958	-0.74065	9.194e-06
1.5958	-0.68645	1.7095e-05
1.5958	-0.63226	2.931e-06
1.5958	-0.57806	1.0432e-05
1.5958	-0.52387	2.4977e-05
1.5958	-0.46968	8.3798e-06
1.5958	-0.41548	2.6063e-05
1.5958	-0.36129	0.00021997
1.5958	-0.3071	0.00057083
1.5958	-0.2529	0.00070493
1.5958	-0.19871	0.00039278
1.5958	-0.14452	5.2952e-05
1.5958	-0.090324	3.6632e-05
1.5958	-0.036129	7.6844e-05
1.5958	0.018065	1.6039e-05
1.5958	0.072258	1.9091e-05
1.5958	0.12645	4.2005e-05
1.5958	0.18065	8.9813e-06
1.5958	0.23484	1.2859e-05
1.5958	0.28903	3.0513e-05
1.5958	0.34323	1.0386e-05
1.5958	0.39742	6.7194e-06
1.5958	0.45161	1.4529e-05
1.5958	0.50581	5.0121e-06
1.5958	0.56	9.0103e-07
1.5958	0.61419	2.7822e-06
1.5958	0.66839	8.3059e-07
1.5958	0.72258	4.0804e-07
1.5958	0.77677	1.6788e-06
1.5958	0.83097	2.3192e-06
1.5958	0.88516	6.961e-07
1.5958	0.93935	9.5064e-06
1.5958	0.99354	3.708e-05
1.5958	1.0477	5.0581e-05
1.5958	1.1019	2.9317e-05
1.5958	1.1561	5.2981e-06
1.5958	1.2103	6.5491e-07
1.5958	1.2645	1.8636e-06
1.5958	1.3187	5.4781e-07
1.5958	1.3729	1.7321e-07
1.5958	1.4271	4.3291e-07
1.5958	1.4813	1.3369e-07
1.5958	1.5355	5.0941e-08
1.5958	1.5897	1.3735e-07
1.5958	1.6439	8.5672e-08
1.5958	1.6981	3.1503e-08
1.5958	1.7523	1.4274e-08
1.5958	1.8065	5.0806e-09
1.5958	1.8606	6.5599e-09
1.5958	1.9148	2.0262e-08
1.5958	1.969	2.1616e-08
1.5958	2.0232	7.9532e-09
1.5958	2.0774	1.3279e-07
1.5958	2.1316	2.4804e-07
1.5958	2.1858	6.934e-08
1.5958	2.24	2.0624e-06
1.5958	2.2942	1.0365e-05
1.5958	2.3484	2.0823e-05
1.5958	2.4026	2.1147e-05
1.5958	2.4568	1.0085e-05
1.6315	-2.4748	7.3007e-08
1.6315	-2.4206	3.1136e-09
1.6315	-2.3665	4.4681e-09
1.6315	-2.3123	9.0713e-09
1.6315	-2.2581	6.377e-08
1.6315	-2.2039	4.053e-07
1.6315	-2.1497	3.1326e-07
1.6315	-2.0955	1.911e-07
1.6315	-2.0413	1.5462e-06
1.6315	-1.9871	1.244e-06
1.6315	-1.9329	3.999e-07
1.6315	-1.8787	3.7307e-06
1.6315	-1.8245	3.371e-06
1.6315	-1.7703	7.3653e-07
1.6315	-1.7161	9.7308e-06
1.6315	-1.6619	2.0345e-05
1.6315	-1.6077	2.4802e-05
1.6315	-1.5535	2.8377e-05
1.6315	-1.4994	1.6056e-05
1.6315	-1.4452	1.5257e-06
1.6315	-1.391	1.2351e-05
1.6315	-1.3368	1.3854e-05
1.6315	-1.2826	1.7941e-06
1.6315	-1.2284	1.4194e-05
1.6315	-1.1742	1.5896e-05
1.6315	-1.12	2.2197e-06
1.6315	-1.0658	2.0496e-05
1.6315	-1.0116	2.3391e-05
1.6315	-0.95742	2.7977e-06
1.6315	-0.90323	2.6166e-05
1.6315	-0.84903	3.5152e-05
1.6315	-0.79484	4.7225e-06
1.6315	-0.74065	2.5071e-05
1.6315	-0.68645	4.0271e-05
1.6315	-0.63226	5.9351e-06
1.6315	-0.57806	3.4546e-05
1.6315	-0.52387	6.6334e-05
1.6315	-0.46968	1.3467e-05
1.6315	-0.41548	7.2204e-05
1.6315	-0.36129	0.00030654
1.6315	-0.3071	0.0004516
1.6315	-0.2529	0.00036002
1.6315	-0.19871	0.0001509
1.6315	-0.14452	1.5671e-05
1.6315	-0.090324	2.0346e-05
1.6315	-0.036129	3.6157e-05
1.6315	0.018065	6.2149e-06
1.6315	0.072258	1.5906e-05
1.6315	0.12645	2.9422e-05
1.6315	0.18065	5.1248e-06
1.6315	0.23484	1.486e-05
1.6315	0.28903	2.8625e-05
1.6315	0.34323	6.7996e-06
1.6315	0.39742	1.3327e-05
1.6315	0.45161	2.7327e-05
1.6315	0.50581	8.302e-06
1.6315	0.56	4.256e-06
1.6315	0.61419	1.2202e-05
1.6315	0.66839	3.5481e-06
1.6315	0.72258	2.6431e-06
1.6315	0.77677	7.8244e-06
1.6315	0.83097	2.6872e-06
1.6315	0.88516	1.8329e-06
1.6315	0.93935	7.8477e-06
1.6315	0.99354	1.0523e-05
1.6315	1.0477	9.7251e-06
1.6315	1.1019	5.5887e-06
1.6315	1.1561	1.0079e-06
1.6315	1.2103	4.0346e-07
1.6315	1.2645	8.3505e-07
1.6315	1.3187	2.0299e-07
1.6315	1.3729	1.5305e-07
1.6315	1.4271	2.875e-07
1.6315	1.4813	6.6617e-08
1.6315	1.5355	6.3147e-08
1.6315	1.5897	1.2327e-07
1.6315	1.6439	6.0897e-08
1.6315	1.6981	2.8551e-08
1.6315	1.7523	1.667e-08
1.6315	1.8065	5.0897e-09
1.6315	1.8606	3.8746e-09
1.6315	1.9148	1.0375e-08
1.6315	1.969	9.6764e-09
1.6315	2.0232	7.7111e-09
1.6315	2.0774	8.5904e-08
1.6315	2.1316	1.147e-07
1.6315	2.1858	5.0471e-08
1.6315	2.24	1.3282e-06
1.6315	2.2942	5.7598e-06
1.6315	2.3484	1.0776e-05
1.6315	2.4026	1.0369e-05
1.6315	2.4568	4.5757e-06
1.6672	-2.4748	5.1635e-08
1.6672	-2.4206	2.3479e-09
1.6672	-2.3665	7.0143e-09
1.6672	-2.3123	1.407e-08
1.6672	-2.2581	1.0717e-07
1.6672	-2.2039	5.5754e-07
1.6672	-2.1497	3.5069e-07
1.6672	-2.0955	4.7958e-07
1.6672	-2.0413	3.0549e-06
1.6672	-1.9871	2.1292e-06
1.6672	-1.9329	1.405e-06
1.6672	-1.8787	1.15e-05
1.6672	-1.8245	1.0139e-05
1.6672	-1.7703	4.6002e-06
1.6672	-1.7161	6.7388e-05
1.6672	-1.6619	0.00016599
1.6672	-1.6077	0.00016375
1.6672	-1.5535	7.1369e-05
1.6672	-1.4994	1.044e-05
1.6672	-1.4452	3.4415e-07
1.6672	-1.391	1.9313e-06
1.6672	-1.3368	2.1979e-06
1.6672	-1.2826	4.6058e-07
1.6672	-1.2284	5.3718e-06
1.6672	-1.1742	5.8339e-06
1.6672	-1.12	1.5268e-06
1.6672	-1.0658	1.6344e-05
1.6672	-1.0116	1.7151e-05
1.6672	-0.95742	2.5401e-06
1.6672	-0.90323	2.7433e-05
1.6672	-0.84903	3.3153e-05
1.6672	-0.79484	4.216e-06
1.6672	-0.74065	4.0724e-05
1.6672	-0.68645	5.662e-05
1.6672	-0.63226	7.6945e-06
1.6672	-0.57806	7.7979e-05
1.6672	-0.52387	0.00013404
1.6672	-0.46968	2.3134e-05
1.6672	-0.41548	0.00024893
1.6672	-0.36129	0.0009633
1.6672	-0.3071	0.0012992
1.6672	-0.2529	0.00083478
1.6672	-0.19871	0.00023578
1.6672	-0.14452	1.3651e-05
1.6672	-0.090324	1.4023e-05
1.6672	-0.036129	1.5885e-05
1.6672	0.018065	1.9466e-06
1.6672	0.072258	8.1239e-06
1.6672	0.12645	1.2706e-05
1.6672	0.18065	1.9256e-06
1.6672	0.23484	1.0314e-05
1.6672	0.28903	1.6658e-05
1.6672	0.34323	2.7242e-06
1.6672	0.39742	1.507e-05
1.6672	0.45161	2.7178e-05
1.6672	0.50581	6.7492e-06
1.6672	0.56	8.6093e-06
1.6672	0.61419	2.0833e-05
1.6672	0.66839	5.409e-06
1.6672	0.72258	7.5841e-06
1.6672	0.77677	2.2053e-05
1.6672	0.83097	7.4683e-06
1.6672	0.88516	8.5697e-06
1.6672	0.93935	4.6597e-05
1.6672	0.99354	6.1789e-05
1.6672	1.0477	3.6708e-05
1.6672	1.1019	1.0571e-05
1.6672	1.1561	1.1835e-06
1.6672	1.2103	9.8786e-08
1.6672	1.2645	1.9482e-07
1.6672	1.3187	6.1352e-08
1.6672	1.3729	6.6704e-08
1.6672	1.4271	1.0201e-07
1.6672	1.4813	2.3121e-08
1.6672	1.5355	4.4865e-08
1.6672	1.5897	6.4755e-08
1.6672	1.6439	2.9457e-08
1.6672	1.6981	2.6456e-08
1.6672	1.7523	1.7344e-08
1.6672	1.8065	4.7159e-09
1.6672	1.8606	3.0452e-09
1.6672	1.9148	9.6832e-09
1.6672	1.969	9.6268e-09
1.6672	2.0232	8.5036e-09
1.6672	2.0774	7.2457e-08
1.6672	2.1316	7.5225e-08
1.6672	2.1858	4.3442e-08
1.6672	2.24	8.5199e-07
1.6672	2.2942	3.0964e-06
1.6672	2.3484	5.1277e-06
1.6672	2.4026	4.4614e-06
1.6672	2.4568	1.7388e-06
1.703	-2.4748	2.771e-08
1.703	-2.4206	1.5856e-09
1.703	-2.3665	9.0923e-09
1.703	-2.3123	1.8999e-08
1.703	-2.2581	1.2881e-07
1.703	-2.2039	5.53e-07
1.703	-2.1497	2.7384e-07
1.703	-2.0955	8.2376e-07
1.703	-2.0413	4.1176e-06
1.703	-1.9871	2.3484e-06
1.703	-1.9329	3.1802e-06
1.703	-1.8787	2.0987e-05
1.703	-1.8245	1.603e-05
1.703	-1.7703	1.5359e-05
1.703	-1.7161	0.00019679
1.703	-1.6619	0.000514
1.703	-1.6077	0.00057995
1.703	-1.5535	0.0003028
1.703	-1.4994	5.11e-05
1.703	-1.4452	4.3935e-06
1.703	-1.391	1.4303e-05
1.703	-1.3368	4.1554e-06
1.703	-1.2826	3.6347e-07
1.703	-1.2284	1.1314e-06
1.703	-1.1742	5.0589e-07
1.703	-1.12	1.0885e-06
1.703	-1.0658	7.3944e-06
1.703	-1.0116	7.9517e-06
1.703	-0.95742	1.4326e-06
1.703	-0.90323	1.5978e-05
1.703	-0.84903	1.8849e-05
1.703	-0.79484	3.2839e-06
1.703	-0.74065	4.1018e-05
1.703	-0.68645	5.0359e-05
1.703	-0.63226	8.2756e-06
1.703	-0.57806	0.00011225
1.703	-0.52387	0.00017111
1.703	-0.46968	2.9089e-05
1.703	-0.41548	0.00052659
1.703	-0.36129	0.0019536
1.703	-0.3071	0.0027121
1.703	-0.2529	0.0018004
1.703	-0.19871	0.00049669
1.703	-0.14452	2.2349e-05
1.703	-0.090324	4.6194e-05
1.703	-0.036129	3.471e-05
1.703	0.018065	2.6614e-06
1.703	0.072258	8.0162e-06
1.703	0.12645	7.4746e-06
1.703	0.18065	8.1424e-07
1.703	0.23484	5.0237e-06
1.703	0.28903	6.6627e-06
1.703	0.34323	9.2353e-07
1.703	0.39742	9.5975e-06
1.703	0.45161	1.5516e-05
1.703	0.50581	3.0719e-06
1.703	0.56	1.0014e-05
1.703	0.61419	2.0274e-05
1.703	0.66839	4.3498e-06
1.703	0.72258	1.2292e-05
1.703	0.77677	3.1865e-05
1.703	0.83097	9.7303e-06
1.703	0.88516	2.0195e-05
1.703	0.93935	0.00010777
1.703	0.99354	0.00015581
1.703	1.0477	0.00010264
1.703	1.1019	3.1089e-05
1.703	1.1561	2.7485e-06
1.703	1.2103	3.1211e-07
1.703	1.2645	5.0577e-07
1.703	1.3187	9.1633e-08
1.703	1.3729	1.5192e-08
1.703	1.4271	3.4482e-08
1.703	1.4813	1.4168e-08
1.703	1.5355	1.257e-08
1.703	1.5897	1.4166e-08
1.703	1.6439	1.1284e-08
1.703	1.6981	1.9729e-08
1.703	1.7523	1.2082e-08
1.703	1.8065	3.4178e-09
1.703	1.8606	3.8613e-09
1.703	1.9148	1.1684e-08
1.703	1.969	1.0561e-08
1.703	2.0232	9.4988e-09
1.703	2.0774	7.4608e-08
1.703	2.1316	7.0421e-08
1.703	2.1858	4.4966e-08
1.703	2.24	6.8461e-07
1.703	2.2942	2.0572e-06
1.703	2.3484	2.802e-06
1.703	2.4026	1.9862e-06
1.703	2.4568	6.0088e-07
1.7387	-2.4748	1.0982e-08
1.7387	-2.4206	1.0626e-09
1.7387	-2.3665	9.4337e-09
1.7387	-2.3123	2.1756e-08
1.7387	-2.2581	1.0944e-07
1.7387	-2.2039	3.9347e-07
1.7387	-2.1497	1.5922e-07
1.7387	-2.0955	1.0088e-06
1.7387	-2.0413	4.0448e-06
1.7387	-1.9871	1.8284e-06
1.7387	-1.9329	5.0361e-06
1.7387	-1.8787	2.6857e-05
1.7387	-1.8245	1.6901e-05
1.7387	-1.7703	3.379e-05
1.7387	-1.7161	0.00036214
1.7387	-1.6619	0.0009387
1.7387	-1.6077	0.0010946
1.7387	-1.5535	0.00059346
1.7387	-1.4994	9.7032e-05
1.7387	-1.4452	1.8966e-05
1.7387	-1.391	5.6936e-05
1.7387	-1.3368	1.7973e-05
1.7387	-1.2826	4.0158e-06
1.7387	-1.2284	1.3595e-05
1.7387	-1.1742	5.5905e-06
1.7387	-1.12	1.9081e-06
1.7387	-1.0658	2.9467e-06
1.7387	-1.0116	2.0225e-06
1.7387	-0.95742	6.1392e-07
1.7387	-0.90323	3.127e-06
1.7387	-0.84903	4.7246e-06
1.7387	-0.79484	1.6468e-06
1.7387	-0.74065	2.213e-05
1.7387	-0.68645	2.5945e-05
1.7387	-0.63226	7.5392e-06
1.7387	-0.57806	0.0001024
1.7387	-0.52387	0.00014043
1.7387	-0.46968	3.1935e-05
1.7387	-0.41548	0.00072378
1.7387	-0.36129	0.0025828
1.7387	-0.3071	0.0036474
1.7387	-0.2529	0.0024672
1.7387	-0.19871	0.00065945
1.7387	-0.14452	2.784e-05
1.7387	-0.090324	0.00011297
1.7387	-0.036129	7.3864e-05
1.7387	0.018065	5.3759e-06
1.7387	0.072258	2.4603e-05
1.7387	0.12645	1.7577e-05
1.7387	0.18065	1.4776e-06
1.7387	0.23484	8.0995e-06
1.7387	0.28903	7.1765e-06
1.7387	0.34323	7.8142e-07
1.7387	0.39742	3.2538e-06
1.7387	0.45161	4.7679e-06
1.7387	0.50581	7.6286e-07
1.7387	0.56	6.8271e-06
1.7387	0.61419	1.1702e-05
1.7387	0.66839	2.0637e-06
1.7387	0.72258	1.2414e-05
1.7387	0.77677	2.8387e-05
1.7387	0.83097	7.4383e-06
1.7387	0.88516	2.8972e-05
1.7387	0.93935	0.00014461
1.7387	0.99354	0.00021532
1.7387	1.0477	0.0001477
1.7387	1.1019	4.4875e-05
1.7387	1.1561	3.1798e-06
1.7387	1.2103	1.3e-06
1.7387	1.2645	1.4413e-06
1.7387	1.3187	1.5492e-07
1.7387	1.3729	1.0686e-07
1.7387	1.4271	1.2907e-07
1.7387	1.4813	2.0265e-08
1.7387	1.5355	6.0948e-09
1.7387	1.5897	1.3669e-08
1.7387	1.6439	1.1047e-08
1.7387	1.6981	9.6452e-09
1.7387	1.7523	4.6747e-09
1.7387	1.8065	2.2443e-09
1.7387	1.8606	4.9327e-09
1.7387	1.9148	1.0666e-08
1.7387	1.969	8.0102e-09
1.7387	2.0232	9.3987e-09
1.7387	2.0774	6.611e-08
1.7387	2.1316	5.9879e-08
1.7387	2.1858	5.2902e-08
1.7387	2.24	6.4144e-07
1.7387	2.2942	1.7207e-06
1.7387	2.3484	2.0252e-06
1.7387	2.4026	1.1539e-06
1.7387	2.4568	2.4177e-07
1.7744	-2.4748	2.9999e-09
1.7744	-2.4206	7.6098e-10
1.7744	-2.3665	7.4615e-09
1.7744	-2.3123	2.0272e-08
1.7744	-2.2581	6.0405e-08
1.7744	-2.2039	1.8446e-07
1.7744	-2.1497	8.4169e-08
1.7744	-2.0955	8.6956e-07
1.7744	-2.0413	2.8753e-06
1.7744	-1.9871	1.0224e-06
1.7744	-1.9329	5.6896e-06
1.7744	-1.8787	2.5204e-05
1.7744	-1.8245	1.2691e-05
1.7744	-1.7703	5.2722e-05
1.7744	-1.7161	0.00048015
1.7744	-1.6619	0.0012171
1.7744	-1.6077	0.0014243
1.7744	-1.5535	0.00076612
1.7744	-1.4994	0.00011203
1.7744	-1.4452	4.5391e-05
1.7744	-1.391	0.00011334
1.7744	-1.3368	3.245e-05
1.7744	-1.2826	1.4432e-05
1.7744	-1.2284	4.5101e-05
1.7744	-1.1742	1.8381e-05
1.7744	-1.12	5.9698e-06
1.7744	-1.0658	1.1324e-05
1.7744	-1.0116	2.0068e-06
1.7744	-0.95742	5.0559e-06
1.7744	-0.90323	8.0912e-06
1.7744	-0.84903	1.9594e-06
1.7744	-0.79484	4.2278e-07
1.7744	-0.74065	3.3128e-06
1.7744	-0.68645	4.6226e-06
1.7744	-0.63226	4.0586e-06
1.7744	-0.57806	4.9021e-05
1.7744	-0.52387	6.5026e-05
1.7744	-0.46968	2.8151e-05
1.7744	-0.41548	0.00062944
1.7744	-0.36129	0.0022375
1.7744	-0.3071	0.0032617
1.7744	-0.2529	0.0022535
1.7744	-0.19871	0.00057595
1.7744	-0.14452	3.1478e-05
1.7744	-0.090324	0.00016904
1.7744	-0.036129	9.6567e-05
1.7744	0.018065	8.9065e-06
1.7744	0.072258	5.1708e-05
1.7744	0.12645	3.2472e-05
1.7744	0.18065	3.6644e-06
1.7744	0.23484	2.2868e-05
1.7744	0.28903	1.6277e-05
1.7744	0.34323	1.2866e-06
1.7744	0.39742	6.1903e-06
1.7744	0.45161	5.1986e-06
1.7744	0.50581	4.5916e-07
1.7744	0.56	3.5165e-06
1.7744	0.61419	4.4084e-06
1.7744	0.66839	6.5822e-07
1.7744	0.72258	7.9082e-06
1.7744	0.77677	1.5796e-05
1.7744	0.83097	3.5362e-06
1.7744	0.88516	2.5927e-05
1.7744	0.93935	0.00012306
1.7744	0.99354	0.00018832
1.7744	1.0477	0.0001331
1.7744	1.1019	3.9867e-05
1.7744	1.1561	2.239e-06
1.7744	1.2103	2.4039e-06
1.7744	1.2645	2.0911e-06
1.7744	1.3187	1.6279e-07
1.7744	1.3729	3.2015e-07
1.7744	1.4271	2.7999e-07
1.7744	1.4813	2.3397e-08
1.7744	1.5355	4.6703e-08
1.7744	1.5897	5.3939e-08
1.7744	1.6439	1.7264e-08
1.7744	1.6981	3.0628e-09
1.7744	1.7523	8.4326e-10
1.7744	1.8065	1.8187e-09
1.7744	1.8606	5.1511e-09
1.7744	1.9148	6.9308e-09
1.7744	1.969	3.8892e-09
1.7744	2.0232	8.1138e-09
1.7744	2.0774	4.0701e-08
1.7744	2.1316	3.6495e-08
1.7744	2.1858	5.6318e-08
1.7744	2.24	5.1805e-07
1.7744	2.2942	1.3244e-06
1.7744	2.3484	1.4933e-06
1.7744	2.4026	7.7534e-07
1.7744	2.4568	1.3298e-07
1.8101	-2.4748	5.6005e-10
1.8101	-2.4206	4.5853e-10
1.8101	-2.3665	4.0689e-09
1.8101	-2.3123	1.5214e-08
1.8101	-2.2581	1.8932e-08
1.8101	-2.2039	4.3965e-08
1.8101	-2.1497	6.1949e-08
1.8101	-2.0955	4.8725e-07
1.8101	-2.0413	1.3577e-06
1.8101	-1.9871	4.0547e-07
1.8101	-1.9329	4.3903e-06
1.8101	-1.8787	1.6928e-05
1.8101	-1.8245	6.7969e-06
1.8101	-1.7703	5.8948e-05
1.8101	-1.7161	0.00047323
1.8101	-1.6619	0.0011798
1.8101	-1.6077	0.0013791
1.8101	-1.5535	0.00072523
1.8101	-1.4994	9.1132e-05
1.8101	-1.4452	7.3845e-05
1.8101	-1.391	0.00015233
1.8101	-1.3368	3.7404e-05
1.8101	-1.2826	3.0956e-05
1.8101	-1.2284	8.2971e-05
1.8101	-1.1742	3.0423e-05
1.8101	-1.12	1.4559e-05
1.8101	-1.0658	3.1918e-05
1.8101	-1.0116	6.2442e-06
1.8101	-0.95742	2.0913e-05
1.8101	-0.90323	4.0442e-05
1.8101	-0.84903	1.0125e-05
1.8101	-0.79484	6.6216e-06
1.8101	-0.74065	1.6467e-05
1.8101	-0.68645	3.8366e-06
1.8101	-0.63226	2.8644e-06
1.8101	-0.57806	1.0085e-05
1.8101	-0.52387	1.0033e-05
1.8101	-0.46968	1.2684e-05
1.8101	-0.41548	0.00027083
1.8101	-0.36129	0.0010715
1.8101	-0.3071	0.00174
1.8101	-0.2529	0.0012908
1.8101	-0.19871	0.00032268
1.8101	-0.14452	3.1691e-05
1.8101	-0.090324	0.00016366
1.8101	-0.036129	8.2376e-05
1.8101	0.018065	1.2356e-05
1.8101	0.072258	6.9186e-05
1.8101	0.12645	3.7735e-05
1.8101	0.18065	7.228e-06
1.8101	0.23484	4.1658e-05
1.8101	0.28903	2.4841e-05
1.8101	0.34323	3.0822e-06
1.8101	0.39742	2.1488e-05
1.8101	0.45161	1.5334e-05
1.8101	0.50581	1.2042e-06
1.8101	0.56	7.7391e-06
1.8101	0.61419	6.163e-06
1.8101	0.66839	6.4189e-07
1.8101	0.72258	6.2916e-06
1.8101	0.77677	7.9858e-06
1.8101	0.83097	1.2953e-06
1.8101	0.88516	1.5567e-05
1.8101	0.93935	6.7146e-05
1.8101	0.99354	0.00010452
1.8101	1.0477	7.6337e-05
1.8101	1.1019	2.2603e-05
1.8101	1.1561	1.0712e-06
1.8101	1.2103	2.5592e-06
1.8101	1.2645	1.8528e-06
1.8101	1.3187	1.2756e-07
1.8101	1.3729	4.8246e-07
1.8101	1.4271	3.3818e-07
1.8101	1.4813	2.362e-08
1.8101	1.5355	1.0633e-07
1.8101	1.5897	8.7772e-08
1.8101	1.6439	1.9265e-08
1.8101	1.6981	5.9616e-09
1.8101	1.7523	2.4751e-09
1.8101	1.8065	1.8982e-09
1.8101	1.8606	5.2575e-09
1.8101	1.9148	6.4593e-09
1.8101	1.969	1.9404e-09
1.8101	2.0232	1.2619e-08
1.8101	2.0774	2.6763e-08
1.8101	2.1316	1.6858e-08
1.8101	2.1858	6.5063e-08
1.8101	2.24	3.6886e-07
1.8101	2.2942	8.3889e-07
1.8101	2.3484	9.2723e-07
1.8101	2.4026	4.8316e-07
1.8101	2.4568	9.0642e-08
1.8459	-2.4748	2.3221e-10
1.8459	-2.4206	1.7036e-10
1.8459	-2.3665	1.2666e-09
1.8459	-2.3123	1.0411e-08
1.8459	-2.2581	1.4536e-08
1.8459	-2.2039	9.0979e-09
1.8459	-2.1497	6.4928e-08
1.8459	-2.0955	1.6735e-07
1.8459	-2.0413	3.2329e-07
1.8459	-1.9871	1.163e-07
1.8459	-1.9329	1.9454e-06
1.8459	-1.8787	7.1887e-06
1.8459	-1.8245	2.4785e-06
1.8459	-1.7703	4.4453e-05
1.8459	-1.7161	0.00033396
1.8459	-1.6619	0.00084056
1.8459	-1.6077	0.00099523
1.8459	-1.5535	0.00051313
1.8459	-1.4994	5.4598e-05
1.8459	-1.4452	8.6984e-05
1.8459	-1.391	0.00015116
1.8459	-1.3368	3.1312e-05
1.8459	-1.2826	4.6608e-05
1.8459	-1.2284	0.00010693
1.8459	-1.1742	3.4589e-05
1.8459	-1.12	2.5574e-05
1.8459	-1.0658	5.4402e-05
1.8459	-1.0116	1.1847e-05
1.8459	-0.95742	4.8064e-05
1.8459	-0.90323	8.7755e-05
1.8459	-0.84903	1.9441e-05
1.8459	-0.79484	3.0743e-05
1.8459	-0.74065	7.7384e-05
1.8459	-0.68645	2.1136e-05
1.8459	-0.63226	2.2938e-05
1.8459	-0.57806	6.6811e-05
1.8459	-0.52387	2.1293e-05
1.8459	-0.46968	1.7546e-05
1.8459	-0.41548	9.3237e-05
1.8459	-0.36129	0.00020363
1.8459	-0.3071	0.00036004
1.8459	-0.2529	0.00033382
1.8459	-0.19871	9.2801e-05
1.8459	-0.14452	2.0018e-05
1.8459	-0.090324	9.3469e-05
1.8459	-0.036129	4.3508e-05
1.8459	0.018065	1.2333e-05
1.8459	0.072258	5.9878e-05
1.8459	0.12645	2.8214e-05
1.8459	0.18065	1.0525e-05
1.8459	0.23484	5.0684e-05
1.8459	0.28903	2.5528e-05
1.8459	0.34323	6.521e-06
1.8459	0.39742	3.9431e-05
1.8459	0.45161	2.4557e-05
1.8459	0.50581	2.904e-06
1.8459	0.56	2.1808e-05
1.8459	0.61419	1.5375e-05
1.8459	0.66839	2.0115e-06
1.8459	0.72258	1.7208e-05
1.8459	0.77677	1.4804e-05
1.8459	0.83097	1.8648e-06
1.8459	0.88516	2.4028e-05
1.8459	0.93935	5.8765e-05
1.8459	0.99354	6.2926e-05
1.8459	1.0477	3.6779e-05
1.8459	1.1019	9.4819e-06
1.8459	1.1561	4.4399e-07
1.8459	1.2103	1.6162e-06
1.8459	1.2645	1.0271e-06
1.8459	1.3187	8.9248e-08
1.8459	1.3729	4.3386e-07
1.8459	1.4271	2.5523e-07
1.8459	1.4813	2.5588e-08
1.8459	1.5355	1.2821e-07
1.8459	1.5897	7.9658e-08
1.8459	1.6439	1.7091e-08
1.8459	1.6981	1.629e-08
1.8459	1.7523	6.662e-09
1.8459	1.8065	2.0364e-09
1.8459	1.8606	7.2577e-09
1.8459	1.9148	1.3671e-08
1.8459	1.969	3.2188e-09
1.8459	2.0232	3.6744e-08
1.8459	2.0774	6.4226e-08
1.8459	2.1316	1.5674e-08
1.8459	2.1858	1.481e-07
1.8459	2.24	5.9592e-07
1.8459	2.2942	9.6479e-07
1.8459	2.3484	8.5551e-07
1.8459	2.4026	4.0926e-07
1.8459	2.4568	8.2484e-08
1.8816	-2.4748	2.6156e-10
1.8816	-2.4206	3.9649e-10
1.8816	-2.3665	7.7351e-10
1.8816	-2.3123	9.0235e-09
1.8816	-2.2581	4.0494e-08
1.8816	-2.2039	2.9854e-08
1.8816	-2.1497	8.3252e-08
1.8816	-2.0955	1.7136e-07
1.8816	-2.0413	5.3416e-08
1.8816	-1.9871	7.2484e-08
1.8816	-1.9329	3.6158e-07
1.8816	-1.8787	1.255e-06
1.8816	-1.8245	4.988e-07
1.8816	-1.7703	1.7721e-05
1.8816	-1.7161	0.00014345
1.8816	-1.6619	0.00039417
1.8816	-1.6077	0.00049707
1.8816	-1.5535	0.00025882
1.8816	-1.4994	2.4116e-05
1.8816	-1.4452	7.4181e-05
1.8816	-1.391	0.00011233
1.8816	-1.3368	1.9963e-05
1.8816	-1.2826	5.1675e-05
1.8816	-1.2284	0.00010374
1.8816	-1.1742	2.9789e-05
1.8816	-1.12	3.3359e-05
1.8816	-1.0658	6.6372e-05
1.8816	-1.0116	1.7117e-05
1.8816	-0.95742	7.5325e-05
1.8816	-0.90323	0.00012225
1.8816	-0.84903	2.1891e-05
1.8816	-0.79484	7.4983e-05
1.8816	-0.74065	0.00016461
1.8816	-0.68645	3.9013e-05
1.8816	-0.63226	8.7357e-05
1.8816	-0.57806	0.00024977
1.8816	-0.52387	8.3104e-05
1.8816	-0.46968	0.00014437
1.8816	-0.41548	0.00078464
1.8816	-0.36129	0.0010701
1.8816	-0.3071	0.0006212
1.8816	-0.2529	0.00015969
1.8816	-0.19871	1.5273e-05
1.8816	-0.14452	3.726e-06
1.8816	-0.090324	1.9602e-05
1.8816	-0.036129	1.0212e-05
1.8816	0.018065	6.344e-06
1.8816	0.072258	2.8483e-05
1.8816	0.12645	1.177e-05
1.8816	0.18065	1.0548e-05
1.8816	0.23484	4.1933e-05
1.8816	0.28903	1.8485e-05
1.8816	0.34323	8.9665e-06
1.8816	0.39742	4.4593e-05
1.8816	0.45161	2.4076e-05
1.8816	0.50581	5.7485e-06
1.8816	0.56	3.7345e-05
1.8816	0.61419	2.2949e-05
1.8816	0.66839	5.3541e-06
1.8816	0.72258	4.1022e-05
1.8816	0.77677	3.1559e-05
1.8816	0.83097	6.2518e-06
1.8816	0.88516	8.2514e-05
1.8816	0.93935	0.00017322
1.8816	0.99354	0.00014902
1.8816	1.0477	6.2538e-05
1.8816	1.1019	1.0668e-05
1.8816	1.1561	3.1972e-07
1.8816	1.2103	9.9688e-07
1.8816	1.2645	5.0427e-07
1.8816	1.3187	5.6587e-08
1.8816	1.3729	2.3948e-07
1.8816	1.4271	1.2548e-07
1.8816	1.4813	2.3502e-08
1.8816	1.5355	8.7986e-08
1.8816	1.5897	4.0032e-08
1.8816	1.6439	1.5579e-08
1.8816	1.6981	2.4211e-08
1.8816	1.7523	9.061e-09
1.8816	1.8065	2.2364e-09
1.8816	1.8606	1.1454e-08
1.8816	1.9148	2.4502e-08
1.8816	1.969	6.0196e-09
1.8816	2.0232	8.5633e-08
1.8816	2.0774	1.5513e-07
1.8816	2.1316	2.9586e-08
1.8816	2.1858	4.0619e-07
1.8816	2.24	1.6374e-06
1.8816	2.2942	2.429e-06
1.8816	2.3484	1.8283e-06
1.8816	2.4026	6.9256e-07
1.8816	2.4568	8.9342e-08
1.9173	-2.4748	2.9175e-10
1.9173	-2.4206	1.584e-09
1.9173	-2.3665	2.5253e-09
1.9173	-2.3123	9.8132e-09
1.9173	-2.2581	6.3649e-08
1.9173	-2.2039	4.175e-08
1.9173	-2.1497	1.3201e-07
1.9173	-2.0955	4.6638e-07
1.9173	-2.0413	2.2063e-07
1.9173	-1.9871	2.6281e-07
1.9173	-1.9329	1.152e-06
1.9173	-1.8787	6.0497e-07
1.9173	-1.8245	1.6045e-07
1.9173	-1.7703	1.7536e-06
1.9173	-1.7161	1.9063e-05
1.9173	-1.6619	7.9528e-05
1.9173	-1.6077	0.00013076
1.9173	-1.5535	7.7668e-05
1.9173	-1.4994	7.502e-06
1.9173	-1.4452	4.2542e-05
1.9173	-1.391	5.9675e-05
1.9173	-1.3368	9.8019e-06
1.9173	-1.2826	4.1771e-05
1.9173	-1.2284	7.652e-05
1.9173	-1.1742	2.0061e-05
1.9173	-1.12	3.2654e-05
1.9173	-1.0658	6.2485e-05
1.9173	-1.0116	2.0967e-05
1.9173	-0.95742	8.6007e-05
1.9173	-0.90323	0.00012235
1.9173	-0.84903	1.8264e-05
1.9173	-0.79484	0.00012313
1.9173	-0.74065	0.00022953
1.9173	-0.68645	4.3681e-05
1.9173	-0.63226	0.00019554
1.9173	-0.57806	0.00049107
1.9173	-0.52387	0.00013871
1.9173	-0.46968	0.00051568
1.9173	-0.41548	0.0027391
1.9173	-0.36129	0.0042814
1.9173	-0.3071	0.0030629
1.9173	-0.2529	0.00096362
1.9173	-0.19871	7.1321e-05
1.9173	-0.14452	2.3481e-05
1.9173	-0.090324	2.5125e-05
1.9173	-0.036129	2.7467e-06
1.9173	0.018065	1.0887e-06
1.9173	0.072258	3.5988e-06
1.9173	0.12645	1.3387e-06
1.9173	0.18065	6.5635e-06
1.9173	0.23484	2.1484e-05
1.9173	0.28903	9.3053e-06
1.9173	0.34323	6.7355e-06
1.9173	0.39742	3.0773e-05
1.9173	0.45161	1.4771e-05
1.9173	0.50581	7.8036e-06
1.9173	0.56	4.0778e-05
1.9173	0.61419	2.1556e-05
1.9173	0.66839	1.0116e-05
1.9173	0.72258	6.323e-05
1.9173	0.77677	4.2982e-05
1.9173	0.83097	1.6143e-05
1.9173	0.88516	0.0001897
1.9173	0.93935	0.00039459
1.9173	0.99354	0.00034752
1.9173	1.0477	0.00014547
1.9173	1.1019	2.2039e-05
1.9173	1.1561	7.6651e-07
1.9173	1.2103	2.6122e-06
1.9173	1.2645	8.6514e-07
1.9173	1.3187	5.9671e-08
1.9173	1.3729	2.1223e-07
1.9173	1.4271	8.8165e-08
1.9173	1.4813	1.3546e-08
1.9173	1.5355	3.5639e-08
1.9173	1.5897	1.2047e-08
1.9173	1.6439	1.4532e-08
1.9173	1.6981	2.0942e-08
1.9173	1.7523	7.7846e-09
1.9173	1.8065	2.8452e-09
1.9173	1.8606	1.4879e-08
1.9173	1.9148	2.9322e-08
1.9173	1.969	8.3702e-09
1.9173	2.0232	1.3596e-07
1.9173	2.0774	2.4084e-07
1.9173	2.1316	4.5021e-08
1.9173	2.1858	8.342e-07
1.9173	2.24	3.3616e-06
1.9173	2.2942	5.0022e-06
1.9173	2.3484	3.6195e-06
1.9173	2.4026	1.1736e-06
1.9173	2.4568	8.3236e-08
1.953	-2.4748	4.9713e-10
1.953	-2.4206	3.2918e-09
1.953	-2.3665	4.4582e-09
1.953	-2.3123	9.5714e-09
1.953	-2.2581	6.2712e-08
1.953	-2.2039	2.8697e-08
1.953	-2.1497	2.069e-07
1.953	-2.0955	7.6792e-07
1.953	-2.0413	3.5572e-07
1.953	-1.9871	7.6716e-07
1.953	-1.9329	3.923e-06
1.953	-1.8787	2.738e-06
1.953	-1.8245	1.5361e-06
1.953	-1.7703	1.6709e-05
1.953	-1.7161	2.9969e-05
1.953	-1.6619	1.8871e-05
1.953	-1.6077	8.5704e-06
1.953	-1.5535	6.7123e-06
1.953	-1.4994	1.2398e-06
1.953	-1.4452	1.2456e-05
1.953	-1.391	1.9194e-05
1.953	-1.3368	3.5267e-06
1.953	-1.2826	2.2616e-05
1.953	-1.2284	4.1151e-05
1.953	-1.1742	1.0458e-05
1.953	-1.12	2.3393e-05
1.953	-1.0658	4.7027e-05
1.953	-1.0116	2.1742e-05
1.953	-0.95742	7.1484e-05
1.953	-0.90323	8.9792e-05
1.953	-0.84903	1.4341e-05
1.953	-0.79484	0.00014679
1.953	-0.74065	0.00023263
1.953	-0.68645	3.6334e-05
1.953	-0.63226	0.00030414
1.953	-0.57806	0.00065744
1.953	-0.52387	0.00014881
1.953	-0.46968	0.0011367
1.953	-0.41548	0.0055351
1.953	-0.36129	0.0088719
1.953	-0.3071	0.0067194
1.953	-0.2529	0.0022357
1.953	-0.19871	0.00015542
1.953	-0.14452	0.00012992
1.953	-0.090324	0.00014525
1.953	-0.036129	1.7494e-05
1.953	0.018065	1.4596e-05
1.953	0.072258	1.7759e-05
1.953	0.12645	3.9048e-06
1.953	0.18065	3.8919e-06
1.953	0.23484	5.9904e-06
1.953	0.28903	3.0553e-06
1.953	0.34323	1.602e-06
1.953	0.39742	9.6199e-06
1.953	0.45161	4.7503e-06
1.953	0.50581	5.8843e-06
1.953	0.56	2.6767e-05
1.953	0.61419	1.2485e-05
1.953	0.66839	1.2519e-05
1.953	0.72258	6.4122e-05
1.953	0.77677	3.8075e-05
1.953	0.83097	2.8964e-05
1.953	0.88516	0.00028758
1.953	0.93935	0.00059197
1.953	0.99354	0.00053246
1.953	1.0477	0.00022475
1.953	1.1019	3.1142e-05
1.953	1.1561	2.3541e-06
1.953	1.2103	6.7841e-06
1.953	1.2645	1.8192e-06
1.953	1.3187	2.1984e-07
1.953	1.3729	6.5662e-07
1.953	1.4271	1.9065e-07
1.953	1.4813	2.2028e-08
1.953	1.5355	6.7507e-08
1.953	1.5897	2.7256e-08
1.953	1.6439	9.6441e-09
1.953	1.6981	8.4964e-09
1.953	1.7523	4.5773e-09
1.953	1.8065	4.0396e-09
1.953	1.8606	1.5768e-08
1.953	1.9148	2.4954e-08
1.953	1.969	8.7904e-09
1.953	2.0232	1.4643e-07
1.953	2.0774	2.5016e-07
1.953	2.1316	5.1897e-08
1.953	2.1858	1.1814e-06
1.953	2.24	4.7337e-06
1.953	2.2942	7.1342e-06
1.953	2.3484	5.0828e-06
1.953	2.4026	1.4575e-06
1.953	2.4568	6.6299e-08
1.9888	-2.4748	8.8776e-10
1.9888	-2.4206	4.1989e-09
1.9888	-2.3665	4.3494e-09
1.9888	-2.3123	9.6212e-09
1.9888	-2.2581	4.944e-08
1.9888	-2.2039	1.5172e-08
1.9888	-2.1497	2.6719e-07
1.9888	-2.0955	8.3182e-07
1.9888	-2.0413	2.8869e-07
1.9888	-1.9871	1.5196e-06
1.9888	-1.9329	6.7288e-06
1.9888	-1.8787	4.2713e-06
1.9888	-1.8245	5.6064e-06
1.9888	-1.7703	6.1916e-05
1.9888	-1.7161	0.00015106
1.9888	-1.6619	0.00015904
1.9888	-1.6077	7.5802e-05
1.9888	-1.5535	1.1904e-05
1.9888	-1.4994	3.0975e-07
1.9888	-1.4452	1.1263e-06
1.9888	-1.391	2.1644e-06
1.9888	-1.3368	7.1706e-07
1.9888	-1.2826	6.0933e-06
1.9888	-1.2284	1.405e-05
1.9888	-1.1742	3.992e-06
1.9888	-1.12	1.1292e-05
1.9888	-1.0658	2.8831e-05
1.9888	-1.0116	1.8401e-05
1.9888	-0.95742	4.0286e-05
1.9888	-0.90323	4.6483e-05
1.9888	-0.84903	1.2796e-05
1.9888	-0.79484	0.00012758
1.9888	-0.74065	0.00017429
1.9888	-0.68645	2.6342e-05
1.9888	-0.63226	0.00034625
1.9888	-0.57806	0.00064722
1.9888	-0.52387	0.00012273
1.9888	-0.46968	0.0017839
1.9888	-0.41548	0.007936
1.9888	-0.36129	0.012656
1.9888	-0.3071	0.0096801
1.9888	-0.2529	0.0031739
1.9888	-0.19871	0.00018853
1.9888	-0.14452	0.00032872
1.9888	-0.090324	0.0003317
1.9888	-0.036129	3.6736e-05
1.9888	0.018065	6.4131e-05
1.9888	0.072258	8.0694e-05
1.9888	0.12645	1.6387e-05
1.9888	0.18065	1.2265e-05
1.9888	0.23484	9.7861e-06
1.9888	0.28903	1.2582e-06
1.9888	0.34323	4.5382e-06
1.9888	0.39742	3.1307e-06
1.9888	0.45161	6.1884e-07
1.9888	0.50581	1.3248e-06
1.9888	0.56	7.0034e-06
1.9888	0.61419	3.4092e-06
1.9888	0.66839	8.5679e-06
1.9888	0.72258	3.8749e-05
1.9888	0.77677	2.064e-05
1.9888	0.83097	3.361e-05
1.9888	0.88516	0.00029067
1.9888	0.93935	0.00060286
1.9888	0.99354	0.00055688
1.9888	1.0477	0.00023644
1.9888	1.1019	2.9435e-05
1.9888	1.1561	5.0548e-06
1.9888	1.2103	1.1261e-05
1.9888	1.2645	2.5204e-06
1.9888	1.3187	6.6304e-07
1.9888	1.3729	1.5317e-06
1.9888	1.4271	3.4763e-07
1.9888	1.4813	1.053e-07
1.9888	1.5355	2.4276e-07
1.9888	1.5897	7.5338e-08
1.9888	1.6439	4.0265e-09
1.9888	1.6981	1.3985e-09
1.9888	1.7523	2.845e-09
1.9888	1.8065	6.1794e-09
1.9888	1.8606	2.2331e-08
1.9888	1.9148	2.2388e-08
1.9888	1.969	9.4859e-09
1.9888	2.0232	1.2597e-07
1.9888	2.0774	1.9397e-07
1.9888	2.1316	4.7221e-08
1.9888	2.1858	1.1339e-06
1.9888	2.24	4.5689e-06
1.9888	2.2942	7.0504e-06
1.9888	2.3484	5.0024e-06
1.9888	2.4026	1.2646e-06
1.9888	2.4568	8.3849e-08
2.0245	-2.4748	1.0989e-09
2.0245	-2.4206	3.2967e-09
2.0245	-2.3665	2.5757e-09
2.0245	-2.3123	1.6072e-08
2.0245	-2.2581	4.7092e-08
2.0245	-2.2039	1.8935e-08
2.0245	-2.1497	2.8007e-07
2.0245	-2.0955	6.6898e-07
2.0245	-2.0413	1.5877e-07
2.0245	-1.9871	2.2177e-06
2.0245	-1.9329	7.8247e-06
2.0245	-1.8787	3.8642e-06
2.0245	-1.8245	1.2299e-05
2.0245	-1.7703	0.00011497
2.0245	-1.7161	0.00029188
2.0245	-1.6619	0.00034508
2.0245	-1.6077	0.0001962
2.0245	-1.5535	3.8103e-05
2.0245	-1.4994	2.5747e-06
2.0245	-1.4452	9.8199e-06
2.0245	-1.391	3.0524e-06
2.0245	-1.3368	3.433e-07
2.0245	-1.2826	8.343e-07
2.0245	-1.2284	2.0843e-06
2.0245	-1.1742	1.1838e-06
2.0245	-1.12	3.2283e-06
2.0245	-1.0658	1.4551e-05
2.0245	-1.0116	1.2807e-05
2.0245	-0.95742	1.2336e-05
2.0245	-0.90323	1.5331e-05
2.0245	-0.84903	1.151e-05
2.0245	-0.79484	7.5872e-05
2.0245	-0.74065	9.2235e-05
2.0245	-0.68645	1.8164e-05
2.0245	-0.63226	0.00028425
2.0245	-0.57806	0.00046931
2.0245	-0.52387	9.2162e-05
2.0245	-0.46968	0.002076
2.0245	-0.41548	0.008581
2.0245	-0.36129	0.01357
2.0245	-0.3071	0.010348
2.0245	-0.2529	0.0032577
2.0245	-0.19871	0.00016864
2.0245	-0.14452	0.00054844
2.0245	-0.090324	0.00048376
2.0245	-0.036129	4.7361e-05
2.0245	0.018065	0.00014706
2.0245	0.072258	0.00016857
2.0245	0.12645	3.028e-05
2.0245	0.18065	3.7902e-05
2.0245	0.23484	3.3871e-05
2.0245	0.28903	3.9193e-06
2.0245	0.34323	2.9628e-05
2.0245	0.39742	2.5246e-05
2.0245	0.45161	2.291e-06
2.0245	0.50581	4.7853e-06
2.0245	0.56	4.114e-06
2.0245	0.61419	4.043e-07
2.0245	0.66839	2.6377e-06
2.0245	0.72258	9.1983e-06
2.0245	0.77677	4.8769e-06
2.0245	0.83097	2.0319e-05
2.0245	0.88516	0.00017019
2.0245	0.93935	0.00038136
2.0245	0.99354	0.00037896
2.0245	1.0477	0.00016656
2.0245	1.1019	1.8681e-05
2.0245	1.1561	7.0943e-06
2.0245	1.2103	1.2646e-05
2.0245	1.2645	2.3777e-06
2.0245	1.3187	1.288e-06
2.0245	1.3729	2.361e-06
2.0245	1.4271	4.2736e-07
2.0245	1.4813	2.995e-07
2.0245	1.5355	5.1701e-07
2.0245	1.5897	1.1579e-07
2.0245	1.6439	1.662e-08
2.0245	1.6981	1.8567e-08
2.0245	1.7523	4.6215e-09
2.0245	1.8065	1.1414e-08
2.0245	1.8606	5.6147e-08
2.0245	1.9148	3.9314e-08
2.0245	1.969	3.6343e-08
2.0245	2.0232	2.5229e-07
2.0245	2.0774	2.3118e-07
2.0245	2.1316	1.0056e-07
2.0245	2.1858	1.4422e-06
2.0245	2.24	4.4778e-06
2.0245	2.2942	6.1443e-06
2.0245	2.3484	4.052e-06
2.0245	2.4026	8.8553e-07
2.0245	2.4568	1.8139e-07
2.0602	-2.4748	8.2451e-10
2.0602	-2.4206	1.2333e-09
2.0602	-2.3665	2.6624e-09
2.0602	-2.3123	2.9852e-08
2.0602	-2.2581	5.6031e-08
2.0602	-2.2039	3.2637e-08
2.0602	-2.1497	2.5916e-07
2.0602	-2.0955	4.6153e-07
2.0602	-2.0413	1.2987e-07
2.0602	-1.9871	2.5452e-06
2.0602	-1.9329	6.9697e-06
2.0602	-1.8787	2.4233e-06
2.0602	-1.8245	1.935e-05
2.0602	-1.7703	0.00014896
2.0602	-1.7161	0.00036868
2.0602	-1.6619	0.00044515
2.0602	-1.6077	0.00026226
2.0602	-1.5535	5.0634e-05
2.0602	-1.4994	6.7112e-06
2.0602	-1.4452	2.5895e-05
2.0602	-1.391	9.4052e-06
2.0602	-1.3368	1.6506e-06
2.0602	-1.2826	6.1286e-06
2.0602	-1.2284	1.6122e-06
2.0602	-1.1742	1.035e-06
2.0602	-1.12	1.9974e-06
2.0602	-1.0658	6.1218e-06
2.0602	-1.0116	9.1423e-06
2.0602	-0.95742	2.4974e-06
2.0602	-0.90323	3.7832e-06
2.0602	-0.84903	9.4571e-06
2.0602	-0.79484	2.5734e-05
2.0602	-0.74065	2.9459e-05
2.0602	-0.68645	9.8439e-06
2.0602	-0.63226	0.00015111
2.0602	-0.57806	0.00023355
2.0602	-0.52387	6.7006e-05
2.0602	-0.46968	0.0017475
2.0602	-0.41548	0.0069482
2.0602	-0.36129	0.011057
2.0602	-0.3071	0.0084504
2.0602	-0.2529	0.0025361
2.0602	-0.19871	0.00013424
2.0602	-0.14452	0.00067399
2.0602	-0.090324	0.00051969
2.0602	-0.036129	4.87e-05
2.0602	0.018065	0.00023307
2.0602	0.072258	0.00023866
2.0602	0.12645	3.8741e-05
2.0602	0.18065	7.578e-05
2.0602	0.23484	6.6124e-05
2.0602	0.28903	1.2191e-05
2.0602	0.34323	8.0597e-05
2.0602	0.39742	6.8806e-05
2.0602	0.45161	6.043e-06
2.0602	0.50581	3.2261e-05
2.0602	0.56	3.3947e-05
2.0602	0.61419	3.3524e-06
2.0602	0.66839	1.3511e-05
2.0602	0.72258	1.474e-05
2.0602	0.77677	1.5552e-06
2.0602	0.83097	8.0521e-06
2.0602	0.88516	4.0318e-05
2.0602	0.93935	0.00010264
2.0602	0.99354	0.00012659
2.0602	1.0477	6.4824e-05
2.0602	1.1019	7.0976e-06
2.0602	1.1561	5.9759e-06
2.0602	1.2103	9.2968e-06
2.0602	1.2645	1.5242e-06
2.0602	1.3187	1.6536e-06
2.0602	1.3729	2.526e-06
2.0602	1.4271	3.6832e-07
2.0602	1.4813	5.5722e-07
2.0602	1.5355	7.5656e-07
2.0602	1.5897	1.1739e-07
2.0602	1.6439	7.6354e-08
2.0602	1.6981	7.1912e-08
2.0602	1.7523	9.3774e-09
2.0602	1.8065	2.4294e-08
2.0602	1.8606	1.4406e-07
2.0602	1.9148	8.5779e-08
2.0602	1.969	1.9881e-07
2.0602	2.0232	1.0895e-06
2.0602	2.0774	7.1781e-07
2.0602	2.1316	8.6669e-07
2.0602	2.1858	8.9167e-06
2.0602	2.24	2.1137e-05
2.0602	2.2942	2.2847e-05
2.0602	2.3484	1.2272e-05
2.0602	2.4026	2.5123e-06
2.0602	2.4568	3.7048e-07
2.096	-2.4748	3.9852e-10
2.096	-2.4206	3.3556e-10
2.096	-2.3665	7.6896e-09
2.096	-2.3123	3.9301e-08
2.096	-2.2581	5.5106e-08
2.096	-2.2039	4.659e-08
2.096	-2.1497	2.3189e-07
2.096	-2.0955	3.2568e-07
2.096	-2.0413	2.0681e-07
2.096	-1.9871	2.3997e-06
2.096	-1.9329	5.0908e-06
2.096	-1.8787	1.3173e-06
2.096	-1.8245	2.3499e-05
2.096	-1.7703	0.00015028
2.096	-1.7161	0.00035366
2.096	-1.6619	0.00042069
2.096	-1.6077	0.00024501
2.096	-1.5535	4.3861e-05
2.096	-1.4994	1.0357e-05
2.096	-1.4452	3.5267e-05
2.096	-1.391	1.2361e-05
2.096	-1.3368	3.6615e-06
2.096	-1.2826	1.4218e-05
2.096	-1.2284	4.6734e-06
2.096	-1.1742	2.1774e-06
2.096	-1.12	5.4442e-06
2.096	-1.0658	2.472e-06
2.096	-1.0116	9.8181e-06
2.096	-0.95742	9.1306e-06
2.096	-0.90323	3.9902e-06
2.096	-0.84903	1.093e-05
2.096	-0.79484	7.9112e-06
2.096	-0.74065	3.5911e-06
2.096	-0.68645	3.9588e-06
2.096	-0.63226	3.5729e-05
2.096	-0.57806	6.2506e-05
2.096	-0.52387	3.4274e-05
2.096	-0.46968	0.0009305
2.096	-0.41548	0.0038544
2.096	-0.36129	0.0064667
2.096	-0.3071	0.0051016
2.096	-0.2529	0.0014771
2.096	-0.19871	0.00010629
2.096	-0.14452	0.00062751
2.096	-0.090324	0.00042929
2.096	-0.036129	4.5608e-05
2.096	0.018065	0.00027918
2.096	0.072258	0.00025745
2.096	0.12645	3.9619e-05
2.096	0.18065	0.00011019
2.096	0.23484	9.1457e-05
2.096	0.28903	2.6984e-05
2.096	0.34323	0.00014187
2.096	0.39742	0.00010987
2.096	0.45161	1.084e-05
2.096	0.50581	9.2238e-05
2.096	0.56	9.1289e-05
2.096	0.61419	9.1835e-06
2.096	0.66839	6.8511e-05
2.096	0.72258	8.473e-05
2.096	0.77677	1.0446e-05
2.096	0.83097	7.2434e-05
2.096	0.88516	0.00017819
2.096	0.93935	0.00014234
2.096	0.99354	5.4039e-05
2.096	1.0477	1.2775e-05
2.096	1.1019	1.21e-06
2.096	1.1561	1.9689e-06
2.096	1.2103	3.3879e-06
2.096	1.2645	5.7051e-07
2.096	1.3187	1.2539e-06
2.096	1.3729	1.7414e-06
2.096	1.4271	2.1497e-07
2.096	1.4813	7.3705e-07
2.096	1.5355	8.2553e-07
2.096	1.5897	8.7406e-08
2.096	1.6439	2.0555e-07
2.096	1.6981	1.6126e-07
2.096	1.7523	1.6602e-08
2.096	1.8065	4.8537e-08
2.096	1.8606	3.1571e-07
2.096	1.9148	1.6904e-07
2.096	1.969	9.2295e-07
2.096	2.0232	4.6545e-06
2.096	2.0774	2.7003e-06
2.096	2.1316	7.4709e-06
2.096	2.1858	7.0842e-05
2.096	2.24	0.00016796
2.096	2.2942	0.00017289
2.096	2.3484	7.9631e-05
2.096	2.4026	1.1841e-05
2.096	2.4568	7.3894e-07
2.1317	-2.4748	6.3989e-10
2.1317	-2.4206	2.791e-09
2.1317	-2.3665	1.5684e-08
2.1317	-2.3123	3.0968e-08
2.1317	-2.2581	3.9182e-08
2.1317	-2.2039	6.4832e-08
2.1317	-2.1497	1.8589e-07
2.1317	-2.0955	2.3187e-07
2.1317	-2.0413	2.9617e-07
2.1317	-1.9871	1.8444e-06
2.1317	-1.9329	3.0964e-06
2.1317	-1.8787	9.874e-07
2.1317	-1.8245	2.2301e-05
2.1317	-1.7703	0.00012114
2.1317	-1.7161	0.00026864
2.1317	-1.6619	0.00030885
2.1317	-1.6077	0.0001731
2.1317	-1.5535	2.7578e-05
2.1317	-1.4994	1.1459e-05
2.1317	-1.4452	3.2409e-05
2.1317	-1.391	1.0179e-05
2.1317	-1.3368	5.2806e-06
2.1317	-1.2826	1.7593e-05
2.1317	-1.2284	5.6609e-06
2.1317	-1.1742	3.9464e-06
2.1317	-1.12	9.7697e-06
2.1317	-1.0658	1.6971e-06
2.1317	-1.0116	1.2738e-05
2.1317	-0.95742	1.8687e-05
2.1317	-0.90323	5.3808e-06
2.1317	-0.84903	2.131e-05
2.1317	-0.79484	2.5497e-05
2.1317	-0.74065	3.2983e-06
2.1317	-0.68645	1.415e-05
2.1317	-0.63226	1.759e-05
2.1317	-0.57806	5.4188e-06
2.1317	-0.52387	5.0157e-06
2.1317	-0.46968	0.00017944
2.1317	-0.41548	0.0010431
2.1317	-0.36129	0.0021843
2.1317	-0.3071	0.0019731
2.1317	-0.2529	0.00058558
2.1317	-0.19871	7.5412e-05
2.1317	-0.14452	0.00042961
2.1317	-0.090324	0.00027011
2.1317	-0.036129	3.9218e-05
2.1317	0.018065	0.00025838
2.1317	0.072258	0.00022011
2.1317	0.12645	3.3967e-05
2.1317	0.18065	0.00012463
2.1317	0.23484	0.00010207
2.1317	0.28903	4.4851e-05
2.1317	0.34323	0.00018456
2.1317	0.39742	0.00012568
2.1317	0.45161	1.9838e-05
2.1317	0.50581	0.00017427
2.1317	0.56	0.00015187
2.1317	0.61419	1.8203e-05
2.1317	0.66839	0.00018672
2.1317	0.72258	0.00021652
2.1317	0.77677	2.7763e-05
2.1317	0.83097	0.00035354
2.1317	0.88516	0.00097139
2.1317	0.93935	0.00097
2.1317	0.99354	0.00044682
2.1317	1.0477	8.1003e-05
2.1317	1.1019	2.1321e-06
2.1317	1.1561	2.7087e-06
2.1317	1.2103	1.1467e-06
2.1317	1.2645	8.1631e-08
2.1317	1.3187	2.9143e-07
2.1317	1.3729	4.6178e-07
2.1317	1.4271	7.6468e-08
2.1317	1.4813	6.795e-07
2.1317	1.5355	6.7798e-07
2.1317	1.5897	6.798e-08
2.1317	1.6439	4.0377e-07
2.1317	1.6981	2.8185e-07
2.1317	1.7523	3.4882e-08
2.1317	1.8065	8.0647e-08
2.1317	1.8606	6.5716e-07
2.1317	1.9148	3.4372e-07
2.1317	1.969	3.8231e-06
2.1317	2.0232	1.6753e-05
2.1317	2.0774	7.6329e-06
2.1317	2.1316	2.8224e-05
2.1317	2.1858	0.00018905
2.1317	2.24	0.00032881
2.1317	2.2942	0.00024745
2.1317	2.3484	8.2991e-05
2.1317	2.4026	8.0995e-06
2.1317	2.4568	9.9252e-07
2.1674	-2.4748	1.91e-09
2.1674	-2.4206	8.2097e-09
2.1674	-2.3665	2.0295e-08
2.1674	-2.3123	1.1228e-08
2.1674	-2.2581	3.8546e-08
2.1674	-2.2039	8.8322e-08
2.1674	-2.1497	9.7111e-08
2.1674	-2.0955	1.4843e-07
2.1674	-2.0413	3.2932e-07
2.1674	-1.9871	9.9941e-07
2.1674	-1.9329	1.4027e-06
2.1674	-1.8787	1.0173e-06
2.1674	-1.8245	1.5081e-05
2.1674	-1.7703	7.19e-05
2.1674	-1.7161	0.00015202
2.1674	-1.6619	0.00016829
2.1674	-1.6077	8.914e-05
2.1674	-1.5535	1.2491e-05
2.1674	-1.4994	9.7469e-06
2.1674	-1.4452	2.0838e-05
2.1674	-1.391	5.7298e-06
2.1674	-1.3368	6.0597e-06
2.1674	-1.2826	1.4156e-05
2.1674	-1.2284	3.9517e-06
2.1674	-1.1742	6.8328e-06
2.1674	-1.12	1.254e-05
2.1674	-1.0658	1.8179e-06
2.1674	-1.0116	1.4191e-05
2.1674	-0.95742	2.0606e-05
2.1674	-0.90323	4.6698e-06
2.1674	-0.84903	3.9403e-05
2.1674	-0.79484	5.5038e-05
2.1674	-0.74065	8.5874e-06
2.1674	-0.68645	5.5271e-05
2.1674	-0.63226	0.00010642
2.1674	-0.57806	2.5278e-05
2.1674	-0.52387	4.9412e-05
2.1674	-0.46968	0.00016054
2.1674	-0.41548	0.00012985
2.1674	-0.36129	0.00017634
2.1674	-0.3071	0.00027428
2.1674	-0.2529	0.00011221
2.1674	-0.19871	3.3975e-05
2.1674	-0.14452	0.00018908
2.1674	-0.090324	0.00012003
2.1674	-0.036129	2.709e-05
2.1674	0.018065	0.00017947
2.1674	0.072258	0.0001489
2.1674	0.12645	2.3942e-05
2.1674	0.18065	0.00011295
2.1674	0.23484	9.9575e-05
2.1674	0.28903	5.7175e-05
2.1674	0.34323	0.00018487
2.1674	0.39742	0.00011059
2.1674	0.45161	3.5328e-05
2.1674	0.50581	0.00025048
2.1674	0.56	0.00018903
2.1674	0.61419	3.5692e-05
2.1674	0.66839	0.00036542
2.1674	0.72258	0.00037834
2.1674	0.77677	6.2443e-05
2.1674	0.83097	0.0010595
2.1674	0.88516	0.002917
2.1674	0.93935	0.0031594
2.1674	0.99354	0.0016279
2.1674	1.0477	0.00032591
2.1674	1.1019	1.0145e-05
2.1674	1.1561	3.2689e-05
2.1674	1.2103	1.4974e-05
2.1674	1.2645	7.3756e-07
2.1674	1.3187	2.1469e-06
2.1674	1.3729	9.8422e-07
2.1674	1.4271	2.4429e-07
2.1674	1.4813	5.0303e-07
2.1674	1.5355	4.5274e-07
2.1674	1.5897	1.0982e-07
2.1674	1.6439	5.4269e-07
2.1674	1.6981	3.7198e-07
2.1674	1.7523	9.302e-08
2.1674	1.8065	7.9539e-08
2.1674	1.8606	7.2605e-07
2.1674	1.9148	3.4102e-07
2.1674	1.969	3.8212e-06
2.1674	2.0232	1.2064e-05
2.1674	2.0774	3.7922e-06
2.1674	2.1316	1.7033e-05
2.1674	2.1858	9.2066e-05
2.1674	2.24	0.00014714
2.1674	2.2942	0.00010851
2.1674	2.3484	3.5858e-05
2.1674	2.4026	2.8696e-06
2.1674	2.4568	1.1637e-06
2.2031	-2.4748	3.4602e-09
2.2031	-2.4206	1.3011e-08
2.2031	-2.3665	1.7867e-08
2.2031	-2.3123	8.5357e-09
2.2031	-2.2581	8.3601e-08
2.2031	-2.2039	1.0156e-07
2.2031	-2.1497	2.217e-08
2.2031	-2.0955	1.5773e-07
2.2031	-2.0413	2.9408e-07
2.2031	-1.9871	2.189e-07
2.2031	-1.9329	4.2649e-07
2.2031	-1.8787	9.0039e-07
2.2031	-1.8245	4.7876e-06
2.2031	-1.7703	2.125e-05
2.2031	-1.7161	4.6324e-05
2.2031	-1.6619	5.1291e-05
2.2031	-1.6077	2.5671e-05
2.2031	-1.5535	4.035e-06
2.2031	-1.4994	6.2583e-06
2.2031	-1.4452	7.9788e-06
2.2031	-1.391	2.5936e-06
2.2031	-1.3368	6.1577e-06
2.2031	-1.2826	7.1024e-06
2.2031	-1.2284	2.4557e-06
2.2031	-1.1742	1.1286e-05
2.2031	-1.12	1.2711e-05
2.2031	-1.0658	1.5831e-06
2.2031	-1.0116	1.4416e-05
2.2031	-0.95742	1.6376e-05
2.2031	-0.90323	4.8948e-06
2.2031	-0.84903	5.6873e-05
2.2031	-0.79484	7.0345e-05
2.2031	-0.74065	1.0775e-05
2.2031	-0.68645	0.00012679
2.2031	-0.63226	0.00024036
2.2031	-0.57806	5.566e-05
2.2031	-0.52387	0.00026765
2.2031	-0.46968	0.001227
2.2031	-0.41548	0.0016796
2.2031	-0.36129	0.0009968
2.2031	-0.3071	0.00023868
2.2031	-0.2529	1.6255e-05
2.2031	-0.19871	3.8197e-06
2.2031	-0.14452	3.2072e-05
2.2031	-0.090324	2.9366e-05
2.2031	-0.036129	1.0937e-05
2.2031	0.018065	8.2582e-05
2.2031	0.072258	7.5825e-05
2.2031	0.12645	1.2587e-05
2.2031	0.18065	8.2593e-05
2.2031	0.23484	8.9753e-05
2.2031	0.28903	5.5971e-05
2.2031	0.34323	0.0001407
2.2031	0.39742	7.7641e-05
2.2031	0.45161	5.3357e-05
2.2031	0.50581	0.00029061
2.2031	0.56	0.00019092
2.2031	0.61419	6.7247e-05
2.2031	0.66839	0.00058605
2.2031	0.72258	0.0005375
2.2031	0.77677	0.00015374
2.2031	0.83097	0.0025848
2.2031	0.88516	0.00706
2.2031	0.93935	0.0080461
2.2031	0.99354	0.0044115
2.2031	1.0477	0.00089919
2.2031	1.1019	4.3076e-05
2.2031	1.1561	0.0001908
2.2031	1.2103	8.9614e-05
2.2031	1.2645	7.4844e-06
2.2031	1.3187	3.2483e-05
2.2031	1.3729	1.7981e-05
2.2031	1.4271	2.8296e-06
2.2031	1.4813	3.1083e-06
2.2031	1.5355	9.895e-07
2.2031	1.5897	1.6471e-07
2.2031	1.6439	1.2946e-07
2.2031	1.6981	9.4363e-08
2.2031	1.7523	6.1168e-08
2.2031	1.8065	4.8438e-08
2.2031	1.8606	1.2142e-07
2.2031	1.9148	5.8193e-08
2.2031	1.969	8.5217e-07
2.2031	2.0232	2.6594e-06
2.2031	2.0774	7.5773e-07
2.2031	2.1316	7.1986e-06
2.2031	2.1858	3.9063e-05
2.2031	2.24	6.7521e-05
2.2031	2.2942	5.3557e-05
2.2031	2.3484	1.8078e-05
2.2031	2.4026	1.1876e-06
2.2031	2.4568	1.2708e-06
2.2389	-2.4748	3.9655e-09
2.2389	-2.4206	1.3136e-08
2.2389	-2.3665	1.2494e-08
2.2389	-2.3123	4.1693e-08
2.2389	-2.2581	1.5439e-07
2.2389	-2.2039	9.6533e-08
2.2389	-2.1497	9.7869e-08
2.2389	-2.0955	3.4306e-07
2.2389	-2.0413	2.4247e-07
2.2389	-1.9871	2.9395e-07
2.2389	-1.9329	8.0013e-07
2.2389	-1.8787	7.3428e-07
2.2389	-1.8245	1.9723e-06
2.2389	-1.7703	7.0443e-06
2.2389	-1.7161	1.1432e-05
2.2389	-1.6619	8.6235e-06
2.2389	-1.6077	2.6204e-06
2.2389	-1.5535	2.0472e-06
2.2389	-1.4994	3.4504e-06
2.2389	-1.4452	1.2786e-06
2.2389	-1.391	2.4564e-06
2.2389	-1.3368	5.7275e-06
2.2389	-1.2826	2.0583e-06
2.2389	-1.2284	4.2497e-06
2.2389	-1.1742	1.5544e-05
2.2389	-1.12	9.9339e-06
2.2389	-1.0658	2.1358e-06
2.2389	-1.0116	1.8048e-05
2.2389	-0.95742	1.4218e-05
2.2389	-0.90323	8.7559e-06
2.2389	-0.84903	6.6437e-05
2.2389	-0.79484	6.4272e-05
2.2389	-0.74065	1.4737e-05
2.2389	-0.68645	0.00020932
2.2389	-0.63226	0.00034028
2.2389	-0.57806	6.3596e-05
2.2389	-0.52387	0.00071907
2.2389	-0.46968	0.0032222
2.2389	-0.41548	0.0050651
2.2389	-0.36129	0.0038342
2.2389	-0.3071	0.0013143
2.2389	-0.2529	0.00011332
2.2389	-0.19871	2.6992e-05
2.2389	-0.14452	3.1108e-05
2.2389	-0.090324	4.82e-06
2.2389	-0.036129	1.5812e-06
2.2389	0.018065	1.6283e-05
2.2389	0.072258	2.4862e-05
2.2389	0.12645	4.289e-06
2.2389	0.18065	4.8195e-05
2.2389	0.23484	7.7089e-05
2.2389	0.28903	4.2728e-05
2.2389	0.34323	7.3549e-05
2.2389	0.39742	4.7283e-05
2.2389	0.45161	6.4854e-05
2.2389	0.50581	0.00027841
2.2389	0.56	0.00016503
2.2389	0.61419	0.000114
2.2389	0.66839	0.00084634
2.2389	0.72258	0.00069945
2.2389	0.77677	0.00042068
2.2389	0.83097	0.0062459
2.2389	0.88516	0.01747
2.2389	0.93935	0.021341
2.2389	0.99354	0.012499
2.2389	1.0477	0.0025227
2.2389	1.1019	0.00022559
2.2389	1.1561	0.00090308
2.2389	1.2103	0.00035686
2.2389	1.2645	3.5292e-05
2.2389	1.3187	0.00012316
2.2389	1.3729	5.0013e-05
2.2389	1.4271	5.4133e-06
2.2389	1.4813	5.9115e-06
2.2389	1.5355	1.1848e-06
2.2389	1.5897	1.6619e-07
2.2389	1.6439	1.7187e-07
2.2389	1.6981	2.0965e-08
2.2389	1.7523	1.8512e-08
2.2389	1.8065	5.8836e-08
2.2389	1.8606	2.8757e-08
2.2389	1.9148	1.2633e-08
2.2389	1.969	1.4925e-07
2.2389	2.0232	4.7021e-07
2.2389	2.0774	1.4465e-07
2.2389	2.1316	2.9463e-06
2.2389	2.1858	1.668e-05
2.2389	2.24	3.1546e-05
2.2389	2.2942	2.6931e-05
2.2389	2.3484	9.2346e-06
2.2389	2.4026	5.1905e-07
2.2389	2.4568	1.2162e-06
2.2746	-2.4748	2.8247e-09
2.2746	-2.4206	8.1879e-09
2.2746	-2.3665	1.058e-08
2.2746	-2.3123	8.6434e-08
2.2746	-2.2581	1.8726e-07
2.2746	-2.2039	9.6932e-08
2.2746	-2.1497	3.7233e-07
2.2746	-2.0955	5.9981e-07
2.2746	-2.0413	3.2723e-07
2.2746	-1.9871	1.9798e-06
2.2746	-1.9329	2.5624e-06
2.2746	-1.8787	1.8378e-06
2.2746	-1.8245	2.5297e-05
2.2746	-1.7703	8.3106e-05
2.2746	-1.7161	0.00011917
2.2746	-1.6619	8.5437e-05
2.2746	-1.6077	2.5959e-05
2.2746	-1.5535	3.201e-06
2.2746	-1.4994	7.6435e-06
2.2746	-1.4452	6.7391e-06
2.2746	-1.391	4.2715e-06
2.2746	-1.3368	5.8998e-06
2.2746	-1.2826	4.8142e-06
2.2746	-1.2284	9.4657e-06
2.2746	-1.1742	1.5806e-05
2.2746	-1.12	6.375e-06
2.2746	-1.0658	7.0608e-06
2.2746	-1.0116	2.6956e-05
2.2746	-0.95742	1.7529e-05
2.2746	-0.90323	1.5783e-05
2.2746	-0.84903	6.8451e-05
2.2746	-0.79484	4.8595e-05
2.2746	-0.74065	2.7993e-05
2.2746	-0.68645	0.00027862
2.2746	-0.63226	0.00036664
2.2746	-0.57806	6.5396e-05
2.2746	-0.52387	0.0013819
2.2746	-0.46968	0.0056537
2.2746	-0.41548	0.0090913
2.2746	-0.36129	0.0073409
2.2746	-0.3071	0.0027266
2.2746	-0.2529	0.00023682
2.2746	-0.19871	0.00013703
2.2746	-0.14452	0.00018611
2.2746	-0.090324	2.4408e-05
2.2746	-0.036129	1.7056e-05
2.2746	0.018065	1.7409e-05
2.2746	0.072258	4.5852e-06
2.2746	0.12645	5.0307e-06
2.2746	0.18065	2.3554e-05
2.2746	0.23484	6.4601e-05
2.2746	0.28903	3.6087e-05
2.2746	0.34323	1.8061e-05
2.2746	0.39742	3.6799e-05
2.2746	0.45161	6.5557e-05
2.2746	0.50581	0.0002137
2.2746	0.56	0.00012926
2.2746	0.61419	0.00016967
2.2746	0.66839	0.0011968
2.2746	0.72258	0.0009317
2.2746	0.77677	0.0012492
2.2746	0.83097	0.01584
2.2746	0.88516	0.042274
2.2746	0.93935	0.047415
2.2746	0.99354	0.023574
2.2746	1.0477	0.0035833
2.2746	1.1019	0.00035837
2.2746	1.1561	0.00094779
2.2746	1.2103	0.00025763
2.2746	1.2645	2.6693e-05
2.2746	1.3187	7.4945e-05
2.2746	1.3729	2.553e-05
2.2746	1.4271	2.8372e-06
2.2746	1.4813	3.9223e-06
2.2746	1.5355	7.1944e-07
2.2746	1.5897	2.2942e-07
2.2746	1.6439	2.7338e-07
2.2746	1.6981	2.9133e-08
2.2746	1.7523	1.437e-08
2.2746	1.8065	1.2647e-07
2.2746	1.8606	1.0257e-07
2.2746	1.9148	3.4501e-08
2.2746	1.969	2.175e-07
2.2746	2.0232	1.3811e-07
2.2746	2.0774	3.2777e-08
2.2746	2.1316	7.3019e-07
2.2746	2.1858	4.3332e-06
2.2746	2.24	9.9101e-06
2.2746	2.2942	9.896e-06
2.2746	2.3484	3.6518e-06
2.2746	2.4026	2.1022e-07
2.2746	2.4568	8.9996e-07
2.3103	-2.4748	9.6089e-10
2.3103	-2.4206	2.4234e-09
2.3103	-2.3665	1.0718e-08
2.3103	-2.3123	9.1214e-08
2.3103	-2.2581	1.4421e-07
2.3103	-2.2039	1.2526e-07
2.3103	-2.1497	6.5177e-07
2.3103	-2.0955	6.7972e-07
2.3103	-2.0413	7.1041e-07
2.3103	-1.9871	4.868e-06
2.3103	-1.9329	4.4294e-06
2.3103	-1.8787	6.6352e-06
2.3103	-1.8245	8.9165e-05
2.3103	-1.7703	0.00027846
2.3103	-1.7161	0.00039698
2.3103	-1.6619	0.00028433
2.3103	-1.6077	8.1137e-05
2.3103	-1.5535	5.5973e-06
2.3103	-1.4994	2.9383e-05
2.3103	-1.4452	2.659e-05
2.3103	-1.391	5.5745e-06
2.3103	-1.3368	1.1532e-05
2.3103	-1.2826	1.9666e-05
2.3103	-1.2284	1.4505e-05
2.3103	-1.1742	1.1225e-05
2.3103	-1.12	9.5992e-06
2.3103	-1.0658	1.8536e-05
2.3103	-1.0116	3.3786e-05
2.3103	-0.95742	2.1921e-05
2.3103	-0.90323	2.4836e-05
2.3103	-0.84903	6.653e-05
2.3103	-0.79484	3.7016e-05
2.3103	-0.74065	5.1876e-05
2.3103	-0.68645	0.00031883
2.3103	-0.63226	0.00032996
2.3103	-0.57806	9.867e-05
2.3103	-0.52387	0.0021725
2.3103	-0.46968	0.0080353
2.3103	-0.41548	0.012786
2.3103	-0.36129	0.0105
2.3103	-0.3071	0.0039432
2.3103	-0.2529	0.00030851
2.3103	-0.19871	0.00035206
2.3103	-0.14452	0.00046361
2.3103	-0.090324	6.2299e-05
2.3103	-0.036129	8.4606e-05
2.3103	0.018065	0.0001157
2.3103	0.072258	1.2304e-05
2.3103	0.12645	2.9631e-05
2.3103	0.18065	2.6161e-05
2.3103	0.23484	6.0102e-05
2.3103	0.28903	9.7918e-05
2.3103	0.34323	2.9368e-05
2.3103	0.39742	7.1437e-05
2.3103	0.45161	0.00010742
2.3103	0.50581	0.00010239
2.3103	0.56	9.0414e-05
2.3103	0.61419	0.0001424
2.3103	0.66839	0.0010278
2.3103	0.72258	0.00071227
2.3103	0.77677	0.0012831
2.3103	0.83097	0.011551
2.3103	0.88516	0.023094
2.3103	0.93935	0.019682
2.3103	0.99354	0.0076086
2.3103	1.0477	0.00087905
2.3103	1.1019	0.0001422
2.3103	1.1561	0.00030224
2.3103	1.2103	7.4008e-05
2.3103	1.2645	1.3691e-05
2.3103	1.3187	3.6142e-05
2.3103	1.3729	1.2004e-05
2.3103	1.4271	1.6496e-06
2.3103	1.4813	2.74e-06
2.3103	1.5355	5.0809e-07
2.3103	1.5897	2.677e-07
2.3103	1.6439	2.543e-07
2.3103	1.6981	2.4002e-08
2.3103	1.7523	2.9697e-08
2.3103	1.8065	2.9772e-07
2.3103	1.8606	2.6145e-07
2.3103	1.9148	1.3035e-07
2.3103	1.969	1.0122e-06
2.3103	2.0232	7.7861e-07
2.3103	2.0774	1.8921e-07
2.3103	2.1316	2.073e-06
2.3103	2.1858	3.4577e-06
2.3103	2.24	2.6539e-06
2.3103	2.2942	1.7289e-06
2.3103	2.3484	7.0057e-07
2.3103	2.4026	5.9053e-08
2.3103	2.4568	3.8346e-07
2.346	-2.4748	2.4437e-10
2.346	-2.4206	4.8647e-10
2.346	-2.3665	5.8703e-09
2.346	-2.3123	4.2193e-08
2.346	-2.2581	6.2656e-08
2.346	-2.2039	1.4657e-07
2.346	-2.1497	6.3215e-07
2.346	-2.0955	4.7491e-07
2.346	-2.0413	1.2674e-06
2.346	-1.9871	6.9292e-06
2.346	-1.9329	4.6513e-06
2.346	-1.8787	1.6204e-05
2.346	-1.8245	0.00018018
2.346	-1.7703	0.0005387
2.346	-1.7161	0.00075784
2.346	-1.6619	0.00052915
2.346	-1.6077	0.00013478
2.346	-1.5535	1.2328e-05
2.346	-1.4994	7.5958e-05
2.346	-1.4452	5.5791e-05
2.346	-1.391	5.761e-06
2.346	-1.3368	3.167e-05
2.346	-1.2826	4.6863e-05
2.346	-1.2284	1.5069e-05
2.346	-1.1742	1.0683e-05
2.346	-1.12	3.1252e-05
2.346	-1.0658	3.2692e-05
2.346	-1.0116	2.7493e-05
2.346	-0.95742	2.5108e-05
2.346	-0.90323	3.566e-05
2.346	-0.84903	5.7575e-05
2.346	-0.79484	3.3307e-05
2.346	-0.74065	8.1121e-05
2.346	-0.68645	0.00031681
2.346	-0.63226	0.0002587
2.346	-0.57806	0.00018812
2.346	-0.52387	0.0029578
2.346	-0.46968	0.010021
2.346	-0.41548	0.015706
2.346	-0.36129	0.012955
2.346	-0.3071	0.0048102
2.346	-0.2529	0.00033039
2.346	-0.19871	0.00071803
2.346	-0.14452	0.00087153
2.346	-0.090324	0.00010988
2.346	-0.036129	0.00028326
2.346	0.018065	0.00039417
2.346	0.072258	4.9672e-05
2.346	0.12645	0.00016792
2.346	0.18065	0.00013967
2.346	0.23484	9.2833e-05
2.346	0.28903	0.00044946
2.346	0.34323	0.00024481
2.346	0.39742	0.00016669
2.346	0.45161	0.00036862
2.346	0.50581	0.00010906
2.346	0.56	3.1568e-05
2.346	0.61419	5.2463e-05
2.346	0.66839	7.5207e-05
2.346	0.72258	5.9273e-05
2.346	0.77677	0.00015069
2.346	0.83097	0.001432
2.346	0.88516	0.0031951
2.346	0.93935	0.0030962
2.346	0.99354	0.0013374
2.346	1.0477	0.00015338
2.346	1.1019	5.6261e-05
2.346	1.1561	0.00010576
2.346	1.2103	2.4398e-05
2.346	1.2645	8.2448e-06
2.346	1.3187	1.9814e-05
2.346	1.3729	6.2404e-06
2.346	1.4271	1.084e-06
2.346	1.4813	2.0026e-06
2.346	1.5355	4.079e-07
2.346	1.5897	2.5348e-07
2.346	1.6439	1.8094e-07
2.346	1.6981	1.6813e-08
2.346	1.7523	6.961e-08
2.346	1.8065	5.7257e-07
2.346	1.8606	4.3573e-07
2.346	1.9148	3.8776e-07
2.346	1.969	2.7333e-06
2.346	2.0232	2.0742e-06
2.346	2.0774	9.7703e-07
2.346	2.1316	1.1562e-05
2.346	2.1858	2.3723e-05
2.346	2.24	1.95e-05
2.346	2.2942	7.0343e-06
2.346	2.3484	8.284e-07
2.346	2.4026	2.1595e-08
2.346	2.4568	7.045e-08
2.3818	-2.4748	1.7463e-09
2.3818	-2.4206	2.3629e-09
2.3818	-2.3665	1.5628e-09
2.3818	-2.3123	4.6494e-09
2.3818	-2.2581	1.6666e-08
2.3818	-2.2039	1.0087e-07
2.3818	-2.1497	2.8263e-07
2.3818	-2.0955	1.8024e-07
2.3818	-2.0413	1.4689e-06
2.3818	-1.9871	6.035e-06
2.3818	-1.9329	2.9197e-06
2.3818	-1.8787	2.6166e-05
2.3818	-1.8245	0.00024524
2.3818	-1.7703	0.00071457
2.3818	-1.7161	0.0010023
2.3818	-1.6619	0.00068495
2.3818	-1.6077	0.00015373
2.3818	-1.5535	2.8159e-05
2.3818	-1.4994	0.00013905
2.3818	-1.4452	8.2053e-05
2.3818	-1.391	8.4218e-06
2.3818	-1.3368	7.3656e-05
2.3818	-1.2826	8.0283e-05
2.3818	-1.2284	1.1707e-05
2.3818	-1.1742	3.3774e-05
2.3818	-1.12	7.9698e-05
2.3818	-1.0658	4.1375e-05
2.3818	-1.0116	1.1984e-05
2.3818	-0.95742	3.9327e-05
2.3818	-0.90323	4.6494e-05
2.3818	-0.84903	3.3446e-05
2.3818	-0.79484	3.9471e-05
2.3818	-0.74065	0.00010619
2.3818	-0.68645	0.00024576
2.3818	-0.63226	0.00017177
2.3818	-0.57806	0.00032446
2.3818	-0.52387	0.003429
2.3818	-0.46968	0.011016
2.3818	-0.41548	0.017413
2.3818	-0.36129	0.014654
2.3818	-0.3071	0.0054038
2.3818	-0.2529	0.00037683
2.3818	-0.19871	0.0014154
2.3818	-0.14452	0.0015291
2.3818	-0.090324	0.00021611
2.3818	-0.036129	0.00085685
2.3818	0.018065	0.00095271
2.3818	0.072258	0.00014112
2.3818	0.12645	0.00054936
2.3818	0.18065	0.00035869
2.3818	0.23484	8.9685e-05
2.3818	0.28903	0.00047178
2.3818	0.34323	0.00021091
2.3818	0.39742	9.5384e-05
2.3818	0.45161	0.00030789
2.3818	0.50581	0.00013551
2.3818	0.56	2.136e-05
2.3818	0.61419	0.00011689
2.3818	0.66839	6.7363e-05
2.3818	0.72258	4.8724e-06
2.3818	0.77677	2.0184e-05
2.3818	0.83097	5.3254e-05
2.3818	0.88516	0.00020788
2.3818	0.93935	0.00032718
2.3818	0.99354	0.00019045
2.3818	1.0477	2.3692e-05
2.3818	1.1019	2.023e-05
2.3818	1.1561	3.5516e-05
2.3818	1.2103	7.8355e-06
2.3818	1.2645	4.7314e-06
2.3818	1.3187	1.046e-05
2.3818	1.3729	3.1242e-06
2.3818	1.4271	7.0939e-07
2.3818	1.4813	1.4147e-06
2.3818	1.5355	3.3757e-07
2.3818	1.5897	1.9529e-07
2.3818	1.6439	1.0232e-07
2.3818	1.6981	1.201e-08
2.3818	1.7523	1.3491e-07
2.3818	1.8065	8.7124e-07
2.3818	1.8606	5.3534e-07
2.3818	1.9148	9.0427e-07
2.3818	1.969	5.2786e-06
2.3818	2.0232	3.4963e-06
2.3818	2.0774	3.3706e-06
2.3818	2.1316	3.5207e-05
2.3818	2.1858	7.6396e-05
2.3818	2.24	7.0922e-05
2.3818	2.2942	2.9941e-05
2.3818	2.3484	3.9304e-06
2.3818	2.4026	3.2055e-07
2.3818	2.4568	7.7943e-07
2.4175	-2.4748	4.2264e-09
2.4175	-2.4206	4.3615e-09
2.4175	-2.3665	2.5228e-08
2.4175	-2.3123	7.0948e-08
2.4175	-2.2581	3.2871e-08
2.4175	-2.2039	4.249e-08
2.4175	-2.1497	5.5814e-08
2.4175	-2.0955	8.2514e-08
2.4175	-2.0413	9.6171e-07
2.4175	-1.9871	2.6792e-06
2.4175	-1.9329	9.3176e-07
2.4175	-1.8787	2.6724e-05
2.4175	-1.8245	0.00022069
2.4175	-1.7703	0.00064998
2.4175	-1.7161	0.00093744
2.4175	-1.6619	0.00064283
2.4175	-1.6077	0.00012836
2.4175	-1.5535	4.9443e-05
2.4175	-1.4994	0.00019017
2.4175	-1.4452	9.2516e-05
2.4175	-1.391	1.8578e-05
2.4175	-1.3368	0.00013321
2.4175	-1.2826	0.00010889
2.4175	-1.2284	1.2971e-05
2.4175	-1.1742	0.00010186
2.4175	-1.12	0.00015279
2.4175	-1.0658	4.4103e-05
2.4175	-1.0116	2.8016e-05
2.4175	-0.95742	9.6072e-05
2.4175	-0.90323	5.581e-05
2.4175	-0.84903	1.2673e-05
2.4175	-0.79484	8.3759e-05
2.4175	-0.74065	0.00011877
2.4175	-0.68645	8.8778e-05
2.4175	-0.63226	0.00011433
2.4175	-0.57806	0.00044141
2.4175	-0.52387	0.0026429
2.4175	-0.46968	0.0085225
2.4175	-0.41548	0.014541
2.4175	-0.36129	0.012952
2.4175	-0.3071	0.0047704
2.4175	-0.2529	0.00057066
2.4175	-0.19871	0.0017568
2.4175	-0.14452	0.0013436
2.4175	-0.090324	0.00029261
2.4175	-0.036129	0.00073125
2.4175	0.018065	0.00044771
2.4175	0.072258	0.00011883
2.4175	0.12645	0.00033382
2.4175	0.18065	0.00014999
2.4175	0.23484	3.1757e-05
2.4175	0.28903	0.00015607
2.4175	0.34323	5.8797e-05
2.4175	0.39742	5.0556e-05
2.4175	0.45161	0.00018853
2.4175	0.50581	9.0516e-05
2.4175	0.56	2.5814e-05
2.4175	0.61419	0.00016677
2.4175	0.66839	0.00012975
2.4175	0.72258	1.3771e-05
2.4175	0.77677	0.00015624
2.4175	0.83097	0.00029972
2.4175	0.88516	0.00019547
2.4175	0.93935	5.3199e-05
2.4175	0.99354	1.0052e-05
2.4175	1.0477	1.5353e-06
2.4175	1.1019	3.7548e-06
2.4175	1.1561	7.7104e-06
2.4175	1.2103	1.9035e-06
2.4175	1.2645	2.0294e-06
2.4175	1.3187	4.5072e-06
2.4175	1.3729	1.35e-06
2.4175	1.4271	4.0519e-07
2.4175	1.4813	9.0844e-07
2.4175	1.5355	2.6825e-07
2.4175	1.5897	1.1903e-07
2.4175	1.6439	4.5153e-08
2.4175	1.6981	9.4458e-09
2.4175	1.7523	2.0562e-07
2.4175	1.8065	1.0599e-06
2.4175	1.8606	5.1139e-07
2.4175	1.9148	1.6747e-06
2.4175	1.969	8.051e-06
2.4175	2.0232	4.415e-06
2.4175	2.0774	8.8063e-06
2.4175	2.1316	7.8114e-05
2.4175	2.1858	0.00016936
2.4175	2.24	0.00016315
2.4175	2.2942	7.1579e-05
2.4175	2.3484	9.024e-06
2.4175	2.4026	1.7183e-06
2.4175	2.4568	3.7582e-06
2.4532	-2.4748	4.9159e-09
2.4532	-2.4206	5.3567e-09
2.4532	-2.3665	9.8822e-08
2.4532	-2.3123	2.4783e-07
2.4532	-2.2581	6.9681e-08
2.4532	-2.2039	2.0818e-07
2.4532	-2.1497	5.5347e-07
2.4532	-2.0955	2.2655e-07
2.4532	-2.0413	6.0169e-07
2.4532	-1.9871	1.0369e-06
2.4532	-1.9329	5.4411e-07
2.4532	-1.8787	1.3674e-05
2.4532	-1.8245	0.00010503
2.4532	-1.7703	0.00034203
2.4532	-1.7161	0.0005528
2.4532	-1.6619	0.00040978
2.4532	-1.6077	7.7723e-05
2.4532	-1.5535	5.8393e-05
2.4532	-1.4994	0.00019374
2.4532	-1.4452	8.2785e-05
2.4532	-1.391	3.4697e-05
2.4532	-1.3368	0.00018902
2.4532	-1.2826	0.00012312
2.4532	-1.2284	3.1293e-05
2.4532	-1.1742	0.00022538
2.4532	-1.12	0.00024066
2.4532	-1.0658	6.8906e-05
2.4532	-1.0116	0.00018229
2.4532	-0.95742	0.00025598
2.4532	-0.90323	9.4849e-05
2.4532	-0.84903	0.00016549
2.4532	-0.79484	0.00029794
2.4532	-0.74065	0.00020126
2.4532	-0.68645	0.00025897
2.4532	-0.63226	0.00045405
2.4532	-0.57806	0.0006493
2.4532	-0.52387	0.0011175
2.4532	-0.46968	0.0017472
2.4532	-0.41548	0.0022469
2.4532	-0.36129	0.0018433
2.4532	-0.3071	0.00076385
2.4532	-0.2529	0.00031756
2.4532	-0.19871	0.00025875
2.4532	-0.14452	0.0001195
2.4532	-0.090324	0.00012856
2.4532	-0.036129	0.00013133
2.4532	0.018065	3.5072e-05
2.4532	0.072258	7.8904e-05
2.4532	0.12645	0.00013323
2.4532	0.18065	3.8806e-05
2.4532	0.23484	2.0695e-05
2.4532	0.28903	7.0026e-05
2.4532	0.34323	1.9935e-05
2.4532	0.39742	3.994e-05
2.4532	0.45161	0.00012429
2.4532	0.50581	5.1126e-05
2.4532	0.56	3.5097e-05
2.4532	0.61419	0.00019257
2.4532	0.66839	0.00014389
2.4532	0.72258	2.6555e-05
2.4532	0.77677	0.00038556
2.4532	0.83097	0.00089201
2.4532	0.88516	0.00083413
2.4532	0.93935	0.00037215
2.4532	0.99354	6.7107e-05
2.4532	1.0477	1.9133e-06
2.4532	1.1019	1.1962e-06
2.4532	1.1561	7.246e-07
2.4532	1.2103	2.3353e-07
2.4532	1.2645	3.7681e-07
2.4532	1.3187	1.1856e-06
2.4532	1.3729	4.4226e-07
2.4532	1.4271	1.6774e-07
2.4532	1.4813	5.0191e-07
2.4532	1.5355	1.9713e-07
2.4532	1.5897	5.3357e-08
2.4532	1.6439	1.4753e-08
2.4532	1.6981	9.4287e-09
2.4532	1.7523	2.4033e-07
2.4532	1.8065	1.0245e-06
2.4532	1.8606	3.909e-07
2.4532	1.9148	2.4841e-06
2.4532	1.969	1.0106e-05
2.4532	2.0232	4.4659e-06
2.4532	2.0774	1.8645e-05
2.4532	2.1316	0.00014305
2.4532	2.1858	0.00030712
2.4532	2.24	0.00030041
2.4532	2.2942	0.00013215
2.4532	2.3484	1.4954e-05
2.4532	2.4026	6.0372e-06
2.4532	2.4568	1.1122e-05
2.4889	-2.4748	3.2859e-09
2.4889	-2.4206	8.3514e-09
2.4889	-2.3665	1.9204e-07
2.4889	-2.3123	4.1092e-07
2.4889	-2.2581	8.7787e-08
2.4889	-2.2039	8.2242e-07
2.4889	-2.1497	1.8576e-06
2.4889	-2.0955	4.2146e-07
2.4889	-2.0413	2.6975e-06
2.4889	-1.9871	6.3047e-06
2.4889	-1.9329	1.8305e-06
2.4889	-1.8787	8.6953e-06
2.4889	-1.8245	3.5013e-05
2.4889	-1.7703	7.1813e-05
2.4889	-1.7161	0.00013021
2.4889	-1.6619	0.00013127
2.4889	-1.6077	3.1784e-05
2.4889	-1.5535	3.6338e-05
2.4889	-1.4994	0.000133
2.4889	-1.4452	6.0238e-05
2.4889	-1.391	4.2268e-05
2.4889	-1.3368	0.00020748
2.4889	-1.2826	0.00012229
2.4889	-1.2284	7.1522e-05
2.4889	-1.1742	0.00039881
2.4889	-1.12	0.00034328
2.4889	-1.0658	0.00021999
2.4889	-1.0116	0.00076744
2.4889	-0.95742	0.00067366
2.4889	-0.90323	0.00041873
2.4889	-0.84903	0.001308
2.4889	-0.79484	0.00095446
2.4889	-0.74065	0.00090949
2.4889	-0.68645	0.002423
2.4889	-0.63226	0.0012417
2.4889	-0.57806	0.0017819
2.4889	-0.52387	0.0079656
2.4889	-0.46968	0.011517
2.4889	-0.41548	0.0079491
2.4889	-0.36129	0.0027893
2.4889	-0.3071	0.00044999
2.4889	-0.2529	0.00010154
2.4889	-0.19871	7.6297e-05
2.4889	-0.14452	5.157e-05
2.4889	-0.090324	5.9311e-05
2.4889	-0.036129	2.7147e-05
2.4889	0.018065	1.5969e-05
2.4889	0.072258	6.1561e-05
2.4889	0.12645	5.6036e-05
2.4889	0.18065	7.8426e-06
2.4889	0.23484	2.6025e-05
2.4889	0.28903	4.8272e-05
2.4889	0.34323	1.2228e-05
2.4889	0.39742	3.5987e-05
2.4889	0.45161	8.324e-05
2.4889	0.50581	2.5028e-05
2.4889	0.56	4.7491e-05
2.4889	0.61419	0.00019657
2.4889	0.66839	0.00012406
2.4889	0.72258	5.1857e-05
2.4889	0.77677	0.00065059
2.4889	0.83097	0.0015152
2.4889	0.88516	0.0015473
2.4889	0.93935	0.00078657
2.4889	0.99354	0.00016449
2.4889	1.0477	5.1708e-06
2.4889	1.1019	1.0155e-05
2.4889	1.1561	4.9179e-06
2.4889	1.2103	2.0056e-07
2.4889	1.2645	3.0544e-07
2.4889	1.3187	1.5632e-07
2.4889	1.3729	9.3014e-08
2.4889	1.4271	4.8698e-08
2.4889	1.4813	2.247e-07
2.4889	1.5355	1.3406e-07
2.4889	1.5897	1.6949e-08
2.4889	1.6439	3.3331e-09
2.4889	1.6981	1.3602e-08
2.4889	1.7523	2.0094e-07
2.4889	1.8065	7.4407e-07
2.4889	1.8606	2.4702e-07
2.4889	1.9148	2.8875e-06
2.4889	1.969	1.0507e-05
2.4889	2.0232	3.7681e-06
2.4889	2.0774	3.3502e-05
2.4889	2.1316	0.00023215
2.4889	2.1858	0.00050072
2.4889	2.24	0.00049971
2.4889	2.2942	0.00021927
2.4889	2.3484	2.161e-05
2.4889	2.4026	1.809e-05
2.4889	2.4568	2.8299e-05
2.5247	-2.4748	4.6685e-09
2.5247	-2.4206	1.2517e-08
2.5247	-2.3665	2.2664e-07
2.5247	-2.3123	4.1438e-07
2.5247	-2.2581	1.1054e-07
2.5247	-2.2039	1.7628e-06
2.5247	-2.1497	3.2438e-06
2.5247	-2.0955	6.1609e-07
2.5247	-2.0413	9.5311e-06
2.5247	-1.9871	2.0047e-05
2.5247	-1.9329	4.3209e-06
2.5247	-1.8787	7.6574e-05
2.5247	-1.8245	0.00031965
2.5247	-1.7703	0.00044443
2.5247	-1.7161	0.00024858
2.5247	-1.6619	4.3654e-05
2.5247	-1.6077	1.2087e-05
2.5247	-1.5535	1.0647e-05
2.5247	-1.4994	3.829e-05
2.5247	-1.4452	4.0709e-05
2.5247	-1.391	2.4706e-05
2.5247	-1.3368	0.00015029
2.5247	-1.2826	0.00011794
2.5247	-1.2284	0.00010578
2.5247	-1.1742	0.00053183
2.5247	-1.12	0.00042851
2.5247	-1.0658	0.00060224
2.5247	-1.0116	0.0015922
2.5247	-0.95742	0.00088482
2.5247	-0.90323	0.0008108
2.5247	-0.84903	0.0017332
2.5247	-0.79484	0.00063433
2.5247	-0.74065	0.00096411
2.5247	-0.68645	0.0021256
2.5247	-0.63226	0.00062222
2.5247	-0.57806	0.002113
2.5247	-0.52387	0.010063
2.5247	-0.46968	0.015668
2.5247	-0.41548	0.012142
2.5247	-0.36129	0.0047514
2.5247	-0.3071	0.00065737
2.5247	-0.2529	9.8497e-05
2.5247	-0.19871	0.00024103
2.5247	-0.14452	0.00011445
2.5247	-0.090324	3.0959e-05
2.5247	-0.036129	4.3156e-05
2.5247	0.018065	4.8964e-05
2.5247	0.072258	4.3691e-05
2.5247	0.12645	2.2234e-05
2.5247	0.18065	9.8134e-06
2.5247	0.23484	3.607e-05
2.5247	0.28903	4.0854e-05
2.5247	0.34323	1.2721e-05
2.5247	0.39742	3.4335e-05
2.5247	0.45161	5.6857e-05
2.5247	0.50581	1.2548e-05
2.5247	0.56	6.018e-05
2.5247	0.61419	0.00018323
2.5247	0.66839	8.9706e-05
2.5247	0.72258	9.5623e-05
2.5247	0.77677	0.00091032
2.5247	0.83097	0.0020364
2.5247	0.88516	0.0021214
2.5247	0.93935	0.0011188
2.5247	0.99354	0.00023704
2.5247	1.0477	7.8084e-06
2.5247	1.1019	2.7493e-05
2.5247	1.1561	1.406e-05
2.5247	1.2103	6.6444e-07
2.5247	1.2645	2.2163e-06
2.5247	1.3187	9.6252e-07
2.5247	1.3729	5.3104e-08
2.5247	1.4271	1.3036e-07
2.5247	1.4813	9.0558e-08
2.5247	1.5355	9.4306e-08
2.5247	1.5897	1.4061e-08
2.5247	1.6439	1.1653e-09
2.5247	1.6981	2.7929e-08
2.5247	1.7523	1.1457e-07
2.5247	1.8065	3.2582e-07
2.5247	1.8606	1.432e-07
2.5247	1.9148	2.2926e-06
2.5247	1.969	8.4802e-06
2.5247	2.0232	2.7411e-06
2.5247	2.0774	5.1362e-05
2.5247	2.1316	0.0003447
2.5247	2.1858	0.00077256
2.5247	2.24	0.00080095
2.5247	2.2942	0.00035134
2.5247	2.3484	2.9746e-05
2.5247	2.4026	4.911e-05
2.5247	2.4568	6.5058e-05
2.5604	-2.4748	1.8025e-08
2.5604	-2.4206	1.1757e-08
2.5604	-2.3665	1.9507e-07
2.5604	-2.3123	2.8585e-07
2.5604	-2.2581	1.9345e-07
2.5604	-2.2039	2.6174e-06
2.5604	-2.1497	3.8018e-06
2.5604	-2.0955	1.1885e-06
2.5604	-2.0413	2.1581e-05
2.5604	-1.9871	3.8538e-05
2.5604	-1.9329	1.1601e-05
2.5604	-1.8787	0.00033903
2.5604	-1.8245	0.0014984
2.5604	-1.7703	0.0025519
2.5604	-1.7161	0.0019569
2.5604	-1.6619	0.00048997
2.5604	-1.6077	5.3451e-05
2.5604	-1.5535	0.00024341
2.5604	-1.4994	7.8361e-05
2.5604	-1.4452	6.3774e-05
2.5604	-1.391	0.00011908
2.5604	-1.3368	3.8608e-05
2.5604	-1.2826	0.00010211
2.5604	-1.2284	6.3751e-05
2.5604	-1.1742	0.00015565
2.5604	-1.12	0.00014811
2.5604	-1.0658	0.00026297
2.5604	-1.0116	0.00046029
2.5604	-0.95742	0.00019707
2.5604	-0.90323	0.0003176
2.5604	-0.84903	0.00051384
2.5604	-0.79484	0.0001436
2.5604	-0.74065	0.00052342
2.5604	-0.68645	0.0010113
2.5604	-0.63226	0.00022382
2.5604	-0.57806	0.0019767
2.5604	-0.52387	0.0089792
2.5604	-0.46968	0.014578
2.5604	-0.41548	0.011931
2.5604	-0.36129	0.0047889
2.5604	-0.3071	0.00057258
2.5604	-0.2529	0.00017179
2.5604	-0.19871	0.00040568
2.5604	-0.14452	0.0001467
2.5604	-0.090324	2.5802e-05
2.5604	-0.036129	0.00010106
2.5604	0.018065	8.3823e-05
2.5604	0.072258	2.4597e-05
2.5604	0.12645	2.0668e-05
2.5604	0.18065	3.5823e-05
2.5604	0.23484	4.269e-05
2.5604	0.28903	3.1648e-05
2.5604	0.34323	1.6622e-05
2.5604	0.39742	3.4746e-05
2.5604	0.45161	4.054e-05
2.5604	0.50581	1.1478e-05
2.5604	0.56	7.0944e-05
2.5604	0.61419	0.00015926
2.5604	0.66839	5.7466e-05
2.5604	0.72258	0.00015772
2.5604	0.77677	0.0011425
2.5604	0.83097	0.0024236
2.5604	0.88516	0.0025148
2.5604	0.93935	0.0013335
2.5604	0.99354	0.00027354
2.5604	1.0477	1.1157e-05
2.5604	1.1019	5.0885e-05
2.5604	1.1561	2.4682e-05
2.5604	1.2103	1.4262e-06
2.5604	1.2645	6.6422e-06
2.5604	1.3187	3.2121e-06
2.5604	1.3729	1.8539e-07
2.5604	1.4271	6.2135e-07
2.5604	1.4813	1.2775e-07
2.5604	1.5355	9.8428e-08
2.5604	1.5897	4.2374e-08
2.5604	1.6439	4.0472e-09
2.5604	1.6981	9.8584e-08
2.5604	1.7523	3.1668e-07
2.5604	1.8065	1.0669e-07
2.5604	1.8606	2.6739e-07
2.5604	1.9148	8.7564e-07
2.5604	1.969	3.3606e-06
2.5604	2.0232	1.3746e-06
2.5604	2.0774	4.6498e-05
2.5604	2.1316	0.00033138
2.5604	2.1858	0.00077153
2.5604	2.24	0.00079245
2.5604	2.2942	0.00032175
2.5604	2.3484	2.2196e-05
2.5604	2.4026	5.4753e-05
2.5604	2.4568	5.7201e-05
2.5961	-2.4748	4.6117e-08
2.5961	-2.4206	3.3669e-08
2.5961	-2.3665	3.9545e-07
2.5961	-2.3123	3.4181e-07
2.5961	-2.2581	4.7185e-07
2.5961	-2.2039	3.99e-06
2.5961	-2.1497	3.8542e-06
2.5961	-2.0955	3.4348e-06
2.5961	-2.0413	4.2131e-05
2.5961	-1.9871	5.9918e-05
2.5961	-1.9329	4.0599e-05
2.5961	-1.8787	0.0010891
2.5961	-1.8245	0.0049161
2.5961	-1.7703	0.0092479
2.5961	-1.7161	0.0079541
2.5961	-1.6619	0.002167
2.5961	-1.6077	0.00031002
2.5961	-1.5535	0.0014768
2.5961	-1.4994	0.00058399
2.5961	-1.4452	0.0001349
2.5961	-1.391	0.0004776
2.5961	-1.3368	0.00013869
2.5961	-1.2826	4.5519e-05
2.5961	-1.2284	0.00010666
2.5961	-1.1742	2.6193e-05
2.5961	-1.12	9.9849e-06
2.5961	-1.0658	1.99e-05
2.5961	-1.0116	2.5045e-05
2.5961	-0.95742	2.9156e-05
2.5961	-0.90323	8.1761e-05
2.5961	-0.84903	0.00010371
2.5961	-0.79484	3.8626e-05
2.5961	-0.74065	0.00025686
2.5961	-0.68645	0.00042124
2.5961	-0.63226	8.6891e-05
2.5961	-0.57806	0.0016403
2.5961	-0.52387	0.0070738
2.5961	-0.46968	0.011863
2.5961	-0.41548	0.010106
2.5961	-0.36129	0.0040763
2.5961	-0.3071	0.0004083
2.5961	-0.2529	0.00028259
2.5961	-0.19871	0.00054036
2.5961	-0.14452	0.00015093
2.5961	-0.090324	4.7173e-05
2.5961	-0.036129	0.00018923
2.5961	0.018065	0.00011161
2.5961	0.072258	1.2558e-05
2.5961	0.12645	6.2179e-05
2.5961	0.18065	8.4677e-05
2.5961	0.23484	3.8814e-05
2.5961	0.28903	2.022e-05
2.5961	0.34323	2.9131e-05
2.5961	0.39742	3.5408e-05
2.5961	0.45161	2.794e-05
2.5961	0.50581	2.0233e-05
2.5961	0.56	7.7503e-05
2.5961	0.61419	0.00012658
2.5961	0.66839	3.7753e-05
2.5961	0.72258	0.00023252
2.5961	0.77677	0.0013276
2.5961	0.83097	0.002685
2.5961	0.88516	0.002766
2.5961	0.93935	0.0014611
2.5961	0.99354	0.00028472
2.5961	1.0477	1.8907e-05
2.5961	1.1019	8.1773e-05
2.5961	1.1561	3.6158e-05
2.5961	1.2103	3.4953e-06
2.5961	1.2645	1.5342e-05
2.5961	1.3187	6.883e-06
2.5961	1.3729	7.717e-07
2.5961	1.4271	2.3108e-06
2.5961	1.4813	4.7306e-07
2.5961	1.5355	1.6958e-07
2.5961	1.5897	9.603e-08
2.5961	1.6439	1.1712e-08
2.5961	1.6981	3.9221e-07
2.5961	1.7523	1.7895e-06
2.5961	1.8065	7.8636e-07
2.5961	1.8606	1.3818e-06
2.5961	1.9148	4.4123e-06
2.5961	1.969	1.5733e-06
2.5961	2.0232	4.4933e-07
2.5961	2.0774	4.5733e-06
2.5961	2.1316	4.5964e-05
2.5961	2.1858	0.00013233
2.5961	2.24	0.00014694
2.5961	2.2942	5.847e-05
2.5961	2.3484	3.745e-06
2.5961	2.4026	1.4443e-05
2.5961	2.4568	1.3188e-05
2.6318	-2.4748	7.5827e-08
2.6318	-2.4206	2.6985e-07
2.6318	-2.3665	1.857e-06
2.6318	-2.3123	1.2009e-06
2.6318	-2.2581	2.1322e-06
2.6318	-2.2039	1.3038e-05
2.6318	-2.1497	7.7705e-06
2.6318	-2.0955	1.6992e-05
2.6318	-2.0413	0.00012427
2.6318	-1.9871	0.000116
2.6318	-1.9329	0.00017591
2.6318	-1.8787	0.0030072
2.6318	-1.8245	0.010823
2.6318	-1.7703	0.016518
2.6318	-1.7161	0.011159
2.6318	-1.6619	0.002254
2.6318	-1.6077	0.00031965
2.6318	-1.5535	0.0011522
2.6318	-1.4994	0.00039065
2.6318	-1.4452	8.4566e-05
2.6318	-1.391	0.00033573
2.6318	-1.3368	0.00012875
2.6318	-1.2826	3.0158e-05
2.6318	-1.2284	0.00013282
2.6318	-1.1742	6.3478e-05
2.6318	-1.12	5.2281e-06
2.6318	-1.0658	2.7525e-05
2.6318	-1.0116	1.4605e-05
2.6318	-0.95742	8.5222e-06
2.6318	-0.90323	1.5644e-05
2.6318	-0.84903	8.4966e-06
2.6318	-0.79484	1.6937e-05
2.6318	-0.74065	0.00010003
2.6318	-0.68645	0.00012839
2.6318	-0.63226	4.5966e-05
2.6318	-0.57806	0.0011553
2.6318	-0.52387	0.0048462
2.6318	-0.46968	0.0085408
2.6318	-0.41548	0.0076699
2.6318	-0.36129	0.0031283
2.6318	-0.3071	0.0002609
2.6318	-0.2529	0.00040571
2.6318	-0.19871	0.00064459
2.6318	-0.14452	0.00013969
2.6318	-0.090324	0.00010389
2.6318	-0.036129	0.00031217
2.6318	0.018065	0.00013213
2.6318	0.072258	2.6131e-05
2.6318	0.12645	0.00017516
2.6318	0.18065	0.00015953
2.6318	0.23484	2.5799e-05
2.6318	0.28903	3.2176e-05
2.6318	0.34323	6.8063e-05
2.6318	0.39742	3.1444e-05
2.6318	0.45161	1.8654e-05
2.6318	0.50581	4.6401e-05
2.6318	0.56	7.2524e-05
2.6318	0.61419	7.5844e-05
2.6318	0.66839	4.1253e-05
2.6318	0.72258	0.00028693
2.6318	0.77677	0.0012993
2.6318	0.83097	0.0025561
2.6318	0.88516	0.0026429
2.6318	0.93935	0.0013873
2.6318	0.99354	0.00025571
2.6318	1.0477	3.5194e-05
2.6318	1.1019	0.00010399
2.6318	1.1561	3.9512e-05
2.6318	1.2103	8.8445e-06
2.6318	1.2645	2.2165e-05
2.6318	1.3187	7.5788e-06
2.6318	1.3729	2.3351e-06
2.6318	1.4271	3.9473e-06
2.6318	1.4813	6.6278e-07
2.6318	1.5355	1.4461e-07
2.6318	1.5897	6.8248e-08
2.6318	1.6439	7.7303e-09
2.6318	1.6981	4.4669e-07
2.6318	1.7523	1.8511e-06
2.6318	1.8065	7.5652e-07
2.6318	1.8606	1.8312e-06
2.6318	1.9148	6.9962e-06
2.6318	1.969	3.544e-06
2.6318	2.0232	1.6555e-06
2.6318	2.0774	1.1836e-05
2.6318	2.1316	1.3626e-05
2.6318	2.1858	5.804e-06
2.6318	2.24	3.8966e-06
2.6318	2.2942	2.5995e-06
2.6318	2.3484	3.0925e-07
2.6318	2.4026	2.0901e-06
2.6318	2.4568	2.0567e-06
2.6676	-2.4748	8.4716e-08
2.6676	-2.4206	1.5219e-06
2.6676	-2.3665	7.829e-06
2.6676	-2.3123	4.0552e-06
2.6676	-2.2581	1.3724e-05
2.6676	-2.2039	6.7273e-05
2.6676	-2.1497	3.0479e-05
2.6676	-2.0955	8.7457e-05
2.6676	-2.0413	0.00039791
2.6676	-1.9871	0.00020514
2.6676	-1.9329	0.0003567
2.6676	-1.8787	0.0030297
2.6676	-1.8245	0.0065311
2.6676	-1.7703	0.0066821
2.6676	-1.7161	0.0033721
2.6676	-1.6619	0.00053846
2.6676	-1.6077	0.00011479
2.6676	-1.5535	0.00036736
2.6676	-1.4994	0.00012173
2.6676	-1.4452	4.3698e-05
2.6676	-1.391	0.00017252
2.6676	-1.3368	7.0045e-05
2.6676	-1.2826	2.4194e-05
2.6676	-1.2284	0.00011371
2.6676	-1.1742	5.7501e-05
2.6676	-1.12	1.0834e-05
2.6676	-1.0658	6.8707e-05
2.6676	-1.0116	4.6419e-05
2.6676	-0.95742	5.6359e-06
2.6676	-0.90323	2.2927e-05
2.6676	-0.84903	1.5124e-05
2.6676	-0.79484	1.1812e-05
2.6676	-0.74065	3.6553e-05
2.6676	-0.68645	2.4896e-05
2.6676	-0.63226	3.3647e-05
2.6676	-0.57806	0.00061144
2.6676	-0.52387	0.0025935
2.6676	-0.46968	0.0050516
2.6676	-0.41548	0.0050155
2.6676	-0.36129	0.0021535
2.6676	-0.3071	0.00015942
2.6676	-0.2529	0.00051045
2.6676	-0.19871	0.00072255
2.6676	-0.14452	0.00012608
2.6676	-0.090324	0.00020934
2.6676	-0.036129	0.00049192
2.6676	0.018065	0.00015254
2.6676	0.072258	0.0001053
2.6676	0.12645	0.00042911
2.6676	0.18065	0.00027811
2.6676	0.23484	4.0904e-05
2.6676	0.28903	0.00017069
2.6676	0.34323	0.00018017
2.6676	0.39742	2.8578e-05
2.6676	0.45161	6.5493e-05
2.6676	0.50581	0.00012095
2.6676	0.56	4.4628e-05
2.6676	0.61419	2.9259e-05
2.6676	0.66839	9.0974e-05
2.6676	0.72258	0.00016365
2.6676	0.77677	0.00042896
2.6676	0.83097	0.00083559
2.6676	0.88516	0.00087503
2.6676	0.93935	0.00044739
2.6676	0.99354	8.6304e-05
2.6676	1.0477	2.6104e-05
2.6676	1.1019	3.4203e-05
2.6676	1.1561	1.1486e-05
2.6676	1.2103	7.1511e-06
2.6676	1.2645	6.9631e-06
2.6676	1.3187	1.6371e-06
2.6676	1.3729	1.9802e-06
2.6676	1.4271	1.7187e-06
2.6676	1.4813	1.9511e-07
2.6676	1.5355	5.3516e-08
2.6676	1.5897	1.8158e-08
2.6676	1.6439	3.5872e-09
2.6676	1.6981	2.531e-07
2.6676	1.7523	8.7588e-07
2.6676	1.8065	2.769e-07
2.6676	1.8606	1.5834e-06
2.6676	1.9148	5.5787e-06
2.6676	1.969	2.7351e-06
2.6676	2.0232	3.1069e-06
2.6676	2.0774	2.5041e-05
2.6676	2.1316	4.4888e-05
2.6676	2.1858	3.4111e-05
2.6676	2.24	1.1439e-05
2.6676	2.2942	1.2414e-06
2.6676	2.3484	2.1146e-08
2.6676	2.4026	1.0733e-07
2.6676	2.4568	1.7159e-07
2.7033	-2.4748	1.2382e-07
2.7033	-2.4206	5.5237e-06
2.7033	-2.3665	2.0158e-05
2.7033	-2.3123	7.0166e-06
2.7033	-2.2581	3.4105e-05
2.7033	-2.2039	0.00010868
2.7033	-2.1497	3.244e-05
2.7033	-2.0955	9.7799e-05
2.7033	-2.0413	0.00031278
2.7033	-1.9871	0.0001097
2.7033	-1.9329	0.00031341
2.7033	-1.8787	0.0019907
2.7033	-1.8245	0.0036385
2.7033	-1.7703	0.0032049
2.7033	-1.7161	0.0013792
2.7033	-1.6619	0.00017703
2.7033	-1.6077	5.3927e-05
2.7033	-1.5535	0.00014206
2.7033	-1.4994	4.1518e-05
2.7033	-1.4452	2.3018e-05
2.7033	-1.391	8.3822e-05
2.7033	-1.3368	3.2629e-05
2.7033	-1.2826	1.7858e-05
2.7033	-1.2284	7.8992e-05
2.7033	-1.1742	3.6201e-05
2.7033	-1.12	1.8697e-05
2.7033	-1.0658	9.978e-05
2.7033	-1.0116	6.4295e-05
2.7033	-0.95742	8.9941e-06
2.7033	-0.90323	7.4e-05
2.7033	-0.84903	5.8298e-05
2.7033	-0.79484	1.4661e-05
2.7033	-0.74065	8.8693e-05
2.7033	-0.68645	7.355e-05
2.7033	-0.63226	3.0965e-05
2.7033	-0.57806	0.0002779
2.7033	-0.52387	0.00092371
2.7033	-0.46968	0.0019226
2.7033	-0.41548	0.0023333
2.7033	-0.36129	0.0012041
2.7033	-0.3071	9.7936e-05
2.7033	-0.2529	0.00051997
2.7033	-0.19871	0.00074981
2.7033	-0.14452	0.00012134
2.7033	-0.090324	0.00035458
2.7033	-0.036129	0.00072661
2.7033	0.018065	0.00017623
2.7033	0.072258	0.0002938
2.7033	0.12645	0.00082548
2.7033	0.18065	0.00039554
2.7033	0.23484	0.00020086
2.7033	0.28903	0.0005356
2.7033	0.34323	0.00030572
2.7033	0.39742	9.0128e-05
2.7033	0.45161	0.00023367
2.7033	0.50581	0.00015255
2.7033	0.56	7.1412e-05
2.7033	0.61419	0.00013764
2.7033	0.66839	9.0169e-05
2.7033	0.72258	0.00011648
2.7033	0.77677	0.00029143
2.7033	0.83097	0.00031264
2.7033	0.88516	0.00015495
2.7033	0.93935	3.723e-05
2.7033	0.99354	1.1264e-05
2.7033	1.0477	6.9717e-06
2.7033	1.1019	1.6373e-06
2.7033	1.1561	2.0784e-06
2.7033	1.2103	2.6493e-06
2.7033	1.2645	6.7976e-07
2.7033	1.3187	4.4306e-07
2.7033	1.3729	1.0811e-06
2.7033	1.4271	4.9482e-07
2.7033	1.4813	3.2203e-08
2.7033	1.5355	3.671e-08
2.7033	1.5897	7.2152e-09
2.7033	1.6439	5.3215e-09
2.7033	1.6981	1.554e-07
2.7033	1.7523	4.1473e-07
2.7033	1.8065	9.6593e-08
2.7033	1.8606	1.3888e-06
2.7033	1.9148	4.0853e-06
2.7033	1.969	1.6151e-06
2.7033	2.0232	4.6208e-06
2.7033	2.0774	3.3065e-05
2.7033	2.1316	6.4614e-05
2.7033	2.1858	5.8137e-05
2.7033	2.24	2.48e-05
2.7033	2.2942	3.5588e-06
2.7033	2.3484	1.6174e-07
2.7033	2.4026	4.4989e-07
2.7033	2.4568	9.8946e-08
2.739	-2.4748	2.8294e-07
2.739	-2.4206	3.9248e-06
2.739	-2.3665	9.2338e-06
2.739	-2.3123	2.0634e-06
2.739	-2.2581	1.665e-05
2.739	-2.2039	4.0222e-05
2.739	-2.1497	9.2194e-06
2.739	-2.0955	5.2962e-05
2.739	-2.0413	0.00015095
2.739	-1.9871	4.4248e-05
2.739	-1.9329	0.00028488
2.739	-1.8787	0.0016703
2.739	-1.8245	0.0031011
2.739	-1.7703	0.0027406
2.739	-1.7161	0.0011099
2.739	-1.6619	0.00011016
2.739	-1.6077	6.5778e-05
2.739	-1.5535	0.00011594
2.739	-1.4994	2.3493e-05
2.739	-1.4452	2.0549e-05
2.739	-1.391	5.47e-05
2.739	-1.3368	1.6917e-05
2.739	-1.2826	1.5114e-05
2.739	-1.2284	5.5926e-05
2.739	-1.1742	2.1207e-05
2.739	-1.12	2.7105e-05
2.739	-1.0658	0.00011925
2.739	-1.0116	6.8286e-05
2.739	-0.95742	2.6125e-05
2.739	-0.90323	0.00018116
2.739	-0.84903	0.00012824
2.739	-0.79484	4.7207e-05
2.739	-0.74065	0.00039948
2.739	-0.68645	0.00034583
2.739	-0.63226	0.00013435
2.739	-0.57806	0.0016813
2.739	-0.52387	0.0035966
2.739	-0.46968	0.0029439
2.739	-0.41548	0.0011649
2.739	-0.36129	0.0003766
2.739	-0.3071	6.7701e-05
2.739	-0.2529	0.00021679
2.739	-0.19871	0.00042575
2.739	-0.14452	9.2435e-05
2.739	-0.090324	0.00023143
2.739	-0.036129	0.00046796
2.739	0.018065	0.00010215
2.739	0.072258	0.00021367
2.739	0.12645	0.00045926
2.739	0.18065	0.00017537
2.739	0.23484	0.00020815
2.739	0.28903	0.00035228
2.739	0.34323	0.00013302
2.739	0.39742	0.00010958
2.739	0.45161	0.00017547
2.739	0.50581	5.9246e-05
2.739	0.56	0.00011448
2.739	0.61419	0.00016703
2.739	0.66839	4.2748e-05
2.739	0.72258	0.00030535
2.739	0.77677	0.00092085
2.739	0.83097	0.0010696
2.739	0.88516	0.00061494
2.739	0.93935	0.00016387
2.739	0.99354	1.3456e-05
2.739	1.0477	7.7093e-06
2.739	1.1019	7.1613e-06
2.739	1.1561	2.4691e-06
2.739	1.2103	1.1712e-06
2.739	1.2645	6.8124e-07
2.739	1.3187	6.6847e-07
2.739	1.3729	5.4582e-07
2.739	1.4271	1.2052e-07
2.739	1.4813	2.6796e-08
2.739	1.5355	3.8588e-08
2.739	1.5897	5.0089e-09
2.739	1.6439	8.8018e-09
2.739	1.6981	1.1059e-07
2.739	1.7523	2.1533e-07
2.739	1.8065	6.532e-08
2.739	1.8606	1.2689e-06
2.739	1.9148	3.0004e-06
2.739	1.969	8.6276e-07
2.739	2.0232	6.3825e-06
2.739	2.0774	3.9079e-05
2.739	2.1316	7.696e-05
2.739	2.1858	7.3042e-05
2.739	2.24	3.3321e-05
2.739	2.2942	4.8697e-06
2.739	2.3484	5.0362e-07
2.739	2.4026	1.4452e-06
2.739	2.4568	3.8688e-07
2.7748	-2.4748	2.05e-07
2.7748	-2.4206	5.3822e-07
2.7748	-2.3665	1.1468e-06
2.7748	-2.3123	3.2767e-07
2.7748	-2.2581	5.1319e-06
2.7748	-2.2039	1.121e-05
2.7748	-2.1497	2.3011e-06
2.7748	-2.0955	2.7611e-05
2.7748	-2.0413	7.2498e-05
2.7748	-1.9871	1.8301e-05
2.7748	-1.9329	0.00025659
2.7748	-1.8787	0.0014477
2.7748	-1.8245	0.0028171
2.7748	-1.7703	0.002615
2.7748	-1.7161	0.0010581
2.7748	-1.6619	8.3352e-05
2.7748	-1.6077	0.00013142
2.7748	-1.5535	0.00017483
2.7748	-1.4994	2.3946e-05
2.7748	-1.4452	5.3034e-05
2.7748	-1.391	8.9634e-05
2.7748	-1.3368	1.6068e-05
2.7748	-1.2826	4.1122e-05
2.7748	-1.2284	9.3096e-05
2.7748	-1.1742	2.7348e-05
2.7748	-1.12	3.8074e-05
2.7748	-1.0658	0.00014047
2.7748	-1.0116	6.189e-05
2.7748	-0.95742	8.1899e-05
2.7748	-0.90323	0.00037259
2.7748	-0.84903	0.0002043
2.7748	-0.79484	0.00016911
2.7748	-0.74065	0.0010745
2.7748	-0.68645	0.00074217
2.7748	-0.63226	0.00059024
2.7748	-0.57806	0.0063512
2.7748	-0.52387	0.013459
2.7748	-0.46968	0.011636
2.7748	-0.41548	0.0041753
2.7748	-0.36129	0.00035592
2.7748	-0.3071	0.00012077
2.7748	-0.2529	9.7604e-05
2.7748	-0.19871	3.2822e-05
2.7748	-0.14452	4.0896e-05
2.7748	-0.090324	1.9753e-05
2.7748	-0.036129	4.9574e-05
2.7748	0.018065	2.1724e-05
2.7748	0.072258	2.3117e-05
2.7748	0.12645	5.5792e-05
2.7748	0.18065	2.8807e-05
2.7748	0.23484	6.7669e-05
2.7748	0.28903	9.2054e-05
2.7748	0.34323	3.6142e-05
2.7748	0.39742	6.6447e-05
2.7748	0.45161	7.6265e-05
2.7748	0.50581	2.4287e-05
2.7748	0.56	0.00010497
2.7748	0.61419	0.00011854
2.7748	0.66839	2.9967e-05
2.7748	0.72258	0.00041946
2.7748	0.77677	0.0011973
2.7748	0.83097	0.0014072
2.7748	0.88516	0.00083092
2.7748	0.93935	0.00021895
2.7748	0.99354	1.2336e-05
2.7748	1.0477	1.4957e-05
2.7748	1.1019	1.4408e-05
2.7748	1.1561	2.6809e-06
2.7748	1.2103	1.2191e-06
2.7748	1.2645	1.8241e-06
2.7748	1.3187	8.6339e-07
2.7748	1.3729	2.3872e-07
2.7748	1.4271	7.8119e-08
2.7748	1.4813	7.5202e-08
2.7748	1.5355	4.1896e-08
2.7748	1.5897	4.6323e-09
2.7748	1.6439	1.4176e-08
2.7748	1.6981	8.7568e-08
2.7748	1.7523	1.2198e-07
2.7748	1.8065	1.0083e-07
2.7748	1.8606	1.2148e-06
2.7748	1.9148	2.2578e-06
2.7748	1.969	4.9996e-07
2.7748	2.0232	8.7375e-06
2.7748	2.0774	4.6069e-05
2.7748	2.1316	8.9256e-05
2.7748	2.1858	8.6211e-05
2.7748	2.24	4.0003e-05
2.7748	2.2942	5.4959e-06
2.7748	2.3484	1.1532e-06
2.7748	2.4026	2.9047e-06
2.7748	2.4568	7.6381e-07
2.8105	-2.4748	1.1127e-07
2.8105	-2.4206	5.0578e-08
2.8105	-2.3665	2.1134e-07
2.8105	-2.3123	1.35e-07
2.8105	-2.2581	1.1007e-06
2.8105	-2.2039	2.5032e-06
2.8105	-2.1497	6.0002e-07
2.8105	-2.0955	1.2606e-05
2.8105	-2.0413	3.2168e-05
2.8105	-1.9871	8.2145e-06
2.8105	-1.9329	0.00022077
2.8105	-1.8787	0.0012649
2.8105	-1.8245	0.0026637
2.8105	-1.7703	0.0026675
2.8105	-1.7161	0.0010976
2.8105	-1.6619	7.261e-05
2.8105	-1.6077	0.00029239
2.8105	-1.5535	0.00032501
2.8105	-1.4994	3.4224e-05
2.8105	-1.4452	0.00018266
2.8105	-1.391	0.00023341
2.8105	-1.3368	2.7432e-05
2.8105	-1.2826	0.00017811
2.8105	-1.2284	0.00027682
2.8105	-1.1742	5.6731e-05
2.8105	-1.12	6.5872e-05
2.8105	-1.0658	0.00015462
2.8105	-1.0116	3.3582e-05
2.8105	-0.95742	0.00011547
2.8105	-0.90323	0.00030153
2.8105	-0.84903	0.00010145
2.8105	-0.79484	0.00018779
2.8105	-0.74065	0.00075575
2.8105	-0.68645	0.0003718
2.8105	-0.63226	0.00060857
2.8105	-0.57806	0.0051204
2.8105	-0.52387	0.010491
2.8105	-0.46968	0.0095078
2.8105	-0.41548	0.003794
2.8105	-0.36129	0.00036286
2.8105	-0.3071	0.0001644
2.8105	-0.2529	0.00023381
2.8105	-0.19871	2.7155e-05
2.8105	-0.14452	4.1149e-05
2.8105	-0.090324	4.4277e-05
2.8105	-0.036129	4.4184e-06
2.8105	0.018065	1.4205e-05
2.8105	0.072258	9.7957e-06
2.8105	0.12645	2.0979e-06
2.8105	0.18065	4.2569e-06
2.8105	0.23484	1.0306e-05
2.8105	0.28903	1.5393e-05
2.8105	0.34323	1.3544e-05
2.8105	0.39742	2.9973e-05
2.8105	0.45161	2.6225e-05
2.8105	0.50581	1.5806e-05
2.8105	0.56	7.636e-05
2.8105	0.61419	6.7965e-05
2.8105	0.66839	3.2297e-05
2.8105	0.72258	0.00045384
2.8105	0.77677	0.0012287
2.8105	0.83097	0.0014478
2.8105	0.88516	0.00085846
2.8105	0.93935	0.00021584
2.8105	0.99354	9.3792e-06
2.8105	1.0477	2.4578e-05
2.8105	1.1019	1.9985e-05
2.8105	1.1561	2.3915e-06
2.8105	1.2103	2.3705e-06
2.8105	1.2645	3.3493e-06
2.8105	1.3187	9.2172e-07
2.8105	1.3729	1.581e-07
2.8105	1.4271	2.715e-07
2.8105	1.4813	1.5247e-07
2.8105	1.5355	4.2239e-08
2.8105	1.5897	5.0505e-09
2.8105	1.6439	2.355e-08
2.8105	1.6981	6.7642e-08
2.8105	1.7523	7.0682e-08
2.8105	1.8065	1.9388e-07
2.8105	1.8606	1.1998e-06
2.8105	1.9148	1.6924e-06
2.8105	1.969	5.1575e-07
2.8105	2.0232	1.2213e-05
2.8105	2.0774	5.6276e-05
2.8105	2.1316	0.00010673
2.8105	2.1858	0.00010369
2.8105	2.24	4.8e-05
2.8105	2.2942	5.9799e-06
2.8105	2.3484	2.4248e-06
2.8105	2.4026	5.1451e-06
2.8105	2.4568	1.2319e-06
2.8462	-2.4748	8.5779e-08
2.8462	-2.4206	3.9005e-07
2.8462	-2.3665	6.5881e-07
2.8462	-2.3123	1.247e-07
2.8462	-2.2581	6.4162e-07
2.8462	-2.2039	1.0627e-06
2.8462	-2.1497	3.2736e-07
2.8462	-2.0955	6.4498e-06
2.8462	-2.0413	1.4594e-05
2.8462	-1.9871	4.8581e-06
2.8462	-1.9329	0.00018431
2.8462	-1.8787	0.0010855
2.8462	-1.8245	0.0024327
2.8462	-1.7703	0.0025274
2.8462	-1.7161	0.00099667
2.8462	-1.6619	6.4364e-05
2.8462	-1.6077	0.00041369
2.8462	-1.5535	0.00037097
2.8462	-1.4994	3.5437e-05
2.8462	-1.4452	0.0002595
2.8462	-1.391	0.0002563
2.8462	-1.3368	2.771e-05
2.8462	-1.2826	0.00023395
2.8462	-1.2284	0.0002757
2.8462	-1.1742	3.6705e-05
2.8462	-1.12	0.00010018
2.8462	-1.0658	0.00015174
2.8462	-1.0116	2.0295e-05
2.8462	-0.95742	9.2195e-05
2.8462	-0.90323	0.00015333
2.8462	-0.84903	2.5969e-05
2.8462	-0.79484	0.00013918
2.8462	-0.74065	0.00034581
2.8462	-0.68645	0.00010916
2.8462	-0.63226	0.00044663
2.8462	-0.57806	0.0029495
2.8462	-0.52387	0.005896
2.8462	-0.46968	0.0055386
2.8462	-0.41548	0.002323
2.8462	-0.36129	0.00021787
2.8462	-0.3071	0.00017301
2.8462	-0.2529	0.00025932
2.8462	-0.19871	3.7356e-05
2.8462	-0.14452	5.4422e-05
2.8462	-0.090324	8.5857e-05
2.8462	-0.036129	1.2488e-05
2.8462	0.018065	2.3637e-05
2.8462	0.072258	3.9184e-05
2.8462	0.12645	8.3635e-06
2.8462	0.18065	2.505e-06
2.8462	0.23484	4.4554e-06
2.8462	0.28903	2.058e-06
2.8462	0.34323	6.3916e-06
2.8462	0.39742	8.4199e-06
2.8462	0.45161	5.0115e-06
2.8462	0.50581	1.2605e-05
2.8462	0.56	4.3873e-05
2.8462	0.61419	2.9247e-05
2.8462	0.66839	3.726e-05
2.8462	0.72258	0.0004202
2.8462	0.77677	0.0011021
2.8462	0.83097	0.0013192
2.8462	0.88516	0.00079126
2.8462	0.93935	0.00018945
2.8462	0.99354	8.0011e-06
2.8462	1.0477	3.588e-05
2.8462	1.1019	2.4716e-05
2.8462	1.1561	2.0474e-06
2.8462	1.2103	4.8083e-06
2.8462	1.2645	5.3854e-06
2.8462	1.3187	9.064e-07
2.8462	1.3729	4.3017e-07
2.8462	1.4271	7.7471e-07
2.8462	1.4813	2.5809e-07
2.8462	1.5355	3.7785e-08
2.8462	1.5897	7.6114e-09
2.8462	1.6439	4.1953e-08
2.8462	1.6981	3.9846e-08
2.8462	1.7523	6.8608e-08
2.8462	1.8065	3.9611e-07
2.8462	1.8606	1.0731e-06
2.8462	1.9148	1.0328e-06
2.8462	1.969	1.055e-06
2.8462	2.0232	1.5397e-05
2.8462	2.0774	6.1077e-05
2.8462	2.1316	0.00011122
2.8462	2.1858	0.00010584
2.8462	2.24	4.725e-05
2.8462	2.2942	5.2603e-06
2.8462	2.3484	3.4711e-06
2.8462	2.4026	5.9361e-06
2.8462	2.4568	1.2596e-06
2.8819	-2.4748	1.5469e-07
2.8819	-2.4206	1.2893e-06
2.8819	-2.3665	1.6081e-06
2.8819	-2.3123	3.8438e-07
2.8819	-2.2581	3.9978e-06
2.8819	-2.2039	3.8148e-06
2.8819	-2.1497	1.667e-06
2.8819	-2.0955	1.6151e-05
2.8819	-2.0413	1.6023e-05
2.8819	-1.9871	7.4584e-06
2.8819	-1.9329	0.0001475
2.8819	-1.8787	0.00058297
2.8819	-1.8245	0.0010706
2.8819	-1.7703	0.00099115
2.8819	-1.7161	0.00034948
2.8819	-1.6619	2.6756e-05
2.8819	-1.6077	0.00018597
2.8819	-1.5535	0.00014688
2.8819	-1.4994	1.7843e-05
2.8819	-1.4452	0.00013799
2.8819	-1.391	0.00012146
2.8819	-1.3368	1.9716e-05
2.8819	-1.2826	0.00015773
2.8819	-1.2284	0.00015723
2.8819	-1.1742	1.677e-05
2.8819	-1.12	0.00013111
2.8819	-1.0658	0.00016244
2.8819	-1.0116	1.9511e-05
2.8819	-0.95742	0.00011766
2.8819	-0.90323	0.00016531
2.8819	-0.84903	2.14e-05
2.8819	-0.79484	0.00018369
2.8819	-0.74065	0.00032562
2.8819	-0.68645	6.1822e-05
2.8819	-0.63226	0.00054314
2.8819	-0.57806	0.0025617
2.8819	-0.52387	0.0043738
2.8819	-0.46968	0.0037768
2.8819	-0.41548	0.0015012
2.8819	-0.36129	0.00012465
2.8819	-0.3071	0.00016322
2.8819	-0.2529	0.00022996
2.8819	-0.19871	3.215e-05
2.8819	-0.14452	6.6719e-05
2.8819	-0.090324	0.00010892
2.8819	-0.036129	1.7183e-05
2.8819	0.018065	3.8946e-05
2.8819	0.072258	7.2357e-05
2.8819	0.12645	1.6284e-05
2.8819	0.18065	1.3491e-05
2.8819	0.23484	3.276e-05
2.8819	0.28903	1.0551e-05
2.8819	0.34323	4.7449e-06
2.8819	0.39742	7.6259e-06
2.8819	0.45161	2.0844e-06
2.8819	0.50581	1.0836e-05
2.8819	0.56	2.0591e-05
2.8819	0.61419	7.3875e-06
2.8819	0.66839	3.7762e-05
2.8819	0.72258	0.00032603
2.8819	0.77677	0.00085705
2.8819	0.83097	0.0010811
2.8819	0.88516	0.00067829
2.8819	0.93935	0.00015865
2.8819	0.99354	9.2122e-06
2.8819	1.0477	4.9659e-05
2.8819	1.1019	3.0136e-05
2.8819	1.1561	2.0348e-06
2.8819	1.2103	9.2568e-06
2.8819	1.2645	8.3723e-06
2.8819	1.3187	8.8146e-07
2.8819	1.3729	1.3731e-06
2.8819	1.4271	1.7384e-06
2.8819	1.4813	3.6332e-07
2.8819	1.5355	2.7289e-08
2.8819	1.5897	1.6038e-08
2.8819	1.6439	7.0682e-08
2.8819	1.6981	3.8546e-08
2.8819	1.7523	2.2971e-07
2.8819	1.8065	5.94e-07
2.8819	1.8606	4.3467e-07
2.8819	1.9148	2.7127e-07
2.8819	1.969	1.4061e-06
2.8819	2.0232	7.6229e-06
2.8819	2.0774	2.3159e-05
2.8819	2.1316	3.8674e-05
2.8819	2.1858	3.5063e-05
2.8819	2.24	1.4958e-05
2.8819	2.2942	1.73e-06
2.8819	2.3484	1.3602e-06
2.8819	2.4026	1.8606e-06
2.8819	2.4568	4.4365e-07
2.9177	-2.4748	2.2643e-07
2.9177	-2.4206	1.628e-06
2.9177	-2.3665	1.5246e-06
2.9177	-2.3123	7.2925e-07
2.9177	-2.2581	6.2331e-06
2.9177	-2.2039	4.7042e-06
2.9177	-2.1497	3.4769e-06
2.9177	-2.0955	2.7073e-05
2.9177	-2.0413	2.118e-05
2.9177	-1.9871	1.8171e-05
2.9177	-1.9329	0.00023292
2.9177	-1.8787	0.00061968
2.9177	-1.8245	0.00076829
2.9177	-1.7703	0.00050816
2.9177	-1.7161	0.00014178
2.9177	-1.6619	9.8945e-06
2.9177	-1.6077	6.9802e-05
2.9177	-1.5535	5.7335e-05
2.9177	-1.4994	8.8941e-06
2.9177	-1.4452	6.52e-05
2.9177	-1.391	6.1221e-05
2.9177	-1.3368	1.6292e-05
2.9177	-1.2826	0.00010008
2.9177	-1.2284	8.8329e-05
2.9177	-1.1742	1.5691e-05
2.9177	-1.12	0.00015859
2.9177	-1.0658	0.00016869
2.9177	-1.0116	2.0125e-05
2.9177	-0.95742	0.00018504
2.9177	-0.90323	0.00023319
2.9177	-0.84903	3.1322e-05
2.9177	-0.79484	0.00034534
2.9177	-0.74065	0.00052881
2.9177	-0.68645	8.4364e-05
2.9177	-0.63226	0.0012363
2.9177	-0.57806	0.0046338
2.9177	-0.52387	0.0065783
2.9177	-0.46968	0.0047079
2.9177	-0.41548	0.0015369
2.9177	-0.36129	9.7186e-05
2.9177	-0.3071	0.00017652
2.9177	-0.2529	0.00021345
2.9177	-0.19871	2.5823e-05
2.9177	-0.14452	7.8206e-05
2.9177	-0.090324	0.0001209
2.9177	-0.036129	1.7905e-05
2.9177	0.018065	5.7723e-05
2.9177	0.072258	0.00010175
2.9177	0.12645	1.8654e-05
2.9177	0.18065	4.5607e-05
2.9177	0.23484	9.808e-05
2.9177	0.28903	2.8513e-05
2.9177	0.34323	1.4974e-05
2.9177	0.39742	4.6088e-05
2.9177	0.45161	1.5244e-05
2.9177	0.50581	1.7767e-05
2.9177	0.56	3.7672e-05
2.9177	0.61419	1.1162e-05
2.9177	0.66839	3.4794e-05
2.9177	0.72258	0.00020033
2.9177	0.77677	0.00049357
2.9177	0.83097	0.0006711
2.9177	0.88516	0.00046344
2.9177	0.93935	0.00011221
2.9177	0.99354	9.745e-06
2.9177	1.0477	5.2195e-05
2.9177	1.1019	2.9045e-05
2.9177	1.1561	1.9417e-06
2.9177	1.2103	1.144e-05
2.9177	1.2645	8.4491e-06
2.9177	1.3187	6.113e-07
2.9177	1.3729	1.949e-06
2.9177	1.4271	1.7485e-06
2.9177	1.4813	2.2136e-07
2.9177	1.5355	1.6414e-08
2.9177	1.5897	1.9771e-08
2.9177	1.6439	5.8002e-08
2.9177	1.6981	1.1271e-07
2.9177	1.7523	3.3865e-07
2.9177	1.8065	3.3687e-07
2.9177	1.8606	1.9914e-07
2.9177	1.9148	4.0176e-07
2.9177	1.969	6.7216e-07
2.9177	2.0232	1.0827e-06
2.9177	2.0774	1.633e-06
2.9177	2.1316	1.861e-06
2.9177	2.1858	1.6623e-06
2.9177	2.24	1.0488e-06
2.9177	2.2942	3.6425e-07
2.9177	2.3484	1.3379e-07
2.9177	2.4026	1.6697e-07
2.9177	2.4568	1.5621e-07
2.9534	-2.4748	1.338e-07
2.9534	-2.4206	7.9073e-07
2.9534	-2.3665	5.9493e-07
2.9534	-2.3123	7.4001e-07
2.9534	-2.2581	4.9107e-06
2.9534	-2.2039	3.1078e-06
2.9534	-2.1497	4.8275e-06
2.9534	-2.0955	3.1798e-05
2.9534	-2.0413	2.1974e-05
2.9534	-1.9871	3.9931e-05
2.9534	-1.9329	0.00044668
2.9534	-1.8787	0.0011792
2.9534	-1.8245	0.0014147
2.9534	-1.7703	0.00082814
2.9534	-1.7161	0.00017482
2.9534	-1.6619	1.474e-05
2.9534	-1.6077	7.7586e-05
2.9534	-1.5535	4.9883e-05
2.9534	-1.4994	4.7281e-06
2.9534	-1.4452	3.9096e-05
2.9534	-1.391	4.512e-05
2.9534	-1.3368	1.1371e-05
2.9534	-1.2826	5.1062e-05
2.9534	-1.2284	4.8481e-05
2.9534	-1.1742	2.3946e-05
2.9534	-1.12	0.00016413
2.9534	-1.0658	0.00015386
2.9534	-1.0116	2.5385e-05
2.9534	-0.95742	0.00028358
2.9534	-0.90323	0.00031921
2.9534	-0.84903	5.3374e-05
2.9534	-0.79484	0.00069258
2.9534	-0.74065	0.00095556
2.9534	-0.68645	0.00017639
2.9534	-0.63226	0.0035422
2.9534	-0.57806	0.012271
2.9534	-0.52387	0.016635
2.9534	-0.46968	0.010998
2.9534	-0.41548	0.0030409
2.9534	-0.36129	0.0001367
2.9534	-0.3071	0.00041062
2.9534	-0.2529	0.00034362
2.9534	-0.19871	2.9158e-05
2.9534	-0.14452	0.00012675
2.9534	-0.090324	0.00015569
2.9534	-0.036129	1.8849e-05
2.9534	0.018065	8.5641e-05
2.9534	0.072258	0.00013021
2.9534	0.12645	1.7955e-05
2.9534	0.18065	0.00010884
2.9534	0.23484	0.00019772
2.9534	0.28903	4.6397e-05
2.9534	0.34323	5.6865e-05
2.9534	0.39742	0.00014778
2.9534	0.45161	4.0004e-05
2.9534	0.50581	5.4444e-05
2.9534	0.56	0.00014621
2.9534	0.61419	4.6476e-05
2.9534	0.66839	6.458e-05
2.9534	0.72258	0.0002691
2.9534	0.77677	0.0003177
2.9534	0.83097	0.00021745
2.9534	0.88516	0.00011598
2.9534	0.93935	3.0154e-05
2.9534	0.99354	2.8668e-06
2.9534	1.0477	1.6318e-05
2.9534	1.1019	9.5123e-06
2.9534	1.1561	6.8321e-07
2.9534	1.2103	4.044e-06
2.9534	1.2645	2.6976e-06
2.9534	1.3187	1.7449e-07
2.9534	1.3729	7.6253e-07
2.9534	1.4271	5.2299e-07
2.9534	1.4813	4.3634e-08
2.9534	1.5355	1.1251e-08
2.9534	1.5897	1.3863e-08
2.9534	1.6439	3.2966e-08
2.9534	1.6981	1.474e-07
2.9534	1.7523	2.6117e-07
2.9534	1.8065	1.7813e-07
2.9534	1.8606	5.7108e-07
2.9534	1.9148	6.9332e-07
2.9534	1.969	5.2804e-07
2.9534	2.0232	4.1671e-06
2.9534	2.0774	1.0702e-05
2.9534	2.1316	1.1948e-05
2.9534	2.1858	6.5582e-06
2.9534	2.24	1.6044e-06
2.9534	2.2942	2.3166e-07
2.9534	2.3484	2.1641e-07
2.9534	2.4026	1.7036e-07
2.9534	2.4568	1.2735e-07
2.9891	-2.4748	4.525e-08
2.9891	-2.4206	2.4589e-07
2.9891	-2.3665	1.4912e-07
2.9891	-2.3123	6.1465e-07
2.9891	-2.2581	3.1715e-06
2.9891	-2.2039	1.6337e-06
2.9891	-2.1497	5.9415e-06
2.9891	-2.0955	3.2902e-05
2.9891	-2.0413	1.9194e-05
2.9891	-1.9871	7.6565e-05
2.9891	-1.9329	0.00076232
2.9891	-1.8787	0.0020559
2.9891	-1.8245	0.0025537
2.9891	-1.7703	0.0014888
2.9891	-1.7161	0.00026428
2.9891	-1.6619	6.2905e-05
2.9891	-1.6077	0.0002098
2.9891	-1.5535	8.7676e-05
2.9891	-1.4994	1.6833e-05
2.9891	-1.4452	8.7384e-05
2.9891	-1.391	6.9085e-05
2.9891	-1.3368	8.4722e-06
2.9891	-1.2826	3.9474e-05
2.9891	-1.2284	5.7752e-05
2.9891	-1.1742	3.2778e-05
2.9891	-1.12	0.00011976
2.9891	-1.0658	0.00010928
2.9891	-1.0116	3.7326e-05
2.9891	-0.95742	0.00038098
2.9891	-0.90323	0.00038981
2.9891	-0.84903	0.00010094
2.9891	-0.79484	0.0013058
2.9891	-0.74065	0.0016251
2.9891	-0.68645	0.00045855
2.9891	-0.63226	0.0097065
2.9891	-0.57806	0.032136
2.9891	-0.52387	0.043145
2.9891	-0.46968	0.027707
2.9891	-0.41548	0.0068226
2.9891	-0.36129	0.00029639
2.9891	-0.3071	0.0014033
2.9891	-0.2529	0.00082632
2.9891	-0.19871	5.7164e-05
2.9891	-0.14452	0.0003363
2.9891	-0.090324	0.00025263
2.9891	-0.036129	2.2127e-05
2.9891	0.018065	0.00013904
2.9891	0.072258	0.00014166
2.9891	0.12645	1.5106e-05
2.9891	0.18065	0.00010564
2.9891	0.23484	0.00015353
2.9891	0.28903	2.6692e-05
2.9891	0.34323	7.4195e-05
2.9891	0.39742	0.0001414
2.9891	0.45161	2.8093e-05
2.9891	0.50581	6.919e-05
2.9891	0.56	0.00016224
2.9891	0.61419	4.1222e-05
2.9891	0.66839	0.00011164
2.9891	0.72258	0.00047097
2.9891	0.77677	0.0005569
2.9891	0.83097	0.00028162
2.9891	0.88516	5.6144e-05
2.9891	0.93935	3.4668e-06
2.9891	0.99354	1.8336e-06
2.9891	1.0477	1.2642e-06
2.9891	1.1019	1.1627e-06
2.9891	1.1561	2.3193e-07
2.9891	1.2103	4.9183e-07
2.9891	1.2645	4.683e-07
2.9891	1.3187	4.3434e-08
2.9891	1.3729	1.4217e-07
2.9891	1.4271	9.1974e-08
2.9891	1.4813	1.0055e-08
2.9891	1.5355	6.1992e-09
2.9891	1.5897	9.8138e-09
2.9891	1.6439	2.862e-08
2.9891	1.6981	1.5781e-07
2.9891	1.7523	1.9474e-07
2.9891	1.8065	2.0742e-07
2.9891	1.8606	1.0155e-06
2.9891	1.9148	8.4045e-07
2.9891	1.969	1.1688e-06
2.9891	2.0232	1.1893e-05
2.9891	2.0774	3.04e-05
2.9891	2.1316	3.5108e-05
2.9891	2.1858	1.9977e-05
2.9891	2.24	4.4248e-06
2.9891	2.2942	3.193e-07
2.9891	2.3484	1.0494e-06
2.9891	2.4026	6.8563e-07
2.9891	2.4568	1.3947e-07
3.0248	-2.4748	5.6943e-08
3.0248	-2.4206	1.7743e-07
3.0248	-2.3665	4.1513e-08
3.0248	-2.3123	4.8528e-07
3.0248	-2.2581	1.5894e-06
3.0248	-2.2039	5.6465e-07
3.0248	-2.1497	6.0351e-06
3.0248	-2.0955	2.7631e-05
3.0248	-2.0413	1.3156e-05
3.0248	-1.9871	0.00012098
3.0248	-1.9329	0.0011087
3.0248	-1.8787	0.00309
3.0248	-1.8245	0.0040074
3.0248	-1.7703	0.002354
3.0248	-1.7161	0.0003532
3.0248	-1.6619	0.00022065
3.0248	-1.6077	0.00054604
3.0248	-1.5535	0.00016458
3.0248	-1.4994	0.00010272
3.0248	-1.4452	0.00033142
3.0248	-1.391	0.00015098
3.0248	-1.3368	5.9867e-05
3.0248	-1.2826	0.00023779
3.0248	-1.2284	0.00019912
3.0248	-1.1742	3.4503e-05
3.0248	-1.12	4.4655e-05
3.0248	-1.0658	6.0229e-05
3.0248	-1.0116	3.4558e-05
3.0248	-0.95742	0.00030159
3.0248	-0.90323	0.00029242
3.0248	-0.84903	0.00012314
3.0248	-0.79484	0.0014203
3.0248	-0.74065	0.0015594
3.0248	-0.68645	0.00070823
3.0248	-0.63226	0.013016
3.0248	-0.57806	0.039747
3.0248	-0.52387	0.050416
3.0248	-0.46968	0.030116
3.0248	-0.41548	0.0063817
3.0248	-0.36129	0.00038618
3.0248	-0.3071	0.0018327
3.0248	-0.2529	0.00083043
3.0248	-0.19871	7.6937e-05
3.0248	-0.14452	0.00043905
3.0248	-0.090324	0.00022981
3.0248	-0.036129	2.6708e-05
3.0248	0.018065	0.00017363
3.0248	0.072258	0.00012267
3.0248	0.12645	9.5202e-06
3.0248	0.18065	4.7494e-05
3.0248	0.23484	4.8748e-05
3.0248	0.28903	6.4416e-06
3.0248	0.34323	4.6188e-05
3.0248	0.39742	6.0859e-05
3.0248	0.45161	8.884e-06
3.0248	0.50581	5.3738e-05
3.0248	0.56	0.00010064
3.0248	0.61419	1.9471e-05
3.0248	0.66839	0.00013575
3.0248	0.72258	0.00054669
3.0248	0.77677	0.00071442
3.0248	0.83097	0.00042269
3.0248	0.88516	9.8938e-05
3.0248	0.93935	3.55e-06
3.0248	0.99354	6.7539e-06
3.0248	1.0477	3.2131e-06
3.0248	1.1019	2.3349e-07
3.0248	1.1561	7.1015e-07
3.0248	1.2103	2.1199e-07
3.0248	1.2645	7.3276e-08
3.0248	1.3187	6.8461e-08
3.0248	1.3729	1.2851e-08
3.0248	1.4271	7.5311e-09
3.0248	1.4813	3.5568e-09
3.0248	1.5355	2.3794e-09
3.0248	1.5897	6.4485e-09
3.0248	1.6439	3.2162e-08
3.0248	1.6981	1.4659e-07
3.0248	1.7523	1.3889e-07
3.0248	1.8065	3.4223e-07
3.0248	1.8606	1.482e-06
3.0248	1.9148	8.7908e-07
3.0248	1.969	2.9578e-06
3.0248	2.0232	2.6238e-05
3.0248	2.0774	6.4855e-05
3.0248	2.1316	7.4827e-05
3.0248	2.1858	4.2151e-05
3.0248	2.24	8.4116e-06
3.0248	2.2942	7.644e-07
3.0248	2.3484	3.2425e-06
3.0248	2.4026	1.7429e-06
3.0248	2.4568	1.7824e-07
3.0606	-2.4748	5.2075e-07
3.0606	-2.4206	1.2416e-06
3.0606	-2.3665	2.5401e-07
3.0606	-2.3123	1.8743e-06
3.0606	-2.2581	3.5777e-06
3.0606	-2.2039	6.3545e-07
3.0606	-2.1497	8.8283e-06
3.0606	-2.0955	2.3732e-05
3.0606	-2.0413	7.5402e-06
3.0606	-1.9871	0.00013915
3.0606	-1.9329	0.0011773
3.0606	-1.8787	0.0033802
3.0606	-1.8245	0.0045468
3.0606	-1.7703	0.0026523
3.0606	-1.7161	0.00032665
3.0606	-1.6619	0.00045235
3.0606	-1.6077	0.00087778
3.0606	-1.5535	0.0001933
3.0606	-1.4994	0.00027786
3.0606	-1.4452	0.00064846
3.0606	-1.391	0.00018841
3.0606	-1.3368	0.00021463
3.0606	-1.2826	0.00060814
3.0606	-1.2284	0.00031703
3.0606	-1.1742	6.1867e-05
3.0606	-1.12	0.00015353
3.0606	-1.0658	8.6867e-05
3.0606	-1.0116	1.1396e-05
3.0606	-0.95742	8.5856e-05
3.0606	-0.90323	6.5252e-05
3.0606	-0.84903	4.6452e-05
3.0606	-0.79484	0.00042096
3.0606	-0.74065	0.00040288
3.0606	-0.68645	0.00032167
3.0606	-0.63226	0.005086
3.0606	-0.57806	0.01514
3.0606	-0.52387	0.01923
3.0606	-0.46968	0.01136
3.0606	-0.41548	0.0021753
3.0606	-0.36129	0.00026856
3.0606	-0.3071	0.001058
3.0606	-0.2529	0.00040396
3.0606	-0.19871	7.5007e-05
3.0606	-0.14452	0.00035085
3.0606	-0.090324	0.00015093
3.0606	-0.036129	3.8109e-05
3.0606	0.018065	0.00019589
3.0606	0.072258	0.00011392
3.0606	0.12645	9.1502e-06
3.0606	0.18065	5.9063e-05
3.0606	0.23484	4.0185e-05
3.0606	0.28903	5.4361e-06
3.0606	0.34323	4.4174e-05
3.0606	0.39742	3.6173e-05
3.0606	0.45161	5.4245e-06
3.0606	0.50581	5.5422e-05
3.0606	0.56	7.2677e-05
3.0606	0.61419	1.1191e-05
3.0606	0.66839	0.00017035
3.0606	0.72258	0.00061691
3.0606	0.77677	0.00082739
3.0606	0.83097	0.00052285
3.0606	0.88516	0.00013081
3.0606	0.93935	4.8735e-06
3.0606	0.99354	1.5442e-05
3.0606	1.0477	8.8966e-06
3.0606	1.1019	4.9605e-07
3.0606	1.1561	2.2492e-06
3.0606	1.2103	1.2025e-06
3.0606	1.2645	7.0653e-08
3.0606	1.3187	3.0244e-07
3.0606	1.3729	1.4174e-07
3.0606	1.4271	7.7133e-09
3.0606	1.4813	1.2271e-09
3.0606	1.5355	4.6356e-10
3.0606	1.5897	4.2164e-09
3.0606	1.6439	3.3442e-08
3.0606	1.6981	8.8654e-08
3.0606	1.7523	8.5525e-08
3.0606	1.8065	5.4202e-07
3.0606	1.8606	1.7713e-06
3.0606	1.9148	7.4069e-07
3.0606	1.969	6.5981e-06
3.0606	2.0232	4.9749e-05
3.0606	2.0774	0.00011932
3.0606	2.1316	0.00013649
3.0606	2.1858	7.4769e-05
3.0606	2.24	1.3049e-05
3.0606	2.2942	2.1478e-06
3.0606	2.3484	7.6277e-06
3.0606	2.4026	3.2964e-06
3.0606	2.4568	3.0011e-07
3.0963	-2.4748	2.1584e-06
3.0963	-2.4206	4.2629e-06
3.0963	-2.3665	7.8534e-07
3.0963	-2.3123	9.0948e-06
3.0963	-2.2581	1.5859e-05
3.0963	-2.2039	2.8175e-06
3.0963	-2.1497	3.2615e-05
3.0963	-2.0955	5.7038e-05
3.0963	-2.0413	1.0227e-05
3.0963	-1.9871	0.00014948
3.0963	-1.9329	0.00074094
3.0963	-1.8787	0.0015817
3.0963	-1.8245	0.0018478
3.0963	-1.7703	0.00098105
3.0963	-1.7161	9.6337e-05
3.0963	-1.6619	0.00024754
3.0963	-1.6077	0.0003934
3.0963	-1.5535	6.4021e-05
3.0963	-1.4994	0.00018879
3.0963	-1.4452	0.00034361
3.0963	-1.391	6.7364e-05
3.0963	-1.3368	0.00018812
3.0963	-1.2826	0.00041338
3.0963	-1.2284	0.00015153
3.0963	-1.1742	9.4643e-05
3.0963	-1.12	0.00024179
3.0963	-1.0658	8.9117e-05
3.0963	-1.0116	3.2573e-05
3.0963	-0.95742	0.00012043
3.0963	-0.90323	3.6709e-05
3.0963	-0.84903	5.212e-05
3.0963	-0.79484	0.00018218
3.0963	-0.74065	8.5231e-05
3.0963	-0.68645	0.00015307
3.0963	-0.63226	0.0015639
3.0963	-0.57806	0.004355
3.0963	-0.52387	0.0057043
3.0963	-0.46968	0.0035209
3.0963	-0.41548	0.00064651
3.0963	-0.36129	0.00017305
3.0963	-0.3071	0.00056713
3.0963	-0.2529	0.00019603
3.0963	-0.19871	7.522e-05
3.0963	-0.14452	0.00028494
3.0963	-0.090324	0.00010874
3.0963	-0.036129	5.8056e-05
3.0963	0.018065	0.0002295
3.0963	0.072258	0.00011056
3.0963	0.12645	2.1402e-05
3.0963	0.18065	0.00012954
3.0963	0.23484	7.4887e-05
3.0963	0.28903	1.3001e-05
3.0963	0.34323	8.902e-05
3.0963	0.39742	5.5738e-05
3.0963	0.45161	1.3121e-05
3.0963	0.50581	0.00010744
3.0963	0.56	9.4955e-05
3.0963	0.61419	1.7523e-05
3.0963	0.66839	0.00030215
3.0963	0.72258	0.00087888
3.0963	0.77677	0.0010823
3.0963	0.83097	0.00066349
3.0963	0.88516	0.00016158
3.0963	0.93935	6.499e-06
3.0963	0.99354	2.868e-05
3.0963	1.0477	1.648e-05
3.0963	1.1019	1.0483e-06
3.0963	1.1561	5.5895e-06
3.0963	1.2103	3.3336e-06
3.0963	1.2645	2.0394e-07
3.0963	1.3187	9.9091e-07
3.0963	1.3729	5.5188e-07
3.0963	1.4271	3.0554e-08
3.0963	1.4813	1.1343e-08
3.0963	1.5355	1.8012e-09
3.0963	1.5897	6.6088e-09
3.0963	1.6439	3.8894e-08
3.0963	1.6981	3.8072e-08
3.0963	1.7523	6.5602e-08
3.0963	1.8065	5.7268e-07
3.0963	1.8606	1.1576e-06
3.0963	1.9148	3.3934e-07
3.0963	1.969	8.1818e-06
3.0963	2.0232	5.1854e-05
3.0963	2.0774	0.00011823
3.0963	2.1316	0.0001304
3.0963	2.1858	6.7256e-05
3.0963	2.24	9.9201e-06
3.0963	2.2942	2.8021e-06
3.0963	2.3484	7.66e-06
3.0963	2.4026	2.6239e-06
3.0963	2.4568	3.3684e-07
3.132	-2.4748	2.443e-06
3.132	-2.4206	3.8752e-06
3.132	-2.3665	7.6343e-07
3.132	-2.3123	1.1227e-05
3.132	-2.2581	1.6806e-05
3.132	-2.2039	3.2997e-06
3.132	-2.1497	4.5056e-05
3.132	-2.0955	7.0631e-05
3.132	-2.0413	1.3158e-05
3.132	-1.9871	0.00024807
3.132	-1.9329	0.00087351
3.132	-1.8787	0.0011751
3.132	-1.8245	0.00079258
3.132	-1.7703	0.00024928
3.132	-1.7161	1.5501e-05
3.132	-1.6619	4.93e-05
3.132	-1.6077	6.7659e-05
3.132	-1.5535	9e-06
3.132	-1.4994	5.6888e-05
3.132	-1.4452	9.0852e-05
3.132	-1.391	1.3582e-05
3.132	-1.3368	9.3672e-05
3.132	-1.2826	0.00017417
3.132	-1.2284	4.8323e-05
3.132	-1.1742	0.00010049
3.132	-1.12	0.00021619
3.132	-1.0658	6.1346e-05
3.132	-1.0116	6.9736e-05
3.132	-0.95742	0.00019712
3.132	-0.90323	4.8216e-05
3.132	-0.84903	0.00013641
3.132	-0.79484	0.00037504
3.132	-0.74065	0.00010695
3.132	-0.68645	0.0004157
3.132	-0.63226	0.0023256
3.132	-0.57806	0.0041896
3.132	-0.52387	0.0039714
3.132	-0.46968	0.002005
3.132	-0.41548	0.00032922
3.132	-0.36129	0.00010968
3.132	-0.3071	0.0003473
3.132	-0.2529	0.00012399
3.132	-0.19871	6.9998e-05
3.132	-0.14452	0.00024283
3.132	-0.090324	9.5107e-05
3.132	-0.036129	8.3359e-05
3.132	0.018065	0.00026506
3.132	0.072258	0.00010356
3.132	0.12645	6.3147e-05
3.132	0.18065	0.00027738
3.132	0.23484	0.00013862
3.132	0.28903	4.0462e-05
3.132	0.34323	0.00023833
3.132	0.39742	0.00013308
3.132	0.45161	4.8186e-05
3.132	0.50581	0.00032111
3.132	0.56	0.00022856
3.132	0.61419	7.1993e-05
3.132	0.66839	0.00092884
3.132	0.72258	0.0021116
3.132	0.77677	0.0021171
3.132	0.83097	0.0010783
3.132	0.88516	0.000219
3.132	0.93935	8.8583e-06
3.132	0.99354	4.1876e-05
3.132	1.0477	2.1543e-05
3.132	1.1019	1.4983e-06
3.132	1.1561	8.5037e-06
3.132	1.2103	4.7966e-06
3.132	1.2645	3.1287e-07
3.132	1.3187	1.5667e-06
3.132	1.3729	7.8404e-07
3.132	1.4271	3.459e-08
3.132	1.4813	3.019e-08
3.132	1.5355	7.6723e-09
3.132	1.5897	9.9894e-09
3.132	1.6439	9.4233e-08
3.132	1.6981	1.8885e-07
3.132	1.7523	7.8936e-08
3.132	1.8065	3.4701e-07
3.132	1.8606	4.0155e-07
3.132	1.9148	1.2447e-07
3.132	1.969	2.8454e-06
3.132	2.0232	1.4939e-05
3.132	2.0774	3.3728e-05
3.132	2.1316	3.8171e-05
3.132	2.1858	1.9845e-05
3.132	2.24	2.6446e-06
3.132	2.2942	1.3067e-06
3.132	2.3484	3.0127e-06
3.132	2.4026	8.8227e-07
3.132	2.4568	2.0318e-07
3.1677	-2.4748	8.2758e-07
3.1677	-2.4206	1.1412e-06
3.1677	-2.3665	3.847e-07
3.1677	-2.3123	5.6699e-06
3.1677	-2.2581	7.5966e-06
3.1677	-2.2039	2.2944e-06
3.1677	-2.1497	3.3231e-05
3.1677	-2.0955	4.8046e-05
3.1677	-2.0413	1.4143e-05
3.1677	-1.9871	0.00032301
3.1677	-1.9329	0.0011568
3.1677	-1.8787	0.001647
3.1677	-1.8245	0.0011135
3.1677	-1.7703	0.00029579
3.1677	-1.7161	1.3761e-05
3.1677	-1.6619	5.0879e-05
3.1677	-1.6077	3.5831e-05
3.1677	-1.5535	2.9384e-06
3.1677	-1.4994	1.7899e-05
3.1677	-1.4452	2.3696e-05
3.1677	-1.391	3.2539e-06
3.1677	-1.3368	3.3953e-05
3.1677	-1.2826	5.7285e-05
3.1677	-1.2284	1.3584e-05
3.1677	-1.1742	9.1554e-05
3.1677	-1.12	0.00016746
3.1677	-1.0658	3.7415e-05
3.1677	-1.0116	0.0001138
3.1677	-0.95742	0.00026411
3.1677	-0.90323	5.3416e-05
3.1677	-0.84903	0.00031261
3.1677	-0.79484	0.00077445
3.1677	-0.74065	0.00018673
3.1677	-0.68645	0.0015152
3.1677	-0.63226	0.0076946
3.1677	-0.57806	0.01304
3.1677	-0.52387	0.010833
3.1677	-0.46968	0.0043487
3.1677	-0.41548	0.00050737
3.1677	-0.36129	0.00017246
3.1677	-0.3071	0.00043729
3.1677	-0.2529	0.00014984
3.1677	-0.19871	5.192e-05
3.1677	-0.14452	0.00022503
3.1677	-0.090324	0.00011551
3.1677	-0.036129	8.1341e-05
3.1677	0.018065	0.00023556
3.1677	0.072258	8.436e-05
3.1677	0.12645	0.00013087
3.1677	0.18065	0.00041624
3.1677	0.23484	0.00017305
3.1677	0.28903	9.5301e-05
3.1677	0.34323	0.00044474
3.1677	0.39742	0.0002129
3.1677	0.45161	0.00011669
3.1677	0.50581	0.00063979
3.1677	0.56	0.00038277
3.1677	0.61419	0.00020114
3.1677	0.66839	0.0020132
3.1677	0.72258	0.0039455
3.1677	0.77677	0.0033886
3.1677	0.83097	0.0014159
3.1677	0.88516	0.00021738
3.1677	0.93935	9.3832e-06
3.1677	0.99354	3.6145e-05
3.1677	1.0477	1.3856e-05
3.1677	1.1019	9.7261e-07
3.1677	1.1561	5.0514e-06
3.1677	1.2103	2.4544e-06
3.1677	1.2645	1.6411e-07
3.1677	1.3187	8.0629e-07
3.1677	1.3729	3.3711e-07
3.1677	1.4271	1.5357e-08
3.1677	1.4813	2.1631e-08
3.1677	1.5355	8.6613e-09
3.1677	1.5897	7.1289e-09
3.1677	1.6439	1.3333e-07
3.1677	1.6981	2.7202e-07
3.1677	1.7523	5.9428e-08
3.1677	1.8065	4.2285e-07
3.1677	1.8606	6.6983e-07
3.1677	1.9148	1.4878e-07
3.1677	1.969	1.0034e-06
3.1677	2.0232	3.0811e-06
3.1677	2.0774	4.6962e-06
3.1677	2.1316	5.1453e-06
3.1677	2.1858	3.1261e-06
3.1677	2.24	4.8072e-07
3.1677	2.2942	3.5386e-07
3.1677	2.3484	8.695e-07
3.1677	2.4026	2.6053e-07
3.1677	2.4568	9.4513e-08
3.2035	-2.4748	1.2999e-07
3.2035	-2.4206	2.1723e-07
3.2035	-2.3665	1.5591e-07
3.2035	-2.3123	2.0167e-06
3.2035	-2.2581	2.696e-06
3.2035	-2.2039	1.5099e-06
3.2035	-2.1497	2.0644e-05
3.2035	-2.0955	2.8236e-05
3.2035	-2.0413	1.6694e-05
3.2035	-1.9871	0.00036306
3.2035	-1.9329	0.0013435
3.2035	-1.8787	0.0020621
3.2035	-1.8245	0.0014888
3.2035	-1.7703	0.00038565
3.2035	-1.7161	2.9043e-05
3.2035	-1.6619	0.00014876
3.2035	-1.6077	8.2847e-05
3.2035	-1.5535	8.5114e-06
3.2035	-1.4994	5.1268e-05
3.2035	-1.4452	3.6965e-05
3.2035	-1.391	3.5959e-06
3.2035	-1.3368	1.8348e-05
3.2035	-1.2826	1.9328e-05
3.2035	-1.2284	4.5505e-06
3.2035	-1.1742	6.2644e-05
3.2035	-1.12	0.00010037
3.2035	-1.0658	1.9573e-05
3.2035	-1.0116	0.00014642
3.2035	-0.95742	0.0002829
3.2035	-0.90323	4.9877e-05
3.2035	-0.84903	0.00055256
3.2035	-0.79484	0.0012014
3.2035	-0.74065	0.00025125
3.2035	-0.68645	0.0037793
3.2035	-0.63226	0.017781
3.2035	-0.57806	0.029799
3.2035	-0.52387	0.024183
3.2035	-0.46968	0.00885
3.2035	-0.41548	0.00073828
3.2035	-0.36129	0.00059399
3.2035	-0.3071	0.00088513
3.2035	-0.2529	0.00019308
3.2035	-0.19871	8.0561e-05
3.2035	-0.14452	0.00025165
3.2035	-0.090324	0.00011889
3.2035	-0.036129	2.2481e-05
3.2035	0.018065	0.00010391
3.2035	0.072258	6.212e-05
3.2035	0.12645	8.6602e-05
3.2035	0.18065	0.0002067
3.2035	0.23484	7.2067e-05
3.2035	0.28903	7.8202e-05
3.2035	0.34323	0.00028745
3.2035	0.39742	0.00011588
3.2035	0.45161	0.00010167
3.2035	0.50581	0.00046291
3.2035	0.56	0.00023416
3.2035	0.61419	0.0002201
3.2035	0.66839	0.0018193
3.2035	0.72258	0.0033685
3.2035	0.77677	0.0027727
3.2035	0.83097	0.0010747
3.2035	0.88516	0.00013435
3.2035	0.93935	1.1836e-05
3.2035	0.99354	3.0521e-05
3.2035	1.0477	7.8686e-06
3.2035	1.1019	9.3204e-07
3.2035	1.1561	3.0905e-06
3.2035	1.2103	1.0366e-06
3.2035	1.2645	9.7357e-08
3.2035	1.3187	3.6711e-07
3.2035	1.3729	1.1803e-07
3.2035	1.4271	8.3061e-09
3.2035	1.4813	1.0195e-08
3.2035	1.5355	6.8851e-09
3.2035	1.5897	6.0007e-09
3.2035	1.6439	1.3845e-07
3.2035	1.6981	2.451e-07
3.2035	1.7523	4.7261e-08
3.2035	1.8065	6.5656e-07
3.2035	1.8606	1.034e-06
3.2035	1.9148	1.8949e-07
3.2035	1.969	2.751e-06
3.2035	2.0232	8.294e-06
3.2035	2.0774	8.6278e-06
3.2035	2.1316	3.8557e-06
3.2035	2.1858	7.2532e-07
3.2035	2.24	1.1059e-07
3.2035	2.2942	6.7632e-08
3.2035	2.3484	1.7017e-07
3.2035	2.4026	8.9719e-08
3.2035	2.4568	2.7244e-08
3.2392	-2.4748	1.5055e-07
3.2392	-2.4206	1.8316e-07
3.2392	-2.3665	4.3334e-08
3.2392	-2.3123	4.5294e-07
3.2392	-2.2581	8.1297e-07
3.2392	-2.2039	5.5415e-07
3.2392	-2.1497	8.8919e-06
3.2392	-2.0955	1.3444e-05
3.2392	-2.0413	1.5496e-05
3.2392	-1.9871	0.00032523
3.2392	-1.9329	0.0012861
3.2392	-1.8787	0.002123
3.2392	-1.8245	0.0015976
3.2392	-1.7703	0.00038287
3.2392	-1.7161	6.674e-05
3.2392	-1.6619	0.00029517
3.2392	-1.6077	0.00013613
3.2392	-1.5535	3.0042e-05
3.2392	-1.4994	0.00016085
3.2392	-1.4452	8.8444e-05
3.2392	-1.391	1.6909e-05
3.2392	-1.3368	9.5898e-05
3.2392	-1.2826	6.6265e-05
3.2392	-1.2284	5.2483e-06
3.2392	-1.1742	3.0798e-05
3.2392	-1.12	3.1106e-05
3.2392	-1.0658	7.091e-06
3.2392	-1.0116	8.4024e-05
3.2392	-0.95742	0.00012497
3.2392	-0.90323	2.4436e-05
3.2392	-0.84903	0.00038944
3.2392	-0.79484	0.00072683
3.2392	-0.74065	0.00015171
3.2392	-0.68645	0.0034213
3.2392	-0.63226	0.01488
3.2392	-0.57806	0.024398
3.2392	-0.52387	0.019322
3.2392	-0.46968	0.006543
3.2392	-0.41548	0.00040446
3.2392	-0.36129	0.00078573
3.2392	-0.3071	0.00084056
3.2392	-0.2529	0.00011511
3.2392	-0.19871	0.00016411
3.2392	-0.14452	0.00025896
3.2392	-0.090324	6.8539e-05
3.2392	-0.036129	3.4111e-05
3.2392	0.018065	9.6026e-05
3.2392	0.072258	5.6989e-05
3.2392	0.12645	1.4719e-05
3.2392	0.18065	3.1494e-05
3.2392	0.23484	1.3045e-05
3.2392	0.28903	2.7991e-05
3.2392	0.34323	9.0701e-05
3.2392	0.39742	3.2985e-05
3.2392	0.45161	5.2524e-05
3.2392	0.50581	0.00021319
3.2392	0.56	9.4438e-05
3.2392	0.61419	0.00017605
3.2392	0.66839	0.0012878
3.2392	0.72258	0.0023965
3.2392	0.77677	0.0020111
3.2392	0.83097	0.00077065
3.2392	0.88516	8.1518e-05
3.2392	0.93935	1.8738e-05
3.2392	0.99354	3.4121e-05
3.2392	1.0477	6.414e-06
3.2392	1.1019	2.0054e-06
3.2392	1.1561	4.1177e-06
3.2392	1.2103	8.5397e-07
3.2392	1.2645	2.5565e-07
3.2392	1.3187	5.3009e-07
3.2392	1.3729	1.2822e-07
3.2392	1.4271	5.4283e-09
3.2392	1.4813	4.6751e-09
3.2392	1.5355	6.0495e-09
3.2392	1.5897	8.8987e-09
3.2392	1.6439	1.4857e-07
3.2392	1.6981	2.0664e-07
3.2392	1.7523	7.0388e-08
3.2392	1.8065	1.0049e-06
3.2392	1.8606	1.3627e-06
3.2392	1.9148	3.5702e-07
3.2392	1.969	7.4298e-06
3.2392	2.0232	2.3336e-05
3.2392	2.0774	2.7881e-05
3.2392	2.1316	1.468e-05
3.2392	2.1858	2.4947e-06
3.2392	2.24	1.7797e-07
3.2392	2.2942	4.7115e-07
3.2392	2.3484	1.0319e-07
3.2392	2.4026	6.0806e-08
3.2392	2.4568	5.7244e-08
3.2749	-2.4748	8.5418e-07
3.2749	-2.4206	5.5792e-07
3.2749	-2.3665	4.5133e-07
3.2749	-2.3123	1.9706e-06
3.2749	-2.2581	1.0278e-06
3.2749	-2.2039	8.2095e-07
3.2749	-2.1497	3.7798e-06
3.2749	-2.0955	4.0487e-06
3.2749	-2.0413	3.8252e-06
3.2749	-1.9871	0.00010031
3.2749	-1.9329	0.00047267
3.2749	-1.8787	0.00087823
3.2749	-1.8245	0.00069355
3.2749	-1.7703	0.00014613
3.2749	-1.7161	6.7747e-05
3.2749	-1.6619	0.00022487
3.2749	-1.6077	8.1467e-05
3.2749	-1.5535	4.3551e-05
3.2749	-1.4994	0.00017515
3.2749	-1.4452	7.4287e-05
3.2749	-1.391	3.5734e-05
3.2749	-1.3368	0.00016789
3.2749	-1.2826	9.814e-05
3.2749	-1.2284	1.1792e-05
3.2749	-1.1742	7.4357e-05
3.2749	-1.12	4.7134e-05
3.2749	-1.0658	7.2712e-06
3.2749	-1.0116	5.209e-05
3.2749	-0.95742	3.6216e-05
3.2749	-0.90323	1.1038e-05
3.2749	-0.84903	0.00013193
3.2749	-0.79484	0.00018999
3.2749	-0.74065	5.3227e-05
3.2749	-0.68645	0.0014694
3.2749	-0.63226	0.0063078
3.2749	-0.57806	0.01076
3.2749	-0.52387	0.0087999
3.2749	-0.46968	0.0028812
3.2749	-0.41548	0.00015337
3.2749	-0.36129	0.00066262
3.2749	-0.3071	0.00057026
3.2749	-0.2529	5.7457e-05
3.2749	-0.19871	0.00022822
3.2749	-0.14452	0.00025196
3.2749	-0.090324	3.911e-05
3.2749	-0.036129	0.00010482
3.2749	0.018065	0.00016296
3.2749	0.072258	5.6784e-05
3.2749	0.12645	1.1763e-05
3.2749	0.18065	2.2883e-05
3.2749	0.23484	8.5182e-06
3.2749	0.28903	5.8385e-06
3.2749	0.34323	2.2667e-05
3.2749	0.39742	8.1825e-06
3.2749	0.45161	2.3009e-05
3.2749	0.50581	9.0425e-05
3.2749	0.56	3.6465e-05
3.2749	0.61419	0.00013408
3.2749	0.66839	0.00092887
3.2749	0.72258	0.0017953
3.2749	0.77677	0.0015697
3.2749	0.83097	0.00060277
3.2749	0.88516	5.3146e-05
3.2749	0.93935	3.0703e-05
3.2749	0.99354	4.3024e-05
3.2749	1.0477	6.1644e-06
3.2749	1.1019	4.7214e-06
3.2749	1.1561	7.137e-06
3.2749	1.2103	1.0229e-06
3.2749	1.2645	8.6401e-07
3.2749	1.3187	1.2606e-06
3.2749	1.3729	2.3815e-07
3.2749	1.4271	5.9996e-09
3.2749	1.4813	3.6113e-09
3.2749	1.5355	7.4943e-09
3.2749	1.5897	2.5955e-08
3.2749	1.6439	2.1875e-07
3.2749	1.6981	1.7811e-07
3.2749	1.7523	1.7544e-07
3.2749	1.8065	1.4608e-06
3.2749	1.8606	1.4549e-06
3.2749	1.9148	7.6073e-07
3.2749	1.969	1.31e-05
3.2749	2.0232	3.8541e-05
3.2749	2.0774	4.6488e-05
3.2749	2.1316	2.5373e-05
3.2749	2.1858	4.4089e-06
3.2749	2.24	4.068e-07
3.2749	2.2942	1.3472e-06
3.2749	2.3484	3.6827e-07
3.2749	2.4026	8.5151e-08
3.2749	2.4568	2.233e-07
3.3106	-2.4748	1.2939e-06
3.3106	-2.4206	6.0396e-07
3.3106	-2.3665	1.357e-06
3.3106	-2.3123	4.9446e-06
3.3106	-2.2581	1.7567e-06
3.3106	-2.2039	4.9146e-06
3.3106	-2.1497	1.6606e-05
3.3106	-2.0955	6.2408e-06
3.3106	-2.0413	1.7479e-05
3.3106	-1.9871	9.8242e-05
3.3106	-1.9329	0.00017196
3.3106	-1.8787	0.00017553
3.3106	-1.8245	0.00010702
3.3106	-1.7703	1.6817e-05
3.3106	-1.7161	3.0723e-05
3.3106	-1.6619	7.7269e-05
3.3106	-1.6077	2.1328e-05
3.3106	-1.5535	3.6404e-05
3.3106	-1.4994	0.000109
3.3106	-1.4452	3.475e-05
3.3106	-1.391	4.8865e-05
3.3106	-1.3368	0.00017597
3.3106	-1.2826	8.3553e-05
3.3106	-1.2284	2.9373e-05
3.3106	-1.1742	0.00016025
3.3106	-1.12	9.3045e-05
3.3106	-1.0658	2.0403e-05
3.3106	-1.0116	0.00013629
3.3106	-0.95742	8.0413e-05
3.3106	-0.90323	2.7865e-05
3.3106	-0.84903	0.00018693
3.3106	-0.79484	0.00014199
3.3106	-0.74065	4.1325e-05
3.3106	-0.68645	0.00074145
3.3106	-0.63226	0.0026062
3.3106	-0.57806	0.004321
3.3106	-0.52387	0.0036361
3.3106	-0.46968	0.0011659
3.3106	-0.41548	7.7422e-05
3.3106	-0.36129	0.00051272
3.3106	-0.3071	0.00037563
3.3106	-0.2529	4.0849e-05
3.3106	-0.19871	0.0002856
3.3106	-0.14452	0.00024822
3.3106	-0.090324	3.2487e-05
3.3106	-0.036129	0.00021659
3.3106	0.018065	0.00025284
3.3106	0.072258	5.9405e-05
3.3106	0.12645	7.8871e-05
3.3106	0.18065	0.0001028
3.3106	0.23484	1.7804e-05
3.3106	0.28903	2.1647e-05
3.3106	0.34323	3.4627e-05
3.3106	0.39742	5.1005e-06
3.3106	0.45161	2.7867e-05
3.3106	0.50581	5.5616e-05
3.3106	0.56	1.4682e-05
3.3106	0.61419	0.00010693
3.3106	0.66839	0.00063571
3.3106	0.72258	0.001234
3.3106	0.77677	0.0011087
3.3106	0.83097	0.00042358
3.3106	0.88516	3.1505e-05
3.3106	0.93935	3.8119e-05
3.3106	0.99354	4.392e-05
3.3106	1.0477	5.0664e-06
3.3106	1.1019	7.4811e-06
3.3106	1.1561	8.9871e-06
3.3106	1.2103	9.9248e-07
3.3106	1.2645	1.6536e-06
3.3106	1.3187	1.8322e-06
3.3106	1.3729	2.4681e-07
3.3106	1.4271	2.1764e-08
3.3106	1.4813	6.2457e-09
3.3106	1.5355	1.033e-08
3.3106	1.5897	6.4707e-08
3.3106	1.6439	3.4747e-07
3.3106	1.6981	1.5849e-07
3.3106	1.7523	3.4389e-07
3.3106	1.8065	1.6298e-06
3.3106	1.8606	9.9421e-07
3.3106	1.9148	1.1095e-06
3.3106	1.969	1.229e-05
3.3106	2.0232	3.0801e-05
3.3106	2.0774	3.4663e-05
3.3106	2.1316	1.829e-05
3.3106	2.1858	3.0004e-06
3.3106	2.24	4.3012e-07
3.3106	2.2942	1.3329e-06
3.3106	2.3484	3.8211e-07
3.3106	2.4026	9.4291e-08
3.3106	2.4568	2.9267e-07
3.3464	-2.4748	1.1203e-06
3.3464	-2.4206	3.921e-07
3.3464	-2.3665	2.2456e-06
3.3464	-2.3123	6.8451e-06
3.3464	-2.2581	1.9011e-06
3.3464	-2.2039	1.2712e-05
3.3464	-2.1497	3.9315e-05
3.3464	-2.0955	1.1887e-05
3.3464	-2.0413	9.6696e-05
3.3464	-1.9871	0.00056189
3.3464	-1.9329	0.001034
3.3464	-1.8787	0.00089067
3.3464	-1.8245	0.00035216
3.3464	-1.7703	3.8633e-05
3.3464	-1.7161	1.6609e-05
3.3464	-1.6619	3.5092e-05
3.3464	-1.6077	1.0679e-05
3.3464	-1.5535	2.1918e-05
3.3464	-1.4994	5.272e-05
3.3464	-1.4452	1.408e-05
3.3464	-1.391	5.7179e-05
3.3464	-1.3368	0.00015931
3.3464	-1.2826	5.8155e-05
3.3464	-1.2284	6.4963e-05
3.3464	-1.1742	0.00027153
3.3464	-1.12	0.00013764
3.3464	-1.0658	5.8578e-05
3.3464	-1.0116	0.00033921
3.3464	-0.95742	0.00018728
3.3464	-0.90323	0.00010759
3.3464	-0.84903	0.00064514
3.3464	-0.79484	0.00042401
3.3464	-0.74065	0.00022256
3.3464	-0.68645	0.002417
3.3464	-0.63226	0.005131
3.3464	-0.57806	0.0049835
3.3464	-0.52387	0.0026129
3.3464	-0.46968	0.00058362
3.3464	-0.41548	4.4968e-05
3.3464	-0.36129	0.00029763
3.3464	-0.3071	0.00019004
3.3464	-0.2529	3.3976e-05
3.3464	-0.19871	0.0002561
3.3464	-0.14452	0.00018385
3.3464	-0.090324	3.4337e-05
3.3464	-0.036129	0.00027985
3.3464	0.018065	0.00026026
3.3464	0.072258	5.3549e-05
3.3464	0.12645	0.00019209
3.3464	0.18065	0.00019863
3.3464	0.23484	2.3684e-05
3.3464	0.28903	8.8271e-05
3.3464	0.34323	0.00010171
3.3464	0.39742	1.1366e-05
3.3464	0.45161	9.8792e-05
3.3464	0.50581	0.00011591
3.3464	0.56	1.531e-05
3.3464	0.61419	0.00019756
3.3464	0.66839	0.00061662
3.3464	0.72258	0.00081187
3.3464	0.77677	0.00058172
3.3464	0.83097	0.00019594
3.3464	0.88516	1.3354e-05
3.3464	0.93935	2.0862e-05
3.3464	0.99354	2.2108e-05
3.3464	1.0477	2.5382e-06
3.3464	1.1019	4.9377e-06
3.3464	1.1561	5.2385e-06
3.3464	1.2103	5.9348e-07
3.3464	1.2645	1.3181e-06
3.3464	1.3187	1.1648e-06
3.3464	1.3729	1.0338e-07
3.3464	1.4271	3.5668e-08
3.3464	1.4813	6.8067e-09
3.3464	1.5355	1.1281e-08
3.3464	1.5897	1.0548e-07
3.3464	1.6439	4.652e-07
3.3464	1.6981	1.6913e-07
3.3464	1.7523	5.6804e-07
3.3464	1.8065	2.0625e-06
3.3464	1.8606	8.6038e-07
3.3464	1.9148	1.9539e-06
3.3464	1.969	1.4337e-05
3.3464	2.0232	2.8774e-05
3.3464	2.0774	2.7654e-05
3.3464	2.1316	1.2974e-05
3.3464	2.1858	1.8688e-06
3.3464	2.24	3.9556e-07
3.3464	2.2942	1.0868e-06
3.3464	2.3484	2.9868e-07
3.3464	2.4026	1.0163e-07
3.3464	2.4568	3.0723e-07
3.3821	-2.4748	7.5301e-07
3.3821	-2.4206	2.2359e-07
3.3821	-2.3665	3.0702e-06
3.3821	-2.3123	7.8437e-06
3.3821	-2.2581	1.8307e-06
3.3821	-2.2039	2.5401e-05
3.3821	-2.1497	6.8977e-05
3.3821	-2.0955	1.7465e-05
3.3821	-2.0413	0.00031001
3.3821	-1.9871	0.0017422
3.3821	-1.9329	0.0034203
3.3821	-1.8787	0.0032058
3.3821	-1.8245	0.0013387
3.3821	-1.7703	0.0001257
3.3821	-1.7161	0.00010055
3.3821	-1.6619	0.00016755
3.3821	-1.6077	4.1369e-05
3.3821	-1.5535	1.2014e-05
3.3821	-1.4994	3.9364e-05
3.3821	-1.4452	1.9438e-05
3.3821	-1.391	3.5103e-05
3.3821	-1.3368	8.206e-05
3.3821	-1.2826	2.4349e-05
3.3821	-1.2284	8.3373e-05
3.3821	-1.1742	0.00027364
3.3821	-1.12	0.00012019
3.3821	-1.0658	9.7166e-05
3.3821	-1.0116	0.00046547
3.3821	-0.95742	0.00022654
3.3821	-0.90323	0.00022274
3.3821	-0.84903	0.0011538
3.3821	-0.79484	0.00066817
3.3821	-0.74065	0.00070222
3.3821	-0.68645	0.0065115
3.3821	-0.63226	0.013455
3.3821	-0.57806	0.012304
3.3821	-0.52387	0.0053297
3.3821	-0.46968	0.00078646
3.3821	-0.41548	6.0711e-05
3.3821	-0.36129	0.00020196
3.3821	-0.3071	7.676e-05
3.3821	-0.2529	1.4524e-05
3.3821	-0.19871	9.3361e-05
3.3821	-0.14452	5.7487e-05
3.3821	-0.090324	1.7425e-05
3.3821	-0.036129	0.00012847
3.3821	0.018065	9.7535e-05
3.3821	0.072258	2.9964e-05
3.3821	0.12645	0.00016306
3.3821	0.18065	0.00013982
3.3821	0.23484	1.5927e-05
3.3821	0.28903	0.00011159
3.3821	0.34323	0.00010754
3.3821	0.39742	1.4969e-05
3.3821	0.45161	0.00015553
3.3821	0.50581	0.00016261
3.3821	0.56	2.6124e-05
3.3821	0.61419	0.00041906
3.3821	0.66839	0.0010946
3.3821	0.72258	0.0011575
3.3821	0.77677	0.00062495
3.3821	0.83097	0.00015627
3.3821	0.88516	7.9325e-06
3.3821	0.93935	1.0729e-05
3.3821	0.99354	1.1189e-05
3.3821	1.0477	1.4838e-06
3.3821	1.1019	2.0898e-06
3.3821	1.1561	2.5453e-06
3.3821	1.2103	4.425e-07
3.3821	1.2645	7.1591e-07
3.3821	1.3187	5.6247e-07
3.3821	1.3729	3.94e-08
3.3821	1.4271	3.807e-08
3.3821	1.4813	7.0277e-09
3.3821	1.5355	1.1791e-08
3.3821	1.5897	1.7739e-07
3.3821	1.6439	6.7371e-07
3.3821	1.6981	2.1127e-07
3.3821	1.7523	1.111e-06
3.3821	1.8065	3.5515e-06
3.3821	1.8606	1.1963e-06
3.3821	1.9148	5.159e-06
3.3821	1.969	3.0916e-05
3.3821	2.0232	5.4857e-05
3.3821	2.0774	4.5808e-05
3.3821	2.1316	1.7961e-05
3.3821	2.1858	1.9671e-06
3.3821	2.24	5.9421e-07
3.3821	2.2942	1.2281e-06
3.3821	2.3484	2.7903e-07
3.3821	2.4026	1.2506e-07
3.3821	2.4568	3.3474e-07
3.4178	-2.4748	2.7263e-07
3.4178	-2.4206	1.0559e-07
3.4178	-2.3665	2.2978e-06
3.4178	-2.3123	4.8413e-06
3.4178	-2.2581	1.2408e-06
3.4178	-2.2039	2.6573e-05
3.4178	-2.1497	6.2432e-05
3.4178	-2.0955	1.58e-05
3.4178	-2.0413	0.00045698
3.4178	-1.9871	0.002405
3.4178	-1.9329	0.0047341
3.4178	-1.8787	0.0044757
3.4178	-1.8245	0.0018128
3.4178	-1.7703	0.00013473
3.4178	-1.7161	0.00026354
3.4178	-1.6619	0.00034948
3.4178	-1.6077	5.9616e-05
3.4178	-1.5535	5.1905e-05
3.4178	-1.4994	0.00011028
3.4178	-1.4452	3.4223e-05
3.4178	-1.391	8.2119e-06
3.4178	-1.3368	3.1735e-05
3.4178	-1.2826	1.7475e-05
3.4178	-1.2284	2.848e-05
3.4178	-1.1742	8.3647e-05
3.4178	-1.12	3.658e-05
3.4178	-1.0658	5.1903e-05
3.4178	-1.0116	0.00022137
3.4178	-0.95742	9.8902e-05
3.4178	-0.90323	0.00016721
3.4178	-0.84903	0.00076885
3.4178	-0.79484	0.000391
3.4178	-0.74065	0.00082743
3.4178	-0.68645	0.0068253
3.4178	-0.63226	0.014439
3.4178	-0.57806	0.013837
3.4178	-0.52387	0.0061235
3.4178	-0.46968	0.00079055
3.4178	-0.41548	0.00017311
3.4178	-0.36129	0.00038072
3.4178	-0.3071	9.4458e-05
3.4178	-0.2529	2.3777e-05
3.4178	-0.19871	7.1602e-05
3.4178	-0.14452	2.7377e-05
3.4178	-0.090324	4.3789e-06
3.4178	-0.036129	2.7281e-05
3.4178	0.018065	1.5262e-05
3.4178	0.072258	1.4488e-05
3.4178	0.12645	7.9056e-05
3.4178	0.18065	5.8961e-05
3.4178	0.23484	1.1489e-05
3.4178	0.28903	9.424e-05
3.4178	0.34323	7.8298e-05
3.4178	0.39742	1.8924e-05
3.4178	0.45161	0.00018813
3.4178	0.50581	0.00017802
3.4178	0.56	4.9231e-05
3.4178	0.61419	0.00078679
3.4178	0.66839	0.0020264
3.4178	0.72258	0.0021677
3.4178	0.77677	0.0011377
3.4178	0.83097	0.00024666
3.4178	0.88516	8.8152e-06
3.4178	0.93935	2.2909e-05
3.4178	0.99354	1.5905e-05
3.4178	1.0477	1.4526e-06
3.4178	1.1019	1.8146e-06
3.4178	1.1561	2.4067e-06
3.4178	1.2103	4.7778e-07
3.4178	1.2645	2.7858e-07
3.4178	1.3187	2.9651e-07
3.4178	1.3729	4.5645e-08
3.4178	1.4271	3.1076e-08
3.4178	1.4813	8.0101e-09
3.4178	1.5355	1.1676e-08
3.4178	1.5897	2.7825e-07
3.4178	1.6439	9.0862e-07
3.4178	1.6981	2.4195e-07
3.4178	1.7523	2.0409e-06
3.4178	1.8065	5.7736e-06
3.4178	1.8606	1.5981e-06
3.4178	1.9148	1.2514e-05
3.4178	1.969	6.6342e-05
3.4178	2.0232	0.00011178
3.4178	2.0774	8.7526e-05
3.4178	2.1316	3.0294e-05
3.4178	2.1858	2.3887e-06
3.4178	2.24	1.4312e-06
3.4178	2.2942	1.8652e-06
3.4178	2.3484	2.7426e-07
3.4178	2.4026	1.9566e-07
3.4178	2.4568	3.4391e-07
3.4536	-2.4748	3.9206e-07
3.4536	-2.4206	7.6834e-08
3.4536	-2.3665	9.5718e-07
3.4536	-2.3123	1.2979e-06
3.4536	-2.2581	4.6823e-07
3.4536	-2.2039	9.6062e-06
3.4536	-2.1497	1.9261e-05
3.4536	-2.0955	7.0471e-06
3.4536	-2.0413	0.00024449
3.4536	-1.9871	0.0012525
3.4536	-1.9329	0.0025334
3.4536	-1.8787	0.0024545
3.4536	-1.8245	0.00096465
3.4536	-1.7703	6.027e-05
3.4536	-1.7161	0.00026575
3.4536	-1.6619	0.00029277
3.4536	-1.6077	3.6073e-05
3.4536	-1.5535	9.9316e-05
3.4536	-1.4994	0.00015179
3.4536	-1.4452	2.8191e-05
3.4536	-1.391	4.0411e-05
3.4536	-1.3368	8.4037e-05
3.4536	-1.2826	2.9497e-05
3.4536	-1.2284	5.1382e-06
3.4536	-1.1742	1.9586e-05
3.4536	-1.12	1.0748e-05
3.4536	-1.0658	8.3036e-06
3.4536	-1.0116	4.7069e-05
3.4536	-0.95742	2.5668e-05
3.4536	-0.90323	6.2911e-05
3.4536	-0.84903	0.0003053
3.4536	-0.79484	0.00015055
3.4536	-0.74065	0.0006426
3.4536	-0.68645	0.0051199
3.4536	-0.63226	0.011534
3.4536	-0.57806	0.011828
3.4536	-0.52387	0.0053945
3.4536	-0.46968	0.00059755
3.4536	-0.41548	0.00037162
3.4536	-0.36129	0.00064462
3.4536	-0.3071	0.00012586
3.4536	-0.2529	9.4103e-05
3.4536	-0.19871	0.00019949
3.4536	-0.14452	4.9952e-05
3.4536	-0.090324	2.6577e-05
3.4536	-0.036129	6.5961e-05
3.4536	0.018065	2.164e-05
3.4536	0.072258	5.9382e-06
3.4536	0.12645	2.8917e-05
3.4536	0.18065	1.6556e-05
3.4536	0.23484	1.0376e-05
3.4536	0.28903	6.4634e-05
3.4536	0.34323	4.5133e-05
3.4536	0.39742	2.3892e-05
3.4536	0.45161	0.00019444
3.4536	0.50581	0.00016274
3.4536	0.56	8.8405e-05
3.4536	0.61419	0.0012252
3.4536	0.66839	0.0031015
3.4536	0.72258	0.0033587
3.4536	0.77677	0.001749
3.4536	0.83097	0.00034137
3.4536	0.88516	1.4205e-05
3.4536	0.93935	5.6532e-05
3.4536	0.99354	2.7523e-05
3.4536	1.0477	1.8318e-06
3.4536	1.1019	5.3192e-06
3.4536	1.1561	3.8973e-06
3.4536	1.2103	4.5414e-07
3.4536	1.2645	2.9064e-07
3.4536	1.3187	3.5258e-07
3.4536	1.3729	7.4e-08
3.4536	1.4271	1.0526e-08
3.4536	1.4813	5.2457e-09
3.4536	1.5355	7.5145e-09
3.4536	1.5897	2.1428e-07
3.4536	1.6439	6.2361e-07
3.4536	1.6981	1.4797e-07
3.4536	1.7523	1.8646e-06
3.4536	1.8065	4.6969e-06
3.4536	1.8606	1.1012e-06
3.4536	1.9148	1.4589e-05
3.4536	1.969	7.0311e-05
3.4536	2.0232	0.00011464
3.4536	2.0774	8.6658e-05
3.4536	2.1316	2.7523e-05
3.4536	2.1858	1.5873e-06
3.4536	2.24	2.2038e-06
3.4536	2.2942	2.0487e-06
3.4536	2.3484	1.8931e-07
3.4536	2.4026	3.2043e-07
3.4536	2.4568	3.428e-07
3.4893	-2.4748	7.9837e-07
3.4893	-2.4206	1.6812e-07
3.4893	-2.3665	2.0219e-06
3.4893	-2.3123	2.0191e-06
3.4893	-2.2581	5.6678e-07
3.4893	-2.2039	6.4524e-06
3.4893	-2.1497	7.5645e-06
3.4893	-2.0955	3.1292e-06
3.4893	-2.0413	8.8165e-05
3.4893	-1.9871	0.00043487
3.4893	-1.9329	0.00092749
3.4893	-1.8787	0.00095696
3.4893	-1.8245	0.00037407
3.4893	-1.7703	2.7144e-05
3.4893	-1.7161	0.00020702
3.4893	-1.6619	0.000198
3.4893	-1.6077	2.064e-05
3.4893	-1.5535	0.00013004
3.4893	-1.4994	0.00015944
3.4893	-1.4452	2.1141e-05
3.4893	-1.391	0.00010985
3.4893	-1.3368	0.00016518
3.4893	-1.2826	3.8464e-05
3.4893	-1.2284	5.3261e-05
3.4893	-1.1742	8.7673e-05
3.4893	-1.12	1.9277e-05
3.4893	-1.0658	2.5269e-05
3.4893	-1.0116	4.3457e-05
3.4893	-0.95742	1.2882e-05
3.4893	-0.90323	1.7273e-05
3.4893	-0.84903	7.8555e-05
3.4893	-0.79484	4.7407e-05
3.4893	-0.74065	0.00026423
3.4893	-0.68645	0.002513
3.4893	-0.63226	0.006563
3.4893	-0.57806	0.0074772
3.4893	-0.52387	0.0035186
3.4893	-0.46968	0.00031729
3.4893	-0.41548	0.00054888
3.4893	-0.36129	0.0007614
3.4893	-0.3071	0.0001107
3.4893	-0.2529	0.00021992
3.4893	-0.19871	0.00036488
3.4893	-0.14452	6.4436e-05
3.4893	-0.090324	0.00011274
3.4893	-0.036129	0.0002219
3.4893	0.018065	6.1487e-05
3.4893	0.072258	1.889e-05
3.4893	0.12645	5.5127e-05
3.4893	0.18065	1.4159e-05
3.4893	0.23484	1.1442e-05
3.4893	0.28903	3.5502e-05
3.4893	0.34323	1.3775e-05
3.4893	0.39742	1.859e-05
3.4893	0.45161	0.00010414
3.4893	0.50581	7.2788e-05
3.4893	0.56	7.7082e-05
3.4893	0.61419	0.00090493
3.4893	0.66839	0.0022505
3.4893	0.72258	0.002448
3.4893	0.77677	0.0012548
3.4893	0.83097	0.00021833
3.4893	0.88516	1.6562e-05
3.4893	0.93935	6.0402e-05
3.4893	0.99354	2.264e-05
3.4893	1.0477	2.0986e-06
3.4893	1.1019	7.9372e-06
3.4893	1.1561	3.7484e-06
3.4893	1.2103	3.362e-07
3.4893	1.2645	8.0975e-07
3.4893	1.3187	4.8816e-07
3.4893	1.3729	6.139e-08
3.4893	1.4271	1.1504e-09
3.4893	1.4813	1.9841e-09
3.4893	1.5355	2.5029e-09
3.4893	1.5897	5.8059e-08
3.4893	1.6439	1.7563e-07
3.4893	1.6981	4.3501e-08
3.4893	1.7523	7.896e-07
3.4893	1.8065	1.9082e-06
3.4893	1.8606	4.379e-07
3.4893	1.9148	9.5631e-06
3.4893	1.969	4.4796e-05
3.4893	2.0232	7.4577e-05
3.4893	2.0774	5.7183e-05
3.4893	2.1316	1.7353e-05
3.4893	2.1858	8.0379e-07
3.4893	2.24	2.5868e-06
3.4893	2.2942	1.928e-06
3.4893	2.3484	1.3256e-07
3.4893	2.4026	5.2162e-07
3.4893	2.4568	4.1569e-07
3.525	-2.4748	1.0893e-06
3.525	-2.4206	4.6099e-07
3.525	-2.3665	4.86e-06
3.525	-2.3123	4.2892e-06
3.525	-2.2581	2.2207e-06
3.525	-2.2039	2.0757e-05
3.525	-2.1497	1.8674e-05
3.525	-2.0955	1.0179e-05
3.525	-2.0413	0.00014901
3.525	-1.9871	0.00041059
3.525	-1.9329	0.00053897
3.525	-1.8787	0.00040191
3.525	-1.8245	0.00012672
3.525	-1.7703	1.3982e-05
3.525	-1.7161	0.00011714
3.525	-1.6619	0.00010159
3.525	-1.6077	1.1995e-05
3.525	-1.5535	0.0001115
3.525	-1.4994	0.00011519
3.525	-1.4452	1.6474e-05
3.525	-1.391	0.00015551
3.525	-1.3368	0.00018539
3.525	-1.2826	3.622e-05
3.525	-1.2284	0.00015292
3.525	-1.1742	0.00019339
3.525	-1.12	2.9271e-05
3.525	-1.0658	0.0001302
3.525	-1.0116	0.00016999
3.525	-0.95742	2.4542e-05
3.525	-0.90323	0.0001559
3.525	-0.84903	0.00020696
3.525	-0.79484	3.675e-05
3.525	-0.74065	0.00022912
3.525	-0.68645	0.00080606
3.525	-0.63226	0.0015087
3.525	-0.57806	0.0017013
3.525	-0.52387	0.00080784
3.525	-0.46968	6.1489e-05
3.525	-0.41548	0.00032843
3.525	-0.36129	0.00036803
3.525	-0.3071	3.9991e-05
3.525	-0.2529	0.00020733
3.525	-0.19871	0.00027189
3.525	-0.14452	3.382e-05
3.525	-0.090324	0.00016154
3.525	-0.036129	0.00025736
3.525	0.018065	5.3807e-05
3.525	0.072258	5.7985e-05
3.525	0.12645	0.00012665
3.525	0.18065	3.0293e-05
3.525	0.23484	2.4604e-05
3.525	0.28903	5.8969e-05
3.525	0.34323	1.3019e-05
3.525	0.39742	2.0255e-05
3.525	0.45161	5.5715e-05
3.525	0.50581	2.1581e-05
3.525	0.56	3.4161e-05
3.525	0.61419	0.00031393
3.525	0.66839	0.00076327
3.525	0.72258	0.00085885
3.525	0.77677	0.0004508
3.525	0.83097	7.1381e-05
3.525	0.88516	1.2612e-05
3.525	0.93935	3.6412e-05
3.525	0.99354	1.1017e-05
3.525	1.0477	2.2799e-06
3.525	1.1019	7.2719e-06
3.525	1.1561	2.5194e-06
3.525	1.2103	3.9914e-07
3.525	1.2645	1.2181e-06
3.525	1.3187	5.0354e-07
3.525	1.3729	4.6307e-08
3.525	1.4271	6.1625e-09
3.525	1.4813	4.1078e-09
3.525	1.5355	3.5176e-09
3.525	1.5897	5.2193e-08
3.525	1.6439	7.4741e-08
3.525	1.6981	2.7086e-08
3.525	1.7523	3.6809e-07
3.525	1.8065	6.9723e-07
3.525	1.8606	1.9539e-07
3.525	1.9148	5.6145e-06
3.525	1.969	2.6226e-05
3.525	2.0232	4.5765e-05
3.525	2.0774	3.6415e-05
3.525	2.1316	1.0707e-05
3.525	2.1858	5.4204e-07
3.525	2.24	2.8426e-06
3.525	2.2942	1.7948e-06
3.525	2.3484	1.3333e-07
3.525	2.4026	7.7733e-07
3.525	2.4568	5.0533e-07
3.5607	-2.4748	8.0687e-07
3.5607	-2.4206	7.1181e-07
3.5607	-2.3665	5.9813e-06
3.5607	-2.3123	4.4857e-06
3.5607	-2.2581	4.7231e-06
3.5607	-2.2039	3.6382e-05
3.5607	-2.1497	2.813e-05
3.5607	-2.0955	3.5778e-05
3.5607	-2.0413	0.00042916
3.5607	-1.9871	0.0011032
3.5607	-1.9329	0.0012407
3.5607	-1.8787	0.00066154
3.5607	-1.8245	0.00012308
3.5607	-1.7703	1.0351e-05
3.5607	-1.7161	5.32e-05
3.5607	-1.6619	3.3811e-05
3.5607	-1.6077	4.2427e-06
3.5607	-1.5535	3.9003e-05
3.5607	-1.4994	3.5524e-05
3.5607	-1.4452	9.2344e-06
3.5607	-1.391	9.1444e-05
3.5607	-1.3368	8.8511e-05
3.5607	-1.2826	2.4506e-05
3.5607	-1.2284	0.00016984
3.5607	-1.1742	0.00017524
3.5607	-1.12	2.6082e-05
3.5607	-1.0658	0.00021451
3.5607	-1.0116	0.00024038
3.5607	-0.95742	3.8024e-05
3.5607	-0.90323	0.00041733
3.5607	-0.84903	0.00051513
3.5607	-0.79484	8.9075e-05
3.5607	-0.74065	0.0014724
3.5607	-0.68645	0.0042064
3.5607	-0.63226	0.0046332
3.5607	-0.57806	0.0024849
3.5607	-0.52387	0.00058611
3.5607	-0.46968	3.3095e-05
3.5607	-0.41548	9.5883e-05
3.5607	-0.36129	9.0877e-05
3.5607	-0.3071	1.4538e-05
3.5607	-0.2529	0.00010063
3.5607	-0.19871	0.00010815
3.5607	-0.14452	1.4563e-05
3.5607	-0.090324	0.0001384
3.5607	-0.036129	0.00017979
3.5607	0.018065	2.6316e-05
3.5607	0.072258	9.6567e-05
3.5607	0.12645	0.00017009
3.5607	0.18065	3.4438e-05
3.5607	0.23484	5.4258e-05
3.5607	0.28903	0.00011815
3.5607	0.34323	2.4636e-05
3.5607	0.39742	5.5e-05
3.5607	0.45161	0.00012649
3.5607	0.50581	3.2891e-05
3.5607	0.56	6.9351e-05
3.5607	0.61419	0.00032846
3.5607	0.66839	0.00047729
3.5607	0.72258	0.00037255
3.5607	0.77677	0.00015848
3.5607	0.83097	2.0722e-05
3.5607	0.88516	7.3411e-06
3.5607	0.93935	1.7589e-05
3.5607	0.99354	4.3793e-06
3.5607	1.0477	2.2186e-06
3.5607	1.1019	5.5661e-06
3.5607	1.1561	1.4758e-06
3.5607	1.2103	5.4469e-07
3.5607	1.2645	1.341e-06
3.5607	1.3187	4.0952e-07
3.5607	1.3729	4.6492e-08
3.5607	1.4271	1.3141e-08
3.5607	1.4813	1.1289e-08
3.5607	1.5355	1.7995e-08
3.5607	1.5897	2.209e-07
3.5607	1.6439	1.8958e-07
3.5607	1.6981	1.2624e-07
3.5607	1.7523	9.4128e-07
3.5607	1.8065	7.5493e-07
3.5607	1.8606	3.9796e-07
3.5607	1.9148	5.7518e-06
3.5607	1.969	1.7747e-05
3.5607	2.0232	2.5879e-05
3.5607	2.0774	1.9117e-05
3.5607	2.1316	5.2939e-06
3.5607	2.1858	3.69e-07
3.5607	2.24	1.9627e-06
3.5607	2.2942	1.1269e-06
3.5607	2.3484	1.248e-07
3.5607	2.4026	6.6864e-07
3.5607	2.4568	3.7939e-07
3.5965	-2.4748	2.5641e-07
3.5965	-2.4206	5.34e-07
3.5965	-2.3665	3.7516e-06
3.5965	-2.3123	2.4186e-06
3.5965	-2.2581	5.4162e-06
3.5965	-2.2039	3.5176e-05
3.5965	-2.1497	2.2905e-05
3.5965	-2.0955	6.8889e-05
3.5965	-2.0413	0.00071772
3.5965	-1.9871	0.0019033
3.5965	-1.9329	0.002274
3.5965	-1.8787	0.0012575
3.5965	-1.8245	0.00021032
3.5965	-1.7703	4.1237e-05
3.5965	-1.7161	0.00012612
3.5965	-1.6619	4.537e-05
3.5965	-1.6077	1.0047e-05
3.5965	-1.5535	3.3961e-05
3.5965	-1.4994	1.7103e-05
3.5965	-1.4452	3.4091e-06
3.5965	-1.391	2.8691e-05
3.5965	-1.3368	2.0817e-05
3.5965	-1.2826	1.8742e-05
3.5965	-1.2284	0.00012458
3.5965	-1.1742	0.0001073
3.5965	-1.12	2.6015e-05
3.5965	-1.0658	0.00024471
3.5965	-1.0116	0.00023433
3.5965	-0.95742	6.1684e-05
3.5965	-0.90323	0.00070029
3.5965	-0.84903	0.00077342
3.5965	-0.79484	0.00022462
3.5965	-0.74065	0.0042123
3.5965	-0.68645	0.012492
3.5965	-0.63226	0.015234
3.5965	-0.57806	0.0090539
3.5965	-0.52387	0.0022094
3.5965	-0.46968	8.5541e-05
3.5965	-0.41548	0.00023673
3.5965	-0.36129	0.00018271
3.5965	-0.3071	2.3043e-05
3.5965	-0.2529	3.5043e-05
3.5965	-0.19871	4.3815e-05
3.5965	-0.14452	1.6314e-05
3.5965	-0.090324	7.7711e-05
3.5965	-0.036129	8.4914e-05
3.5965	0.018065	1.1086e-05
3.5965	0.072258	0.00010959
3.5965	0.12645	0.00016153
3.5965	0.18065	2.6862e-05
3.5965	0.23484	8.4525e-05
3.5965	0.28903	0.00016065
3.5965	0.34323	2.9268e-05
3.5965	0.39742	0.00011315
3.5965	0.45161	0.00023742
3.5965	0.50581	5.223e-05
3.5965	0.56	0.00022922
3.5965	0.61419	0.00094369
3.5965	0.66839	0.0012065
3.5965	0.72258	0.0007226
3.5965	0.77677	0.00019943
3.5965	0.83097	1.4774e-05
3.5965	0.88516	4.5878e-06
3.5965	0.93935	7.1275e-06
3.5965	0.99354	1.2536e-06
3.5965	1.0477	1.1351e-06
3.5965	1.1019	2.3909e-06
3.5965	1.1561	5.0817e-07
3.5965	1.2103	3.8053e-07
3.5965	1.2645	7.4397e-07
3.5965	1.3187	1.6476e-07
3.5965	1.3729	3.8558e-08
3.5965	1.4271	1.082e-08
3.5965	1.4813	1.4933e-08
3.5965	1.5355	3.9809e-08
3.5965	1.5897	3.845e-07
3.5965	1.6439	2.7758e-07
3.5965	1.6981	3.2011e-07
3.5965	1.7523	2.0258e-06
3.5965	1.8065	1.3132e-06
3.5965	1.8606	1.3484e-06
3.5965	1.9148	1.3603e-05
3.5965	1.969	3.0085e-05
3.5965	2.0232	3.074e-05
3.5965	2.0774	1.6331e-05
3.5965	2.1316	3.5432e-06
3.5965	2.1858	1.9468e-07
3.5965	2.24	1.0033e-06
3.5965	2.2942	6.0012e-07
3.5965	2.3484	8.0109e-08
3.5965	2.4026	3.5588e-07
3.5965	2.4568	2.1535e-07
3.6322	-2.4748	3.5958e-08
3.6322	-2.4206	1.8367e-07
3.6322	-2.3665	1.2686e-06
3.6322	-2.3123	7.9643e-07
3.6322	-2.2581	3.6941e-06
3.6322	-2.2039	2.2461e-05
3.6322	-2.1497	1.2709e-05
3.6322	-2.0955	8.8235e-05
3.6322	-2.0413	0.00083691
3.6322	-1.9871	0.0022908
3.6322	-1.9329	0.0028665
3.6322	-1.8787	0.0016167
3.6322	-1.8245	0.00023858
3.6322	-1.7703	0.00011986
3.6322	-1.7161	0.00028537
3.6322	-1.6619	8.2193e-05
3.6322	-1.6077	4.8254e-05
3.6322	-1.5535	0.00012965
3.6322	-1.4994	4.7148e-05
3.6322	-1.4452	1.0454e-05
3.6322	-1.391	4.4539e-05
3.6322	-1.3368	2.0637e-05
3.6322	-1.2826	9.6255e-06
3.6322	-1.2284	5.1052e-05
3.6322	-1.1742	3.5197e-05
3.6322	-1.12	2.1567e-05
3.6322	-1.0658	0.00016699
3.6322	-1.0116	0.00013506
3.6322	-0.95742	7.2106e-05
3.6322	-0.90323	0.00068568
3.6322	-0.84903	0.00065998
3.6322	-0.79484	0.00037836
3.6322	-0.74065	0.0061879
3.6322	-0.68645	0.018125
3.6322	-0.63226	0.022803
3.6322	-0.57806	0.013943
3.6322	-0.52387	0.0032674
3.6322	-0.46968	0.0001414
3.6322	-0.41548	0.00069859
3.6322	-0.36129	0.0004384
3.6322	-0.3071	3.0424e-05
3.6322	-0.2529	8.9909e-05
3.6322	-0.19871	9.3696e-05
3.6322	-0.14452	1.7031e-05
3.6322	-0.090324	1.6709e-05
3.6322	-0.036129	2.4923e-05
3.6322	0.018065	9.4625e-06
3.6322	0.072258	5.1867e-05
3.6322	0.12645	7.0102e-05
3.6322	0.18065	1.1056e-05
3.6322	0.23484	6.2092e-05
3.6322	0.28903	0.00010696
3.6322	0.34323	1.7931e-05
3.6322	0.39742	0.00011538
3.6322	0.45161	0.00022105
3.6322	0.50581	4.2292e-05
3.6322	0.56	0.00036802
3.6322	0.61419	0.0014422
3.6322	0.66839	0.0019126
3.6322	0.72258	0.0011893
3.6322	0.77677	0.00031931
3.6322	0.83097	1.7679e-05
3.6322	0.88516	1.3233e-05
3.6322	0.93935	1.1332e-05
3.6322	0.99354	1.0947e-06
3.6322	1.0477	8.5641e-07
3.6322	1.1019	1.0951e-06
3.6322	1.1561	1.8029e-07
3.6322	1.2103	1.0896e-07
3.6322	1.2645	1.9161e-07
3.6322	1.3187	2.7398e-08
3.6322	1.3729	2.2272e-08
3.6322	1.4271	5.1168e-09
3.6322	1.4813	1.1585e-08
3.6322	1.5355	5.607e-08
3.6322	1.5897	4.2475e-07
3.6322	1.6439	2.5507e-07
3.6322	1.6981	5.5598e-07
3.6322	1.7523	3.0059e-06
3.6322	1.8065	1.6881e-06
3.6322	1.8606	3.4198e-06
3.6322	1.9148	2.9972e-05
3.6322	1.969	6.4682e-05
3.6322	2.0232	6.3312e-05
3.6322	2.0774	2.9939e-05
3.6322	2.1316	5.0231e-06
3.6322	2.1858	3.291e-07
3.6322	2.24	1.3579e-06
3.6322	2.2942	6.5289e-07
3.6322	2.3484	4.4481e-08
3.6322	2.4026	2.339e-07
3.6322	2.4568	1.8192e-07
3.6679	-2.4748	1.3199e-07
3.6679	-2.4206	2.5571e-07
3.6679	-2.3665	6.9863e-07
3.6679	-2.3123	2.5918e-07
3.6679	-2.2581	6.4921e-07
3.6679	-2.2039	4.6793e-06
3.6679	-2.1497	3.0249e-06
3.6679	-2.0955	4.0883e-05
3.6679	-2.0413	0.00040184
3.6679	-1.9871	0.0012058
3.6679	-1.9329	0.0016273
3.6679	-1.8787	0.00094055
3.6679	-1.8245	0.00011872
3.6679	-1.7703	0.00014797
3.6679	-1.7161	0.00028396
3.6679	-1.6619	6.6847e-05
3.6679	-1.6077	9.0794e-05
3.6679	-1.5535	0.00020515
3.6679	-1.4994	6.0654e-05
3.6679	-1.4452	4.0349e-05
3.6679	-1.391	0.00013287
3.6679	-1.3368	5.7921e-05
3.6679	-1.2826	7.7198e-06
3.6679	-1.2284	3.9598e-05
3.6679	-1.1742	1.6281e-05
3.6679	-1.12	1.1521e-05
3.6679	-1.0658	5.8927e-05
3.6679	-1.0116	3.4368e-05
3.6679	-0.95742	4.194e-05
3.6679	-0.90323	0.00031511
3.6679	-0.84903	0.00026273
3.6679	-0.79484	0.00033121
3.6679	-0.74065	0.004598
3.6679	-0.68645	0.013565
3.6679	-0.63226	0.017717
3.6679	-0.57806	0.011088
3.6679	-0.52387	0.0024274
3.6679	-0.46968	0.0001995
3.6679	-0.41548	0.0009957
3.6679	-0.36129	0.00052044
3.6679	-0.3071	4.0815e-05
3.6679	-0.2529	0.0002423
3.6679	-0.19871	0.00017881
3.6679	-0.14452	1.596e-05
3.6679	-0.090324	5.701e-05
3.6679	-0.036129	6.325e-05
3.6679	0.018065	1.3182e-05
3.6679	0.072258	8.0119e-06
3.6679	0.12645	1.6688e-05
3.6679	0.18065	4.0841e-06
3.6679	0.23484	2.0966e-05
3.6679	0.28903	4.0305e-05
3.6679	0.34323	7.9053e-06
3.6679	0.39742	7.1628e-05
3.6679	0.45161	0.0001356
3.6679	0.50581	2.6567e-05
3.6679	0.56	0.00039932
3.6679	0.61419	0.0015437
3.6679	0.66839	0.0021433
3.6679	0.72258	0.0013913
3.6679	0.77677	0.00036885
3.6679	0.83097	1.6493e-05
3.6679	0.88516	3.2945e-05
3.6679	0.93935	2.2892e-05
3.6679	0.99354	1.6109e-06
3.6679	1.0477	3.1486e-06
3.6679	1.1019	2.4945e-06
3.6679	1.1561	2.3216e-07
3.6679	1.2103	2.0177e-07
3.6679	1.2645	1.6147e-07
3.6679	1.3187	1.4348e-08
3.6679	1.3729	7.0584e-09
3.6679	1.4271	1.9171e-09
3.6679	1.4813	5.3713e-09
3.6679	1.5355	5.2953e-08
3.6679	1.5897	3.1411e-07
3.6679	1.6439	1.5206e-07
3.6679	1.6981	6.5705e-07
3.6679	1.7523	3.0146e-06
3.6679	1.8065	1.4128e-06
3.6679	1.8606	5.5644e-06
3.6679	1.9148	4.296e-05
3.6679	1.969	9.1535e-05
3.6679	2.0232	8.9175e-05
3.6679	2.0774	4.0373e-05
3.6679	2.1316	5.5255e-06
3.6679	2.1858	9.5374e-07
3.6679	2.24	2.4514e-06
3.6679	2.2942	7.8627e-07
3.6679	2.3484	8.5565e-08
3.6679	2.4026	3.4445e-07
3.6679	2.4568	1.9349e-07
3.7036	-2.4748	2.7704e-07
3.7036	-2.4206	1.0641e-06
3.7036	-2.3665	2.5414e-06
3.7036	-2.3123	5.9058e-07
3.7036	-2.2581	2.984e-06
3.7036	-2.2039	6.0427e-06
3.7036	-2.1497	1.7317e-06
3.7036	-2.0955	5.5579e-06
3.7036	-2.0413	4.9802e-05
3.7036	-1.9871	0.00019401
3.7036	-1.9329	0.00033875
3.7036	-1.8787	0.00022539
3.7036	-1.8245	2.6223e-05
3.7036	-1.7703	9.8729e-05
3.7036	-1.7161	0.00015806
3.7036	-1.6619	3.1519e-05
3.7036	-1.6077	0.00010309
3.7036	-1.5535	0.00019571
3.7036	-1.4994	4.567e-05
3.7036	-1.4452	7.6476e-05
3.7036	-1.391	0.0002071
3.7036	-1.3368	7.6193e-05
3.7036	-1.2826	3.667e-05
3.7036	-1.2284	0.0001283
3.7036	-1.1742	4.6829e-05
3.7036	-1.12	2.515e-05
3.7036	-1.0658	9.3019e-05
3.7036	-1.0116	3.116e-05
3.7036	-0.95742	3.514e-05
3.7036	-0.90323	0.0001551
3.7036	-0.84903	8.7606e-05
3.7036	-0.79484	0.00019365
3.7036	-0.74065	0.0023297
3.7036	-0.68645	0.0070869
3.7036	-0.63226	0.0098315
3.7036	-0.57806	0.0063974
3.7036	-0.52387	0.001295
3.7036	-0.46968	0.00025337
3.7036	-0.41548	0.0010085
3.7036	-0.36129	0.00044448
3.7036	-0.3071	6.8182e-05
3.7036	-0.2529	0.00038306
3.7036	-0.19871	0.00021911
3.7036	-0.14452	3.0246e-05
3.7036	-0.090324	0.00018243
3.7036	-0.036129	0.0001402
3.7036	0.018065	1.9068e-05
3.7036	0.072258	4.0042e-05
3.7036	0.12645	3.446e-05
3.7036	0.18065	4.485e-06
3.7036	0.23484	9.4778e-06
3.7036	0.28903	1.2878e-05
3.7036	0.34323	2.7204e-06
3.7036	0.39742	1.7661e-05
3.7036	0.45161	4.2442e-05
3.7036	0.50581	1.0824e-05
3.7036	0.56	0.00021536
3.7036	0.61419	0.000898
3.7036	0.66839	0.0013469
3.7036	0.72258	0.0009171
3.7036	0.77677	0.00023487
3.7036	0.83097	1.0367e-05
3.7036	0.88516	4.1137e-05
3.7036	0.93935	2.3624e-05
3.7036	0.99354	1.4431e-06
3.7036	1.0477	6.0319e-06
3.7036	1.1019	3.7889e-06
3.7036	1.1561	2.5149e-07
3.7036	1.2103	7.4961e-07
3.7036	1.2645	4.6066e-07
3.7036	1.3187	3.4187e-08
3.7036	1.3729	2.8133e-09
3.7036	1.4271	8.4861e-10
3.7036	1.4813	1.3963e-09
3.7036	1.5355	3.2448e-08
3.7036	1.5897	1.1514e-07
3.7036	1.6439	3.923e-08
3.7036	1.6981	3.9021e-07
3.7036	1.7523	1.5002e-06
3.7036	1.8065	5.7806e-07
3.7036	1.8606	4.6085e-06
3.7036	1.9148	3.2549e-05
3.7036	1.969	6.9922e-05
3.7036	2.0232	6.9145e-05
3.7036	2.0774	3.062e-05
3.7036	2.1316	3.432e-06
3.7036	2.1858	1.5467e-06
3.7036	2.24	2.8252e-06
3.7036	2.2942	6.4106e-07
3.7036	2.3484	2.3404e-07
3.7036	2.4026	5.52e-07
3.7036	2.4568	1.8249e-07
3.7394	-2.4748	3.866e-07
3.7394	-2.4206	1.8305e-06
3.7394	-2.3665	4.0402e-06
3.7394	-2.3123	9.7668e-07
3.7394	-2.2581	1.0289e-05
3.7394	-2.2039	2.0006e-05
3.7394	-2.1497	4.437e-06
3.7394	-2.0955	6.7977e-05
3.7394	-2.0413	0.00023831
3.7394	-1.9871	0.00028773
3.7394	-1.9329	0.00015511
3.7394	-1.8787	3.5529e-05
3.7394	-1.8245	3.637e-06
3.7394	-1.7703	3.125e-05
3.7394	-1.7161	4.2107e-05
3.7394	-1.6619	9.3864e-06
3.7394	-1.6077	7.2643e-05
3.7394	-1.5535	0.00011977
3.7394	-1.4994	2.2448e-05
3.7394	-1.4452	8.0189e-05
3.7394	-1.391	0.00018676
3.7394	-1.3368	5.6209e-05
3.7394	-1.2826	8.3525e-05
3.7394	-1.2284	0.00021925
3.7394	-1.1742	6.6837e-05
3.7394	-1.12	7.1054e-05
3.7394	-1.0658	0.00022306
3.7394	-1.0116	6.4263e-05
3.7394	-0.95742	0.00010921
3.7394	-0.90323	0.00033929
3.7394	-0.84903	0.00011434
3.7394	-0.79484	0.00023784
3.7394	-0.74065	0.0015374
3.7394	-0.68645	0.0031361
3.7394	-0.63226	0.0035441
3.7394	-0.57806	0.0021243
3.7394	-0.52387	0.00037546
3.7394	-0.46968	0.00017085
3.7394	-0.41548	0.00055013
3.7394	-0.36129	0.00020947
3.7394	-0.3071	6.7251e-05
3.7394	-0.2529	0.00030463
3.7394	-0.19871	0.00013838
3.7394	-0.14452	4.7944e-05
3.7394	-0.090324	0.0002341
3.7394	-0.036129	0.00013819
3.7394	0.018065	3.0413e-05
3.7394	0.072258	0.00011987
3.7394	0.12645	7.2952e-05
3.7394	0.18065	1.1227e-05
3.7394	0.23484	5.5713e-05
3.7394	0.28903	3.2342e-05
3.7394	0.34323	6.8353e-06
3.7394	0.39742	3.2621e-05
3.7394	0.45161	2.2225e-05
3.7394	0.50581	4.3601e-06
3.7394	0.56	4.421e-05
3.7394	0.61419	0.00018193
3.7394	0.66839	0.00031583
3.7394	0.72258	0.00024327
3.7394	0.77677	6.133e-05
3.7394	0.83097	5.4004e-06
3.7394	0.88516	2.5905e-05
3.7394	0.93935	1.2253e-05
3.7394	0.99354	1.1166e-06
3.7394	1.0477	6.1063e-06
3.7394	1.1019	3.0723e-06
3.7394	1.1561	2.4983e-07
3.7394	1.2103	1.2403e-06
3.7394	1.2645	6.2577e-07
3.7394	1.3187	3.2768e-08
3.7394	1.3729	1.3485e-08
3.7394	1.4271	2.473e-09
3.7394	1.4813	3.015e-09
3.7394	1.5355	7.0671e-08
3.7394	1.5897	1.2752e-07
3.7394	1.6439	2.1137e-08
3.7394	1.6981	2.9499e-07
3.7394	1.7523	6.6144e-07
3.7394	1.8065	1.7379e-07
3.7394	1.8606	2.5425e-06
3.7394	1.9148	1.678e-05
3.7394	1.969	3.7267e-05
3.7394	2.0232	3.8421e-05
3.7394	2.0774	1.6989e-05
3.7394	2.1316	1.5491e-06
3.7394	2.1858	1.7153e-06
3.7394	2.24	2.4472e-06
3.7394	2.2942	4.0383e-07
3.7394	2.3484	4.081e-07
3.7394	2.4026	6.7946e-07
3.7394	2.4568	1.4271e-07
3.7751	-2.4748	5.28e-07
3.7751	-2.4206	1.5487e-06
3.7751	-2.3665	2.7632e-06
3.7751	-2.3123	1.0407e-06
3.7751	-2.2581	1.2696e-05
3.7751	-2.2039	2.3179e-05
3.7751	-2.1497	7.6725e-06
3.7751	-2.0955	0.00018983
3.7751	-2.0413	0.00074598
3.7751	-1.9871	0.0011303
3.7751	-1.9329	0.00079495
3.7751	-1.8787	0.0002181
3.7751	-1.8245	9.4996e-06
3.7751	-1.7703	2.472e-05
3.7751	-1.7161	1.4844e-05
3.7751	-1.6619	2.3101e-06
3.7751	-1.6077	2.4303e-05
3.7751	-1.5535	3.7956e-05
3.7751	-1.4994	7.7746e-06
3.7751	-1.4452	3.3324e-05
3.7751	-1.391	7.5362e-05
3.7751	-1.3368	2.0155e-05
3.7751	-1.2826	9.4178e-05
3.7751	-1.2284	0.00019781
3.7751	-1.1742	4.8907e-05
3.7751	-1.12	0.00010992
3.7751	-1.0658	0.00029111
3.7751	-1.0116	6.9167e-05
3.7751	-0.95742	0.00024598
3.7751	-0.90323	0.00066763
3.7751	-0.84903	0.00018073
3.7751	-0.79484	0.00087606
3.7751	-0.74065	0.0044171
3.7751	-0.68645	0.0068337
3.7751	-0.63226	0.0050117
3.7751	-0.57806	0.0017487
3.7751	-0.52387	0.00017165
3.7751	-0.46968	8.0618e-05
3.7751	-0.41548	0.00019728
3.7751	-0.36129	6.4597e-05
3.7751	-0.3071	3.336e-05
3.7751	-0.2529	0.00013309
3.7751	-0.19871	4.8915e-05
3.7751	-0.14452	4.6272e-05
3.7751	-0.090324	0.00017234
3.7751	-0.036129	7.8671e-05
3.7751	0.018065	4.7865e-05
3.7751	0.072258	0.00017085
3.7751	0.12645	8.269e-05
3.7751	0.18065	2.6404e-05
3.7751	0.23484	0.00012724
3.7751	0.28903	6.1494e-05
3.7751	0.34323	2.7726e-05
3.7751	0.39742	0.00013894
3.7751	0.45161	7.4177e-05
3.7751	0.50581	3.636e-05
3.7751	0.56	0.00028889
3.7751	0.61419	0.00045879
3.7751	0.66839	0.00032082
3.7751	0.72258	0.000116
3.7751	0.77677	1.6794e-05
3.7751	0.83097	2.7853e-06
3.7751	0.88516	9.4361e-06
3.7751	0.93935	3.7211e-06
3.7751	0.99354	9.4999e-07
3.7751	1.0477	3.9046e-06
3.7751	1.1019	1.5661e-06
3.7751	1.1561	3.0869e-07
3.7751	1.2103	1.2549e-06
3.7751	1.2645	5.0383e-07
3.7751	1.3187	2.1877e-08
3.7751	1.3729	2.4228e-08
3.7751	1.4271	6.6837e-09
3.7751	1.4813	8.073e-09
3.7751	1.5355	1.8879e-07
3.7751	1.5897	3.2084e-07
3.7751	1.6439	5.9588e-08
3.7751	1.6981	7.4914e-07
3.7751	1.7523	1.1022e-06
3.7751	1.8065	1.6894e-07
3.7751	1.8606	2.4033e-06
3.7751	1.9148	9.3805e-06
3.7751	1.969	1.5624e-05
3.7751	2.0232	1.4238e-05
3.7751	2.0774	5.9008e-06
3.7751	2.1316	4.3573e-07
3.7751	2.1858	1.0526e-06
3.7751	2.24	1.2616e-06
3.7751	2.2942	1.5463e-07
3.7751	2.3484	3.9067e-07
3.7751	2.4026	5.0629e-07
3.7751	2.4568	7.026e-08
3.8108	-2.4748	1.1265e-06
3.8108	-2.4206	2.1044e-06
3.8108	-2.3665	9.6599e-07
3.8108	-2.3123	1.2576e-06
3.8108	-2.2581	7.5131e-06
3.8108	-2.2039	1.1603e-05
3.8108	-2.1497	8.7374e-06
3.8108	-2.0955	0.00022044
3.8108	-2.0413	0.00093024
3.8108	-1.9871	0.0015896
3.8108	-1.9329	0.0012641
3.8108	-1.8787	0.00037169
3.8108	-1.8245	1.9559e-05
3.8108	-1.7703	0.000107
3.8108	-1.7161	6.8452e-05
3.8108	-1.6619	5.0746e-06
3.8108	-1.6077	3.1221e-05
3.8108	-1.5535	3.1962e-05
3.8108	-1.4994	1.0326e-05
3.8108	-1.4452	4.7883e-06
3.8108	-1.391	7.2846e-06
3.8108	-1.3368	4.6812e-06
3.8108	-1.2826	5.6178e-05
3.8108	-1.2284	0.00010085
3.8108	-1.1742	2.1072e-05
3.8108	-1.12	9.9185e-05
3.8108	-1.0658	0.00023068
3.8108	-1.0116	4.6037e-05
3.8108	-0.95742	0.0003275
3.8108	-0.90323	0.00078533
3.8108	-0.84903	0.00017578
3.8108	-0.79484	0.0019195
3.8108	-0.74065	0.0091081
3.8108	-0.68645	0.014661
3.8108	-0.63226	0.01118
3.8108	-0.57806	0.0037694
3.8108	-0.52387	0.00027972
3.8108	-0.46968	0.00020142
3.8108	-0.41548	0.00025573
3.8108	-0.36129	4.6444e-05
3.8108	-0.3071	2.4831e-05
3.8108	-0.2529	5.2608e-05
3.8108	-0.19871	1.368e-05
3.8108	-0.14452	2.0526e-05
3.8108	-0.090324	6.339e-05
3.8108	-0.036129	2.0564e-05
3.8108	0.018065	4.8605e-05
3.8108	0.072258	0.000137
3.8108	0.12645	5.2925e-05
3.8108	0.18065	3.906e-05
3.8108	0.23484	0.00015146
3.8108	0.28903	6.0434e-05
3.8108	0.34323	5.6999e-05
3.8108	0.39742	0.00024337
3.8108	0.45161	0.00011309
3.8108	0.50581	0.00012491
3.8108	0.56	0.00092922
3.8108	0.61419	0.0016054
3.8108	0.66839	0.0012396
3.8108	0.72258	0.00045717
3.8108	0.77677	5.9472e-05
3.8108	0.83097	2.6563e-06
3.8108	0.88516	8.1137e-06
3.8108	0.93935	2.9053e-06
3.8108	0.99354	4.7568e-07
3.8108	1.0477	1.2611e-06
3.8108	1.1019	5.056e-07
3.8108	1.1561	2.6847e-07
3.8108	1.2103	6.6979e-07
3.8108	1.2645	2.0911e-07
3.8108	1.3187	1.7168e-08
3.8108	1.3729	2.0489e-08
3.8108	1.4271	1.015e-08
3.8108	1.4813	1.3795e-08
3.8108	1.5355	2.9973e-07
3.8108	1.5897	4.6742e-07
3.8108	1.6439	1.1772e-07
3.8108	1.6981	1.597e-06
3.8108	1.7523	2.1731e-06
3.8108	1.8065	4.088e-07
3.8108	1.8606	7.4046e-06
3.8108	1.9148	2.2161e-05
3.8108	1.969	2.5446e-05
3.8108	2.0232	1.4279e-05
3.8108	2.0774	3.5498e-06
3.8108	2.1316	1.6098e-07
3.8108	2.1858	4.3089e-07
3.8108	2.24	4.2212e-07
3.8108	2.2942	4.062e-08
3.8108	2.3484	2.2152e-07
3.8108	2.4026	2.4349e-07
3.8108	2.4568	2.4589e-08
3.8465	-2.4748	2.8615e-06
3.8465	-2.4206	7.5672e-06
3.8465	-2.3665	2.1473e-06
3.8465	-2.3123	4.0459e-06
3.8465	-2.2581	1.2012e-05
3.8465	-2.2039	4.8859e-06
3.8465	-2.1497	4.9386e-06
3.8465	-2.0955	8.6519e-05
3.8465	-2.0413	0.00041417
3.8465	-1.9871	0.00085658
3.8465	-1.9329	0.00079263
3.8465	-1.8787	0.00024206
3.8465	-1.8245	2.7908e-05
3.8465	-1.7703	0.00016219
3.8465	-1.7161	9.6766e-05
3.8465	-1.6619	1.5703e-05
3.8465	-1.6077	9.0762e-05
3.8465	-1.5535	7.1518e-05
3.8465	-1.4994	2.8547e-05
3.8465	-1.4452	6.2752e-05
3.8465	-1.391	4.8591e-05
3.8465	-1.3368	8.9857e-06
3.8465	-1.2826	9.3707e-06
3.8465	-1.2284	1.7441e-05
3.8465	-1.1742	3.6519e-06
3.8465	-1.12	3.846e-05
3.8465	-1.0658	8.7786e-05
3.8465	-1.0116	1.7467e-05
3.8465	-0.95742	0.00022297
3.8465	-0.90323	0.0004965
3.8465	-0.84903	0.00010959
3.8465	-0.79484	0.0022512
3.8465	-0.74065	0.010292
3.8465	-0.68645	0.017228
3.8465	-0.63226	0.013745
3.8465	-0.57806	0.0046453
3.8465	-0.52387	0.00028478
3.8465	-0.46968	0.00052476
3.8465	-0.41548	0.00053008
3.8465	-0.36129	6.8176e-05
3.8465	-0.3071	0.00011212
3.8465	-0.2529	0.00013602
3.8465	-0.19871	2.1931e-05
3.8465	-0.14452	1.5349e-05
3.8465	-0.090324	2.8919e-05
3.8465	-0.036129	5.6071e-06
3.8465	0.018065	2.4703e-05
3.8465	0.072258	5.6447e-05
3.8465	0.12645	1.6749e-05
3.8465	0.18065	3.4133e-05
3.8465	0.23484	0.00010479
3.8465	0.28903	3.3689e-05
3.8465	0.34323	6.904e-05
3.8465	0.39742	0.00024641
3.8465	0.45161	9.5354e-05
3.8465	0.50581	0.00022864
3.8465	0.56	0.0015063
3.8465	0.61419	0.0026717
3.8465	0.66839	0.0021807
3.8465	0.72258	0.0008384
3.8465	0.77677	0.00010059
3.8465	0.83097	1.0806e-05
3.8465	0.88516	2.662e-05
3.8465	0.93935	7.5057e-06
3.8465	0.99354	3.792e-07
3.8465	1.0477	1.4854e-06
3.8465	1.1019	7.0561e-07
3.8465	1.1561	1.1469e-07
3.8465	1.2103	1.6294e-07
3.8465	1.2645	5.3183e-08
3.8465	1.3187	1.5708e-08
3.8465	1.3729	9.2031e-09
3.8465	1.4271	8.9941e-09
3.8465	1.4813	1.5751e-08
3.8465	1.5355	2.9206e-07
3.8465	1.5897	4.1319e-07
3.8465	1.6439	1.638e-07
3.8465	1.6981	2.0992e-06
3.8465	1.7523	2.612e-06
3.8465	1.8065	8.151e-07
3.8465	1.8606	1.5431e-05
3.8465	1.9148	4.5865e-05
3.8465	1.969	5.4148e-05
3.8465	2.0232	2.9936e-05
3.8465	2.0774	6.346e-06
3.8465	2.1316	2.3152e-07
3.8465	2.1858	7.2193e-07
3.8465	2.24	3.7317e-07
3.8465	2.2942	2.1221e-08
3.8465	2.3484	1.0248e-07
3.8465	2.4026	8.9579e-08
3.8465	2.4568	7.8592e-09
3.8823	-2.4748	6.3239e-06
3.8823	-2.4206	1.9554e-05
3.8823	-2.3665	6.5034e-06
3.8823	-2.3123	1.5383e-05
3.8823	-2.2581	5.6391e-05
3.8823	-2.2039	2.422e-05
3.8823	-2.1497	2.8228e-05
3.8823	-2.0955	0.00017019
3.8823	-2.0413	0.00021915
3.8823	-1.9871	0.00014647
3.8823	-1.9329	0.00010932
3.8823	-1.8787	4.1832e-05
3.8823	-1.8245	2.1976e-05
3.8823	-1.7703	9.8491e-05
3.8823	-1.7161	5.7926e-05
3.8823	-1.6619	2.9394e-05
3.8823	-1.6077	0.00012184
3.8823	-1.5535	8.6261e-05
3.8823	-1.4994	6.2827e-05
3.8823	-1.4452	0.00018324
3.8823	-1.391	0.00014715
3.8823	-1.3368	2.3043e-05
3.8823	-1.2826	2.4859e-05
3.8823	-1.2284	2.5642e-05
3.8823	-1.1742	2.4257e-06
3.8823	-1.12	1.3884e-05
3.8823	-1.0658	1.9625e-05
3.8823	-1.0116	3.9688e-06
3.8823	-0.95742	5.7317e-05
3.8823	-0.90323	0.00014489
3.8823	-0.84903	4.9452e-05
3.8823	-0.79484	0.0013788
3.8823	-0.74065	0.0065342
3.8823	-0.68645	0.011761
3.8823	-0.63226	0.0099329
3.8823	-0.57806	0.0033281
3.8823	-0.52387	0.0001874
3.8823	-0.46968	0.00075314
3.8823	-0.41548	0.00064425
3.8823	-0.36129	7.2929e-05
3.8823	-0.3071	0.00026649
3.8823	-0.2529	0.00027714
3.8823	-0.19871	3.3474e-05
3.8823	-0.14452	7.5839e-05
3.8823	-0.090324	0.00010829
3.8823	-0.036129	2.1366e-05
3.8823	0.018065	1.0437e-05
3.8823	0.072258	2.166e-05
3.8823	0.12645	3.5447e-06
3.8823	0.18065	1.7871e-05
3.8823	0.23484	4.1575e-05
3.8823	0.28903	1.0114e-05
3.8823	0.34323	4.8756e-05
3.8823	0.39742	0.00014813
3.8823	0.45161	4.6853e-05
3.8823	0.50581	0.00024562
3.8823	0.56	0.0014605
3.8823	0.61419	0.0026288
3.8823	0.66839	0.002211
3.8823	0.72258	0.00085328
3.8823	0.77677	8.8497e-05
3.8823	0.83097	2.5108e-05
3.8823	0.88516	4.5897e-05
3.8823	0.93935	1.0163e-05
3.8823	0.99354	1.6083e-06
3.8823	1.0477	4.3863e-06
3.8823	1.1019	1.3592e-06
3.8823	1.1561	7.3267e-08
3.8823	1.2103	2.2012e-07
3.8823	1.2645	9.1047e-08
3.8823	1.3187	9.2627e-09
3.8823	1.3729	1.4021e-09
3.8823	1.4271	4.5956e-09
3.8823	1.4813	8.3761e-09
3.8823	1.5355	1.46e-07
3.8823	1.5897	2.0699e-07
3.8823	1.6439	1.3343e-07
3.8823	1.6981	1.5762e-06
3.8823	1.7523	1.8336e-06
3.8823	1.8065	1.0739e-06
3.8823	1.8606	1.8417e-05
3.8823	1.9148	5.4971e-05
3.8823	1.969	6.742e-05
3.8823	2.0232	3.8243e-05
3.8823	2.0774	7.5882e-06
3.8823	2.1316	4.5313e-07
3.8823	2.1858	1.7528e-06
3.8823	2.24	7.0968e-07
3.8823	2.2942	4.9949e-08
3.8823	2.3484	2.1815e-07
3.8823	2.4026	1.0805e-07
3.8823	2.4568	7.2573e-09
3.918	-2.4748	1.0789e-05
3.918	-2.4206	3.2865e-05
3.918	-2.3665	1.0185e-05
3.918	-2.3123	4.005e-05
3.918	-2.2581	0.00014454
3.918	-2.2039	5.8729e-05
3.918	-2.1497	0.00016746
3.918	-2.0955	0.0011343
3.918	-2.0413	0.0020194
3.918	-1.9871	0.0015601
3.918	-1.9329	0.00051877
3.918	-1.8787	5.3385e-05
3.918	-1.8245	8.1034e-06
3.918	-1.7703	1.1598e-05
3.918	-1.7161	1.6332e-05
3.918	-1.6619	2.8444e-05
3.918	-1.6077	6.9922e-05
3.918	-1.5535	5.8519e-05
3.918	-1.4994	9.6402e-05
3.918	-1.4452	0.00024738
3.918	-1.391	0.00019528
3.918	-1.3368	4.6516e-05
3.918	-1.2826	9.4295e-05
3.918	-1.2284	8.3318e-05
3.918	-1.1742	1.0799e-05
3.918	-1.12	6.9452e-05
3.918	-1.0658	5.7587e-05
3.918	-1.0116	8.9603e-06
3.918	-0.95742	5.2234e-05
3.918	-0.90323	5.1888e-05
3.918	-0.84903	1.2091e-05
3.918	-0.79484	0.00024002
3.918	-0.74065	0.0015354
3.918	-0.68645	0.0034966
3.918	-0.63226	0.0034573
3.918	-0.57806	0.0011966
3.918	-0.52387	0.0001007
3.918	-0.46968	0.00060571
3.918	-0.41548	0.00044408
3.918	-0.36129	6.1708e-05
3.918	-0.3071	0.00034552
3.918	-0.2529	0.00030875
3.918	-0.19871	3.0691e-05
3.918	-0.14452	0.00016527
3.918	-0.090324	0.0002021
3.918	-0.036129	3.2199e-05
3.918	0.018065	4.2273e-05
3.918	0.072258	6.3395e-05
3.918	0.12645	8.5359e-06
3.918	0.18065	1.9683e-05
3.918	0.23484	2.8646e-05
3.918	0.28903	3.747e-06
3.918	0.34323	2.4681e-05
3.918	0.39742	5.6186e-05
3.918	0.45161	1.3839e-05
3.918	0.50581	0.00014773
3.918	0.56	0.00083015
3.918	0.61419	0.0015506
3.918	0.66839	0.0013615
3.918	0.72258	0.00052793
3.918	0.77677	4.578e-05
3.918	0.83097	3.2137e-05
3.918	0.88516	4.6075e-05
3.918	0.93935	8.002e-06
3.918	0.99354	3.5002e-06
3.918	1.0477	6.6876e-06
3.918	1.1019	1.4543e-06
3.918	1.1561	3.404e-07
3.918	1.2103	6.8483e-07
3.918	1.2645	1.7444e-07
3.918	1.3187	6.8751e-09
3.918	1.3729	7.0958e-10
3.918	1.4271	3.2752e-09
3.918	1.4813	2.5456e-09
3.918	1.5355	3.5165e-08
3.918	1.5897	6.1577e-08
3.918	1.6439	3.8847e-08
3.918	1.6981	5.5379e-07
3.918	1.7523	7.0878e-07
3.918	1.8065	7.3863e-07
3.918	1.8606	1.2223e-05
3.918	1.9148	3.8487e-05
3.918	1.969	4.9981e-05
3.918	2.0232	2.9101e-05
3.918	2.0774	5.2471e-06
3.918	2.1316	7.4844e-07
3.918	2.1858	2.4107e-06
3.918	2.24	8.0172e-07
3.918	2.2942	1.2575e-07
3.918	2.3484	4.7097e-07
3.918	2.4026	1.7358e-07
3.918	2.4568	2.3668e-08
3.9537	-2.4748	1.3294e-05
3.9537	-2.4206	3.754e-05
3.9537	-2.3665	9.9658e-06
3.9537	-2.3123	7.0577e-05
3.9537	-2.2581	0.00022962
3.9537	-2.2039	7.7369e-05
3.9537	-2.1497	0.0004975
3.9537	-2.0955	0.0032082
3.9537	-2.0413	0.0063132
3.9537	-1.9871	0.0057685
3.9537	-1.9329	0.0023915
3.9537	-1.8787	0.00027075
3.9537	-1.8245	7.2722e-05
3.9537	-1.7703	0.00012705
3.9537	-1.7161	4.3094e-05
3.9537	-1.6619	1.4788e-05
3.9537	-1.6077	9.5145e-06
3.9537	-1.5535	3.7761e-05
3.9537	-1.4994	9.4761e-05
3.9537	-1.4452	0.00017411
3.9537	-1.391	0.00015525
3.9537	-1.3368	8.0228e-05
3.9537	-1.2826	0.00013628
3.9537	-1.2284	0.00010698
3.9537	-1.1742	2.3112e-05
3.9537	-1.12	0.0001379
3.9537	-1.0658	0.00010937
3.9537	-1.0116	3.4668e-05
3.9537	-0.95742	0.00024881
3.9537	-0.90323	0.00019183
3.9537	-0.84903	6.5682e-05
3.9537	-0.79484	0.00062962
3.9537	-0.74065	0.0010995
3.9537	-0.68645	0.00083114
3.9537	-0.63226	0.00041999
3.9537	-0.57806	0.0001133
3.9537	-0.52387	4.4608e-05
3.9537	-0.46968	0.00023006
3.9537	-0.41548	0.0001471
3.9537	-0.36129	4.5015e-05
3.9537	-0.3071	0.00025994
3.9537	-0.2529	0.00020259
3.9537	-0.19871	2.1644e-05
3.9537	-0.14452	0.00018756
3.9537	-0.090324	0.00019859
3.9537	-0.036129	2.8255e-05
3.9537	0.018065	0.0001033
3.9537	0.072258	0.00012358
3.9537	0.12645	1.4033e-05
3.9537	0.18065	5.564e-05
3.9537	0.23484	6.9973e-05
3.9537	0.28903	7.551e-06
3.9537	0.34323	4.7032e-05
3.9537	0.39742	6.2862e-05
3.9537	0.45161	8.553e-06
3.9537	0.50581	8.4574e-05
3.9537	0.56	0.00034419
3.9537	0.61419	0.00057495
3.9537	0.66839	0.00050058
3.9537	0.72258	0.00019328
3.9537	0.77677	1.3844e-05
3.9537	0.83097	2.3623e-05
3.9537	0.88516	2.8428e-05
3.9537	0.93935	3.9176e-06
3.9537	0.99354	3.9807e-06
3.9537	1.0477	5.9078e-06
3.9537	1.1019	9.1967e-07
3.9537	1.1561	6.922e-07
3.9537	1.2103	9.6214e-07
3.9537	1.2645	1.6978e-07
3.9537	1.3187	1.6605e-08
3.9537	1.3729	2.9141e-09
3.9537	1.4271	6.6029e-09
3.9537	1.4813	2.6755e-08
3.9537	1.5355	1.214e-07
3.9537	1.5897	5.9757e-08
3.9537	1.6439	6.4889e-08
3.9537	1.6981	2.3458e-07
3.9537	1.7523	1.9407e-07
3.9537	1.8065	1.5695e-07
3.9537	1.8606	3.2085e-06
3.9537	1.9148	1.2342e-05
3.9537	1.969	1.8566e-05
3.9537	2.0232	1.1634e-05
3.9537	2.0774	1.8527e-06
3.9537	2.1316	7.9416e-07
3.9537	2.1858	1.9129e-06
3.9537	2.24	5.0316e-07
3.9537	2.2942	2.075e-07
3.9537	2.3484	5.7713e-07
3.9537	2.4026	1.6144e-07
3.9537	2.4568	5.9599e-08
3.9895	-2.4748	1.0796e-05
3.9895	-2.4206	2.8454e-05
3.9895	-2.3665	6.6736e-06
3.9895	-2.3123	8.4481e-05
3.9895	-2.2581	0.00024412
3.9895	-2.2039	6.6832e-05
3.9895	-2.1497	0.00092162
3.9895	-2.0955	0.0054975
3.9895	-2.0413	0.011098
3.9895	-1.9871	0.010648
3.9895	-1.9329	0.0045669
3.9895	-1.8787	0.0004523
3.9895	-1.8245	0.00033077
3.9895	-1.7703	0.0005382
3.9895	-1.7161	0.00012062
3.9895	-1.6619	4.8079e-05
3.9895	-1.6077	9.43e-05
3.9895	-1.5535	6.5158e-05
3.9895	-1.4994	5.6031e-05
3.9895	-1.4452	4.3291e-05
3.9895	-1.391	8.7936e-05
3.9895	-1.3368	0.00011839
3.9895	-1.2826	0.00010884
3.9895	-1.2284	7.3316e-05
3.9895	-1.1742	3.6853e-05
3.9895	-1.12	0.0001234
3.9895	-1.0658	9.2639e-05
3.9895	-1.0116	5.9708e-05
3.9895	-0.95742	0.00038865
3.9895	-0.90323	0.00027435
3.9895	-0.84903	0.00026529
3.9895	-0.79484	0.0026941
3.9895	-0.74065	0.0057944
3.9895	-0.68645	0.0053117
3.9895	-0.63226	0.0022225
3.9895	-0.57806	0.00030759
3.9895	-0.52387	2.1695e-05
3.9895	-0.46968	5.6595e-05
3.9895	-0.41548	1.758e-05
3.9895	-0.36129	2.1233e-05
3.9895	-0.3071	0.00010195
3.9895	-0.2529	7.5505e-05
3.9895	-0.19871	1.107e-05
3.9895	-0.14452	0.00010656
3.9895	-0.090324	0.0001016
3.9895	-0.036129	2.1019e-05
3.9895	0.018065	0.00012949
3.9895	0.072258	0.00012905
3.9895	0.12645	1.3477e-05
3.9895	0.18065	9.6174e-05
3.9895	0.23484	0.00010662
3.9895	0.28903	1.2298e-05
3.9895	0.34323	0.0001175
3.9895	0.39742	0.00013746
3.9895	0.45161	1.8153e-05
3.9895	0.50581	0.00024663
3.9895	0.56	0.00064202
3.9895	0.61419	0.00064261
3.9895	0.66839	0.00032866
3.9895	0.72258	7.9779e-05
3.9895	0.77677	3.7054e-06
3.9895	0.83097	1.0053e-05
3.9895	0.88516	1.0633e-05
3.9895	0.93935	1.2329e-06
3.9895	0.99354	2.3468e-06
3.9895	1.0477	2.9865e-06
3.9895	1.1019	3.3721e-07
3.9895	1.1561	7.0342e-07
3.9895	1.2103	7.4007e-07
3.9895	1.2645	9.1831e-08
3.9895	1.3187	2.7896e-08
3.9895	1.3729	4.6872e-09
3.9895	1.4271	9.7492e-09
3.9895	1.4813	9.2715e-08
3.9895	1.5355	3.5808e-07
3.9895	1.5897	1.1726e-07
3.9895	1.6439	4.3456e-07
3.9895	1.6981	1.2261e-06
3.9895	1.7523	3.7425e-07
3.9895	1.8065	1.1472e-06
3.9895	1.8606	5.1991e-06
3.9895	1.9148	7.3439e-06
3.9895	1.969	5.721e-06
3.9895	2.0232	2.5509e-06
3.9895	2.0774	2.9074e-07
3.9895	2.1316	4.4278e-07
3.9895	2.1858	8.0794e-07
3.9895	2.24	1.6218e-07
3.9895	2.2942	1.9987e-07
3.9895	2.3484	4.0988e-07
3.9895	2.4026	8.3631e-08
3.9895	2.4568	8.8508e-08
4.0252	-2.4748	4.3084e-06
4.0252	-2.4206	1.1945e-05
4.0252	-2.3665	3.0645e-06
4.0252	-2.3123	6.2849e-05
4.0252	-2.2581	0.0001665
4.0252	-2.2039	4.264e-05
4.0252	-2.1497	0.0011186
4.0252	-2.0955	0.0062756
4.0252	-2.0413	0.012853
4.0252	-1.9871	0.012607
4.0252	-1.9329	0.0053401
4.0252	-1.8787	0.00043208
4.0252	-1.8245	0.00074103
4.0252	-1.7703	0.0010215
4.0252	-1.7161	0.00016877
4.0252	-1.6619	0.00019937
4.0252	-1.6077	0.00037016
4.0252	-1.5535	0.00011485
4.0252	-1.4994	5.0128e-05
4.0252	-1.4452	3.6698e-05
4.0252	-1.391	6.6009e-05
4.0252	-1.3368	0.00017217
4.0252	-1.2826	9.1943e-05
4.0252	-1.2284	3.0876e-05
4.0252	-1.1742	7.8388e-05
4.0252	-1.12	7.3786e-05
4.0252	-1.0658	3.5554e-05
4.0252	-1.0116	5.5686e-05
4.0252	-0.95742	0.00025946
4.0252	-0.90323	0.00016446
4.0252	-0.84903	0.0004111
4.0252	-0.79484	0.0039077
4.0252	-0.74065	0.0092811
4.0252	-0.68645	0.0098029
4.0252	-0.63226	0.0047662
4.0252	-0.57806	0.00070974
4.0252	-0.52387	9.2114e-05
4.0252	-0.46968	0.00025578
4.0252	-0.41548	6.9002e-05
4.0252	-0.36129	1.312e-05
4.0252	-0.3071	5.1533e-05
4.0252	-0.2529	3.4344e-05
4.0252	-0.19871	5.4356e-06
4.0252	-0.14452	1.5334e-05
4.0252	-0.090324	1.5292e-05
4.0252	-0.036129	1.4835e-05
4.0252	0.018065	8.7069e-05
4.0252	0.072258	7.5032e-05
4.0252	0.12645	9.7977e-06
4.0252	0.18065	9.457e-05
4.0252	0.23484	9.25e-05
4.0252	0.28903	1.5366e-05
4.0252	0.34323	0.00016876
4.0252	0.39742	0.00017615
4.0252	0.45161	3.6442e-05
4.0252	0.50581	0.00059722
4.0252	0.56	0.0015237
4.0252	0.61419	0.0015461
4.0252	0.66839	0.00074835
4.0252	0.72258	0.00014516
4.0252	0.77677	4.3456e-06
4.0252	0.83097	1.056e-05
4.0252	0.88516	6.3223e-06
4.0252	0.93935	5.2863e-07
4.0252	0.99354	8.5237e-07
4.0252	1.0477	8.9208e-07
4.0252	1.1019	8.0087e-08
4.0252	1.1561	3.456e-07
4.0252	1.2103	2.9049e-07
4.0252	1.2645	2.5604e-08
4.0252	1.3187	2.5556e-08
4.0252	1.3729	5.2994e-09
4.0252	1.4271	8.8654e-09
4.0252	1.4813	1.58e-07
4.0252	1.5355	5.1293e-07
4.0252	1.5897	1.3172e-07
4.0252	1.6439	1.0481e-06
4.0252	1.6981	2.6933e-06
4.0252	1.7523	6.5738e-07
4.0252	1.8065	5.2746e-06
4.0252	1.8606	2.4318e-05
4.0252	1.9148	3.589e-05
4.0252	1.969	2.4622e-05
4.0252	2.0232	7.6719e-06
4.0252	2.0774	6.5131e-07
4.0252	2.1316	2.1706e-07
4.0252	2.1858	3.4065e-07
4.0252	2.24	7.3556e-08
4.0252	2.2942	9.4038e-08
4.0252	2.3484	1.5719e-07
4.0252	2.4026	2.8772e-08
4.0252	2.4568	7.4531e-08
4.0609	-2.4748	4.3681e-07
4.0609	-2.4206	1.3068e-06
4.0609	-2.3665	6.458e-07
4.0609	-2.3123	1.9967e-05
4.0609	-2.2581	5.6765e-05
4.0609	-2.2039	2.1145e-05
4.0609	-2.1497	0.00081676
4.0609	-2.0955	0.0045637
4.0609	-2.0413	0.0097548
4.0609	-1.9871	0.0099016
4.0609	-1.9329	0.0041182
4.0609	-1.8787	0.00027684
4.0609	-1.8245	0.0010281
4.0609	-1.7703	0.0012022
4.0609	-1.7161	0.00014839
4.0609	-1.6619	0.00043445
4.0609	-1.6077	0.00067157
4.0609	-1.5535	0.00013183
4.0609	-1.4994	0.00015971
4.0609	-1.4452	0.00023406
4.0609	-1.391	9.3605e-05
4.0609	-1.3368	0.00028139
4.0609	-1.2826	0.0002062
4.0609	-1.2284	2.7627e-05
4.0609	-1.1742	0.00022993
4.0609	-1.12	0.00019363
4.0609	-1.0658	1.8584e-05
4.0609	-1.0116	0.00010673
4.0609	-0.95742	0.00013495
4.0609	-0.90323	3.6895e-05
4.0609	-0.84903	0.00023946
4.0609	-0.79484	0.0022342
4.0609	-0.74065	0.006144
4.0609	-0.68645	0.007519
4.0609	-0.63226	0.0040596
4.0609	-0.57806	0.00057604
4.0609	-0.52387	0.00021972
4.0609	-0.46968	0.00050273
4.0609	-0.41548	0.00012891
4.0609	-0.36129	5.5502e-05
4.0609	-0.3071	0.000152
4.0609	-0.2529	6.6812e-05
4.0609	-0.19871	3.1898e-05
4.0609	-0.14452	4.2358e-05
4.0609	-0.090324	1.754e-05
4.0609	-0.036129	6.759e-06
4.0609	0.018065	2.2805e-05
4.0609	0.072258	1.8824e-05
4.0609	0.12645	4.7292e-06
4.0609	0.18065	4.8421e-05
4.0609	0.23484	4.4165e-05
4.0609	0.28903	1.3431e-05
4.0609	0.34323	0.00013805
4.0609	0.39742	0.00012959
4.0609	0.45161	5.4615e-05
4.0609	0.50581	0.00081225
4.0609	0.56	0.002066
4.0609	0.61419	0.0021917
4.0609	0.66839	0.0011039
4.0609	0.72258	0.00020686
4.0609	0.77677	7.7246e-06
4.0609	0.83097	2.8265e-05
4.0609	0.88516	1.2215e-05
4.0609	0.93935	8.9494e-07
4.0609	0.99354	2.2157e-06
4.0609	1.0477	1.1252e-06
4.0609	1.1019	6.1861e-08
4.0609	1.1561	1.1096e-07
4.0609	1.2103	6.6609e-08
4.0609	1.2645	6.3459e-09
4.0609	1.3187	1.1793e-08
4.0609	1.3729	4.0759e-09
4.0609	1.4271	5.5872e-09
4.0609	1.4813	1.5638e-07
4.0609	1.5355	4.2655e-07
4.0609	1.5897	9.6742e-08
4.0609	1.6439	1.4028e-06
4.0609	1.6981	3.1785e-06
4.0609	1.7523	6.7061e-07
4.0609	1.8065	1.0854e-05
4.0609	1.8606	4.8364e-05
4.0609	1.9148	7.5437e-05
4.0609	1.969	5.5613e-05
4.0609	2.0232	1.801e-05
4.0609	2.0774	1.2741e-06
4.0609	2.1316	8.1296e-07
4.0609	2.1858	9.9648e-07
4.0609	2.24	1.7143e-07
4.0609	2.2942	4.2392e-08
4.0609	2.3484	9.6529e-08
4.0609	2.4026	3.3298e-08
4.0609	2.4568	2.7575e-08
4.0966	-2.4748	5.8243e-06
4.0966	-2.4206	3.6175e-06
4.0966	-2.3665	8.9387e-07
4.0966	-2.3123	4.2856e-06
4.0966	-2.2581	4.2985e-06
4.0966	-2.2039	4.303e-06
4.0966	-2.1497	0.00023197
4.0966	-2.0955	0.0015843
4.0966	-2.0413	0.0040123
4.0966	-1.9871	0.0045657
4.0966	-1.9329	0.0019434
4.0966	-1.8787	0.00013318
4.0966	-1.8245	0.00091244
4.0966	-1.7703	0.000929
4.0966	-1.7161	9.4482e-05
4.0966	-1.6619	0.00058328
4.0966	-1.6077	0.00075862
4.0966	-1.5535	0.00010394
4.0966	-1.4994	0.00035774
4.0966	-1.4452	0.0004985
4.0966	-1.391	0.00012258
4.0966	-1.3368	0.00045746
4.0966	-1.2826	0.00044403
4.0966	-1.2284	6.2112e-05
4.0966	-1.1742	0.00057093
4.0966	-1.12	0.0006077
4.0966	-1.0658	6.4435e-05
4.0966	-1.0116	0.00047691
4.0966	-0.95742	0.00063229
4.0966	-0.90323	8.5039e-05
4.0966	-0.84903	0.00034915
4.0966	-0.79484	0.00089825
4.0966	-0.74065	0.0012068
4.0966	-0.68645	0.0016028
4.0966	-0.63226	0.0011211
4.0966	-0.57806	0.00017041
4.0966	-0.52387	0.00021401
4.0966	-0.46968	0.00040931
4.0966	-0.41548	0.0001003
4.0966	-0.36129	0.00011924
4.0966	-0.3071	0.00024697
4.0966	-0.2529	9.574e-05
4.0966	-0.19871	0.00010884
4.0966	-0.14452	0.00018947
4.0966	-0.090324	8.2505e-05
4.0966	-0.036129	6.1333e-06
4.0966	0.018065	1.1948e-05
4.0966	0.072258	5.6484e-06
4.0966	0.12645	1.3175e-06
4.0966	0.18065	1.0598e-05
4.0966	0.23484	9.8048e-06
4.0966	0.28903	5.0568e-06
4.0966	0.34323	5.3167e-05
4.0966	0.39742	4.9439e-05
4.0966	0.45161	4.7173e-05
4.0966	0.50581	0.00061651
4.0966	0.56	0.0016156
4.0966	0.61419	0.0018076
4.0966	0.66839	0.00094215
4.0966	0.72258	0.00016632
4.0966	0.77677	1.2478e-05
4.0966	0.83097	4.4117e-05
4.0966	0.88516	1.6084e-05
4.0966	0.93935	1.8571e-06
4.0966	0.99354	5.9256e-06
4.0966	1.0477	2.4684e-06
4.0966	1.1019	1.3046e-07
4.0966	1.1561	4.091e-07
4.0966	1.2103	1.8359e-07
4.0966	1.2645	1.0344e-08
4.0966	1.3187	1.8266e-09
4.0966	1.3729	1.8965e-09
4.0966	1.4271	3.0179e-09
4.0966	1.4813	8.9392e-08
4.0966	1.5355	2.0128e-07
4.0966	1.5897	5.5082e-08
4.0966	1.6439	1.1141e-06
4.0966	1.6981	2.2319e-06
4.0966	1.7523	5.1489e-07
4.0966	1.8065	1.3055e-05
4.0966	1.8606	5.5796e-05
4.0966	1.9148	8.9191e-05
4.0966	1.969	6.7669e-05
4.0966	2.0232	2.1556e-05
4.0966	2.0774	1.1987e-06
4.0966	2.1316	2.0555e-06
4.0966	2.1858	1.9989e-06
4.0966	2.24	2.3629e-07
4.0966	2.2942	1.9065e-07
4.0966	2.3484	2.7338e-07
4.0966	2.4026	5.668e-08
4.0966	2.4568	8.6128e-09
4.1324	-2.4748	1.8794e-05
4.1324	-2.4206	1.2892e-05
4.1324	-2.3665	7.4753e-06
4.1324	-2.3123	5.2826e-05
4.1324	-2.2581	3.7481e-05
4.1324	-2.2039	1.251e-05
4.1324	-2.1497	0.00011374
4.1324	-2.0955	0.00019822
4.1324	-2.0413	0.00040425
4.1324	-1.9871	0.00068175
4.1324	-1.9329	0.0003728
4.1324	-1.8787	4.6935e-05
4.1324	-1.8245	0.00044775
4.1324	-1.7703	0.00042683
4.1324	-1.7161	4.9618e-05
4.1324	-1.6619	0.0004901
4.1324	-1.6077	0.00055626
4.1324	-1.5535	6.4046e-05
4.1324	-1.4994	0.00048292
4.1324	-1.4452	0.00060162
4.1324	-1.391	0.00011892
4.1324	-1.3368	0.00060944
4.1324	-1.2826	0.00063147
4.1324	-1.2284	0.00010611
4.1324	-1.1742	0.0010297
4.1324	-1.12	0.0011327
4.1324	-1.0658	0.00013618
4.1324	-1.0116	0.0013824
4.1324	-0.95742	0.0019606
4.1324	-0.90323	0.00028011
4.1324	-0.84903	0.0027277
4.1324	-0.79484	0.0082006
4.1324	-0.74065	0.0081411
4.1324	-0.68645	0.0034561
4.1324	-0.63226	0.00055656
4.1324	-0.57806	4.0313e-05
4.1324	-0.52387	5.2499e-05
4.1324	-0.46968	9.5413e-05
4.1324	-0.41548	4.8825e-05
4.1324	-0.36129	0.0001137
4.1324	-0.3071	0.00018535
4.1324	-0.2529	9.0694e-05
4.1324	-0.19871	0.00019035
4.1324	-0.14452	0.00030731
4.1324	-0.090324	0.00013201
4.1324	-0.036129	2.8133e-05
4.1324	0.018065	6.4099e-05
4.1324	0.072258	2.5329e-05
4.1324	0.12645	7.072e-06
4.1324	0.18065	2.5121e-05
4.1324	0.23484	9.2512e-06
4.1324	0.28903	2.6168e-06
4.1324	0.34323	1.1576e-05
4.1324	0.39742	9.9253e-06
4.1324	0.45161	1.2958e-05
4.1324	0.50581	0.00018971
4.1324	0.56	0.00059373
4.1324	0.61419	0.00076446
4.1324	0.66839	0.00043249
4.1324	0.72258	7.1725e-05
4.1324	0.77677	1.4277e-05
4.1324	0.83097	3.9237e-05
4.1324	0.88516	1.2053e-05
4.1324	0.93935	2.9437e-06
4.1324	0.99354	8.3153e-06
4.1324	1.0477	2.9184e-06
4.1324	1.1019	2.6713e-07
4.1324	1.1561	9.9039e-07
4.1324	1.2103	3.7566e-07
4.1324	1.2645	1.3884e-08
4.1324	1.3187	2.8037e-09
4.1324	1.3729	2.6365e-09
4.1324	1.4271	3.6035e-09
4.1324	1.4813	6.0415e-08
4.1324	1.5355	7.9765e-08
4.1324	1.5897	2.9954e-08
4.1324	1.6439	5.3329e-07
4.1324	1.6981	9.1565e-07
4.1324	1.7523	3.2354e-07
4.1324	1.8065	9.2568e-06
4.1324	1.8606	3.9051e-05
4.1324	1.9148	6.4636e-05
4.1324	1.969	5.0434e-05
4.1324	2.0232	1.5552e-05
4.1324	2.0774	7.3918e-07
4.1324	2.1316	2.8158e-06
4.1324	2.1858	2.2603e-06
4.1324	2.24	1.9324e-07
4.1324	2.2942	4.5027e-07
4.1324	2.3484	4.6395e-07
4.1324	2.4026	5.6703e-08
4.1324	2.4568	5.6829e-08
4.1681	-2.4748	2.8309e-05
4.1681	-2.4206	1.7571e-05
4.1681	-2.3665	2.1473e-05
4.1681	-2.3123	0.00014065
4.1681	-2.2581	9.935e-05
4.1681	-2.2039	0.00010154
4.1681	-2.1497	0.0010956
4.1681	-2.0955	0.0023807
4.1681	-2.0413	0.0021021
4.1681	-1.9871	0.00078654
4.1681	-1.9329	9.1186e-05
4.1681	-1.8787	5.7311e-06
4.1681	-1.8245	6.0851e-05
4.1681	-1.7703	7.1265e-05
4.1681	-1.7161	1.7893e-05
4.1681	-1.6619	0.00021362
4.1681	-1.6077	0.00023342
4.1681	-1.5535	3.468e-05
4.1681	-1.4994	0.00039366
4.1681	-1.4452	0.00045569
4.1681	-1.391	8.582e-05
4.1681	-1.3368	0.00058511
4.1681	-1.2826	0.00059522
4.1681	-1.2284	0.00013567
4.1681	-1.1742	0.0013214
4.1681	-1.12	0.001374
4.1681	-1.0658	0.00020762
4.1681	-1.0116	0.0025631
4.1681	-0.95742	0.0034011
4.1681	-0.90323	0.00053424
4.1681	-0.84903	0.0091619
4.1681	-0.79484	0.029324
4.1681	-0.74065	0.035313
4.1681	-0.68645	0.020231
4.1681	-0.63226	0.0048808
4.1681	-0.57806	0.00023692
4.1681	-0.52387	0.00018824
4.1681	-0.46968	0.00013368
4.1681	-0.41548	5.6451e-05
4.1681	-0.36129	3.5924e-05
4.1681	-0.3071	4.6999e-05
4.1681	-0.2529	8.2893e-05
4.1681	-0.19871	0.00018894
4.1681	-0.14452	0.00026199
4.1681	-0.090324	0.00013091
4.1681	-0.036129	6.5073e-05
4.1681	0.018065	0.0001094
4.1681	0.072258	4.0694e-05
4.1681	0.12645	2.1185e-05
4.1681	0.18065	6.6804e-05
4.1681	0.23484	2.1298e-05
4.1681	0.28903	2.0967e-05
4.1681	0.34323	5.8273e-05
4.1681	0.39742	1.9267e-05
4.1681	0.45161	1.6026e-05
4.1681	0.50581	6.5145e-05
4.1681	0.56	9.1094e-05
4.1681	0.61419	0.00010137
4.1681	0.66839	6.6279e-05
4.1681	0.72258	1.0686e-05
4.1681	0.77677	8.8036e-06
4.1681	0.83097	1.8292e-05
4.1681	0.88516	4.7303e-06
4.1681	0.93935	3.017e-06
4.1681	0.99354	6.8274e-06
4.1681	1.0477	2.0057e-06
4.1681	1.1019	3.8471e-07
4.1681	1.1561	1.1983e-06
4.1681	1.2103	3.7649e-07
4.1681	1.2645	1.7103e-08
4.1681	1.3187	7.6382e-09
4.1681	1.3729	8.0004e-09
4.1681	1.4271	1.2034e-08
4.1681	1.4813	1.6187e-07
4.1681	1.5355	1.5427e-07
4.1681	1.5897	5.5211e-08
4.1681	1.6439	5.2245e-07
4.1681	1.6981	5.047e-07
4.1681	1.7523	1.8977e-07
4.1681	1.8065	4.1772e-06
4.1681	1.8606	1.6357e-05
4.1681	1.9148	2.7672e-05
4.1681	1.969	2.2398e-05
4.1681	2.0232	6.7057e-06
4.1681	2.0774	3.8489e-07
4.1681	2.1316	2.2924e-06
4.1681	2.1858	1.5755e-06
4.1681	2.24	1.1571e-07
4.1681	2.2942	5.5415e-07
4.1681	2.3484	4.5107e-07
4.1681	2.4026	3.881e-08
4.1681	2.4568	1.2932e-07
4.2038	-2.4748	2.4281e-05
4.2038	-2.4206	1.3066e-05
4.2038	-2.3665	3.3328e-05
4.2038	-2.3123	0.00018883
4.2038	-2.2581	0.00011527
4.2038	-2.2039	0.00028329
4.2038	-2.1497	0.002802
4.2038	-2.0955	0.0068635
4.2038	-2.0413	0.0074853
4.2038	-1.9871	0.0037466
4.2038	-1.9329	0.00057706
4.2038	-1.8787	5.9095e-05
4.2038	-1.8245	0.00015648
4.2038	-1.7703	3.3864e-05
4.2038	-1.7161	5.193e-06
4.2038	-1.6619	2.7155e-05
4.2038	-1.6077	3.2589e-05
4.2038	-1.5535	1.1212e-05
4.2038	-1.4994	0.00015722
4.2038	-1.4452	0.00019808
4.2038	-1.391	4.0876e-05
4.2038	-1.3368	0.00034556
4.2038	-1.2826	0.00035586
4.2038	-1.2284	0.00012755
4.2038	-1.1742	0.001157
4.2038	-1.12	0.0011126
4.2038	-1.0658	0.00026323
4.2038	-1.0116	0.0032143
4.2038	-0.95742	0.0038192
4.2038	-0.90323	0.00089441
4.2038	-0.84903	0.018061
4.2038	-0.79484	0.056879
4.2038	-0.74065	0.072318
4.2038	-0.68645	0.044649
4.2038	-0.63226	0.011299
4.2038	-0.57806	0.00046482
4.2038	-0.52387	0.0011981
4.2038	-0.46968	0.00085367
4.2038	-0.41548	0.00010348
4.2038	-0.36129	7.7001e-05
4.2038	-0.3071	7.9819e-05
4.2038	-0.2529	9.2493e-05
4.2038	-0.19871	9.5568e-05
4.2038	-0.14452	0.0001031
4.2038	-0.090324	0.00010838
4.2038	-0.036129	9.2561e-05
4.2038	0.018065	9.104e-05
4.2038	0.072258	3.6523e-05
4.2038	0.12645	2.9322e-05
4.2038	0.18065	7.3623e-05
4.2038	0.23484	2.1963e-05
4.2038	0.28903	4.599e-05
4.2038	0.34323	0.00012012
4.2038	0.39742	3.2524e-05
4.2038	0.45161	0.00011147
4.2038	0.50581	0.00047542
4.2038	0.56	0.0005868
4.2038	0.61419	0.0003183
4.2038	0.66839	7.3425e-05
4.2038	0.72258	4.2187e-06
4.2038	0.77677	2.4425e-06
4.2038	0.83097	3.2426e-06
4.2038	0.88516	6.1322e-07
4.2038	0.93935	1.6811e-06
4.2038	0.99354	3.1122e-06
4.2038	1.0477	8.0566e-07
4.2038	1.1019	2.9812e-07
4.2038	1.1561	7.753e-07
4.2038	1.2103	2.0071e-07
4.2038	1.2645	2.1539e-08
4.2038	1.3187	8.2518e-09
4.2038	1.3729	1.3076e-08
4.2038	1.4271	2.9843e-08
4.2038	1.4813	3.3297e-07
4.2038	1.5355	2.8032e-07
4.2038	1.5897	1.8608e-07
4.2038	1.6439	1.4099e-06
4.2038	1.6981	1.0404e-06
4.2038	1.7523	5.8433e-07
4.2038	1.8065	6.6477e-06
4.2038	1.8606	1.4671e-05
4.2038	1.9148	1.5169e-05
4.2038	1.969	8.6505e-06
4.2038	2.0232	2.0238e-06
4.2038	2.0774	1.7648e-07
4.2038	2.1316	1.0821e-06
4.2038	2.1858	6.6939e-07
4.2038	2.24	5.7258e-08
4.2038	2.2942	3.8122e-07
4.2038	2.3484	2.5872e-07
4.2038	2.4026	2.4748e-08
4.2038	2.4568	1.447e-07
4.2395	-2.4748	9.9541e-06
4.2395	-2.4206	4.9497e-06
4.2395	-2.3665	2.8171e-05
4.2395	-2.3123	0.00014369
4.2395	-2.2581	7.3255e-05
4.2395	-2.2039	0.00042635
4.2395	-2.1497	0.0038033
4.2395	-2.0955	0.0097008
4.2395	-2.0413	0.011379
4.2395	-1.9871	0.006121
4.2395	-1.9329	0.00092302
4.2395	-1.8787	0.00025977
4.2395	-1.8245	0.00066599
4.2395	-1.7703	0.00017353
4.2395	-1.7161	5.665e-05
4.2395	-1.6619	0.00015089
4.2395	-1.6077	3.6675e-05
4.2395	-1.5535	7.7644e-06
4.2395	-1.4994	2.6079e-05
4.2395	-1.4452	3.4965e-05
4.2395	-1.391	9.529e-06
4.2395	-1.3368	7.833e-05
4.2395	-1.2826	0.00011061
4.2395	-1.2284	6.9184e-05
4.2395	-1.1742	0.00058874
4.2395	-1.12	0.00055052
4.2395	-1.0658	0.00024387
4.2395	-1.0116	0.0026497
4.2395	-0.95742	0.0028118
4.2395	-0.90323	0.0012923
4.2395	-0.84903	0.023509
4.2395	-0.79484	0.072262
4.2395	-0.74065	0.094015
4.2395	-0.68645	0.059396
4.2395	-0.63226	0.014539
4.2395	-0.57806	0.00062806
4.2395	-0.52387	0.00295
4.2395	-0.46968	0.0018506
4.2395	-0.41548	0.00013982
4.2395	-0.36129	0.00045734
4.2395	-0.3071	0.00039507
4.2395	-0.2529	9.8507e-05
4.2395	-0.19871	4.7092e-05
4.2395	-0.14452	1.8874e-05
4.2395	-0.090324	0.00010232
4.2395	-0.036129	0.00012003
4.2395	0.018065	4.436e-05
4.2395	0.072258	2.7789e-05
4.2395	0.12645	3.5314e-05
4.2395	0.18065	3.8071e-05
4.2395	0.23484	1.2459e-05
4.2395	0.28903	4.3529e-05
4.2395	0.34323	0.00010292
4.2395	0.39742	2.4143e-05
4.2395	0.45161	0.0002151
4.2395	0.50581	0.00093128
4.2395	0.56	0.0013241
4.2395	0.61419	0.00086828
4.2395	0.66839	0.0002463
4.2395	0.72258	1.5325e-05
4.2395	0.77677	6.7224e-06
4.2395	0.83097	6.2178e-06
4.2395	0.88516	5.601e-07
4.2395	0.93935	6.1286e-07
4.2395	0.99354	9.6553e-07
4.2395	1.0477	2.9149e-07
4.2395	1.1019	7.0577e-08
4.2395	1.1561	1.8608e-07
4.2395	1.2103	4.0643e-08
4.2395	1.2645	1.908e-08
4.2395	1.3187	4.9311e-09
4.2395	1.3729	1.1843e-08
4.2395	1.4271	4.3261e-08
4.2395	1.4813	3.9464e-07
4.2395	1.5355	2.8315e-07
4.2395	1.5897	3.7864e-07
4.2395	1.6439	2.3947e-06
4.2395	1.6981	1.517e-06
4.2395	1.7523	2.0176e-06
4.2395	1.8065	1.8966e-05
4.2395	1.8606	3.9604e-05
4.2395	1.9148	3.6046e-05
4.2395	1.969	1.5363e-05
4.2395	2.0232	2.2298e-06
4.2395	2.0774	1.4929e-07
4.2395	2.1316	5.6726e-07
4.2395	2.1858	2.5483e-07
4.2395	2.24	2.2e-08
4.2395	2.2942	1.3824e-07
4.2395	2.3484	8.2014e-08
4.2395	2.4026	1.473e-08
4.2395	2.4568	8.4732e-08
4.2753	-2.4748	8.9439e-07
4.2753	-2.4206	4.6563e-07
4.2753	-2.3665	8.2891e-06
4.2753	-2.3123	4.7123e-05
4.2753	-2.2581	2.1807e-05
4.2753	-2.2039	0.00034176
4.2753	-2.1497	0.0029376
4.2753	-2.0955	0.0079574
4.2753	-2.0413	0.0099711
4.2753	-1.9871	0.0055709
4.2753	-1.9329	0.00075888
4.2753	-1.8787	0.00049179
4.2753	-1.8245	0.0010803
4.2753	-1.7703	0.00025514
4.2753	-1.7161	0.00019294
4.2753	-1.6619	0.00049361
4.2753	-1.6077	0.00013146
4.2753	-1.5535	7.2208e-05
4.2753	-1.4994	0.00017729
4.2753	-1.4452	3.6403e-05
4.2753	-1.391	3.8973e-05
4.2753	-1.3368	5.9174e-05
4.2753	-1.2826	2.4693e-05
4.2753	-1.2284	1.399e-05
4.2753	-1.1742	8.7961e-05
4.2753	-1.12	0.00011224
4.2753	-1.0658	0.00011019
4.2753	-1.0116	0.0011747
4.2753	-0.95742	0.0011843
4.2753	-0.90323	0.0012663
4.2753	-0.84903	0.019732
4.2753	-0.79484	0.06092
4.2753	-0.74065	0.081858
4.2753	-0.68645	0.052678
4.2753	-0.63226	0.012148
4.2753	-0.57806	0.00082291
4.2753	-0.52387	0.0043273
4.2753	-0.46968	0.0023296
4.2753	-0.41548	0.00018305
4.2753	-0.36129	0.0011034
4.2753	-0.3071	0.0007931
4.2753	-0.2529	9.0773e-05
4.2753	-0.19871	0.00020547
4.2753	-0.14452	0.00012454
4.2753	-0.090324	0.00011816
4.2753	-0.036129	0.00020721
4.2753	0.018065	5.5304e-05
4.2753	0.072258	3.5541e-05
4.2753	0.12645	9.573e-05
4.2753	0.18065	3.3035e-05
4.2753	0.23484	8.3423e-06
4.2753	0.28903	3.2506e-05
4.2753	0.34323	3.7307e-05
4.2753	0.39742	8.3472e-06
4.2753	0.45161	0.00016604
4.2753	0.50581	0.00075542
4.2753	0.56	0.0012144
4.2753	0.61419	0.00089791
4.2753	0.66839	0.00027462
4.2753	0.72258	1.4985e-05
4.2753	0.77677	1.9235e-05
4.2753	0.83097	1.6528e-05
4.2753	0.88516	1.4808e-06
4.2753	0.93935	1.7332e-06
4.2753	0.99354	1.8188e-06
4.2753	1.0477	4.2162e-07
4.2753	1.1019	1.2848e-07
4.2753	1.1561	6.1999e-08
4.2753	1.2103	1.0549e-08
4.2753	1.2645	8.3334e-09
4.2753	1.3187	1.7112e-09
4.2753	1.3729	5.587e-09
4.2753	1.4271	3.3035e-08
4.2753	1.4813	2.6276e-07
4.2753	1.5355	1.6267e-07
4.2753	1.5897	4.3327e-07
4.2753	1.6439	2.3499e-06
4.2753	1.6981	1.2519e-06
4.2753	1.7523	3.7648e-06
4.2753	1.8065	3.0957e-05
4.2753	1.8606	6.6108e-05
4.2753	1.9148	6.3101e-05
4.2753	1.969	2.75e-05
4.2753	2.0232	3.5418e-06
4.2753	2.0774	5.6041e-07
4.2753	2.1316	1.2877e-06
4.2753	2.1858	3.4308e-07
4.2753	2.24	5.595e-08
4.2753	2.2942	1.3486e-07
4.2753	2.3484	4.6953e-08
4.2753	2.4026	4.8865e-09
4.2753	2.4568	2.3238e-08
4.311	-2.4748	8.7828e-06
4.311	-2.4206	9.914e-07
4.311	-2.3665	5.6416e-06
4.311	-2.3123	6.2785e-06
4.311	-2.2581	1.42e-06
4.311	-2.2039	8.3479e-05
4.311	-2.1497	0.00091075
4.311	-2.0955	0.0030995
4.311	-2.0413	0.0045972
4.311	-1.9871	0.0028254
4.311	-1.9329	0.00035205
4.311	-1.8787	0.00050715
4.311	-1.8245	0.00097604
4.311	-1.7703	0.00019828
4.311	-1.7161	0.00032168
4.311	-1.6619	0.0007181
4.311	-1.6077	0.00017045
4.311	-1.5535	0.00020908
4.311	-1.4994	0.00049428
4.311	-1.4452	0.00010877
4.311	-1.391	0.00016474
4.311	-1.3368	0.0003571
4.311	-1.2826	8.1157e-05
4.311	-1.2284	8.9601e-05
4.311	-1.1742	0.00015105
4.311	-1.12	2.7678e-05
4.311	-1.0658	1.7927e-05
4.311	-1.0116	0.00011732
4.311	-0.95742	0.00015195
4.311	-0.90323	0.00054184
4.311	-0.84903	0.0084479
4.311	-0.79484	0.029182
4.311	-0.74065	0.043323
4.311	-0.68645	0.029565
4.311	-0.63226	0.0064672
4.311	-0.57806	0.0009254
4.311	-0.52387	0.0041364
4.311	-0.46968	0.0019105
4.311	-0.41548	0.00025798
4.311	-0.36129	0.0015731
4.311	-0.3071	0.00094514
4.311	-0.2529	9.9735e-05
4.311	-0.19871	0.00054321
4.311	-0.14452	0.00033072
4.311	-0.090324	0.00014226
4.311	-0.036129	0.00038862
4.311	0.018065	0.00014813
4.311	0.072258	7.1805e-05
4.311	0.12645	0.00028221
4.311	0.18065	0.00012426
4.311	0.23484	2.4199e-05
4.311	0.28903	0.00013035
4.311	0.34323	7.0488e-05
4.311	0.39742	6.4003e-06
4.311	0.45161	6.5207e-05
4.311	0.50581	0.00019466
4.311	0.56	0.00036526
4.311	0.61419	0.00034194
4.311	0.66839	0.00012055
4.311	0.72258	6.8429e-06
4.311	0.77677	2.1986e-05
4.311	0.83097	1.6884e-05
4.311	0.88516	1.6171e-06
4.311	0.93935	4.0438e-06
4.311	0.99354	3.4132e-06
4.311	1.0477	6.9343e-07
4.311	1.1019	7.3442e-07
4.311	1.1561	4.6766e-07
4.311	1.2103	6.3789e-08
4.311	1.2645	1.2415e-09
4.311	1.3187	4.2005e-10
4.311	1.3729	1.178e-09
4.311	1.4271	1.0202e-08
4.311	1.4813	7.899e-08
4.311	1.5355	4.8419e-08
4.311	1.5897	2.3618e-07
4.311	1.6439	1.2296e-06
4.311	1.6981	5.7609e-07
4.311	1.7523	3.8449e-06
4.311	1.8065	2.9097e-05
4.311	1.8606	6.4111e-05
4.311	1.9148	6.3896e-05
4.311	1.969	2.8242e-05
4.311	2.0232	3.1661e-06
4.311	2.0774	1.3126e-06
4.311	2.1316	2.3033e-06
4.311	2.1858	4.8228e-07
4.311	2.24	2.1756e-07
4.311	2.2942	4.0668e-07
4.311	2.3484	1.0212e-07
4.311	2.4026	1.4318e-08
4.311	2.4568	3.872e-08
4.3467	-2.4748	2.721e-05
4.3467	-2.4206	4.2282e-06
4.3467	-2.3665	5.3881e-05
4.3467	-2.3123	7.8289e-05
4.3467	-2.2581	1.0999e-05
4.3467	-2.2039	0.00011239
4.3467	-2.1497	0.00024227
4.3467	-2.0955	0.00027035
4.3467	-2.0413	0.00051246
4.3467	-1.9871	0.00049338
4.3467	-1.9329	7.2949e-05
4.3467	-1.8787	0.00024314
4.3467	-1.8245	0.00046666
4.3467	-1.7703	9.0045e-05
4.3467	-1.7161	0.00029653
4.3467	-1.6619	0.00059266
4.3467	-1.6077	0.00012314
4.3467	-1.5535	0.00031274
4.3467	-1.4994	0.00066243
4.3467	-1.4452	0.00013544
4.3467	-1.391	0.00032923
4.3467	-1.3368	0.00071063
4.3467	-1.2826	0.00014627
4.3467	-1.2284	0.00036086
4.3467	-1.1742	0.00076415
4.3467	-1.12	0.0001646
4.3467	-1.0658	0.00029294
4.3467	-1.0116	0.0006367
4.3467	-0.95742	0.00014514
4.3467	-0.90323	0.00013893
4.3467	-0.84903	0.0008719
4.3467	-0.79484	0.003917
4.3467	-0.74065	0.0086407
4.3467	-0.68645	0.0076299
4.3467	-0.63226	0.0017493
4.3467	-0.57806	0.00064856
4.3467	-0.52387	0.0024094
4.3467	-0.46968	0.00098228
4.3467	-0.41548	0.00028925
4.3467	-0.36129	0.0014389
4.3467	-0.3071	0.000732
4.3467	-0.2529	0.00013781
4.3467	-0.19871	0.00080121
4.3467	-0.14452	0.00044276
4.3467	-0.090324	0.00016209
4.3467	-0.036129	0.00058206
4.3467	0.018065	0.00024583
4.3467	0.072258	0.00013629
4.3467	0.12645	0.00057306
4.3467	0.18065	0.0002728
4.3467	0.23484	7.6618e-05
4.3467	0.28903	0.00045446
4.3467	0.34323	0.00028226
4.3467	0.39742	4.9804e-05
4.3467	0.45161	0.00049762
4.3467	0.50581	0.00073237
4.3467	0.56	0.00038544
4.3467	0.61419	8.3518e-05
4.3467	0.66839	1.0424e-05
4.3467	0.72258	2.3017e-06
4.3467	0.77677	8.3128e-06
4.3467	0.83097	6.5999e-06
4.3467	0.88516	1.5083e-06
4.3467	0.93935	4.2339e-06
4.3467	0.99354	3.0974e-06
4.3467	1.0477	8.951e-07
4.3467	1.1019	1.4524e-06
4.3467	1.1561	8.7667e-07
4.3467	1.2103	1.0768e-07
4.3467	1.2645	5.5303e-09
4.3467	1.3187	1.5253e-09
4.3467	1.3729	2.1834e-09
4.3467	1.4271	2.0643e-08
4.3467	1.4813	5.2877e-08
4.3467	1.5355	1.8014e-08
4.3467	1.5897	4.3262e-08
4.3467	1.6439	2.5369e-07
4.3467	1.6981	1.4179e-07
4.3467	1.7523	1.6801e-06
4.3467	1.8065	1.3578e-05
4.3467	1.8606	3.3297e-05
4.3467	1.9148	3.6135e-05
4.3467	1.969	1.643e-05
4.3467	2.0232	1.5592e-06
4.3467	2.0774	1.6795e-06
4.3467	2.1316	2.3518e-06
4.3467	2.1858	3.9608e-07
4.3467	2.24	4.2848e-07
4.3467	2.2942	6.5993e-07
4.3467	2.3484	1.3014e-07
4.3467	2.4026	5.8361e-08
4.3467	2.4568	1.1657e-07
4.3824	-2.4748	3.7132e-05
4.3824	-2.4206	8.9358e-06
4.3824	-2.3665	0.00013642
4.3824	-2.3123	0.00019599
4.3824	-2.2581	4.2976e-05
4.3824	-2.2039	0.00090425
4.3824	-2.1497	0.0028716
4.3824	-2.0955	0.0033284
4.3824	-2.0413	0.0016504
4.3824	-1.9871	0.00027694
4.3824	-1.9329	8.9883e-06
4.3824	-1.8787	2.5232e-05
4.3824	-1.8245	6.707e-05
4.3824	-1.7703	2.5383e-05
4.3824	-1.7161	0.00011834
4.3824	-1.6619	0.00024593
4.3824	-1.6077	5.4767e-05
4.3824	-1.5535	0.0002569
4.3824	-1.4994	0.00050495
4.3824	-1.4452	9.4905e-05
4.3824	-1.391	0.00038079
4.3824	-1.3368	0.00076945
4.3824	-1.2826	0.00013708
4.3824	-1.2284	0.00066591
4.3824	-1.1742	0.0013407
4.3824	-1.12	0.00026126
4.3824	-1.0658	0.0010286
4.3824	-1.0116	0.0023997
4.3824	-0.95742	0.00058716
4.3824	-0.90323	0.0021092
4.3824	-0.84903	0.0087477
4.3824	-0.79484	0.0099593
4.3824	-0.74065	0.0046412
4.3824	-0.68645	0.00097997
4.3824	-0.63226	0.00011007
4.3824	-0.57806	0.0001498
4.3824	-0.52387	0.0005824
4.3824	-0.46968	0.00024235
4.3824	-0.41548	0.00018253
4.3824	-0.36129	0.00077357
4.3824	-0.3071	0.00034864
4.3824	-0.2529	0.00014921
4.3824	-0.19871	0.00073086
4.3824	-0.14452	0.00036795
4.3824	-0.090324	0.00015802
4.3824	-0.036129	0.00062407
4.3824	0.018065	0.00025581
4.3824	0.072258	0.00020345
4.3824	0.12645	0.00080172
4.3824	0.18065	0.00035897
4.3824	0.23484	0.00017408
4.3824	0.28903	0.00093376
4.3824	0.34323	0.00054902
4.3824	0.39742	0.00021358
4.3824	0.45161	0.0021064
4.3824	0.50581	0.0037484
4.3824	0.56	0.0027812
4.3824	0.61419	0.00095464
4.3824	0.66839	0.00011959
4.3824	0.72258	3.6001e-06
4.3824	0.77677	3.7474e-06
4.3824	0.83097	1.826e-06
4.3824	0.88516	1.4913e-06
4.3824	0.93935	1.574e-06
4.3824	0.99354	1.2946e-06
4.3824	1.0477	1.0331e-06
4.3824	1.1019	1.5067e-06
4.3824	1.1561	8.2817e-07
4.3824	1.2103	1.1296e-07
4.3824	1.2645	1.3344e-08
4.3824	1.3187	4.9236e-09
4.3824	1.3729	6.4376e-09
4.3824	1.4271	8.0049e-08
4.3824	1.4813	1.9031e-07
4.3824	1.5355	4.1915e-08
4.3824	1.5897	2.5325e-07
4.3824	1.6439	4.259e-07
4.3824	1.6981	9.8763e-08
4.3824	1.7523	3.1114e-07
4.3824	1.8065	1.9316e-06
4.3824	1.8606	5.747e-06
4.3824	1.9148	7.9147e-06
4.3824	1.969	4.0937e-06
4.3824	2.0232	3.5693e-07
4.3824	2.0774	1.1548e-06
4.3824	2.1316	1.3368e-06
4.3824	2.1858	1.8922e-07
4.3824	2.24	4.8447e-07
4.3824	2.2942	6.1823e-07
4.3824	2.3484	9.3575e-08
4.3824	2.4026	1.0454e-07
4.3824	2.4568	1.6569e-07
4.4182	-2.4748	2.7879e-05
4.4182	-2.4206	1.2618e-05
4.4182	-2.3665	0.00017832
4.4182	-2.3123	0.00023376
4.4182	-2.2581	0.00010131
4.4182	-2.2039	0.0021934
4.4182	-2.1497	0.0074781
4.4182	-2.0955	0.010316
4.4182	-2.0413	0.0066137
4.4182	-1.9871	0.00154
4.4182	-1.9329	6.4816e-05
4.4182	-1.8787	0.00027179
4.4182	-1.8245	0.0001227
4.4182	-1.7703	1.7864e-05
4.4182	-1.7161	1.9512e-05
4.4182	-1.6619	2.4235e-05
4.4182	-1.6077	1.8065e-05
4.4182	-1.5535	8.3983e-05
4.4182	-1.4994	0.00018213
4.4182	-1.4452	3.9245e-05
4.4182	-1.391	0.00023553
4.4182	-1.3368	0.00046965
4.4182	-1.2826	7.8224e-05
4.4182	-1.2284	0.00069776
4.4182	-1.1742	0.001298
4.4182	-1.12	0.00022086
4.4182	-1.0658	0.0017289
4.4182	-1.0116	0.0037164
4.4182	-0.95742	0.00077985
4.4182	-0.90323	0.0069846
4.4182	-0.84903	0.030778
4.4182	-0.79484	0.044786
4.4182	-0.74065	0.030172
4.4182	-0.68645	0.0087501
4.4182	-0.63226	0.00055427
4.4182	-0.57806	0.00018803
4.4182	-0.52387	0.00015385
4.4182	-0.46968	1.5863e-05
4.4182	-0.41548	3.4613e-05
4.4182	-0.36129	0.00015479
4.4182	-0.3071	7.5106e-05
4.4182	-0.2529	8.3514e-05
4.4182	-0.19871	0.00037841
4.4182	-0.14452	0.00018994
4.4182	-0.090324	0.00010678
4.4182	-0.036129	0.00043913
4.4182	0.018065	0.00017185
4.4182	0.072258	0.00021787
4.4182	0.12645	0.0007743
4.4182	0.18065	0.00030854
4.4182	0.23484	0.00027706
4.4182	0.28903	0.0012645
4.4182	0.34323	0.00064865
4.4182	0.39742	0.00055081
4.4182	0.45161	0.0046618
4.4182	0.50581	0.0085889
4.4182	0.56	0.0069916
4.4182	0.61419	0.002701
4.4182	0.66839	0.00036313
4.4182	0.72258	1.5921e-05
4.4182	0.77677	4.3961e-05
4.4182	0.83097	1.3892e-05
4.4182	0.88516	1.4284e-06
4.4182	0.93935	6.8434e-07
4.4182	0.99354	7.4344e-07
4.4182	1.0477	9.8296e-07
4.4182	1.1019	7.785e-07
4.4182	1.1561	4.2036e-07
4.4182	1.2103	1.0271e-07
4.4182	1.2645	1.4335e-08
4.4182	1.3187	7.672e-09
4.4182	1.3729	1.17e-08
4.4182	1.4271	1.2424e-07
4.4182	1.4813	2.8061e-07
4.4182	1.5355	6.9461e-08
4.4182	1.5897	7.6675e-07
4.4182	1.6439	1.2407e-06
4.4182	1.6981	2.4473e-07
4.4182	1.7523	3.4453e-06
4.4182	1.8065	9.8157e-06
4.4182	1.8606	9.7359e-06
4.4182	1.9148	4.2809e-06
4.4182	1.969	7.6503e-07
4.4182	2.0232	5.4241e-08
4.4182	2.0774	3.3079e-07
4.4182	2.1316	3.1432e-07
4.4182	2.1858	5.1316e-08
4.4182	2.24	3.0661e-07
4.4182	2.2942	3.3628e-07
4.4182	2.3484	3.9994e-08
4.4182	2.4026	9.686e-08
4.4182	2.4568	1.2825e-07
4.4539	-2.4748	9.4666e-06
4.4539	-2.4206	9.2321e-06
4.4539	-2.3665	0.00012245
4.4539	-2.3123	0.00014993
4.4539	-2.2581	0.00014815
4.4539	-2.2039	0.0028076
4.4539	-2.1497	0.0098336
4.4539	-2.0955	0.014582
4.4539	-2.0413	0.010119
4.4539	-1.9871	0.002437
4.4539	-1.9329	0.00018276
4.4539	-1.8787	0.00094282
4.4539	-1.8245	0.00046101
4.4539	-1.7703	5.4421e-05
4.4539	-1.7161	0.00024119
4.4539	-1.6619	0.00011139
4.4539	-1.6077	1.9408e-05
4.4539	-1.5535	3.7995e-05
4.4539	-1.4994	1.5628e-05
4.4539	-1.4452	1.3762e-05
4.4539	-1.391	4.6417e-05
4.4539	-1.3368	0.00011192
4.4539	-1.2826	2.4062e-05
4.4539	-1.2284	0.00036592
4.4539	-1.1742	0.00067896
4.4539	-1.12	0.0001196
4.4539	-1.0658	0.0016477
4.4539	-1.0116	0.0032396
4.4539	-0.95742	0.00063126
4.4539	-0.90323	0.011505
4.4539	-0.84903	0.049431
4.4539	-0.79484	0.077263
4.4539	-0.74065	0.057719
4.4539	-0.68645	0.018567
4.4539	-0.63226	0.0011346
4.4539	-0.57806	0.0012622
4.4539	-0.52387	0.0012111
4.4539	-0.46968	0.00011001
4.4539	-0.41548	0.000127
4.4539	-0.36129	0.00011191
4.4539	-0.3071	1.0007e-05
4.4539	-0.2529	1.4913e-05
4.4539	-0.19871	7.164e-05
4.4539	-0.14452	5.1574e-05
4.4539	-0.090324	2.9672e-05
4.4539	-0.036129	0.00015869
4.4539	0.018065	6.9651e-05
4.4539	0.072258	0.00014208
4.4539	0.12645	0.00047495
4.4539	0.18065	0.00016891
4.4539	0.23484	0.00029317
4.4539	0.28903	0.0011504
4.4539	0.34323	0.00049733
4.4539	0.39742	0.00092172
4.4539	0.45161	0.0066524
4.4539	0.50581	0.012263
4.4539	0.56	0.010306
4.4539	0.61419	0.0040806
4.4539	0.66839	0.00051132
4.4539	0.72258	5.0967e-05
4.4539	0.77677	0.00012734
4.4539	0.83097	3.439e-05
4.4539	0.88516	2.7705e-06
4.4539	0.93935	7.1011e-06
4.4539	0.99354	2.8181e-06
4.4539	1.0477	7.0215e-07
4.4539	1.1019	1.6099e-07
4.4539	1.1561	1.0396e-07
4.4539	1.2103	9.5314e-08
4.4539	1.2645	1.0187e-08
4.4539	1.3187	6.2227e-09
4.4539	1.3729	2.2847e-08
4.4539	1.4271	1.0121e-07
4.4539	1.4813	1.8901e-07
4.4539	1.5355	7.8382e-08
4.4539	1.5897	9.1007e-07
4.4539	1.6439	1.3892e-06
4.4539	1.6981	4.4985e-07
4.4539	1.7523	9.1173e-06
4.4539	1.8065	2.8934e-05
4.4539	1.8606	3.5398e-05
4.4539	1.9148	1.9904e-05
4.4539	1.969	4.298e-06
4.4539	2.0232	1.4087e-07
4.4539	2.0774	3.087e-07
4.4539	2.1316	1.4148e-07
4.4539	2.1858	1.4313e-08
4.4539	2.24	1.0118e-07
4.4539	2.2942	1.0481e-07
4.4539	2.3484	1.4265e-08
4.4539	2.4026	3.677e-08
4.4539	2.4568	4.5439e-08
4.4896	-2.4748	8.0004e-07
4.4896	-2.4206	1.3903e-06
4.4896	-2.3665	2.4521e-05
4.4896	-2.3123	3.6226e-05
4.4896	-2.2581	9.9895e-05
4.4896	-2.2039	0.0018223
4.4896	-2.1497	0.0069847
4.4896	-2.0955	0.011385
4.4896	-2.0413	0.0084589
4.4896	-1.9871	0.0019876
4.4896	-1.9329	0.00031084
4.4896	-1.8787	0.00143
4.4896	-1.8245	0.00064044
4.4896	-1.7703	0.00013855
4.4896	-1.7161	0.0007022
4.4896	-1.6619	0.00034882
4.4896	-1.6077	6.4017e-05
4.4896	-1.5535	0.00031418
4.4896	-1.4994	0.00013845
4.4896	-1.4452	3.6516e-05
4.4896	-1.391	0.00011712
4.4896	-1.3368	3.6396e-05
4.4896	-1.2826	4.4268e-06
4.4896	-1.2284	4.3339e-05
4.4896	-1.1742	0.0001089
4.4896	-1.12	3.3866e-05
4.4896	-1.0658	0.00073193
4.4896	-1.0116	0.001444
4.4896	-0.95742	0.00038674
4.4896	-0.90323	0.010722
4.4896	-0.84903	0.045852
4.4896	-0.79484	0.075756
4.4896	-0.74065	0.059985
4.4896	-0.68645	0.019685
4.4896	-0.63226	0.001048
4.4896	-0.57806	0.0026944
4.4896	-0.52387	0.0024267
4.4896	-0.46968	0.00020689
4.4896	-0.41548	0.00058322
4.4896	-0.36129	0.00059053
4.4896	-0.3071	5.4782e-05
4.4896	-0.2529	0.00010608
4.4896	-0.19871	8.9866e-05
4.4896	-0.14452	1.1718e-05
4.4896	-0.090324	2.0272e-05
4.4896	-0.036129	2.2394e-05
4.4896	0.018065	1.6526e-05
4.4896	0.072258	3.243e-05
4.4896	0.12645	0.00013065
4.4896	0.18065	4.8438e-05
4.4896	0.23484	0.00017276
4.4896	0.28903	0.00063299
4.4896	0.34323	0.00023264
4.4896	0.39742	0.00098234
4.4896	0.45161	0.0063107
4.4896	0.50581	0.011737
4.4896	0.56	0.010109
4.4896	0.61419	0.0040138
4.4896	0.66839	0.000445
4.4896	0.72258	0.00010192
4.4896	0.77677	0.00020054
4.4896	0.83097	4.4794e-05
4.4896	0.88516	7.7176e-06
4.4896	0.93935	1.9763e-05
4.4896	0.99354	5.7506e-06
4.4896	1.0477	6.0594e-07
4.4896	1.1019	6.4181e-07
4.4896	1.1561	1.3394e-07
4.4896	1.2103	9.2315e-08
4.4896	1.2645	8.8586e-09
4.4896	1.3187	3.0396e-09
4.4896	1.3729	6.3526e-08
4.4896	1.4271	1.4539e-07
4.4896	1.4813	6.5031e-08
4.4896	1.5355	9.4929e-08
4.4896	1.5897	4.9401e-07
4.4896	1.6439	6.3646e-07
4.4896	1.6981	4.8177e-07
4.4896	1.7523	9.6322e-06
4.4896	1.8065	3.291e-05
4.4896	1.8606	4.5261e-05
4.4896	1.9148	2.8566e-05
4.4896	1.969	6.523e-06
4.4896	2.0232	2.701e-07
4.4896	2.0774	1.1716e-06
4.4896	2.1316	5.567e-07
4.4896	2.1858	3.0355e-08
4.4896	2.24	1.3638e-07
4.4896	2.2942	9.6732e-08
4.4896	2.3484	2.0343e-08
4.4896	2.4026	5.6361e-09
4.4896	2.4568	3.7686e-09
4.5253	-2.4748	8.0481e-06
4.5253	-2.4206	1.7151e-05
4.5253	-2.3665	3.99e-05
4.5253	-2.3123	9.0456e-06
4.5253	-2.2581	1.397e-05
4.5253	-2.2039	0.0002752
4.5253	-2.1497	0.0016445
4.5253	-2.0955	0.003704
4.5253	-2.0413	0.0033639
4.5253	-1.9871	0.00081211
4.5253	-1.9329	0.00030204
4.5253	-1.8787	0.0011753
4.5253	-1.8245	0.00046293
4.5253	-1.7703	0.00022844
4.5253	-1.7161	0.00098551
4.5253	-1.6619	0.0004453
4.5253	-1.6077	0.00015471
4.5253	-1.5535	0.00076798
4.5253	-1.4994	0.00037012
4.5253	-1.4452	0.00011557
4.5253	-1.391	0.00055524
4.5253	-1.3368	0.00025969
4.5253	-1.2826	5.7987e-05
4.5253	-1.2284	0.00027486
4.5253	-1.1742	0.00011129
4.5253	-1.12	1.1273e-05
4.5253	-1.0658	7.3376e-05
4.5253	-1.0116	0.00014667
4.5253	-0.95742	0.00012631
4.5253	-0.90323	0.0043797
4.5253	-0.84903	0.021383
4.5253	-0.79484	0.040468
4.5253	-0.74065	0.035488
4.5253	-0.68645	0.012018
4.5253	-0.63226	0.00063021
4.5253	-0.57806	0.0030696
4.5253	-0.52387	0.002504
4.5253	-0.46968	0.00020308
4.5253	-0.41548	0.0010862
4.5253	-0.36129	0.0010305
4.5253	-0.3071	9.2165e-05
4.5253	-0.2529	0.00039356
4.5253	-0.19871	0.00037197
4.5253	-0.14452	3.1117e-05
4.5253	-0.090324	0.0001636
4.5253	-0.036129	0.00013709
4.5253	0.018065	1.5487e-05
4.5253	0.072258	3.1933e-05
4.5253	0.12645	1.9009e-05
4.5253	0.18065	4.4367e-06
4.5253	0.23484	2.6634e-05
4.5253	0.28903	0.00013
4.5253	0.34323	4.8384e-05
4.5253	0.39742	0.00055453
4.5253	0.45161	0.0035277
4.5253	0.50581	0.0070144
4.5253	0.56	0.0064104
4.5253	0.61419	0.0025912
4.5253	0.66839	0.00024865
4.5253	0.72258	0.00012981
4.5253	0.77677	0.00020416
4.5253	0.83097	3.6963e-05
4.5253	0.88516	1.482e-05
4.5253	0.93935	2.9858e-05
4.5253	0.99354	6.7605e-06
4.5253	1.0477	1.188e-06
4.5253	1.1019	2.0975e-06
4.5253	1.1561	3.5324e-07
4.5253	1.2103	9.51e-08
4.5253	1.2645	1.1864e-08
4.5253	1.3187	5.5709e-09
4.5253	1.3729	1.8552e-07
4.5253	1.4271	5.5926e-07
4.5253	1.4813	1.5644e-07
4.5253	1.5355	3.3696e-07
4.5253	1.5897	8.6522e-07
4.5253	1.6439	2.8977e-07
4.5253	1.6981	2.6109e-07
4.5253	1.7523	3.5212e-06
4.5253	1.8065	1.3689e-05
4.5253	1.8606	2.2964e-05
4.5253	1.9148	1.6936e-05
4.5253	1.969	4.0058e-06
4.5253	2.0232	3.8699e-07
4.5253	2.0774	1.6785e-06
4.5253	2.1316	7.337e-07
4.5253	2.1858	9.1511e-08
4.5253	2.24	3.7173e-07
4.5253	2.2942	2.0297e-07
4.5253	2.3484	5.2639e-08
4.5253	2.4026	7.1681e-08
4.5253	2.4568	3.4596e-08
4.5611	-2.4748	1.9754e-05
4.5611	-2.4206	9.427e-05
4.5611	-2.3665	0.00026487
4.5611	-2.3123	7.5778e-05
4.5611	-2.2581	0.0002929
4.5611	-2.2039	0.0012999
4.5611	-2.1497	0.0014763
4.5611	-2.0955	0.00068441
4.5611	-2.0413	0.00027649
4.5611	-1.9871	8.0115e-05
4.5611	-1.9329	0.00010404
4.5611	-1.8787	0.00040538
4.5611	-1.8245	0.00014707
4.5611	-1.7703	0.00021352
4.5611	-1.7161	0.00076723
4.5611	-1.6619	0.00030672
4.5611	-1.6077	0.00022723
4.5611	-1.5535	0.00097583
4.5611	-1.4994	0.00044346
4.5611	-1.4452	0.00021915
4.5611	-1.391	0.0010424
4.5611	-1.3368	0.00048747
4.5611	-1.2826	0.00022315
4.5611	-1.2284	0.0011158
4.5611	-1.1742	0.0005569
4.5611	-1.12	0.00017197
4.5611	-1.0658	0.00094822
4.5611	-1.0116	0.00050414
4.5611	-0.95742	7.8482e-05
4.5611	-0.90323	0.00058762
4.5611	-0.84903	0.0020509
4.5611	-0.79484	0.0062823
4.5611	-0.74065	0.0081731
4.5611	-0.68645	0.0034125
4.5611	-0.63226	0.00026038
4.5611	-0.57806	0.0018672
4.5611	-0.52387	0.0014552
4.5611	-0.46968	0.00015318
4.5611	-0.41548	0.0011235
4.5611	-0.36129	0.00097275
4.5611	-0.3071	9.6406e-05
4.5611	-0.2529	0.0006587
4.5611	-0.19871	0.00059395
4.5611	-0.14452	5.4733e-05
4.5611	-0.090324	0.00040144
4.5611	-0.036129	0.00035982
4.5611	0.018065	3.5428e-05
4.5611	0.072258	0.00022623
4.5611	0.12645	0.00019436
4.5611	0.18065	1.6341e-05
4.5611	0.23484	7.9505e-05
4.5611	0.28903	5.9983e-05
4.5611	0.34323	4.4247e-06
4.5611	0.39742	7.4152e-05
4.5611	0.45161	0.00065409
4.5611	0.50581	0.001791
4.5611	0.56	0.0020418
4.5611	0.61419	0.00092664
4.5611	0.66839	7.9615e-05
4.5611	0.72258	0.00010013
4.5611	0.77677	0.00013345
4.5611	0.83097	1.9572e-05
4.5611	0.88516	1.7919e-05
4.5611	0.93935	2.8897e-05
4.5611	0.99354	5.1222e-06
4.5611	1.0477	2.1655e-06
4.5611	1.1019	3.2848e-06
4.5611	1.1561	4.6567e-07
4.5611	1.2103	1.0156e-07
4.5611	1.2645	1.5083e-08
4.5611	1.3187	1.6059e-08
4.5611	1.3729	4.3474e-07
4.5611	1.4271	1.466e-06
4.5611	1.4813	4.6289e-07
4.5611	1.5355	1.3018e-06
4.5611	1.5897	4.0487e-06
4.5611	1.6439	1.4431e-06
4.5611	1.6981	1.6766e-06
4.5611	1.7523	8.1044e-06
4.5611	1.8065	8.433e-06
4.5611	1.8606	4.157e-06
4.5611	1.9148	2.1442e-06
4.5611	1.969	6.2809e-07
4.5611	2.0232	2.921e-07
4.5611	2.0774	9.5718e-07
4.5611	2.1316	4.1334e-07
4.5611	2.1858	1.6436e-07
4.5611	2.24	4.6758e-07
4.5611	2.2942	2.2733e-07
4.5611	2.3484	1.0777e-07
4.5611	2.4026	1.8886e-07
4.5611	2.4568	8.8574e-08
4.5968	-2.4748	2.3166e-05
4.5968	-2.4206	0.00022045
4.5968	-2.3665	0.00057882
4.5968	-2.3123	0.00014586
4.5968	-2.2581	0.0014341
4.5968	-2.2039	0.0072996
4.5968	-2.1497	0.011938
4.5968	-2.0955	0.0088289
4.5968	-2.0413	0.0027337
4.5968	-1.9871	0.00017898
4.5968	-1.9329	6.4444e-05
4.5968	-1.8787	5.9395e-05
4.5968	-1.8245	1.1005e-05
4.5968	-1.7703	7.1999e-05
4.5968	-1.7161	0.00025039
4.5968	-1.6619	9.8686e-05
4.5968	-1.6077	0.000176
4.5968	-1.5535	0.00068589
4.5968	-1.4994	0.000297
4.5968	-1.4452	0.00024487
4.5968	-1.391	0.0010881
4.5968	-1.3368	0.00046756
4.5968	-1.2826	0.00042004
4.5968	-1.2284	0.0018719
4.5968	-1.1742	0.00087351
4.5968	-1.12	0.00060285
4.5968	-1.0658	0.0031719
4.5968	-1.0116	0.0017921
4.5968	-0.95742	0.0011051
4.5968	-0.90323	0.0094751
4.5968	-0.84903	0.015253
4.5968	-0.79484	0.0093879
4.5968	-0.74065	0.0022867
4.5968	-0.68645	0.00025633
4.5968	-0.63226	3.5981e-05
4.5968	-0.57806	0.00035626
4.5968	-0.52387	0.00036449
4.5968	-0.46968	8.4454e-05
4.5968	-0.41548	0.00059976
4.5968	-0.36129	0.00050961
4.5968	-0.3071	8.1282e-05
4.5968	-0.2529	0.00062022
4.5968	-0.19871	0.00052474
4.5968	-0.14452	6.0623e-05
4.5968	-0.090324	0.00052955
4.5968	-0.036129	0.00045001
4.5968	0.018065	5.7082e-05
4.5968	0.072258	0.00049936
4.5968	0.12645	0.00043533
4.5968	0.18065	4.7904e-05
4.5968	0.23484	0.00042313
4.5968	0.28903	0.00041871
4.5968	0.34323	4.4193e-05
4.5968	0.39742	0.00042638
4.5968	0.45161	0.00076168
4.5968	0.50581	0.0004476
4.5968	0.56	0.00018174
4.5968	0.61419	8.7497e-05
4.5968	0.66839	8.759e-06
4.5968	0.72258	3.4784e-05
4.5968	0.77677	4.5537e-05
4.5968	0.83097	5.8331e-06
4.5968	0.88516	1.2656e-05
4.5968	0.93935	1.7553e-05
4.5968	0.99354	2.4818e-06
4.5968	1.0477	2.4916e-06
4.5968	1.1019	3.1218e-06
4.5968	1.1561	3.7104e-07
4.5968	1.2103	9.5657e-08
4.5968	1.2645	1.6705e-08
4.5968	1.3187	2.7602e-08
4.5968	1.3729	7.5607e-07
4.5968	1.4271	2.4648e-06
4.5968	1.4813	7.1293e-07
4.5968	1.5355	3.322e-06
4.5968	1.5897	1.01e-05
4.5968	1.6439	3.3554e-06
4.5968	1.6981	9.5123e-06
4.5968	1.7523	5.1356e-05
4.5968	1.8065	7.4125e-05
4.5968	1.8606	4.6178e-05
4.5968	1.9148	1.2277e-05
4.5968	1.969	9.8371e-07
4.5968	2.0232	1.0427e-07
4.5968	2.0774	1.0787e-07
4.5968	2.1316	1.1637e-07
4.5968	2.1858	1.4858e-07
4.5968	2.24	2.4741e-07
4.5968	2.2942	1.445e-07
4.5968	2.3484	1.5386e-07
4.5968	2.4026	2.3232e-07
4.5968	2.4568	1.0357e-07
4.6325	-2.4748	1.7725e-05
4.6325	-2.4206	0.00029495
4.6325	-2.3665	0.00069991
4.6325	-2.3123	0.00015933
4.6325	-2.2581	0.003209
4.6325	-2.2039	0.016045
4.6325	-2.1497	0.028624
4.6325	-2.0955	0.024118
4.6325	-2.0413	0.0086594
4.6325	-1.9871	0.0005859
4.6325	-1.9329	0.00074639
4.6325	-1.8787	0.00081449
4.6325	-1.8245	0.0001071
4.6325	-1.7703	3.7235e-05
4.6325	-1.7161	4.2432e-05
4.6325	-1.6619	1.0335e-05
4.6325	-1.6077	3.7269e-05
4.6325	-1.5535	0.00018089
4.6325	-1.4994	9.6998e-05
4.6325	-1.4452	0.00012504
4.6325	-1.391	0.0005934
4.6325	-1.3368	0.00024639
4.6325	-1.2826	0.00042854
4.6325	-1.2284	0.001737
4.6325	-1.1742	0.00072248
4.6325	-1.12	0.0010418
4.6325	-1.0658	0.0047806
4.6325	-1.0116	0.0023941
4.6325	-0.95742	0.0037215
4.6325	-0.90323	0.030127
4.6325	-0.84903	0.058272
4.6325	-0.79484	0.049509
4.6325	-0.74065	0.018891
4.6325	-0.68645	0.0020686
4.6325	-0.63226	0.00023327
4.6325	-0.57806	0.0003924
4.6325	-0.52387	8.8986e-05
4.6325	-0.46968	3.1674e-05
4.6325	-0.41548	7.9689e-05
4.6325	-0.36129	0.00010223
4.6325	-0.3071	4.5049e-05
4.6325	-0.2529	0.00028668
4.6325	-0.19871	0.0002511
4.6325	-0.14452	4.4379e-05
4.6325	-0.090324	0.00040003
4.6325	-0.036129	0.00032197
4.6325	0.018065	6.7904e-05
4.6325	0.072258	0.00059692
4.6325	0.12645	0.00048209
4.6325	0.18065	8.4391e-05
4.6325	0.23484	0.00082648
4.6325	0.28903	0.00078547
4.6325	0.34323	0.00013352
4.6325	0.39742	0.001987
4.6325	0.45161	0.0045469
4.6325	0.50581	0.0039786
4.6325	0.56	0.0015796
4.6325	0.61419	0.00023457
4.6325	0.66839	4.4864e-06
4.6325	0.72258	5.2642e-06
4.6325	0.77677	3.7925e-06
4.6325	0.83097	5.5457e-07
4.6325	0.88516	3.6178e-06
4.6325	0.93935	5.2004e-06
4.6325	0.99354	6.6257e-07
4.6325	1.0477	1.5955e-06
4.6325	1.1019	1.7967e-06
4.6325	1.1561	1.8848e-07
4.6325	1.2103	6.4401e-08
4.6325	1.2645	1.6519e-08
4.6325	1.3187	3.2129e-08
4.6325	1.3729	9.3861e-07
4.6325	1.4271	2.8084e-06
4.6325	1.4813	6.9693e-07
4.6325	1.5355	5.7054e-06
4.6325	1.5897	1.5632e-05
4.6325	1.6439	4.2917e-06
4.6325	1.6981	2.711e-05
4.6325	1.7523	0.00013953
4.6325	1.8065	0.00022122
4.6325	1.8606	0.00016129
4.6325	1.9148	5.2523e-05
4.6325	1.969	4.511e-06
4.6325	2.0232	1.0083e-06
4.6325	2.0774	1.3253e-06
4.6325	2.1316	3.2272e-07
4.6325	2.1858	7.2056e-08
4.6325	2.24	3.3235e-08
4.6325	2.2942	9.1425e-08
4.6325	2.3484	1.4012e-07
4.6325	2.4026	1.4733e-07
4.6325	2.4568	7.2423e-08
4.6683	-2.4748	8.6037e-06
4.6683	-2.4206	0.00020818
4.6683	-2.3665	0.00047092
4.6683	-2.3123	0.00013302
4.6683	-2.2581	0.0041439
4.6683	-2.2039	0.020326
4.6683	-2.1497	0.037978
4.6683	-2.0955	0.033782
4.6683	-2.0413	0.01239
4.6683	-1.9871	0.00073753
4.6683	-1.9329	0.0021571
4.6683	-1.8787	0.0022257
4.6683	-1.8245	0.00024318
4.6683	-1.7703	0.00043476
4.6683	-1.7161	0.00050764
4.6683	-1.6619	5.2637e-05
4.6683	-1.6077	0.00010183
4.6683	-1.5535	7.0247e-05
4.6683	-1.4994	1.4159e-05
4.6683	-1.4452	2.2998e-05
4.6683	-1.391	8.4321e-05
4.6683	-1.3368	5.1923e-05
4.6683	-1.2826	0.0001712
4.6683	-1.2284	0.00077248
4.6683	-1.1742	0.00031041
4.6683	-1.12	0.00094296
4.6683	-1.0658	0.0039535
4.6683	-1.0116	0.0017003
4.6683	-0.95742	0.0061918
4.6683	-0.90323	0.045604
4.6683	-0.84903	0.093364
4.6683	-0.79484	0.08739
4.6683	-0.74065	0.037178
4.6683	-0.68645	0.0042492
4.6683	-0.63226	0.0011954
4.6683	-0.57806	0.0022672
4.6683	-0.52387	0.0004628
4.6683	-0.46968	0.00015449
4.6683	-0.41548	0.00024273
4.6683	-0.36129	4.5627e-05
4.6683	-0.3071	2.6399e-05
4.6683	-0.2529	3.2473e-05
4.6683	-0.19871	3.9459e-05
4.6683	-0.14452	1.7056e-05
4.6683	-0.090324	0.00012933
4.6683	-0.036129	0.00011323
4.6683	0.018065	4.7776e-05
4.6683	0.072258	0.00039573
4.6683	0.12645	0.00029989
4.6683	0.18065	0.00010206
4.6683	0.23484	0.00089834
4.6683	0.28903	0.00077169
4.6683	0.34323	0.00026443
4.6683	0.39742	0.0037912
4.6683	0.45161	0.0090169
4.6683	0.50581	0.0088727
4.6683	0.56	0.0041372
4.6683	0.61419	0.00072807
4.6683	0.66839	1.9325e-05
4.6683	0.72258	5.7305e-05
4.6683	0.77677	2.0143e-05
4.6683	0.83097	6.1257e-07
4.6683	0.88516	1.5741e-06
4.6683	0.93935	6.1307e-07
4.6683	0.99354	5.8046e-08
4.6683	1.0477	3.6641e-07
4.6683	1.1019	4.8556e-07
4.6683	1.1561	5.7287e-08
4.6683	1.2103	2.2714e-08
4.6683	1.2645	1.2157e-08
4.6683	1.3187	2.6458e-08
4.6683	1.3729	7.6095e-07
4.6683	1.4271	2.1134e-06
4.6683	1.4813	4.8042e-07
4.6683	1.5355	6.6346e-06
4.6683	1.5897	1.6163e-05
4.6683	1.6439	3.669e-06
4.6683	1.6981	4.8326e-05
4.6683	1.7523	0.00023081
4.6683	1.8065	0.00037455
4.6683	1.8606	0.00028561
4.6683	1.9148	9.5638e-05
4.6683	1.969	7.0981e-06
4.6683	2.0232	4.3351e-06
4.6683	2.0774	5.1852e-06
4.6683	2.1316	8.3207e-07
4.6683	2.1858	2.4829e-07
4.6683	2.24	3.4578e-07
4.6683	2.2942	1.5243e-07
4.6683	2.3484	7.6195e-08
4.6683	2.4026	3.1167e-08
4.6683	2.4568	3.5346e-08
4.704	-2.4748	1.3705e-06
4.704	-2.4206	3.6144e-05
4.704	-2.3665	0.00010644
4.704	-2.3123	7.1618e-05
4.704	-2.2581	0.0026928
4.704	-2.2039	0.01419
4.704	-2.1497	0.029102
4.704	-2.0955	0.027828
4.704	-2.0413	0.010306
4.704	-1.9871	0.00059625
4.704	-1.9329	0.0032659
4.704	-1.8787	0.0030186
4.704	-1.8245	0.00027346
4.704	-1.7703	0.0012104
4.704	-1.7161	0.001287
4.704	-1.6619	0.00012353
4.704	-1.6077	0.0006711
4.704	-1.5535	0.00064245
4.704	-1.4994	6.2004e-05
4.704	-1.4452	0.0003173
4.704	-1.391	0.00023474
4.704	-1.3368	1.6296e-05
4.704	-1.2826	5.6973e-05
4.704	-1.2284	7.094e-05
4.704	-1.1742	3.9101e-05
4.704	-1.12	0.00028059
4.704	-1.0658	0.001391
4.704	-1.0116	0.00057095
4.704	-0.95742	0.0052312
4.704	-0.90323	0.037624
4.704	-0.84903	0.082591
4.704	-0.79484	0.083356
4.704	-0.74065	0.037226
4.704	-0.68645	0.0038897
4.704	-0.63226	0.0024613
4.704	-0.57806	0.0041442
4.704	-0.52387	0.00075444
4.704	-0.46968	0.0005781
4.704	-0.41548	0.0010793
4.704	-0.36129	0.00021518
4.704	-0.3071	0.00013768
4.704	-0.2529	0.00022254
4.704	-0.19871	3.3257e-05
4.704	-0.14452	3.5508e-05
4.704	-0.090324	3.2541e-05
4.704	-0.036129	9.2562e-06
4.704	0.018065	9.2996e-06
4.704	0.072258	9.4168e-05
4.704	0.12645	8.0899e-05
4.704	0.18065	6.5281e-05
4.704	0.23484	0.00052372
4.704	0.28903	0.00041482
4.704	0.34323	0.00033306
4.704	0.39742	0.0041005
4.704	0.45161	0.0099212
4.704	0.50581	0.010343
4.704	0.56	0.0051098
4.704	0.61419	0.00089945
4.704	0.66839	3.8759e-05
4.704	0.72258	0.0001503
4.704	0.77677	5.4323e-05
4.704	0.83097	2.8696e-06
4.704	0.88516	1.1523e-05
4.704	0.93935	4.0507e-06
4.704	0.99354	1.4388e-07
4.704	1.0477	3.7334e-07
4.704	1.1019	9.8948e-08
4.704	1.1561	1.1214e-08
4.704	1.2103	1.7871e-09
4.704	1.2645	4.723e-09
4.704	1.3187	1.3081e-08
4.704	1.3729	2.9831e-07
4.704	1.4271	8.7666e-07
4.704	1.4813	2.3548e-07
4.704	1.5355	4.7831e-06
4.704	1.5897	1.0709e-05
4.704	1.6439	2.4141e-06
4.704	1.6981	5.661e-05
4.704	1.7523	0.00025514
4.704	1.8065	0.00041965
4.704	1.8606	0.00032638
4.704	1.9148	0.00010752
4.704	1.969	6.4692e-06
4.704	2.0232	9.2659e-06
4.704	2.0774	9.336e-06
4.704	2.1316	1.0936e-06
4.704	2.1858	9.8301e-07
4.704	2.24	1.2472e-06
4.704	2.2942	2.5082e-07
4.704	2.3484	6.8021e-08
4.704	2.4026	3.3771e-08
4.704	2.4568	2.4031e-08
4.7397	-2.4748	3.0714e-05
4.7397	-2.4206	0.00017735
4.7397	-2.3665	9.2953e-05
4.7397	-2.3123	1.7041e-05
4.7397	-2.2581	0.00035872
4.7397	-2.2039	0.0028271
4.7397	-2.1497	0.0085848
4.7397	-2.0955	0.01063
4.7397	-2.0413	0.0044122
4.7397	-1.9871	0.00035593
4.7397	-1.9329	0.0027904
4.7397	-1.8787	0.0023714
4.7397	-1.8245	0.00022226
4.7397	-1.7703	0.0017151
4.7397	-1.7161	0.0015937
4.7397	-1.6619	0.00017993
4.7397	-1.6077	0.0015812
4.7397	-1.5535	0.0014695
4.7397	-1.4994	0.00015662
4.7397	-1.4452	0.0011876
4.7397	-1.391	0.0011016
4.7397	-1.3368	0.00010471
4.7397	-1.2826	0.00078905
4.7397	-1.2284	0.00068663
4.7397	-1.1742	5.3556e-05
4.7397	-1.12	0.00026578
4.7397	-1.0658	0.0001997
4.7397	-1.0116	3.7636e-05
4.7397	-0.95742	0.0012188
4.7397	-0.90323	0.011763
4.7397	-0.84903	0.033171
4.7397	-0.79484	0.040049
4.7397	-0.74065	0.019744
4.7397	-0.68645	0.0018676
4.7397	-0.63226	0.0027032
4.7397	-0.57806	0.0039833
4.7397	-0.52387	0.00059742
4.7397	-0.46968	0.0010654
4.7397	-0.41548	0.0017907
4.7397	-0.36129	0.00031509
4.7397	-0.3071	0.00042146
4.7397	-0.2529	0.0007654
4.7397	-0.19871	0.00014071
4.7397	-0.14452	0.00017181
4.7397	-0.090324	0.00028818
4.7397	-0.036129	4.7354e-05
4.7397	0.018065	3.7802e-05
4.7397	0.072258	5.1118e-05
4.7397	0.12645	7.5062e-06
4.7397	0.18065	8.9174e-06
4.7397	0.23484	8.8585e-05
4.7397	0.28903	8.0484e-05
4.7397	0.34323	0.00020154
4.7397	0.39742	0.0023233
4.7397	0.45161	0.0061036
4.7397	0.50581	0.0069557
4.7397	0.56	0.0036583
4.7397	0.61419	0.0006257
4.7397	0.66839	5.477e-05
4.7397	0.72258	0.00019191
4.7397	0.77677	6.3216e-05
4.7397	0.83097	6.4644e-06
4.7397	0.88516	2.5282e-05
4.7397	0.93935	8.7902e-06
4.7397	0.99354	5.9297e-07
4.7397	1.0477	1.9925e-06
4.7397	1.1019	4.9755e-07
4.7397	1.1561	1.6881e-08
4.7397	1.2103	1.1241e-08
4.7397	1.2645	3.9155e-09
4.7397	1.3187	1.0947e-08
4.7397	1.3729	3.3024e-08
4.7397	1.4271	9.5714e-08
4.7397	1.4813	5.1583e-08
4.7397	1.5355	1.4512e-06
4.7397	1.5897	3.521e-06
4.7397	1.6439	1.2579e-06
4.7397	1.6981	3.9859e-05
4.7397	1.7523	0.0001797
4.7397	1.8065	0.00030852
4.7397	1.8606	0.00024799
4.7397	1.9148	7.9974e-05
4.7397	1.969	4.0143e-06
4.7397	2.0232	1.232e-05
4.7397	2.0774	1.0498e-05
4.7397	2.1316	9.1349e-07
4.7397	2.1858	2.0356e-06
4.7397	2.24	2.1286e-06
4.7397	2.2942	2.6941e-07
4.7397	2.3484	2.1065e-07
4.7397	2.4026	1.8484e-07
4.7397	2.4568	3.2563e-08
4.7754	-2.4748	0.00020673
4.7754	-2.4206	0.0012083
4.7754	-2.3665	0.00075037
4.7754	-2.3123	0.00050255
4.7754	-2.2581	0.0044969
4.7754	-2.2039	0.0072319
4.7754	-2.1497	0.0042425
4.7754	-2.0955	0.0012331
4.7754	-2.0413	0.0004081
4.7754	-1.9871	8.9027e-05
4.7754	-1.9329	0.00094006
4.7754	-1.8787	0.00087513
4.7754	-1.8245	0.00013267
4.7754	-1.7703	0.001281
4.7754	-1.7161	0.0010634
4.7754	-1.6619	0.00023357
4.7754	-1.6077	0.0020888
4.7754	-1.5535	0.0017723
4.7754	-1.4994	0.00023374
4.7754	-1.4452	0.0021594
4.7754	-1.391	0.0019411
4.7754	-1.3368	0.00025631
4.7754	-1.2826	0.002496
4.7754	-1.2284	0.0023683
4.7754	-1.1742	0.00026863
4.7754	-1.12	0.0025551
4.7754	-1.0658	0.0027065
4.7754	-1.0116	0.00029521
4.7754	-0.95742	0.0027794
4.7754	-0.90323	0.0047263
4.7754	-0.84903	0.0034934
4.7754	-0.79484	0.0042196
4.7754	-0.74065	0.0031848
4.7754	-0.68645	0.00034648
4.7754	-0.63226	0.0013523
4.7754	-0.57806	0.001902
4.7754	-0.52387	0.00024185
4.7754	-0.46968	0.001095
4.7754	-0.41548	0.0016241
4.7754	-0.36129	0.00023789
4.7754	-0.3071	0.0006813
4.7754	-0.2529	0.001144
4.7754	-0.19871	0.00019576
4.7754	-0.14452	0.00039166
4.7754	-0.090324	0.00069657
4.7754	-0.036129	0.0001202
4.7754	0.018065	0.00021474
4.7754	0.072258	0.00038918
4.7754	0.12645	7.128e-05
4.7754	0.18065	7.7426e-05
4.7754	0.23484	0.0001347
4.7754	0.28903	2.4165e-05
4.7754	0.34323	2.2925e-05
4.7754	0.39742	0.00032152
4.7754	0.45161	0.0012936
4.7754	0.50581	0.0020216
4.7754	0.56	0.0013
4.7754	0.61419	0.00023236
4.7754	0.66839	4.5981e-05
4.7754	0.72258	0.00013809
4.7754	0.77677	4.1429e-05
4.7754	0.83097	9.003e-06
4.7754	0.88516	2.9068e-05
4.7754	0.93935	9.1303e-06
4.7754	0.99354	1.2504e-06
4.7754	1.0477	3.7397e-06
4.7754	1.1019	9.0593e-07
4.7754	1.1561	4.2722e-08
4.7754	1.2103	2.9135e-08
4.7754	1.2645	1.6691e-08
4.7754	1.3187	6.3573e-08
4.7754	1.3729	4.5962e-07
4.7754	1.4271	2.8369e-07
4.7754	1.4813	8.8497e-08
4.7754	1.5355	3.5568e-07
4.7754	1.5897	2.6963e-07
4.7754	1.6439	2.4984e-07
4.7754	1.6981	1.0699e-05
4.7754	1.7523	5.9615e-05
4.7754	1.8065	0.00012182
4.7754	1.8606	0.00010995
4.7754	1.9148	3.6239e-05
4.7754	1.969	1.9192e-06
4.7754	2.0232	1.0454e-05
4.7754	2.0774	7.7369e-06
4.7754	2.1316	5.6118e-07
4.7754	2.1858	2.5962e-06
4.7754	2.24	2.2692e-06
4.7754	2.2942	1.9943e-07
4.7754	2.3484	4.3947e-07
4.7754	2.4026	3.5295e-07
4.7754	2.4568	3.8628e-08
4.8112	-2.4748	0.00070211
4.8112	-2.4206	0.0034397
4.8112	-2.3665	0.0018615
4.8112	-2.3123	0.0031031
4.8112	-2.2581	0.02703
4.8112	-2.2039	0.055742
4.8112	-2.1497	0.050072
4.8112	-2.0955	0.020029
4.8112	-2.0413	0.0023087
4.8112	-1.9871	0.00020754
4.8112	-1.9329	0.00035241
4.8112	-1.8787	8.1981e-05
4.8112	-1.8245	2.4277e-05
4.8112	-1.7703	0.00027961
4.8112	-1.7161	0.00024859
4.8112	-1.6619	0.00021741
4.8112	-1.6077	0.0015388
4.8112	-1.5535	0.0012307
4.8112	-1.4994	0.00023915
4.8112	-1.4452	0.0022994
4.8112	-1.391	0.0019244
4.8112	-1.3368	0.00042287
4.8112	-1.2826	0.0040643
4.8112	-1.2284	0.0036015
4.8112	-1.1742	0.00063871
4.8112	-1.12	0.0069973
4.8112	-1.0658	0.007432
4.8112	-1.0116	0.0013176
4.8112	-0.95742	0.021585
4.8112	-0.90323	0.054389
4.8112	-0.84903	0.051562
4.8112	-0.79484	0.021711
4.8112	-0.74065	0.0033084
4.8112	-0.68645	6.9314e-05
4.8112	-0.63226	0.00013707
4.8112	-0.57806	0.00019661
4.8112	-0.52387	4.0716e-05
4.8112	-0.46968	0.00051787
4.8112	-0.41548	0.00073875
4.8112	-0.36129	9.9574e-05
4.8112	-0.3071	0.00061242
4.8112	-0.2529	0.00095884
4.8112	-0.19871	0.00014727
4.8112	-0.14452	0.00050373
4.8112	-0.090324	0.00085198
4.8112	-0.036129	0.00013086
4.8112	0.018065	0.00046273
4.8112	0.072258	0.00080905
4.8112	0.12645	0.00013893
4.8112	0.18065	0.00037033
4.8112	0.23484	0.00074027
4.8112	0.28903	0.00015673
4.8112	0.34323	0.00034138
4.8112	0.39742	0.0010861
4.8112	0.45161	0.00084842
4.8112	0.50581	0.00027263
4.8112	0.56	9.7051e-05
4.8112	0.61419	2.5626e-05
4.8112	0.66839	1.3596e-05
4.8112	0.72258	4.4196e-05
4.8112	0.77677	1.4087e-05
4.8112	0.83097	6.8337e-06
4.8112	0.88516	1.8677e-05
4.8112	0.93935	5.3973e-06
4.8112	0.99354	1.5606e-06
4.8112	1.0477	3.8097e-06
4.8112	1.1019	8.3288e-07
4.8112	1.1561	6.4366e-08
4.8112	1.2103	3.2303e-08
4.8112	1.2645	3.3026e-08
4.8112	1.3187	1.954e-07
4.8112	1.3729	1.4568e-06
4.8112	1.4271	9.7492e-07
4.8112	1.4813	6.9581e-07
4.8112	1.5355	4.0827e-06
4.8112	1.5897	2.4144e-06
4.8112	1.6439	8.277e-07
4.8112	1.6981	5.9942e-06
4.8112	1.7523	8.1382e-06
4.8112	1.8065	1.1837e-05
4.8112	1.8606	1.5443e-05
4.8112	1.9148	6.5624e-06
4.8112	1.969	6.7576e-07
4.8112	2.0232	4.8476e-06
4.8112	2.0774	3.3567e-06
4.8112	2.1316	2.912e-07
4.8112	2.1858	2.0642e-06
4.8112	2.24	1.5652e-06
4.8112	2.2942	1.165e-07
4.8112	2.3484	5.4958e-07
4.8112	2.4026	3.8499e-07
4.8112	2.4568	3.3053e-08
4.8469	-2.4748	0.0016264
4.8469	-2.4206	0.0064854
4.8469	-2.3665	0.0027894
4.8469	-2.3123	0.010186
4.8469	-2.2581	0.077386
4.8469	-2.2039	0.16426
4.8469	-2.1497	0.16044
4.8469	-2.0955	0.071923
4.8469	-2.0413	0.0089457
4.8469	-1.9871	0.0022437
4.8469	-1.9329	0.0047171
4.8469	-1.8787	0.0010313
4.8469	-1.8245	0.00024387
4.8469	-1.7703	0.00054
4.8469	-1.7161	0.00015216
4.8469	-1.6619	7.4846e-05
4.8469	-1.6077	0.0003755
4.8469	-1.5535	0.0003718
4.8469	-1.4994	0.00012224
4.8469	-1.4452	0.0012358
4.8469	-1.391	0.0010387
4.8469	-1.3368	0.00044191
4.8469	-1.2826	0.003841
4.8469	-1.2284	0.003128
4.8469	-1.1742	0.0010481
4.8469	-1.12	0.010374
4.8469	-1.0658	0.010003
4.8469	-1.0116	0.0034357
4.8469	-0.95742	0.056499
4.8469	-0.90323	0.15167
4.8469	-0.84903	0.16822
4.8469	-0.79484	0.08868
4.8469	-0.74065	0.017686
4.8469	-0.68645	0.00056092
4.8469	-0.63226	0.0019446
4.8469	-0.57806	0.00086628
4.8469	-0.52387	4.2895e-05
4.8469	-0.46968	5.1652e-05
4.8469	-0.41548	7.768e-05
4.8469	-0.36129	1.9536e-05
4.8469	-0.3071	0.00022463
4.8469	-0.2529	0.00039042
4.8469	-0.19871	6.2078e-05
4.8469	-0.14452	0.00034551
4.8469	-0.090324	0.00058202
4.8469	-0.036129	8.3046e-05
4.8469	0.018065	0.00054027
4.8469	0.072258	0.00087801
4.8469	0.12645	0.00013112
4.8469	0.18065	0.00072004
4.8469	0.23484	0.0013421
4.8469	0.28903	0.00024689
4.8469	0.34323	0.0014946
4.8469	0.39742	0.0054061
4.8469	0.45161	0.0061762
4.8469	0.50581	0.0031421
4.8469	0.56	0.00064653
4.8469	0.61419	2.4935e-05
4.8469	0.66839	8.9223e-06
4.8469	0.72258	5.4002e-06
4.8469	0.77677	2.1043e-06
4.8469	0.83097	1.7291e-06
4.8469	0.88516	4.7041e-06
4.8469	0.93935	1.5998e-06
4.8469	0.99354	1.008e-06
4.8469	1.0477	2.1096e-06
4.8469	1.1019	4.2946e-07
4.8469	1.1561	5.7127e-08
4.8469	1.2103	2.0962e-08
4.8469	1.2645	3.4992e-08
4.8469	1.3187	3.3041e-07
4.8469	1.3729	2.1838e-06
4.8469	1.4271	1.3038e-06
4.8469	1.4813	1.9197e-06
4.8469	1.5355	1.0471e-05
4.8469	1.5897	6.1094e-06
4.8469	1.6439	6.2592e-06
4.8469	1.6981	5.3171e-05
4.8469	1.7523	9.3561e-05
4.8469	1.8065	6.6669e-05
4.8469	1.8606	1.9958e-05
4.8469	1.9148	1.8079e-06
4.8469	1.969	8.0899e-08
4.8469	2.0232	6.0532e-07
4.8469	2.0774	5.1119e-07
4.8469	2.1316	1.0279e-07
4.8469	2.1858	8.4167e-07
4.8469	2.24	6.1158e-07
4.8469	2.2942	6.0418e-08
4.8469	2.3484	4.1193e-07
4.8469	2.4026	2.6165e-07
4.8469	2.4568	2.1315e-08
4.8826	-2.4748	0.0028526
4.8826	-2.4206	0.0092593
4.8826	-2.3665	0.0030294
4.8826	-2.3123	0.02327
4.8826	-2.2581	0.15297
4.8826	-2.2039	0.31796
4.8826	-2.1497	0.3126
4.8826	-2.0955	0.13981
4.8826	-2.0413	0.015414
4.8826	-1.9871	0.0084924
4.8826	-1.9329	0.015692
4.8826	-1.8787	0.0032467
4.8826	-1.8245	0.0018194
4.8826	-1.7703	0.0043042
4.8826	-1.7161	0.0012305
4.8826	-1.6619	0.00017875
4.8826	-1.6077	0.00041313
4.8826	-1.5535	8.7403e-05
4.8826	-1.4994	9.3844e-05
4.8826	-1.4452	0.00015883
4.8826	-1.391	0.00017025
4.8826	-1.3368	0.00017124
4.8826	-1.2826	0.0016425
4.8826	-1.2284	0.001371
4.8826	-1.1742	0.0010132
4.8826	-1.12	0.0087895
4.8826	-1.0658	0.0076701
4.8826	-1.0116	0.0058453
4.8826	-0.95742	0.082755
4.8826	-0.90323	0.22517
4.8826	-0.84903	0.26497
4.8826	-0.79484	0.14904
4.8826	-0.74065	0.030131
4.8826	-0.68645	0.0015973
4.8826	-0.63226	0.0073248
4.8826	-0.57806	0.0033814
4.8826	-0.52387	0.00017534
4.8826	-0.46968	0.00073483
4.8826	-0.41548	0.00033603
4.8826	-0.36129	2.3172e-05
4.8826	-0.3071	5.1862e-05
4.8826	-0.2529	3.437e-05
4.8826	-0.19871	1.4714e-05
4.8826	-0.14452	6.9571e-05
4.8826	-0.090324	0.00016222
4.8826	-0.036129	2.8588e-05
4.8826	0.018065	0.00031172
4.8826	0.072258	0.00051147
4.8826	0.12645	7.5326e-05
4.8826	0.18065	0.00075609
4.8826	0.23484	0.0013005
4.8826	0.28903	0.00021568
4.8826	0.34323	0.0027994
4.8826	0.39742	0.010001
4.8826	0.45161	0.01259
4.8826	0.50581	0.0074037
4.8826	0.56	0.0018146
4.8826	0.61419	7.744e-05
4.8826	0.66839	8.0863e-05
4.8826	0.72258	5.305e-05
4.8826	0.77677	4.0686e-06
4.8826	0.83097	2.8415e-06
4.8826	0.88516	1.1768e-06
4.8826	0.93935	2.5308e-07
4.8826	0.99354	2.3143e-07
4.8826	1.0477	3.8685e-07
4.8826	1.1019	9.9037e-08
4.8826	1.1561	2.3637e-08
4.8826	1.2103	8.2055e-09
4.8826	1.2645	2.0227e-08
4.8826	1.3187	3.1205e-07
4.8826	1.3729	1.8658e-06
4.8826	1.4271	9.5436e-07
4.8826	1.4813	2.876e-06
4.8826	1.5355	1.3672e-05
4.8826	1.5897	6.8533e-06
4.8826	1.6439	1.667e-05
4.8826	1.6981	0.00013044
4.8826	1.7523	0.00025749
4.8826	1.8065	0.00022434
4.8826	1.8606	8.8333e-05
4.8826	1.9148	1.0375e-05
4.8826	1.969	9.1213e-07
4.8826	2.0232	1.8045e-06
4.8826	2.0774	2.9362e-07
4.8826	2.1316	2.958e-08
4.8826	2.1858	1.033e-07
4.8826	2.24	7.7854e-08
4.8826	2.2942	1.8082e-08
4.8826	2.3484	1.4718e-07
4.8826	2.4026	9.9045e-08
4.8826	2.4568	9.5717e-09
4.9183	-2.4748	0.0039638
4.9183	-2.4206	0.010532
4.9183	-2.3665	0.0026631
4.9183	-2.3123	0.040757
4.9183	-2.2581	0.23442
4.9183	-2.2039	0.46972
4.9183	-2.1497	0.45265
4.9183	-2.0955	0.19396
4.9183	-2.0413	0.017565
4.9183	-1.9871	0.020009
4.9183	-1.9329	0.030651
4.9183	-1.8787	0.0052012
4.9183	-1.8245	0.0060742
4.9183	-1.7703	0.012243
4.9183	-1.7161	0.0028978
4.9183	-1.6619	0.0015955
4.9183	-1.6077	0.0037134
4.9183	-1.5535	0.00077138
4.9183	-1.4994	0.0010178
4.9183	-1.4452	0.0015561
4.9183	-1.391	0.000228
4.9183	-1.3368	0.00018403
4.9183	-1.2826	0.00024467
4.9183	-1.2284	0.00012758
4.9183	-1.1742	0.00029516
4.9183	-1.12	0.0029366
4.9183	-1.0658	0.0026595
4.9183	-1.0116	0.0053396
4.9183	-0.95742	0.068237
4.9183	-0.90323	0.19545
4.9183	-0.84903	0.24604
4.9183	-0.79484	0.14519
4.9183	-0.74065	0.028224
4.9183	-0.68645	0.0030305
4.9183	-0.63226	0.012514
4.9183	-0.57806	0.005216
4.9183	-0.52387	0.00049636
4.9183	-0.46968	0.0026178
4.9183	-0.41548	0.0011863
4.9183	-0.36129	0.00015566
4.9183	-0.3071	0.00070125
4.9183	-0.2529	0.0002615
4.9183	-0.19871	4.9897e-05
4.9183	-0.14452	0.00013724
4.9183	-0.090324	3.3123e-05
4.9183	-0.036129	6.0975e-06
4.9183	0.018065	3.8848e-05
4.9183	0.072258	9.6081e-05
4.9183	0.12645	2.154e-05
4.9183	0.18065	0.00036025
4.9183	0.23484	0.00063703
4.9183	0.28903	0.00013068
4.9183	0.34323	0.0028187
4.9183	0.39742	0.010093
4.9183	0.45161	0.013544
4.9183	0.50581	0.008534
4.9183	0.56	0.0021679
4.9183	0.61419	8.4313e-05
4.9183	0.66839	0.00019317
4.9183	0.72258	0.00012445
4.9183	0.77677	7.9219e-06
4.9183	0.83097	1.6401e-05
4.9183	0.88516	1.0339e-05
4.9183	0.93935	6.5837e-07
4.9183	0.99354	8.1379e-07
4.9183	1.0477	2.8817e-07
4.9183	1.1019	1.2528e-08
4.9183	1.1561	5.4351e-09
4.9183	1.2103	1.2748e-09
4.9183	1.2645	4.7129e-09
4.9183	1.3187	1.1576e-07
4.9183	1.3729	7.5614e-07
4.9183	1.4271	3.5699e-07
4.9183	1.4813	2.342e-06
4.9183	1.5355	1.0111e-05
4.9183	1.5897	4.2244e-06
4.9183	1.6439	2.4079e-05
4.9183	1.6981	0.00017112
4.9183	1.7523	0.00035137
4.9183	1.8065	0.00032824
4.9183	1.8606	0.00013819
4.9183	1.9148	1.5727e-05
4.9183	1.969	3.7739e-06
4.9183	2.0232	7.0661e-06
4.9183	2.0774	1.3376e-06
4.9183	2.1316	3.2173e-07
4.9183	2.1858	6.0665e-07
4.9183	2.24	1.0284e-07
4.9183	2.2942	1.2754e-08
4.9183	2.3484	2.5064e-08
4.9183	2.4026	1.4806e-08
4.9183	2.4568	1.9244e-09
4.9541	-2.4748	0.0044382
4.9541	-2.4206	0.0097029
4.9541	-2.3665	0.0022348
4.9541	-2.3123	0.057069
4.9541	-2.2581	0.29163
4.9541	-2.2039	0.56081
4.9541	-2.1497	0.5237
4.9541	-2.0955	0.21047
4.9541	-2.0413	0.015125
4.9541	-1.9871	0.034511
4.9541	-1.9329	0.043524
4.9541	-1.8787	0.0057347
4.9541	-1.8245	0.01339
4.9541	-1.7703	0.022215
4.9541	-1.7161	0.0040616
4.9541	-1.6619	0.0055657
4.9541	-1.6077	0.010735
4.9541	-1.5535	0.0019806
4.9541	-1.4994	0.0043201
4.9541	-1.4452	0.0073903
4.9541	-1.391	0.00125
4.9541	-1.3368	0.0024235
4.9541	-1.2826	0.0042673
4.9541	-1.2284	0.00075386
4.9541	-1.1742	0.00076775
4.9541	-1.12	0.0011835
4.9541	-1.0658	0.00024393
4.9541	-1.0116	0.0011624
4.9541	-0.95742	0.01919
4.9541	-0.90323	0.073273
4.9541	-0.84903	0.11393
4.9541	-0.79484	0.076742
4.9541	-0.74065	0.014793
4.9541	-0.68645	0.0035684
4.9541	-0.63226	0.012319
4.9541	-0.57806	0.004554
4.9541	-0.52387	0.0009419
4.9541	-0.46968	0.004201
4.9541	-0.41548	0.0016581
4.9541	-0.36129	0.00049527
4.9541	-0.3071	0.0020543
4.9541	-0.2529	0.00081802
4.9541	-0.19871	0.00021191
4.9541	-0.14452	0.00085251
4.9541	-0.090324	0.00031869
4.9541	-0.036129	7.0189e-05
4.9541	0.018065	0.00025491
4.9541	0.072258	7.7255e-05
4.9541	0.12645	9.8662e-06
4.9541	0.18065	3.9431e-05
4.9541	0.23484	7.253e-05
4.9541	0.28903	3.7254e-05
4.9541	0.34323	0.0011817
4.9541	0.39742	0.0049289
4.9541	0.45161	0.0076401
4.9541	0.50581	0.0053562
4.9541	0.56	0.0014056
4.9541	0.61419	5.6654e-05
4.9541	0.66839	0.00023537
4.9541	0.72258	0.00013743
4.9541	0.77677	8.1972e-06
4.9541	0.83097	3.4169e-05
4.9541	0.88516	2.0918e-05
4.9541	0.93935	1.1707e-06
4.9541	0.99354	3.2862e-06
4.9541	1.0477	1.6186e-06
4.9541	1.1019	5.881e-08
4.9541	1.1561	3.407e-08
4.9541	1.2103	3.3405e-09
4.9541	1.2645	3.7005e-09
4.9541	1.3187	4.3815e-08
4.9541	1.3729	7.0226e-08
4.9541	1.4271	3.3702e-08
4.9541	1.4813	6.4927e-07
4.9541	1.5355	3.1812e-06
4.9541	1.5897	1.2266e-06
4.9541	1.6439	1.8466e-05
4.9541	1.6981	0.00012745
4.9541	1.7523	0.00027811
4.9541	1.8065	0.00027719
4.9541	1.8606	0.00012087
4.9541	1.9148	1.2329e-05
4.9541	1.969	6.7962e-06
4.9541	2.0232	1.0856e-05
4.9541	2.0774	1.8393e-06
4.9541	2.1316	1.0412e-06
4.9541	2.1858	1.8345e-06
4.9541	2.24	3.2758e-07
4.9541	2.2942	1.1371e-07
4.9541	2.3484	1.7399e-07
4.9541	2.4026	2.2379e-08
4.9541	2.4568	5.6517e-09
4.9898	-2.4748	0.003989
4.9898	-2.4206	0.0072012
4.9898	-2.3665	0.0021545
4.9898	-2.3123	0.064832
4.9898	-2.2581	0.29927
4.9898	-2.2039	0.55289
4.9898	-2.1497	0.498
4.9898	-2.0955	0.18501
4.9898	-2.0413	0.010942
4.9898	-1.9871	0.046536
4.9898	-1.9329	0.048465
4.9898	-1.8787	0.0049806
4.9898	-1.8245	0.022109
4.9898	-1.7703	0.030101
4.9898	-1.7161	0.0041375
4.9898	-1.6619	0.012292
4.9898	-1.6077	0.019366
4.9898	-1.5535	0.0029502
4.9898	-1.4994	0.011
4.9898	-1.4452	0.017047
4.9898	-1.391	0.0024869
4.9898	-1.3368	0.0096234
4.9898	-1.2826	0.016525
4.9898	-1.2284	0.0028491
4.9898	-1.1742	0.0077056
4.9898	-1.12	0.015573
4.9898	-1.0658	0.0033061
4.9898	-1.0116	0.0070597
4.9898	-0.95742	0.021256
4.9898	-0.90323	0.016226
4.9898	-0.84903	0.011061
4.9898	-0.79484	0.010663
4.9898	-0.74065	0.0027675
4.9898	-0.68645	0.0018394
4.9898	-0.63226	0.0060771
4.9898	-0.57806	0.0021356
4.9898	-0.52387	0.0010116
4.9898	-0.46968	0.0037251
4.9898	-0.41548	0.0012367
4.9898	-0.36129	0.00090954
4.9898	-0.3071	0.0030621
4.9898	-0.2529	0.0011166
4.9898	-0.19871	0.0004833
4.9898	-0.14452	0.0018609
4.9898	-0.090324	0.00069689
4.9898	-0.036129	0.000297
4.9898	0.018065	0.0011748
4.9898	0.072258	0.00046471
4.9898	0.12645	0.00013843
4.9898	0.18065	0.00059277
4.9898	0.23484	0.00024337
4.9898	0.28903	4.3054e-05
4.9898	0.34323	0.00022766
4.9898	0.39742	0.00048574
4.9898	0.45161	0.0011559
4.9898	0.50581	0.0012157
4.9898	0.56	0.0003909
4.9898	0.61419	2.6325e-05
4.9898	0.66839	0.00014895
4.9898	0.72258	8.0288e-05
4.9898	0.77677	6.7178e-06
4.9898	0.83097	3.8458e-05
4.9898	0.88516	2.1257e-05
4.9898	0.93935	1.2641e-06
4.9898	0.99354	5.7845e-06
4.9898	1.0477	2.7401e-06
4.9898	1.1019	9.368e-08
4.9898	1.1561	8.288e-08
4.9898	1.2103	1.8929e-08
4.9898	1.2645	2.4982e-08
4.9898	1.3187	5.1997e-07
4.9898	1.3729	7.1412e-07
4.9898	1.4271	7.937e-08
4.9898	1.4813	5.0481e-07
4.9898	1.5355	4.609e-07
4.9898	1.5897	8.1698e-08
4.9898	1.6439	4.1972e-06
4.9898	1.6981	3.7432e-05
4.9898	1.7523	0.00010336
4.9898	1.8065	0.00012229
4.9898	1.8606	5.8648e-05
4.9898	1.9148	5.4493e-06
4.9898	1.969	6.6724e-06
4.9898	2.0232	9.3284e-06
4.9898	2.0774	1.3483e-06
4.9898	2.1316	1.6488e-06
4.9898	2.1858	2.5088e-06
4.9898	2.24	3.929e-07
4.9898	2.2942	3.0698e-07
4.9898	2.3484	4.334e-07
4.9898	2.4026	5.524e-08
4.9898	2.4568	2.4909e-08
5.0255	-2.4748	0.002795
5.0255	-2.4206	0.0041801
5.0255	-2.3665	0.0022603
5.0255	-2.3123	0.059375
5.0255	-2.2581	0.2522
5.0255	-2.2039	0.45013
5.0255	-2.1497	0.39106
5.0255	-2.0955	0.1328
5.0255	-2.0413	0.0078155
5.0255	-1.9871	0.050445
5.0255	-1.9329	0.043558
5.0255	-1.8787	0.0039593
5.0255	-1.8245	0.028851
5.0255	-1.7703	0.032322
5.0255	-1.7161	0.0034961
5.0255	-1.6619	0.020056
5.0255	-1.6077	0.025902
5.0255	-1.5535	0.0033545
5.0255	-1.4994	0.020284
5.0255	-1.4452	0.02698
5.0255	-1.391	0.0033416
5.0255	-1.3368	0.023134
5.0255	-1.2826	0.034701
5.0255	-1.2284	0.00497
5.0255	-1.1742	0.02774
5.0255	-1.12	0.051905
5.0255	-1.0658	0.0097597
5.0255	-1.0116	0.059742
5.0255	-0.95742	0.22522
5.0255	-0.90323	0.26824
5.0255	-0.84903	0.14193
5.0255	-0.79484	0.030168
5.0255	-0.74065	0.0012175
5.0255	-0.68645	0.00038426
5.0255	-0.63226	0.0006218
5.0255	-0.57806	0.00028754
5.0255	-0.52387	0.00037969
5.0255	-0.46968	0.0014061
5.0255	-0.41548	0.00040811
5.0255	-0.36129	0.00095403
5.0255	-0.3071	0.0026538
5.0255	-0.2529	0.00087139
5.0255	-0.19871	0.000661
5.0255	-0.14452	0.0022805
5.0255	-0.090324	0.00076747
5.0255	-0.036129	0.00063723
5.0255	0.018065	0.0022352
5.0255	0.072258	0.00082921
5.0255	0.12645	0.00052001
5.0255	0.18065	0.0021637
5.0255	0.23484	0.00097297
5.0255	0.28903	0.00055437
5.0255	0.34323	0.0037745
5.0255	0.39742	0.0049973
5.0255	0.45161	0.0025873
5.0255	0.50581	0.00054133
5.0255	0.56	3.9273e-05
5.0255	0.61419	3.7308e-06
5.0255	0.66839	2.6804e-05
5.0255	0.72258	1.6278e-05
5.0255	0.77677	4.1825e-06
5.0255	0.83097	2.2667e-05
5.0255	0.88516	1.1632e-05
5.0255	0.93935	1.0858e-06
5.0255	0.99354	5.6684e-06
5.0255	1.0477	2.4631e-06
5.0255	1.1019	8.3387e-08
5.0255	1.1561	9.6282e-08
5.0255	1.2103	4.1945e-08
5.0255	1.2645	7.2585e-08
5.0255	1.3187	1.4995e-06
5.0255	1.3729	2.1635e-06
5.0255	1.4271	3.65e-07
5.0255	1.4813	4.475e-06
5.0255	1.5355	5.4628e-06
5.0255	1.5897	6.6441e-07
5.0255	1.6439	6.3723e-06
5.0255	1.6981	1.1071e-05
5.0255	1.7523	9.0568e-06
5.0255	1.8065	1.2619e-05
5.0255	1.8606	9.5418e-06
5.0255	1.9148	1.0697e-06
5.0255	1.969	3.0178e-06
5.0255	2.0232	4.2117e-06
5.0255	2.0774	5.7582e-07
5.0255	2.1316	1.4393e-06
5.0255	2.1858	1.9489e-06
5.0255	2.24	2.6432e-07
5.0255	2.2942	4.2758e-07
5.0255	2.3484	5.2764e-07
5.0255	2.4026	5.9168e-08
5.0255	2.4568	4.7635e-08
5.0612	-2.4748	0.0014104
5.0612	-2.4206	0.0017647
5.0612	-2.3665	0.0020331
5.0612	-2.3123	0.042361
5.0612	-2.2581	0.1696
5.0612	-2.2039	0.29603
5.0612	-2.1497	0.24951
5.0612	-2.0955	0.076796
5.0612	-2.0413	0.0062899
5.0612	-1.9871	0.044169
5.0612	-1.9329	0.031711
5.0612	-1.8787	0.00343
5.0612	-1.8245	0.030401
5.0612	-1.7703	0.028094
5.0612	-1.7161	0.0029407
5.0612	-1.6619	0.025718
5.0612	-1.6077	0.027358
5.0612	-1.5535	0.0034818
5.0612	-1.4994	0.029202
5.0612	-1.4452	0.032681
5.0612	-1.391	0.0040388
5.0612	-1.3368	0.040613
5.0612	-1.2826	0.051583
5.0612	-1.2284	0.006538
5.0612	-1.1742	0.063221
5.0612	-1.12	0.1018
5.0612	-1.0658	0.01637
5.0612	-1.0116	0.20718
5.0612	-0.95742	0.75808
5.0612	-0.90323	0.99375
5.0612	-0.84903	0.62027
5.0612	-0.79484	0.16545
5.0612	-0.74065	0.0081373
5.0612	-0.68645	0.0080156
5.0612	-0.63226	0.006076
5.0612	-0.57806	0.00044575
5.0612	-0.52387	0.00033205
5.0612	-0.46968	0.00025218
5.0612	-0.41548	5.8727e-05
5.0612	-0.36129	0.00040339
5.0612	-0.3071	0.0010568
5.0612	-0.2529	0.00035827
5.0612	-0.19871	0.00047395
5.0612	-0.14452	0.0015736
5.0612	-0.090324	0.00047904
5.0612	-0.036129	0.00078987
5.0612	0.018065	0.0024415
5.0612	0.072258	0.00079
5.0612	0.12645	0.0010215
5.0612	0.18065	0.0036818
5.0612	0.23484	0.0014676
5.0612	0.28903	0.0019752
5.0612	0.34323	0.01274
5.0612	0.39742	0.019948
5.0612	0.45161	0.013798
5.0612	0.50581	0.0043393
5.0612	0.56	0.00041306
5.0612	0.61419	2.5451e-05
5.0612	0.66839	4.2384e-05
5.0612	0.72258	6.7867e-06
5.0612	0.77677	8.2039e-07
5.0612	0.83097	3.6569e-06
5.0612	0.88516	2.2638e-06
5.0612	0.93935	5.5345e-07
5.0612	0.99354	2.7642e-06
5.0612	1.0477	1.1858e-06
5.0612	1.1019	5.0224e-08
5.0612	1.1561	6.0387e-08
5.0612	1.2103	4.9861e-08
5.0612	1.2645	1.2229e-07
5.0612	1.3187	2.1862e-06
5.0612	1.3729	2.917e-06
5.0612	1.4271	8.2313e-07
5.0612	1.4813	1.0933e-05
5.0612	1.5355	1.3161e-05
5.0612	1.5897	2.748e-06
5.0612	1.6439	4.7757e-05
5.0612	1.6981	0.00012226
5.0612	1.7523	0.00011419
5.0612	1.8065	4.5174e-05
5.0612	1.8606	5.9195e-06
5.0612	1.9148	1.3793e-07
5.0612	1.969	2.9932e-07
5.0612	2.0232	5.4446e-07
5.0612	2.0774	1.4911e-07
5.0612	2.1316	5.3552e-07
5.0612	2.1858	7.5211e-07
5.0612	2.24	1.0875e-07
5.0612	2.2942	3.2432e-07
5.0612	2.3484	3.6344e-07
5.0612	2.4026	3.5794e-08
5.0612	2.4568	5.118e-08
5.097	-2.4748	0.0004072
5.097	-2.4206	0.00044711
5.097	-2.3665	0.0012488
5.097	-2.3123	0.021469
5.097	-2.2581	0.08448
5.097	-2.2039	0.14821
5.097	-2.1497	0.12332
5.097	-2.0955	0.034327
5.097	-2.0413	0.005148
5.097	-1.9871	0.030676
5.097	-1.9329	0.018354
5.097	-1.8787	0.0032468
5.097	-1.8245	0.025864
5.097	-1.7703	0.019732
5.097	-1.7161	0.002843
5.097	-1.6619	0.02654
5.097	-1.6077	0.02334
5.097	-1.5535	0.0037042
5.097	-1.4994	0.033893
5.097	-1.4452	0.031584
5.097	-1.391	0.0052088
5.097	-1.3368	0.055909
5.097	-1.2826	0.059294
5.097	-1.2284	0.0086083
5.097	-1.1742	0.10697
5.097	-1.12	0.14477
5.097	-1.0658	0.024702
5.097	-1.0116	0.47249
5.097	-0.95742	1.6045
5.097	-0.90323	2.116
5.097	-0.84903	1.3567
5.097	-0.79484	0.3649
5.097	-0.74065	0.01592
5.097	-0.68645	0.035417
5.097	-0.63226	0.027157
5.097	-0.57806	0.0020432
5.097	-0.52387	0.0043215
5.097	-0.46968	0.0040759
5.097	-0.41548	0.00049747
5.097	-0.36129	0.0001419
5.097	-0.3071	0.00012934
5.097	-0.2529	6.3933e-05
5.097	-0.19871	9.7725e-05
5.097	-0.14452	0.00037981
5.097	-0.090324	0.00013208
5.097	-0.036129	0.00046713
5.097	0.018065	0.001427
5.097	0.072258	0.00041394
5.097	0.12645	0.0011442
5.097	0.18065	0.0036353
5.097	0.23484	0.0012202
5.097	0.28903	0.003727
5.097	0.34323	0.021652
5.097	0.39742	0.035417
5.097	0.45161	0.026583
5.097	0.50581	0.0091334
5.097	0.56	0.00087472
5.097	0.61419	0.00015282
5.097	0.66839	0.00025574
5.097	0.72258	4.7071e-05
5.097	0.77677	3.738e-06
5.097	0.83097	7.0845e-06
5.097	0.88516	1.0052e-06
5.097	0.93935	1.1263e-07
5.097	0.99354	2.8615e-07
5.097	1.0477	1.8208e-07
5.097	1.1019	1.4002e-08
5.097	1.1561	1.5891e-08
5.097	1.2103	3.0144e-08
5.097	1.2645	1.059e-07
5.097	1.3187	1.7363e-06
5.097	1.3729	2.1643e-06
5.097	1.4271	1.1705e-06
5.097	1.4813	1.3885e-05
5.097	1.5355	1.5219e-05
5.097	1.5897	6.5269e-06
5.097	1.6439	0.0001113
5.097	1.6981	0.00030554
5.097	1.7523	0.00033765
5.097	1.8065	0.000171
5.097	1.8606	3.0711e-05
5.097	1.9148	1.0156e-06
5.097	1.969	3.3975e-06
5.097	2.0232	1.1169e-06
5.097	2.0774	1.0305e-07
5.097	2.1316	9.1411e-08
5.097	2.1858	6.6458e-08
5.097	2.24	3.2276e-08
5.097	2.2942	9.441e-08
5.097	2.3484	1.1384e-07
5.097	2.4026	1.2352e-08
5.097	2.4568	2.9076e-08
5.1327	-2.4748	2.7378e-05
5.1327	-2.4206	3.229e-05
5.1327	-2.3665	0.0003459
5.1327	-2.3123	0.0058313
5.1327	-2.2581	0.025311
5.1327	-2.2039	0.048291
5.1327	-2.1497	0.041827
5.1327	-2.0955	0.010731
5.1327	-2.0413	0.0033838
5.1327	-1.9871	0.015995
5.1327	-1.9329	0.0080251
5.1327	-1.8787	0.0027748
5.1327	-1.8245	0.017347
5.1327	-1.7703	0.010926
5.1327	-1.7161	0.0028545
5.1327	-1.6619	0.02204
5.1327	-1.6077	0.016068
5.1327	-1.5535	0.0039241
5.1327	-1.4994	0.031991
5.1327	-1.4452	0.024631
5.1327	-1.391	0.0068607
5.1327	-1.3368	0.062129
5.1327	-1.2826	0.054449
5.1327	-1.2284	0.012393
5.1327	-1.1742	0.14301
5.1327	-1.12	0.16051
5.1327	-1.0658	0.041162
5.1327	-1.0116	0.81478
5.1327	-0.95742	2.5498
5.1327	-0.90323	3.2914
5.1327	-0.84903	2.0807
5.1327	-0.79484	0.52959
5.1327	-0.74065	0.021246
5.1327	-0.68645	0.085234
5.1327	-0.63226	0.05763
5.1327	-0.57806	0.0038296
5.1327	-0.52387	0.016039
5.1327	-0.46968	0.014043
5.1327	-0.41548	0.0012809
5.1327	-0.36129	0.0023271
5.1327	-0.3071	0.0020524
5.1327	-0.2529	0.00021287
5.1327	-0.19871	0.00063447
5.1327	-0.14452	0.00033107
5.1327	-0.090324	1.7102e-05
5.1327	-0.036129	6.3284e-05
5.1327	0.018065	0.00021557
5.1327	0.072258	7.7766e-05
5.1327	0.12645	0.00055585
5.1327	0.18065	0.0017955
5.1327	0.23484	0.00053328
5.1327	0.28903	0.0039433
5.1327	0.34323	0.021573
5.1327	0.39742	0.036859
5.1327	0.45161	0.029221
5.1327	0.50581	0.010356
5.1327	0.56	0.0008925
5.1327	0.61419	0.00035889
5.1327	0.66839	0.00051073
5.1327	0.72258	8.2834e-05
5.1327	0.77677	2.2266e-05
5.1327	0.83097	3.7906e-05
5.1327	0.88516	5.709e-06
5.1327	0.93935	1.5461e-06
5.1327	0.99354	1.6987e-06
5.1327	1.0477	1.3525e-07
5.1327	1.1019	1.5072e-08
5.1327	1.1561	1.545e-09
5.1327	1.2103	5.7066e-09
5.1327	1.2645	2.239e-08
5.1327	1.3187	5.0084e-07
5.1327	1.3729	7.2353e-07
5.1327	1.4271	8.2718e-07
5.1327	1.4813	9.2328e-06
5.1327	1.5355	9.4446e-06
5.1327	1.5897	9.244e-06
5.1327	1.6439	0.00013742
5.1327	1.6981	0.00038788
5.1327	1.7523	0.00045986
5.1327	1.8065	0.00025118
5.1327	1.8606	4.6321e-05
5.1327	1.9148	2.8694e-06
5.1327	1.969	1.1125e-05
5.1327	2.0232	3.954e-06
5.1327	2.0774	3.3124e-07
5.1327	2.1316	1.0859e-06
5.1327	2.1858	3.4424e-07
5.1327	2.24	3.4467e-08
5.1327	2.2942	4.7966e-08
5.1327	2.3484	9.5499e-09
5.1327	2.4026	2.7914e-09
5.1327	2.4568	5.0576e-09
5.1684	-2.4748	0.00010711
5.1684	-2.4206	3.1078e-05
5.1684	-2.3665	5.7463e-05
5.1684	-2.3123	0.00037329
5.1684	-2.2581	0.0019897
5.1684	-2.2039	0.0057657
5.1684	-2.1497	0.0065518
5.1684	-2.0955	0.001751
5.1684	-2.0413	0.0013518
5.1684	-1.9871	0.0053993
5.1684	-1.9329	0.0023366
5.1684	-1.8787	0.0017526
5.1684	-1.8245	0.0085892
5.1684	-1.7703	0.0044829
5.1684	-1.7161	0.0024191
5.1684	-1.6619	0.01436
5.1684	-1.6077	0.0087202
5.1684	-1.5535	0.0036578
5.1684	-1.4994	0.02429
5.1684	-1.4452	0.015351
5.1684	-1.391	0.0079935
5.1684	-1.3368	0.05604
5.1684	-1.2826	0.040139
5.1684	-1.2284	0.017119
5.1684	-1.1742	0.15484
5.1684	-1.12	0.14232
5.1684	-1.0658	0.068922
5.1684	-1.0116	1.1237
5.1684	-0.95742	3.2509
5.1684	-0.90323	4.0669
5.1684	-0.84903	2.4908
5.1684	-0.79484	0.58068
5.1684	-0.74065	0.027753
5.1684	-0.68645	0.1451
5.1684	-0.63226	0.083388
5.1684	-0.57806	0.0057686
5.1684	-0.52387	0.035781
5.1684	-0.46968	0.026874
5.1684	-0.41548	0.0020071
5.1684	-0.36129	0.0090584
5.1684	-0.3071	0.0073542
5.1684	-0.2529	0.00074709
5.1684	-0.19871	0.0037995
5.1684	-0.14452	0.0027508
5.1684	-0.090324	0.00019864
5.1684	-0.036129	0.0010672
5.1684	0.018065	0.00070544
5.1684	0.072258	3.8649e-05
5.1684	0.12645	0.0001177
5.1684	0.18065	0.00018305
5.1684	0.23484	6.4155e-05
5.1684	0.28903	0.0016228
5.1684	0.34323	0.010138
5.1684	0.39742	0.020222
5.1684	0.45161	0.018064
5.1684	0.50581	0.0068008
5.1684	0.56	0.00051917
5.1684	0.61419	0.00046516
5.1684	0.66839	0.00056642
5.1684	0.72258	7.6278e-05
5.1684	0.77677	4.9771e-05
5.1684	0.83097	6.9767e-05
5.1684	0.88516	8.8806e-06
5.1684	0.93935	6.1356e-06
5.1684	0.99354	6.6651e-06
5.1684	1.0477	6.2968e-07
5.1684	1.1019	1.0365e-07
5.1684	1.1561	1.5438e-08
5.1684	1.2103	1.1093e-08
5.1684	1.2645	1.3287e-07
5.1684	1.3187	2.5915e-07
5.1684	1.3729	6.282e-08
5.1684	1.4271	1.2021e-07
5.1684	1.4813	1.7472e-06
5.1684	1.5355	2.1794e-06
5.1684	1.5897	5.9041e-06
5.1684	1.6439	8.5535e-05
5.1684	1.6981	0.00026504
5.1684	1.7523	0.00034542
5.1684	1.8065	0.00020166
5.1684	1.8606	3.6069e-05
5.1684	1.9148	4.7886e-06
5.1684	1.969	1.6101e-05
5.1684	2.0232	5.2207e-06
5.1684	2.0774	8.3198e-07
5.1684	2.1316	2.9607e-06
5.1684	2.1858	9.9185e-07
5.1684	2.24	1.1493e-07
5.1684	2.2942	3.5956e-07
5.1684	2.3484	9.5269e-08
5.1684	2.4026	6.5968e-09
5.1684	2.4568	9.3679e-09
5.2042	-2.4748	0.00029383
5.2042	-2.4206	8.1619e-05
5.2042	-2.3665	0.00064935
5.2042	-2.3123	0.0032708
5.2042	-2.2581	0.004827
5.2042	-2.2039	0.0028982
5.2042	-2.1497	0.00067977
5.2042	-2.0955	5.9418e-05
5.2042	-2.0413	0.00015055
5.2042	-1.9871	0.00068889
5.2042	-1.9329	0.00030131
5.2042	-1.8787	0.00062304
5.2042	-1.8245	0.0026189
5.2042	-1.7703	0.001165
5.2042	-1.7161	0.0014551
5.2042	-1.6619	0.006839
5.2042	-1.6077	0.0035165
5.2042	-1.5535	0.0026452
5.2042	-1.4994	0.014279
5.2042	-1.4452	0.0073949
5.2042	-1.391	0.0074286
5.2042	-1.3368	0.040386
5.2042	-1.2826	0.02335
5.2042	-1.2284	0.019849
5.2042	-1.1742	0.13611
5.2042	-1.12	0.10093
5.2042	-1.0658	0.099587
5.2042	-1.0116	1.2668
5.2042	-0.95742	3.4135
5.2042	-0.90323	4.1274
5.2042	-0.84903	2.428
5.2042	-0.79484	0.50609
5.2042	-0.74065	0.03944
5.2042	-0.68645	0.19154
5.2042	-0.63226	0.091939
5.2042	-0.57806	0.0090574
5.2042	-0.52387	0.058266
5.2042	-0.46968	0.036599
5.2042	-0.41548	0.0030254
5.2042	-0.36129	0.020261
5.2042	-0.3071	0.014076
5.2042	-0.2529	0.0016949
5.2042	-0.19871	0.010623
5.2042	-0.14452	0.0073232
5.2042	-0.090324	0.00073013
5.2042	-0.036129	0.0054244
5.2042	0.018065	0.0040698
5.2042	0.072258	0.00033703
5.2042	0.12645	0.0023158
5.2042	0.18065	0.0018849
5.2042	0.23484	0.0001436
5.2042	0.28903	0.0007726
5.2042	0.34323	0.0012522
5.2042	0.39742	0.0025072
5.2042	0.45161	0.0035911
5.2042	0.50581	0.001843
5.2042	0.56	0.00014507
5.2042	0.61419	0.00030962
5.2042	0.66839	0.00035089
5.2042	0.72258	4.0017e-05
5.2042	0.77677	5.8954e-05
5.2042	0.83097	6.9743e-05
5.2042	0.88516	7.0207e-06
5.2042	0.93935	1.1559e-05
5.2042	0.99354	1.0817e-05
5.2042	1.0477	8.9851e-07
5.2042	1.1019	2.5051e-07
5.2042	1.1561	3.8547e-08
5.2042	1.2103	4.7289e-08
5.2042	1.2645	8.8576e-07
5.2042	1.3187	2.5475e-06
5.2042	1.3729	6.1313e-07
5.2042	1.4271	1.5999e-06
5.2042	1.4813	3.1289e-06
5.2042	1.5355	5.7611e-07
5.2042	1.5897	8.3735e-07
5.2042	1.6439	1.2051e-05
5.2042	1.6981	5.8655e-05
5.2042	1.7523	0.00010654
5.2042	1.8065	7.6271e-05
5.2042	1.8606	1.3957e-05
5.2042	1.9148	4.4845e-06
5.2042	1.969	1.264e-05
5.2042	2.0232	3.5967e-06
5.2042	2.0774	1.3147e-06
5.2042	2.1316	3.9175e-06
5.2042	2.1858	1.1826e-06
5.2042	2.24	2.6586e-07
5.2042	2.2942	8.0182e-07
5.2042	2.3484	2.2026e-07
5.2042	2.4026	2.204e-08
5.2042	2.4568	4.197e-08
5.2399	-2.4748	0.00033877
5.2399	-2.4206	8.1654e-05
5.2399	-2.3665	0.0015758
5.2399	-2.3123	0.0083215
5.2399	-2.2581	0.015336
5.2399	-2.2039	0.013141
5.2399	-2.1497	0.0047322
5.2399	-2.0955	0.00032677
5.2399	-2.0413	0.00028481
5.2399	-1.9871	0.00025957
5.2399	-1.9329	2.5213e-05
5.2399	-1.8787	4.99e-05
5.2399	-1.8245	0.00024017
5.2399	-1.7703	0.00010977
5.2399	-1.7161	0.00046802
5.2399	-1.6619	0.0019486
5.2399	-1.6077	0.00090851
5.2399	-1.5535	0.0012643
5.2399	-1.4994	0.0058987
5.2399	-1.4452	0.0025486
5.2399	-1.391	0.0050511
5.2399	-1.3368	0.022157
5.2399	-1.2826	0.010231
5.2399	-1.2284	0.017912
5.2399	-1.1742	0.095237
5.2399	-1.12	0.056001
5.2399	-1.0658	0.11523
5.2399	-1.0116	1.1676
5.2399	-0.95742	2.9618
5.2399	-0.90323	3.4683
5.2399	-0.84903	1.9525
5.2399	-0.79484	0.35602
5.2399	-0.74065	0.053416
5.2399	-0.68645	0.20355
5.2399	-0.63226	0.080489
5.2399	-0.57806	0.014177
5.2399	-0.52387	0.074517
5.2399	-0.46968	0.038563
5.2399	-0.41548	0.005077
5.2399	-0.36129	0.03266
5.2399	-0.3071	0.018947
5.2399	-0.2529	0.0033222
5.2399	-0.19871	0.020061
5.2399	-0.14452	0.012015
5.2399	-0.090324	0.0019486
5.2399	-0.036129	0.013914
5.2399	0.018065	0.009463
5.2399	0.072258	0.0011849
5.2399	0.12645	0.01003
5.2399	0.18065	0.0083539
5.2399	0.23484	0.0010478
5.2399	0.28903	0.01264
5.2399	0.34323	0.023649
5.2399	0.39742	0.015859
5.2399	0.45161	0.0044178
5.2399	0.50581	0.00041787
5.2399	0.56	9.6692e-06
5.2399	0.61419	4.8623e-05
5.2399	0.66839	7.3496e-05
5.2399	0.72258	9.297e-06
5.2399	0.77677	3.2054e-05
5.2399	0.83097	3.5339e-05
5.2399	0.88516	3.0626e-06
5.2399	0.93935	1.2471e-05
5.2399	0.99354	1.0051e-05
5.2399	1.0477	6.8876e-07
5.2399	1.1019	3.2482e-07
5.2399	1.1561	6.1784e-08
5.2399	1.2103	8.4684e-08
5.2399	1.2645	2.3152e-06
5.2399	1.3187	6.4655e-06
5.2399	1.3729	1.4862e-06
5.2399	1.4271	8.3496e-06
5.2399	1.4813	1.9695e-05
5.2399	1.5355	4.5752e-06
5.2399	1.5897	1.7665e-05
5.2399	1.6439	6.2875e-05
5.2399	1.6981	5.816e-05
5.2399	1.7523	2.141e-05
5.2399	1.8065	6.0659e-06
5.2399	1.8606	1.2536e-06
5.2399	1.9148	1.4654e-06
5.2399	1.969	4.1297e-06
5.2399	2.0232	1.087e-06
5.2399	2.0774	1.1578e-06
5.2399	2.1316	2.8625e-06
5.2399	2.1858	7.5901e-07
5.2399	2.24	3.675e-07
5.2399	2.2942	9.3467e-07
5.2399	2.3484	2.3414e-07
5.2399	2.4026	4.139e-08
5.2399	2.4568	6.9421e-08
5.2756	-2.4748	0.00022493
5.2756	-2.4206	6.2016e-05
5.2756	-2.3665	0.001958
5.2756	-2.3123	0.010026
5.2756	-2.2581	0.019576
5.2756	-2.2039	0.01829
5.2756	-2.1497	0.0071432
5.2756	-2.0955	0.00047231
5.2756	-2.0413	0.0011444
5.2756	-1.9871	0.0012555
5.2756	-1.9329	0.00014243
5.2756	-1.8787	0.00023151
5.2756	-1.8245	0.00026857
5.2756	-1.7703	3.4709e-05
5.2756	-1.7161	3.2911e-05
5.2756	-1.6619	0.00014801
5.2756	-1.6077	9.5085e-05
5.2756	-1.5535	0.00026463
5.2756	-1.4994	0.0012822
5.2756	-1.4452	0.00051391
5.2756	-1.391	0.0021278
5.2756	-1.3368	0.0081618
5.2756	-1.2826	0.003033
5.2756	-1.2284	0.011633
5.2756	-1.1742	0.050142
5.2756	-1.12	0.023063
5.2756	-1.0658	0.10201
5.2756	-1.0116	0.85988
5.2756	-0.95742	2.0857
5.2756	-0.90323	2.3833
5.2756	-0.84903	1.2851
5.2756	-0.79484	0.20067
5.2756	-0.74065	0.060693
5.2756	-0.68645	0.17604
5.2756	-0.63226	0.056503
5.2756	-0.57806	0.019329
5.2756	-0.52387	0.077104
5.2756	-0.46968	0.032406
5.2756	-0.41548	0.0081742
5.2756	-0.36129	0.041133
5.2756	-0.3071	0.019631
5.2756	-0.2529	0.0057264
5.2756	-0.19871	0.028866
5.2756	-0.14452	0.014431
5.2756	-0.090324	0.0042879
5.2756	-0.036129	0.024768
5.2756	0.018065	0.014318
5.2756	0.072258	0.0032315
5.2756	0.12645	0.023987
5.2756	0.18065	0.017571
5.2756	0.23484	0.0041033
5.2756	0.28903	0.051477
5.2756	0.34323	0.10415
5.2756	0.39742	0.085898
5.2756	0.45161	0.033172
5.2756	0.50581	0.0047229
5.2756	0.56	0.00010065
5.2756	0.61419	0.00024265
5.2756	0.66839	6.1089e-05
5.2756	0.72258	1.6425e-06
5.2756	0.77677	3.7444e-06
5.2756	0.83097	3.9155e-06
5.2756	0.88516	8.7882e-07
5.2756	0.93935	6.5758e-06
5.2756	0.99354	4.9563e-06
5.2756	1.0477	3.0005e-07
5.2756	1.1019	2.335e-07
5.2756	1.1561	7.0861e-08
5.2756	1.2103	9.9782e-08
5.2756	1.2645	3.433e-06
5.2756	1.3187	8.6972e-06
5.2756	1.3729	1.7763e-06
5.2756	1.4271	1.889e-05
5.2756	1.4813	4.1716e-05
5.2756	1.5355	8.6364e-06
5.2756	1.5897	8.2122e-05
5.2756	1.6439	0.0003346
5.2756	1.6981	0.00044062
5.2756	1.7523	0.00025982
5.2756	1.8065	6.3162e-05
5.2756	1.8606	3.1247e-06
5.2756	1.9148	9.3416e-07
5.2756	1.969	6.2258e-07
5.2756	2.0232	7.7443e-08
5.2756	2.0774	3.5228e-07
5.2756	2.1316	8.5179e-07
5.2756	2.1858	2.2178e-07
5.2756	2.24	2.6406e-07
5.2756	2.2942	5.9623e-07
5.2756	2.3484	1.373e-07
5.2756	2.4026	4.4754e-08
5.2756	2.4568	6.2276e-08
5.3113	-2.4748	7.8917e-05
5.3113	-2.4206	4.2069e-05
5.3113	-2.3665	0.0014287
5.3113	-2.3123	0.0072183
5.3113	-2.2581	0.014707
5.3113	-2.2039	0.014366
5.3113	-2.1497	0.0056221
5.3113	-2.0955	0.00034364
5.3113	-2.0413	0.0016838
5.3113	-1.9871	0.0017196
5.3113	-1.9329	0.00017301
5.3113	-1.8787	0.0007428
5.3113	-1.8245	0.00093033
5.3113	-1.7703	0.0001183
5.3113	-1.7161	0.00024242
5.3113	-1.6619	0.0002776
5.3113	-1.6077	4.1271e-05
5.3113	-1.5535	9.6914e-05
5.3113	-1.4994	8.8015e-05
5.3113	-1.4452	2.9148e-05
5.3113	-1.391	0.00030362
5.3113	-1.3368	0.0013268
5.3113	-1.2826	0.0004479
5.3113	-1.2284	0.0045232
5.3113	-1.1742	0.017137
5.3113	-1.12	0.006283
5.3113	-1.0658	0.063922
5.3113	-1.0116	0.47496
5.3113	-0.95742	1.1326
5.3113	-0.90323	1.2857
5.3113	-0.84903	0.66989
5.3113	-0.79484	0.087914
5.3113	-0.74065	0.054284
5.3113	-0.68645	0.12259
5.3113	-0.63226	0.031425
5.3113	-0.57806	0.021331
5.3113	-0.52387	0.064926
5.3113	-0.46968	0.021798
5.3113	-0.41548	0.011025
5.3113	-0.36129	0.041788
5.3113	-0.3071	0.016186
5.3113	-0.2529	0.008301
5.3113	-0.19871	0.033224
5.3113	-0.14452	0.013492
5.3113	-0.090324	0.0076139
5.3113	-0.036129	0.033959
5.3113	0.018065	0.016117
5.3113	0.072258	0.0070677
5.3113	0.12645	0.040894
5.3113	0.18065	0.024993
5.3113	0.23484	0.011914
5.3113	0.28903	0.12378
5.3113	0.34323	0.24466
5.3113	0.39742	0.20913
5.3113	0.45161	0.085394
5.3113	0.50581	0.012477
5.3113	0.56	0.00045348
5.3113	0.61419	0.0015022
5.3113	0.66839	0.0004623
5.3113	0.72258	1.9135e-05
5.3113	0.77677	6.3804e-05
5.3113	0.83097	2.1227e-05
5.3113	0.88516	9.8376e-07
5.3113	0.93935	6.8984e-07
5.3113	0.99354	6.2315e-07
5.3113	1.0477	6.4417e-08
5.3113	1.1019	6.4951e-08
5.3113	1.1561	4.3269e-08
5.3113	1.2103	7.2824e-08
5.3113	1.2645	2.7989e-06
5.3113	1.3187	6.6739e-06
5.3113	1.3729	1.4527e-06
5.3113	1.4271	2.4538e-05
5.3113	1.4813	4.9033e-05
5.3113	1.5355	9.6248e-06
5.3113	1.5897	0.00017688
5.3113	1.6439	0.0007095
5.3113	1.6981	0.0010162
5.3113	1.7523	0.00067909
5.3113	1.8065	0.00018973
5.3113	1.8606	9.5269e-06
5.3113	1.9148	1.0173e-05
5.3113	1.969	8.0967e-06
5.3113	2.0232	7.3301e-07
5.3113	2.0774	2.2576e-07
5.3113	2.1316	1.6924e-07
5.3113	2.1858	2.1462e-08
5.3113	2.24	4.918e-08
5.3113	2.2942	1.3459e-07
5.3113	2.3484	3.6232e-08
5.3113	2.4026	2.2283e-08
5.3113	2.4568	2.8555e-08
5.3471	-2.4748	6.7744e-06
5.3471	-2.4206	1.5438e-05
5.3471	-2.3665	0.00049416
5.3471	-2.3123	0.0027578
5.3471	-2.2581	0.0062811
5.3471	-2.2039	0.0066618
5.3471	-2.1497	0.0026301
5.3471	-2.0955	0.00018705
5.3471	-2.0413	0.0014079
5.3471	-1.9871	0.0012947
5.3471	-1.9329	0.00012771
5.3471	-1.8787	0.00099381
5.3471	-1.8245	0.001133
5.3471	-1.7703	0.00012557
5.3471	-1.7161	0.00067441
5.3471	-1.6619	0.00082598
5.3471	-1.6077	0.00011905
5.3471	-1.5535	0.00053777
5.3471	-1.4994	0.00054063
5.3471	-1.4452	4.8062e-05
5.3471	-1.391	0.00024331
5.3471	-1.3368	0.00019347
5.3471	-1.2826	2.1147e-05
5.3471	-1.2284	0.00051098
5.3471	-1.1742	0.0022437
5.3471	-1.12	0.00081654
5.3471	-1.0658	0.022686
5.3471	-1.0116	0.16561
5.3471	-0.95742	0.41552
5.3471	-0.90323	0.49128
5.3471	-0.84903	0.25479
5.3471	-0.79484	0.027977
5.3471	-0.74065	0.036126
5.3471	-0.68645	0.066132
5.3471	-0.63226	0.013357
5.3471	-0.57806	0.018311
5.3471	-0.52387	0.043819
5.3471	-0.46968	0.011539
5.3471	-0.41548	0.011828
5.3471	-0.36129	0.03446
5.3471	-0.3071	0.010691
5.3471	-0.2529	0.0098136
5.3471	-0.19871	0.031129
5.3471	-0.14452	0.010028
5.3471	-0.090324	0.0108
5.3471	-0.036129	0.037393
5.3471	0.018065	0.014159
5.3471	0.072258	0.012232
5.3471	0.12645	0.054299
5.3471	0.18065	0.026753
5.3471	0.23484	0.026333
5.3471	0.28903	0.21791
5.3471	0.34323	0.41036
5.3471	0.39742	0.34762
5.3471	0.45161	0.14052
5.3471	0.50581	0.018946
5.3471	0.56	0.0013328
5.3471	0.61419	0.0039122
5.3471	0.66839	0.0010998
5.3471	0.72258	8.2208e-05
5.3471	0.77677	0.00029476
5.3471	0.83097	9.8019e-05
5.3471	0.88516	3.5553e-06
5.3471	0.93935	8.7614e-06
5.3471	0.99354	1.9319e-06
5.3471	1.0477	7.8105e-08
5.3471	1.1019	2.2738e-08
5.3471	1.1561	6.6693e-09
5.3471	1.2103	1.5047e-08
5.3471	1.2645	7.0526e-07
5.3471	1.3187	2.0838e-06
5.3471	1.3729	7.5902e-07
5.3471	1.4271	1.6743e-05
5.3471	1.4813	3.1953e-05
5.3471	1.5355	8.4589e-06
5.3471	1.5897	0.00022021
5.3471	1.6439	0.00086879
5.3471	1.6981	0.0013019
5.3471	1.7523	0.00091611
5.3471	1.8065	0.00026022
5.3471	1.8606	1.1477e-05
5.3471	1.9148	2.8081e-05
5.3471	1.969	2.1032e-05
5.3471	2.0232	1.5872e-06
5.3471	2.0774	2.3043e-06
5.3471	2.1316	1.8305e-06
5.3471	2.1858	1.2349e-07
5.3471	2.24	1.5026e-07
5.3471	2.2942	6.7778e-08
5.3471	2.3484	3.7389e-09
5.3471	2.4026	2.9377e-09
5.3471	2.4568	3.179e-09
5.3828	-2.4748	1.3513e-05
5.3828	-2.4206	4.1965e-06
5.3828	-2.3665	4.5225e-05
5.3828	-2.3123	0.00025322
5.3828	-2.2581	0.00088293
5.3828	-2.2039	0.0012953
5.3828	-2.1497	0.00059608
5.3828	-2.0955	7.51e-05
5.3828	-2.0413	0.00066175
5.3828	-1.9871	0.00056944
5.3828	-1.9329	7.7013e-05
5.3828	-1.8787	0.0007682
5.3828	-1.8245	0.00078529
5.3828	-1.7703	9.2357e-05
5.3828	-1.7161	0.00083961
5.3828	-1.6619	0.00094877
5.3828	-1.6077	0.00014036
5.3828	-1.5535	0.00096199
5.3828	-1.4994	0.001018
5.3828	-1.4452	0.00013169
5.3828	-1.391	0.0012163
5.3828	-1.3368	0.0012829
5.3828	-1.2826	0.00013045
5.3828	-1.2284	0.0008096
5.3828	-1.1742	0.00078499
5.3828	-1.12	7.6199e-05
5.3828	-1.0658	0.0018607
5.3828	-1.0116	0.018831
5.3828	-0.95742	0.065585
5.3828	-0.90323	0.096944
5.3828	-0.84903	0.056105
5.3828	-0.79484	0.0054967
5.3828	-0.74065	0.015854
5.3828	-0.68645	0.025028
5.3828	-0.63226	0.0040185
5.3828	-0.57806	0.011559
5.3828	-0.52387	0.022627
5.3828	-0.46968	0.0046124
5.3828	-0.41548	0.0097892
5.3828	-0.36129	0.022703
5.3828	-0.3071	0.0055877
5.3828	-0.2529	0.0092525
5.3828	-0.19871	0.023668
5.3828	-0.14452	0.0059365
5.3828	-0.090324	0.01221
5.3828	-0.036129	0.033502
5.3828	0.018065	0.0098477
5.3828	0.072258	0.016811
5.3828	0.12645	0.058181
5.3828	0.18065	0.022401
5.3828	0.23484	0.045325
5.3828	0.28903	0.30375
5.3828	0.34323	0.54167
5.3828	0.39742	0.4472
5.3828	0.45161	0.17434
5.3828	0.50581	0.020604
5.3828	0.56	0.0029569
5.3828	0.61419	0.0067526
5.3828	0.66839	0.0016059
5.3828	0.72258	0.00023529
5.3828	0.77677	0.00068763
5.3828	0.83097	0.00019681
5.3828	0.88516	1.3651e-05
5.3828	0.93935	4.0905e-05
5.3828	0.99354	9.0537e-06
5.3828	1.0477	3.928e-07
5.3828	1.1019	2.0152e-07
5.3828	1.1561	7.7205e-08
5.3828	1.2103	2.4185e-07
5.3828	1.2645	1.2982e-06
5.3828	1.3187	5.4836e-07
5.3828	1.3729	1.2823e-07
5.3828	1.4271	2.7436e-06
5.3828	1.4813	6.8655e-06
5.3828	1.5355	4.6049e-06
5.3828	1.5897	0.00013709
5.3828	1.6439	0.00058376
5.3828	1.6981	0.00096077
5.3828	1.7523	0.00072598
5.3828	1.8065	0.00020746
5.3828	1.8606	9.1402e-06
5.3828	1.9148	4.0707e-05
5.3828	1.969	2.7227e-05
5.3828	2.0232	1.7289e-06
5.3828	2.0774	5.9794e-06
5.3828	2.1316	4.2989e-06
5.3828	2.1858	2.6594e-07
5.3828	2.24	8.9809e-07
5.3828	2.2942	5.1874e-07
5.3828	2.3484	2.3698e-08
5.3828	2.4026	3.6347e-08
5.3828	2.4568	7.8765e-09
5.4185	-2.4748	4.171e-05
5.4185	-2.4206	5.526e-05
5.4185	-2.3665	0.00050794
5.4185	-2.3123	0.00097816
5.4185	-2.2581	0.00073564
5.4185	-2.2039	0.00022834
5.4185	-2.1497	3.5074e-05
5.4185	-2.0955	9.3203e-06
5.4185	-2.0413	0.0001081
5.4185	-1.9871	0.00010877
5.4185	-1.9329	3.1223e-05
5.4185	-1.8787	0.0003211
5.4185	-1.8245	0.00031132
5.4185	-1.7703	5.7675e-05
5.4185	-1.7161	0.00060929
5.4185	-1.6619	0.00063474
5.4185	-1.6077	0.00010946
5.4185	-1.5535	0.00093532
5.4185	-1.4994	0.00092167
5.4185	-1.4452	0.00019207
5.4185	-1.391	0.0019301
5.4185	-1.3368	0.0019385
5.4185	-1.2826	0.00029298
5.4185	-1.2284	0.0033204
5.4185	-1.1742	0.0038228
5.4185	-1.12	0.00058161
5.4185	-1.0658	0.0084408
5.4185	-1.0116	0.018524
5.4185	-0.95742	0.013402
5.4185	-0.90323	0.005399
5.4185	-0.84903	0.0028238
5.4185	-0.79484	0.00036624
5.4185	-0.74065	0.0030526
5.4185	-0.68645	0.0049074
5.4185	-0.63226	0.00071035
5.4185	-0.57806	0.0046509
5.4185	-0.52387	0.0079295
5.4185	-0.46968	0.0012825
5.4185	-0.41548	0.0058996
5.4185	-0.36129	0.011378
5.4185	-0.3071	0.0022343
5.4185	-0.2529	0.0067122
5.4185	-0.19871	0.014231
5.4185	-0.14452	0.0027802
5.4185	-0.090324	0.010878
5.4185	-0.036129	0.024227
5.4185	0.018065	0.005418
5.4185	0.072258	0.018395
5.4185	0.12645	0.050766
5.4185	0.18065	0.014869
5.4185	0.23484	0.061945
5.4185	0.28903	0.3461
5.4185	0.34323	0.58508
5.4185	0.39742	0.46764
5.4185	0.45161	0.17342
5.4185	0.50581	0.017277
5.4185	0.56	0.0050445
5.4185	0.61419	0.0088336
5.4185	0.66839	0.0017075
5.4185	0.72258	0.00049788
5.4185	0.77677	0.001114
5.4185	0.83097	0.00026099
5.4185	0.88516	3.9279e-05
5.4185	0.93935	9.2397e-05
5.4185	0.99354	1.7435e-05
5.4185	1.0477	1.1661e-06
5.4185	1.1019	4.8488e-07
5.4185	1.1561	3.655e-07
5.4185	1.2103	1.8477e-06
5.4185	1.2645	1.1691e-05
5.4185	1.3187	6.7292e-06
5.4185	1.3729	3.0361e-06
5.4185	1.4271	1.4642e-05
5.4185	1.4813	6.4272e-06
5.4185	1.5355	1.1479e-06
5.4185	1.5897	1.741e-05
5.4185	1.6439	0.0001092
5.4185	1.6981	0.00026833
5.4185	1.7523	0.0002638
5.4185	1.8065	8.4409e-05
5.4185	1.8606	5.5226e-06
5.4185	1.9148	3.3245e-05
5.4185	1.969	2.0378e-05
5.4185	2.0232	1.4028e-06
5.4185	2.0774	8.0068e-06
5.4185	2.1316	5.0115e-06
5.4185	2.1858	3.6003e-07
5.4185	2.24	1.9547e-06
5.4185	2.2942	1.0599e-06
5.4185	2.3484	4.9742e-08
5.4185	2.4026	1.2908e-07
5.4185	2.4568	3.0103e-08
5.4542	-2.4748	4.7803e-05
5.4542	-2.4206	0.00017002
5.4542	-2.3665	0.001467
5.4542	-2.3123	0.0033822
5.4542	-2.2581	0.0034919
5.4542	-2.2039	0.0016151
5.4542	-2.1497	0.00020755
5.4542	-2.0955	3.4675e-05
5.4542	-2.0413	6.767e-05
5.4542	-1.9871	1.4827e-05
5.4542	-1.9329	3.1417e-06
5.4542	-1.8787	3.7508e-05
5.4542	-1.8245	4.7183e-05
5.4542	-1.7703	2.247e-05
5.4542	-1.7161	0.00023272
5.4542	-1.6619	0.00024611
5.4542	-1.6077	5.5181e-05
5.4542	-1.5535	0.00053047
5.4542	-1.4994	0.00049033
5.4542	-1.4452	0.00019157
5.4542	-1.391	0.0016982
5.4542	-1.3368	0.0015107
5.4542	-1.2826	0.00044908
5.4542	-1.2284	0.0048987
5.4542	-1.1742	0.0051477
5.4542	-1.12	0.0016178
5.4542	-1.0658	0.028516
5.4542	-1.0116	0.079034
5.4542	-0.95742	0.087773
5.4542	-0.90323	0.044837
5.4542	-0.84903	0.0083463
5.4542	-0.79484	0.00020805
5.4542	-0.74065	0.00048008
5.4542	-0.68645	0.00023164
5.4542	-0.63226	3.9925e-05
5.4542	-0.57806	0.00070472
5.4542	-0.52387	0.0012708
5.4542	-0.46968	0.00020716
5.4542	-0.41548	0.0022066
5.4542	-0.36129	0.0038166
5.4542	-0.3071	0.00063265
5.4542	-0.2529	0.0034482
5.4542	-0.19871	0.0063322
5.4542	-0.14452	0.0010265
5.4542	-0.090324	0.0073552
5.4542	-0.036129	0.013664
5.4542	0.018065	0.0023672
5.4542	0.072258	0.015831
5.4542	0.12645	0.035641
5.4542	0.18065	0.0079336
5.4542	0.23484	0.067638
5.4542	0.28903	0.32475
5.4542	0.34323	0.52317
5.4542	0.39742	0.40435
5.4542	0.45161	0.14147
5.4542	0.50581	0.011465
5.4542	0.56	0.0067505
5.4542	0.61419	0.0092279
5.4542	0.66839	0.0014039
5.4542	0.72258	0.00080885
5.4542	0.77677	0.0013911
5.4542	0.83097	0.00025805
5.4542	0.88516	8.1693e-05
5.4542	0.93935	0.00014329
5.4542	0.99354	2.1819e-05
5.4542	1.0477	2.4272e-06
5.4542	1.1019	6.9536e-07
5.4542	1.1561	8.1927e-07
5.4542	1.2103	6.748e-06
5.4542	1.2645	3.6967e-05
5.4542	1.3187	1.9304e-05
5.4542	1.3729	1.9657e-05
5.4542	1.4271	9.559e-05
5.4542	1.4813	4.9132e-05
5.4542	1.5355	3.2954e-05
5.4542	1.5897	0.00023275
5.4542	1.6439	0.0003043
5.4542	1.6981	0.00014457
5.4542	1.7523	3.1941e-05
5.4542	1.8065	7.2293e-06
5.4542	1.8606	1.3723e-06
5.4542	1.9148	1.056e-05
5.4542	1.969	7.0731e-06
5.4542	2.0232	8.4528e-07
5.4542	2.0774	5.6664e-06
5.4542	2.1316	3.1597e-06
5.4542	2.1858	4.3477e-07
5.4542	2.24	2.3857e-06
5.4542	2.2942	1.154e-06
5.4542	2.3484	6.2829e-08
5.4542	2.4026	2.1232e-07
5.4542	2.4568	4.2074e-08
5.49	-2.4748	3.181e-05
5.49	-2.4206	0.00027116
5.49	-2.3665	0.0020891
5.49	-2.3123	0.0049845
5.49	-2.2581	0.0055649
5.49	-2.2039	0.0028239
5.49	-2.1497	0.0003704
5.49	-2.0955	0.00016153
5.49	-2.0413	0.00034825
5.49	-1.9871	8.3069e-05
5.49	-1.9329	2.7469e-05
5.49	-1.8787	6.4874e-05
5.49	-1.8245	1.6244e-05
5.49	-1.7703	2.8301e-06
5.49	-1.7161	2.1149e-05
5.49	-1.6619	3.689e-05
5.49	-1.6077	1.0625e-05
5.49	-1.5535	0.0001318
5.49	-1.4994	0.00013604
5.49	-1.4452	0.0001094
5.49	-1.391	0.00084534
5.49	-1.3368	0.00066712
5.49	-1.2826	0.0004664
5.49	-1.2284	0.0040988
5.49	-1.1742	0.0037195
5.49	-1.12	0.0026808
5.49	-1.0658	0.040556
5.49	-1.0116	0.11577
5.49	-0.95742	0.14252
5.49	-0.90323	0.083956
5.49	-0.84903	0.018067
5.49	-0.79484	0.00083837
5.49	-0.74065	0.0038336
5.49	-0.68645	0.0017672
5.49	-0.63226	8.5315e-05
5.49	-0.57806	0.00029334
5.49	-0.52387	0.00012537
5.49	-0.46968	1.8393e-05
5.49	-0.41548	0.00027549
5.49	-0.36129	0.0005565
5.49	-0.3071	0.00010242
5.49	-0.2529	0.0009887
5.49	-0.19871	0.0017473
5.49	-0.14452	0.00029264
5.49	-0.090324	0.0034091
5.49	-0.036129	0.0055141
5.49	0.018065	0.00085859
5.49	0.072258	0.010267
5.49	0.12645	0.019337
5.49	0.18065	0.0036081
5.49	0.23484	0.058169
5.49	0.28903	0.24756
5.49	0.34323	0.38383
5.49	0.39742	0.2879
5.49	0.45161	0.094629
5.49	0.50581	0.0060658
5.49	0.56	0.007179
5.49	0.61419	0.0078405
5.49	0.66839	0.00091327
5.49	0.72258	0.0010353
5.49	0.77677	0.0013959
5.49	0.83097	0.00019896
5.49	0.88516	0.00012817
5.49	0.93935	0.00017038
5.49	0.99354	2.0225e-05
5.49	1.0477	3.779e-06
5.49	1.1019	7.9644e-07
5.49	1.1561	1.2225e-06
5.49	1.2103	1.6549e-05
5.49	1.2645	7.4156e-05
5.49	1.3187	3.1227e-05
5.49	1.3729	6.4667e-05
5.49	1.4271	0.00026483
5.49	1.4813	0.00011771
5.49	1.5355	0.00019426
5.49	1.5897	0.0013368
5.49	1.6439	0.0022224
5.49	1.6981	0.0015973
5.49	1.7523	0.00050452
5.49	1.8065	4.4872e-05
5.49	1.8606	3.2513e-06
5.49	1.9148	4.2042e-06
5.49	1.969	6.6181e-07
5.49	2.0232	1.5221e-07
5.49	2.0774	1.1609e-06
5.49	2.1316	6.92e-07
5.49	2.1858	3.7e-07
5.49	2.24	1.6015e-06
5.49	2.2942	7.1298e-07
5.49	2.3484	5.8784e-08
5.49	2.4026	2.0084e-07
5.49	2.4568	3.2275e-08
5.5257	-2.4748	1.3766e-05
5.5257	-2.4206	0.00026931
5.5257	-2.3665	0.0018843
5.5257	-2.3123	0.0045414
5.5257	-2.2581	0.0052244
5.5257	-2.2039	0.0026857
5.5257	-2.1497	0.00031179
5.5257	-2.0955	0.00029583
5.5257	-2.0413	0.0005666
5.5257	-1.9871	0.00012271
5.5257	-1.9329	0.00010468
5.5257	-1.8787	0.00025408
5.5257	-1.8245	6.8417e-05
5.5257	-1.7703	2.8427e-05
5.5257	-1.7161	6.4714e-05
5.5257	-1.6619	1.0119e-05
5.5257	-1.6077	1.6931e-05
5.5257	-1.5535	1.9223e-05
5.5257	-1.4994	1.2529e-05
5.5257	-1.4452	1.8462e-05
5.5257	-1.391	0.00015299
5.5257	-1.3368	0.00012261
5.5257	-1.2826	0.00026413
5.5257	-1.2284	0.0019182
5.5257	-1.1742	0.0015052
5.5257	-1.12	0.002685
5.5257	-1.0658	0.033825
5.5257	-1.0116	0.097422
5.5257	-0.95742	0.12569
5.5257	-0.90323	0.077469
5.5257	-0.84903	0.01633
5.5257	-0.79484	0.0014814
5.5257	-0.74065	0.0068607
5.5257	-0.68645	0.0031321
5.5257	-0.63226	0.00029073
5.5257	-0.57806	0.0016595
5.5257	-0.52387	0.00090158
5.5257	-0.46968	5.5915e-05
5.5257	-0.41548	0.00021334
5.5257	-0.36129	8.4799e-05
5.5257	-0.3071	2.5895e-05
5.5257	-0.2529	8.1941e-05
5.5257	-0.19871	0.00015797
5.5257	-0.14452	4.521e-05
5.5257	-0.090324	0.00078174
5.5257	-0.036129	0.0012436
5.5257	0.018065	0.00027039
5.5257	0.072258	0.0044642
5.5257	0.12645	0.0073309
5.5257	0.18065	0.0015828
5.5257	0.23484	0.03748
5.5257	0.28903	0.14681
5.5257	0.34323	0.22317
5.5257	0.39742	0.16427
5.5257	0.45161	0.050774
5.5257	0.50581	0.0025881
5.5257	0.56	0.0060524
5.5257	0.61419	0.0053996
5.5257	0.66839	0.0004772
5.5257	0.72258	0.0010563
5.5257	0.77677	0.0011402
5.5257	0.83097	0.00012188
5.5257	0.88516	0.00015703
5.5257	0.93935	0.00016216
5.5257	0.99354	1.4587e-05
5.5257	1.0477	4.536e-06
5.5257	1.1019	8.8715e-07
5.5257	1.1561	1.4144e-06
5.5257	1.2103	3.0535e-05
5.5257	1.2645	0.00011075
5.5257	1.3187	3.5663e-05
5.5257	1.3729	0.0001456
5.5257	1.4271	0.0004875
5.5257	1.4813	0.00017115
5.5257	1.5355	0.00061388
5.5257	1.5897	0.0037044
5.5257	1.6439	0.0063253
5.5257	1.6981	0.0049216
5.5257	1.7523	0.0017297
5.5257	1.8065	0.00016343
5.5257	1.8606	3.3779e-05
5.5257	1.9148	5.2486e-05
5.5257	1.969	8.3442e-06
5.5257	2.0232	1.4378e-06
5.5257	2.0774	2.2385e-06
5.5257	2.1316	4.0294e-07
5.5257	2.1858	1.0459e-07
5.5257	2.24	3.3243e-07
5.5257	2.2942	1.7683e-07
5.5257	2.3484	2.9918e-08
5.5257	2.4026	9.5147e-08
5.5257	2.4568	1.2966e-08
5.5614	-2.4748	4.2198e-06
5.5614	-2.4206	0.00016111
5.5614	-2.3665	0.0010773
5.5614	-2.3123	0.002676
5.5614	-2.2581	0.0031847
5.5614	-2.2039	0.0016358
5.5614	-2.1497	0.00016068
5.5614	-2.0955	0.00031936
5.5614	-2.0413	0.00052654
5.5614	-1.9871	9.3581e-05
5.5614	-1.9329	0.00017644
5.5614	-1.8787	0.00037327
5.5614	-1.8245	8.754e-05
5.5614	-1.7703	9.3855e-05
5.5614	-1.7161	0.00022197
5.5614	-1.6619	4.7375e-05
5.5614	-1.6077	8.4338e-05
5.5614	-1.5535	0.00015758
5.5614	-1.4994	2.8252e-05
5.5614	-1.4452	3.8802e-05
5.5614	-1.391	5.8363e-05
5.5614	-1.3368	1.1778e-05
5.5614	-1.2826	3.7667e-05
5.5614	-1.2284	0.00029641
5.5614	-1.1742	0.0002301
5.5614	-1.12	0.0013545
5.5614	-1.0658	0.015592
5.5614	-1.0116	0.047845
5.5614	-0.95742	0.06641
5.5614	-0.90323	0.042929
5.5614	-0.84903	0.0085827
5.5614	-0.79484	0.0016531
5.5614	-0.74065	0.0064268
5.5614	-0.68645	0.0026281
5.5614	-0.63226	0.00050496
5.5614	-0.57806	0.0026242
5.5614	-0.52387	0.0013443
5.5614	-0.46968	0.00016546
5.5614	-0.41548	0.00096727
5.5614	-0.36129	0.00049978
5.5614	-0.3071	0.00010139
5.5614	-0.2529	0.0003611
5.5614	-0.19871	0.00013425
5.5614	-0.14452	1.4788e-05
5.5614	-0.090324	5.9456e-05
5.5614	-0.036129	6.0842e-05
5.5614	0.018065	4.6708e-05
5.5614	0.072258	0.00087679
5.5614	0.12645	0.0014354
5.5614	0.18065	0.00062109
5.5614	0.23484	0.015735
5.5614	0.28903	0.060584
5.5614	0.34323	0.094207
5.5614	0.39742	0.070063
5.5614	0.45161	0.020634
5.5614	0.50581	0.00093775
5.5614	0.56	0.0039359
5.5614	0.61419	0.0029335
5.5614	0.66839	0.00020904
5.5614	0.72258	0.00085364
5.5614	0.77677	0.00075209
5.5614	0.83097	6.0692e-05
5.5614	0.88516	0.00015255
5.5614	0.93935	0.00012516
5.5614	0.99354	8.373e-06
5.5614	1.0477	4.2573e-06
5.5614	1.1019	1.016e-06
5.5614	1.1561	1.4748e-06
5.5614	1.2103	4.4494e-05
5.5614	1.2645	0.00013076
5.5614	1.3187	3.1903e-05
5.5614	1.3729	0.00024883
5.5614	1.4271	0.00067997
5.5614	1.4813	0.00018166
5.5614	1.5355	0.0013554
5.5614	1.5897	0.0071097
5.5614	1.6439	0.011874
5.5614	1.6981	0.0092761
5.5614	1.7523	0.0032399
5.5614	1.8065	0.00026869
5.5614	1.8606	0.00012291
5.5614	1.9148	0.00016641
5.5614	1.969	2.47e-05
5.5614	2.0232	1.0348e-05
5.5614	2.0774	1.6814e-05
5.5614	2.1316	3.1298e-06
5.5614	2.1858	3.121e-07
5.5614	2.24	4.7624e-07
5.5614	2.2942	5.4006e-08
5.5614	2.3484	1.2829e-08
5.5614	2.4026	9.816e-09
5.5614	2.4568	1.4626e-09
5.5971	-2.4748	8.8282e-07
5.5971	-2.4206	4.2547e-05
5.5971	-2.3665	0.00031208
5.5971	-2.3123	0.00087539
5.5971	-2.2581	0.0011461
5.5971	-2.2039	0.00060823
5.5971	-2.1497	5.2193e-05
5.5971	-2.0955	0.00021507
5.5971	-2.0413	0.00030954
5.5971	-1.9871	4.4053e-05
5.5971	-1.9329	0.00018045
5.5971	-1.8787	0.00032515
5.5971	-1.8245	6.1129e-05
5.5971	-1.7703	0.00014886
5.5971	-1.7161	0.00030969
5.5971	-1.6619	6.3581e-05
5.5971	-1.6077	0.00016514
5.5971	-1.5535	0.00032164
5.5971	-1.4994	5.6364e-05
5.5971	-1.4452	0.00019307
5.5971	-1.391	0.00037786
5.5971	-1.3368	8.2005e-05
5.5971	-1.2826	9.6413e-05
5.5971	-1.2284	0.00019522
5.5971	-1.1742	4.0491e-05
5.5971	-1.12	0.00014699
5.5971	-1.0658	0.002099
5.5971	-1.0116	0.0090808
5.5971	-0.95742	0.016331
5.5971	-0.90323	0.012422
5.5971	-0.84903	0.0024835
5.5971	-0.79484	0.0010782
5.5971	-0.74065	0.0035585
5.5971	-0.68645	0.0012933
5.5971	-0.63226	0.00053346
5.5971	-0.57806	0.0022745
5.5971	-0.52387	0.0010274
5.5971	-0.46968	0.00027329
5.5971	-0.41548	0.0014085
5.5971	-0.36129	0.00069879
5.5971	-0.3071	0.00020456
5.5971	-0.2529	0.00089487
5.5971	-0.19871	0.00039485
5.5971	-0.14452	0.00012648
5.5971	-0.090324	0.00055434
5.5971	-0.036129	0.00024109
5.5971	0.018065	2.8735e-05
5.5971	0.072258	0.00012095
5.5971	0.12645	6.6581e-05
5.5971	0.18065	9.2896e-05
5.5971	0.23484	0.0025936
5.5971	0.28903	0.012179
5.5971	0.34323	0.022354
5.5971	0.39742	0.018484
5.5971	0.45161	0.0054839
5.5971	0.50581	0.00031017
5.5971	0.56	0.0018249
5.5971	0.61419	0.0011729
5.5971	0.66839	8.5164e-05
5.5971	0.72258	0.00052811
5.5971	0.77677	0.00038745
5.5971	0.83097	2.6408e-05
5.5971	0.88516	0.00011676
5.5971	0.93935	7.7665e-05
5.5971	0.99354	3.9091e-06
5.5971	1.0477	3.1198e-06
5.5971	1.1019	1.0794e-06
5.5971	1.1561	1.599e-06
5.5971	1.2103	5.2186e-05
5.5971	1.2645	0.00012469
5.5971	1.3187	2.5224e-05
5.5971	1.3729	0.00033754
5.5971	1.4271	0.00075567
5.5971	1.4813	0.00015957
5.5971	1.5355	0.0023004
5.5971	1.5897	0.010594
5.5971	1.6439	0.017037
5.5971	1.6981	0.013019
5.5971	1.7523	0.0043423
5.5971	1.8065	0.00029321
5.5971	1.8606	0.00027847
5.5971	1.9148	0.00031161
5.5971	1.969	3.7606e-05
5.5971	2.0232	3.3084e-05
5.5971	2.0774	4.5436e-05
5.5971	2.1316	6.9827e-06
5.5971	2.1858	2.5858e-06
5.5971	2.24	3.6386e-06
5.5971	2.2942	4.362e-07
5.5971	2.3484	1.4511e-07
5.5971	2.4026	7.9345e-08
5.5971	2.4568	1.9945e-09
5.6329	-2.4748	9.3883e-07
5.6329	-2.4206	1.5716e-05
5.6329	-2.3665	5.1589e-05
5.6329	-2.3123	0.00011136
5.6329	-2.2581	0.00016426
5.6329	-2.2039	0.00010055
5.6329	-2.1497	9.4178e-06
5.6329	-2.0955	7.8125e-05
5.6329	-2.0413	0.00010348
5.6329	-1.9871	1.3247e-05
5.6329	-1.9329	0.00011573
5.6329	-1.8787	0.00017894
5.6329	-1.8245	2.6704e-05
5.6329	-1.7703	0.00014766
5.6329	-1.7161	0.00026465
5.6329	-1.6619	4.824e-05
5.6329	-1.6077	0.00019221
5.6329	-1.5535	0.00034541
5.6329	-1.4994	5.4094e-05
5.6329	-1.4452	0.00035982
5.6329	-1.391	0.00065311
5.6329	-1.3368	0.00011807
5.6329	-1.2826	0.00048784
5.6329	-1.2284	0.0010533
5.6329	-1.1742	0.00022779
5.6329	-1.12	0.00093155
5.6329	-1.0658	0.0032339
5.6329	-1.0116	0.0030179
5.6329	-0.95742	0.0014045
5.6329	-0.90323	0.00083836
5.6329	-0.84903	0.00022304
5.6329	-0.79484	0.0002745
5.6329	-0.74065	0.00093536
5.6329	-0.68645	0.00033203
5.6329	-0.63226	0.00031318
5.6329	-0.57806	0.0011502
5.6329	-0.52387	0.00046135
5.6329	-0.46968	0.00027109
5.6329	-0.41548	0.0011529
5.6329	-0.36129	0.00052065
5.6329	-0.3071	0.00024268
5.6329	-0.2529	0.0010099
5.6329	-0.19871	0.00041158
5.6329	-0.14452	0.00028146
5.6329	-0.090324	0.0011309
5.6329	-0.036129	0.00048991
5.6329	0.018065	0.00021027
5.6329	0.072258	0.00099823
5.6329	0.12645	0.0004754
5.6329	0.18065	0.00016644
5.6329	0.23484	0.0010006
5.6329	0.28903	0.0010829
5.6329	0.34323	0.0011684
5.6329	0.39742	0.0014274
5.6329	0.45161	0.00056742
5.6329	0.50581	7.2925e-05
5.6329	0.56	0.00047611
5.6329	0.61419	0.00028602
5.6329	0.66839	3.3051e-05
5.6329	0.72258	0.00022747
5.6329	0.77677	0.00014334
5.6329	0.83097	1.1443e-05
5.6329	0.88516	6.7813e-05
5.6329	0.93935	3.7405e-05
5.6329	0.99354	1.5535e-06
5.6329	1.0477	1.747e-06
5.6329	1.1019	9.4202e-07
5.6329	1.1561	1.7791e-06
5.6329	1.2103	4.9181e-05
5.6329	1.2645	9.5887e-05
5.6329	1.3187	2.1002e-05
5.6329	1.3729	0.00036955
5.6329	1.4271	0.00068018
5.6329	1.4813	0.00013942
5.6329	1.5355	0.0031275
5.6329	1.5897	0.012827
5.6329	1.6439	0.019776
5.6329	1.6981	0.014615
5.6329	1.7523	0.004557
5.6329	1.8065	0.00024293
5.6329	1.8606	0.00046226
5.6329	1.9148	0.00042504
5.6329	1.969	3.958e-05
5.6329	2.0232	6.9749e-05
5.6329	2.0774	7.8477e-05
5.6329	2.1316	9.2661e-06
5.6329	2.1858	8.3717e-06
5.6329	2.24	9.5586e-06
5.6329	2.2942	9.7554e-07
5.6329	2.3484	6.0613e-07
5.6329	2.4026	3.2776e-07
5.6329	2.4568	6.8756e-09
5.6686	-2.4748	5.4023e-06
5.6686	-2.4206	8.8316e-05
5.6686	-2.3665	0.00025034
5.6686	-2.3123	0.0002894
5.6686	-2.2581	0.00015387
5.6686	-2.2039	3.1003e-05
5.6686	-2.1497	1.2982e-06
5.6686	-2.0955	1.0756e-05
5.6686	-2.0413	1.273e-05
5.6686	-1.9871	2.8758e-06
5.6686	-1.9329	3.9423e-05
5.6686	-1.8787	5.3618e-05
5.6686	-1.8245	8.0789e-06
5.6686	-1.7703	9.4848e-05
5.6686	-1.7161	0.00014875
5.6686	-1.6619	2.4302e-05
5.6686	-1.6077	0.00014476
5.6686	-1.5535	0.00023602
5.6686	-1.4994	3.7389e-05
5.6686	-1.4452	0.00039431
5.6686	-1.391	0.00062517
5.6686	-1.3368	9.5442e-05
5.6686	-1.2826	0.00090112
5.6686	-1.2284	0.0017179
5.6686	-1.1742	0.000317
5.6686	-1.12	0.0037912
5.6686	-1.0658	0.015123
5.6686	-1.0116	0.020573
5.6686	-0.95742	0.01276
5.6686	-0.90323	0.0032186
5.6686	-0.84903	0.00014505
5.6686	-0.79484	8.298e-05
5.6686	-0.74065	7.5322e-05
5.6686	-0.68645	2.4516e-05
5.6686	-0.63226	5.9865e-05
5.6686	-0.57806	0.00024766
5.6686	-0.52387	0.00010205
5.6686	-0.46968	0.00014481
5.6686	-0.41548	0.00054739
5.6686	-0.36129	0.00023465
5.6686	-0.3071	0.0001724
5.6686	-0.2529	0.00066868
5.6686	-0.19871	0.00024189
5.6686	-0.14452	0.00033062
5.6686	-0.090324	0.0011324
5.6686	-0.036129	0.00041886
5.6686	0.018065	0.00044721
5.6686	0.072258	0.0018166
5.6686	0.12645	0.00080047
5.6686	0.18065	0.00092495
5.6686	0.23484	0.0063149
5.6686	0.28903	0.0097807
5.6686	0.34323	0.0063394
5.6686	0.39742	0.0017361
5.6686	0.45161	0.00013188
5.6686	0.50581	5.9163e-06
5.6686	0.56	2.7404e-05
5.6686	0.61419	2.0196e-05
5.6686	0.66839	7.678e-06
5.6686	0.72258	5.0605e-05
5.6686	0.77677	2.9978e-05
5.6686	0.83097	4.6857e-06
5.6686	0.88516	2.687e-05
5.6686	0.93935	1.279e-05
5.6686	0.99354	5.5323e-07
5.6686	1.0477	7.07e-07
5.6686	1.1019	6.1576e-07
5.6686	1.1561	1.722e-06
5.6686	1.2103	3.6292e-05
5.6686	1.2645	5.8003e-05
5.6686	1.3187	1.9519e-05
5.6686	1.3729	0.00032512
5.6686	1.4271	0.00049296
5.6686	1.4813	0.00014136
5.6686	1.5355	0.0034548
5.6686	1.5897	0.012819
5.6686	1.6439	0.018965
5.6686	1.6981	0.013492
5.6686	1.7523	0.0038753
5.6686	1.8065	0.00017149
5.6686	1.8606	0.00060029
5.6686	1.9148	0.00045496
5.6686	1.969	3.305e-05
5.6686	2.0232	0.00011012
5.6686	2.0774	0.00010127
5.6686	2.1316	8.9426e-06
5.6686	2.1858	1.7271e-05
5.6686	2.24	1.5891e-05
5.6686	2.2942	1.276e-06
5.6686	2.3484	1.4366e-06
5.6686	2.4026	6.3324e-07
5.6686	2.4568	9.9944e-09
5.7043	-2.4748	1.2556e-05
5.7043	-2.4206	0.00017179
5.7043	-2.3665	0.00052092
5.7043	-2.3123	0.00069818
5.7043	-2.2581	0.00044458
5.7043	-2.2039	9.98e-05
5.7043	-2.1497	6.0351e-06
5.7043	-2.0955	2.9634e-05
5.7043	-2.0413	1.5143e-05
5.7043	-1.9871	1.2655e-06
5.7043	-1.9329	5.8125e-06
5.7043	-1.8787	5.6985e-06
5.7043	-1.8245	2.9141e-06
5.7043	-1.7703	3.5546e-05
5.7043	-1.7161	5.1493e-05
5.7043	-1.6619	8.1021e-06
5.7043	-1.6077	6.506e-05
5.7043	-1.5535	0.00010077
5.7043	-1.4994	2.1672e-05
5.7043	-1.4452	0.00027433
5.7043	-1.391	0.00037662
5.7043	-1.3368	6.6872e-05
5.7043	-1.2826	0.00097959
5.7043	-1.2284	0.001595
5.7043	-1.1742	0.00030725
5.7043	-1.12	0.0065994
5.7043	-1.0658	0.025703
5.7043	-1.0116	0.038086
5.7043	-0.95742	0.027106
5.7043	-0.90323	0.0080958
5.7043	-0.84903	0.00040691
5.7043	-0.79484	0.00070539
5.7043	-0.74065	0.00057811
5.7043	-0.68645	4.7861e-05
5.7043	-0.63226	4.7809e-05
5.7043	-0.57806	3.8265e-05
5.7043	-0.52387	8.4084e-06
5.7043	-0.46968	2.2037e-05
5.7043	-0.41548	0.00010353
5.7043	-0.36129	5.5334e-05
5.7043	-0.3071	5.5667e-05
5.7043	-0.2529	0.00023621
5.7043	-0.19871	8.2904e-05
5.7043	-0.14452	0.00021968
5.7043	-0.090324	0.00066084
5.7043	-0.036129	0.00020035
5.7043	0.018065	0.00050719
5.7043	0.072258	0.0017105
5.7043	0.12645	0.00061862
5.7043	0.18065	0.0017711
5.7043	0.23484	0.010999
5.7043	0.28903	0.018834
5.7043	0.34323	0.014684
5.7043	0.39742	0.0052197
5.7043	0.45161	0.00052823
5.7043	0.50581	7.0263e-05
5.7043	0.56	0.0001183
5.7043	0.61419	1.9421e-05
5.7043	0.66839	1.2019e-06
5.7043	0.72258	2.7331e-06
5.7043	0.77677	1.338e-06
5.7043	0.83097	1.0138e-06
5.7043	0.88516	5.1249e-06
5.7043	0.93935	2.3996e-06
5.7043	0.99354	1.5703e-07
5.7043	1.0477	1.799e-07
5.7043	1.1019	2.6789e-07
5.7043	1.1561	1.1982e-06
5.7043	1.2103	1.9548e-05
5.7043	1.2645	2.5909e-05
5.7043	1.3187	1.6896e-05
5.7043	1.3729	0.00022302
5.7043	1.4271	0.00027911
5.7043	1.4813	0.0001494
5.7043	1.5355	0.0030784
5.7043	1.5897	0.01052
5.7043	1.6439	0.015017
5.7043	1.6981	0.010284
5.7043	1.7523	0.0026898
5.7043	1.8065	0.00012271
5.7043	1.8606	0.00062675
5.7043	1.9148	0.00039297
5.7043	1.969	2.5669e-05
5.7043	2.0232	0.00013733
5.7043	2.0774	0.00010353
5.7043	2.1316	7.186e-06
5.7043	2.1858	2.6377e-05
5.7043	2.24	1.9657e-05
5.7043	2.2942	1.2434e-06
5.7043	2.3484	2.4058e-06
5.7043	2.4026	8.226e-07
5.7043	2.4568	1.6136e-08
5.74	-2.4748	1.5505e-05
5.74	-2.4206	0.00017692
5.74	-2.3665	0.00054571
5.74	-2.3123	0.00077707
5.74	-2.2581	0.00052786
5.74	-2.2039	0.00011843
5.74	-2.1497	1.564e-05
5.74	-2.0955	7.4711e-05
5.74	-2.0413	3.8365e-05
5.74	-1.9871	3.0498e-06
5.74	-1.9329	1.917e-05
5.74	-1.8787	1.3044e-05
5.74	-1.8245	2.0352e-06
5.74	-1.7703	8.2907e-06
5.74	-1.7161	1.1199e-05
5.74	-1.6619	2.2869e-06
5.74	-1.6077	1.1618e-05
5.74	-1.5535	2.1062e-05
5.74	-1.4994	8.7994e-06
5.74	-1.4452	0.00010897
5.74	-1.391	0.00013238
5.74	-1.3368	4.7133e-05
5.74	-1.2826	0.00067523
5.74	-1.2284	0.00093843
5.74	-1.1742	0.00029067
5.74	-1.12	0.007004
5.74	-1.0658	0.026137
5.74	-1.0116	0.039775
5.74	-0.95742	0.029483
5.74	-0.90323	0.0089151
5.74	-0.84903	0.0004183
5.74	-0.79484	0.0015083
5.74	-0.74065	0.001224
5.74	-0.68645	9.6561e-05
5.74	-0.63226	0.00030046
5.74	-0.57806	0.00028932
5.74	-0.52387	2.8257e-05
5.74	-0.46968	3.4478e-05
5.74	-0.41548	2.2431e-05
5.74	-0.36129	5.1904e-06
5.74	-0.3071	7.6237e-06
5.74	-0.2529	2.2926e-05
5.74	-0.19871	1.3468e-05
5.74	-0.14452	6.0082e-05
5.74	-0.090324	0.00018508
5.74	-0.036129	4.877e-05
5.74	0.018065	0.00032331
5.74	0.072258	0.00094015
5.74	0.12645	0.00027175
5.74	0.18065	0.0018831
5.74	0.23484	0.01056
5.74	0.28903	0.018622
5.74	0.34323	0.015397
5.74	0.39742	0.005777
5.74	0.45161	0.00055485
5.74	0.50581	0.00018369
5.74	0.56	0.00029232
5.74	0.61419	5.1512e-05
5.74	0.66839	1.2537e-05
5.74	0.72258	2.3183e-05
5.74	0.77677	4.2838e-06
5.74	0.83097	2.6538e-07
5.74	0.88516	3.7916e-07
5.74	0.93935	1.0145e-07
5.74	0.99354	2.2791e-08
5.74	1.0477	1.8022e-08
5.74	1.1019	5.7632e-08
5.74	1.1561	4.3793e-07
5.74	1.2103	6.3157e-06
5.74	1.2645	7.2674e-06
5.74	1.3187	1.0674e-05
5.74	1.3729	0.00011007
5.74	1.4271	0.00011468
5.74	1.4813	0.00013107
5.74	1.5355	0.0021368
5.74	1.5897	0.0068863
5.74	1.6439	0.0096005
5.74	1.6981	0.0063652
5.74	1.7523	0.0015026
5.74	1.8065	9.982e-05
5.74	1.8606	0.0005284
5.74	1.9148	0.00027473
5.74	1.969	2.2027e-05
5.74	2.0232	0.00013821
5.74	2.0774	8.5593e-05
5.74	2.1316	5.7943e-06
5.74	2.1858	3.1659e-05
5.74	2.24	1.9209e-05
5.74	2.2942	1.067e-06
5.74	2.3484	3.096e-06
5.74	2.4026	8.0289e-07
5.74	2.4568	3.8957e-08
5.7758	-2.4748	1.1707e-05
5.7758	-2.4206	0.00011011
5.7758	-2.3665	0.000338
5.7758	-2.3123	0.00050071
5.7758	-2.2581	0.00035165
5.7758	-2.2039	7.4006e-05
5.7758	-2.1497	2.139e-05
5.7758	-2.0955	8.5515e-05
5.7758	-2.0413	3.9585e-05
5.7758	-1.9871	6.9573e-06
5.7758	-1.9329	4.3683e-05
5.7758	-1.8787	2.8028e-05
5.7758	-1.8245	2.4131e-06
5.7758	-1.7703	1.4678e-05
5.7758	-1.7161	1.1004e-05
5.7758	-1.6619	3.7375e-06
5.7758	-1.6077	5.5688e-06
5.7758	-1.5535	2.3901e-06
5.7758	-1.4994	2.2194e-06
5.7758	-1.4452	1.8226e-05
5.7758	-1.391	1.9806e-05
5.7758	-1.3368	2.29e-05
5.7758	-1.2826	0.00026197
5.7758	-1.2284	0.00032085
5.7758	-1.1742	0.00022742
5.7758	-1.12	0.004715
5.7758	-1.0658	0.017242
5.7758	-1.0116	0.026948
5.7758	-0.95742	0.020473
5.7758	-0.90323	0.0060238
5.7758	-0.84903	0.00030694
5.7758	-0.79484	0.0017436
5.7758	-0.74065	0.0012732
5.7758	-0.68645	9.6367e-05
5.7758	-0.63226	0.00057398
5.7758	-0.57806	0.00052682
5.7758	-0.52387	4.6117e-05
5.7758	-0.46968	0.00017277
5.7758	-0.41548	0.00015698
5.7758	-0.36129	1.4599e-05
5.7758	-0.3071	7.5683e-05
5.7758	-0.2529	5.1891e-05
5.7758	-0.19871	4.3086e-06
5.7758	-0.14452	1.1329e-05
5.7758	-0.090324	1.0948e-05
5.7758	-0.036129	3.6109e-06
5.7758	0.018065	8.0884e-05
5.7758	0.072258	0.0002356
5.7758	0.12645	6.1878e-05
5.7758	0.18065	0.0011172
5.7758	0.23484	0.0059921
5.7758	0.28903	0.011073
5.7758	0.34323	0.0096499
5.7758	0.39742	0.0037035
5.7758	0.45161	0.00031232
5.7758	0.50581	0.00022748
5.7758	0.56	0.00031129
5.7758	0.61419	4.7539e-05
5.7758	0.66839	2.825e-05
5.7758	0.72258	4.6759e-05
5.7758	0.77677	8.3343e-06
5.7758	0.83097	2.1202e-06
5.7758	0.88516	3.2298e-06
5.7758	0.93935	4.0316e-07
5.7758	0.99354	3.7009e-08
5.7758	1.0477	4.7292e-09
5.7758	1.1019	5.862e-09
5.7758	1.1561	3.4807e-08
5.7758	1.2103	5.6154e-07
5.7758	1.2645	7.1176e-07
5.7758	1.3187	3.4229e-06
5.7758	1.3729	3.0973e-05
5.7758	1.4271	2.8176e-05
5.7758	1.4813	7.7707e-05
5.7758	1.5355	0.001053
5.7758	1.5897	0.0033363
5.7758	1.6439	0.0046688
5.7758	1.6981	0.0030494
5.7758	1.7523	0.00064797
5.7758	1.8065	8.0822e-05
5.7758	1.8606	0.00035322
5.7758	1.9148	0.00015255
5.7758	1.969	2.0459e-05
5.7758	2.0232	0.00011224
5.7758	2.0774	5.7125e-05
5.7758	2.1316	5.38e-06
5.7758	2.1858	3.0559e-05
5.7758	2.24	1.5144e-05
5.7758	2.2942	9.4102e-07
5.7758	2.3484	3.1731e-06
5.7758	2.4026	6.1324e-07
5.7758	2.4568	8.9766e-08
5.8115	-2.4748	1.4081e-05
5.8115	-2.4206	8.1249e-05
5.8115	-2.3665	0.00017826
5.8115	-2.3123	0.0002206
5.8115	-2.2581	0.00014237
5.8115	-2.2039	2.5647e-05
5.8115	-2.1497	1.7296e-05
5.8115	-2.0955	5.5868e-05
5.8115	-2.0413	2.2217e-05
5.8115	-1.9871	9.4911e-06
5.8115	-1.9329	4.7215e-05
5.8115	-1.8787	2.6353e-05
5.8115	-1.8245	4.449e-06
5.8115	-1.7703	2.9925e-05
5.8115	-1.7161	1.8663e-05
5.8115	-1.6619	7.7966e-06
5.8115	-1.6077	2.4078e-05
5.8115	-1.5535	8.8544e-06
5.8115	-1.4994	7.9008e-06
5.8115	-1.4452	2.6397e-05
5.8115	-1.391	1.2658e-05
5.8115	-1.3368	3.8502e-06
5.8115	-1.2826	3.849e-05
5.8115	-1.2284	4.5255e-05
5.8115	-1.1742	9.394e-05
5.8115	-1.12	0.0017073
5.8115	-1.0658	0.006617
5.8115	-1.0116	0.011162
5.8115	-0.95742	0.0089502
5.8115	-0.90323	0.0025718
5.8115	-0.84903	0.00019806
5.8115	-0.79484	0.001271
5.8115	-0.74065	0.0008188
5.8115	-0.68645	7.9526e-05
5.8115	-0.63226	0.00062377
5.8115	-0.57806	0.00050708
5.8115	-0.52387	4.4024e-05
5.8115	-0.46968	0.00030518
5.8115	-0.41548	0.00026985
5.8115	-0.36129	2.9581e-05
5.8115	-0.3071	0.00019222
5.8115	-0.2529	0.000156
5.8115	-0.19871	1.4946e-05
5.8115	-0.14452	0.00011307
5.8115	-0.090324	9.2053e-05
5.8115	-0.036129	7.0261e-06
5.8115	0.018065	1.8772e-05
5.8115	0.072258	1.6746e-05
5.8115	0.12645	5.1299e-06
5.8115	0.18065	0.00023202
5.8115	0.23484	0.0014807
5.8115	0.28903	0.0033043
5.8115	0.34323	0.0033189
5.8115	0.39742	0.0013688
5.8115	0.45161	0.00010246
5.8115	0.50581	0.00016223
5.8115	0.56	0.00019462
5.8115	0.61419	2.4664e-05
5.8115	0.66839	3.1885e-05
5.8115	0.72258	4.4991e-05
5.8115	0.77677	6.7397e-06
5.8115	0.83097	4.2246e-06
5.8115	0.88516	5.6049e-06
5.8115	0.93935	6.7358e-07
5.8115	0.99354	9.9858e-08
5.8115	1.0477	1.9369e-08
5.8115	1.1019	2.8429e-08
5.8115	1.1561	3.564e-07
5.8115	1.2103	1.0357e-06
5.8115	1.2645	2.7743e-07
5.8115	1.3187	2.7279e-07
5.8115	1.3729	1.9827e-06
5.8115	1.4271	1.9453e-06
5.8115	1.4813	2.0648e-05
5.8115	1.5355	0.00027738
5.8115	1.5897	0.00097043
5.8115	1.6439	0.0014757
5.8115	1.6981	0.0010014
5.8115	1.7523	0.0001951
5.8115	1.8065	5.1578e-05
5.8115	1.8606	0.00017718
5.8115	1.9148	6.3921e-05
5.8115	1.969	1.6885e-05
5.8115	2.0232	7.1808e-05
5.8115	2.0774	3.0026e-05
5.8115	2.1316	5.1429e-06
5.8115	2.1858	2.3709e-05
5.8115	2.24	9.6132e-06
5.8115	2.2942	8.7201e-07
5.8115	2.3484	2.6173e-06
5.8115	2.4026	3.6982e-07
5.8115	2.4568	1.6262e-07
5.8472	-2.4748	4.8006e-05
5.8472	-2.4206	0.00021841
5.8472	-2.3665	0.00034727
5.8472	-2.3123	0.00026867
5.8472	-2.2581	9.6447e-05
5.8472	-2.2039	7.9148e-06
5.8472	-2.1497	1.2001e-05
5.8472	-2.0955	2.4122e-05
5.8472	-2.0413	6.8378e-06
5.8472	-1.9871	8.0054e-06
5.8472	-1.9329	2.9663e-05
5.8472	-1.8787	1.3737e-05
5.8472	-1.8245	6.5125e-06
5.8472	-1.7703	3.2603e-05
5.8472	-1.7161	1.7576e-05
5.8472	-1.6619	9.4604e-06
5.8472	-1.6077	3.4881e-05
5.8472	-1.5535	1.2745e-05
5.8472	-1.4994	2.1459e-05
5.8472	-1.4452	6.957e-05
5.8472	-1.391	2.9095e-05
5.8472	-1.3368	1.5262e-05
5.8472	-1.2826	6.6267e-05
5.8472	-1.2284	3.1211e-05
5.8472	-1.1742	2.0834e-05
5.8472	-1.12	0.00025562
5.8472	-1.0658	0.0010115
5.8472	-1.0116	0.0020432
5.8472	-0.95742	0.0019309
5.8472	-0.90323	0.00058104
5.8472	-0.84903	9.3636e-05
5.8472	-0.79484	0.00055251
5.8472	-0.74065	0.00031726
5.8472	-0.68645	5.9239e-05
5.8472	-0.63226	0.00043178
5.8472	-0.57806	0.00030453
5.8472	-0.52387	3.7903e-05
5.8472	-0.46968	0.00031902
5.8472	-0.41548	0.00025481
5.8472	-0.36129	3.3871e-05
5.8472	-0.3071	0.00024999
5.8472	-0.2529	0.00019196
5.8472	-0.19871	3.0349e-05
5.8472	-0.14452	0.00025621
5.8472	-0.090324	0.00020904
5.8472	-0.036129	2.1771e-05
5.8472	0.018065	0.00018251
5.8472	0.072258	0.00016695
5.8472	0.12645	1.6608e-05
5.8472	0.18065	0.0001378
5.8472	0.23484	0.00020941
5.8472	0.28903	0.00022255
5.8472	0.34323	0.00031004
5.8472	0.39742	0.0001856
5.8472	0.45161	1.5567e-05
5.8472	0.50581	5.734e-05
5.8472	0.56	6.6864e-05
5.8472	0.61419	7.4397e-06
5.8472	0.66839	2.0595e-05
5.8472	0.72258	2.5608e-05
5.8472	0.77677	3.1615e-06
5.8472	0.83097	4.3366e-06
5.8472	0.88516	4.8804e-06
5.8472	0.93935	5.0143e-07
5.8472	0.99354	1.1902e-07
5.8472	1.0477	3.0595e-08
5.8472	1.1019	4.9959e-08
5.8472	1.1561	1.1001e-06
5.8472	1.2103	3.4667e-06
5.8472	1.2645	9.667e-07
5.8472	1.3187	3.23e-06
5.8472	1.3729	7.9879e-06
5.8472	1.4271	1.8929e-06
5.8472	1.4813	3.3473e-06
5.8472	1.5355	1.7009e-05
5.8472	1.5897	7.3114e-05
5.8472	1.6439	0.0001697
5.8472	1.6981	0.00015121
5.8472	1.7523	3.0561e-05
5.8472	1.8065	1.9837e-05
5.8472	1.8606	5.7458e-05
5.8472	1.9148	1.7803e-05
5.8472	1.969	1.0215e-05
5.8472	2.0232	3.3882e-05
5.8472	2.0774	1.1678e-05
5.8472	2.1316	4.118e-06
5.8472	2.1858	1.4401e-05
5.8472	2.24	4.7914e-06
5.8472	2.2942	7.4336e-07
5.8472	2.3484	1.7197e-06
5.8472	2.4026	1.7362e-07
5.8472	2.4568	2.2661e-07
5.883	-2.4748	0.00013092
5.883	-2.4206	0.00055788
5.883	-2.3665	0.00089324
5.883	-2.3123	0.00068833
5.883	-2.2581	0.00022557
5.883	-2.2039	1.3477e-05
5.883	-2.1497	2.5836e-05
5.883	-2.0955	2.6846e-05
5.883	-2.0413	3.4702e-06
5.883	-1.9871	7.1136e-06
5.883	-1.9329	1.4698e-05
5.883	-1.8787	4.8038e-06
5.883	-1.8245	6.1272e-06
5.883	-1.7703	2.1285e-05
5.883	-1.7161	9.5154e-06
5.883	-1.6619	6.9985e-06
5.883	-1.6077	2.7815e-05
5.883	-1.5535	9.5112e-06
5.883	-1.4994	2.7926e-05
5.883	-1.4452	8.0836e-05
5.883	-1.391	2.7019e-05
5.883	-1.3368	5.2699e-05
5.883	-1.2826	0.00018454
5.883	-1.2284	7.186e-05
5.883	-1.1742	0.00014763
5.883	-1.12	0.00091355
5.883	-1.0658	0.0014376
5.883	-1.0116	0.0010152
5.883	-0.95742	0.00037305
5.883	-0.90323	6.0492e-05
5.883	-0.84903	1.9118e-05
5.883	-0.79484	0.00010292
5.883	-0.74065	5.4783e-05
5.883	-0.68645	3.0688e-05
5.883	-0.63226	0.00017564
5.883	-0.57806	0.00010674
5.883	-0.52387	3.0414e-05
5.883	-0.46968	0.00021846
5.883	-0.41548	0.00015626
5.883	-0.36129	2.7449e-05
5.883	-0.3071	0.00020655
5.883	-0.2529	0.00014208
5.883	-0.19871	4.2298e-05
5.883	-0.14452	0.00030669
5.883	-0.090324	0.00022027
5.883	-0.036129	4.4768e-05
5.883	0.018065	0.00039881
5.883	0.072258	0.00034166
5.883	0.12645	7.1681e-05
5.883	0.18065	0.00098141
5.883	0.23484	0.0020441
5.883	0.28903	0.0016203
5.883	0.34323	0.00055455
5.883	0.39742	6.3693e-05
5.883	0.45161	1.0491e-06
5.883	0.50581	4.5884e-06
5.883	0.56	6.8684e-06
5.883	0.61419	1.0027e-06
5.883	0.66839	6.0372e-06
5.883	0.72258	7.5802e-06
5.883	0.77677	8.5934e-07
5.883	0.83097	2.5149e-06
5.883	0.88516	2.519e-06
5.883	0.93935	2.2183e-07
5.883	0.99354	7.8408e-08
5.883	1.0477	3.2565e-08
5.883	1.1019	5.2398e-08
5.883	1.1561	1.5408e-06
5.883	1.2103	4.3633e-06
5.883	1.2645	1.0147e-06
5.883	1.3187	8.7471e-06
5.883	1.3729	2.1385e-05
5.883	1.4271	4.8703e-06
5.883	1.4813	3.7232e-05
5.883	1.5355	0.00015002
5.883	1.5897	0.00017799
5.883	1.6439	8.4933e-05
5.883	1.6981	1.5476e-05
5.883	1.7523	9.9069e-07
5.883	1.8065	2.1032e-06
5.883	1.8606	6.9873e-06
5.883	1.9148	2.1828e-06
5.883	1.969	3.4622e-06
5.883	2.0232	9.8119e-06
5.883	2.0774	2.8667e-06
5.883	2.1316	2.3292e-06
5.883	2.1858	6.3657e-06
5.883	2.24	1.7597e-06
5.883	2.2942	5.0022e-07
5.883	2.3484	8.666e-07
5.883	2.4026	6.0895e-08
5.883	2.4568	2.3936e-07
5.9187	-2.4748	0.00024823
5.9187	-2.4206	0.00098965
5.9187	-2.3665	0.0015845
5.9187	-2.3123	0.0012373
5.9187	-2.2581	0.00040108
5.9187	-2.2039	2.3077e-05
5.9187	-2.1497	7.1725e-05
5.9187	-2.0955	6.6069e-05
5.9187	-2.0413	7.9796e-06
5.9187	-1.9871	1.7344e-05
5.9187	-1.9329	2.2355e-05
5.9187	-1.8787	5.0875e-06
5.9187	-1.8245	4.7161e-06
5.9187	-1.7703	8.7984e-06
5.9187	-1.7161	2.5928e-06
5.9187	-1.6619	5.6052e-06
5.9187	-1.6077	1.5802e-05
5.9187	-1.5535	4.7845e-06
5.9187	-1.4994	1.9489e-05
5.9187	-1.4452	5.1604e-05
5.9187	-1.391	1.3492e-05
5.9187	-1.3368	7.6282e-05
5.9187	-1.2826	0.00021935
5.9187	-1.2284	6.6424e-05
5.9187	-1.1742	0.00039963
5.9187	-1.12	0.0023363
5.9187	-1.0658	0.0042111
5.9187	-1.0116	0.0035411
5.9187	-0.95742	0.0013581
5.9187	-0.90323	0.00014209
5.9187	-0.84903	2.9997e-05
5.9187	-0.79484	5.5656e-05
5.9187	-0.74065	1.2929e-05
5.9187	-0.68645	7.2788e-06
5.9187	-0.63226	2.9722e-05
5.9187	-0.57806	1.4582e-05
5.9187	-0.52387	1.7931e-05
5.9187	-0.46968	9.3416e-05
5.9187	-0.41548	6.1997e-05
5.9187	-0.36129	1.4514e-05
5.9187	-0.3071	0.00010839
5.9187	-0.2529	6.7017e-05
5.9187	-0.19871	3.9655e-05
5.9187	-0.14452	0.00023224
5.9187	-0.090324	0.00014053
5.9187	-0.036129	6.6297e-05
5.9187	0.018065	0.00046834
5.9187	0.072258	0.00034258
5.9187	0.12645	0.00016631
5.9187	0.18065	0.0020218
5.9187	0.23484	0.0044771
5.9187	0.28903	0.0041928
5.9187	0.34323	0.0018454
5.9187	0.39742	0.00029064
5.9187	0.45161	8.7536e-06
5.9187	0.50581	2.7907e-05
5.9187	0.56	8.196e-06
5.9187	0.61419	2.5638e-07
5.9187	0.66839	5.254e-07
5.9187	0.72258	5.5503e-07
5.9187	0.77677	1.106e-07
5.9187	0.83097	6.0638e-07
5.9187	0.88516	6.5103e-07
5.9187	0.93935	5.6748e-08
5.9187	0.99354	2.5893e-08
5.9187	1.0477	2.2288e-08
5.9187	1.1019	4.1507e-08
5.9187	1.1561	1.251e-06
5.9187	1.2103	3.1131e-06
5.9187	1.2645	6.9215e-07
5.9187	1.3187	1.1184e-05
5.9187	1.3729	2.4118e-05
5.9187	1.4271	4.9567e-06
5.9187	1.4813	8.7703e-05
5.9187	1.5355	0.00037144
5.9187	1.5897	0.00054942
5.9187	1.6439	0.00037325
5.9187	1.6981	0.0001046
5.9187	1.7523	5.3631e-06
5.9187	1.8065	3.9182e-06
5.9187	1.8606	2.6264e-06
5.9187	1.9148	1.8086e-07
5.9187	1.969	2.5911e-07
5.9187	2.0232	8.4072e-07
5.9187	2.0774	2.5146e-07
5.9187	2.1316	6.9887e-07
5.9187	2.1858	1.6627e-06
5.9187	2.24	4.0504e-07
5.9187	2.2942	2.2509e-07
5.9187	2.3484	3.0404e-07
5.9187	2.4026	1.4705e-08
5.9187	2.4568	1.815e-07
5.9544	-2.4748	0.00034739
5.9544	-2.4206	0.0013008
5.9544	-2.3665	0.0020526
5.9544	-2.3123	0.0015832
5.9544	-2.2581	0.00048545
5.9544	-2.2039	2.9669e-05
5.9544	-2.1497	0.00013847
5.9544	-2.0955	0.00011272
5.9544	-2.0413	1.3397e-05
5.9544	-1.9871	4.5226e-05
5.9544	-1.9329	5.0882e-05
5.9544	-1.8787	1.0085e-05
5.9544	-1.8245	8.6457e-06
5.9544	-1.7703	7.013e-06
5.9544	-1.7161	2.2292e-06
5.9544	-1.6619	1.5526e-05
5.9544	-1.6077	1.5164e-05
5.9544	-1.5535	2.1195e-06
5.9544	-1.4994	9.5685e-06
5.9544	-1.4452	2.0617e-05
5.9544	-1.391	4.8293e-06
5.9544	-1.3368	5.9915e-05
5.9544	-1.2826	0.00014385
5.9544	-1.2284	3.4314e-05
5.9544	-1.1742	0.00052556
5.9544	-1.12	0.0028356
5.9544	-1.0658	0.0053625
5.9544	-1.0116	0.0049003
5.9544	-0.95742	0.0020426
5.9544	-0.90323	0.00020769
5.9544	-0.84903	0.0001114
5.9544	-0.79484	0.00019486
5.9544	-0.74065	4.3704e-05
5.9544	-0.68645	9.6369e-06
5.9544	-0.63226	2.5581e-05
5.9544	-0.57806	7.592e-06
5.9544	-0.52387	6.3924e-06
5.9544	-0.46968	2.2334e-05
5.9544	-0.41548	1.5325e-05
5.9544	-0.36129	3.4675e-06
5.9544	-0.3071	2.9444e-05
5.9544	-0.2529	1.7946e-05
5.9544	-0.19871	2.208e-05
5.9544	-0.14452	0.00010799
5.9544	-0.090324	5.3852e-05
5.9544	-0.036129	6.4572e-05
5.9544	0.018065	0.00034953
5.9544	0.072258	0.00021088
5.9544	0.12645	0.00023919
5.9544	0.18065	0.0023681
5.9544	0.23484	0.0052219
5.9544	0.28903	0.0051224
5.9544	0.34323	0.0023895
5.9544	0.39742	0.00038139
5.9544	0.45161	2.2596e-05
5.9544	0.50581	7.9407e-05
5.9544	0.56	2.605e-05
5.9544	0.61419	1.4691e-06
5.9544	0.66839	5.4872e-06
5.9544	0.72258	1.8018e-06
5.9544	0.77677	6.8549e-08
5.9544	0.83097	8.9382e-08
5.9544	0.88516	3.5662e-08
5.9544	0.93935	6.7363e-09
5.9544	0.99354	1.9377e-09
5.9544	1.0477	7.5193e-09
5.9544	1.1019	2.0014e-08
5.9544	1.1561	5.2392e-07
5.9544	1.2103	1.2097e-06
5.9544	1.2645	4.0769e-07
5.9544	1.3187	8.3159e-06
5.9544	1.3729	1.5684e-05
5.9544	1.4271	4.0018e-06
5.9544	1.4813	0.00010605
5.9544	1.5355	0.00043619
5.9544	1.5897	0.00068245
5.9544	1.6439	0.00050426
5.9544	1.6981	0.00015267
5.9544	1.7523	7.4773e-06
5.9544	1.8065	1.513e-05
5.9544	1.8606	1.2128e-05
5.9544	1.9148	9.7053e-07
5.9544	1.969	1.188e-06
5.9544	2.0232	9.5008e-07
5.9544	2.0774	8.0271e-08
5.9544	2.1316	4.3785e-08
5.9544	2.1858	1.0989e-07
5.9544	2.24	3.4168e-08
5.9544	2.2942	4.6113e-08
5.9544	2.3484	5.5646e-08
5.9544	2.4026	2.1873e-09
5.9544	2.4568	8.3749e-08
