-5.3236	0.91632	0.0085342
-5.3236	0.94142	0.008752
-5.3236	0.96653	0.0076751
-5.2985	0.89121	0.0081175
-5.2985	0.91632	0.009861
-5.2985	0.94142	0.010161
-5.2985	0.96653	0.0089517
-5.2735	0.89121	0.007698
-5.2735	0.91632	0.0094103
-5.2735	0.94142	0.0097728
-5.2735	0.96653	0.0086556
-5.2484	0.94142	0.0076899
-5.0981	0.86611	0.0081962
-5.0981	0.89121	0.0090995
-5.0981	0.91632	0.0086513
-5.0731	0.86611	0.0086563
-5.0731	0.89121	0.0097156
-5.0731	0.91632	0.0093363
-5.0731	0.94142	0.007588
-5.048	0.89121	0.0082135
-5.048	0.91632	0.008004
-4.8977	0.841	0.0085612
-4.8977	0.86611	0.0087449
-4.8977	0.89121	0.0075668
-4.8727	0.8159	0.0076514
-4.8727	0.841	0.0093864
-4.8727	0.86611	0.0097331
-4.8727	0.89121	0.008583
-4.8476	0.841	0.0077607
-4.8476	0.86611	0.0082353
-4.7223	0.8159	0.0078404
-4.6973	0.76569	0.0085661
-4.6973	0.79079	0.011443
-4.6973	0.8159	0.012806
-4.6973	0.841	0.012231
-4.6973	0.86611	0.0099556
-4.6722	0.76569	0.010201
-4.6722	0.79079	0.013728
-4.6722	0.8159	0.015613
-4.6722	0.841	0.01512
-4.6722	0.86611	0.012497
-4.6722	0.89121	0.0086329
-4.6472	0.76569	0.009441
-4.6472	0.79079	0.01288
-4.6472	0.8159	0.014804
-4.6472	0.841	0.014539
-4.6472	0.86611	0.01218
-4.6472	0.89121	0.0084538
-4.6221	0.79079	0.0092315
-4.6221	0.8159	0.010855
-4.6221	0.841	0.010889
-4.6221	0.86611	0.0092667
-4.4969	0.74059	0.0091187
-4.4969	0.76569	0.011241
-4.4969	0.79079	0.011684
-4.4969	0.8159	0.010321
-4.4969	0.841	0.0077458
-4.4718	0.74059	0.011231
-4.4718	0.76569	0.014062
-4.4718	0.79079	0.014901
-4.4718	0.8159	0.01343
-4.4718	0.841	0.010245
-4.4468	0.74059	0.010463
-4.4468	0.76569	0.013332
-4.4468	0.79079	0.014398
-4.4468	0.8159	0.013222
-4.4468	0.841	0.010212
-4.4217	0.76569	0.0092392
-4.4217	0.79079	0.010308
-4.4217	0.8159	0.0097338
-4.4217	0.841	0.0076684
-4.3466	-0.56485	0.0077973
-4.3466	-0.53975	0.0076545
-4.3215	-0.58996	0.010046
-4.3215	-0.56485	0.011781
-4.3215	-0.53975	0.011751
-4.3215	-0.51464	0.009951
-4.2965	-0.61506	0.008694
-4.2965	-0.58996	0.012164
-4.2965	-0.56485	0.014375
-4.2965	-0.53975	0.014462
-4.2965	-0.51464	0.012351
-4.2965	-0.48954	0.0087219
-4.2965	0.71548	0.0076972
-4.2965	0.74059	0.0089889
-4.2965	0.76569	0.0088393
-4.2714	-0.61506	0.0085295
-4.2714	-0.58996	0.012019
-4.2714	-0.56485	0.014337
-4.2714	-0.53975	0.014594
-4.2714	-0.51464	0.012534
-4.2714	-0.48954	0.0088433
-4.2714	0.71548	0.0083373
-4.2714	0.74059	0.010181
-4.2714	0.76569	0.010457
-4.2714	0.79079	0.0091116
-4.2463	-0.58996	0.0094254
-4.2463	-0.56485	0.011497
-4.2463	-0.53975	0.011873
-4.2463	-0.51464	0.010319
-4.2463	0.76569	0.0079438
-4.1712	0.66527	0.0095888
-4.1712	0.69038	0.011214
-4.1712	0.71548	0.010712
-4.1712	0.74059	0.0084241
-4.1461	0.64017	0.015848
-4.1461	0.66527	0.025056
-4.1461	0.69038	0.031124
-4.1461	0.71548	0.032163
-4.1461	0.74059	0.028104
-4.1461	0.76569	0.020611
-4.1461	0.79079	0.012809
-4.1211	0.61506	0.013663
-4.1211	0.64017	0.029272
-4.1211	0.66527	0.046276
-4.1211	0.69038	0.058847
-4.1211	0.71548	0.062694
-4.1211	0.74059	0.056853
-4.1211	0.76569	0.043832
-4.1211	0.79079	0.0283
-4.1211	0.8159	0.014674
-4.096	-0.64017	0.0093567
-4.096	-0.61506	0.01155
-4.096	-0.58996	0.012087
-4.096	-0.56485	0.010703
-4.096	-0.53975	0.0079035
-4.096	0.61506	0.020515
-4.096	0.64017	0.04289
-4.096	0.66527	0.067463
-4.096	0.69038	0.086509
-4.096	0.71548	0.093543
-4.096	0.74059	0.0862
-4.096	0.76569	0.067729
-4.096	0.79079	0.044262
-4.096	0.8159	0.02305
-4.096	0.841	0.0084733
-4.071	-0.66527	0.0077613
-4.071	-0.64017	0.011697
-4.071	-0.61506	0.014764
-4.071	-0.58996	0.015802
-4.071	-0.56485	0.014348
-4.071	-0.53975	0.010865
-4.071	0.58996	0.0078045
-4.071	0.61506	0.025052
-4.071	0.64017	0.051058
-4.071	0.66527	0.080108
-4.071	0.69038	0.10321
-4.071	0.71548	0.11253
-4.071	0.74059	0.10484
-4.071	0.76569	0.082839
-4.071	0.79079	0.054474
-4.071	0.8159	0.028154
-4.071	0.841	0.0099602
-4.0459	-0.64017	0.011214
-4.0459	-0.61506	0.014425
-4.0459	-0.58996	0.015792
-4.0459	-0.56485	0.014625
-4.0459	-0.53975	0.011234
-4.0459	0.58996	0.0082503
-4.0459	0.61506	0.024527
-4.0459	0.64017	0.049423
-4.0459	0.66527	0.077612
-4.0459	0.69038	0.10068
-4.0459	0.71548	0.11083
-4.0459	0.74059	0.10434
-4.0459	0.76569	0.083226
-4.0459	0.79079	0.054667
-4.0459	0.8159	0.02782
-4.0459	0.841	0.0093353
-4.0209	-0.64017	0.0078596
-4.0209	-0.61506	0.010474
-4.0209	-0.58996	0.01184
-4.0209	-0.56485	0.011277
-4.0209	-0.53975	0.0088505
-4.0209	0.61506	0.018297
-4.0209	0.64017	0.036893
-4.0209	0.66527	0.059032
-4.0209	0.69038	0.07821
-4.0209	0.71548	0.087749
-4.0209	0.74059	0.083989
-4.0209	0.76569	0.067703
-4.0209	0.79079	0.044589
-4.0209	0.8159	0.022365
-3.9958	0.61506	0.0086281
-3.9958	0.64017	0.018523
-3.9958	0.66527	0.031399
-3.9958	0.69038	0.043853
-3.9958	0.71548	0.051539
-3.9958	0.74059	0.051186
-3.9958	0.76569	0.042524
-3.9958	0.79079	0.0286
-3.9958	0.8159	0.014224
-3.9708	0.66527	0.0076152
-3.9708	0.69038	0.012923
-3.9708	0.71548	0.017592
-3.9708	0.74059	0.019604
-3.9708	0.76569	0.017704
-3.9708	0.79079	0.0126
-3.9207	0.58996	0.009013
-3.9207	0.61506	0.014832
-3.9207	0.64017	0.01829
-3.9207	0.66527	0.01819
-3.9207	0.69038	0.014658
-3.9207	0.71548	0.0096082
-3.8956	-0.69038	0.0099482
-3.8956	-0.66527	0.013342
-3.8956	-0.64017	0.014903
-3.8956	-0.61506	0.014088
-3.8956	-0.58996	0.011166
-3.8956	0.56485	0.0084679
-3.8956	0.58996	0.021916
-3.8956	0.61506	0.037401
-3.8956	0.64017	0.049893
-3.8956	0.66527	0.054826
-3.8956	0.69038	0.050483
-3.8956	0.71548	0.039377
-3.8956	0.74059	0.025301
-3.8956	0.76569	0.013087
-3.8956	1.9456	0.0079964
-3.8956	1.9707	0.0094298
-3.8956	1.9958	0.0092819
-3.8956	2.0209	0.007785
-3.8706	-0.71548	0.0083037
-3.8706	-0.69038	0.013914
-3.8706	-0.66527	0.019079
-3.8706	-0.64017	0.021997
-3.8706	-0.61506	0.021496
-3.8706	-0.58996	0.017675
-3.8706	-0.56485	0.011886
-3.8706	0.56485	0.014275
-3.8706	0.58996	0.035441
-3.8706	0.61506	0.061141
-3.8706	0.64017	0.083764
-3.8706	0.66527	0.095468
-3.8706	0.69038	0.092098
-3.8706	0.71548	0.075521
-3.8706	0.74059	0.051806
-3.8706	0.76569	0.028627
-3.8706	0.79079	0.011763
-3.8706	1.9205	0.0078724
-3.8706	1.9456	0.011526
-3.8706	1.9707	0.013727
-3.8706	1.9958	0.013691
-3.8706	2.0209	0.011658
-3.8706	2.046	0.0084339
-3.8455	-0.71548	0.0085832
-3.8455	-0.69038	0.014618
-3.8455	-0.66527	0.020488
-3.8455	-0.64017	0.024204
-3.8455	-0.61506	0.024186
-3.8455	-0.58996	0.020317
-3.8455	-0.56485	0.013899
-3.8455	0.56485	0.017976
-3.8455	0.58996	0.042825
-3.8455	0.61506	0.074162
-3.8455	0.64017	0.10296
-3.8455	0.66527	0.11991
-3.8455	0.69038	0.11871
-3.8455	0.71548	0.099813
-3.8455	0.74059	0.070161
-3.8455	0.76569	0.039637
-3.8455	0.79079	0.016326
-3.8455	1.9205	0.0093707
-3.8455	1.9456	0.013673
-3.8455	1.9707	0.01634
-3.8455	1.9958	0.016452
-3.8455	2.0209	0.014134
-3.8455	2.046	0.010315
-3.8205	-0.69038	0.011197
-3.8205	-0.66527	0.016305
-3.8205	-0.64017	0.019889
-3.8205	-0.61506	0.020585
-3.8205	-0.58996	0.017731
-3.8205	-0.56485	0.01235
-3.8205	0.56485	0.016816
-3.8205	0.58996	0.039437
-3.8205	0.61506	0.068692
-3.8205	0.64017	0.097143
-3.8205	0.66527	0.11522
-3.8205	0.69038	0.11636
-3.8205	0.71548	0.099793
-3.8205	0.74059	0.071272
-3.8205	0.76569	0.040593
-3.8205	0.79079	0.016352
-3.8205	1.9205	0.0089419
-3.8205	1.9456	0.013077
-3.8205	1.9707	0.015737
-3.8205	1.9958	0.016038
-3.8205	2.0209	0.013909
-3.8205	2.046	0.010218
-3.7954	-0.66527	0.0077755
-3.7954	-0.64017	0.010427
-3.7954	-0.61506	0.011578
-3.7954	-0.58996	0.010541
-3.7954	-0.56485	0.0076296
-3.7954	0.56485	0.010794
-3.7954	0.58996	0.026084
-3.7954	0.61506	0.04674
-3.7954	0.64017	0.068753
-3.7954	0.66527	0.084367
-3.7954	0.69038	0.088064
-3.7954	0.71548	0.077729
-3.7954	0.74059	0.056635
-3.7954	0.76569	0.032497
-3.7954	0.79079	0.012778
-3.7954	1.9456	0.0096633
-3.7954	1.9707	0.011835
-3.7954	1.9958	0.012273
-3.7954	2.0209	0.010813
-3.7954	2.046	0.0080396
-3.7704	0.58996	0.0080973
-3.7704	0.61506	0.017024
-3.7704	0.64017	0.028265
-3.7704	0.66527	0.038369
-3.7704	0.69038	0.043461
-3.7704	0.71548	0.040954
-3.7704	0.74059	0.031377
-3.7704	0.76569	0.018662
-3.7453	0.69038	0.007701
-3.7453	0.71548	0.0095105
-3.7453	0.74059	0.0087829
-3.7203	-0.74059	0.0098364
-3.7203	-0.71548	0.013987
-3.7203	-0.69038	0.016121
-3.7203	-0.66527	0.015429
-3.7203	-0.64017	0.012302
-3.7203	-0.61506	0.0080844
-3.7203	0.56485	0.0095559
-3.7203	0.58996	0.012546
-3.7203	0.61506	0.012259
-3.7203	0.64017	0.0092515
-3.6952	-2.046	0.010552
-3.6952	-2.0209	0.012562
-3.6952	-1.9958	0.012537
-3.6952	-1.9707	0.010637
-3.6952	-1.9456	0.0075848
-3.6952	-0.76569	0.01074
-3.6952	-0.74059	0.020281
-3.6952	-0.71548	0.029943
-3.6952	-0.69038	0.036476
-3.6952	-0.66527	0.037429
-3.6952	-0.64017	0.032433
-3.6952	-0.61506	0.023552
-3.6952	-0.58996	0.013776
-3.6952	0.41423	0.0083432
-3.6952	0.53975	0.016359
-3.6952	0.56485	0.03383
-3.6952	0.58996	0.050079
-3.6952	0.61506	0.058915
-3.6952	0.64017	0.057096
-3.6952	0.66527	0.045987
-3.6952	0.69038	0.030441
-3.6952	0.71548	0.016277
-3.6701	-2.0962	0.0078041
-3.6701	-2.0711	0.014477
-3.6701	-2.046	0.020904
-3.6701	-2.0209	0.024818
-3.6701	-1.9958	0.024875
-3.6701	-1.9707	0.02121
-3.6701	-1.9456	0.015178
-3.6701	-1.9205	0.0090282
-3.6701	-0.76569	0.016649
-3.6701	-0.74059	0.03146
-3.6701	-0.71548	0.04704
-3.6701	-0.69038	0.058503
-3.6701	-0.66527	0.061583
-3.6701	-0.64017	0.05494
-3.6701	-0.61506	0.041143
-3.6701	-0.58996	0.024787
-3.6701	-0.56485	0.010975
-3.6701	0.38912	0.0076977
-3.6701	0.41423	0.009172
-3.6701	0.51464	0.0082296
-3.6701	0.53975	0.029263
-3.6701	0.56485	0.060229
-3.6701	0.58996	0.092424
-3.6701	0.61506	0.11447
-3.6701	0.64017	0.11841
-3.6701	0.66527	0.10368
-3.6701	0.69038	0.076185
-3.6701	0.71548	0.046081
-3.6701	0.74059	0.021643
-3.6701	1.9205	0.0089235
-3.6701	1.9456	0.0090748
-3.6701	1.9707	0.0077065
-3.6451	-2.0962	0.013526
-3.6451	-2.0711	0.024416
-3.6451	-2.046	0.034934
-3.6451	-2.0209	0.041202
-3.6451	-1.9958	0.041275
-3.6451	-1.9707	0.03525
-3.6451	-1.9456	0.025263
-3.6451	-1.9205	0.014765
-3.6451	-0.79079	0.0088377
-3.6451	-0.76569	0.022751
-3.6451	-0.74059	0.042838
-3.6451	-0.71548	0.064691
-3.6451	-0.69038	0.081656
-3.6451	-0.66527	0.087496
-3.6451	-0.64017	0.079421
-3.6451	-0.61506	0.060083
-3.6451	-0.58996	0.036384
-3.6451	-0.56485	0.015846
-3.6451	0.41423	0.0077835
-3.6451	0.51464	0.011962
-3.6451	0.53975	0.03821
-3.6451	0.56485	0.077586
-3.6451	0.58996	0.11994
-3.6451	0.61506	0.15171
-3.6451	0.64017	0.16112
-3.6451	0.66527	0.14576
-3.6451	0.69038	0.111
-3.6451	0.71548	0.069627
-3.6451	0.74059	0.03375
-3.6451	0.76569	0.010789
-3.6451	1.8954	0.011169
-3.6451	1.9205	0.014248
-3.6451	1.9456	0.015098
-3.6451	1.9707	0.013483
-3.6451	1.9958	0.010228
-3.62	-2.0962	0.016839
-3.62	-2.0711	0.029667
-3.62	-2.046	0.041794
-3.62	-2.0209	0.048999
-3.62	-1.9958	0.048886
-3.62	-1.9707	0.041452
-3.62	-1.9456	0.029477
-3.62	-1.9205	0.016976
-3.62	-0.79079	0.0084104
-3.62	-0.76569	0.021841
-3.62	-0.74059	0.041999
-3.62	-0.71548	0.065068
-3.62	-0.69038	0.084618
-3.62	-0.66527	0.093219
-3.62	-0.64017	0.086661
-3.62	-0.61506	0.066564
-3.62	-0.58996	0.040547
-3.62	-0.56485	0.017173
-3.62	-0.46444	0.0081729
-3.62	-0.43933	0.0094102
-3.62	0.51464	0.013889
-3.62	0.53975	0.042446
-3.62	0.56485	0.085808
-3.62	0.58996	0.13431
-3.62	0.61506	0.17269
-3.62	0.64017	0.1878
-3.62	0.66527	0.17318
-3.62	0.69038	0.13419
-3.62	0.71548	0.085404
-3.62	0.74059	0.041422
-3.62	0.76569	0.012586
-3.62	1.8703	0.0074454
-3.62	1.8954	0.012055
-3.62	1.9205	0.015576
-3.62	1.9456	0.016806
-3.62	1.9707	0.015353
-3.62	1.9958	0.011928
-3.62	2.0209	0.0077348
-3.595	-2.1213	0.0076657
-3.595	-2.0962	0.01793
-3.595	-2.0711	0.030694
-3.595	-2.046	0.04235
-3.595	-2.0209	0.049043
-3.595	-1.9958	0.048292
-3.595	-1.9707	0.04047
-3.595	-1.9456	0.028288
-3.595	-1.9205	0.015859
-3.595	-0.76569	0.010202
-3.595	-0.74059	0.021382
-3.595	-0.71548	0.035814
-3.595	-0.69038	0.049415
-3.595	-0.66527	0.05732
-3.595	-0.64017	0.055549
-3.595	-0.61506	0.044384
-3.595	-0.58996	0.027418
-3.595	-0.56485	0.011269
-3.595	-0.46444	0.0087404
-3.595	-0.43933	0.0097185
-3.595	0.51464	0.010494
-3.595	0.53975	0.032167
-3.595	0.56485	0.067353
-3.595	0.58996	0.10971
-3.595	0.61506	0.14705
-3.595	0.64017	0.16575
-3.595	0.66527	0.15783
-3.595	0.69038	0.12623
-3.595	0.71548	0.081918
-3.595	0.74059	0.03972
-3.595	0.76569	0.011405
-3.595	0.841	0.0076391
-3.595	0.86611	0.010625
-3.595	0.89121	0.0089145
-3.595	1.8954	0.011229
-3.595	1.9205	0.014714
-3.595	1.9456	0.016077
-3.595	1.9707	0.014944
-3.595	1.9958	0.011763
-3.595	2.0209	0.007732
-3.5699	-2.1213	0.0090383
-3.5699	-2.0962	0.019951
-3.5699	-2.0711	0.033148
-3.5699	-2.046	0.044878
-3.5699	-2.0209	0.051129
-3.5699	-1.9958	0.04963
-3.5699	-1.9707	0.040899
-3.5699	-1.9456	0.027987
-3.5699	-1.9205	0.015175
-3.5699	-0.71548	0.007443
-3.5699	-0.69038	0.013084
-3.5699	-0.66527	0.018082
-3.5699	-0.64017	0.019966
-3.5699	-0.61506	0.017523
-3.5699	-0.58996	0.011428
-3.5699	0.53975	0.0093919
-3.5699	0.56485	0.022757
-3.5699	0.58996	0.042707
-3.5699	0.61506	0.064015
-3.5699	0.64017	0.07925
-3.5699	0.66527	0.081809
-3.5699	0.69038	0.069625
-3.5699	0.71548	0.046762
-3.5699	0.74059	0.023181
-3.5699	0.841	0.0074674
-3.5699	0.86611	0.010031
-3.5699	0.89121	0.0083223
-3.5699	1.8954	0.0083873
-3.5699	1.9205	0.011377
-3.5699	1.9456	0.012871
-3.5699	1.9707	0.012379
-3.5699	1.9958	0.010035
-3.5449	-2.1213	0.010352
-3.5449	-2.0962	0.021913
-3.5449	-2.0711	0.035573
-3.5449	-2.046	0.047454
-3.5449	-2.0209	0.053429
-3.5449	-1.9958	0.051176
-3.5449	-1.9707	0.041655
-3.5449	-1.9456	0.027948
-3.5449	-1.9205	0.014655
-3.5449	0.64017	0.011513
-3.5449	0.66527	0.016207
-3.5449	0.69038	0.017019
-3.5449	0.71548	0.013322
-3.5198	-2.1213	0.0093982
-3.5198	-2.0962	0.019205
-3.5198	-2.0711	0.030651
-3.5198	-2.046	0.040442
-3.5198	-2.0209	0.04521
-3.5198	-1.9958	0.042945
-3.5198	-1.9707	0.034599
-3.5198	-1.9456	0.022765
-3.5198	-1.9205	0.011545
-3.5198	-0.8159	0.01233
-3.5198	-0.79079	0.026847
-3.5198	-0.76569	0.040383
-3.5198	-0.74059	0.048377
-3.5198	-0.71548	0.047102
-3.5198	-0.69038	0.037604
-3.5198	-0.66527	0.024266
-3.5198	-0.64017	0.012198
-3.5198	0.21339	0.0086088
-3.5198	0.36402	0.010492
-3.5198	0.38912	0.010369
-3.5198	0.51464	0.014831
-3.5198	0.53975	0.023368
-3.5198	0.56485	0.02636
-3.5198	0.58996	0.022668
-3.5198	0.61506	0.014697
-3.4948	-2.0962	0.014513
-3.4948	-2.0711	0.022712
-3.4948	-2.046	0.029636
-3.4948	-2.0209	0.032738
-3.4948	-1.9958	0.030797
-3.4948	-1.9707	0.024408
-3.4948	-1.9456	0.0157
-3.4948	-1.9205	0.0076075
-3.4948	-0.96653	0.0082087
-3.4948	-0.94142	0.010394
-3.4948	-0.91632	0.0080628
-3.4948	-0.841	0.009468
-3.4948	-0.8159	0.035689
-3.4948	-0.79079	0.07738
-3.4948	-0.76569	0.12471
-3.4948	-0.74059	0.15912
-3.4948	-0.71548	0.17013
-3.4948	-0.69038	0.15369
-3.4948	-0.66527	0.11657
-3.4948	-0.64017	0.07249
-3.4948	-0.61506	0.035381
-3.4948	-0.58996	0.011833
-3.4948	0.18828	0.011292
-3.4948	0.21339	0.012931
-3.4948	0.23849	0.0090685
-3.4948	0.33891	0.014833
-3.4948	0.36402	0.023118
-3.4948	0.38912	0.022588
-3.4948	0.41423	0.012839
-3.4948	0.48954	0.023368
-3.4948	0.51464	0.061781
-3.4948	0.53975	0.10675
-3.4948	0.56485	0.13905
-3.4948	0.58996	0.1472
-3.4948	0.61506	0.12943
-3.4948	0.64017	0.094825
-3.4948	0.66527	0.057771
-3.4948	0.69038	0.027832
-3.4948	0.71548	0.0095013
-3.4697	-2.0962	0.0114
-3.4697	-2.0711	0.017611
-3.4697	-2.046	0.022741
-3.4697	-2.0209	0.0249
-3.4697	-1.9958	0.023155
-3.4697	-1.9707	0.018052
-3.4697	-1.9456	0.01132
-3.4697	-0.96653	0.012112
-3.4697	-0.94142	0.014547
-3.4697	-0.91632	0.010397
-3.4697	-0.841	0.020231
-3.4697	-0.8159	0.06979
-3.4697	-0.79079	0.14733
-3.4697	-0.76569	0.23594
-3.4697	-0.74059	0.30645
-3.4697	-0.71548	0.33551
-3.4697	-0.69038	0.31261
-3.4697	-0.66527	0.24615
-3.4697	-0.64017	0.16179
-3.4697	-0.61506	0.081967
-3.4697	-0.58996	0.02901
-3.4697	-0.48954	0.0077494
-3.4697	0.18828	0.010966
-3.4697	0.21339	0.012338
-3.4697	0.23849	0.0082424
-3.4697	0.31381	0.0075476
-3.4697	0.33891	0.021296
-3.4697	0.36402	0.032198
-3.4697	0.38912	0.030733
-3.4697	0.41423	0.016118
-3.4697	0.46444	0.0082555
-3.4697	0.48954	0.05393
-3.4697	0.51464	0.14019
-3.4697	0.53975	0.24511
-3.4697	0.56485	0.33457
-3.4697	0.58996	0.37668
-3.4697	0.61506	0.3577
-3.4697	0.64017	0.28825
-3.4697	0.66527	0.19315
-3.4697	0.69038	0.10606
-3.4697	0.71548	0.043581
-3.4697	0.74059	0.010941
-3.4697	1.8703	0.0080994
-3.4697	1.8954	0.0087701
-3.4697	1.9205	0.0077782
-3.4447	-2.0962	0.0089992
-3.4447	-2.0711	0.0139
-3.4447	-2.046	0.017981
-3.4447	-2.0209	0.019758
-3.4447	-1.9958	0.018319
-3.4447	-1.9707	0.014154
-3.4447	-1.9456	0.0086863
-3.4447	-0.99163	0.010329
-3.4447	-0.96653	0.018432
-3.4447	-0.94142	0.020614
-3.4447	-0.91632	0.013241
-3.4447	-0.841	0.04114
-3.4447	-0.8159	0.12889
-3.4447	-0.79079	0.26256
-3.4447	-0.76569	0.41332
-3.4447	-0.74059	0.53219
-3.4447	-0.71548	0.58231
-3.4447	-0.69038	0.54321
-3.4447	-0.66527	0.42997
-3.4447	-0.64017	0.27953
-3.4447	-0.61506	0.14171
-3.4447	-0.58996	0.047574
-3.4447	-0.51464	0.013111
-3.4447	-0.48954	0.02119
-3.4447	-0.46444	0.019411
-3.4447	-0.43933	0.011093
-3.4447	0.33891	0.018835
-3.4447	0.36402	0.027623
-3.4447	0.38912	0.025473
-3.4447	0.41423	0.012017
-3.4447	0.46444	0.013205
-3.4447	0.48954	0.071654
-3.4447	0.51464	0.17913
-3.4447	0.53975	0.31487
-3.4447	0.56485	0.43859
-3.4447	0.58996	0.50846
-3.4447	0.61506	0.49971
-3.4447	0.64017	0.41773
-3.4447	0.66527	0.29251
-3.4447	0.69038	0.16624
-3.4447	0.71548	0.070353
-3.4447	0.74059	0.017342
-3.4447	0.8159	0.0087896
-3.4447	0.841	0.010309
-3.4447	1.8452	0.013871
-3.4447	1.8703	0.019584
-3.4447	1.8954	0.022337
-3.4447	1.9205	0.021203
-3.4447	1.9456	0.016953
-3.4447	1.9707	0.011386
-3.4196	-2.0711	0.0083527
-3.4196	-2.046	0.01115
-3.4196	-2.0209	0.012595
-3.4196	-1.9958	0.011958
-3.4196	-1.9707	0.0093247
-3.4196	-0.99163	0.018448
-3.4196	-0.96653	0.030496
-3.4196	-0.94142	0.031742
-3.4196	-0.91632	0.018276
-3.4196	-0.86611	0.012192
-3.4196	-0.841	0.091043
-3.4196	-0.8159	0.25394
-3.4196	-0.79079	0.49997
-3.4196	-0.76569	0.76837
-3.4196	-0.74059	0.98149
-3.4196	-0.71548	1.0633
-3.4196	-0.69038	0.98311
-3.4196	-0.66527	0.76891
-3.4196	-0.64017	0.49227
-3.4196	-0.61506	0.24271
-3.4196	-0.58996	0.07528
-3.4196	-0.51464	0.033455
-3.4196	-0.48954	0.050003
-3.4196	-0.46444	0.044049
-3.4196	-0.43933	0.024225
-3.4196	-0.33891	0.010672
-3.4196	-0.31381	0.012942
-3.4196	-0.2887	0.0095868
-3.4196	0.33891	0.012603
-3.4196	0.36402	0.018169
-3.4196	0.38912	0.01624
-3.4196	0.46444	0.015803
-3.4196	0.48954	0.072318
-3.4196	0.51464	0.17548
-3.4196	0.53975	0.30738
-3.4196	0.56485	0.43138
-3.4196	0.58996	0.50536
-3.4196	0.61506	0.50489
-3.4196	0.64017	0.42767
-3.4196	0.66527	0.3039
-3.4196	0.69038	0.17356
-3.4196	0.71548	0.072277
-3.4196	0.74059	0.016186
-3.4196	0.8159	0.014778
-3.4196	0.841	0.017033
-3.4196	0.86611	0.012074
-3.4196	1.8201	0.0096519
-3.4196	1.8452	0.018533
-3.4196	1.8703	0.026951
-3.4196	1.8954	0.031705
-3.4196	1.9205	0.031364
-3.4196	1.9456	0.026225
-3.4196	1.9707	0.018501
-3.4196	1.9958	0.010731
-3.3946	-1.1172	0.0080574
-3.3946	-1.0167	0.011485
-3.3946	-0.99163	0.030967
-3.3946	-0.96653	0.047967
-3.3946	-0.94142	0.046598
-3.3946	-0.91632	0.023016
-3.3946	-0.86611	0.032782
-3.3946	-0.841	0.18532
-3.3946	-0.8159	0.50045
-3.3946	-0.79079	0.95015
-3.3946	-0.76569	1.43
-3.3946	-0.74059	1.8051
-3.3946	-0.71548	1.9392
-3.3946	-0.69038	1.7786
-3.3946	-0.66527	1.3741
-3.3946	-0.64017	0.86626
-3.3946	-0.61506	0.40879
-3.3946	-0.58996	0.11341
-3.3946	-0.53975	0.022626
-3.3946	-0.51464	0.081924
-3.3946	-0.48954	0.11284
-3.3946	-0.46444	0.094578
-3.3946	-0.43933	0.048898
-3.3946	-0.41423	0.010592
-3.3946	-0.36402	0.013655
-3.3946	-0.33891	0.031206
-3.3946	-0.31381	0.036226
-3.3946	-0.2887	0.026128
-3.3946	-0.2636	0.010526
-3.3946	-0.18828	0.0080837
-3.3946	-0.16318	0.012918
-3.3946	-0.13808	0.011861
-3.3946	0.36402	0.008694
-3.3946	0.38912	0.0079431
-3.3946	0.46444	0.015319
-3.3946	0.48954	0.064066
-3.3946	0.51464	0.15335
-3.3946	0.53975	0.27124
-3.3946	0.56485	0.38692
-3.3946	0.58996	0.46134
-3.3946	0.61506	0.46726
-3.3946	0.64017	0.40109
-3.3946	0.66527	0.28632
-3.3946	0.69038	0.1626
-3.3946	0.71548	0.065862
-3.3946	0.74059	0.01264
-3.3946	0.79079	0.0092628
-3.3946	0.8159	0.020367
-3.3946	0.841	0.022384
-3.3946	0.86611	0.015458
-3.3946	1.8201	0.0076097
-3.3946	1.8452	0.014621
-3.3946	1.8703	0.021581
-3.3946	1.8954	0.026089
-3.3946	1.9205	0.026503
-3.3946	1.9456	0.022856
-3.3946	1.9707	0.016564
-3.3946	1.9958	0.00984
-3.3695	-1.0167	0.014176
-3.3695	-0.99163	0.03481
-3.3695	-0.96653	0.051163
-3.3695	-0.94142	0.046874
-3.3695	-0.91632	0.019625
-3.3695	-0.86611	0.057087
-3.3695	-0.841	0.27347
-3.3695	-0.8159	0.69928
-3.3695	-0.79079	1.3051
-3.3695	-0.76569	1.958
-3.3695	-0.74059	2.4688
-3.3695	-0.71548	2.6508
-3.3695	-0.69038	2.4353
-3.3695	-0.66527	1.8748
-3.3695	-0.64017	1.1663
-3.3695	-0.61506	0.53034
-3.3695	-0.58996	0.13033
-3.3695	-0.53975	0.054378
-3.3695	-0.51464	0.15614
-3.3695	-0.48954	0.20187
-3.3695	-0.46444	0.16136
-3.3695	-0.43933	0.077862
-3.3695	-0.41423	0.013171
-3.3695	-0.36402	0.035571
-3.3695	-0.33891	0.072254
-3.3695	-0.31381	0.079769
-3.3695	-0.2887	0.055318
-3.3695	-0.2636	0.020657
-3.3695	-0.18828	0.0257
-3.3695	-0.16318	0.039054
-3.3695	-0.13808	0.035462
-3.3695	-0.11297	0.01902
-3.3695	-0.037657	0.0074991
-3.3695	-0.012552	0.01669
-3.3695	0.012552	0.019224
-3.3695	0.037657	0.01375
-3.3695	0.46444	0.0087747
-3.3695	0.48954	0.039154
-3.3695	0.51464	0.10067
-3.3695	0.53975	0.19115
-3.3695	0.56485	0.28999
-3.3695	0.58996	0.3633
-3.3695	0.61506	0.38497
-3.3695	0.64017	0.34095
-3.3695	0.66527	0.24939
-3.3695	0.69038	0.14224
-3.3695	0.71548	0.055236
-3.3695	0.74059	0.0088001
-3.3695	0.79079	0.013622
-3.3695	0.8159	0.026422
-3.3695	0.841	0.027901
-3.3695	0.86611	0.01847
-3.3695	0.99163	0.0090935
-3.3695	1.0167	0.0082226
-3.3695	1.8452	0.0084753
-3.3695	1.8703	0.012912
-3.3695	1.8954	0.016083
-3.3695	1.9205	0.016852
-3.3695	1.9456	0.014919
-3.3695	1.9707	0.011033
-3.3445	-1.0167	0.011209
-3.3445	-0.99163	0.025304
-3.3445	-0.96653	0.034989
-3.3445	-0.94142	0.02966
-3.3445	-0.91632	0.0095163
-3.3445	-0.86611	0.060091
-3.3445	-0.841	0.25173
-3.3445	-0.8159	0.61464
-3.3445	-0.79079	1.1221
-3.3445	-0.76569	1.6685
-3.3445	-0.74059	2.0995
-3.3445	-0.71548	2.2475
-3.3445	-0.69038	2.0565
-3.3445	-0.66527	1.5721
-3.3445	-0.64017	0.95893
-3.3445	-0.61506	0.41675
-3.3445	-0.58996	0.087065
-3.3445	-0.53975	0.074837
-3.3445	-0.51464	0.18097
-3.3445	-0.48954	0.21874
-3.3445	-0.46444	0.1673
-3.3445	-0.43933	0.073832
-3.3445	-0.41423	0.0086846
-3.3445	-0.38912	0.0076404
-3.3445	-0.36402	0.055021
-3.3445	-0.33891	0.10131
-3.3445	-0.31381	0.10704
-3.3445	-0.2887	0.070505
-3.3445	-0.2636	0.022674
-3.3445	-0.21339	0.014757
-3.3445	-0.18828	0.048611
-3.3445	-0.16318	0.069932
-3.3445	-0.13808	0.061012
-3.3445	-0.11297	0.031583
-3.3445	-0.037657	0.020525
-3.3445	-0.012552	0.04256
-3.3445	0.012552	0.048641
-3.3445	0.037657	0.034847
-3.3445	0.062762	0.01287
-3.3445	0.13808	0.018979
-3.3445	0.16318	0.029012
-3.3445	0.18828	0.026646
-3.3445	0.21339	0.014611
-3.3445	0.31381	0.010884
-3.3445	0.33891	0.011525
-3.3445	0.51464	0.012888
-3.3445	0.53975	0.042542
-3.3445	0.56485	0.0912
-3.3445	0.58996	0.14759
-3.3445	0.61506	0.18566
-3.3445	0.64017	0.18829
-3.3445	0.66527	0.15067
-3.3445	0.69038	0.091056
-3.3445	0.71548	0.035736
-3.3445	0.79079	0.016159
-3.3445	0.8159	0.02925
-3.3445	0.841	0.030149
-3.3445	0.86611	0.019479
-3.3445	0.96653	0.009501
-3.3445	0.99163	0.013649
-3.3445	1.0167	0.011911
-3.3445	1.9205	0.0083516
-3.3445	1.9456	0.0078803
-3.3194	-1.0167	0.0078123
-3.3194	-0.99163	0.016257
-3.3194	-0.96653	0.021208
-3.3194	-0.94142	0.016332
-3.3194	-0.86611	0.052161
-3.3194	-0.841	0.19554
-3.3194	-0.8159	0.45442
-3.3194	-0.79079	0.81077
-3.3194	-0.76569	1.1891
-3.3194	-0.74059	1.472
-3.3194	-0.71548	1.5583
-3.3194	-0.69038	1.4051
-3.3194	-0.66527	1.0541
-3.3194	-0.64017	0.62314
-3.3194	-0.61506	0.25275
-3.3194	-0.58996	0.040882
-3.3194	-0.53975	0.073754
-3.3194	-0.51464	0.15424
-3.3194	-0.48954	0.17409
-3.3194	-0.46444	0.12488
-3.3194	-0.43933	0.04959
-3.3194	-0.38912	0.011859
-3.3194	-0.36402	0.057519
-3.3194	-0.33891	0.096517
-3.3194	-0.31381	0.096245
-3.3194	-0.2887	0.059102
-3.3194	-0.2636	0.016078
-3.3194	-0.21339	0.020897
-3.3194	-0.18828	0.056989
-3.3194	-0.16318	0.07689
-3.3194	-0.13808	0.064123
-3.3194	-0.11297	0.030214
-3.3194	-0.037657	0.031715
-3.3194	-0.012552	0.060345
-3.3194	0.012552	0.066597
-3.3194	0.037657	0.045664
-3.3194	0.062762	0.015182
-3.3194	0.11297	0.011663
-3.3194	0.13808	0.039057
-3.3194	0.16318	0.058425
-3.3194	0.18828	0.05326
-3.3194	0.21339	0.02903
-3.3194	0.2887	0.019963
-3.3194	0.31381	0.044496
-3.3194	0.33891	0.054106
-3.3194	0.36402	0.041341
-3.3194	0.38912	0.016559
-3.3194	0.46444	0.029768
-3.3194	0.48954	0.053011
-3.3194	0.51464	0.059857
-3.3194	0.53975	0.043864
-3.3194	0.56485	0.020442
-3.3194	0.64017	0.0099644
-3.3194	0.66527	0.018357
-3.3194	0.69038	0.016596
-3.3194	0.71548	0.0080595
-3.3194	0.79079	0.0096544
-3.3194	0.8159	0.017773
-3.3194	0.841	0.018946
-3.3194	0.86611	0.012572
-3.3194	0.96653	0.010446
-3.3194	0.99163	0.014645
-3.3194	1.0167	0.012618
-3.3194	1.1423	0.0085868
-3.3194	1.1674	0.0094895
-3.2944	-0.99163	0.010909
-3.2944	-0.96653	0.013299
-3.2944	-0.94142	0.0092315
-3.2944	-0.86611	0.046475
-3.2944	-0.841	0.15796
-3.2944	-0.8159	0.35167
-3.2944	-0.79079	0.61223
-3.2944	-0.76569	0.88087
-3.2944	-0.74059	1.075
-3.2944	-0.71548	1.1225
-3.2944	-0.69038	0.99256
-3.2944	-0.66527	0.72669
-3.2944	-0.64017	0.41289
-3.2944	-0.61506	0.15406
-3.2944	-0.58996	0.018552
-3.2944	-0.56485	0.0084678
-3.2944	-0.53975	0.070805
-3.2944	-0.51464	0.12958
-3.2944	-0.48954	0.13711
-3.2944	-0.46444	0.09155
-3.2944	-0.43933	0.031379
-3.2944	-0.38912	0.015853
-3.2944	-0.36402	0.056798
-3.2944	-0.33891	0.086981
-3.2944	-0.31381	0.081243
-3.2944	-0.2887	0.045707
-3.2944	-0.2636	0.0095951
-3.2944	-0.21339	0.025188
-3.2944	-0.18828	0.059418
-3.2944	-0.16318	0.074553
-3.2944	-0.13808	0.058253
-3.2944	-0.11297	0.024384
-3.2944	-0.062762	0.0085135
-3.2944	-0.037657	0.039556
-3.2944	-0.012552	0.068626
-3.2944	0.012552	0.071691
-3.2944	0.037657	0.045748
-3.2944	0.062762	0.012708
-3.2944	0.11297	0.020058
-3.2944	0.13808	0.055938
-3.2944	0.16318	0.079085
-3.2944	0.18828	0.069417
-3.2944	0.21339	0.034715
-3.2944	0.2887	0.041068
-3.2944	0.31381	0.085527
-3.2944	0.33891	0.10323
-3.2944	0.36402	0.077858
-3.2944	0.38912	0.029237
-3.2944	0.43933	0.030797
-3.2944	0.46444	0.12604
-3.2944	0.48954	0.25457
-3.2944	0.51464	0.36079
-3.2944	0.53975	0.40024
-3.2944	0.56485	0.36137
-3.2944	0.58996	0.27011
-3.2944	0.61506	0.16057
-3.2944	0.64017	0.078561
-3.2944	0.66527	0.025484
-3.2944	0.99163	0.0075274
-3.2944	1.1423	0.0074393
-3.2944	1.1674	0.0081663
-3.2944	1.318	0.0075803
-3.2693	-0.99163	0.0077846
-3.2693	-0.96653	0.0089174
-3.2693	-0.86611	0.044444
-3.2693	-0.841	0.13839
-3.2693	-0.8159	0.29999
-3.2693	-0.79079	0.51041
-3.2693	-0.76569	0.72244
-3.2693	-0.74059	0.8709
-3.2693	-0.71548	0.89518
-3.2693	-0.69038	0.77993
-3.2693	-0.66527	0.55616
-3.2693	-0.64017	0.30247
-3.2693	-0.61506	0.10223
-3.2693	-0.58996	0.0075008
-3.2693	-0.56485	0.014414
-3.2693	-0.53975	0.073333
-3.2693	-0.51464	0.12041
-3.2693	-0.48954	0.11903
-3.2693	-0.46444	0.073126
-3.2693	-0.43933	0.021191
-3.2693	-0.38912	0.020716
-3.2693	-0.36402	0.060842
-3.2693	-0.33891	0.085374
-3.2693	-0.31381	0.074555
-3.2693	-0.2887	0.037835
-3.2693	-0.21339	0.031881
-3.2693	-0.18828	0.065685
-3.2693	-0.16318	0.077114
-3.2693	-0.13808	0.055562
-3.2693	-0.11297	0.020052
-3.2693	-0.062762	0.013947
-3.2693	-0.037657	0.05075
-3.2693	-0.012552	0.080843
-3.2693	0.012552	0.078905
-3.2693	0.037657	0.045884
-3.2693	0.062762	0.0096769
-3.2693	0.11297	0.031858
-3.2693	0.13808	0.077657
-3.2693	0.16318	0.10248
-3.2693	0.18828	0.084485
-3.2693	0.21339	0.037912
-3.2693	0.2636	0.013742
-3.2693	0.2887	0.071998
-3.2693	0.31381	0.13716
-3.2693	0.33891	0.15878
-3.2693	0.36402	0.11342
-3.2693	0.38912	0.036538
-3.2693	0.43933	0.081316
-3.2693	0.46444	0.29643
-3.2693	0.48954	0.59542
-3.2693	0.51464	0.87491
-3.2693	0.53975	1.035
-3.2693	0.56485	1.0189
-3.2693	0.58996	0.85149
-3.2693	0.61506	0.5966
-3.2693	0.64017	0.34877
-3.2693	0.66527	0.15963
-3.2693	0.69038	0.051241
-3.2693	0.71548	0.0082096
-3.2693	1.6444	0.0074643
-3.2693	1.795	0.012869
-3.2693	1.8201	0.020973
-3.2693	1.8452	0.025716
-3.2693	1.8703	0.02555
-3.2693	1.8954	0.020951
-3.2693	1.9205	0.014283
-3.2693	1.9456	0.0080433
-3.2443	-0.86611	0.042683
-3.2443	-0.841	0.12647
-3.2443	-0.8159	0.26721
-3.2443	-0.79079	0.45021
-3.2443	-0.76569	0.63372
-3.2443	-0.74059	0.75911
-3.2443	-0.71548	0.77564
-3.2443	-0.69038	0.66621
-3.2443	-0.66527	0.46516
-3.2443	-0.64017	0.24155
-3.2443	-0.61506	0.073052
-3.2443	-0.56485	0.022512
-3.2443	-0.53975	0.082796
-3.2443	-0.51464	0.12428
-3.2443	-0.48954	0.11495
-3.2443	-0.46444	0.065077
-3.2443	-0.43933	0.014947
-3.2443	-0.38912	0.029454
-3.2443	-0.36402	0.072832
-3.2443	-0.33891	0.094475
-3.2443	-0.31381	0.076831
-3.2443	-0.2887	0.03465
-3.2443	-0.23849	0.0075559
-3.2443	-0.21339	0.044335
-3.2443	-0.18828	0.082279
-3.2443	-0.16318	0.089347
-3.2443	-0.13808	0.059495
-3.2443	-0.11297	0.017788
-3.2443	-0.062762	0.024306
-3.2443	-0.037657	0.072002
-3.2443	-0.012552	0.10528
-3.2443	0.012552	0.095644
-3.2443	0.037657	0.050239
-3.2443	0.062762	0.0075489
-3.2443	0.11297	0.054427
-3.2443	0.13808	0.11662
-3.2443	0.16318	0.14302
-3.2443	0.18828	0.10946
-3.2443	0.21339	0.042463
-3.2443	0.2636	0.031125
-3.2443	0.2887	0.1286
-3.2443	0.31381	0.22598
-3.2443	0.33891	0.2461
-3.2443	0.36402	0.16288
-3.2443	0.38912	0.041791
-3.2443	0.41423	0.0094901
-3.2443	0.43933	0.19257
-3.2443	0.46444	0.62867
-3.2443	0.48954	1.2261
-3.2443	0.51464	1.7944
-3.2443	0.53975	2.1405
-3.2443	0.56485	2.1507
-3.2443	0.58996	1.8395
-3.2443	0.61506	1.3362
-3.2443	0.64017	0.81428
-3.2443	0.66527	0.3851
-3.2443	0.69038	0.13057
-3.2443	0.71548	0.019079
-3.2443	0.76569	0.013068
-3.2443	0.79079	0.021787
-3.2443	0.8159	0.018705
-3.2443	0.841	0.010083
-3.2443	1.6444	0.0074971
-3.2443	1.7699	0.0079634
-3.2443	1.795	0.019905
-3.2443	1.8201	0.032938
-3.2443	1.8452	0.042125
-3.2443	1.8703	0.044234
-3.2443	1.8954	0.03925
-3.2443	1.9205	0.029374
-3.2443	1.9456	0.018371
-3.2443	1.9707	0.0093466
-3.2192	-0.86611	0.029964
-3.2192	-0.841	0.088161
-3.2192	-0.8159	0.18717
-3.2192	-0.79079	0.31867
-3.2192	-0.76569	0.45842
-3.2192	-0.74059	0.55642
-3.2192	-0.71548	0.5722
-3.2192	-0.69038	0.49654
-3.2192	-0.66527	0.34416
-3.2192	-0.64017	0.17191
-3.2192	-0.61506	0.04587
-3.2192	-0.56485	0.029636
-3.2192	-0.53975	0.088234
-3.2192	-0.51464	0.12285
-3.2192	-0.48954	0.10789
-3.2192	-0.46444	0.056194
-3.2192	-0.43933	0.0096214
-3.2192	-0.38912	0.040457
-3.2192	-0.36402	0.088847
-3.2192	-0.33891	0.10772
-3.2192	-0.31381	0.081966
-3.2192	-0.2887	0.032442
-3.2192	-0.23849	0.015474
-3.2192	-0.21339	0.065021
-3.2192	-0.18828	0.10944
-3.2192	-0.16318	0.11209
-3.2192	-0.13808	0.068151
-3.2192	-0.11297	0.01575
-3.2192	-0.062762	0.04347
-3.2192	-0.037657	0.11123
-3.2192	-0.012552	0.15057
-3.2192	0.012552	0.12731
-3.2192	0.037657	0.059253
-3.2192	0.087866	0.01764
-3.2192	0.11297	0.099616
-3.2192	0.13808	0.1923
-3.2192	0.16318	0.22007
-3.2192	0.18828	0.15525
-3.2192	0.21339	0.050025
-3.2192	0.2636	0.077231
-3.2192	0.2887	0.2478
-3.2192	0.31381	0.40199
-3.2192	0.33891	0.4108
-3.2192	0.36402	0.24825
-3.2192	0.38912	0.043709
-3.2192	0.41423	0.041602
-3.2192	0.43933	0.47615
-3.2192	0.46444	1.3649
-3.2192	0.48954	2.5869
-3.2192	0.51464	3.7047
-3.2192	0.53975	4.4106
-3.2192	0.56485	4.4283
-3.2192	0.58996	3.8047
-3.2192	0.61506	2.7675
-3.2192	0.64017	1.6722
-3.2192	0.66527	0.79175
-3.2192	0.69038	0.25199
-3.2192	0.71548	0.029244
-3.2192	0.76569	0.044992
-3.2192	0.79079	0.071332
-3.2192	0.8159	0.061742
-3.2192	0.841	0.033688
-3.2192	0.86611	0.0098303
-3.2192	1.7699	0.010171
-3.2192	1.795	0.024073
-3.2192	1.8201	0.03954
-3.2192	1.8452	0.051001
-3.2192	1.8703	0.054563
-3.2192	1.8954	0.04936
-3.2192	1.9205	0.037919
-3.2192	1.9456	0.024481
-3.2192	1.9707	0.012806
-3.1942	-0.86611	0.01045
-3.1942	-0.841	0.031786
-3.1942	-0.8159	0.069208
-3.1942	-0.79079	0.1238
-3.1942	-0.76569	0.18422
-3.1942	-0.74059	0.23201
-3.1942	-0.71548	0.24658
-3.1942	-0.69038	0.21836
-3.1942	-0.66527	0.15209
-3.1942	-0.64017	0.07423
-3.1942	-0.61506	0.016568
-3.1942	-0.56485	0.023395
-3.1942	-0.53975	0.06005
-3.1942	-0.51464	0.079701
-3.1942	-0.48954	0.067049
-3.1942	-0.46444	0.031916
-3.1942	-0.38912	0.038804
-3.1942	-0.36402	0.077468
-3.1942	-0.33891	0.089796
-3.1942	-0.31381	0.064451
-3.1942	-0.2887	0.021996
-3.1942	-0.23849	0.022075
-3.1942	-0.21339	0.075006
-3.1942	-0.18828	0.11753
-3.1942	-0.16318	0.11439
-3.1942	-0.13808	0.064312
-3.1942	-0.11297	0.011124
-3.1942	-0.062762	0.066452
-3.1942	-0.037657	0.15015
-3.1942	-0.012552	0.19211
-3.1942	0.012552	0.15237
-3.1942	0.037657	0.062338
-3.1942	0.087866	0.040062
-3.1942	0.11297	0.17059
-3.1942	0.13808	0.30136
-3.1942	0.16318	0.32587
-3.1942	0.18828	0.21234
-3.1942	0.21339	0.053656
-3.1942	0.2636	0.16879
-3.1942	0.2887	0.47448
-3.1942	0.31381	0.71588
-3.1942	0.33891	0.68794
-3.1942	0.36402	0.37399
-3.1942	0.38912	0.036763
-3.1942	0.41423	0.15805
-3.1942	0.43933	1.1536
-3.1942	0.46444	3.0957
-3.1942	0.48954	5.5761
-3.1942	0.51464	7.8793
-3.1942	0.53975	9.2778
-3.1942	0.56485	9.2628
-3.1942	0.58996	7.9199
-3.1942	0.61506	5.7215
-3.1942	0.64017	3.4271
-3.1942	0.66527	1.5712
-3.1942	0.69038	0.45928
-3.1942	0.71548	0.040158
-3.1942	0.74059	0.025111
-3.1942	0.76569	0.13808
-3.1942	0.79079	0.19957
-3.1942	0.8159	0.16725
-3.1942	0.841	0.087644
-3.1942	0.86611	0.022848
-3.1942	0.91632	0.0097289
-3.1942	0.94142	0.025578
-3.1942	0.96653	0.029819
-3.1942	0.99163	0.021103
-3.1942	1.0167	0.0087053
-3.1942	1.7699	0.011976
-3.1942	1.795	0.027171
-3.1942	1.8201	0.044163
-3.1942	1.8452	0.057142
-3.1942	1.8703	0.061544
-3.1942	1.8954	0.056216
-3.1942	1.9205	0.043624
-3.1942	1.9456	0.028354
-3.1942	1.9707	0.014822
-3.1691	-0.8159	0.012531
-3.1691	-0.79079	0.025453
-3.1691	-0.76569	0.041677
-3.1691	-0.74059	0.056922
-3.1691	-0.71548	0.06387
-3.1691	-0.69038	0.058869
-3.1691	-0.66527	0.041749
-3.1691	-0.64017	0.01962
-3.1691	-0.56485	0.011178
-3.1691	-0.53975	0.025595
-3.1691	-0.51464	0.032398
-3.1691	-0.48954	0.025965
-3.1691	-0.46444	0.011178
-3.1691	-0.38912	0.022561
-3.1691	-0.36402	0.041355
-3.1691	-0.33891	0.04546
-3.1691	-0.31381	0.03036
-3.1691	-0.2887	0.0085771
-3.1691	-0.23849	0.017734
-3.1691	-0.21339	0.051611
-3.1691	-0.18828	0.076267
-3.1691	-0.16318	0.070073
-3.1691	-0.13808	0.035752
-3.1691	-0.087866	0.0090084
-3.1691	-0.062762	0.060174
-3.1691	-0.037657	0.1235
-3.1691	-0.012552	0.15068
-3.1691	0.012552	0.11263
-3.1691	0.037657	0.039374
-3.1691	0.087866	0.053271
-3.1691	0.11297	0.18544
-3.1691	0.13808	0.3073
-3.1691	0.16318	0.31776
-3.1691	0.18828	0.19325
-3.1691	0.21339	0.034854
-3.1691	0.23849	0.020836
-3.1691	0.2636	0.25128
-3.1691	0.2887	0.6392
-3.1691	0.31381	0.91888
-3.1691	0.33891	0.84616
-3.1691	0.36402	0.40638
-3.1691	0.38912	0.019327
-3.1691	0.41423	0.36882
-3.1691	0.43933	2.109
-3.1691	0.46444	5.3997
-3.1691	0.48954	9.5984
-3.1691	0.51464	13.61
-3.1691	0.53975	16.046
-3.1691	0.56485	16.103
-3.1691	0.58996	13.846
-3.1691	0.61506	10.045
-3.1691	0.64017	5.9581
-3.1691	0.66527	2.6783
-3.1691	0.69038	0.73151
-3.1691	0.71548	0.030337
-3.1691	0.74059	0.093987
-3.1691	0.76569	0.35744
-3.1691	0.79079	0.47889
-3.1691	0.8159	0.38382
-3.1691	0.841	0.1922
-3.1691	0.86611	0.042649
-3.1691	0.91632	0.036452
-3.1691	0.94142	0.083082
-3.1691	0.96653	0.093373
-3.1691	0.99163	0.064663
-3.1691	1.0167	0.025396
-3.1691	1.0921	0.01336
-3.1691	1.1172	0.020782
-3.1691	1.1423	0.018276
-3.1691	1.1674	0.0096832
-3.1691	1.7699	0.012553
-3.1691	1.795	0.028035
-3.1691	1.8201	0.045902
-3.1691	1.8452	0.060171
-3.1691	1.8703	0.065731
-3.1691	1.8954	0.060972
-3.1691	1.9205	0.047827
-3.1691	1.9456	0.031217
-3.1691	1.9707	0.016187
-3.1441	-0.71548	0.0075728
-3.1441	-0.69038	0.0086382
-3.1441	-0.53975	0.0086762
-3.1441	-0.51464	0.010663
-3.1441	-0.48954	0.0081554
-3.1441	-0.38912	0.01085
-3.1441	-0.36402	0.018304
-3.1441	-0.33891	0.018962
-3.1441	-0.31381	0.011465
-3.1441	-0.23849	0.01116
-3.1441	-0.21339	0.027993
-3.1441	-0.18828	0.03828
-3.1441	-0.16318	0.032839
-3.1441	-0.13808	0.014704
-3.1441	-0.087866	0.0079004
-3.1441	-0.062762	0.03841
-3.1441	-0.037657	0.072598
-3.1441	-0.012552	0.082749
-3.1441	0.012552	0.05693
-3.1441	0.037657	0.01589
-3.1441	0.087866	0.043791
-3.1441	0.11297	0.12982
-3.1441	0.13808	0.20108
-3.1441	0.16318	0.19503
-3.1441	0.18828	0.10677
-3.1441	0.21339	0.012243
-3.1441	0.23849	0.030496
-3.1441	0.2636	0.22082
-3.1441	0.2887	0.51143
-3.1441	0.31381	0.698
-3.1441	0.33891	0.60361
-3.1441	0.36402	0.2477
-3.1441	0.41423	0.47343
-3.1441	0.43933	2.2384
-3.1441	0.46444	5.4573
-3.1441	0.48954	9.5861
-3.1441	0.51464	13.579
-3.1441	0.53975	16.126
-3.1441	0.56485	16.373
-3.1441	0.58996	14.205
-3.1441	0.61506	10.376
-3.1441	0.64017	6.1429
-3.1441	0.66527	2.6971
-3.1441	0.69038	0.66783
-3.1441	0.74059	0.19029
-3.1441	0.76569	0.56633
-3.1441	0.79079	0.71431
-3.1441	0.8159	0.55453
-3.1441	0.841	0.26364
-3.1441	0.86611	0.047919
-3.1441	0.91632	0.086155
-3.1441	0.94142	0.1759
-3.1441	0.96653	0.18982
-3.1441	0.99163	0.12816
-3.1441	1.0167	0.046976
-3.1441	1.0669	0.010017
-3.1441	1.0921	0.042211
-3.1441	1.1172	0.06311
-3.1441	1.1423	0.055452
-3.1441	1.1674	0.02891
-3.1441	1.2427	0.0081154
-3.1441	1.2678	0.017995
-3.1441	1.2929	0.019998
-3.1441	1.318	0.013757
-3.1441	1.7699	0.0088797
-3.1441	1.795	0.021253
-3.1441	1.8201	0.03735
-3.1441	1.8452	0.052039
-3.1441	1.8703	0.059832
-3.1441	1.8954	0.057885
-3.1441	1.9205	0.046945
-3.1441	1.9456	0.031273
-3.1441	1.9707	0.016313
-3.119	-0.841	0.0089101
-3.119	-0.8159	0.010704
-3.119	-0.79079	0.010194
-3.119	-0.76569	0.0076584
-3.119	-0.36402	0.0074461
-3.119	-0.21339	0.014847
-3.119	-0.18828	0.019098
-3.119	-0.16318	0.015117
-3.119	-0.062762	0.024044
-3.119	-0.037657	0.041542
-3.119	-0.012552	0.044176
-3.119	0.012552	0.027617
-3.119	0.087866	0.032495
-3.119	0.11297	0.08425
-3.119	0.13808	0.12101
-3.119	0.16318	0.10876
-3.119	0.18828	0.051827
-3.119	0.23849	0.030973
-3.119	0.2636	0.16665
-3.119	0.2887	0.34679
-3.119	0.31381	0.44181
-3.119	0.33891	0.35133
-3.119	0.36402	0.11685
-3.119	0.41423	0.44252
-3.119	0.43933	1.8022
-3.119	0.46444	4.1398
-3.119	0.48954	7.0868
-3.119	0.51464	9.8426
-3.119	0.53975	11.557
-3.119	0.56485	11.603
-3.119	0.58996	9.9625
-3.119	0.61506	7.1815
-3.119	0.64017	4.1419
-3.119	0.66527	1.7398
-3.119	0.69038	0.37559
-3.119	0.74059	0.2149
-3.119	0.76569	0.52499
-3.119	0.79079	0.61956
-3.119	0.8159	0.45845
-3.119	0.841	0.20246
-3.119	0.86611	0.026619
-3.119	0.89121	0.01304
-3.119	0.91632	0.10806
-3.119	0.94142	0.19774
-3.119	0.96653	0.20503
-3.119	0.99163	0.13251
-3.119	1.0167	0.04351
-3.119	1.0669	0.019702
-3.119	1.0921	0.06667
-3.119	1.1172	0.094523
-3.119	1.1423	0.081201
-3.119	1.1674	0.040996
-3.119	1.2427	0.019889
-3.119	1.2678	0.041034
-3.119	1.2929	0.045826
-3.119	1.318	0.031911
-3.119	1.3431	0.011917
-3.119	1.4184	0.012565
-3.119	1.4435	0.018828
-3.119	1.4686	0.016584
-3.119	1.4937	0.0089752
-3.119	1.8201	0.0095273
-3.119	1.8452	0.018708
-3.119	1.8703	0.027417
-3.119	1.8954	0.03154
-3.119	1.9205	0.029138
-3.119	1.9456	0.021415
-3.119	1.9707	0.011862
-3.0939	-0.89121	0.0082419
-3.0939	-0.86611	0.019274
-3.0939	-0.841	0.032833
-3.0939	-0.8159	0.044334
-3.0939	-0.79079	0.049636
-3.0939	-0.76569	0.0467
-3.0939	-0.74059	0.036699
-3.0939	-0.71548	0.023832
-3.0939	-0.69038	0.012162
-3.0939	-0.21339	0.0075385
-3.0939	-0.18828	0.009168
-3.0939	-0.062762	0.015438
-3.0939	-0.037657	0.024733
-3.0939	-0.012552	0.024581
-3.0939	0.012552	0.01375
-3.0939	0.087866	0.025351
-3.0939	0.11297	0.058215
-3.0939	0.13808	0.077138
-3.0939	0.16318	0.064089
-3.0939	0.18828	0.02601
-3.0939	0.23849	0.031235
-3.0939	0.2636	0.13011
-3.0939	0.2887	0.24756
-3.0939	0.31381	0.29375
-3.0939	0.33891	0.21111
-3.0939	0.36402	0.051966
-3.0939	0.38912	0.022992
-3.0939	0.41423	0.4199
-3.0939	0.43933	1.476
-3.0939	0.46444	3.2217
-3.0939	0.48954	5.3073
-3.0939	0.51464	7.1821
-3.0939	0.53975	8.263
-3.0939	0.56485	8.1349
-3.0939	0.58996	6.8333
-3.0939	0.61506	4.7988
-3.0939	0.64017	2.6718
-3.0939	0.66527	1.0393
-3.0939	0.69038	0.17439
-3.0939	0.74059	0.20637
-3.0939	0.76569	0.42695
-3.0939	0.79079	0.46722
-3.0939	0.8159	0.32373
-3.0939	0.841	0.12618
-3.0939	0.86611	0.010044
-3.0939	0.89121	0.02016
-3.0939	0.91632	0.10396
-3.0939	0.94142	0.17222
-3.0939	0.96653	0.16678
-3.0939	0.99163	0.10027
-3.0939	1.0167	0.027494
-3.0939	1.0669	0.024893
-3.0939	1.0921	0.069368
-3.0939	1.1172	0.091762
-3.0939	1.1423	0.074749
-3.0939	1.1674	0.034846
-3.0939	1.2427	0.026833
-3.0939	1.2678	0.050463
-3.0939	1.2929	0.054442
-3.0939	1.318	0.036379
-3.0939	1.3431	0.0122
-3.0939	1.4184	0.022983
-3.0939	1.4435	0.033375
-3.0939	1.4686	0.02977
-3.0939	1.4937	0.015877
-3.0939	1.569	0.0079398
-3.0939	1.5941	0.017385
-3.0939	1.6192	0.020352
-3.0939	1.6444	0.015017
-3.0939	1.7448	0.0075892
-3.0939	1.7699	0.012834
-3.0939	1.795	0.013307
-3.0939	1.8201	0.0094545
-3.0689	-0.89121	0.02098
-3.0689	-0.86611	0.048038
-3.0689	-0.841	0.082475
-3.0689	-0.8159	0.1149
-3.0689	-0.79079	0.13374
-3.0689	-0.76569	0.13241
-3.0689	-0.74059	0.11123
-3.0689	-0.71548	0.077619
-3.0689	-0.69038	0.043123
-3.0689	-0.66527	0.017408
-3.0689	-0.062762	0.0095004
-3.0689	-0.037657	0.014336
-3.0689	-0.012552	0.013458
-3.0689	0.087866	0.02
-3.0689	0.11297	0.041568
-3.0689	0.13808	0.051907
-3.0689	0.16318	0.039661
-3.0689	0.18828	0.013015
-3.0689	0.23849	0.031334
-3.0689	0.2636	0.10894
-3.0689	0.2887	0.19018
-3.0689	0.31381	0.2113
-3.0689	0.33891	0.13525
-3.0689	0.36402	0.021787
-3.0689	0.38912	0.040516
-3.0689	0.41423	0.41661
-3.0689	0.43933	1.3157
-3.0689	0.46444	2.7219
-3.0689	0.48954	4.3485
-3.0689	0.51464	5.7444
-3.0689	0.53975	6.4567
-3.0689	0.56485	6.2205
-3.0689	0.58996	5.0988
-3.0689	0.61506	3.4746
-3.0689	0.64017	1.8547
-3.0689	0.66527	0.66319
-3.0689	0.69038	0.088735
-3.0689	0.71548	0.022623
-3.0689	0.74059	0.20413
-3.0689	0.76569	0.36483
-3.0689	0.79079	0.37072
-3.0689	0.8159	0.23762
-3.0689	0.841	0.081437
-3.0689	0.89121	0.026753
-3.0689	0.91632	0.10139
-3.0689	0.94142	0.1512
-3.0689	0.96653	0.13652
-3.0689	0.99163	0.074952
-3.0689	1.0167	0.016515
-3.0689	1.0669	0.029086
-3.0689	1.0921	0.068548
-3.0689	1.1172	0.08356
-3.0689	1.1423	0.063587
-3.0689	1.1674	0.026371
-3.0689	1.2427	0.030755
-3.0689	1.2678	0.05271
-3.0689	1.2929	0.053069
-3.0689	1.318	0.033208
-3.0689	1.3431	0.0094883
-3.0689	1.3933	0.010333
-3.0689	1.4184	0.029304
-3.0689	1.4435	0.040326
-3.0689	1.4686	0.034314
-3.0689	1.4937	0.017057
-3.0689	1.569	0.014515
-3.0689	1.5941	0.0295
-3.0689	1.6192	0.034366
-3.0689	1.6444	0.025244
-3.0689	1.6695	0.0094543
-3.0689	1.7448	0.028294
-3.0689	1.7699	0.054541
-3.0689	1.795	0.07294
-3.0689	1.8201	0.076228
-3.0689	1.8452	0.064642
-3.0689	1.8703	0.04476
-3.0689	1.8954	0.025193
-3.0689	1.9205	0.010944
-3.0438	-0.91632	0.01032
-3.0438	-0.89121	0.03854
-3.0438	-0.86611	0.087703
-3.0438	-0.841	0.1533
-3.0438	-0.8159	0.21761
-3.0438	-0.79079	0.26089
-3.0438	-0.76569	0.26649
-3.0438	-0.74059	0.23068
-3.0438	-0.71548	0.16585
-3.0438	-0.69038	0.093811
-3.0438	-0.66527	0.037562
-3.0438	-0.56485	0.012484
-3.0438	-0.53975	0.013406
-3.0438	-0.51464	0.0091571
-3.0438	0.087866	0.015094
-3.0438	0.11297	0.029029
-3.0438	0.13808	0.034342
-3.0438	0.16318	0.024429
-3.0438	0.23849	0.031332
-3.0438	0.2636	0.093848
-3.0438	0.2887	0.15367
-3.0438	0.31381	0.1593
-3.0438	0.33891	0.091333
-3.0438	0.36402	0.0076068
-3.0438	0.38912	0.061813
-3.0438	0.41423	0.43581
-3.0438	0.43933	1.2701
-3.0438	0.46444	2.4992
-3.0438	0.48954	3.8885
-3.0438	0.51464	5.0278
-3.0438	0.53975	5.5364
-3.0438	0.56485	5.226
-3.0438	0.58996	4.1843
-3.0438	0.61506	2.7628
-3.0438	0.64017	1.408
-3.0438	0.66527	0.45705
-3.0438	0.69038	0.03846
-3.0438	0.71548	0.039768
-3.0438	0.74059	0.21491
-3.0438	0.76569	0.34083
-3.0438	0.79079	0.32045
-3.0438	0.8159	0.18911
-3.0438	0.841	0.054432
-3.0438	0.89121	0.035469
-3.0438	0.91632	0.10533
-3.0438	0.94142	0.14322
-3.0438	0.96653	0.11994
-3.0438	0.99163	0.059438
-3.0438	1.0167	0.0094755
-3.0438	1.0669	0.034941
-3.0438	1.0921	0.071177
-3.0438	1.1172	0.080697
-3.0438	1.1423	0.056512
-3.0438	1.1674	0.020459
-3.0438	1.2176	0.0095414
-3.0438	1.2427	0.035892
-3.0438	1.2678	0.055947
-3.0438	1.2929	0.052695
-3.0438	1.318	0.030105
-3.0438	1.3933	0.014781
-3.0438	1.4184	0.03578
-3.0438	1.4435	0.045916
-3.0438	1.4686	0.036597
-3.0438	1.4937	0.016387
-3.0438	1.569	0.021867
-3.0438	1.5941	0.040768
-3.0438	1.6192	0.045346
-3.0438	1.6444	0.031567
-3.0438	1.6695	0.010257
-3.0438	1.7197	0.015385
-3.0438	1.7448	0.055856
-3.0438	1.7699	0.1079
-3.0438	1.795	0.14951
-3.0438	1.8201	0.16613
-3.0438	1.8452	0.15344
-3.0438	1.8703	0.11955
-3.0438	1.8954	0.07839
-3.0438	1.9205	0.042391
-3.0438	1.9456	0.018207
-3.0188	-0.91632	0.0090956
-3.0188	-0.89121	0.032457
-3.0188	-0.86611	0.076311
-3.0188	-0.841	0.13844
-3.0188	-0.8159	0.20532
-3.0188	-0.79079	0.25857
-3.0188	-0.76569	0.27626
-3.0188	-0.74059	0.25063
-3.0188	-0.71548	0.18787
-3.0188	-0.69038	0.1093
-3.0188	-0.66527	0.043186
-3.0188	-0.58996	0.013514
-3.0188	-0.56485	0.026282
-3.0188	-0.53975	0.02808
-3.0188	-0.51464	0.018967
-3.0188	-0.38912	0.0096099
-3.0188	-0.36402	0.0085831
-3.0188	0.087866	0.0087628
-3.0188	0.11297	0.016545
-3.0188	0.13808	0.019489
-3.0188	0.16318	0.01305
-3.0188	0.23849	0.029359
-3.0188	0.2636	0.079188
-3.0188	0.2887	0.12297
-3.0188	0.31381	0.12062
-3.0188	0.33891	0.060634
-3.0188	0.38912	0.083965
-3.0188	0.41423	0.47455
-3.0188	0.43933	1.2807
-3.0188	0.46444	2.4469
-3.0188	0.48954	3.7241
-3.0188	0.51464	4.733
-3.0188	0.53975	5.1345
-3.0188	0.56485	4.7611
-3.0188	0.58996	3.7334
-3.0188	0.61506	2.3899
-3.0188	0.64017	1.1564
-3.0188	0.66527	0.33292
-3.0188	0.69038	0.013574
-3.0188	0.71548	0.063523
-3.0188	0.74059	0.24229
-3.0188	0.76569	0.34679
-3.0188	0.79079	0.3023
-3.0188	0.8159	0.16335
-3.0188	0.841	0.039176
-3.0188	0.89121	0.048596
-3.0188	0.91632	0.11898
-3.0188	0.94142	0.14765
-3.0188	0.96653	0.11427
-3.0188	0.99163	0.050485
-3.0188	1.0669	0.044511
-3.0188	1.0921	0.080252
-3.0188	1.1172	0.083822
-3.0188	1.1423	0.054117
-3.0188	1.1674	0.016355
-3.0188	1.2176	0.01475
-3.0188	1.2427	0.044482
-3.0188	1.2678	0.063126
-3.0188	1.2929	0.055515
-3.0188	1.318	0.028521
-3.0188	1.3933	0.021383
-3.0188	1.4184	0.045237
-3.0188	1.4435	0.053735
-3.0188	1.4686	0.039921
-3.0188	1.4937	0.015556
-3.0188	1.5439	0.0077701
-3.0188	1.569	0.032281
-3.0188	1.5941	0.05518
-3.0188	1.6192	0.057802
-3.0188	1.6444	0.037231
-3.0188	1.6695	0.0096622
-3.0188	1.7197	0.030269
-3.0188	1.7448	0.096829
-3.0188	1.7699	0.17869
-3.0188	1.795	0.246
-3.0188	1.8201	0.27515
-3.0188	1.8452	0.25858
-3.0188	1.8703	0.20653
-3.0188	1.8954	0.13997
-3.0188	1.9205	0.07855
-3.0188	1.9456	0.035114
-3.0188	1.9707	0.01108
-2.9937	-0.89121	0.012567
-2.9937	-0.86611	0.029709
-2.9937	-0.841	0.055313
-2.9937	-0.8159	0.085461
-2.9937	-0.79079	0.11209
-2.9937	-0.76569	0.12475
-2.9937	-0.74059	0.11719
-2.9937	-0.71548	0.089806
-2.9937	-0.69038	0.053365
-2.9937	-0.66527	0.020287
-2.9937	-0.58996	0.012006
-2.9937	-0.56485	0.021961
-2.9937	-0.53975	0.023214
-2.9937	-0.51464	0.015485
-2.9937	-0.41423	0.010037
-2.9937	-0.38912	0.014828
-2.9937	-0.36402	0.013374
-2.9937	-0.21339	0.0078302
-2.9937	0.23849	0.019071
-2.9937	0.2636	0.050612
-2.9937	0.2887	0.078677
-2.9937	0.31381	0.075489
-2.9937	0.33891	0.033299
-2.9937	0.38912	0.09717
-2.9937	0.41423	0.47794
-2.9937	0.43933	1.2421
-2.9937	0.46444	2.3482
-2.9937	0.48954	3.5538
-2.9937	0.51464	4.5126
-2.9937	0.53975	4.8789
-2.9937	0.56485	4.486
-2.9937	0.58996	3.4736
-2.9937	0.61506	2.1706
-2.9937	0.64017	0.99711
-2.9937	0.66527	0.2494
-2.9937	0.71548	0.098441
-2.9937	0.74059	0.29109
-2.9937	0.76569	0.37916
-2.9937	0.79079	0.30851
-2.9937	0.8159	0.1512
-2.9937	0.841	0.026711
-2.9937	0.89121	0.069793
-2.9937	0.91632	0.14616
-2.9937	0.94142	0.16699
-2.9937	0.96653	0.12001
-2.9937	0.99163	0.046009
-2.9937	1.0418	0.013754
-2.9937	1.0669	0.061137
-2.9937	1.0921	0.098598
-2.9937	1.1172	0.095207
-2.9937	1.1423	0.055972
-2.9937	1.1674	0.013836
-2.9937	1.2176	0.023667
-2.9937	1.2427	0.059532
-2.9937	1.2678	0.077612
-2.9937	1.2929	0.063005
-2.9937	1.318	0.028711
-2.9937	1.3933	0.032457
-2.9937	1.4184	0.060994
-2.9937	1.4435	0.06727
-2.9937	1.4686	0.045993
-2.9937	1.4937	0.01499
-2.9937	1.5439	0.01479
-2.9937	1.569	0.04918
-2.9937	1.5941	0.07696
-2.9937	1.6192	0.075382
-2.9937	1.6444	0.04427
-2.9937	1.6695	0.0085051
-2.9937	1.7197	0.057096
-2.9937	1.7448	0.16241
-2.9937	1.7699	0.28694
-2.9937	1.795	0.38724
-2.9937	1.8201	0.42956
-2.9937	1.8452	0.40194
-2.9937	1.8703	0.32113
-2.9937	1.8954	0.21779
-2.9937	1.9205	0.12212
-2.9937	1.9456	0.054428
-2.9937	1.9707	0.016291
-2.9687	-0.841	0.013662
-2.9687	-0.8159	0.022374
-2.9687	-0.79079	0.030878
-2.9687	-0.76569	0.035882
-2.9687	-0.74059	0.034904
-2.9687	-0.71548	0.027461
-2.9687	-0.69038	0.016136
-2.9687	-0.56485	0.010209
-2.9687	-0.53975	0.010467
-2.9687	-0.38912	0.0098261
-2.9687	-0.36402	0.008659
-2.9687	-0.23849	0.0080145
-2.9687	-0.21339	0.0090444
-2.9687	0.2636	0.0091693
-2.9687	0.2887	0.017506
-2.9687	0.31381	0.019669
-2.9687	0.33891	0.0079818
-2.9687	0.38912	0.061687
-2.9687	0.41423	0.28819
-2.9687	0.43933	0.77477
-2.9687	0.46444	1.5419
-2.9687	0.48954	2.4512
-2.9687	0.51464	3.2378
-2.9687	0.53975	3.6397
-2.9687	0.56485	3.4528
-2.9687	0.58996	2.7227
-2.9687	0.61506	1.7069
-2.9687	0.64017	0.75664
-2.9687	0.66527	0.16363
-2.9687	0.71548	0.13787
-2.9687	0.74059	0.33424
-2.9687	0.76569	0.40755
-2.9687	0.79079	0.31253
-2.9687	0.8159	0.13937
-2.9687	0.841	0.016293
-2.9687	0.86611	0.014174
-2.9687	0.89121	0.10145
-2.9687	0.91632	0.1884
-2.9687	0.94142	0.20016
-2.9687	0.96653	0.13261
-2.9687	0.99163	0.043396
-2.9687	1.0418	0.02745
-2.9687	1.0669	0.090148
-2.9687	1.0921	0.13188
-2.9687	1.1172	0.11856
-2.9687	1.1423	0.062969
-2.9687	1.1674	0.011474
-2.9687	1.2176	0.040503
-2.9687	1.2427	0.086921
-2.9687	1.2678	0.10465
-2.9687	1.2929	0.078021
-2.9687	1.318	0.030982
-2.9687	1.3682	0.012191
-2.9687	1.3933	0.053045
-2.9687	1.4184	0.089756
-2.9687	1.4435	0.091635
-2.9687	1.4686	0.057099
-2.9687	1.4937	0.014905
-2.9687	1.5439	0.028546
-2.9687	1.569	0.080158
-2.9687	1.5941	0.11526
-2.9687	1.6192	0.10482
-2.9687	1.6444	0.054938
-2.9687	1.6946	0.013681
-2.9687	1.7197	0.10942
-2.9687	1.7448	0.28198
-2.9687	1.7699	0.4773
-2.9687	1.795	0.62874
-2.9687	1.8201	0.68481
-2.9687	1.8452	0.63251
-2.9687	1.8703	0.49858
-2.9687	1.8954	0.33435
-2.9687	1.9205	0.18434
-2.9687	1.9456	0.079039
-2.9687	1.9707	0.022123
-2.9436	-0.062762	0.007454
-2.9436	0.41423	0.036524
-2.9436	0.43933	0.12681
-2.9436	0.46444	0.31028
-2.9436	0.48954	0.58124
-2.9436	0.51464	0.87129
-2.9436	0.53975	1.0984
-2.9436	0.56485	1.144
-2.9436	0.58996	0.97687
-2.9436	0.61506	0.64523
-2.9436	0.64017	0.28996
-2.9436	0.66527	0.053012
-2.9436	0.71548	0.10691
-2.9436	0.74059	0.23545
-2.9436	0.76569	0.28079
-2.9436	0.79079	0.21137
-2.9436	0.8159	0.086666
-2.9436	0.86611	0.022973
-2.9436	0.89121	0.11251
-2.9436	0.91632	0.19294
-2.9436	0.94142	0.19723
-2.9436	0.96653	0.12308
-2.9436	0.99163	0.033946
-2.9436	1.0418	0.04458
-2.9436	1.0669	0.12314
-2.9436	1.0921	0.16718
-2.9436	1.1172	0.14157
-2.9436	1.1423	0.068202
-2.9436	1.1674	0.0079583
-2.9436	1.1925	0.0096769
-2.9436	1.2176	0.068014
-2.9436	1.2427	0.13111
-2.9436	1.2678	0.14702
-2.9436	1.2929	0.10149
-2.9436	1.318	0.034133
-2.9436	1.3682	0.027228
-2.9436	1.3933	0.092705
-2.9436	1.4184	0.14213
-2.9436	1.4435	0.13473
-2.9436	1.4686	0.075911
-2.9436	1.4937	0.015311
-2.9436	1.5439	0.058703
-2.9436	1.569	0.14126
-2.9436	1.5941	0.18796
-2.9436	1.6192	0.15801
-2.9436	1.6444	0.072199
-2.9436	1.6946	0.038953
-2.9436	1.7197	0.22397
-2.9436	1.7448	0.52777
-2.9436	1.7699	0.85451
-2.9436	1.795	1.0936
-2.9436	1.8201	1.1667
-2.9436	1.8452	1.0585
-2.9436	1.8703	0.81538
-2.9436	1.8954	0.53839
-2.9436	1.9205	0.2884
-2.9436	1.9456	0.11845
-2.9436	1.9707	0.030104
-2.9436	2.046	0.0087801
-2.9436	2.0711	0.010808
-2.9436	2.0962	0.0078994
-2.9186	0.087866	0.0079295
-2.9186	0.11297	0.0082774
-2.9186	0.23849	0.0082894
-2.9186	0.2636	0.011011
-2.9186	0.2887	0.0090704
-2.9186	0.48954	0.0096644
-2.9186	0.51464	0.031157
-2.9186	0.53975	0.065728
-2.9186	0.56485	0.09485
-2.9186	0.58996	0.10366
-2.9186	0.61506	0.078512
-2.9186	0.64017	0.037497
-2.9186	0.71548	0.03269
-2.9186	0.74059	0.067271
-2.9186	0.76569	0.080284
-2.9186	0.79079	0.059973
-2.9186	0.8159	0.022604
-2.9186	0.86611	0.014653
-2.9186	0.89121	0.056687
-2.9186	0.91632	0.094241
-2.9186	0.94142	0.094315
-2.9186	0.96653	0.056991
-2.9186	0.99163	0.012357
-2.9186	1.0418	0.038413
-2.9186	1.0669	0.09499
-2.9186	1.0921	0.12538
-2.9186	1.1172	0.10301
-2.9186	1.1423	0.045707
-2.9186	1.1925	0.01578
-2.9186	1.2176	0.079114
-2.9186	1.2427	0.14314
-2.9186	1.2678	0.15436
-2.9186	1.2929	0.10133
-2.9186	1.318	0.028442
-2.9186	1.3682	0.047978
-2.9186	1.3933	0.13826
-2.9186	1.4184	0.19997
-2.9186	1.4435	0.17944
-2.9186	1.4686	0.092311
-2.9186	1.4937	0.012051
-2.9186	1.5188	0.014344
-2.9186	1.5439	0.11435
-2.9186	1.569	0.24527
-2.9186	1.5941	0.30465
-2.9186	1.6192	0.24091
-2.9186	1.6444	0.094699
-2.9186	1.6946	0.10517
-2.9186	1.7197	0.47367
-2.9186	1.7448	1.0399
-2.9186	1.7699	1.6284
-2.9186	1.795	2.0343
-2.9186	1.8201	2.1276
-2.9186	1.8452	1.896
-2.9186	1.8703	1.4436
-2.9186	1.8954	0.92533
-2.9186	1.9205	0.47968
-2.9186	1.9456	0.18737
-2.9186	1.9707	0.041969
-2.9186	2.046	0.019254
-2.9186	2.0711	0.021579
-2.9186	2.0962	0.014748
-2.8935	0.23849	0.011715
-2.8935	0.2636	0.016018
-2.8935	0.2887	0.013681
-2.8935	0.38912	0.023027
-2.8935	0.41423	0.049617
-2.8935	0.43933	0.074248
-2.8935	0.46444	0.084313
-2.8935	0.48954	0.075861
-2.8935	0.51464	0.054236
-2.8935	0.53975	0.028119
-2.8935	0.56485	0.009697
-2.8935	0.74059	0.0084191
-2.8935	0.76569	0.010847
-2.8935	0.79079	0.0084016
-2.8935	0.89121	0.016001
-2.8935	0.91632	0.024941
-2.8935	0.94142	0.024348
-2.8935	0.96653	0.013553
-2.8935	1.0418	0.016657
-2.8935	1.0669	0.037234
-2.8935	1.0921	0.047223
-2.8935	1.1172	0.036879
-2.8935	1.1423	0.014306
-2.8935	1.1925	0.011168
-2.8935	1.2176	0.044872
-2.8935	1.2427	0.075795
-2.8935	1.2678	0.079144
-2.8935	1.2929	0.049281
-2.8935	1.318	0.010926
-2.8935	1.3682	0.041762
-2.8935	1.3933	0.10779
-2.8935	1.4184	0.14979
-2.8935	1.4435	0.13106
-2.8935	1.4686	0.062362
-2.8935	1.5188	0.024174
-2.8935	1.5439	0.13497
-2.8935	1.569	0.27209
-2.8935	1.5941	0.32895
-2.8935	1.6192	0.24901
-2.8935	1.6444	0.083719
-2.8935	1.6946	0.19853
-2.8935	1.7197	0.77623
-2.8935	1.7448	1.6407
-2.8935	1.7699	2.5591
-2.8935	1.795	3.2127
-2.8935	1.8201	3.3637
-2.8935	1.8452	3.0256
-2.8935	1.8703	2.3089
-2.8935	1.8954	1.4729
-2.8935	1.9205	0.75457
-2.8935	1.9456	0.28147
-2.8935	1.9707	0.056041
-2.8935	2.0209	0.018282
-2.8935	2.046	0.04115
-2.8935	2.0711	0.042721
-2.8935	2.0962	0.027578
-2.8935	2.1213	0.010472
-2.8685	-0.89121	0.0074617
-2.8685	-0.86611	0.011557
-2.8685	-0.841	0.014804
-2.8685	-0.8159	0.016003
-2.8685	-0.79079	0.014698
-2.8685	-0.76569	0.011423
-2.8685	0.23849	0.012532
-2.8685	0.2636	0.01659
-2.8685	0.2887	0.013736
-2.8685	0.36402	0.0090177
-2.8685	0.38912	0.039628
-2.8685	0.41423	0.089732
-2.8685	0.43933	0.14552
-2.8685	0.46444	0.18678
-2.8685	0.48954	0.19985
-2.8685	0.51464	0.17942
-2.8685	0.53975	0.13545
-2.8685	0.56485	0.084652
-2.8685	0.58996	0.041844
-2.8685	0.61506	0.015136
-2.8685	1.0669	0.011008
-2.8685	1.0921	0.0133
-2.8685	1.1172	0.009857
-2.8685	1.2176	0.017246
-2.8685	1.2427	0.027944
-2.8685	1.2678	0.027449
-2.8685	1.2929	0.015595
-2.8685	1.3682	0.021739
-2.8685	1.3933	0.049829
-2.8685	1.4184	0.065876
-2.8685	1.4435	0.054057
-2.8685	1.4686	0.022198
-2.8685	1.5188	0.018934
-2.8685	1.5439	0.082225
-2.8685	1.569	0.15516
-2.8685	1.5941	0.18064
-2.8685	1.6192	0.12707
-2.8685	1.6444	0.03411
-2.8685	1.6946	0.18021
-2.8685	1.7197	0.63414
-2.8685	1.7448	1.3136
-2.8685	1.7699	2.0745
-2.8685	1.795	2.6533
-2.8685	1.8201	2.853
-2.8685	1.8452	2.6286
-2.8685	1.8703	2.0567
-2.8685	1.8954	1.3402
-2.8685	1.9205	0.68868
-2.8685	1.9456	0.25718
-2.8685	1.9707	0.04328
-2.8685	2.0209	0.030824
-2.8685	2.046	0.059779
-2.8685	2.0711	0.059669
-2.8685	2.0962	0.037228
-2.8685	2.1213	0.013339
-2.8685	2.2218	0.0082852
-2.8434	-0.89121	0.012877
-2.8434	-0.86611	0.019918
-2.8434	-0.841	0.025655
-2.8434	-0.8159	0.028132
-2.8434	-0.79079	0.026291
-2.8434	-0.76569	0.020826
-2.8434	-0.74059	0.013497
-2.8434	0.23849	0.011552
-2.8434	0.2636	0.014609
-2.8434	0.2887	0.011439
-2.8434	0.36402	0.013255
-2.8434	0.38912	0.051904
-2.8434	0.41423	0.11575
-2.8434	0.43933	0.18959
-2.8434	0.46444	0.25197
-2.8434	0.48954	0.28035
-2.8434	0.51464	0.26589
-2.8434	0.53975	0.21386
-2.8434	0.56485	0.14374
-2.8434	0.58996	0.078087
-2.8434	0.61506	0.030709
-2.8434	1.2427	0.0091068
-2.8434	1.2678	0.008583
-2.8434	1.3682	0.0098534
-2.8434	1.3933	0.020803
-2.8434	1.4184	0.025683
-2.8434	1.4435	0.019677
-2.8434	1.5188	0.011658
-2.8434	1.5439	0.040837
-2.8434	1.569	0.071838
-2.8434	1.5941	0.078457
-2.8434	1.6192	0.051325
-2.8434	1.6444	0.0095384
-2.8434	1.6695	0.0092685
-2.8434	1.6946	0.11377
-2.8434	1.7197	0.35886
-2.8434	1.7448	0.71785
-2.8434	1.7699	1.1049
-2.8434	1.795	1.3989
-2.8434	1.8201	1.4987
-2.8434	1.8452	1.3735
-2.8434	1.8703	1.0693
-2.8434	1.8954	0.69133
-2.8434	1.9205	0.35093
-2.8434	1.9456	0.1206
-2.8434	1.9707	0.015761
-2.8434	2.0209	0.025136
-2.8434	2.046	0.043613
-2.8434	2.0711	0.041371
-2.8434	2.0962	0.024951
-2.8434	2.1213	0.0080654
-2.8434	2.2218	0.0081325
-2.8184	-0.91632	0.011092
-2.8184	-0.89121	0.02137
-2.8184	-0.86611	0.033004
-2.8184	-0.841	0.042507
-2.8184	-0.8159	0.04663
-2.8184	-0.79079	0.043689
-2.8184	-0.76569	0.034593
-2.8184	-0.74059	0.022262
-2.8184	-0.71548	0.010841
-2.8184	0.23849	0.0093891
-2.8184	0.2636	0.011356
-2.8184	0.2887	0.0082863
-2.8184	0.36402	0.016647
-2.8184	0.38912	0.059071
-2.8184	0.41423	0.12739
-2.8184	0.43933	0.20865
-2.8184	0.46444	0.2793
-2.8184	0.48954	0.31553
-2.8184	0.51464	0.30409
-2.8184	0.53975	0.25026
-2.8184	0.56485	0.17169
-2.8184	0.58996	0.093881
-2.8184	0.61506	0.036576
-2.8184	0.71548	0.0089574
-2.8184	0.74059	0.0095227
-2.8184	1.3933	0.0080652
-2.8184	1.4184	0.0095293
-2.8184	1.5439	0.020231
-2.8184	1.569	0.032861
-2.8184	1.5941	0.033766
-2.8184	1.6192	0.019768
-2.8184	1.6695	0.0082607
-2.8184	1.6946	0.069948
-2.8184	1.7197	0.19897
-2.8184	1.7448	0.38003
-2.8184	1.7699	0.5709
-2.8184	1.795	0.70901
-2.8184	1.8201	0.74625
-2.8184	1.8452	0.67298
-2.8184	1.8703	0.5133
-2.8184	1.8954	0.32318
-2.8184	1.9205	0.15726
-2.8184	1.9456	0.049676
-2.8184	2.0209	0.01597
-2.8184	2.046	0.024543
-2.8184	2.0711	0.021836
-2.8184	2.0962	0.012232
-2.7933	-0.91632	0.013399
-2.7933	-0.89121	0.026516
-2.7933	-0.86611	0.042161
-2.7933	-0.841	0.056105
-2.7933	-0.8159	0.063477
-2.7933	-0.79079	0.06137
-2.7933	-0.76569	0.049275
-2.7933	-0.74059	0.032091
-2.7933	-0.71548	0.015326
-2.7933	0.2636	0.0074835
-2.7933	0.36402	0.018179
-2.7933	0.38912	0.059219
-2.7933	0.41423	0.12554
-2.7933	0.43933	0.2052
-2.7933	0.46444	0.27605
-2.7933	0.48954	0.31507
-2.7933	0.51464	0.30642
-2.7933	0.53975	0.25421
-2.7933	0.56485	0.17483
-2.7933	0.58996	0.094799
-2.7933	0.61506	0.035364
-2.7933	0.71548	0.014014
-2.7933	0.74059	0.014335
-2.7933	0.76569	0.0093211
-2.7933	1.5439	0.009288
-2.7933	1.569	0.014325
-2.7933	1.5941	0.013966
-2.7933	1.6946	0.041611
-2.7933	1.7197	0.1113
-2.7933	1.7448	0.20596
-2.7933	1.7699	0.30241
-2.7933	1.795	0.36974
-2.7933	1.8201	0.38435
-2.7933	1.8452	0.341
-2.7933	1.8703	0.2566
-2.7933	1.8954	0.15681
-2.7933	1.9205	0.072638
-2.7933	1.9456	0.020795
-2.7933	2.0209	0.01028
-2.7933	2.046	0.014214
-2.7933	2.0711	0.011705
-2.7683	-0.89121	0.014143
-2.7683	-0.86611	0.023449
-2.7683	-0.841	0.03295
-2.7683	-0.8159	0.039496
-2.7683	-0.79079	0.040192
-2.7683	-0.76569	0.034259
-2.7683	-0.74059	0.02311
-2.7683	-0.71548	0.011303
-2.7683	-0.58996	0.008184
-2.7683	0.36402	0.016614
-2.7683	0.38912	0.051549
-2.7683	0.41423	0.10844
-2.7683	0.43933	0.17874
-2.7683	0.46444	0.24412
-2.7683	0.48954	0.28282
-2.7683	0.51464	0.27875
-2.7683	0.53975	0.23319
-2.7683	0.56485	0.16067
-2.7683	0.58996	0.085922
-2.7683	0.61506	0.030117
-2.7683	0.69038	0.010694
-2.7683	0.71548	0.018237
-2.7683	0.74059	0.01787
-2.7683	0.76569	0.011017
-2.7683	1.6946	0.023003
-2.7683	1.7197	0.058984
-2.7683	1.7448	0.10711
-2.7683	1.7699	0.15609
-2.7683	1.795	0.19025
-2.7683	1.8201	0.19659
-2.7683	1.8452	0.17334
-2.7683	1.8703	0.12823
-2.7683	1.8954	0.07701
-2.7683	1.9205	0.033772
-2.7683	1.9456	0.0085073
-2.7683	2.046	0.0084547
-2.7432	-0.86611	0.0078637
-2.7432	-0.841	0.011184
-2.7432	-0.8159	0.013642
-2.7432	-0.79079	0.014146
-2.7432	-0.76569	0.012107
-2.7432	-0.74059	0.0081981
-2.7432	0.36402	0.010278
-2.7432	0.38912	0.032005
-2.7432	0.41423	0.070763
-2.7432	0.43933	0.1233
-2.7432	0.46444	0.17693
-2.7432	0.48954	0.21387
-2.7432	0.51464	0.21867
-2.7432	0.53975	0.18766
-2.7432	0.56485	0.13131
-2.7432	0.58996	0.069383
-2.7432	0.61506	0.022967
-2.7432	0.69038	0.013611
-2.7432	0.71548	0.021385
-2.7432	0.74059	0.019928
-2.7432	0.76569	0.011685
-2.7432	0.89121	0.0088986
-2.7432	1.6946	0.0098972
-2.7432	1.7197	0.025506
-2.7432	1.7448	0.047349
-2.7432	1.7699	0.070628
-2.7432	1.795	0.087718
-2.7432	1.8201	0.092028
-2.7432	1.8452	0.081805
-2.7432	1.8703	0.060588
-2.7432	1.8954	0.035666
-2.7432	1.9205	0.015248
-2.7182	0.062762	0.0077359
-2.7182	0.38912	0.010691
-2.7182	0.41423	0.021351
-2.7182	0.43933	0.041563
-2.7182	0.46444	0.069641
-2.7182	0.48954	0.097211
-2.7182	0.51464	0.11273
-2.7182	0.53975	0.10709
-2.7182	0.56485	0.080355
-2.7182	0.58996	0.043987
-2.7182	0.61506	0.014183
-2.7182	0.69038	0.01478
-2.7182	0.71548	0.021959
-2.7182	0.74059	0.019939
-2.7182	0.76569	0.011077
-2.7182	0.86611	0.0097021
-2.7182	0.89121	0.011856
-2.7182	0.91632	0.0090532
-2.7182	1.7448	0.012681
-2.7182	1.7699	0.021453
-2.7182	1.795	0.029154
-2.7182	1.8201	0.032758
-2.7182	1.8452	0.030733
-2.7182	1.8703	0.023465
-2.7182	1.8954	0.014143
-2.6931	0.062762	0.0074353
-2.6931	0.21339	0.013734
-2.6931	0.23849	0.015851
-2.6931	0.2636	0.011046
-2.6931	0.33891	0.009234
-2.6931	0.36402	0.030175
-2.6931	0.38912	0.054245
-2.6931	0.41423	0.070115
-2.6931	0.43933	0.071139
-2.6931	0.46444	0.059644
-2.6931	0.48954	0.044592
-2.6931	0.51464	0.032361
-2.6931	0.53975	0.026284
-2.6931	0.56485	0.020732
-2.6931	0.58996	0.013017
-2.6931	0.69038	0.0096093
-2.6931	0.71548	0.014985
-2.6931	0.74059	0.014284
-2.6931	0.76569	0.0079549
-2.6931	0.86611	0.011685
-2.6931	0.89121	0.013749
-2.6931	0.91632	0.010031
-2.6931	1.0418	0.0099963
-2.6931	1.0669	0.0092957
-2.6681	0.21339	0.012779
-2.6681	0.23849	0.014363
-2.6681	0.2636	0.0096855
-2.6681	0.33891	0.016875
-2.6681	0.36402	0.054015
-2.6681	0.38912	0.10597
-2.6681	0.41423	0.15707
-2.6681	0.43933	0.18835
-2.6681	0.46444	0.18915
-2.6681	0.48954	0.1588
-2.6681	0.51464	0.11189
-2.6681	0.53975	0.064896
-2.6681	0.56485	0.029826
-2.6681	0.58996	0.010063
-2.6681	0.89121	0.0086399
-2.6681	1.0167	0.0083325
-2.6681	1.0418	0.012185
-2.6681	1.0669	0.011118
-2.6681	1.1925	0.011203
-2.6681	1.2176	0.012604
-2.6681	1.2427	0.0087239
-2.6681	1.3431	0.007666
-2.6681	1.3682	0.011353
-2.6681	1.3933	0.010385
-2.6681	1.5188	0.0083082
-2.6681	1.5439	0.010217
-2.6681	1.569	0.0078978
-2.6681	1.6946	0.013378
-2.6681	1.7197	0.017742
-2.6681	1.7448	0.01778
-2.6681	1.7699	0.013816
-2.6681	1.795	0.0085757
-2.643	0.21339	0.0097926
-2.643	0.23849	0.010366
-2.643	0.33891	0.018858
-2.643	0.36402	0.056578
-2.643	0.38912	0.11079
-2.643	0.41423	0.16749
-2.643	0.43933	0.20888
-2.643	0.46444	0.22044
-2.643	0.48954	0.19795
-2.643	0.51464	0.15073
-2.643	0.53975	0.094858
-2.643	0.56485	0.046746
-2.643	0.58996	0.015687
-2.643	1.1925	0.011574
-2.643	1.2176	0.013001
-2.643	1.2427	0.0089133
-2.643	1.3431	0.014159
-2.643	1.3682	0.020195
-2.643	1.3933	0.017987
-2.643	1.4184	0.0090477
-2.643	1.4937	0.010719
-2.643	1.5188	0.022056
-2.643	1.5439	0.026327
-2.643	1.569	0.019722
-2.643	1.6695	0.029368
-2.643	1.6946	0.05948
-2.643	1.7197	0.085271
-2.643	1.7448	0.095746
-2.643	1.7699	0.088995
-2.643	1.795	0.069177
-2.643	1.8201	0.045793
-2.643	1.8452	0.024578
-2.643	1.8703	0.010546
-2.618	0.33891	0.018502
-2.618	0.36402	0.051411
-2.618	0.38912	0.098171
-2.618	0.41423	0.14764
-2.618	0.43933	0.18454
-2.618	0.46444	0.19667
-2.618	0.48954	0.17919
-2.618	0.51464	0.13845
-2.618	0.53975	0.088255
-2.618	0.56485	0.043491
-2.618	0.58996	0.013924
-2.618	1.3431	0.010039
-2.618	1.3682	0.014699
-2.618	1.3933	0.013295
-2.618	1.4937	0.016292
-2.618	1.5188	0.032933
-2.618	1.5439	0.039828
-2.618	1.569	0.029857
-2.618	1.5941	0.010001
-2.618	1.6444	0.021387
-2.618	1.6695	0.082862
-2.618	1.6946	0.16429
-2.618	1.7197	0.24356
-2.618	1.7448	0.28907
-2.618	1.7699	0.28363
-2.618	1.795	0.23611
-2.618	1.8201	0.16614
-2.618	1.8452	0.097631
-2.618	1.8703	0.046011
-2.618	1.8954	0.016159
-2.5929	-0.89121	0.0093983
-2.5929	-0.86611	0.010785
-2.5929	-0.841	0.010562
-2.5929	-0.8159	0.0087814
-2.5929	0.33891	0.016472
-2.5929	0.36402	0.04291
-2.5929	0.38912	0.079834
-2.5929	0.41423	0.11847
-2.5929	0.43933	0.14763
-2.5929	0.46444	0.15664
-2.5929	0.48954	0.14265
-2.5929	0.51464	0.10984
-2.5929	0.53975	0.069469
-2.5929	0.56485	0.033329
-2.5929	0.58996	0.009878
-2.5929	0.69038	0.0074385
-2.5929	1.4937	0.0084352
-2.5929	1.5188	0.016503
-2.5929	1.5439	0.020216
-2.5929	1.569	0.01503
-2.5929	1.6444	0.023382
-2.5929	1.6695	0.084781
-2.5929	1.6946	0.18119
-2.5929	1.7197	0.2874
-2.5929	1.7448	0.36829
-2.5929	1.7699	0.39576
-2.5929	1.795	0.36088
-2.5929	1.8201	0.27695
-2.5929	1.8452	0.17695
-2.5929	1.8703	0.089084
-2.5929	1.8954	0.032323
-2.5678	-0.91632	0.0086216
-2.5678	-0.89121	0.011852
-2.5678	-0.86611	0.013891
-2.5678	-0.841	0.013793
-2.5678	-0.8159	0.011618
-2.5678	-0.79079	0.0080445
-2.5678	0.33891	0.013135
-2.5678	0.36402	0.032522
-2.5678	0.38912	0.059135
-2.5678	0.41423	0.086764
-2.5678	0.43933	0.10737
-2.5678	0.46444	0.1137
-2.5678	0.48954	0.10307
-2.5678	0.51464	0.078897
-2.5678	0.53975	0.049048
-2.5678	0.56485	0.022667
-2.5678	1.6444	0.011254
-2.5678	1.6695	0.03768
-2.5678	1.6946	0.080054
-2.5678	1.7197	0.13079
-2.5678	1.7448	0.1737
-2.5678	1.7699	0.19565
-2.5678	1.795	0.18764
-2.5678	1.8201	0.15287
-2.5678	1.8452	0.10277
-2.5678	1.8703	0.054587
-2.5678	1.8954	0.020378
-2.5428	-0.91632	0.007749
-2.5428	-0.89121	0.011228
-2.5428	-0.86611	0.013688
-2.5428	-0.841	0.014128
-2.5428	-0.8159	0.012238
-2.5428	-0.79079	0.0086271
-2.5428	0.33891	0.0089114
-2.5428	0.36402	0.021342
-2.5428	0.38912	0.038346
-2.5428	0.41423	0.056271
-2.5428	0.43933	0.069614
-2.5428	0.46444	0.073748
-2.5428	0.48954	0.066811
-2.5428	0.51464	0.050712
-2.5428	0.53975	0.031002
-2.5428	0.56485	0.013686
-2.5428	1.6695	0.012826
-2.5428	1.6946	0.026388
-2.5428	1.7197	0.043582
-2.5428	1.7448	0.058618
-2.5428	1.7699	0.066977
-2.5428	1.795	0.065076
-2.5428	1.8201	0.053559
-2.5428	1.8452	0.036334
-2.5428	1.8703	0.019298
-2.5177	-0.91632	0.0080331
-2.5177	-0.89121	0.0091484
-2.5177	-0.86611	0.0098502
-2.5177	-0.841	0.0099577
-2.5177	-0.8159	0.0087912
-2.5177	0.36402	0.01084
-2.5177	0.38912	0.019958
-2.5177	0.41423	0.029824
-2.5177	0.43933	0.037594
-2.5177	0.46444	0.040409
-2.5177	0.48954	0.036913
-2.5177	0.51464	0.028245
-2.5177	0.53975	0.016973
-2.5177	1.7197	0.010898
-2.5177	1.7448	0.015408
-2.5177	1.7699	0.018383
-2.5177	1.795	0.018479
-2.5177	1.8201	0.015555
-2.5177	1.8452	0.01068
-2.4927	-0.96653	0.0084329
-2.4927	-0.94142	0.014078
-2.4927	-0.91632	0.01886
-2.4927	-0.89121	0.02098
-2.4927	-0.86611	0.019586
-2.4927	-0.841	0.01538
-2.4927	-0.8159	0.010192
-2.4927	0.41423	0.010326
-2.4927	0.43933	0.014055
-2.4927	0.46444	0.016112
-2.4927	0.48954	0.015429
-2.4927	0.51464	0.01209
-2.4927	0.53975	0.00746
-2.4676	-0.96653	0.009809
-2.4676	-0.94142	0.016603
-2.4676	-0.91632	0.023019
-2.4676	-0.89121	0.026939
-2.4676	-0.86611	0.026834
-2.4676	-0.841	0.022687
-2.4676	-0.8159	0.015858
-2.4676	-0.79079	0.0087245
-2.4426	-0.96653	0.0096796
-2.4426	-0.94142	0.016121
-2.4426	-0.91632	0.022246
-2.4426	-0.89121	0.026101
-2.4426	-0.86611	0.02618
-2.4426	-0.841	0.022315
-2.4426	-0.8159	0.015768
-2.4426	-0.79079	0.0087036
-2.4175	-0.96653	0.0087124
-2.4175	-0.94142	0.014242
-2.4175	-0.91632	0.019423
-2.4175	-0.89121	0.02259
-2.4175	-0.86611	0.022505
-2.4175	-0.841	0.019045
-2.4175	-0.8159	0.013276
-2.4175	0.31381	0.0108
-2.4175	0.33891	0.020876
-2.4175	0.36402	0.029832
-2.4175	0.38912	0.034336
-2.4175	0.41423	0.032806
-2.4175	0.43933	0.026627
-2.4175	0.46444	0.018194
-2.4175	0.48954	0.010256
-2.4175	1.6946	0.0074389
-2.4175	1.7197	0.0082349
-2.4175	1.7448	0.0077011
-2.3925	-0.94142	0.011623
-2.3925	-0.91632	0.015608
-2.3925	-0.89121	0.017982
-2.3925	-0.86611	0.017706
-2.3925	-0.841	0.014776
-2.3925	-0.8159	0.010105
-2.3925	0.16318	0.011052
-2.3925	0.18828	0.011978
-2.3925	0.21339	0.0078597
-2.3925	0.2887	0.01027
-2.3925	0.31381	0.032225
-2.3925	0.33891	0.060114
-2.3925	0.36402	0.086293
-2.3925	0.38912	0.10061
-2.3925	0.41423	0.099117
-2.3925	0.43933	0.083359
-2.3925	0.46444	0.059647
-2.3925	0.48954	0.035659
-2.3925	0.51464	0.016989
-2.3925	1.6946	0.0095353
-2.3925	1.7197	0.010675
-2.3925	1.7448	0.010148
-2.3925	1.7699	0.0082143
-2.3674	-0.94142	0.0087467
-2.3674	-0.91632	0.011609
-2.3674	-0.89121	0.013183
-2.3674	-0.86611	0.012829
-2.3674	-0.841	0.010559
-2.3674	0.18828	0.008851
-2.3674	0.2887	0.021922
-2.3674	0.31381	0.067433
-2.3674	0.33891	0.13112
-2.3674	0.36402	0.19528
-2.3674	0.38912	0.23485
-2.3674	0.41423	0.23841
-2.3674	0.43933	0.20501
-2.3674	0.46444	0.14785
-2.3674	0.48954	0.089518
-2.3674	0.51464	0.04319
-2.3674	0.53975	0.014033
-2.3674	1.6695	0.0075932
-2.3674	1.6946	0.010195
-2.3674	1.7197	0.01139
-2.3674	1.7448	0.010867
-2.3674	1.7699	0.0088523
-2.3424	-0.91632	0.007909
-2.3424	-0.89121	0.0088808
-2.3424	-0.86611	0.0085311
-2.3424	0.2887	0.010209
-2.3424	0.31381	0.034991
-2.3424	0.33891	0.082237
-2.3424	0.36402	0.14688
-2.3424	0.38912	0.2161
-2.3424	0.41423	0.26049
-2.3424	0.43933	0.26277
-2.3424	0.46444	0.21721
-2.3424	0.48954	0.14705
-2.3424	0.51464	0.075329
-2.3424	0.53975	0.025262
-2.3424	0.64017	0.0089345
-2.3424	0.66527	0.0079555
-2.3424	1.6946	0.0094138
-2.3424	1.7197	0.010522
-2.3424	1.7448	0.01001
-2.3424	1.7699	0.0081563
-2.3173	0.33891	0.014316
-2.3173	0.36402	0.02771
-2.3173	0.38912	0.043351
-2.3173	0.41423	0.059111
-2.3173	0.43933	0.069265
-2.3173	0.46444	0.067736
-2.3173	0.48954	0.054226
-2.3173	0.51464	0.033753
-2.3173	0.53975	0.012627
-2.3173	0.61506	0.0078904
-2.3173	0.64017	0.013388
-2.3173	0.66527	0.013023
-2.3173	0.69038	0.0079615
-2.3173	1.6946	0.0075627
-2.3173	1.7197	0.0084506
-2.3173	1.7448	0.0080469
-2.2923	0.36402	0.009119
-2.2923	0.38912	0.010513
-2.2923	0.41423	0.011163
-2.2923	0.43933	0.011257
-2.2923	0.46444	0.010218
-2.2923	0.48954	0.0080191
-2.2672	0.31381	0.009713
-2.2672	0.33891	0.014363
-2.2672	0.36402	0.017118
-2.2672	0.38912	0.017092
-2.2672	0.41423	0.014563
-2.2672	0.43933	0.010572
-2.2422	0.2887	0.0078589
-2.2422	0.31381	0.015415
-2.2422	0.33891	0.022968
-2.2422	0.36402	0.028006
-2.2422	0.38912	0.0288
-2.2422	0.41423	0.025265
-2.2422	0.43933	0.018793
-2.2422	0.46444	0.011736
-2.2171	0.2887	0.010188
-2.2171	0.31381	0.019475
-2.2171	0.33891	0.02883
-2.2171	0.36402	0.035357
-2.2171	0.38912	0.036763
-2.2171	0.41423	0.032811
-2.2171	0.43933	0.024894
-2.2171	0.46444	0.015692
-2.2171	0.48954	0.0077857
-2.1921	0.2887	0.011326
-2.1921	0.31381	0.021029
-2.1921	0.33891	0.030805
-2.1921	0.36402	0.037662
-2.1921	0.38912	0.039202
-2.1921	0.41423	0.035035
-2.1921	0.43933	0.02661
-2.1921	0.46444	0.016754
-2.1921	0.48954	0.0081782
-2.1921	1.6192	0.011104
-2.1921	1.6444	0.016413
-2.1921	1.6695	0.018876
-2.1921	1.6946	0.017625
-2.1921	1.7197	0.013422
-2.1921	1.7448	0.0086074
-2.167	0.2887	0.01111
-2.167	0.31381	0.020022
-2.167	0.33891	0.028991
-2.167	0.36402	0.035141
-2.167	0.38912	0.036428
-2.167	0.41423	0.0324
-2.167	0.43933	0.024517
-2.167	0.46444	0.015211
-2.167	1.6444	0.012159
-2.167	1.6695	0.016545
-2.167	1.6946	0.018794
-2.167	1.7197	0.018038
-2.167	1.7448	0.01464
-2.167	1.7699	0.0096523
-2.142	0.2887	0.0097143
-2.142	0.31381	0.017114
-2.142	0.33891	0.024316
-2.142	0.36402	0.029204
-2.142	0.38912	0.030084
-2.142	0.41423	0.02662
-2.142	0.43933	0.019909
-2.142	0.46444	0.012149
-2.142	1.6946	0.0078959
-2.142	1.7197	0.0078342
-2.1169	0.2887	0.0075746
-2.1169	0.31381	0.013007
-2.1169	0.33891	0.018337
-2.1169	0.36402	0.02181
-2.1169	0.38912	0.022287
-2.1169	0.41423	0.019549
-2.1169	0.43933	0.014437
-2.1169	0.46444	0.008609
-2.0919	0.31381	0.0088446
-2.0919	0.33891	0.012321
-2.0919	0.36402	0.014556
-2.0919	0.38912	0.014775
-2.0919	0.41423	0.012812
-2.0919	0.43933	0.0093008
-2.0668	0.36402	0.0085841
-2.0668	0.38912	0.0086396
-2.0668	0.41423	0.0074286
-1.2902	0.2636	0.0099745
-1.2902	0.2887	0.0094192
-1.2651	0.18828	0.012099
-1.2651	0.21339	0.020611
-1.2651	0.23849	0.056892
-1.2651	0.2636	0.096694
-1.2651	0.2887	0.10989
-1.2651	0.31381	0.090789
-1.2651	0.33891	0.047127
-1.2651	0.36402	0.01319
-1.2651	0.43933	0.017095
-1.2651	0.46444	0.020992
-1.2651	0.48954	0.016243
-1.2401	0.087866	0.013794
-1.2401	0.11297	0.07668
-1.2401	0.13808	0.11657
-1.2401	0.16318	0.10457
-1.2401	0.18828	0.11503
-1.2401	0.21339	0.10419
-1.2401	0.23849	0.079091
-1.2401	0.2636	0.052458
-1.2401	0.2887	0.023226
-1.2401	0.31381	0.01098
-1.215	-0.012552	0.017072
-1.215	0.16318	0.0085857
-1.215	0.18828	0.0096858
-1.215	0.21339	0.0098448
-1.215	0.23849	0.0079417
-1.0898	1.4435	0.019324
-1.0898	1.4686	0.02494
-1.0898	1.4937	0.0169
-1.0647	1.4937	0.011308
-1.0647	1.5188	0.022721
-1.0647	1.5439	0.021641
-1.0647	1.569	0.0090255
0.38831	-1.0167	0.011546
0.43841	-0.99163	0.011686
0.51357	-0.96653	0.015942
0.61378	-0.89121	0.010069
0.63883	-0.89121	0.047786
0.66388	-0.86611	0.068596
0.68894	-0.841	0.026816
0.71399	-0.841	0.036945
0.71399	-0.8159	0.012137
0.73904	-0.8159	0.14289
0.76409	-0.79079	0.23465
0.78914	-0.79079	0.03257
0.78914	-0.76569	0.044103
0.8142	-0.76569	0.010801
0.83925	-0.71548	0.012803
0.8643	-0.71548	0.037257
0.8643	-0.69038	0.16314
0.8643	-0.66527	0.0090784
0.88935	-0.69038	0.027459
0.88935	-0.66527	0.36662
0.91441	-0.69038	0.0082397
0.91441	-0.66527	0.047351
0.91441	-0.64017	0.10496
0.91441	-0.21339	0.0090426
0.91441	-0.18828	0.010894
0.91441	-0.16318	0.01117
0.91441	-0.13808	0.0098514
0.93946	-0.58996	0.0086253
0.93946	-0.23849	0.010898
0.93946	-0.21339	0.015515
0.93946	-0.18828	0.018479
0.93946	-0.16318	0.018814
0.93946	-0.13808	0.016512
0.93946	-0.11297	0.012444
0.93946	-0.087866	0.0078296
0.96451	-0.58996	0.068236
0.96451	-0.56485	0.082621
0.96451	-0.2636	0.0099539
0.96451	-0.23849	0.017135
0.96451	-0.21339	0.023728
0.96451	-0.18828	0.02769
0.96451	-0.16318	0.027812
0.96451	-0.13808	0.024173
0.96451	-0.11297	0.017943
0.96451	-0.087866	0.011116
0.98956	-0.53975	0.26917
0.98956	-0.2636	0.015154
0.98956	-0.23849	0.024902
0.98956	-0.21339	0.033309
0.98956	-0.18828	0.037903
0.98956	-0.16318	0.037375
0.98956	-0.13808	0.031876
0.98956	-0.11297	0.023242
0.98956	-0.087866	0.014027
1.0146	-0.53975	0.011497
1.0146	-0.51464	0.028046
1.0146	-0.2887	0.010954
1.0146	-0.2636	0.022161
1.0146	-0.23849	0.034253
1.0146	-0.21339	0.044125
1.0146	-0.18828	0.04874
1.0146	-0.16318	0.046809
1.0146	-0.13808	0.038985
1.0146	-0.11297	0.02772
1.0146	-0.087866	0.016208
1.0397	-0.46444	0.095386
1.0397	-0.43933	0.04026
1.0397	-0.41423	0.011727
1.0397	-0.2887	0.017275
1.0397	-0.2636	0.031595
1.0397	-0.23849	0.04595
1.0397	-0.21339	0.056338
1.0397	-0.18828	0.05987
1.0397	-0.16318	0.055703
1.0397	-0.13808	0.044937
1.0397	-0.11297	0.030979
1.0397	-0.087866	0.017437
1.0647	-0.43933	0.10582
1.0647	-0.41423	0.17104
1.0647	-0.38912	0.074364
1.0647	-0.31381	0.012387
1.0647	-0.2887	0.02934
1.0647	-0.2636	0.04688
1.0647	-0.23849	0.062401
1.0647	-0.21339	0.071691
1.0647	-0.18828	0.072349
1.0647	-0.16318	0.06448
1.0647	-0.13808	0.04996
1.0647	-0.11297	0.033111
1.0647	-0.087866	0.017747
1.0898	-0.38912	0.071859
1.0898	-0.36402	0.02367
1.0898	-0.33891	0.020511
1.0898	-0.31381	0.032006
1.0898	-0.2887	0.06741
1.0898	-0.2636	0.077555
1.0898	-0.23849	0.094629
1.0898	-0.21339	0.095876
1.0898	-0.18828	0.089432
1.0898	-0.16318	0.074971
1.0898	-0.13808	0.055083
1.0898	-0.11297	0.034512
1.0898	-0.087866	0.017356
1.1148	-0.31381	1.1442
1.1148	-0.2887	0.41459
1.1148	-0.2636	0.045802
1.1148	-0.23849	0.21826
1.1148	-0.21339	0.12893
1.1148	-0.18828	0.12614
1.1148	-0.16318	0.094248
1.1148	-0.13808	0.062276
1.1148	-0.11297	0.036509
1.1148	-0.087866	0.016903
1.1148	1.0669	0.011188
1.1148	1.0921	0.014249
1.1148	1.1172	0.016929
1.1148	1.1423	0.018565
1.1148	1.1674	0.015396
1.1148	1.1925	0.0094714
1.1399	-0.31381	0.017189
1.1399	-0.2887	0.40109
1.1399	-0.2636	1.678
1.1399	-0.23849	2.156
1.1399	-0.21339	0.12771
1.1399	-0.18828	0.28382
1.1399	-0.16318	0.15838
1.1399	-0.13808	0.07919
1.1399	-0.11297	0.043146
1.1399	-0.087866	0.017808
1.1399	1.0167	0.01179
1.1399	1.0418	0.027954
1.1399	1.0669	0.046677
1.1399	1.0921	0.055555
1.1399	1.1172	0.071411
1.1399	1.1423	0.10255
1.1399	1.1674	0.10737
1.1399	1.1925	0.064536
1.1399	1.2176	0.057552
1.1399	1.2427	0.075879
1.1399	1.2678	0.02479
1.1649	-0.2887	0.018464
1.1649	-0.21339	1.1886
1.1649	-0.18828	2.7905
1.1649	-0.16318	0.96165
1.1649	-0.13808	0.10303
1.1649	-0.11297	0.085023
1.1649	-0.087866	0.030619
1.1649	0.99163	0.01063
1.1649	1.0167	0.040686
1.1649	1.0418	0.1652
1.1649	1.0669	0.29035
1.1649	1.0921	0.24041
1.1649	1.1172	0.63321
1.1649	1.1423	1.5621
1.1649	1.1674	2.059
1.1649	1.1925	0.85937
1.1649	1.2176	0.27414
1.1649	1.2427	0.046866
1.19	-0.23849	0.018433
1.19	-0.21339	0.027495
1.19	-0.18828	0.0083245
1.19	-0.16318	0.12916
1.19	-0.13808	0.32615
1.19	-0.11297	0.76381
1.19	-0.087866	0.15492
1.19	-0.062762	0.018855
1.19	0.86611	0.0096811
1.19	0.89121	0.011492
1.19	0.96653	0.019636
1.19	0.99163	0.087421
1.19	1.0167	0.57842
1.19	1.0418	2.4044
1.19	1.0669	4.1119
1.19	1.0921	2.6711
1.19	1.1172	1.458
1.19	1.1423	0.56588
1.19	1.1674	0.24871
1.19	1.1925	0.089601
1.19	1.2176	0.028071
1.19	1.2427	0.0083849
1.215	-0.18828	0.011695
1.215	-0.16318	0.0095255
1.215	-0.13808	0.012142
1.215	-0.11297	0.010465
1.215	-0.087866	0.01112
1.215	-0.037657	0.011417
1.215	-0.012552	0.068828
1.215	0.012552	0.060515
1.215	0.037657	0.030114
1.215	0.062762	0.0099248
1.215	0.841	0.028653
1.215	0.86611	0.073311
1.215	0.89121	0.10585
1.215	0.91632	0.071595
1.215	0.96653	0.13297
1.215	0.99163	0.27498
1.215	1.0167	0.36042
1.215	1.0418	0.36902
1.215	1.0669	0.34338
1.215	1.0921	0.24758
1.215	1.1172	0.19021
1.215	1.1423	0.11729
1.215	1.1674	0.063478
1.215	1.1925	0.030492
1.215	1.2176	0.010661
1.2401	-0.21339	0.0077126
1.2401	-0.18828	0.0079392
1.2401	0.062762	0.0077769
1.2401	0.087866	0.016482
1.2401	0.11297	0.017373
1.2401	0.13808	0.021516
1.2401	0.16318	0.025373
1.2401	0.18828	0.025423
1.2401	0.21339	0.022144
1.2401	0.23849	0.011632
1.2401	0.31381	0.0091347
1.2401	0.33891	0.014365
1.2401	0.36402	0.015814
1.2401	0.38912	0.016242
1.2401	0.41423	0.013676
1.2401	0.43933	0.0099667
1.2401	0.51464	0.011663
1.2401	0.53975	0.015896
1.2401	0.56485	0.017481
1.2401	0.58996	0.015735
1.2401	0.69038	0.020392
1.2401	0.71548	0.032877
1.2401	0.74059	0.031587
1.2401	0.76569	0.0089135
1.2401	0.79079	0.0077869
1.2401	0.8159	0.047519
1.2401	0.841	0.053572
1.2401	0.86611	0.033548
1.2401	0.89121	0.017311
1.2401	0.96653	0.013758
1.2401	0.99163	0.036945
1.2401	1.0167	0.061355
1.2401	1.0418	0.080877
1.2401	1.0669	0.090401
1.2401	1.0921	0.083181
1.2401	1.1172	0.066005
1.2401	1.1423	0.045887
1.2401	1.1674	0.027241
1.2401	1.1925	0.013554
1.2651	0.2887	0.013243
1.2651	0.31381	0.036244
1.2651	0.33891	0.083482
1.2651	0.36402	0.13203
1.2651	0.38912	0.14743
1.2651	0.41423	0.13996
1.2651	0.43933	0.1133
1.2651	0.46444	0.098634
1.2651	0.48954	0.10143
1.2651	0.51464	0.11167
1.2651	0.53975	0.11155
1.2651	0.56485	0.077099
1.2651	0.58996	0.034876
1.2651	0.61506	0.0097366
1.2651	0.99163	0.013152
1.2651	1.0167	0.023213
1.2651	1.0418	0.032139
1.2651	1.0669	0.036695
1.2651	1.0921	0.035792
1.2651	1.1172	0.029976
1.2651	1.1423	0.021644
1.2651	1.1674	0.013353
1.2902	1.0167	0.010624
1.2902	1.0418	0.014812
1.2902	1.0669	0.017261
1.2902	1.0921	0.017164
1.2902	1.1172	0.014739
1.2902	1.1423	0.010906
1.3152	1.0669	0.0083363
1.3152	1.0921	0.0083844
1.9666	-0.38912	0.0095696
1.9666	-0.36402	0.011039
1.9666	-0.33891	0.010805
1.9666	-0.31381	0.0090226
1.9916	-0.41423	0.0085251
1.9916	-0.38912	0.011706
1.9916	-0.36402	0.013502
1.9916	-0.33891	0.01325
1.9916	-0.31381	0.011083
1.9916	-0.2887	0.0077629
2.0167	-0.41423	0.0091357
2.0167	-0.38912	0.012478
2.0167	-0.36402	0.014392
2.0167	-0.33891	0.014104
2.0167	-0.31381	0.01179
2.0167	-0.2887	0.0082126
2.0418	-0.41423	0.0085081
2.0418	-0.38912	0.011623
2.0418	-0.36402	0.013386
2.0418	-0.33891	0.013152
2.0418	-0.31381	0.010955
2.0668	-0.38912	0.0093006
2.0668	-0.36402	0.010786
2.0668	-0.33891	0.010645
2.0668	-0.31381	0.0089049
2.2171	0.86611	0.0078096
2.2171	0.89121	0.01059
2.2171	0.91632	0.011984
2.2171	0.94142	0.011574
2.2171	0.96653	0.0095235
2.2422	0.841	0.0085565
2.2422	0.86611	0.014631
2.2422	0.89121	0.020147
2.2422	0.91632	0.023494
2.2422	0.94142	0.023316
2.2422	0.96653	0.019744
2.2422	0.99163	0.013958
2.2422	1.0167	0.0078795
2.2672	-0.41423	0.0086747
2.2672	-0.38912	0.0084411
2.2672	0.841	0.01713
2.2672	0.86611	0.029825
2.2672	0.89121	0.041723
2.2672	0.91632	0.049118
2.2672	0.94142	0.048407
2.2672	0.96653	0.040407
2.2672	0.99163	0.027183
2.2672	1.0167	0.014097
2.2923	-0.43933	0.010151
2.2923	-0.41423	0.011552
2.2923	-0.38912	0.011351
2.2923	-0.36402	0.0096028
2.2923	0.8159	0.012057
2.2923	0.841	0.024891
2.2923	0.86611	0.039109
2.2923	0.89121	0.048039
2.2923	0.91632	0.049141
2.2923	0.94142	0.041869
2.2923	0.96653	0.029403
2.2923	0.99163	0.016762
2.3173	-0.46444	0.0093901
2.3173	-0.43933	0.012396
2.3173	-0.41423	0.014095
2.3173	-0.38912	0.013881
2.3173	-0.36402	0.011797
2.3173	-0.33891	0.0084762
2.3173	0.841	0.0094677
2.3173	0.86611	0.013397
2.3173	0.89121	0.015485
2.3173	0.91632	0.015091
2.3173	0.94142	0.012435
2.3173	0.96653	0.0087125
2.3424	-0.46444	0.010912
2.3424	-0.43933	0.014293
2.3424	-0.41423	0.016209
2.3424	-0.38912	0.015964
2.3424	-0.36402	0.013616
2.3424	-0.33891	0.0097892
2.3674	-0.48954	0.0078553
2.3674	-0.46444	0.011991
2.3674	-0.43933	0.015659
2.3674	-0.41423	0.017788
2.3674	-0.38912	0.017612
2.3674	-0.36402	0.015047
2.3674	-0.33891	0.010849
2.3925	-0.48954	0.0079364
2.3925	-0.46444	0.012135
2.3925	-0.43933	0.016006
2.3925	-0.41423	0.018419
2.3925	-0.38912	0.018498
2.3925	-0.36402	0.015997
2.3925	-0.33891	0.011617
2.4175	-0.46444	0.0098517
2.4175	-0.43933	0.013424
2.4175	-0.41423	0.015981
2.4175	-0.38912	0.016516
2.4175	-0.36402	0.014629
2.4175	-0.33891	0.01074
2.4927	-0.51464	0.010598
2.4927	-0.48954	0.013091
2.4927	-0.46444	0.013508
2.4927	-0.43933	0.011966
2.4927	-0.41423	0.0091917
2.5177	-0.51464	0.012046
2.5177	-0.48954	0.015346
2.5177	-0.46444	0.016421
2.5177	-0.43933	0.01519
2.5177	-0.41423	0.012188
2.5177	-0.38912	0.0084147
2.5428	-0.51464	0.011506
2.5428	-0.48954	0.014885
2.5428	-0.46444	0.016335
2.5428	-0.43933	0.015439
2.5428	-0.41423	0.012678
2.5428	-0.38912	0.0089249
2.5678	-0.51464	0.010249
2.5678	-0.48954	0.013406
2.5678	-0.46444	0.014909
2.5678	-0.43933	0.014355
2.5678	-0.41423	0.011944
2.5678	-0.38912	0.0084869
2.5929	-1.7699	0.0083456
2.5929	-1.7448	0.008677
2.5929	-0.51464	0.0086074
2.5929	-0.48954	0.011392
2.5929	-0.46444	0.01286
2.5929	-0.43933	0.012557
2.5929	-0.41423	0.010583
2.618	-1.8201	0.0099956
2.618	-1.795	0.014403
2.618	-1.7699	0.017503
2.618	-1.7448	0.017719
2.618	-1.7197	0.014594
2.618	-1.6946	0.0092777
2.618	-0.48954	0.0091202
2.618	-0.46444	0.010481
2.618	-0.43933	0.01041
2.618	-0.41423	0.008909
2.643	-1.8452	0.0084842
2.643	-1.8201	0.012422
2.643	-1.795	0.015061
2.643	-1.7699	0.015252
2.643	-1.7448	0.012979
2.643	-1.7197	0.0090957
2.643	-0.46444	0.0079488
2.643	-0.43933	0.0080997
2.7683	-0.56485	0.0083476
2.7683	-0.53975	0.012229
2.7683	-0.51464	0.014362
2.7683	-0.48954	0.013864
2.7683	-0.46444	0.01107
2.7933	-0.56485	0.0088356
2.7933	-0.53975	0.012624
2.7933	-0.51464	0.014674
2.7933	-0.48954	0.01429
2.7933	-0.46444	0.011719
2.7933	-0.43933	0.0079329
2.8184	-0.53975	0.0083942
2.8184	-0.51464	0.0099053
2.8184	-0.48954	0.0098568
2.8184	-0.46444	0.0083095
2.9436	-0.56485	0.010717
2.9436	-0.53975	0.012489
2.9436	-0.51464	0.012387
2.9436	-0.48954	0.010559
2.9687	-0.61506	0.0089893
2.9687	-0.58996	0.01587
2.9687	-0.56485	0.022082
2.9687	-0.53975	0.025747
2.9687	-0.51464	0.025493
2.9687	-0.48954	0.021582
2.9687	-0.46444	0.015314
2.9687	-0.43933	0.0089392
2.9937	-0.61506	0.017756
2.9937	-0.58996	0.030814
2.9937	-0.56485	0.042865
2.9937	-0.53975	0.04973
2.9937	-0.51464	0.049128
2.9937	-0.48954	0.041189
2.9937	-0.46444	0.028822
2.9937	-0.43933	0.016227
3.0188	-0.64017	0.010317
3.0188	-0.61506	0.023388
3.0188	-0.58996	0.039023
3.0188	-0.56485	0.052821
3.0188	-0.53975	0.060001
3.0188	-0.51464	0.057439
3.0188	-0.48954	0.046995
3.0188	-0.46444	0.031544
3.0188	-0.43933	0.016825
3.0438	-0.61506	0.013962
3.0438	-0.58996	0.022885
3.0438	-0.56485	0.0305
3.0438	-0.53975	0.0342
3.0438	-0.51464	0.032571
3.0438	-0.48954	0.026093
3.0438	-0.46444	0.017314
3.0438	-0.43933	0.0089641
3.0689	-0.58996	0.0091485
3.0689	-0.56485	0.012433
3.0689	-0.53975	0.014239
3.0689	-0.51464	0.013822
3.0689	-0.48954	0.011304
3.1691	-0.61506	0.01033
3.1691	-0.58996	0.01301
3.1691	-0.56485	0.013922
3.1691	-0.53975	0.012804
3.1691	-0.51464	0.010134
3.1942	-0.64017	0.013737
3.1942	-0.61506	0.021033
3.1942	-0.58996	0.026551
3.1942	-0.56485	0.028432
3.1942	-0.53975	0.026113
3.1942	-0.51464	0.020348
3.1942	-0.48954	0.01336
3.2192	-0.66527	0.0090217
3.2192	-0.64017	0.017323
3.2192	-0.61506	0.025999
3.2192	-0.58996	0.032404
3.2192	-0.56485	0.034191
3.2192	-0.53975	0.031082
3.2192	-0.51464	0.023698
3.2192	-0.48954	0.015057
3.2443	-0.64017	0.011803
3.2443	-0.61506	0.017648
3.2443	-0.58996	0.021942
3.2443	-0.56485	0.023236
3.2443	-0.53975	0.020972
3.2443	-0.51464	0.015936
3.2443	-0.48954	0.0099179
3.2693	-0.61506	0.0094489
3.2693	-0.58996	0.011953
3.2693	-0.56485	0.012883
3.2693	-0.53975	0.011781
3.2693	-0.51464	0.0090351
3.3695	-0.66527	0.0082428
3.3695	-0.64017	0.011016
3.3695	-0.61506	0.012093
3.3695	-0.58996	0.011299
3.3695	-0.56485	0.0089924
3.3946	-0.66527	0.011308
3.3946	-0.64017	0.015112
3.3946	-0.61506	0.016839
3.3946	-0.58996	0.015934
3.3946	-0.56485	0.012777
3.3946	-0.53975	0.0086395
3.4196	-0.66527	0.010451
3.4196	-0.64017	0.014181
3.4196	-0.61506	0.01611
3.4196	-0.58996	0.015513
3.4196	-0.56485	0.01269
3.4196	-0.53975	0.008688
3.4447	-0.66527	0.0087151
3.4447	-0.64017	0.0121
3.4447	-0.61506	0.014056
3.4447	-0.58996	0.013879
3.4447	-0.56485	0.011593
3.4447	-0.53975	0.0080195
3.4697	-0.64017	0.0095186
3.4697	-0.61506	0.011432
3.4697	-0.58996	0.011614
3.4697	-0.56485	0.0099146
3.595	-0.71548	0.007866
3.595	-0.69038	0.011966
3.595	-0.66527	0.014887
3.595	-0.64017	0.015608
3.595	-0.61506	0.014005
3.595	-0.58996	0.010692
3.62	-0.71548	0.011742
3.62	-0.69038	0.017893
3.62	-0.66527	0.02245
3.62	-0.64017	0.023906
3.62	-0.61506	0.021763
3.62	-0.58996	0.016831
3.62	-0.56485	0.010865
3.6451	-0.71548	0.011312
3.6451	-0.69038	0.017267
3.6451	-0.66527	0.021853
3.6451	-0.64017	0.023507
3.6451	-0.61506	0.021559
3.6451	-0.58996	0.016789
3.6451	-0.56485	0.010784
3.6701	-0.71548	0.0083902
3.6701	-0.69038	0.012935
3.6701	-0.66527	0.016624
3.6701	-0.64017	0.018149
3.6701	-0.61506	0.016945
3.6701	-0.58996	0.013327
3.6701	-0.56485	0.0085519
3.6952	-0.69038	0.0084019
3.6952	-0.66527	0.011051
3.6952	-0.64017	0.01236
3.6952	-0.61506	0.01176
3.6952	-0.58996	0.0093793
3.7954	-0.71548	0.010431
3.7954	-0.69038	0.011986
3.7954	-0.66527	0.011664
3.7954	-0.64017	0.0096769
3.8205	-0.74059	0.010378
3.8205	-0.71548	0.014583
3.8205	-0.69038	0.017071
3.8205	-0.66527	0.016951
3.8205	-0.64017	0.014317
3.8205	-0.61506	0.010201
3.8455	-0.74059	0.010776
3.8455	-0.71548	0.015318
3.8455	-0.69038	0.018237
3.8455	-0.66527	0.018392
3.8455	-0.64017	0.015793
3.8455	-0.61506	0.011368
3.8706	-0.74059	0.0084863
3.8706	-0.71548	0.012312
3.8706	-0.69038	0.014985
3.8706	-0.66527	0.015406
3.8706	-0.64017	0.013483
3.8706	-0.61506	0.0097888
3.8956	-0.69038	0.0086919
3.8956	-0.66527	0.0093022
3.8956	-0.64017	0.0084152
3.9708	-2.046	0.0089076
3.9708	-2.0209	0.009795
3.9708	-1.9958	0.009158
3.9958	-2.0711	0.0091468
3.9958	-2.046	0.011993
3.9958	-2.0209	0.013326
3.9958	-1.9958	0.012611
3.9958	-1.9707	0.010122
4.0209	-2.0711	0.010005
4.0209	-2.046	0.013207
4.0209	-2.0209	0.014782
4.0209	-1.9958	0.014142
4.0209	-1.9707	0.011373
4.0209	-0.74059	0.0098792
4.0209	-0.71548	0.011014
4.0209	-0.69038	0.01051
4.0209	-0.66527	0.0084464
4.0459	-2.0711	0.0088732
4.0459	-2.046	0.011829
4.0459	-2.0209	0.013404
4.0459	-1.9958	0.01291
4.0459	-1.9707	0.010437
4.0459	-0.74059	0.008837
4.0459	-0.71548	0.010354
4.0459	-0.69038	0.010279
4.0459	-0.66527	0.0086011
4.071	-2.046	0.0082756
4.071	-2.0209	0.0095874
4.071	-1.9958	0.009414
4.1461	-0.8159	0.011099
4.1461	-0.79079	0.015489
4.1461	-0.76569	0.017379
4.1461	-0.74059	0.016218
4.1461	-0.71548	0.012669
4.1461	-0.69038	0.0082453
4.1712	-0.841	0.0125
4.1712	-0.8159	0.023747
4.1712	-0.79079	0.034196
4.1712	-0.76569	0.040205
4.1712	-0.74059	0.039826
4.1712	-0.71548	0.033486
4.1712	-0.69038	0.024015
4.1712	-0.66527	0.014176
4.1962	-0.841	0.020628
4.1962	-0.8159	0.038635
4.1962	-0.79079	0.056146
4.1962	-0.76569	0.067248
4.1962	-0.74059	0.068249
4.1962	-0.71548	0.059132
4.1962	-0.69038	0.043363
4.1962	-0.66527	0.026502
4.1962	-0.64017	0.012578
4.2213	-2.0962	0.0091478
4.2213	-2.0711	0.010735
4.2213	-2.046	0.010748
4.2213	-2.0209	0.0090836
4.2213	-0.86611	0.01009
4.2213	-0.841	0.027405
4.2213	-0.8159	0.050766
4.2213	-0.79079	0.073878
4.2213	-0.76569	0.089086
4.2213	-0.74059	0.09164
4.2213	-0.71548	0.080333
4.2213	-0.69038	0.05975
4.2213	-0.66527	0.036596
4.2213	-0.64017	0.017329
4.2463	-2.0962	0.01024
4.2463	-2.0711	0.012253
4.2463	-2.046	0.012517
4.2463	-2.0209	0.01083
4.2463	-1.9958	0.0077057
4.2463	-0.86611	0.011521
4.2463	-0.841	0.029898
4.2463	-0.8159	0.054666
4.2463	-0.79079	0.079711
4.2463	-0.76569	0.096916
4.2463	-0.74059	0.10033
4.2463	-0.71548	0.088861
4.2463	-0.69038	0.066274
4.2463	-0.66527	0.040498
4.2463	-0.64017	0.018674
4.2714	-2.0962	0.0087473
4.2714	-2.0711	0.01074
4.2714	-2.046	0.01121
4.2714	-2.0209	0.0098606
4.2714	-0.86611	0.010353
4.2714	-0.841	0.025993
4.2714	-0.8159	0.047515
4.2714	-0.79079	0.069928
4.2714	-0.76569	0.085845
4.2714	-0.74059	0.090148
4.2714	-0.71548	0.080207
4.2714	-0.69038	0.060295
4.2714	-0.66527	0.036643
4.2714	-0.64017	0.016404
4.2965	-0.841	0.016684
4.2965	-0.8159	0.031225
4.2965	-0.79079	0.047198
4.2965	-0.76569	0.059507
4.2965	-0.74059	0.063899
4.2965	-0.71548	0.057975
4.2965	-0.69038	0.044039
4.2965	-0.66527	0.026696
4.2965	-0.64017	0.011536
4.3215	-0.8159	0.012627
4.3215	-0.79079	0.020835
4.3215	-0.76569	0.028288
4.3215	-0.74059	0.032156
4.3215	-0.71548	0.030676
4.3215	-0.69038	0.023933
4.3215	-0.66527	0.01469
4.3466	-0.74059	0.0078537
4.3466	-0.71548	0.0088166
4.3466	-0.69038	0.0077872
4.3967	-0.86611	0.012348
4.3967	-0.841	0.018589
4.3967	-0.8159	0.022058
4.3967	-0.79079	0.021501
4.3967	-0.76569	0.017425
4.3967	-0.74059	0.011661
4.4217	-2.1464	0.0086206
4.4217	-2.1213	0.010925
4.4217	-2.0962	0.011654
4.4217	-2.0711	0.010531
4.4217	-2.046	0.0079504
4.4217	-0.89121	0.011579
4.4217	-0.86611	0.024751
4.4217	-0.841	0.038701
4.4217	-0.8159	0.048684
4.4217	-0.79079	0.05117
4.4217	-0.76569	0.045518
4.4217	-0.74059	0.034287
4.4217	-0.71548	0.021455
4.4217	-0.69038	0.010687
4.4217	0.48954	0.0087591
4.4217	0.51464	0.0097243
4.4217	0.53975	0.0091275
4.4468	-2.1464	0.010715
4.4468	-2.1213	0.013892
4.4468	-2.0962	0.01526
4.4468	-2.0711	0.014194
4.4468	-2.046	0.011044
4.4468	-0.89121	0.016642
4.4468	-0.86611	0.035057
4.4468	-0.841	0.055578
4.4468	-0.8159	0.071637
4.4468	-0.79079	0.077684
4.4468	-0.76569	0.071715
4.4468	-0.74059	0.056232
4.4468	-0.71548	0.03677
4.4468	-0.69038	0.018983
4.4468	0.46444	0.008424
4.4468	0.48954	0.011406
4.4468	0.51464	0.012741
4.4468	0.53975	0.012123
4.4468	0.56485	0.0097991
4.4718	-2.1464	0.0099631
4.4718	-2.1213	0.013238
4.4718	-2.0962	0.014915
4.4718	-2.0711	0.014195
4.4718	-2.046	0.011249
4.4718	-0.89121	0.018173
4.4718	-0.86611	0.037829
4.4718	-0.841	0.060444
4.4718	-0.8159	0.079241
4.4718	-0.79079	0.087693
4.4718	-0.76569	0.082788
4.4718	-0.74059	0.0663
4.4718	-0.71548	0.04402
4.4718	-0.69038	0.022909
4.4718	-0.66527	0.0082002
4.4718	0.46444	0.0089966
4.4718	0.48954	0.012178
4.4718	0.51464	0.01373
4.4718	0.53975	0.013146
4.4718	0.56485	0.010708
4.4969	-2.1213	0.0089561
4.4969	-2.0962	0.010549
4.4969	-2.0711	0.010399
4.4969	-2.046	0.0084801
4.4969	-0.89121	0.014559
4.4969	-0.86611	0.030581
4.4969	-0.841	0.049823
4.4969	-0.8159	0.066841
4.4969	-0.79079	0.075799
4.4969	-0.76569	0.073143
4.4969	-0.74059	0.059733
4.4969	-0.71548	0.040058
4.4969	-0.69038	0.020857
4.4969	0.46444	0.0077306
4.4969	0.48954	0.010568
4.4969	0.51464	0.012024
4.4969	0.53975	0.011637
4.4969	0.56485	0.0095843
4.5219	-0.86611	0.016359
4.5219	-0.841	0.02814
4.5219	-0.8159	0.039924
4.5219	-0.79079	0.047418
4.5219	-0.76569	0.04776
4.5219	-0.74059	0.040196
4.5219	-0.71548	0.027654
4.5219	-0.69038	0.014452
4.5219	0.51464	0.0082262
4.5219	0.53975	0.0081538
4.547	-0.8159	0.012464
4.547	-0.79079	0.017119
4.547	-0.76569	0.019217
4.547	-0.74059	0.017724
4.547	-0.71548	0.013023
4.5971	-2.1967	0.0083901
4.5971	-2.1715	0.011224
4.5971	-2.1464	0.012423
4.5971	-2.1213	0.011537
4.5971	-2.0962	0.0089987
4.5971	-0.89121	0.011706
4.5971	-0.86611	0.014763
4.5971	-0.841	0.014636
4.5971	-0.8159	0.011734
4.6221	-2.2218	0.0092522
4.6221	-2.1967	0.015875
4.6221	-2.1715	0.021882
4.6221	-2.1464	0.02531
4.6221	-2.1213	0.0248
4.6221	-2.0962	0.020583
4.6221	-2.0711	0.014204
4.6221	-2.046	0.0077232
4.6221	-0.91632	0.016969
4.6221	-0.89121	0.030469
4.6221	-0.86611	0.042111
4.6221	-0.841	0.047237
4.6221	-0.8159	0.044251
4.6221	-0.79079	0.034882
4.6221	-0.76569	0.02278
4.6221	-0.74059	0.011986
4.6472	-2.2218	0.012867
4.6472	-2.1967	0.022189
4.6472	-2.1715	0.031143
4.6472	-2.1464	0.036813
4.6472	-2.1213	0.036984
4.6472	-2.0962	0.031442
4.6472	-2.0711	0.022211
4.6472	-2.046	0.012346
4.6472	-0.94142	0.010269
4.6472	-0.91632	0.027787
4.6472	-0.89121	0.050429
4.6472	-0.86611	0.071597
4.6472	-0.841	0.083618
4.6472	-0.8159	0.082522
4.6472	-0.79079	0.068995
4.6472	-0.76569	0.048394
4.6472	-0.74059	0.027618
4.6472	-0.71548	0.011945
4.6722	-2.2218	0.013749
4.6722	-2.1967	0.023933
4.6722	-2.1715	0.0341
4.6722	-2.1464	0.041097
4.6722	-2.1213	0.041993
4.6722	-2.0962	0.036367
4.6722	-2.0711	0.025911
4.6722	-2.046	0.014389
4.6722	-0.94142	0.012838
4.6722	-0.91632	0.033477
4.6722	-0.89121	0.061018
4.6722	-0.86611	0.087954
4.6722	-0.841	0.10507
4.6722	-0.8159	0.10658
4.6722	-0.79079	0.091724
4.6722	-0.76569	0.066216
4.6722	-0.74059	0.038791
4.6722	-0.71548	0.016928
4.6722	0.43933	0.0089027
4.6722	0.46444	0.010648
4.6722	0.48954	0.010706
4.6722	0.51464	0.0091136
4.6973	-2.2218	0.010688
4.6973	-2.1967	0.019196
4.6973	-2.1715	0.028155
4.6973	-2.1464	0.034938
4.6973	-2.1213	0.036576
4.6973	-2.0962	0.032339
4.6973	-2.0711	0.023405
4.6973	-2.046	0.012861
4.6973	-0.94142	0.011529
4.6973	-0.91632	0.029601
4.6973	-0.89121	0.054707
4.6973	-0.86611	0.080703
4.6973	-0.841	0.099085
4.6973	-0.8159	0.10295
4.6973	-0.79079	0.090925
4.6973	-0.76569	0.066869
4.6973	-0.74059	0.039535
4.6973	-0.71548	0.017128
4.6973	0.43933	0.0095922
4.6973	0.46444	0.011679
4.6973	0.48954	0.011949
4.6973	0.51464	0.010422
4.7223	-2.1967	0.0093595
4.7223	-2.1715	0.015039
4.7223	-2.1464	0.020051
4.7223	-2.1213	0.022352
4.7223	-2.0962	0.02067
4.7223	-2.0711	0.015424
4.7223	-2.046	0.008572
4.7223	-0.91632	0.01687
4.7223	-0.89121	0.033002
4.7223	-0.86611	0.05135
4.7223	-0.841	0.066186
4.7223	-0.8159	0.071998
4.7223	-0.79079	0.065938
4.7223	-0.76569	0.049811
4.7223	-0.74059	0.029834
4.7223	-0.71548	0.012671
4.7223	0.43933	0.0078339
4.7223	0.46444	0.0097269
4.7223	0.48954	0.010225
4.7223	0.51464	0.0091038
4.7474	-0.89121	0.0085156
4.7474	-0.86611	0.016212
4.7474	-0.841	0.024416
4.7474	-0.8159	0.030004
4.7474	-0.79079	0.030258
4.7474	-0.76569	0.024293
4.7474	-0.74059	0.015261
4.7975	-2.272	0.0097892
4.7975	-2.2469	0.018549
4.7975	-2.2218	0.026442
4.7975	-2.1967	0.03015
4.7975	-2.1715	0.028502
4.7975	-2.1464	0.022299
4.7975	-2.1213	0.014265
4.7975	-0.96653	0.0079247
4.7975	-0.94142	0.016946
4.7975	-0.91632	0.024576
4.7975	-0.89121	0.027312
4.7975	-0.86611	0.024153
4.7975	-0.841	0.017358
4.7975	-0.8159	0.0096455
4.8225	-2.2971	0.0090072
4.8225	-2.272	0.02624
4.8225	-2.2469	0.050053
4.8225	-2.2218	0.073189
4.8225	-2.1967	0.088263
4.8225	-2.1715	0.089493
4.8225	-2.1464	0.076798
4.8225	-2.1213	0.055428
4.8225	-2.0962	0.032446
4.8225	-2.0711	0.014256
4.8225	-1.1172	0.0095328
4.8225	-1.0921	0.012257
4.8225	-1.0669	0.0098464
4.8225	-0.96653	0.021839
4.8225	-0.94142	0.047824
4.8225	-0.91632	0.074279
4.8225	-0.89121	0.091647
4.8225	-0.86611	0.093349
4.8225	-0.841	0.079871
4.8225	-0.8159	0.057836
4.8225	-0.79079	0.034259
4.8225	-0.76569	0.01631
4.8476	-2.2971	0.019494
4.8476	-2.272	0.053152
4.8476	-2.2469	0.099607
4.8476	-2.2218	0.14682
4.8476	-2.1967	0.17933
4.8476	-2.1715	0.18611
4.8476	-2.1464	0.1642
4.8476	-2.1213	0.12209
4.8476	-2.0962	0.073828
4.8476	-2.0711	0.033844
4.8476	-2.046	0.009506
4.8476	-1.1172	0.0119
4.8476	-1.0921	0.014824
4.8476	-1.0669	0.011412
4.8476	-0.99163	0.010378
4.8476	-0.96653	0.041074
4.8476	-0.94142	0.087591
4.8476	-0.91632	0.13882
4.8476	-0.89121	0.1766
4.8476	-0.86611	0.18835
4.8476	-0.841	0.17059
4.8476	-0.8159	0.13112
4.8476	-0.79079	0.084113
4.8476	-0.76569	0.043004
4.8476	-0.74059	0.015915
4.8727	-2.4226	0.0093723
4.8727	-2.3975	0.0086812
4.8727	-2.2971	0.035164
4.8727	-2.272	0.090067
4.8727	-2.2469	0.1653
4.8727	-2.2218	0.24184
4.8727	-2.1967	0.29603
4.8727	-2.1715	0.30811
4.8727	-2.1464	0.27351
4.8727	-2.1213	0.20374
4.8727	-2.0962	0.12357
4.8727	-2.0711	0.055452
4.8727	-2.046	0.014297
4.8727	-1.9707	0.010762
4.8727	-1.9456	0.013752
4.8727	-1.9205	0.0108
4.8727	-1.1172	0.011254
4.8727	-1.0921	0.013643
4.8727	-1.0669	0.010035
4.8727	-0.99163	0.016081
4.8727	-0.96653	0.057044
4.8727	-0.94142	0.12056
4.8727	-0.91632	0.19191
4.8727	-0.89121	0.24817
4.8727	-0.86611	0.27082
4.8727	-0.841	0.25111
4.8727	-0.8159	0.19814
4.8727	-0.79079	0.13012
4.8727	-0.76569	0.067822
4.8727	-0.74059	0.024889
4.8727	0.38912	0.0084621
4.8727	0.41423	0.011185
4.8727	0.43933	0.01209
4.8727	0.46444	0.011024
4.8727	0.48954	0.0085169
4.8977	-2.4477	0.0079532
4.8977	-2.4226	0.011067
4.8977	-2.3975	0.0095671
4.8977	-2.3222	0.012516
4.8977	-2.2971	0.05477
4.8977	-2.272	0.13324
4.8977	-2.2469	0.2388
4.8977	-2.2218	0.34525
4.8977	-2.1967	0.4197
4.8977	-2.1715	0.43551
4.8977	-2.1464	0.38505
4.8977	-2.1213	0.28577
4.8977	-2.0962	0.17017
4.8977	-2.0711	0.073859
4.8977	-2.046	0.016592
4.8977	-1.9958	0.0081844
4.8977	-1.9707	0.021193
4.8977	-1.9456	0.025693
4.8977	-1.9205	0.019542
4.8977	-1.8954	0.0088731
4.8977	-1.7699	0.0077187
4.8977	-1.0921	0.0089954
4.8977	-0.99163	0.018391
4.8977	-0.96653	0.060793
4.8977	-0.94142	0.12755
4.8977	-0.91632	0.20464
4.8977	-0.89121	0.26931
4.8977	-0.86611	0.29858
4.8977	-0.841	0.28258
4.8977	-0.8159	0.22647
4.8977	-0.79079	0.15046
4.8977	-0.76569	0.078374
4.8977	-0.74059	0.027694
4.8977	-0.64017	0.010586
4.8977	-0.61506	0.010346
4.8977	0.38912	0.010159
4.8977	0.41423	0.013591
4.8977	0.43933	0.015069
4.8977	0.46444	0.01411
4.8977	0.48954	0.011203
4.9228	-2.4477	0.0089689
4.9228	-2.4226	0.011783
4.9228	-2.3975	0.0092868
4.9228	-2.3222	0.019627
4.9228	-2.2971	0.075864
4.9228	-2.272	0.17624
4.9228	-2.2469	0.30763
4.9228	-2.2218	0.43847
4.9228	-2.1967	0.52839
4.9228	-2.1715	0.54352
4.9228	-2.1464	0.47719
4.9228	-2.1213	0.34884
4.9228	-2.0962	0.20326
4.9228	-2.0711	0.083554
4.9228	-2.046	0.015587
4.9228	-1.9958	0.015579
4.9228	-1.9707	0.03431
4.9228	-1.9456	0.039247
4.9228	-1.9205	0.028477
4.9228	-1.8954	0.011901
4.9228	-1.8201	0.0081894
4.9228	-1.795	0.014219
4.9228	-1.7699	0.014589
4.9228	-1.7448	0.0094207
4.9228	-0.99163	0.014166
4.9228	-0.96653	0.046203
4.9228	-0.94142	0.097962
4.9228	-0.91632	0.16154
4.9228	-0.89121	0.21907
4.9228	-0.86611	0.2505
4.9228	-0.841	0.24294
4.9228	-0.8159	0.19944
4.9228	-0.79079	0.13392
4.9228	-0.76569	0.069493
4.9228	-0.74059	0.023384
4.9228	-0.66527	0.0085852
4.9228	-0.64017	0.013963
4.9228	-0.61506	0.013253
4.9228	-0.58996	0.0079982
4.9228	0.38912	0.0090268
4.9228	0.41423	0.01234
4.9228	0.43933	0.014025
4.9228	0.46444	0.013477
4.9228	0.48954	0.010963
4.9478	-2.4477	0.0091674
4.9478	-2.4226	0.011254
4.9478	-2.3975	0.0081014
4.9478	-2.3222	0.027081
4.9478	-2.2971	0.094245
4.9478	-2.272	0.20903
4.9478	-2.2469	0.35765
4.9478	-2.2218	0.50282
4.9478	-2.1967	0.59953
4.9478	-2.1715	0.61068
4.9478	-2.1464	0.52918
4.9478	-2.1213	0.38104
4.9478	-2.0962	0.21504
4.9478	-2.0711	0.083072
4.9478	-2.046	0.012428
4.9478	-1.9958	0.024698
4.9478	-1.9707	0.048121
4.9478	-1.9456	0.051594
4.9478	-1.9205	0.035352
4.9478	-1.8954	0.013293
4.9478	-1.8201	0.014224
4.9478	-1.795	0.022944
4.9478	-1.7699	0.022283
4.9478	-1.7448	0.013478
4.9478	-1.6444	0.0082107
4.9478	-1.6192	0.01066
4.9478	-1.5941	0.0082597
4.9478	-0.96653	0.018103
4.9478	-0.94142	0.042796
4.9478	-0.91632	0.078483
4.9478	-0.89121	0.11628
4.9478	-0.86611	0.14262
4.9478	-0.841	0.14691
4.9478	-0.8159	0.12634
4.9478	-0.79079	0.087801
4.9478	-0.76569	0.045999
4.9478	-0.74059	0.014685
4.9478	-0.66527	0.0092704
4.9478	-0.64017	0.014096
4.9478	-0.61506	0.013026
4.9478	0.41423	0.0078157
4.9478	0.43933	0.0093017
4.9478	0.46444	0.0093381
4.9478	0.48954	0.007862
4.9729	-2.4477	0.0084283
4.9729	-2.4226	0.0096966
4.9729	-2.3222	0.033359
4.9729	-2.2971	0.10589
4.9729	-2.272	0.22606
4.9729	-2.2469	0.37829
4.9729	-2.2218	0.52442
4.9729	-2.1967	0.61803
4.9729	-2.1715	0.62305
4.9729	-2.1464	0.53191
4.9729	-2.1213	0.37588
4.9729	-2.0962	0.20476
4.9729	-2.0711	0.072768
4.9729	-2.046	0.008169
4.9729	-1.9958	0.03447
4.9729	-1.9707	0.059524
4.9729	-1.9456	0.060285
4.9729	-1.9205	0.0387
4.9729	-1.8954	0.012667
4.9729	-1.8201	0.021571
4.9729	-1.795	0.031981
4.9729	-1.7699	0.029244
4.9729	-1.7448	0.0163
4.9729	-1.6444	0.014826
4.9729	-1.6192	0.018032
4.9729	-1.5941	0.013382
4.9729	-1.4937	0.0089791
4.9729	-1.4686	0.013862
4.9729	-1.4435	0.012932
4.9729	-1.318	0.0089649
4.9729	-1.2929	0.010865
4.9729	-1.2678	0.0082489
4.9729	-0.89121	0.018706
4.9729	-0.86611	0.032355
4.9729	-0.841	0.042562
4.9729	-0.8159	0.043185
4.9729	-0.79079	0.033903
4.9729	-0.76569	0.019225
4.9729	-0.64017	0.010456
4.9729	-0.61506	0.0094786
4.9979	-2.3222	0.03659
4.9979	-2.2971	0.10742
4.9979	-2.272	0.22158
4.9979	-2.2469	0.36421
4.9979	-2.2218	0.49779
4.9979	-2.1967	0.57968
4.9979	-2.1715	0.57824
4.9979	-2.1464	0.48684
4.9979	-2.1213	0.33622
4.9979	-2.0962	0.17562
4.9979	-2.0711	0.05634
4.9979	-2.0209	0.0092557
4.9979	-1.9958	0.042017
4.9979	-1.9707	0.066016
4.9979	-1.9456	0.062814
4.9979	-1.9205	0.037545
4.9979	-1.8954	0.01043
4.9979	-1.8452	0.010047
4.9979	-1.8201	0.02856
4.9979	-1.795	0.039308
4.9979	-1.7699	0.033825
4.9979	-1.7448	0.017192
4.9979	-1.6695	0.01071
4.9979	-1.6444	0.022486
4.9979	-1.6192	0.025534
4.9979	-1.5941	0.017961
4.9979	-1.4937	0.015773
4.9979	-1.4686	0.023059
4.9979	-1.4435	0.020844
4.9979	-1.4184	0.010857
4.9979	-1.3431	0.0094899
4.9979	-1.318	0.019802
4.9979	-1.2929	0.023486
4.9979	-1.2678	0.017463
4.9979	-1.1674	0.013197
4.9979	-1.1423	0.022286
4.9979	-1.1172	0.022718
4.9979	-1.0921	0.014077
4.9979	-0.99163	0.02213
4.9979	-0.96653	0.035899
4.9979	-0.94142	0.038348
4.9979	-0.91632	0.031442
4.9979	-0.89121	0.018339
5.023	-2.3222	0.03528
5.023	-2.2971	0.098012
5.023	-2.272	0.19657
5.023	-2.2469	0.31751
5.023	-2.2218	0.4288
5.023	-2.1967	0.4945
5.023	-2.1715	0.48758
5.023	-2.1464	0.40475
5.023	-2.1213	0.27312
5.023	-2.0962	0.13607
5.023	-2.0711	0.038737
5.023	-2.0209	0.013223
5.023	-1.9958	0.04581
5.023	-1.9707	0.066228
5.023	-1.9456	0.059204
5.023	-1.9205	0.03267
5.023	-1.8452	0.013941
5.023	-1.8201	0.033789
5.023	-1.795	0.043327
5.023	-1.7699	0.034934
5.023	-1.7448	0.016032
5.023	-1.6695	0.015928
5.023	-1.6444	0.029718
5.023	-1.6192	0.03189
5.023	-1.5941	0.020766
5.023	-1.5188	0.0087159
5.023	-1.4937	0.023818
5.023	-1.4686	0.032933
5.023	-1.4435	0.028192
5.023	-1.4184	0.013434
5.023	-1.3431	0.017919
5.023	-1.318	0.034657
5.023	-1.2929	0.039562
5.023	-1.2678	0.02805
5.023	-1.2427	0.0095213
5.023	-1.1925	0.0092949
5.023	-1.1674	0.031958
5.023	-1.1423	0.051571
5.023	-1.1172	0.051714
5.023	-1.0921	0.030937
5.023	-1.0167	0.034181
5.023	-0.99163	0.099658
5.023	-0.96653	0.17611
5.023	-0.94142	0.22671
5.023	-0.91632	0.23924
5.023	-0.89121	0.20814
5.023	-0.86611	0.15018
5.023	-0.841	0.089342
5.023	-0.8159	0.042143
5.023	-0.79079	0.01396
5.048	-2.3222	0.030172
5.048	-2.2971	0.079237
5.048	-2.272	0.15552
5.048	-2.2469	0.24802
5.048	-2.2218	0.33229
5.048	-2.1967	0.38076
5.048	-2.1715	0.37144
5.048	-2.1464	0.30399
5.048	-2.1213	0.19965
5.048	-2.0962	0.094954
5.048	-2.0711	0.023238
5.048	-2.0209	0.016015
5.048	-1.9958	0.044732
5.048	-1.9707	0.059631
5.048	-1.9456	0.050316
5.048	-1.9205	0.025278
5.048	-1.8452	0.016897
5.048	-1.8201	0.036039
5.048	-1.795	0.042997
5.048	-1.7699	0.032411
5.048	-1.7448	0.013097
5.048	-1.6695	0.020601
5.048	-1.6444	0.034899
5.048	-1.6192	0.035152
5.048	-1.5941	0.021191
5.048	-1.5188	0.013088
5.048	-1.4937	0.031809
5.048	-1.4686	0.041338
5.048	-1.4435	0.033267
5.048	-1.4184	0.01424
5.048	-1.3431	0.028998
5.048	-1.318	0.051771
5.048	-1.2929	0.056004
5.048	-1.2678	0.037192
5.048	-1.2427	0.010397
5.048	-1.1925	0.020328
5.048	-1.1674	0.060368
5.048	-1.1423	0.092025
5.048	-1.1172	0.088556
5.048	-1.0921	0.049847
5.048	-1.0418	0.010679
5.048	-1.0167	0.09713
5.048	-0.99163	0.2617
5.048	-0.96653	0.45971
5.048	-0.94142	0.62233
5.048	-0.91632	0.69156
5.048	-0.89121	0.64812
5.048	-0.86611	0.51426
5.048	-0.841	0.3426
5.048	-0.8159	0.18765
5.048	-0.79079	0.07845
5.048	-0.76569	0.021342
5.048	0.33891	0.0084533
5.048	0.36402	0.012273
5.048	0.38912	0.01403
5.048	0.41423	0.013259
5.048	0.43933	0.010503
5.0731	-2.3222	0.021914
5.0731	-2.2971	0.05576
5.0731	-2.272	0.10786
5.0731	-2.2469	0.17012
5.0731	-2.2218	0.22767
5.0731	-2.1967	0.25965
5.0731	-2.1715	0.25189
5.0731	-2.1464	0.20361
5.0731	-2.1213	0.13091
5.0731	-2.0962	0.058546
5.0731	-2.0711	0.011849
5.0731	-2.0209	0.016229
5.0731	-1.9958	0.038811
5.0731	-1.9707	0.048455
5.0731	-1.9456	0.03839
5.0731	-1.9205	0.017624
5.0731	-1.8452	0.018027
5.0731	-1.8201	0.034517
5.0731	-1.795	0.038641
5.0731	-1.7699	0.027083
5.0731	-1.7448	0.0092978
5.0731	-1.6695	0.023759
5.0731	-1.6444	0.036879
5.0731	-1.6192	0.034876
5.0731	-1.5941	0.019296
5.0731	-1.5188	0.017345
5.0731	-1.4937	0.03792
5.0731	-1.4686	0.046222
5.0731	-1.4435	0.034835
5.0731	-1.4184	0.012963
5.0731	-1.3682	0.011093
5.0731	-1.3431	0.040941
5.0731	-1.318	0.067679
5.0731	-1.2929	0.069403
5.0731	-1.2678	0.042425
5.0731	-1.2427	0.0092406
5.0731	-1.1925	0.036661
5.0731	-1.1674	0.096109
5.0731	-1.1423	0.13805
5.0731	-1.1172	0.12561
5.0731	-1.0921	0.063586
5.0731	-1.0418	0.030224
5.0731	-1.0167	0.20352
5.0731	-0.99163	0.52179
5.0731	-0.96653	0.90434
5.0731	-0.94142	1.229
5.0731	-0.91632	1.3867
5.0731	-0.89121	1.3278
5.0731	-0.86611	1.0829
5.0731	-0.841	0.74266
5.0731	-0.8159	0.42348
5.0731	-0.79079	0.18216
5.0731	-0.76569	0.048576
5.0731	-0.69038	0.014147
5.0731	-0.66527	0.017967
5.0731	-0.64017	0.01347
5.0731	0.33891	0.015284
5.0731	0.36402	0.022621
5.0731	0.38912	0.026852
5.0731	0.41423	0.026453
5.0731	0.43933	0.02211
5.0731	0.46444	0.015659
5.0731	0.48954	0.0092409
5.0981	-2.3222	0.012803
5.0981	-2.2971	0.032214
5.0981	-2.272	0.062245
5.0981	-2.2469	0.099096
5.0981	-2.2218	0.13293
5.0981	-2.1967	0.15235
5.0981	-2.1715	0.14757
5.0981	-2.1464	0.11839
5.0981	-2.1213	0.074386
5.0981	-2.0962	0.031248
5.0981	-2.0209	0.014129
5.0981	-1.9958	0.029727
5.0981	-1.9707	0.034916
5.0981	-1.9456	0.026047
5.0981	-1.9205	0.010531
5.0981	-1.8452	0.017075
5.0981	-1.8201	0.029749
5.0981	-1.795	0.031245
5.0981	-1.7699	0.020241
5.0981	-1.6946	0.0084158
5.0981	-1.6695	0.024453
5.0981	-1.6444	0.035117
5.0981	-1.6192	0.031186
5.0981	-1.5941	0.015682
5.0981	-1.5188	0.02048
5.0981	-1.4937	0.040611
5.0981	-1.4686	0.046524
5.0981	-1.4435	0.032623
5.0981	-1.4184	0.010258
5.0981	-1.3682	0.016672
5.0981	-1.3431	0.05141
5.0981	-1.318	0.079209
5.0981	-1.2929	0.075988
5.0981	-1.2678	0.042448
5.0981	-1.1925	0.057068
5.0981	-1.1674	0.13326
5.0981	-1.1423	0.1805
5.0981	-1.1172	0.15435
5.0981	-1.0921	0.068064
5.0981	-1.0418	0.06952
5.0981	-1.0167	0.36539
5.0981	-0.99163	0.87465
5.0981	-0.96653	1.4784
5.0981	-0.94142	1.9975
5.0981	-0.91632	2.255
5.0981	-0.89121	2.1682
5.0981	-0.86611	1.7811
5.0981	-0.841	1.2355
5.0981	-0.8159	0.69525
5.0981	-0.79079	0.29424
5.0981	-0.76569	0.074917
5.0981	-0.71548	0.011812
5.0981	-0.69038	0.03696
5.0981	-0.66527	0.045801
5.0981	-0.64017	0.034415
5.0981	-0.61506	0.015945
5.0981	0.31381	0.010493
5.0981	0.33891	0.02092
5.0981	0.36402	0.03103
5.0981	0.38912	0.037344
5.0981	0.41423	0.037636
5.0981	0.43933	0.032199
5.0981	0.46444	0.023445
5.0981	0.48954	0.014191
5.1232	-2.2971	0.013638
5.1232	-2.272	0.027147
5.1232	-2.2469	0.044665
5.1232	-2.2218	0.061524
5.1232	-2.1967	0.072029
5.1232	-2.1715	0.070843
5.1232	-2.1464	0.056942
5.1232	-2.1213	0.035314
5.1232	-2.0962	0.01386
5.1232	-2.0209	0.010348
5.1232	-1.9958	0.019655
5.1232	-1.9707	0.021869
5.1232	-1.9456	0.015344
5.1232	-1.8452	0.014081
5.1232	-1.8201	0.022571
5.1232	-1.795	0.022393
5.1232	-1.7699	0.013379
5.1232	-1.6946	0.0089893
5.1232	-1.6695	0.022506
5.1232	-1.6444	0.030087
5.1232	-1.6192	0.02509
5.1232	-1.5941	0.011286
5.1232	-1.5188	0.021595
5.1232	-1.4937	0.039286
5.1232	-1.4686	0.042374
5.1232	-1.4435	0.027383
5.1232	-1.3682	0.021583
5.1232	-1.3431	0.058032
5.1232	-1.318	0.083223
5.1232	-1.2929	0.075267
5.1232	-1.2678	0.037427
5.1232	-1.2176	0.012615
5.1232	-1.1925	0.077992
5.1232	-1.1674	0.1651
5.1232	-1.1423	0.2099
5.1232	-1.1172	0.1676
5.1232	-1.0921	0.061655
5.1232	-1.0418	0.13222
5.1232	-1.0167	0.56355
5.1232	-0.99163	1.278
5.1232	-0.96653	2.1108
5.1232	-0.94142	2.8157
5.1232	-0.91632	3.1592
5.1232	-0.89121	3.0244
5.1232	-0.86611	2.4798
5.1232	-0.841	1.7067
5.1232	-0.8159	0.95011
5.1232	-0.79079	0.39019
5.1232	-0.76569	0.087472
5.1232	-0.71548	0.028224
5.1232	-0.69038	0.072861
5.1232	-0.66527	0.084835
5.1232	-0.64017	0.061738
5.1232	-0.61506	0.027158
5.1232	-0.53975	0.0079279
5.1232	-0.51464	0.014819
5.1232	-0.48954	0.015171
5.1232	-0.46444	0.0099002
5.1232	0.31381	0.011137
5.1232	0.33891	0.02194
5.1232	0.36402	0.032801
5.1232	0.38912	0.040064
5.1232	0.41423	0.041033
5.1232	0.43933	0.035834
5.1232	0.46444	0.026478
5.1232	0.48954	0.016216
5.1232	0.51464	0.0078094
5.1482	-2.2469	0.012473
5.1482	-2.2218	0.018557
5.1482	-2.1967	0.023401
5.1482	-2.1715	0.024381
5.1482	-2.1464	0.020328
5.1482	-2.1213	0.012676
5.1482	-1.9958	0.010712
5.1482	-1.9707	0.011406
5.1482	-1.8452	0.010059
5.1482	-1.8201	0.015041
5.1482	-1.795	0.014089
5.1482	-1.6946	0.0082664
5.1482	-1.6695	0.018356
5.1482	-1.6444	0.023016
5.1482	-1.6192	0.018006
5.1482	-1.5188	0.020319
5.1482	-1.4937	0.034236
5.1482	-1.4686	0.034777
5.1482	-1.4435	0.020536
5.1482	-1.3682	0.024664
5.1482	-1.3431	0.058768
5.1482	-1.318	0.078968
5.1482	-1.2929	0.066622
5.1482	-1.2678	0.028961
5.1482	-1.2176	0.020552
5.1482	-1.1925	0.094858
5.1482	-1.1674	0.18363
5.1482	-1.1423	0.21944
5.1482	-1.1172	0.16168
5.1482	-1.0921	0.047196
5.1482	-1.0418	0.2093
5.1482	-1.0167	0.77103
5.1482	-0.99163	1.6636
5.1482	-0.96653	2.6826
5.1482	-0.94142	3.5314
5.1482	-0.91632	3.9213
5.1482	-0.89121	3.7275
5.1482	-0.86611	3.0298
5.1482	-0.841	2.064
5.1482	-0.8159	1.1249
5.1482	-0.79079	0.43805
5.1482	-0.76569	0.085733
5.1482	-0.71548	0.053857
5.1482	-0.69038	0.11783
5.1482	-0.66527	0.12881
5.1482	-0.64017	0.089311
5.1482	-0.61506	0.036434
5.1482	-0.53975	0.017064
5.1482	-0.51464	0.029168
5.1482	-0.48954	0.02856
5.1482	-0.46444	0.017813
5.1482	0.31381	0.008319
5.1482	0.33891	0.016679
5.1482	0.36402	0.025686
5.1482	0.38912	0.032235
5.1482	0.41423	0.034071
5.1482	0.43933	0.030536
5.1482	0.46444	0.023041
5.1482	0.48954	0.014269
5.1733	-1.8201	0.0083822
5.1733	-1.6695	0.013063
5.1733	-1.6444	0.015521
5.1733	-1.6192	0.011377
5.1733	-1.5188	0.016904
5.1733	-1.4937	0.026612
5.1733	-1.4686	0.025555
5.1733	-1.4435	0.013568
5.1733	-1.3682	0.024832
5.1733	-1.3431	0.053403
5.1733	-1.318	0.067584
5.1733	-1.2929	0.052802
5.1733	-1.2678	0.019599
5.1733	-1.2176	0.027864
5.1733	-1.1925	0.10308
5.1733	-1.1674	0.18458
5.1733	-1.1423	0.2076
5.1733	-1.1172	0.13926
5.1733	-1.0921	0.029654
5.1733	-1.0669	0.019903
5.1733	-1.0418	0.28868
5.1733	-1.0167	0.94764
5.1733	-0.99163	1.9533
5.1733	-0.96653	3.0775
5.1733	-0.94142	3.994
5.1733	-0.91632	4.3889
5.1733	-0.89121	4.1345
5.1733	-0.86611	3.3246
5.1733	-0.841	2.2271
5.1733	-0.8159	1.1791
5.1733	-0.79079	0.43286
5.1733	-0.76569	0.067018
5.1733	-0.71548	0.086091
5.1733	-0.69038	0.16405
5.1733	-0.66527	0.16873
5.1733	-0.64017	0.11038
5.1733	-0.61506	0.040799
5.1733	-0.53975	0.030013
5.1733	-0.51464	0.046791
5.1733	-0.48954	0.04358
5.1733	-0.46444	0.025473
5.1733	-0.36402	0.010672
5.1733	-0.33891	0.013412
5.1733	-0.31381	0.010129
5.1733	0.36402	0.012321
5.1733	0.38912	0.016931
5.1733	0.41423	0.019211
5.1733	0.43933	0.018248
5.1733	0.46444	0.014393
5.1733	0.48954	0.0092049
5.1983	-1.6695	0.0078552
5.1983	-1.6444	0.008919
5.1983	-1.5188	0.012193
5.1983	-1.4937	0.018129
5.1983	-1.4686	0.016485
5.1983	-1.4435	0.0077839
5.1983	-1.3682	0.021922
5.1983	-1.3431	0.043234
5.1983	-1.318	0.051617
5.1983	-1.2929	0.037393
5.1983	-1.2678	0.011311
5.1983	-1.2176	0.031451
5.1983	-1.1925	0.10021
5.1983	-1.1674	0.16721
5.1983	-1.1423	0.17634
5.1983	-1.1172	0.10633
5.1983	-1.0921	0.013681
5.1983	-1.0669	0.039728
5.1983	-1.0418	0.35443
5.1983	-1.0167	1.0522
5.1983	-0.99163	2.0831
5.1983	-0.96653	3.2126
5.1983	-0.94142	4.1105
5.1983	-0.91632	4.4639
5.1983	-0.89121	4.1671
5.1983	-0.86611	3.302
5.1983	-0.841	2.1721
5.1983	-0.8159	1.111
5.1983	-0.79079	0.37865
5.1983	-0.76569	0.044998
5.1983	-0.74059	0.014904
5.1983	-0.71548	0.11943
5.1983	-0.69038	0.20193
5.1983	-0.66527	0.1951
5.1983	-0.64017	0.1201
5.1983	-0.61506	0.039067
5.1983	-0.56485	0.012493
5.1983	-0.53975	0.04511
5.1983	-0.51464	0.064552
5.1983	-0.48954	0.056727
5.1983	-0.46444	0.030742
5.1983	-0.38912	0.0081109
5.1983	-0.36402	0.019084
5.1983	-0.33891	0.022589
5.1983	-0.31381	0.016228
5.1983	-0.18828	0.011086
5.1983	-0.16318	0.010021
5.2234	-2.2971	0.008143
5.2234	-2.272	0.01057
5.2234	-2.2469	0.011378
5.2234	-2.2218	0.010295
5.2234	-2.1967	0.007751
5.2234	-1.4937	0.010537
5.2234	-1.4686	0.0090842
5.2234	-1.3682	0.016763
5.2234	-1.3431	0.030749
5.2234	-1.318	0.034697
5.2234	-1.2929	0.023116
5.2234	-1.2176	0.030928
5.2234	-1.1925	0.086918
5.2234	-1.1674	0.13516
5.2234	-1.1423	0.1337
5.2234	-1.1172	0.071009
5.2234	-1.0669	0.058522
5.2234	-1.0418	0.38146
5.2234	-1.0167	1.0565
5.2234	-0.99163	2.0174
5.2234	-0.96653	3.0518
5.2234	-0.94142	3.8478
5.2234	-0.91632	4.1435
5.2234	-0.89121	3.8201
5.2234	-0.86611	2.9875
5.2234	-0.841	1.9227
5.2234	-0.8159	0.94927
5.2234	-0.79079	0.29337
5.2234	-0.76569	0.021082
5.2234	-0.74059	0.030148
5.2234	-0.71548	0.14625
5.2234	-0.69038	0.22244
5.2234	-0.66527	0.20246
5.2234	-0.64017	0.11591
5.2234	-0.61506	0.032544
5.2234	-0.56485	0.020792
5.2234	-0.53975	0.059653
5.2234	-0.51464	0.079028
5.2234	-0.48954	0.065226
5.2234	-0.46444	0.032404
5.2234	-0.38912	0.014009
5.2234	-0.36402	0.028881
5.2234	-0.33891	0.031896
5.2234	-0.31381	0.021588
5.2234	-0.21339	0.012952
5.2234	-0.18828	0.018392
5.2234	-0.16318	0.015994
5.2234	-0.13808	0.0081572
5.2234	-0.037657	0.010053
5.2234	-0.012552	0.011427
5.2234	0.012552	0.0082428
5.2484	-2.2971	0.012419
5.2484	-2.272	0.01676
5.2484	-2.2469	0.019055
5.2484	-2.2218	0.018419
5.2484	-2.1967	0.014978
5.2484	-2.1715	0.0099952
5.2484	-1.3682	0.010683
5.2484	-1.3431	0.018553
5.2484	-1.318	0.019904
5.2484	-1.2929	0.012073
5.2484	-1.2176	0.026343
5.2484	-1.1925	0.065988
5.2484	-1.1674	0.096575
5.2484	-1.1423	0.089453
5.2484	-1.1172	0.040632
5.2484	-1.0669	0.070127
5.2484	-1.0418	0.3668
5.2484	-1.0167	0.95037
5.2484	-0.99163	1.7651
5.2484	-0.96653	2.627
5.2484	-0.94142	3.2754
5.2484	-0.91632	3.4889
5.2484	-0.89121	3.1851
5.2484	-0.86611	2.4556
5.2484	-0.841	1.5444
5.2484	-0.8159	0.72886
5.2484	-0.79079	0.20315
5.2484	-0.74059	0.04486
5.2484	-0.71548	0.15875
5.2484	-0.69038	0.22158
5.2484	-0.66527	0.18884
5.2484	-0.64017	0.10056
5.2484	-0.61506	0.022776
5.2484	-0.56485	0.029006
5.2484	-0.53975	0.070419
5.2484	-0.51464	0.086391
5.2484	-0.48954	0.06707
5.2484	-0.46444	0.030061
5.2484	-0.38912	0.020829
5.2484	-0.36402	0.038076
5.2484	-0.33891	0.039212
5.2484	-0.31381	0.024885
5.2484	-0.21339	0.019517
5.2484	-0.18828	0.026082
5.2484	-0.16318	0.021598
5.2484	-0.13808	0.010139
5.2484	-0.062762	0.0093805
5.2484	-0.037657	0.017568
5.2484	-0.012552	0.019217
5.2484	0.012552	0.013147
5.2484	0.11297	0.010069
5.2484	0.13808	0.015674
5.2484	0.16318	0.015017
5.2484	0.18828	0.0087715
5.2484	0.2887	0.018058
5.2484	0.31381	0.029669
5.2484	0.33891	0.036199
5.2484	0.36402	0.035276
5.2484	0.38912	0.028377
5.2484	0.41423	0.018946
5.2484	0.43933	0.010334
5.2735	-2.3222	0.0082637
5.2735	-2.2971	0.013683
5.2735	-2.272	0.018799
5.2735	-2.2469	0.02189
5.2735	-2.2218	0.021713
5.2735	-2.1967	0.018147
5.2735	-2.1715	0.012404
5.2735	-1.3431	0.0088792
5.2735	-1.318	0.0091687
5.2735	-1.2176	0.018659
5.2735	-1.1925	0.042657
5.2735	-1.1674	0.0596
5.2735	-1.1423	0.051394
5.2735	-1.1172	0.019373
5.2735	-1.0669	0.070069
5.2735	-1.0418	0.30982
5.2735	-1.0167	0.76086
5.2735	-0.99163	1.3787
5.2735	-0.96653	2.0265
5.2735	-0.94142	2.506
5.2735	-0.91632	2.6503
5.2735	-0.89121	2.3965
5.2735	-0.86611	1.823
5.2735	-0.841	1.1226
5.2735	-0.8159	0.50403
5.2735	-0.79079	0.12306
5.2735	-0.74059	0.054952
5.2735	-0.71548	0.15443
5.2735	-0.69038	0.1981
5.2735	-0.66527	0.15942
5.2735	-0.64017	0.077867
5.2735	-0.61506	0.013493
5.2735	-0.56485	0.035592
5.2735	-0.53975	0.074527
5.2735	-0.51464	0.085729
5.2735	-0.48954	0.061972
5.2735	-0.46444	0.024669
5.2735	-0.38912	0.027054
5.2735	-0.36402	0.044514
5.2735	-0.33891	0.043056
5.2735	-0.31381	0.025356
5.2735	-0.23849	0.010724
5.2735	-0.21339	0.025935
5.2735	-0.18828	0.032479
5.2735	-0.16318	0.025388
5.2735	-0.13808	0.010728
5.2735	-0.062762	0.015077
5.2735	-0.037657	0.026091
5.2735	-0.012552	0.027118
5.2735	0.012552	0.01741
5.2735	0.11297	0.019089
5.2735	0.13808	0.027848
5.2735	0.16318	0.02565
5.2735	0.18828	0.013944
5.2735	0.2636	0.018225
5.2735	0.2887	0.047142
5.2735	0.31381	0.077941
5.2735	0.33891	0.098365
5.2735	0.36402	0.10128
5.2735	0.38912	0.087712
5.2735	0.41423	0.064369
5.2735	0.43933	0.039961
5.2735	0.46444	0.019746
5.2735	0.48954	0.0077062
5.2985	-2.2971	0.011688
5.2985	-2.272	0.016284
5.2985	-2.2469	0.019255
5.2985	-2.2218	0.019423
5.2985	-2.1967	0.016448
5.2985	-2.1715	0.011343
5.2985	-1.2176	0.010097
5.2985	-1.1925	0.022164
5.2985	-1.1674	0.02975
5.2985	-1.1423	0.024232
5.2985	-1.0669	0.056858
5.2985	-1.0418	0.22258
5.2985	-1.0167	0.52619
5.2985	-0.99163	0.94032
5.2985	-0.96653	1.3735
5.2985	-0.94142	1.6935
5.2985	-0.91632	1.7862
5.2985	-0.89121	1.6035
5.2985	-0.86611	1.2063
5.2985	-0.841	0.72273
5.2985	-0.8159	0.31047
5.2985	-0.79079	0.062947
5.2985	-0.74059	0.056685
5.2985	-0.71548	0.13308
5.2985	-0.69038	0.15978
5.2985	-0.66527	0.12109
5.2985	-0.64017	0.053591
5.2985	-0.56485	0.038041
5.2985	-0.53975	0.071059
5.2985	-0.51464	0.076281
5.2985	-0.48954	0.051489
5.2985	-0.46444	0.017829
5.2985	-0.41423	0.0086369
5.2985	-0.38912	0.031111
5.2985	-0.36402	0.046756
5.2985	-0.33891	0.042596
5.2985	-0.31381	0.023003
5.2985	-0.23849	0.014356
5.2985	-0.21339	0.030771
5.2985	-0.18828	0.036283
5.2985	-0.16318	0.026487
5.2985	-0.13808	0.0098097
5.2985	-0.062762	0.021236
5.2985	-0.037657	0.033955
5.2985	-0.012552	0.033281
5.2985	0.012552	0.019839
5.2985	0.087866	0.011718
5.2985	0.11297	0.030165
5.2985	0.13808	0.041528
5.2985	0.16318	0.036273
5.2985	0.18828	0.017823
5.2985	0.2636	0.038791
5.2985	0.2887	0.093639
5.2985	0.31381	0.15199
5.2985	0.33891	0.1928
5.2985	0.36402	0.20147
5.2985	0.38912	0.17837
5.2985	0.41423	0.13421
5.2985	0.43933	0.084993
5.2985	0.46444	0.04449
5.2985	0.48954	0.017641
5.3236	-2.272	0.010902
5.3236	-2.2469	0.01316
5.3236	-2.2218	0.013532
5.3236	-2.1967	0.011596
5.3236	-2.1715	0.0080544
5.3236	-1.1925	0.0079401
5.3236	-1.1674	0.010675
5.3236	-1.1423	0.0081209
5.3236	-1.0669	0.035947
5.3236	-1.0418	0.13014
5.3236	-1.0167	0.30087
5.3236	-0.99163	0.53734
5.3236	-0.96653	0.7868
5.3236	-0.94142	0.97691
5.3236	-0.91632	1.0342
5.3236	-0.89121	0.92959
5.3236	-0.86611	0.6948
5.3236	-0.841	0.40722
5.3236	-0.8159	0.16451
5.3236	-0.79079	0.02662
5.3236	-0.74059	0.049559
5.3236	-0.71548	0.10163
5.3236	-0.69038	0.11398
5.3236	-0.66527	0.081687
5.3236	-0.64017	0.032165
5.3236	-0.56485	0.03598
5.3236	-0.53975	0.060741
5.3236	-0.51464	0.061146
5.3236	-0.48954	0.038324
5.3236	-0.46444	0.011055
5.3236	-0.41423	0.01091
5.3236	-0.38912	0.031918
5.3236	-0.36402	0.044189
5.3236	-0.33891	0.037814
5.3236	-0.31381	0.018652
5.3236	-0.23849	0.016944
5.3236	-0.21339	0.032863
5.3236	-0.18828	0.036349
5.3236	-0.16318	0.024733
5.3236	-0.13808	0.0077799
5.3236	-0.087866	0.0085359
5.3236	-0.062762	0.026617
5.3236	-0.037657	0.039441
5.3236	-0.012552	0.036628
5.3236	0.012552	0.019801
5.3236	0.087866	0.018252
5.3236	0.11297	0.041673
5.3236	0.13808	0.05404
5.3236	0.16318	0.044332
5.3236	0.18828	0.019126
5.3236	0.23849	0.01305
5.3236	0.2636	0.067864
5.3236	0.2887	0.15553
5.3236	0.31381	0.24682
5.3236	0.33891	0.30991
5.3236	0.36402	0.3239
5.3236	0.38912	0.28792
5.3236	0.41423	0.21817
5.3236	0.43933	0.13968
5.3236	0.46444	0.072852
5.3236	0.48954	0.028653
5.3486	-1.0669	0.015206
5.3486	-1.0418	0.053404
5.3486	-1.0167	0.12854
5.3486	-0.99163	0.23394
5.3486	-0.96653	0.35256
5.3486	-0.94142	0.44829
5.3486	-0.91632	0.4851
5.3486	-0.89121	0.44246
5.3486	-0.86611	0.33208
5.3486	-0.841	0.19534
5.3486	-0.8159	0.072785
5.3486	-0.79079	0.009157
5.3486	-0.74059	0.036312
5.3486	-0.71548	0.06695
5.3486	-0.69038	0.071221
5.3486	-0.66527	0.047764
5.3486	-0.64017	0.017063
5.3486	-0.58996	0.0079312
5.3486	-0.56485	0.02976
5.3486	-0.53975	0.046122
5.3486	-0.51464	0.04382
5.3486	-0.48954	0.025358
5.3486	-0.41423	0.011762
5.3486	-0.38912	0.029266
5.3486	-0.36402	0.037695
5.3486	-0.33891	0.030315
5.3486	-0.31381	0.013411
5.3486	-0.23849	0.01791
5.3486	-0.21339	0.031631
5.3486	-0.18828	0.0329
5.3486	-0.16318	0.020729
5.3486	-0.087866	0.011126
5.3486	-0.062762	0.029752
5.3486	-0.037657	0.041289
5.3486	-0.012552	0.03585
5.3486	0.012552	0.017521
5.3486	0.087866	0.024932
5.3486	0.11297	0.051264
5.3486	0.13808	0.062613
5.3486	0.16318	0.0478
5.3486	0.18828	0.017676
5.3486	0.23849	0.025407
5.3486	0.2636	0.10433
5.3486	0.2887	0.2246
5.3486	0.31381	0.34748
5.3486	0.33891	0.4304
5.3486	0.36402	0.44754
5.3486	0.38912	0.39614
5.3486	0.41423	0.2992
5.3486	0.43933	0.19041
5.3486	0.46444	0.097589
5.3486	0.48954	0.037256
5.3486	0.51464	0.0080696
5.3737	-1.0418	0.010008
5.3737	-1.0167	0.027159
5.3737	-0.99163	0.057286
5.3737	-0.96653	0.096839
5.3737	-0.94142	0.1347
5.3737	-0.91632	0.15688
5.3737	-0.89121	0.15126
5.3737	-0.86611	0.11761
5.3737	-0.841	0.069501
5.3737	-0.8159	0.024678
5.3737	-0.74059	0.021224
5.3737	-0.71548	0.036268
5.3737	-0.69038	0.037081
5.3737	-0.66527	0.023586
5.3737	-0.56485	0.021151
5.3737	-0.53975	0.030574
5.3737	-0.51464	0.027346
5.3737	-0.48954	0.014518
5.3737	-0.41423	0.010909
5.3737	-0.38912	0.023699
5.3737	-0.36402	0.028666
5.3737	-0.33891	0.021666
5.3737	-0.31381	0.0085138
5.3737	-0.23849	0.016799
5.3737	-0.21339	0.027431
5.3737	-0.18828	0.02684
5.3737	-0.16318	0.015519
5.3737	-0.087866	0.012839
5.3737	-0.062762	0.030075
5.3737	-0.037657	0.038928
5.3737	-0.012552	0.031595
5.3737	0.012552	0.013723
5.3737	0.087866	0.030254
5.3737	0.11297	0.056667
5.3737	0.13808	0.064723
5.3737	0.16318	0.045979
5.3737	0.18828	0.013872
5.3737	0.23849	0.039681
5.3737	0.2636	0.14279
5.3737	0.2887	0.28969
5.3737	0.31381	0.43615
5.3737	0.33891	0.53382
5.3737	0.36402	0.54891
5.3737	0.38912	0.4827
5.3737	0.41423	0.36146
5.3737	0.43933	0.22692
5.3737	0.46444	0.11413
5.3737	0.48954	0.041554
5.3737	0.51464	0.0078388
5.3987	-0.94142	0.010307
5.3987	-0.91632	0.018494
5.3987	-0.89121	0.023242
5.3987	-0.86611	0.021451
5.3987	-0.841	0.013832
5.3987	-0.74059	0.0088014
5.3987	-0.71548	0.014486
5.3987	-0.69038	0.014621
5.3987	-0.66527	0.0089927
5.3987	-0.56485	0.01238
5.3987	-0.53975	0.016889
5.3987	-0.51464	0.014456
5.3987	-0.41423	0.0085656
5.3987	-0.38912	0.016828
5.3987	-0.36402	0.019248
5.3987	-0.33891	0.013627
5.3987	-0.23849	0.01397
5.3987	-0.21339	0.021222
5.3987	-0.18828	0.019625
5.3987	-0.16318	0.0103
5.3987	-0.087866	0.012962
5.3987	-0.062762	0.027263
5.3987	-0.037657	0.033118
5.3987	-0.012552	0.025049
5.3987	0.012552	0.0092989
5.3987	0.062762	0.0085575
5.3987	0.087866	0.032857
5.3987	0.11297	0.056678
5.3987	0.13808	0.060902
5.3987	0.16318	0.039394
5.3987	0.18828	0.0086761
5.3987	0.23849	0.05455
5.3987	0.2636	0.17365
5.3987	0.2887	0.33708
5.3987	0.31381	0.4953
5.3987	0.33891	0.59646
5.3987	0.36402	0.60717
5.3987	0.38912	0.52784
5.3987	0.41423	0.39143
5.3987	0.43933	0.24183
5.3987	0.46444	0.11847
5.3987	0.48954	0.040548
5.3987	0.58996	0.0089562
5.3987	0.61506	0.0084952
5.4238	-1.0669	0.010226
5.4238	-1.0418	0.019097
5.4238	-1.0167	0.025256
5.4238	-0.99163	0.025905
5.4238	-0.96653	0.020653
5.4238	-0.94142	0.012774
5.4238	-0.38912	0.010059
5.4238	-0.36402	0.010962
5.4238	-0.23849	0.010046
5.4238	-0.21339	0.01443
5.4238	-0.18828	0.012604
5.4238	-0.087866	0.011464
5.4238	-0.062762	0.022012
5.4238	-0.037657	0.025125
5.4238	-0.012552	0.017658
5.4238	0.062762	0.010074
5.4238	0.087866	0.031831
5.4238	0.11297	0.050995
5.4238	0.13808	0.05138
5.4238	0.16318	0.030105
5.4238	0.23849	0.066789
5.4238	0.2636	0.19134
5.4238	0.2887	0.35579
5.4238	0.31381	0.51107
5.4238	0.33891	0.60625
5.4238	0.36402	0.6103
5.4238	0.38912	0.52517
5.4238	0.41423	0.38393
5.4238	0.43933	0.23278
5.4238	0.46444	0.11035
5.4238	0.48954	0.035165
5.4238	0.58996	0.010908
5.4238	0.61506	0.0096898
5.4489	-1.0669	0.024191
5.4489	-1.0418	0.047349
5.4489	-1.0167	0.069948
5.4489	-0.99163	0.083568
5.4489	-0.96653	0.083037
5.4489	-0.94142	0.069208
5.4489	-0.91632	0.048097
5.4489	-0.89121	0.027025
5.4489	-0.86611	0.011631
5.4489	-0.21339	0.0083137
5.4489	-0.087866	0.0087523
5.4489	-0.062762	0.015533
5.4489	-0.037657	0.016824
5.4489	-0.012552	0.010873
5.4489	0.062762	0.010023
5.4489	0.087866	0.027476
5.4489	0.11297	0.040999
5.4489	0.13808	0.038829
5.4489	0.16318	0.020181
5.4489	0.21339	0.010741
5.4489	0.23849	0.072183
5.4489	0.2636	0.19024
5.4489	0.2887	0.34091
5.4489	0.31381	0.47974
5.4489	0.33891	0.56152
5.4489	0.36402	0.55866
5.4489	0.38912	0.47472
5.4489	0.41423	0.3427
5.4489	0.43933	0.20334
5.4489	0.46444	0.092926
5.4489	0.48954	0.027209
5.4489	0.56485	0.0083795
5.4489	0.58996	0.011903
5.4489	0.61506	0.0098997
5.4739	-1.0921	0.011752
5.4739	-1.0669	0.035441
5.4739	-1.0418	0.069633
5.4739	-1.0167	0.10557
5.4739	-0.99163	0.13139
5.4739	-0.96653	0.13779
5.4739	-0.94142	0.12306
5.4739	-0.91632	0.092579
5.4739	-0.89121	0.057519
5.4739	-0.86611	0.027641
5.4739	-0.841	0.0089539
5.4739	-0.062762	0.0093493
5.4739	-0.037657	0.0096171
5.4739	0.062762	0.0085329
5.4739	0.087866	0.020691
5.4739	0.11297	0.02915
5.4739	0.13808	0.025761
5.4739	0.16318	0.011727
5.4739	0.21339	0.013502
5.4739	0.23849	0.069197
5.4739	0.2636	0.16992
5.4739	0.2887	0.29514
5.4739	0.31381	0.40766
5.4739	0.33891	0.47127
5.4739	0.36402	0.46489
5.4739	0.38912	0.39127
5.4739	0.41423	0.27808
5.4739	0.43933	0.16131
5.4739	0.46444	0.071036
5.4739	0.48954	0.018746
5.4739	0.56485	0.0090098
5.4739	0.58996	0.011667
5.4739	0.61506	0.0091261
5.499	-1.0921	0.013605
5.499	-1.0669	0.03877
5.499	-1.0418	0.075378
5.499	-1.0167	0.11526
5.499	-0.99163	0.14589
5.499	-0.96653	0.15678
5.499	-0.94142	0.14369
5.499	-0.91632	0.11141
5.499	-0.89121	0.070956
5.499	-0.86611	0.034796
5.499	-0.841	0.011074
5.499	0.087866	0.013385
5.499	0.11297	0.017857
5.499	0.13808	0.014808
5.499	0.21339	0.013414
5.499	0.23849	0.058071
5.499	0.2636	0.13474
5.499	0.2887	0.2285
5.499	0.31381	0.31126
5.499	0.33891	0.35718
5.499	0.36402	0.3485
5.499	0.38912	0.29131
5.499	0.41423	0.20382
5.499	0.43933	0.11539
5.499	0.46444	0.048791
5.499	0.48954	0.011262
5.499	0.56485	0.0086648
5.499	0.58996	0.010298
5.524	-1.0921	0.011961
5.524	-1.0669	0.032792
5.524	-1.0418	0.063388
5.524	-1.0167	0.09756
5.524	-0.99163	0.12516
5.524	-0.96653	0.13655
5.524	-0.94142	0.12741
5.524	-0.91632	0.10018
5.524	-0.89121	0.064305
5.524	-0.86611	0.031275
5.524	-0.841	0.0094068
5.524	0.11297	0.0088881
5.524	0.21339	0.010976
5.524	0.23849	0.041445
5.524	0.2636	0.093222
5.524	0.2887	0.15429
5.524	0.31381	0.2092
5.524	0.33891	0.23845
5.524	0.36402	0.23205
5.524	0.38912	0.19217
5.524	0.41423	0.1335
5.524	0.43933	0.074265
5.524	0.46444	0.029444
5.524	0.58996	0.0081655
5.5491	-1.0921	0.007745
5.5491	-1.0669	0.020708
5.5491	-1.0418	0.040463
5.5491	-1.0167	0.063219
5.5491	-0.99163	0.083084
5.5491	-0.96653	0.092774
5.5491	-0.94142	0.088108
5.5491	-0.91632	0.070333
5.5491	-0.89121	0.045154
5.5491	-0.86611	0.021657
5.5491	-0.74059	0.0078324
5.5491	0.23849	0.024152
5.5491	0.2636	0.052176
5.5491	0.2887	0.08733
5.5491	0.31381	0.11865
5.5491	0.33891	0.13602
5.5491	0.36402	0.13293
5.5491	0.38912	0.11018
5.5491	0.41423	0.075862
5.5491	0.43933	0.041173
5.5491	0.46444	0.015406
5.5491	1.6192	0.0090112
5.5491	1.6444	0.010364
5.5491	1.6695	0.010081
5.5491	1.6946	0.0083451
5.5741	-1.0669	0.0083254
5.5741	-1.0418	0.017065
5.5741	-1.0167	0.028597
5.5741	-0.99163	0.039321
5.5741	-0.96653	0.045847
5.5741	-0.94142	0.045243
5.5741	-0.91632	0.03698
5.5741	-0.89121	0.024563
5.5741	-0.86611	0.011489
5.5741	0.23849	0.0099133
5.5741	0.2636	0.022076
5.5741	0.2887	0.037523
5.5741	0.31381	0.052492
5.5741	0.33891	0.061693
5.5741	0.36402	0.06151
5.5741	0.38912	0.051736
5.5741	0.41423	0.035808
5.5741	0.43933	0.019119
5.5741	1.5941	0.009329
5.5741	1.6192	0.012805
5.5741	1.6444	0.014595
5.5741	1.6695	0.014143
5.5741	1.6946	0.01166
5.5741	1.7197	0.0080675
5.5992	-0.99163	0.0095393
5.5992	-0.96653	0.012867
5.5992	-0.94142	0.014249
5.5992	-0.91632	0.012732
5.5992	-0.89121	0.0088267
5.5992	0.2887	0.0092018
5.5992	0.31381	0.014409
5.5992	0.33891	0.018445
5.5992	0.36402	0.019719
5.5992	0.38912	0.017569
5.5992	0.41423	0.012559
5.5992	1.5941	0.011948
5.5992	1.6192	0.016124
5.5992	1.6444	0.018219
5.5992	1.6695	0.017507
5.5992	1.6946	0.014311
5.5992	1.7197	0.0097826
5.6242	1.569	0.0084587
5.6242	1.5941	0.013823
5.6242	1.6192	0.018329
5.6242	1.6444	0.020492
5.6242	1.6695	0.019454
5.6242	1.6946	0.015747
5.6242	1.7197	0.010583
5.6493	-1.0669	0.0080726
5.6493	-1.0418	0.0098563
5.6493	-1.0167	0.0097313
5.6493	-0.99163	0.0078575
5.6493	1.569	0.0091172
5.6493	1.5941	0.014537
5.6493	1.6192	0.01897
5.6493	1.6444	0.020954
5.6493	1.6695	0.019691
5.6493	1.6946	0.015709
5.6493	1.7197	0.010363
5.6743	-1.0921	0.010666
5.6743	-1.0669	0.017696
5.6743	-1.0418	0.023219
5.6743	-1.0167	0.025374
5.6743	-0.99163	0.023432
5.6743	-0.96653	0.018141
5.6743	-0.94142	0.01171
5.6743	0.23849	0.0081122
5.6743	0.2636	0.011144
5.6743	0.2887	0.012358
5.6743	0.31381	0.011335
5.6743	0.33891	0.0087002
5.6743	1.569	0.008911
5.6743	1.5941	0.013886
5.6743	1.6192	0.017904
5.6743	1.6444	0.019517
5.6743	1.6695	0.018085
5.6743	1.6946	0.01425
5.6743	1.7197	0.0092168
5.6994	-1.0921	0.015203
5.6994	-1.0669	0.025435
5.6994	-1.0418	0.034182
5.6994	-1.0167	0.038662
5.6994	-0.99163	0.037075
5.6994	-0.96653	0.030265
5.6994	-0.94142	0.020651
5.6994	-0.91632	0.011317
5.6994	0.23849	0.01187
5.6994	0.2636	0.016746
5.6994	0.2887	0.019338
5.6994	0.31381	0.018703
5.6994	0.33891	0.015434
5.6994	0.36402	0.010713
5.6994	1.569	0.0078757
5.6994	1.5941	0.012056
5.6994	1.6192	0.015286
5.6994	1.6444	0.016512
5.6994	1.6695	0.015165
5.6994	1.6946	0.011741
5.7244	-1.0921	0.016886
5.7244	-1.0669	0.028072
5.7244	-1.0418	0.038116
5.7244	-1.0167	0.043617
5.7244	-0.99163	0.042578
5.7244	-0.96653	0.035462
5.7244	-0.94142	0.024631
5.7244	-0.91632	0.013665
5.7244	0.23849	0.01275
5.7244	0.2636	0.01811
5.7244	0.2887	0.021279
5.7244	0.31381	0.021079
5.7244	0.33891	0.017869
5.7244	0.36402	0.012765
5.7244	1.5941	0.0093749
5.7244	1.6192	0.011785
5.7244	1.6444	0.012592
5.7244	1.6695	0.011449
5.7244	1.6946	0.0087485
5.7495	-1.0921	0.015055
5.7495	-1.0669	0.024935
5.7495	-1.0418	0.03397
5.7495	-1.0167	0.039279
5.7495	-0.99163	0.038731
5.7495	-0.96653	0.032485
5.7495	-0.94142	0.022773
5.7495	-0.91632	0.012567
5.7495	0.23849	0.010628
5.7495	0.2636	0.015226
5.7495	0.2887	0.018084
5.7495	0.31381	0.018257
5.7495	0.33891	0.015674
5.7495	0.36402	0.011369
5.7495	1.6192	0.0080271
5.7495	1.6444	0.0085369
5.7495	1.6695	0.0077116
5.7745	-1.0921	0.010751
5.7745	-1.0669	0.017809
5.7745	-1.0418	0.02448
5.7745	-1.0167	0.028589
5.7745	-0.99163	0.028521
5.7745	-0.96653	0.024149
5.7745	-0.94142	0.016927
5.7745	-0.91632	0.0091999
5.7745	0.2636	0.0098082
5.7745	0.2887	0.011904
5.7745	0.31381	0.012259
5.7745	0.33891	0.01073
5.7745	0.36402	0.0078901
5.7996	-1.0669	0.0097189
5.7996	-1.0418	0.01365
5.7996	-1.0167	0.016291
5.7996	-0.99163	0.016586
5.7996	-0.96653	0.014219
5.7996	-0.94142	0.010052
