-5.9782	0.99354	0.0023028
-5.9782	1.0477	0.0038551
-5.9782	1.1019	0.0033225
-5.9782	1.1561	0.0012778
-5.9782	2.3484	0.0014432
-5.9782	2.4026	0.0015808
-5.9782	2.4568	0.00079196
-5.9425	0.99354	0.00085174
-5.9425	1.0477	0.0014358
-5.9425	1.1019	0.0012962
-5.8353	0.99354	0.0012915
-5.8353	1.0477	0.0014336
-5.8353	1.1019	0.00080505
-5.8353	2.2942	0.00076673
-5.8353	2.3484	0.0008118
-5.7996	0.93935	0.001266
-5.7996	0.99354	0.0026418
-5.7996	1.0477	0.0027742
-5.7996	1.1019	0.0014923
-5.7996	2.2942	0.00086539
-5.7996	2.3484	0.0009485
-5.7639	0.93935	0.0020343
-5.7639	0.99354	0.003919
-5.7639	1.0477	0.003849
-5.7639	1.1019	0.0019115
-5.7639	2.3484	0.00071334
-5.7281	0.93935	0.0024375
-5.7281	0.99354	0.004466
-5.7281	1.0477	0.0041682
-5.7281	1.1019	0.0019037
-5.6924	0.93935	0.0020598
-5.6924	0.99354	0.0037353
-5.6924	1.0477	0.0034232
-5.6924	1.1019	0.0014655
-5.6567	0.93935	0.0010111
-5.6567	0.99354	0.0019706
-5.6567	1.0477	0.0018967
-5.6567	1.1019	0.00080158
-5.5495	-0.36129	0.0010333
-5.5495	-0.3071	0.0010233
-5.5495	0.88516	0.00085379
-5.5495	0.93935	0.0018571
-5.5495	0.99354	0.0016819
-5.5138	-0.36129	0.0012247
-5.5138	-0.3071	0.0012243
-5.5138	0.88516	0.0014721
-5.5138	0.93935	0.0032944
-5.5138	0.99354	0.0032535
-5.5138	1.0477	0.001461
-5.4781	-0.36129	0.00098204
-5.4781	-0.3071	0.0010047
-5.4781	0.88516	0.0015239
-5.4781	0.93935	0.0034362
-5.4781	0.99354	0.003523
-5.4781	1.0477	0.0016313
-5.4423	0.88516	0.0011365
-5.4423	0.93935	0.0024543
-5.4423	0.99354	0.0025125
-5.4423	1.0477	0.0011539
-5.4066	0.88516	0.0013135
-5.4066	0.93935	0.0021258
-5.4066	0.99354	0.0017643
-5.3709	0.83097	0.00081682
-5.3709	0.88516	0.0029772
-5.3709	0.93935	0.0040223
-5.3709	0.99354	0.0026583
-5.3709	1.0477	0.00076969
-5.3351	-0.41548	0.0008323
-5.3351	-0.36129	0.0010181
-5.3351	0.83097	0.0016721
-5.3351	0.88516	0.0056457
-5.3351	0.93935	0.0074951
-5.3351	0.99354	0.0048058
-5.3351	1.0477	0.0012553
-5.2994	-0.41548	0.00099314
-5.2994	-0.36129	0.0012489
-5.2994	-0.3071	0.00072155
-5.2994	0.83097	0.0022859
-5.2994	0.88516	0.0073679
-5.2994	0.93935	0.0098349
-5.2994	0.99354	0.0063254
-5.2994	1.0477	0.001562
-5.2637	-0.41548	0.00073574
-5.2637	-0.36129	0.00096684
-5.2637	0.83097	0.0020555
-5.2637	0.88516	0.0064994
-5.2637	0.93935	0.0088473
-5.2637	0.99354	0.005757
-5.2637	1.0477	0.0013434
-5.228	0.83097	0.001166
-5.228	0.88516	0.0037106
-5.228	0.93935	0.0052795
-5.228	0.99354	0.0035518
-5.228	1.0477	0.00079351
-5.1922	0.83097	0.00075774
-5.1922	0.88516	0.0018265
-5.1922	0.93935	0.0023453
-5.1922	0.99354	0.001554
-5.1565	0.83097	0.0018727
-5.1565	0.88516	0.0031331
-5.1565	0.93935	0.002594
-5.1565	0.99354	0.0011224
-5.1208	-0.46968	0.00073806
-5.1208	-0.41548	0.0011336
-5.1208	-0.36129	0.00082154
-5.1208	0.77677	0.0007992
-5.1208	0.83097	0.0040742
-5.1208	0.88516	0.0067695
-5.1208	0.93935	0.0053503
-5.1208	0.99354	0.0019386
-5.1208	2.1858	0.00093088
-5.1208	2.24	0.00079962
-5.0851	-0.46968	0.00073631
-5.0851	-0.41548	0.0011888
-5.0851	-0.36129	0.00089406
-5.0851	0.77677	0.0011422
-5.0851	0.83097	0.0054549
-5.0851	0.88516	0.0092371
-5.0851	0.93935	0.007471
-5.0851	0.99354	0.0026281
-5.0851	2.1316	0.00069719
-5.0851	2.1858	0.0013395
-5.0851	2.24	0.0011548
-5.0493	0.77677	0.00098146
-5.0493	0.83097	0.0045342
-5.0493	0.88516	0.007937
-5.0493	0.93935	0.006634
-5.0493	0.99354	0.0022956
-5.0493	2.1858	0.0013203
-5.0493	2.24	0.0011547
-5.0136	0.83097	0.0022117
-5.0136	0.88516	0.0040974
-5.0136	0.93935	0.0036375
-5.0136	0.99354	0.0012661
-5.0136	2.1858	0.00086288
-5.0136	2.24	0.00078203
-4.9779	0.83097	0.0012906
-4.9779	0.88516	0.0016947
-4.9779	0.93935	0.0013245
-4.9422	-0.46968	0.0010756
-4.9422	-0.41548	0.00097982
-4.9422	0.77677	0.0016585
-4.9422	0.83097	0.0035105
-4.9422	0.88516	0.0032418
-4.9422	0.93935	0.0014837
-4.9064	-0.52387	0.00088331
-4.9064	-0.46968	0.0017835
-4.9064	-0.41548	0.0017209
-4.9064	-0.36129	0.00073065
-4.9064	0.77677	0.0032856
-4.9064	0.83097	0.0071749
-4.9064	0.88516	0.0069667
-4.9064	0.93935	0.0031609
-4.9064	2.1316	0.00075075
-4.9064	2.1858	0.00079108
-4.8707	-0.52387	0.00084593
-4.8707	-0.46968	0.0017627
-4.8707	-0.41548	0.001763
-4.8707	-0.36129	0.00074481
-4.8707	0.77677	0.0037583
-4.8707	0.83097	0.008458
-4.8707	0.88516	0.0086281
-4.8707	0.93935	0.0040152
-4.8707	2.1316	0.0011509
-4.8707	2.1858	0.001239
-4.835	-0.46968	0.0010345
-4.835	-0.41548	0.0010967
-4.835	0.77677	0.002293
-4.835	0.83097	0.0056092
-4.835	0.88516	0.0061596
-4.835	0.93935	0.0029515
-4.835	2.1316	0.0011048
-4.835	2.1858	0.0012251
-4.7993	0.83097	0.0015184
-4.7993	0.88516	0.0020399
-4.7993	0.93935	0.0010814
-4.7993	2.1858	0.00075163
-4.7635	0.77677	0.0011888
-4.7635	0.83097	0.001218
-4.7278	-0.52387	0.0011014
-4.7278	-0.46968	0.0013024
-4.7278	-0.41548	0.0007191
-4.7278	0.72258	0.0017726
-4.7278	0.77677	0.0054125
-4.7278	0.83097	0.0064289
-4.7278	0.88516	0.0036645
-4.7278	0.93935	0.00087785
-4.6921	-0.52387	0.0015228
-4.6921	-0.46968	0.0018972
-4.6921	-0.41548	0.0010866
-4.6921	0.72258	0.0033599
-4.6921	0.77677	0.010289
-4.6921	0.83097	0.013075
-4.6921	0.88516	0.0080671
-4.6921	0.93935	0.0019897
-4.6921	2.0774	0.00073512
-4.6921	2.1316	0.00097637
-4.6563	-0.52387	0.0011965
-4.6563	-0.46968	0.001587
-4.6563	-0.41548	0.00093847
-4.6563	0.72258	0.0037418
-4.6563	0.77677	0.011391
-4.6563	0.83097	0.015021
-4.6563	0.88516	0.0095801
-4.6563	0.93935	0.0022838
-4.6563	2.0774	0.00098641
-4.6563	2.1316	0.0013641
-4.6563	2.1858	0.00088264
-4.6206	0.72258	0.0024072
-4.6206	0.77677	0.0075378
-4.6206	0.83097	0.0105
-4.6206	0.88516	0.0069576
-4.6206	0.93935	0.001581
-4.6206	1.0477	0.00076269
-4.6206	2.0774	0.00075509
-4.6206	2.1316	0.0011085
-4.6206	2.1858	0.00075462
-4.5849	0.72258	0.00093953
-4.5849	0.77677	0.0028338
-4.5849	0.83097	0.0041816
-4.5849	0.88516	0.0029595
-4.5492	0.72258	0.0017568
-4.5492	0.77677	0.0028282
-4.5492	0.83097	0.0023409
-4.5492	0.88516	0.0011071
-4.5134	-0.57806	0.00074726
-4.5134	-0.52387	0.0012348
-4.5134	-0.46968	0.0009471
-4.5134	0.66839	0.0010111
-4.5134	0.72258	0.005173
-4.5134	0.77677	0.0083041
-4.5134	0.83097	0.0062285
-4.5134	0.88516	0.0021222
-4.5134	2.0774	0.00069918
-4.4777	-0.52387	0.0011049
-4.4777	-0.46968	0.00095984
-4.4777	0.66839	0.0017018
-4.4777	0.72258	0.0081973
-4.4777	0.77677	0.013734
-4.4777	0.83097	0.010914
-4.4777	0.88516	0.0037809
-4.4777	2.0232	0.00092628
-4.4777	2.0774	0.0016722
-4.4777	2.1316	0.0013551
-4.442	0.66839	0.0015645
-4.442	0.72258	0.0073784
-4.442	0.77677	0.012985
-4.442	0.83097	0.01086
-4.442	0.88516	0.0037895
-4.442	2.0232	0.0011775
-4.442	2.0774	0.0021599
-4.442	2.1316	0.0018281
-4.442	2.1858	0.00072212
-4.4063	-0.57806	0.00080119
-4.4063	0.72258	0.0031846
-4.4063	0.77677	0.0064241
-4.4063	0.83097	0.0059499
-4.4063	0.88516	0.0021329
-4.4063	2.0232	0.00089583
-4.4063	2.0774	0.0016934
-4.4063	2.1316	0.0014964
-4.3705	-0.63226	0.0019933
-4.3705	-0.57806	0.0039313
-4.3705	-0.52387	0.0034847
-4.3705	-0.46968	0.0013752
-4.3705	0.77677	0.00096552
-4.3705	0.83097	0.0012066
-4.3705	2.0774	0.00075797
-4.3705	2.1316	0.00072232
-4.3348	-0.63226	0.004357
-4.3348	-0.57806	0.0089664
-4.3348	-0.52387	0.0086328
-4.3348	-0.46968	0.0037406
-4.3348	0.66839	0.0013404
-4.3348	0.72258	0.0027456
-4.3348	0.77677	0.0022384
-4.3348	0.83097	0.0008144
-4.2991	-0.68645	0.0010251
-4.2991	-0.63226	0.0061743
-4.2991	-0.57806	0.012872
-4.2991	-0.52387	0.012773
-4.2991	-0.46968	0.005587
-4.2991	-0.3071	0.00087409
-4.2991	0.66839	0.00323
-4.2991	0.72258	0.0075721
-4.2991	0.77677	0.0076601
-4.2991	0.83097	0.0035523
-4.2991	2.0232	0.00087099
-4.2991	2.0774	0.00086951
-4.2634	-0.68645	0.0010028
-4.2634	-0.63226	0.0057737
-4.2634	-0.57806	0.012328
-4.2634	-0.52387	0.012569
-4.2634	-0.46968	0.0054427
-4.2634	-0.36129	0.00096386
-4.2634	-0.3071	0.0012911
-4.2634	0.66839	0.0030871
-4.2634	0.72258	0.0080566
-4.2634	0.77677	0.0092664
-4.2634	0.83097	0.0048197
-4.2634	0.88516	0.00072547
-4.2634	2.0232	0.0016563
-4.2634	2.0774	0.0017466
-4.2634	2.1316	0.00087448
-4.2276	-0.63226	0.003069
-4.2276	-0.57806	0.0071907
-4.2276	-0.52387	0.007866
-4.2276	-0.46968	0.0034428
-4.2276	-0.36129	0.0010629
-4.2276	-0.3071	0.0012462
-4.2276	-0.14452	0.00084838
-4.2276	0.66839	0.00095107
-4.2276	0.72258	0.002944
-4.2276	0.77677	0.0042685
-4.2276	0.83097	0.0026363
-4.2276	2.0232	0.0017786
-4.2276	2.0774	0.0019666
-4.2276	2.1316	0.0010271
-4.1919	-0.57806	0.0016083
-4.1919	-0.52387	0.0023203
-4.1919	-0.46968	0.0011669
-4.1919	-0.36129	0.00070243
-4.1919	-0.3071	0.00076336
-4.1919	-0.14452	0.00077065
-4.1919	0.28903	0.00079329
-4.1919	0.34323	0.0010054
-4.1919	0.45161	0.00083821
-4.1919	0.50581	0.0013303
-4.1919	0.61419	0.001095
-4.1919	0.66839	0.0032065
-4.1919	0.72258	0.0027272
-4.1919	0.77677	0.0010288
-4.1919	2.0232	0.0010321
-4.1919	2.0774	0.0012461
-4.1562	-0.63226	0.0011841
-4.1562	-0.57806	0.00086002
-4.1562	0.12645	0.00069867
-4.1562	0.18065	0.00079582
-4.1562	0.28903	0.0012644
-4.1562	0.34323	0.0015203
-4.1562	0.45161	0.0020284
-4.1562	0.50581	0.0030738
-4.1562	0.61419	0.005616
-4.1562	0.66839	0.018787
-4.1562	0.72258	0.021924
-4.1562	0.77677	0.011706
-4.1562	0.83097	0.0025267
-4.1204	-0.68645	0.0024372
-4.1204	-0.63226	0.0059799
-4.1204	-0.57806	0.0062686
-4.1204	-0.52387	0.0029294
-4.1204	0.28903	0.0013954
-4.1204	0.34323	0.0015216
-4.1204	0.45161	0.003213
-4.1204	0.50581	0.0043537
-4.1204	0.56	0.00075613
-4.1204	0.61419	0.014499
-4.1204	0.66839	0.048207
-4.1204	0.72258	0.061596
-4.1204	0.77677	0.037747
-4.1204	0.83097	0.0095826
-4.1204	0.93935	0.00072706
-4.0847	-1.9329	0.00072946
-4.0847	-0.68645	0.0043998
-4.0847	-0.63226	0.011362
-4.0847	-0.57806	0.013221
-4.0847	-0.52387	0.0070454
-4.0847	-0.46968	0.0010854
-4.0847	0.28903	0.00097213
-4.0847	0.34323	0.00096936
-4.0847	0.45161	0.003396
-4.0847	0.50581	0.0040494
-4.0847	0.56	0.0011496
-4.0847	0.61419	0.023669
-4.0847	0.66839	0.076176
-4.0847	0.72258	0.10029
-4.0847	0.77677	0.064027
-4.0847	0.83097	0.016344
-4.0847	0.93935	0.0024631
-4.0847	0.99354	0.0016815
-4.0847	1.969	0.00073553
-4.0847	2.0232	0.0010102
-4.049	-0.68645	0.0045619
-4.049	-0.63226	0.012233
-4.049	-0.57806	0.015103
-4.049	-0.52387	0.0084313
-4.049	-0.46968	0.0012258
-4.049	-0.36129	0.0014071
-4.049	0.45161	0.0021679
-4.049	0.50581	0.0023276
-4.049	0.56	0.0014206
-4.049	0.61419	0.025412
-4.049	0.66839	0.080283
-4.049	0.72258	0.10825
-4.049	0.77677	0.070511
-4.049	0.83097	0.01733
-4.049	0.88516	0.00084304
-4.049	0.93935	0.0045058
-4.049	0.99354	0.0027292
-4.049	1.1019	0.00095337
-4.049	1.1561	0.00076776
-4.049	1.969	0.00094577
-4.049	2.0232	0.0014553
-4.049	2.0774	0.0010274
-4.0133	-0.68645	0.0023841
-4.0133	-0.63226	0.0071888
-4.0133	-0.57806	0.0098408
-4.0133	-0.52387	0.005837
-4.0133	-0.46968	0.00077739
-4.0133	-0.41548	0.00076987
-4.0133	-0.36129	0.00165
-4.0133	-0.19871	0.00092633
-4.0133	0.56	0.00101
-4.0133	0.61419	0.016033
-4.0133	0.66839	0.05289
-4.0133	0.72258	0.075728
-4.0133	0.77677	0.051289
-4.0133	0.83097	0.012092
-4.0133	0.88516	0.0009955
-4.0133	0.93935	0.0053
-4.0133	0.99354	0.0028149
-4.0133	1.1019	0.0016773
-4.0133	1.1561	0.001159
-4.0133	2.0232	0.00083954
-4.0133	2.0774	0.00069834
-3.9775	-0.63226	0.0012369
-3.9775	-0.57806	0.0025028
-3.9775	-0.52387	0.0018867
-3.9775	-0.36129	0.0011058
-3.9775	-0.19871	0.00096953
-3.9775	-0.036129	0.00087453
-3.9775	0.12645	0.00086117
-3.9775	0.61419	0.0033597
-3.9775	0.66839	0.014996
-3.9775	0.72258	0.026904
-3.9775	0.77677	0.02106
-3.9775	0.83097	0.0050499
-3.9775	0.88516	0.00085623
-3.9775	0.93935	0.0039841
-3.9775	0.99354	0.0018946
-3.9775	1.1019	0.0018804
-3.9775	1.1561	0.0011217
-3.9775	1.2645	0.00085804
-3.9418	-0.68645	0.0019382
-3.9418	-0.63226	0.0019037
-3.9418	-0.57806	0.00072662
-3.9418	-0.036129	0.00081412
-3.9418	0.12645	0.0011893
-3.9418	0.28903	0.0015928
-3.9418	0.39742	0.00077334
-3.9418	0.45161	0.0020874
-3.9418	0.56	0.00097764
-3.9418	0.61419	0.0039136
-3.9418	0.66839	0.0037536
-3.9418	0.72258	0.0025975
-3.9418	0.77677	0.0024585
-3.9418	0.83097	0.00080895
-3.9418	0.93935	0.0015498
-3.9418	0.99354	0.00073066
-3.9418	1.1019	0.0013074
-3.9418	1.1561	0.00069923
-3.9418	1.2645	0.00094418
-3.9418	1.4271	0.00079385
-3.9418	1.5897	0.00083003
-3.9418	1.7523	0.0007869
-3.9418	1.9148	0.0012995
-3.9418	1.969	0.002288
-3.9418	2.0232	0.0015649
-3.9061	-2.0413	0.00077364
-3.9061	-1.9871	0.0016489
-3.9061	-1.9329	0.0015452
-3.9061	-0.74065	0.0023499
-3.9061	-0.68645	0.0082356
-3.9061	-0.63226	0.011085
-3.9061	-0.57806	0.006765
-3.9061	-0.52387	0.0014805
-3.9061	0.12645	0.00093332
-3.9061	0.23484	0.00094364
-3.9061	0.28903	0.0020111
-3.9061	0.39742	0.001859
-3.9061	0.45161	0.0045982
-3.9061	0.50581	0.0011651
-3.9061	0.56	0.005733
-3.9061	0.61419	0.026916
-3.9061	0.66839	0.037742
-3.9061	0.72258	0.023322
-3.9061	0.77677	0.00588
-3.9061	1.5897	0.00098917
-3.9061	1.7523	0.0013433
-3.9061	1.8065	0.00080557
-3.9061	1.9148	0.0038848
-3.9061	1.969	0.007342
-3.9061	2.0232	0.0059114
-3.9061	2.0774	0.0022315
-3.8704	-2.0413	0.0010381
-3.8704	-1.9871	0.002281
-3.8704	-1.9329	0.0022587
-3.8704	-1.8787	0.0010004
-3.8704	-0.74065	0.0040474
-3.8704	-0.68645	0.014511
-3.8704	-0.63226	0.021396
-3.8704	-0.57806	0.01474
-3.8704	-0.52387	0.0036352
-3.8704	-0.41548	0.0010237
-3.8704	0.23484	0.00073408
-3.8704	0.28903	0.0014275
-3.8704	0.39742	0.0024266
-3.8704	0.45161	0.0053157
-3.8704	0.50581	0.0011191
-3.8704	0.56	0.012981
-3.8704	0.61419	0.059411
-3.8704	0.66839	0.092819
-3.8704	0.72258	0.068107
-3.8704	0.77677	0.021465
-3.8704	0.83097	0.0013257
-3.8704	0.88516	0.0011802
-3.8704	0.93935	0.0011228
-3.8704	1.5897	0.00078279
-3.8704	1.7523	0.0015383
-3.8704	1.8065	0.00078231
-3.8704	1.8606	0.00083609
-3.8704	1.9148	0.0069787
-3.8704	1.969	0.013242
-3.8704	2.0232	0.011198
-3.8704	2.0774	0.0044748
-3.8346	-2.0413	0.00076168
-3.8346	-1.9871	0.0018276
-3.8346	-1.9329	0.0019602
-3.8346	-1.8787	0.0009047
-3.8346	-0.74065	0.0038159
-3.8346	-0.68645	0.014271
-3.8346	-0.63226	0.02261
-3.8346	-0.57806	0.016591
-3.8346	-0.52387	0.0040767
-3.8346	-0.41548	0.0021879
-3.8346	-0.36129	0.0010631
-3.8346	-0.2529	0.00087621
-3.8346	0.39742	0.0016812
-3.8346	0.45161	0.0033913
-3.8346	0.50581	0.00072179
-3.8346	0.56	0.01623
-3.8346	0.61419	0.071766
-3.8346	0.66839	0.11782
-3.8346	0.72258	0.092407
-3.8346	0.77677	0.030569
-3.8346	0.83097	0.0017429
-3.8346	0.88516	0.0033758
-3.8346	0.93935	0.0032865
-3.8346	1.7523	0.0011347
-3.8346	1.8606	0.0011687
-3.8346	1.9148	0.0083453
-3.8346	1.969	0.015814
-3.8346	2.0232	0.013715
-3.8346	2.0774	0.0055573
-3.7989	-1.9329	0.00073381
-3.7989	-0.74065	0.0013616
-3.7989	-0.68645	0.0063957
-3.7989	-0.63226	0.012138
-3.7989	-0.57806	0.01005
-3.7989	-0.52387	0.0024715
-3.7989	-0.41548	0.0025071
-3.7989	-0.36129	0.0011337
-3.7989	-0.2529	0.0015963
-3.7989	-0.19871	0.00083392
-3.7989	-0.090324	0.0010338
-3.7989	0.45161	0.00082326
-3.7989	0.56	0.010796
-3.7989	0.61419	0.049429
-3.7989	0.66839	0.087941
-3.7989	0.72258	0.07404
-3.7989	0.77677	0.025048
-3.7989	0.83097	0.0013175
-3.7989	0.88516	0.0049752
-3.7989	0.93935	0.0044848
-3.7989	1.0477	0.0012934
-3.7989	1.1019	0.0014192
-3.7989	1.8606	0.00094293
-3.7989	1.9148	0.006178
-3.7989	1.969	0.012062
-3.7989	2.0232	0.01088
-3.7989	2.0774	0.0044685
-3.7632	-0.68645	0.00070845
-3.7632	-0.63226	0.0013165
-3.7632	-0.57806	0.0017308
-3.7632	-0.41548	0.0013544
-3.7632	-0.2529	0.0014947
-3.7632	-0.19871	0.00072238
-3.7632	-0.090324	0.0015323
-3.7632	-0.036129	0.00079241
-3.7632	0.072258	0.0014924
-3.7632	0.12645	0.00084708
-3.7632	0.23484	0.0010905
-3.7632	0.56	0.0017689
-3.7632	0.61419	0.011675
-3.7632	0.66839	0.028083
-3.7632	0.72258	0.029159
-3.7632	0.77677	0.01094
-3.7632	0.88516	0.0041309
-3.7632	0.93935	0.0035194
-3.7632	1.0477	0.0016928
-3.7632	1.1019	0.0017203
-3.7632	1.2103	0.0008172
-3.7632	1.2645	0.00085319
-3.7632	1.9148	0.0022377
-3.7632	1.969	0.0051398
-3.7632	2.0232	0.0052519
-3.7632	2.0774	0.0023038
-3.7275	-2.0955	0.0014921
-3.7275	-2.0413	0.004021
-3.7275	-1.9871	0.0041077
-3.7275	-1.9329	0.0018931
-3.7275	-0.90323	0.00084713
-3.7275	-0.79484	0.0013932
-3.7275	-0.74065	0.0075196
-3.7275	-0.68645	0.011669
-3.7275	-0.63226	0.0076895
-3.7275	-0.57806	0.0019771
-3.7275	-0.2529	0.00071354
-3.7275	-0.090324	0.0013404
-3.7275	0.072258	0.0020314
-3.7275	0.12645	0.0010388
-3.7275	0.23484	0.0026398
-3.7275	0.28903	0.0014852
-3.7275	0.39742	0.0033492
-3.7275	0.45161	0.0021574
-3.7275	0.56	0.0057673
-3.7275	0.61419	0.0078071
-3.7275	0.66839	0.0039516
-3.7275	0.72258	0.0022765
-3.7275	0.77677	0.0013207
-3.7275	0.88516	0.001469
-3.7275	0.93935	0.0013792
-3.7275	1.0477	0.0011673
-3.7275	1.1019	0.0011396
-3.7275	1.2103	0.00091185
-3.7275	1.2645	0.0008773
-3.7275	1.3729	0.00074175
-3.7275	1.4271	0.00072236
-3.7275	2.0232	0.00080636
-3.6917	-2.2581	0.00082562
-3.6917	-2.2039	0.00080067
-3.6917	-2.0955	0.004665
-3.6917	-2.0413	0.012402
-3.6917	-1.9871	0.013526
-3.6917	-1.9329	0.0069305
-3.6917	-1.8787	0.0013151
-3.6917	-0.90323	0.0012848
-3.6917	-0.79484	0.0040846
-3.6917	-0.74065	0.021981
-3.6917	-0.68645	0.039307
-3.6917	-0.63226	0.032521
-3.6917	-0.57806	0.011457
-3.6917	-0.52387	0.00080758
-3.6917	0.072258	0.001512
-3.6917	0.12645	0.00070009
-3.6917	0.23484	0.0033149
-3.6917	0.28903	0.0016409
-3.6917	0.34323	0.0013152
-3.6917	0.39742	0.0072963
-3.6917	0.45161	0.004315
-3.6917	0.50581	0.0036597
-3.6917	0.56	0.034096
-3.6917	0.61419	0.065451
-3.6917	0.66839	0.052426
-3.6917	0.72258	0.018072
-3.6917	0.77677	0.0017054
-3.6917	1.3729	0.00078549
-3.6917	1.4271	0.00069929
-3.6917	1.5355	0.00088227
-3.6917	1.5897	0.00081875
-3.6917	1.6981	0.00095954
-3.6917	1.7523	0.0010301
-3.6917	1.8606	0.0016508
-3.6917	1.9148	0.0037404
-3.6917	1.969	0.0029606
-3.6917	2.0232	0.00099041
-3.656	-2.2581	0.0015497
-3.656	-2.2039	0.0012319
-3.656	-2.1497	0.00089158
-3.656	-2.0955	0.011698
-3.656	-2.0413	0.029646
-3.656	-1.9871	0.032346
-3.656	-1.9329	0.016677
-3.656	-1.8787	0.0030191
-3.656	-0.90323	0.0012719
-3.656	-0.79484	0.007461
-3.656	-0.74065	0.038424
-3.656	-0.68645	0.071732
-3.656	-0.63226	0.063262
-3.656	-0.57806	0.023399
-3.656	-0.52387	0.0015026
-3.656	-0.46968	0.0029385
-3.656	-0.41548	0.0030703
-3.656	0.23484	0.0019978
-3.656	0.28903	0.00087229
-3.656	0.34323	0.001596
-3.656	0.39742	0.0074931
-3.656	0.45161	0.0037816
-3.656	0.50581	0.0077646
-3.656	0.56	0.064165
-3.656	0.61419	0.13288
-3.656	0.66839	0.12307
-3.656	0.72258	0.051794
-3.656	0.77677	0.0061354
-3.656	0.83097	0.0011361
-3.656	0.88516	0.0021976
-3.656	1.5355	0.00079965
-3.656	1.6981	0.0014277
-3.656	1.7523	0.0013938
-3.656	1.8606	0.0046502
-3.656	1.9148	0.011425
-3.656	1.969	0.011083
-3.656	2.0232	0.0049966
-3.656	2.0774	0.0008423
-3.6203	-2.2581	0.0017808
-3.6203	-2.2039	0.0011398
-3.6203	-2.1497	0.0016728
-3.6203	-2.0955	0.017574
-3.6203	-2.0413	0.042365
-3.6203	-1.9871	0.04552
-3.6203	-1.9329	0.022993
-3.6203	-1.8787	0.0037793
-3.6203	-1.7703	0.0011817
-3.6203	-0.79484	0.0078051
-3.6203	-0.74065	0.041092
-3.6203	-0.68645	0.082072
-3.6203	-0.63226	0.076928
-3.6203	-0.57806	0.028833
-3.6203	-0.52387	0.0016723
-3.6203	-0.46968	0.0067676
-3.6203	-0.41548	0.0065101
-3.6203	-0.3071	0.0025412
-3.6203	-0.2529	0.0028217
-3.6203	-0.14452	0.00097407
-3.6203	-0.090324	0.0010568
-3.6203	0.34323	0.0010264
-3.6203	0.39742	0.0045844
-3.6203	0.45161	0.0020092
-3.6203	0.50581	0.010189
-3.6203	0.56	0.076614
-3.6203	0.61419	0.16528
-3.6203	0.66839	0.16327
-3.6203	0.72258	0.072579
-3.6203	0.77677	0.0082047
-3.6203	0.83097	0.0033838
-3.6203	0.88516	0.0062702
-3.6203	0.93935	0.0012058
-3.6203	1.0477	0.001305
-3.6203	1.6981	0.0010429
-3.6203	1.7523	0.00090665
-3.6203	1.8606	0.0058698
-3.6203	1.9148	0.014537
-3.6203	1.969	0.015098
-3.6203	2.0232	0.00742
-3.6203	2.0774	0.0013315
-3.5846	-2.2581	0.0015774
-3.5846	-2.2039	0.00077412
-3.5846	-2.1497	0.0023224
-3.5846	-2.0955	0.019596
-3.5846	-2.0413	0.04423
-3.5846	-1.9871	0.045713
-3.5846	-1.9329	0.021931
-3.5846	-1.8787	0.0030935
-3.5846	-1.7703	0.0014928
-3.5846	-0.79484	0.0019622
-3.5846	-0.74065	0.013727
-3.5846	-0.68645	0.034347
-3.5846	-0.63226	0.037621
-3.5846	-0.57806	0.014974
-3.5846	-0.52387	0.00098525
-3.5846	-0.46968	0.0067257
-3.5846	-0.41548	0.0059354
-3.5846	-0.3071	0.0040051
-3.5846	-0.2529	0.004122
-3.5846	-0.14452	0.0026059
-3.5846	-0.090324	0.002854
-3.5846	0.018065	0.0016276
-3.5846	0.072258	0.0017929
-3.5846	0.50581	0.0054572
-3.5846	0.56	0.044604
-3.5846	0.61419	0.11048
-3.5846	0.66839	0.12286
-3.5846	0.72258	0.058722
-3.5846	0.77677	0.0060984
-3.5846	0.83097	0.0055122
-3.5846	0.88516	0.0091221
-3.5846	0.93935	0.0016055
-3.5846	0.99354	0.0016432
-3.5846	1.0477	0.0032345
-3.5846	1.2103	0.001128
-3.5846	1.8606	0.0049855
-3.5846	1.9148	0.012664
-3.5846	1.969	0.013899
-3.5846	2.0232	0.0071441
-3.5846	2.0774	0.0012522
-3.5488	-2.2581	0.0013907
-3.5488	-2.1497	0.0031732
-3.5488	-2.0955	0.022344
-3.5488	-2.0413	0.047601
-3.5488	-1.9871	0.047309
-3.5488	-1.9329	0.021381
-3.5488	-1.8787	0.0024988
-3.5488	-1.8245	0.00096875
-3.5488	-1.7703	0.0018573
-3.5488	-0.95742	0.0014544
-3.5488	-0.90323	0.00098385
-3.5488	-0.79484	0.0031833
-3.5488	-0.74065	0.0042653
-3.5488	-0.68645	0.0033628
-3.5488	-0.63226	0.0044351
-3.5488	-0.57806	0.0025835
-3.5488	-0.46968	0.0032654
-3.5488	-0.41548	0.0028398
-3.5488	-0.3071	0.0035155
-3.5488	-0.2529	0.0033012
-3.5488	-0.14452	0.0035395
-3.5488	-0.090324	0.0035282
-3.5488	0.018065	0.0034335
-3.5488	0.072258	0.0036501
-3.5488	0.18065	0.0028453
-3.5488	0.23484	0.0031978
-3.5488	0.34323	0.0019916
-3.5488	0.39742	0.0022087
-3.5488	0.50581	0.0010005
-3.5488	0.56	0.0041658
-3.5488	0.61419	0.01563
-3.5488	0.66839	0.026411
-3.5488	0.72258	0.016275
-3.5488	0.77677	0.0016926
-3.5488	0.83097	0.003656
-3.5488	0.88516	0.0056592
-3.5488	0.93935	0.00088758
-3.5488	0.99354	0.0018313
-3.5488	1.0477	0.0033013
-3.5488	1.1561	0.00096346
-3.5488	1.2103	0.0019086
-3.5488	1.3729	0.001047
-3.5488	1.8606	0.0017497
-3.5488	1.9148	0.0054686
-3.5488	1.969	0.0071466
-3.5488	2.0232	0.0041475
-3.5488	2.0774	0.00073644
-3.5131	-2.2581	0.00084253
-3.5131	-2.1497	0.0030154
-3.5131	-2.0955	0.018524
-3.5131	-2.0413	0.037948
-3.5131	-1.9871	0.036719
-3.5131	-1.9329	0.015733
-3.5131	-1.8787	0.0014978
-3.5131	-1.8245	0.0011692
-3.5131	-1.7703	0.0017635
-3.5131	-1.12	0.0017793
-3.5131	-1.0658	0.00097372
-3.5131	-1.0116	0.00099377
-3.5131	-0.95742	0.0059128
-3.5131	-0.90323	0.0037551
-3.5131	-0.84903	0.0037419
-3.5131	-0.79484	0.036908
-3.5131	-0.74065	0.075505
-3.5131	-0.68645	0.064081
-3.5131	-0.63226	0.023331
-3.5131	-0.57806	0.0024427
-3.5131	-0.3071	0.0017645
-3.5131	-0.2529	0.0017238
-3.5131	-0.14452	0.0035541
-3.5131	-0.090324	0.0032892
-3.5131	0.018065	0.0052962
-3.5131	0.072258	0.0050996
-3.5131	0.18065	0.0070176
-3.5131	0.23484	0.0073186
-3.5131	0.28903	0.00090671
-3.5131	0.34323	0.009532
-3.5131	0.39742	0.011461
-3.5131	0.45161	0.0015434
-3.5131	0.50581	0.020853
-3.5131	0.56	0.050846
-3.5131	0.61419	0.041811
-3.5131	0.66839	0.013895
-3.5131	0.72258	0.0018122
-3.5131	0.83097	0.00075758
-3.5131	0.88516	0.0014452
-3.5131	0.99354	0.0010855
-3.5131	1.0477	0.0018835
-3.5131	1.1561	0.00098267
-3.5131	1.2103	0.0017599
-3.5131	1.3187	0.00077214
-3.5131	1.3729	0.0014745
-3.5131	1.5355	0.0010426
-3.4774	-2.1497	0.0023204
-3.4774	-2.0955	0.012686
-3.4774	-2.0413	0.024988
-3.4774	-1.9871	0.023366
-3.4774	-1.9329	0.0093245
-3.4774	-1.8245	0.0010939
-3.4774	-1.7703	0.0013014
-3.4774	-1.12	0.0027129
-3.4774	-1.0658	0.0011666
-3.4774	-1.0116	0.0024408
-3.4774	-0.95742	0.011653
-3.4774	-0.90323	0.0060833
-3.4774	-0.84903	0.013452
-3.4774	-0.79484	0.11677
-3.4774	-0.74065	0.25585
-3.4774	-0.68645	0.25209
-3.4774	-0.63226	0.11418
-3.4774	-0.57806	0.015324
-3.4774	-0.52387	0.002142
-3.4774	-0.46968	0.004926
-3.4774	-0.41548	0.0010138
-3.4774	-0.14452	0.0012929
-3.4774	-0.090324	0.0013487
-3.4774	0.018065	0.0041772
-3.4774	0.072258	0.0038432
-3.4774	0.12645	0.00090855
-3.4774	0.18065	0.0095124
-3.4774	0.23484	0.009062
-3.4774	0.28903	0.0018032
-3.4774	0.34323	0.021112
-3.4774	0.39742	0.023609
-3.4774	0.45161	0.0050729
-3.4774	0.50581	0.091949
-3.4774	0.56	0.25629
-3.4774	0.61419	0.28014
-3.4774	0.66839	0.1423
-3.4774	0.72258	0.027244
-3.4774	0.77677	0.00071225
-3.4774	0.83097	0.0016638
-3.4774	1.2103	0.0011248
-3.4774	1.3187	0.00088804
-3.4774	1.3729	0.0015482
-3.4774	1.4813	0.00094493
-3.4774	1.5355	0.001749
-3.4774	1.6439	0.00095555
-3.4774	1.6981	0.0020293
-3.4774	1.8065	0.0014281
-3.4774	1.8606	0.0053942
-3.4774	1.9148	0.0057326
-3.4774	1.969	0.0025337
-3.4416	-2.1497	0.0016864
-3.4416	-2.0955	0.0087959
-3.4416	-2.0413	0.017357
-3.4416	-1.9871	0.016112
-3.4416	-1.9329	0.0060529
-3.4416	-1.8245	0.0011309
-3.4416	-1.7703	0.0010839
-3.4416	-1.1742	0.0012728
-3.4416	-1.12	0.0041058
-3.4416	-1.0658	0.001301
-3.4416	-1.0116	0.0054714
-3.4416	-0.95742	0.020429
-3.4416	-0.90323	0.0080529
-3.4416	-0.84903	0.037566
-3.4416	-0.79484	0.27264
-3.4416	-0.74065	0.57907
-3.4416	-0.68645	0.57387
-3.4416	-0.63226	0.26187
-3.4416	-0.57806	0.032231
-3.4416	-0.52387	0.010669
-3.4416	-0.46968	0.022406
-3.4416	-0.41548	0.0049838
-3.4416	-0.36129	0.0018445
-3.4416	-0.3071	0.0043578
-3.4416	-0.2529	0.00097072
-3.4416	0.018065	0.00077805
-3.4416	0.072258	0.00087747
-3.4416	0.18065	0.0049888
-3.4416	0.23484	0.0045011
-3.4416	0.28903	0.0018343
-3.4416	0.34323	0.019244
-3.4416	0.39742	0.019434
-3.4416	0.45161	0.0083841
-3.4416	0.50581	0.14279
-3.4416	0.56	0.40801
-3.4416	0.61419	0.48734
-3.4416	0.66839	0.27705
-3.4416	0.72258	0.058296
-3.4416	0.77677	0.002349
-3.4416	0.83097	0.010239
-3.4416	0.88516	0.0045567
-3.4416	0.99354	0.0010032
-3.4416	1.3729	0.00075171
-3.4416	1.4813	0.00095988
-3.4416	1.5355	0.0016564
-3.4416	1.6439	0.001708
-3.4416	1.6981	0.0032751
-3.4416	1.8065	0.0048059
-3.4416	1.8606	0.018207
-3.4416	1.9148	0.022687
-3.4416	1.969	0.012939
-3.4416	2.0232	0.0030696
-3.4059	-2.0955	0.0030062
-3.4059	-2.0413	0.006792
-3.4059	-1.9871	0.0069076
-3.4059	-1.9329	0.0026177
-3.4059	-1.8245	0.00086362
-3.4059	-1.7703	0.00070993
-3.4059	-1.2826	0.00093519
-3.4059	-1.1742	0.0025908
-3.4059	-1.12	0.0067162
-3.4059	-1.0658	0.0015926
-3.4059	-1.0116	0.013119
-3.4059	-0.95742	0.039305
-3.4059	-0.90323	0.011562
-3.4059	-0.84903	0.11098
-3.4059	-0.79484	0.68634
-3.4059	-0.74065	1.3897
-3.4059	-0.68645	1.3398
-3.4059	-0.63226	0.58376
-3.4059	-0.57806	0.05958
-3.4059	-0.52387	0.041724
-3.4059	-0.46968	0.071077
-3.4059	-0.41548	0.013219
-3.4059	-0.36129	0.010621
-3.4059	-0.3071	0.022269
-3.4059	-0.2529	0.0048552
-3.4059	-0.19871	0.0032641
-3.4059	-0.14452	0.0071756
-3.4059	-0.090324	0.0015126
-3.4059	-0.036129	0.00086013
-3.4059	0.018065	0.0015585
-3.4059	0.18065	0.0006976
-3.4059	0.23484	0.00081763
-3.4059	0.28903	0.00095331
-3.4059	0.34323	0.0094592
-3.4059	0.39742	0.0089886
-3.4059	0.45161	0.0091627
-3.4059	0.50581	0.1332
-3.4059	0.56	0.38318
-3.4059	0.61419	0.47639
-3.4059	0.66839	0.28002
-3.4059	0.72258	0.056908
-3.4059	0.77677	0.0041592
-3.4059	0.83097	0.01876
-3.4059	0.88516	0.0080111
-3.4059	0.93935	0.00074877
-3.4059	0.99354	0.003994
-3.4059	1.0477	0.0019043
-3.4059	1.1561	0.00075539
-3.4059	1.6439	0.0010591
-3.4059	1.6981	0.0019346
-3.4059	1.8065	0.0056958
-3.4059	1.8606	0.021464
-3.4059	1.9148	0.029029
-3.4059	1.969	0.018372
-3.4059	2.0232	0.0047918
-3.3702	-1.1742	0.0028911
-3.3702	-1.12	0.0063214
-3.3702	-1.0658	0.0012811
-3.3702	-1.0116	0.018689
-3.3702	-0.95742	0.047276
-3.3702	-0.90323	0.011401
-3.3702	-0.84903	0.21024
-3.3702	-0.79484	1.1723
-3.3702	-0.74065	2.3302
-3.3702	-0.68645	2.2305
-3.3702	-0.63226	0.93783
-3.3702	-0.57806	0.078433
-3.3702	-0.52387	0.1131
-3.3702	-0.46968	0.15997
-3.3702	-0.41548	0.023851
-3.3702	-0.36129	0.03924
-3.3702	-0.3071	0.069223
-3.3702	-0.2529	0.012561
-3.3702	-0.19871	0.017845
-3.3702	-0.14452	0.035125
-3.3702	-0.090324	0.0069244
-3.3702	-0.036129	0.0087517
-3.3702	0.018065	0.018037
-3.3702	0.072258	0.0038719
-3.3702	0.12645	0.0029947
-3.3702	0.18065	0.0060228
-3.3702	0.23484	0.0011395
-3.3702	0.34323	0.0013747
-3.3702	0.39742	0.0014001
-3.3702	0.45161	0.0051964
-3.3702	0.50581	0.079991
-3.3702	0.56	0.26547
-3.3702	0.61419	0.37059
-3.3702	0.66839	0.23306
-3.3702	0.72258	0.045181
-3.3702	0.77677	0.0070606
-3.3702	0.83097	0.026509
-3.3702	0.88516	0.0099693
-3.3702	0.93935	0.0018156
-3.3702	0.99354	0.008482
-3.3702	1.0477	0.0037406
-3.3702	1.1561	0.0029456
-3.3702	1.2103	0.0013558
-3.3702	1.3187	0.00091797
-3.3702	1.8065	0.0029326
-3.3702	1.8606	0.011508
-3.3702	1.9148	0.016907
-3.3702	1.969	0.011514
-3.3702	2.0232	0.0030801
-3.3345	-2.0955	0.0007975
-3.3345	-1.1742	0.0015876
-3.3345	-1.12	0.0028804
-3.3345	-1.0116	0.01265
-3.3345	-0.95742	0.02674
-3.3345	-0.90323	0.0064667
-3.3345	-0.84903	0.18384
-3.3345	-0.79484	0.93167
-3.3345	-0.74065	1.8077
-3.3345	-0.68645	1.7036
-3.3345	-0.63226	0.68113
-3.3345	-0.57806	0.046262
-3.3345	-0.52387	0.13311
-3.3345	-0.46968	0.15845
-3.3345	-0.41548	0.018733
-3.3345	-0.36129	0.060996
-3.3345	-0.3071	0.091136
-3.3345	-0.2529	0.013305
-3.3345	-0.19871	0.037913
-3.3345	-0.14452	0.064472
-3.3345	-0.090324	0.010608
-3.3345	-0.036129	0.027368
-3.3345	0.018065	0.051279
-3.3345	0.072258	0.0098153
-3.3345	0.12645	0.018208
-3.3345	0.18065	0.038064
-3.3345	0.23484	0.0081443
-3.3345	0.28903	0.011372
-3.3345	0.34323	0.025307
-3.3345	0.39742	0.0057129
-3.3345	0.45161	0.0056323
-3.3345	0.50581	0.017872
-3.3345	0.56	0.043283
-3.3345	0.61419	0.097038
-3.3345	0.66839	0.088328
-3.3345	0.72258	0.019507
-3.3345	0.77677	0.0077464
-3.3345	0.83097	0.025656
-3.3345	0.88516	0.0088839
-3.3345	0.93935	0.0034492
-3.3345	0.99354	0.013474
-3.3345	1.0477	0.0052999
-3.3345	1.1019	0.0016353
-3.3345	1.1561	0.0071588
-3.3345	1.2103	0.0030181
-3.3345	1.2645	0.00079085
-3.3345	1.3187	0.0037167
-3.3345	1.3729	0.0016842
-3.3345	1.4813	0.0015439
-3.3345	1.5355	0.00070813
-3.3345	1.8606	0.0026061
-3.3345	1.9148	0.0053171
-3.3345	1.969	0.0044811
-3.3345	2.0232	0.0013078
-3.2987	-2.1497	0.00096264
-3.2987	-2.0955	0.0021134
-3.2987	-2.0413	0.0020554
-3.2987	-1.9871	0.0009128
-3.2987	-1.1742	0.00076423
-3.2987	-1.12	0.0011367
-3.2987	-1.0116	0.0073929
-3.2987	-0.95742	0.012793
-3.2987	-0.90323	0.0044307
-3.2987	-0.84903	0.13316
-3.2987	-0.79484	0.60706
-3.2987	-0.74065	1.1227
-3.2987	-0.68645	1.0104
-3.2987	-0.63226	0.36795
-3.2987	-0.57806	0.02124
-3.2987	-0.52387	0.10907
-3.2987	-0.46968	0.10593
-3.2987	-0.41548	0.010084
-3.2987	-0.36129	0.059447
-3.2987	-0.3071	0.072533
-3.2987	-0.2529	0.0083058
-3.2987	-0.19871	0.044431
-3.2987	-0.14452	0.062253
-3.2987	-0.090324	0.0080514
-3.2987	-0.036129	0.040126
-3.2987	0.018065	0.063288
-3.2987	0.072258	0.0095874
-3.2987	0.12645	0.037418
-3.2987	0.18065	0.068222
-3.2987	0.23484	0.012276
-3.2987	0.28903	0.039916
-3.2987	0.34323	0.08728
-3.2987	0.39742	0.019749
-3.2987	0.45161	0.069896
-3.2987	0.50581	0.27575
-3.2987	0.56	0.3056
-3.2987	0.61419	0.13897
-3.2987	0.66839	0.024174
-3.2987	0.72258	0.0013183
-3.2987	0.77677	0.0013724
-3.2987	0.83097	0.0057633
-3.2987	0.88516	0.0023219
-3.2987	0.93935	0.0022579
-3.2987	0.99354	0.0083861
-3.2987	1.0477	0.0031548
-3.2987	1.1019	0.0020948
-3.2987	1.1561	0.0080384
-3.2987	1.2103	0.0031133
-3.2987	1.2645	0.0016495
-3.2987	1.3187	0.0067637
-3.2987	1.3729	0.0028227
-3.2987	1.4271	0.001108
-3.2987	1.4813	0.0050569
-3.2987	1.5355	0.0022912
-3.2987	1.5897	0.00072005
-3.2987	1.6439	0.0037216
-3.2987	1.6981	0.001899
-3.2987	1.8065	0.0039662
-3.2987	1.8606	0.0045003
-3.2987	1.9148	0.0018189
-3.263	-2.1497	0.0012245
-3.263	-2.0955	0.0028097
-3.263	-2.0413	0.0029506
-3.263	-1.9871	0.0014136
-3.263	-1.0116	0.0047001
-3.263	-0.95742	0.0067517
-3.263	-0.90323	0.0044679
-3.263	-0.84903	0.1114
-3.263	-0.79484	0.46663
-3.263	-0.74065	0.82793
-3.263	-0.68645	0.71081
-3.263	-0.63226	0.23201
-3.263	-0.57806	0.014887
-3.263	-0.52387	0.10265
-3.263	-0.46968	0.080835
-3.263	-0.41548	0.0076992
-3.263	-0.36129	0.064405
-3.263	-0.3071	0.063363
-3.263	-0.2529	0.0065435
-3.263	-0.19871	0.054655
-3.263	-0.14452	0.061701
-3.263	-0.090324	0.0068454
-3.263	-0.036129	0.056646
-3.263	0.018065	0.072443
-3.263	0.072258	0.0087592
-3.263	0.12645	0.063807
-3.263	0.18065	0.095341
-3.263	0.23484	0.013446
-3.263	0.28903	0.087788
-3.263	0.34323	0.16315
-3.263	0.39742	0.029868
-3.263	0.45161	0.24508
-3.263	0.50581	0.96587
-3.263	0.56	1.2761
-3.263	0.61419	0.78764
-3.263	0.66839	0.20874
-3.263	0.72258	0.011214
-3.263	0.77677	0.0056513
-3.263	0.83097	0.0040154
-3.263	0.99354	0.00092653
-3.263	1.1019	0.00077146
-3.263	1.1561	0.0029403
-3.263	1.2103	0.0010965
-3.263	1.2645	0.00121
-3.263	1.3187	0.0044142
-3.263	1.3729	0.001644
-3.263	1.4271	0.0014013
-3.263	1.4813	0.0054507
-3.263	1.5355	0.0022107
-3.263	1.5897	0.0015395
-3.263	1.6439	0.0069855
-3.263	1.6981	0.0033878
-3.263	1.7523	0.002519
-3.263	1.8065	0.019117
-3.263	1.8606	0.030316
-3.263	1.9148	0.020187
-3.263	1.969	0.0058869
-3.2273	-2.0955	0.0015727
-3.2273	-2.0413	0.0017493
-3.2273	-1.9871	0.00086742
-3.2273	-1.0116	0.0021297
-3.2273	-0.95742	0.0027509
-3.2273	-0.90323	0.0040401
-3.2273	-0.84903	0.083937
-3.2273	-0.79484	0.34507
-3.2273	-0.74065	0.61638
-3.2273	-0.68645	0.52391
-3.2273	-0.63226	0.15603
-3.2273	-0.57806	0.016316
-3.2273	-0.52387	0.10833
-3.2273	-0.46968	0.070604
-3.2273	-0.41548	0.0097776
-3.2273	-0.36129	0.082626
-3.2273	-0.3071	0.066349
-3.2273	-0.2529	0.0086717
-3.2273	-0.19871	0.081757
-3.2273	-0.14452	0.074712
-3.2273	-0.090324	0.0096216
-3.2273	-0.036129	0.097016
-3.2273	0.018065	0.10025
-3.2273	0.072258	0.012221
-3.2273	0.12645	0.12739
-3.2273	0.18065	0.15408
-3.2273	0.23484	0.019519
-3.2273	0.28903	0.20786
-3.2273	0.34323	0.31723
-3.2273	0.39742	0.050167
-3.2273	0.45161	0.75821
-3.2273	0.50581	2.7201
-3.2273	0.56	3.612
-3.2273	0.61419	2.3148
-3.2273	0.66839	0.63612
-3.2273	0.72258	0.03109
-3.2273	0.77677	0.041979
-3.2273	0.83097	0.034263
-3.2273	0.88516	0.0026781
-3.2273	0.93935	0.0035948
-3.2273	0.99354	0.0029016
-3.2273	1.3187	0.0013456
-3.2273	1.4271	0.00094698
-3.2273	1.4813	0.0032029
-3.2273	1.5355	0.001105
-3.2273	1.5897	0.0016846
-3.2273	1.6439	0.0063535
-3.2273	1.6981	0.0025985
-3.2273	1.7523	0.0044354
-3.2273	1.8065	0.029696
-3.2273	1.8606	0.050124
-3.2273	1.9148	0.037906
-3.2273	1.969	0.013113
-3.2273	2.0232	0.0013278
-3.1916	-0.90323	0.0012259
-3.1916	-0.84903	0.024596
-3.1916	-0.79484	0.11063
-3.1916	-0.74065	0.21579
-3.1916	-0.68645	0.1937
-3.1916	-0.63226	0.05483
-3.1916	-0.57806	0.011909
-3.1916	-0.52387	0.066407
-3.1916	-0.46968	0.037484
-3.1916	-0.41548	0.0099366
-3.1916	-0.36129	0.070885
-3.1916	-0.3071	0.048608
-3.1916	-0.2529	0.011168
-3.1916	-0.19871	0.093354
-3.1916	-0.14452	0.072205
-3.1916	-0.090324	0.015237
-3.1916	-0.036129	0.14212
-3.1916	0.018065	0.12342
-3.1916	0.072258	0.022359
-3.1916	0.12645	0.23831
-3.1916	0.18065	0.24087
-3.1916	0.23484	0.03911
-3.1916	0.28903	0.4895
-3.1916	0.34323	0.62448
-3.1916	0.39742	0.11738
-3.1916	0.45161	2.3508
-3.1916	0.50581	7.7222
-3.1916	0.56	10.054
-3.1916	0.61419	6.3773
-3.1916	0.66839	1.6738
-3.1916	0.72258	0.068681
-3.1916	0.77677	0.19174
-3.1916	0.83097	0.13876
-3.1916	0.88516	0.0094743
-3.1916	0.93935	0.028765
-3.1916	0.99354	0.024559
-3.1916	1.0477	0.0018894
-3.1916	1.1019	0.0046042
-3.1916	1.1561	0.0037366
-3.1916	1.4813	0.0010201
-3.1916	1.5897	0.0013117
-3.1916	1.6439	0.0044394
-3.1916	1.6981	0.001514
-3.1916	1.7523	0.005969
-3.1916	1.8065	0.035248
-3.1916	1.8606	0.060026
-3.1916	1.9148	0.046927
-3.1916	1.969	0.016607
-3.1916	2.0232	0.0015428
-3.1558	-0.84903	0.0014444
-3.1558	-0.79484	0.0093878
-3.1558	-0.74065	0.025152
-3.1558	-0.68645	0.02714
-3.1558	-0.63226	0.0075754
-3.1558	-0.57806	0.0040355
-3.1558	-0.52387	0.018056
-3.1558	-0.46968	0.0086116
-3.1558	-0.41548	0.0049506
-3.1558	-0.36129	0.027332
-3.1558	-0.3071	0.015551
-3.1558	-0.2529	0.0072638
-3.1558	-0.19871	0.047478
-3.1558	-0.14452	0.030659
-3.1558	-0.090324	0.012385
-3.1558	-0.036129	0.093019
-3.1558	0.018065	0.068183
-3.1558	0.072258	0.023083
-3.1558	0.12645	0.20602
-3.1558	0.18065	0.17805
-3.1558	0.23484	0.050265
-3.1558	0.28903	0.57029
-3.1558	0.34323	0.63024
-3.1558	0.39742	0.19995
-3.1558	0.45161	3.9482
-3.1558	0.50581	12.508
-3.1558	0.56	16.542
-3.1558	0.61419	10.676
-3.1558	0.66839	2.7138
-3.1558	0.72258	0.11374
-3.1558	0.77677	0.53049
-3.1558	0.83097	0.33981
-3.1558	0.88516	0.022348
-3.1558	0.93935	0.11959
-3.1558	0.99354	0.092889
-3.1558	1.0477	0.0067899
-3.1558	1.1019	0.032974
-3.1558	1.1561	0.027362
-3.1558	1.2103	0.002022
-3.1558	1.2645	0.0090836
-3.1558	1.3187	0.0074391
-3.1558	1.4271	0.001338
-3.1558	1.4813	0.00086777
-3.1558	1.6439	0.0013502
-3.1558	1.7523	0.0055722
-3.1558	1.8065	0.033131
-3.1558	1.8606	0.060755
-3.1558	1.9148	0.0505
-3.1558	1.969	0.018205
-3.1558	2.0232	0.0014654
-3.1558	2.0774	0.00084367
-3.1558	2.1316	0.00108
-3.1201	-2.1497	0.0012262
-3.1201	-2.0955	0.0012942
-3.1201	-1.0116	0.0010294
-3.1201	-0.90323	0.0016798
-3.1201	-0.84903	0.0082157
-3.1201	-0.79484	0.011138
-3.1201	-0.74065	0.0060876
-3.1201	-0.68645	0.0016479
-3.1201	-0.52387	0.0027086
-3.1201	-0.46968	0.0011686
-3.1201	-0.41548	0.001809
-3.1201	-0.36129	0.0078155
-3.1201	-0.3071	0.0035793
-3.1201	-0.2529	0.003721
-3.1201	-0.19871	0.018117
-3.1201	-0.14452	0.009243
-3.1201	-0.090324	0.007476
-3.1201	-0.036129	0.041741
-3.1201	0.018065	0.024175
-3.1201	0.072258	0.016129
-3.1201	0.12645	0.107
-3.1201	0.18065	0.073992
-3.1201	0.23484	0.040124
-3.1201	0.28903	0.34711
-3.1201	0.34323	0.31263
-3.1201	0.39742	0.19236
-3.1201	0.45161	3.0652
-3.1201	0.50581	9.0952
-3.1201	0.56	11.812
-3.1201	0.61419	7.4983
-3.1201	0.66839	1.771
-3.1201	0.72258	0.10196
-3.1201	0.77677	0.55938
-3.1201	0.83097	0.31248
-3.1201	0.88516	0.025951
-3.1201	0.93935	0.17727
-3.1201	0.99354	0.12278
-3.1201	1.0477	0.010397
-3.1201	1.1019	0.073824
-3.1201	1.1561	0.056825
-3.1201	1.2103	0.0048555
-3.1201	1.2645	0.034714
-3.1201	1.3187	0.028799
-3.1201	1.3729	0.0023332
-3.1201	1.4271	0.013937
-3.1201	1.4813	0.012124
-3.1201	1.5355	0.00094365
-3.1201	1.5897	0.004215
-3.1201	1.6439	0.0033585
-3.1201	1.7523	0.0012211
-3.1201	1.8065	0.0089747
-3.1201	1.8606	0.025843
-3.1201	1.9148	0.02951
-3.1201	1.969	0.012715
-3.1201	2.0232	0.00096346
-3.1201	2.0774	0.0013057
-3.1201	2.1316	0.0014754
-3.0844	-2.2039	0.0010149
-3.0844	-2.1497	0.0031592
-3.0844	-2.0955	0.0040008
-3.0844	-2.0413	0.0023769
-3.0844	-1.0658	0.0010193
-3.0844	-1.0116	0.0025999
-3.0844	-0.90323	0.0084388
-3.0844	-0.84903	0.043875
-3.0844	-0.79484	0.076683
-3.0844	-0.74065	0.062149
-3.0844	-0.68645	0.021705
-3.0844	-0.63226	0.0016842
-3.0844	-0.36129	0.0011895
-3.0844	-0.2529	0.0015976
-3.0844	-0.19871	0.0062554
-3.0844	-0.14452	0.0025599
-3.0844	-0.090324	0.0045694
-3.0844	-0.036129	0.019509
-3.0844	0.018065	0.0087833
-3.0844	0.072258	0.011966
-3.0844	0.12645	0.059022
-3.0844	0.18065	0.031648
-3.0844	0.23484	0.033787
-3.0844	0.28903	0.21486
-3.0844	0.34323	0.15078
-3.0844	0.39742	0.18448
-3.0844	0.45161	2.2297
-3.0844	0.50581	6.0047
-3.0844	0.56	7.3311
-3.0844	0.61419	4.3431
-3.0844	0.66839	0.88577
-3.0844	0.72258	0.088589
-3.0844	0.77677	0.40707
-3.0844	0.83097	0.18452
-3.0844	0.88516	0.024702
-3.0844	0.93935	0.14976
-3.0844	0.99354	0.085395
-3.0844	1.0477	0.010731
-3.0844	1.1019	0.075592
-3.0844	1.1561	0.049208
-3.0844	1.2103	0.0059681
-3.0844	1.2645	0.046196
-3.0844	1.3187	0.033886
-3.0844	1.3729	0.003518
-3.0844	1.4271	0.028787
-3.0844	1.4813	0.023908
-3.0844	1.5355	0.0023295
-3.0844	1.5897	0.019334
-3.0844	1.6439	0.018554
-3.0844	1.6981	0.0019337
-3.0844	1.7523	0.019101
-3.0844	1.8065	0.034042
-3.0844	1.8606	0.019187
-3.0844	1.9148	0.004832
-3.0844	1.969	0.0013059
-3.0844	2.1316	0.0007317
-3.0487	-2.1497	0.0021625
-3.0487	-2.0955	0.002921
-3.0487	-2.0413	0.0018737
-3.0487	-1.0658	0.0016384
-3.0487	-1.0116	0.0037883
-3.0487	-0.95742	0.00090604
-3.0487	-0.90323	0.023286
-3.0487	-0.84903	0.11921
-3.0487	-0.79484	0.22428
-3.0487	-0.74065	0.20115
-3.0487	-0.68645	0.077353
-3.0487	-0.63226	0.0056619
-3.0487	-0.57806	0.0076449
-3.0487	-0.52387	0.0089348
-3.0487	-0.46968	0.001126
-3.0487	-0.41548	0.00098667
-3.0487	-0.36129	0.001171
-3.0487	-0.19871	0.00088965
-3.0487	-0.090324	0.0020944
-3.0487	-0.036129	0.0077038
-3.0487	0.018065	0.0028197
-3.0487	0.072258	0.0087926
-3.0487	0.12645	0.034309
-3.0487	0.18065	0.01432
-3.0487	0.23484	0.031351
-3.0487	0.28903	0.1522
-3.0487	0.34323	0.082217
-3.0487	0.39742	0.20331
-3.0487	0.45161	1.9211
-3.0487	0.50581	4.7365
-3.0487	0.56	5.4278
-3.0487	0.61419	2.9728
-3.0487	0.66839	0.50724
-3.0487	0.72258	0.098233
-3.0487	0.77677	0.33347
-3.0487	0.83097	0.11904
-3.0487	0.88516	0.029451
-3.0487	0.93935	0.13352
-3.0487	0.99354	0.060206
-3.0487	1.0477	0.013459
-3.0487	1.1019	0.073698
-3.0487	1.1561	0.038359
-3.0487	1.2103	0.0079853
-3.0487	1.2645	0.050218
-3.0487	1.3187	0.030038
-3.0487	1.3729	0.0050682
-3.0487	1.4271	0.037653
-3.0487	1.4813	0.026282
-3.0487	1.5355	0.0038638
-3.0487	1.5897	0.034288
-3.0487	1.6439	0.029572
-3.0487	1.6981	0.0047489
-3.0487	1.7523	0.065716
-3.0487	1.8065	0.14107
-3.0487	1.8606	0.11731
-3.0487	1.9148	0.044603
-3.0487	1.969	0.0062593
-3.0129	-2.1497	0.00096752
-3.0129	-2.0955	0.0013098
-3.0129	-2.0413	0.00083635
-3.0129	-1.0116	0.0013972
-3.0129	-0.90323	0.018685
-3.0129	-0.84903	0.10043
-3.0129	-0.79484	0.21054
-3.0129	-0.74065	0.21115
-3.0129	-0.68645	0.087324
-3.0129	-0.63226	0.0059027
-3.0129	-0.57806	0.018999
-3.0129	-0.52387	0.021466
-3.0129	-0.46968	0.0024323
-3.0129	-0.41548	0.0070353
-3.0129	-0.36129	0.009225
-3.0129	-0.3071	0.001243
-3.0129	-0.2529	0.0020505
-3.0129	-0.19871	0.002426
-3.0129	-0.036129	0.00089665
-3.0129	0.072258	0.0039432
-3.0129	0.12645	0.014491
-3.0129	0.18065	0.0051639
-3.0129	0.23484	0.026344
-3.0129	0.28903	0.10659
-3.0129	0.34323	0.045257
-3.0129	0.39742	0.23742
-3.0129	0.45161	1.8675
-3.0129	0.50581	4.3386
-3.0129	0.56	4.7468
-3.0129	0.61419	2.4207
-3.0129	0.66839	0.33852
-3.0129	0.72258	0.13106
-3.0129	0.77677	0.32682
-3.0129	0.83097	0.090143
-3.0129	0.88516	0.043026
-3.0129	0.93935	0.14175
-3.0129	0.99354	0.049414
-3.0129	1.0477	0.020986
-3.0129	1.1019	0.083623
-3.0129	1.1561	0.033888
-3.0129	1.2103	0.013158
-3.0129	1.2645	0.060966
-3.0129	1.3187	0.028743
-3.0129	1.3729	0.009036
-3.0129	1.4271	0.050753
-3.0129	1.4813	0.028407
-3.0129	1.5355	0.0075573
-3.0129	1.5897	0.053853
-3.0129	1.6439	0.038323
-3.0129	1.6981	0.011363
-3.0129	1.7523	0.13996
-3.0129	1.8065	0.29202
-3.0129	1.8606	0.25542
-3.0129	1.9148	0.10657
-3.0129	1.969	0.016557
-3.0129	2.0774	0.0013724
-2.9772	-0.90323	0.0038558
-2.9772	-0.84903	0.022401
-2.9772	-0.79484	0.052625
-2.9772	-0.74065	0.058296
-2.9772	-0.68645	0.02511
-2.9772	-0.63226	0.0017275
-2.9772	-0.57806	0.010817
-2.9772	-0.52387	0.011372
-2.9772	-0.46968	0.0012167
-2.9772	-0.41548	0.0076556
-2.9772	-0.36129	0.0095297
-2.9772	-0.3071	0.0011759
-2.9772	-0.2529	0.0056762
-2.9772	-0.19871	0.0073148
-2.9772	-0.14452	0.00094712
-2.9772	-0.090324	0.0035204
-2.9772	-0.036129	0.0039222
-2.9772	0.072258	0.00098974
-2.9772	0.12645	0.0013102
-2.9772	0.23484	0.0082533
-2.9772	0.28903	0.036198
-2.9772	0.34323	0.014404
-2.9772	0.39742	0.18669
-2.9772	0.45161	1.4203
-2.9772	0.50581	3.4374
-2.9772	0.56	3.877
-2.9772	0.61419	1.9469
-2.9772	0.66839	0.22671
-2.9772	0.72258	0.1843
-2.9772	0.77677	0.35555
-2.9772	0.83097	0.075562
-2.9772	0.88516	0.072016
-2.9772	0.93935	0.17746
-2.9772	0.99354	0.047082
-2.9772	1.0477	0.038958
-2.9772	1.1019	0.114
-2.9772	1.1561	0.035163
-2.9772	1.2103	0.02605
-2.9772	1.2645	0.088253
-2.9772	1.3187	0.031897
-2.9772	1.3729	0.019336
-2.9772	1.4271	0.079032
-2.9772	1.4813	0.0344
-2.9772	1.5355	0.017537
-2.9772	1.5897	0.0922
-2.9772	1.6439	0.052012
-2.9772	1.6981	0.030482
-2.9772	1.7523	0.29193
-2.9772	1.8065	0.56458
-2.9772	1.8606	0.48045
-2.9772	1.9148	0.19624
-2.9772	1.969	0.028225
-2.9772	2.0232	0.0012592
-2.9772	2.0774	0.0041755
-2.9772	2.1316	0.0012656
-2.9415	-0.84903	0.0018194
-2.9415	-0.79484	0.0051568
-2.9415	-0.74065	0.0070283
-2.9415	-0.68645	0.0033446
-2.9415	-0.57806	0.0028636
-2.9415	-0.52387	0.0027326
-2.9415	-0.41548	0.0032726
-2.9415	-0.36129	0.0035506
-2.9415	-0.2529	0.0039507
-2.9415	-0.19871	0.0045269
-2.9415	-0.090324	0.0048219
-2.9415	-0.036129	0.0055786
-2.9415	0.072258	0.0048085
-2.9415	0.12645	0.0053277
-2.9415	0.23484	0.0026529
-2.9415	0.28903	0.0025327
-2.9415	0.39742	0.023272
-2.9415	0.45161	0.2412
-2.9415	0.50581	0.78233
-2.9415	0.56	1.1025
-2.9415	0.61419	0.63429
-2.9415	0.66839	0.068507
-2.9415	0.72258	0.13247
-2.9415	0.77677	0.22639
-2.9415	0.83097	0.040015
-2.9415	0.88516	0.083996
-2.9415	0.93935	0.17277
-2.9415	0.99354	0.036662
-2.9415	1.0477	0.063694
-2.9415	1.1019	0.14868
-2.9415	1.1561	0.03578
-2.9415	1.2103	0.053165
-2.9415	1.2645	0.13916
-2.9415	1.3187	0.038584
-2.9415	1.3729	0.046477
-2.9415	1.4271	0.14254
-2.9415	1.4813	0.047538
-2.9415	1.5355	0.047267
-2.9415	1.5897	0.18432
-2.9415	1.6439	0.080241
-2.9415	1.6981	0.093629
-2.9415	1.7523	0.69014
-2.9415	1.8065	1.2213
-2.9415	1.8606	0.98411
-2.9415	1.9148	0.37818
-2.9415	1.969	0.047095
-2.9415	2.0232	0.0040769
-2.9415	2.0774	0.010678
-2.9415	2.1316	0.0027094
-2.9415	2.24	0.00086366
-2.9058	-0.90323	0.0018926
-2.9058	-0.84903	0.0040477
-2.9058	-0.79484	0.0036285
-2.9058	-0.74065	0.0015897
-2.9058	-0.41548	0.00090385
-2.9058	-0.36129	0.00088596
-2.9058	-0.2529	0.0017929
-2.9058	-0.19871	0.0017401
-2.9058	-0.090324	0.0032866
-2.9058	-0.036129	0.0032824
-2.9058	0.072258	0.0056484
-2.9058	0.12645	0.0061044
-2.9058	0.18065	0.0008354
-2.9058	0.23484	0.0090803
-2.9058	0.28903	0.010936
-2.9058	0.34323	0.0014876
-2.9058	0.39742	0.018862
-2.9058	0.45161	0.038647
-2.9058	0.50581	0.030648
-2.9058	0.56	0.032178
-2.9058	0.61419	0.027338
-2.9058	0.66839	0.0034352
-2.9058	0.72258	0.02077
-2.9058	0.77677	0.03471
-2.9058	0.83097	0.005405
-2.9058	0.88516	0.02816
-2.9058	0.93935	0.052195
-2.9058	0.99354	0.009271
-2.9058	1.0477	0.036869
-2.9058	1.1019	0.075821
-2.9058	1.1561	0.01518
-2.9058	1.2103	0.048869
-2.9058	1.2645	0.11105
-2.9058	1.3187	0.025333
-2.9058	1.3729	0.065554
-2.9058	1.4271	0.16965
-2.9058	1.4813	0.046103
-2.9058	1.5355	0.095979
-2.9058	1.5897	0.30635
-2.9058	1.6439	0.10706
-2.9058	1.6981	0.26205
-2.9058	1.7523	1.6066
-2.9058	1.8065	2.7152
-2.9058	1.8606	2.1267
-2.9058	1.9148	0.77787
-2.9058	1.969	0.082323
-2.9058	2.0232	0.014504
-2.9058	2.0774	0.028311
-2.9058	2.1316	0.0057791
-2.9058	2.1858	0.0011356
-2.9058	2.24	0.0027125
-2.87	-0.90323	0.0056259
-2.87	-0.84903	0.013417
-2.87	-0.79484	0.014408
-2.87	-0.74065	0.0072079
-2.87	-0.68645	0.0011605
-2.87	-0.090324	0.0016486
-2.87	-0.036129	0.0013807
-2.87	0.072258	0.0043273
-2.87	0.12645	0.0040147
-2.87	0.18065	0.00095197
-2.87	0.23484	0.01116
-2.87	0.28903	0.012662
-2.87	0.34323	0.0029782
-2.87	0.39742	0.055753
-2.87	0.45161	0.1589
-2.87	0.50581	0.17613
-2.87	0.56	0.089114
-2.87	0.61419	0.016948
-2.87	0.72258	0.00070723
-2.87	0.77677	0.00094012
-2.87	0.88516	0.0031428
-2.87	0.93935	0.0055169
-2.87	0.99354	0.0008745
-2.87	1.0477	0.0081188
-2.87	1.1019	0.014347
-2.87	1.1561	0.0023225
-2.87	1.2103	0.015827
-2.87	1.2645	0.030557
-2.87	1.3187	0.0055255
-2.87	1.3729	0.030584
-2.87	1.4271	0.067605
-2.87	1.4813	0.014781
-2.87	1.5355	0.065781
-2.87	1.5897	0.18182
-2.87	1.6439	0.052296
-2.87	1.6981	0.28032
-2.87	1.7523	1.581
-2.87	1.8065	2.7624
-2.87	1.8606	2.2751
-2.87	1.9148	0.85528
-2.87	1.969	0.081469
-2.87	2.0232	0.03105
-2.87	2.0774	0.049665
-2.87	2.1316	0.0085833
-2.87	2.1858	0.0035117
-2.87	2.24	0.0066653
-2.87	2.2942	0.0012843
-2.8343	-0.95742	0.0015279
-2.8343	-0.90323	0.012302
-2.8343	-0.84903	0.029179
-2.8343	-0.79484	0.03239
-2.8343	-0.74065	0.016779
-2.8343	-0.68645	0.0025188
-2.8343	-0.57806	0.001689
-2.8343	0.072258	0.0024627
-2.8343	0.12645	0.0019182
-2.8343	0.18065	0.0010342
-2.8343	0.23484	0.0097646
-2.8343	0.28903	0.0095535
-2.8343	0.34323	0.0046199
-2.8343	0.39742	0.078493
-2.8343	0.45161	0.23007
-2.8343	0.50581	0.28548
-2.8343	0.56	0.17064
-2.8343	0.61419	0.039151
-2.8343	0.66839	0.0014351
-2.8343	0.72258	0.0055886
-2.8343	0.77677	0.0028448
-2.8343	1.0477	0.00086073
-2.8343	1.1019	0.0015048
-2.8343	1.2103	0.0034535
-2.8343	1.2645	0.005753
-2.8343	1.3187	0.00089523
-2.8343	1.3729	0.009462
-2.8343	1.4271	0.017246
-2.8343	1.4813	0.0029499
-2.8343	1.5355	0.025555
-2.8343	1.5897	0.057687
-2.8343	1.6439	0.012739
-2.8343	1.6981	0.13851
-2.8343	1.7523	0.68421
-2.8343	1.8065	1.1612
-2.8343	1.8606	0.94762
-2.8343	1.9148	0.34623
-2.8343	1.969	0.027605
-2.8343	2.0232	0.022302
-2.8343	2.0774	0.029639
-2.8343	2.1316	0.004243
-2.8343	2.1858	0.0036409
-2.8343	2.24	0.0057958
-2.8343	2.2942	0.00094992
-2.8343	2.4026	0.00083684
-2.7986	-0.95742	0.0025846
-2.7986	-0.90323	0.019608
-2.7986	-0.84903	0.048492
-2.7986	-0.79484	0.05659
-2.7986	-0.74065	0.029921
-2.7986	-0.68645	0.0039641
-2.7986	-0.63226	0.0022515
-2.7986	-0.57806	0.0049805
-2.7986	-0.52387	0.0012546
-2.7986	-0.41548	0.0018784
-2.7986	0.072258	0.00076177
-2.7986	0.18065	0.00087436
-2.7986	0.23484	0.0063933
-2.7986	0.28903	0.0053418
-2.7986	0.34323	0.0060014
-2.7986	0.39742	0.083311
-2.7986	0.45161	0.24128
-2.7986	0.50581	0.30891
-2.7986	0.56	0.19081
-2.7986	0.61419	0.042646
-2.7986	0.66839	0.0025349
-2.7986	0.72258	0.012692
-2.7986	0.77677	0.0063381
-2.7986	0.88516	0.002485
-2.7986	0.93935	0.001403
-2.7986	1.3729	0.0022365
-2.7986	1.4271	0.0036471
-2.7986	1.5355	0.009042
-2.7986	1.5897	0.017139
-2.7986	1.6439	0.0033216
-2.7986	1.6981	0.063723
-2.7986	1.7523	0.27693
-2.7986	1.8065	0.44517
-2.7986	1.8606	0.34571
-2.7986	1.9148	0.1158
-2.7986	1.969	0.0070746
-2.7986	2.0232	0.011385
-2.7986	2.0774	0.011898
-2.7986	2.1316	0.0012647
-2.7986	2.1858	0.0021267
-2.7986	2.24	0.0026518
-2.7628	-0.95742	0.0011895
-2.7628	-0.90323	0.009175
-2.7628	-0.84903	0.025329
-2.7628	-0.79484	0.03345
-2.7628	-0.74065	0.019479
-2.7628	-0.68645	0.0024257
-2.7628	-0.63226	0.0032545
-2.7628	-0.57806	0.0065678
-2.7628	-0.52387	0.0014531
-2.7628	-0.46968	0.0019088
-2.7628	-0.41548	0.004768
-2.7628	-0.36129	0.0012962
-2.7628	-0.3071	0.0011038
-2.7628	-0.2529	0.0030844
-2.7628	-0.19871	0.00086277
-2.7628	-0.090324	0.0017228
-2.7628	0.23484	0.0021271
-2.7628	0.28903	0.0016389
-2.7628	0.34323	0.0055654
-2.7628	0.39742	0.066614
-2.7628	0.45161	0.19878
-2.7628	0.50581	0.26649
-2.7628	0.56	0.16856
-2.7628	0.61419	0.035165
-2.7628	0.66839	0.0042174
-2.7628	0.72258	0.018266
-2.7628	0.77677	0.0079257
-2.7628	0.83097	0.0011175
-2.7628	0.88516	0.005979
-2.7628	0.93935	0.0030958
-2.7628	1.0477	0.0019737
-2.7628	1.1019	0.001023
-2.7628	1.5355	0.0021725
-2.7628	1.5897	0.0039038
-2.7628	1.6439	0.0010012
-2.7628	1.6981	0.026351
-2.7628	1.7523	0.1076
-2.7628	1.8065	0.1704
-2.7628	1.8606	0.12919
-2.7628	1.9148	0.040048
-2.7628	1.969	0.0019475
-2.7628	2.0232	0.0060279
-2.7628	2.0774	0.0050341
-2.7628	2.1858	0.0012734
-2.7628	2.24	0.0012428
-2.7271	-0.90323	0.0016303
-2.7271	-0.84903	0.0049195
-2.7271	-0.79484	0.0069684
-2.7271	-0.74065	0.0041384
-2.7271	-0.63226	0.0012997
-2.7271	-0.57806	0.0023048
-2.7271	-0.46968	0.001323
-2.7271	-0.41548	0.0029249
-2.7271	-0.3071	0.0015249
-2.7271	-0.2529	0.0038
-2.7271	-0.19871	0.00093596
-2.7271	-0.14452	0.0020282
-2.7271	-0.090324	0.0050311
-2.7271	-0.036129	0.0012744
-2.7271	0.018065	0.0021591
-2.7271	0.072258	0.0053999
-2.7271	0.12645	0.0014508
-2.7271	0.18065	0.0014688
-2.7271	0.23484	0.0034545
-2.7271	0.28903	0.00078801
-2.7271	0.34323	0.0027727
-2.7271	0.39742	0.025741
-2.7271	0.45161	0.090818
-2.7271	0.50581	0.14803
-2.7271	0.56	0.1067
-2.7271	0.61419	0.021939
-2.7271	0.66839	0.0059277
-2.7271	0.72258	0.020801
-2.7271	0.77677	0.0077604
-2.7271	0.83097	0.0023679
-2.7271	0.88516	0.0099552
-2.7271	0.93935	0.004336
-2.7271	0.99354	0.0011075
-2.7271	1.0477	0.0051133
-2.7271	1.1019	0.0023419
-2.7271	1.2103	0.0026439
-2.7271	1.2645	0.0011982
-2.7271	1.3729	0.001002
-2.7271	1.6981	0.0061604
-2.7271	1.7523	0.028533
-2.7271	1.8065	0.050265
-2.7271	1.8606	0.040364
-2.7271	1.9148	0.012134
-2.7271	2.0232	0.0030301
-2.7271	2.0774	0.0020877
-2.7271	2.1858	0.00077686
-2.6914	-2.2581	0.0012084
-2.6914	-2.2039	0.0025015
-2.6914	-2.1497	0.002152
-2.6914	-2.0955	0.00079923
-2.6914	-0.41548	0.00086681
-2.6914	-0.3071	0.00077082
-2.6914	-0.2529	0.0015361
-2.6914	-0.14452	0.0014494
-2.6914	-0.090324	0.003051
-2.6914	0.018065	0.0029075
-2.6914	0.072258	0.0066696
-2.6914	0.12645	0.0015668
-2.6914	0.18065	0.0053841
-2.6914	0.23484	0.014125
-2.6914	0.28903	0.0037468
-2.6914	0.34323	0.015073
-2.6914	0.39742	0.065148
-2.6914	0.45161	0.082655
-2.6914	0.50581	0.055776
-2.6914	0.56	0.028131
-2.6914	0.61419	0.0061207
-2.6914	0.66839	0.0036326
-2.6914	0.72258	0.013031
-2.6914	0.77677	0.0048984
-2.6914	0.83097	0.0035499
-2.6914	0.88516	0.012235
-2.6914	0.93935	0.0045992
-2.6914	0.99354	0.0027255
-2.6914	1.0477	0.0096968
-2.6914	1.1019	0.0036571
-2.6914	1.1561	0.001988
-2.6914	1.2103	0.0073012
-2.6914	1.2645	0.0028247
-2.6914	1.3187	0.001287
-2.6914	1.3729	0.005186
-2.6914	1.4271	0.0021687
-2.6914	1.4813	0.00070407
-2.6914	1.5355	0.0032031
-2.6914	1.5897	0.0014127
-2.6914	1.6981	0.0020849
-2.6914	1.7523	0.0026555
-2.6914	1.8065	0.0046289
-2.6914	1.8606	0.0054879
-2.6914	1.9148	0.0020082
-2.6914	2.0232	0.0011522
-2.6914	2.0774	0.00069766
-2.6557	-2.2581	0.0010607
-2.6557	-2.2039	0.0026215
-2.6557	-2.1497	0.0029725
-2.6557	-2.0955	0.0015306
-2.6557	-0.90323	0.0015985
-2.6557	-0.84903	0.0017122
-2.6557	-0.79484	0.0008158
-2.6557	-0.14452	0.00073786
-2.6557	-0.090324	0.0012298
-2.6557	0.018065	0.001897
-2.6557	0.072258	0.0035108
-2.6557	0.18065	0.0051131
-2.6557	0.23484	0.011693
-2.6557	0.28903	0.0026227
-2.6557	0.34323	0.026931
-2.6557	0.39742	0.12863
-2.6557	0.45161	0.20497
-2.6557	0.50581	0.15213
-2.6557	0.56	0.049655
-2.6557	0.61419	0.0040645
-2.6557	0.66839	0.0011725
-2.6557	0.72258	0.0022323
-2.6557	0.77677	0.00091594
-2.6557	0.83097	0.0010432
-2.6557	0.88516	0.0040689
-2.6557	0.93935	0.0017276
-2.6557	0.99354	0.0027814
-2.6557	1.0477	0.00883
-2.6557	1.1019	0.0030206
-2.6557	1.1561	0.0040948
-2.6557	1.2103	0.012691
-2.6557	1.2645	0.0041352
-2.6557	1.3187	0.0045535
-2.6557	1.3729	0.014964
-2.6557	1.4271	0.0053384
-2.6557	1.4813	0.0041185
-2.6557	1.5355	0.01628
-2.6557	1.5897	0.0070291
-2.6557	1.6439	0.0052976
-2.6557	1.6981	0.035377
-2.6557	1.7523	0.049829
-2.6557	1.8065	0.028903
-2.6557	1.8606	0.007133
-2.6199	-2.2039	0.0013539
-2.6199	-2.1497	0.0014901
-2.6199	-2.0955	0.00076123
-2.6199	-0.95742	0.0017531
-2.6199	-0.90323	0.005051
-2.6199	-0.84903	0.0062851
-2.6199	-0.79484	0.0037096
-2.6199	-0.74065	0.00078924
-2.6199	0.018065	0.0010612
-2.6199	0.072258	0.0015795
-2.6199	0.18065	0.0036823
-2.6199	0.23484	0.0068946
-2.6199	0.28903	0.0013448
-2.6199	0.34323	0.026161
-2.6199	0.39742	0.11624
-2.6199	0.45161	0.19187
-2.6199	0.50581	0.15374
-2.6199	0.56	0.05407
-2.6199	0.61419	0.003813
-2.6199	0.66839	0.0040902
-2.6199	0.72258	0.0047597
-2.6199	1.0477	0.00098113
-2.6199	1.1561	0.0016165
-2.6199	1.2103	0.0048894
-2.6199	1.2645	0.0014777
-2.6199	1.3187	0.0046507
-2.6199	1.3729	0.014343
-2.6199	1.4271	0.0046793
-2.6199	1.4813	0.0093641
-2.6199	1.5355	0.033764
-2.6199	1.5897	0.013405
-2.6199	1.6439	0.025321
-2.6199	1.6981	0.16266
-2.6199	1.7523	0.26564
-2.6199	1.8065	0.19325
-2.6199	1.8606	0.064362
-2.6199	1.9148	0.0065964
-2.6199	2.0232	0.00078481
-2.5842	-0.95742	0.0031095
-2.5842	-0.90323	0.0090393
-2.5842	-0.84903	0.011781
-2.5842	-0.79484	0.0072935
-2.5842	-0.74065	0.0015331
-2.5842	0.18065	0.0022019
-2.5842	0.23484	0.0034053
-2.5842	0.28903	0.00081599
-2.5842	0.34323	0.020811
-2.5842	0.39742	0.084639
-2.5842	0.45161	0.13741
-2.5842	0.50581	0.10968
-2.5842	0.56	0.037246
-2.5842	0.61419	0.0021334
-2.5842	0.66839	0.0052869
-2.5842	0.72258	0.0053643
-2.5842	0.83097	0.0011817
-2.5842	0.88516	0.0015149
-2.5842	1.3187	0.00084914
-2.5842	1.3729	0.0024338
-2.5842	1.4813	0.0039461
-2.5842	1.5355	0.013389
-2.5842	1.5897	0.0048554
-2.5842	1.6439	0.023893
-2.5842	1.6981	0.15786
-2.5842	1.7523	0.30508
-2.5842	1.8065	0.27073
-2.5842	1.8606	0.10917
-2.5842	1.9148	0.012205
-2.5842	1.969	0.0024047
-2.5842	2.0232	0.0045179
-2.5842	2.0774	0.00088371
-2.5485	-0.95742	0.0032164
-2.5485	-0.90323	0.0098412
-2.5485	-0.84903	0.013927
-2.5485	-0.79484	0.0090894
-2.5485	-0.74065	0.0018108
-2.5485	-0.63226	0.0013124
-2.5485	0.18065	0.00089704
-2.5485	0.23484	0.0011959
-2.5485	0.34323	0.013063
-2.5485	0.39742	0.050039
-2.5485	0.45161	0.080444
-2.5485	0.50581	0.063478
-2.5485	0.56	0.020287
-2.5485	0.61419	0.001022
-2.5485	0.66839	0.0047038
-2.5485	0.72258	0.0040234
-2.5485	0.83097	0.001591
-2.5485	0.88516	0.0017261
-2.5485	1.5355	0.0017505
-2.5485	1.6439	0.0066771
-2.5485	1.6981	0.041696
-2.5485	1.7523	0.085849
-2.5485	1.8065	0.083377
-2.5485	1.8606	0.036473
-2.5485	1.9148	0.0039102
-2.5485	1.969	0.0019582
-2.5485	2.0232	0.0033897
-2.5128	-1.0116	0.00107
-2.5128	-0.95742	0.0062479
-2.5128	-0.90323	0.011341
-2.5128	-0.84903	0.011238
-2.5128	-0.79484	0.0065054
-2.5128	-0.74065	0.0012277
-2.5128	-0.63226	0.0017157
-2.5128	-0.46968	0.0009177
-2.5128	0.34323	0.0050926
-2.5128	0.39742	0.020161
-2.5128	0.45161	0.034121
-2.5128	0.50581	0.027664
-2.5128	0.56	0.0084356
-2.5128	0.66839	0.0031721
-2.5128	0.72258	0.0022907
-2.5128	0.83097	0.0014589
-2.5128	0.88516	0.0013124
-2.5128	0.99354	0.00078254
-2.5128	1.0477	0.0007887
-2.5128	1.6439	0.00091614
-2.5128	1.6981	0.0059592
-2.5128	1.7523	0.013759
-2.5128	1.8065	0.014629
-2.5128	1.8606	0.006617
-2.5128	2.0232	0.00097725
-2.477	-1.0116	0.0019843
-2.477	-0.95742	0.011875
-2.477	-0.90323	0.023548
-2.477	-0.84903	0.02174
-2.477	-0.79484	0.0088624
-2.477	-0.74065	0.00088209
-2.477	-0.63226	0.0011666
-2.477	-0.46968	0.0010414
-2.477	-0.3071	0.0010127
-2.477	-0.14452	0.00091639
-2.477	0.018065	0.00073614
-2.477	0.39742	0.0028739
-2.477	0.45161	0.0064848
-2.477	0.50581	0.0065015
-2.477	0.56	0.0021203
-2.477	0.66839	0.0014766
-2.477	0.72258	0.00092936
-2.477	0.83097	0.00098683
-2.477	0.88516	0.00073644
-2.477	0.99354	0.00072126
-2.477	1.6981	0.00094583
-2.477	1.7523	0.0011303
-2.477	1.8065	0.0011806
-2.4413	-1.0116	0.0022256
-2.4413	-0.95742	0.012022
-2.4413	-0.90323	0.023962
-2.4413	-0.84903	0.023191
-2.4413	-0.79484	0.0099013
-2.4413	-0.74065	0.0008632
-2.4413	-0.68645	0.0010754
-2.4413	-0.63226	0.0015739
-2.4413	-0.3071	0.00086294
-2.4413	-0.14452	0.001791
-2.4413	-0.036129	0.00083884
-2.4413	0.018065	0.0022891
-2.4413	0.072258	0.00071502
-2.4413	0.12645	0.00077285
-2.4413	0.18065	0.0026204
-2.4413	0.23484	0.00098583
-2.4413	0.28903	0.0011874
-2.4413	0.34323	0.0068114
-2.4413	0.39742	0.009032
-2.4413	0.45161	0.004958
-2.4413	0.50581	0.0012877
-2.4413	1.4813	0.00079063
-2.4413	1.5355	0.00075117
-2.4413	1.6439	0.0019591
-2.4413	1.6981	0.0044837
-2.4413	1.7523	0.0039514
-2.4413	1.8065	0.0016109
-2.4056	-1.0116	0.0020562
-2.4056	-0.95742	0.0099471
-2.4056	-0.90323	0.019082
-2.4056	-0.84903	0.018021
-2.4056	-0.79484	0.0073193
-2.4056	-0.68645	0.0013427
-2.4056	-0.63226	0.0016987
-2.4056	-0.46968	0.00077888
-2.4056	-0.14452	0.00088726
-2.4056	-0.036129	0.0014453
-2.4056	0.018065	0.0037195
-2.4056	0.072258	0.00097114
-2.4056	0.12645	0.0030721
-2.4056	0.18065	0.0084807
-2.4056	0.23484	0.0025361
-2.4056	0.28903	0.0077037
-2.4056	0.34323	0.040877
-2.4056	0.39742	0.062408
-2.4056	0.45161	0.044079
-2.4056	0.50581	0.014324
-2.4056	0.56	0.0013343
-2.4056	1.4813	0.00095373
-2.4056	1.5355	0.00076585
-2.4056	1.6439	0.0036566
-2.4056	1.6981	0.0085513
-2.4056	1.7523	0.0083833
-2.4056	1.8065	0.0039436
-2.4056	1.8606	0.00071723
-2.3699	-1.0116	0.0015941
-2.3699	-0.95742	0.0070018
-2.3699	-0.90323	0.012876
-2.3699	-0.84903	0.011711
-2.3699	-0.79484	0.0044003
-2.3699	-0.68645	0.0012426
-2.3699	-0.63226	0.0013173
-2.3699	-0.46968	0.00082328
-2.3699	0.018065	0.00083988
-2.3699	0.12645	0.0028051
-2.3699	0.18065	0.008589
-2.3699	0.23484	0.0025134
-2.3699	0.28903	0.02373
-2.3699	0.34323	0.12828
-2.3699	0.39742	0.21613
-2.3699	0.45161	0.16681
-2.3699	0.50581	0.057814
-2.3699	0.56	0.0051499
-2.3699	0.61419	0.0015767
-2.3699	0.66839	0.0024489
-2.3699	1.4813	0.00082942
-2.3699	1.6439	0.0044877
-2.3699	1.6981	0.01015
-2.3699	1.7523	0.010118
-2.3699	1.8065	0.0048749
-2.3699	1.8606	0.00086017
-2.3341	-1.0116	0.0010193
-2.3341	-0.95742	0.0041344
-2.3341	-0.90323	0.0073099
-2.3341	-0.84903	0.0063795
-2.3341	-0.79484	0.0021837
-2.3341	-0.68645	0.00093025
-2.3341	-0.63226	0.000822
-2.3341	0.18065	0.0010162
-2.3341	0.28903	0.0092067
-2.3341	0.34323	0.065211
-2.3341	0.39742	0.16049
-2.3341	0.45161	0.17836
-2.3341	0.50581	0.082776
-2.3341	0.56	0.0080512
-2.3341	0.61419	0.0064396
-2.3341	0.66839	0.0093445
-2.3341	0.72258	0.0015303
-2.3341	0.77677	0.00077902
-2.3341	0.83097	0.0014015
-2.3341	1.6439	0.004081
-2.3341	1.6981	0.0089017
-2.3341	1.7523	0.0088454
-2.3341	1.8065	0.0042167
-2.2984	-0.95742	0.0019885
-2.2984	-0.90323	0.0033949
-2.2984	-0.84903	0.0028356
-2.2984	-0.79484	0.00086971
-2.2984	-0.036129	0.0007487
-2.2984	0.018065	0.00077213
-2.2984	0.12645	0.00086018
-2.2984	0.18065	0.0010846
-2.2984	0.28903	0.0023567
-2.2984	0.34323	0.0088542
-2.2984	0.39742	0.017378
-2.2984	0.45161	0.021537
-2.2984	0.50581	0.012857
-2.2984	0.56	0.0014667
-2.2984	0.61419	0.0036373
-2.2984	0.66839	0.0064769
-2.2984	0.72258	0.0012235
-2.2984	0.77677	0.0019393
-2.2984	0.83097	0.0036313
-2.2984	0.99354	0.0010948
-2.2984	1.6439	0.002629
-2.2984	1.6981	0.005737
-2.2984	1.7523	0.0057894
-2.2984	1.8065	0.0027411
-2.2627	-0.95742	0.00075756
-2.2627	-0.90323	0.0012413
-2.2627	-0.84903	0.00097816
-2.2627	-0.036129	0.00088087
-2.2627	0.018065	0.00074276
-2.2627	0.12645	0.0015184
-2.2627	0.18065	0.0016819
-2.2627	0.28903	0.0058112
-2.2627	0.34323	0.016435
-2.2627	0.39742	0.018404
-2.2627	0.45161	0.010097
-2.2627	0.50581	0.0024761
-2.2627	0.83097	0.0010248
-2.2627	0.93935	0.00074887
-2.2627	0.99354	0.0013889
-2.2627	1.1019	0.0008866
-2.2627	1.1561	0.0012794
-2.2627	1.6439	0.00085264
-2.2627	1.6981	0.0021173
-2.2627	1.7523	0.0024115
-2.2627	1.8065	0.0012166
-2.2269	-0.036129	0.0007931
-2.2269	0.12645	0.001798
-2.2269	0.18065	0.0016572
-2.2269	0.28903	0.0099005
-2.2269	0.34323	0.027594
-2.2269	0.39742	0.032511
-2.2269	0.45161	0.01867
-2.2269	0.50581	0.004229
-2.2269	1.2645	0.00089884
-2.2269	1.3187	0.0013865
-2.2269	1.4271	0.00097146
-2.2269	1.4813	0.0014318
-2.2269	1.5897	0.0008868
-2.2269	1.6439	0.0020117
-2.2269	1.6981	0.001483
-2.1912	0.12645	0.0016277
-2.1912	0.18065	0.0012152
-2.1912	0.23484	0.00089268
-2.1912	0.28903	0.011866
-2.1912	0.34323	0.03155
-2.1912	0.39742	0.037299
-2.1912	0.45161	0.021662
-2.1912	0.50581	0.0047343
-2.1912	0.61419	0.0011346
-2.1912	1.4271	0.00088304
-2.1912	1.4813	0.0015601
-2.1912	1.5897	0.0042466
-2.1912	1.6439	0.014199
-2.1912	1.6981	0.016028
-2.1912	1.7523	0.0079156
-2.1912	1.8065	0.0015446
-2.1555	0.12645	0.0011754
-2.1555	0.18065	0.00069922
-2.1555	0.23484	0.0010441
-2.1555	0.28903	0.01103
-2.1555	0.34323	0.027796
-2.1555	0.39742	0.032285
-2.1555	0.45161	0.018362
-2.1555	0.50581	0.0036754
-2.1555	0.61419	0.0014137
-2.1555	1.5897	0.0021441
-2.1555	1.6439	0.00853
-2.1555	1.6981	0.013284
-2.1555	1.7523	0.0098023
-2.1555	1.8065	0.0029277
-2.1198	0.23484	0.00093649
-2.1198	0.28903	0.008163
-2.1198	0.34323	0.019589
-2.1198	0.39742	0.022223
-2.1198	0.45161	0.012208
-2.1198	0.50581	0.002166
-2.1198	0.61419	0.0012949
-2.1198	1.6439	0.0020411
-2.1198	1.6981	0.0033191
-2.1198	1.7523	0.0026129
-2.1198	1.8065	0.00082855
-2.084	0.28903	0.0047621
-2.084	0.34323	0.010998
-2.084	0.39742	0.012192
-2.084	0.45161	0.0064233
-2.084	0.50581	0.00098353
-2.084	0.61419	0.00092158
-2.0483	0.28903	0.0021276
-2.0483	0.34323	0.0047805
-2.0483	0.39742	0.0051758
-2.0483	0.45161	0.0025894
-2.0126	0.28903	0.00077727
-2.0126	0.34323	0.0016227
-2.0126	0.39742	0.0016425
-2.0126	0.45161	0.00074098
-2.0126	1.5897	0.00096939
-2.0126	1.6439	0.0016007
-2.0126	1.6981	0.001196
-1.9769	0.34323	0.00072067
-1.9769	1.5897	0.0014661
-1.9769	1.6439	0.0023967
-1.9769	1.6981	0.0018409
-1.9411	0.28903	0.00073448
-1.9411	0.34323	0.00088416
-1.9411	1.5897	0.0016244
-1.9411	1.6439	0.0025733
-1.9411	1.6981	0.0019604
-1.9054	0.28903	0.0011286
-1.9054	0.34323	0.0013021
-1.9054	0.39742	0.00074798
-1.9054	1.5897	0.0013964
-1.9054	1.6439	0.0021342
-1.9054	1.6981	0.0015909
-1.8697	0.28903	0.001491
-1.8697	0.34323	0.0016542
-1.8697	0.39742	0.00092209
-1.8697	1.5897	0.00093919
-1.8697	1.6439	0.0013898
-1.8697	1.6981	0.0010093
-1.834	0.23484	0.00077451
-1.834	0.28903	0.0017296
-1.834	0.34323	0.0018458
-1.834	0.39742	0.00097747
-1.834	1.6439	0.00069803
-1.7982	0.23484	0.00080586
-1.7982	0.28903	0.0017281
-1.7982	0.34323	0.0017942
-1.7982	0.39742	0.00090372
-1.7625	0.28903	0.0014024
-1.7625	0.34323	0.0014447
-1.7625	0.39742	0.00070225
-1.7268	0.28903	0.00083181
-1.7268	0.34323	0.00088222
-1.5481	0.23484	0.00072253
-1.5481	0.28903	0.00085475
-1.5124	0.23484	0.00070487
-1.5124	0.28903	0.00086602
-1.3695	0.23484	0.00071247
-1.3338	0.18065	0.0011879
-1.3338	0.23484	0.0019973
-1.3338	0.28903	0.0015867
-1.2981	0.12645	0.0007985
-1.2981	0.18065	0.0034218
-1.2981	0.23484	0.0063385
-1.2981	0.28903	0.0055784
-1.2981	0.34323	0.0017882
-1.2623	0.12645	0.011604
-1.2623	0.18065	0.095436
-1.2623	0.23484	0.14152
-1.2623	0.28903	0.08015
-1.2623	0.34323	0.023835
-1.2623	0.39742	0.0016232
-1.2623	0.45161	0.0093996
-1.2623	0.50581	0.0052926
-1.2623	0.61419	0.003207
-1.2623	0.66839	0.0025463
-1.2266	-0.036129	0.0033803
-1.2266	0.018065	0.0033614
-1.2266	0.072258	0.0039261
-1.2266	0.12645	0.039255
-1.2266	0.18065	0.036848
-1.2266	0.23484	0.022647
-1.2266	0.28903	0.0092876
-1.2266	0.34323	0.0016367
-1.2266	0.77677	0.0017315
-1.2266	0.83097	0.0012697
-1.2266	0.93935	0.0013269
-1.1909	-0.14452	0.00089266
-1.1909	-0.090324	0.00073581
-1.1909	-0.036129	0.0022349
-1.1909	0.12645	0.0020806
-1.1909	0.18065	0.0038741
-1.1909	0.23484	0.0035837
-1.1909	0.28903	0.0016756
-1.1909	0.99354	0.00086089
-1.1909	1.1019	0.0011688
-1.1552	-0.19871	0.0017437
-1.1552	0.18065	0.0013506
-1.1552	0.23484	0.001316
-1.1552	1.2645	0.0014448
-1.1194	1.3187	0.00090664
-1.1194	1.3729	0.00099356
-1.1194	1.4271	0.0032734
-1.1194	1.4813	0.0018674
-1.1194	1.5355	0.00076373
-1.0837	-0.36129	0.0012001
-1.0837	1.4271	0.007673
-1.0837	1.4813	0.017709
-1.0837	1.5355	0.0091175
-1.0837	1.5897	0.00091283
-1.048	1.4813	0.0025444
-1.048	1.5355	0.008744
-1.048	1.5897	0.0055543
-1.0122	1.5355	0.00073934
0.095271	-1.0658	0.00077979
0.131	-1.0658	0.00089103
0.16672	-1.0658	0.0013726
0.2739	-1.0658	0.0016714
0.38108	-1.0116	0.0028194
0.41681	-1.0116	0.0016445
0.45253	-1.0116	0.0017463
0.48826	-0.95742	0.0040094
0.52399	-0.95742	0.0067414
0.55971	-0.95742	0.0038393
0.59544	-0.90323	0.0016492
0.63117	-0.90323	0.01439
0.63117	-0.84903	0.001252
0.66689	-0.90323	0.0022825
0.66689	-0.84903	0.01369
0.66689	-0.14452	0.00085339
0.70262	-0.84903	0.01849
0.70262	-0.79484	0.0007785
0.70262	-0.19871	0.00088872
0.70262	-0.14452	0.0016193
0.70262	-0.090324	0.0014243
0.73835	-0.84903	0.0086595
0.73835	-0.79484	0.029644
0.73835	-0.19871	0.00098899
0.73835	-0.14452	0.0018363
0.73835	-0.090324	0.0016794
0.73835	2.4568	0.00092039
0.77407	-1.4452	0.00078183
0.77407	-0.84903	0.002665
0.77407	-0.79484	0.066609
0.77407	-0.74065	0.0010741
0.77407	-0.14452	0.0011771
0.77407	-0.090324	0.0011658
0.8098	-1.4452	0.00074326
0.8098	-0.84903	0.0020807
0.8098	-0.79484	0.0061789
0.8098	-0.74065	0.0063442
0.84553	-0.84903	0.0016446
0.84553	-0.79484	0.0015325
0.84553	-0.74065	0.0098593
0.84553	-0.68645	0.040618
0.88125	-0.84903	0.0011936
0.88125	-0.74065	0.0016083
0.88125	-0.68645	0.10532
0.88125	-0.63226	0.0049702
0.88125	-0.2529	0.0016445
0.88125	-0.19871	0.003789
0.88125	-0.14452	0.0037198
0.88125	-0.090324	0.0017693
0.91698	-0.84903	0.0007729
0.91698	-0.74065	0.00092516
0.91698	-0.68645	0.011387
0.91698	-0.63226	0.046567
0.91698	-0.57806	0.0016706
0.91698	-0.52387	0.00079305
0.91698	-0.41548	0.00095997
0.91698	-0.2529	0.0048629
0.91698	-0.19871	0.010664
0.91698	-0.14452	0.010699
0.91698	-0.090324	0.0053169
0.91698	-0.036129	0.00097751
0.95271	-0.68645	0.0021592
0.95271	-0.63226	0.0019353
0.95271	-0.57806	0.037601
0.95271	-0.52387	0.0026414
0.95271	-0.41548	0.001692
0.95271	-0.3071	0.0014094
0.95271	-0.2529	0.010506
0.95271	-0.19871	0.021331
0.95271	-0.14452	0.020797
0.95271	-0.090324	0.010091
0.95271	-0.036129	0.0016879
0.95271	1.1019	0.00082413
0.95271	1.1561	0.0011061
0.95271	1.2103	0.00073964
0.98842	-0.68645	0.00080838
0.98842	-0.57806	0.042312
0.98842	-0.52387	0.058094
0.98842	-0.46968	0.0010144
0.98842	-0.41548	0.0030442
0.98842	-0.36129	0.00080287
0.98842	-0.3071	0.0032869
0.98842	-0.2529	0.018864
0.98842	-0.19871	0.034818
0.98842	-0.14452	0.032133
0.98842	-0.090324	0.014735
0.98842	-0.036129	0.0021345
0.98842	0.072258	0.00126
0.98842	1.1019	0.00079513
0.98842	1.1561	0.0011532
0.98842	1.2103	0.00083309
1.0242	-0.57806	0.0011688
1.0242	-0.52387	0.0090343
1.0242	-0.46968	0.020013
1.0242	-0.41548	0.0086939
1.0242	-0.36129	0.0010473
1.0242	-0.3071	0.0069757
1.0242	-0.2529	0.03062
1.0242	-0.19871	0.050068
1.0242	-0.14452	0.042661
1.0242	-0.090324	0.018009
1.0242	-0.036129	0.0021691
1.0242	0.018065	0.00085359
1.0242	0.072258	0.0019362
1.0242	0.23484	0.00074434
1.0599	-0.46968	0.033344
1.0599	-0.41548	0.10202
1.0599	-0.36129	0.0034864
1.0599	-0.3071	0.016082
1.0599	-0.2529	0.049656
1.0599	-0.19871	0.068084
1.0599	-0.14452	0.051587
1.0599	-0.090324	0.019414
1.0599	-0.036129	0.0018776
1.0599	0.018065	0.0014457
1.0599	0.072258	0.0024855
1.0599	0.23484	0.0011562
1.0599	0.39742	0.00080722
1.0956	-0.41548	0.012438
1.0956	-0.36129	0.030048
1.0956	-0.3071	0.11321
1.0956	-0.2529	0.10418
1.0956	-0.19871	0.099187
1.0956	-0.14452	0.06139
1.0956	-0.090324	0.019502
1.0956	-0.036129	0.0014983
1.0956	0.018065	0.0021333
1.0956	0.072258	0.0027885
1.0956	0.18065	0.00081142
1.0956	0.23484	0.0015317
1.0956	0.39742	0.0014324
1.0956	0.45161	0.00084206
1.0956	1.0477	0.0029601
1.0956	1.1019	0.0055863
1.0956	1.1561	0.0049769
1.0956	1.2103	0.0022074
1.1313	-0.36129	0.0016392
1.1313	-0.3071	0.4054
1.1313	-0.2529	1.1825
1.1313	-0.19871	0.27806
1.1313	-0.14452	0.089178
1.1313	-0.090324	0.020514
1.1313	-0.036129	0.0013235
1.1313	0.018065	0.0029218
1.1313	0.072258	0.0028713
1.1313	0.18065	0.0012542
1.1313	0.23484	0.0018117
1.1313	0.28903	0.00072699
1.1313	0.34323	0.0012228
1.1313	0.39742	0.0022411
1.1313	0.45161	0.0011749
1.1313	0.88516	0.0014675
1.1313	0.99354	0.0032112
1.1313	1.0477	0.021397
1.1313	1.1019	0.049689
1.1313	1.1561	0.065229
1.1313	1.2103	0.05637
1.1313	1.2645	0.017356
1.1313	1.3187	0.0029831
1.1313	1.3729	0.0023867
1.1671	-0.3071	0.0059359
1.1671	-0.2529	0.19457
1.1671	-0.19871	1.4376
1.1671	-0.14452	0.642
1.1671	-0.090324	0.044448
1.1671	-0.036129	0.0019961
1.1671	0.018065	0.0043108
1.1671	0.072258	0.0030226
1.1671	0.12645	0.00071692
1.1671	0.18065	0.0018363
1.1671	0.23484	0.0020432
1.1671	0.28903	0.0008999
1.1671	0.34323	0.0021248
1.1671	0.39742	0.003321
1.1671	0.45161	0.0016295
1.1671	0.56	0.001105
1.1671	0.72258	0.00081168
1.1671	0.83097	0.0015645
1.1671	0.88516	0.0044822
1.1671	0.93935	0.001209
1.1671	0.99354	0.031079
1.1671	1.0477	0.29775
1.1671	1.1019	1.4193
1.1671	1.1561	1.2552
1.1671	1.2103	0.34202
1.1671	1.2645	0.01264
1.1671	1.3187	0.00091069
1.1671	1.3729	0.00076471
1.2028	-0.3071	0.0014519
1.2028	-0.2529	0.0061006
1.2028	-0.19871	0.019872
1.2028	-0.14452	0.091359
1.2028	-0.090324	0.14417
1.2028	-0.036129	0.018477
1.2028	0.018065	0.02362
1.2028	0.072258	0.0058404
1.2028	0.12645	0.0014219
1.2028	0.18065	0.0031758
1.2028	0.23484	0.0026579
1.2028	0.28903	0.0014774
1.2028	0.34323	0.0040156
1.2028	0.39742	0.0054377
1.2028	0.45161	0.0027552
1.2028	0.50581	0.0018071
1.2028	0.56	0.0028728
1.2028	0.61419	0.0011519
1.2028	0.72258	0.0022096
1.2028	0.83097	0.011073
1.2028	0.88516	0.041062
1.2028	0.93935	0.019551
1.2028	0.99354	0.47665
1.2028	1.0477	1.4932
1.2028	1.1019	0.94022
1.2028	1.1561	0.2074
1.2028	1.2103	0.03112
1.2028	1.2645	0.0012687
1.2385	-0.3071	0.0019529
1.2385	-0.2529	0.0055112
1.2385	-0.19871	0.0076902
1.2385	-0.14452	0.0059303
1.2385	-0.090324	0.0021349
1.2385	-0.036129	0.0010268
1.2385	0.018065	0.019865
1.2385	0.072258	0.019809
1.2385	0.12645	0.009749
1.2385	0.18065	0.024546
1.2385	0.23484	0.019566
1.2385	0.28903	0.0092692
1.2385	0.34323	0.020299
1.2385	0.39742	0.022907
1.2385	0.45161	0.014097
1.2385	0.50581	0.016787
1.2385	0.56	0.025088
1.2385	0.61419	0.011291
1.2385	0.66839	0.011652
1.2385	0.72258	0.024038
1.2385	0.77677	0.0048523
1.2385	0.83097	0.058818
1.2385	0.88516	0.076257
1.2385	0.93935	0.0056423
1.2385	0.99354	0.052666
1.2385	1.0477	0.10049
1.2385	1.1019	0.086148
1.2385	1.1561	0.039652
1.2385	1.2103	0.0084701
1.2742	-0.3071	0.0021822
1.2742	-0.2529	0.0056378
1.2742	-0.19871	0.0068446
1.2742	-0.14452	0.003936
1.2742	0.018065	0.0007783
1.2742	0.18065	0.0020369
1.2742	0.23484	0.0032466
1.2742	0.28903	0.0076402
1.2742	0.34323	0.039378
1.2742	0.39742	0.06065
1.2742	0.45161	0.044426
1.2742	0.50581	0.0476
1.2742	0.56	0.037418
1.2742	0.61419	0.0071706
1.2742	0.66839	0.0025463
1.2742	0.72258	0.0026938
1.2742	0.83097	0.0025623
1.2742	0.88516	0.0021159
1.2742	0.93935	0.00087146
1.2742	0.99354	0.011052
1.2742	1.0477	0.025548
1.2742	1.1019	0.026111
1.2742	1.1561	0.013626
1.2742	1.2103	0.0030542
1.31	-0.3071	0.00174
1.31	-0.2529	0.0042735
1.31	-0.19871	0.0048577
1.31	-0.14452	0.0024345
1.31	0.50581	0.00075681
1.31	0.99354	0.0037509
1.31	1.0477	0.0087514
1.31	1.1019	0.0093584
1.31	1.1561	0.0050535
1.31	1.2103	0.0011052
1.3457	-0.3071	0.00089944
1.3457	-0.2529	0.0022298
1.3457	-0.19871	0.0024932
1.3457	-0.14452	0.0011402
1.3457	0.99354	0.0013147
1.3457	1.0477	0.0030058
1.3457	1.1019	0.0032585
1.3457	1.1561	0.0017677
1.3814	-0.19871	0.00075759
1.3814	1.0477	0.00094057
1.3814	1.1019	0.0010174
1.4886	-0.3071	0.0013797
1.4886	-0.2529	0.0015658
1.4886	-0.19871	0.00084074
1.5243	-0.3071	0.0016375
1.5243	-0.2529	0.0019168
1.5243	-0.19871	0.0010484
1.5601	-0.3071	0.0012263
1.5601	-0.2529	0.0014798
1.5601	-0.19871	0.00081455
1.5958	-0.2529	0.00070761
1.6672	-0.36129	0.00096697
1.6672	-0.3071	0.0013041
1.6672	-0.2529	0.00083796
1.703	-0.36129	0.001961
1.703	-0.3071	0.0027224
1.703	-0.2529	0.0018073
1.7387	-1.6619	0.00094228
1.7387	-1.6077	0.0010988
1.7387	-0.41548	0.00072654
1.7387	-0.36129	0.0025927
1.7387	-0.3071	0.0036613
1.7387	-0.2529	0.0024766
1.7744	-1.6619	0.0012217
1.7744	-1.6077	0.0014297
1.7744	-1.5535	0.00076903
1.7744	-0.36129	0.002246
1.7744	-0.3071	0.0032741
1.7744	-0.2529	0.0022621
1.8101	-1.6619	0.0011843
1.8101	-1.6077	0.0013843
1.8101	-1.5535	0.00072799
1.8101	-0.36129	0.0010756
1.8101	-0.3071	0.0017466
1.8101	-0.2529	0.0012957
1.8459	-1.6619	0.00084376
1.8459	-1.6077	0.00099902
1.8816	-0.41548	0.00078763
1.8816	-0.36129	0.0010741
1.9173	-0.41548	0.0027495
1.9173	-0.36129	0.0042977
1.9173	-0.3071	0.0030745
1.9173	-0.2529	0.00096729
1.953	-0.46968	0.001141
1.953	-0.41548	0.0055562
1.953	-0.36129	0.0089057
1.953	-0.3071	0.006745
1.953	-0.2529	0.0022442
1.9888	-0.46968	0.0017907
1.9888	-0.41548	0.0079663
1.9888	-0.36129	0.012704
1.9888	-0.3071	0.0097169
1.9888	-0.2529	0.003186
2.0245	-0.46968	0.0020839
2.0245	-0.41548	0.0086137
2.0245	-0.36129	0.013621
2.0245	-0.3071	0.010387
2.0245	-0.2529	0.0032701
2.0602	-0.46968	0.0017542
2.0602	-0.41548	0.0069747
2.0602	-0.36129	0.011099
2.0602	-0.3071	0.0084826
2.0602	-0.2529	0.0025458
2.096	-0.46968	0.00093404
2.096	-0.41548	0.003869
2.096	-0.36129	0.0064913
2.096	-0.3071	0.005121
2.096	-0.2529	0.0014827
2.1317	-0.41548	0.0010471
2.1317	-0.36129	0.0021926
2.1317	-0.3071	0.0019806
2.1317	0.88516	0.00097509
2.1317	0.93935	0.0009737
2.1674	0.83097	0.0010635
2.1674	0.88516	0.0029281
2.1674	0.93935	0.0031714
2.1674	0.99354	0.0016341
2.2031	-0.46968	0.0012317
2.2031	-0.41548	0.001686
2.2031	-0.36129	0.0010006
2.2031	0.83097	0.0025946
2.2031	0.88516	0.0070868
2.2031	0.93935	0.0080767
2.2031	0.99354	0.0044283
2.2031	1.0477	0.00090261
2.2389	-0.52387	0.00072181
2.2389	-0.46968	0.0032345
2.2389	-0.41548	0.0050844
2.2389	-0.36129	0.0038488
2.2389	-0.3071	0.0013193
2.2389	0.66839	0.00084956
2.2389	0.83097	0.0062697
2.2389	0.88516	0.017536
2.2389	0.93935	0.021422
2.2389	0.99354	0.012547
2.2389	1.0477	0.0025323
2.2389	1.1561	0.00090652
2.2746	-0.52387	0.0013871
2.2746	-0.46968	0.0056752
2.2746	-0.41548	0.0091259
2.2746	-0.36129	0.0073688
2.2746	-0.3071	0.002737
2.2746	0.66839	0.0012014
2.2746	0.72258	0.00093525
2.2746	0.77677	0.001254
2.2746	0.83097	0.0159
2.2746	0.88516	0.042435
2.2746	0.93935	0.047596
2.2746	0.99354	0.023664
2.2746	1.0477	0.003597
2.2746	1.1561	0.0009514
2.3103	-0.52387	0.0021808
2.3103	-0.46968	0.0080659
2.3103	-0.41548	0.012834
2.3103	-0.36129	0.01054
2.3103	-0.3071	0.0039582
2.3103	0.66839	0.0010317
2.3103	0.72258	0.00071498
2.3103	0.77677	0.001288
2.3103	0.83097	0.011595
2.3103	0.88516	0.023182
2.3103	0.93935	0.019757
2.3103	0.99354	0.0076375
2.3103	1.0477	0.0008824
2.346	-1.7161	0.00076072
2.346	-0.52387	0.0029691
2.346	-0.46968	0.01006
2.346	-0.41548	0.015766
2.346	-0.36129	0.013005
2.346	-0.3071	0.0048285
2.346	-0.19871	0.00072076
2.346	-0.14452	0.00087485
2.346	0.83097	0.0014374
2.346	0.88516	0.0032073
2.346	0.93935	0.003108
2.346	0.99354	0.0013425
2.3818	-1.7703	0.00071729
2.3818	-1.7161	0.0010061
2.3818	-0.52387	0.0034421
2.3818	-0.46968	0.011058
2.3818	-0.41548	0.017479
2.3818	-0.36129	0.01471
2.3818	-0.3071	0.0054244
2.3818	-0.19871	0.0014208
2.3818	-0.14452	0.001535
2.3818	-0.036129	0.00086011
2.3818	0.018065	0.00095634
2.4175	-1.7161	0.00094101
2.4175	-0.52387	0.002653
2.4175	-0.46968	0.0085549
2.4175	-0.41548	0.014597
2.4175	-0.36129	0.013001
2.4175	-0.3071	0.0047886
2.4175	-0.19871	0.0017635
2.4175	-0.14452	0.0013487
2.4175	-0.036129	0.00073403
2.4532	-0.52387	0.0011218
2.4532	-0.46968	0.0017539
2.4532	-0.41548	0.0022555
2.4532	-0.36129	0.0018504
2.4532	-0.3071	0.00076675
2.4532	0.83097	0.00089541
2.4532	0.88516	0.00083731
2.4889	-1.0116	0.00077036
2.4889	-0.84903	0.001313
2.4889	-0.79484	0.00095809
2.4889	-0.74065	0.00091295
2.4889	-0.68645	0.0024323
2.4889	-0.63226	0.0012464
2.4889	-0.57806	0.0017887
2.4889	-0.52387	0.0079959
2.4889	-0.46968	0.01156
2.4889	-0.41548	0.0079794
2.4889	-0.36129	0.0027999
2.4889	0.83097	0.001521
2.4889	0.88516	0.0015532
2.4889	0.93935	0.00078956
2.5247	-1.0116	0.0015983
2.5247	-0.95742	0.00088819
2.5247	-0.90323	0.00081389
2.5247	-0.84903	0.0017398
2.5247	-0.74065	0.00096778
2.5247	-0.68645	0.0021337
2.5247	-0.57806	0.002121
2.5247	-0.52387	0.010101
2.5247	-0.46968	0.015728
2.5247	-0.41548	0.012188
2.5247	-0.36129	0.0047695
2.5247	0.77677	0.00091378
2.5247	0.83097	0.0020442
2.5247	0.88516	0.0021294
2.5247	0.93935	0.0011231
2.5247	2.1858	0.0007755
2.5247	2.24	0.000804
2.5604	-1.8245	0.0015041
2.5604	-1.7703	0.0025616
2.5604	-1.7161	0.0019644
2.5604	-0.68645	0.0010151
2.5604	-0.57806	0.0019843
2.5604	-0.52387	0.0090134
2.5604	-0.46968	0.014633
2.5604	-0.41548	0.011976
2.5604	-0.36129	0.0048071
2.5604	0.77677	0.0011469
2.5604	0.83097	0.0024328
2.5604	0.88516	0.0025243
2.5604	0.93935	0.0013386
2.5604	2.1858	0.00077447
2.5604	2.24	0.00079547
2.5961	-1.8787	0.0010932
2.5961	-1.8245	0.0049348
2.5961	-1.7703	0.0092831
2.5961	-1.7161	0.0079844
2.5961	-1.6619	0.0021753
2.5961	-1.5535	0.0014825
2.5961	-0.57806	0.0016465
2.5961	-0.52387	0.0071008
2.5961	-0.46968	0.011908
2.5961	-0.41548	0.010144
2.5961	-0.36129	0.0040918
2.5961	0.77677	0.0013327
2.5961	0.83097	0.0026952
2.5961	0.88516	0.0027765
2.5961	0.93935	0.0014667
2.6318	-1.8787	0.0030187
2.6318	-1.8245	0.010864
2.6318	-1.7703	0.016581
2.6318	-1.7161	0.011202
2.6318	-1.6619	0.0022626
2.6318	-1.5535	0.0011566
2.6318	-0.57806	0.0011597
2.6318	-0.52387	0.0048647
2.6318	-0.46968	0.0085733
2.6318	-0.41548	0.0076991
2.6318	-0.36129	0.0031402
2.6318	0.77677	0.0013043
2.6318	0.83097	0.0025659
2.6318	0.88516	0.0026529
2.6318	0.93935	0.0013926
2.6676	-1.8787	0.0030412
2.6676	-1.8245	0.0065559
2.6676	-1.7703	0.0067075
2.6676	-1.7161	0.0033849
2.6676	-0.52387	0.0026034
2.6676	-0.46968	0.0050708
2.6676	-0.41548	0.0050346
2.6676	-0.36129	0.0021617
2.6676	-0.19871	0.0007253
2.6676	0.83097	0.00083877
2.6676	0.88516	0.00087836
2.7033	-1.8787	0.0019983
2.7033	-1.8245	0.0036523
2.7033	-1.7703	0.0032171
2.7033	-1.7161	0.0013844
2.7033	-0.52387	0.00092722
2.7033	-0.46968	0.0019299
2.7033	-0.41548	0.0023422
2.7033	-0.36129	0.0012086
2.7033	-0.19871	0.00075266
2.7033	-0.036129	0.00072938
2.7033	0.12645	0.00082862
2.739	-1.8787	0.0016767
2.739	-1.8245	0.0031129
2.739	-1.7703	0.002751
2.739	-1.7161	0.0011141
2.739	-0.57806	0.0016877
2.739	-0.52387	0.0036103
2.739	-0.46968	0.0029551
2.739	-0.41548	0.0011693
2.739	0.77677	0.00092436
2.739	0.83097	0.0010737
2.7748	-1.8787	0.0014532
2.7748	-1.8245	0.0028278
2.7748	-1.7703	0.002625
2.7748	-1.7161	0.0010621
2.7748	-0.74065	0.0010786
2.7748	-0.68645	0.00074499
2.7748	-0.57806	0.0063754
2.7748	-0.52387	0.01351
2.7748	-0.46968	0.01168
2.7748	-0.41548	0.0041912
2.7748	0.77677	0.0012019
2.7748	0.83097	0.0014125
2.7748	0.88516	0.00083408
2.8105	-1.8787	0.0012698
2.8105	-1.8245	0.0026739
2.8105	-1.7703	0.0026776
2.8105	-1.7161	0.0011018
2.8105	-0.74065	0.00075862
2.8105	-0.57806	0.0051399
2.8105	-0.52387	0.010531
2.8105	-0.46968	0.009544
2.8105	-0.41548	0.0038084
2.8105	0.77677	0.0012334
2.8105	0.83097	0.0014533
2.8105	0.88516	0.00086173
2.8462	-1.8787	0.0010896
2.8462	-1.8245	0.0024419
2.8462	-1.7703	0.002537
2.8462	-1.7161	0.0010005
2.8462	-0.57806	0.0029607
2.8462	-0.52387	0.0059185
2.8462	-0.46968	0.0055597
2.8462	-0.41548	0.0023318
2.8462	0.77677	0.0011063
2.8462	0.83097	0.0013242
2.8462	0.88516	0.00079427
2.8819	-1.8245	0.0010747
2.8819	-1.7703	0.00099493
2.8819	-0.57806	0.0025715
2.8819	-0.52387	0.0043905
2.8819	-0.46968	0.0037911
2.8819	-0.41548	0.0015069
2.8819	0.77677	0.00086031
2.8819	0.83097	0.0010852
2.9177	-1.8245	0.00077122
2.9177	-0.63226	0.001241
2.9177	-0.57806	0.0046514
2.9177	-0.52387	0.0066034
2.9177	-0.46968	0.0047259
2.9177	-0.41548	0.0015427
2.9534	-1.8787	0.0011836
2.9534	-1.8245	0.00142
2.9534	-1.7703	0.00083129
2.9534	-0.74065	0.00095919
2.9534	-0.63226	0.0035557
2.9534	-0.57806	0.012317
2.9534	-0.52387	0.016698
2.9534	-0.46968	0.01104
2.9534	-0.41548	0.0030524
2.9891	-1.9329	0.00076522
2.9891	-1.8787	0.0020637
2.9891	-1.8245	0.0025634
2.9891	-1.7703	0.0014945
2.9891	-0.79484	0.0013108
2.9891	-0.74065	0.0016313
2.9891	-0.63226	0.0097435
2.9891	-0.57806	0.032258
2.9891	-0.52387	0.043309
2.9891	-0.46968	0.027813
2.9891	-0.41548	0.0068486
2.9891	-0.3071	0.0014087
2.9891	-0.2529	0.00082946
3.0248	-1.9329	0.0011129
3.0248	-1.8787	0.0031017
3.0248	-1.8245	0.0040227
3.0248	-1.7703	0.002363
3.0248	-0.79484	0.0014258
3.0248	-0.74065	0.0015654
3.0248	-0.68645	0.00071093
3.0248	-0.63226	0.013065
3.0248	-0.57806	0.039899
3.0248	-0.52387	0.050608
3.0248	-0.46968	0.030231
3.0248	-0.41548	0.006406
3.0248	-0.3071	0.0018396
3.0248	-0.2529	0.00083359
3.0248	0.77677	0.00071714
3.0606	-1.9329	0.0011818
3.0606	-1.8787	0.0033931
3.0606	-1.8245	0.0045642
3.0606	-1.7703	0.0026624
3.0606	-1.6077	0.00088112
3.0606	-0.63226	0.0051054
3.0606	-0.57806	0.015197
3.0606	-0.52387	0.019303
3.0606	-0.46968	0.011403
3.0606	-0.41548	0.0021836
3.0606	-0.3071	0.001062
3.0606	0.77677	0.00083054
3.0963	-1.9329	0.00074376
3.0963	-1.8787	0.0015877
3.0963	-1.8245	0.0018548
3.0963	-1.7703	0.00098479
3.0963	-0.63226	0.0015699
3.0963	-0.57806	0.0043716
3.0963	-0.52387	0.005726
3.0963	-0.46968	0.0035343
3.0963	0.72258	0.00088222
3.0963	0.77677	0.0010864
3.132	-1.9329	0.00087683
3.132	-1.8787	0.0011795
3.132	-1.8245	0.0007956
3.132	-0.63226	0.0023344
3.132	-0.57806	0.0042055
3.132	-0.52387	0.0039865
3.132	-0.46968	0.0020127
3.132	0.66839	0.00093237
3.132	0.72258	0.0021196
3.132	0.77677	0.0021251
3.132	0.83097	0.0010824
3.1677	-1.9329	0.0011612
3.1677	-1.8787	0.0016533
3.1677	-1.8245	0.0011177
3.1677	-0.79484	0.0007774
3.1677	-0.68645	0.001521
3.1677	-0.63226	0.0077239
3.1677	-0.57806	0.013089
3.1677	-0.52387	0.010874
3.1677	-0.46968	0.0043653
3.1677	0.66839	0.0020209
3.1677	0.72258	0.0039605
3.1677	0.77677	0.0034015
3.1677	0.83097	0.0014213
3.2035	-1.9329	0.0013486
3.2035	-1.8787	0.0020699
3.2035	-1.8245	0.0014945
3.2035	-0.79484	0.001206
3.2035	-0.68645	0.0037937
3.2035	-0.63226	0.017849
3.2035	-0.57806	0.029913
3.2035	-0.52387	0.024275
3.2035	-0.46968	0.0088836
3.2035	-0.41548	0.00074109
3.2035	-0.3071	0.0008885
3.2035	0.66839	0.0018262
3.2035	0.72258	0.0033813
3.2035	0.77677	0.0027833
3.2035	0.83097	0.0010788
3.2392	-1.9329	0.001291
3.2392	-1.8787	0.0021311
3.2392	-1.8245	0.0016037
3.2392	-0.79484	0.00072959
3.2392	-0.68645	0.0034343
3.2392	-0.63226	0.014937
3.2392	-0.57806	0.024491
3.2392	-0.52387	0.019395
3.2392	-0.46968	0.006568
3.2392	-0.36129	0.00078872
3.2392	-0.3071	0.00084376
3.2392	0.66839	0.0012927
3.2392	0.72258	0.0024056
3.2392	0.77677	0.0020187
3.2392	0.83097	0.00077358
3.2749	-1.8787	0.00088157
3.2749	-0.68645	0.001475
3.2749	-0.63226	0.0063319
3.2749	-0.57806	0.010801
3.2749	-0.52387	0.0088334
3.2749	-0.46968	0.0028921
3.2749	0.66839	0.0009324
3.2749	0.72258	0.0018022
3.2749	0.77677	0.0015757
3.3106	-0.68645	0.00074427
3.3106	-0.63226	0.0026161
3.3106	-0.57806	0.0043375
3.3106	-0.52387	0.00365
3.3106	-0.46968	0.0011704
3.3106	0.72258	0.0012387
3.3106	0.77677	0.0011129
3.3464	-1.9329	0.001038
3.3464	-1.8787	0.00089406
3.3464	-0.68645	0.0024262
3.3464	-0.63226	0.0051506
3.3464	-0.57806	0.0050025
3.3464	-0.52387	0.0026229
3.3464	0.72258	0.00081496
3.3821	-1.9871	0.0017488
3.3821	-1.9329	0.0034334
3.3821	-1.8787	0.003218
3.3821	-1.8245	0.0013438
3.3821	-0.84903	0.0011582
3.3821	-0.68645	0.0065362
3.3821	-0.63226	0.013506
3.3821	-0.57806	0.012351
3.3821	-0.52387	0.00535
3.3821	-0.46968	0.00078945
3.3821	0.66839	0.0010988
3.3821	0.72258	0.0011619
3.4178	-1.9871	0.0024142
3.4178	-1.9329	0.0047521
3.4178	-1.8787	0.0044927
3.4178	-1.8245	0.0018197
3.4178	-0.84903	0.00077177
3.4178	-0.74065	0.00083058
3.4178	-0.68645	0.0068513
3.4178	-0.63226	0.014494
3.4178	-0.57806	0.013889
3.4178	-0.52387	0.0061468
3.4178	-0.46968	0.00079356
3.4178	0.61419	0.00078978
3.4178	0.66839	0.0020341
3.4178	0.72258	0.0021759
3.4178	0.77677	0.0011421
3.4536	-1.9871	0.0012573
3.4536	-1.9329	0.0025431
3.4536	-1.8787	0.0024638
3.4536	-1.8245	0.00096832
3.4536	-0.68645	0.0051393
3.4536	-0.63226	0.011578
3.4536	-0.57806	0.011873
3.4536	-0.52387	0.005415
3.4536	0.61419	0.0012299
3.4536	0.66839	0.0031133
3.4536	0.72258	0.0033715
3.4536	0.77677	0.0017557
3.4893	-1.9329	0.00093102
3.4893	-1.8787	0.00096061
3.4893	-0.68645	0.0025226
3.4893	-0.63226	0.006588
3.4893	-0.57806	0.0075056
3.4893	-0.52387	0.003532
3.4893	-0.36129	0.0007643
3.4893	0.61419	0.00090838
3.4893	0.66839	0.0022591
3.4893	0.72258	0.0024573
3.4893	0.77677	0.0012596
3.525	-0.68645	0.00080913
3.525	-0.63226	0.0015144
3.525	-0.57806	0.0017077
3.525	-0.52387	0.00081092
3.525	0.66839	0.00076618
3.525	0.72258	0.00086212
3.5607	-1.9871	0.0011074
3.5607	-1.9329	0.0012454
3.5607	-0.74065	0.001478
3.5607	-0.68645	0.0042224
3.5607	-0.63226	0.0046508
3.5607	-0.57806	0.0024944
3.5965	-2.0413	0.00072045
3.5965	-1.9871	0.0019106
3.5965	-1.9329	0.0022827
3.5965	-1.8787	0.0012623
3.5965	-0.84903	0.00077637
3.5965	-0.74065	0.0042284
3.5965	-0.68645	0.01254
3.5965	-0.63226	0.015291
3.5965	-0.57806	0.0090884
3.5965	-0.52387	0.0022178
3.5965	0.61419	0.00094728
3.5965	0.66839	0.0012111
3.5965	0.72258	0.00072535
3.6322	-2.0413	0.0008401
3.6322	-1.9871	0.0022995
3.6322	-1.9329	0.0028774
3.6322	-1.8787	0.0016228
3.6322	-0.74065	0.0062115
3.6322	-0.68645	0.018194
3.6322	-0.63226	0.02289
3.6322	-0.57806	0.013996
3.6322	-0.52387	0.0032798
3.6322	0.61419	0.0014477
3.6322	0.66839	0.0019199
3.6322	0.72258	0.0011938
3.6679	-1.9871	0.0012104
3.6679	-1.9329	0.0016335
3.6679	-1.8787	0.00094413
3.6679	-0.74065	0.0046155
3.6679	-0.68645	0.013617
3.6679	-0.63226	0.017784
3.6679	-0.57806	0.01113
3.6679	-0.52387	0.0024367
3.6679	-0.41548	0.00099949
3.6679	0.61419	0.0015496
3.6679	0.66839	0.0021514
3.6679	0.72258	0.0013966
3.7036	-0.74065	0.0023386
3.7036	-0.68645	0.0071138
3.7036	-0.63226	0.009869
3.7036	-0.57806	0.0064217
3.7036	-0.52387	0.0013
3.7036	-0.41548	0.0010124
3.7036	0.61419	0.00090141
3.7036	0.66839	0.0013521
3.7036	0.72258	0.00092059
3.7394	-0.74065	0.0015433
3.7394	-0.68645	0.003148
3.7394	-0.63226	0.0035576
3.7394	-0.57806	0.0021324
3.7751	-2.0413	0.00074882
3.7751	-1.9871	0.0011346
3.7751	-1.9329	0.00079797
3.7751	-0.79484	0.0008794
3.7751	-0.74065	0.0044339
3.7751	-0.68645	0.0068598
3.7751	-0.63226	0.0050308
3.7751	-0.57806	0.0017553
3.8108	-2.0413	0.00093378
3.8108	-1.9871	0.0015957
3.8108	-1.9329	0.0012689
3.8108	-0.90323	0.00078832
3.8108	-0.79484	0.0019268
3.8108	-0.74065	0.0091428
3.8108	-0.68645	0.014716
3.8108	-0.63226	0.011222
3.8108	-0.57806	0.0037838
3.8108	0.56	0.00093275
3.8108	0.61419	0.0016115
3.8108	0.66839	0.0012444
3.8465	-1.9871	0.00085984
3.8465	-1.9329	0.00079565
3.8465	-0.79484	0.0022598
3.8465	-0.74065	0.010331
3.8465	-0.68645	0.017293
3.8465	-0.63226	0.013797
3.8465	-0.57806	0.004663
3.8465	0.56	0.001512
3.8465	0.61419	0.0026819
3.8465	0.66839	0.002189
3.8465	0.72258	0.00084159
3.8823	-0.79484	0.001384
3.8823	-0.74065	0.006559
3.8823	-0.68645	0.011806
3.8823	-0.63226	0.0099707
3.8823	-0.57806	0.0033408
3.8823	-0.46968	0.00075601
3.8823	0.56	0.001466
3.8823	0.61419	0.0026388
3.8823	0.66839	0.0022195
3.8823	0.72258	0.00085653
3.918	-2.0955	0.0011386
3.918	-2.0413	0.0020271
3.918	-1.9871	0.001566
3.918	-0.74065	0.0015412
3.918	-0.68645	0.0035099
3.918	-0.63226	0.0034705
3.918	-0.57806	0.0012011
3.918	0.56	0.00083331
3.918	0.61419	0.0015565
3.918	0.66839	0.0013666
3.9537	-2.0955	0.0032204
3.9537	-2.0413	0.0063372
3.9537	-1.9871	0.0057905
3.9537	-1.9329	0.0024006
3.9537	-0.74065	0.0011037
3.9537	-0.68645	0.0008343
3.9895	-2.1497	0.00092513
3.9895	-2.0955	0.0055184
3.9895	-2.0413	0.01114
3.9895	-1.9871	0.010688
3.9895	-1.9329	0.0045843
3.9895	-0.79484	0.0027044
3.9895	-0.74065	0.0058165
3.9895	-0.68645	0.0053319
3.9895	-0.63226	0.0022309
4.0252	-2.1497	0.0011229
4.0252	-2.0955	0.0062995
4.0252	-2.0413	0.012901
4.0252	-1.9871	0.012655
4.0252	-1.9329	0.0053605
4.0252	-1.8245	0.00074385
4.0252	-1.7703	0.0010254
4.0252	-0.79484	0.0039226
4.0252	-0.74065	0.0093164
4.0252	-0.68645	0.0098402
4.0252	-0.63226	0.0047843
4.0252	-0.57806	0.00071244
4.0252	0.56	0.0015295
4.0252	0.61419	0.001552
4.0252	0.66839	0.0007512
4.0609	-2.1497	0.00081987
4.0609	-2.0955	0.0045811
4.0609	-2.0413	0.009792
4.0609	-1.9871	0.0099393
4.0609	-1.9329	0.0041339
4.0609	-1.8245	0.001032
4.0609	-1.7703	0.0012068
4.0609	-0.79484	0.0022427
4.0609	-0.74065	0.0061674
4.0609	-0.68645	0.0075476
4.0609	-0.63226	0.004075
4.0609	0.50581	0.00081534
4.0609	0.56	0.0020739
4.0609	0.61419	0.0022001
4.0609	0.66839	0.0011081
4.0966	-2.0955	0.0015903
4.0966	-2.0413	0.0040276
4.0966	-1.9871	0.0045831
4.0966	-1.9329	0.0019507
4.0966	-1.8245	0.00091592
4.0966	-1.7703	0.00093253
4.0966	-1.6077	0.00076151
4.0966	-0.79484	0.00090167
4.0966	-0.74065	0.0012114
4.0966	-0.68645	0.0016089
4.0966	-0.63226	0.0011253
4.0966	0.56	0.0016217
4.0966	0.61419	0.0018145
4.0966	0.66839	0.00094574
4.1324	-1.1742	0.0010336
4.1324	-1.12	0.001137
4.1324	-1.0116	0.0013876
4.1324	-0.95742	0.0019681
4.1324	-0.84903	0.002738
4.1324	-0.79484	0.0082318
4.1324	-0.74065	0.0081721
4.1324	-0.68645	0.0034692
4.1324	0.61419	0.00076737
4.1681	-2.1497	0.0010998
4.1681	-2.0955	0.0023898
4.1681	-2.0413	0.0021101
4.1681	-1.9871	0.00078953
4.1681	-1.1742	0.0013265
4.1681	-1.12	0.0013793
4.1681	-1.0116	0.0025729
4.1681	-0.95742	0.003414
4.1681	-0.84903	0.0091968
4.1681	-0.79484	0.029435
4.1681	-0.74065	0.035447
4.1681	-0.68645	0.020308
4.1681	-0.63226	0.0048994
4.2038	-2.1497	0.0028127
4.2038	-2.0955	0.0068896
4.2038	-2.0413	0.0075138
4.2038	-1.9871	0.0037609
4.2038	-1.1742	0.0011614
4.2038	-1.12	0.0011169
4.2038	-1.0116	0.0032266
4.2038	-0.95742	0.0038337
4.2038	-0.90323	0.00089781
4.2038	-0.84903	0.018129
4.2038	-0.79484	0.057096
4.2038	-0.74065	0.072593
4.2038	-0.68645	0.044819
4.2038	-0.63226	0.011342
4.2038	-0.52387	0.0012027
4.2038	-0.46968	0.00085692
4.2395	-2.1497	0.0038178
4.2395	-2.0955	0.0097377
4.2395	-2.0413	0.011422
4.2395	-1.9871	0.0061443
4.2395	-1.9329	0.00092654
4.2395	-1.0116	0.0026597
4.2395	-0.95742	0.0028225
4.2395	-0.90323	0.0012972
4.2395	-0.84903	0.023598
4.2395	-0.79484	0.072537
4.2395	-0.74065	0.094373
4.2395	-0.68645	0.059622
4.2395	-0.63226	0.014594
4.2395	-0.52387	0.0029612
4.2395	-0.46968	0.0018576
4.2395	0.50581	0.00093482
4.2395	0.56	0.0013291
4.2395	0.61419	0.00087159
4.2753	-2.1497	0.0029488
4.2753	-2.0955	0.0079877
4.2753	-2.0413	0.010009
4.2753	-1.9871	0.0055922
4.2753	-1.9329	0.00076177
4.2753	-1.8245	0.0010844
4.2753	-1.0116	0.0011792
4.2753	-0.95742	0.0011888
4.2753	-0.90323	0.0012711
4.2753	-0.84903	0.019807
4.2753	-0.79484	0.061152
4.2753	-0.74065	0.08217
4.2753	-0.68645	0.052878
4.2753	-0.63226	0.012194
4.2753	-0.57806	0.00082604
4.2753	-0.52387	0.0043438
4.2753	-0.46968	0.0023385
4.2753	-0.36129	0.0011076
4.2753	-0.3071	0.00079612
4.2753	0.50581	0.0007583
4.2753	0.56	0.0012191
4.2753	0.61419	0.00090133
4.311	-2.1497	0.00091422
4.311	-2.0955	0.0031113
4.311	-2.0413	0.0046147
4.311	-1.9871	0.0028362
4.311	-1.8245	0.00097976
4.311	-1.6619	0.00072084
4.311	-0.84903	0.0084801
4.311	-0.79484	0.029293
4.311	-0.74065	0.043488
4.311	-0.68645	0.029678
4.311	-0.63226	0.0064918
4.311	-0.57806	0.00092893
4.311	-0.52387	0.0041521
4.311	-0.46968	0.0019178
4.311	-0.36129	0.0015791
4.311	-0.3071	0.00094874
4.3467	-1.3368	0.00071334
4.3467	-1.1742	0.00076706
4.3467	-0.84903	0.00087522
4.3467	-0.79484	0.0039319
4.3467	-0.74065	0.0086736
4.3467	-0.68645	0.0076589
4.3467	-0.63226	0.001756
4.3467	-0.52387	0.0024186
4.3467	-0.46968	0.00098602
4.3467	-0.36129	0.0014444
4.3467	-0.3071	0.00073478
4.3467	-0.19871	0.00080426
4.3467	0.50581	0.00073516
4.3824	-2.2039	0.0009077
4.3824	-2.1497	0.0028826
4.3824	-2.0955	0.0033411
4.3824	-2.0413	0.0016567
4.3824	-1.3368	0.00077238
4.3824	-1.1742	0.0013458
4.3824	-1.0658	0.0010326
4.3824	-1.0116	0.0024088
4.3824	-0.90323	0.0021173
4.3824	-0.84903	0.008781
4.3824	-0.79484	0.0099972
4.3824	-0.74065	0.0046588
4.3824	-0.68645	0.00098371
4.3824	-0.36129	0.00077652
4.3824	-0.19871	0.00073364
4.3824	0.12645	0.00080477
4.3824	0.28903	0.00093731
4.3824	0.45161	0.0021144
4.3824	0.50581	0.0037627
4.3824	0.56	0.0027918
4.3824	0.61419	0.00095827
4.4182	-2.2039	0.0022018
4.4182	-2.1497	0.0075066
4.4182	-2.0955	0.010355
4.4182	-2.0413	0.0066389
4.4182	-1.9871	0.0015459
4.4182	-1.1742	0.0013029
4.4182	-1.0658	0.0017355
4.4182	-1.0116	0.0037305
4.4182	-0.95742	0.00078282
4.4182	-0.90323	0.0070112
4.4182	-0.84903	0.030896
4.4182	-0.79484	0.044957
4.4182	-0.74065	0.030287
4.4182	-0.68645	0.0087834
4.4182	0.12645	0.00077725
4.4182	0.28903	0.0012693
4.4182	0.45161	0.0046795
4.4182	0.50581	0.0086216
4.4182	0.56	0.0070182
4.4182	0.61419	0.0027113
4.4539	-2.2039	0.0028183
4.4539	-2.1497	0.0098711
4.4539	-2.0955	0.014638
4.4539	-2.0413	0.010158
4.4539	-1.9871	0.0024463
4.4539	-1.8787	0.00094641
4.4539	-1.0658	0.001654
4.4539	-1.0116	0.003252
4.4539	-0.90323	0.011548
4.4539	-0.84903	0.049619
4.4539	-0.79484	0.077557
4.4539	-0.74065	0.057939
4.4539	-0.68645	0.018637
4.4539	-0.63226	0.0011389
4.4539	-0.57806	0.001267
4.4539	-0.52387	0.0012157
4.4539	0.28903	0.0011548
4.4539	0.39742	0.00092523
4.4539	0.45161	0.0066777
4.4539	0.50581	0.01231
4.4539	0.56	0.010345
4.4539	0.61419	0.0040961
4.4896	-2.2039	0.0018292
4.4896	-2.1497	0.0070113
4.4896	-2.0955	0.011428
4.4896	-2.0413	0.0084911
4.4896	-1.9871	0.0019952
4.4896	-1.8787	0.0014355
4.4896	-1.0658	0.00073472
4.4896	-1.0116	0.0014495
4.4896	-0.90323	0.010762
4.4896	-0.84903	0.046027
4.4896	-0.79484	0.076044
4.4896	-0.74065	0.060213
4.4896	-0.68645	0.01976
4.4896	-0.63226	0.001052
4.4896	-0.57806	0.0027046
4.4896	-0.52387	0.0024359
4.4896	0.39742	0.00098608
4.4896	0.45161	0.0063347
4.4896	0.50581	0.011781
4.4896	0.56	0.010148
4.4896	0.61419	0.0040291
4.5253	-2.1497	0.0016507
4.5253	-2.0955	0.0037181
4.5253	-2.0413	0.0033767
4.5253	-1.9871	0.00081521
4.5253	-1.8787	0.0011798
4.5253	-1.7161	0.00098926
4.5253	-1.5535	0.00077091
4.5253	-0.90323	0.0043964
4.5253	-0.84903	0.021465
4.5253	-0.79484	0.040622
4.5253	-0.74065	0.035623
4.5253	-0.68645	0.012064
4.5253	-0.57806	0.0030813
4.5253	-0.52387	0.0025135
4.5253	-0.41548	0.0010903
4.5253	-0.36129	0.0010344
4.5253	0.45161	0.0035411
4.5253	0.50581	0.0070411
4.5253	0.56	0.0064348
4.5253	0.61419	0.0026011
4.5611	-2.2039	0.0013049
4.5611	-2.1497	0.0014819
4.5611	-1.7161	0.00077015
4.5611	-1.5535	0.00097954
4.5611	-1.391	0.0010464
4.5611	-1.2284	0.00112
4.5611	-1.0658	0.00095183
4.5611	-0.84903	0.0020587
4.5611	-0.79484	0.0063062
4.5611	-0.74065	0.0082043
4.5611	-0.68645	0.0034255
4.5611	-0.57806	0.0018743
4.5611	-0.52387	0.0014608
4.5611	-0.41548	0.0011278
4.5611	-0.36129	0.00097646
4.5611	0.50581	0.0017978
4.5611	0.56	0.0020496
4.5611	0.61419	0.00093016
4.5968	-2.2581	0.0014396
4.5968	-2.2039	0.0073274
4.5968	-2.1497	0.011983
4.5968	-2.0955	0.0088625
4.5968	-2.0413	0.0027441
4.5968	-1.391	0.0010922
4.5968	-1.2284	0.001879
4.5968	-1.1742	0.00087683
4.5968	-1.0658	0.003184
4.5968	-1.0116	0.001799
4.5968	-0.95742	0.0011093
4.5968	-0.90323	0.0095112
4.5968	-0.84903	0.015311
4.5968	-0.79484	0.0094236
4.5968	-0.74065	0.0022954
4.5968	0.45161	0.00076458
4.6325	-2.2581	0.0032212
4.6325	-2.2039	0.016107
4.6325	-2.1497	0.028733
4.6325	-2.0955	0.02421
4.6325	-2.0413	0.0086924
4.6325	-1.9329	0.00074923
4.6325	-1.8787	0.00081759
4.6325	-1.2284	0.0017437
4.6325	-1.1742	0.00072523
4.6325	-1.12	0.0010458
4.6325	-1.0658	0.0047988
4.6325	-1.0116	0.0024032
4.6325	-0.95742	0.0037357
4.6325	-0.90323	0.030242
4.6325	-0.84903	0.058494
4.6325	-0.79484	0.049697
4.6325	-0.74065	0.018963
4.6325	-0.68645	0.0020764
4.6325	0.23484	0.00082962
4.6325	0.28903	0.00078846
4.6325	0.39742	0.0019946
4.6325	0.45161	0.0045642
4.6325	0.50581	0.0039937
4.6325	0.56	0.0015856
4.6683	-2.2581	0.0041596
4.6683	-2.2039	0.020403
4.6683	-2.1497	0.038123
4.6683	-2.0955	0.033911
4.6683	-2.0413	0.012437
4.6683	-1.9871	0.00074033
4.6683	-1.9329	0.0021653
4.6683	-1.8787	0.0022342
4.6683	-1.2284	0.00077542
4.6683	-1.12	0.00094655
4.6683	-1.0658	0.0039686
4.6683	-1.0116	0.0017068
4.6683	-0.95742	0.0062154
4.6683	-0.90323	0.045777
4.6683	-0.84903	0.09372
4.6683	-0.79484	0.087723
4.6683	-0.74065	0.03732
4.6683	-0.68645	0.0042654
4.6683	-0.63226	0.0012
4.6683	-0.57806	0.0022759
4.6683	0.23484	0.00090176
4.6683	0.28903	0.00077463
4.6683	0.39742	0.0038056
4.6683	0.45161	0.0090513
4.6683	0.50581	0.0089065
4.6683	0.56	0.0041529
4.6683	0.61419	0.00073084
4.704	-2.2581	0.002703
4.704	-2.2039	0.014244
4.704	-2.1497	0.029213
4.704	-2.0955	0.027933
4.704	-2.0413	0.010345
4.704	-1.9329	0.0032783
4.704	-1.8787	0.0030301
4.704	-1.7703	0.001215
4.704	-1.7161	0.0012919
4.704	-1.0658	0.0013963
4.704	-0.95742	0.0052511
4.704	-0.90323	0.037768
4.704	-0.84903	0.082906
4.704	-0.79484	0.083673
4.704	-0.74065	0.037368
4.704	-0.68645	0.0039045
4.704	-0.63226	0.0024707
4.704	-0.57806	0.00416
4.704	-0.52387	0.00075732
4.704	-0.41548	0.0010834
4.704	0.39742	0.0041161
4.704	0.45161	0.009959
4.704	0.50581	0.010383
4.704	0.56	0.0051292
4.704	0.61419	0.00090288
4.7397	-2.2039	0.0028379
4.7397	-2.1497	0.0086174
4.7397	-2.0955	0.010671
4.7397	-2.0413	0.004429
4.7397	-1.9329	0.002801
4.7397	-1.8787	0.0023804
4.7397	-1.7703	0.0017216
4.7397	-1.7161	0.0015997
4.7397	-1.6077	0.0015873
4.7397	-1.5535	0.0014751
4.7397	-1.4452	0.0011921
4.7397	-1.391	0.0011058
4.7397	-1.2826	0.00079206
4.7397	-0.95742	0.0012235
4.7397	-0.90323	0.011808
4.7397	-0.84903	0.033298
4.7397	-0.79484	0.040202
4.7397	-0.74065	0.019819
4.7397	-0.68645	0.0018747
4.7397	-0.63226	0.0027135
4.7397	-0.57806	0.0039985
4.7397	-0.46968	0.0010695
4.7397	-0.41548	0.0017975
4.7397	-0.2529	0.00076831
4.7397	0.39742	0.0023321
4.7397	0.45161	0.0061269
4.7397	0.50581	0.0069822
4.7397	0.56	0.0036723
4.7754	-2.4206	0.0012129
4.7754	-2.3665	0.00075323
4.7754	-2.2581	0.0045141
4.7754	-2.2039	0.0072594
4.7754	-2.1497	0.0042587
4.7754	-2.0955	0.0012377
4.7754	-1.9329	0.00094364
4.7754	-1.8787	0.00087846
4.7754	-1.7703	0.0012859
4.7754	-1.7161	0.0010674
4.7754	-1.6077	0.0020968
4.7754	-1.5535	0.001779
4.7754	-1.4452	0.0021676
4.7754	-1.391	0.0019485
4.7754	-1.2826	0.0025055
4.7754	-1.2284	0.0023773
4.7754	-1.12	0.0025648
4.7754	-1.0658	0.0027168
4.7754	-0.95742	0.00279
4.7754	-0.90323	0.0047443
4.7754	-0.84903	0.0035067
4.7754	-0.79484	0.0042357
4.7754	-0.74065	0.0031969
4.7754	-0.63226	0.0013575
4.7754	-0.57806	0.0019093
4.7754	-0.46968	0.0010992
4.7754	-0.41548	0.0016302
4.7754	-0.2529	0.0011484
4.7754	0.45161	0.0012986
4.7754	0.50581	0.0020293
4.7754	0.56	0.0013049
4.8112	-2.4206	0.0034528
4.8112	-2.3665	0.0018686
4.8112	-2.3123	0.003115
4.8112	-2.2581	0.027133
4.8112	-2.2039	0.055954
4.8112	-2.1497	0.050262
4.8112	-2.0955	0.020105
4.8112	-2.0413	0.0023175
4.8112	-1.6077	0.0015446
4.8112	-1.5535	0.0012354
4.8112	-1.4452	0.0023081
4.8112	-1.391	0.0019318
4.8112	-1.2826	0.0040798
4.8112	-1.2284	0.0036152
4.8112	-1.12	0.0070239
4.8112	-1.0658	0.0074603
4.8112	-1.0116	0.0013226
4.8112	-0.95742	0.021667
4.8112	-0.90323	0.054596
4.8112	-0.84903	0.051758
4.8112	-0.79484	0.021794
4.8112	-0.74065	0.003321
4.8112	-0.41548	0.00074156
4.8112	-0.2529	0.00096249
4.8112	-0.090324	0.00085523
4.8112	0.072258	0.00081213
4.8112	0.23484	0.00074309
4.8112	0.39742	0.0010902
4.8112	0.45161	0.00085165
4.8469	-2.4748	0.0016326
4.8469	-2.4206	0.0065101
4.8469	-2.3665	0.0028
4.8469	-2.3123	0.010225
4.8469	-2.2581	0.077681
4.8469	-2.2039	0.16489
4.8469	-2.1497	0.16105
4.8469	-2.0955	0.072196
4.8469	-2.0413	0.0089798
4.8469	-1.9871	0.0022522
4.8469	-1.9329	0.004735
4.8469	-1.8787	0.0010352
4.8469	-1.4452	0.0012405
4.8469	-1.391	0.0010427
4.8469	-1.2826	0.0038557
4.8469	-1.2284	0.0031399
4.8469	-1.1742	0.001052
4.8469	-1.12	0.010413
4.8469	-1.0658	0.010041
4.8469	-1.0116	0.0034488
4.8469	-0.95742	0.056714
4.8469	-0.90323	0.15224
4.8469	-0.84903	0.16886
4.8469	-0.79484	0.089018
4.8469	-0.74065	0.017754
4.8469	-0.63226	0.001952
4.8469	-0.57806	0.00086958
4.8469	0.072258	0.00088136
4.8469	0.18065	0.00072278
4.8469	0.23484	0.0013472
4.8469	0.34323	0.0015003
4.8469	0.39742	0.0054267
4.8469	0.45161	0.0061997
4.8469	0.50581	0.0031541
4.8826	-2.4748	0.0028635
4.8826	-2.4206	0.0092945
4.8826	-2.3665	0.0030409
4.8826	-2.3123	0.023358
4.8826	-2.2581	0.15355
4.8826	-2.2039	0.31918
4.8826	-2.1497	0.31379
4.8826	-2.0955	0.14034
4.8826	-2.0413	0.015473
4.8826	-1.9871	0.0085248
4.8826	-1.9329	0.015752
4.8826	-1.8787	0.0032591
4.8826	-1.8245	0.0018264
4.8826	-1.7703	0.0043206
4.8826	-1.7161	0.0012352
4.8826	-1.2826	0.0016487
4.8826	-1.2284	0.0013762
4.8826	-1.1742	0.0010171
4.8826	-1.12	0.008823
4.8826	-1.0658	0.0076993
4.8826	-1.0116	0.0058676
4.8826	-0.95742	0.08307
4.8826	-0.90323	0.22602
4.8826	-0.84903	0.26598
4.8826	-0.79484	0.1496
4.8826	-0.74065	0.030246
4.8826	-0.68645	0.0016034
4.8826	-0.63226	0.0073527
4.8826	-0.57806	0.0033943
4.8826	-0.46968	0.00073763
4.8826	0.18065	0.00075897
4.8826	0.23484	0.0013055
4.8826	0.34323	0.0028101
4.8826	0.39742	0.010039
4.8826	0.45161	0.012638
4.8826	0.50581	0.0074319
4.8826	0.56	0.0018215
4.9183	-2.4748	0.0039789
4.9183	-2.4206	0.010572
4.9183	-2.3665	0.0026732
4.9183	-2.3123	0.040913
4.9183	-2.2581	0.23531
4.9183	-2.2039	0.47151
4.9183	-2.1497	0.45437
4.9183	-2.0955	0.1947
4.9183	-2.0413	0.017632
4.9183	-1.9871	0.020085
4.9183	-1.9329	0.030768
4.9183	-1.8787	0.005221
4.9183	-1.8245	0.0060973
4.9183	-1.7703	0.01229
4.9183	-1.7161	0.0029088
4.9183	-1.6619	0.0016016
4.9183	-1.6077	0.0037276
4.9183	-1.5535	0.00077431
4.9183	-1.4994	0.0010217
4.9183	-1.4452	0.001562
4.9183	-1.12	0.0029478
4.9183	-1.0658	0.0026696
4.9183	-1.0116	0.0053599
4.9183	-0.95742	0.068497
4.9183	-0.90323	0.1962
4.9183	-0.84903	0.24698
4.9183	-0.79484	0.14574
4.9183	-0.74065	0.028331
4.9183	-0.68645	0.0030421
4.9183	-0.63226	0.012562
4.9183	-0.57806	0.0052358
4.9183	-0.46968	0.0026278
4.9183	-0.41548	0.0011908
4.9183	0.34323	0.0028294
4.9183	0.39742	0.010132
4.9183	0.45161	0.013595
4.9183	0.50581	0.0085665
4.9183	0.56	0.0021761
4.9541	-2.4748	0.0044551
4.9541	-2.4206	0.0097399
4.9541	-2.3665	0.0022433
4.9541	-2.3123	0.057286
4.9541	-2.2581	0.29274
4.9541	-2.2039	0.56294
4.9541	-2.1497	0.52569
4.9541	-2.0955	0.21127
4.9541	-2.0413	0.015183
4.9541	-1.9871	0.034643
4.9541	-1.9329	0.043689
4.9541	-1.8787	0.0057566
4.9541	-1.8245	0.013441
4.9541	-1.7703	0.022299
4.9541	-1.7161	0.0040771
4.9541	-1.6619	0.0055869
4.9541	-1.6077	0.010776
4.9541	-1.5535	0.0019882
4.9541	-1.4994	0.0043365
4.9541	-1.4452	0.0074184
4.9541	-1.391	0.0012548
4.9541	-1.3368	0.0024328
4.9541	-1.2826	0.0042835
4.9541	-1.2284	0.00075673
4.9541	-1.1742	0.00077067
4.9541	-1.12	0.001188
4.9541	-1.0116	0.0011668
4.9541	-0.95742	0.019263
4.9541	-0.90323	0.073551
4.9541	-0.84903	0.11436
4.9541	-0.79484	0.077034
4.9541	-0.74065	0.014849
4.9541	-0.68645	0.003582
4.9541	-0.63226	0.012366
4.9541	-0.57806	0.0045714
4.9541	-0.52387	0.00094549
4.9541	-0.46968	0.004217
4.9541	-0.41548	0.0016644
4.9541	-0.3071	0.0020621
4.9541	-0.2529	0.00082114
4.9541	-0.14452	0.00085576
4.9541	0.34323	0.0011862
4.9541	0.39742	0.0049476
4.9541	0.45161	0.0076692
4.9541	0.50581	0.0053766
4.9541	0.56	0.0014109
4.9898	-2.4748	0.0040042
4.9898	-2.4206	0.0072286
4.9898	-2.3665	0.0021627
4.9898	-2.3123	0.065078
4.9898	-2.2581	0.30041
4.9898	-2.2039	0.555
4.9898	-2.1497	0.49989
4.9898	-2.0955	0.18572
4.9898	-2.0413	0.010984
4.9898	-1.9871	0.046713
4.9898	-1.9329	0.048649
4.9898	-1.8787	0.0049996
4.9898	-1.8245	0.022193
4.9898	-1.7703	0.030215
4.9898	-1.7161	0.0041532
4.9898	-1.6619	0.012339
4.9898	-1.6077	0.019439
4.9898	-1.5535	0.0029614
4.9898	-1.4994	0.011041
4.9898	-1.4452	0.017112
4.9898	-1.391	0.0024964
4.9898	-1.3368	0.00966
4.9898	-1.2826	0.016588
4.9898	-1.2284	0.00286
4.9898	-1.1742	0.0077349
4.9898	-1.12	0.015632
4.9898	-1.0658	0.0033187
4.9898	-1.0116	0.0070865
4.9898	-0.95742	0.021336
4.9898	-0.90323	0.016288
4.9898	-0.84903	0.011103
4.9898	-0.79484	0.010704
4.9898	-0.74065	0.0027781
4.9898	-0.68645	0.0018465
4.9898	-0.63226	0.0061002
4.9898	-0.57806	0.0021437
4.9898	-0.52387	0.0010155
4.9898	-0.46968	0.0037393
4.9898	-0.41548	0.0012414
4.9898	-0.36129	0.000913
4.9898	-0.3071	0.0030738
4.9898	-0.2529	0.0011208
4.9898	-0.14452	0.0018679
4.9898	0.018065	0.0011792
4.9898	0.45161	0.0011603
4.9898	0.50581	0.0012203
5.0255	-2.4748	0.0028056
5.0255	-2.4206	0.004196
5.0255	-2.3665	0.0022689
5.0255	-2.3123	0.059601
5.0255	-2.2581	0.25316
5.0255	-2.2039	0.45184
5.0255	-2.1497	0.39255
5.0255	-2.0955	0.1333
5.0255	-2.0413	0.0078453
5.0255	-1.9871	0.050637
5.0255	-1.9329	0.043724
5.0255	-1.8787	0.0039744
5.0255	-1.8245	0.028961
5.0255	-1.7703	0.032445
5.0255	-1.7161	0.0035094
5.0255	-1.6619	0.020133
5.0255	-1.6077	0.026
5.0255	-1.5535	0.0033673
5.0255	-1.4994	0.020361
5.0255	-1.4452	0.027083
5.0255	-1.391	0.0033543
5.0255	-1.3368	0.023222
5.0255	-1.2826	0.034834
5.0255	-1.2284	0.0049889
5.0255	-1.1742	0.027846
5.0255	-1.12	0.052103
5.0255	-1.0658	0.0097968
5.0255	-1.0116	0.059969
5.0255	-0.95742	0.22607
5.0255	-0.90323	0.26927
5.0255	-0.84903	0.14247
5.0255	-0.79484	0.030282
5.0255	-0.74065	0.0012221
5.0255	-0.46968	0.0014114
5.0255	-0.36129	0.00095766
5.0255	-0.3071	0.0026639
5.0255	-0.2529	0.00087471
5.0255	-0.14452	0.0022892
5.0255	-0.090324	0.00077039
5.0255	0.018065	0.0022437
5.0255	0.072258	0.00083237
5.0255	0.18065	0.002172
5.0255	0.23484	0.00097668
5.0255	0.34323	0.0037889
5.0255	0.39742	0.0050163
5.0255	0.45161	0.0025971
5.0612	-2.4748	0.0014158
5.0612	-2.4206	0.0017714
5.0612	-2.3665	0.0020409
5.0612	-2.3123	0.042522
5.0612	-2.2581	0.17024
5.0612	-2.2039	0.29716
5.0612	-2.1497	0.25046
5.0612	-2.0955	0.077088
5.0612	-2.0413	0.0063139
5.0612	-1.9871	0.044338
5.0612	-1.9329	0.031832
5.0612	-1.8787	0.0034431
5.0612	-1.8245	0.030517
5.0612	-1.7703	0.028201
5.0612	-1.7161	0.0029519
5.0612	-1.6619	0.025816
5.0612	-1.6077	0.027463
5.0612	-1.5535	0.0034951
5.0612	-1.4994	0.029313
5.0612	-1.4452	0.032805
5.0612	-1.391	0.0040542
5.0612	-1.3368	0.040767
5.0612	-1.2826	0.051779
5.0612	-1.2284	0.0065629
5.0612	-1.1742	0.063462
5.0612	-1.12	0.10219
5.0612	-1.0658	0.016432
5.0612	-1.0116	0.20797
5.0612	-0.95742	0.76096
5.0612	-0.90323	0.99754
5.0612	-0.84903	0.62263
5.0612	-0.79484	0.16608
5.0612	-0.74065	0.0081683
5.0612	-0.68645	0.0080461
5.0612	-0.63226	0.0060991
5.0612	-0.3071	0.0010608
5.0612	-0.14452	0.0015796
5.0612	-0.036129	0.00079288
5.0612	0.018065	0.0024508
5.0612	0.072258	0.000793
5.0612	0.12645	0.0010254
5.0612	0.18065	0.0036958
5.0612	0.23484	0.0014732
5.0612	0.28903	0.0019827
5.0612	0.34323	0.012788
5.0612	0.39742	0.020024
5.0612	0.45161	0.01385
5.0612	0.50581	0.0043558
5.097	-2.3665	0.0012535
5.097	-2.3123	0.021551
5.097	-2.2581	0.084802
5.097	-2.2039	0.14877
5.097	-2.1497	0.12379
5.097	-2.0955	0.034458
5.097	-2.0413	0.0051676
5.097	-1.9871	0.030793
5.097	-1.9329	0.018424
5.097	-1.8787	0.0032592
5.097	-1.8245	0.025963
5.097	-1.7703	0.019807
5.097	-1.7161	0.0028538
5.097	-1.6619	0.026641
5.097	-1.6077	0.023429
5.097	-1.5535	0.0037183
5.097	-1.4994	0.034022
5.097	-1.4452	0.031705
5.097	-1.391	0.0052286
5.097	-1.3368	0.056122
5.097	-1.2826	0.05952
5.097	-1.2284	0.0086411
5.097	-1.1742	0.10738
5.097	-1.12	0.14532
5.097	-1.0658	0.024796
5.097	-1.0116	0.47428
5.097	-0.95742	1.6107
5.097	-0.90323	2.124
5.097	-0.84903	1.3619
5.097	-0.79484	0.36629
5.097	-0.74065	0.01598
5.097	-0.68645	0.035552
5.097	-0.63226	0.02726
5.097	-0.57806	0.002051
5.097	-0.52387	0.004338
5.097	-0.46968	0.0040914
5.097	0.018065	0.0014325
5.097	0.12645	0.0011486
5.097	0.18065	0.0036491
5.097	0.23484	0.0012249
5.097	0.28903	0.0037412
5.097	0.34323	0.021734
5.097	0.39742	0.035551
5.097	0.45161	0.026684
5.097	0.50581	0.0091682
5.097	0.56	0.00087805
5.1327	-2.3123	0.0058535
5.1327	-2.2581	0.025407
5.1327	-2.2039	0.048475
5.1327	-2.1497	0.041986
5.1327	-2.0955	0.010771
5.1327	-2.0413	0.0033967
5.1327	-1.9871	0.016056
5.1327	-1.9329	0.0080556
5.1327	-1.8787	0.0027854
5.1327	-1.8245	0.017413
5.1327	-1.7703	0.010967
5.1327	-1.7161	0.0028654
5.1327	-1.6619	0.022124
5.1327	-1.6077	0.016129
5.1327	-1.5535	0.0039391
5.1327	-1.4994	0.032113
5.1327	-1.4452	0.024725
5.1327	-1.391	0.0068868
5.1327	-1.3368	0.062366
5.1327	-1.2826	0.054656
5.1327	-1.2284	0.01244
5.1327	-1.1742	0.14355
5.1327	-1.12	0.16112
5.1327	-1.0658	0.041319
5.1327	-1.0116	0.81788
5.1327	-0.95742	2.5595
5.1327	-0.90323	3.3039
5.1327	-0.84903	2.0886
5.1327	-0.79484	0.53161
5.1327	-0.74065	0.021327
5.1327	-0.68645	0.085558
5.1327	-0.63226	0.05785
5.1327	-0.57806	0.0038442
5.1327	-0.52387	0.0161
5.1327	-0.46968	0.014096
5.1327	-0.41548	0.0012858
5.1327	-0.36129	0.0023359
5.1327	-0.3071	0.0020602
5.1327	0.18065	0.0018024
5.1327	0.28903	0.0039583
5.1327	0.34323	0.021656
5.1327	0.39742	0.036999
5.1327	0.45161	0.029332
5.1327	0.50581	0.010395
5.1327	0.56	0.0008959
5.1684	-2.2581	0.0019973
5.1684	-2.2039	0.0057876
5.1684	-2.1497	0.0065768
5.1684	-2.0955	0.0017577
5.1684	-2.0413	0.0013569
5.1684	-1.9871	0.0054199
5.1684	-1.9329	0.0023455
5.1684	-1.8787	0.0017593
5.1684	-1.8245	0.0086219
5.1684	-1.7703	0.0045
5.1684	-1.7161	0.0024283
5.1684	-1.6619	0.014414
5.1684	-1.6077	0.0087534
5.1684	-1.5535	0.0036718
5.1684	-1.4994	0.024382
5.1684	-1.4452	0.01541
5.1684	-1.391	0.008024
5.1684	-1.3368	0.056253
5.1684	-1.2826	0.040291
5.1684	-1.2284	0.017184
5.1684	-1.1742	0.15543
5.1684	-1.12	0.14286
5.1684	-1.0658	0.069185
5.1684	-1.0116	1.1279
5.1684	-0.95742	3.2633
5.1684	-0.90323	4.0824
5.1684	-0.84903	2.5003
5.1684	-0.79484	0.58289
5.1684	-0.74065	0.027859
5.1684	-0.68645	0.14566
5.1684	-0.63226	0.083706
5.1684	-0.57806	0.0057905
5.1684	-0.52387	0.035917
5.1684	-0.46968	0.026976
5.1684	-0.41548	0.0020147
5.1684	-0.36129	0.0090929
5.1684	-0.3071	0.0073822
5.1684	-0.2529	0.00074993
5.1684	-0.19871	0.003814
5.1684	-0.14452	0.0027612
5.1684	-0.036129	0.0010712
5.1684	0.018065	0.00070813
5.1684	0.28903	0.001629
5.1684	0.34323	0.010176
5.1684	0.39742	0.020299
5.1684	0.45161	0.018133
5.1684	0.50581	0.0068267
5.2042	-2.3123	0.0032832
5.2042	-2.2581	0.0048454
5.2042	-2.2039	0.0029093
5.2042	-1.8245	0.0026288
5.2042	-1.7703	0.0011695
5.2042	-1.7161	0.0014606
5.2042	-1.6619	0.0068651
5.2042	-1.6077	0.0035299
5.2042	-1.5535	0.0026552
5.2042	-1.4994	0.014333
5.2042	-1.4452	0.0074231
5.2042	-1.391	0.0074569
5.2042	-1.3368	0.04054
5.2042	-1.2826	0.023439
5.2042	-1.2284	0.019925
5.2042	-1.1742	0.13663
5.2042	-1.12	0.10131
5.2042	-1.0658	0.099966
5.2042	-1.0116	1.2716
5.2042	-0.95742	3.4265
5.2042	-0.90323	4.1431
5.2042	-0.84903	2.4373
5.2042	-0.79484	0.50801
5.2042	-0.74065	0.03959
5.2042	-0.68645	0.19226
5.2042	-0.63226	0.092289
5.2042	-0.57806	0.0090919
5.2042	-0.52387	0.058488
5.2042	-0.46968	0.036739
5.2042	-0.41548	0.0030369
5.2042	-0.36129	0.020339
5.2042	-0.3071	0.014129
5.2042	-0.2529	0.0017013
5.2042	-0.19871	0.010664
5.2042	-0.14452	0.0073511
5.2042	-0.090324	0.00073291
5.2042	-0.036129	0.005445
5.2042	0.018065	0.0040853
5.2042	0.12645	0.0023246
5.2042	0.18065	0.0018921
5.2042	0.28903	0.00077554
5.2042	0.34323	0.0012569
5.2042	0.39742	0.0025168
5.2042	0.45161	0.0036048
5.2042	0.50581	0.00185
5.2399	-2.3665	0.0015818
5.2399	-2.3123	0.0083531
5.2399	-2.2581	0.015395
5.2399	-2.2039	0.013191
5.2399	-2.1497	0.0047503
5.2399	-1.6619	0.001956
5.2399	-1.6077	0.00091196
5.2399	-1.5535	0.0012691
5.2399	-1.4994	0.0059212
5.2399	-1.4452	0.0025583
5.2399	-1.391	0.0050704
5.2399	-1.3368	0.022242
5.2399	-1.2826	0.01027
5.2399	-1.2284	0.01798
5.2399	-1.1742	0.095599
5.2399	-1.12	0.056214
5.2399	-1.0658	0.11567
5.2399	-1.0116	1.1721
5.2399	-0.95742	2.973
5.2399	-0.90323	3.4815
5.2399	-0.84903	1.9599
5.2399	-0.79484	0.35737
5.2399	-0.74065	0.053619
5.2399	-0.68645	0.20433
5.2399	-0.63226	0.080796
5.2399	-0.57806	0.014231
5.2399	-0.52387	0.074801
5.2399	-0.46968	0.03871
5.2399	-0.41548	0.0050964
5.2399	-0.36129	0.032784
5.2399	-0.3071	0.019019
5.2399	-0.2529	0.0033348
5.2399	-0.19871	0.020137
5.2399	-0.14452	0.012061
5.2399	-0.090324	0.001956
5.2399	-0.036129	0.013967
5.2399	0.018065	0.009499
5.2399	0.072258	0.0011895
5.2399	0.12645	0.010068
5.2399	0.18065	0.0083857
5.2399	0.23484	0.0010518
5.2399	0.28903	0.012688
5.2399	0.34323	0.023739
5.2399	0.39742	0.01592
5.2399	0.45161	0.0044346
5.2756	-2.3665	0.0019654
5.2756	-2.3123	0.010064
5.2756	-2.2581	0.019651
5.2756	-2.2039	0.018359
5.2756	-2.1497	0.0071704
5.2756	-2.0413	0.0011488
5.2756	-1.9871	0.0012603
5.2756	-1.4994	0.0012871
5.2756	-1.391	0.0021359
5.2756	-1.3368	0.0081929
5.2756	-1.2826	0.0030446
5.2756	-1.2284	0.011678
5.2756	-1.1742	0.050333
5.2756	-1.12	0.023151
5.2756	-1.0658	0.1024
5.2756	-1.0116	0.86316
5.2756	-0.95742	2.0936
5.2756	-0.90323	2.3924
5.2756	-0.84903	1.29
5.2756	-0.79484	0.20144
5.2756	-0.74065	0.060924
5.2756	-0.68645	0.17671
5.2756	-0.63226	0.056718
5.2756	-0.57806	0.019403
5.2756	-0.52387	0.077398
5.2756	-0.46968	0.032529
5.2756	-0.41548	0.0082053
5.2756	-0.36129	0.04129
5.2756	-0.3071	0.019705
5.2756	-0.2529	0.0057482
5.2756	-0.19871	0.028976
5.2756	-0.14452	0.014486
5.2756	-0.090324	0.0043043
5.2756	-0.036129	0.024862
5.2756	0.018065	0.014372
5.2756	0.072258	0.0032438
5.2756	0.12645	0.024078
5.2756	0.18065	0.017638
5.2756	0.23484	0.004119
5.2756	0.28903	0.051673
5.2756	0.34323	0.10455
5.2756	0.39742	0.086225
5.2756	0.45161	0.033299
5.2756	0.50581	0.0047409
5.3113	-2.3665	0.0014341
5.3113	-2.3123	0.0072458
5.3113	-2.2581	0.014763
5.3113	-2.2039	0.01442
5.3113	-2.1497	0.0056435
5.3113	-2.0413	0.0016902
5.3113	-1.9871	0.0017261
5.3113	-1.8787	0.00074563
5.3113	-1.8245	0.00093387
5.3113	-1.3368	0.0013319
5.3113	-1.2284	0.0045405
5.3113	-1.1742	0.017202
5.3113	-1.12	0.0063069
5.3113	-1.0658	0.064166
5.3113	-1.0116	0.47677
5.3113	-0.95742	1.1369
5.3113	-0.90323	1.2905
5.3113	-0.84903	0.67244
5.3113	-0.79484	0.088249
5.3113	-0.74065	0.054491
5.3113	-0.68645	0.12306
5.3113	-0.63226	0.031544
5.3113	-0.57806	0.021413
5.3113	-0.52387	0.065173
5.3113	-0.46968	0.021881
5.3113	-0.41548	0.011067
5.3113	-0.36129	0.041947
5.3113	-0.3071	0.016247
5.3113	-0.2529	0.0083326
5.3113	-0.19871	0.033351
5.3113	-0.14452	0.013544
5.3113	-0.090324	0.0076429
5.3113	-0.036129	0.034088
5.3113	0.018065	0.016178
5.3113	0.072258	0.0070946
5.3113	0.12645	0.04105
5.3113	0.18065	0.025088
5.3113	0.23484	0.011959
5.3113	0.28903	0.12425
5.3113	0.34323	0.24559
5.3113	0.39742	0.20993
5.3113	0.45161	0.085719
5.3113	0.50581	0.012524
5.3113	0.61419	0.0015079
5.3113	1.6439	0.0007122
5.3113	1.6981	0.0010201
5.3471	-2.3123	0.0027683
5.3471	-2.2581	0.006305
5.3471	-2.2039	0.0066871
5.3471	-2.1497	0.0026401
5.3471	-2.0413	0.0014132
5.3471	-1.9871	0.0012996
5.3471	-1.8787	0.00099759
5.3471	-1.8245	0.0011373
5.3471	-1.6619	0.00082912
5.3471	-1.1742	0.0022522
5.3471	-1.12	0.00081965
5.3471	-1.0658	0.022772
5.3471	-1.0116	0.16624
5.3471	-0.95742	0.4171
5.3471	-0.90323	0.49315
5.3471	-0.84903	0.25576
5.3471	-0.79484	0.028083
5.3471	-0.74065	0.036263
5.3471	-0.68645	0.066383
5.3471	-0.63226	0.013408
5.3471	-0.57806	0.018381
5.3471	-0.52387	0.043986
5.3471	-0.46968	0.011583
5.3471	-0.41548	0.011873
5.3471	-0.36129	0.034591
5.3471	-0.3071	0.010731
5.3471	-0.2529	0.009851
5.3471	-0.19871	0.031247
5.3471	-0.14452	0.010067
5.3471	-0.090324	0.010841
5.3471	-0.036129	0.037535
5.3471	0.018065	0.014213
5.3471	0.072258	0.012279
5.3471	0.12645	0.054506
5.3471	0.18065	0.026855
5.3471	0.23484	0.026433
5.3471	0.28903	0.21874
5.3471	0.34323	0.41192
5.3471	0.39742	0.34894
5.3471	0.45161	0.14106
5.3471	0.50581	0.019018
5.3471	0.56	0.0013379
5.3471	0.61419	0.0039271
5.3471	0.66839	0.0011039
5.3471	1.6439	0.0008721
5.3471	1.6981	0.0013068
5.3471	1.7523	0.0009196
5.3828	-2.2581	0.00088629
5.3828	-2.2039	0.0013003
5.3828	-1.8787	0.00077113
5.3828	-1.8245	0.00078828
5.3828	-1.7161	0.0008428
5.3828	-1.6619	0.00095238
5.3828	-1.5535	0.00096565
5.3828	-1.4994	0.0010219
5.3828	-1.391	0.0012209
5.3828	-1.3368	0.0012877
5.3828	-1.2284	0.00081268
5.3828	-1.1742	0.00078798
5.3828	-1.0658	0.0018678
5.3828	-1.0116	0.018903
5.3828	-0.95742	0.065834
5.3828	-0.90323	0.097313
5.3828	-0.84903	0.056319
5.3828	-0.79484	0.0055176
5.3828	-0.74065	0.015915
5.3828	-0.68645	0.025123
5.3828	-0.63226	0.0040338
5.3828	-0.57806	0.011603
5.3828	-0.52387	0.022713
5.3828	-0.46968	0.00463
5.3828	-0.41548	0.0098265
5.3828	-0.36129	0.02279
5.3828	-0.3071	0.005609
5.3828	-0.2529	0.0092877
5.3828	-0.19871	0.023758
5.3828	-0.14452	0.0059591
5.3828	-0.090324	0.012256
5.3828	-0.036129	0.03363
5.3828	0.018065	0.0098851
5.3828	0.072258	0.016875
5.3828	0.12645	0.058402
5.3828	0.18065	0.022487
5.3828	0.23484	0.045498
5.3828	0.28903	0.3049
5.3828	0.34323	0.54374
5.3828	0.39742	0.4489
5.3828	0.45161	0.175
5.3828	0.50581	0.020683
5.3828	0.56	0.0029681
5.3828	0.61419	0.0067783
5.3828	0.66839	0.001612
5.3828	1.6981	0.00096443
5.3828	1.7523	0.00072874
5.4185	-2.3123	0.00098189
5.4185	-2.2581	0.00073844
5.4185	-1.5535	0.00093888
5.4185	-1.4994	0.00092518
5.4185	-1.391	0.0019375
5.4185	-1.3368	0.0019459
5.4185	-1.2284	0.0033331
5.4185	-1.1742	0.0038374
5.4185	-1.0658	0.0084729
5.4185	-1.0116	0.018594
5.4185	-0.95742	0.013453
5.4185	-0.90323	0.0054195
5.4185	-0.84903	0.0028345
5.4185	-0.74065	0.0030642
5.4185	-0.68645	0.0049261
5.4185	-0.63226	0.00071306
5.4185	-0.57806	0.0046686
5.4185	-0.52387	0.0079597
5.4185	-0.46968	0.0012874
5.4185	-0.41548	0.005922
5.4185	-0.36129	0.011422
5.4185	-0.3071	0.0022428
5.4185	-0.2529	0.0067377
5.4185	-0.19871	0.014286
5.4185	-0.14452	0.0027908
5.4185	-0.090324	0.010919
5.4185	-0.036129	0.024319
5.4185	0.018065	0.0054387
5.4185	0.072258	0.018465
5.4185	0.12645	0.050959
5.4185	0.18065	0.014926
5.4185	0.23484	0.062181
5.4185	0.28903	0.34742
5.4185	0.34323	0.58731
5.4185	0.39742	0.46942
5.4185	0.45161	0.17408
5.4185	0.50581	0.017343
5.4185	0.56	0.0050637
5.4185	0.61419	0.0088672
5.4185	0.66839	0.001714
5.4185	0.77677	0.0011182
5.4542	-2.3665	0.0014726
5.4542	-2.3123	0.003395
5.4542	-2.2581	0.0035052
5.4542	-2.2039	0.0016213
5.4542	-1.391	0.0017047
5.4542	-1.3368	0.0015164
5.4542	-1.2284	0.0049173
5.4542	-1.1742	0.0051673
5.4542	-1.12	0.001624
5.4542	-1.0658	0.028625
5.4542	-1.0116	0.079335
5.4542	-0.95742	0.088108
5.4542	-0.90323	0.045007
5.4542	-0.84903	0.0083781
5.4542	-0.57806	0.0007074
5.4542	-0.52387	0.0012756
5.4542	-0.41548	0.002215
5.4542	-0.36129	0.0038312
5.4542	-0.2529	0.0034614
5.4542	-0.19871	0.0063563
5.4542	-0.14452	0.0010304
5.4542	-0.090324	0.0073832
5.4542	-0.036129	0.013716
5.4542	0.018065	0.0023762
5.4542	0.072258	0.015891
5.4542	0.12645	0.035777
5.4542	0.18065	0.0079638
5.4542	0.23484	0.067896
5.4542	0.28903	0.32599
5.4542	0.34323	0.52516
5.4542	0.39742	0.40589
5.4542	0.45161	0.14201
5.4542	0.50581	0.011509
5.4542	0.56	0.0067762
5.4542	0.61419	0.009263
5.4542	0.66839	0.0014093
5.4542	0.72258	0.00081193
5.4542	0.77677	0.0013964
5.49	-2.3665	0.0020971
5.49	-2.3123	0.0050034
5.49	-2.2581	0.0055861
5.49	-2.2039	0.0028346
5.49	-1.391	0.00084856
5.49	-1.2284	0.0041144
5.49	-1.1742	0.0037336
5.49	-1.12	0.002691
5.49	-1.0658	0.04071
5.49	-1.0116	0.11621
5.49	-0.95742	0.14306
5.49	-0.90323	0.084276
5.49	-0.84903	0.018136
5.49	-0.79484	0.00084156
5.49	-0.74065	0.0038482
5.49	-0.68645	0.0017739
5.49	-0.2529	0.00099247
5.49	-0.19871	0.0017539
5.49	-0.090324	0.0034221
5.49	-0.036129	0.0055351
5.49	0.018065	0.00086186
5.49	0.072258	0.010307
5.49	0.12645	0.01941
5.49	0.18065	0.0036219
5.49	0.23484	0.05839
5.49	0.28903	0.2485
5.49	0.34323	0.3853
5.49	0.39742	0.289
5.49	0.45161	0.09499
5.49	0.50581	0.0060889
5.49	0.56	0.0072064
5.49	0.61419	0.0078703
5.49	0.66839	0.00091675
5.49	0.72258	0.0010392
5.49	0.77677	0.0014013
5.49	1.5897	0.0013419
5.49	1.6439	0.0022309
5.49	1.6981	0.0016033
5.5257	-2.3665	0.0018914
5.5257	-2.3123	0.0045587
5.5257	-2.2581	0.0052443
5.5257	-2.2039	0.0026959
5.5257	-1.2284	0.0019255
5.5257	-1.1742	0.0015109
5.5257	-1.12	0.0026952
5.5257	-1.0658	0.033954
5.5257	-1.0116	0.097793
5.5257	-0.95742	0.12617
5.5257	-0.90323	0.077764
5.5257	-0.84903	0.016392
5.5257	-0.79484	0.0014871
5.5257	-0.74065	0.0068868
5.5257	-0.68645	0.003144
5.5257	-0.57806	0.0016659
5.5257	-0.52387	0.00090501
5.5257	-0.090324	0.00078472
5.5257	-0.036129	0.0012483
5.5257	0.072258	0.0044812
5.5257	0.12645	0.0073589
5.5257	0.18065	0.0015889
5.5257	0.23484	0.037623
5.5257	0.28903	0.14736
5.5257	0.34323	0.22402
5.5257	0.39742	0.1649
5.5257	0.45161	0.050967
5.5257	0.50581	0.002598
5.5257	0.56	0.0060754
5.5257	0.61419	0.0054201
5.5257	0.72258	0.0010603
5.5257	0.77677	0.0011446
5.5257	1.5897	0.0037185
5.5257	1.6439	0.0063494
5.5257	1.6981	0.0049404
5.5257	1.7523	0.0017363
5.5614	-2.3665	0.0010814
5.5614	-2.3123	0.0026862
5.5614	-2.2581	0.0031968
5.5614	-2.2039	0.001642
5.5614	-1.12	0.0013597
5.5614	-1.0658	0.015651
5.5614	-1.0116	0.048027
5.5614	-0.95742	0.066662
5.5614	-0.90323	0.043092
5.5614	-0.84903	0.0086154
5.5614	-0.79484	0.0016594
5.5614	-0.74065	0.0064513
5.5614	-0.68645	0.0026381
5.5614	-0.57806	0.0026342
5.5614	-0.52387	0.0013495
5.5614	-0.41548	0.00097096
5.5614	0.072258	0.00088013
5.5614	0.12645	0.0014408
5.5614	0.23484	0.015795
5.5614	0.28903	0.060814
5.5614	0.34323	0.094565
5.5614	0.39742	0.07033
5.5614	0.45161	0.020712
5.5614	0.50581	0.00094132
5.5614	0.56	0.0039509
5.5614	0.61419	0.0029447
5.5614	0.72258	0.00085689
5.5614	0.77677	0.00075495
5.5614	1.5355	0.0013606
5.5614	1.5897	0.0071368
5.5614	1.6439	0.011919
5.5614	1.6981	0.0093114
5.5614	1.7523	0.0032522
5.5971	-2.3123	0.00087873
5.5971	-2.2581	0.0011505
5.5971	-1.0658	0.002107
5.5971	-1.0116	0.0091154
5.5971	-0.95742	0.016393
5.5971	-0.90323	0.01247
5.5971	-0.84903	0.0024929
5.5971	-0.79484	0.0010823
5.5971	-0.74065	0.003572
5.5971	-0.68645	0.0012983
5.5971	-0.57806	0.0022831
5.5971	-0.52387	0.0010313
5.5971	-0.41548	0.0014139
5.5971	-0.2529	0.00089827
5.5971	0.23484	0.0026035
5.5971	0.28903	0.012226
5.5971	0.34323	0.022439
5.5971	0.39742	0.018555
5.5971	0.45161	0.0055048
5.5971	0.56	0.0018318
5.5971	0.61419	0.0011774
5.5971	1.4271	0.00075855
5.5971	1.5355	0.0023091
5.5971	1.5897	0.010634
5.5971	1.6439	0.017102
5.5971	1.6981	0.013069
5.5971	1.7523	0.0043588
5.6329	-1.2284	0.0010573
5.6329	-1.12	0.0009351
5.6329	-1.0658	0.0032463
5.6329	-1.0116	0.0030294
5.6329	-0.95742	0.0014099
5.6329	-0.90323	0.00084155
5.6329	-0.74065	0.00093892
5.6329	-0.57806	0.0011546
5.6329	-0.41548	0.0011573
5.6329	-0.2529	0.0010138
5.6329	-0.090324	0.0011352
5.6329	0.072258	0.001002
5.6329	0.23484	0.0010044
5.6329	0.28903	0.001087
5.6329	0.34323	0.0011728
5.6329	0.39742	0.0014329
5.6329	1.5355	0.0031394
5.6329	1.5897	0.012876
5.6329	1.6439	0.019851
5.6329	1.6981	0.014671
5.6329	1.7523	0.0045744
5.6686	-1.2826	0.00090455
5.6686	-1.2284	0.0017244
5.6686	-1.12	0.0038056
5.6686	-1.0658	0.01518
5.6686	-1.0116	0.020651
5.6686	-0.95742	0.012809
5.6686	-0.90323	0.0032309
5.6686	-0.090324	0.0011367
5.6686	0.072258	0.0018235
5.6686	0.12645	0.00080351
5.6686	0.18065	0.00092847
5.6686	0.23484	0.006339
5.6686	0.28903	0.009818
5.6686	0.34323	0.0063635
5.6686	0.39742	0.0017427
5.6686	1.5355	0.0034679
5.6686	1.5897	0.012868
5.6686	1.6439	0.019037
5.6686	1.6981	0.013544
5.6686	1.7523	0.0038901
5.7043	-1.2826	0.00098332
5.7043	-1.2284	0.0016011
5.7043	-1.12	0.0066245
5.7043	-1.0658	0.025801
5.7043	-1.0116	0.038231
5.7043	-0.95742	0.02721
5.7043	-0.90323	0.0081266
5.7043	-0.79484	0.00070808
5.7043	0.072258	0.001717
5.7043	0.18065	0.0017778
5.7043	0.23484	0.01104
5.7043	0.28903	0.018906
5.7043	0.34323	0.014739
5.7043	0.39742	0.0052396
5.7043	1.5355	0.0030901
5.7043	1.5897	0.01056
5.7043	1.6439	0.015074
5.7043	1.6981	0.010323
5.7043	1.7523	0.0027
5.74	-2.3123	0.00078003
5.74	-1.2284	0.000942
5.74	-1.12	0.0070306
5.74	-1.0658	0.026236
5.74	-1.0116	0.039927
5.74	-0.95742	0.029595
5.74	-0.90323	0.008949
5.74	-0.79484	0.001514
5.74	-0.74065	0.0012286
5.74	0.072258	0.00094373
5.74	0.18065	0.0018903
5.74	0.23484	0.0106
5.74	0.28903	0.018693
5.74	0.34323	0.015456
5.74	0.39742	0.005799
5.74	1.5355	0.002145
5.74	1.5897	0.0069125
5.74	1.6439	0.009637
5.74	1.6981	0.0063894
5.74	1.7523	0.0015083
5.7758	-1.12	0.004733
5.7758	-1.0658	0.017308
5.7758	-1.0116	0.02705
5.7758	-0.95742	0.02055
5.7758	-0.90323	0.0060467
5.7758	-0.79484	0.0017503
5.7758	-0.74065	0.0012781
5.7758	0.18065	0.0011214
5.7758	0.23484	0.0060149
5.7758	0.28903	0.011115
5.7758	0.34323	0.0096866
5.7758	0.39742	0.0037176
5.7758	1.5355	0.001057
5.7758	1.5897	0.003349
5.7758	1.6439	0.0046866
5.7758	1.6981	0.003061
5.8115	-1.12	0.0017138
5.8115	-1.0658	0.0066422
5.8115	-1.0116	0.011204
5.8115	-0.95742	0.0089842
5.8115	-0.90323	0.0025816
5.8115	-0.79484	0.0012759
5.8115	-0.74065	0.00082192
5.8115	0.23484	0.0014863
5.8115	0.28903	0.0033169
5.8115	0.34323	0.0033315
5.8115	0.39742	0.001374
5.8115	1.5897	0.00097412
5.8115	1.6439	0.0014813
5.8115	1.6981	0.0010052
5.8472	-1.0658	0.0010154
5.8472	-1.0116	0.002051
5.8472	-0.95742	0.0019382
5.883	-2.3665	0.00089665
5.883	-1.12	0.00091702
5.883	-1.0658	0.001443
5.883	-1.0116	0.001019
5.883	0.18065	0.00098515
5.883	0.23484	0.0020519
5.883	0.28903	0.0016265
5.9187	-2.4206	0.00099341
5.9187	-2.3665	0.0015906
5.9187	-2.3123	0.001242
5.9187	-1.12	0.0023452
5.9187	-1.0658	0.0042271
5.9187	-1.0116	0.0035546
5.9187	-0.95742	0.0013632
5.9187	0.18065	0.0020295
5.9187	0.23484	0.0044942
5.9187	0.28903	0.0042087
5.9187	0.34323	0.0018524
5.9544	-2.4206	0.0013058
5.9544	-2.3665	0.0020604
5.9544	-2.3123	0.0015892
5.9544	-1.12	0.0028464
5.9544	-1.0658	0.0053829
5.9544	-1.0116	0.004919
5.9544	-0.95742	0.0020504
5.9544	0.18065	0.0023771
5.9544	0.23484	0.0052418
5.9544	0.28903	0.0051419
5.9544	0.34323	0.0023986
