-5.9749	0.99163	0.0020876
-5.9749	1.0167	0.0029227
-5.9749	1.0418	0.0035739
-5.9749	1.0669	0.0037913
-5.9749	1.0921	0.0034439
-5.9749	1.1172	0.0026633
-5.7996	0.96653	0.0020236
-5.7996	0.99163	0.0026465
-5.7996	1.0167	0.0029608
-5.7996	1.0418	0.002891
-5.7996	1.0669	0.0024648
-5.7745	0.96653	0.0028324
-5.7745	0.99163	0.0036116
-5.7745	1.0167	0.0039408
-5.7745	1.0418	0.0037655
-5.7745	1.0669	0.0031301
-5.7745	1.0921	0.0021988
-5.7495	0.94142	0.0023637
-5.7495	0.96653	0.0034648
-5.7495	0.99163	0.0043218
-5.7495	1.0167	0.0046217
-5.7495	1.0418	0.0043174
-5.7495	1.0669	0.0035047
-5.7495	1.0921	0.0023986
-5.7244	0.94142	0.0025424
-5.7244	0.96653	0.0036666
-5.7244	0.99163	0.0045226
-5.7244	1.0167	0.0047744
-5.7244	1.0418	0.0043922
-5.7244	1.0669	0.0034901
-5.7244	1.0921	0.0023134
-5.6994	0.94142	0.0022964
-5.6994	0.96653	0.0032806
-5.6994	0.99163	0.0040442
-5.6994	1.0167	0.0042521
-5.6994	1.0418	0.0038827
-5.6994	1.0669	0.0030371
-5.6743	0.96653	0.0023491
-5.6743	0.99163	0.0029499
-5.6743	1.0167	0.0031312
-5.6743	1.0418	0.0028759
-5.6743	1.0669	0.0022348
-5.5491	0.96653	0.0019994
-5.524	0.91632	0.0024328
-5.524	0.94142	0.0031142
-5.524	0.96653	0.0033046
-5.524	0.99163	0.0030161
-5.524	1.0167	0.002296
-5.499	0.91632	0.0028684
-5.499	0.94142	0.003707
-5.499	0.96653	0.0040047
-5.499	0.99163	0.0037259
-5.499	1.0167	0.0028996
-5.4739	0.91632	0.002695
-5.4739	0.94142	0.0034929
-5.4739	0.96653	0.0038195
-5.4739	0.99163	0.0035936
-5.4739	1.0167	0.0028369
-5.4489	0.91632	0.0021164
-5.4489	0.94142	0.0027244
-5.4489	0.96653	0.0029898
-5.4489	0.99163	0.0028205
-5.4489	1.0167	0.0022168
-5.4238	0.94142	0.0020782
-5.4238	0.96653	0.0022008
-5.4238	0.99163	0.002005
-5.3987	0.91632	0.0021081
-5.3987	0.94142	0.00231
-5.3987	0.96653	0.0021661
-5.3737	0.86611	0.0020148
-5.3737	0.89121	0.003009
-5.3737	0.91632	0.0036583
-5.3737	0.94142	0.0038096
-5.3737	0.96653	0.0033381
-5.3737	0.99163	0.0025452
-5.3486	0.86611	0.0034285
-5.3486	0.89121	0.0050284
-5.3486	0.91632	0.0060727
-5.3486	0.94142	0.0062613
-5.3486	0.96653	0.0054628
-5.3486	0.99163	0.0040782
-5.3486	1.0167	0.0025205
-5.3236	0.841	0.0026131
-5.3236	0.86611	0.0048289
-5.3236	0.89121	0.0070112
-5.3236	0.91632	0.00848
-5.3236	0.94142	0.0087425
-5.3236	0.96653	0.0076349
-5.3236	0.99163	0.0056931
-5.3236	1.0167	0.0034988
-5.2985	0.841	0.0030746
-5.2985	0.86611	0.0055842
-5.2985	0.89121	0.0080878
-5.2985	0.91632	0.0098039
-5.2985	0.94142	0.01015
-5.2985	0.96653	0.0088913
-5.2985	0.99163	0.0066326
-5.2985	1.0167	0.0040388
-5.2735	0.841	0.0029549
-5.2735	0.86611	0.0052929
-5.2735	0.89121	0.0076541
-5.2735	0.91632	0.0093459
-5.2735	0.94142	0.0097414
-5.2735	0.96653	0.0085914
-5.2735	0.99163	0.0064013
-5.2735	1.0167	0.0038684
-5.2484	0.841	0.0022729
-5.2484	0.86611	0.0040286
-5.2484	0.89121	0.005849
-5.2484	0.91632	0.0072835
-5.2484	0.94142	0.0076617
-5.2484	0.96653	0.0068472
-5.2484	0.99163	0.0051095
-5.2484	1.0167	0.0030652
-5.2234	0.86611	0.0024183
-5.2234	0.89121	0.0036237
-5.2234	0.91632	0.0045053
-5.2234	0.94142	0.0048663
-5.2234	0.96653	0.0043664
-5.2234	0.99163	0.003336
-5.2234	1.0167	0.0019931
-5.1983	0.89121	0.0020432
-5.1983	0.91632	0.0024852
-5.1983	0.94142	0.0026297
-5.1983	0.96653	0.0024056
-5.1733	0.89121	0.002095
-5.1733	0.91632	0.0021085
-5.1482	0.841	0.0027734
-5.1482	0.86611	0.0036002
-5.1482	0.89121	0.0039207
-5.1482	0.91632	0.0036636
-5.1482	0.94142	0.0030036
-5.1482	0.96653	0.0020751
-5.1232	0.8159	0.0028339
-5.1232	0.841	0.0046325
-5.1232	0.86611	0.0061443
-5.1232	0.89121	0.0067111
-5.1232	0.91632	0.0063195
-5.1232	0.94142	0.0051168
-5.1232	0.96653	0.003481
-5.0981	0.8159	0.0038052
-5.0981	0.841	0.0061746
-5.0981	0.86611	0.0082032
-5.0981	0.89121	0.0090507
-5.0981	0.91632	0.0085973
-5.0981	0.94142	0.0069941
-5.0981	0.96653	0.0047086
-5.0981	0.99163	0.0025465
-5.0731	0.8159	0.0040069
-5.0731	0.841	0.0064908
-5.0731	0.86611	0.008669
-5.0731	0.89121	0.0096784
-5.0731	0.91632	0.0092897
-5.0731	0.94142	0.0075965
-5.0731	0.96653	0.0051341
-5.0731	0.99163	0.0027254
-5.048	0.8159	0.0032406
-5.048	0.841	0.0053152
-5.048	0.86611	0.007214
-5.048	0.89121	0.00817
-5.048	0.91632	0.0079431
-5.048	0.94142	0.0065685
-5.048	0.96653	0.0044614
-5.048	0.99163	0.0023109
-5.023	0.8159	0.0020049
-5.023	0.841	0.0032884
-5.023	0.86611	0.0045807
-5.023	0.89121	0.005326
-5.023	0.91632	0.0052867
-5.023	0.94142	0.0044571
-5.023	0.96653	0.0030773
-4.9979	0.86611	0.0022495
-4.9979	0.89121	0.0026591
-4.9979	0.91632	0.0026925
-4.9979	0.94142	0.002316
-4.9478	0.8159	0.0026557
-4.9478	0.841	0.0031025
-4.9478	0.86611	0.0030585
-4.9478	0.89121	0.0025388
-4.9228	0.79079	0.0035249
-4.9228	0.8159	0.0049957
-4.9228	0.841	0.0058941
-4.9228	0.86611	0.0059585
-4.9228	0.89121	0.0050925
-4.9228	0.91632	0.0036769
-4.9228	0.94142	0.0021767
-4.8977	-0.43933	0.002063
-4.8977	0.76569	0.0025917
-4.8977	0.79079	0.0048467
-4.8977	0.8159	0.007047
-4.8977	0.841	0.0085002
-4.8977	0.86611	0.0087181
-4.8977	0.89121	0.007551
-4.8977	0.91632	0.0054859
-4.8977	0.94142	0.0033208
-4.8727	-0.43933	0.0020135
-4.8727	0.76569	0.0027938
-4.8727	0.79079	0.0051739
-4.8727	0.8159	0.0076153
-4.8727	0.841	0.0092895
-4.8727	0.86611	0.0097066
-4.8727	0.89121	0.0085143
-4.8727	0.91632	0.0063225
-4.8727	0.94142	0.0038224
-4.8476	0.76569	0.0021865
-4.8476	0.79079	0.0041054
-4.8476	0.8159	0.006168
-4.8476	0.841	0.0077019
-4.8476	0.86611	0.0082344
-4.8476	0.89121	0.0073608
-4.8476	0.91632	0.0055282
-4.8476	0.94142	0.0033323
-4.8225	0.79079	0.0021225
-4.8225	0.8159	0.0033819
-4.8225	0.841	0.0044648
-4.8225	0.86611	0.0049824
-4.8225	0.89121	0.0046024
-4.8225	0.91632	0.0035497
-4.8225	0.94142	0.0021533
-4.7474	0.76569	0.0024665
-4.7474	0.79079	0.0029646
-4.7474	0.8159	0.0031211
-4.7474	0.841	0.002694
-4.7474	0.86611	0.0020302
-4.7223	0.74059	0.0033308
-4.7223	0.76569	0.005378
-4.7223	0.79079	0.0071104
-4.7223	0.8159	0.0078259
-4.7223	0.841	0.0072161
-4.7223	0.86611	0.0057864
-4.7223	0.89121	0.003782
-4.7223	0.91632	0.0020698
-4.6973	0.71548	0.0024151
-4.6973	0.74059	0.0051733
-4.6973	0.76569	0.0085873
-4.6973	0.79079	0.011401
-4.6973	0.8159	0.012726
-4.6973	0.841	0.012118
-4.6973	0.86611	0.009934
-4.6973	0.89121	0.006756
-4.6973	0.91632	0.0038554
-4.6722	0.71548	0.0028731
-4.6722	0.74059	0.0061495
-4.6722	0.76569	0.01015
-4.6722	0.79079	0.01362
-4.6722	0.8159	0.015476
-4.6722	0.841	0.014944
-4.6722	0.86611	0.012448
-4.6722	0.89121	0.008609
-4.6722	0.91632	0.0048351
-4.6472	0.71548	0.002679
-4.6472	0.74059	0.0056836
-4.6472	0.76569	0.0093915
-4.6472	0.79079	0.012791
-4.6472	0.8159	0.014715
-4.6472	0.841	0.014424
-4.6472	0.86611	0.012148
-4.6472	0.89121	0.0084336
-4.6472	0.91632	0.0047088
-4.6221	0.74059	0.0039509
-4.6221	0.76569	0.0066774
-4.6221	0.79079	0.0091844
-4.6221	0.8159	0.010824
-4.6221	0.841	0.010804
-4.6221	0.86611	0.0092795
-4.6221	0.89121	0.0064685
-4.6221	0.91632	0.0036099
-4.5971	0.76569	0.0033757
-4.5971	0.79079	0.0048227
-4.5971	0.8159	0.0058612
-4.5971	0.841	0.0060494
-4.5971	0.86611	0.0053374
-4.5971	0.89121	0.003811
-4.5971	0.91632	0.0020941
-4.572	0.79079	0.0021586
-4.572	0.8159	0.0025107
-4.572	0.841	0.0025796
-4.572	0.86611	0.0022981
-4.547	0.74059	0.0023782
-4.547	0.76569	0.0028319
-4.547	0.79079	0.0028849
-4.547	0.8159	0.0025887
-4.547	0.841	0.0020678
-4.5219	0.71548	0.0037495
-4.5219	0.74059	0.0055126
-4.5219	0.76569	0.0066292
-4.5219	0.79079	0.0067076
-4.5219	0.8159	0.0057748
-4.5219	0.841	0.004347
-4.5219	0.86611	0.0026332
-4.4969	0.69038	0.0031489
-4.4969	0.71548	0.0059745
-4.4969	0.74059	0.009107
-4.4969	0.76569	0.011175
-4.4969	0.79079	0.01158
-4.4969	0.8159	0.010263
-4.4969	0.841	0.0077937
-4.4969	0.86611	0.0047904
-4.4969	0.89121	0.0024217
-4.4718	0.69038	0.003839
-4.4718	0.71548	0.0073803
-4.4718	0.74059	0.01119
-4.4718	0.76569	0.013909
-4.4718	0.79079	0.014726
-4.4718	0.8159	0.013338
-4.4718	0.841	0.010133
-4.4718	0.86611	0.0063934
-4.4718	0.89121	0.0031692
-4.4468	0.69038	0.0035069
-4.4468	0.71548	0.0068472
-4.4468	0.74059	0.01042
-4.4468	0.76569	0.013172
-4.4468	0.79079	0.014255
-4.4468	0.8159	0.013131
-4.4468	0.841	0.010176
-4.4468	0.86611	0.0064073
-4.4468	0.89121	0.0030934
-4.4468	2.0711	0.0021516
-4.4468	2.0962	0.0022728
-4.4468	2.1213	0.0020207
-4.4217	0.69038	0.002305
-4.4217	0.71548	0.0043569
-4.4217	0.74059	0.0070105
-4.4217	0.76569	0.0091974
-4.4217	0.79079	0.010239
-4.4217	0.8159	0.0096955
-4.4217	0.841	0.0075654
-4.4217	0.86611	0.004861
-4.4217	0.89121	0.0022703
-4.4217	2.0711	0.001995
-4.4217	2.0962	0.0021362
-4.3967	0.74059	0.0028103
-4.3967	0.76569	0.0040513
-4.3967	0.79079	0.0048258
-4.3967	0.8159	0.0048593
-4.3967	0.841	0.0039529
-4.3967	0.86611	0.0026458
-4.3716	-0.61506	0.0026287
-4.3716	-0.58996	0.0034929
-4.3716	-0.56485	0.003931
-4.3716	-0.53975	0.0037393
-4.3716	-0.51464	0.0029693
-4.3466	-0.64017	0.002901
-4.3466	-0.61506	0.0049013
-4.3466	-0.58996	0.0067159
-4.3466	-0.56485	0.0077617
-4.3466	-0.53975	0.0076481
-4.3466	-0.51464	0.0063481
-4.3466	-0.48954	0.0044353
-4.3466	-0.46444	0.0024777
-4.3215	-0.64017	0.0042999
-4.3215	-0.61506	0.0072245
-4.3215	-0.58996	0.010013
-4.3215	-0.56485	0.011708
-4.3215	-0.53975	0.011724
-4.3215	-0.51464	0.0098809
-4.3215	-0.48954	0.0070368
-4.3215	-0.46444	0.0039213
-4.3215	0.69038	0.0033559
-4.3215	0.71548	0.0044819
-4.3215	0.74059	0.0049777
-4.3215	0.76569	0.0045596
-4.3215	0.79079	0.0035693
-4.3215	0.8159	0.0023028
-4.2965	-0.66527	0.0023682
-4.2965	-0.64017	0.0051727
-4.2965	-0.61506	0.008693
-4.2965	-0.58996	0.012062
-4.2965	-0.56485	0.014257
-4.2965	-0.53975	0.014406
-4.2965	-0.51464	0.012244
-4.2965	-0.48954	0.0087064
-4.2965	-0.46444	0.0048661
-4.2965	0.66527	0.0030181
-4.2965	0.69038	0.0053984
-4.2965	0.71548	0.0076331
-4.2965	0.74059	0.0089555
-4.2965	0.76569	0.008738
-4.2965	0.79079	0.0073316
-4.2965	0.8159	0.0050881
-4.2965	0.841	0.0028852
-4.2714	-0.66527	0.0023453
-4.2714	-0.64017	0.0050299
-4.2714	-0.61506	0.0085213
-4.2714	-0.58996	0.011933
-4.2714	-0.56485	0.014216
-4.2714	-0.53975	0.014513
-4.2714	-0.51464	0.012388
-4.2714	-0.48954	0.0088227
-4.2714	-0.46444	0.0048608
-4.2714	0.66527	0.0030972
-4.2714	0.69038	0.005625
-4.2714	0.71548	0.0082386
-4.2714	0.74059	0.010104
-4.2714	0.76569	0.010338
-4.2714	0.79079	0.0089797
-4.2714	0.8159	0.0065683
-4.2714	0.841	0.0038585
-4.2463	-0.64017	0.0039204
-4.2463	-0.61506	0.0065642
-4.2463	-0.58996	0.0093397
-4.2463	-0.56485	0.011412
-4.2463	-0.53975	0.011829
-4.2463	-0.51464	0.010281
-4.2463	-0.48954	0.0072602
-4.2463	-0.46444	0.0038966
-4.2463	0.69038	0.0035945
-4.2463	0.71548	0.0056219
-4.2463	0.74059	0.0072357
-4.2463	0.76569	0.0078676
-4.2463	0.79079	0.0071513
-4.2463	0.8159	0.0055188
-4.2463	0.841	0.0032322
-4.2463	2.046	0.0021402
-4.2463	2.0711	0.0020921
-4.2213	-0.61506	0.0035696
-4.2213	-0.58996	0.0054129
-4.2213	-0.56485	0.0067765
-4.2213	-0.53975	0.0073232
-4.2213	-0.51464	0.0065871
-4.2213	-0.48954	0.0047293
-4.2213	-0.46444	0.0024612
-4.2213	0.74059	0.0024872
-4.2213	0.76569	0.0030438
-4.2213	0.79079	0.0031693
-4.2213	0.8159	0.0025821
-4.2213	2.046	0.0020074
-4.2213	2.0711	0.0020029
-4.1962	-0.56485	0.0023525
-4.1962	-0.53975	0.0028579
-4.1962	-0.51464	0.0026973
-4.1962	-0.48954	0.0021009
-4.1962	0.66527	0.0021253
-4.1962	0.69038	0.0020769
-4.1712	0.46444	0.0020132
-4.1712	0.48954	0.0026313
-4.1712	0.51464	0.0021693
-4.1712	0.61506	0.0028707
-4.1712	0.64017	0.006584
-4.1712	0.66527	0.0098729
-4.1712	0.69038	0.011309
-4.1712	0.71548	0.0109
-4.1712	0.74059	0.0087228
-4.1712	0.76569	0.0056003
-4.1712	0.79079	0.0028373
-4.1461	-0.64017	0.0020467
-4.1461	-0.61506	0.0022089
-4.1461	0.46444	0.0032893
-4.1461	0.48954	0.0041526
-4.1461	0.51464	0.0032484
-4.1461	0.61506	0.0072478
-4.1461	0.64017	0.01589
-4.1461	0.66527	0.025382
-4.1461	0.69038	0.03099
-4.1461	0.71548	0.032102
-4.1461	0.74059	0.028357
-4.1461	0.76569	0.020799
-4.1461	0.79079	0.01302
-4.1461	0.8159	0.0063941
-4.1461	0.841	0.0025081
-4.1211	-0.69038	0.0020732
-4.1211	-0.66527	0.0037898
-4.1211	-0.64017	0.0055063
-4.1211	-0.61506	0.0065983
-4.1211	-0.58996	0.0065326
-4.1211	-0.56485	0.0054908
-4.1211	-0.53975	0.0038493
-4.1211	-0.51464	0.0021501
-4.1211	0.43933	0.0021961
-4.1211	0.46444	0.0042941
-4.1211	0.48954	0.0052674
-4.1211	0.51464	0.0039383
-4.1211	0.58996	0.0038857
-4.1211	0.61506	0.013771
-4.1211	0.64017	0.029595
-4.1211	0.66527	0.04628
-4.1211	0.69038	0.058568
-4.1211	0.71548	0.062305
-4.1211	0.74059	0.057066
-4.1211	0.76569	0.043802
-4.1211	0.79079	0.02846
-4.1211	0.8159	0.014924
-4.1211	0.841	0.0058441
-4.096	-0.69038	0.0033997
-4.096	-0.66527	0.0063014
-4.096	-0.64017	0.0093299
-4.096	-0.61506	0.011553
-4.096	-0.58996	0.012002
-4.096	-0.56485	0.010654
-4.096	-0.53975	0.0079012
-4.096	-0.51464	0.004749
-4.096	-0.48954	0.0020812
-4.096	0.43933	0.0024966
-4.096	0.46444	0.0046295
-4.096	0.48954	0.0054566
-4.096	0.51464	0.003842
-4.096	0.58996	0.0063989
-4.096	0.61506	0.020729
-4.096	0.64017	0.043103
-4.096	0.66527	0.067492
-4.096	0.69038	0.086125
-4.096	0.71548	0.092819
-4.096	0.74059	0.086434
-4.096	0.76569	0.067593
-4.096	0.79079	0.044446
-4.096	0.8159	0.023313
-4.096	0.841	0.0089928
-4.096	0.96653	0.0019939
-4.071	-0.69038	0.0041883
-4.071	-0.66527	0.007764
-4.071	-0.64017	0.011637
-4.071	-0.61506	0.014739
-4.071	-0.58996	0.015662
-4.071	-0.56485	0.014237
-4.071	-0.53975	0.010852
-4.071	-0.51464	0.0066235
-4.071	-0.48954	0.0029035
-4.071	0.43933	0.0022582
-4.071	0.46444	0.0040096
-4.071	0.48954	0.0045448
-4.071	0.51464	0.0029683
-4.071	0.58996	0.0084011
-4.071	0.61506	0.025147
-4.071	0.64017	0.051302
-4.071	0.66527	0.079935
-4.071	0.69038	0.1026
-4.071	0.71548	0.11155
-4.071	0.74059	0.10489
-4.071	0.76569	0.082591
-4.071	0.79079	0.054585
-4.071	0.8159	0.028515
-4.071	0.841	0.010561
-4.071	0.91632	0.0020011
-4.071	0.94142	0.0036112
-4.071	0.96653	0.0035339
-4.071	0.99163	0.0022764
-4.0459	-0.69038	0.0038931
-4.0459	-0.66527	0.0073139
-4.0459	-0.64017	0.011126
-4.0459	-0.61506	0.014384
-4.0459	-0.58996	0.015585
-4.0459	-0.56485	0.014477
-4.0459	-0.53975	0.011209
-4.0459	-0.51464	0.0068259
-4.0459	-0.48954	0.002926
-4.0459	0.46444	0.002568
-4.0459	0.48954	0.0028806
-4.0459	0.58996	0.0088054
-4.0459	0.61506	0.024539
-4.0459	0.64017	0.049735
-4.0459	0.66527	0.077311
-4.0459	0.69038	0.10002
-4.0459	0.71548	0.10978
-4.0459	0.74059	0.1043
-4.0459	0.76569	0.082581
-4.0459	0.79079	0.05474
-4.0459	0.8159	0.028228
-4.0459	0.841	0.0098622
-4.0459	0.91632	0.0031403
-4.0459	0.94142	0.005089
-4.0459	0.96653	0.0047871
-4.0459	0.99163	0.0029471
-4.0209	-0.69038	0.0026051
-4.0209	-0.66527	0.004968
-4.0209	-0.64017	0.0079116
-4.0209	-0.61506	0.010464
-4.0209	-0.58996	0.011742
-4.0209	-0.56485	0.011111
-4.0209	-0.53975	0.008797
-4.0209	-0.51464	0.0053424
-4.0209	-0.48954	0.0022812
-4.0209	0.58996	0.006477
-4.0209	0.61506	0.018363
-4.0209	0.64017	0.036571
-4.0209	0.66527	0.058787
-4.0209	0.69038	0.077795
-4.0209	0.71548	0.08697
-4.0209	0.74059	0.083938
-4.0209	0.76569	0.067897
-4.0209	0.79079	0.044253
-4.0209	0.8159	0.022845
-4.0209	0.841	0.0073001
-4.0209	0.91632	0.0038414
-4.0209	0.94142	0.0057972
-4.0209	0.96653	0.0051988
-4.0209	0.99163	0.003065
-3.9958	-0.64017	0.0034379
-3.9958	-0.61506	0.0048713
-3.9958	-0.58996	0.0058775
-3.9958	-0.56485	0.0059347
-3.9958	-0.53975	0.0049907
-3.9958	-0.51464	0.0029975
-3.9958	0.58996	0.0033128
-3.9958	0.61506	0.008826
-3.9958	0.64017	0.018133
-3.9958	0.66527	0.031933
-3.9958	0.69038	0.044017
-3.9958	0.71548	0.051298
-3.9958	0.74059	0.051434
-3.9958	0.76569	0.043033
-3.9958	0.79079	0.028926
-3.9958	0.8159	0.014625
-3.9958	0.841	0.0048206
-3.9958	0.91632	0.0037689
-3.9958	0.94142	0.0053329
-3.9958	0.96653	0.0046465
-3.9958	0.99163	0.0025752
-3.9958	1.1172	0.0021536
-3.9708	0.64017	0.0035117
-3.9708	0.66527	0.0083702
-3.9708	0.69038	0.01364
-3.9708	0.71548	0.017835
-3.9708	0.74059	0.020038
-3.9708	0.76569	0.017339
-3.9708	0.79079	0.012522
-3.9708	0.8159	0.0067745
-3.9708	0.91632	0.0027212
-3.9708	0.94142	0.0038317
-3.9708	0.96653	0.0032991
-3.9708	1.1172	0.0020504
-3.9457	0.61506	0.0022702
-3.9457	0.64017	0.0021762
-3.9457	0.74059	0.0024101
-3.9457	0.76569	0.0028117
-3.9457	0.79079	0.0028175
-3.9207	-0.71548	0.0031948
-3.9207	-0.69038	0.0049861
-3.9207	-0.66527	0.0064062
-3.9207	-0.64017	0.0067088
-3.9207	-0.61506	0.0059128
-3.9207	-0.58996	0.0042199
-3.9207	-0.56485	0.0025227
-3.9207	0.2887	0.0021441
-3.9207	0.41423	0.0024961
-3.9207	0.43933	0.0037312
-3.9207	0.46444	0.0036064
-3.9207	0.48954	0.0020562
-3.9207	0.56485	0.0037404
-3.9207	0.58996	0.0089779
-3.9207	0.61506	0.015053
-3.9207	0.64017	0.018297
-3.9207	0.66527	0.01859
-3.9207	0.69038	0.01503
-3.9207	0.71548	0.010257
-3.9207	0.74059	0.0052553
-3.9207	0.76569	0.0024245
-3.9207	1.9205	0.0030171
-3.9207	1.9456	0.0044094
-3.9207	1.9707	0.0050611
-3.9207	1.9958	0.004811
-3.9207	2.0209	0.0038943
-3.9207	2.046	0.0027369
-3.8956	-1.9707	0.0021109
-3.8956	-1.9456	0.0020266
-3.8956	-0.74059	0.0027229
-3.8956	-0.71548	0.0060948
-3.8956	-0.69038	0.010027
-3.8956	-0.66527	0.013301
-3.8956	-0.64017	0.01482
-3.8956	-0.61506	0.014105
-3.8956	-0.58996	0.011122
-3.8956	-0.56485	0.0072975
-3.8956	-0.53975	0.0037346
-3.8956	0.2887	0.0021315
-3.8956	0.41423	0.0036448
-3.8956	0.43933	0.0052961
-3.8956	0.46444	0.0049764
-3.8956	0.48954	0.0026675
-3.8956	0.56485	0.0086632
-3.8956	0.58996	0.022257
-3.8956	0.61506	0.03748
-3.8956	0.64017	0.04944
-3.8956	0.66527	0.054896
-3.8956	0.69038	0.050491
-3.8956	0.71548	0.039441
-3.8956	0.74059	0.025474
-3.8956	0.76569	0.013294
-3.8956	0.79079	0.0049968
-3.8956	1.8954	0.0027224
-3.8956	1.9205	0.0054502
-3.8956	1.9456	0.0079435
-3.8956	1.9707	0.009419
-3.8956	1.9958	0.0092327
-3.8956	2.0209	0.0077847
-3.8956	2.046	0.0055408
-3.8956	2.0711	0.003294
-3.8706	-1.9958	0.0021938
-3.8706	-1.9707	0.002559
-3.8706	-1.9456	0.0025026
-3.8706	-1.9205	0.002081
-3.8706	-0.74059	0.0037953
-3.8706	-0.71548	0.0083875
-3.8706	-0.69038	0.013956
-3.8706	-0.66527	0.019046
-3.8706	-0.64017	0.021841
-3.8706	-0.61506	0.021524
-3.8706	-0.58996	0.017619
-3.8706	-0.56485	0.011927
-3.8706	-0.53975	0.006223
-3.8706	-0.51464	0.0022046
-3.8706	0.41423	0.0040486
-3.8706	0.43933	0.0056696
-3.8706	0.46444	0.0051105
-3.8706	0.48954	0.0024406
-3.8706	0.53975	0.0029707
-3.8706	0.56485	0.014898
-3.8706	0.58996	0.035785
-3.8706	0.61506	0.061249
-3.8706	0.64017	0.083297
-3.8706	0.66527	0.095246
-3.8706	0.69038	0.091906
-3.8706	0.71548	0.075282
-3.8706	0.74059	0.051969
-3.8706	0.76569	0.029207
-3.8706	0.79079	0.012152
-3.8706	0.8159	0.0029829
-3.8706	1.8954	0.0040329
-3.8706	1.9205	0.0078869
-3.8706	1.9456	0.011505
-3.8706	1.9707	0.013719
-3.8706	1.9958	0.013624
-3.8706	2.0209	0.011661
-3.8706	2.046	0.0084633
-3.8706	2.0711	0.0051447
-3.8706	2.0962	0.002467
-3.8455	-1.9958	0.0020013
-3.8455	-1.9707	0.0023934
-3.8455	-1.9456	0.002397
-3.8455	-1.9205	0.0020267
-3.8455	-0.74059	0.0039169
-3.8455	-0.71548	0.0086609
-3.8455	-0.69038	0.014628
-3.8455	-0.66527	0.020394
-3.8455	-0.64017	0.023951
-3.8455	-0.61506	0.024156
-3.8455	-0.58996	0.02019
-3.8455	-0.56485	0.013883
-3.8455	-0.53975	0.0072678
-3.8455	-0.51464	0.0024861
-3.8455	-0.41423	0.0020362
-3.8455	0.41423	0.0033282
-3.8455	0.43933	0.004508
-3.8455	0.46444	0.0038927
-3.8455	0.53975	0.004274
-3.8455	0.56485	0.01856
-3.8455	0.58996	0.043295
-3.8455	0.61506	0.074211
-3.8455	0.64017	0.10239
-3.8455	0.66527	0.11943
-3.8455	0.69038	0.11798
-3.8455	0.71548	0.099146
-3.8455	0.74059	0.070254
-3.8455	0.76569	0.04013
-3.8455	0.79079	0.016869
-3.8455	0.8159	0.0039095
-3.8455	0.89121	0.0031775
-3.8455	0.91632	0.0036168
-3.8455	0.94142	0.0025817
-3.8455	1.8954	0.0049149
-3.8455	1.9205	0.0093725
-3.8455	1.9456	0.013613
-3.8455	1.9707	0.016303
-3.8455	1.9958	0.016322
-3.8455	2.0209	0.014108
-3.8455	2.046	0.010324
-3.8455	2.0711	0.0063005
-3.8455	2.0962	0.0029951
-3.8205	-0.74059	0.0027886
-3.8205	-0.71548	0.0064551
-3.8205	-0.69038	0.011171
-3.8205	-0.66527	0.016213
-3.8205	-0.64017	0.019705
-3.8205	-0.61506	0.020502
-3.8205	-0.58996	0.017535
-3.8205	-0.56485	0.012318
-3.8205	-0.53975	0.0063931
-3.8205	-0.51464	0.0020988
-3.8205	-0.41423	0.00272
-3.8205	-0.38912	0.0023548
-3.8205	0.43933	0.0024416
-3.8205	0.46444	0.0020267
-3.8205	0.53975	0.0044669
-3.8205	0.56485	0.017051
-3.8205	0.58996	0.040036
-3.8205	0.61506	0.068605
-3.8205	0.64017	0.096415
-3.8205	0.66527	0.11454
-3.8205	0.69038	0.11545
-3.8205	0.71548	0.098719
-3.8205	0.74059	0.071255
-3.8205	0.76569	0.041104
-3.8205	0.79079	0.016741
-3.8205	0.8159	0.0035313
-3.8205	0.86611	0.0023092
-3.8205	0.89121	0.004937
-3.8205	0.91632	0.0055014
-3.8205	0.94142	0.0039271
-3.8205	1.8954	0.0047518
-3.8205	1.9205	0.0089556
-3.8205	1.9456	0.013025
-3.8205	1.9707	0.015683
-3.8205	1.9958	0.015848
-3.8205	2.0209	0.013848
-3.8205	2.046	0.010232
-3.8205	2.0711	0.0062399
-3.8205	2.0962	0.0029311
-3.7954	-0.71548	0.0023272
-3.7954	-0.69038	0.0048301
-3.7954	-0.66527	0.0078689
-3.7954	-0.64017	0.010434
-3.7954	-0.61506	0.0116
-3.7954	-0.58996	0.010399
-3.7954	-0.56485	0.0074172
-3.7954	-0.53975	0.0039847
-3.7954	-0.41423	0.0026873
-3.7954	-0.38912	0.0022848
-3.7954	0.53975	0.0029441
-3.7954	0.56485	0.010661
-3.7954	0.58996	0.026951
-3.7954	0.61506	0.046605
-3.7954	0.64017	0.068454
-3.7954	0.66527	0.083854
-3.7954	0.69038	0.087216
-3.7954	0.71548	0.077257
-3.7954	0.74059	0.056587
-3.7954	0.76569	0.033247
-3.7954	0.79079	0.013314
-3.7954	0.8159	0.0023937
-3.7954	0.86611	0.0030155
-3.7954	0.89121	0.0058685
-3.7954	0.91632	0.0063569
-3.7954	0.94142	0.004464
-3.7954	1.8954	0.0034797
-3.7954	1.9205	0.0065691
-3.7954	1.9456	0.0095965
-3.7954	1.9707	0.011824
-3.7954	1.9958	0.012199
-3.7954	2.0209	0.010806
-3.7954	2.046	0.0081142
-3.7954	2.0711	0.0049597
-3.7954	2.0962	0.0022811
-3.7704	-0.61506	0.0027111
-3.7704	-0.58996	0.0029032
-3.7704	-0.56485	0.0025276
-3.7704	0.56485	0.0034967
-3.7704	0.58996	0.008254
-3.7704	0.61506	0.017432
-3.7704	0.64017	0.029265
-3.7704	0.66527	0.038593
-3.7704	0.69038	0.043773
-3.7704	0.71548	0.040079
-3.7704	0.74059	0.031634
-3.7704	0.76569	0.019641
-3.7704	0.79079	0.007145
-3.7704	0.86611	0.0028937
-3.7704	0.89121	0.0052235
-3.7704	0.91632	0.0056014
-3.7704	0.94142	0.0038721
-3.7704	1.0669	0.0023663
-3.7704	1.0921	0.0021286
-3.7704	1.9205	0.0032644
-3.7704	1.9456	0.0052897
-3.7704	1.9707	0.0067238
-3.7704	1.9958	0.0071924
-3.7704	2.0209	0.0066179
-3.7704	2.046	0.0050346
-3.7704	2.0711	0.0032153
-3.7453	-0.74059	0.0026376
-3.7453	-0.71548	0.0033443
-3.7453	-0.69038	0.0031737
-3.7453	-0.66527	0.0023519
-3.7453	0.087866	0.0020484
-3.7453	0.23849	0.0019942
-3.7453	0.64017	0.0034421
-3.7453	0.66527	0.0054755
-3.7453	0.69038	0.0085646
-3.7453	0.71548	0.009852
-3.7453	0.74059	0.0092447
-3.7453	0.76569	0.0056689
-3.7453	0.79079	0.0027912
-3.7453	0.89121	0.0032072
-3.7453	0.91632	0.0034346
-3.7453	0.94142	0.0023794
-3.7453	1.0669	0.0020653
-3.7453	1.9707	0.0020571
-3.7453	1.9958	0.0025221
-3.7453	2.0209	0.0026011
-3.7453	2.046	0.0020983
-3.7203	-2.0711	0.0033263
-3.7203	-2.046	0.005039
-3.7203	-2.0209	0.0058404
-3.7203	-1.9958	0.0056879
-3.7203	-1.9707	0.0046831
-3.7203	-1.9456	0.0033304
-3.7203	-0.79079	0.0020458
-3.7203	-0.76569	0.0052391
-3.7203	-0.74059	0.0099598
-3.7203	-0.71548	0.014272
-3.7203	-0.69038	0.016386
-3.7203	-0.66527	0.015704
-3.7203	-0.64017	0.012283
-3.7203	-0.61506	0.008337
-3.7203	-0.58996	0.0041957
-3.7203	0.087866	0.0022625
-3.7203	0.21339	0.002169
-3.7203	0.23849	0.003203
-3.7203	0.2636	0.0029904
-3.7203	0.38912	0.0039612
-3.7203	0.41423	0.0048857
-3.7203	0.43933	0.0036994
-3.7203	0.53975	0.0049797
-3.7203	0.56485	0.010145
-3.7203	0.58996	0.013531
-3.7203	0.61506	0.013323
-3.7203	0.64017	0.01005
-3.7203	0.66527	0.0064658
-3.7203	0.69038	0.0026012
-3.6952	-2.0962	0.0038396
-3.6952	-2.0711	0.0071808
-3.6952	-2.046	0.010593
-3.6952	-2.0209	0.012673
-3.6952	-1.9958	0.01256
-3.6952	-1.9707	0.010758
-3.6952	-1.9456	0.0078392
-3.6952	-1.9205	0.0044057
-3.6952	-1.8954	0.0020594
-3.6952	-0.79079	0.0041411
-3.6952	-0.76569	0.010802
-3.6952	-0.74059	0.020354
-3.6952	-0.71548	0.030068
-3.6952	-0.69038	0.036592
-3.6952	-0.66527	0.037361
-3.6952	-0.64017	0.032182
-3.6952	-0.61506	0.023582
-3.6952	-0.58996	0.013771
-3.6952	-0.56485	0.0058865
-3.6952	0.21339	0.0025665
-3.6952	0.23849	0.0036988
-3.6952	0.2636	0.0033206
-3.6952	0.36402	0.0033136
-3.6952	0.38912	0.0066935
-3.6952	0.41423	0.0082501
-3.6952	0.43933	0.0063195
-3.6952	0.46444	0.0023236
-3.6952	0.51464	0.0044057
-3.6952	0.53975	0.016944
-3.6952	0.56485	0.034276
-3.6952	0.58996	0.05099
-3.6952	0.61506	0.059186
-3.6952	0.64017	0.056983
-3.6952	0.66527	0.04659
-3.6952	0.69038	0.030905
-3.6952	0.71548	0.017622
-3.6952	0.74059	0.0067463
-3.6952	0.76569	0.0022714
-3.6952	1.8954	0.0026716
-3.6952	1.9205	0.0030827
-3.6952	1.9456	0.0028409
-3.6952	1.9707	0.0021328
-3.6701	-2.1213	0.0028934
-3.6701	-2.0962	0.007904
-3.6701	-2.0711	0.014658
-3.6701	-2.046	0.020882
-3.6701	-2.0209	0.024888
-3.6701	-1.9958	0.024854
-3.6701	-1.9707	0.021251
-3.6701	-1.9456	0.015266
-3.6701	-1.9205	0.0091864
-3.6701	-1.8954	0.0041586
-3.6701	-0.79079	0.0066187
-3.6701	-0.76569	0.016964
-3.6701	-0.74059	0.031604
-3.6701	-0.71548	0.04713
-3.6701	-0.69038	0.058624
-3.6701	-0.66527	0.061542
-3.6701	-0.64017	0.054673
-3.6701	-0.61506	0.041209
-3.6701	-0.58996	0.024918
-3.6701	-0.56485	0.011425
-3.6701	-0.53975	0.0028963
-3.6701	-0.46444	0.0020205
-3.6701	-0.43933	0.0024238
-3.6701	0.21339	0.0020139
-3.6701	0.23849	0.0028753
-3.6701	0.2636	0.0025287
-3.6701	0.36402	0.0039385
-3.6701	0.38912	0.0075392
-3.6701	0.41423	0.0090969
-3.6701	0.43933	0.0065276
-3.6701	0.46444	0.0020112
-3.6701	0.51464	0.0089824
-3.6701	0.53975	0.029897
-3.6701	0.56485	0.059665
-3.6701	0.58996	0.092438
-3.6701	0.61506	0.11418
-3.6701	0.64017	0.11713
-3.6701	0.66527	0.10318
-3.6701	0.69038	0.076053
-3.6701	0.71548	0.045894
-3.6701	0.74059	0.021655
-3.6701	0.76569	0.0072038
-3.6701	1.8703	0.0044368
-3.6701	1.8954	0.007238
-3.6701	1.9205	0.0088846
-3.6701	1.9456	0.0090145
-3.6701	1.9707	0.007764
-3.6701	1.9958	0.0055986
-3.6701	2.0209	0.0033153
-3.6451	-2.2469	0.0020521
-3.6451	-2.2218	0.0020234
-3.6451	-2.1213	0.0053873
-3.6451	-2.0962	0.013616
-3.6451	-2.0711	0.024393
-3.6451	-2.046	0.034848
-3.6451	-2.0209	0.041133
-3.6451	-1.9958	0.040987
-3.6451	-1.9707	0.035139
-3.6451	-1.9456	0.025376
-3.6451	-1.9205	0.014834
-3.6451	-1.8954	0.0065724
-3.6451	-0.8159	0.0020479
-3.6451	-0.79079	0.0091714
-3.6451	-0.76569	0.023149
-3.6451	-0.74059	0.042907
-3.6451	-0.71548	0.064574
-3.6451	-0.69038	0.081326
-3.6451	-0.66527	0.0871
-3.6451	-0.64017	0.078862
-3.6451	-0.61506	0.060104
-3.6451	-0.58996	0.036835
-3.6451	-0.56485	0.01618
-3.6451	-0.53975	0.0037934
-3.6451	-0.48954	0.0019986
-3.6451	-0.46444	0.004697
-3.6451	-0.43933	0.0055579
-3.6451	-0.41423	0.0041872
-3.6451	0.36402	0.0036023
-3.6451	0.38912	0.0065862
-3.6451	0.41423	0.0077331
-3.6451	0.43933	0.0052185
-3.6451	0.51464	0.012898
-3.6451	0.53975	0.038847
-3.6451	0.56485	0.07777
-3.6451	0.58996	0.11973
-3.6451	0.61506	0.15175
-3.6451	0.64017	0.16017
-3.6451	0.66527	0.1453
-3.6451	0.69038	0.11136
-3.6451	0.71548	0.069944
-3.6451	0.74059	0.033844
-3.6451	0.76569	0.011727
-3.6451	0.841	0.0024766
-3.6451	0.86611	0.0037696
-3.6451	0.89121	0.0031456
-3.6451	1.8452	0.0029887
-3.6451	1.8703	0.0069317
-3.6451	1.8954	0.011151
-3.6451	1.9205	0.014151
-3.6451	1.9456	0.014972
-3.6451	1.9707	0.013457
-3.6451	1.9958	0.010207
-3.6451	2.0209	0.0064867
-3.6451	2.046	0.0033932
-3.62	-2.2469	0.0020547
-3.62	-2.1213	0.0071348
-3.62	-2.0962	0.016931
-3.62	-2.0711	0.029723
-3.62	-2.046	0.041688
-3.62	-2.0209	0.048961
-3.62	-1.9958	0.04855
-3.62	-1.9707	0.041483
-3.62	-1.9456	0.029565
-3.62	-1.9205	0.017167
-3.62	-1.8954	0.0073062
-3.62	-1.8703	0.0019995
-3.62	-0.8159	0.0020616
-3.62	-0.79079	0.0087329
-3.62	-0.76569	0.022283
-3.62	-0.74059	0.04209
-3.62	-0.71548	0.065075
-3.62	-0.69038	0.0844
-3.62	-0.66527	0.09271
-3.62	-0.64017	0.085829
-3.62	-0.61506	0.066618
-3.62	-0.58996	0.040774
-3.62	-0.56485	0.017692
-3.62	-0.53975	0.0036035
-3.62	-0.48954	0.0037504
-3.62	-0.46444	0.0080201
-3.62	-0.43933	0.0091967
-3.62	-0.41423	0.0067819
-3.62	-0.38912	0.0028722
-3.62	-0.31381	0.002199
-3.62	-0.2887	0.003664
-3.62	-0.2636	0.0034478
-3.62	-0.23849	0.0020701
-3.62	0.36402	0.0023862
-3.62	0.38912	0.0044021
-3.62	0.41423	0.0051921
-3.62	0.43933	0.0033338
-3.62	0.51464	0.014946
-3.62	0.53975	0.043013
-3.62	0.56485	0.086255
-3.62	0.58996	0.13414
-3.62	0.61506	0.17292
-3.62	0.64017	0.18611
-3.62	0.66527	0.17247
-3.62	0.69038	0.13435
-3.62	0.71548	0.085912
-3.62	0.74059	0.041555
-3.62	0.76569	0.013812
-3.62	0.841	0.004869
-3.62	0.86611	0.0072278
-3.62	0.89121	0.0060821
-3.62	0.91632	0.0032481
-3.62	1.8452	0.0033576
-3.62	1.8703	0.0075068
-3.62	1.8954	0.012075
-3.62	1.9205	0.015498
-3.62	1.9456	0.0167
-3.62	1.9707	0.015362
-3.62	1.9958	0.011914
-3.62	2.0209	0.0077693
-3.62	2.046	0.0041213
-3.595	-2.1464	0.0020327
-3.595	-2.1213	0.0080035
-3.595	-2.0962	0.018047
-3.595	-2.0711	0.030741
-3.595	-2.046	0.042319
-3.595	-2.0209	0.049011
-3.595	-1.9958	0.048068
-3.595	-1.9707	0.040551
-3.595	-1.9456	0.028422
-3.595	-1.9205	0.016086
-3.595	-1.8954	0.0065072
-3.595	-0.79079	0.0036347
-3.595	-0.76569	0.010831
-3.595	-0.74059	0.021533
-3.595	-0.71548	0.036052
-3.595	-0.69038	0.04968
-3.595	-0.66527	0.057354
-3.595	-0.64017	0.055153
-3.595	-0.61506	0.044313
-3.595	-0.58996	0.027895
-3.595	-0.56485	0.011401
-3.595	-0.48954	0.0043494
-3.595	-0.46444	0.0084911
-3.595	-0.43933	0.0094748
-3.595	-0.41423	0.0068233
-3.595	-0.38912	0.0026686
-3.595	-0.31381	0.003392
-3.595	-0.2887	0.0054084
-3.595	-0.2636	0.0050076
-3.595	-0.23849	0.0029301
-3.595	-0.13808	0.0026183
-3.595	-0.11297	0.0031989
-3.595	-0.087866	0.0024527
-3.595	0.51464	0.01104
-3.595	0.53975	0.033087
-3.595	0.56485	0.067759
-3.595	0.58996	0.10897
-3.595	0.61506	0.14643
-3.595	0.64017	0.16385
-3.595	0.66527	0.15645
-3.595	0.69038	0.12552
-3.595	0.71548	0.08138
-3.595	0.74059	0.039644
-3.595	0.76569	0.012689
-3.595	0.8159	0.0021102
-3.595	0.841	0.0074548
-3.595	0.86611	0.010547
-3.595	0.89121	0.008745
-3.595	0.91632	0.0046165
-3.595	1.0167	0.0026469
-3.595	1.0418	0.0029937
-3.595	1.0669	0.002143
-3.595	1.8452	0.0031655
-3.595	1.8703	0.006958
-3.595	1.8954	0.011247
-3.595	1.9205	0.014594
-3.595	1.9456	0.015972
-3.595	1.9707	0.014944
-3.595	1.9958	0.011736
-3.595	2.0209	0.0077359
-3.595	2.046	0.004129
-3.5699	-2.1464	0.0026842
-3.5699	-2.1213	0.0092987
-3.5699	-2.0962	0.020041
-3.5699	-2.0711	0.033146
-3.5699	-2.046	0.044786
-3.5699	-2.0209	0.051066
-3.5699	-1.9958	0.049371
-3.5699	-1.9707	0.040932
-3.5699	-1.9456	0.02814
-3.5699	-1.9205	0.015402
-3.5699	-1.8954	0.0058433
-3.5699	-0.74059	0.0035121
-3.5699	-0.71548	0.0082318
-3.5699	-0.69038	0.013469
-3.5699	-0.66527	0.018433
-3.5699	-0.64017	0.020216
-3.5699	-0.61506	0.017737
-3.5699	-0.58996	0.011354
-3.5699	-0.56485	0.005036
-3.5699	-0.48954	0.0033767
-3.5699	-0.46444	0.0061648
-3.5699	-0.43933	0.0066937
-3.5699	-0.41423	0.0046839
-3.5699	-0.31381	0.003555
-3.5699	-0.2887	0.0053788
-3.5699	-0.2636	0.0048553
-3.5699	-0.23849	0.002707
-3.5699	-0.13808	0.0036256
-3.5699	-0.11297	0.004349
-3.5699	-0.087866	0.0032531
-3.5699	0.012552	0.0020536
-3.5699	0.037657	0.0033045
-3.5699	0.062762	0.0030716
-3.5699	0.51464	0.0032184
-3.5699	0.53975	0.010234
-3.5699	0.56485	0.022553
-3.5699	0.58996	0.044805
-3.5699	0.61506	0.064916
-3.5699	0.64017	0.079257
-3.5699	0.66527	0.081949
-3.5699	0.69038	0.07079
-3.5699	0.71548	0.046061
-3.5699	0.74059	0.023276
-3.5699	0.76569	0.0073927
-3.5699	0.8159	0.0023548
-3.5699	0.841	0.007346
-3.5699	0.86611	0.0099411
-3.5699	0.89121	0.0082213
-3.5699	0.91632	0.0041922
-3.5699	1.0167	0.0035799
-3.5699	1.0418	0.0040112
-3.5699	1.0669	0.0028758
-3.5699	1.8452	0.0022818
-3.5699	1.8703	0.0049714
-3.5699	1.8954	0.0083877
-3.5699	1.9205	0.011265
-3.5699	1.9456	0.012728
-3.5699	1.9707	0.012287
-3.5699	1.9958	0.0099891
-3.5699	2.0209	0.0067021
-3.5699	2.046	0.0036301
-3.5449	-2.1464	0.0032931
-3.5449	-2.1213	0.010608
-3.5449	-2.0962	0.021873
-3.5449	-2.0711	0.035386
-3.5449	-2.046	0.047013
-3.5449	-2.0209	0.053037
-3.5449	-1.9958	0.050648
-3.5449	-1.9707	0.041455
-3.5449	-1.9456	0.02791
-3.5449	-1.9205	0.014857
-3.5449	-1.8954	0.0052428
-3.5449	-1.795	0.0020636
-3.5449	-1.7699	0.0020113
-3.5449	-0.94142	0.001996
-3.5449	-0.8159	0.0020162
-3.5449	-0.79079	0.0044899
-3.5449	-0.76569	0.0048383
-3.5449	-0.74059	0.0047368
-3.5449	-0.71548	0.0027074
-3.5449	-0.64017	0.0019968
-3.5449	-0.61506	0.0023312
-3.5449	-0.58996	0.0022841
-3.5449	-0.46444	0.003177
-3.5449	-0.43933	0.0035643
-3.5449	-0.41423	0.0025515
-3.5449	-0.31381	0.003095
-3.5449	-0.2887	0.0045027
-3.5449	-0.2636	0.0039501
-3.5449	-0.23849	0.0020656
-3.5449	-0.16318	0.0021034
-3.5449	-0.13808	0.0041845
-3.5449	-0.11297	0.0048485
-3.5449	-0.087866	0.003524
-3.5449	0.012552	0.0032289
-3.5449	0.037657	0.0049989
-3.5449	0.062762	0.0046239
-3.5449	0.087866	0.0025732
-3.5449	0.18828	0.0038392
-3.5449	0.21339	0.004575
-3.5449	0.23849	0.003479
-3.5449	0.33891	0.0020162
-3.5449	0.36402	0.0033376
-3.5449	0.38912	0.0030486
-3.5449	0.58996	0.0042302
-3.5449	0.61506	0.0075158
-3.5449	0.64017	0.012568
-3.5449	0.66527	0.017463
-3.5449	0.69038	0.018273
-3.5449	0.71548	0.012975
-3.5449	0.74059	0.0074358
-3.5449	0.841	0.0043092
-3.5449	0.86611	0.0059607
-3.5449	0.89121	0.0049904
-3.5449	0.91632	0.0023033
-3.5449	1.0167	0.0031481
-3.5449	1.0418	0.0034836
-3.5449	1.0669	0.0024436
-3.5449	1.1925	0.0021583
-3.5449	1.8954	0.0031618
-3.5449	1.9205	0.0048382
-3.5449	1.9456	0.0059952
-3.5449	1.9707	0.0062349
-3.5449	1.9958	0.0054861
-3.5449	2.0209	0.0038568
-3.5449	2.046	0.0020824
-3.5198	-2.1464	0.0031804
-3.5198	-2.1213	0.0097846
-3.5198	-2.0962	0.019224
-3.5198	-2.0711	0.030351
-3.5198	-2.046	0.040409
-3.5198	-2.0209	0.045052
-3.5198	-1.9958	0.042574
-3.5198	-1.9707	0.034506
-3.5198	-1.9456	0.022726
-3.5198	-1.9205	0.011568
-3.5198	-1.8954	0.0038499
-3.5198	-1.795	0.0021501
-3.5198	-0.99163	0.0020168
-3.5198	-0.96653	0.0044318
-3.5198	-0.94142	0.0056782
-3.5198	-0.91632	0.0044519
-3.5198	-0.841	0.0042347
-3.5198	-0.8159	0.012532
-3.5198	-0.79079	0.02858
-3.5198	-0.76569	0.04005
-3.5198	-0.74059	0.050628
-3.5198	-0.71548	0.049274
-3.5198	-0.69038	0.03955
-3.5198	-0.66527	0.025789
-3.5198	-0.64017	0.012628
-3.5198	-0.61506	0.0055594
-3.5198	-0.31381	0.0020463
-3.5198	-0.2887	0.0029825
-3.5198	-0.2636	0.00261
-3.5198	-0.16318	0.0022847
-3.5198	-0.13808	0.0043068
-3.5198	-0.11297	0.0048974
-3.5198	-0.087866	0.0034299
-3.5198	0.012552	0.0046484
-3.5198	0.037657	0.0067662
-3.5198	0.062762	0.0060736
-3.5198	0.087866	0.0031633
-3.5198	0.16318	0.003578
-3.5198	0.18828	0.007093
-3.5198	0.21339	0.0085016
-3.5198	0.23849	0.006162
-3.5198	0.2636	0.002227
-3.5198	0.31381	0.002326
-3.5198	0.33891	0.0068292
-3.5198	0.36402	0.010557
-3.5198	0.38912	0.010429
-3.5198	0.41423	0.0062252
-3.5198	0.48954	0.0058146
-3.5198	0.51464	0.01434
-3.5198	0.53975	0.025311
-3.5198	0.56485	0.028806
-3.5198	0.58996	0.025467
-3.5198	0.61506	0.017559
-3.5198	0.64017	0.0078801
-3.5198	0.66527	0.0033583
-3.5198	0.86611	0.0022643
-3.5198	0.89121	0.0020436
-3.5198	1.0167	0.0021608
-3.5198	1.0418	0.0023802
-3.5198	1.1925	0.00206
-3.4948	-2.1464	0.0026612
-3.4948	-2.1213	0.007629
-3.4948	-2.0962	0.014628
-3.4948	-2.0711	0.022663
-3.4948	-2.046	0.029769
-3.4948	-2.0209	0.032864
-3.4948	-1.9958	0.030856
-3.4948	-1.9707	0.024523
-3.4948	-1.9456	0.015742
-3.4948	-1.9205	0.0077197
-3.4948	-1.8954	0.0022883
-3.4948	-1.1172	0.0024787
-3.4948	-1.0921	0.0023215
-3.4948	-0.99163	0.0039392
-3.4948	-0.96653	0.0081918
-3.4948	-0.94142	0.010282
-3.4948	-0.91632	0.0077934
-3.4948	-0.89121	0.0025788
-3.4948	-0.841	0.0095202
-3.4948	-0.8159	0.036302
-3.4948	-0.79079	0.077067
-3.4948	-0.76569	0.12715
-3.4948	-0.74059	0.16042
-3.4948	-0.71548	0.17016
-3.4948	-0.69038	0.15449
-3.4948	-0.66527	0.1188
-3.4948	-0.64017	0.070975
-3.4948	-0.61506	0.035978
-3.4948	-0.58996	0.012122
-3.4948	-0.56485	0.0028044
-3.4948	-0.13808	0.0030294
-3.4948	-0.11297	0.0035212
-3.4948	-0.087866	0.0024873
-3.4948	0.012552	0.0050803
-3.4948	0.037657	0.0072481
-3.4948	0.062762	0.0062849
-3.4948	0.087866	0.003108
-3.4948	0.16318	0.005787
-3.4948	0.18828	0.010894
-3.4948	0.21339	0.012618
-3.4948	0.23849	0.0089821
-3.4948	0.2636	0.0030449
-3.4948	0.31381	0.0047253
-3.4948	0.33891	0.015072
-3.4948	0.36402	0.022814
-3.4948	0.38912	0.022205
-3.4948	0.41423	0.012745
-3.4948	0.43933	0.0024915
-3.4948	0.46444	0.0042162
-3.4948	0.48954	0.023561
-3.4948	0.51464	0.060067
-3.4948	0.53975	0.11008
-3.4948	0.56485	0.1397
-3.4948	0.58996	0.14927
-3.4948	0.61506	0.134
-3.4948	0.64017	0.095618
-3.4948	0.66527	0.061762
-3.4948	0.69038	0.031181
-3.4948	0.71548	0.0092194
-3.4948	0.74059	0.0022624
-3.4948	1.8703	0.0020085
-3.4697	-2.1464	0.0022602
-3.4697	-2.1213	0.00595
-3.4697	-2.0962	0.011467
-3.4697	-2.0711	0.017579
-3.4697	-2.046	0.022771
-3.4697	-2.0209	0.024947
-3.4697	-1.9958	0.023061
-3.4697	-1.9707	0.018125
-3.4697	-1.9456	0.011507
-3.4697	-1.9205	0.0053361
-3.4697	-1.1423	0.002218
-3.4697	-1.1172	0.0031123
-3.4697	-1.0921	0.0027049
-3.4697	-0.99163	0.0064008
-3.4697	-0.96653	0.011956
-3.4697	-0.94142	0.014456
-3.4697	-0.91632	0.010469
-3.4697	-0.89121	0.0029086
-3.4697	-0.841	0.021258
-3.4697	-0.8159	0.072959
-3.4697	-0.79079	0.14716
-3.4697	-0.76569	0.24017
-3.4697	-0.74059	0.30924
-3.4697	-0.71548	0.33508
-3.4697	-0.69038	0.31252
-3.4697	-0.66527	0.24708
-3.4697	-0.64017	0.16518
-3.4697	-0.61506	0.082717
-3.4697	-0.58996	0.032435
-3.4697	-0.56485	0.0048179
-3.4697	-0.51464	0.0042214
-3.4697	-0.48954	0.007907
-3.4697	-0.46444	0.0072263
-3.4697	-0.43933	0.0037082
-3.4697	0.012552	0.0031678
-3.4697	0.037657	0.0045222
-3.4697	0.062762	0.0038559
-3.4697	0.16318	0.0058508
-3.4697	0.18828	0.010727
-3.4697	0.21339	0.012007
-3.4697	0.23849	0.0080877
-3.4697	0.2636	0.0024536
-3.4697	0.31381	0.0077917
-3.4697	0.33891	0.021077
-3.4697	0.36402	0.03144
-3.4697	0.38912	0.02962
-3.4697	0.41423	0.01584
-3.4697	0.43933	0.0023786
-3.4697	0.46444	0.01079
-3.4697	0.48954	0.053731
-3.4697	0.51464	0.14354
-3.4697	0.53975	0.24512
-3.4697	0.56485	0.33197
-3.4697	0.58996	0.3704
-3.4697	0.61506	0.35578
-3.4697	0.64017	0.28856
-3.4697	0.66527	0.19139
-3.4697	0.69038	0.10961
-3.4697	0.71548	0.042463
-3.4697	0.74059	0.011008
-3.4697	0.8159	0.0026681
-3.4697	0.841	0.002807
-3.4697	1.5188	0.0020993
-3.4697	1.6695	0.0021865
-3.4697	1.6946	0.0025799
-3.4697	1.8201	0.0030783
-3.4697	1.8452	0.006045
-3.4697	1.8703	0.0080632
-3.4697	1.8954	0.008976
-3.4697	1.9205	0.0078996
-3.4697	1.9456	0.0060009
-3.4697	1.9707	0.0036108
-3.4447	-2.1213	0.004803
-3.4447	-2.0962	0.0089902
-3.4447	-2.0711	0.013838
-3.4447	-2.046	0.017867
-3.4447	-2.0209	0.019686
-3.4447	-1.9958	0.018212
-3.4447	-1.9707	0.014141
-3.4447	-1.9456	0.0087811
-3.4447	-1.9205	0.0039925
-3.4447	-1.1423	0.0031774
-3.4447	-1.1172	0.004176
-3.4447	-1.0921	0.003316
-3.4447	-1.0167	0.0033959
-3.4447	-0.99163	0.010367
-3.4447	-0.96653	0.018266
-3.4447	-0.94142	0.020504
-3.4447	-0.91632	0.013114
-3.4447	-0.89121	0.0026334
-3.4447	-0.86611	0.0043629
-3.4447	-0.841	0.046729
-3.4447	-0.8159	0.13179
-3.4447	-0.79079	0.26776
-3.4447	-0.76569	0.41907
-3.4447	-0.74059	0.53841
-3.4447	-0.71548	0.58327
-3.4447	-0.69038	0.54364
-3.4447	-0.66527	0.43628
-3.4447	-0.64017	0.27965
-3.4447	-0.61506	0.14285
-3.4447	-0.58996	0.052913
-3.4447	-0.56485	0.0068624
-3.4447	-0.53975	0.0020795
-3.4447	-0.51464	0.013415
-3.4447	-0.48954	0.021269
-3.4447	-0.46444	0.019211
-3.4447	-0.43933	0.011452
-3.4447	-0.41423	0.0033476
-3.4447	-0.33891	0.0029709
-3.4447	-0.31381	0.0036985
-3.4447	-0.2887	0.0027147
-3.4447	0.16318	0.0035023
-3.4447	0.18828	0.0062553
-3.4447	0.21339	0.0070747
-3.4447	0.23849	0.0046597
-3.4447	0.31381	0.0077208
-3.4447	0.33891	0.018525
-3.4447	0.36402	0.027281
-3.4447	0.38912	0.024748
-3.4447	0.41423	0.011972
-3.4447	0.46444	0.015843
-3.4447	0.48954	0.072591
-3.4447	0.51464	0.18025
-3.4447	0.53975	0.31464
-3.4447	0.56485	0.43357
-3.4447	0.58996	0.50191
-3.4447	0.61506	0.49719
-3.4447	0.64017	0.41376
-3.4447	0.66527	0.29057
-3.4447	0.69038	0.16667
-3.4447	0.71548	0.073334
-3.4447	0.74059	0.017286
-3.4447	0.79079	0.0033282
-3.4447	0.8159	0.00864
-3.4447	0.841	0.010012
-3.4447	0.86611	0.0071918
-3.4447	0.89121	0.0033272
-3.4447	1.5188	0.0020114
-3.4447	1.6695	0.0031921
-3.4447	1.6946	0.0036284
-3.4447	1.7197	0.0025359
-3.4447	1.795	0.0021559
-3.4447	1.8201	0.0074894
-3.4447	1.8452	0.013851
-3.4447	1.8703	0.019599
-3.4447	1.8954	0.022348
-3.4447	1.9205	0.021171
-3.4447	1.9456	0.016777
-3.4447	1.9707	0.011436
-3.4447	1.9958	0.0065921
-3.4447	2.0209	0.0026804
-3.4196	-2.1213	0.0026091
-3.4196	-2.0962	0.0051783
-3.4196	-2.0711	0.0083864
-3.4196	-2.046	0.011055
-3.4196	-2.0209	0.012505
-3.4196	-1.9958	0.011846
-3.4196	-1.9707	0.0092862
-3.4196	-1.9456	0.0057488
-3.4196	-1.9205	0.0024399
-3.4196	-1.1674	0.0025315
-3.4196	-1.1423	0.0049795
-3.4196	-1.1172	0.0060275
-3.4196	-1.0921	0.004377
-3.4196	-1.0167	0.0067093
-3.4196	-0.99163	0.018377
-3.4196	-0.96653	0.029911
-3.4196	-0.94142	0.031493
-3.4196	-0.91632	0.018466
-3.4196	-0.89121	0.00273
-3.4196	-0.86611	0.012813
-3.4196	-0.841	0.097913
-3.4196	-0.8159	0.26072
-3.4196	-0.79079	0.50843
-3.4196	-0.76569	0.77102
-3.4196	-0.74059	0.99055
-3.4196	-0.71548	1.0621
-3.4196	-0.69038	0.9823
-3.4196	-0.66527	0.77249
-3.4196	-0.64017	0.50297
-3.4196	-0.61506	0.24564
-3.4196	-0.58996	0.083314
-3.4196	-0.56485	0.0089736
-3.4196	-0.53975	0.0074621
-3.4196	-0.51464	0.033587
-3.4196	-0.48954	0.050001
-3.4196	-0.46444	0.04365
-3.4196	-0.43933	0.024793
-3.4196	-0.41423	0.006691
-3.4196	-0.36402	0.004249
-3.4196	-0.33891	0.010464
-3.4196	-0.31381	0.012772
-3.4196	-0.2887	0.0097702
-3.4196	-0.2636	0.0044398
-3.4196	-0.16318	0.0030136
-3.4196	-0.13808	0.0025647
-3.4196	0.18828	0.0021422
-3.4196	0.21339	0.0026401
-3.4196	0.31381	0.0052186
-3.4196	0.33891	0.012424
-3.4196	0.36402	0.018005
-3.4196	0.38912	0.015835
-3.4196	0.41423	0.0066948
-3.4196	0.46444	0.017856
-3.4196	0.48954	0.073659
-3.4196	0.51464	0.17809
-3.4196	0.53975	0.30813
-3.4196	0.56485	0.42972
-3.4196	0.58996	0.50286
-3.4196	0.61506	0.50504
-3.4196	0.64017	0.42588
-3.4196	0.66527	0.30412
-3.4196	0.69038	0.17535
-3.4196	0.71548	0.075238
-3.4196	0.74059	0.01625
-3.4196	0.79079	0.0061563
-3.4196	0.8159	0.014547
-3.4196	0.841	0.016569
-3.4196	0.86611	0.012029
-3.4196	0.89121	0.0052436
-3.4196	0.99163	0.0028745
-3.4196	1.0167	0.0026004
-3.4196	1.6695	0.0026553
-3.4196	1.6946	0.0029655
-3.4196	1.7197	0.002002
-3.4196	1.795	0.003273
-3.4196	1.8201	0.009746
-3.4196	1.8452	0.018432
-3.4196	1.8703	0.026506
-3.4196	1.8954	0.031432
-3.4196	1.9205	0.030905
-3.4196	1.9456	0.02594
-3.4196	1.9707	0.018391
-3.4196	1.9958	0.010841
-3.4196	2.0209	0.0048146
-3.3946	-2.0711	0.0021271
-3.3946	-2.046	0.003121
-3.3946	-2.0209	0.0038743
-3.3946	-1.9958	0.0039084
-3.3946	-1.9707	0.0032837
-3.3946	-1.9456	0.0020642
-3.3946	-1.1674	0.0037613
-3.3946	-1.1423	0.00691
-3.3946	-1.1172	0.0079411
-3.3946	-1.0921	0.0051873
-3.3946	-1.0167	0.012032
-3.3946	-0.99163	0.030896
-3.3946	-0.96653	0.046804
-3.3946	-0.94142	0.046139
-3.3946	-0.91632	0.023436
-3.3946	-0.89121	0.0031631
-3.3946	-0.86611	0.033543
-3.3946	-0.841	0.19594
-3.3946	-0.8159	0.50847
-3.3946	-0.79079	0.9523
-3.3946	-0.76569	1.4285
-3.3946	-0.74059	1.8118
-3.3946	-0.71548	1.9273
-3.3946	-0.69038	1.7738
-3.3946	-0.66527	1.3765
-3.3946	-0.64017	0.87022
-3.3946	-0.61506	0.41271
-3.3946	-0.58996	0.12657
-3.3946	-0.56485	0.011354
-3.3946	-0.53975	0.023662
-3.3946	-0.51464	0.080083
-3.3946	-0.48954	0.1123
-3.3946	-0.46444	0.093593
-3.3946	-0.43933	0.049032
-3.3946	-0.41423	0.011274
-3.3946	-0.36402	0.013992
-3.3946	-0.33891	0.030731
-3.3946	-0.31381	0.035486
-3.3946	-0.2887	0.026368
-3.3946	-0.2636	0.010936
-3.3946	-0.18828	0.0081365
-3.3946	-0.16318	0.012993
-3.3946	-0.13808	0.011783
-3.3946	-0.11297	0.0066528
-3.3946	-0.012552	0.0033735
-3.3946	0.012552	0.0036865
-3.3946	0.037657	0.0024695
-3.3946	0.31381	0.0022316
-3.3946	0.33891	0.0055862
-3.3946	0.36402	0.0085794
-3.3946	0.38912	0.0076234
-3.3946	0.41423	0.0028434
-3.3946	0.46444	0.017029
-3.3946	0.48954	0.065142
-3.3946	0.51464	0.15584
-3.3946	0.53975	0.2721
-3.3946	0.56485	0.38538
-3.3946	0.58996	0.45852
-3.3946	0.61506	0.46767
-3.3946	0.64017	0.39899
-3.3946	0.66527	0.28677
-3.3946	0.69038	0.16449
-3.3946	0.71548	0.068515
-3.3946	0.74059	0.012725
-3.3946	0.79079	0.0094518
-3.3946	0.8159	0.02006
-3.3946	0.841	0.021844
-3.3946	0.86611	0.01546
-3.3946	0.89121	0.0064109
-3.3946	0.96653	0.0033417
-3.3946	0.99163	0.005476
-3.3946	1.0167	0.0050345
-3.3946	1.0418	0.0029291
-3.3946	1.795	0.0027237
-3.3946	1.8201	0.0077554
-3.3946	1.8452	0.014661
-3.3946	1.8703	0.02149
-3.3946	1.8954	0.02607
-3.3946	1.9205	0.026348
-3.3946	1.9456	0.022734
-3.3946	1.9707	0.016592
-3.3946	1.9958	0.0099365
-3.3946	2.0209	0.0045581
-3.3695	-1.1674	0.0035804
-3.3695	-1.1423	0.0062289
-3.3695	-1.1172	0.006748
-3.3695	-1.0921	0.0040067
-3.3695	-1.0418	0.0026252
-3.3695	-1.0167	0.01468
-3.3695	-0.99163	0.034567
-3.3695	-0.96653	0.049886
-3.3695	-0.94142	0.046211
-3.3695	-0.91632	0.020078
-3.3695	-0.89121	0.0042017
-3.3695	-0.86611	0.059579
-3.3695	-0.841	0.28723
-3.3695	-0.8159	0.70728
-3.3695	-0.79079	1.306
-3.3695	-0.76569	1.9526
-3.3695	-0.74059	2.4706
-3.3695	-0.71548	2.63
-3.3695	-0.69038	2.4188
-3.3695	-0.66527	1.8711
-3.3695	-0.64017	1.1704
-3.3695	-0.61506	0.53317
-3.3695	-0.58996	0.14744
-3.3695	-0.56485	0.011261
-3.3695	-0.53975	0.055355
-3.3695	-0.51464	0.15283
-3.3695	-0.48954	0.19983
-3.3695	-0.46444	0.15968
-3.3695	-0.43933	0.078891
-3.3695	-0.41423	0.014082
-3.3695	-0.38912	0.0058561
-3.3695	-0.36402	0.036073
-3.3695	-0.33891	0.070882
-3.3695	-0.31381	0.07812
-3.3695	-0.2887	0.055249
-3.3695	-0.2636	0.021441
-3.3695	-0.21339	0.0069018
-3.3695	-0.18828	0.025311
-3.3695	-0.16318	0.039058
-3.3695	-0.13808	0.034802
-3.3695	-0.11297	0.019075
-3.3695	-0.087866	0.0044321
-3.3695	-0.037657	0.0076565
-3.3695	-0.012552	0.016468
-3.3695	0.012552	0.018933
-3.3695	0.037657	0.013641
-3.3695	0.062762	0.0058129
-3.3695	0.13808	0.0040392
-3.3695	0.16318	0.0059053
-3.3695	0.18828	0.0048212
-3.3695	0.21339	0.0024496
-3.3695	0.46444	0.0099881
-3.3695	0.48954	0.039138
-3.3695	0.51464	0.10222
-3.3695	0.53975	0.19242
-3.3695	0.56485	0.28859
-3.3695	0.58996	0.36137
-3.3695	0.61506	0.38531
-3.3695	0.64017	0.33959
-3.3695	0.66527	0.24855
-3.3695	0.69038	0.14364
-3.3695	0.71548	0.057862
-3.3695	0.74059	0.008855
-3.3695	0.76569	0.0019958
-3.3695	0.79079	0.013694
-3.3695	0.8159	0.026055
-3.3695	0.841	0.027186
-3.3695	0.86611	0.018462
-3.3695	0.89121	0.0070966
-3.3695	0.96653	0.0059193
-3.3695	0.99163	0.0090357
-3.3695	1.0167	0.0081024
-3.3695	1.0418	0.0045173
-3.3695	1.1423	0.0026562
-3.3695	1.1674	0.0031039
-3.3695	1.1925	0.0023009
-3.3695	1.8201	0.0043887
-3.3695	1.8452	0.0084731
-3.3695	1.8703	0.012865
-3.3695	1.8954	0.01613
-3.3695	1.9205	0.016782
-3.3695	1.9456	0.014839
-3.3695	1.9707	0.011079
-3.3695	1.9958	0.0067076
-3.3695	2.0209	0.0030624
-3.3445	-1.1674	0.0023445
-3.3445	-1.1423	0.00376
-3.3445	-1.1172	0.0038621
-3.3445	-1.0921	0.0020387
-3.3445	-1.0418	0.002541
-3.3445	-1.0167	0.011499
-3.3445	-0.99163	0.025076
-3.3445	-0.96653	0.034178
-3.3445	-0.94142	0.029407
-3.3445	-0.91632	0.010514
-3.3445	-0.89121	0.0052452
-3.3445	-0.86611	0.061467
-3.3445	-0.841	0.26019
-3.3445	-0.8159	0.6268
-3.3445	-0.79079	1.119
-3.3445	-0.76569	1.6658
-3.3445	-0.74059	2.1047
-3.3445	-0.71548	2.2349
-3.3445	-0.69038	2.0455
-3.3445	-0.66527	1.5711
-3.3445	-0.64017	0.97131
-3.3445	-0.61506	0.42097
-3.3445	-0.58996	0.10542
-3.3445	-0.56485	0.0083716
-3.3445	-0.53975	0.075211
-3.3445	-0.51464	0.17542
-3.3445	-0.48954	0.21697
-3.3445	-0.46444	0.16494
-3.3445	-0.43933	0.074662
-3.3445	-0.41423	0.0097645
-3.3445	-0.38912	0.010848
-3.3445	-0.36402	0.055116
-3.3445	-0.33891	0.098717
-3.3445	-0.31381	0.10436
-3.3445	-0.2887	0.070314
-3.3445	-0.2636	0.024328
-3.3445	-0.21339	0.015487
-3.3445	-0.18828	0.047562
-3.3445	-0.16318	0.069404
-3.3445	-0.13808	0.059573
-3.3445	-0.11297	0.031645
-3.3445	-0.087866	0.0059214
-3.3445	-0.062762	0.0032178
-3.3445	-0.037657	0.020465
-3.3445	-0.012552	0.041762
-3.3445	0.012552	0.047582
-3.3445	0.037657	0.034679
-3.3445	0.062762	0.013314
-3.3445	0.11297	0.0050536
-3.3445	0.13808	0.019072
-3.3445	0.16318	0.02904
-3.3445	0.18828	0.02633
-3.3445	0.21339	0.014485
-3.3445	0.23849	0.0036685
-3.3445	0.2887	0.0051048
-3.3445	0.31381	0.011245
-3.3445	0.33891	0.011733
-3.3445	0.36402	0.0071154
-3.3445	0.38912	0.0031904
-3.3445	0.48954	0.0038616
-3.3445	0.51464	0.018471
-3.3445	0.53975	0.046265
-3.3445	0.56485	0.092657
-3.3445	0.58996	0.1478
-3.3445	0.61506	0.18612
-3.3445	0.64017	0.18725
-3.3445	0.66527	0.15043
-3.3445	0.69038	0.090892
-3.3445	0.71548	0.038012
-3.3445	0.74059	0.0044839
-3.3445	0.76569	0.0028793
-3.3445	0.79079	0.016262
-3.3445	0.8159	0.028657
-3.3445	0.841	0.029282
-3.3445	0.86611	0.019307
-3.3445	0.89121	0.0069351
-3.3445	0.94142	0.002863
-3.3445	0.96653	0.0093376
-3.3445	0.99163	0.013478
-3.3445	1.0167	0.011726
-3.3445	1.0418	0.0062044
-3.3445	1.1172	0.0026115
-3.3445	1.1423	0.0054248
-3.3445	1.1674	0.0060922
-3.3445	1.1925	0.0044174
-3.3445	1.318	0.002779
-3.3445	1.3431	0.0024937
-3.3445	1.8452	0.0031919
-3.3445	1.8703	0.0054544
-3.3445	1.8954	0.007434
-3.3445	1.9205	0.0083581
-3.3445	1.9456	0.0077883
-3.3445	1.9707	0.0061948
-3.3445	1.9958	0.0037907
-3.3194	-1.1423	0.0020763
-3.3194	-1.0418	0.002097
-3.3194	-1.0167	0.0082534
-3.3194	-0.99163	0.016213
-3.3194	-0.96653	0.020811
-3.3194	-0.94142	0.016209
-3.3194	-0.91632	0.00511
-3.3194	-0.89121	0.0057919
-3.3194	-0.86611	0.05351
-3.3194	-0.841	0.20055
-3.3194	-0.8159	0.46532
-3.3194	-0.79079	0.80957
-3.3194	-0.76569	1.1983
-3.3194	-0.74059	1.4826
-3.3194	-0.71548	1.5558
-3.3194	-0.69038	1.4037
-3.3194	-0.66527	1.066
-3.3194	-0.64017	0.63773
-3.3194	-0.61506	0.25549
-3.3194	-0.58996	0.051288
-3.3194	-0.56485	0.010814
-3.3194	-0.53975	0.073161
-3.3194	-0.51464	0.15159
-3.3194	-0.48954	0.17317
-3.3194	-0.46444	0.12544
-3.3194	-0.43933	0.051851
-3.3194	-0.41423	0.0043453
-3.3194	-0.38912	0.014466
-3.3194	-0.36402	0.057628
-3.3194	-0.33891	0.094268
-3.3194	-0.31381	0.094412
-3.3194	-0.2887	0.059332
-3.3194	-0.2636	0.018386
-3.3194	-0.21339	0.021358
-3.3194	-0.18828	0.055971
-3.3194	-0.16318	0.076832
-3.3194	-0.13808	0.06296
-3.3194	-0.11297	0.030386
-3.3194	-0.087866	0.0044831
-3.3194	-0.062762	0.0063033
-3.3194	-0.037657	0.031796
-3.3194	-0.012552	0.059013
-3.3194	0.012552	0.064827
-3.3194	0.037657	0.045452
-3.3194	0.062762	0.016058
-3.3194	0.11297	0.012269
-3.3194	0.13808	0.038996
-3.3194	0.16318	0.058124
-3.3194	0.18828	0.051702
-3.3194	0.21339	0.029291
-3.3194	0.23849	0.0061817
-3.3194	0.2636	0.0035107
-3.3194	0.2887	0.02027
-3.3194	0.31381	0.044675
-3.3194	0.33891	0.053336
-3.3194	0.36402	0.041291
-3.3194	0.38912	0.01824
-3.3194	0.43933	0.010818
-3.3194	0.46444	0.027717
-3.3194	0.48954	0.055952
-3.3194	0.51464	0.065977
-3.3194	0.53975	0.05242
-3.3194	0.56485	0.032715
-3.3194	0.58996	0.01172
-3.3194	0.61506	0.0098456
-3.3194	0.64017	0.018221
-3.3194	0.66527	0.021896
-3.3194	0.69038	0.01976
-3.3194	0.71548	0.0075665
-3.3194	0.79079	0.010252
-3.3194	0.8159	0.01748
-3.3194	0.841	0.018356
-3.3194	0.86611	0.012543
-3.3194	0.89121	0.0045187
-3.3194	0.94142	0.0033883
-3.3194	0.96653	0.010209
-3.3194	0.99163	0.014291
-3.3194	1.0167	0.012201
-3.3194	1.0418	0.0063188
-3.3194	1.1172	0.0043063
-3.3194	1.1423	0.008317
-3.3194	1.1674	0.0091846
-3.3194	1.1925	0.0064597
-3.3194	1.2176	0.0023386
-3.3194	1.2929	0.0038966
-3.3194	1.318	0.0058824
-3.3194	1.3431	0.0050907
-3.3194	1.3682	0.0028943
-3.3194	1.4686	0.0027123
-3.3194	1.4937	0.0030445
-3.3194	1.5188	0.0022257
-3.3194	1.9456	0.0021965
-3.3194	1.9707	0.0020898
-3.2944	-2.0962	0.002323
-3.2944	-2.0711	0.0025331
-3.2944	-2.046	0.0023568
-3.2944	-1.0167	0.0058943
-3.2944	-0.99163	0.010892
-3.2944	-0.96653	0.013064
-3.2944	-0.94142	0.0091542
-3.2944	-0.89121	0.0066394
-3.2944	-0.86611	0.047566
-3.2944	-0.841	0.16576
-3.2944	-0.8159	0.3561
-3.2944	-0.79079	0.6134
-3.2944	-0.76569	0.8891
-3.2944	-0.74059	1.0838
-3.2944	-0.71548	1.1203
-3.2944	-0.69038	0.99387
-3.2944	-0.66527	0.73528
-3.2944	-0.64017	0.41455
-3.2944	-0.61506	0.1578
-3.2944	-0.58996	0.024946
-3.2944	-0.56485	0.013352
-3.2944	-0.53975	0.070891
-3.2944	-0.51464	0.12631
-3.2944	-0.48954	0.1366
-3.2944	-0.46444	0.091317
-3.2944	-0.43933	0.032383
-3.2944	-0.38912	0.017505
-3.2944	-0.36402	0.057124
-3.2944	-0.33891	0.085831
-3.2944	-0.31381	0.080053
-3.2944	-0.2887	0.04603
-3.2944	-0.2636	0.011287
-3.2944	-0.23849	0.0029919
-3.2944	-0.21339	0.025568
-3.2944	-0.18828	0.058712
-3.2944	-0.16318	0.07471
-3.2944	-0.13808	0.057384
-3.2944	-0.11297	0.024893
-3.2944	-0.087866	0.0025263
-3.2944	-0.062762	0.0097729
-3.2944	-0.037657	0.039818
-3.2944	-0.012552	0.067354
-3.2944	0.012552	0.070632
-3.2944	0.037657	0.045899
-3.2944	0.062762	0.014098
-3.2944	0.11297	0.021309
-3.2944	0.13808	0.055201
-3.2944	0.16318	0.079186
-3.2944	0.18828	0.067404
-3.2944	0.21339	0.034615
-3.2944	0.23849	0.0057266
-3.2944	0.2636	0.0086884
-3.2944	0.2887	0.041657
-3.2944	0.31381	0.085328
-3.2944	0.33891	0.10165
-3.2944	0.36402	0.076894
-3.2944	0.38912	0.031918
-3.2944	0.43933	0.040012
-3.2944	0.46444	0.12324
-3.2944	0.48954	0.25622
-3.2944	0.51464	0.3708
-3.2944	0.53975	0.404
-3.2944	0.56485	0.3692
-3.2944	0.58996	0.28296
-3.2944	0.61506	0.1676
-3.2944	0.64017	0.090357
-3.2944	0.66527	0.033698
-3.2944	0.69038	0.0056016
-3.2944	0.8159	0.0025392
-3.2944	0.841	0.0035499
-3.2944	0.86611	0.0029317
-3.2944	0.96653	0.0054097
-3.2944	0.99163	0.0075719
-3.2944	1.0167	0.0067826
-3.2944	1.0418	0.0030549
-3.2944	1.1172	0.0039896
-3.2944	1.1423	0.0072394
-3.2944	1.1674	0.0079276
-3.2944	1.1925	0.0055099
-3.2944	1.2929	0.0052024
-3.2944	1.318	0.0074573
-3.2944	1.3431	0.006436
-3.2944	1.3682	0.0033602
-3.2944	1.4435	0.0026143
-3.2944	1.4686	0.0051689
-3.2944	1.4937	0.0058414
-3.2944	1.5188	0.0042062
-3.2944	1.6192	0.0028554
-3.2944	1.6444	0.004646
-3.2944	1.6695	0.0042109
-3.2944	1.6946	0.0024348
-3.2944	1.795	0.0044415
-3.2944	1.8201	0.0060973
-3.2944	1.8452	0.0063883
-3.2944	1.8703	0.0050873
-3.2944	1.8954	0.0033932
-3.2693	-2.1213	0.0022095
-3.2693	-2.0962	0.0029633
-3.2693	-2.0711	0.0032987
-3.2693	-2.046	0.0031643
-3.2693	-2.0209	0.0025667
-3.2693	-1.0167	0.0044068
-3.2693	-0.99163	0.0077739
-3.2693	-0.96653	0.008654
-3.2693	-0.94142	0.0054089
-3.2693	-0.89121	0.0077069
-3.2693	-0.86611	0.045383
-3.2693	-0.841	0.14234
-3.2693	-0.8159	0.30409
-3.2693	-0.79079	0.51173
-3.2693	-0.76569	0.72163
-3.2693	-0.74059	0.87667
-3.2693	-0.71548	0.89322
-3.2693	-0.69038	0.78069
-3.2693	-0.66527	0.56107
-3.2693	-0.64017	0.30497
-3.2693	-0.61506	0.10473
-3.2693	-0.58996	0.012464
-3.2693	-0.56485	0.018007
-3.2693	-0.53975	0.073217
-3.2693	-0.51464	0.11739
-3.2693	-0.48954	0.1187
-3.2693	-0.46444	0.073606
-3.2693	-0.43933	0.023305
-3.2693	-0.38912	0.022454
-3.2693	-0.36402	0.060943
-3.2693	-0.33891	0.084027
-3.2693	-0.31381	0.073675
-3.2693	-0.2887	0.038182
-3.2693	-0.2636	0.0081163
-3.2693	-0.23849	0.0052387
-3.2693	-0.21339	0.032244
-3.2693	-0.18828	0.064907
-3.2693	-0.16318	0.077302
-3.2693	-0.13808	0.054993
-3.2693	-0.11297	0.02091
-3.2693	-0.062762	0.014939
-3.2693	-0.037657	0.051101
-3.2693	-0.012552	0.079284
-3.2693	0.012552	0.077895
-3.2693	0.037657	0.04618
-3.2693	0.062762	0.011681
-3.2693	0.087866	0.0033563
-3.2693	0.11297	0.032368
-3.2693	0.13808	0.077848
-3.2693	0.16318	0.10287
-3.2693	0.18828	0.084333
-3.2693	0.21339	0.038668
-3.2693	0.23849	0.0049016
-3.2693	0.2636	0.015642
-3.2693	0.2887	0.073179
-3.2693	0.31381	0.13523
-3.2693	0.33891	0.15648
-3.2693	0.36402	0.1127
-3.2693	0.38912	0.040896
-3.2693	0.41423	0.0026295
-3.2693	0.43933	0.097824
-3.2693	0.46444	0.29697
-3.2693	0.48954	0.60066
-3.2693	0.51464	0.89696
-3.2693	0.53975	1.0481
-3.2693	0.56485	1.025
-3.2693	0.58996	0.86681
-3.2693	0.61506	0.60567
-3.2693	0.64017	0.37129
-3.2693	0.66527	0.17004
-3.2693	0.69038	0.057462
-3.2693	0.71548	0.0087011
-3.2693	0.79079	0.0034658
-3.2693	0.8159	0.0026168
-3.2693	1.1423	0.0035275
-3.2693	1.1674	0.0039017
-3.2693	1.1925	0.002669
-3.2693	1.2929	0.0039517
-3.2693	1.318	0.0054263
-3.2693	1.3431	0.0046554
-3.2693	1.3682	0.0021889
-3.2693	1.4435	0.0029291
-3.2693	1.4686	0.0054874
-3.2693	1.4937	0.0060648
-3.2693	1.5188	0.0042611
-3.2693	1.6192	0.0048312
-3.2693	1.6444	0.007394
-3.2693	1.6695	0.0067871
-3.2693	1.6946	0.003836
-3.2693	1.7699	0.0049871
-3.2693	1.795	0.012466
-3.2693	1.8201	0.02101
-3.2693	1.8452	0.02544
-3.2693	1.8703	0.025161
-3.2693	1.8954	0.02092
-3.2693	1.9205	0.014088
-3.2693	1.9456	0.0085317
-3.2693	1.9707	0.0036014
-3.2443	-2.0962	0.0023054
-3.2443	-2.0711	0.0026302
-3.2443	-2.046	0.002584
-3.2443	-2.0209	0.0021441
-3.2443	-1.0167	0.0030637
-3.2443	-0.99163	0.0051751
-3.2443	-0.96653	0.0055073
-3.2443	-0.94142	0.0030775
-3.2443	-0.89121	0.0085034
-3.2443	-0.86611	0.043278
-3.2443	-0.841	0.12853
-3.2443	-0.8159	0.26904
-3.2443	-0.79079	0.4488
-3.2443	-0.76569	0.63184
-3.2443	-0.74059	0.75938
-3.2443	-0.71548	0.76754
-3.2443	-0.69038	0.66338
-3.2443	-0.66527	0.46619
-3.2443	-0.64017	0.24391
-3.2443	-0.61506	0.074397
-3.2443	-0.58996	0.008318
-3.2443	-0.56485	0.025317
-3.2443	-0.53975	0.082414
-3.2443	-0.51464	0.12188
-3.2443	-0.48954	0.11409
-3.2443	-0.46444	0.065672
-3.2443	-0.43933	0.01725
-3.2443	-0.38912	0.030962
-3.2443	-0.36402	0.07258
-3.2443	-0.33891	0.092841
-3.2443	-0.31381	0.075976
-3.2443	-0.2887	0.034949
-3.2443	-0.2636	0.0058271
-3.2443	-0.23849	0.009098
-3.2443	-0.21339	0.044814
-3.2443	-0.18828	0.080795
-3.2443	-0.16318	0.089774
-3.2443	-0.13808	0.058764
-3.2443	-0.11297	0.019088
-3.2443	-0.062762	0.027265
-3.2443	-0.037657	0.072441
-3.2443	-0.012552	0.10401
-3.2443	0.012552	0.09491
-3.2443	0.037657	0.050979
-3.2443	0.062762	0.010188
-3.2443	0.087866	0.0085317
-3.2443	0.11297	0.056471
-3.2443	0.13808	0.11511
-3.2443	0.16318	0.14405
-3.2443	0.18828	0.10688
-3.2443	0.21339	0.043974
-3.2443	0.23849	0.0045383
-3.2443	0.2636	0.034668
-3.2443	0.2887	0.13112
-3.2443	0.31381	0.22496
-3.2443	0.33891	0.24287
-3.2443	0.36402	0.1624
-3.2443	0.38912	0.048658
-3.2443	0.41423	0.013066
-3.2443	0.43933	0.1966
-3.2443	0.46444	0.63638
-3.2443	0.48954	1.2378
-3.2443	0.51464	1.8336
-3.2443	0.53975	2.1647
-3.2443	0.56485	2.1786
-3.2443	0.58996	1.8432
-3.2443	0.61506	1.3586
-3.2443	0.64017	0.85782
-3.2443	0.66527	0.38831
-3.2443	0.69038	0.14124
-3.2443	0.71548	0.021755
-3.2443	0.76569	0.013907
-3.2443	0.79079	0.021777
-3.2443	0.8159	0.019634
-3.2443	0.841	0.011179
-3.2443	0.86611	0.002879
-3.2443	1.2929	0.002035
-3.2443	1.318	0.0027923
-3.2443	1.3431	0.0023805
-3.2443	1.4435	0.0023354
-3.2443	1.4686	0.0041102
-3.2443	1.4937	0.0044458
-3.2443	1.5188	0.0029756
-3.2443	1.6192	0.005131
-3.2443	1.6444	0.0074746
-3.2443	1.6695	0.0066874
-3.2443	1.6946	0.003528
-3.2443	1.7699	0.0080173
-3.2443	1.795	0.019713
-3.2443	1.8201	0.032922
-3.2443	1.8452	0.041804
-3.2443	1.8703	0.043703
-3.2443	1.8954	0.039045
-3.2443	1.9205	0.029404
-3.2443	1.9456	0.018212
-3.2443	1.9707	0.0093319
-3.2443	1.9958	0.0036276
-3.2192	-0.99163	0.0021884
-3.2192	-0.96653	0.0022754
-3.2192	-0.89121	0.0061138
-3.2192	-0.86611	0.030251
-3.2192	-0.841	0.093075
-3.2192	-0.8159	0.18861
-3.2192	-0.79079	0.31669
-3.2192	-0.76569	0.45565
-3.2192	-0.74059	0.55352
-3.2192	-0.71548	0.56369
-3.2192	-0.69038	0.49317
-3.2192	-0.66527	0.34339
-3.2192	-0.64017	0.17135
-3.2192	-0.61506	0.047003
-3.2192	-0.58996	0.0035867
-3.2192	-0.56485	0.030998
-3.2192	-0.53975	0.086878
-3.2192	-0.51464	0.11869
-3.2192	-0.48954	0.10629
-3.2192	-0.46444	0.056689
-3.2192	-0.43933	0.012529
-3.2192	-0.41423	0.0041532
-3.2192	-0.38912	0.040885
-3.2192	-0.36402	0.087593
-3.2192	-0.33891	0.10505
-3.2192	-0.31381	0.080261
-3.2192	-0.2887	0.032499
-3.2192	-0.2636	0.0045262
-3.2192	-0.23849	0.017775
-3.2192	-0.21339	0.064917
-3.2192	-0.18828	0.10723
-3.2192	-0.16318	0.1115
-3.2192	-0.13808	0.067387
-3.2192	-0.11297	0.01788
-3.2192	-0.087866	0.0031288
-3.2192	-0.062762	0.04433
-3.2192	-0.037657	0.11184
-3.2192	-0.012552	0.14833
-3.2192	0.012552	0.126
-3.2192	0.037657	0.060296
-3.2192	0.062762	0.0091704
-3.2192	0.087866	0.021286
-3.2192	0.11297	0.10211
-3.2192	0.13808	0.19187
-3.2192	0.16318	0.22095
-3.2192	0.18828	0.15181
-3.2192	0.21339	0.052654
-3.2192	0.23849	0.0069574
-3.2192	0.2636	0.088751
-3.2192	0.2887	0.25213
-3.2192	0.31381	0.39862
-3.2192	0.33891	0.40377
-3.2192	0.36402	0.25327
-3.2192	0.38912	0.058229
-3.2192	0.41423	0.051981
-3.2192	0.43933	0.52647
-3.2192	0.46444	1.3984
-3.2192	0.48954	2.6337
-3.2192	0.51464	3.7188
-3.2192	0.53975	4.4627
-3.2192	0.56485	4.4906
-3.2192	0.58996	3.797
-3.2192	0.61506	2.8118
-3.2192	0.64017	1.7589
-3.2192	0.66527	0.79374
-3.2192	0.69038	0.26479
-3.2192	0.71548	0.046409
-3.2192	0.74059	0.0049312
-3.2192	0.76569	0.042848
-3.2192	0.79079	0.072134
-3.2192	0.8159	0.06252
-3.2192	0.841	0.033116
-3.2192	0.86611	0.010239
-3.2192	0.91632	0.0020993
-3.2192	0.94142	0.0061898
-3.2192	0.96653	0.0071205
-3.2192	0.99163	0.0050336
-3.2192	1.4686	0.0025748
-3.2192	1.4937	0.002753
-3.2192	1.6192	0.0046209
-3.2192	1.6444	0.0064617
-3.2192	1.6695	0.0055224
-3.2192	1.6946	0.0026217
-3.2192	1.7448	0.0023514
-3.2192	1.7699	0.010246
-3.2192	1.795	0.02411
-3.2192	1.8201	0.039574
-3.2192	1.8452	0.050874
-3.2192	1.8703	0.054063
-3.2192	1.8954	0.049335
-3.2192	1.9205	0.038036
-3.2192	1.9456	0.024442
-3.2192	1.9707	0.012926
-3.2192	1.9958	0.0052163
-3.1942	-0.89121	0.0021321
-3.1942	-0.86611	0.01131
-3.1942	-0.841	0.034989
-3.1942	-0.8159	0.069001
-3.1942	-0.79079	0.13089
-3.1942	-0.76569	0.18415
-3.1942	-0.74059	0.2362
-3.1942	-0.71548	0.24717
-3.1942	-0.69038	0.22256
-3.1942	-0.66527	0.15492
-3.1942	-0.64017	0.079984
-3.1942	-0.61506	0.017237
-3.1942	-0.58996	0.0027419
-3.1942	-0.56485	0.024428
-3.1942	-0.53975	0.060025
-3.1942	-0.51464	0.077445
-3.1942	-0.48954	0.066519
-3.1942	-0.46444	0.031488
-3.1942	-0.43933	0.0049522
-3.1942	-0.41423	0.0063497
-3.1942	-0.38912	0.038515
-3.1942	-0.36402	0.07574
-3.1942	-0.33891	0.087632
-3.1942	-0.31381	0.062718
-3.1942	-0.2887	0.022124
-3.1942	-0.2636	0.0032646
-3.1942	-0.23849	0.023337
-3.1942	-0.21339	0.073782
-3.1942	-0.18828	0.11407
-3.1942	-0.16318	0.11316
-3.1942	-0.13808	0.064108
-3.1942	-0.11297	0.013034
-3.1942	-0.087866	0.0078304
-3.1942	-0.062762	0.067013
-3.1942	-0.037657	0.149
-3.1942	-0.012552	0.18688
-3.1942	0.012552	0.14913
-3.1942	0.037657	0.062812
-3.1942	0.062762	0.0088265
-3.1942	0.087866	0.042979
-3.1942	0.11297	0.17022
-3.1942	0.13808	0.29394
-3.1942	0.16318	0.3242
-3.1942	0.18828	0.20775
-3.1942	0.21339	0.057943
-3.1942	0.23849	0.016762
-3.1942	0.2636	0.18393
-3.1942	0.2887	0.4768
-3.1942	0.31381	0.70242
-3.1942	0.33891	0.67217
-3.1942	0.36402	0.38195
-3.1942	0.38912	0.06362
-3.1942	0.41423	0.17472
-3.1942	0.43933	1.2329
-3.1942	0.46444	3.2154
-3.1942	0.48954	5.629
-3.1942	0.51464	7.862
-3.1942	0.53975	9.3537
-3.1942	0.56485	9.279
-3.1942	0.58996	7.975
-3.1942	0.61506	5.7888
-3.1942	0.64017	3.5499
-3.1942	0.66527	1.5693
-3.1942	0.69038	0.49618
-3.1942	0.71548	0.069642
-3.1942	0.74059	0.026332
-3.1942	0.76569	0.13354
-3.1942	0.79079	0.19831
-3.1942	0.8159	0.16801
-3.1942	0.841	0.087517
-3.1942	0.86611	0.02296
-3.1942	0.89121	0.002066
-3.1942	0.91632	0.011387
-3.1942	0.94142	0.025989
-3.1942	0.96653	0.029798
-3.1942	0.99163	0.021583
-3.1942	1.0167	0.0098284
-3.1942	1.0921	0.0028005
-3.1942	1.1172	0.0042119
-3.1942	1.1423	0.0035242
-3.1942	1.6192	0.003651
-3.1942	1.6444	0.0050067
-3.1942	1.6695	0.0041217
-3.1942	1.7448	0.003043
-3.1942	1.7699	0.012047
-3.1942	1.795	0.027364
-3.1942	1.8201	0.044076
-3.1942	1.8452	0.056975
-3.1942	1.8703	0.061046
-3.1942	1.8954	0.056246
-3.1942	1.9205	0.043583
-3.1942	1.9456	0.028553
-3.1942	1.9707	0.014989
-3.1942	1.9958	0.005993
-3.1691	-0.841	0.005099
-3.1691	-0.8159	0.012601
-3.1691	-0.79079	0.02635
-3.1691	-0.76569	0.043704
-3.1691	-0.74059	0.058683
-3.1691	-0.71548	0.065286
-3.1691	-0.69038	0.059686
-3.1691	-0.66527	0.042909
-3.1691	-0.64017	0.019951
-3.1691	-0.61506	0.0041543
-3.1691	-0.56485	0.011708
-3.1691	-0.53975	0.026096
-3.1691	-0.51464	0.031923
-3.1691	-0.48954	0.026383
-3.1691	-0.46444	0.011844
-3.1691	-0.41423	0.0048874
-3.1691	-0.38912	0.023231
-3.1691	-0.36402	0.041332
-3.1691	-0.33891	0.044966
-3.1691	-0.31381	0.029995
-3.1691	-0.2887	0.0087785
-3.1691	-0.2636	0.0020198
-3.1691	-0.23849	0.018245
-3.1691	-0.21339	0.052058
-3.1691	-0.18828	0.074341
-3.1691	-0.16318	0.070157
-3.1691	-0.13808	0.0357
-3.1691	-0.11297	0.006283
-3.1691	-0.087866	0.010733
-3.1691	-0.062762	0.061055
-3.1691	-0.037657	0.12249
-3.1691	-0.012552	0.14709
-3.1691	0.012552	0.11055
-3.1691	0.037657	0.040566
-3.1691	0.062762	0.0060092
-3.1691	0.087866	0.055628
-3.1691	0.11297	0.18474
-3.1691	0.13808	0.3009
-3.1691	0.16318	0.31595
-3.1691	0.18828	0.19069
-3.1691	0.21339	0.040416
-3.1691	0.23849	0.032148
-3.1691	0.2636	0.26078
-3.1691	0.2887	0.63699
-3.1691	0.31381	0.89739
-3.1691	0.33891	0.82176
-3.1691	0.36402	0.4104
-3.1691	0.38912	0.059002
-3.1691	0.41423	0.39692
-3.1691	0.43933	2.1693
-3.1691	0.46444	5.4702
-3.1691	0.48954	9.5279
-3.1691	0.51464	13.484
-3.1691	0.53975	15.933
-3.1691	0.56485	15.959
-3.1691	0.58996	13.696
-3.1691	0.61506	10.06
-3.1691	0.64017	5.9887
-3.1691	0.66527	2.7379
-3.1691	0.69038	0.78302
-3.1691	0.71548	0.084772
-3.1691	0.74059	0.09565
-3.1691	0.76569	0.3515
-3.1691	0.79079	0.47012
-3.1691	0.8159	0.38311
-3.1691	0.841	0.19301
-3.1691	0.86611	0.04437
-3.1691	0.89121	0.0050886
-3.1691	0.91632	0.039198
-3.1691	0.94142	0.082554
-3.1691	0.96653	0.091328
-3.1691	0.99163	0.065036
-3.1691	1.0167	0.02752
-3.1691	1.0418	0.0040751
-3.1691	1.0669	0.0025462
-3.1691	1.0921	0.013085
-3.1691	1.1172	0.020788
-3.1691	1.1423	0.018341
-3.1691	1.1674	0.0097373
-3.1691	1.1925	0.0024175
-3.1691	1.2678	0.0034317
-3.1691	1.2929	0.0036283
-3.1691	1.318	0.0023161
-3.1691	1.6444	0.0028543
-3.1691	1.6695	0.0023834
-3.1691	1.7448	0.0034915
-3.1691	1.7699	0.012595
-3.1691	1.795	0.028209
-3.1691	1.8201	0.045823
-3.1691	1.8452	0.059937
-3.1691	1.8703	0.065251
-3.1691	1.8954	0.060991
-3.1691	1.9205	0.047795
-3.1691	1.9456	0.031357
-3.1691	1.9707	0.016372
-3.1691	1.9958	0.006423
-3.1441	-0.76569	0.0022839
-3.1441	-0.74059	0.0050042
-3.1441	-0.71548	0.0076263
-3.1441	-0.69038	0.0086069
-3.1441	-0.66527	0.0069033
-3.1441	-0.64017	0.003423
-3.1441	-0.56485	0.0041658
-3.1441	-0.53975	0.0086324
-3.1441	-0.51464	0.010409
-3.1441	-0.48954	0.0081283
-3.1441	-0.46444	0.0031689
-3.1441	-0.41423	0.0029808
-3.1441	-0.38912	0.01089
-3.1441	-0.36402	0.018132
-3.1441	-0.33891	0.018636
-3.1441	-0.31381	0.011483
-3.1441	-0.2887	0.0024893
-3.1441	-0.23849	0.011508
-3.1441	-0.21339	0.027736
-3.1441	-0.18828	0.037457
-3.1441	-0.16318	0.032865
-3.1441	-0.13808	0.015084
-3.1441	-0.087866	0.008679
-3.1441	-0.062762	0.038821
-3.1441	-0.037657	0.072403
-3.1441	-0.012552	0.080976
-3.1441	0.012552	0.056241
-3.1441	0.037657	0.016607
-3.1441	0.062762	0.0050771
-3.1441	0.087866	0.04531
-3.1441	0.11297	0.12923
-3.1441	0.13808	0.19699
-3.1441	0.16318	0.19511
-3.1441	0.18828	0.10675
-3.1441	0.21339	0.016405
-3.1441	0.23849	0.037657
-3.1441	0.2636	0.22915
-3.1441	0.2887	0.5128
-3.1441	0.31381	0.68359
-3.1441	0.33891	0.59114
-3.1441	0.36402	0.25538
-3.1441	0.38912	0.046124
-3.1441	0.41423	0.4934
-3.1441	0.43933	2.3272
-3.1441	0.46444	5.5179
-3.1441	0.48954	9.6043
-3.1441	0.51464	13.508
-3.1441	0.53975	16.099
-3.1441	0.56485	16.275
-3.1441	0.58996	14.121
-3.1441	0.61506	10.398
-3.1441	0.64017	6.2233
-3.1441	0.66527	2.7627
-3.1441	0.69038	0.73154
-3.1441	0.71548	0.064574
-3.1441	0.74059	0.19111
-3.1441	0.76569	0.55029
-3.1441	0.79079	0.69921
-3.1441	0.8159	0.55322
-3.1441	0.841	0.26869
-3.1441	0.86611	0.049842
-3.1441	0.89121	0.011807
-3.1441	0.91632	0.08782
-3.1441	0.94142	0.17399
-3.1441	0.96653	0.18551
-3.1441	0.99163	0.12787
-3.1441	1.0167	0.049507
-3.1441	1.0418	0.0057921
-3.1441	1.0669	0.010166
-3.1441	1.0921	0.041564
-3.1441	1.1172	0.06212
-3.1441	1.1423	0.054629
-3.1441	1.1674	0.029414
-3.1441	1.1925	0.0064025
-3.1441	1.2427	0.0083514
-3.1441	1.2678	0.017684
-3.1441	1.2929	0.019526
-3.1441	1.318	0.013788
-3.1441	1.3431	0.0055866
-3.1441	1.4184	0.0026506
-3.1441	1.4435	0.003815
-3.1441	1.4686	0.0029642
-3.1441	1.7448	0.0024319
-3.1441	1.7699	0.0089234
-3.1441	1.795	0.021562
-3.1441	1.8201	0.037416
-3.1441	1.8452	0.05191
-3.1441	1.8703	0.059424
-3.1441	1.8954	0.057922
-3.1441	1.9205	0.046816
-3.1441	1.9456	0.031424
-3.1441	1.9707	0.016496
-3.1441	1.9958	0.0062836
-3.119	-0.89121	0.002651
-3.119	-0.86611	0.0059048
-3.119	-0.841	0.0091227
-3.119	-0.8159	0.01089
-3.119	-0.79079	0.010371
-3.119	-0.76569	0.0079147
-3.119	-0.74059	0.0045736
-3.119	-0.51464	0.0023465
-3.119	-0.38912	0.0047281
-3.119	-0.36402	0.0074092
-3.119	-0.33891	0.0072482
-3.119	-0.31381	0.0041355
-3.119	-0.23849	0.0069429
-3.119	-0.21339	0.014761
-3.119	-0.18828	0.01863
-3.119	-0.16318	0.015192
-3.119	-0.13808	0.0060232
-3.119	-0.087866	0.0064668
-3.119	-0.062762	0.02435
-3.119	-0.037657	0.041522
-3.119	-0.012552	0.043427
-3.119	0.012552	0.027161
-3.119	0.037657	0.006151
-3.119	0.062762	0.0047399
-3.119	0.087866	0.033637
-3.119	0.11297	0.083964
-3.119	0.13808	0.11841
-3.119	0.16318	0.10935
-3.119	0.18828	0.052399
-3.119	0.21339	0.0054979
-3.119	0.23849	0.03522
-3.119	0.2636	0.16959
-3.119	0.2887	0.34892
-3.119	0.31381	0.43323
-3.119	0.33891	0.34426
-3.119	0.36402	0.12326
-3.119	0.38912	0.043468
-3.119	0.41423	0.4618
-3.119	0.43933	1.8537
-3.119	0.46444	4.1917
-3.119	0.48954	7.1137
-3.119	0.51464	9.8396
-3.119	0.53975	11.583
-3.119	0.56485	11.571
-3.119	0.58996	9.924
-3.119	0.61506	7.23
-3.119	0.64017	4.2077
-3.119	0.66527	1.7924
-3.119	0.69038	0.42458
-3.119	0.71548	0.039885
-3.119	0.74059	0.21553
-3.119	0.76569	0.51256
-3.119	0.79079	0.60968
-3.119	0.8159	0.45838
-3.119	0.841	0.20854
-3.119	0.86611	0.029026
-3.119	0.89121	0.019233
-3.119	0.91632	0.10889
-3.119	0.94142	0.19576
-3.119	0.96653	0.2002
-3.119	0.99163	0.13213
-3.119	1.0167	0.046819
-3.119	1.0418	0.0042836
-3.119	1.0669	0.020034
-3.119	1.0921	0.065311
-3.119	1.1172	0.093037
-3.119	1.1423	0.079969
-3.119	1.1674	0.041408
-3.119	1.1925	0.0074094
-3.119	1.2176	0.0029577
-3.119	1.2427	0.020198
-3.119	1.2678	0.040327
-3.119	1.2929	0.044603
-3.119	1.318	0.031819
-3.119	1.3431	0.012509
-3.119	1.3933	0.003406
-3.119	1.4184	0.012472
-3.119	1.4435	0.018533
-3.119	1.4686	0.016283
-3.119	1.4937	0.0091226
-3.119	1.5188	0.0020201
-3.119	1.569	0.0022324
-3.119	1.5941	0.0044788
-3.119	1.6192	0.0046574
-3.119	1.6444	0.0028564
-3.119	1.795	0.003903
-3.119	1.8201	0.009969
-3.119	1.8452	0.01875
-3.119	1.8703	0.027248
-3.119	1.8954	0.031406
-3.119	1.9205	0.028745
-3.119	1.9456	0.021398
-3.119	1.9707	0.011911
-3.119	1.9958	0.0045147
-3.0939	-2.1715	0.002212
-3.0939	-2.1464	0.0031955
-3.0939	-2.1213	0.0037587
-3.0939	-2.0962	0.0037702
-3.0939	-2.0711	0.0031729
-3.0939	-2.046	0.0022675
-3.0939	-1.0167	0.0021657
-3.0939	-0.91632	0.0024063
-3.0939	-0.89121	0.0082709
-3.0939	-0.86611	0.019675
-3.0939	-0.841	0.03392
-3.0939	-0.8159	0.045099
-3.0939	-0.79079	0.050375
-3.0939	-0.76569	0.047304
-3.0939	-0.74059	0.03764
-3.0939	-0.71548	0.025101
-3.0939	-0.69038	0.012585
-3.0939	-0.66527	0.0049867
-3.0939	-0.36402	0.0022378
-3.0939	-0.33891	0.0022238
-3.0939	-0.23849	0.003718
-3.0939	-0.21339	0.0074853
-3.0939	-0.18828	0.0089714
-3.0939	-0.16318	0.0068409
-3.0939	-0.13808	0.0024686
-3.0939	-0.087866	0.0050921
-3.0939	-0.062762	0.015698
-3.0939	-0.037657	0.024721
-3.0939	-0.012552	0.024297
-3.0939	0.012552	0.013458
-3.0939	0.037657	0.0022347
-3.0939	0.062762	0.0047348
-3.0939	0.087866	0.025856
-3.0939	0.11297	0.057701
-3.0939	0.13808	0.075521
-3.0939	0.16318	0.064535
-3.0939	0.18828	0.026529
-3.0939	0.23849	0.033211
-3.0939	0.2636	0.13119
-3.0939	0.2887	0.24887
-3.0939	0.31381	0.28824
-3.0939	0.33891	0.20701
-3.0939	0.36402	0.058025
-3.0939	0.38912	0.050578
-3.0939	0.41423	0.4316
-3.0939	0.43933	1.5093
-3.0939	0.46444	3.2764
-3.0939	0.48954	5.3143
-3.0939	0.51464	7.1654
-3.0939	0.53975	8.2964
-3.0939	0.56485	8.1254
-3.0939	0.58996	6.8405
-3.0939	0.61506	4.8386
-3.0939	0.64017	2.7092
-3.0939	0.66527	1.0848
-3.0939	0.69038	0.20827
-3.0939	0.71548	0.029751
-3.0939	0.74059	0.20767
-3.0939	0.76569	0.41897
-3.0939	0.79079	0.46191
-3.0939	0.8159	0.32666
-3.0939	0.841	0.13101
-3.0939	0.86611	0.0122
-3.0939	0.89121	0.024271
-3.0939	0.91632	0.10401
-3.0939	0.94142	0.17042
-3.0939	0.96653	0.16368
-3.0939	0.99163	0.10053
-3.0939	1.0167	0.030429
-3.0939	1.0418	0.0035748
-3.0939	1.0669	0.025201
-3.0939	1.0921	0.067798
-3.0939	1.1172	0.090603
-3.0939	1.1423	0.074182
-3.0939	1.1674	0.035647
-3.0939	1.1925	0.0045229
-3.0939	1.2176	0.0052763
-3.0939	1.2427	0.027019
-3.0939	1.2678	0.049648
-3.0939	1.2929	0.053078
-3.0939	1.318	0.036296
-3.0939	1.3431	0.013069
-3.0939	1.3933	0.0068937
-3.0939	1.4184	0.022587
-3.0939	1.4435	0.033076
-3.0939	1.4686	0.029008
-3.0939	1.4937	0.015996
-3.0939	1.5188	0.0032472
-3.0939	1.569	0.0078459
-3.0939	1.5941	0.017256
-3.0939	1.6192	0.019877
-3.0939	1.6444	0.014922
-3.0939	1.6695	0.0058839
-3.0939	1.7197	0.0024844
-3.0939	1.7448	0.0082481
-3.0939	1.7699	0.013338
-3.0939	1.795	0.013799
-3.0939	1.8201	0.010602
-3.0939	1.8452	0.0056531
-3.0939	1.9205	0.0023203
-3.0939	1.9456	0.0031515
-3.0939	1.9707	0.0026432
-3.0689	-2.1715	0.0021596
-3.0689	-2.1464	0.0031643
-3.0689	-2.1213	0.0039119
-3.0689	-2.0962	0.0041211
-3.0689	-2.0711	0.0036297
-3.0689	-2.046	0.0027048
-3.0689	-1.0418	0.0027314
-3.0689	-1.0167	0.003653
-3.0689	-0.99163	0.0030036
-3.0689	-0.91632	0.0065143
-3.0689	-0.89121	0.02235
-3.0689	-0.86611	0.048605
-3.0689	-0.841	0.082088
-3.0689	-0.8159	0.11639
-3.0689	-0.79079	0.13447
-3.0689	-0.76569	0.13288
-3.0689	-0.74059	0.11283
-3.0689	-0.71548	0.080252
-3.0689	-0.69038	0.043674
-3.0689	-0.66527	0.018506
-3.0689	-0.64017	0.0040027
-3.0689	-0.56485	0.0030705
-3.0689	-0.53975	0.0031644
-3.0689	-0.21339	0.0028221
-3.0689	-0.18828	0.003455
-3.0689	-0.16318	0.0025349
-3.0689	-0.087866	0.0033846
-3.0689	-0.062762	0.0096802
-3.0689	-0.037657	0.014398
-3.0689	-0.012552	0.013429
-3.0689	0.012552	0.0064269
-3.0689	0.062762	0.0046848
-3.0689	0.087866	0.020311
-3.0689	0.11297	0.041318
-3.0689	0.13808	0.050619
-3.0689	0.16318	0.039953
-3.0689	0.18828	0.013698
-3.0689	0.21339	0.002191
-3.0689	0.23849	0.032843
-3.0689	0.2636	0.11094
-3.0689	0.2887	0.19118
-3.0689	0.31381	0.20632
-3.0689	0.33891	0.13314
-3.0689	0.36402	0.029381
-3.0689	0.38912	0.063766
-3.0689	0.41423	0.42589
-3.0689	0.43933	1.3395
-3.0689	0.46444	2.7662
-3.0689	0.48954	4.3682
-3.0689	0.51464	5.7204
-3.0689	0.53975	6.4712
-3.0689	0.56485	6.2165
-3.0689	0.58996	5.0922
-3.0689	0.61506	3.5054
-3.0689	0.64017	1.8812
-3.0689	0.66527	0.68027
-3.0689	0.69038	0.114
-3.0689	0.71548	0.035641
-3.0689	0.74059	0.20524
-3.0689	0.76569	0.35549
-3.0689	0.79079	0.36698
-3.0689	0.8159	0.23893
-3.0689	0.841	0.085139
-3.0689	0.86611	0.0038513
-3.0689	0.89121	0.02965
-3.0689	0.91632	0.10067
-3.0689	0.94142	0.14994
-3.0689	0.96653	0.13433
-3.0689	0.99163	0.075347
-3.0689	1.0167	0.018921
-3.0689	1.0418	0.0032088
-3.0689	1.0669	0.029296
-3.0689	1.0921	0.067445
-3.0689	1.1172	0.08311
-3.0689	1.1423	0.063339
-3.0689	1.1674	0.027089
-3.0689	1.1925	0.0020253
-3.0689	1.2176	0.0073198
-3.0689	1.2427	0.030938
-3.0689	1.2678	0.05183
-3.0689	1.2929	0.052291
-3.0689	1.318	0.033271
-3.0689	1.3431	0.010538
-3.0689	1.3933	0.010517
-3.0689	1.4184	0.028966
-3.0689	1.4435	0.040096
-3.0689	1.4686	0.033975
-3.0689	1.4937	0.017297
-3.0689	1.5188	0.0027043
-3.0689	1.5439	0.0028944
-3.0689	1.569	0.014779
-3.0689	1.5941	0.029123
-3.0689	1.6192	0.033645
-3.0689	1.6444	0.02523
-3.0689	1.6695	0.0095873
-3.0689	1.7197	0.0080781
-3.0689	1.7448	0.029619
-3.0689	1.7699	0.05471
-3.0689	1.795	0.071981
-3.0689	1.8201	0.075688
-3.0689	1.8452	0.065269
-3.0689	1.8703	0.046525
-3.0689	1.8954	0.025715
-3.0689	1.9205	0.010603
-3.0689	1.9456	0.0049652
-3.0438	-2.1464	0.0020312
-3.0438	-2.1213	0.0025471
-3.0438	-2.0962	0.0027023
-3.0438	-2.0711	0.0024355
-3.0438	-1.0418	0.0031321
-3.0438	-1.0167	0.0040746
-3.0438	-0.99163	0.0032109
-3.0438	-0.91632	0.010986
-3.0438	-0.89121	0.03931
-3.0438	-0.86611	0.086471
-3.0438	-0.841	0.15292
-3.0438	-0.8159	0.21347
-3.0438	-0.79079	0.25721
-3.0438	-0.76569	0.2615
-3.0438	-0.74059	0.22849
-3.0438	-0.71548	0.16585
-3.0438	-0.69038	0.093141
-3.0438	-0.66527	0.038825
-3.0438	-0.64017	0.0078613
-3.0438	-0.58996	0.0057295
-3.0438	-0.56485	0.012203
-3.0438	-0.53975	0.013588
-3.0438	-0.51464	0.0095634
-3.0438	-0.48954	0.0035348
-3.0438	-0.38912	0.0020611
-3.0438	-0.062762	0.0046969
-3.0438	-0.037657	0.0067484
-3.0438	-0.012552	0.0060116
-3.0438	0.012552	0.0029424
-3.0438	0.062762	0.0038465
-3.0438	0.087866	0.015413
-3.0438	0.11297	0.028436
-3.0438	0.13808	0.033767
-3.0438	0.16318	0.024597
-3.0438	0.18828	0.0067535
-3.0438	0.21339	0.0030108
-3.0438	0.23849	0.033134
-3.0438	0.2636	0.093511
-3.0438	0.2887	0.15425
-3.0438	0.31381	0.15572
-3.0438	0.33891	0.09053
-3.0438	0.36402	0.014132
-3.0438	0.38912	0.078661
-3.0438	0.41423	0.44631
-3.0438	0.43933	1.2987
-3.0438	0.46444	2.5199
-3.0438	0.48954	3.8982
-3.0438	0.51464	5.0265
-3.0438	0.53975	5.5463
-3.0438	0.56485	5.2218
-3.0438	0.58996	4.1823
-3.0438	0.61506	2.7851
-3.0438	0.64017	1.4554
-3.0438	0.66527	0.48273
-3.0438	0.69038	0.059533
-3.0438	0.71548	0.048879
-3.0438	0.74059	0.21594
-3.0438	0.76569	0.33514
-3.0438	0.79079	0.31597
-3.0438	0.8159	0.19074
-3.0438	0.841	0.061495
-3.0438	0.89121	0.03739
-3.0438	0.91632	0.10446
-3.0438	0.94142	0.14206
-3.0438	0.96653	0.11852
-3.0438	0.99163	0.059849
-3.0438	1.0167	0.011926
-3.0438	1.0418	0.0060489
-3.0438	1.0669	0.035077
-3.0438	1.0921	0.070124
-3.0438	1.1172	0.079989
-3.0438	1.1423	0.056455
-3.0438	1.1674	0.021597
-3.0438	1.2176	0.010448
-3.0438	1.2427	0.036038
-3.0438	1.2678	0.055333
-3.0438	1.2929	0.052062
-3.0438	1.318	0.030194
-3.0438	1.3431	0.0077808
-3.0438	1.3933	0.015069
-3.0438	1.4184	0.035389
-3.0438	1.4435	0.045648
-3.0438	1.4686	0.036055
-3.0438	1.4937	0.016762
-3.0438	1.5439	0.0054209
-3.0438	1.569	0.022035
-3.0438	1.5941	0.04029
-3.0438	1.6192	0.044278
-3.0438	1.6444	0.031649
-3.0438	1.6695	0.010692
-3.0438	1.7197	0.01738
-3.0438	1.7448	0.055264
-3.0438	1.7699	0.1085
-3.0438	1.795	0.14821
-3.0438	1.8201	0.16541
-3.0438	1.8452	0.15403
-3.0438	1.8703	0.1212
-3.0438	1.8954	0.078676
-3.0438	1.9205	0.044265
-3.0438	1.9456	0.018315
-3.0438	1.9707	0.0057968
-3.0188	-0.91632	0.010374
-3.0188	-0.89121	0.032231
-3.0188	-0.86611	0.075846
-3.0188	-0.841	0.13907
-3.0188	-0.8159	0.20157
-3.0188	-0.79079	0.25288
-3.0188	-0.76569	0.27032
-3.0188	-0.74059	0.24614
-3.0188	-0.71548	0.18512
-3.0188	-0.69038	0.10661
-3.0188	-0.66527	0.043009
-3.0188	-0.64017	0.0079109
-3.0188	-0.58996	0.013061
-3.0188	-0.56485	0.025151
-3.0188	-0.53975	0.027193
-3.0188	-0.51464	0.018059
-3.0188	-0.48954	0.007017
-3.0188	-0.43933	0.0019946
-3.0188	-0.41423	0.0063631
-3.0188	-0.38912	0.0092687
-3.0188	-0.36402	0.0084103
-3.0188	-0.33891	0.0045283
-3.0188	0.062762	0.0029323
-3.0188	0.087866	0.0089479
-3.0188	0.11297	0.016163
-3.0188	0.13808	0.018891
-3.0188	0.16318	0.013164
-3.0188	0.18828	0.0026894
-3.0188	0.21339	0.0038193
-3.0188	0.23849	0.03058
-3.0188	0.2636	0.079973
-3.0188	0.2887	0.12293
-3.0188	0.31381	0.11692
-3.0188	0.33891	0.060494
-3.0188	0.36402	0.0075298
-3.0188	0.38912	0.10414
-3.0188	0.41423	0.48164
-3.0188	0.43933	1.3067
-3.0188	0.46444	2.4615
-3.0188	0.48954	3.7322
-3.0188	0.51464	4.7226
-3.0188	0.53975	5.1362
-3.0188	0.56485	4.7525
-3.0188	0.58996	3.7316
-3.0188	0.61506	2.4064
-3.0188	0.64017	1.1949
-3.0188	0.66527	0.35158
-3.0188	0.69038	0.027169
-3.0188	0.71548	0.074796
-3.0188	0.74059	0.24378
-3.0188	0.76569	0.34058
-3.0188	0.79079	0.29806
-3.0188	0.8159	0.16542
-3.0188	0.841	0.043425
-3.0188	0.86611	0.0020949
-3.0188	0.89121	0.049413
-3.0188	0.91632	0.11769
-3.0188	0.94142	0.14726
-3.0188	0.96653	0.11235
-3.0188	0.99163	0.051155
-3.0188	1.0167	0.0076048
-3.0188	1.0418	0.010031
-3.0188	1.0669	0.044666
-3.0188	1.0921	0.078775
-3.0188	1.1172	0.083238
-3.0188	1.1423	0.0544
-3.0188	1.1674	0.017725
-3.0188	1.2176	0.016171
-3.0188	1.2427	0.044332
-3.0188	1.2678	0.06237
-3.0188	1.2929	0.054916
-3.0188	1.318	0.028632
-3.0188	1.3431	0.0058735
-3.0188	1.3682	0.0031245
-3.0188	1.3933	0.021494
-3.0188	1.4184	0.044713
-3.0188	1.4435	0.053599
-3.0188	1.4686	0.039394
-3.0188	1.4937	0.016208
-3.0188	1.5439	0.0096524
-3.0188	1.569	0.032527
-3.0188	1.5941	0.054431
-3.0188	1.6192	0.056981
-3.0188	1.6444	0.037355
-3.0188	1.6695	0.010723
-3.0188	1.6946	0.0027447
-3.0188	1.7197	0.032931
-3.0188	1.7448	0.1007
-3.0188	1.7699	0.18012
-3.0188	1.795	0.24438
-3.0188	1.8201	0.27545
-3.0188	1.8452	0.25999
-3.0188	1.8703	0.20482
-3.0188	1.8954	0.14131
-3.0188	1.9205	0.078875
-3.0188	1.9456	0.035461
-3.0188	1.9707	0.011442
-2.9937	-0.91632	0.0036743
-2.9937	-0.89121	0.013897
-2.9937	-0.86611	0.03084
-2.9937	-0.841	0.05515
-2.9937	-0.8159	0.086566
-2.9937	-0.79079	0.11474
-2.9937	-0.76569	0.12619
-2.9937	-0.74059	0.11943
-2.9937	-0.71548	0.088218
-2.9937	-0.69038	0.053252
-2.9937	-0.66527	0.020501
-2.9937	-0.64017	0.002859
-2.9937	-0.58996	0.011555
-2.9937	-0.56485	0.021577
-2.9937	-0.53975	0.022788
-2.9937	-0.51464	0.0156
-2.9937	-0.48954	0.0052559
-2.9937	-0.43933	0.0031835
-2.9937	-0.41423	0.0098118
-2.9937	-0.38912	0.014147
-2.9937	-0.36402	0.012944
-2.9937	-0.33891	0.0071478
-2.9937	-0.2636	0.003444
-2.9937	-0.23849	0.0067286
-2.9937	-0.21339	0.0076177
-2.9937	-0.18828	0.0053403
-2.9937	0.11297	0.0035882
-2.9937	0.13808	0.0050683
-2.9937	0.16318	0.0037751
-2.9937	0.21339	0.0031471
-2.9937	0.23849	0.018983
-2.9937	0.2636	0.051308
-2.9937	0.2887	0.078018
-2.9937	0.31381	0.073765
-2.9937	0.33891	0.032094
-2.9937	0.36402	0.005068
-2.9937	0.38912	0.11254
-2.9937	0.41423	0.48096
-2.9937	0.43933	1.2498
-2.9937	0.46444	2.3492
-2.9937	0.48954	3.5368
-2.9937	0.51464	4.4624
-2.9937	0.53975	4.8495
-2.9937	0.56485	4.4609
-2.9937	0.58996	3.4625
-2.9937	0.61506	2.176
-2.9937	0.64017	1.0204
-2.9937	0.66527	0.26853
-2.9937	0.69038	0.013876
-2.9937	0.71548	0.1042
-2.9937	0.74059	0.2922
-2.9937	0.76569	0.36968
-2.9937	0.79079	0.30606
-2.9937	0.8159	0.15378
-2.9937	0.841	0.033362
-2.9937	0.86611	0.0067106
-2.9937	0.89121	0.071091
-2.9937	0.91632	0.14421
-2.9937	0.94142	0.16607
-2.9937	0.96653	0.11968
-2.9937	0.99163	0.04654
-2.9937	1.0167	0.0057362
-2.9937	1.0418	0.016022
-2.9937	1.0669	0.061385
-2.9937	1.0921	0.096815
-2.9937	1.1172	0.094247
-2.9937	1.1423	0.05689
-2.9937	1.1674	0.015239
-2.9937	1.2176	0.025116
-2.9937	1.2427	0.05968
-2.9937	1.2678	0.076673
-2.9937	1.2929	0.062619
-2.9937	1.318	0.028954
-2.9937	1.3431	0.0044539
-2.9937	1.3682	0.0065232
-2.9937	1.3933	0.032529
-2.9937	1.4184	0.060216
-2.9937	1.4435	0.067012
-2.9937	1.4686	0.046459
-2.9937	1.4937	0.0155
-2.9937	1.5439	0.015481
-2.9937	1.569	0.04953
-2.9937	1.5941	0.076106
-2.9937	1.6192	0.073363
-2.9937	1.6444	0.044473
-2.9937	1.6695	0.01066
-2.9937	1.6946	0.0072856
-2.9937	1.7197	0.060842
-2.9937	1.7448	0.16883
-2.9937	1.7699	0.29002
-2.9937	1.795	0.38585
-2.9937	1.8201	0.4301
-2.9937	1.8452	0.40357
-2.9937	1.8703	0.31925
-2.9937	1.8954	0.22001
-2.9937	1.9205	0.12698
-2.9937	1.9456	0.057062
-2.9937	1.9707	0.016757
-2.9937	1.9958	0.0029419
-2.9937	2.0711	0.0027214
-2.9937	2.0962	0.0022654
-2.9687	-0.89121	0.0031965
-2.9687	-0.86611	0.0074548
-2.9687	-0.841	0.013941
-2.9687	-0.8159	0.022951
-2.9687	-0.79079	0.031932
-2.9687	-0.76569	0.037132
-2.9687	-0.74059	0.036319
-2.9687	-0.71548	0.027369
-2.9687	-0.69038	0.016527
-2.9687	-0.66527	0.0058519
-2.9687	-0.58996	0.0058473
-2.9687	-0.56485	0.010275
-2.9687	-0.53975	0.010477
-2.9687	-0.51464	0.0069748
-2.9687	-0.48954	0.0021693
-2.9687	-0.43933	0.0024461
-2.9687	-0.41423	0.0069428
-2.9687	-0.38912	0.0095817
-2.9687	-0.36402	0.0086214
-2.9687	-0.33891	0.0045487
-2.9687	-0.2636	0.0041226
-2.9687	-0.23849	0.0078366
-2.9687	-0.21339	0.0088227
-2.9687	-0.18828	0.0061296
-2.9687	-0.16318	0.0021124
-2.9687	-0.087866	0.0049578
-2.9687	-0.062762	0.0066461
-2.9687	-0.037657	0.0056923
-2.9687	-0.012552	0.002947
-2.9687	0.087866	0.0020029
-2.9687	0.23849	0.0043341
-2.9687	0.2636	0.0089677
-2.9687	0.2887	0.018735
-2.9687	0.31381	0.020275
-2.9687	0.33891	0.0077488
-2.9687	0.36402	0.0050985
-2.9687	0.38912	0.064146
-2.9687	0.41423	0.29234
-2.9687	0.43933	0.77173
-2.9687	0.46444	1.5529
-2.9687	0.48954	2.4327
-2.9687	0.51464	3.1826
-2.9687	0.53975	3.5933
-2.9687	0.56485	3.4056
-2.9687	0.58996	2.662
-2.9687	0.61506	1.6937
-2.9687	0.64017	0.78886
-2.9687	0.66527	0.17601
-2.9687	0.69038	0.013974
-2.9687	0.71548	0.14004
-2.9687	0.74059	0.33238
-2.9687	0.76569	0.39607
-2.9687	0.79079	0.30667
-2.9687	0.8159	0.14167
-2.9687	0.841	0.024106
-2.9687	0.86611	0.015994
-2.9687	0.89121	0.10152
-2.9687	0.91632	0.18434
-2.9687	0.94142	0.19799
-2.9687	0.96653	0.13216
-2.9687	0.99163	0.044069
-2.9687	1.0167	0.0046317
-2.9687	1.0418	0.031105
-2.9687	1.0669	0.09026
-2.9687	1.0921	0.1292
-2.9687	1.1172	0.11746
-2.9687	1.1423	0.064398
-2.9687	1.1674	0.013783
-2.9687	1.1925	0.003308
-2.9687	1.2176	0.041669
-2.9687	1.2427	0.086557
-2.9687	1.2678	0.10415
-2.9687	1.2929	0.076317
-2.9687	1.318	0.031277
-2.9687	1.3431	0.0035492
-2.9687	1.3682	0.015103
-2.9687	1.3933	0.052995
-2.9687	1.4184	0.088019
-2.9687	1.4435	0.091414
-2.9687	1.4686	0.05831
-2.9687	1.4937	0.01582
-2.9687	1.5439	0.029656
-2.9687	1.569	0.081384
-2.9687	1.5941	0.11426
-2.9687	1.6192	0.10383
-2.9687	1.6444	0.055455
-2.9687	1.6695	0.010215
-2.9687	1.6946	0.017194
-2.9687	1.7197	0.11013
-2.9687	1.7448	0.29146
-2.9687	1.7699	0.4831
-2.9687	1.795	0.63047
-2.9687	1.8201	0.68615
-2.9687	1.8452	0.63825
-2.9687	1.8703	0.49744
-2.9687	1.8954	0.33768
-2.9687	1.9205	0.18675
-2.9687	1.9456	0.079819
-2.9687	1.9707	0.022949
-2.9687	1.9958	0.0031537
-2.9687	2.046	0.0040604
-2.9687	2.0711	0.005486
-2.9687	2.0962	0.0043827
-2.9687	2.1213	0.0021133
-2.9436	-0.841	0.0019983
-2.9436	-0.8159	0.0031781
-2.9436	-0.79079	0.0052165
-2.9436	-0.76569	0.0068314
-2.9436	-0.74059	0.0073098
-2.9436	-0.71548	0.0058928
-2.9436	-0.69038	0.0040381
-2.9436	-0.58996	0.0023962
-2.9436	-0.56485	0.0036548
-2.9436	-0.53975	0.0037097
-2.9436	-0.51464	0.0022233
-2.9436	-0.41423	0.0036271
-2.9436	-0.38912	0.0047776
-2.9436	-0.36402	0.004042
-2.9436	-0.2636	0.0031054
-2.9436	-0.23849	0.005396
-2.9436	-0.21339	0.0058512
-2.9436	-0.18828	0.0038911
-2.9436	-0.11297	0.0021557
-2.9436	-0.087866	0.0054078
-2.9436	-0.062762	0.0072166
-2.9436	-0.037657	0.0062301
-2.9436	-0.012552	0.0030081
-2.9436	0.062762	0.0036544
-2.9436	0.087866	0.0065887
-2.9436	0.11297	0.0066386
-2.9436	0.13808	0.0041843
-2.9436	0.23849	0.0023366
-2.9436	0.2636	0.0022922
-2.9436	0.38912	0.010986
-2.9436	0.41423	0.039899
-2.9436	0.43933	0.13643
-2.9436	0.46444	0.34286
-2.9436	0.48954	0.62009
-2.9436	0.51464	0.91508
-2.9436	0.53975	1.1214
-2.9436	0.56485	1.1471
-2.9436	0.58996	0.97507
-2.9436	0.61506	0.64907
-2.9436	0.64017	0.3163
-2.9436	0.66527	0.058397
-2.9436	0.69038	0.011166
-2.9436	0.71548	0.11001
-2.9436	0.74059	0.23419
-2.9436	0.76569	0.27172
-2.9436	0.79079	0.21052
-2.9436	0.8159	0.085653
-2.9436	0.841	0.011351
-2.9436	0.86611	0.023795
-2.9436	0.89121	0.10998
-2.9436	0.91632	0.18788
-2.9436	0.94142	0.19346
-2.9436	0.96653	0.12177
-2.9436	0.99163	0.035401
-2.9436	1.0167	0.0049026
-2.9436	1.0418	0.047133
-2.9436	1.0669	0.12184
-2.9436	1.0921	0.16233
-2.9436	1.1172	0.13883
-2.9436	1.1423	0.068832
-2.9436	1.1674	0.01189
-2.9436	1.1925	0.0098189
-2.9436	1.2176	0.0675
-2.9436	1.2427	0.13048
-2.9436	1.2678	0.14581
-2.9436	1.2929	0.099461
-2.9436	1.318	0.034194
-2.9436	1.3431	0.0042516
-2.9436	1.3682	0.029415
-2.9436	1.3933	0.092551
-2.9436	1.4184	0.13897
-2.9436	1.4435	0.13368
-2.9436	1.4686	0.077672
-2.9436	1.4937	0.017891
-2.9436	1.5188	0.0056339
-2.9436	1.5439	0.06005
-2.9436	1.569	0.14297
-2.9436	1.5941	0.18496
-2.9436	1.6192	0.15636
-2.9436	1.6444	0.072983
-2.9436	1.6695	0.010892
-2.9436	1.6946	0.045412
-2.9436	1.7197	0.22355
-2.9436	1.7448	0.52987
-2.9436	1.7699	0.86358
-2.9436	1.795	1.096
-2.9436	1.8201	1.1679
-2.9436	1.8452	1.0686
-2.9436	1.8703	0.8189
-2.9436	1.8954	0.54328
-2.9436	1.9205	0.29375
-2.9436	1.9456	0.12518
-2.9436	1.9707	0.031912
-2.9436	1.9958	0.0035827
-2.9436	2.0209	0.0025275
-2.9436	2.046	0.0085269
-2.9436	2.0711	0.010567
-2.9436	2.0962	0.0079919
-2.9436	2.1213	0.0036611
-2.9186	-0.23849	0.0031481
-2.9186	-0.21339	0.0032112
-2.9186	-0.087866	0.0042821
-2.9186	-0.062762	0.0054382
-2.9186	-0.037657	0.004484
-2.9186	0.062762	0.0045819
-2.9186	0.087866	0.0078526
-2.9186	0.11297	0.0081307
-2.9186	0.13808	0.0051495
-2.9186	0.21339	0.0033229
-2.9186	0.23849	0.0081714
-2.9186	0.2636	0.010716
-2.9186	0.2887	0.009039
-2.9186	0.31381	0.0040276
-2.9186	0.38912	0.0049863
-2.9186	0.41423	0.007822
-2.9186	0.43933	0.0077271
-2.9186	0.46444	0.0046339
-2.9186	0.48954	0.014578
-2.9186	0.51464	0.037923
-2.9186	0.53975	0.075102
-2.9186	0.56485	0.10263
-2.9186	0.58996	0.1067
-2.9186	0.61506	0.083374
-2.9186	0.64017	0.037952
-2.9186	0.66527	0.0064344
-2.9186	0.69038	0.0058035
-2.9186	0.71548	0.033901
-2.9186	0.74059	0.068543
-2.9186	0.76569	0.07949
-2.9186	0.79079	0.061259
-2.9186	0.8159	0.022549
-2.9186	0.841	0.0032515
-2.9186	0.86611	0.014961
-2.9186	0.89121	0.05657
-2.9186	0.91632	0.093109
-2.9186	0.94142	0.093337
-2.9186	0.96653	0.057298
-2.9186	0.99163	0.0133
-2.9186	1.0167	0.0046392
-2.9186	1.0418	0.039254
-2.9186	1.0669	0.094337
-2.9186	1.0921	0.1219
-2.9186	1.1172	0.10188
-2.9186	1.1423	0.046728
-2.9186	1.1674	0.0061421
-2.9186	1.1925	0.015842
-2.9186	1.2176	0.078856
-2.9186	1.2427	0.1406
-2.9186	1.2678	0.15156
-2.9186	1.2929	0.099644
-2.9186	1.318	0.028846
-2.9186	1.3431	0.0054711
-2.9186	1.3682	0.05056
-2.9186	1.3933	0.13677
-2.9186	1.4184	0.19358
-2.9186	1.4435	0.17714
-2.9186	1.4686	0.093346
-2.9186	1.4937	0.016555
-2.9186	1.5188	0.016537
-2.9186	1.5439	0.116
-2.9186	1.569	0.24501
-2.9186	1.5941	0.30074
-2.9186	1.6192	0.23484
-2.9186	1.6444	0.095426
-2.9186	1.6695	0.013404
-2.9186	1.6946	0.11641
-2.9186	1.7197	0.48678
-2.9186	1.7448	1.0446
-2.9186	1.7699	1.6393
-2.9186	1.795	2.0274
-2.9186	1.8201	2.1237
-2.9186	1.8452	1.9058
-2.9186	1.8703	1.4499
-2.9186	1.8954	0.92587
-2.9186	1.9205	0.49233
-2.9186	1.9456	0.19547
-2.9186	1.9707	0.044641
-2.9186	1.9958	0.0039675
-2.9186	2.0209	0.0074007
-2.9186	2.046	0.018822
-2.9186	2.0711	0.021138
-2.9186	2.0962	0.014919
-2.9186	2.1213	0.0064015
-2.8935	-0.89121	0.0037591
-2.8935	-0.86611	0.0056903
-2.8935	-0.841	0.0069293
-2.8935	-0.8159	0.0071459
-2.8935	-0.79079	0.0061761
-2.8935	-0.76569	0.0044825
-2.8935	-0.74059	0.0026576
-2.8935	-0.087866	0.0029029
-2.8935	-0.062762	0.0035116
-2.8935	-0.037657	0.00271
-2.8935	0.062762	0.0043405
-2.8935	0.087866	0.0070349
-2.8935	0.11297	0.0070292
-2.8935	0.13808	0.0041924
-2.8935	0.21339	0.0049767
-2.8935	0.23849	0.011605
-2.8935	0.2636	0.015589
-2.8935	0.2887	0.013697
-2.8935	0.31381	0.0062505
-2.8935	0.36402	0.0050077
-2.8935	0.38912	0.023351
-2.8935	0.41423	0.049698
-2.8935	0.43933	0.073796
-2.8935	0.46444	0.08355
-2.8935	0.48954	0.07593
-2.8935	0.51464	0.053784
-2.8935	0.53975	0.02896
-2.8935	0.56485	0.011141
-2.8935	0.58996	0.0024692
-2.8935	0.71548	0.0038976
-2.8935	0.74059	0.008539
-2.8935	0.76569	0.010657
-2.8935	0.79079	0.0082091
-2.8935	0.8159	0.0029872
-2.8935	0.86611	0.0050396
-2.8935	0.89121	0.01586
-2.8935	0.91632	0.024717
-2.8935	0.94142	0.024265
-2.8935	0.96653	0.013718
-2.8935	0.99163	0.0022865
-2.8935	1.0167	0.0026715
-2.8935	1.0418	0.017278
-2.8935	1.0669	0.037128
-2.8935	1.0921	0.046064
-2.8935	1.1172	0.036722
-2.8935	1.1423	0.015238
-2.8935	1.1925	0.011182
-2.8935	1.2176	0.044562
-2.8935	1.2427	0.075065
-2.8935	1.2678	0.078384
-2.8935	1.2929	0.048822
-2.8935	1.318	0.011212
-2.8935	1.3431	0.0053778
-2.8935	1.3682	0.043534
-2.8935	1.3933	0.10691
-2.8935	1.4184	0.14616
-2.8935	1.4435	0.13006
-2.8935	1.4686	0.063153
-2.8935	1.4937	0.0087211
-2.8935	1.5188	0.025963
-2.8935	1.5439	0.13692
-2.8935	1.569	0.27097
-2.8935	1.5941	0.32367
-2.8935	1.6192	0.24366
-2.8935	1.6444	0.08518
-2.8935	1.6695	0.020007
-2.8935	1.6946	0.21487
-2.8935	1.7197	0.78798
-2.8935	1.7448	1.6505
-2.8935	1.7699	2.5621
-2.8935	1.795	3.1827
-2.8935	1.8201	3.353
-2.8935	1.8452	3.0176
-2.8935	1.8703	2.3014
-2.8935	1.8954	1.4782
-2.8935	1.9205	0.77175
-2.8935	1.9456	0.29697
-2.8935	1.9707	0.059148
-2.8935	1.9958	0.0046613
-2.8935	2.0209	0.018744
-2.8935	2.046	0.040229
-2.8935	2.0711	0.041867
-2.8935	2.0962	0.0276
-2.8935	2.1213	0.011098
-2.8935	2.1967	0.0026876
-2.8935	2.2218	0.0043366
-2.8935	2.2469	0.0036693
-2.8935	2.272	0.0020116
-2.8685	-0.91632	0.0038735
-2.8685	-0.89121	0.007559
-2.8685	-0.86611	0.011616
-2.8685	-0.841	0.0148
-2.8685	-0.8159	0.016012
-2.8685	-0.79079	0.014661
-2.8685	-0.76569	0.011495
-2.8685	-0.74059	0.0073361
-2.8685	-0.71548	0.0036648
-2.8685	0.062762	0.0035313
-2.8685	0.087866	0.0054473
-2.8685	0.11297	0.0051453
-2.8685	0.13808	0.002819
-2.8685	0.21339	0.0057556
-2.8685	0.23849	0.012408
-2.8685	0.2636	0.016128
-2.8685	0.2887	0.013724
-2.8685	0.31381	0.0057015
-2.8685	0.36402	0.009935
-2.8685	0.38912	0.040721
-2.8685	0.41423	0.089729
-2.8685	0.43933	0.14549
-2.8685	0.46444	0.18514
-2.8685	0.48954	0.19908
-2.8685	0.51464	0.1779
-2.8685	0.53975	0.13501
-2.8685	0.56485	0.085233
-2.8685	0.58996	0.042336
-2.8685	0.61506	0.015036
-2.8685	0.64017	0.0035344
-2.8685	0.89121	0.0025746
-2.8685	0.91632	0.0042106
-2.8685	0.94142	0.0041952
-2.8685	0.96653	0.0021489
-2.8685	1.0418	0.0054652
-2.8685	1.0669	0.011143
-2.8685	1.0921	0.013199
-2.8685	1.1172	0.0097403
-2.8685	1.1423	0.0034806
-2.8685	1.1925	0.0053977
-2.8685	1.2176	0.0173
-2.8685	1.2427	0.027785
-2.8685	1.2678	0.027458
-2.8685	1.2929	0.015381
-2.8685	1.318	0.0025518
-2.8685	1.3431	0.0037336
-2.8685	1.3682	0.023122
-2.8685	1.3933	0.050075
-2.8685	1.4184	0.064553
-2.8685	1.4435	0.054078
-2.8685	1.4686	0.023232
-2.8685	1.4937	0.0022787
-2.8685	1.5188	0.019967
-2.8685	1.5439	0.082415
-2.8685	1.569	0.15708
-2.8685	1.5941	0.1788
-2.8685	1.6192	0.12521
-2.8685	1.6444	0.035527
-2.8685	1.6695	0.020746
-2.8685	1.6946	0.19144
-2.8685	1.7197	0.63353
-2.8685	1.7448	1.3233
-2.8685	1.7699	2.0831
-2.8685	1.795	2.6376
-2.8685	1.8201	2.8432
-2.8685	1.8452	2.6331
-2.8685	1.8703	2.0402
-2.8685	1.8954	1.3349
-2.8685	1.9205	0.70319
-2.8685	1.9456	0.26937
-2.8685	1.9707	0.046441
-2.8685	1.9958	0.0052932
-2.8685	2.0209	0.03064
-2.8685	2.046	0.05787
-2.8685	2.0711	0.057838
-2.8685	2.0962	0.037096
-2.8685	2.1213	0.013932
-2.8685	2.1967	0.0055936
-2.8685	2.2218	0.0082257
-2.8685	2.2469	0.0066905
-2.8685	2.272	0.0034777
-2.8434	-0.94142	0.0024159
-2.8434	-0.91632	0.0068923
-2.8434	-0.89121	0.013115
-2.8434	-0.86611	0.020052
-2.8434	-0.841	0.025597
-2.8434	-0.8159	0.028178
-2.8434	-0.79079	0.026221
-2.8434	-0.76569	0.021024
-2.8434	-0.74059	0.013601
-2.8434	-0.71548	0.0070157
-2.8434	-0.69038	0.0022368
-2.8434	0.062762	0.002547
-2.8434	0.087866	0.0036335
-2.8434	0.11297	0.0033074
-2.8434	0.21339	0.0056852
-2.8434	0.23849	0.011351
-2.8434	0.2636	0.014264
-2.8434	0.2887	0.011437
-2.8434	0.31381	0.0041661
-2.8434	0.36402	0.014067
-2.8434	0.38912	0.053504
-2.8434	0.41423	0.11611
-2.8434	0.43933	0.18894
-2.8434	0.46444	0.24966
-2.8434	0.48954	0.27945
-2.8434	0.51464	0.26317
-2.8434	0.53975	0.21309
-2.8434	0.56485	0.14324
-2.8434	0.58996	0.079587
-2.8434	0.61506	0.030751
-2.8434	0.64017	0.0075377
-2.8434	0.71548	0.0037797
-2.8434	0.74059	0.0039363
-2.8434	0.76569	0.0024999
-2.8434	1.0669	0.0024325
-2.8434	1.0921	0.0028649
-2.8434	1.1172	0.0020349
-2.8434	1.1925	0.0021584
-2.8434	1.2176	0.0059266
-2.8434	1.2427	0.0091677
-2.8434	1.2678	0.0088219
-2.8434	1.2929	0.004247
-2.8434	1.3431	0.0022427
-2.8434	1.3682	0.010156
-2.8434	1.3933	0.020983
-2.8434	1.4184	0.025409
-2.8434	1.4435	0.019949
-2.8434	1.4686	0.0079959
-2.8434	1.5188	0.012149
-2.8434	1.5439	0.04083
-2.8434	1.569	0.073092
-2.8434	1.5941	0.077996
-2.8434	1.6192	0.051363
-2.8434	1.6444	0.010196
-2.8434	1.6695	0.015387
-2.8434	1.6946	0.1246
-2.8434	1.7197	0.35654
-2.8434	1.7448	0.72025
-2.8434	1.7699	1.1198
-2.8434	1.795	1.4071
-2.8434	1.8201	1.5087
-2.8434	1.8452	1.384
-2.8434	1.8703	1.0872
-2.8434	1.8954	0.69747
-2.8434	1.9205	0.37343
-2.8434	1.9456	0.12343
-2.8434	1.9707	0.018437
-2.8434	1.9958	0.004306
-2.8434	2.0209	0.025591
-2.8434	2.046	0.042742
-2.8434	2.0711	0.040569
-2.8434	2.0962	0.025209
-2.8434	2.1213	0.0085267
-2.8434	2.1967	0.0059387
-2.8434	2.2218	0.0081041
-2.8434	2.2469	0.0064519
-2.8434	2.272	0.0030972
-2.8184	-0.94142	0.0042657
-2.8184	-0.91632	0.011156
-2.8184	-0.89121	0.021136
-2.8184	-0.86611	0.03309
-2.8184	-0.841	0.042553
-2.8184	-0.8159	0.046572
-2.8184	-0.79079	0.043534
-2.8184	-0.76569	0.034967
-2.8184	-0.74059	0.022429
-2.8184	-0.71548	0.011354
-2.8184	-0.69038	0.0033047
-2.8184	-0.61506	0.0021393
-2.8184	-0.58996	0.0029456
-2.8184	-0.56485	0.002618
-2.8184	0.21339	0.0049902
-2.8184	0.23849	0.0092097
-2.8184	0.2636	0.011081
-2.8184	0.2887	0.0082979
-2.8184	0.31381	0.0025985
-2.8184	0.36402	0.017582
-2.8184	0.38912	0.060683
-2.8184	0.41423	0.12777
-2.8184	0.43933	0.20834
-2.8184	0.46444	0.27758
-2.8184	0.48954	0.31486
-2.8184	0.51464	0.30203
-2.8184	0.53975	0.24958
-2.8184	0.56485	0.17205
-2.8184	0.58996	0.094794
-2.8184	0.61506	0.03684
-2.8184	0.64017	0.008445
-2.8184	0.69038	0.0041242
-2.8184	0.71548	0.0086502
-2.8184	0.74059	0.0095282
-2.8184	0.76569	0.0061284
-2.8184	0.79079	0.0026494
-2.8184	1.2427	0.0023868
-2.8184	1.2678	0.0022832
-2.8184	1.3682	0.0045361
-2.8184	1.3933	0.0080935
-2.8184	1.4184	0.009483
-2.8184	1.4435	0.0068443
-2.8184	1.4686	0.0020241
-2.8184	1.5188	0.0069337
-2.8184	1.5439	0.019805
-2.8184	1.569	0.03299
-2.8184	1.5941	0.033545
-2.8184	1.6192	0.02021
-2.8184	1.6444	0.0024741
-2.8184	1.6695	0.01296
-2.8184	1.6946	0.074686
-2.8184	1.7197	0.20571
-2.8184	1.7448	0.38069
-2.8184	1.7699	0.57953
-2.8184	1.795	0.71503
-2.8184	1.8201	0.75191
-2.8184	1.8452	0.68345
-2.8184	1.8703	0.52596
-2.8184	1.8954	0.32758
-2.8184	1.9205	0.17036
-2.8184	1.9456	0.050453
-2.8184	1.9707	0.0056202
-2.8184	1.9958	0.0037475
-2.8184	2.0209	0.015982
-2.8184	2.046	0.02421
-2.8184	2.0711	0.021557
-2.8184	2.0962	0.01252
-2.8184	2.1213	0.0036639
-2.8184	2.1967	0.0040558
-2.8184	2.2218	0.0050555
-2.8184	2.2469	0.0037362
-2.7933	-0.94142	0.0050525
-2.7933	-0.91632	0.013465
-2.7933	-0.89121	0.026188
-2.7933	-0.86611	0.041179
-2.7933	-0.841	0.054732
-2.7933	-0.8159	0.06185
-2.7933	-0.79079	0.059762
-2.7933	-0.76569	0.048063
-2.7933	-0.74059	0.031544
-2.7933	-0.71548	0.015527
-2.7933	-0.69038	0.0042426
-2.7933	-0.61506	0.0046571
-2.7933	-0.58996	0.0060505
-2.7933	-0.56485	0.0051456
-2.7933	-0.53975	0.0026152
-2.7933	-0.41423	0.0023816
-2.7933	0.21339	0.0035761
-2.7933	0.23849	0.006358
-2.7933	0.2636	0.0072875
-2.7933	0.2887	0.0050865
-2.7933	0.33891	0.0024083
-2.7933	0.36402	0.01909
-2.7933	0.38912	0.060565
-2.7933	0.41423	0.1259
-2.7933	0.43933	0.20485
-2.7933	0.46444	0.27466
-2.7933	0.48954	0.31398
-2.7933	0.51464	0.30383
-2.7933	0.53975	0.25353
-2.7933	0.56485	0.17522
-2.7933	0.58996	0.096083
-2.7933	0.61506	0.035738
-2.7933	0.64017	0.0073105
-2.7933	0.69038	0.0072544
-2.7933	0.71548	0.013665
-2.7933	0.74059	0.014353
-2.7933	0.76569	0.0093966
-2.7933	0.79079	0.0035806
-2.7933	0.86611	0.0022312
-2.7933	0.89121	0.0032144
-2.7933	0.91632	0.0027766
-2.7933	1.3933	0.0025239
-2.7933	1.4184	0.002892
-2.7933	1.4435	0.002056
-2.7933	1.5188	0.0035473
-2.7933	1.5439	0.0089472
-2.7933	1.569	0.014386
-2.7933	1.5941	0.014155
-2.7933	1.6192	0.0076698
-2.7933	1.6695	0.009417
-2.7933	1.6946	0.04434
-2.7933	1.7197	0.11501
-2.7933	1.7448	0.21387
-2.7933	1.7699	0.30633
-2.7933	1.795	0.36976
-2.7933	1.8201	0.38718
-2.7933	1.8452	0.34653
-2.7933	1.8703	0.26306
-2.7933	1.8954	0.1604
-2.7933	1.9205	0.07384
-2.7933	1.9456	0.024386
-2.7933	1.9958	0.0027385
-2.7933	2.0209	0.010235
-2.7933	2.046	0.01407
-2.7933	2.0711	0.011571
-2.7933	2.0962	0.0061716
-2.7933	2.1967	0.0026149
-2.7933	2.2218	0.0029925
-2.7933	2.2469	0.0020499
-2.7683	-0.94142	0.0027075
-2.7683	-0.91632	0.0074842
-2.7683	-0.89121	0.014852
-2.7683	-0.86611	0.02371
-2.7683	-0.841	0.032662
-2.7683	-0.8159	0.03966
-2.7683	-0.79079	0.039857
-2.7683	-0.76569	0.034452
-2.7683	-0.74059	0.023079
-2.7683	-0.71548	0.011854
-2.7683	-0.69038	0.0031406
-2.7683	-0.64017	0.0024145
-2.7683	-0.61506	0.0060693
-2.7683	-0.58996	0.0077937
-2.7683	-0.56485	0.0065225
-2.7683	-0.53975	0.0032487
-2.7683	-0.46444	0.0022684
-2.7683	-0.43933	0.0043109
-2.7683	-0.41423	0.0049636
-2.7683	-0.38912	0.0033817
-2.7683	-0.2636	0.002645
-2.7683	-0.23849	0.0024151
-2.7683	0.23849	0.0029771
-2.7683	0.2636	0.0034437
-2.7683	0.2887	0.0022605
-2.7683	0.33891	0.0027293
-2.7683	0.36402	0.017067
-2.7683	0.38912	0.053542
-2.7683	0.41423	0.10864
-2.7683	0.43933	0.17789
-2.7683	0.46444	0.24267
-2.7683	0.48954	0.28176
-2.7683	0.51464	0.27581
-2.7683	0.53975	0.23278
-2.7683	0.56485	0.16036
-2.7683	0.58996	0.087448
-2.7683	0.61506	0.030594
-2.7683	0.64017	0.0053735
-2.7683	0.69038	0.010586
-2.7683	0.71548	0.017779
-2.7683	0.74059	0.017868
-2.7683	0.76569	0.010948
-2.7683	0.79079	0.003802
-2.7683	0.86611	0.004329
-2.7683	0.89121	0.0058394
-2.7683	0.91632	0.0049331
-2.7683	0.94142	0.0026425
-2.7683	1.5439	0.0036646
-2.7683	1.569	0.0052931
-2.7683	1.5941	0.0050372
-2.7683	1.6192	0.0025586
-2.7683	1.6695	0.006097
-2.7683	1.6946	0.024392
-2.7683	1.7197	0.061034
-2.7683	1.7448	0.11085
-2.7683	1.7699	0.15811
-2.7683	1.795	0.19194
-2.7683	1.8201	0.19804
-2.7683	1.8452	0.176
-2.7683	1.8703	0.12727
-2.7683	1.8954	0.078718
-2.7683	1.9205	0.034248
-2.7683	1.9456	0.010548
-2.7683	1.9958	0.0025469
-2.7683	2.0209	0.0066745
-2.7683	2.046	0.008368
-2.7683	2.0711	0.0065822
-2.7683	2.0962	0.0031078
-2.7432	-0.91632	0.0025366
-2.7432	-0.89121	0.0045739
-2.7432	-0.86611	0.0081625
-2.7432	-0.841	0.01134
-2.7432	-0.8159	0.014114
-2.7432	-0.79079	0.014412
-2.7432	-0.76569	0.012244
-2.7432	-0.74059	0.0084887
-2.7432	-0.71548	0.0037272
-2.7432	-0.61506	0.0034852
-2.7432	-0.58996	0.0044183
-2.7432	-0.56485	0.0035859
-2.7432	-0.46444	0.0021721
-2.7432	-0.43933	0.0041707
-2.7432	-0.41423	0.0046929
-2.7432	-0.38912	0.0032785
-2.7432	-0.2887	0.0032278
-2.7432	-0.2636	0.0046321
-2.7432	-0.23849	0.0042007
-2.7432	-0.21339	0.0022043
-2.7432	-0.13808	0.0020918
-2.7432	-0.11297	0.0038328
-2.7432	-0.087866	0.0043
-2.7432	-0.062762	0.0030344
-2.7432	0.062762	0.002385
-2.7432	0.33891	0.0020739
-2.7432	0.36402	0.010437
-2.7432	0.38912	0.031641
-2.7432	0.41423	0.07093
-2.7432	0.43933	0.12419
-2.7432	0.46444	0.1749
-2.7432	0.48954	0.2127
-2.7432	0.51464	0.21504
-2.7432	0.53975	0.1864
-2.7432	0.56485	0.13155
-2.7432	0.58996	0.069679
-2.7432	0.61506	0.023315
-2.7432	0.64017	0.0029389
-2.7432	0.66527	0.003336
-2.7432	0.69038	0.01341
-2.7432	0.71548	0.02081
-2.7432	0.74059	0.019962
-2.7432	0.76569	0.011779
-2.7432	0.79079	0.0035128
-2.7432	0.841	0.0027467
-2.7432	0.86611	0.0068524
-2.7432	0.89121	0.0086665
-2.7432	0.91632	0.0070998
-2.7432	0.94142	0.0034284
-2.7432	1.0418	0.0035308
-2.7432	1.0669	0.0036714
-2.7432	1.0921	0.0024088
-2.7432	1.6695	0.0029336
-2.7432	1.6946	0.0099377
-2.7432	1.7197	0.02701
-2.7432	1.7448	0.046761
-2.7432	1.7699	0.071689
-2.7432	1.795	0.08873
-2.7432	1.8201	0.092928
-2.7432	1.8452	0.083071
-2.7432	1.8703	0.062565
-2.7432	1.8954	0.036184
-2.7432	1.9205	0.016402
-2.7432	1.9456	0.003577
-2.7432	2.0209	0.0042665
-2.7432	2.046	0.0049418
-2.7432	2.0711	0.0036819
-2.7182	-0.86611	0.0019948
-2.7182	-0.841	0.0030535
-2.7182	-0.8159	0.0038355
-2.7182	-0.79079	0.0040928
-2.7182	-0.76569	0.0035165
-2.7182	-0.74059	0.0024399
-2.7182	-0.43933	0.0020545
-2.7182	-0.41423	0.0022703
-2.7182	-0.2887	0.0024125
-2.7182	-0.2636	0.003308
-2.7182	-0.23849	0.0029214
-2.7182	-0.13808	0.0026417
-2.7182	-0.11297	0.0048224
-2.7182	-0.087866	0.0053608
-2.7182	-0.062762	0.0035854
-2.7182	0.012552	0.002007
-2.7182	0.037657	0.0053365
-2.7182	0.062762	0.0073967
-2.7182	0.087866	0.006621
-2.7182	0.11297	0.0033357
-2.7182	0.18828	0.0034752
-2.7182	0.21339	0.0062285
-2.7182	0.23849	0.0062642
-2.7182	0.2636	0.0041245
-2.7182	0.33891	0.0020019
-2.7182	0.36402	0.0055056
-2.7182	0.38912	0.012901
-2.7182	0.41423	0.023133
-2.7182	0.43933	0.042949
-2.7182	0.46444	0.069095
-2.7182	0.48954	0.097569
-2.7182	0.51464	0.11059
-2.7182	0.53975	0.10701
-2.7182	0.56485	0.077644
-2.7182	0.58996	0.04371
-2.7182	0.61506	0.014418
-2.7182	0.66527	0.0042577
-2.7182	0.69038	0.01454
-2.7182	0.71548	0.021305
-2.7182	0.74059	0.019891
-2.7182	0.76569	0.011125
-2.7182	0.79079	0.0028719
-2.7182	0.841	0.004351
-2.7182	0.86611	0.0096884
-2.7182	0.89121	0.011633
-2.7182	0.91632	0.0089591
-2.7182	0.94142	0.0039809
-2.7182	1.0167	0.003773
-2.7182	1.0418	0.0061736
-2.7182	1.0669	0.0061944
-2.7182	1.0921	0.0036683
-2.7182	1.1925	0.0030264
-2.7182	1.2176	0.0036653
-2.7182	1.2427	0.0028176
-2.7182	1.6946	0.0022138
-2.7182	1.7197	0.0068744
-2.7182	1.7448	0.012763
-2.7182	1.7699	0.02211
-2.7182	1.795	0.029513
-2.7182	1.8201	0.033268
-2.7182	1.8452	0.031363
-2.7182	1.8703	0.02336
-2.7182	1.8954	0.014586
-2.7182	1.9205	0.005693
-2.7182	2.0209	0.0025206
-2.7182	2.046	0.002737
-2.6931	-2.2218	0.0022879
-2.6931	-2.1967	0.0026062
-2.6931	-2.1715	0.0024625
-2.6931	-0.11297	0.003112
-2.6931	-0.087866	0.0032848
-2.6931	-0.062762	0.0020599
-2.6931	0.012552	0.002252
-2.6931	0.037657	0.0053425
-2.6931	0.062762	0.0072095
-2.6931	0.087866	0.0063386
-2.6931	0.11297	0.0030454
-2.6931	0.18828	0.0072244
-2.6931	0.21339	0.013478
-2.6931	0.23849	0.015427
-2.6931	0.2636	0.010792
-2.6931	0.2887	0.0031508
-2.6931	0.33891	0.0099589
-2.6931	0.36402	0.030753
-2.6931	0.38912	0.053527
-2.6931	0.41423	0.071681
-2.6931	0.43933	0.073461
-2.6931	0.46444	0.06161
-2.6931	0.48954	0.048234
-2.6931	0.51464	0.037498
-2.6931	0.53975	0.028577
-2.6931	0.56485	0.02112
-2.6931	0.58996	0.014193
-2.6931	0.61506	0.0048094
-2.6931	0.66527	0.0028655
-2.6931	0.69038	0.009568
-2.6931	0.71548	0.01455
-2.6931	0.74059	0.01416
-2.6931	0.76569	0.0078182
-2.6931	0.841	0.0056074
-2.6931	0.86611	0.011596
-2.6931	0.89121	0.013377
-2.6931	0.91632	0.0098611
-2.6931	0.94142	0.0039776
-2.6931	1.0167	0.0063796
-2.6931	1.0418	0.0097958
-2.6931	1.0669	0.009279
-2.6931	1.0921	0.0052368
-2.6931	1.1674	0.0029217
-2.6931	1.1925	0.0062737
-2.6931	1.2176	0.0072488
-2.6931	1.2427	0.0053151
-2.6931	1.2678	0.0022426
-2.6931	1.3431	0.003025
-2.6931	1.3682	0.0048192
-2.6931	1.3933	0.0046282
-2.6931	1.4184	0.0027321
-2.6931	1.5188	0.0023561
-2.6931	1.5439	0.0027902
-2.6931	1.569	0.00212
-2.6931	1.795	0.0026758
-2.6931	1.8201	0.0045101
-2.6931	1.8452	0.0054357
-2.6931	1.8703	0.0050061
-2.6931	1.8954	0.0036302
-2.6681	-2.2218	0.0025951
-2.6681	-2.1967	0.0033802
-2.6681	-2.1715	0.0037406
-2.6681	-2.1464	0.0034897
-2.6681	-2.1213	0.0027034
-2.6681	0.037657	0.003782
-2.6681	0.062762	0.0047621
-2.6681	0.087866	0.0038936
-2.6681	0.18828	0.0071124
-2.6681	0.21339	0.012657
-2.6681	0.23849	0.01417
-2.6681	0.2636	0.0095182
-2.6681	0.2887	0.0022188
-2.6681	0.31381	0.0021578
-2.6681	0.33891	0.017911
-2.6681	0.36402	0.054524
-2.6681	0.38912	0.10602
-2.6681	0.41423	0.1573
-2.6681	0.43933	0.18677
-2.6681	0.46444	0.18685
-2.6681	0.48954	0.15847
-2.6681	0.51464	0.11228
-2.6681	0.53975	0.064971
-2.6681	0.56485	0.030697
-2.6681	0.58996	0.011006
-2.6681	0.61506	0.0022065
-2.6681	0.71548	0.0025664
-2.6681	0.74059	0.0031181
-2.6681	0.76569	0.0021748
-2.6681	0.841	0.003271
-2.6681	0.86611	0.0068403
-2.6681	0.89121	0.0084006
-2.6681	0.91632	0.0064867
-2.6681	0.94142	0.0024931
-2.6681	0.99163	0.0028676
-2.6681	1.0167	0.0081951
-2.6681	1.0418	0.011972
-2.6681	1.0669	0.011069
-2.6681	1.0921	0.0058104
-2.6681	1.1674	0.0057884
-2.6681	1.1925	0.011223
-2.6681	1.2176	0.012285
-2.6681	1.2427	0.008649
-2.6681	1.2678	0.0030719
-2.6681	1.318	0.0024264
-2.6681	1.3431	0.0075551
-2.6681	1.3682	0.011183
-2.6681	1.3933	0.01036
-2.6681	1.4184	0.0056738
-2.6681	1.4937	0.0038145
-2.6681	1.5188	0.0082727
-2.6681	1.5439	0.0099894
-2.6681	1.569	0.0078548
-2.6681	1.5941	0.0033759
-2.6681	1.6695	0.0069833
-2.6681	1.6946	0.013582
-2.6681	1.7197	0.017689
-2.6681	1.7448	0.017667
-2.6681	1.7699	0.014033
-2.6681	1.795	0.0088221
-2.6681	1.8201	0.004153
-2.643	-2.1967	0.0022211
-2.643	-2.1715	0.0024838
-2.643	-2.1464	0.0023761
-2.643	-0.91632	0.0022337
-2.643	-0.89121	0.0028949
-2.643	-0.86611	0.0031638
-2.643	-0.841	0.002879
-2.643	-0.8159	0.0022319
-2.643	0.037657	0.0024907
-2.643	0.062762	0.0029216
-2.643	0.087866	0.0021861
-2.643	0.18828	0.005805
-2.643	0.21339	0.0097174
-2.643	0.23849	0.010243
-2.643	0.2636	0.0062475
-2.643	0.31381	0.0030222
-2.643	0.33891	0.019971
-2.643	0.36402	0.057119
-2.643	0.38912	0.11126
-2.643	0.41423	0.16771
-2.643	0.43933	0.20752
-2.643	0.46444	0.21886
-2.643	0.48954	0.19793
-2.643	0.51464	0.15031
-2.643	0.53975	0.095103
-2.643	0.56485	0.047699
-2.643	0.58996	0.016849
-2.643	0.61506	0.0023988
-2.643	0.66527	0.0020587
-2.643	0.69038	0.0033871
-2.643	0.71548	0.003048
-2.643	1.0167	0.0035436
-2.643	1.0418	0.0053622
-2.643	1.0669	0.0052701
-2.643	1.0921	0.0027591
-2.643	1.1674	0.0061957
-2.643	1.1925	0.011532
-2.643	1.2176	0.012662
-2.643	1.2427	0.0086863
-2.643	1.2678	0.0027835
-2.643	1.318	0.0050996
-2.643	1.3431	0.013887
-2.643	1.3682	0.019699
-2.643	1.3933	0.017723
-2.643	1.4184	0.0090671
-2.643	1.4937	0.010969
-2.643	1.5188	0.022035
-2.643	1.5439	0.025688
-2.643	1.569	0.019574
-2.643	1.5941	0.0076092
-2.643	1.6444	0.007418
-2.643	1.6695	0.029953
-2.643	1.6946	0.059349
-2.643	1.7197	0.086032
-2.643	1.7448	0.095724
-2.643	1.7699	0.090196
-2.643	1.795	0.070614
-2.643	1.8201	0.047032
-2.643	1.8452	0.024665
-2.643	1.8703	0.011497
-2.643	1.8954	0.0034732
-2.618	-0.94142	0.0026998
-2.618	-0.91632	0.0044393
-2.618	-0.89121	0.0059737
-2.618	-0.86611	0.0067663
-2.618	-0.841	0.0064679
-2.618	-0.8159	0.0053273
-2.618	-0.79079	0.003552
-2.618	-0.76569	0.0019874
-2.618	0.18828	0.0044083
-2.618	0.21339	0.0068997
-2.618	0.23849	0.006838
-2.618	0.2636	0.003764
-2.618	0.31381	0.0035963
-2.618	0.33891	0.019331
-2.618	0.36402	0.051602
-2.618	0.38912	0.098945
-2.618	0.41423	0.14784
-2.618	0.43933	0.18353
-2.618	0.46444	0.19555
-2.618	0.48954	0.1793
-2.618	0.51464	0.13787
-2.618	0.53975	0.088537
-2.618	0.56485	0.044312
-2.618	0.58996	0.015159
-2.618	0.66527	0.0041017
-2.618	0.69038	0.0063349
-2.618	0.71548	0.005693
-2.618	0.74059	0.0033363
-2.618	1.1674	0.0020323
-2.618	1.1925	0.0036534
-2.618	1.2176	0.0041474
-2.618	1.2427	0.0027256
-2.618	1.318	0.0038765
-2.618	1.3431	0.010105
-2.618	1.3682	0.014363
-2.618	1.3933	0.013381
-2.618	1.4184	0.006313
-2.618	1.4686	0.0036476
-2.618	1.4937	0.01664
-2.618	1.5188	0.032225
-2.618	1.5439	0.038121
-2.618	1.569	0.02906
-2.618	1.5941	0.010603
-2.618	1.6444	0.021537
-2.618	1.6695	0.083484
-2.618	1.6946	0.16136
-2.618	1.7197	0.24028
-2.618	1.7448	0.28485
-2.618	1.7699	0.28281
-2.618	1.795	0.23379
-2.618	1.8201	0.16613
-2.618	1.8452	0.096634
-2.618	1.8703	0.049163
-2.618	1.8954	0.017137
-2.618	1.9205	0.0033785
-2.5929	-0.96653	0.0020581
-2.5929	-0.94142	0.0041984
-2.5929	-0.91632	0.0069743
-2.5929	-0.89121	0.0092965
-2.5929	-0.86611	0.010781
-2.5929	-0.841	0.010468
-2.5929	-0.8159	0.0087793
-2.5929	-0.79079	0.0059881
-2.5929	-0.76569	0.0033605
-2.5929	0.18828	0.0031425
-2.5929	0.21339	0.0045165
-2.5929	0.23849	0.004225
-2.5929	0.31381	0.0037881
-2.5929	0.33891	0.017038
-2.5929	0.36402	0.043467
-2.5929	0.38912	0.080669
-2.5929	0.41423	0.11865
-2.5929	0.43933	0.14691
-2.5929	0.46444	0.15591
-2.5929	0.48954	0.14289
-2.5929	0.51464	0.10931
-2.5929	0.53975	0.06985
-2.5929	0.56485	0.033967
-2.5929	0.58996	0.010973
-2.5929	0.66527	0.0051324
-2.5929	0.69038	0.0072956
-2.5929	0.71548	0.0063608
-2.5929	0.74059	0.0035563
-2.5929	1.3431	0.0028821
-2.5929	1.3682	0.0039734
-2.5929	1.3933	0.0035785
-2.5929	1.4937	0.0091312
-2.5929	1.5188	0.016586
-2.5929	1.5439	0.020021
-2.5929	1.569	0.014932
-2.5929	1.5941	0.005391
-2.5929	1.6192	0.0023787
-2.5929	1.6444	0.023411
-2.5929	1.6695	0.084185
-2.5929	1.6946	0.18235
-2.5929	1.7197	0.28133
-2.5929	1.7448	0.35978
-2.5929	1.7699	0.3888
-2.5929	1.795	0.34905
-2.5929	1.8201	0.27106
-2.5929	1.8452	0.17396
-2.5929	1.8703	0.088579
-2.5929	1.8954	0.032161
-2.5929	1.9205	0.006852
-2.5929	1.9707	0.0020715
-2.5929	1.9958	0.0040297
-2.5929	2.0209	0.0039438
-2.5929	2.046	0.0023969
-2.5678	-0.96653	0.0024833
-2.5678	-0.94142	0.0051597
-2.5678	-0.91632	0.0085914
-2.5678	-0.89121	0.011732
-2.5678	-0.86611	0.013824
-2.5678	-0.841	0.013655
-2.5678	-0.8159	0.011549
-2.5678	-0.79079	0.0080429
-2.5678	-0.76569	0.0043099
-2.5678	0.21339	0.0026023
-2.5678	0.23849	0.002268
-2.5678	0.31381	0.0032218
-2.5678	0.33891	0.01384
-2.5678	0.36402	0.03298
-2.5678	0.38912	0.060081
-2.5678	0.41423	0.086959
-2.5678	0.43933	0.1067
-2.5678	0.46444	0.11331
-2.5678	0.48954	0.10316
-2.5678	0.51464	0.079476
-2.5678	0.53975	0.049452
-2.5678	0.56485	0.02376
-2.5678	0.58996	0.0063321
-2.5678	0.66527	0.0052004
-2.5678	0.69038	0.0068765
-2.5678	0.71548	0.0056907
-2.5678	0.74059	0.0029656
-2.5678	0.86611	0.0022111
-2.5678	1.4937	0.0028009
-2.5678	1.5188	0.0047997
-2.5678	1.5439	0.0056185
-2.5678	1.569	0.004089
-2.5678	1.6444	0.011623
-2.5678	1.6695	0.041534
-2.5678	1.6946	0.081317
-2.5678	1.7197	0.13423
-2.5678	1.7448	0.17466
-2.5678	1.7699	0.19965
-2.5678	1.795	0.19167
-2.5678	1.8201	0.15569
-2.5678	1.8452	0.10394
-2.5678	1.8703	0.053923
-2.5678	1.8954	0.021196
-2.5678	1.9205	0.0046159
-2.5678	1.9707	0.0029572
-2.5678	1.9958	0.0055319
-2.5678	2.0209	0.0054998
-2.5678	2.046	0.0034132
-2.5428	-0.96653	0.0021585
-2.5428	-0.94142	0.0045702
-2.5428	-0.91632	0.0077934
-2.5428	-0.89121	0.011114
-2.5428	-0.86611	0.013559
-2.5428	-0.841	0.013957
-2.5428	-0.8159	0.01207
-2.5428	-0.79079	0.0085412
-2.5428	-0.76569	0.0046308
-2.5428	0.31381	0.0026821
-2.5428	0.33891	0.0090612
-2.5428	0.36402	0.021776
-2.5428	0.38912	0.037906
-2.5428	0.41423	0.05661
-2.5428	0.43933	0.06931
-2.5428	0.46444	0.073641
-2.5428	0.48954	0.067144
-2.5428	0.51464	0.050087
-2.5428	0.53975	0.031426
-2.5428	0.56485	0.0139
-2.5428	0.58996	0.0033914
-2.5428	0.66527	0.0045583
-2.5428	0.69038	0.0056199
-2.5428	0.71548	0.004429
-2.5428	0.74059	0.0021068
-2.5428	0.86611	0.0022393
-2.5428	1.6444	0.0040842
-2.5428	1.6695	0.014341
-2.5428	1.6946	0.028205
-2.5428	1.7197	0.045497
-2.5428	1.7448	0.059353
-2.5428	1.7699	0.06935
-2.5428	1.795	0.067508
-2.5428	1.8201	0.054446
-2.5428	1.8452	0.037245
-2.5428	1.8703	0.021532
-2.5428	1.8954	0.0070281
-2.5428	1.9958	0.00313
-2.5428	2.0209	0.0030234
-2.5177	-0.99163	0.0020102
-2.5177	-0.96653	0.0039913
-2.5177	-0.94142	0.0065499
-2.5177	-0.91632	0.0085659
-2.5177	-0.89121	0.0095305
-2.5177	-0.86611	0.01043
-2.5177	-0.841	0.010079
-2.5177	-0.8159	0.0089
-2.5177	-0.79079	0.0065205
-2.5177	-0.76569	0.0036867
-2.5177	0.33891	0.0048762
-2.5177	0.36402	0.010932
-2.5177	0.38912	0.020636
-2.5177	0.41423	0.030098
-2.5177	0.43933	0.037793
-2.5177	0.46444	0.040443
-2.5177	0.48954	0.037077
-2.5177	0.51464	0.028782
-2.5177	0.53975	0.017365
-2.5177	0.56485	0.0072241
-2.5177	0.66527	0.0034793
-2.5177	0.69038	0.0040326
-2.5177	0.71548	0.0029664
-2.5177	1.6695	0.0028441
-2.5177	1.6946	0.0069223
-2.5177	1.7197	0.011772
-2.5177	1.7448	0.015705
-2.5177	1.7699	0.01931
-2.5177	1.795	0.019402
-2.5177	1.8201	0.016029
-2.5177	1.8452	0.011032
-2.5177	1.8703	0.0064821
-2.5177	1.8954	0.0020904
-2.4927	-0.99163	0.003799
-2.4927	-0.96653	0.008315
-2.4927	-0.94142	0.014017
-2.4927	-0.91632	0.018625
-2.4927	-0.89121	0.020766
-2.4927	-0.86611	0.019526
-2.4927	-0.841	0.015692
-2.4927	-0.8159	0.010224
-2.4927	-0.79079	0.00595
-2.4927	-0.76569	0.0024126
-2.4927	0.36402	0.0031672
-2.4927	0.38912	0.0067757
-2.4927	0.41423	0.010606
-2.4927	0.43933	0.014194
-2.4927	0.46444	0.016293
-2.4927	0.48954	0.015567
-2.4927	0.51464	0.011967
-2.4927	0.53975	0.0076937
-2.4927	0.56485	0.0029867
-2.4927	0.66527	0.002243
-2.4927	0.69038	0.0024639
-2.4927	1.7448	0.0025655
-2.4927	1.7699	0.0032988
-2.4927	1.795	0.0036715
-2.4927	1.8201	0.0033062
-2.4927	1.8452	0.0025089
-2.4676	-0.99163	0.0044873
-2.4676	-0.96653	0.0099203
-2.4676	-0.94142	0.016596
-2.4676	-0.91632	0.022879
-2.4676	-0.89121	0.026713
-2.4676	-0.86611	0.026728
-2.4676	-0.841	0.022421
-2.4676	-0.8159	0.015764
-2.4676	-0.79079	0.0087453
-2.4676	-0.76569	0.003514
-2.4676	0.46444	0.0028773
-2.4676	0.48954	0.0033377
-2.4676	0.51464	0.0029004
-2.4676	0.53975	0.0020158
-2.4426	-0.99163	0.0046009
-2.4426	-0.96653	0.0097917
-2.4426	-0.94142	0.016159
-2.4426	-0.91632	0.022168
-2.4426	-0.89121	0.025942
-2.4426	-0.86611	0.026189
-2.4426	-0.841	0.022189
-2.4426	-0.8159	0.015783
-2.4426	-0.79079	0.0088088
-2.4426	-0.76569	0.003418
-2.4426	0.012552	0.0022672
-2.4426	0.037657	0.0019927
-2.4426	0.16318	0.0021634
-2.4426	0.18828	0.0024866
-2.4426	0.31381	0.0026878
-2.4426	0.33891	0.0052046
-2.4426	0.36402	0.0070254
-2.4426	0.38912	0.0072547
-2.4426	0.41423	0.006106
-2.4426	0.43933	0.0041365
-2.4426	0.46444	0.0022123
-2.4426	1.6695	0.0032984
-2.4426	1.6946	0.0043487
-2.4426	1.7197	0.0045913
-2.4426	1.7448	0.0040588
-2.4426	1.7699	0.0030284
-2.4175	-0.99163	0.0042874
-2.4175	-0.96653	0.0088164
-2.4175	-0.94142	0.014288
-2.4175	-0.91632	0.019374
-2.4175	-0.89121	0.022474
-2.4175	-0.86611	0.022539
-2.4175	-0.841	0.018953
-2.4175	-0.8159	0.013299
-2.4175	-0.79079	0.0072471
-2.4175	-0.76569	0.0026428
-2.4175	-0.66527	0.0020103
-2.4175	-0.012552	0.0031264
-2.4175	0.012552	0.0040517
-2.4175	0.037657	0.0033745
-2.4175	0.13808	0.0030456
-2.4175	0.16318	0.0055246
-2.4175	0.18828	0.006025
-2.4175	0.21339	0.0042294
-2.4175	0.2887	0.0031025
-2.4175	0.31381	0.010928
-2.4175	0.33891	0.020936
-2.4175	0.36402	0.029779
-2.4175	0.38912	0.033998
-2.4175	0.41423	0.032844
-2.4175	0.43933	0.026544
-2.4175	0.46444	0.018176
-2.4175	0.48954	0.010292
-2.4175	0.51464	0.0047231
-2.4175	1.6444	0.0031352
-2.4175	1.6695	0.0054976
-2.4175	1.6946	0.0074214
-2.4175	1.7197	0.0082124
-2.4175	1.7448	0.0076495
-2.4175	1.7699	0.0061179
-2.4175	1.795	0.0041226
-2.4175	1.8201	0.0023016
-2.3925	-0.99163	0.0036871
-2.3925	-0.96653	0.007313
-2.3925	-0.94142	0.011698
-2.3925	-0.91632	0.015565
-2.3925	-0.89121	0.017897
-2.3925	-0.86611	0.017747
-2.3925	-0.841	0.014704
-2.3925	-0.8159	0.01013
-2.3925	-0.79079	0.0053133
-2.3925	-0.012552	0.0022012
-2.3925	0.012552	0.0031444
-2.3925	0.037657	0.0028566
-2.3925	0.13808	0.0062617
-2.3925	0.16318	0.010928
-2.3925	0.18828	0.011604
-2.3925	0.21339	0.0077114
-2.3925	0.23849	0.0020058
-2.3925	0.2887	0.01038
-2.3925	0.31381	0.033336
-2.3925	0.33891	0.060172
-2.3925	0.36402	0.087509
-2.3925	0.38912	0.10068
-2.3925	0.41423	0.10012
-2.3925	0.43933	0.083431
-2.3925	0.46444	0.061059
-2.3925	0.48954	0.036324
-2.3925	0.51464	0.018006
-2.3925	0.53975	0.0059901
-2.3925	1.6444	0.0040867
-2.3925	1.6695	0.0070425
-2.3925	1.6946	0.009496
-2.3925	1.7197	0.010627
-2.3925	1.7448	0.010066
-2.3925	1.7699	0.0082252
-2.3925	1.795	0.0056548
-2.3925	1.8201	0.0032246
-2.3674	-0.99163	0.0028855
-2.3674	-0.96653	0.0056597
-2.3674	-0.94142	0.0087743
-2.3674	-0.91632	0.011541
-2.3674	-0.89121	0.013121
-2.3674	-0.86611	0.012862
-2.3674	-0.841	0.010546
-2.3674	-0.8159	0.0070705
-2.3674	-0.79079	0.0036156
-2.3674	0.13808	0.0039341
-2.3674	0.16318	0.0072159
-2.3674	0.18828	0.0086685
-2.3674	0.21339	0.0058382
-2.3674	0.2636	0.0031728
-2.3674	0.2887	0.02144
-2.3674	0.31381	0.067194
-2.3674	0.33891	0.12699
-2.3674	0.36402	0.19281
-2.3674	0.38912	0.22834
-2.3674	0.41423	0.2361
-2.3674	0.43933	0.20362
-2.3674	0.46444	0.14832
-2.3674	0.48954	0.089707
-2.3674	0.51464	0.043274
-2.3674	0.53975	0.014622
-2.3674	0.56485	0.0023709
-2.3674	0.64017	0.003005
-2.3674	0.66527	0.002841
-2.3674	1.6444	0.0044919
-2.3674	1.6695	0.0075685
-2.3674	1.6946	0.010138
-2.3674	1.7197	0.01134
-2.3674	1.7448	0.010785
-2.3674	1.7699	0.0088527
-2.3674	1.795	0.0061146
-2.3674	1.8201	0.0034809
-2.3424	-0.99163	0.0021057
-2.3424	-0.96653	0.003906
-2.3424	-0.94142	0.0060637
-2.3424	-0.91632	0.0078662
-2.3424	-0.89121	0.008882
-2.3424	-0.86611	0.0085755
-2.3424	-0.841	0.0068411
-2.3424	-0.8159	0.0045161
-2.3424	-0.79079	0.002205
-2.3424	0.2636	0.0020565
-2.3424	0.2887	0.010773
-2.3424	0.31381	0.034365
-2.3424	0.33891	0.087438
-2.3424	0.36402	0.14816
-2.3424	0.38912	0.21278
-2.3424	0.41423	0.2541
-2.3424	0.43933	0.25706
-2.3424	0.46444	0.21193
-2.3424	0.48954	0.14286
-2.3424	0.51464	0.07326
-2.3424	0.53975	0.025162
-2.3424	0.56485	0.0038463
-2.3424	0.61506	0.0056585
-2.3424	0.64017	0.0086643
-2.3424	0.66527	0.0080074
-2.3424	0.69038	0.0047086
-2.3424	1.6444	0.0042794
-2.3424	1.6695	0.0070265
-2.3424	1.6946	0.0093737
-2.3424	1.7197	0.010464
-2.3424	1.7448	0.009934
-2.3424	1.7699	0.0081573
-2.3424	1.795	0.0056008
-2.3424	1.8201	0.0031684
-2.3173	-0.96653	0.0024664
-2.3173	-0.94142	0.0038263
-2.3173	-0.91632	0.0048761
-2.3173	-0.89121	0.0054413
-2.3173	-0.86611	0.0051769
-2.3173	-0.841	0.0041381
-2.3173	-0.8159	0.0026096
-2.3173	0.2887	0.0023667
-2.3173	0.31381	0.0065202
-2.3173	0.33891	0.015759
-2.3173	0.36402	0.030837
-2.3173	0.38912	0.049949
-2.3173	0.41423	0.064207
-2.3173	0.43933	0.07396
-2.3173	0.46444	0.072383
-2.3173	0.48954	0.058018
-2.3173	0.51464	0.037252
-2.3173	0.53975	0.01267
-2.3173	0.61506	0.0075957
-2.3173	0.64017	0.012596
-2.3173	0.66527	0.012265
-2.3173	0.69038	0.0077026
-2.3173	0.71548	0.0025356
-2.3173	0.79079	0.0025192
-2.3173	0.8159	0.0031363
-2.3173	0.841	0.0025094
-2.3173	1.6444	0.0034898
-2.3173	1.6695	0.005725
-2.3173	1.6946	0.007523
-2.3173	1.7197	0.0084106
-2.3173	1.7448	0.0079741
-2.3173	1.7699	0.0065565
-2.3173	1.795	0.0045342
-2.3173	1.8201	0.0025081
-2.2923	-0.94142	0.0021306
-2.2923	-0.91632	0.0027096
-2.2923	-0.89121	0.0029747
-2.2923	-0.86611	0.0028075
-2.2923	-0.841	0.0022025
-2.2923	0.2887	0.0023824
-2.2923	0.31381	0.0048405
-2.2923	0.33891	0.0074858
-2.2923	0.36402	0.0096201
-2.2923	0.38912	0.010861
-2.2923	0.41423	0.012438
-2.2923	0.43933	0.0127
-2.2923	0.46444	0.011407
-2.2923	0.48954	0.009131
-2.2923	0.51464	0.005
-2.2923	0.53975	0.0020177
-2.2923	0.61506	0.0024137
-2.2923	0.64017	0.0042013
-2.2923	0.66527	0.0047627
-2.2923	0.69038	0.0034054
-2.2923	0.79079	0.0030024
-2.2923	0.8159	0.0040789
-2.2923	0.841	0.0035305
-2.2923	1.6444	0.0022938
-2.2923	1.6695	0.0037172
-2.2923	1.6946	0.0050305
-2.2923	1.7197	0.0056991
-2.2923	1.7448	0.0054561
-2.2923	1.7699	0.0045264
-2.2923	1.795	0.0031409
-2.2672	0.16318	0.0021233
-2.2672	0.2887	0.0049377
-2.2672	0.31381	0.0095356
-2.2672	0.33891	0.014284
-2.2672	0.36402	0.017116
-2.2672	0.38912	0.017048
-2.2672	0.41423	0.014749
-2.2672	0.43933	0.010688
-2.2672	0.46444	0.0069438
-2.2672	0.48954	0.0035562
-2.2672	1.6946	0.0024577
-2.2672	1.7197	0.0029009
-2.2672	1.7448	0.0028919
-2.2672	1.7699	0.0024907
-2.2422	0.13808	0.0021464
-2.2422	0.16318	0.002352
-2.2422	0.2636	0.0027539
-2.2422	0.2887	0.0078934
-2.2422	0.31381	0.015513
-2.2422	0.33891	0.022815
-2.2422	0.36402	0.027874
-2.2422	0.38912	0.028527
-2.2422	0.41423	0.025228
-2.2422	0.43933	0.018742
-2.2422	0.46444	0.011845
-2.2422	0.48954	0.0058766
-2.2422	0.51464	0.0022128
-2.2171	0.13808	0.0021583
-2.2171	0.16318	0.0022243
-2.2171	0.2636	0.0037154
-2.2171	0.2887	0.010218
-2.2171	0.31381	0.019507
-2.2171	0.33891	0.028734
-2.2171	0.36402	0.035184
-2.2171	0.38912	0.03648
-2.2171	0.41423	0.032767
-2.2171	0.43933	0.024912
-2.2171	0.46444	0.015687
-2.2171	0.48954	0.0078411
-2.2171	0.51464	0.0028044
-2.2171	1.4435	0.002029
-2.2171	1.4686	0.0023751
-2.2171	1.6192	0.0031397
-2.2171	1.6444	0.003902
-2.2171	1.6695	0.0036128
-2.2171	1.6946	0.0027266
-2.1921	0.2636	0.0044382
-2.1921	0.2887	0.011371
-2.1921	0.31381	0.021071
-2.1921	0.33891	0.030755
-2.1921	0.36402	0.037533
-2.1921	0.38912	0.038918
-2.1921	0.41423	0.035037
-2.1921	0.43933	0.026628
-2.1921	0.46444	0.016852
-2.1921	0.48954	0.0082766
-2.1921	0.51464	0.0028486
-2.1921	1.5941	0.0052433
-2.1921	1.6192	0.010899
-2.1921	1.6444	0.016247
-2.1921	1.6695	0.01859
-2.1921	1.6946	0.017459
-2.1921	1.7197	0.013479
-2.1921	1.7448	0.0086978
-2.1921	1.7699	0.0044089
-2.167	0.2636	0.0046114
-2.167	0.2887	0.011163
-2.167	0.31381	0.02009
-2.167	0.33891	0.02895
-2.167	0.36402	0.035054
-2.167	0.38912	0.036182
-2.167	0.41423	0.032441
-2.167	0.43933	0.024505
-2.167	0.46444	0.015334
-2.167	0.48954	0.0073257
-2.167	0.51464	0.0023651
-2.167	1.5941	0.0033133
-2.167	1.6192	0.0073402
-2.167	1.6444	0.012208
-2.167	1.6695	0.016453
-2.167	1.6946	0.018745
-2.167	1.7197	0.017993
-2.167	1.7448	0.014477
-2.167	1.7699	0.0096455
-2.167	1.795	0.00509
-2.142	0.2636	0.0042148
-2.142	0.2887	0.0097568
-2.142	0.31381	0.017151
-2.142	0.33891	0.024283
-2.142	0.36402	0.029155
-2.142	0.38912	0.02992
-2.142	0.41423	0.02662
-2.142	0.43933	0.019893
-2.142	0.46444	0.012269
-2.142	0.48954	0.005635
-2.142	1.6192	0.0029875
-2.142	1.6444	0.0049958
-2.142	1.6695	0.0067894
-2.142	1.6946	0.0079717
-2.142	1.7197	0.0078914
-2.142	1.7448	0.0067005
-2.142	1.7699	0.004723
-2.142	1.795	0.0026592
-2.1169	0.2636	0.0034042
-2.1169	0.2887	0.0076157
-2.1169	0.31381	0.012958
-2.1169	0.33891	0.018431
-2.1169	0.36402	0.02178
-2.1169	0.38912	0.022175
-2.1169	0.41423	0.019565
-2.1169	0.43933	0.014576
-2.1169	0.46444	0.0085862
-2.1169	0.48954	0.0038242
-2.1169	1.6695	0.0023568
-2.1169	1.6946	0.0027804
-2.1169	1.7197	0.002806
-2.1169	1.7448	0.0023994
-2.0919	0.2636	0.0025306
-2.0919	0.2887	0.0052708
-2.0919	0.31381	0.0087647
-2.0919	0.33891	0.012421
-2.0919	0.36402	0.014582
-2.0919	0.38912	0.014733
-2.0919	0.41423	0.012857
-2.0919	0.43933	0.0093103
-2.0919	0.46444	0.005563
-2.0919	0.48954	0.0022882
-2.0668	0.2887	0.0032135
-2.0668	0.31381	0.0054142
-2.0668	0.33891	0.0073092
-2.0668	0.36402	0.0086157
-2.0668	0.38912	0.0086249
-2.0668	0.41423	0.0074781
-2.0668	0.43933	0.0054516
-2.0668	0.46444	0.0029894
-2.0418	0.31381	0.002747
-2.0418	0.33891	0.0038421
-2.0418	0.36402	0.0044384
-2.0418	0.38912	0.0044002
-2.0418	0.41423	0.0037814
-2.0418	0.43933	0.0025982
-2.0167	0.36402	0.0020028
-1.9916	1.6444	0.0021976
-1.9916	1.6695	0.0020913
-1.9666	1.6192	0.0022936
-1.9666	1.6444	0.0026042
-1.9666	1.6695	0.0024787
-1.9666	1.6946	0.0020446
-1.9415	1.6192	0.0023598
-1.9415	1.6444	0.0026614
-1.9415	1.6695	0.0025237
-1.9415	1.6946	0.0020764
-1.9165	1.6192	0.0021415
-1.9165	1.6444	0.0023916
-1.9165	1.6695	0.0022524
-1.8163	0.31381	0.0019974
-1.3152	0.18828	0.0020741
-1.3152	0.21339	0.0029214
-1.3152	0.23849	0.0033644
-1.3152	0.2636	0.003289
-1.3152	0.2887	0.0027495
-1.2902	0.16318	0.0029491
-1.2902	0.18828	0.0048466
-1.2902	0.21339	0.0070517
-1.2902	0.23849	0.0086098
-1.2902	0.2636	0.0088097
-1.2902	0.2887	0.0076518
-1.2902	0.31381	0.0051524
-1.2902	0.33891	0.0027768
-1.2651	0.13808	0.0072485
-1.2651	0.16318	0.015635
-1.2651	0.18828	0.029544
-1.2651	0.21339	0.052314
-1.2651	0.23849	0.079238
-1.2651	0.2636	0.10068
-1.2651	0.2887	0.10371
-1.2651	0.31381	0.085356
-1.2651	0.33891	0.039263
-1.2651	0.36402	0.012263
-1.2651	0.41423	0.0055073
-1.2651	0.43933	0.0152
-1.2651	0.46444	0.018436
-1.2651	0.48954	0.014743
-1.2651	0.51464	0.0056959
-1.2651	0.58996	0.0023149
-1.2651	0.61506	0.0031552
-1.2651	0.64017	0.0024424
-1.2401	0.087866	0.015008
-1.2401	0.11297	0.070423
-1.2401	0.13808	0.10306
-1.2401	0.16318	0.09825
-1.2401	0.18828	0.11524
-1.2401	0.21339	0.097886
-1.2401	0.23849	0.067086
-1.2401	0.2636	0.053361
-1.2401	0.2887	0.027373
-1.2401	0.31381	0.014127
-1.2401	0.33891	0.0061181
-1.2401	0.64017	0.0020774
-1.2401	0.66527	0.0019939
-1.2401	0.76569	0.0030822
-1.2401	0.79079	0.0044938
-1.2401	0.8159	0.0027691
-1.215	-0.037657	0.006162
-1.215	-0.012552	0.015855
-1.215	0.012552	0.0058462
-1.215	0.087866	0.002015
-1.215	0.11297	0.0045469
-1.215	0.13808	0.0070553
-1.215	0.16318	0.0089773
-1.215	0.18828	0.0097491
-1.215	0.21339	0.0093699
-1.215	0.23849	0.0079107
-1.215	0.2636	0.0059055
-1.215	0.2887	0.0037109
-1.215	0.94142	0.0035454
-1.215	0.96653	0.0025791
-1.19	0.13808	0.0023188
-1.19	0.16318	0.0031939
-1.19	0.18828	0.0036935
-1.19	0.21339	0.0037303
-1.19	0.23849	0.0032674
-1.19	0.2636	0.0024343
-1.1649	-0.18828	0.003869
-1.1399	1.2678	0.0030318
-1.1399	1.2929	0.0026664
-1.1148	1.3933	0.0033025
-1.1148	1.4184	0.0044232
-1.1148	1.4435	0.003368
-1.1148	1.4686	0.0024164
-1.0898	1.4184	0.0055524
-1.0898	1.4435	0.016494
-1.0898	1.4686	0.022938
-1.0898	1.4937	0.016867
-1.0898	1.5188	0.0061982
-1.0898	1.5439	0.003118
-1.0647	1.4435	0.0021566
-1.0647	1.4686	0.0047424
-1.0647	1.4937	0.01115
-1.0647	1.5188	0.019398
-1.0647	1.5439	0.020187
-1.0647	1.569	0.0090866
-1.0647	1.5941	0.0023838
-1.0397	1.5188	0.00246
-1.0397	1.5439	0.0032274
-1.0397	1.569	0.0052694
-1.0397	1.5941	0.0054992
-1.0397	1.6192	0.0024438
0.13779	-1.0669	0.0020509
0.16284	-1.0669	0.0037275
0.26305	-1.0418	0.003334
0.38831	-1.0167	0.0099114
0.43841	-0.99163	0.010089
0.48852	-0.96653	0.0055664
0.51357	-0.96653	0.012592
0.51357	-0.94142	0.0032609
0.53862	-0.96653	0.002359
0.53862	-0.94142	0.0048738
0.56367	-0.94142	0.0068603
0.61378	-0.91632	0.0057817
0.61378	-0.89121	0.0080755
0.63883	-0.89121	0.032099
0.63883	-0.86611	0.0031435
0.66388	-0.89121	0.0049351
0.66388	-0.86611	0.056732
0.66388	-0.841	0.0020759
0.68894	-0.86611	0.0059408
0.68894	-0.841	0.022806
0.71399	-0.841	0.031052
0.71399	-0.8159	0.011151
0.73904	-0.841	0.0074273
0.73904	-0.8159	0.12512
0.73904	-0.79079	0.0048669
0.76409	-0.841	0.0036918
0.76409	-0.8159	0.01461
0.76409	-0.79079	0.18217
0.76409	-0.76569	0.0038085
0.78914	-0.841	0.0028289
0.78914	-0.8159	0.0055442
0.78914	-0.79079	0.015941
0.78914	-0.76569	0.030594
0.8142	-0.841	0.0023392
0.8142	-0.8159	0.0031403
0.8142	-0.79079	0.0043884
0.8142	-0.76569	0.0087285
0.83925	-0.8159	0.0020775
0.83925	-0.71548	0.023888
0.83925	-0.69038	0.0078628
0.8643	-0.71548	0.026074
0.8643	-0.69038	0.16001
0.8643	-0.66527	0.0085785
0.88935	-0.71548	0.0073605
0.88935	-0.69038	0.04285
0.88935	-0.66527	0.30611
0.88935	-0.64017	0.012913
0.88935	-0.23849	0.0029593
0.88935	-0.21339	0.0044243
0.88935	-0.18828	0.0052788
0.88935	-0.16318	0.0054567
0.88935	-0.13808	0.0047911
0.88935	-0.11297	0.003482
0.88935	-0.087866	0.0022116
0.91441	-0.71548	0.0025952
0.91441	-0.69038	0.0066515
0.91441	-0.66527	0.059839
0.91441	-0.64017	0.096794
0.91441	-0.61506	0.0036004
0.91441	-0.2636	0.0032314
0.91441	-0.23849	0.006251
0.91441	-0.21339	0.0089583
0.91441	-0.18828	0.010711
0.91441	-0.16318	0.011097
0.91441	-0.13808	0.0097046
0.91441	-0.11297	0.0074038
0.91441	-0.087866	0.0046833
0.91441	-0.062762	0.0024633
0.93946	-0.69038	0.0028805
0.93946	-0.66527	0.004729
0.93946	-0.64017	0.0071458
0.93946	-0.61506	0.0044802
0.93946	-0.58996	0.0074809
0.93946	-0.56485	0.0046096
0.93946	-0.53975	0.0024548
0.93946	-0.2887	0.0022484
0.93946	-0.2636	0.0060068
0.93946	-0.23849	0.010874
0.93946	-0.21339	0.015332
0.93946	-0.18828	0.018143
0.93946	-0.16318	0.01864
0.93946	-0.13808	0.01627
0.93946	-0.11297	0.012248
0.93946	-0.087866	0.0077784
0.93946	-0.062762	0.003977
0.96451	-0.58996	0.073072
0.96451	-0.56485	0.075806
0.96451	-0.53975	0.0082265
0.96451	-0.41423	0.0021759
0.96451	-0.2887	0.0040939
0.96451	-0.2636	0.0099407
0.96451	-0.23849	0.016971
0.96451	-0.21339	0.023389
0.96451	-0.18828	0.027189
0.96451	-0.16318	0.027528
0.96451	-0.13808	0.023788
0.96451	-0.11297	0.017738
0.96451	-0.087866	0.011049
0.96451	-0.062762	0.0054498
0.98956	-0.58996	0.0025873
0.98956	-0.56485	0.024433
0.98956	-0.53975	0.2569
0.98956	-0.51464	0.022659
0.98956	-0.43933	0.0027297
0.98956	-0.41423	0.0032561
0.98956	-0.38912	0.0023263
0.98956	-0.2887	0.0068454
0.98956	-0.2636	0.015123
0.98956	-0.23849	0.024661
0.98956	-0.21339	0.032881
0.98956	-0.18828	0.037287
0.98956	-0.16318	0.03701
0.98956	-0.13808	0.031354
0.98956	-0.11297	0.023048
0.98956	-0.087866	0.013906
0.98956	-0.062762	0.00665
1.0146	-0.56485	0.0028648
1.0146	-0.53975	0.0069802
1.0146	-0.51464	0.026408
1.0146	-0.46444	0.0052497
1.0146	-0.43933	0.0063851
1.0146	-0.41423	0.0056772
1.0146	-0.38912	0.0032051
1.0146	-0.31381	0.003647
1.0146	-0.2887	0.010922
1.0146	-0.2636	0.022131
1.0146	-0.23849	0.033825
1.0146	-0.21339	0.04352
1.0146	-0.18828	0.047952
1.0146	-0.16318	0.046346
1.0146	-0.13808	0.038301
1.0146	-0.11297	0.027557
1.0146	-0.087866	0.01608
1.0146	-0.062762	0.0072876
1.0397	-0.46444	0.058426
1.0397	-0.43933	0.047198
1.0397	-0.41423	0.017021
1.0397	-0.38912	0.0055298
1.0397	-0.31381	0.0067883
1.0397	-0.2887	0.01726
1.0397	-0.2636	0.031355
1.0397	-0.23849	0.045523
1.0397	-0.21339	0.055575
1.0397	-0.18828	0.058822
1.0397	-0.16318	0.055162
1.0397	-0.13808	0.044192
1.0397	-0.11297	0.030636
1.0397	-0.087866	0.017388
1.0397	-0.062762	0.007431
1.0397	0.062762	0.0023834
1.0647	-0.46444	0.0077803
1.0647	-0.43933	0.09277
1.0647	-0.41423	0.14937
1.0647	-0.38912	0.073513
1.0647	-0.36402	0.0028416
1.0647	-0.33891	0.0034592
1.0647	-0.31381	0.013087
1.0647	-0.2887	0.029182
1.0647	-0.2636	0.046799
1.0647	-0.23849	0.061957
1.0647	-0.21339	0.070813
1.0647	-0.18828	0.071089
1.0647	-0.16318	0.063845
1.0647	-0.13808	0.0492
1.0647	-0.11297	0.032762
1.0647	-0.087866	0.017724
1.0647	-0.062762	0.0071057
1.0647	0.037657	0.002541
1.0647	0.062762	0.0028401
1.0647	0.087866	0.0021411
1.0898	-0.43933	0.0031361
1.0898	-0.41423	0.014931
1.0898	-0.38912	0.058651
1.0898	-0.36402	0.026961
1.0898	-0.33891	0.026235
1.0898	-0.31381	0.044349
1.0898	-0.2887	0.063478
1.0898	-0.2636	0.081212
1.0898	-0.23849	0.09193
1.0898	-0.21339	0.095744
1.0898	-0.18828	0.087935
1.0898	-0.16318	0.074311
1.0898	-0.13808	0.05492
1.0898	-0.11297	0.034209
1.0898	-0.087866	0.017397
1.0898	-0.062762	0.0064355
1.0898	0.037657	0.0030481
1.0898	0.062762	0.0031076
1.0898	0.087866	0.0022211
1.0898	1.0669	0.0026683
1.0898	1.0921	0.0034202
1.0898	1.1172	0.0035423
1.0898	1.1423	0.0032348
1.0898	1.1674	0.0025457
1.1148	-0.33891	0.061335
1.1148	-0.31381	1.0517
1.1148	-0.2887	0.46684
1.1148	-0.2636	0.27215
1.1148	-0.23849	0.19279
1.1148	-0.21339	0.15709
1.1148	-0.18828	0.12622
1.1148	-0.16318	0.092798
1.1148	-0.13808	0.063519
1.1148	-0.11297	0.036189
1.1148	-0.087866	0.016996
1.1148	-0.062762	0.005706
1.1148	0.012552	0.0023177
1.1148	0.037657	0.0035107
1.1148	0.062762	0.0032867
1.1148	0.087866	0.0021727
1.1148	1.0167	0.003347
1.1148	1.0418	0.0067531
1.1148	1.0669	0.011506
1.1148	1.0921	0.015066
1.1148	1.1172	0.018025
1.1148	1.1423	0.017991
1.1148	1.1674	0.015866
1.1148	1.1925	0.012
1.1148	1.2176	0.0073217
1.1148	1.2427	0.0040164
1.1148	1.3431	0.0033915
1.1148	1.3682	0.002615
1.1399	-0.33891	0.005516
1.1399	-0.31381	0.021459
1.1399	-0.2887	0.41107
1.1399	-0.2636	1.0097
1.1399	-0.23849	1.9433
1.1399	-0.21339	0.6107
1.1399	-0.18828	0.26015
1.1399	-0.16318	0.1518
1.1399	-0.13808	0.087857
1.1399	-0.11297	0.042263
1.1399	-0.087866	0.017671
1.1399	-0.062762	0.005278
1.1399	0.012552	0.0029914
1.1399	0.037657	0.0039649
1.1399	0.062762	0.0034249
1.1399	0.087866	0.0020601
1.1399	0.21339	0.0020829
1.1399	0.36402	0.002043
1.1399	0.38912	0.0025206
1.1399	0.41423	0.0024075
1.1399	0.99163	0.0033856
1.1399	1.0167	0.012399
1.1399	1.0418	0.027813
1.1399	1.0669	0.045355
1.1399	1.0921	0.068827
1.1399	1.1172	0.086769
1.1399	1.1423	0.10205
1.1399	1.1674	0.10922
1.1399	1.1925	0.10688
1.1399	1.2176	0.097473
1.1399	1.2427	0.070129
1.1399	1.2678	0.025187
1.1399	1.318	0.0035865
1.1399	1.3431	0.002852
1.1649	-0.31381	0.0033032
1.1649	-0.2887	0.011572
1.1649	-0.2636	0.070472
1.1649	-0.23849	0.1502
1.1649	-0.21339	1.3872
1.1649	-0.18828	2.1833
1.1649	-0.16318	0.92136
1.1649	-0.13808	0.24613
1.1649	-0.11297	0.076203
1.1649	-0.087866	0.025137
1.1649	-0.062762	0.0061529
1.1649	-0.012552	0.0021912
1.1649	0.012552	0.0040508
1.1649	0.037657	0.0046354
1.1649	0.062762	0.00362
1.1649	0.18828	0.0020429
1.1649	0.21339	0.0023852
1.1649	0.36402	0.0028606
1.1649	0.38912	0.0033492
1.1649	0.41423	0.0030677
1.1649	0.43933	0.0021109
1.1649	0.86611	0.003633
1.1649	0.89121	0.0041567
1.1649	0.91632	0.0026524
1.1649	0.96653	0.0021068
1.1649	0.99163	0.015942
1.1649	1.0167	0.050461
1.1649	1.0418	0.12813
1.1649	1.0669	0.26418
1.1649	1.0921	0.51277
1.1649	1.1172	0.88135
1.1649	1.1423	1.5934
1.1649	1.1674	1.8116
1.1649	1.1925	0.77712
1.1649	1.2176	0.26001
1.1649	1.2427	0.073155
1.1649	1.2678	0.0040194
1.19	-0.2887	0.0026056
1.19	-0.2636	0.0058563
1.19	-0.23849	0.01289
1.19	-0.21339	0.030909
1.19	-0.18828	0.067807
1.19	-0.16318	0.14629
1.19	-0.13808	0.27678
1.19	-0.11297	0.69413
1.19	-0.087866	0.18064
1.19	-0.062762	0.022249
1.19	-0.037657	0.0033994
1.19	-0.012552	0.0053221
1.19	0.012552	0.0071286
1.19	0.037657	0.0067159
1.19	0.062762	0.0045082
1.19	0.087866	0.0021719
1.19	0.18828	0.002691
1.19	0.21339	0.0028446
1.19	0.23849	0.0022267
1.19	0.33891	0.0028547
1.19	0.36402	0.0040906
1.19	0.38912	0.0045568
1.19	0.41423	0.0040326
1.19	0.43933	0.0027522
1.19	0.841	0.0053406
1.19	0.86611	0.010123
1.19	0.89121	0.011539
1.19	0.91632	0.0070784
1.19	0.96653	0.020227
1.19	0.99163	0.14639
1.19	1.0167	0.64329
1.19	1.0418	2.3259
1.19	1.0669	3.973
1.19	1.0921	2.525
1.19	1.1172	1.3424
1.19	1.1423	0.60477
1.19	1.1674	0.26246
1.19	1.1925	0.097987
1.19	1.2176	0.032133
1.19	1.2427	0.0084255
1.215	-0.2887	0.0024579
1.215	-0.2636	0.0041743
1.215	-0.23849	0.0061173
1.215	-0.21339	0.0080819
1.215	-0.18828	0.0099144
1.215	-0.16318	0.011384
1.215	-0.13808	0.012089
1.215	-0.11297	0.011784
1.215	-0.087866	0.0099926
1.215	-0.062762	0.0070951
1.215	-0.037657	0.012369
1.215	-0.012552	0.064466
1.215	0.012552	0.057283
1.215	0.037657	0.028679
1.215	0.062762	0.012691
1.215	0.087866	0.0050558
1.215	0.13808	0.0022462
1.215	0.16318	0.0036242
1.215	0.18828	0.0044676
1.215	0.21339	0.0041838
1.215	0.23849	0.0029872
1.215	0.31381	0.0029113
1.215	0.33891	0.0049054
1.215	0.36402	0.0066583
1.215	0.38912	0.007109
1.215	0.41423	0.0061682
1.215	0.43933	0.0043115
1.215	0.46444	0.0027463
1.215	0.48954	0.002256
1.215	0.51464	0.0029792
1.215	0.53975	0.0040072
1.215	0.56485	0.0042278
1.215	0.58996	0.0032162
1.215	0.69038	0.0021207
1.215	0.71548	0.0035308
1.215	0.74059	0.0033306
1.215	0.8159	0.0086099
1.215	0.841	0.034981
1.215	0.86611	0.072673
1.215	0.89121	0.10002
1.215	0.91632	0.065823
1.215	0.94142	0.0086887
1.215	0.96653	0.13538
1.215	0.99163	0.29563
1.215	1.0167	0.36698
1.215	1.0418	0.37249
1.215	1.0669	0.33259
1.215	1.0921	0.26175
1.215	1.1172	0.18649
1.215	1.1423	0.11814
1.215	1.1674	0.065957
1.215	1.1925	0.030193
1.215	1.2176	0.011557
1.215	1.2427	0.0028668
1.2401	-0.2887	0.0030864
1.2401	-0.2636	0.0048995
1.2401	-0.23849	0.0065715
1.2401	-0.21339	0.0076301
1.2401	-0.18828	0.0076967
1.2401	-0.16318	0.0068694
1.2401	-0.13808	0.005178
1.2401	-0.11297	0.0032379
1.2401	0.012552	0.0040875
1.2401	0.037657	0.0076685
1.2401	0.062762	0.012295
1.2401	0.087866	0.01544
1.2401	0.11297	0.016729
1.2401	0.13808	0.020286
1.2401	0.16318	0.023351
1.2401	0.18828	0.023413
1.2401	0.21339	0.021286
1.2401	0.23849	0.010983
1.2401	0.2636	0.0066078
1.2401	0.2887	0.0065317
1.2401	0.31381	0.011298
1.2401	0.33891	0.015932
1.2401	0.36402	0.020429
1.2401	0.38912	0.020872
1.2401	0.41423	0.01773
1.2401	0.43933	0.013095
1.2401	0.46444	0.010529
1.2401	0.48954	0.010967
1.2401	0.51464	0.014529
1.2401	0.53975	0.018652
1.2401	0.56485	0.020324
1.2401	0.58996	0.015529
1.2401	0.61506	0.007398
1.2401	0.64017	0.0024564
1.2401	0.66527	0.0067483
1.2401	0.69038	0.018943
1.2401	0.71548	0.0293
1.2401	0.74059	0.029299
1.2401	0.76569	0.0086088
1.2401	0.79079	0.0098827
1.2401	0.8159	0.042166
1.2401	0.841	0.060561
1.2401	0.86611	0.049234
1.2401	0.89121	0.025776
1.2401	0.91632	0.0046447
1.2401	0.96653	0.015117
1.2401	0.99163	0.03833
1.2401	1.0167	0.063577
1.2401	1.0418	0.082574
1.2401	1.0669	0.089499
1.2401	1.0921	0.081677
1.2401	1.1172	0.066136
1.2401	1.1423	0.046041
1.2401	1.1674	0.027934
1.2401	1.1925	0.013539
1.2401	1.2176	0.0052591
1.2651	-0.2887	0.0033686
1.2651	-0.2636	0.0051747
1.2651	-0.23849	0.0067196
1.2651	-0.21339	0.0074659
1.2651	-0.18828	0.0071028
1.2651	-0.16318	0.0057852
1.2651	-0.13808	0.0038407
1.2651	0.16318	0.0021724
1.2651	0.18828	0.0044376
1.2651	0.21339	0.0060333
1.2651	0.23849	0.0066064
1.2651	0.2636	0.0072752
1.2651	0.2887	0.013053
1.2651	0.31381	0.032667
1.2651	0.33891	0.083309
1.2651	0.36402	0.11366
1.2651	0.38912	0.13141
1.2651	0.41423	0.12141
1.2651	0.43933	0.097317
1.2651	0.46444	0.086045
1.2651	0.48954	0.090823
1.2651	0.51464	0.10285
1.2651	0.53975	0.098491
1.2651	0.56485	0.077037
1.2651	0.58996	0.032248
1.2651	0.61506	0.011172
1.2651	0.64017	0.002976
1.2651	0.66527	0.0044978
1.2651	0.69038	0.0065357
1.2651	0.71548	0.0054651
1.2651	0.74059	0.0026451
1.2651	0.8159	0.0027973
1.2651	0.841	0.0046874
1.2651	0.86611	0.0048723
1.2651	0.89121	0.0029595
1.2651	0.96653	0.0049657
1.2651	0.99163	0.013365
1.2651	1.0167	0.023125
1.2651	1.0418	0.032396
1.2651	1.0669	0.036717
1.2651	1.0921	0.035621
1.2651	1.1172	0.030012
1.2651	1.1423	0.02167
1.2651	1.1674	0.013621
1.2651	1.1925	0.0067023
1.2651	1.2176	0.0025578
1.2902	-0.2887	0.0031275
1.2902	-0.2636	0.0047262
1.2902	-0.23849	0.005968
1.2902	-0.21339	0.0064587
1.2902	-0.18828	0.0059251
1.2902	-0.16318	0.0045939
1.2902	-0.13808	0.002817
1.2902	0.36402	0.0024372
1.2902	0.38912	0.0028524
1.2902	0.41423	0.0028164
1.2902	0.43933	0.0025836
1.2902	0.46444	0.0025205
1.2902	0.48954	0.0028856
1.2902	0.51464	0.003283
1.2902	0.53975	0.0033149
1.2902	0.56485	0.0027291
1.2902	0.96653	0.0025813
1.2902	0.99163	0.0061553
1.2902	1.0167	0.010467
1.2902	1.0418	0.014719
1.2902	1.0669	0.017282
1.2902	1.0921	0.017006
1.2902	1.1172	0.014638
1.2902	1.1423	0.01103
1.2902	1.1674	0.0069086
1.2902	1.1925	0.0033791
1.3152	-0.2887	0.0024474
1.3152	-0.2636	0.0036604
1.3152	-0.23849	0.0045642
1.3152	-0.21339	0.0048343
1.3152	-0.18828	0.0043422
1.3152	-0.16318	0.0032348
1.3152	0.99163	0.0029281
1.3152	1.0167	0.0050247
1.3152	1.0418	0.0071884
1.3152	1.0669	0.0083597
1.3152	1.0921	0.0083098
1.3152	1.1172	0.0072337
1.3152	1.1423	0.0054729
1.3152	1.1674	0.0032839
1.3403	-0.2636	0.0023268
1.3403	-0.23849	0.0028867
1.3403	-0.21339	0.0030458
1.3403	-0.18828	0.0027109
1.3403	1.0167	0.0024628
1.3403	1.0418	0.0033178
1.3403	1.0669	0.0039628
1.3403	1.0921	0.0039888
1.3403	1.1172	0.0034624
1.3403	1.1423	0.0025587
1.691	-0.33891	0.0020979
1.691	-0.31381	0.002305
1.691	-0.2887	0.0021772
1.7161	-0.36402	0.0022494
1.7161	-0.33891	0.0029637
1.7161	-0.31381	0.0032857
1.7161	-0.2887	0.0031373
1.7161	-0.2636	0.0025138
1.7411	-0.36402	0.0025744
1.7411	-0.33891	0.0034066
1.7411	-0.31381	0.0038021
1.7411	-0.2887	0.0036589
1.7411	-0.2636	0.0029449
1.7662	-0.36402	0.0023942
1.7662	-0.33891	0.0031893
1.7662	-0.31381	0.0035947
1.7662	-0.2887	0.0034928
1.7662	-0.2636	0.0028362
1.7912	-0.33891	0.002338
1.7912	-0.31381	0.0026913
1.7912	-0.2887	0.0026651
1.7912	-0.2636	0.0021699
1.9165	-0.41423	0.0027447
1.9165	-0.38912	0.003773
1.9165	-0.36402	0.004265
1.9165	-0.33891	0.0040449
1.9165	-0.31381	0.00325
1.9165	-0.2887	0.0022158
1.9415	-0.43933	0.0027272
1.9415	-0.41423	0.0047855
1.9415	-0.38912	0.0065794
1.9415	-0.36402	0.0075801
1.9415	-0.33891	0.0073552
1.9415	-0.31381	0.0060797
1.9415	-0.2887	0.0042582
1.9415	-0.2636	0.0024456
1.9666	-0.43933	0.0039545
1.9666	-0.41423	0.0068627
1.9666	-0.38912	0.0094152
1.9666	-0.36402	0.010872
1.9666	-0.33891	0.010635
1.9666	-0.31381	0.008891
1.9666	-0.2887	0.0062611
1.9666	-0.2636	0.0036121
1.9916	-0.46444	0.0021403
1.9916	-0.43933	0.0049748
1.9916	-0.41423	0.0084241
1.9916	-0.38912	0.011486
1.9916	-0.36402	0.013281
1.9916	-0.33891	0.013023
1.9916	-0.31381	0.010903
1.9916	-0.2887	0.0076753
1.9916	-0.2636	0.0043513
2.0167	-0.46444	0.0024195
2.0167	-0.43933	0.0053883
2.0167	-0.41423	0.0090116
2.0167	-0.38912	0.012247
2.0167	-0.36402	0.014134
2.0167	-0.33891	0.01385
2.0167	-0.31381	0.011565
2.0167	-0.2887	0.008114
2.0167	-0.2636	0.0045499
2.0418	-0.46444	0.002315
2.0418	-0.43933	0.0050998
2.0418	-0.41423	0.0083899
2.0418	-0.38912	0.011411
2.0418	-0.36402	0.013153
2.0418	-0.33891	0.012913
2.0418	-0.31381	0.010736
2.0418	-0.2887	0.0075017
2.0418	-0.2636	0.0041615
2.0668	-0.43933	0.00408
2.0668	-0.41423	0.006686
2.0668	-0.38912	0.0091706
2.0668	-0.36402	0.010604
2.0668	-0.33891	0.010439
2.0668	-0.31381	0.008786
2.0668	-0.2887	0.0060638
2.0668	-0.2636	0.0033206
2.0919	-0.43933	0.0026225
2.0919	-0.41423	0.0043809
2.0919	-0.38912	0.006047
2.0919	-0.36402	0.0072003
2.0919	-0.33891	0.0071715
2.0919	-0.31381	0.0061321
2.0919	-0.2887	0.0042208
2.0919	-0.2636	0.0022857
2.1169	-0.41423	0.0020674
2.1169	-0.38912	0.0030378
2.1169	-0.36402	0.0037868
2.1169	-0.33891	0.0039183
2.1169	-0.31381	0.0034636
2.1169	-0.2887	0.0024273
2.167	0.86611	0.002309
2.167	0.89121	0.0030398
2.167	0.91632	0.0033303
2.167	0.94142	0.0030989
2.167	0.96653	0.0024348
2.1921	0.841	0.0025453
2.1921	0.86611	0.0043105
2.1921	0.89121	0.0057143
2.1921	0.91632	0.0063618
2.1921	0.94142	0.0060351
2.1921	0.96653	0.0048729
2.1921	0.99163	0.0033351
2.2171	-0.46444	0.0021231
2.2171	-0.43933	0.0026803
2.2171	-0.41423	0.0029164
2.2171	-0.38912	0.0026247
2.2171	0.8159	0.0020497
2.2171	0.841	0.0045741
2.2171	0.86611	0.0077615
2.2171	0.89121	0.010547
2.2171	0.91632	0.01184
2.2171	0.94142	0.011536
2.2171	0.96653	0.0095281
2.2171	0.99163	0.0065787
2.2171	1.0167	0.0037537
2.2422	-0.48954	0.0023185
2.2422	-0.46444	0.003756
2.2422	-0.43933	0.0050185
2.2422	-0.41423	0.0056136
2.2422	-0.38912	0.005326
2.2422	-0.36402	0.0043743
2.2422	-0.33891	0.0030238
2.2422	0.8159	0.0038815
2.2422	0.841	0.00845
2.2422	0.86611	0.014705
2.2422	0.89121	0.020037
2.2422	0.91632	0.023511
2.2422	0.94142	0.023325
2.2422	0.96653	0.01989
2.2422	0.99163	0.014155
2.2422	1.0167	0.0081119
2.2422	1.0418	0.0034935
2.2672	-0.48954	0.0035058
2.2672	-0.46444	0.0056304
2.2672	-0.43933	0.0075535
2.2672	-0.41423	0.0085704
2.2672	-0.38912	0.0082817
2.2672	-0.36402	0.0069912
2.2672	-0.33891	0.0049818
2.2672	-0.31381	0.00295
2.2672	0.79079	0.0021072
2.2672	0.8159	0.007804
2.2672	0.841	0.016805
2.2672	0.86611	0.029622
2.2672	0.89121	0.040717
2.2672	0.91632	0.047522
2.2672	0.94142	0.04668
2.2672	0.96653	0.039075
2.2672	0.99163	0.025914
2.2672	1.0167	0.013612
2.2672	1.0418	0.0050256
2.2923	-0.51464	0.0023225
2.2923	-0.48954	0.0047476
2.2923	-0.46444	0.0075082
2.2923	-0.43933	0.010019
2.2923	-0.41423	0.011411
2.2923	-0.38912	0.011152
2.2923	-0.36402	0.0094602
2.2923	-0.33891	0.0068361
2.2923	-0.31381	0.0040482
2.2923	0.79079	0.0035407
2.2923	0.8159	0.011696
2.2923	0.841	0.023428
2.2923	0.86611	0.037305
2.2923	0.89121	0.04527
2.2923	0.91632	0.047455
2.2923	0.94142	0.040858
2.2923	0.96653	0.029916
2.2923	0.99163	0.016756
2.2923	1.0167	0.0081059
2.2923	1.0418	0.0026416
2.3173	-0.51464	0.0030508
2.3173	-0.48954	0.0059356
2.3173	-0.46444	0.0092502
2.3173	-0.43933	0.012194
2.3173	-0.41423	0.013922
2.3173	-0.38912	0.013638
2.3173	-0.36402	0.011623
2.3173	-0.33891	0.0083708
2.3173	-0.31381	0.0048813
2.3173	-0.2887	0.0020809
2.3173	0.8159	0.0051511
2.3173	0.841	0.010218
2.3173	0.86611	0.013865
2.3173	0.89121	0.015967
2.3173	0.91632	0.015477
2.3173	0.94142	0.012812
2.3173	0.96653	0.0086512
2.3173	0.99163	0.0052906
2.3173	1.0167	0.0021847
2.3424	-0.51464	0.0037762
2.3424	-0.48954	0.0070115
2.3424	-0.46444	0.010783
2.3424	-0.43933	0.014065
2.3424	-0.41423	0.016013
2.3424	-0.38912	0.015683
2.3424	-0.36402	0.013429
2.3424	-0.33891	0.0097148
2.3424	-0.31381	0.0056168
2.3424	-0.2887	0.0023246
2.3424	0.841	0.0021398
2.3424	0.86611	0.0031332
2.3424	0.89121	0.0038539
2.3424	0.91632	0.0039732
2.3424	0.94142	0.0035347
2.3424	0.96653	0.0026668
2.3674	-0.51464	0.0042768
2.3674	-0.48954	0.0077881
2.3674	-0.46444	0.011843
2.3674	-0.43933	0.01544
2.3674	-0.41423	0.01758
2.3674	-0.38912	0.017295
2.3674	-0.36402	0.014851
2.3674	-0.33891	0.010758
2.3674	-0.31381	0.0062345
2.3674	-0.2887	0.0024824
2.3925	-0.51464	0.004384
2.3925	-0.48954	0.0078693
2.3925	-0.46444	0.011983
2.3925	-0.43933	0.01577
2.3925	-0.41423	0.01819
2.3925	-0.38912	0.018128
2.3925	-0.36402	0.015776
2.3925	-0.33891	0.011489
2.3925	-0.31381	0.0066466
2.3925	-0.2887	0.0025805
2.3925	-0.18828	0.0021157
2.3925	-0.16318	0.0023403
2.4175	-0.51464	0.0034644
2.4175	-0.48954	0.0062249
2.4175	-0.46444	0.00974
2.4175	-0.43933	0.013243
2.4175	-0.41423	0.015788
2.4175	-0.38912	0.016198
2.4175	-0.36402	0.0144
2.4175	-0.33891	0.010588
2.4175	-0.31381	0.006096
2.4175	-0.2887	0.0023295
2.4175	-0.18828	0.0022545
2.4175	-0.16318	0.0020917
2.4426	-0.46444	0.0024902
2.4426	-0.43933	0.0036806
2.4426	-0.41423	0.0047732
2.4426	-0.38912	0.005053
2.4426	-0.36402	0.0044289
2.4426	-0.33891	0.003302
2.4676	-0.53975	0.0022887
2.4676	-0.51464	0.0034959
2.4676	-0.48954	0.0040361
2.4676	-0.46444	0.0038855
2.4676	-0.43933	0.003197
2.4676	-0.41423	0.0020946
2.4927	-0.69038	0.0028967
2.4927	-0.66527	0.0027761
2.4927	-0.56485	0.003031
2.4927	-0.53975	0.0066097
2.4927	-0.51464	0.010327
2.4927	-0.48954	0.012729
2.4927	-0.46444	0.01316
2.4927	-0.43933	0.011671
2.4927	-0.41423	0.0089747
2.4927	-0.38912	0.0060396
2.4927	-0.36402	0.0034132
2.5177	-0.841	0.0020856
2.5177	-0.71548	0.0020608
2.5177	-0.69038	0.0025637
2.5177	-0.66527	0.0021303
2.5177	-0.56485	0.0035123
2.5177	-0.53975	0.0075316
2.5177	-0.51464	0.011845
2.5177	-0.48954	0.015089
2.5177	-0.46444	0.016122
2.5177	-0.43933	0.014865
2.5177	-0.41423	0.012003
2.5177	-0.38912	0.008293
2.5177	-0.36402	0.0048776
2.5177	-0.33891	0.0023282
2.5177	0.841	0.0021244
2.5177	0.86611	0.0022329
2.5428	-0.56485	0.0033782
2.5428	-0.53975	0.0071732
2.5428	-0.51464	0.011313
2.5428	-0.48954	0.014689
2.5428	-0.46444	0.016039
2.5428	-0.43933	0.015152
2.5428	-0.41423	0.012521
2.5428	-0.38912	0.0088196
2.5428	-0.36402	0.0052137
2.5428	-0.33891	0.002455
2.5428	0.841	0.0024479
2.5428	0.86611	0.0025743
2.5428	0.89121	0.00232
2.5678	-1.795	0.0029399
2.5678	-1.7699	0.0034145
2.5678	-1.7448	0.0033715
2.5678	-1.7197	0.0027955
2.5678	-0.56485	0.003098
2.5678	-0.53975	0.0063643
2.5678	-0.51464	0.01013
2.5678	-0.48954	0.01323
2.5678	-0.46444	0.014648
2.5678	-0.43933	0.014125
2.5678	-0.41423	0.01181
2.5678	-0.38912	0.0084183
2.5678	-0.36402	0.0049671
2.5678	-0.33891	0.0022745
2.5678	0.8159	0.002245
2.5678	0.841	0.0026987
2.5678	0.86611	0.0028328
2.5678	0.89121	0.0025529
2.5929	-1.8452	0.002736
2.5929	-1.8201	0.0047339
2.5929	-1.795	0.0067398
2.5929	-1.7699	0.0083808
2.5929	-1.7448	0.0086087
2.5929	-1.7197	0.0074881
2.5929	-1.6946	0.0052458
2.5929	-1.6695	0.0024209
2.5929	-0.56485	0.002605
2.5929	-0.53975	0.005372
2.5929	-0.51464	0.0084802
2.5929	-0.48954	0.01125
2.5929	-0.46444	0.012654
2.5929	-0.43933	0.012366
2.5929	-0.41423	0.01047
2.5929	-0.38912	0.0074711
2.5929	-0.36402	0.0044022
2.5929	0.8159	0.0024196
2.5929	0.841	0.0028891
2.5929	0.86611	0.0030242
2.5929	0.89121	0.002723
2.5929	0.91632	0.0021241
2.618	-1.8703	0.0026608
2.618	-1.8452	0.0058343
2.618	-1.8201	0.009941
2.618	-1.795	0.014254
2.618	-1.7699	0.017204
2.618	-1.7448	0.017072
2.618	-1.7197	0.014153
2.618	-1.6946	0.0091231
2.618	-1.6695	0.0039745
2.618	-0.56485	0.0021029
2.618	-0.53975	0.0042212
2.618	-0.51464	0.0067343
2.618	-0.48954	0.0090058
2.618	-0.46444	0.010311
2.618	-0.43933	0.010248
2.618	-0.41423	0.0088094
2.618	-0.38912	0.0063393
2.618	-0.36402	0.0037445
2.618	0.8159	0.0024817
2.618	0.841	0.0029559
2.618	0.86611	0.003096
2.618	0.89121	0.0027912
2.618	0.91632	0.0021828
2.643	-1.8703	0.0046323
2.643	-1.8452	0.0083242
2.643	-1.8201	0.012089
2.643	-1.795	0.014658
2.643	-1.7699	0.015021
2.643	-1.7448	0.012731
2.643	-1.7197	0.0089842
2.643	-1.6946	0.0049098
2.643	-0.53975	0.0029875
2.643	-0.51464	0.0048686
2.643	-0.48954	0.0066628
2.643	-0.46444	0.0078231
2.643	-0.43933	0.0079662
2.643	-0.41423	0.0069874
2.643	-0.38912	0.0051262
2.643	-0.36402	0.0030151
2.643	0.8159	0.0021046
2.643	0.841	0.0025137
2.643	0.86611	0.0026401
2.643	0.89121	0.0023824
2.6681	-1.8703	0.0035772
2.6681	-1.8452	0.0052915
2.6681	-1.8201	0.0064787
2.6681	-1.795	0.0068362
2.6681	-1.7699	0.0063058
2.6681	-1.7448	0.0049407
2.6681	-1.7197	0.0032919
2.6681	-0.51464	0.0030322
2.6681	-0.48954	0.0043169
2.6681	-0.46444	0.0052833
2.6681	-0.43933	0.0055999
2.6681	-0.41423	0.0051071
2.6681	-0.38912	0.003836
2.6681	-0.36402	0.002282
2.6931	-1.8703	0.0025319
2.6931	-1.8452	0.0035282
2.6931	-1.8201	0.004107
2.6931	-1.795	0.0041098
2.6931	-1.7699	0.0035944
2.6931	-1.7448	0.0026812
2.6931	-0.48954	0.0021588
2.6931	-0.46444	0.0028456
2.6931	-0.43933	0.0032393
2.6931	-0.41423	0.0031713
2.6931	-0.38912	0.00255
2.7182	-1.8703	0.0021457
2.7182	-1.8452	0.0029845
2.7182	-1.8201	0.0034602
2.7182	-1.795	0.003432
2.7182	-1.7699	0.0029545
2.7182	-1.7448	0.002138
2.7432	-1.8452	0.0027286
2.7432	-1.8201	0.0032045
2.7432	-1.795	0.0032207
2.7432	-1.7699	0.0027886
2.7432	-0.56485	0.0025736
2.7432	-0.53975	0.0039328
2.7432	-0.51464	0.0045514
2.7432	-0.48954	0.0042584
2.7432	-0.46444	0.0031057
2.7683	-1.8452	0.0025106
2.7683	-1.8201	0.0030026
2.7683	-1.795	0.0030755
2.7683	-1.7699	0.0027034
2.7683	-0.58996	0.0042795
2.7683	-0.56485	0.0079686
2.7683	-0.53975	0.01173
2.7683	-0.51464	0.013685
2.7683	-0.48954	0.013312
2.7683	-0.46444	0.010559
2.7683	-0.43933	0.0069041
2.7683	-0.41423	0.0035925
2.7933	-1.8452	0.0023189
2.7933	-1.8201	0.0028467
2.7933	-1.795	0.002974
2.7933	-1.7699	0.0026785
2.7933	-0.58996	0.0046569
2.7933	-0.56485	0.0086273
2.7933	-0.53975	0.012376
2.7933	-0.51464	0.014275
2.7933	-0.48954	0.013996
2.7933	-0.46444	0.011507
2.7933	-0.43933	0.0078795
2.7933	-0.41423	0.0042393
2.8184	-1.8452	0.0022178
2.8184	-1.8201	0.0028071
2.8184	-1.795	0.0030359
2.8184	-1.7699	0.0028087
2.8184	-1.7448	0.0021067
2.8184	-0.58996	0.0032184
2.8184	-0.56485	0.0059115
2.8184	-0.53975	0.0083258
2.8184	-0.51464	0.0097462
2.8184	-0.48954	0.0097677
2.8184	-0.46444	0.0081427
2.8184	-0.43933	0.0058663
2.8184	-0.41423	0.0032604
2.8434	-1.8452	0.0020937
2.8434	-1.8201	0.0027182
2.8434	-1.795	0.0029873
2.8434	-1.7699	0.0027854
2.8434	-1.7448	0.0020701
2.8434	-0.58996	0.0022295
2.8434	-0.56485	0.003936
2.8434	-0.53975	0.0055319
2.8434	-0.51464	0.0064699
2.8434	-0.48954	0.0065586
2.8434	-0.46444	0.0056107
2.8434	-0.43933	0.0039874
2.8434	-0.41423	0.0022899
2.8685	-0.56485	0.003075
2.8685	-0.53975	0.0041672
2.8685	-0.51464	0.0047759
2.8685	-0.48954	0.0047479
2.8685	-0.46444	0.0040082
2.8685	-0.43933	0.0028687
2.8935	-0.58996	0.002273
2.8935	-0.56485	0.0034139
2.8935	-0.53975	0.0042867
2.8935	-0.51464	0.0046003
2.8935	-0.48954	0.0043274
2.8935	-0.46444	0.0034919
2.8935	-0.43933	0.0023815
2.9186	-0.61506	0.0020993
2.9186	-0.58996	0.0038343
2.9186	-0.56485	0.0054707
2.9186	-0.53975	0.006494
2.9186	-0.51464	0.0065729
2.9186	-0.48954	0.005798
2.9186	-0.46444	0.0043578
2.9186	-0.43933	0.0027991
2.9436	-0.61506	0.0042945
2.9436	-0.58996	0.0077461
2.9436	-0.56485	0.010568
2.9436	-0.53975	0.012444
2.9436	-0.51464	0.012326
2.9436	-0.48954	0.010532
2.9436	-0.46444	0.0076921
2.9436	-0.43933	0.004554
2.9436	-0.41423	0.0020913
2.9687	-0.64017	0.0039412
2.9687	-0.61506	0.0090195
2.9687	-0.58996	0.016158
2.9687	-0.56485	0.02173
2.9687	-0.53975	0.025689
2.9687	-0.51464	0.025228
2.9687	-0.48954	0.02164
2.9687	-0.46444	0.015024
2.9687	-0.43933	0.0092984
2.9687	-0.41423	0.0038268
2.9937	-1.8703	0.0024358
2.9937	-1.8452	0.0028053
2.9937	-1.8201	0.0027705
2.9937	-1.795	0.0022986
2.9937	-0.76569	0.0021324
2.9937	-0.64017	0.0079161
2.9937	-0.61506	0.017585
2.9937	-0.58996	0.030805
2.9937	-0.56485	0.042149
2.9937	-0.53975	0.048747
2.9937	-0.51464	0.048015
2.9937	-0.48954	0.040442
2.9937	-0.46444	0.027911
2.9937	-0.43933	0.016365
2.9937	-0.41423	0.0063947
3.0188	-1.8954	0.0023639
3.0188	-1.8703	0.0032373
3.0188	-1.8452	0.0038365
3.0188	-1.8201	0.0038371
3.0188	-1.795	0.0032089
3.0188	-1.7699	0.0022187
3.0188	-0.76569	0.0023238
3.0188	-0.66527	0.0026484
3.0188	-0.64017	0.010181
3.0188	-0.61506	0.022659
3.0188	-0.58996	0.03755
3.0188	-0.56485	0.050822
3.0188	-0.53975	0.057877
3.0188	-0.51464	0.055435
3.0188	-0.48954	0.045453
3.0188	-0.46444	0.030666
3.0188	-0.43933	0.016792
3.0188	-0.41423	0.0061194
3.0188	-0.2887	0.0020429
3.0438	-1.8954	0.0028113
3.0438	-1.8703	0.0039269
3.0438	-1.8452	0.004737
3.0438	-1.8201	0.004794
3.0438	-1.795	0.0040686
3.0438	-1.7699	0.0027842
3.0438	-0.64017	0.0061459
3.0438	-0.61506	0.013957
3.0438	-0.58996	0.023222
3.0438	-0.56485	0.030007
3.0438	-0.53975	0.034012
3.0438	-0.51464	0.032467
3.0438	-0.48954	0.025996
3.0438	-0.46444	0.017623
3.0438	-0.43933	0.0094068
3.0438	-0.41423	0.003084
3.0689	-1.8954	0.0025149
3.0689	-1.8703	0.0035765
3.0689	-1.8452	0.004296
3.0689	-1.8201	0.0043707
3.0689	-1.795	0.0037136
3.0689	-1.7699	0.0024905
3.0689	-0.64017	0.0024922
3.0689	-0.61506	0.0056079
3.0689	-0.58996	0.0094842
3.0689	-0.56485	0.012351
3.0689	-0.53975	0.014316
3.0689	-0.51464	0.013905
3.0689	-0.48954	0.011413
3.0689	-0.46444	0.0073416
3.0689	-0.43933	0.0041187
3.0939	-0.61506	0.0023223
3.0939	-0.58996	0.0037564
3.0939	-0.56485	0.0051636
3.0939	-0.53975	0.005964
3.0939	-0.51464	0.005837
3.0939	-0.48954	0.0049392
3.0939	-0.46444	0.0032586
3.119	-0.61506	0.0021081
3.119	-0.58996	0.0029048
3.119	-0.56485	0.0034535
3.119	-0.53975	0.00367
3.119	-0.51464	0.0033987
3.119	-0.48954	0.0027391
3.1441	-0.64017	0.0028294
3.1441	-0.61506	0.0043341
3.1441	-0.58996	0.0054268
3.1441	-0.56485	0.0058544
3.1441	-0.53975	0.005516
3.1441	-0.51464	0.0045309
3.1441	-0.48954	0.0032326
3.1441	0.69038	0.0020947
3.1441	0.71548	0.0028059
3.1441	0.74059	0.0031537
3.1441	0.76569	0.002974
3.1441	0.79079	0.0024427
3.1691	-0.66527	0.0033657
3.1691	-0.64017	0.0066678
3.1691	-0.61506	0.010303
3.1691	-0.58996	0.012911
3.1691	-0.56485	0.013764
3.1691	-0.53975	0.012649
3.1691	-0.51464	0.01013
3.1691	-0.48954	0.0067708
3.1691	-0.46444	0.0037858
3.1691	0.69038	0.0031961
3.1691	0.71548	0.0040754
3.1691	0.74059	0.0043719
3.1691	0.76569	0.0039138
3.1691	0.79079	0.0030341
3.1942	-0.69038	0.0024083
3.1942	-0.66527	0.0069044
3.1942	-0.64017	0.01346
3.1942	-0.61506	0.020662
3.1942	-0.58996	0.025976
3.1942	-0.56485	0.027759
3.1942	-0.53975	0.025595
3.1942	-0.51464	0.019855
3.1942	-0.48954	0.013203
3.1942	-0.46444	0.0067917
3.1942	-0.43933	0.002661
3.1942	0.69038	0.0029231
3.1942	0.71548	0.0036797
3.1942	0.74059	0.0038776
3.1942	0.76569	0.0034123
3.1942	0.79079	0.0025988
3.2192	-1.8954	0.0021454
3.2192	-1.8703	0.0022876
3.2192	-1.8452	0.0020834
3.2192	-0.69038	0.0032442
3.2192	-0.66527	0.0089254
3.2192	-0.64017	0.01685
3.2192	-0.61506	0.025405
3.2192	-0.58996	0.031327
3.2192	-0.56485	0.033259
3.2192	-0.53975	0.030238
3.2192	-0.51464	0.023115
3.2192	-0.48954	0.014733
3.2192	-0.46444	0.0074832
3.2192	-0.43933	0.002423
3.2192	0.69038	0.0022858
3.2192	0.71548	0.0028762
3.2192	0.74059	0.0030394
3.2192	0.76569	0.0026805
3.2192	0.79079	0.0020455
3.2443	-1.8703	0.0021644
3.2443	-0.69038	0.0023686
3.2443	-0.66527	0.0061907
3.2443	-0.64017	0.011562
3.2443	-0.61506	0.01756
3.2443	-0.58996	0.021709
3.2443	-0.56485	0.022915
3.2443	-0.53975	0.020752
3.2443	-0.51464	0.015605
3.2443	-0.48954	0.0098374
3.2443	-0.46444	0.0048718
3.2443	0.71548	0.0022774
3.2443	0.74059	0.0024324
3.2443	0.76569	0.002165
3.2693	-0.66527	0.0033998
3.2693	-0.64017	0.0064207
3.2693	-0.61506	0.0094752
3.2693	-0.58996	0.011837
3.2693	-0.56485	0.012786
3.2693	-0.53975	0.011713
3.2693	-0.51464	0.008844
3.2693	-0.48954	0.0055676
3.2693	-0.46444	0.0026656
3.2944	-0.64017	0.0031768
3.2944	-0.61506	0.00476
3.2944	-0.58996	0.0061437
3.2944	-0.56485	0.0067192
3.2944	-0.53975	0.0063296
3.2944	-0.51464	0.0048385
3.2944	-0.48954	0.0030889
3.3194	-0.64017	0.0021049
3.3194	-0.61506	0.0028531
3.3194	-0.58996	0.0034757
3.3194	-0.56485	0.0036286
3.3194	-0.53975	0.0033763
3.3194	-0.51464	0.0026451
3.3445	-0.66527	0.003184
3.3445	-0.64017	0.0043399
3.3445	-0.61506	0.0048973
3.3445	-0.58996	0.0047748
3.3445	-0.56485	0.0040747
3.3445	-0.53975	0.0030968
3.3695	-1.9456	0.0022239
3.3695	-1.9205	0.0025369
3.3695	-1.8954	0.0024833
3.3695	-1.8703	0.0020525
3.3695	-0.69038	0.0048678
3.3695	-0.66527	0.0081066
3.3695	-0.64017	0.010786
3.3695	-0.61506	0.011957
3.3695	-0.58996	0.011123
3.3695	-0.56485	0.0088592
3.3695	-0.53975	0.0060756
3.3695	-0.51464	0.0034066
3.3946	-1.9707	0.0030664
3.3946	-1.9456	0.0041716
3.3946	-1.9205	0.0048239
3.3946	-1.8954	0.0047979
3.3946	-1.8703	0.0040011
3.3946	-1.8452	0.0027926
3.3946	-0.71548	0.0028714
3.3946	-0.69038	0.0066675
3.3946	-0.66527	0.011148
3.3946	-0.64017	0.014839
3.3946	-0.61506	0.016639
3.3946	-0.58996	0.015633
3.3946	-0.56485	0.012603
3.3946	-0.53975	0.0085593
3.3946	-0.51464	0.0047544
3.4196	-1.9707	0.0033286
3.4196	-1.9456	0.0045141
3.4196	-1.9205	0.0052176
3.4196	-1.8954	0.0051966
3.4196	-1.8703	0.0043108
3.4196	-1.8452	0.0029831
3.4196	-0.71548	0.0027157
3.4196	-0.69038	0.0061786
3.4196	-0.66527	0.010306
3.4196	-0.64017	0.013936
3.4196	-0.61506	0.01592
3.4196	-0.58996	0.015262
3.4196	-0.56485	0.012496
3.4196	-0.53975	0.0086108
3.4196	-0.51464	0.0047737
3.4196	0.66527	0.0020663
3.4196	0.69038	0.0024028
3.4196	0.71548	0.0023499
3.4447	-1.9707	0.0021189
3.4447	-1.9456	0.0028708
3.4447	-1.9205	0.0033856
3.4447	-1.8954	0.0033931
3.4447	-1.8703	0.0028478
3.4447	-0.71548	0.0021971
3.4447	-0.69038	0.0050417
3.4447	-0.66527	0.0085939
3.4447	-0.64017	0.011902
3.4447	-0.61506	0.013901
3.4447	-0.58996	0.013602
3.4447	-0.56485	0.011413
3.4447	-0.53975	0.0079397
3.4447	-0.51464	0.0043774
3.4447	0.64017	0.0020946
3.4447	0.66527	0.0029522
3.4447	0.69038	0.0034425
3.4447	0.71548	0.0033947
3.4447	0.74059	0.0028876
3.4447	0.76569	0.0020719
3.4697	-0.69038	0.0036637
3.4697	-0.66527	0.0065289
3.4697	-0.64017	0.0092888
3.4697	-0.61506	0.011248
3.4697	-0.58996	0.011309
3.4697	-0.56485	0.0097267
3.4697	-0.53975	0.0068293
3.4697	-0.51464	0.00378
3.4697	0.64017	0.0022286
3.4697	0.66527	0.0031137
3.4697	0.69038	0.0036071
3.4697	0.71548	0.0035603
3.4697	0.74059	0.0030216
3.4697	0.76569	0.0021586
3.4948	-0.66527	0.00341
3.4948	-0.64017	0.0050894
3.4948	-0.61506	0.0066107
3.4948	-0.58996	0.0069245
3.4948	-0.56485	0.0060943
3.4948	-0.53975	0.0044422
3.4948	-0.51464	0.0022671
3.4948	0.69038	0.0022897
3.4948	0.71548	0.0022594
3.5198	-0.58996	0.0021239
3.5449	-0.66527	0.0022079
3.5449	-0.64017	0.0021395
3.5699	-0.71548	0.0038848
3.5699	-0.69038	0.0057889
3.5699	-0.66527	0.0068716
3.5699	-0.64017	0.006924
3.5699	-0.61506	0.0060222
3.5699	-0.58996	0.0045058
3.5699	-0.56485	0.0026677
3.595	-1.9707	0.0022049
3.595	-1.9456	0.0023533
3.595	-1.9205	0.0021526
3.595	-0.74059	0.0039044
3.595	-0.71548	0.0077631
3.595	-0.69038	0.01182
3.595	-0.66527	0.014649
3.595	-0.64017	0.015353
3.595	-0.61506	0.013864
3.595	-0.58996	0.010657
3.595	-0.56485	0.0067329
3.595	-0.53975	0.0034995
3.62	-1.9958	0.002159
3.62	-1.9707	0.002788
3.62	-1.9456	0.0030328
3.62	-1.9205	0.0028166
3.62	-1.8954	0.0021969
3.62	-0.76569	0.00208
3.62	-0.74059	0.0058937
3.62	-0.71548	0.011643
3.62	-0.69038	0.017655
3.62	-0.66527	0.022107
3.62	-0.64017	0.023435
3.62	-0.61506	0.021503
3.62	-0.58996	0.016618
3.62	-0.56485	0.010765
3.62	-0.53975	0.0054975
3.6451	-1.9707	0.0025243
3.6451	-1.9456	0.002793
3.6451	-1.9205	0.0026241
3.6451	-1.8954	0.0020683
3.6451	-0.76569	0.0021316
3.6451	-0.74059	0.0057583
3.6451	-0.71548	0.011236
3.6451	-0.69038	0.017055
3.6451	-0.66527	0.021493
3.6451	-0.64017	0.023001
3.6451	-0.61506	0.021304
3.6451	-0.58996	0.016544
3.6451	-0.56485	0.010674
3.6451	-0.53975	0.0053735
3.6451	0.66527	0.0021504
3.6701	-0.74059	0.0042773
3.6701	-0.71548	0.0083776
3.6701	-0.69038	0.01277
3.6701	-0.66527	0.016368
3.6701	-0.64017	0.017811
3.6701	-0.61506	0.016753
3.6701	-0.58996	0.013108
3.6701	-0.56485	0.0085107
3.6701	-0.53975	0.0041525
3.6701	0.64017	0.0020708
3.6701	0.66527	0.0022443
3.6701	0.69038	0.0020554
3.6952	-0.74059	0.0026977
3.6952	-0.71548	0.0053749
3.6952	-0.69038	0.0083813
3.6952	-0.66527	0.010892
3.6952	-0.64017	0.012107
3.6952	-0.61506	0.011617
3.6952	-0.58996	0.0091781
3.6952	-0.56485	0.0060173
3.6952	-0.53975	0.0028886
3.7203	-0.71548	0.0028221
3.7203	-0.69038	0.0041855
3.7203	-0.66527	0.005567
3.7203	-0.64017	0.0062169
3.7203	-0.61506	0.0060736
3.7203	-0.58996	0.0049793
3.7203	-0.56485	0.0030854
3.7453	-0.71548	0.0024319
3.7453	-0.69038	0.0029667
3.7453	-0.66527	0.0032704
3.7453	-0.64017	0.0030859
3.7453	-0.61506	0.0027402
3.7453	-0.58996	0.0020568
3.7704	-0.76569	0.0022709
3.7704	-0.74059	0.0038393
3.7704	-0.71548	0.0051545
3.7704	-0.69038	0.0059341
3.7704	-0.66527	0.0057234
3.7704	-0.64017	0.0046027
3.7704	-0.61506	0.0033474
3.7954	-0.76569	0.0041641
3.7954	-0.74059	0.0074191
3.7954	-0.71548	0.010278
3.7954	-0.69038	0.01182
3.7954	-0.66527	0.011485
3.7954	-0.64017	0.0094589
3.7954	-0.61506	0.0067303
3.7954	-0.58996	0.0038664
3.8205	-0.79079	0.0023828
3.8205	-0.76569	0.0058296
3.8205	-0.74059	0.010239
3.8205	-0.71548	0.014302
3.8205	-0.69038	0.016716
3.8205	-0.66527	0.016636
3.8205	-0.64017	0.014028
3.8205	-0.61506	0.010053
3.8205	-0.58996	0.0059345
3.8205	-0.56485	0.0026177
3.8205	0.61506	0.002039
3.8455	-0.79079	0.002541
3.8455	-0.76569	0.0060878
3.8455	-0.74059	0.010655
3.8455	-0.71548	0.015041
3.8455	-0.69038	0.017888
3.8455	-0.66527	0.018095
3.8455	-0.64017	0.015509
3.8455	-0.61506	0.011235
3.8455	-0.58996	0.0065619
3.8455	-0.56485	0.0028252
3.8455	0.58996	0.0023907
3.8455	0.61506	0.0028017
3.8455	0.64017	0.002743
3.8455	0.66527	0.0023184
3.8706	-0.76569	0.0047401
3.8706	-0.74059	0.0084064
3.8706	-0.71548	0.012124
3.8706	-0.69038	0.014728
3.8706	-0.66527	0.015199
3.8706	-0.64017	0.013236
3.8706	-0.61506	0.0096864
3.8706	-0.58996	0.0056264
3.8706	-0.56485	0.0023321
3.8706	0.58996	0.0024981
3.8706	0.61506	0.0029547
3.8706	0.64017	0.0029238
3.8706	0.66527	0.0024996
3.8956	-0.76569	0.0023662
3.8956	-0.74059	0.0044471
3.8956	-0.71548	0.0067206
3.8956	-0.69038	0.0085935
3.8956	-0.66527	0.0091735
3.8956	-0.64017	0.0082551
3.8956	-0.61506	0.0061422
3.8956	-0.58996	0.0035368
3.8956	0.61506	0.0024122
3.8956	0.64017	0.0024189
3.8956	0.66527	0.0020836
3.9207	-2.046	0.0021931
3.9207	-2.0209	0.0022598
3.9207	-0.69038	0.0027962
3.9207	-0.66527	0.0033032
3.9207	-0.64017	0.0031563
3.9207	-0.61506	0.0025123
3.9457	-2.0962	0.0026268
3.9457	-2.0711	0.0040307
3.9457	-2.046	0.0051365
3.9457	-2.0209	0.0055752
3.9457	-1.9958	0.0050826
3.9457	-1.9707	0.0039398
3.9457	-1.9456	0.002547
3.9708	-2.1213	0.0021174
3.9708	-2.0962	0.0043224
3.9708	-2.0711	0.0067096
3.9708	-2.046	0.0087227
3.9708	-2.0209	0.0096443
3.9708	-1.9958	0.0090197
3.9708	-1.9707	0.0071642
3.9708	-1.9456	0.0046481
3.9708	-1.9205	0.0024951
3.9708	-0.76569	0.0024265
3.9708	-0.74059	0.0030351
3.9708	-0.71548	0.0029432
3.9708	-0.69038	0.0024416
3.9958	-2.1213	0.0028957
3.9958	-2.0962	0.0057331
3.9958	-2.0711	0.0089604
3.9958	-2.046	0.011791
3.9958	-2.0209	0.013092
3.9958	-1.9958	0.01237
3.9958	-1.9707	0.0099734
3.9958	-1.9456	0.0066155
3.9958	-1.9205	0.003312
3.9958	-0.79079	0.0033714
3.9958	-0.76569	0.0055434
3.9958	-0.74059	0.007061
3.9958	-0.71548	0.0074592
3.9958	-0.69038	0.0067842
3.9958	-0.66527	0.0052453
3.9958	-0.64017	0.0032244
4.0209	-2.1213	0.0032186
4.0209	-2.0962	0.0062583
4.0209	-2.0711	0.009845
4.0209	-2.046	0.012953
4.0209	-2.0209	0.014523
4.0209	-1.9958	0.013803
4.0209	-1.9707	0.011182
4.0209	-1.9456	0.0073501
4.0209	-1.9205	0.0036419
4.0209	-0.79079	0.0043939
4.0209	-0.76569	0.007187
4.0209	-0.74059	0.0096829
4.0209	-0.71548	0.01071
4.0209	-0.69038	0.01024
4.0209	-0.66527	0.0082621
4.0209	-0.64017	0.0055755
4.0209	-0.61506	0.0029352
4.0459	-2.1213	0.0028082
4.0459	-2.0962	0.005506
4.0459	-2.0711	0.008764
4.0459	-2.046	0.011591
4.0459	-2.0209	0.013176
4.0459	-1.9958	0.012642
4.0459	-1.9707	0.010262
4.0459	-1.9456	0.0066541
4.0459	-1.9205	0.0032534
4.0459	-0.79079	0.0036077
4.0459	-0.76569	0.0061652
4.0459	-0.74059	0.0086839
4.0459	-0.71548	0.010063
4.0459	-0.69038	0.010022
4.0459	-0.66527	0.0084279
4.0459	-0.64017	0.005837
4.0459	-0.61506	0.003129
4.0459	0.56485	0.0020985
4.0459	0.58996	0.0022738
4.0459	0.61506	0.0021056
4.071	-2.0962	0.0036465
4.071	-2.0711	0.0059513
4.071	-2.046	0.0081167
4.071	-2.0209	0.0094404
4.071	-1.9958	0.0092296
4.071	-1.9707	0.0075972
4.071	-1.9456	0.0048706
4.071	-1.9205	0.0023205
4.071	-0.76569	0.0029803
4.071	-0.74059	0.0044956
4.071	-0.71548	0.0056742
4.071	-0.69038	0.0060973
4.071	-0.66527	0.0054235
4.071	-0.64017	0.0038743
4.071	-0.61506	0.0021697
4.071	0.56485	0.0022169
4.071	0.58996	0.0024357
4.071	0.61506	0.0022928
4.096	-2.0711	0.0026668
4.096	-2.046	0.003916
4.096	-2.0209	0.0048081
4.096	-1.9958	0.0049123
4.096	-1.9707	0.0041657
4.096	-1.9456	0.0027376
4.1211	-0.8159	0.0033661
4.1211	-0.79079	0.0042223
4.1211	-0.76569	0.0041255
4.1211	-0.74059	0.0032457
4.1461	-0.99163	0.0027739
4.1461	-0.96653	0.0029564
4.1461	-0.841	0.0060447
4.1461	-0.8159	0.011073
4.1461	-0.79079	0.0155
4.1461	-0.76569	0.017219
4.1461	-0.74059	0.016221
4.1461	-0.71548	0.01276
4.1461	-0.69038	0.0083009
4.1461	-0.66527	0.0045598
4.1461	-0.64017	0.0020606
4.1712	-2.1213	0.0021579
4.1712	-2.0962	0.002742
4.1712	-2.0711	0.0028814
4.1712	-2.046	0.0025477
4.1712	-1.0167	0.0023594
4.1712	-0.99163	0.0039454
4.1712	-0.96653	0.0041056
4.1712	-0.94142	0.0026677
4.1712	-0.86611	0.004065
4.1712	-0.841	0.012338
4.1712	-0.8159	0.023661
4.1712	-0.79079	0.033619
4.1712	-0.76569	0.039667
4.1712	-0.74059	0.03956
4.1712	-0.71548	0.032883
4.1712	-0.69038	0.024135
4.1712	-0.66527	0.013914
4.1712	-0.64017	0.0070755
4.1712	-0.61506	0.0022244
4.1962	-2.1464	0.0026154
4.1962	-2.1213	0.0044966
4.1962	-2.0962	0.0060647
4.1962	-2.0711	0.0068441
4.1962	-2.046	0.0066298
4.1962	-2.0209	0.0053973
4.1962	-1.9958	0.0035911
4.1962	-1.0167	0.0028891
4.1962	-0.99163	0.004605
4.1962	-0.96653	0.0046251
4.1962	-0.94142	0.0027739
4.1962	-0.86611	0.0072151
4.1962	-0.841	0.021036
4.1962	-0.8159	0.037997
4.1962	-0.79079	0.05505
4.1962	-0.76569	0.066059
4.1962	-0.74059	0.067464
4.1962	-0.71548	0.05829
4.1962	-0.69038	0.042714
4.1962	-0.66527	0.02646
4.1962	-0.64017	0.012559
4.1962	-0.61506	0.0041175
4.2213	-2.1464	0.0037932
4.2213	-2.1213	0.0063775
4.2213	-2.0962	0.008995
4.2213	-2.0711	0.010467
4.2213	-2.046	0.010499
4.2213	-2.0209	0.008937
4.2213	-1.9958	0.0061983
4.2213	-1.9707	0.0035003
4.2213	-1.0167	0.0028471
4.2213	-0.99163	0.0044119
4.2213	-0.96653	0.0042471
4.2213	-0.94142	0.0023321
4.2213	-0.86611	0.010107
4.2213	-0.841	0.027203
4.2213	-0.8159	0.050001
4.2213	-0.79079	0.072346
4.2213	-0.76569	0.087386
4.2213	-0.74059	0.09036
4.2213	-0.71548	0.078913
4.2213	-0.69038	0.058662
4.2213	-0.66527	0.036145
4.2213	-0.64017	0.017286
4.2213	-0.61506	0.0053427
4.2213	-0.51464	0.0022944
4.2213	-0.48954	0.0020461
4.2463	-2.1464	0.004118
4.2463	-2.1213	0.0070798
4.2463	-2.0962	0.010064
4.2463	-2.0711	0.011955
4.2463	-2.046	0.012243
4.2463	-2.0209	0.010614
4.2463	-1.9958	0.0075549
4.2463	-1.9707	0.0042361
4.2463	-1.0167	0.0021981
4.2463	-0.99163	0.0033622
4.2463	-0.96653	0.0031048
4.2463	-0.89121	0.0024668
4.2463	-0.86611	0.011465
4.2463	-0.841	0.029899
4.2463	-0.8159	0.05393
4.2463	-0.79079	0.078151
4.2463	-0.76569	0.094775
4.2463	-0.74059	0.098955
4.2463	-0.71548	0.086908
4.2463	-0.69038	0.065198
4.2463	-0.66527	0.040074
4.2463	-0.64017	0.018988
4.2463	-0.61506	0.0052757
4.2463	-0.53975	0.0027336
4.2463	-0.51464	0.0037073
4.2463	-0.48954	0.0031593
4.2714	-2.1464	0.0033625
4.2714	-2.1213	0.005958
4.2714	-2.0962	0.0086094
4.2714	-2.0711	0.010488
4.2714	-2.046	0.010943
4.2714	-2.0209	0.0096621
4.2714	-1.9958	0.0069387
4.2714	-1.9707	0.0038996
4.2714	-0.89121	0.0024071
4.2714	-0.86611	0.010311
4.2714	-0.841	0.025761
4.2714	-0.8159	0.04678
4.2714	-0.79079	0.06879
4.2714	-0.76569	0.084034
4.2714	-0.74059	0.088876
4.2714	-0.71548	0.078478
4.2714	-0.69038	0.059224
4.2714	-0.66527	0.036341
4.2714	-0.64017	0.016843
4.2714	-0.61506	0.0041383
4.2714	-0.53975	0.0037235
4.2714	-0.51464	0.0047018
4.2714	-0.48954	0.0038368
4.2965	-2.1213	0.0034607
4.2965	-2.0962	0.0052172
4.2965	-2.0711	0.0066688
4.2965	-2.046	0.0072683
4.2965	-2.0209	0.0065804
4.2965	-1.9958	0.0049055
4.2965	-1.9707	0.002703
4.2965	-0.86611	0.0066516
4.2965	-0.841	0.01653
4.2965	-0.8159	0.03062
4.2965	-0.79079	0.04679
4.2965	-0.76569	0.058326
4.2965	-0.74059	0.063191
4.2965	-0.71548	0.056696
4.2965	-0.69038	0.043284
4.2965	-0.66527	0.026565
4.2965	-0.64017	0.011635
4.2965	-0.61506	0.0025341
4.2965	-0.53975	0.0040705
4.2965	-0.51464	0.0048361
4.2965	-0.48954	0.0037652
4.3215	-2.0711	0.0024616
4.3215	-2.046	0.0029722
4.3215	-2.0209	0.0029137
4.3215	-1.9958	0.0023212
4.3215	-0.86611	0.0022566
4.3215	-0.841	0.0061161
4.3215	-0.8159	0.012704
4.3215	-0.79079	0.020838
4.3215	-0.76569	0.027923
4.3215	-0.74059	0.031938
4.3215	-0.71548	0.02997
4.3215	-0.69038	0.023643
4.3215	-0.66527	0.014712
4.3215	-0.64017	0.0062758
4.3215	-0.53975	0.0035589
4.3215	-0.51464	0.0040014
4.3215	-0.48954	0.0029873
4.3466	-0.79079	0.002988
4.3466	-0.76569	0.0054608
4.3466	-0.74059	0.0078019
4.3466	-0.71548	0.0086242
4.3466	-0.69038	0.0076619
4.3466	-0.66527	0.0050968
4.3466	-0.64017	0.0022229
4.3466	-0.53975	0.0023093
4.3466	-0.51464	0.0025369
4.3716	-0.86611	0.003271
4.3716	-0.841	0.0042606
4.3716	-0.8159	0.0040128
4.3716	-0.79079	0.002974
4.3716	0.48954	0.0024459
4.3716	0.51464	0.0025372
4.3716	0.53975	0.0022083
4.3967	-2.1715	0.0033446
4.3967	-2.1464	0.0050061
4.3967	-2.1213	0.0059429
4.3967	-2.0962	0.0061313
4.3967	-2.0711	0.0051645
4.3967	-2.046	0.003749
4.3967	-2.0209	0.0020536
4.3967	-1.0418	0.0026677
4.3967	-1.0167	0.0033472
4.3967	-0.99163	0.002691
4.3967	-0.89121	0.005978
4.3967	-0.86611	0.012355
4.3967	-0.841	0.018573
4.3967	-0.8159	0.021927
4.3967	-0.79079	0.021314
4.3967	-0.76569	0.017267
4.3967	-0.74059	0.01175
4.3967	-0.71548	0.0066933
4.3967	-0.69038	0.0027005
4.3967	0.43933	0.0022795
4.3967	0.46444	0.0039104
4.3967	0.48954	0.0053379
4.3967	0.51464	0.0057631
4.3967	0.53975	0.0053216
4.3967	0.56485	0.0041633
4.3967	0.58996	0.0027243
4.4217	-2.1967	0.0029176
4.4217	-2.1715	0.0055672
4.4217	-2.1464	0.008449
4.4217	-2.1213	0.010713
4.4217	-2.0962	0.011491
4.4217	-2.0711	0.010285
4.4217	-2.046	0.0078059
4.4217	-2.0209	0.0047888
4.4217	-1.9958	0.0023252
4.4217	-1.0418	0.0033473
4.4217	-1.0167	0.0041217
4.4217	-0.99163	0.00321
4.4217	-0.91632	0.0031586
4.4217	-0.89121	0.011382
4.4217	-0.86611	0.02452
4.4217	-0.841	0.038394
4.4217	-0.8159	0.047989
4.4217	-0.79079	0.050247
4.4217	-0.76569	0.044617
4.4217	-0.74059	0.033951
4.4217	-0.71548	0.020903
4.4217	-0.69038	0.010593
4.4217	-0.66527	0.0039914
4.4217	0.43933	0.0036195
4.4217	0.46444	0.0063121
4.4217	0.48954	0.0086238
4.4217	0.51464	0.0095098
4.4217	0.53975	0.0089882
4.4217	0.56485	0.0072172
4.4217	0.58996	0.0048693
4.4217	0.61506	0.0027584
4.4468	-2.1967	0.0034883
4.4468	-2.1715	0.006777
4.4468	-2.1464	0.010532
4.4468	-2.1213	0.013592
4.4468	-2.0962	0.014986
4.4468	-2.0711	0.013848
4.4468	-2.046	0.010796
4.4468	-2.0209	0.0068133
4.4468	-1.9958	0.003269
4.4468	-1.0418	0.0032228
4.4468	-1.0167	0.0038497
4.4468	-0.99163	0.0028673
4.4468	-0.91632	0.0051454
4.4468	-0.89121	0.016605
4.4468	-0.86611	0.034524
4.4468	-0.841	0.054152
4.4468	-0.8159	0.070322
4.4468	-0.79079	0.075953
4.4468	-0.76569	0.070026
4.4468	-0.74059	0.05539
4.4468	-0.71548	0.036562
4.4468	-0.69038	0.019172
4.4468	-0.66527	0.0071344
4.4468	0.43933	0.0048462
4.4468	0.46444	0.0082585
4.4468	0.48954	0.011211
4.4468	0.51464	0.012461
4.4468	0.53975	0.011914
4.4468	0.56485	0.0096253
4.4468	0.58996	0.0066813
4.4468	0.61506	0.0037543
4.4718	-2.1967	0.0031754
4.4718	-2.1715	0.00612
4.4718	-2.1464	0.0097783
4.4718	-2.1213	0.012907
4.4718	-2.0962	0.014637
4.4718	-2.0711	0.013872
4.4718	-2.046	0.010977
4.4718	-2.0209	0.007016
4.4718	-1.9958	0.003302
4.4718	-1.0418	0.0022711
4.4718	-1.0167	0.0026608
4.4718	-0.91632	0.0058195
4.4718	-0.89121	0.01834
4.4718	-0.86611	0.037241
4.4718	-0.841	0.059234
4.4718	-0.8159	0.077631
4.4718	-0.79079	0.085811
4.4718	-0.76569	0.080884
4.4718	-0.74059	0.065244
4.4718	-0.71548	0.043358
4.4718	-0.69038	0.022782
4.4718	-0.66527	0.0083133
4.4718	-0.56485	0.0026415
4.4718	-0.53975	0.00258
4.4718	0.41423	0.0021221
4.4718	0.43933	0.0051882
4.4718	0.46444	0.0088459
4.4718	0.48954	0.011967
4.4718	0.51464	0.013383
4.4718	0.53975	0.012898
4.4718	0.56485	0.010521
4.4718	0.58996	0.0072782
4.4718	0.61506	0.0041057
4.4969	-2.1715	0.0037139
4.4969	-2.1464	0.0063682
4.4969	-2.1213	0.0088228
4.4969	-2.0962	0.010377
4.4969	-2.0711	0.010207
4.4969	-2.046	0.0082502
4.4969	-2.0209	0.0053325
4.4969	-1.9958	0.0025279
4.4969	-0.91632	0.0050642
4.4969	-0.89121	0.014388
4.4969	-0.86611	0.030109
4.4969	-0.841	0.049272
4.4969	-0.8159	0.065497
4.4969	-0.79079	0.074225
4.4969	-0.76569	0.071759
4.4969	-0.74059	0.058865
4.4969	-0.71548	0.039224
4.4969	-0.69038	0.020929
4.4969	-0.66527	0.0073126
4.4969	-0.58996	0.0022529
4.4969	-0.56485	0.0037118
4.4969	-0.53975	0.003528
4.4969	-0.51464	0.0020684
4.4969	0.43933	0.0045443
4.4969	0.46444	0.0075677
4.4969	0.48954	0.01038
4.4969	0.51464	0.011742
4.4969	0.53975	0.011443
4.4969	0.56485	0.0093783
4.4969	0.58996	0.0065806
4.4969	0.61506	0.0036647
4.5219	-2.1464	0.002139
4.5219	-2.1213	0.003385
4.5219	-2.0962	0.0044181
4.5219	-2.0711	0.0046725
4.5219	-2.046	0.0042292
4.5219	-2.0209	0.0027449
4.5219	-0.91632	0.00232
4.5219	-0.89121	0.0071449
4.5219	-0.86611	0.016347
4.5219	-0.841	0.027594
4.5219	-0.8159	0.039458
4.5219	-0.79079	0.046537
4.5219	-0.76569	0.046995
4.5219	-0.74059	0.039787
4.5219	-0.71548	0.027584
4.5219	-0.69038	0.014691
4.5219	-0.66527	0.0048467
4.5219	-0.58996	0.002555
4.5219	-0.56485	0.0038744
4.5219	-0.53975	0.0035947
4.5219	-0.51464	0.0020578
4.5219	0.43933	0.002835
4.5219	0.46444	0.0048947
4.5219	0.48954	0.0069627
4.5219	0.51464	0.008065
4.5219	0.53975	0.0080253
4.5219	0.56485	0.0066631
4.5219	0.58996	0.0047862
4.5219	0.61506	0.0026388
4.547	-0.86611	0.0035593
4.547	-0.841	0.0073307
4.547	-0.8159	0.012651
4.547	-0.79079	0.017058
4.547	-0.76569	0.018962
4.547	-0.74059	0.017669
4.547	-0.71548	0.013023
4.547	-0.69038	0.0068818
4.547	-0.66527	0.0021349
4.547	-0.58996	0.0020612
4.547	-0.56485	0.0030375
4.547	-0.53975	0.002754
4.547	0.46444	0.0020554
4.547	0.48954	0.0030945
4.547	0.51464	0.0038244
4.547	0.53975	0.0040468
4.547	0.56485	0.0035504
4.547	0.58996	0.0025357
4.572	-2.1967	0.0026993
4.572	-2.1715	0.0033163
4.572	-2.1464	0.0031931
4.572	-2.1213	0.0025018
4.572	-0.74059	0.0027414
4.572	-0.71548	0.0025564
4.5971	-2.2469	0.0021743
4.5971	-2.2218	0.004948
4.5971	-2.1967	0.0082735
4.5971	-2.1715	0.011037
4.5971	-2.1464	0.012228
4.5971	-2.1213	0.011336
4.5971	-2.0962	0.0089324
4.5971	-2.0711	0.0057473
4.5971	-2.046	0.0029518
4.5971	-1.2176	0.0020813
4.5971	-1.0921	0.0020398
4.5971	-1.0669	0.0034178
4.5971	-1.0418	0.0034841
4.5971	-1.0167	0.0022052
4.5971	-0.94142	0.0023359
4.5971	-0.91632	0.0067609
4.5971	-0.89121	0.011489
4.5971	-0.86611	0.014634
4.5971	-0.841	0.014404
4.5971	-0.8159	0.011626
4.5971	-0.79079	0.0074793
4.5971	-0.76569	0.0036681
4.6221	-2.2469	0.004044
4.6221	-2.2218	0.0091547
4.6221	-2.1967	0.015736
4.6221	-2.1715	0.021593
4.6221	-2.1464	0.024946
4.6221	-2.1213	0.024323
4.6221	-2.0962	0.020355
4.6221	-2.0711	0.013963
4.6221	-2.046	0.0077351
4.6221	-2.0209	0.0030021
4.6221	-1.2176	0.0020794
4.6221	-1.0921	0.0030087
4.6221	-1.0669	0.00488
4.6221	-1.0418	0.0048805
4.6221	-1.0167	0.0029577
4.6221	-0.94142	0.0061139
4.6221	-0.91632	0.017195
4.6221	-0.89121	0.029916
4.6221	-0.86611	0.041777
4.6221	-0.841	0.046408
4.6221	-0.8159	0.043662
4.6221	-0.79079	0.034584
4.6221	-0.76569	0.022987
4.6221	-0.74059	0.01193
4.6221	-0.71548	0.0050399
4.6221	0.41423	0.0021157
4.6221	0.43933	0.003014
4.6221	0.46444	0.0032889
4.6221	0.48954	0.0030107
4.6221	0.51464	0.0022387
4.6472	-2.2469	0.0057155
4.6472	-2.2218	0.012686
4.6472	-2.1967	0.021797
4.6472	-2.1715	0.03063
4.6472	-2.1464	0.036074
4.6472	-2.1213	0.036119
4.6472	-2.0962	0.031011
4.6472	-2.0711	0.021771
4.6472	-2.046	0.01224
4.6472	-2.0209	0.0047748
4.6472	-1.0921	0.003283
4.6472	-1.0669	0.0051787
4.6472	-1.0418	0.0050448
4.6472	-1.0167	0.0028183
4.6472	-0.94142	0.010399
4.6472	-0.91632	0.028035
4.6472	-0.89121	0.049407
4.6472	-0.86611	0.070619
4.6472	-0.841	0.081544
4.6472	-0.8159	0.08098
4.6472	-0.79079	0.067497
4.6472	-0.76569	0.048161
4.6472	-0.74059	0.027252
4.6472	-0.71548	0.011866
4.6472	-0.69038	0.0033008
4.6472	0.38912	0.0021705
4.6472	0.41423	0.0042212
4.6472	0.43933	0.0061223
4.6472	0.46444	0.0071969
4.6472	0.48954	0.0070258
4.6472	0.51464	0.0057413
4.6472	0.53975	0.0040187
4.6472	0.56485	0.0023672
4.6722	-2.2469	0.0061565
4.6722	-2.2218	0.01353
4.6722	-2.1967	0.023541
4.6722	-2.1715	0.033486
4.6722	-2.1464	0.040248
4.6722	-2.1213	0.040922
4.6722	-2.0962	0.035749
4.6722	-2.0711	0.025505
4.6722	-2.046	0.014281
4.6722	-2.0209	0.0053966
4.6722	-1.9205	0.0030157
4.6722	-1.8954	0.0031293
4.6722	-1.0921	0.0025209
4.6722	-1.0669	0.0040304
4.6722	-1.0418	0.0038272
4.6722	-0.96653	0.0027161
4.6722	-0.94142	0.012872
4.6722	-0.91632	0.033294
4.6722	-0.89121	0.060121
4.6722	-0.86611	0.086378
4.6722	-0.841	0.1027
4.6722	-0.8159	0.10438
4.6722	-0.79079	0.089895
4.6722	-0.76569	0.065034
4.6722	-0.74059	0.038177
4.6722	-0.71548	0.017324
4.6722	-0.69038	0.004678
4.6722	-0.61506	0.0024186
4.6722	-0.58996	0.002874
4.6722	-0.56485	0.0021398
4.6722	0.38912	0.0030224
4.6722	0.41423	0.0059477
4.6722	0.43933	0.0086926
4.6722	0.46444	0.010387
4.6722	0.48954	0.010508
4.6722	0.51464	0.0089075
4.6722	0.53975	0.0065007
4.6722	0.56485	0.0038949
4.6973	-2.2469	0.0046028
4.6973	-2.2218	0.010514
4.6973	-2.1967	0.019052
4.6973	-2.1715	0.027573
4.6973	-2.1464	0.034162
4.6973	-2.1213	0.03557
4.6973	-2.0962	0.031792
4.6973	-2.0711	0.023128
4.6973	-2.046	0.012669
4.6973	-2.0209	0.004627
4.6973	-1.9456	0.0024069
4.6973	-1.9205	0.003999
4.6973	-1.8954	0.0040328
4.6973	-1.8703	0.002526
4.6973	-0.96653	0.0025463
4.6973	-0.94142	0.011581
4.6973	-0.91632	0.029698
4.6973	-0.89121	0.053618
4.6973	-0.86611	0.079217
4.6973	-0.841	0.096437
4.6973	-0.8159	0.1008
4.6973	-0.79079	0.089101
4.6973	-0.76569	0.065236
4.6973	-0.74059	0.03893
4.6973	-0.71548	0.017499
4.6973	-0.69038	0.0042381
4.6973	-0.61506	0.0039142
4.6973	-0.58996	0.0045513
4.6973	-0.56485	0.0033424
4.6973	0.38912	0.0032806
4.6973	0.41423	0.0063493
4.6973	0.43933	0.0093857
4.6973	0.46444	0.011404
4.6973	0.48954	0.011721
4.6973	0.51464	0.010188
4.6973	0.53975	0.0075458
4.6973	0.56485	0.0046565
4.6973	0.58996	0.002277
4.7223	-2.2469	0.00205
4.7223	-2.2218	0.0046948
4.7223	-2.1967	0.0091003
4.7223	-2.1715	0.015011
4.7223	-2.1464	0.01975
4.7223	-2.1213	0.021972
4.7223	-2.0962	0.020394
4.7223	-2.0711	0.014868
4.7223	-2.046	0.0087123
4.7223	-2.0209	0.0028669
4.7223	-1.9456	0.0025671
4.7223	-1.9205	0.0040771
4.7223	-1.8954	0.0039845
4.7223	-1.8703	0.0023945
4.7223	-1.7448	0.0021872
4.7223	-0.94142	0.0063975
4.7223	-0.91632	0.017487
4.7223	-0.89121	0.032113
4.7223	-0.86611	0.050644
4.7223	-0.841	0.064982
4.7223	-0.8159	0.070536
4.7223	-0.79079	0.064879
4.7223	-0.76569	0.04832
4.7223	-0.74059	0.029492
4.7223	-0.71548	0.012542
4.7223	-0.69038	0.0030074
4.7223	-0.64017	0.0020653
4.7223	-0.61506	0.0046176
4.7223	-0.58996	0.0051464
4.7223	-0.56485	0.0037176
4.7223	0.38912	0.0027043
4.7223	0.41423	0.0050875
4.7223	0.43933	0.0076473
4.7223	0.46444	0.0095189
4.7223	0.48954	0.010021
4.7223	0.51464	0.0089459
4.7223	0.53975	0.0067135
4.7223	0.56485	0.0041699
4.7223	0.58996	0.0020793
4.7474	-2.1715	0.0025327
4.7474	-2.1464	0.0047527
4.7474	-2.1213	0.0065595
4.7474	-2.0962	0.0071803
4.7474	-2.0711	0.0061209
4.7474	-2.046	0.0038015
4.7474	-1.9205	0.0030342
4.7474	-1.8954	0.0029174
4.7474	-1.7448	0.0023034
4.7474	-1.5941	0.0022444
4.7474	-1.569	0.0022037
4.7474	-0.91632	0.0033287
4.7474	-0.89121	0.0093651
4.7474	-0.86611	0.016474
4.7474	-0.841	0.024249
4.7474	-0.8159	0.029869
4.7474	-0.79079	0.030074
4.7474	-0.76569	0.023691
4.7474	-0.74059	0.015268
4.7474	-0.71548	0.0069911
4.7474	-0.61506	0.0039893
4.7474	-0.58996	0.0043373
4.7474	-0.56485	0.0030088
4.7474	-0.43933	0.0020966
4.7474	0.41423	0.0027146
4.7474	0.43933	0.0044073
4.7474	0.46444	0.0056453
4.7474	0.48954	0.0062331
4.7474	0.51464	0.0058067
4.7474	0.53975	0.0044816
4.7474	0.56485	0.0028106
4.7724	-2.272	0.0023606
4.7724	-2.2469	0.0037944
4.7724	-2.2218	0.0047941
4.7724	-2.1967	0.0043885
4.7724	-2.1715	0.003074
4.7724	-1.5941	0.0026127
4.7724	-1.569	0.0024918
4.7724	-1.4435	0.0023222
4.7724	-1.4184	0.0027843
4.7724	-1.3933	0.0021151
4.7724	-1.2678	0.0030149
4.7724	-1.2427	0.002972
4.7724	-1.1172	0.0024547
4.7724	-1.0921	0.0030447
4.7724	-1.0669	0.0024695
4.7724	-0.94142	0.0022354
4.7724	-0.91632	0.0023674
4.7724	-0.8159	0.0029416
4.7724	-0.79079	0.0042644
4.7724	-0.76569	0.0050063
4.7724	-0.74059	0.0037204
4.7724	-0.61506	0.0022803
4.7724	-0.58996	0.0024899
4.7724	0.48954	0.0022609
4.7724	0.51464	0.0023465
4.7975	-2.4226	0.0025393
4.7975	-2.3975	0.0027377
4.7975	-2.2971	0.0033674
4.7975	-2.272	0.0096636
4.7975	-2.2469	0.018484
4.7975	-2.2218	0.026536
4.7975	-2.1967	0.029907
4.7975	-2.1715	0.028537
4.7975	-2.1464	0.022458
4.7975	-2.1213	0.014841
4.7975	-2.0962	0.0074453
4.7975	-2.0711	0.0027977
4.7975	-1.5941	0.0023153
4.7975	-1.569	0.0021702
4.7975	-1.4435	0.0026632
4.7975	-1.4184	0.0031282
4.7975	-1.3933	0.0023223
4.7975	-1.2929	0.0029697
4.7975	-1.2678	0.0046549
4.7975	-1.2427	0.0044816
4.7975	-1.2176	0.0025147
4.7975	-1.1423	0.0026336
4.7975	-1.1172	0.005646
4.7975	-1.0921	0.007326
4.7975	-1.0669	0.0061488
4.7975	-1.0418	0.002724
4.7975	-0.96653	0.0083886
4.7975	-0.94142	0.016973
4.7975	-0.91632	0.024153
4.7975	-0.89121	0.027191
4.7975	-0.86611	0.024608
4.7975	-0.841	0.017521
4.7975	-0.8159	0.0097317
4.7975	-0.79079	0.0044251
4.8225	-2.4477	0.0027583
4.8225	-2.4226	0.004553
4.8225	-2.3975	0.0047227
4.8225	-2.3724	0.0028175
4.8225	-2.2971	0.0093337
4.8225	-2.272	0.026386
4.8225	-2.2469	0.049729
4.8225	-2.2218	0.072643
4.8225	-2.1967	0.086787
4.8225	-2.1715	0.08827
4.8225	-2.1464	0.076021
4.8225	-2.1213	0.055081
4.8225	-2.0962	0.032324
4.8225	-2.0711	0.014796
4.8225	-2.046	0.0044643
4.8225	-1.4435	0.0023101
4.8225	-1.4184	0.0026792
4.8225	-1.2929	0.0036201
4.8225	-1.2678	0.0054483
4.8225	-1.2427	0.0051056
4.8225	-1.2176	0.0027394
4.8225	-1.1423	0.0044241
4.8225	-1.1172	0.0093406
4.8225	-1.0921	0.011776
4.8225	-1.0669	0.0096811
4.8225	-1.0418	0.0039906
4.8225	-0.99163	0.0050459
4.8225	-0.96653	0.022425
4.8225	-0.94142	0.047486
4.8225	-0.91632	0.072993
4.8225	-0.89121	0.090103
4.8225	-0.86611	0.092533
4.8225	-0.841	0.078893
4.8225	-0.8159	0.057388
4.8225	-0.79079	0.03446
4.8225	-0.76569	0.016795
4.8225	-0.74059	0.0055848
4.8225	0.41423	0.0023086
4.8225	0.43933	0.0021203
4.8476	-2.4477	0.0044155
4.8476	-2.4226	0.0069237
4.8476	-2.3975	0.0067621
4.8476	-2.3724	0.0036666
4.8476	-2.3222	0.0038414
4.8476	-2.2971	0.020052
4.8476	-2.272	0.053166
4.8476	-2.2469	0.098604
4.8476	-2.2218	0.14564
4.8476	-2.1967	0.17636
4.8476	-2.1715	0.18337
4.8476	-2.1464	0.16179
4.8476	-2.1213	0.12096
4.8476	-2.0962	0.073656
4.8476	-2.0711	0.034179
4.8476	-2.046	0.010107
4.8476	-1.9707	0.0039802
4.8476	-1.9456	0.0052273
4.8476	-1.9205	0.0040977
4.8476	-1.2929	0.00328
4.8476	-1.2678	0.0048572
4.8476	-1.2427	0.0044367
4.8476	-1.2176	0.002216
4.8476	-1.1423	0.0058098
4.8476	-1.1172	0.011639
4.8476	-1.0921	0.014234
4.8476	-1.0669	0.011234
4.8476	-1.0418	0.0040793
4.8476	-0.99163	0.010985
4.8476	-0.96653	0.041569
4.8476	-0.94142	0.086712
4.8476	-0.91632	0.13697
4.8476	-0.89121	0.17327
4.8476	-0.86611	0.18618
4.8476	-0.841	0.16765
4.8476	-0.8159	0.12976
4.8476	-0.79079	0.083628
4.8476	-0.76569	0.043292
4.8476	-0.74059	0.015759
4.8476	-0.71548	0.0036109
4.8476	0.36402	0.0030154
4.8476	0.38912	0.0050905
4.8476	0.41423	0.0065264
4.8476	0.43933	0.0067646
4.8476	0.46444	0.0058824
4.8476	0.48954	0.0043006
4.8476	0.51464	0.0026014
4.8727	-2.4728	0.0024968
4.8727	-2.4477	0.0062026
4.8727	-2.4226	0.0091946
4.8727	-2.3975	0.0083669
4.8727	-2.3724	0.0039153
4.8727	-2.3222	0.0084044
4.8727	-2.2971	0.03593
4.8727	-2.272	0.089858
4.8727	-2.2469	0.1648
4.8727	-2.2218	0.2398
4.8727	-2.1967	0.29117
4.8727	-2.1715	0.30331
4.8727	-2.1464	0.26998
4.8727	-2.1213	0.20071
4.8727	-2.0962	0.12272
4.8727	-2.0711	0.057001
4.8727	-2.046	0.01538
4.8727	-1.9958	0.0038564
4.8727	-1.9707	0.010513
4.8727	-1.9456	0.013393
4.8727	-1.9205	0.01051
4.8727	-1.8954	0.0051171
4.8727	-1.795	0.0025803
4.8727	-1.7699	0.0028881
4.8727	-1.2678	0.0029798
4.8727	-1.2427	0.0027296
4.8727	-1.1423	0.0056781
4.8727	-1.1172	0.010935
4.8727	-1.0921	0.013108
4.8727	-1.0669	0.0098345
4.8727	-1.0418	0.0029934
4.8727	-0.99163	0.01667
4.8727	-0.96653	0.057576
4.8727	-0.94142	0.11912
4.8727	-0.91632	0.18915
4.8727	-0.89121	0.24362
4.8727	-0.86611	0.26677
4.8727	-0.841	0.24595
4.8727	-0.8159	0.19499
4.8727	-0.79079	0.12909
4.8727	-0.76569	0.067852
4.8727	-0.74059	0.024583
4.8727	-0.71548	0.0052564
4.8727	-0.66527	0.0029005
4.8727	-0.64017	0.0056437
4.8727	-0.61506	0.0057882
4.8727	-0.58996	0.0036393
4.8727	0.36402	0.0049576
4.8727	0.38912	0.0083455
4.8727	0.41423	0.011013
4.8727	0.43933	0.011849
4.8727	0.46444	0.01082
4.8727	0.48954	0.0084039
4.8727	0.51464	0.0054328
4.8727	0.53975	0.0029176
4.8977	-2.4728	0.003435
4.8977	-2.4477	0.0077916
4.8977	-2.4226	0.010861
4.8977	-2.3975	0.0091487
4.8977	-2.3724	0.0036078
4.8977	-2.3222	0.014808
4.8977	-2.2971	0.05491
4.8977	-2.272	0.13258
4.8977	-2.2469	0.23774
4.8977	-2.2218	0.34182
4.8977	-2.1967	0.41256
4.8977	-2.1715	0.42821
4.8977	-2.1464	0.37986
4.8977	-2.1213	0.28032
4.8977	-2.0962	0.16873
4.8977	-2.0711	0.075788
4.8977	-2.046	0.01836
4.8977	-1.9958	0.0087726
4.8977	-1.9707	0.020927
4.8977	-1.9456	0.024976
4.8977	-1.9205	0.018921
4.8977	-1.8954	0.0088081
4.8977	-1.8201	0.0036849
4.8977	-1.795	0.0071044
4.8977	-1.7699	0.0076723
4.8977	-1.7448	0.0052775
4.8977	-1.7197	0.002042
4.8977	-1.1423	0.0038815
4.8977	-1.1172	0.0071755
4.8977	-1.0921	0.0086183
4.8977	-1.0669	0.0062538
4.8977	-1.0167	0.0022709
4.8977	-0.99163	0.018792
4.8977	-0.96653	0.061066
4.8977	-0.94142	0.12611
4.8977	-0.91632	0.20081
4.8977	-0.89121	0.26318
4.8977	-0.86611	0.29377
4.8977	-0.841	0.2756
4.8977	-0.8159	0.22221
4.8977	-0.79079	0.1487
4.8977	-0.76569	0.078519
4.8977	-0.74059	0.027353
4.8977	-0.71548	0.0050115
4.8977	-0.66527	0.0057602
4.8977	-0.64017	0.010136
4.8977	-0.61506	0.010171
4.8977	-0.58996	0.0062871
4.8977	-0.56485	0.0023529
4.8977	0.33891	0.0024381
4.8977	0.36402	0.0058689
4.8977	0.38912	0.0099543
4.8977	0.41423	0.01336
4.8977	0.43933	0.014727
4.8977	0.46444	0.013776
4.8977	0.48954	0.011023
4.8977	0.51464	0.0073856
4.8977	0.53975	0.0040044
4.9228	-2.4728	0.0042148
4.9228	-2.4477	0.0087417
4.9228	-2.4226	0.011519
4.9228	-2.3975	0.0090163
4.9228	-2.3724	0.0028166
4.9228	-2.3222	0.021315
4.9228	-2.2971	0.076873
4.9228	-2.272	0.17632
4.9228	-2.2469	0.30549
4.9228	-2.2218	0.4338
4.9228	-2.1967	0.51838
4.9228	-2.1715	0.5342
4.9228	-2.1464	0.46987
4.9228	-2.1213	0.34254
4.9228	-2.0962	0.20108
4.9228	-2.0711	0.085994
4.9228	-2.046	0.018216
4.9228	-1.9958	0.015165
4.9228	-1.9707	0.0337
4.9228	-1.9456	0.037768
4.9228	-1.9205	0.028187
4.9228	-1.8954	0.011866
4.9228	-1.8201	0.0081973
4.9228	-1.795	0.013712
4.9228	-1.7699	0.014443
4.9228	-1.7448	0.0090136
4.9228	-1.7197	0.003444
4.9228	-1.6444	0.0035653
4.9228	-1.6192	0.0047483
4.9228	-1.5941	0.0037957
4.9228	-1.4686	0.0021538
4.9228	-1.1172	0.0023614
4.9228	-1.0921	0.0030813
4.9228	-1.0669	0.0023321
4.9228	-1.0167	0.002194
4.9228	-0.99163	0.014603
4.9228	-0.96653	0.047645
4.9228	-0.94142	0.097207
4.9228	-0.91632	0.15753
4.9228	-0.89121	0.21505
4.9228	-0.86611	0.24607
4.9228	-0.841	0.23627
4.9228	-0.8159	0.19581
4.9228	-0.79079	0.13167
4.9228	-0.76569	0.070318
4.9228	-0.74059	0.023101
4.9228	-0.71548	0.0034109
4.9228	-0.66527	0.0083319
4.9228	-0.64017	0.013374
4.9228	-0.61506	0.012996
4.9228	-0.58996	0.0078296
4.9228	-0.56485	0.0026986
4.9228	-0.48954	0.0023962
4.9228	-0.46444	0.0031551
4.9228	-0.43933	0.0025612
4.9228	0.33891	0.0022038
4.9228	0.36402	0.0051136
4.9228	0.38912	0.0089018
4.9228	0.41423	0.012121
4.9228	0.43933	0.013702
4.9228	0.46444	0.013109
4.9228	0.48954	0.010784
4.9228	0.51464	0.0072908
4.9228	0.53975	0.0040296
4.9478	-2.4728	0.0046367
4.9478	-2.4477	0.0088486
4.9478	-2.4226	0.011018
4.9478	-2.3975	0.0078265
4.9478	-2.3473	0.0025749
4.9478	-2.3222	0.030134
4.9478	-2.2971	0.094568
4.9478	-2.272	0.20783
4.9478	-2.2469	0.35426
4.9478	-2.2218	0.49701
4.9478	-2.1967	0.58736
4.9478	-2.1715	0.59948
4.9478	-2.1464	0.52116
4.9478	-2.1213	0.37439
4.9478	-2.0962	0.21266
4.9478	-2.0711	0.085282
4.9478	-2.046	0.015405
4.9478	-2.0209	0.0028922
4.9478	-1.9958	0.024065
4.9478	-1.9707	0.047205
4.9478	-1.9456	0.050271
4.9478	-1.9205	0.034272
4.9478	-1.8954	0.013335
4.9478	-1.8452	0.0034175
4.9478	-1.8201	0.013862
4.9478	-1.795	0.022169
4.9478	-1.7699	0.022036
4.9478	-1.7448	0.013015
4.9478	-1.7197	0.0041794
4.9478	-1.6695	0.0028349
4.9478	-1.6444	0.008171
4.9478	-1.6192	0.010262
4.9478	-1.5941	0.0080092
4.9478	-1.569	0.0035208
4.9478	-1.4937	0.0040297
4.9478	-1.4686	0.0065873
4.9478	-1.4435	0.0062194
4.9478	-1.4184	0.0038005
4.9478	-1.318	0.0028071
4.9478	-1.2929	0.0031714
4.9478	-1.2678	0.0022345
4.9478	-0.99163	0.0053965
4.9478	-0.96653	0.020497
4.9478	-0.94142	0.043601
4.9478	-0.91632	0.079243
4.9478	-0.89121	0.11567
4.9478	-0.86611	0.14088
4.9478	-0.841	0.14247
4.9478	-0.8159	0.12487
4.9478	-0.79079	0.087842
4.9478	-0.76569	0.047482
4.9478	-0.74059	0.014582
4.9478	-0.69038	0.0023065
4.9478	-0.66527	0.0090059
4.9478	-0.64017	0.013593
4.9478	-0.61506	0.012735
4.9478	-0.58996	0.0073864
4.9478	-0.56485	0.0022759
4.9478	-0.48954	0.0035337
4.9478	-0.46444	0.0044164
4.9478	-0.43933	0.0033767
4.9478	0.36402	0.0029054
4.9478	0.38912	0.0054731
4.9478	0.41423	0.0077202
4.9478	0.43933	0.009126
4.9478	0.46444	0.0091725
4.9478	0.48954	0.0077262
4.9478	0.51464	0.0053084
4.9478	0.53975	0.0030373
4.9729	-2.4728	0.004576
4.9729	-2.4477	0.0080959
4.9729	-2.4226	0.0094828
4.9729	-2.3975	0.0060082
4.9729	-2.3473	0.0043069
4.9729	-2.3222	0.035457
4.9729	-2.2971	0.1063
4.9729	-2.272	0.22473
4.9729	-2.2469	0.37407
4.9729	-2.2218	0.51819
4.9729	-2.1967	0.60588
4.9729	-2.1715	0.61122
4.9729	-2.1464	0.52403
4.9729	-2.1213	0.37047
4.9729	-2.0962	0.20262
4.9729	-2.0711	0.07614
4.9729	-2.046	0.011229
4.9729	-2.0209	0.0055965
4.9729	-1.9958	0.033901
4.9729	-1.9707	0.058382
4.9729	-1.9456	0.058145
4.9729	-1.9205	0.038064
4.9729	-1.8954	0.012838
4.9729	-1.8452	0.0064563
4.9729	-1.8201	0.021107
4.9729	-1.795	0.030813
4.9729	-1.7699	0.028895
4.9729	-1.7448	0.016009
4.9729	-1.7197	0.0041479
4.9729	-1.6695	0.0061228
4.9729	-1.6444	0.014681
4.9729	-1.6192	0.017525
4.9729	-1.5941	0.013175
4.9729	-1.569	0.0053705
4.9729	-1.5188	0.0026717
4.9729	-1.4937	0.0086364
4.9729	-1.4686	0.013563
4.9729	-1.4435	0.012735
4.9729	-1.4184	0.0068758
4.9729	-1.3431	0.0038811
4.9729	-1.318	0.0089497
4.9729	-1.2929	0.010565
4.9729	-1.2678	0.0082143
4.9729	-1.2427	0.0033621
4.9729	-1.1674	0.0040219
4.9729	-1.1423	0.0059539
4.9729	-1.1172	0.005744
4.9729	-1.0921	0.0036819
4.9729	-0.96653	0.0022435
4.9729	-0.94142	0.0030697
4.9729	-0.91632	0.01138
4.9729	-0.89121	0.01954
4.9729	-0.86611	0.034307
4.9729	-0.841	0.043536
4.9729	-0.8159	0.044019
4.9729	-0.79079	0.03469
4.9729	-0.76569	0.020852
4.9729	-0.74059	0.006053
4.9729	-0.69038	0.0020895
4.9729	-0.66527	0.0069202
4.9729	-0.64017	0.01006
4.9729	-0.61506	0.0093133
4.9729	-0.58996	0.0053522
4.9729	-0.48954	0.0038816
4.9729	-0.46444	0.0046307
4.9729	-0.43933	0.003413
4.9729	-0.31381	0.0028392
4.9729	-0.2887	0.0027226
4.9729	0.41423	0.002532
4.9729	0.43933	0.0034255
4.9729	0.46444	0.0038731
4.9729	0.48954	0.0035382
4.9729	0.51464	0.0025541
4.9979	-2.4728	0.0039883
4.9979	-2.4477	0.0066503
4.9979	-2.4226	0.007292
4.9979	-2.3975	0.004022
4.9979	-2.3473	0.0059185
4.9979	-2.3222	0.038652
4.9979	-2.2971	0.10774
4.9979	-2.272	0.22006
4.9979	-2.2469	0.36033
4.9979	-2.2218	0.49219
4.9979	-2.1967	0.56918
4.9979	-2.1715	0.56773
4.9979	-2.1464	0.47986
4.9979	-2.1213	0.33284
4.9979	-2.0962	0.17421
4.9979	-2.0711	0.058774
4.9979	-2.046	0.0072008
4.9979	-2.0209	0.0097602
4.9979	-1.9958	0.040961
4.9979	-1.9707	0.064701
4.9979	-1.9456	0.061271
4.9979	-1.9205	0.036812
4.9979	-1.8954	0.010612
4.9979	-1.8452	0.01044
4.9979	-1.8201	0.027796
4.9979	-1.795	0.037764
4.9979	-1.7699	0.033397
4.9979	-1.7448	0.017131
4.9979	-1.7197	0.0034123
4.9979	-1.6695	0.010645
4.9979	-1.6444	0.022231
4.9979	-1.6192	0.024906
4.9979	-1.5941	0.017585
4.9979	-1.569	0.0063383
4.9979	-1.5188	0.0052618
4.9979	-1.4937	0.015199
4.9979	-1.4686	0.022488
4.9979	-1.4435	0.020582
4.9979	-1.4184	0.010568
4.9979	-1.3431	0.010013
4.9979	-1.318	0.019619
4.9979	-1.2929	0.022808
4.9979	-1.2678	0.017221
4.9979	-1.2427	0.0071615
4.9979	-1.1925	0.0033141
4.9979	-1.1674	0.012672
4.9979	-1.1423	0.021857
4.9979	-1.1172	0.022722
4.9979	-1.0921	0.013413
4.9979	-1.0669	0.0038126
4.9979	-1.0167	0.0097038
4.9979	-0.99163	0.022546
4.9979	-0.96653	0.038036
4.9979	-0.94142	0.041909
4.9979	-0.91632	0.034615
4.9979	-0.89121	0.023686
4.9979	-0.86611	0.011135
4.9979	-0.841	0.0031186
4.9979	-0.79079	0.0027778
4.9979	-0.76569	0.0020378
4.9979	-0.66527	0.0029336
4.9979	-0.64017	0.0044572
4.9979	-0.61506	0.0043319
4.9979	-0.58996	0.0022972
4.9979	-0.48954	0.0030802
4.9979	-0.46444	0.0035499
4.9979	-0.43933	0.0025503
4.9979	-0.33891	0.0022579
4.9979	-0.31381	0.0032955
4.9979	-0.2887	0.0030734
4.9979	-0.13808	0.0021977
5.023	-2.4728	0.0031086
5.023	-2.4477	0.0048844
5.023	-2.4226	0.004928
5.023	-2.3975	0.0023191
5.023	-2.3473	0.0068657
5.023	-2.3222	0.03732
5.023	-2.2971	0.098259
5.023	-2.272	0.19497
5.023	-2.2469	0.3143
5.023	-2.2218	0.4244
5.023	-2.1967	0.48499
5.023	-2.1715	0.47958
5.023	-2.1464	0.39943
5.023	-2.1213	0.271
5.023	-2.0962	0.13525
5.023	-2.0711	0.042516
5.023	-2.046	0.0032751
5.023	-2.0209	0.013532
5.023	-1.9958	0.044599
5.023	-1.9707	0.064851
5.023	-1.9456	0.057658
5.023	-1.9205	0.032355
5.023	-1.8954	0.0074988
5.023	-1.8452	0.01418
5.023	-1.8201	0.032882
5.023	-1.795	0.041602
5.023	-1.7699	0.034488
5.023	-1.7448	0.016187
5.023	-1.7197	0.0024209
5.023	-1.6946	0.0030063
5.023	-1.6695	0.015943
5.023	-1.6444	0.029341
5.023	-1.6192	0.030635
5.023	-1.5941	0.020348
5.023	-1.569	0.0064271
5.023	-1.5188	0.0089266
5.023	-1.4937	0.023114
5.023	-1.4686	0.031883
5.023	-1.4435	0.027838
5.023	-1.4184	0.013328
5.023	-1.3682	0.00325
5.023	-1.3431	0.018362
5.023	-1.318	0.034272
5.023	-1.2929	0.037984
5.023	-1.2678	0.027488
5.023	-1.2427	0.010169
5.023	-1.1925	0.0093141
5.023	-1.1674	0.030984
5.023	-1.1423	0.050252
5.023	-1.1172	0.051214
5.023	-1.0921	0.02996
5.023	-1.0669	0.0064124
5.023	-1.0418	0.0049392
5.023	-1.0167	0.035801
5.023	-0.99163	0.09811
5.023	-0.96653	0.17671
5.023	-0.94142	0.22763
5.023	-0.91632	0.23946
5.023	-0.89121	0.21022
5.023	-0.86611	0.15329
5.023	-0.841	0.095718
5.023	-0.8159	0.041516
5.023	-0.79079	0.015455
5.023	-0.76569	0.0042837
5.023	-0.33891	0.0021103
5.023	-0.31381	0.0029023
5.023	-0.2887	0.0026554
5.023	-0.16318	0.0021764
5.023	-0.13808	0.0024572
5.023	0.012552	0.0023029
5.023	0.037657	0.0021667
5.023	0.18828	0.0021888
5.023	0.33891	0.0029868
5.023	0.36402	0.0040561
5.023	0.38912	0.0042199
5.023	0.41423	0.0035272
5.023	0.43933	0.0024565
5.048	-2.4728	0.0020472
5.048	-2.4477	0.0030091
5.048	-2.4226	0.0028592
5.048	-2.3473	0.0068025
5.048	-2.3222	0.031547
5.048	-2.2971	0.078927
5.048	-2.272	0.15551
5.048	-2.2469	0.24564
5.048	-2.2218	0.32905
5.048	-2.1967	0.37319
5.048	-2.1715	0.36543
5.048	-2.1464	0.29914
5.048	-2.1213	0.19749
5.048	-2.0962	0.094672
5.048	-2.0711	0.026177
5.048	-2.046	0.0024028
5.048	-2.0209	0.0161
5.048	-1.9958	0.043369
5.048	-1.9707	0.058408
5.048	-1.9456	0.049055
5.048	-1.9205	0.025227
5.048	-1.8954	0.0044181
5.048	-1.8703	0.0027567
5.048	-1.8452	0.016939
5.048	-1.8201	0.034965
5.048	-1.795	0.041506
5.048	-1.7699	0.032056
5.048	-1.7448	0.013465
5.048	-1.6946	0.004911
5.048	-1.6695	0.020342
5.048	-1.6444	0.034497
5.048	-1.6192	0.034008
5.048	-1.5941	0.020737
5.048	-1.569	0.0055464
5.048	-1.5439	0.002066
5.048	-1.5188	0.013258
5.048	-1.4937	0.030905
5.048	-1.4686	0.039951
5.048	-1.4435	0.032866
5.048	-1.4184	0.014341
5.048	-1.3682	0.0068972
5.048	-1.3431	0.02904
5.048	-1.318	0.051088
5.048	-1.2929	0.054055
5.048	-1.2678	0.036421
5.048	-1.2427	0.011234
5.048	-1.2176	0.0021928
5.048	-1.1925	0.020247
5.048	-1.1674	0.058887
5.048	-1.1423	0.089924
5.048	-1.1172	0.086651
5.048	-1.0921	0.049171
5.048	-1.0669	0.0072019
5.048	-1.0418	0.014291
5.048	-1.0167	0.10244
5.048	-0.99163	0.26125
5.048	-0.96653	0.45243
5.048	-0.94142	0.62075
5.048	-0.91632	0.68227
5.048	-0.89121	0.63948
5.048	-0.86611	0.51145
5.048	-0.841	0.34122
5.048	-0.8159	0.18952
5.048	-0.79079	0.080248
5.048	-0.76569	0.024358
5.048	-0.69038	0.0030817
5.048	-0.66527	0.0035121
5.048	-0.64017	0.0021702
5.048	-0.13808	0.0020934
5.048	0.012552	0.0026848
5.048	0.037657	0.0024608
5.048	0.16318	0.002939
5.048	0.18828	0.0035071
5.048	0.21339	0.0027176
5.048	0.31381	0.0040496
5.048	0.33891	0.0084686
5.048	0.36402	0.012047
5.048	0.38912	0.013776
5.048	0.41423	0.013149
5.048	0.43933	0.010484
5.048	0.46444	0.0070101
5.048	0.48954	0.0038454
5.0731	-2.3473	0.0054503
5.0731	-2.3222	0.02273
5.0731	-2.2971	0.055765
5.0731	-2.272	0.10724
5.0731	-2.2469	0.16867
5.0731	-2.2218	0.22563
5.0731	-2.1967	0.25491
5.0731	-2.1715	0.24799
5.0731	-2.1464	0.201
5.0731	-2.1213	0.12953
5.0731	-2.0962	0.058366
5.0731	-2.0711	0.013854
5.0731	-2.0209	0.016175
5.0731	-1.9958	0.037593
5.0731	-1.9707	0.047544
5.0731	-1.9456	0.037553
5.0731	-1.9205	0.017604
5.0731	-1.8954	0.0021757
5.0731	-1.8703	0.0036782
5.0731	-1.8452	0.017996
5.0731	-1.8201	0.033539
5.0731	-1.795	0.037262
5.0731	-1.7699	0.026819
5.0731	-1.7448	0.0098701
5.0731	-1.6946	0.0070679
5.0731	-1.6695	0.023329
5.0731	-1.6444	0.036456
5.0731	-1.6192	0.033737
5.0731	-1.5941	0.019016
5.0731	-1.569	0.004102
5.0731	-1.5439	0.0031642
5.0731	-1.5188	0.017353
5.0731	-1.4937	0.03672
5.0731	-1.4686	0.044716
5.0731	-1.4435	0.034363
5.0731	-1.4184	0.013379
5.0731	-1.3682	0.011875
5.0731	-1.3431	0.040526
5.0731	-1.318	0.066822
5.0731	-1.2929	0.066718
5.0731	-1.2678	0.041609
5.0731	-1.2427	0.010551
5.0731	-1.2176	0.0047482
5.0731	-1.1925	0.036472
5.0731	-1.1674	0.093842
5.0731	-1.1423	0.13422
5.0731	-1.1172	0.12325
5.0731	-1.0921	0.062859
5.0731	-1.0669	0.0056267
5.0731	-1.0418	0.039803
5.0731	-1.0167	0.21088
5.0731	-0.99163	0.51859
5.0731	-0.96653	0.89229
5.0731	-0.94142	1.215
5.0731	-0.91632	1.3626
5.0731	-0.89121	1.3038
5.0731	-0.86611	1.0722
5.0731	-0.841	0.74042
5.0731	-0.8159	0.42057
5.0731	-0.79079	0.18467
5.0731	-0.76569	0.05429
5.0731	-0.74059	0.0032751
5.0731	-0.71548	0.0037688
5.0731	-0.69038	0.013695
5.0731	-0.66527	0.017535
5.0731	-0.64017	0.013105
5.0731	-0.61506	0.0061046
5.0731	0.012552	0.0023895
5.0731	0.037657	0.0021422
5.0731	0.16318	0.0036443
5.0731	0.18828	0.0042236
5.0731	0.21339	0.003164
5.0731	0.31381	0.0075807
5.0731	0.33891	0.015194
5.0731	0.36402	0.02233
5.0731	0.38912	0.02627
5.0731	0.41423	0.026135
5.0731	0.43933	0.021809
5.0731	0.46444	0.015503
5.0731	0.48954	0.009211
5.0731	0.51464	0.0044675
5.0981	-2.3473	0.00333
5.0981	-2.3222	0.013224
5.0981	-2.2971	0.032723
5.0981	-2.272	0.06221
5.0981	-2.2469	0.097893
5.0981	-2.2218	0.13191
5.0981	-2.1967	0.14966
5.0981	-2.1715	0.14538
5.0981	-2.1464	0.11708
5.0981	-2.1213	0.074272
5.0981	-2.0962	0.030945
5.0981	-2.0711	0.0061209
5.0981	-2.046	0.0020841
5.0981	-2.0209	0.014019
5.0981	-1.9958	0.02867
5.0981	-1.9707	0.034343
5.0981	-1.9456	0.02547
5.0981	-1.9205	0.010797
5.0981	-1.8703	0.0043131
5.0981	-1.8452	0.016902
5.0981	-1.8201	0.028812
5.0981	-1.795	0.03008
5.0981	-1.7699	0.020056
5.0981	-1.7448	0.0064157
5.0981	-1.6946	0.008601
5.0981	-1.6695	0.023948
5.0981	-1.6444	0.034681
5.0981	-1.6192	0.030183
5.0981	-1.5941	0.015524
5.0981	-1.569	0.0026716
5.0981	-1.5439	0.0043619
5.0981	-1.5188	0.020402
5.0981	-1.4937	0.039327
5.0981	-1.4686	0.04511
5.0981	-1.4435	0.032217
5.0981	-1.4184	0.010814
5.0981	-1.3682	0.017275
5.0981	-1.3431	0.050665
5.0981	-1.318	0.078026
5.0981	-1.2929	0.073259
5.0981	-1.2678	0.041663
5.0981	-1.2427	0.0081459
5.0981	-1.2176	0.0096037
5.0981	-1.1925	0.056619
5.0981	-1.1674	0.13005
5.0981	-1.1423	0.17542
5.0981	-1.1172	0.15068
5.0981	-1.0921	0.068432
5.0981	-1.0669	0.0028651
5.0981	-1.0418	0.08282
5.0981	-1.0167	0.37516
5.0981	-0.99163	0.86747
5.0981	-0.96653	1.4589
5.0981	-0.94142	1.9705
5.0981	-0.91632	2.2176
5.0981	-0.89121	2.1329
5.0981	-0.86611	1.7637
5.0981	-0.841	1.2202
5.0981	-0.8159	0.69423
5.0981	-0.79079	0.30199
5.0981	-0.76569	0.082505
5.0981	-0.74059	0.0026286
5.0981	-0.71548	0.012543
5.0981	-0.69038	0.035813
5.0981	-0.66527	0.044804
5.0981	-0.64017	0.033874
5.0981	-0.61506	0.016072
5.0981	-0.58996	0.0038268
5.0981	-0.53975	0.002653
5.0981	-0.51464	0.00529
5.0981	-0.48954	0.005635
5.0981	-0.46444	0.003665
5.0981	0.16318	0.0034257
5.0981	0.18828	0.0038763
5.0981	0.21339	0.0027658
5.0981	0.2887	0.0030312
5.0981	0.31381	0.010565
5.0981	0.33891	0.020667
5.0981	0.36402	0.030552
5.0981	0.38912	0.036484
5.0981	0.41423	0.037091
5.0981	0.43933	0.031703
5.0981	0.46444	0.023166
5.0981	0.48954	0.014079
5.0981	0.51464	0.0069602
5.0981	0.53975	0.0023832
5.1232	-2.3222	0.0058252
5.1232	-2.2971	0.013783
5.1232	-2.272	0.026672
5.1232	-2.2469	0.045206
5.1232	-2.2218	0.061437
5.1232	-2.1967	0.071182
5.1232	-2.1715	0.070276
5.1232	-2.1464	0.05654
5.1232	-2.1213	0.035776
5.1232	-2.0962	0.013806
5.1232	-2.0711	0.0021504
5.1232	-2.0209	0.010234
5.1232	-1.9958	0.018875
5.1232	-1.9707	0.021536
5.1232	-1.9456	0.015018
5.1232	-1.9205	0.0057318
5.1232	-1.8703	0.0041618
5.1232	-1.8452	0.013926
5.1232	-1.8201	0.021865
5.1232	-1.795	0.021639
5.1232	-1.7699	0.013291
5.1232	-1.7448	0.0034
5.1232	-1.6946	0.0090766
5.1232	-1.6695	0.021787
5.1232	-1.6444	0.029707
5.1232	-1.6192	0.02438
5.1232	-1.5941	0.011323
5.1232	-1.5439	0.0054289
5.1232	-1.5188	0.021433
5.1232	-1.4937	0.037807
5.1232	-1.4686	0.041082
5.1232	-1.4435	0.027138
5.1232	-1.4184	0.0075568
5.1232	-1.3682	0.022086
5.1232	-1.3431	0.056748
5.1232	-1.318	0.081994
5.1232	-1.2929	0.072469
5.1232	-1.2678	0.036891
5.1232	-1.2427	0.0058126
5.1232	-1.2176	0.016462
5.1232	-1.1925	0.077314
5.1232	-1.1674	0.16054
5.1232	-1.1423	0.20379
5.1232	-1.1172	0.16326
5.1232	-1.0921	0.06359
5.1232	-1.0669	0.0030423
5.1232	-1.0418	0.15386
5.1232	-1.0167	0.5661
5.1232	-0.99163	1.2725
5.1232	-0.96653	2.0759
5.1232	-0.94142	2.7813
5.1232	-0.91632	3.1019
5.1232	-0.89121	2.976
5.1232	-0.86611	2.4519
5.1232	-0.841	1.6838
5.1232	-0.8159	0.94583
5.1232	-0.79079	0.39851
5.1232	-0.76569	0.099048
5.1232	-0.71548	0.029428
5.1232	-0.69038	0.070143
5.1232	-0.66527	0.083108
5.1232	-0.64017	0.061071
5.1232	-0.61506	0.026995
5.1232	-0.58996	0.0054492
5.1232	-0.53975	0.007991
5.1232	-0.51464	0.01426
5.1232	-0.48954	0.01496
5.1232	-0.46444	0.0095738
5.1232	-0.43933	0.0038192
5.1232	0.16318	0.0022488
5.1232	0.18828	0.0025549
5.1232	0.2887	0.0034634
5.1232	0.31381	0.011088
5.1232	0.33891	0.021724
5.1232	0.36402	0.032208
5.1232	0.38912	0.039071
5.1232	0.41423	0.040377
5.1232	0.43933	0.035189
5.1232	0.46444	0.026086
5.1232	0.48954	0.016052
5.1232	0.51464	0.0079168
5.1232	0.53975	0.0026417
5.1482	-2.2971	0.0032861
5.1482	-2.272	0.0066355
5.1482	-2.2469	0.013206
5.1482	-2.2218	0.018995
5.1482	-2.1967	0.023637
5.1482	-2.1715	0.024558
5.1482	-2.1464	0.020323
5.1482	-2.1213	0.013249
5.1482	-2.0962	0.0047232
5.1482	-2.0209	0.0058486
5.1482	-1.9958	0.010515
5.1482	-1.9707	0.011284
5.1482	-1.9456	0.0073929
5.1482	-1.9205	0.0025386
5.1482	-1.8703	0.0033472
5.1482	-1.8452	0.010056
5.1482	-1.8201	0.01456
5.1482	-1.795	0.013685
5.1482	-1.7699	0.0076485
5.1482	-1.6946	0.0080895
5.1482	-1.6695	0.018033
5.1482	-1.6444	0.022754
5.1482	-1.6192	0.017683
5.1482	-1.5941	0.0070132
5.1482	-1.5439	0.0058459
5.1482	-1.5188	0.020186
5.1482	-1.4937	0.033141
5.1482	-1.4686	0.033582
5.1482	-1.4435	0.020435
5.1482	-1.4184	0.0045069
5.1482	-1.3933	0.0031372
5.1482	-1.3682	0.024686
5.1482	-1.3431	0.057163
5.1482	-1.318	0.077803
5.1482	-1.2929	0.064231
5.1482	-1.2678	0.028888
5.1482	-1.2427	0.0036073
5.1482	-1.2176	0.023199
5.1482	-1.1925	0.09385
5.1482	-1.1674	0.17855
5.1482	-1.1423	0.2138
5.1482	-1.1172	0.15813
5.1482	-1.0921	0.051377
5.1482	-1.0669	0.008967
5.1482	-1.0418	0.22475
5.1482	-1.0167	0.77308
5.1482	-0.99163	1.6505
5.1482	-0.96653	2.6365
5.1482	-0.94142	3.4822
5.1482	-0.91632	3.8512
5.1482	-0.89121	3.6671
5.1482	-0.86611	2.9929
5.1482	-0.841	2.034
5.1482	-0.8159	1.1177
5.1482	-0.79079	0.44566
5.1482	-0.76569	0.10032
5.1482	-0.71548	0.054825
5.1482	-0.69038	0.11462
5.1482	-0.66527	0.12615
5.1482	-0.64017	0.088636
5.1482	-0.61506	0.036132
5.1482	-0.58996	0.0061381
5.1482	-0.56485	0.0035182
5.1482	-0.53975	0.016957
5.1482	-0.51464	0.028018
5.1482	-0.48954	0.028058
5.1482	-0.46444	0.01787
5.1482	-0.43933	0.0061499
5.1482	-0.36402	0.004468
5.1482	-0.33891	0.0060555
5.1482	-0.31381	0.0048307
5.1482	-0.2887	0.0020884
5.1482	0.2887	0.0026694
5.1482	0.31381	0.0081383
5.1482	0.33891	0.01642
5.1482	0.36402	0.025252
5.1482	0.38912	0.031531
5.1482	0.41423	0.033495
5.1482	0.43933	0.029787
5.1482	0.46444	0.022729
5.1482	0.48954	0.014103
5.1482	0.51464	0.0068589
5.1482	0.53975	0.0021935
5.1733	-2.1967	0.0030048
5.1733	-2.1715	0.0040929
5.1733	-2.1464	0.0040837
5.1733	-2.1213	0.0029389
5.1733	-2.0209	0.002541
5.1733	-1.9958	0.0043187
5.1733	-1.9707	0.004523
5.1733	-1.9456	0.0030255
5.1733	-1.8703	0.0021319
5.1733	-1.8452	0.0059264
5.1733	-1.8201	0.0081943
5.1733	-1.795	0.0073226
5.1733	-1.7699	0.0036822
5.1733	-1.6946	0.0065337
5.1733	-1.6695	0.012928
5.1733	-1.6444	0.01535
5.1733	-1.6192	0.011332
5.1733	-1.5941	0.003856
5.1733	-1.5439	0.0057235
5.1733	-1.5188	0.016791
5.1733	-1.4937	0.025789
5.1733	-1.4686	0.024654
5.1733	-1.4435	0.013473
5.1733	-1.4184	0.0028647
5.1733	-1.3933	0.0042669
5.1733	-1.3682	0.024533
5.1733	-1.3431	0.051713
5.1733	-1.318	0.066528
5.1733	-1.2929	0.051445
5.1733	-1.2678	0.019861
5.1733	-1.2427	0.0020476
5.1733	-1.2176	0.029959
5.1733	-1.1925	0.10194
5.1733	-1.1674	0.17929
5.1733	-1.1423	0.20039
5.1733	-1.1172	0.13646
5.1733	-1.0921	0.03648
5.1733	-1.0669	0.023162
5.1733	-1.0418	0.30506
5.1733	-1.0167	0.95945
5.1733	-0.99163	1.9342
5.1733	-0.96653	3.0339
5.1733	-0.94142	3.9365
5.1733	-0.91632	4.3101
5.1733	-0.89121	4.0621
5.1733	-0.86611	3.2837
5.1733	-0.841	2.1995
5.1733	-0.8159	1.1744
5.1733	-0.79079	0.44422
5.1733	-0.76569	0.08321
5.1733	-0.74059	0.0050722
5.1733	-0.71548	0.083509
5.1733	-0.69038	0.15917
5.1733	-0.66527	0.16505
5.1733	-0.64017	0.10979
5.1733	-0.61506	0.040473
5.1733	-0.58996	0.0056633
5.1733	-0.56485	0.0077939
5.1733	-0.53975	0.029565
5.1733	-0.51464	0.045075
5.1733	-0.48954	0.042642
5.1733	-0.46444	0.02558
5.1733	-0.43933	0.0077121
5.1733	-0.38912	0.0036354
5.1733	-0.36402	0.010584
5.1733	-0.33891	0.012989
5.1733	-0.31381	0.010126
5.1733	-0.2887	0.0042255
5.1733	-0.21339	0.0033643
5.1733	-0.18828	0.0052517
5.1733	-0.16318	0.0048702
5.1733	-0.13808	0.0025585
5.1733	0.31381	0.0030364
5.1733	0.33891	0.0075425
5.1733	0.36402	0.012184
5.1733	0.38912	0.016767
5.1733	0.41423	0.018992
5.1733	0.43933	0.018144
5.1733	0.46444	0.013951
5.1733	0.48954	0.0091097
5.1733	0.51464	0.0047155
5.1983	-2.3222	0.0021874
5.1983	-2.2971	0.0030246
5.1983	-2.272	0.0032982
5.1983	-2.2469	0.0029771
5.1983	-2.2218	0.0021222
5.1983	-1.8452	0.0026412
5.1983	-1.8201	0.0035352
5.1983	-1.795	0.0029639
5.1983	-1.6946	0.0042715
5.1983	-1.6695	0.0078028
5.1983	-1.6444	0.0088665
5.1983	-1.6192	0.0059153
5.1983	-1.5439	0.0046635
5.1983	-1.5188	0.012058
5.1983	-1.4937	0.017636
5.1983	-1.4686	0.015982
5.1983	-1.4435	0.0077804
5.1983	-1.3933	0.0047532
5.1983	-1.3682	0.021534
5.1983	-1.3431	0.041726
5.1983	-1.318	0.050904
5.1983	-1.2929	0.035916
5.1983	-1.2678	0.011828
5.1983	-1.2427	0.0024681
5.1983	-1.2176	0.033715
5.1983	-1.1925	0.099135
5.1983	-1.1674	0.16246
5.1983	-1.1423	0.17021
5.1983	-1.1172	0.10539
5.1983	-1.0921	0.018646
5.1983	-1.0669	0.043258
5.1983	-1.0418	0.371
5.1983	-1.0167	1.058
5.1983	-0.99163	2.0606
5.1983	-0.96653	3.1658
5.1983	-0.94142	4.0473
5.1983	-0.91632	4.3811
5.1983	-0.89121	4.086
5.1983	-0.86611	3.2628
5.1983	-0.841	2.1497
5.1983	-0.8159	1.109
5.1983	-0.79079	0.38946
5.1983	-0.76569	0.065059
5.1983	-0.74059	0.015338
5.1983	-0.71548	0.11575
5.1983	-0.69038	0.19579
5.1983	-0.66527	0.19097
5.1983	-0.64017	0.11717
5.1983	-0.61506	0.039075
5.1983	-0.58996	0.0045014
5.1983	-0.56485	0.013382
5.1983	-0.53975	0.044125
5.1983	-0.51464	0.062409
5.1983	-0.48954	0.055554
5.1983	-0.46444	0.030396
5.1983	-0.43933	0.0082676
5.1983	-0.38912	0.0085761
5.1983	-0.36402	0.018704
5.1983	-0.33891	0.022035
5.1983	-0.31381	0.016069
5.1983	-0.2887	0.006223
5.1983	-0.23849	0.0021298
5.1983	-0.21339	0.0073418
5.1983	-0.18828	0.010771
5.1983	-0.16318	0.0099105
5.1983	-0.13808	0.0052338
5.1983	-0.062762	0.0022903
5.1983	-0.037657	0.0045313
5.1983	-0.012552	0.0052619
5.1983	0.012552	0.0039228
5.1983	0.38912	0.0033293
5.1983	0.41423	0.0046387
5.1983	0.43933	0.0052587
5.1983	0.46444	0.0050854
5.1983	0.48954	0.0036206
5.2234	-2.3473	0.0023747
5.2234	-2.3222	0.005187
5.2234	-2.2971	0.0080052
5.2234	-2.272	0.010423
5.2234	-2.2469	0.011089
5.2234	-2.2218	0.010188
5.2234	-2.1967	0.0077949
5.2234	-2.1715	0.0045754
5.2234	-2.1464	0.0022824
5.2234	-1.6946	0.0020449
5.2234	-1.6695	0.0035618
5.2234	-1.6444	0.0041274
5.2234	-1.6192	0.0025618
5.2234	-1.5439	0.0030813
5.2234	-1.5188	0.0073227
5.2234	-1.4937	0.010259
5.2234	-1.4686	0.008897
5.2234	-1.4435	0.0038965
5.2234	-1.3933	0.0043123
5.2234	-1.3682	0.016419
5.2234	-1.3431	0.029529
5.2234	-1.318	0.034286
5.2234	-1.2929	0.022078
5.2234	-1.2678	0.0059612
5.2234	-1.2427	0.0034586
5.2234	-1.2176	0.031683
5.2234	-1.1925	0.085885
5.2234	-1.1674	0.13194
5.2234	-1.1423	0.12979
5.2234	-1.1172	0.070172
5.2234	-1.0921	0.013444
5.2234	-1.0669	0.061234
5.2234	-1.0418	0.39546
5.2234	-1.0167	1.0614
5.2234	-0.99163	1.9927
5.2234	-0.96653	3.0109
5.2234	-0.94142	3.7925
5.2234	-0.91632	4.0671
5.2234	-0.89121	3.7492
5.2234	-0.86611	2.9536
5.2234	-0.841	1.8995
5.2234	-0.8159	0.95256
5.2234	-0.79079	0.31042
5.2234	-0.76569	0.036173
5.2234	-0.74059	0.029853
5.2234	-0.71548	0.14108
5.2234	-0.69038	0.21598
5.2234	-0.66527	0.19817
5.2234	-0.64017	0.11458
5.2234	-0.61506	0.032578
5.2234	-0.58996	0.0025448
5.2234	-0.56485	0.022204
5.2234	-0.53975	0.058367
5.2234	-0.51464	0.076266
5.2234	-0.48954	0.063851
5.2234	-0.46444	0.032746
5.2234	-0.43933	0.007066
5.2234	-0.38912	0.013673
5.2234	-0.36402	0.028348
5.2234	-0.33891	0.031137
5.2234	-0.31381	0.020714
5.2234	-0.2887	0.0074073
5.2234	-0.23849	0.0042569
5.2234	-0.21339	0.012584
5.2234	-0.18828	0.017772
5.2234	-0.16318	0.015788
5.2234	-0.13808	0.0084129
5.2234	-0.062762	0.0046968
5.2234	-0.037657	0.0099869
5.2234	-0.012552	0.011238
5.2234	0.012552	0.0081574
5.2234	0.037657	0.0031461
5.2234	0.11297	0.0043033
5.2234	0.13808	0.0067906
5.2234	0.16318	0.0066137
5.2234	0.18828	0.0042111
5.2234	0.2887	0.0042351
5.2234	0.31381	0.0064436
5.2234	0.33891	0.0065433
5.2234	0.36402	0.0051476
5.2234	0.38912	0.0034197
5.2484	-2.3473	0.0035209
5.2484	-2.3222	0.0075655
5.2484	-2.2971	0.012215
5.2484	-2.272	0.016446
5.2484	-2.2469	0.018668
5.2484	-2.2218	0.018138
5.2484	-2.1967	0.014721
5.2484	-2.1715	0.009869
5.2484	-2.1464	0.0050776
5.2484	-1.5188	0.0034524
5.2484	-1.4937	0.0047406
5.2484	-1.4686	0.0038786
5.2484	-1.3933	0.003122
5.2484	-1.3682	0.010494
5.2484	-1.3431	0.01782
5.2484	-1.318	0.019743
5.2484	-1.2929	0.01217
5.2484	-1.2678	0.0020457
5.2484	-1.2427	0.0041094
5.2484	-1.2176	0.027485
5.2484	-1.1925	0.065296
5.2484	-1.1674	0.094226
5.2484	-1.1423	0.086843
5.2484	-1.1172	0.040399
5.2484	-1.0921	0.0082193
5.2484	-1.0669	0.072468
5.2484	-1.0418	0.38435
5.2484	-1.0167	0.94382
5.2484	-0.99163	1.7512
5.2484	-0.96653	2.5934
5.2484	-0.94142	3.2267
5.2484	-0.91632	3.428
5.2484	-0.89121	3.1316
5.2484	-0.86611	2.4304
5.2484	-0.841	1.5264
5.2484	-0.8159	0.73903
5.2484	-0.79079	0.21752
5.2484	-0.76569	0.01964
5.2484	-0.74059	0.044483
5.2484	-0.71548	0.15431
5.2484	-0.69038	0.21476
5.2484	-0.66527	0.18547
5.2484	-0.64017	0.099914
5.2484	-0.61506	0.023338
5.2484	-0.58996	0.0038286
5.2484	-0.56485	0.029587
5.2484	-0.53975	0.068899
5.2484	-0.51464	0.083499
5.2484	-0.48954	0.065841
5.2484	-0.46444	0.030501
5.2484	-0.43933	0.0050718
5.2484	-0.41423	0.0031797
5.2484	-0.38912	0.020392
5.2484	-0.36402	0.037185
5.2484	-0.33891	0.038128
5.2484	-0.31381	0.024143
5.2484	-0.2887	0.0074162
5.2484	-0.23849	0.0073076
5.2484	-0.21339	0.018982
5.2484	-0.18828	0.025192
5.2484	-0.16318	0.021266
5.2484	-0.13808	0.010376
5.2484	-0.062762	0.0094582
5.2484	-0.037657	0.017297
5.2484	-0.012552	0.018786
5.2484	0.012552	0.012586
5.2484	0.037657	0.0045245
5.2484	0.087866	0.0031621
5.2484	0.11297	0.0097151
5.2484	0.13808	0.015332
5.2484	0.16318	0.014885
5.2484	0.18828	0.0089481
5.2484	0.2636	0.0065402
5.2484	0.2887	0.018294
5.2484	0.31381	0.030044
5.2484	0.33891	0.036627
5.2484	0.36402	0.035512
5.2484	0.38912	0.029063
5.2484	0.41423	0.019206
5.2484	0.43933	0.01054
5.2484	0.46444	0.0050468
5.2735	-2.3473	0.0038994
5.2735	-2.3222	0.0082277
5.2735	-2.2971	0.013521
5.2735	-2.272	0.018435
5.2735	-2.2469	0.021396
5.2735	-2.2218	0.021412
5.2735	-2.1967	0.017762
5.2735	-2.1715	0.01221
5.2735	-2.1464	0.0064459
5.2735	-2.1213	0.0022708
5.2735	-1.3682	0.0052074
5.2735	-1.3431	0.0087363
5.2735	-1.318	0.0090871
5.2735	-1.2929	0.0048473
5.2735	-1.2427	0.0037729
5.2735	-1.2176	0.019189
5.2735	-1.1925	0.042314
5.2735	-1.1674	0.057757
5.2735	-1.1423	0.049854
5.2735	-1.1172	0.019133
5.2735	-1.0921	0.0065305
5.2735	-1.0669	0.071091
5.2735	-1.0418	0.32257
5.2735	-1.0167	0.7653
5.2735	-0.99163	1.3645
5.2735	-0.96653	1.9897
5.2735	-0.94142	2.4753
5.2735	-0.91632	2.6056
5.2735	-0.89121	2.3598
5.2735	-0.86611	1.8065
5.2735	-0.841	1.1224
5.2735	-0.8159	0.51654
5.2735	-0.79079	0.12835
5.2735	-0.76569	0.013454
5.2735	-0.74059	0.054388
5.2735	-0.71548	0.14967
5.2735	-0.69038	0.19171
5.2735	-0.66527	0.15653
5.2735	-0.64017	0.07876
5.2735	-0.61506	0.014152
5.2735	-0.58996	0.0048149
5.2735	-0.56485	0.035676
5.2735	-0.53975	0.072832
5.2735	-0.51464	0.082161
5.2735	-0.48954	0.060884
5.2735	-0.46444	0.025224
5.2735	-0.43933	0.0034378
5.2735	-0.41423	0.0058542
5.2735	-0.38912	0.026443
5.2735	-0.36402	0.043399
5.2735	-0.33891	0.042144
5.2735	-0.31381	0.024859
5.2735	-0.2887	0.0063238
5.2735	-0.23849	0.010931
5.2735	-0.21339	0.025245
5.2735	-0.18828	0.031307
5.2735	-0.16318	0.025008
5.2735	-0.13808	0.010986
5.2735	-0.087866	0.0033756
5.2735	-0.062762	0.014965
5.2735	-0.037657	0.025717
5.2735	-0.012552	0.026202
5.2735	0.012552	0.017101
5.2735	0.037657	0.0051865
5.2735	0.087866	0.0065714
5.2735	0.11297	0.018711
5.2735	0.13808	0.026999
5.2735	0.16318	0.025346
5.2735	0.18828	0.014031
5.2735	0.21339	0.0023876
5.2735	0.23849	0.0020408
5.2735	0.2636	0.01946
5.2735	0.2887	0.04701
5.2735	0.31381	0.077424
5.2735	0.33891	0.096944
5.2735	0.36402	0.10038
5.2735	0.38912	0.086373
5.2735	0.41423	0.064136
5.2735	0.43933	0.040567
5.2735	0.46444	0.019688
5.2735	0.48954	0.0078317
5.2735	0.51464	0.0023434
5.2985	-2.3473	0.0033306
5.2985	-2.3222	0.0070152
5.2985	-2.2971	0.011564
5.2985	-2.272	0.016049
5.2985	-2.2469	0.018904
5.2985	-2.2218	0.01921
5.2985	-2.1967	0.016156
5.2985	-2.1715	0.011188
5.2985	-2.1464	0.0058359
5.2985	-2.0209	0.0022463
5.2985	-1.3431	0.0027788
5.2985	-1.318	0.0028883
5.2985	-1.2427	0.0024223
5.2985	-1.2176	0.010234
5.2985	-1.1925	0.02201
5.2985	-1.1674	0.028753
5.2985	-1.1423	0.023461
5.2985	-1.1172	0.0076563
5.2985	-1.0921	0.0059488
5.2985	-1.0669	0.057785
5.2985	-1.0418	0.23047
5.2985	-1.0167	0.52987
5.2985	-0.99163	0.93275
5.2985	-0.96653	1.3523
5.2985	-0.94142	1.6735
5.2985	-0.91632	1.7556
5.2985	-0.89121	1.5767
5.2985	-0.86611	1.1961
5.2985	-0.841	0.72005
5.2985	-0.8159	0.31581
5.2985	-0.79079	0.069114
5.2985	-0.76569	0.0080732
5.2985	-0.74059	0.056123
5.2985	-0.71548	0.12854
5.2985	-0.69038	0.15491
5.2985	-0.66527	0.11928
5.2985	-0.64017	0.054285
5.2985	-0.61506	0.0072401
5.2985	-0.58996	0.0070468
5.2985	-0.56485	0.037803
5.2985	-0.53975	0.069472
5.2985	-0.51464	0.073484
5.2985	-0.48954	0.050711
5.2985	-0.46444	0.018561
5.2985	-0.41423	0.0087245
5.2985	-0.38912	0.030294
5.2985	-0.36402	0.045657
5.2985	-0.33891	0.041522
5.2985	-0.31381	0.022783
5.2985	-0.2887	0.004572
5.2985	-0.2636	0.0024245
5.2985	-0.23849	0.014487
5.2985	-0.21339	0.029979
5.2985	-0.18828	0.034925
5.2985	-0.16318	0.026124
5.2985	-0.13808	0.010193
5.2985	-0.087866	0.0058438
5.2985	-0.062762	0.0208
5.2985	-0.037657	0.033427
5.2985	-0.012552	0.032313
5.2985	0.012552	0.019412
5.2985	0.037657	0.0048139
5.2985	0.087866	0.011871
5.2985	0.11297	0.029382
5.2985	0.13808	0.04013
5.2985	0.16318	0.035834
5.2985	0.18828	0.017931
5.2985	0.21339	0.0023063
5.2985	0.23849	0.0065445
5.2985	0.2636	0.039455
5.2985	0.2887	0.093007
5.2985	0.31381	0.15012
5.2985	0.33891	0.19003
5.2985	0.36402	0.19879
5.2985	0.38912	0.17564
5.2985	0.41423	0.13308
5.2985	0.43933	0.084959
5.2985	0.46444	0.04499
5.2985	0.48954	0.017869
5.2985	0.51464	0.0050224
5.3236	-2.3473	0.0021079
5.3236	-2.3222	0.004501
5.3236	-2.2971	0.007599
5.3236	-2.272	0.010744
5.3236	-2.2469	0.012948
5.3236	-2.2218	0.013408
5.3236	-2.1967	0.011424
5.3236	-2.1715	0.0079476
5.3236	-2.1464	0.0040741
5.3236	-2.0209	0.002304
5.3236	-1.2176	0.0037767
5.3236	-1.1925	0.0079034
5.3236	-1.1674	0.010234
5.3236	-1.1423	0.0079028
5.3236	-1.0921	0.0047157
5.3236	-1.0669	0.036397
5.3236	-1.0418	0.13343
5.3236	-1.0167	0.3021
5.3236	-0.99163	0.53327
5.3236	-0.96653	0.7764
5.3236	-0.94142	0.9659
5.3236	-0.91632	1.0165
5.3236	-0.89121	0.91328
5.3236	-0.86611	0.68835
5.3236	-0.841	0.40878
5.3236	-0.8159	0.16674
5.3236	-0.79079	0.031813
5.3236	-0.76569	0.0075964
5.3236	-0.74059	0.049093
5.3236	-0.71548	0.098025
5.3236	-0.69038	0.11104
5.3236	-0.66527	0.08045
5.3236	-0.64017	0.033413
5.3236	-0.61506	0.0025901
5.3236	-0.58996	0.0085358
5.3236	-0.56485	0.03552
5.3236	-0.53975	0.059356
5.3236	-0.51464	0.059063
5.3236	-0.48954	0.037746
5.3236	-0.46444	0.012076
5.3236	-0.41423	0.010899
5.3236	-0.38912	0.031018
5.3236	-0.36402	0.043235
5.3236	-0.33891	0.036933
5.3236	-0.31381	0.018589
5.3236	-0.2887	0.0027635
5.3236	-0.2636	0.0034269
5.3236	-0.23849	0.016947
5.3236	-0.21339	0.031958
5.3236	-0.18828	0.035072
5.3236	-0.16318	0.024445
5.3236	-0.13808	0.0083447
5.3236	-0.087866	0.008689
5.3236	-0.062762	0.025987
5.3236	-0.037657	0.038817
5.3236	-0.012552	0.035422
5.3236	0.012552	0.019562
5.3236	0.037657	0.0036698
5.3236	0.062762	0.0029325
5.3236	0.087866	0.018351
5.3236	0.11297	0.040666
5.3236	0.13808	0.052135
5.3236	0.16318	0.043813
5.3236	0.18828	0.019466
5.3236	0.23849	0.014843
5.3236	0.2636	0.069589
5.3236	0.2887	0.15418
5.3236	0.31381	0.2426
5.3236	0.33891	0.30467
5.3236	0.36402	0.3194
5.3236	0.38912	0.2829
5.3236	0.41423	0.2159
5.3236	0.43933	0.13903
5.3236	0.46444	0.073421
5.3236	0.48954	0.028869
5.3236	0.51464	0.0077992
5.3236	0.61506	0.0023685
5.3486	-2.2971	0.0035112
5.3486	-2.272	0.005116
5.3486	-2.2469	0.0065012
5.3486	-2.2218	0.0069731
5.3486	-2.1967	0.0061342
5.3486	-2.1715	0.0042497
5.3486	-2.1464	0.0022274
5.3486	-1.0921	0.0022816
5.3486	-1.0669	0.01549
5.3486	-1.0418	0.056549
5.3486	-1.0167	0.13143
5.3486	-0.99163	0.2338
5.3486	-0.96653	0.35196
5.3486	-0.94142	0.4454
5.3486	-0.91632	0.47892
5.3486	-0.89121	0.43511
5.3486	-0.86611	0.33068
5.3486	-0.841	0.19602
5.3486	-0.8159	0.07171
5.3486	-0.79079	0.012084
5.3486	-0.76569	0.0068513
5.3486	-0.74059	0.035939
5.3486	-0.71548	0.064339
5.3486	-0.69038	0.069354
5.3486	-0.66527	0.047384
5.3486	-0.64017	0.017909
5.3486	-0.58996	0.0084992
5.3486	-0.56485	0.029538
5.3486	-0.53975	0.045163
5.3486	-0.51464	0.042395
5.3486	-0.48954	0.025074
5.3486	-0.46444	0.0066102
5.3486	-0.41423	0.011704
5.3486	-0.38912	0.028192
5.3486	-0.36402	0.036775
5.3486	-0.33891	0.029586
5.3486	-0.31381	0.013644
5.3486	-0.2636	0.0043065
5.3486	-0.23849	0.01773
5.3486	-0.21339	0.030679
5.3486	-0.18828	0.0318
5.3486	-0.16318	0.020471
5.3486	-0.13808	0.0059138
5.3486	-0.087866	0.011247
5.3486	-0.062762	0.028992
5.3486	-0.037657	0.040497
5.3486	-0.012552	0.034782
5.3486	0.012552	0.017402
5.3486	0.037657	0.0023358
5.3486	0.062762	0.0049176
5.3486	0.087866	0.024843
5.3486	0.11297	0.049919
5.3486	0.13808	0.06013
5.3486	0.16318	0.047212
5.3486	0.18828	0.018312
5.3486	0.23849	0.027709
5.3486	0.2636	0.10564
5.3486	0.2887	0.22261
5.3486	0.31381	0.34215
5.3486	0.33891	0.42319
5.3486	0.36402	0.44107
5.3486	0.38912	0.38987
5.3486	0.41423	0.29596
5.3486	0.43933	0.18975
5.3486	0.46444	0.098317
5.3486	0.48954	0.037624
5.3486	0.51464	0.0092725
5.3486	0.58996	0.0038925
5.3486	0.61506	0.0043264
5.3486	0.64017	0.002899
5.3737	-2.2218	0.0022368
5.3737	-2.1967	0.002153
5.3737	-1.0669	0.0026458
5.3737	-1.0418	0.011486
5.3737	-1.0167	0.031043
5.3737	-0.99163	0.059707
5.3737	-0.96653	0.09705
5.3737	-0.94142	0.13798
5.3737	-0.91632	0.15733
5.3737	-0.89121	0.1496
5.3737	-0.86611	0.11958
5.3737	-0.841	0.072386
5.3737	-0.8159	0.023906
5.3737	-0.79079	0.0029129
5.3737	-0.76569	0.0048192
5.3737	-0.74059	0.021074
5.3737	-0.71548	0.035348
5.3737	-0.69038	0.036225
5.3737	-0.66527	0.023352
5.3737	-0.64017	0.0072332
5.3737	-0.58996	0.0074007
5.3737	-0.56485	0.020584
5.3737	-0.53975	0.029919
5.3737	-0.51464	0.026423
5.3737	-0.48954	0.014264
5.3737	-0.46444	0.00337
5.3737	-0.41423	0.010799
5.3737	-0.38912	0.022763
5.3737	-0.36402	0.028097
5.3737	-0.33891	0.021165
5.3737	-0.31381	0.0085383
5.3737	-0.2636	0.0046768
5.3737	-0.23849	0.016543
5.3737	-0.21339	0.026554
5.3737	-0.18828	0.025939
5.3737	-0.16318	0.015331
5.3737	-0.13808	0.0036154
5.3737	-0.087866	0.012822
5.3737	-0.062762	0.029079
5.3737	-0.037657	0.038177
5.3737	-0.012552	0.030724
5.3737	0.012552	0.013758
5.3737	0.062762	0.0075399
5.3737	0.087866	0.030142
5.3737	0.11297	0.054885
5.3737	0.13808	0.062685
5.3737	0.16318	0.045374
5.3737	0.18828	0.015069
5.3737	0.21339	0.0027729
5.3737	0.23849	0.042836
5.3737	0.2636	0.14459
5.3737	0.2887	0.2868
5.3737	0.31381	0.42854
5.3737	0.33891	0.52403
5.3737	0.36402	0.54082
5.3737	0.38912	0.47312
5.3737	0.41423	0.35756
5.3737	0.43933	0.22496
5.3737	0.46444	0.11486
5.3737	0.48954	0.041957
5.3737	0.51464	0.0093397
5.3737	0.56485	0.0029887
5.3737	0.58996	0.0062603
5.3737	0.61506	0.0064978
5.3737	0.64017	0.004076
5.3987	-1.3682	0.0022931
5.3987	-1.2176	0.0023957
5.3987	-1.1925	0.0027185
5.3987	-0.99163	0.0029191
5.3987	-0.96653	0.0055577
5.3987	-0.94142	0.013312
5.3987	-0.91632	0.020633
5.3987	-0.89121	0.024917
5.3987	-0.86611	0.023028
5.3987	-0.841	0.013881
5.3987	-0.8159	0.0058381
5.3987	-0.76569	0.0022228
5.3987	-0.74059	0.0088548
5.3987	-0.71548	0.014088
5.3987	-0.69038	0.014369
5.3987	-0.66527	0.0093233
5.3987	-0.64017	0.0021997
5.3987	-0.58996	0.0044447
5.3987	-0.56485	0.012508
5.3987	-0.53975	0.016647
5.3987	-0.51464	0.013889
5.3987	-0.48954	0.007041
5.3987	-0.41423	0.0084014
5.3987	-0.38912	0.016457
5.3987	-0.36402	0.018777
5.3987	-0.33891	0.013328
5.3987	-0.31381	0.0051091
5.3987	-0.2636	0.0043588
5.3987	-0.23849	0.013903
5.3987	-0.21339	0.020577
5.3987	-0.18828	0.018884
5.3987	-0.16318	0.010214
5.3987	-0.13808	0.0022079
5.3987	-0.11297	0.0023261
5.3987	-0.087866	0.012749
5.3987	-0.062762	0.026609
5.3987	-0.037657	0.032444
5.3987	-0.012552	0.02434
5.3987	0.012552	0.0096283
5.3987	0.062762	0.009536
5.3987	0.087866	0.032508
5.3987	0.11297	0.055012
5.3987	0.13808	0.058411
5.3987	0.16318	0.039008
5.3987	0.18828	0.010175
5.3987	0.21339	0.0054681
5.3987	0.23849	0.05672
5.3987	0.2636	0.17524
5.3987	0.2887	0.33339
5.3987	0.31381	0.48652
5.3987	0.33891	0.58579
5.3987	0.36402	0.59731
5.3987	0.38912	0.51918
5.3987	0.41423	0.38673
5.3987	0.43933	0.24094
5.3987	0.46444	0.11944
5.3987	0.48954	0.041072
5.3987	0.51464	0.0081277
5.3987	0.56485	0.0048561
5.3987	0.58996	0.0086072
5.3987	0.61506	0.0083625
5.3987	0.64017	0.0050799
5.4238	-1.3682	0.0026843
5.4238	-1.3431	0.0023214
5.4238	-1.2427	0.0025275
5.4238	-1.2176	0.0047474
5.4238	-1.1925	0.0055771
5.4238	-1.1674	0.0038251
5.4238	-1.0921	0.0037189
5.4238	-1.0669	0.010211
5.4238	-1.0418	0.019929
5.4238	-1.0167	0.024615
5.4238	-0.99163	0.026391
5.4238	-0.96653	0.021822
5.4238	-0.94142	0.014169
5.4238	-0.91632	0.0076225
5.4238	-0.71548	0.0032774
5.4238	-0.69038	0.0034281
5.4238	-0.66527	0.0021092
5.4238	-0.58996	0.0021169
5.4238	-0.56485	0.0055707
5.4238	-0.53975	0.0071877
5.4238	-0.51464	0.0056739
5.4238	-0.48954	0.0026902
5.4238	-0.41423	0.005466
5.4238	-0.38912	0.009935
5.4238	-0.36402	0.010796
5.4238	-0.33891	0.0074431
5.4238	-0.31381	0.0025304
5.4238	-0.2636	0.0037972
5.4238	-0.23849	0.0098108
5.4238	-0.21339	0.014019
5.4238	-0.18828	0.012073
5.4238	-0.16318	0.0058954
5.4238	-0.11297	0.0025357
5.4238	-0.087866	0.011234
5.4238	-0.062762	0.021552
5.4238	-0.037657	0.024673
5.4238	-0.012552	0.017469
5.4238	0.012552	0.0059043
5.4238	0.062762	0.010539
5.4238	0.087866	0.031572
5.4238	0.11297	0.049495
5.4238	0.13808	0.049358
5.4238	0.16318	0.029871
5.4238	0.18828	0.0058521
5.4238	0.21339	0.0091783
5.4238	0.23849	0.068698
5.4238	0.2636	0.19152
5.4238	0.2887	0.35171
5.4238	0.31381	0.50095
5.4238	0.33891	0.59507
5.4238	0.36402	0.60055
5.4238	0.38912	0.51548
5.4238	0.41423	0.37922
5.4238	0.43933	0.23164
5.4238	0.46444	0.11198
5.4238	0.48954	0.03573
5.4238	0.51464	0.0061933
5.4238	0.56485	0.0066353
5.4238	0.58996	0.010519
5.4238	0.61506	0.009553
5.4238	0.64017	0.0053849
5.4489	-2.3222	0.0028893
5.4489	-2.2971	0.0034029
5.4489	-2.272	0.003381
5.4489	-2.2469	0.0028634
5.4489	-1.3682	0.0023776
5.4489	-1.2427	0.003377
5.4489	-1.2176	0.0060777
5.4489	-1.1925	0.0070358
5.4489	-1.1674	0.0046825
5.4489	-1.0921	0.0075673
5.4489	-1.0669	0.024127
5.4489	-1.0418	0.045867
5.4489	-1.0167	0.068056
5.4489	-0.99163	0.081978
5.4489	-0.96653	0.081281
5.4489	-0.94142	0.068317
5.4489	-0.91632	0.048515
5.4489	-0.89121	0.026132
5.4489	-0.86611	0.011626
5.4489	-0.841	0.0031748
5.4489	-0.41423	0.0027312
5.4489	-0.38912	0.0047513
5.4489	-0.36402	0.0049893
5.4489	-0.33891	0.0031337
5.4489	-0.2636	0.0025776
5.4489	-0.23849	0.006089
5.4489	-0.21339	0.0081424
5.4489	-0.18828	0.0066145
5.4489	-0.16318	0.002891
5.4489	-0.11297	0.0022781
5.4489	-0.087866	0.0085718
5.4489	-0.062762	0.015256
5.4489	-0.037657	0.016555
5.4489	-0.012552	0.010893
5.4489	0.012552	0.0027185
5.4489	0.062762	0.010652
5.4489	0.087866	0.027195
5.4489	0.11297	0.039896
5.4489	0.13808	0.037406
5.4489	0.16318	0.020076
5.4489	0.18828	0.0028111
5.4489	0.21339	0.012697
5.4489	0.23849	0.073357
5.4489	0.2636	0.19115
5.4489	0.2887	0.33707
5.4489	0.31381	0.46984
5.4489	0.33891	0.5518
5.4489	0.36402	0.54993
5.4489	0.38912	0.46768
5.4489	0.41423	0.3389
5.4489	0.43933	0.20205
5.4489	0.46444	0.095204
5.4489	0.48954	0.027716
5.4489	0.51464	0.0040764
5.4489	0.56485	0.0080822
5.4489	0.58996	0.011366
5.4489	0.61506	0.0097598
5.4489	0.64017	0.0052043
5.4739	-2.3473	0.0028935
5.4739	-2.3222	0.0041845
5.4739	-2.2971	0.0051689
5.4739	-2.272	0.0053487
5.4739	-2.2469	0.0046969
5.4739	-2.2218	0.0034934
5.4739	-2.1967	0.002042
5.4739	-1.2427	0.0034378
5.4739	-1.2176	0.0059115
5.4739	-1.1925	0.0065605
5.4739	-1.1674	0.0040516
5.4739	-1.0921	0.012611
5.4739	-1.0669	0.035082
5.4739	-1.0418	0.068059
5.4739	-1.0167	0.10415
5.4739	-0.99163	0.12887
5.4739	-0.96653	0.13443
5.4739	-0.94142	0.12054
5.4739	-0.91632	0.09061
5.4739	-0.89121	0.05725
5.4739	-0.86611	0.027289
5.4739	-0.841	0.0091333
5.4739	-0.74059	0.0021998
5.4739	-0.23849	0.0027796
5.4739	-0.21339	0.0037788
5.4739	-0.18828	0.0029364
5.4739	-0.087866	0.005484
5.4739	-0.062762	0.0091751
5.4739	-0.037657	0.009496
5.4739	-0.012552	0.0057916
5.4739	0.062762	0.0089439
5.4739	0.087866	0.020317
5.4739	0.11297	0.02824
5.4739	0.13808	0.025123
5.4739	0.16318	0.011685
5.4739	0.18828	0.002091
5.4739	0.21339	0.014647
5.4739	0.23849	0.070908
5.4739	0.2636	0.16788
5.4739	0.2887	0.2919
5.4739	0.31381	0.3999
5.4739	0.33891	0.46307
5.4739	0.36402	0.45769
5.4739	0.38912	0.38595
5.4739	0.41423	0.27502
5.4739	0.43933	0.15986
5.4739	0.46444	0.073481
5.4739	0.48954	0.019413
5.4739	0.51464	0.0023015
5.4739	0.53975	0.0026685
5.4739	0.56485	0.008748
5.4739	0.58996	0.011247
5.4739	0.61506	0.0090093
5.4739	0.64017	0.0045096
5.499	-2.3473	0.0032316
5.499	-2.3222	0.0047281
5.499	-2.2971	0.005879
5.499	-2.272	0.0061956
5.499	-2.2469	0.0055542
5.499	-2.2218	0.0041924
5.499	-2.1967	0.0025085
5.499	-1.2427	0.0027469
5.499	-1.2176	0.0044189
5.499	-1.1925	0.004703
5.499	-1.1674	0.0026073
5.499	-1.1172	0.0022205
5.499	-1.0921	0.014222
5.499	-1.0669	0.038382
5.499	-1.0418	0.074493
5.499	-1.0167	0.11325
5.499	-0.99163	0.14334
5.499	-0.96653	0.15279
5.499	-0.94142	0.141
5.499	-0.91632	0.10935
5.499	-0.89121	0.070147
5.499	-0.86611	0.034464
5.499	-0.841	0.011669
5.499	-0.76569	0.0034465
5.499	-0.74059	0.0053808
5.499	-0.71548	0.0046568
5.499	-0.69038	0.0026136
5.499	-0.087866	0.0027271
5.499	-0.062762	0.0042987
5.499	-0.037657	0.0043892
5.499	-0.012552	0.0022795
5.499	0.062762	0.006262
5.499	0.087866	0.013276
5.499	0.11297	0.017326
5.499	0.13808	0.014275
5.499	0.16318	0.0057208
5.499	0.21339	0.014143
5.499	0.23849	0.059787
5.499	0.2636	0.13308
5.499	0.2887	0.22622
5.499	0.31381	0.30558
5.499	0.33891	0.35141
5.499	0.36402	0.34351
5.499	0.38912	0.28744
5.499	0.41423	0.20194
5.499	0.43933	0.11457
5.499	0.46444	0.050933
5.499	0.48954	0.011592
5.499	0.53975	0.0032322
5.499	0.56485	0.0083361
5.499	0.58996	0.0099013
5.499	0.61506	0.0075087
5.499	0.64017	0.0034339
5.499	1.6192	0.0027055
5.499	1.6444	0.0031146
5.499	1.6695	0.0029442
5.499	1.6946	0.0023699
5.524	-2.3473	0.0029104
5.524	-2.3222	0.0042807
5.524	-2.2971	0.0053484
5.524	-2.272	0.0057005
5.524	-2.2469	0.0051602
5.524	-2.2218	0.0039116
5.524	-2.1967	0.0023127
5.524	-1.2176	0.0024176
5.524	-1.1925	0.0024923
5.524	-1.1172	0.0023599
5.524	-1.0921	0.012456
5.524	-1.0669	0.032574
5.524	-1.0418	0.0631
5.524	-1.0167	0.095905
5.524	-0.99163	0.1234
5.524	-0.96653	0.13382
5.524	-0.94142	0.12558
5.524	-0.91632	0.098706
5.524	-0.89121	0.063582
5.524	-0.86611	0.031004
5.524	-0.841	0.010108
5.524	-0.76569	0.0051721
5.524	-0.74059	0.0075731
5.524	-0.71548	0.0064662
5.524	-0.69038	0.0035906
5.524	0.062762	0.00328
5.524	0.087866	0.0068804
5.524	0.11297	0.0086485
5.524	0.13808	0.0068025
5.524	0.16318	0.0021229
5.524	0.21339	0.011306
5.524	0.23849	0.042833
5.524	0.2636	0.093106
5.524	0.2887	0.15289
5.524	0.31381	0.20636
5.524	0.33891	0.23447
5.524	0.36402	0.22925
5.524	0.38912	0.18904
5.524	0.41423	0.13285
5.524	0.43933	0.074723
5.524	0.46444	0.031
5.524	0.48954	0.0060396
5.524	0.53975	0.0032766
5.524	0.56485	0.0071536
5.524	0.58996	0.007897
5.524	0.61506	0.0056067
5.524	0.64017	0.002368
5.524	1.569	0.00219
5.524	1.5941	0.0038932
5.524	1.6192	0.0054066
5.524	1.6444	0.0062776
5.524	1.6695	0.006027
5.524	1.6946	0.004963
5.524	1.7197	0.0034636
5.5491	-2.3473	0.0021017
5.5491	-2.3222	0.0031161
5.5491	-2.2971	0.0039406
5.5491	-2.272	0.0042378
5.5491	-2.2469	0.0038655
5.5491	-2.2218	0.0029371
5.5491	-1.0921	0.008072
5.5491	-1.0669	0.020633
5.5491	-1.0418	0.040311
5.5491	-1.0167	0.06257
5.5491	-0.99163	0.082073
5.5491	-0.96653	0.090921
5.5491	-0.94142	0.086855
5.5491	-0.91632	0.06928
5.5491	-0.89121	0.044884
5.5491	-0.86611	0.021488
5.5491	-0.841	0.0064598
5.5491	-0.76569	0.005563
5.5491	-0.74059	0.0077517
5.5491	-0.71548	0.0064272
5.5491	-0.69038	0.0034197
5.5491	-0.58996	0.0022957
5.5491	-0.56485	0.0027174
5.5491	-0.53975	0.0020538
5.5491	0.087866	0.0024649
5.5491	0.11297	0.0030841
5.5491	0.13808	0.0022742
5.5491	0.21339	0.0072073
5.5491	0.23849	0.0243
5.5491	0.2636	0.052372
5.5491	0.2887	0.086606
5.5491	0.31381	0.11693
5.5491	0.33891	0.13396
5.5491	0.36402	0.13119
5.5491	0.38912	0.10864
5.5491	0.41423	0.0752
5.5491	0.43933	0.041539
5.5491	0.46444	0.016042
5.5491	0.48954	0.0026914
5.5491	0.53975	0.0028699
5.5491	0.56485	0.005408
5.5491	0.58996	0.0055882
5.5491	0.61506	0.003725
5.5491	1.569	0.0036473
5.5491	1.5941	0.0064117
5.5491	1.6192	0.0088751
5.5491	1.6444	0.010262
5.5491	1.6695	0.0098979
5.5491	1.6946	0.008234
5.5491	1.7197	0.0057709
5.5491	1.7448	0.003308
5.5741	-2.2971	0.0022703
5.5741	-2.272	0.0024856
5.5741	-2.2469	0.0022925
5.5741	-1.0921	0.0032032
5.5741	-1.0669	0.0084313
5.5741	-1.0418	0.017028
5.5741	-1.0167	0.028435
5.5741	-0.99163	0.038935
5.5741	-0.96653	0.045083
5.5741	-0.94142	0.044648
5.5741	-0.91632	0.036588
5.5741	-0.89121	0.02421
5.5741	-0.86611	0.011451
5.5741	-0.841	0.0032227
5.5741	-0.76569	0.0046091
5.5741	-0.74059	0.0061068
5.5741	-0.71548	0.0049052
5.5741	-0.69038	0.0024762
5.5741	-0.58996	0.002543
5.5741	-0.56485	0.0029034
5.5741	-0.53975	0.0021242
5.5741	0.21339	0.0031695
5.5741	0.23849	0.010144
5.5741	0.2636	0.022021
5.5741	0.2887	0.037376
5.5741	0.31381	0.051922
5.5741	0.33891	0.060908
5.5741	0.36402	0.06085
5.5741	0.38912	0.051172
5.5741	0.41423	0.035596
5.5741	0.43933	0.01929
5.5741	0.46444	0.0072042
5.5741	0.53975	0.0020792
5.5741	0.56485	0.0035125
5.5741	0.58996	0.0034321
5.5741	0.61506	0.0021794
5.5741	1.5439	0.002286
5.5741	1.569	0.0053918
5.5741	1.5941	0.0092051
5.5741	1.6192	0.012579
5.5741	1.6444	0.014443
5.5741	1.6695	0.013869
5.5741	1.6946	0.011491
5.5741	1.7197	0.0079783
5.5741	1.7448	0.0045573
5.5992	-1.0418	0.0030185
5.5992	-1.0167	0.0062198
5.5992	-0.99163	0.0097961
5.5992	-0.96653	0.012928
5.5992	-0.94142	0.014333
5.5992	-0.91632	0.01263
5.5992	-0.89121	0.0086118
5.5992	-0.86611	0.0043497
5.5992	-0.76569	0.0028097
5.5992	-0.74059	0.0036652
5.5992	-0.71548	0.0028641
5.5992	-0.58996	0.0021458
5.5992	-0.56485	0.0023755
5.5992	0.2636	0.0051716
5.5992	0.2887	0.0094752
5.5992	0.31381	0.014665
5.5992	0.33891	0.018549
5.5992	0.36402	0.019819
5.5992	0.38912	0.017327
5.5992	0.41423	0.012514
5.5992	0.43933	0.0071734
5.5992	0.46444	0.0023004
5.5992	1.5439	0.0031973
5.5992	1.569	0.0070579
5.5992	1.5941	0.011814
5.5992	1.6192	0.01583
5.5992	1.6444	0.018013
5.5992	1.6695	0.017148
5.5992	1.6946	0.014129
5.5992	1.7197	0.0096987
5.5992	1.7448	0.0053858
5.5992	1.7699	0.0021388
5.6242	0.36402	0.0026649
5.6242	0.38912	0.0028694
5.6242	0.41423	0.0024814
5.6242	1.5439	0.0039634
5.6242	1.569	0.0083897
5.6242	1.5941	0.013632
5.6242	1.6192	0.018016
5.6242	1.6444	0.020246
5.6242	1.6695	0.01911
5.6242	1.6946	0.015524
5.6242	1.7197	0.010478
5.6242	1.7448	0.0057102
5.6242	1.7699	0.0021317
5.6493	-1.1172	0.0020935
5.6493	-1.0921	0.0047971
5.6493	-1.0669	0.0080676
5.6493	-1.0418	0.0096709
5.6493	-1.0167	0.0096552
5.6493	-0.99163	0.0079932
5.6493	-0.96653	0.0050672
5.6493	-0.94142	0.0027266
5.6493	0.23849	0.003327
5.6493	0.2636	0.0040724
5.6493	0.2887	0.0038591
5.6493	0.31381	0.0029463
5.6493	1.5439	0.0044284
5.6493	1.569	0.0090406
5.6493	1.5941	0.014324
5.6493	1.6192	0.018663
5.6493	1.6444	0.020696
5.6493	1.6695	0.01929
5.6493	1.6946	0.015463
5.6493	1.7197	0.010282
5.6493	1.7448	0.0054306
5.6743	-1.1172	0.0044745
5.6743	-1.0921	0.010826
5.6743	-1.0669	0.017489
5.6743	-1.0418	0.02263
5.6743	-1.0167	0.024815
5.6743	-0.99163	0.023049
5.6743	-0.96653	0.017661
5.6743	-0.94142	0.011554
5.6743	-0.91632	0.0062586
5.6743	-0.89121	0.0022114
5.6743	0.21339	0.0044288
5.6743	0.23849	0.0079084
5.6743	0.2636	0.01076
5.6743	0.2887	0.012182
5.6743	0.31381	0.011124
5.6743	0.33891	0.0086352
5.6743	0.36402	0.0054666
5.6743	0.38912	0.0030944
5.6743	1.5439	0.0045156
5.6743	1.569	0.0088246
5.6743	1.5941	0.013661
5.6743	1.6192	0.017533
5.6743	1.6444	0.019275
5.6743	1.6695	0.017779
5.6743	1.6946	0.01405
5.6743	1.7197	0.0091617
5.6743	1.7448	0.0047007
5.6994	-1.1172	0.0067224
5.6994	-1.0921	0.014986
5.6994	-1.0669	0.025084
5.6994	-1.0418	0.033336
5.6994	-1.0167	0.03784
5.6994	-0.99163	0.036431
5.6994	-0.96653	0.029503
5.6994	-0.94142	0.020271
5.6994	-0.91632	0.01117
5.6994	-0.89121	0.0047257
5.6994	0.18828	0.0022574
5.6994	0.21339	0.006422
5.6994	0.23849	0.011609
5.6994	0.2636	0.016453
5.6994	0.2887	0.019003
5.6994	0.31381	0.018277
5.6994	0.33891	0.01507
5.6994	0.36402	0.010583
5.6994	0.38912	0.0059851
5.6994	0.41423	0.0027133
5.6994	1.5439	0.0040468
5.6994	1.569	0.0078227
5.6994	1.5941	0.011911
5.6994	1.6192	0.014983
5.6994	1.6444	0.016322
5.6994	1.6695	0.014845
5.6994	1.6946	0.01157
5.6994	1.7197	0.0074116
5.6994	1.7448	0.0035836
5.7244	-1.1423	0.0021994
5.7244	-1.1172	0.0076467
5.7244	-1.0921	0.01678
5.7244	-1.0669	0.027679
5.7244	-1.0418	0.037296
5.7244	-1.0167	0.042619
5.7244	-0.99163	0.041831
5.7244	-0.96653	0.034684
5.7244	-0.94142	0.024254
5.7244	-0.91632	0.01359
5.7244	-0.89121	0.0055653
5.7244	0.18828	0.0026716
5.7244	0.21339	0.0069303
5.7244	0.23849	0.012546
5.7244	0.2636	0.017725
5.7244	0.2887	0.020947
5.7244	0.31381	0.020597
5.7244	0.33891	0.017514
5.7244	0.36402	0.012567
5.7244	0.38912	0.007445
5.7244	0.41423	0.003372
5.7244	1.5439	0.0033569
5.7244	1.569	0.0061774
5.7244	1.5941	0.0092874
5.7244	1.6192	0.011532
5.7244	1.6444	0.012466
5.7244	1.6695	0.011218
5.7244	1.6946	0.0086306
5.7244	1.7197	0.0053455
5.7244	1.7448	0.0025966
5.7495	-1.1423	0.0022029
5.7495	-1.1172	0.0070817
5.7495	-1.0921	0.014928
5.7495	-1.0669	0.02461
5.7495	-1.0418	0.033334
5.7495	-1.0167	0.038488
5.7495	-0.99163	0.038115
5.7495	-0.96653	0.031863
5.7495	-0.94142	0.022504
5.7495	-0.91632	0.01248
5.7495	-0.89121	0.004934
5.7495	0.18828	0.0023195
5.7495	0.21339	0.0057899
5.7495	0.23849	0.010556
5.7495	0.2636	0.014952
5.7495	0.2887	0.017855
5.7495	0.31381	0.017828
5.7495	0.33891	0.015379
5.7495	0.36402	0.011231
5.7495	0.38912	0.0067425
5.7495	0.41423	0.0030176
5.7495	1.5439	0.0023615
5.7495	1.569	0.0042235
5.7495	1.5941	0.0063747
5.7495	1.6192	0.0079098
5.7495	1.6444	0.0084595
5.7495	1.6695	0.0076076
5.7495	1.6946	0.0058139
5.7495	1.7197	0.0034669
5.7745	-1.1172	0.0051585
5.7745	-1.0921	0.010772
5.7745	-1.0669	0.017578
5.7745	-1.0418	0.024063
5.7745	-1.0167	0.028095
5.7745	-0.99163	0.028089
5.7745	-0.96653	0.02369
5.7745	-0.94142	0.016834
5.7745	-0.91632	0.0091886
5.7745	-0.89121	0.0034733
5.7745	0.21339	0.0037063
5.7745	0.23849	0.0066564
5.7745	0.2636	0.0096289
5.7745	0.2887	0.011786
5.7745	0.31381	0.012012
5.7745	0.33891	0.010553
5.7745	0.36402	0.0078155
5.7745	0.38912	0.0047177
5.7745	0.41423	0.00208
5.7745	1.569	0.0024708
5.7745	1.5941	0.0036895
5.7745	1.6192	0.0045858
5.7745	1.6444	0.0049385
5.7745	1.6695	0.004437
5.7745	1.6946	0.0033657
5.7996	-1.1172	0.0027072
5.7996	-1.0921	0.0057523
5.7996	-1.0669	0.0096261
5.7996	-1.0418	0.013447
5.7996	-1.0167	0.016026
5.7996	-0.99163	0.01637
5.7996	-0.96653	0.014004
5.7996	-0.94142	0.0099418
5.7996	-0.91632	0.0054364
5.7996	0.23849	0.0028268
5.7996	0.2636	0.0043212
5.7996	0.2887	0.0055371
5.7996	0.31381	0.0059048
5.7996	0.33891	0.0053816
5.7996	0.36402	0.0040911
5.7996	0.38912	0.0024924
5.7996	1.6192	0.0021248
5.7996	1.6444	0.0023286
5.7996	1.6695	0.0021143
5.8246	-1.0669	0.0035284
5.8246	-1.0418	0.0051488
5.8246	-1.0167	0.0064905
5.8246	-0.99163	0.0069586
5.8246	-0.96653	0.0061608
5.8246	-0.94142	0.0043993
5.8246	-0.91632	0.0024763
5.8998	-1.0921	0.0024635
5.8998	-1.0669	0.0028273
5.8998	-1.0418	0.0027344
5.8998	-1.0167	0.0022767
5.8998	0.21339	0.0028609
5.8998	0.23849	0.0034673
5.8998	0.2636	0.003508
5.8998	0.2887	0.0030103
5.8998	0.31381	0.0021831
5.9248	-1.1172	0.0027068
5.9248	-1.0921	0.0039797
5.9248	-1.0669	0.0048007
5.9248	-1.0418	0.0048844
5.9248	-1.0167	0.0042891
5.9248	-0.99163	0.0031949
5.9248	0.18828	0.0026338
5.9248	0.21339	0.0040538
5.9248	0.23849	0.0050593
5.9248	0.2636	0.0052695
5.9248	0.2887	0.0047198
5.9248	0.31381	0.0035275
5.9248	0.33891	0.0022554
5.9499	-2.3724	0.0020534
5.9499	-2.3473	0.002086
5.9499	-1.1172	0.0030732
5.9499	-1.0921	0.0045214
5.9499	-1.0669	0.0055975
5.9499	-1.0418	0.005859
5.9499	-1.0167	0.0052834
5.9499	-0.99163	0.0040505
5.9499	-0.96653	0.0025437
5.9499	0.18828	0.0028836
5.9499	0.21339	0.004451
5.9499	0.23849	0.0055872
5.9499	0.2636	0.0059044
5.9499	0.2887	0.005371
5.9499	0.31381	0.0041104
5.9499	0.33891	0.0026491
5.9749	-2.3724	0.0021478
5.9749	-2.3473	0.0021707
5.9749	-1.1172	0.0026451
5.9749	-1.0921	0.0039378
5.9749	-1.0669	0.0049377
5.9749	-1.0418	0.0052591
5.9749	-1.0167	0.0048207
5.9749	-0.99163	0.0037669
5.9749	-0.96653	0.0023827
5.9749	0.18828	0.0025426
5.9749	0.21339	0.0039323
5.9749	0.23849	0.0049532
5.9749	0.2636	0.0052702
5.9749	0.2887	0.004844
5.9749	0.31381	0.0037255
5.9749	0.33891	0.0024391
