-5.2985	0.91632	0.0097547
-5.2985	0.94142	0.010099
-5.2735	0.91632	0.009299
-5.2735	0.94142	0.0096926
-5.0981	0.89121	0.0090053
-5.0731	0.89121	0.0096298
-5.0731	0.91632	0.0092431
-4.8727	0.841	0.0092429
-4.8727	0.86611	0.0096579
-4.6973	0.79079	0.011344
-4.6973	0.8159	0.012663
-4.6973	0.841	0.012058
-4.6973	0.86611	0.0098842
-4.6722	0.76569	0.010099
-4.6722	0.79079	0.013552
-4.6722	0.8159	0.015399
-4.6722	0.841	0.014869
-4.6722	0.86611	0.012386
-4.6472	0.76569	0.0093444
-4.6472	0.79079	0.012727
-4.6472	0.8159	0.014641
-4.6472	0.841	0.014352
-4.6472	0.86611	0.012087
-4.6221	0.79079	0.0091383
-4.6221	0.8159	0.01077
-4.6221	0.841	0.01075
-4.6221	0.86611	0.0092329
-4.4969	0.74059	0.0090613
-4.4969	0.76569	0.011119
-4.4969	0.79079	0.011522
-4.4969	0.8159	0.010212
-4.4718	0.74059	0.011133
-4.4718	0.76569	0.013839
-4.4718	0.79079	0.014652
-4.4718	0.8159	0.013271
-4.4718	0.841	0.010082
-4.4468	0.74059	0.010368
-4.4468	0.76569	0.013106
-4.4468	0.79079	0.014184
-4.4468	0.8159	0.013066
-4.4468	0.841	0.010125
-4.4217	0.76569	0.0091513
-4.4217	0.79079	0.010188
-4.4217	0.8159	0.0096468
-4.3215	-0.58996	0.0099627
-4.3215	-0.56485	0.011649
-4.3215	-0.53975	0.011665
-4.3215	-0.51464	0.0098313
-4.2965	-0.58996	0.012002
-4.2965	-0.56485	0.014185
-4.2965	-0.53975	0.014334
-4.2965	-0.51464	0.012183
-4.2965	0.74059	0.0089106
-4.2714	-0.58996	0.011873
-4.2714	-0.56485	0.014145
-4.2714	-0.53975	0.01444
-4.2714	-0.51464	0.012326
-4.2714	0.74059	0.010054
-4.2714	0.76569	0.010286
-4.2714	0.79079	0.0089347
-4.2463	-0.58996	0.0092928
-4.2463	-0.56485	0.011355
-4.2463	-0.53975	0.011769
-4.2463	-0.51464	0.010229
-4.1712	0.66527	0.0098234
-4.1712	0.69038	0.011252
-4.1712	0.71548	0.010846
-4.1461	0.64017	0.01581
-4.1461	0.66527	0.025255
-4.1461	0.69038	0.030835
-4.1461	0.71548	0.031941
-4.1461	0.74059	0.028215
-4.1461	0.76569	0.020695
-4.1461	0.79079	0.012955
-4.1211	0.61506	0.013702
-4.1211	0.64017	0.029447
-4.1211	0.66527	0.046048
-4.1211	0.69038	0.058274
-4.1211	0.71548	0.061993
-4.1211	0.74059	0.05678
-4.1211	0.76569	0.043582
-4.1211	0.79079	0.028317
-4.1211	0.8159	0.014849
-4.096	-0.64017	0.0092831
-4.096	-0.61506	0.011495
-4.096	-0.58996	0.011942
-4.096	-0.56485	0.0106
-4.096	0.61506	0.020625
-4.096	0.64017	0.042887
-4.096	0.66527	0.067153
-4.096	0.69038	0.085693
-4.096	0.71548	0.092354
-4.096	0.74059	0.086001
-4.096	0.76569	0.067254
-4.096	0.79079	0.044223
-4.096	0.8159	0.023196
-4.096	0.841	0.0089477
-4.071	-0.64017	0.011579
-4.071	-0.61506	0.014665
-4.071	-0.58996	0.015584
-4.071	-0.56485	0.014166
-4.071	-0.53975	0.010798
-4.071	0.61506	0.025021
-4.071	0.64017	0.051044
-4.071	0.66527	0.079534
-4.071	0.69038	0.10209
-4.071	0.71548	0.11099
-4.071	0.74059	0.10436
-4.071	0.76569	0.082176
-4.071	0.79079	0.054311
-4.071	0.8159	0.028372
-4.071	0.841	0.010508
-4.0459	-0.64017	0.01107
-4.0459	-0.61506	0.014312
-4.0459	-0.58996	0.015506
-4.0459	-0.56485	0.014404
-4.0459	-0.53975	0.011153
-4.0459	0.61506	0.024416
-4.0459	0.64017	0.049485
-4.0459	0.66527	0.076924
-4.0459	0.69038	0.099514
-4.0459	0.71548	0.10923
-4.0459	0.74059	0.10378
-4.0459	0.76569	0.082167
-4.0459	0.79079	0.054465
-4.0459	0.8159	0.028086
-4.0459	0.841	0.0098127
-4.0209	-0.61506	0.010411
-4.0209	-0.58996	0.011683
-4.0209	-0.56485	0.011055
-4.0209	0.61506	0.018271
-4.0209	0.64017	0.036388
-4.0209	0.66527	0.058492
-4.0209	0.69038	0.077405
-4.0209	0.71548	0.086534
-4.0209	0.74059	0.083517
-4.0209	0.76569	0.067556
-4.0209	0.79079	0.044031
-4.0209	0.8159	0.02273
-3.9958	0.64017	0.018042
-3.9958	0.66527	0.031773
-3.9958	0.69038	0.043796
-3.9958	0.71548	0.051041
-3.9958	0.74059	0.051176
-3.9958	0.76569	0.042817
-3.9958	0.79079	0.028781
-3.9958	0.8159	0.014552
-3.9708	0.69038	0.013571
-3.9708	0.71548	0.017746
-3.9708	0.74059	0.019938
-3.9708	0.76569	0.017252
-3.9708	0.79079	0.012459
-3.9207	0.58996	0.0089328
-3.9207	0.61506	0.014977
-3.9207	0.64017	0.018206
-3.9207	0.66527	0.018497
-3.9207	0.69038	0.014955
-3.9207	0.71548	0.010206
-3.8956	-0.69038	0.0099769
-3.8956	-0.66527	0.013234
-3.8956	-0.64017	0.014746
-3.8956	-0.61506	0.014034
-3.8956	-0.58996	0.011066
-3.8956	0.58996	0.022145
-3.8956	0.61506	0.037292
-3.8956	0.64017	0.049192
-3.8956	0.66527	0.054621
-3.8956	0.69038	0.050238
-3.8956	0.71548	0.039243
-3.8956	0.74059	0.025346
-3.8956	0.76569	0.013227
-3.8956	1.9707	0.0093718
-3.8956	1.9958	0.0091863
-3.8706	-0.69038	0.013886
-3.8706	-0.66527	0.018951
-3.8706	-0.64017	0.021732
-3.8706	-0.61506	0.021416
-3.8706	-0.58996	0.017531
-3.8706	-0.56485	0.011868
-3.8706	0.56485	0.014823
-3.8706	0.58996	0.035605
-3.8706	0.61506	0.060942
-3.8706	0.64017	0.082879
-3.8706	0.66527	0.094769
-3.8706	0.69038	0.091445
-3.8706	0.71548	0.074904
-3.8706	0.74059	0.051708
-3.8706	0.76569	0.029061
-3.8706	0.79079	0.012091
-3.8706	1.9456	0.011447
-3.8706	1.9707	0.01365
-3.8706	1.9958	0.013556
-3.8706	2.0209	0.011602
-3.8455	-0.69038	0.014554
-3.8455	-0.66527	0.020292
-3.8455	-0.64017	0.02383
-3.8455	-0.61506	0.024035
-3.8455	-0.58996	0.020089
-3.8455	-0.56485	0.013813
-3.8455	0.56485	0.018467
-3.8455	0.58996	0.043078
-3.8455	0.61506	0.073839
-3.8455	0.64017	0.10188
-3.8455	0.66527	0.11883
-3.8455	0.69038	0.11738
-3.8455	0.71548	0.098649
-3.8455	0.74059	0.069901
-3.8455	0.76569	0.039929
-3.8455	0.79079	0.016784
-3.8455	1.9205	0.0093254
-3.8455	1.9456	0.013545
-3.8455	1.9707	0.016221
-3.8455	1.9958	0.01624
-3.8455	2.0209	0.014037
-3.8455	2.046	0.010272
-3.8205	-0.69038	0.011114
-3.8205	-0.66527	0.016132
-3.8205	-0.64017	0.019606
-3.8205	-0.61506	0.020399
-3.8205	-0.58996	0.017447
-3.8205	-0.56485	0.012256
-3.8205	0.56485	0.016966
-3.8205	0.58996	0.039835
-3.8205	0.61506	0.068261
-3.8205	0.64017	0.095931
-3.8205	0.66527	0.11396
-3.8205	0.69038	0.11487
-3.8205	0.71548	0.098224
-3.8205	0.74059	0.070898
-3.8205	0.76569	0.040898
-3.8205	0.79079	0.016657
-3.8205	1.9205	0.0089107
-3.8205	1.9456	0.01296
-3.8205	1.9707	0.015604
-3.8205	1.9958	0.015769
-3.8205	2.0209	0.013779
-3.8205	2.046	0.01018
-3.7954	-0.64017	0.010381
-3.7954	-0.61506	0.011541
-3.7954	-0.58996	0.010347
-3.7954	0.56485	0.010607
-3.7954	0.58996	0.026815
-3.7954	0.61506	0.046371
-3.7954	0.64017	0.068111
-3.7954	0.66527	0.083433
-3.7954	0.69038	0.086778
-3.7954	0.71548	0.07687
-3.7954	0.74059	0.056303
-3.7954	0.76569	0.033081
-3.7954	0.79079	0.013247
-3.7954	1.9456	0.0095484
-3.7954	1.9707	0.011764
-3.7954	1.9958	0.012138
-3.7954	2.0209	0.010751
-3.7704	0.61506	0.017345
-3.7704	0.64017	0.029118
-3.7704	0.66527	0.0384
-3.7704	0.69038	0.043553
-3.7704	0.71548	0.039878
-3.7704	0.74059	0.031476
-3.7704	0.76569	0.019542
-3.7453	0.71548	0.0098026
-3.7453	0.74059	0.0091983
-3.7203	-0.74059	0.0099099
-3.7203	-0.71548	0.0142
-3.7203	-0.69038	0.016304
-3.7203	-0.66527	0.015626
-3.7203	-0.64017	0.012222
-3.7203	0.56485	0.010095
-3.7203	0.58996	0.013463
-3.7203	0.61506	0.013256
-3.7203	0.64017	0.0099993
-3.6952	-2.046	0.010539
-3.6952	-2.0209	0.01261
-3.6952	-1.9958	0.012497
-3.6952	-1.9707	0.010704
-3.6952	-0.76569	0.010748
-3.6952	-0.74059	0.020252
-3.6952	-0.71548	0.029917
-3.6952	-0.69038	0.036409
-3.6952	-0.66527	0.037174
-3.6952	-0.64017	0.032021
-3.6952	-0.61506	0.023464
-3.6952	-0.58996	0.013702
-3.6952	0.53975	0.016859
-3.6952	0.56485	0.034104
-3.6952	0.58996	0.050734
-3.6952	0.61506	0.058889
-3.6952	0.64017	0.056697
-3.6952	0.66527	0.046357
-3.6952	0.69038	0.03075
-3.6952	0.71548	0.017534
-3.6701	-2.0711	0.014584
-3.6701	-2.046	0.020777
-3.6701	-2.0209	0.024763
-3.6701	-1.9958	0.024729
-3.6701	-1.9707	0.021144
-3.6701	-1.9456	0.01519
-3.6701	-1.9205	0.0091403
-3.6701	-0.76569	0.016879
-3.6701	-0.74059	0.031445
-3.6701	-0.71548	0.046894
-3.6701	-0.69038	0.05833
-3.6701	-0.66527	0.061233
-3.6701	-0.64017	0.054399
-3.6701	-0.61506	0.041003
-3.6701	-0.58996	0.024793
-3.6701	-0.56485	0.011368
-3.6701	0.41423	0.0090513
-3.6701	0.51464	0.0089374
-3.6701	0.53975	0.029747
-3.6701	0.56485	0.059365
-3.6701	0.58996	0.091974
-3.6701	0.61506	0.11361
-3.6701	0.64017	0.11654
-3.6701	0.66527	0.10266
-3.6701	0.69038	0.075671
-3.6701	0.71548	0.045664
-3.6701	0.74059	0.021547
-3.6701	1.9456	0.0089693
-3.6451	-2.0962	0.013548
-3.6451	-2.0711	0.024271
-3.6451	-2.046	0.034673
-3.6451	-2.0209	0.040926
-3.6451	-1.9958	0.040781
-3.6451	-1.9707	0.034963
-3.6451	-1.9456	0.025248
-3.6451	-1.9205	0.01476
-3.6451	-0.79079	0.0091254
-3.6451	-0.76569	0.023033
-3.6451	-0.74059	0.042692
-3.6451	-0.71548	0.06425
-3.6451	-0.69038	0.080918
-3.6451	-0.66527	0.086663
-3.6451	-0.64017	0.078467
-3.6451	-0.61506	0.059802
-3.6451	-0.58996	0.03665
-3.6451	-0.56485	0.016099
-3.6451	0.51464	0.012833
-3.6451	0.53975	0.038652
-3.6451	0.56485	0.07738
-3.6451	0.58996	0.11913
-3.6451	0.61506	0.15099
-3.6451	0.64017	0.15936
-3.6451	0.66527	0.14457
-3.6451	0.69038	0.1108
-3.6451	0.71548	0.069593
-3.6451	0.74059	0.033674
-3.6451	0.76569	0.011668
-3.6451	1.8954	0.011095
-3.6451	1.9205	0.014081
-3.6451	1.9456	0.014897
-3.6451	1.9707	0.013389
-3.6451	1.9958	0.010156
-3.62	-2.0962	0.016846
-3.62	-2.0711	0.029574
-3.62	-2.046	0.041478
-3.62	-2.0209	0.048716
-3.62	-1.9958	0.048307
-3.62	-1.9707	0.041275
-3.62	-1.9456	0.029416
-3.62	-1.9205	0.017081
-3.62	-0.76569	0.022171
-3.62	-0.74059	0.041879
-3.62	-0.71548	0.064749
-3.62	-0.69038	0.083976
-3.62	-0.66527	0.092245
-3.62	-0.64017	0.085398
-3.62	-0.61506	0.066284
-3.62	-0.58996	0.040569
-3.62	-0.56485	0.017604
-3.62	-0.43933	0.0091505
-3.62	0.51464	0.014871
-3.62	0.53975	0.042797
-3.62	0.56485	0.085823
-3.62	0.58996	0.13347
-3.62	0.61506	0.17205
-3.62	0.64017	0.18518
-3.62	0.66527	0.17161
-3.62	0.69038	0.13368
-3.62	0.71548	0.085481
-3.62	0.74059	0.041347
-3.62	0.76569	0.013743
-3.62	1.8954	0.012014
-3.62	1.9205	0.01542
-3.62	1.9456	0.016616
-3.62	1.9707	0.015285
-3.62	1.9958	0.011854
-3.595	-2.0962	0.017957
-3.595	-2.0711	0.030587
-3.595	-2.046	0.042107
-3.595	-2.0209	0.048766
-3.595	-1.9958	0.047827
-3.595	-1.9707	0.040347
-3.595	-1.9456	0.028279
-3.595	-1.9205	0.016005
-3.595	-0.76569	0.010776
-3.595	-0.74059	0.021425
-3.595	-0.71548	0.035871
-3.595	-0.69038	0.04943
-3.595	-0.66527	0.057066
-3.595	-0.64017	0.054877
-3.595	-0.61506	0.044091
-3.595	-0.58996	0.027755
-3.595	-0.56485	0.011344
-3.595	-0.43933	0.0094272
-3.595	0.51464	0.010985
-3.595	0.53975	0.032921
-3.595	0.56485	0.067419
-3.595	0.58996	0.10843
-3.595	0.61506	0.1457
-3.595	0.64017	0.16303
-3.595	0.66527	0.15566
-3.595	0.69038	0.12489
-3.595	0.71548	0.080972
-3.595	0.74059	0.039445
-3.595	0.76569	0.012626
-3.595	0.86611	0.010494
-3.595	1.8954	0.01119
-3.595	1.9205	0.01452
-3.595	1.9456	0.015892
-3.595	1.9707	0.014869
-3.595	1.9958	0.011677
-3.5699	-2.1213	0.0092521
-3.5699	-2.0962	0.01994
-3.5699	-2.0711	0.032979
-3.5699	-2.046	0.044561
-3.5699	-2.0209	0.050809
-3.5699	-1.9958	0.049124
-3.5699	-1.9707	0.040727
-3.5699	-1.9456	0.027999
-3.5699	-1.9205	0.015324
-3.5699	-0.69038	0.013401
-3.5699	-0.66527	0.018341
-3.5699	-0.64017	0.020115
-3.5699	-0.61506	0.017648
-3.5699	-0.58996	0.011297
-3.5699	0.53975	0.010183
-3.5699	0.56485	0.02244
-3.5699	0.58996	0.044581
-3.5699	0.61506	0.06459
-3.5699	0.64017	0.078859
-3.5699	0.66527	0.081537
-3.5699	0.69038	0.070435
-3.5699	0.71548	0.04583
-3.5699	0.74059	0.023159
-3.5699	0.86611	0.0098912
-3.5699	1.9205	0.011208
-3.5699	1.9456	0.012664
-3.5699	1.9707	0.012225
-3.5699	1.9958	0.009939
-3.5449	-2.1213	0.010554
-3.5449	-2.0962	0.021763
-3.5449	-2.0711	0.035208
-3.5449	-2.046	0.046777
-3.5449	-2.0209	0.052771
-3.5449	-1.9958	0.050394
-3.5449	-1.9707	0.041247
-3.5449	-1.9456	0.02777
-3.5449	-1.9205	0.014783
-3.5449	0.64017	0.012505
-3.5449	0.66527	0.017375
-3.5449	0.69038	0.018181
-3.5449	0.71548	0.01291
-3.5198	-2.1213	0.0097355
-3.5198	-2.0962	0.019128
-3.5198	-2.0711	0.030199
-3.5198	-2.046	0.040206
-3.5198	-2.0209	0.044826
-3.5198	-1.9958	0.04236
-3.5198	-1.9707	0.034333
-3.5198	-1.9456	0.022612
-3.5198	-1.9205	0.01151
-3.5198	-0.8159	0.012469
-3.5198	-0.79079	0.028437
-3.5198	-0.76569	0.039849
-3.5198	-0.74059	0.050374
-3.5198	-0.71548	0.049027
-3.5198	-0.69038	0.039351
-3.5198	-0.66527	0.025659
-3.5198	-0.64017	0.012565
-3.5198	0.36402	0.010504
-3.5198	0.38912	0.010377
-3.5198	0.51464	0.014268
-3.5198	0.53975	0.025184
-3.5198	0.56485	0.028661
-3.5198	0.58996	0.02534
-3.5198	0.61506	0.017471
-3.4948	-2.0962	0.014555
-3.4948	-2.0711	0.02255
-3.4948	-2.046	0.02962
-3.4948	-2.0209	0.0327
-3.4948	-1.9958	0.030702
-3.4948	-1.9707	0.0244
-3.4948	-1.9456	0.015663
-3.4948	-0.94142	0.01023
-3.4948	-0.841	0.0094724
-3.4948	-0.8159	0.03612
-3.4948	-0.79079	0.07668
-3.4948	-0.76569	0.12651
-3.4948	-0.74059	0.15961
-3.4948	-0.71548	0.1693
-3.4948	-0.69038	0.15371
-3.4948	-0.66527	0.11821
-3.4948	-0.64017	0.070619
-3.4948	-0.61506	0.035798
-3.4948	-0.58996	0.012061
-3.4948	0.18828	0.010839
-3.4948	0.21339	0.012555
-3.4948	0.23849	0.008937
-3.4948	0.33891	0.014996
-3.4948	0.36402	0.022699
-3.4948	0.38912	0.022094
-3.4948	0.41423	0.012681
-3.4948	0.48954	0.023443
-3.4948	0.51464	0.059765
-3.4948	0.53975	0.10953
-3.4948	0.56485	0.139
-3.4948	0.58996	0.14852
-3.4948	0.61506	0.13333
-3.4948	0.64017	0.095138
-3.4948	0.66527	0.061453
-3.4948	0.69038	0.031024
-3.4948	0.71548	0.0091731
-3.4697	-2.0962	0.01141
-3.4697	-2.0711	0.017491
-3.4697	-2.046	0.022657
-3.4697	-2.0209	0.024822
-3.4697	-1.9958	0.022945
-3.4697	-1.9707	0.018034
-3.4697	-1.9456	0.011449
-3.4697	-0.96653	0.011896
-3.4697	-0.94142	0.014383
-3.4697	-0.91632	0.010416
-3.4697	-0.841	0.021152
-3.4697	-0.8159	0.072593
-3.4697	-0.79079	0.14642
-3.4697	-0.76569	0.23897
-3.4697	-0.74059	0.30769
-3.4697	-0.71548	0.3334
-3.4697	-0.69038	0.31095
-3.4697	-0.66527	0.24584
-3.4697	-0.64017	0.16435
-3.4697	-0.61506	0.082303
-3.4697	-0.58996	0.032272
-3.4697	0.18828	0.010673
-3.4697	0.21339	0.011947
-3.4697	0.33891	0.020971
-3.4697	0.36402	0.031282
-3.4697	0.38912	0.029471
-3.4697	0.41423	0.01576
-3.4697	0.46444	0.010736
-3.4697	0.48954	0.053462
-3.4697	0.51464	0.14282
-3.4697	0.53975	0.24389
-3.4697	0.56485	0.3303
-3.4697	0.58996	0.36854
-3.4697	0.61506	0.35399
-3.4697	0.64017	0.28712
-3.4697	0.66527	0.19043
-3.4697	0.69038	0.10906
-3.4697	0.71548	0.04225
-3.4697	0.74059	0.010953
-3.4697	1.8954	0.0089309
-3.4447	-2.0962	0.0089451
-3.4447	-2.0711	0.013769
-3.4447	-2.046	0.017777
-3.4447	-2.0209	0.019587
-3.4447	-1.9958	0.01812
-3.4447	-1.9707	0.01407
-3.4447	-0.99163	0.010315
-3.4447	-0.96653	0.018175
-3.4447	-0.94142	0.020401
-3.4447	-0.91632	0.013048
-3.4447	-0.841	0.046494
-3.4447	-0.8159	0.13113
-3.4447	-0.79079	0.26641
-3.4447	-0.76569	0.41697
-3.4447	-0.74059	0.5357
-3.4447	-0.71548	0.58035
-3.4447	-0.69038	0.54091
-3.4447	-0.66527	0.43409
-3.4447	-0.64017	0.27824
-3.4447	-0.61506	0.14213
-3.4447	-0.58996	0.052648
-3.4447	-0.51464	0.013348
-3.4447	-0.48954	0.021162
-3.4447	-0.46444	0.019115
-3.4447	-0.43933	0.011395
-3.4447	0.33891	0.018432
-3.4447	0.36402	0.027144
-3.4447	0.38912	0.024624
-3.4447	0.41423	0.011912
-3.4447	0.46444	0.015764
-3.4447	0.48954	0.072227
-3.4447	0.51464	0.17934
-3.4447	0.53975	0.31306
-3.4447	0.56485	0.4314
-3.4447	0.58996	0.4994
-3.4447	0.61506	0.4947
-3.4447	0.64017	0.41169
-3.4447	0.66527	0.28911
-3.4447	0.69038	0.16584
-3.4447	0.71548	0.072966
-3.4447	0.74059	0.017199
-3.4447	0.841	0.0099614
-3.4447	1.8452	0.013782
-3.4447	1.8703	0.019501
-3.4447	1.8954	0.022236
-3.4447	1.9205	0.021065
-3.4447	1.9456	0.016693
-3.4447	1.9707	0.011378
-3.4196	-2.046	0.010999
-3.4196	-2.0209	0.012443
-3.4196	-1.9958	0.011786
-3.4196	-1.9707	0.0092396
-3.4196	-0.99163	0.018285
-3.4196	-0.96653	0.029761
-3.4196	-0.94142	0.031335
-3.4196	-0.91632	0.018374
-3.4196	-0.86611	0.012749
-3.4196	-0.841	0.097422
-3.4196	-0.8159	0.25942
-3.4196	-0.79079	0.50588
-3.4196	-0.76569	0.76715
-3.4196	-0.74059	0.98558
-3.4196	-0.71548	1.0568
-3.4196	-0.69038	0.97737
-3.4196	-0.66527	0.76861
-3.4196	-0.64017	0.50045
-3.4196	-0.61506	0.2444
-3.4196	-0.58996	0.082896
-3.4196	-0.56485	0.0089285
-3.4196	-0.51464	0.033418
-3.4196	-0.48954	0.04975
-3.4196	-0.46444	0.043431
-3.4196	-0.43933	0.024669
-3.4196	-0.33891	0.010411
-3.4196	-0.31381	0.012708
-3.4196	-0.2887	0.0097212
-3.4196	0.33891	0.012362
-3.4196	0.36402	0.017915
-3.4196	0.38912	0.015756
-3.4196	0.46444	0.017767
-3.4196	0.48954	0.073289
-3.4196	0.51464	0.17719
-3.4196	0.53975	0.30659
-3.4196	0.56485	0.42757
-3.4196	0.58996	0.50034
-3.4196	0.61506	0.5025
-3.4196	0.64017	0.42374
-3.4196	0.66527	0.3026
-3.4196	0.69038	0.17447
-3.4196	0.71548	0.074861
-3.4196	0.74059	0.016168
-3.4196	0.8159	0.014474
-3.4196	0.841	0.016486
-3.4196	0.86611	0.011969
-3.4196	1.8201	0.0096971
-3.4196	1.8452	0.01834
-3.4196	1.8703	0.026373
-3.4196	1.8954	0.031274
-3.4196	1.9205	0.03075
-3.4196	1.9456	0.02581
-3.4196	1.9707	0.018298
-3.4196	1.9958	0.010786
-3.3946	-1.0167	0.011971
-3.3946	-0.99163	0.030741
-3.3946	-0.96653	0.04657
-3.3946	-0.94142	0.045908
-3.3946	-0.91632	0.023319
-3.3946	-0.86611	0.033375
-3.3946	-0.841	0.19496
-3.3946	-0.8159	0.50592
-3.3946	-0.79079	0.94752
-3.3946	-0.76569	1.4213
-3.3946	-0.74059	1.8027
-3.3946	-0.71548	1.9177
-3.3946	-0.69038	1.7649
-3.3946	-0.66527	1.3696
-3.3946	-0.64017	0.86586
-3.3946	-0.61506	0.41064
-3.3946	-0.58996	0.12594
-3.3946	-0.56485	0.011297
-3.3946	-0.53975	0.023544
-3.3946	-0.51464	0.079681
-3.3946	-0.48954	0.11174
-3.3946	-0.46444	0.093124
-3.3946	-0.43933	0.048786
-3.3946	-0.41423	0.011217
-3.3946	-0.36402	0.013922
-3.3946	-0.33891	0.030577
-3.3946	-0.31381	0.035308
-3.3946	-0.2887	0.026236
-3.3946	-0.2636	0.010881
-3.3946	-0.16318	0.012928
-3.3946	-0.13808	0.011724
-3.3946	0.46444	0.016944
-3.3946	0.48954	0.064815
-3.3946	0.51464	0.15506
-3.3946	0.53975	0.27073
-3.3946	0.56485	0.38344
-3.3946	0.58996	0.45622
-3.3946	0.61506	0.46533
-3.3946	0.64017	0.39699
-3.3946	0.66527	0.28533
-3.3946	0.69038	0.16366
-3.3946	0.71548	0.068171
-3.3946	0.74059	0.012661
-3.3946	0.79079	0.0094044
-3.3946	0.8159	0.01996
-3.3946	0.841	0.021735
-3.3946	0.86611	0.015382
-3.3946	1.8452	0.014587
-3.3946	1.8703	0.021382
-3.3946	1.8954	0.025939
-3.3946	1.9205	0.026216
-3.3946	1.9456	0.02262
-3.3946	1.9707	0.016509
-3.3946	1.9958	0.0098867
-3.3695	-1.0167	0.014606
-3.3695	-0.99163	0.034394
-3.3695	-0.96653	0.049636
-3.3695	-0.94142	0.04598
-3.3695	-0.91632	0.019977
-3.3695	-0.86611	0.05928
-3.3695	-0.841	0.28579
-3.3695	-0.8159	0.70374
-3.3695	-0.79079	1.2994
-3.3695	-0.76569	1.9428
-3.3695	-0.74059	2.4582
-3.3695	-0.71548	2.6168
-3.3695	-0.69038	2.4067
-3.3695	-0.66527	1.8617
-3.3695	-0.64017	1.1645
-3.3695	-0.61506	0.5305
-3.3695	-0.58996	0.1467
-3.3695	-0.56485	0.011204
-3.3695	-0.53975	0.055078
-3.3695	-0.51464	0.15206
-3.3695	-0.48954	0.19882
-3.3695	-0.46444	0.15888
-3.3695	-0.43933	0.078495
-3.3695	-0.41423	0.014011
-3.3695	-0.36402	0.035892
-3.3695	-0.33891	0.070527
-3.3695	-0.31381	0.077728
-3.3695	-0.2887	0.054972
-3.3695	-0.2636	0.021333
-3.3695	-0.18828	0.025184
-3.3695	-0.16318	0.038862
-3.3695	-0.13808	0.034628
-3.3695	-0.11297	0.018979
-3.3695	-0.012552	0.016385
-3.3695	0.012552	0.018838
-3.3695	0.037657	0.013572
-3.3695	0.46444	0.009938
-3.3695	0.48954	0.038941
-3.3695	0.51464	0.10171
-3.3695	0.53975	0.19146
-3.3695	0.56485	0.28715
-3.3695	0.58996	0.35956
-3.3695	0.61506	0.38338
-3.3695	0.64017	0.33789
-3.3695	0.66527	0.2473
-3.3695	0.69038	0.14292
-3.3695	0.71548	0.057572
-3.3695	0.79079	0.013625
-3.3695	0.8159	0.025924
-3.3695	0.841	0.02705
-3.3695	0.86611	0.018369
-3.3695	0.99163	0.0089903
-3.3695	1.8703	0.0128
-3.3695	1.8954	0.016049
-3.3695	1.9205	0.016698
-3.3695	1.9456	0.014765
-3.3695	1.9707	0.011024
-3.3445	-1.0167	0.011441
-3.3445	-0.99163	0.02495
-3.3445	-0.96653	0.034006
-3.3445	-0.94142	0.02926
-3.3445	-0.91632	0.010461
-3.3445	-0.86611	0.061158
-3.3445	-0.841	0.25888
-3.3445	-0.8159	0.62366
-3.3445	-0.79079	1.1134
-3.3445	-0.76569	1.6574
-3.3445	-0.74059	2.0941
-3.3445	-0.71548	2.2237
-3.3445	-0.69038	2.0353
-3.3445	-0.66527	1.5633
-3.3445	-0.64017	0.96644
-3.3445	-0.61506	0.41885
-3.3445	-0.58996	0.10489
-3.3445	-0.53975	0.074834
-3.3445	-0.51464	0.17454
-3.3445	-0.48954	0.21588
-3.3445	-0.46444	0.16411
-3.3445	-0.43933	0.074287
-3.3445	-0.41423	0.0097155
-3.3445	-0.38912	0.010794
-3.3445	-0.36402	0.05484
-3.3445	-0.33891	0.098222
-3.3445	-0.31381	0.10384
-3.3445	-0.2887	0.069961
-3.3445	-0.2636	0.024206
-3.3445	-0.21339	0.015409
-3.3445	-0.18828	0.047324
-3.3445	-0.16318	0.069056
-3.3445	-0.13808	0.059274
-3.3445	-0.11297	0.031487
-3.3445	-0.037657	0.020362
-3.3445	-0.012552	0.041552
-3.3445	0.012552	0.047343
-3.3445	0.037657	0.034505
-3.3445	0.062762	0.013247
-3.3445	0.13808	0.018976
-3.3445	0.16318	0.028895
-3.3445	0.18828	0.026198
-3.3445	0.21339	0.014413
-3.3445	0.31381	0.011188
-3.3445	0.33891	0.011675
-3.3445	0.51464	0.018378
-3.3445	0.53975	0.046032
-3.3445	0.56485	0.092192
-3.3445	0.58996	0.14706
-3.3445	0.61506	0.18519
-3.3445	0.64017	0.18631
-3.3445	0.66527	0.14968
-3.3445	0.69038	0.090437
-3.3445	0.71548	0.037821
-3.3445	0.79079	0.016181
-3.3445	0.8159	0.028513
-3.3445	0.841	0.029135
-3.3445	0.86611	0.01921
-3.3445	0.96653	0.0092908
-3.3445	0.99163	0.013411
-3.3445	1.0167	0.011667
-3.3194	-0.99163	0.016132
-3.3194	-0.96653	0.020706
-3.3194	-0.94142	0.016127
-3.3194	-0.86611	0.053241
-3.3194	-0.841	0.19954
-3.3194	-0.8159	0.46299
-3.3194	-0.79079	0.80551
-3.3194	-0.76569	1.1923
-3.3194	-0.74059	1.4751
-3.3194	-0.71548	1.548
-3.3194	-0.69038	1.3967
-3.3194	-0.66527	1.0607
-3.3194	-0.64017	0.63453
-3.3194	-0.61506	0.25421
-3.3194	-0.58996	0.05103
-3.3194	-0.56485	0.01076
-3.3194	-0.53975	0.072794
-3.3194	-0.51464	0.15083
-3.3194	-0.48954	0.1723
-3.3194	-0.46444	0.12481
-3.3194	-0.43933	0.051591
-3.3194	-0.38912	0.014394
-3.3194	-0.36402	0.057339
-3.3194	-0.33891	0.093795
-3.3194	-0.31381	0.093938
-3.3194	-0.2887	0.059034
-3.3194	-0.2636	0.018294
-3.3194	-0.21339	0.021251
-3.3194	-0.18828	0.05569
-3.3194	-0.16318	0.076447
-3.3194	-0.13808	0.062644
-3.3194	-0.11297	0.030234
-3.3194	-0.037657	0.031637
-3.3194	-0.012552	0.058717
-3.3194	0.012552	0.064502
-3.3194	0.037657	0.045224
-3.3194	0.062762	0.015977
-3.3194	0.11297	0.012207
-3.3194	0.13808	0.038801
-3.3194	0.16318	0.057833
-3.3194	0.18828	0.051443
-3.3194	0.21339	0.029144
-3.3194	0.2887	0.020169
-3.3194	0.31381	0.044451
-3.3194	0.33891	0.053069
-3.3194	0.36402	0.041084
-3.3194	0.38912	0.018149
-3.3194	0.43933	0.010764
-3.3194	0.46444	0.027578
-3.3194	0.48954	0.055672
-3.3194	0.51464	0.065646
-3.3194	0.53975	0.052157
-3.3194	0.56485	0.032551
-3.3194	0.58996	0.011661
-3.3194	0.61506	0.0097962
-3.3194	0.64017	0.01813
-3.3194	0.66527	0.021786
-3.3194	0.69038	0.019661
-3.3194	0.79079	0.0102
-3.3194	0.8159	0.017392
-3.3194	0.841	0.018264
-3.3194	0.86611	0.01248
-3.3194	0.96653	0.010157
-3.3194	0.99163	0.01422
-3.3194	1.0167	0.01214
-3.3194	1.1674	0.0091385
-3.2944	-0.99163	0.010837
-3.2944	-0.96653	0.012998
-3.2944	-0.94142	0.0091083
-3.2944	-0.86611	0.047328
-3.2944	-0.841	0.16493
-3.2944	-0.8159	0.35432
-3.2944	-0.79079	0.61033
-3.2944	-0.76569	0.88464
-3.2944	-0.74059	1.0784
-3.2944	-0.71548	1.1147
-3.2944	-0.69038	0.98888
-3.2944	-0.66527	0.73159
-3.2944	-0.64017	0.41247
-3.2944	-0.61506	0.15701
-3.2944	-0.58996	0.024821
-3.2944	-0.56485	0.013285
-3.2944	-0.53975	0.070536
-3.2944	-0.51464	0.12567
-3.2944	-0.48954	0.13591
-3.2944	-0.46444	0.090859
-3.2944	-0.43933	0.03222
-3.2944	-0.38912	0.017417
-3.2944	-0.36402	0.056838
-3.2944	-0.33891	0.0854
-3.2944	-0.31381	0.079651
-3.2944	-0.2887	0.045799
-3.2944	-0.2636	0.011231
-3.2944	-0.21339	0.02544
-3.2944	-0.18828	0.058418
-3.2944	-0.16318	0.074335
-3.2944	-0.13808	0.057096
-3.2944	-0.11297	0.024768
-3.2944	-0.062762	0.0097239
-3.2944	-0.037657	0.039618
-3.2944	-0.012552	0.067016
-3.2944	0.012552	0.070278
-3.2944	0.037657	0.045669
-3.2944	0.062762	0.014028
-3.2944	0.11297	0.021202
-3.2944	0.13808	0.054924
-3.2944	0.16318	0.078789
-3.2944	0.18828	0.067066
-3.2944	0.21339	0.034442
-3.2944	0.2887	0.041448
-3.2944	0.31381	0.0849
-3.2944	0.33891	0.10114
-3.2944	0.36402	0.076508
-3.2944	0.38912	0.031757
-3.2944	0.43933	0.039812
-3.2944	0.46444	0.12262
-3.2944	0.48954	0.25494
-3.2944	0.51464	0.36894
-3.2944	0.53975	0.40197
-3.2944	0.56485	0.36735
-3.2944	0.58996	0.28154
-3.2944	0.61506	0.16676
-3.2944	0.64017	0.089903
-3.2944	0.66527	0.033529
-3.2693	-0.86611	0.045156
-3.2693	-0.841	0.14163
-3.2693	-0.8159	0.30256
-3.2693	-0.79079	0.50916
-3.2693	-0.76569	0.71801
-3.2693	-0.74059	0.87227
-3.2693	-0.71548	0.88873
-3.2693	-0.69038	0.77677
-3.2693	-0.66527	0.55826
-3.2693	-0.64017	0.30344
-3.2693	-0.61506	0.1042
-3.2693	-0.58996	0.012402
-3.2693	-0.56485	0.017917
-3.2693	-0.53975	0.072849
-3.2693	-0.51464	0.1168
-3.2693	-0.48954	0.1181
-3.2693	-0.46444	0.073236
-3.2693	-0.43933	0.023188
-3.2693	-0.38912	0.022341
-3.2693	-0.36402	0.060637
-3.2693	-0.33891	0.083606
-3.2693	-0.31381	0.073305
-3.2693	-0.2887	0.03799
-3.2693	-0.21339	0.032083
-3.2693	-0.18828	0.064582
-3.2693	-0.16318	0.076915
-3.2693	-0.13808	0.054717
-3.2693	-0.11297	0.020805
-3.2693	-0.062762	0.014864
-3.2693	-0.037657	0.050845
-3.2693	-0.012552	0.078887
-3.2693	0.012552	0.077504
-3.2693	0.037657	0.045948
-3.2693	0.062762	0.011622
-3.2693	0.11297	0.032206
-3.2693	0.13808	0.077458
-3.2693	0.16318	0.10235
-3.2693	0.18828	0.08391
-3.2693	0.21339	0.038474
-3.2693	0.2636	0.015564
-3.2693	0.2887	0.072812
-3.2693	0.31381	0.13455
-3.2693	0.33891	0.15569
-3.2693	0.36402	0.11213
-3.2693	0.38912	0.040691
-3.2693	0.43933	0.097333
-3.2693	0.46444	0.29548
-3.2693	0.48954	0.59764
-3.2693	0.51464	0.89246
-3.2693	0.53975	1.0428
-3.2693	0.56485	1.0198
-3.2693	0.58996	0.86246
-3.2693	0.61506	0.60263
-3.2693	0.64017	0.36943
-3.2693	0.66527	0.16919
-3.2693	0.69038	0.057174
-3.2693	1.795	0.012404
-3.2693	1.8201	0.020904
-3.2693	1.8452	0.025312
-3.2693	1.8703	0.025034
-3.2693	1.8954	0.020815
-3.2693	1.9205	0.014017
-3.2443	-0.86611	0.043061
-3.2443	-0.841	0.12789
-3.2443	-0.8159	0.26769
-3.2443	-0.79079	0.44654
-3.2443	-0.76569	0.62867
-3.2443	-0.74059	0.75557
-3.2443	-0.71548	0.76369
-3.2443	-0.69038	0.66005
-3.2443	-0.66527	0.46385
-3.2443	-0.64017	0.24268
-3.2443	-0.61506	0.074024
-3.2443	-0.56485	0.02519
-3.2443	-0.53975	0.082001
-3.2443	-0.51464	0.12126
-3.2443	-0.48954	0.11352
-3.2443	-0.46444	0.065343
-3.2443	-0.43933	0.017163
-3.2443	-0.38912	0.030807
-3.2443	-0.36402	0.072216
-3.2443	-0.33891	0.092375
-3.2443	-0.31381	0.075595
-3.2443	-0.2887	0.034773
-3.2443	-0.23849	0.0090523
-3.2443	-0.21339	0.044589
-3.2443	-0.18828	0.08039
-3.2443	-0.16318	0.089324
-3.2443	-0.13808	0.058469
-3.2443	-0.11297	0.018992
-3.2443	-0.062762	0.027129
-3.2443	-0.037657	0.072077
-3.2443	-0.012552	0.10349
-3.2443	0.012552	0.094434
-3.2443	0.037657	0.050723
-3.2443	0.062762	0.010136
-3.2443	0.11297	0.056188
-3.2443	0.13808	0.11453
-3.2443	0.16318	0.14333
-3.2443	0.18828	0.10634
-3.2443	0.21339	0.043753
-3.2443	0.2636	0.034494
-3.2443	0.2887	0.13046
-3.2443	0.31381	0.22383
-3.2443	0.33891	0.24165
-3.2443	0.36402	0.16159
-3.2443	0.38912	0.048413
-3.2443	0.41423	0.013
-3.2443	0.43933	0.19562
-3.2443	0.46444	0.63319
-3.2443	0.48954	1.2316
-3.2443	0.51464	1.8244
-3.2443	0.53975	2.1538
-3.2443	0.56485	2.1677
-3.2443	0.58996	1.8339
-3.2443	0.61506	1.3518
-3.2443	0.64017	0.85352
-3.2443	0.66527	0.38636
-3.2443	0.69038	0.14053
-3.2443	0.71548	0.021646
-3.2443	0.76569	0.013837
-3.2443	0.79079	0.021667
-3.2443	0.8159	0.019535
-3.2443	0.841	0.011123
-3.2443	1.795	0.019614
-3.2443	1.8201	0.032757
-3.2443	1.8452	0.041595
-3.2443	1.8703	0.043484
-3.2443	1.8954	0.038849
-3.2443	1.9205	0.029257
-3.2443	1.9456	0.018121
-3.2443	1.9707	0.0092851
-3.2192	-0.86611	0.030099
-3.2192	-0.841	0.092609
-3.2192	-0.8159	0.18767
-3.2192	-0.79079	0.3151
-3.2192	-0.76569	0.45336
-3.2192	-0.74059	0.55075
-3.2192	-0.71548	0.56086
-3.2192	-0.69038	0.4907
-3.2192	-0.66527	0.34167
-3.2192	-0.64017	0.17049
-3.2192	-0.61506	0.046767
-3.2192	-0.56485	0.030843
-3.2192	-0.53975	0.086443
-3.2192	-0.51464	0.11809
-3.2192	-0.48954	0.10576
-3.2192	-0.46444	0.056405
-3.2192	-0.43933	0.012466
-3.2192	-0.38912	0.04068
-3.2192	-0.36402	0.087153
-3.2192	-0.33891	0.10453
-3.2192	-0.31381	0.079859
-3.2192	-0.2887	0.032336
-3.2192	-0.23849	0.017686
-3.2192	-0.21339	0.064591
-3.2192	-0.18828	0.1067
-3.2192	-0.16318	0.11094
-3.2192	-0.13808	0.067049
-3.2192	-0.11297	0.017791
-3.2192	-0.062762	0.044108
-3.2192	-0.037657	0.11128
-3.2192	-0.012552	0.14758
-3.2192	0.012552	0.12537
-3.2192	0.037657	0.059994
-3.2192	0.062762	0.0091244
-3.2192	0.087866	0.021179
-3.2192	0.11297	0.1016
-3.2192	0.13808	0.19091
-3.2192	0.16318	0.21984
-3.2192	0.18828	0.15105
-3.2192	0.21339	0.052389
-3.2192	0.2636	0.088306
-3.2192	0.2887	0.25087
-3.2192	0.31381	0.39663
-3.2192	0.33891	0.40174
-3.2192	0.36402	0.252
-3.2192	0.38912	0.057937
-3.2192	0.41423	0.05172
-3.2192	0.43933	0.52382
-3.2192	0.46444	1.3914
-3.2192	0.48954	2.6205
-3.2192	0.51464	3.7002
-3.2192	0.53975	4.4403
-3.2192	0.56485	4.4681
-3.2192	0.58996	3.778
-3.2192	0.61506	2.7977
-3.2192	0.64017	1.7501
-3.2192	0.66527	0.78976
-3.2192	0.69038	0.26346
-3.2192	0.71548	0.046177
-3.2192	0.76569	0.042633
-3.2192	0.79079	0.071772
-3.2192	0.8159	0.062206
-3.2192	0.841	0.03295
-3.2192	0.86611	0.010188
-3.2192	1.7699	0.010194
-3.2192	1.795	0.023989
-3.2192	1.8201	0.039376
-3.2192	1.8452	0.050619
-3.2192	1.8703	0.053792
-3.2192	1.8954	0.049088
-3.2192	1.9205	0.037845
-3.2192	1.9456	0.024319
-3.2192	1.9707	0.012861
-3.1942	-0.86611	0.011253
-3.1942	-0.841	0.034813
-3.1942	-0.8159	0.068655
-3.1942	-0.79079	0.13023
-3.1942	-0.76569	0.18322
-3.1942	-0.74059	0.23502
-3.1942	-0.71548	0.24593
-3.1942	-0.69038	0.22145
-3.1942	-0.66527	0.15415
-3.1942	-0.64017	0.079582
-3.1942	-0.61506	0.01715
-3.1942	-0.56485	0.024305
-3.1942	-0.53975	0.059724
-3.1942	-0.51464	0.077056
-3.1942	-0.48954	0.066185
-3.1942	-0.46444	0.03133
-3.1942	-0.38912	0.038322
-3.1942	-0.36402	0.075361
-3.1942	-0.33891	0.087192
-3.1942	-0.31381	0.062403
-3.1942	-0.2887	0.022013
-3.1942	-0.23849	0.02322
-3.1942	-0.21339	0.073412
-3.1942	-0.18828	0.11349
-3.1942	-0.16318	0.11259
-3.1942	-0.13808	0.063786
-3.1942	-0.11297	0.012969
-3.1942	-0.062762	0.066677
-3.1942	-0.037657	0.14825
-3.1942	-0.012552	0.18594
-3.1942	0.012552	0.14838
-3.1942	0.037657	0.062497
-3.1942	0.087866	0.042763
-3.1942	0.11297	0.16936
-3.1942	0.13808	0.29247
-3.1942	0.16318	0.32257
-3.1942	0.18828	0.20671
-3.1942	0.21339	0.057652
-3.1942	0.23849	0.016678
-3.1942	0.2636	0.18301
-3.1942	0.2887	0.47441
-3.1942	0.31381	0.69889
-3.1942	0.33891	0.6688
-3.1942	0.36402	0.38003
-3.1942	0.38912	0.063301
-3.1942	0.41423	0.17384
-3.1942	0.43933	1.2267
-3.1942	0.46444	3.1993
-3.1942	0.48954	5.6008
-3.1942	0.51464	7.8226
-3.1942	0.53975	9.3068
-3.1942	0.56485	9.2324
-3.1942	0.58996	7.935
-3.1942	0.61506	5.7598
-3.1942	0.64017	3.5321
-3.1942	0.66527	1.5615
-3.1942	0.69038	0.4937
-3.1942	0.71548	0.069292
-3.1942	0.74059	0.0262
-3.1942	0.76569	0.13287
-3.1942	0.79079	0.19732
-3.1942	0.8159	0.16716
-3.1942	0.841	0.087078
-3.1942	0.86611	0.022845
-3.1942	0.91632	0.01133
-3.1942	0.94142	0.025858
-3.1942	0.96653	0.029648
-3.1942	0.99163	0.021475
-3.1942	1.0167	0.0097791
-3.1942	1.7699	0.011987
-3.1942	1.795	0.027227
-3.1942	1.8201	0.043855
-3.1942	1.8452	0.056689
-3.1942	1.8703	0.06074
-3.1942	1.8954	0.055963
-3.1942	1.9205	0.043364
-3.1942	1.9456	0.02841
-3.1942	1.9707	0.014914
-3.1691	-0.8159	0.012537
-3.1691	-0.79079	0.026218
-3.1691	-0.76569	0.043485
-3.1691	-0.74059	0.058389
-3.1691	-0.71548	0.064958
-3.1691	-0.69038	0.059387
-3.1691	-0.66527	0.042693
-3.1691	-0.64017	0.019851
-3.1691	-0.56485	0.011649
-3.1691	-0.53975	0.025966
-3.1691	-0.51464	0.031763
-3.1691	-0.48954	0.02625
-3.1691	-0.46444	0.011785
-3.1691	-0.38912	0.023114
-3.1691	-0.36402	0.041125
-3.1691	-0.33891	0.044741
-3.1691	-0.31381	0.029845
-3.1691	-0.23849	0.018153
-3.1691	-0.21339	0.051797
-3.1691	-0.18828	0.073968
-3.1691	-0.16318	0.069805
-3.1691	-0.13808	0.035521
-3.1691	-0.087866	0.010679
-3.1691	-0.062762	0.060749
-3.1691	-0.037657	0.12188
-3.1691	-0.012552	0.14636
-3.1691	0.012552	0.11
-3.1691	0.037657	0.040362
-3.1691	0.087866	0.055349
-3.1691	0.11297	0.18381
-3.1691	0.13808	0.29939
-3.1691	0.16318	0.31436
-3.1691	0.18828	0.18973
-3.1691	0.21339	0.040213
-3.1691	0.23849	0.031987
-3.1691	0.2636	0.25947
-3.1691	0.2887	0.6338
-3.1691	0.31381	0.89289
-3.1691	0.33891	0.81764
-3.1691	0.36402	0.40834
-3.1691	0.38912	0.058706
-3.1691	0.41423	0.39493
-3.1691	0.43933	2.1584
-3.1691	0.46444	5.4427
-3.1691	0.48954	9.4801
-3.1691	0.51464	13.416
-3.1691	0.53975	15.853
-3.1691	0.56485	15.879
-3.1691	0.58996	13.627
-3.1691	0.61506	10.01
-3.1691	0.64017	5.9586
-3.1691	0.66527	2.7242
-3.1691	0.69038	0.77909
-3.1691	0.71548	0.084347
-3.1691	0.74059	0.09517
-3.1691	0.76569	0.34974
-3.1691	0.79079	0.46776
-3.1691	0.8159	0.38119
-3.1691	0.841	0.19204
-3.1691	0.86611	0.044148
-3.1691	0.91632	0.039001
-3.1691	0.94142	0.08214
-3.1691	0.96653	0.09087
-3.1691	0.99163	0.06471
-3.1691	1.0167	0.027382
-3.1691	1.0921	0.013019
-3.1691	1.1172	0.020684
-3.1691	1.1423	0.018249
-3.1691	1.1674	0.0096884
-3.1691	1.7699	0.012532
-3.1691	1.795	0.028068
-3.1691	1.8201	0.045593
-3.1691	1.8452	0.059636
-3.1691	1.8703	0.064924
-3.1691	1.8954	0.060685
-3.1691	1.9205	0.047556
-3.1691	1.9456	0.031199
-3.1691	1.9707	0.01629
-3.1441	-0.51464	0.010357
-3.1441	-0.38912	0.010835
-3.1441	-0.36402	0.018041
-3.1441	-0.33891	0.018542
-3.1441	-0.31381	0.011425
-3.1441	-0.23849	0.011451
-3.1441	-0.21339	0.027597
-3.1441	-0.18828	0.037269
-3.1441	-0.16318	0.032701
-3.1441	-0.13808	0.015008
-3.1441	-0.062762	0.038626
-3.1441	-0.037657	0.072039
-3.1441	-0.012552	0.080569
-3.1441	0.012552	0.055958
-3.1441	0.037657	0.016524
-3.1441	0.087866	0.045082
-3.1441	0.11297	0.12858
-3.1441	0.13808	0.196
-3.1441	0.16318	0.19413
-3.1441	0.18828	0.10621
-3.1441	0.21339	0.016323
-3.1441	0.23849	0.037468
-3.1441	0.2636	0.228
-3.1441	0.2887	0.51023
-3.1441	0.31381	0.68016
-3.1441	0.33891	0.58817
-3.1441	0.36402	0.2541
-3.1441	0.38912	0.045893
-3.1441	0.41423	0.49092
-3.1441	0.43933	2.3156
-3.1441	0.46444	5.4902
-3.1441	0.48954	9.5561
-3.1441	0.51464	13.44
-3.1441	0.53975	16.018
-3.1441	0.56485	16.193
-3.1441	0.58996	14.05
-3.1441	0.61506	10.346
-3.1441	0.64017	6.1921
-3.1441	0.66527	2.7489
-3.1441	0.69038	0.72787
-3.1441	0.71548	0.06425
-3.1441	0.74059	0.19015
-3.1441	0.76569	0.54752
-3.1441	0.79079	0.69571
-3.1441	0.8159	0.55045
-3.1441	0.841	0.26734
-3.1441	0.86611	0.049592
-3.1441	0.89121	0.011748
-3.1441	0.91632	0.08738
-3.1441	0.94142	0.17311
-3.1441	0.96653	0.18458
-3.1441	0.99163	0.12723
-3.1441	1.0167	0.049259
-3.1441	1.0669	0.010115
-3.1441	1.0921	0.041356
-3.1441	1.1172	0.061809
-3.1441	1.1423	0.054355
-3.1441	1.1674	0.029266
-3.1441	1.2678	0.017595
-3.1441	1.2929	0.019428
-3.1441	1.318	0.013718
-3.1441	1.795	0.021454
-3.1441	1.8201	0.037228
-3.1441	1.8452	0.05165
-3.1441	1.8703	0.059126
-3.1441	1.8954	0.057631
-3.1441	1.9205	0.046581
-3.1441	1.9456	0.031266
-3.1441	1.9707	0.016414
-3.119	-0.841	0.0090769
-3.119	-0.8159	0.010835
-3.119	-0.79079	0.010319
-3.119	-0.21339	0.014687
-3.119	-0.18828	0.018536
-3.119	-0.16318	0.015115
-3.119	-0.062762	0.024228
-3.119	-0.037657	0.041314
-3.119	-0.012552	0.043209
-3.119	0.012552	0.027025
-3.119	0.087866	0.033468
-3.119	0.11297	0.083543
-3.119	0.13808	0.11781
-3.119	0.16318	0.1088
-3.119	0.18828	0.052136
-3.119	0.23849	0.035044
-3.119	0.2636	0.16874
-3.119	0.2887	0.34717
-3.119	0.31381	0.43105
-3.119	0.33891	0.34253
-3.119	0.36402	0.12264
-3.119	0.38912	0.04325
-3.119	0.41423	0.45948
-3.119	0.43933	1.8444
-3.119	0.46444	4.1707
-3.119	0.48954	7.0781
-3.119	0.51464	9.7902
-3.119	0.53975	11.525
-3.119	0.56485	11.513
-3.119	0.58996	9.8742
-3.119	0.61506	7.1937
-3.119	0.64017	4.1866
-3.119	0.66527	1.7834
-3.119	0.69038	0.42245
-3.119	0.71548	0.039685
-3.119	0.74059	0.21445
-3.119	0.76569	0.50999
-3.119	0.79079	0.60662
-3.119	0.8159	0.45608
-3.119	0.841	0.2075
-3.119	0.86611	0.02888
-3.119	0.89121	0.019136
-3.119	0.91632	0.10835
-3.119	0.94142	0.19478
-3.119	0.96653	0.1992
-3.119	0.99163	0.13147
-3.119	1.0167	0.046584
-3.119	1.0669	0.019934
-3.119	1.0921	0.064984
-3.119	1.1172	0.092571
-3.119	1.1423	0.079567
-3.119	1.1674	0.0412
-3.119	1.2427	0.020096
-3.119	1.2678	0.040125
-3.119	1.2929	0.044379
-3.119	1.318	0.031659
-3.119	1.3431	0.012446
-3.119	1.4184	0.01241
-3.119	1.4435	0.01844
-3.119	1.4686	0.016202
-3.119	1.4937	0.0090768
-3.119	1.8201	0.009919
-3.119	1.8452	0.018656
-3.119	1.8703	0.027111
-3.119	1.8954	0.031248
-3.119	1.9205	0.0286
-3.119	1.9456	0.021291
-3.119	1.9707	0.011851
-3.0939	-0.86611	0.019576
-3.0939	-0.841	0.03375
-3.0939	-0.8159	0.044873
-3.0939	-0.79079	0.050122
-3.0939	-0.76569	0.047066
-3.0939	-0.74059	0.037451
-3.0939	-0.71548	0.024975
-3.0939	-0.69038	0.012522
-3.0939	-0.18828	0.0089264
-3.0939	-0.062762	0.01562
-3.0939	-0.037657	0.024597
-3.0939	-0.012552	0.024175
-3.0939	0.012552	0.01339
-3.0939	0.087866	0.025726
-3.0939	0.11297	0.057411
-3.0939	0.13808	0.075142
-3.0939	0.16318	0.064211
-3.0939	0.18828	0.026396
-3.0939	0.23849	0.033044
-3.0939	0.2636	0.13054
-3.0939	0.2887	0.24763
-3.0939	0.31381	0.2868
-3.0939	0.33891	0.20598
-3.0939	0.36402	0.057734
-3.0939	0.38912	0.050324
-3.0939	0.41423	0.42944
-3.0939	0.43933	1.5018
-3.0939	0.46444	3.26
-3.0939	0.48954	5.2876
-3.0939	0.51464	7.1294
-3.0939	0.53975	8.2548
-3.0939	0.56485	8.0846
-3.0939	0.58996	6.8062
-3.0939	0.61506	4.8143
-3.0939	0.64017	2.6956
-3.0939	0.66527	1.0794
-3.0939	0.69038	0.20722
-3.0939	0.71548	0.029601
-3.0939	0.74059	0.20663
-3.0939	0.76569	0.41686
-3.0939	0.79079	0.45959
-3.0939	0.8159	0.32502
-3.0939	0.841	0.13035
-3.0939	0.86611	0.012139
-3.0939	0.89121	0.024149
-3.0939	0.91632	0.10349
-3.0939	0.94142	0.16957
-3.0939	0.96653	0.16286
-3.0939	0.99163	0.10003
-3.0939	1.0167	0.030277
-3.0939	1.0669	0.025075
-3.0939	1.0921	0.067458
-3.0939	1.1172	0.090149
-3.0939	1.1423	0.07381
-3.0939	1.1674	0.035468
-3.0939	1.2427	0.026883
-3.0939	1.2678	0.049399
-3.0939	1.2929	0.052812
-3.0939	1.318	0.036114
-3.0939	1.3431	0.013004
-3.0939	1.4184	0.022474
-3.0939	1.4435	0.03291
-3.0939	1.4686	0.028862
-3.0939	1.4937	0.015916
-3.0939	1.5941	0.01717
-3.0939	1.6192	0.019778
-3.0939	1.6444	0.014847
-3.0939	1.7699	0.013271
-3.0939	1.795	0.01373
-3.0939	1.8201	0.010549
-3.0689	-0.89121	0.022238
-3.0689	-0.86611	0.048361
-3.0689	-0.841	0.081676
-3.0689	-0.8159	0.11581
-3.0689	-0.79079	0.1338
-3.0689	-0.76569	0.13222
-3.0689	-0.74059	0.11227
-3.0689	-0.71548	0.07985
-3.0689	-0.69038	0.043455
-3.0689	-0.66527	0.018413
-3.0689	-0.062762	0.0096316
-3.0689	-0.037657	0.014326
-3.0689	-0.012552	0.013362
-3.0689	0.087866	0.020209
-3.0689	0.11297	0.041111
-3.0689	0.13808	0.050365
-3.0689	0.16318	0.039753
-3.0689	0.18828	0.01363
-3.0689	0.23849	0.032679
-3.0689	0.2636	0.11039
-3.0689	0.2887	0.19022
-3.0689	0.31381	0.20529
-3.0689	0.33891	0.13247
-3.0689	0.36402	0.029234
-3.0689	0.38912	0.063446
-3.0689	0.41423	0.42375
-3.0689	0.43933	1.3328
-3.0689	0.46444	2.7523
-3.0689	0.48954	4.3463
-3.0689	0.51464	5.6917
-3.0689	0.53975	6.4388
-3.0689	0.56485	6.1853
-3.0689	0.58996	5.0667
-3.0689	0.61506	3.4878
-3.0689	0.64017	1.8718
-3.0689	0.66527	0.67686
-3.0689	0.69038	0.11343
-3.0689	0.71548	0.035463
-3.0689	0.74059	0.20421
-3.0689	0.76569	0.3537
-3.0689	0.79079	0.36514
-3.0689	0.8159	0.23773
-3.0689	0.841	0.084712
-3.0689	0.89121	0.029502
-3.0689	0.91632	0.10017
-3.0689	0.94142	0.14919
-3.0689	0.96653	0.13366
-3.0689	0.99163	0.074969
-3.0689	1.0167	0.018826
-3.0689	1.0669	0.029149
-3.0689	1.0921	0.067107
-3.0689	1.1172	0.082693
-3.0689	1.1423	0.063021
-3.0689	1.1674	0.026953
-3.0689	1.2427	0.030783
-3.0689	1.2678	0.05157
-3.0689	1.2929	0.052029
-3.0689	1.318	0.033104
-3.0689	1.3431	0.010485
-3.0689	1.3933	0.010464
-3.0689	1.4184	0.02882
-3.0689	1.4435	0.039895
-3.0689	1.4686	0.033804
-3.0689	1.4937	0.01721
-3.0689	1.569	0.014704
-3.0689	1.5941	0.028976
-3.0689	1.6192	0.033476
-3.0689	1.6444	0.025104
-3.0689	1.6695	0.0095392
-3.0689	1.7448	0.029471
-3.0689	1.7699	0.054436
-3.0689	1.795	0.07162
-3.0689	1.8201	0.075309
-3.0689	1.8452	0.064942
-3.0689	1.8703	0.046292
-3.0689	1.8954	0.025586
-3.0689	1.9205	0.01055
-3.0438	-0.91632	0.010931
-3.0438	-0.89121	0.039112
-3.0438	-0.86611	0.086037
-3.0438	-0.841	0.15215
-3.0438	-0.8159	0.2124
-3.0438	-0.79079	0.25592
-3.0438	-0.76569	0.26019
-3.0438	-0.74059	0.22734
-3.0438	-0.71548	0.16502
-3.0438	-0.69038	0.092674
-3.0438	-0.66527	0.03863
-3.0438	-0.56485	0.012141
-3.0438	-0.53975	0.01352
-3.0438	-0.51464	0.0095155
-3.0438	0.087866	0.015336
-3.0438	0.11297	0.028293
-3.0438	0.13808	0.033597
-3.0438	0.16318	0.024474
-3.0438	0.23849	0.032968
-3.0438	0.2636	0.093042
-3.0438	0.2887	0.15348
-3.0438	0.31381	0.15494
-3.0438	0.33891	0.090076
-3.0438	0.36402	0.014061
-3.0438	0.38912	0.078266
-3.0438	0.41423	0.44407
-3.0438	0.43933	1.2922
-3.0438	0.46444	2.5072
-3.0438	0.48954	3.8786
-3.0438	0.51464	5.0013
-3.0438	0.53975	5.5185
-3.0438	0.56485	5.1956
-3.0438	0.58996	4.1613
-3.0438	0.61506	2.7711
-3.0438	0.64017	1.4481
-3.0438	0.66527	0.4803
-3.0438	0.69038	0.059235
-3.0438	0.71548	0.048634
-3.0438	0.74059	0.21486
-3.0438	0.76569	0.33346
-3.0438	0.79079	0.31439
-3.0438	0.8159	0.18979
-3.0438	0.841	0.061187
-3.0438	0.89121	0.037203
-3.0438	0.91632	0.10394
-3.0438	0.94142	0.14135
-3.0438	0.96653	0.11793
-3.0438	0.99163	0.059549
-3.0438	1.0167	0.011866
-3.0438	1.0669	0.034901
-3.0438	1.0921	0.069773
-3.0438	1.1172	0.079588
-3.0438	1.1423	0.056172
-3.0438	1.1674	0.021489
-3.0438	1.2176	0.010395
-3.0438	1.2427	0.035857
-3.0438	1.2678	0.055055
-3.0438	1.2929	0.051801
-3.0438	1.318	0.030043
-3.0438	1.3933	0.014993
-3.0438	1.4184	0.035212
-3.0438	1.4435	0.045419
-3.0438	1.4686	0.035875
-3.0438	1.4937	0.016678
-3.0438	1.569	0.021924
-3.0438	1.5941	0.040088
-3.0438	1.6192	0.044056
-3.0438	1.6444	0.03149
-3.0438	1.6695	0.010639
-3.0438	1.7197	0.017293
-3.0438	1.7448	0.054987
-3.0438	1.7699	0.10796
-3.0438	1.795	0.14747
-3.0438	1.8201	0.16458
-3.0438	1.8452	0.15326
-3.0438	1.8703	0.12059
-3.0438	1.8954	0.078281
-3.0438	1.9205	0.044043
-3.0438	1.9456	0.018223
-3.0188	-0.91632	0.010322
-3.0188	-0.89121	0.03207
-3.0188	-0.86611	0.075466
-3.0188	-0.841	0.13838
-3.0188	-0.8159	0.20056
-3.0188	-0.79079	0.25161
-3.0188	-0.76569	0.26896
-3.0188	-0.74059	0.24491
-3.0188	-0.71548	0.18419
-3.0188	-0.69038	0.10608
-3.0188	-0.66527	0.042793
-3.0188	-0.58996	0.012995
-3.0188	-0.56485	0.025025
-3.0188	-0.53975	0.027057
-3.0188	-0.51464	0.017968
-3.0188	-0.38912	0.0092222
-3.0188	0.087866	0.008903
-3.0188	0.11297	0.016082
-3.0188	0.13808	0.018797
-3.0188	0.16318	0.013098
-3.0188	0.23849	0.030427
-3.0188	0.2636	0.079572
-3.0188	0.2887	0.12231
-3.0188	0.31381	0.11633
-3.0188	0.33891	0.060191
-3.0188	0.38912	0.10362
-3.0188	0.41423	0.47922
-3.0188	0.43933	1.3001
-3.0188	0.46444	2.4492
-3.0188	0.48954	3.7135
-3.0188	0.51464	4.6989
-3.0188	0.53975	5.1104
-3.0188	0.56485	4.7286
-3.0188	0.58996	3.7128
-3.0188	0.61506	2.3943
-3.0188	0.64017	1.1889
-3.0188	0.66527	0.34982
-3.0188	0.69038	0.027033
-3.0188	0.71548	0.074421
-3.0188	0.74059	0.24256
-3.0188	0.76569	0.33887
-3.0188	0.79079	0.29656
-3.0188	0.8159	0.16459
-3.0188	0.841	0.043207
-3.0188	0.89121	0.049165
-3.0188	0.91632	0.1171
-3.0188	0.94142	0.14652
-3.0188	0.96653	0.11179
-3.0188	0.99163	0.050899
-3.0188	1.0418	0.0099802
-3.0188	1.0669	0.044442
-3.0188	1.0921	0.07838
-3.0188	1.1172	0.08282
-3.0188	1.1423	0.054127
-3.0188	1.1674	0.017636
-3.0188	1.2176	0.01609
-3.0188	1.2427	0.04411
-3.0188	1.2678	0.062057
-3.0188	1.2929	0.05464
-3.0188	1.318	0.028488
-3.0188	1.3933	0.021387
-3.0188	1.4184	0.044489
-3.0188	1.4435	0.05333
-3.0188	1.4686	0.039197
-3.0188	1.4937	0.016127
-3.0188	1.5439	0.0096039
-3.0188	1.569	0.032364
-3.0188	1.5941	0.054158
-3.0188	1.6192	0.056695
-3.0188	1.6444	0.037168
-3.0188	1.6695	0.010669
-3.0188	1.7197	0.032766
-3.0188	1.7448	0.10019
-3.0188	1.7699	0.17921
-3.0188	1.795	0.24315
-3.0188	1.8201	0.27407
-3.0188	1.8452	0.25869
-3.0188	1.8703	0.2038
-3.0188	1.8954	0.1406
-3.0188	1.9205	0.078479
-3.0188	1.9456	0.035283
-3.0188	1.9707	0.011384
-2.9937	-0.89121	0.013827
-2.9937	-0.86611	0.030685
-2.9937	-0.841	0.054873
-2.9937	-0.8159	0.086131
-2.9937	-0.79079	0.11416
-2.9937	-0.76569	0.12556
-2.9937	-0.74059	0.11883
-2.9937	-0.71548	0.087775
-2.9937	-0.69038	0.052985
-2.9937	-0.66527	0.020399
-2.9937	-0.58996	0.011497
-2.9937	-0.56485	0.021468
-2.9937	-0.53975	0.022674
-2.9937	-0.51464	0.015522
-2.9937	-0.41423	0.0097626
-2.9937	-0.38912	0.014076
-2.9937	-0.36402	0.012879
-2.9937	0.23849	0.018888
-2.9937	0.2636	0.051051
-2.9937	0.2887	0.077627
-2.9937	0.31381	0.073395
-2.9937	0.33891	0.031933
-2.9937	0.38912	0.11198
-2.9937	0.41423	0.47855
-2.9937	0.43933	1.2435
-2.9937	0.46444	2.3374
-2.9937	0.48954	3.5191
-2.9937	0.51464	4.44
-2.9937	0.53975	4.8252
-2.9937	0.56485	4.4385
-2.9937	0.58996	3.4451
-2.9937	0.61506	2.1651
-2.9937	0.64017	1.0153
-2.9937	0.66527	0.26719
-2.9937	0.69038	0.013806
-2.9937	0.71548	0.10368
-2.9937	0.74059	0.29073
-2.9937	0.76569	0.36783
-2.9937	0.79079	0.30452
-2.9937	0.8159	0.15301
-2.9937	0.841	0.033195
-2.9937	0.89121	0.070735
-2.9937	0.91632	0.14348
-2.9937	0.94142	0.16524
-2.9937	0.96653	0.11908
-2.9937	0.99163	0.046307
-2.9937	1.0418	0.015942
-2.9937	1.0669	0.061077
-2.9937	1.0921	0.096329
-2.9937	1.1172	0.093774
-2.9937	1.1423	0.056605
-2.9937	1.1674	0.015163
-2.9937	1.2176	0.02499
-2.9937	1.2427	0.059381
-2.9937	1.2678	0.076289
-2.9937	1.2929	0.062305
-2.9937	1.318	0.028809
-2.9937	1.3933	0.032366
-2.9937	1.4184	0.059914
-2.9937	1.4435	0.066676
-2.9937	1.4686	0.046226
-2.9937	1.4937	0.015422
-2.9937	1.5439	0.015403
-2.9937	1.569	0.049282
-2.9937	1.5941	0.075724
-2.9937	1.6192	0.072995
-2.9937	1.6444	0.044249
-2.9937	1.6695	0.010606
-2.9937	1.7197	0.060537
-2.9937	1.7448	0.16799
-2.9937	1.7699	0.28856
-2.9937	1.795	0.38391
-2.9937	1.8201	0.42794
-2.9937	1.8452	0.40155
-2.9937	1.8703	0.31765
-2.9937	1.8954	0.2189
-2.9937	1.9205	0.12634
-2.9937	1.9456	0.056776
-2.9937	1.9707	0.016673
-2.9687	-0.841	0.013871
-2.9687	-0.8159	0.022836
-2.9687	-0.79079	0.031772
-2.9687	-0.76569	0.036946
-2.9687	-0.74059	0.036137
-2.9687	-0.71548	0.027232
-2.9687	-0.69038	0.016445
-2.9687	-0.56485	0.010224
-2.9687	-0.53975	0.010425
-2.9687	-0.38912	0.0095336
-2.9687	0.2636	0.0089227
-2.9687	0.2887	0.018641
-2.9687	0.31381	0.020173
-2.9687	0.38912	0.063824
-2.9687	0.41423	0.29087
-2.9687	0.43933	0.76786
-2.9687	0.46444	1.5451
-2.9687	0.48954	2.4205
-2.9687	0.51464	3.1666
-2.9687	0.53975	3.5752
-2.9687	0.56485	3.3885
-2.9687	0.58996	2.6487
-2.9687	0.61506	1.6852
-2.9687	0.64017	0.7849
-2.9687	0.66527	0.17512
-2.9687	0.69038	0.013904
-2.9687	0.71548	0.13934
-2.9687	0.74059	0.33072
-2.9687	0.76569	0.39408
-2.9687	0.79079	0.30513
-2.9687	0.8159	0.14096
-2.9687	0.841	0.023985
-2.9687	0.86611	0.015914
-2.9687	0.89121	0.10101
-2.9687	0.91632	0.18341
-2.9687	0.94142	0.197
-2.9687	0.96653	0.1315
-2.9687	0.99163	0.043848
-2.9687	1.0418	0.030949
-2.9687	1.0669	0.089807
-2.9687	1.0921	0.12855
-2.9687	1.1172	0.11687
-2.9687	1.1423	0.064075
-2.9687	1.1674	0.013714
-2.9687	1.2176	0.04146
-2.9687	1.2427	0.086122
-2.9687	1.2678	0.10362
-2.9687	1.2929	0.075934
-2.9687	1.318	0.03112
-2.9687	1.3682	0.015027
-2.9687	1.3933	0.052729
-2.9687	1.4184	0.087578
-2.9687	1.4435	0.090955
-2.9687	1.4686	0.058018
-2.9687	1.4937	0.015741
-2.9687	1.5439	0.029507
-2.9687	1.569	0.080976
-2.9687	1.5941	0.11369
-2.9687	1.6192	0.10331
-2.9687	1.6444	0.055176
-2.9687	1.6695	0.010164
-2.9687	1.6946	0.017108
-2.9687	1.7197	0.10958
-2.9687	1.7448	0.28999
-2.9687	1.7699	0.48068
-2.9687	1.795	0.6273
-2.9687	1.8201	0.68271
-2.9687	1.8452	0.63505
-2.9687	1.8703	0.49494
-2.9687	1.8954	0.33599
-2.9687	1.9205	0.18581
-2.9687	1.9456	0.079419
-2.9687	1.9707	0.022834
-2.9436	0.38912	0.010931
-2.9436	0.41423	0.039699
-2.9436	0.43933	0.13575
-2.9436	0.46444	0.34114
-2.9436	0.48954	0.61698
-2.9436	0.51464	0.91049
-2.9436	0.53975	1.1158
-2.9436	0.56485	1.1414
-2.9436	0.58996	0.97018
-2.9436	0.61506	0.64582
-2.9436	0.64017	0.31471
-2.9436	0.66527	0.058104
-2.9436	0.69038	0.01111
-2.9436	0.71548	0.10946
-2.9436	0.74059	0.23302
-2.9436	0.76569	0.27036
-2.9436	0.79079	0.20947
-2.9436	0.8159	0.085224
-2.9436	0.841	0.011294
-2.9436	0.86611	0.023676
-2.9436	0.89121	0.10942
-2.9436	0.91632	0.18694
-2.9436	0.94142	0.19249
-2.9436	0.96653	0.12116
-2.9436	0.99163	0.035223
-2.9436	1.0418	0.046896
-2.9436	1.0669	0.12123
-2.9436	1.0921	0.16151
-2.9436	1.1172	0.13813
-2.9436	1.1423	0.068486
-2.9436	1.1674	0.01183
-2.9436	1.1925	0.0097696
-2.9436	1.2176	0.067162
-2.9436	1.2427	0.12983
-2.9436	1.2678	0.14508
-2.9436	1.2929	0.098962
-2.9436	1.318	0.034022
-2.9436	1.3682	0.029267
-2.9436	1.3933	0.092087
-2.9436	1.4184	0.13827
-2.9436	1.4435	0.13301
-2.9436	1.4686	0.077283
-2.9436	1.4937	0.017801
-2.9436	1.5439	0.059749
-2.9436	1.569	0.14225
-2.9436	1.5941	0.18403
-2.9436	1.6192	0.15557
-2.9436	1.6444	0.072617
-2.9436	1.6695	0.010837
-2.9436	1.6946	0.045184
-2.9436	1.7197	0.22243
-2.9436	1.7448	0.52721
-2.9436	1.7699	0.85925
-2.9436	1.795	1.0905
-2.9436	1.8201	1.162
-2.9436	1.8452	1.0632
-2.9436	1.8703	0.81479
-2.9436	1.8954	0.54056
-2.9436	1.9205	0.29228
-2.9436	1.9456	0.12455
-2.9436	1.9707	0.031752
-2.9436	2.0711	0.010514
-2.9186	0.2636	0.010662
-2.9186	0.2887	0.0089936
-2.9186	0.48954	0.014504
-2.9186	0.51464	0.037733
-2.9186	0.53975	0.074726
-2.9186	0.56485	0.10212
-2.9186	0.58996	0.10617
-2.9186	0.61506	0.082955
-2.9186	0.64017	0.037762
-2.9186	0.71548	0.033731
-2.9186	0.74059	0.068199
-2.9186	0.76569	0.079091
-2.9186	0.79079	0.060951
-2.9186	0.8159	0.022436
-2.9186	0.86611	0.014885
-2.9186	0.89121	0.056286
-2.9186	0.91632	0.092642
-2.9186	0.94142	0.092869
-2.9186	0.96653	0.057011
-2.9186	0.99163	0.013233
-2.9186	1.0418	0.039057
-2.9186	1.0669	0.093863
-2.9186	1.0921	0.12129
-2.9186	1.1172	0.10137
-2.9186	1.1423	0.046494
-2.9186	1.1925	0.015762
-2.9186	1.2176	0.07846
-2.9186	1.2427	0.13989
-2.9186	1.2678	0.1508
-2.9186	1.2929	0.099144
-2.9186	1.318	0.028701
-2.9186	1.3682	0.050307
-2.9186	1.3933	0.13608
-2.9186	1.4184	0.19261
-2.9186	1.4435	0.17625
-2.9186	1.4686	0.092878
-2.9186	1.4937	0.016472
-2.9186	1.5188	0.016454
-2.9186	1.5439	0.11542
-2.9186	1.569	0.24378
-2.9186	1.5941	0.29923
-2.9186	1.6192	0.23366
-2.9186	1.6444	0.094947
-2.9186	1.6695	0.013337
-2.9186	1.6946	0.11583
-2.9186	1.7197	0.48434
-2.9186	1.7448	1.0394
-2.9186	1.7699	1.6311
-2.9186	1.795	2.0172
-2.9186	1.8201	2.113
-2.9186	1.8452	1.8963
-2.9186	1.8703	1.4426
-2.9186	1.8954	0.92123
-2.9186	1.9205	0.48986
-2.9186	1.9456	0.19449
-2.9186	1.9707	0.044417
-2.9186	2.046	0.018728
-2.9186	2.0711	0.021032
-2.9186	2.0962	0.014844
-2.8935	0.23849	0.011547
-2.8935	0.2636	0.015511
-2.8935	0.2887	0.013628
-2.8935	0.38912	0.023234
-2.8935	0.41423	0.049448
-2.8935	0.43933	0.073426
-2.8935	0.46444	0.083131
-2.8935	0.48954	0.075549
-2.8935	0.51464	0.053514
-2.8935	0.53975	0.028815
-2.8935	0.56485	0.011085
-2.8935	0.76569	0.010604
-2.8935	0.89121	0.015781
-2.8935	0.91632	0.024593
-2.8935	0.94142	0.024143
-2.8935	0.96653	0.013649
-2.8935	1.0418	0.017191
-2.8935	1.0669	0.036942
-2.8935	1.0921	0.045833
-2.8935	1.1172	0.036537
-2.8935	1.1423	0.015161
-2.8935	1.1925	0.011126
-2.8935	1.2176	0.044338
-2.8935	1.2427	0.074689
-2.8935	1.2678	0.077991
-2.8935	1.2929	0.048577
-2.8935	1.318	0.011156
-2.8935	1.3682	0.043315
-2.8935	1.3933	0.10638
-2.8935	1.4184	0.14543
-2.8935	1.4435	0.1294
-2.8935	1.4686	0.062836
-2.8935	1.5188	0.025833
-2.8935	1.5439	0.13624
-2.8935	1.569	0.26961
-2.8935	1.5941	0.32204
-2.8935	1.6192	0.24244
-2.8935	1.6444	0.084753
-2.8935	1.6695	0.019907
-2.8935	1.6946	0.21379
-2.8935	1.7197	0.78403
-2.8935	1.7448	1.6422
-2.8935	1.7699	2.5493
-2.8935	1.795	3.1667
-2.8935	1.8201	3.3362
-2.8935	1.8452	3.0025
-2.8935	1.8703	2.2899
-2.8935	1.8954	1.4708
-2.8935	1.9205	0.76788
-2.8935	1.9456	0.29548
-2.8935	1.9707	0.058851
-2.8935	2.0209	0.01865
-2.8935	2.046	0.040027
-2.8935	2.0711	0.041657
-2.8935	2.0962	0.027462
-2.8935	2.1213	0.011042
-2.8685	-0.86611	0.011558
-2.8685	-0.841	0.014726
-2.8685	-0.8159	0.015932
-2.8685	-0.79079	0.014588
-2.8685	-0.76569	0.011437
-2.8685	0.23849	0.012346
-2.8685	0.2636	0.016047
-2.8685	0.2887	0.013656
-2.8685	0.36402	0.0098851
-2.8685	0.38912	0.040517
-2.8685	0.41423	0.089279
-2.8685	0.43933	0.14476
-2.8685	0.46444	0.18421
-2.8685	0.48954	0.19808
-2.8685	0.51464	0.177
-2.8685	0.53975	0.13433
-2.8685	0.56485	0.084805
-2.8685	0.58996	0.042123
-2.8685	0.61506	0.01496
-2.8685	1.0669	0.011087
-2.8685	1.0921	0.013133
-2.8685	1.1172	0.0096914
-2.8685	1.2176	0.017213
-2.8685	1.2427	0.027645
-2.8685	1.2678	0.02732
-2.8685	1.2929	0.015304
-2.8685	1.3682	0.023006
-2.8685	1.3933	0.049824
-2.8685	1.4184	0.064229
-2.8685	1.4435	0.053807
-2.8685	1.4686	0.023115
-2.8685	1.5188	0.019867
-2.8685	1.5439	0.082001
-2.8685	1.569	0.15629
-2.8685	1.5941	0.1779
-2.8685	1.6192	0.12458
-2.8685	1.6444	0.035348
-2.8685	1.6695	0.020642
-2.8685	1.6946	0.19048
-2.8685	1.7197	0.63035
-2.8685	1.7448	1.3167
-2.8685	1.7699	2.0726
-2.8685	1.795	2.6243
-2.8685	1.8201	2.829
-2.8685	1.8452	2.6199
-2.8685	1.8703	2.03
-2.8685	1.8954	1.3282
-2.8685	1.9205	0.69966
-2.8685	1.9456	0.26802
-2.8685	1.9707	0.046208
-2.8685	2.0209	0.030486
-2.8685	2.046	0.05758
-2.8685	2.0711	0.057548
-2.8685	2.0962	0.03691
-2.8685	2.1213	0.013862
-2.8434	-0.89121	0.013049
-2.8434	-0.86611	0.019952
-2.8434	-0.841	0.025468
-2.8434	-0.8159	0.028036
-2.8434	-0.79079	0.026089
-2.8434	-0.76569	0.020918
-2.8434	-0.74059	0.013532
-2.8434	0.23849	0.011294
-2.8434	0.2636	0.014192
-2.8434	0.2887	0.01138
-2.8434	0.36402	0.013997
-2.8434	0.38912	0.053236
-2.8434	0.41423	0.11553
-2.8434	0.43933	0.18799
-2.8434	0.46444	0.2484
-2.8434	0.48954	0.27804
-2.8434	0.51464	0.26185
-2.8434	0.53975	0.21202
-2.8434	0.56485	0.14252
-2.8434	0.58996	0.079188
-2.8434	0.61506	0.030597
-2.8434	1.2427	0.0091217
-2.8434	1.3682	0.010105
-2.8434	1.3933	0.020877
-2.8434	1.4184	0.025282
-2.8434	1.4435	0.019849
-2.8434	1.5188	0.012088
-2.8434	1.5439	0.040625
-2.8434	1.569	0.072726
-2.8434	1.5941	0.077605
-2.8434	1.6192	0.051106
-2.8434	1.6444	0.010145
-2.8434	1.6695	0.015309
-2.8434	1.6946	0.12398
-2.8434	1.7197	0.35475
-2.8434	1.7448	0.71664
-2.8434	1.7699	1.1142
-2.8434	1.795	1.4
-2.8434	1.8201	1.5011
-2.8434	1.8452	1.3771
-2.8434	1.8703	1.0817
-2.8434	1.8954	0.69397
-2.8434	1.9205	0.37156
-2.8434	1.9456	0.12281
-2.8434	1.9707	0.018345
-2.8434	2.0209	0.025463
-2.8434	2.046	0.042528
-2.8434	2.0711	0.040366
-2.8434	2.0962	0.025083
-2.8184	-0.91632	0.0111
-2.8184	-0.89121	0.02103
-2.8184	-0.86611	0.032924
-2.8184	-0.841	0.04234
-2.8184	-0.8159	0.046338
-2.8184	-0.79079	0.043316
-2.8184	-0.76569	0.034792
-2.8184	-0.74059	0.022316
-2.8184	-0.71548	0.011297
-2.8184	0.23849	0.0091635
-2.8184	0.2636	0.011026
-2.8184	0.36402	0.017494
-2.8184	0.38912	0.060378
-2.8184	0.41423	0.12713
-2.8184	0.43933	0.20729
-2.8184	0.46444	0.27618
-2.8184	0.48954	0.31328
-2.8184	0.51464	0.30052
-2.8184	0.53975	0.24833
-2.8184	0.56485	0.17119
-2.8184	0.58996	0.094319
-2.8184	0.61506	0.036655
-2.8184	0.74059	0.0094804
-2.8184	1.4184	0.0094355
-2.8184	1.5439	0.019706
-2.8184	1.569	0.032824
-2.8184	1.5941	0.033377
-2.8184	1.6192	0.020108
-2.8184	1.6695	0.012895
-2.8184	1.6946	0.074312
-2.8184	1.7197	0.20467
-2.8184	1.7448	0.37878
-2.8184	1.7699	0.57663
-2.8184	1.795	0.71145
-2.8184	1.8201	0.74814
-2.8184	1.8452	0.68002
-2.8184	1.8703	0.52332
-2.8184	1.8954	0.32593
-2.8184	1.9205	0.16951
-2.8184	1.9456	0.0502
-2.8184	2.0209	0.015902
-2.8184	2.046	0.024089
-2.8184	2.0711	0.021449
-2.8184	2.0962	0.012457
-2.7933	-0.91632	0.013397
-2.7933	-0.89121	0.026056
-2.7933	-0.86611	0.040972
-2.7933	-0.841	0.054457
-2.7933	-0.8159	0.06154
-2.7933	-0.79079	0.059462
-2.7933	-0.76569	0.047822
-2.7933	-0.74059	0.031386
-2.7933	-0.71548	0.015449
-2.7933	0.36402	0.018994
-2.7933	0.38912	0.060261
-2.7933	0.41423	0.12527
-2.7933	0.43933	0.20382
-2.7933	0.46444	0.27328
-2.7933	0.48954	0.31241
-2.7933	0.51464	0.30231
-2.7933	0.53975	0.25226
-2.7933	0.56485	0.17434
-2.7933	0.58996	0.095601
-2.7933	0.61506	0.035559
-2.7933	0.71548	0.013596
-2.7933	0.74059	0.014281
-2.7933	0.76569	0.0093495
-2.7933	1.5439	0.0089023
-2.7933	1.569	0.014313
-2.7933	1.5941	0.014084
-2.7933	1.6695	0.0093697
-2.7933	1.6946	0.044118
-2.7933	1.7197	0.11443
-2.7933	1.7448	0.21279
-2.7933	1.7699	0.30479
-2.7933	1.795	0.36791
-2.7933	1.8201	0.38524
-2.7933	1.8452	0.34479
-2.7933	1.8703	0.26174
-2.7933	1.8954	0.1596
-2.7933	1.9205	0.073469
-2.7933	1.9456	0.024264
-2.7933	2.0209	0.010184
-2.7933	2.046	0.014
-2.7933	2.0711	0.011513
-2.7683	-0.89121	0.014777
-2.7683	-0.86611	0.023591
-2.7683	-0.841	0.032498
-2.7683	-0.8159	0.039461
-2.7683	-0.79079	0.039657
-2.7683	-0.76569	0.034279
-2.7683	-0.74059	0.022964
-2.7683	-0.71548	0.011795
-2.7683	0.36402	0.016981
-2.7683	0.38912	0.053274
-2.7683	0.41423	0.10809
-2.7683	0.43933	0.177
-2.7683	0.46444	0.24146
-2.7683	0.48954	0.28035
-2.7683	0.51464	0.27442
-2.7683	0.53975	0.23161
-2.7683	0.56485	0.15955
-2.7683	0.58996	0.087009
-2.7683	0.61506	0.030441
-2.7683	0.69038	0.010532
-2.7683	0.71548	0.01769
-2.7683	0.74059	0.017779
-2.7683	0.76569	0.010894
-2.7683	1.6946	0.02427
-2.7683	1.7197	0.060728
-2.7683	1.7448	0.11029
-2.7683	1.7699	0.15731
-2.7683	1.795	0.19098
-2.7683	1.8201	0.19705
-2.7683	1.8452	0.17511
-2.7683	1.8703	0.12663
-2.7683	1.8954	0.078323
-2.7683	1.9205	0.034077
-2.7683	1.9456	0.010495
-2.7432	-0.841	0.011283
-2.7432	-0.8159	0.014043
-2.7432	-0.79079	0.01434
-2.7432	-0.76569	0.012183
-2.7432	0.36402	0.010385
-2.7432	0.38912	0.031482
-2.7432	0.41423	0.070574
-2.7432	0.43933	0.12357
-2.7432	0.46444	0.17402
-2.7432	0.48954	0.21164
-2.7432	0.51464	0.21396
-2.7432	0.53975	0.18547
-2.7432	0.56485	0.13089
-2.7432	0.58996	0.06933
-2.7432	0.61506	0.023198
-2.7432	0.69038	0.013342
-2.7432	0.71548	0.020705
-2.7432	0.74059	0.019862
-2.7432	0.76569	0.01172
-2.7432	1.6946	0.0098878
-2.7432	1.7197	0.026874
-2.7432	1.7448	0.046526
-2.7432	1.7699	0.071329
-2.7432	1.795	0.088285
-2.7432	1.8201	0.092462
-2.7432	1.8452	0.082654
-2.7432	1.8703	0.062251
-2.7432	1.8954	0.036003
-2.7432	1.9205	0.016319
-2.7182	0.38912	0.012836
-2.7182	0.41423	0.023017
-2.7182	0.43933	0.042734
-2.7182	0.46444	0.068749
-2.7182	0.48954	0.097079
-2.7182	0.51464	0.11004
-2.7182	0.53975	0.10647
-2.7182	0.56485	0.077255
-2.7182	0.58996	0.04349
-2.7182	0.61506	0.014346
-2.7182	0.69038	0.014467
-2.7182	0.71548	0.021198
-2.7182	0.74059	0.019792
-2.7182	0.76569	0.011069
-2.7182	0.86611	0.0096398
-2.7182	0.89121	0.011575
-2.7182	0.91632	0.0089142
-2.7182	1.7448	0.012699
-2.7182	1.7699	0.021999
-2.7182	1.795	0.029365
-2.7182	1.8201	0.033102
-2.7182	1.8452	0.031206
-2.7182	1.8703	0.023243
-2.7182	1.8954	0.014512
-2.6931	0.21339	0.01341
-2.6931	0.23849	0.015349
-2.6931	0.2636	0.010737
-2.6931	0.33891	0.009909
-2.6931	0.36402	0.030599
-2.6931	0.38912	0.053258
-2.6931	0.41423	0.071321
-2.6931	0.43933	0.073093
-2.6931	0.46444	0.061301
-2.6931	0.48954	0.047992
-2.6931	0.51464	0.03731
-2.6931	0.53975	0.028434
-2.6931	0.56485	0.021014
-2.6931	0.58996	0.014121
-2.6931	0.69038	0.00952
-2.6931	0.71548	0.014477
-2.6931	0.74059	0.014089
-2.6931	0.86611	0.011538
-2.6931	0.89121	0.01331
-2.6931	0.91632	0.0098116
-2.6931	1.0418	0.0097466
-2.6931	1.0669	0.0092325
-2.6681	0.21339	0.012593
-2.6681	0.23849	0.014099
-2.6681	0.2636	0.0094704
-2.6681	0.33891	0.017821
-2.6681	0.36402	0.054251
-2.6681	0.38912	0.10548
-2.6681	0.41423	0.15651
-2.6681	0.43933	0.18583
-2.6681	0.46444	0.18591
-2.6681	0.48954	0.15767
-2.6681	0.51464	0.11172
-2.6681	0.53975	0.064646
-2.6681	0.56485	0.030543
-2.6681	0.58996	0.01095
-2.6681	1.0418	0.011912
-2.6681	1.0669	0.011014
-2.6681	1.1925	0.011166
-2.6681	1.2176	0.012223
-2.6681	1.3682	0.011127
-2.6681	1.3933	0.010308
-2.6681	1.5439	0.0099393
-2.6681	1.6946	0.013514
-2.6681	1.7197	0.0176
-2.6681	1.7448	0.017578
-2.6681	1.7699	0.013963
-2.643	0.21339	0.0096686
-2.643	0.23849	0.010192
-2.643	0.33891	0.01987
-2.643	0.36402	0.056832
-2.643	0.38912	0.1107
-2.643	0.41423	0.16687
-2.643	0.43933	0.20648
-2.643	0.46444	0.21777
-2.643	0.48954	0.19694
-2.643	0.51464	0.14956
-2.643	0.53975	0.094626
-2.643	0.56485	0.04746
-2.643	0.58996	0.016765
-2.643	1.1925	0.011474
-2.643	1.2176	0.012599
-2.643	1.3431	0.013817
-2.643	1.3682	0.019601
-2.643	1.3933	0.017634
-2.643	1.4184	0.0090216
-2.643	1.4937	0.010914
-2.643	1.5188	0.021925
-2.643	1.5439	0.025559
-2.643	1.569	0.019475
-2.643	1.6695	0.029803
-2.643	1.6946	0.059051
-2.643	1.7197	0.0856
-2.643	1.7448	0.095244
-2.643	1.7699	0.089743
-2.643	1.795	0.07026
-2.643	1.8201	0.046796
-2.643	1.8452	0.024541
-2.643	1.8703	0.011439
-2.618	0.33891	0.019234
-2.618	0.36402	0.051344
-2.618	0.38912	0.098448
-2.618	0.41423	0.1471
-2.618	0.43933	0.18261
-2.618	0.46444	0.19457
-2.618	0.48954	0.1784
-2.618	0.51464	0.13717
-2.618	0.53975	0.088093
-2.618	0.56485	0.044089
-2.618	0.58996	0.015083
-2.618	1.3431	0.010054
-2.618	1.3682	0.014291
-2.618	1.3933	0.013314
-2.618	1.4937	0.016557
-2.618	1.5188	0.032064
-2.618	1.5439	0.03793
-2.618	1.569	0.028915
-2.618	1.5941	0.01055
-2.618	1.6444	0.021429
-2.618	1.6695	0.083065
-2.618	1.6946	0.16055
-2.618	1.7197	0.23907
-2.618	1.7448	0.28342
-2.618	1.7699	0.28139
-2.618	1.795	0.23262
-2.618	1.8201	0.1653
-2.618	1.8452	0.096149
-2.618	1.8703	0.048916
-2.618	1.8954	0.017051
-2.5929	-0.89121	0.0092498
-2.5929	-0.86611	0.010727
-2.5929	-0.841	0.010416
-2.5929	0.33891	0.016953
-2.5929	0.36402	0.043249
-2.5929	0.38912	0.080264
-2.5929	0.41423	0.11805
-2.5929	0.43933	0.14617
-2.5929	0.46444	0.15513
-2.5929	0.48954	0.14217
-2.5929	0.51464	0.10876
-2.5929	0.53975	0.0695
-2.5929	0.56485	0.033797
-2.5929	0.58996	0.010918
-2.5929	1.4937	0.0090854
-2.5929	1.5188	0.016503
-2.5929	1.5439	0.019921
-2.5929	1.569	0.014857
-2.5929	1.6444	0.023293
-2.5929	1.6695	0.083762
-2.5929	1.6946	0.18144
-2.5929	1.7197	0.27992
-2.5929	1.7448	0.35797
-2.5929	1.7699	0.38685
-2.5929	1.795	0.3473
-2.5929	1.8201	0.2697
-2.5929	1.8452	0.17309
-2.5929	1.8703	0.088135
-2.5929	1.8954	0.032
-2.5678	-0.89121	0.011673
-2.5678	-0.86611	0.013754
-2.5678	-0.841	0.013586
-2.5678	-0.8159	0.011491
-2.5678	0.33891	0.01377
-2.5678	0.36402	0.032815
-2.5678	0.38912	0.05978
-2.5678	0.41423	0.086523
-2.5678	0.43933	0.10617
-2.5678	0.46444	0.11274
-2.5678	0.48954	0.10265
-2.5678	0.51464	0.079078
-2.5678	0.53975	0.049204
-2.5678	0.56485	0.023641
-2.5678	1.6444	0.011565
-2.5678	1.6695	0.041326
-2.5678	1.6946	0.080909
-2.5678	1.7197	0.13356
-2.5678	1.7448	0.17378
-2.5678	1.7699	0.19865
-2.5678	1.795	0.19071
-2.5678	1.8201	0.15491
-2.5678	1.8452	0.10342
-2.5678	1.8703	0.053652
-2.5678	1.8954	0.021089
-2.5428	-0.89121	0.011058
-2.5428	-0.86611	0.013491
-2.5428	-0.841	0.013887
-2.5428	-0.8159	0.012009
-2.5428	0.33891	0.0090158
-2.5428	0.36402	0.021667
-2.5428	0.38912	0.037716
-2.5428	0.41423	0.056326
-2.5428	0.43933	0.068963
-2.5428	0.46444	0.073271
-2.5428	0.48954	0.066807
-2.5428	0.51464	0.049836
-2.5428	0.53975	0.031268
-2.5428	0.56485	0.013831
-2.5428	1.6695	0.014269
-2.5428	1.6946	0.028063
-2.5428	1.7197	0.045269
-2.5428	1.7448	0.059055
-2.5428	1.7699	0.069002
-2.5428	1.795	0.067169
-2.5428	1.8201	0.054173
-2.5428	1.8452	0.037058
-2.5428	1.8703	0.021424
-2.5177	-0.89121	0.0094827
-2.5177	-0.86611	0.010378
-2.5177	-0.841	0.010028
-2.5177	0.36402	0.010877
-2.5177	0.38912	0.020532
-2.5177	0.41423	0.029947
-2.5177	0.43933	0.037604
-2.5177	0.46444	0.04024
-2.5177	0.48954	0.036891
-2.5177	0.51464	0.028638
-2.5177	0.53975	0.017278
-2.5177	1.7197	0.011713
-2.5177	1.7448	0.015626
-2.5177	1.7699	0.019213
-2.5177	1.795	0.019305
-2.5177	1.8201	0.015948
-2.5177	1.8452	0.010977
-2.4927	-0.94142	0.013946
-2.4927	-0.91632	0.018531
-2.4927	-0.89121	0.020662
-2.4927	-0.86611	0.019428
-2.4927	-0.841	0.015613
-2.4927	-0.8159	0.010172
-2.4927	0.41423	0.010553
-2.4927	0.43933	0.014122
-2.4927	0.46444	0.016212
-2.4927	0.48954	0.015489
-2.4927	0.51464	0.011907
-2.4676	-0.96653	0.0098705
-2.4676	-0.94142	0.016513
-2.4676	-0.91632	0.022765
-2.4676	-0.89121	0.026579
-2.4676	-0.86611	0.026594
-2.4676	-0.841	0.022309
-2.4676	-0.8159	0.015685
-2.4426	-0.96653	0.0097426
-2.4426	-0.94142	0.016078
-2.4426	-0.91632	0.022057
-2.4426	-0.89121	0.025812
-2.4426	-0.86611	0.026058
-2.4426	-0.841	0.022078
-2.4426	-0.8159	0.015704
-2.4175	-0.94142	0.014217
-2.4175	-0.91632	0.019276
-2.4175	-0.89121	0.022361
-2.4175	-0.86611	0.022426
-2.4175	-0.841	0.018858
-2.4175	-0.8159	0.013233
-2.4175	0.31381	0.010873
-2.4175	0.33891	0.020831
-2.4175	0.36402	0.02963
-2.4175	0.38912	0.033828
-2.4175	0.41423	0.032679
-2.4175	0.43933	0.026411
-2.4175	0.46444	0.018085
-2.4175	0.48954	0.01024
-2.3925	-0.94142	0.011639
-2.3925	-0.91632	0.015487
-2.3925	-0.89121	0.017807
-2.3925	-0.86611	0.017658
-2.3925	-0.841	0.01463
-2.3925	-0.8159	0.010079
-2.3925	0.16318	0.010873
-2.3925	0.18828	0.011546
-2.3925	0.2887	0.010328
-2.3925	0.31381	0.033169
-2.3925	0.33891	0.05987
-2.3925	0.36402	0.08707
-2.3925	0.38912	0.10017
-2.3925	0.41423	0.099616
-2.3925	0.43933	0.083012
-2.3925	0.46444	0.060753
-2.3925	0.48954	0.036141
-2.3925	0.51464	0.017916
-2.3925	1.6946	0.0094484
-2.3925	1.7197	0.010574
-2.3925	1.7448	0.010016
-2.3674	-0.91632	0.011483
-2.3674	-0.89121	0.013055
-2.3674	-0.86611	0.012798
-2.3674	-0.841	0.010493
-2.3674	0.2887	0.021332
-2.3674	0.31381	0.066857
-2.3674	0.33891	0.12635
-2.3674	0.36402	0.19184
-2.3674	0.38912	0.2272
-2.3674	0.41423	0.23491
-2.3674	0.43933	0.2026
-2.3674	0.46444	0.14757
-2.3674	0.48954	0.089257
-2.3674	0.51464	0.043057
-2.3674	0.53975	0.014548
-2.3674	1.6946	0.010087
-2.3674	1.7197	0.011283
-2.3674	1.7448	0.01073
-2.3424	0.2887	0.010719
-2.3424	0.31381	0.034193
-2.3424	0.33891	0.086999
-2.3424	0.36402	0.14742
-2.3424	0.38912	0.21172
-2.3424	0.41423	0.25282
-2.3424	0.43933	0.25577
-2.3424	0.46444	0.21087
-2.3424	0.48954	0.14214
-2.3424	0.51464	0.072892
-2.3424	0.53975	0.025036
-2.3424	1.6946	0.0093267
-2.3424	1.7197	0.010412
-2.3424	1.7448	0.0098841
-2.3173	0.33891	0.01568
-2.3173	0.36402	0.030683
-2.3173	0.38912	0.049699
-2.3173	0.41423	0.063885
-2.3173	0.43933	0.073589
-2.3173	0.46444	0.072019
-2.3173	0.48954	0.057727
-2.3173	0.51464	0.037065
-2.3173	0.53975	0.012607
-2.3173	0.64017	0.012533
-2.3173	0.66527	0.012204
-2.2923	0.36402	0.0095718
-2.2923	0.38912	0.010807
-2.2923	0.41423	0.012376
-2.2923	0.43933	0.012636
-2.2923	0.46444	0.01135
-2.2923	0.48954	0.0090852
-2.2672	0.31381	0.0094878
-2.2672	0.33891	0.014212
-2.2672	0.36402	0.01703
-2.2672	0.38912	0.016963
-2.2672	0.41423	0.014675
-2.2672	0.43933	0.010634
-2.2422	0.31381	0.015435
-2.2422	0.33891	0.0227
-2.2422	0.36402	0.027735
-2.2422	0.38912	0.028384
-2.2422	0.41423	0.025101
-2.2422	0.43933	0.018648
-2.2422	0.46444	0.011786
-2.2171	0.2887	0.010167
-2.2171	0.31381	0.019409
-2.2171	0.33891	0.02859
-2.2171	0.36402	0.035008
-2.2171	0.38912	0.036297
-2.2171	0.41423	0.032602
-2.2171	0.43933	0.024787
-2.2171	0.46444	0.015609
-2.1921	0.2887	0.011314
-2.1921	0.31381	0.020965
-2.1921	0.33891	0.0306
-2.1921	0.36402	0.037344
-2.1921	0.38912	0.038723
-2.1921	0.41423	0.034861
-2.1921	0.43933	0.026495
-2.1921	0.46444	0.016767
-2.1921	1.6192	0.010844
-2.1921	1.6444	0.016166
-2.1921	1.6695	0.018497
-2.1921	1.6946	0.017371
-2.1921	1.7197	0.013411
-2.167	0.2887	0.011107
-2.167	0.31381	0.019989
-2.167	0.33891	0.028805
-2.167	0.36402	0.034878
-2.167	0.38912	0.036001
-2.167	0.41423	0.032278
-2.167	0.43933	0.024382
-2.167	0.46444	0.015257
-2.167	1.6444	0.012147
-2.167	1.6695	0.01637
-2.167	1.6946	0.018651
-2.167	1.7197	0.017903
-2.167	1.7448	0.014404
-2.167	1.7699	0.0095971
-2.142	0.2887	0.0097079
-2.142	0.31381	0.017065
-2.142	0.33891	0.024162
-2.142	0.36402	0.029009
-2.142	0.38912	0.02977
-2.142	0.41423	0.026486
-2.142	0.43933	0.019794
-2.142	0.46444	0.012207
-2.1169	0.31381	0.012893
-2.1169	0.33891	0.018338
-2.1169	0.36402	0.02167
-2.1169	0.38912	0.022064
-2.1169	0.41423	0.019467
-2.1169	0.43933	0.014502
-2.0919	0.33891	0.012359
-2.0919	0.36402	0.014508
-2.0919	0.38912	0.014659
-2.0919	0.41423	0.012793
-2.0919	0.43933	0.0092636
-1.2651	0.16318	0.015556
-1.2651	0.18828	0.029396
-1.2651	0.21339	0.052051
-1.2651	0.23849	0.078841
-1.2651	0.2636	0.10017
-1.2651	0.2887	0.10319
-1.2651	0.31381	0.084927
-1.2651	0.33891	0.039066
-1.2651	0.36402	0.012201
-1.2651	0.43933	0.015124
-1.2651	0.46444	0.018343
-1.2651	0.48954	0.014669
-1.2401	0.087866	0.014933
-1.2401	0.11297	0.07007
-1.2401	0.13808	0.10254
-1.2401	0.16318	0.097757
-1.2401	0.18828	0.11467
-1.2401	0.21339	0.097395
-1.2401	0.23849	0.066749
-1.2401	0.2636	0.053093
-1.2401	0.2887	0.027235
-1.2401	0.31381	0.014056
-1.215	-0.012552	0.015775
-1.215	0.16318	0.0089323
-1.215	0.18828	0.0097002
-1.215	0.21339	0.0093229
-1.0898	1.4435	0.016411
-1.0898	1.4686	0.022823
-1.0898	1.4937	0.016782
-1.0647	1.4937	0.011094
-1.0647	1.5188	0.019301
-1.0647	1.5439	0.020086
-1.0647	1.569	0.009041
0.38831	-1.0167	0.010041
0.43841	-0.99163	0.01022
0.51357	-0.96653	0.012757
0.63883	-0.89121	0.032518
0.66388	-0.86611	0.057473
0.68894	-0.841	0.023103
0.71399	-0.841	0.031457
0.71399	-0.8159	0.011297
0.73904	-0.8159	0.12676
0.76409	-0.8159	0.0148
0.76409	-0.79079	0.18455
0.78914	-0.79079	0.016149
0.78914	-0.76569	0.030994
0.83925	-0.71548	0.0242
0.8643	-0.71548	0.026414
0.8643	-0.69038	0.1621
0.88935	-0.69038	0.043409
0.88935	-0.66527	0.3101
0.88935	-0.64017	0.013082
0.91441	-0.66527	0.06062
0.91441	-0.64017	0.098058
0.91441	-0.18828	0.01085
0.91441	-0.16318	0.011242
0.91441	-0.13808	0.0098313
0.93946	-0.23849	0.011016
0.93946	-0.21339	0.015532
0.93946	-0.18828	0.018379
0.93946	-0.16318	0.018884
0.93946	-0.13808	0.016483
0.93946	-0.11297	0.012408
0.96451	-0.58996	0.074026
0.96451	-0.56485	0.076796
0.96451	-0.2636	0.01007
0.96451	-0.23849	0.017192
0.96451	-0.21339	0.023695
0.96451	-0.18828	0.027544
0.96451	-0.16318	0.027887
0.96451	-0.13808	0.024099
0.96451	-0.11297	0.017969
0.96451	-0.087866	0.011193
0.98956	-0.56485	0.024752
0.98956	-0.53975	0.26026
0.98956	-0.51464	0.022954
0.98956	-0.2636	0.015321
0.98956	-0.23849	0.024983
0.98956	-0.21339	0.03331
0.98956	-0.18828	0.037774
0.98956	-0.16318	0.037493
0.98956	-0.13808	0.031763
0.98956	-0.11297	0.023348
0.98956	-0.087866	0.014087
1.0146	-0.51464	0.026753
1.0146	-0.2887	0.011065
1.0146	-0.2636	0.02242
1.0146	-0.23849	0.034267
1.0146	-0.21339	0.044089
1.0146	-0.18828	0.048578
1.0146	-0.16318	0.046951
1.0146	-0.13808	0.038801
1.0146	-0.11297	0.027917
1.0146	-0.087866	0.01629
1.0397	-0.46444	0.059189
1.0397	-0.43933	0.047814
1.0397	-0.41423	0.017243
1.0397	-0.2887	0.017485
1.0397	-0.2636	0.031765
1.0397	-0.23849	0.046118
1.0397	-0.21339	0.0563
1.0397	-0.18828	0.05959
1.0397	-0.16318	0.055883
1.0397	-0.13808	0.044769
1.0397	-0.11297	0.031036
1.0397	-0.087866	0.017615
1.0647	-0.43933	0.093982
1.0647	-0.41423	0.15132
1.0647	-0.38912	0.074473
1.0647	-0.31381	0.013258
1.0647	-0.2887	0.029563
1.0647	-0.2636	0.04741
1.0647	-0.23849	0.062766
1.0647	-0.21339	0.071737
1.0647	-0.18828	0.072017
1.0647	-0.16318	0.064678
1.0647	-0.13808	0.049842
1.0647	-0.11297	0.03319
1.0647	-0.087866	0.017956
1.0898	-0.41423	0.015126
1.0898	-0.38912	0.059417
1.0898	-0.36402	0.027313
1.0898	-0.33891	0.026577
1.0898	-0.31381	0.044928
1.0898	-0.2887	0.064306
1.0898	-0.2636	0.082273
1.0898	-0.23849	0.09313
1.0898	-0.21339	0.096994
1.0898	-0.18828	0.089083
1.0898	-0.16318	0.075282
1.0898	-0.13808	0.055637
1.0898	-0.11297	0.034655
1.0898	-0.087866	0.017624
1.1148	-0.33891	0.062136
1.1148	-0.31381	1.0655
1.1148	-0.2887	0.47294
1.1148	-0.2636	0.27571
1.1148	-0.23849	0.1953
1.1148	-0.21339	0.15914
1.1148	-0.18828	0.12786
1.1148	-0.16318	0.09401
1.1148	-0.13808	0.064348
1.1148	-0.11297	0.036661
1.1148	-0.087866	0.017218
1.1148	1.0669	0.011657
1.1148	1.0921	0.015262
1.1148	1.1172	0.018261
1.1148	1.1423	0.018226
1.1148	1.1674	0.016073
1.1148	1.1925	0.012156
1.1399	-0.31381	0.02174
1.1399	-0.2887	0.41644
1.1399	-0.2636	1.0229
1.1399	-0.23849	1.9687
1.1399	-0.21339	0.61868
1.1399	-0.18828	0.26354
1.1399	-0.16318	0.15378
1.1399	-0.13808	0.089004
1.1399	-0.11297	0.042815
1.1399	-0.087866	0.017902
1.1399	1.0167	0.01256
1.1399	1.0418	0.028176
1.1399	1.0669	0.045948
1.1399	1.0921	0.069726
1.1399	1.1172	0.087902
1.1399	1.1423	0.10338
1.1399	1.1674	0.11065
1.1399	1.1925	0.10828
1.1399	1.2176	0.098745
1.1399	1.2427	0.071045
1.1399	1.2678	0.025515
1.1649	-0.2887	0.011723
1.1649	-0.2636	0.071392
1.1649	-0.23849	0.15216
1.1649	-0.21339	1.4053
1.1649	-0.18828	2.2119
1.1649	-0.16318	0.93339
1.1649	-0.13808	0.24935
1.1649	-0.11297	0.077198
1.1649	-0.087866	0.025465
1.1649	0.99163	0.01615
1.1649	1.0167	0.05112
1.1649	1.0418	0.12981
1.1649	1.0669	0.26762
1.1649	1.0921	0.51946
1.1649	1.1172	0.89286
1.1649	1.1423	1.6142
1.1649	1.1674	1.8352
1.1649	1.1925	0.78727
1.1649	1.2176	0.2634
1.1649	1.2427	0.07411
1.19	-0.23849	0.013059
1.19	-0.21339	0.031313
1.19	-0.18828	0.068692
1.19	-0.16318	0.1482
1.19	-0.13808	0.28039
1.19	-0.11297	0.7032
1.19	-0.087866	0.183
1.19	-0.062762	0.022539
1.19	0.86611	0.010255
1.19	0.89121	0.01169
1.19	0.96653	0.020491
1.19	0.99163	0.1483
1.19	1.0167	0.65169
1.19	1.0418	2.3563
1.19	1.0669	4.0248
1.19	1.0921	2.558
1.19	1.1172	1.36
1.19	1.1423	0.61267
1.19	1.1674	0.26588
1.19	1.1925	0.099267
1.19	1.2176	0.032553
1.215	-0.18828	0.010044
1.215	-0.16318	0.011532
1.215	-0.13808	0.012247
1.215	-0.11297	0.011938
1.215	-0.087866	0.010123
1.215	-0.037657	0.01253
1.215	-0.012552	0.065308
1.215	0.012552	0.058031
1.215	0.037657	0.029054
1.215	0.062762	0.012857
1.215	0.841	0.035438
1.215	0.86611	0.073622
1.215	0.89121	0.10132
1.215	0.91632	0.066682
1.215	0.96653	0.13715
1.215	0.99163	0.29949
1.215	1.0167	0.37177
1.215	1.0418	0.37736
1.215	1.0669	0.33693
1.215	1.0921	0.26517
1.215	1.1172	0.18892
1.215	1.1423	0.11968
1.215	1.1674	0.066819
1.215	1.1925	0.030588
1.215	1.2176	0.011708
1.2401	0.062762	0.012456
1.2401	0.087866	0.015641
1.2401	0.11297	0.016947
1.2401	0.13808	0.020551
1.2401	0.16318	0.023655
1.2401	0.18828	0.023719
1.2401	0.21339	0.021564
1.2401	0.23849	0.011127
1.2401	0.31381	0.011446
1.2401	0.33891	0.01614
1.2401	0.36402	0.020696
1.2401	0.38912	0.021144
1.2401	0.41423	0.017962
1.2401	0.43933	0.013266
1.2401	0.46444	0.010667
1.2401	0.48954	0.011111
1.2401	0.51464	0.014718
1.2401	0.53975	0.018896
1.2401	0.56485	0.020589
1.2401	0.58996	0.015732
1.2401	0.69038	0.01919
1.2401	0.71548	0.029683
1.2401	0.74059	0.029682
1.2401	0.79079	0.010012
1.2401	0.8159	0.042717
1.2401	0.841	0.061352
1.2401	0.86611	0.049877
1.2401	0.89121	0.026112
1.2401	0.96653	0.015315
1.2401	0.99163	0.03883
1.2401	1.0167	0.064407
1.2401	1.0418	0.083652
1.2401	1.0669	0.090668
1.2401	1.0921	0.082743
1.2401	1.1172	0.067
1.2401	1.1423	0.046642
1.2401	1.1674	0.028299
1.2401	1.1925	0.013716
1.2651	0.2887	0.013224
1.2651	0.31381	0.033093
1.2651	0.33891	0.084397
1.2651	0.36402	0.11514
1.2651	0.38912	0.13313
1.2651	0.41423	0.12299
1.2651	0.43933	0.098587
1.2651	0.46444	0.087169
1.2651	0.48954	0.092009
1.2651	0.51464	0.10419
1.2651	0.53975	0.099777
1.2651	0.56485	0.078043
1.2651	0.58996	0.032669
1.2651	0.61506	0.011318
1.2651	0.99163	0.013539
1.2651	1.0167	0.023427
1.2651	1.0418	0.032819
1.2651	1.0669	0.037197
1.2651	1.0921	0.036086
1.2651	1.1172	0.030403
1.2651	1.1423	0.021953
1.2651	1.1674	0.013798
1.2902	1.0167	0.010604
1.2902	1.0418	0.014911
1.2902	1.0669	0.017508
1.2902	1.0921	0.017228
1.2902	1.1172	0.014829
1.2902	1.1423	0.011174
1.9666	-0.38912	0.0095381
1.9666	-0.36402	0.011014
1.9666	-0.33891	0.010774
1.9916	-0.38912	0.011636
1.9916	-0.36402	0.013455
1.9916	-0.33891	0.013193
1.9916	-0.31381	0.011045
2.0167	-0.38912	0.012407
2.0167	-0.36402	0.014318
2.0167	-0.33891	0.01403
2.0167	-0.31381	0.011716
2.0418	-0.38912	0.01156
2.0418	-0.36402	0.013324
2.0418	-0.33891	0.013082
2.0418	-0.31381	0.010877
2.0668	-0.38912	0.0092904
2.0668	-0.36402	0.010742
2.0668	-0.33891	0.010576
2.2171	0.89121	0.010685
2.2171	0.91632	0.011995
2.2171	0.94142	0.011687
2.2171	0.96653	0.0096525
2.2422	0.86611	0.014897
2.2422	0.89121	0.020298
2.2422	0.91632	0.023818
2.2422	0.94142	0.023629
2.2422	0.96653	0.02015
2.2422	0.99163	0.014339
2.2672	0.841	0.017024
2.2672	0.86611	0.030008
2.2672	0.89121	0.041249
2.2672	0.91632	0.048142
2.2672	0.94142	0.04729
2.2672	0.96653	0.039586
2.2672	0.99163	0.026253
2.2672	1.0167	0.01379
2.2923	-0.43933	0.01015
2.2923	-0.41423	0.01156
2.2923	-0.38912	0.011298
2.2923	-0.36402	0.0095837
2.2923	0.8159	0.011849
2.2923	0.841	0.023733
2.2923	0.86611	0.037792
2.2923	0.89121	0.045861
2.2923	0.91632	0.048074
2.2923	0.94142	0.041392
2.2923	0.96653	0.030307
2.2923	0.99163	0.016974
2.3173	-0.46444	0.009371
2.3173	-0.43933	0.012353
2.3173	-0.41423	0.014104
2.3173	-0.38912	0.013816
2.3173	-0.36402	0.011775
2.3173	0.841	0.010352
2.3173	0.86611	0.014047
2.3173	0.89121	0.016175
2.3173	0.91632	0.015679
2.3173	0.94142	0.012979
2.3424	-0.46444	0.010924
2.3424	-0.43933	0.014249
2.3424	-0.41423	0.016222
2.3424	-0.38912	0.015887
2.3424	-0.36402	0.013604
2.3424	-0.33891	0.0098417
2.3674	-0.46444	0.011997
2.3674	-0.43933	0.015642
2.3674	-0.41423	0.01781
2.3674	-0.38912	0.01752
2.3674	-0.36402	0.015045
2.3674	-0.33891	0.010898
2.3925	-0.46444	0.01214
2.3925	-0.43933	0.015976
2.3925	-0.41423	0.018428
2.3925	-0.38912	0.018365
2.3925	-0.36402	0.015982
2.3925	-0.33891	0.011639
2.4175	-0.46444	0.0098671
2.4175	-0.43933	0.013415
2.4175	-0.41423	0.015994
2.4175	-0.38912	0.01641
2.4175	-0.36402	0.014588
2.4175	-0.33891	0.010727
2.4927	-0.51464	0.010462
2.4927	-0.48954	0.012895
2.4927	-0.46444	0.013332
2.4927	-0.43933	0.011824
2.5177	-0.51464	0.012
2.5177	-0.48954	0.015286
2.5177	-0.46444	0.016333
2.5177	-0.43933	0.01506
2.5177	-0.41423	0.01216
2.5428	-0.51464	0.011461
2.5428	-0.48954	0.01488
2.5428	-0.46444	0.016249
2.5428	-0.43933	0.01535
2.5428	-0.41423	0.012684
2.5678	-0.51464	0.010262
2.5678	-0.48954	0.013402
2.5678	-0.46444	0.014839
2.5678	-0.43933	0.014309
2.5678	-0.41423	0.011964
2.5929	-0.48954	0.011397
2.5929	-0.46444	0.012819
2.5929	-0.43933	0.012528
2.5929	-0.41423	0.010607
2.618	-1.8201	0.010071
2.618	-1.795	0.01444
2.618	-1.7699	0.017429
2.618	-1.7448	0.017295
2.618	-1.7197	0.014338
2.618	-0.46444	0.010446
2.618	-0.43933	0.010382
2.643	-1.8201	0.012246
2.643	-1.795	0.014849
2.643	-1.7699	0.015217
2.643	-1.7448	0.012898
2.7683	-0.53975	0.011883
2.7683	-0.51464	0.013863
2.7683	-0.48954	0.013486
2.7683	-0.46444	0.010697
2.7933	-0.53975	0.012538
2.7933	-0.51464	0.014461
2.7933	-0.48954	0.014179
2.7933	-0.46444	0.011658
2.8184	-0.51464	0.0098734
2.8184	-0.48954	0.0098953
2.9436	-0.56485	0.010706
2.9436	-0.53975	0.012606
2.9436	-0.51464	0.012487
2.9436	-0.48954	0.010669
2.9687	-0.58996	0.016369
2.9687	-0.56485	0.022014
2.9687	-0.53975	0.026024
2.9687	-0.51464	0.025557
2.9687	-0.48954	0.021923
2.9687	-0.46444	0.01522
2.9687	-0.43933	0.0094198
2.9937	-0.61506	0.017815
2.9937	-0.58996	0.031207
2.9937	-0.56485	0.042699
2.9937	-0.53975	0.049383
2.9937	-0.51464	0.048642
2.9937	-0.48954	0.04097
2.9937	-0.46444	0.028276
2.9937	-0.43933	0.016579
3.0188	-0.64017	0.010313
3.0188	-0.61506	0.022954
3.0188	-0.58996	0.03804
3.0188	-0.56485	0.051485
3.0188	-0.53975	0.058633
3.0188	-0.51464	0.056159
3.0188	-0.48954	0.046046
3.0188	-0.46444	0.031066
3.0188	-0.43933	0.017011
3.0438	-0.61506	0.01414
3.0438	-0.58996	0.023525
3.0438	-0.56485	0.030398
3.0438	-0.53975	0.034456
3.0438	-0.51464	0.032891
3.0438	-0.48954	0.026335
3.0438	-0.46444	0.017853
3.0438	-0.43933	0.0095297
3.0689	-0.58996	0.009608
3.0689	-0.56485	0.012512
3.0689	-0.53975	0.014503
3.0689	-0.51464	0.014087
3.0689	-0.48954	0.011562
3.1691	-0.61506	0.010437
3.1691	-0.58996	0.013079
3.1691	-0.56485	0.013944
3.1691	-0.53975	0.012814
3.1691	-0.51464	0.010262
3.1942	-0.64017	0.013636
3.1942	-0.61506	0.020932
3.1942	-0.58996	0.026315
3.1942	-0.56485	0.028122
3.1942	-0.53975	0.025929
3.1942	-0.51464	0.020114
3.1942	-0.48954	0.013375
3.2192	-0.64017	0.01707
3.2192	-0.61506	0.025736
3.2192	-0.58996	0.031736
3.2192	-0.56485	0.033693
3.2192	-0.53975	0.030632
3.2192	-0.51464	0.023417
3.2192	-0.48954	0.014926
3.2443	-0.64017	0.011713
3.2443	-0.61506	0.017789
3.2443	-0.58996	0.021993
3.2443	-0.56485	0.023214
3.2443	-0.53975	0.021023
3.2443	-0.51464	0.015809
3.2443	-0.48954	0.0099659
3.2693	-0.61506	0.0095989
3.2693	-0.58996	0.011991
3.2693	-0.56485	0.012953
3.2693	-0.53975	0.011866
3.3695	-0.64017	0.010927
3.3695	-0.61506	0.012114
3.3695	-0.58996	0.011268
3.3946	-0.66527	0.011294
3.3946	-0.64017	0.015032
3.3946	-0.61506	0.016856
3.3946	-0.58996	0.015837
3.3946	-0.56485	0.012768
3.4196	-0.66527	0.01044
3.4196	-0.64017	0.014118
3.4196	-0.61506	0.016128
3.4196	-0.58996	0.015461
3.4196	-0.56485	0.012659
3.4447	-0.64017	0.012057
3.4447	-0.61506	0.014082
3.4447	-0.58996	0.013779
3.4447	-0.56485	0.011562
3.4697	-0.64017	0.0094101
3.4697	-0.61506	0.011395
3.4697	-0.58996	0.011456
3.4697	-0.56485	0.0098537
3.595	-0.69038	0.011974
3.595	-0.66527	0.01484
3.595	-0.64017	0.015554
3.595	-0.61506	0.014045
3.595	-0.58996	0.010797
3.62	-0.71548	0.011795
3.62	-0.69038	0.017886
3.62	-0.66527	0.022396
3.62	-0.64017	0.023741
3.62	-0.61506	0.021784
3.62	-0.58996	0.016835
3.62	-0.56485	0.010906
3.6451	-0.71548	0.011382
3.6451	-0.69038	0.017278
3.6451	-0.66527	0.021774
3.6451	-0.64017	0.023301
3.6451	-0.61506	0.021582
3.6451	-0.58996	0.01676
3.6451	-0.56485	0.010814
3.6701	-0.69038	0.012937
3.6701	-0.66527	0.016582
3.6701	-0.64017	0.018044
3.6701	-0.61506	0.016972
3.6701	-0.58996	0.013279
3.6952	-0.66527	0.011034
3.6952	-0.64017	0.012265
3.6952	-0.61506	0.011768
3.6952	-0.58996	0.0092979
3.7954	-0.71548	0.010412
3.7954	-0.69038	0.011974
3.7954	-0.66527	0.011634
3.7954	-0.64017	0.0095824
3.8205	-0.74059	0.010373
3.8205	-0.71548	0.014489
3.8205	-0.69038	0.016935
3.8205	-0.66527	0.016853
3.8205	-0.64017	0.014211
3.8205	-0.61506	0.010184
3.8455	-0.74059	0.010794
3.8455	-0.71548	0.015237
3.8455	-0.69038	0.018121
3.8455	-0.66527	0.018331
3.8455	-0.64017	0.015712
3.8455	-0.61506	0.011381
3.8706	-0.71548	0.012282
3.8706	-0.69038	0.01492
3.8706	-0.66527	0.015398
3.8706	-0.64017	0.013409
3.8706	-0.61506	0.0098129
3.8956	-0.66527	0.0092933
3.9708	-2.0209	0.0097702
3.9958	-2.046	0.011945
3.9958	-2.0209	0.013263
3.9958	-1.9958	0.012531
3.9958	-1.9707	0.010104
4.0209	-2.0711	0.0099735
4.0209	-2.046	0.013122
4.0209	-2.0209	0.014712
4.0209	-1.9958	0.013983
4.0209	-1.9707	0.011328
4.0209	-0.74059	0.0098093
4.0209	-0.71548	0.01085
4.0209	-0.69038	0.010374
4.0459	-2.046	0.011743
4.0459	-2.0209	0.013348
4.0459	-1.9958	0.012807
4.0459	-1.9707	0.010396
4.0459	-0.71548	0.010194
4.0459	-0.69038	0.010153
4.071	-2.0209	0.0095636
4.071	-1.9958	0.0093501
4.1461	-0.8159	0.011218
4.1461	-0.79079	0.015702
4.1461	-0.76569	0.017444
4.1461	-0.74059	0.016432
4.1461	-0.71548	0.012927
4.1712	-0.841	0.012499
4.1712	-0.8159	0.02397
4.1712	-0.79079	0.034058
4.1712	-0.76569	0.040185
4.1712	-0.74059	0.040076
4.1712	-0.71548	0.033312
4.1712	-0.69038	0.02445
4.1712	-0.66527	0.014096
4.1962	-0.841	0.021311
4.1962	-0.8159	0.038493
4.1962	-0.79079	0.055769
4.1962	-0.76569	0.066922
4.1962	-0.74059	0.068344
4.1962	-0.71548	0.059051
4.1962	-0.69038	0.043272
4.1962	-0.66527	0.026805
4.1962	-0.64017	0.012723
4.2213	-2.0711	0.010604
4.2213	-2.046	0.010636
4.2213	-0.86611	0.010239
4.2213	-0.841	0.027558
4.2213	-0.8159	0.050654
4.2213	-0.79079	0.07329
4.2213	-0.76569	0.088527
4.2213	-0.74059	0.09154
4.2213	-0.71548	0.079944
4.2213	-0.69038	0.059428
4.2213	-0.66527	0.036617
4.2213	-0.64017	0.017512
4.2463	-2.0962	0.010196
4.2463	-2.0711	0.012111
4.2463	-2.046	0.012403
4.2463	-2.0209	0.010753
4.2463	-0.86611	0.011615
4.2463	-0.841	0.030289
4.2463	-0.8159	0.054634
4.2463	-0.79079	0.079171
4.2463	-0.76569	0.096013
4.2463	-0.74059	0.10025
4.2463	-0.71548	0.088043
4.2463	-0.69038	0.066049
4.2463	-0.66527	0.040597
4.2463	-0.64017	0.019236
4.2714	-2.0711	0.010625
4.2714	-2.046	0.011086
4.2714	-2.0209	0.0097882
4.2714	-0.86611	0.010446
4.2714	-0.841	0.026097
4.2714	-0.8159	0.047391
4.2714	-0.79079	0.069688
4.2714	-0.76569	0.085131
4.2714	-0.74059	0.090037
4.2714	-0.71548	0.079502
4.2714	-0.69038	0.059998
4.2714	-0.66527	0.036816
4.2714	-0.64017	0.017062
4.2965	-0.841	0.016746
4.2965	-0.8159	0.03102
4.2965	-0.79079	0.047401
4.2965	-0.76569	0.059087
4.2965	-0.74059	0.064016
4.2965	-0.71548	0.057436
4.2965	-0.69038	0.043849
4.2965	-0.66527	0.026912
4.2965	-0.64017	0.011787
4.3215	-0.8159	0.01287
4.3215	-0.79079	0.02111
4.3215	-0.76569	0.028288
4.3215	-0.74059	0.032355
4.3215	-0.71548	0.030361
4.3215	-0.69038	0.023951
4.3215	-0.66527	0.014904
4.3967	-0.86611	0.012516
4.3967	-0.841	0.018815
4.3967	-0.8159	0.022213
4.3967	-0.79079	0.021593
4.3967	-0.76569	0.017493
4.3967	-0.74059	0.011903
4.4217	-2.1213	0.010853
4.4217	-2.0962	0.011641
4.4217	-2.0711	0.010419
4.4217	-0.89121	0.01153
4.4217	-0.86611	0.02484
4.4217	-0.841	0.038896
4.4217	-0.8159	0.048615
4.4217	-0.79079	0.050903
4.4217	-0.76569	0.045199
4.4217	-0.74059	0.034394
4.4217	-0.71548	0.021176
4.4217	-0.69038	0.010731
4.4217	0.51464	0.009634
4.4468	-2.1464	0.01067
4.4468	-2.1213	0.013769
4.4468	-2.0962	0.015181
4.4468	-2.0711	0.014029
4.4468	-2.046	0.010937
4.4468	-0.89121	0.016822
4.4468	-0.86611	0.034974
4.4468	-0.841	0.054859
4.4468	-0.8159	0.07124
4.4468	-0.79079	0.076944
4.4468	-0.76569	0.07094
4.4468	-0.74059	0.056113
4.4468	-0.71548	0.03704
4.4468	-0.69038	0.019422
4.4468	0.48954	0.011357
4.4468	0.51464	0.012624
4.4468	0.53975	0.012069
4.4468	0.56485	0.0097509
4.4718	-2.1464	0.0099059
4.4718	-2.1213	0.013076
4.4718	-2.0962	0.014828
4.4718	-2.0711	0.014053
4.4718	-2.046	0.01112
4.4718	-0.89121	0.01858
4.4718	-0.86611	0.037727
4.4718	-0.841	0.060007
4.4718	-0.8159	0.078645
4.4718	-0.79079	0.086931
4.4718	-0.76569	0.08194
4.4718	-0.74059	0.066096
4.4718	-0.71548	0.043924
4.4718	-0.69038	0.023079
4.4718	0.48954	0.012123
4.4718	0.51464	0.013558
4.4718	0.53975	0.013066
4.4718	0.56485	0.010658
4.4969	-2.0962	0.010512
4.4969	-2.0711	0.01034
4.4969	-0.89121	0.014576
4.4969	-0.86611	0.030503
4.4969	-0.841	0.049915
4.4969	-0.8159	0.066352
4.4969	-0.79079	0.075194
4.4969	-0.76569	0.072696
4.4969	-0.74059	0.059633
4.4969	-0.71548	0.039736
4.4969	-0.69038	0.021202
4.4969	0.48954	0.010515
4.4969	0.51464	0.011896
4.4969	0.53975	0.011593
4.4969	0.56485	0.0095007
4.5219	-0.86611	0.016561
4.5219	-0.841	0.027954
4.5219	-0.8159	0.039973
4.5219	-0.79079	0.047145
4.5219	-0.76569	0.047608
4.5219	-0.74059	0.040307
4.5219	-0.71548	0.027944
4.5219	-0.69038	0.014883
4.547	-0.8159	0.012816
4.547	-0.79079	0.017281
4.547	-0.76569	0.01921
4.547	-0.74059	0.0179
4.547	-0.71548	0.013193
4.5971	-2.1715	0.011181
4.5971	-2.1464	0.012388
4.5971	-2.1213	0.011484
4.5971	-0.89121	0.011639
4.5971	-0.86611	0.014825
4.5971	-0.841	0.014592
4.5971	-0.8159	0.011778
4.6221	-2.2218	0.0092742
4.6221	-2.1967	0.015941
4.6221	-2.1715	0.021875
4.6221	-2.1464	0.025272
4.6221	-2.1213	0.02464
4.6221	-2.0962	0.020621
4.6221	-2.0711	0.014145
4.6221	-0.91632	0.01742
4.6221	-0.89121	0.030306
4.6221	-0.86611	0.042323
4.6221	-0.841	0.047014
4.6221	-0.8159	0.044232
4.6221	-0.79079	0.035036
4.6221	-0.76569	0.023287
4.6221	-0.74059	0.012086
4.6472	-2.2218	0.012852
4.6472	-2.1967	0.022082
4.6472	-2.1715	0.031029
4.6472	-2.1464	0.036545
4.6472	-2.1213	0.036591
4.6472	-2.0962	0.031416
4.6472	-2.0711	0.022056
4.6472	-2.046	0.0124
4.6472	-0.94142	0.010534
4.6472	-0.91632	0.028401
4.6472	-0.89121	0.050052
4.6472	-0.86611	0.071541
4.6472	-0.841	0.082609
4.6472	-0.8159	0.082037
4.6472	-0.79079	0.068379
4.6472	-0.76569	0.04879
4.6472	-0.74059	0.027608
4.6472	-0.71548	0.012021
4.6722	-2.2218	0.013706
4.6722	-2.1967	0.023848
4.6722	-2.1715	0.033924
4.6722	-2.1464	0.040773
4.6722	-2.1213	0.041456
4.6722	-2.0962	0.036216
4.6722	-2.0711	0.025838
4.6722	-2.046	0.014467
4.6722	-0.94142	0.01304
4.6722	-0.91632	0.033728
4.6722	-0.89121	0.060906
4.6722	-0.86611	0.087505
4.6722	-0.841	0.10404
4.6722	-0.8159	0.10574
4.6722	-0.79079	0.091069
4.6722	-0.76569	0.065883
4.6722	-0.74059	0.038675
4.6722	-0.71548	0.01755
4.6722	0.46444	0.010522
4.6722	0.48954	0.010645
4.6973	-2.2218	0.010651
4.6973	-2.1967	0.0193
4.6973	-2.1715	0.027933
4.6973	-2.1464	0.034608
4.6973	-2.1213	0.036035
4.6973	-2.0962	0.032207
4.6973	-2.0711	0.02343
4.6973	-2.046	0.012835
4.6973	-0.94142	0.011732
4.6973	-0.91632	0.030086
4.6973	-0.89121	0.054318
4.6973	-0.86611	0.080251
4.6973	-0.841	0.097697
4.6973	-0.8159	0.10211
4.6973	-0.79079	0.090264
4.6973	-0.76569	0.066088
4.6973	-0.74059	0.039439
4.6973	-0.71548	0.017728
4.6973	0.43933	0.0095082
4.6973	0.46444	0.011553
4.6973	0.48954	0.011874
4.6973	0.51464	0.010321
4.7223	-2.1715	0.015207
4.7223	-2.1464	0.020008
4.7223	-2.1213	0.022259
4.7223	-2.0962	0.02066
4.7223	-2.0711	0.015062
4.7223	-0.91632	0.017715
4.7223	-0.89121	0.032532
4.7223	-0.86611	0.051305
4.7223	-0.841	0.065831
4.7223	-0.8159	0.071457
4.7223	-0.79079	0.065726
4.7223	-0.76569	0.048951
4.7223	-0.74059	0.029877
4.7223	-0.71548	0.012706
4.7223	0.46444	0.0096432
4.7223	0.48954	0.010152
4.7474	-0.89121	0.0094873
4.7474	-0.86611	0.016689
4.7474	-0.841	0.024565
4.7474	-0.8159	0.030259
4.7474	-0.79079	0.030467
4.7474	-0.76569	0.024
4.7474	-0.74059	0.015468
4.7975	-2.272	0.0097898
4.7975	-2.2469	0.018725
4.7975	-2.2218	0.026883
4.7975	-2.1967	0.030297
4.7975	-2.1715	0.02891
4.7975	-2.1464	0.022751
4.7975	-2.1213	0.015035
4.7975	-0.94142	0.017195
4.7975	-0.91632	0.024468
4.7975	-0.89121	0.027546
4.7975	-0.86611	0.02493
4.7975	-0.841	0.01775
4.7975	-0.8159	0.0098587
4.8225	-2.2971	0.0094556
4.8225	-2.272	0.026731
4.8225	-2.2469	0.050378
4.8225	-2.2218	0.073591
4.8225	-2.1967	0.08792
4.8225	-2.1715	0.089422
4.8225	-2.1464	0.077013
4.8225	-2.1213	0.0558
4.8225	-2.0962	0.032746
4.8225	-2.0711	0.014989
4.8225	-1.1172	0.0094626
4.8225	-1.0921	0.01193
4.8225	-1.0669	0.0098075
4.8225	-0.96653	0.022718
4.8225	-0.94142	0.048106
4.8225	-0.91632	0.073946
4.8225	-0.89121	0.091279
4.8225	-0.86611	0.093741
4.8225	-0.841	0.079923
4.8225	-0.8159	0.058137
4.8225	-0.79079	0.034909
4.8225	-0.76569	0.017015
4.8476	-2.2971	0.020314
4.8476	-2.272	0.05386
4.8476	-2.2469	0.099891
4.8476	-2.2218	0.14754
4.8476	-2.1967	0.17866
4.8476	-2.1715	0.18577
4.8476	-2.1464	0.1639
4.8476	-2.1213	0.12254
4.8476	-2.0962	0.074617
4.8476	-2.0711	0.034626
4.8476	-2.046	0.010239
4.8476	-1.1172	0.011791
4.8476	-1.0921	0.014419
4.8476	-1.0669	0.011381
4.8476	-0.99163	0.011128
4.8476	-0.96653	0.042112
4.8476	-0.94142	0.087844
4.8476	-0.91632	0.13875
4.8476	-0.89121	0.17553
4.8476	-0.86611	0.18861
4.8476	-0.841	0.16984
4.8476	-0.8159	0.13145
4.8476	-0.79079	0.08472
4.8476	-0.76569	0.043857
4.8476	-0.74059	0.015964
4.8727	-2.4226	0.0093147
4.8727	-2.2971	0.036399
4.8727	-2.272	0.091031
4.8727	-2.2469	0.16695
4.8727	-2.2218	0.24293
4.8727	-2.1967	0.29497
4.8727	-2.1715	0.30727
4.8727	-2.1464	0.2735
4.8727	-2.1213	0.20333
4.8727	-2.0962	0.12432
4.8727	-2.0711	0.057745
4.8727	-2.046	0.015581
4.8727	-1.9707	0.01065
4.8727	-1.9456	0.013568
4.8727	-1.9205	0.010648
4.8727	-1.1172	0.011078
4.8727	-1.0921	0.013279
4.8727	-1.0669	0.0099629
4.8727	-0.99163	0.016888
4.8727	-0.96653	0.058328
4.8727	-0.94142	0.12068
4.8727	-0.91632	0.19162
4.8727	-0.89121	0.24681
4.8727	-0.86611	0.27026
4.8727	-0.841	0.24916
4.8727	-0.8159	0.19754
4.8727	-0.79079	0.13078
4.8727	-0.76569	0.068738
4.8727	-0.74059	0.024903
4.8727	0.41423	0.011157
4.8727	0.43933	0.012004
4.8727	0.46444	0.010961
4.8977	-2.4226	0.011003
4.8977	-2.3222	0.015002
4.8977	-2.2971	0.055627
4.8977	-2.272	0.13432
4.8977	-2.2469	0.24084
4.8977	-2.2218	0.34629
4.8977	-2.1967	0.41794
4.8977	-2.1715	0.4338
4.8977	-2.1464	0.38482
4.8977	-2.1213	0.28398
4.8977	-2.0962	0.17093
4.8977	-2.0711	0.076778
4.8977	-2.046	0.0186
4.8977	-1.9707	0.0212
4.8977	-1.9456	0.025302
4.8977	-1.9205	0.019168
4.8977	-0.99163	0.019037
4.8977	-0.96653	0.061864
4.8977	-0.94142	0.12776
4.8977	-0.91632	0.20343
4.8977	-0.89121	0.26662
4.8977	-0.86611	0.2976
4.8977	-0.841	0.2792
4.8977	-0.8159	0.22511
4.8977	-0.79079	0.15064
4.8977	-0.76569	0.079544
4.8977	-0.74059	0.02771
4.8977	-0.64017	0.010268
4.8977	-0.61506	0.010304
4.8977	0.38912	0.010084
4.8977	0.41423	0.013534
4.8977	0.43933	0.014919
4.8977	0.46444	0.013955
4.8977	0.48954	0.011167
4.9228	-2.4226	0.011669
4.9228	-2.3222	0.021594
4.9228	-2.2971	0.077877
4.9228	-2.272	0.17862
4.9228	-2.2469	0.30948
4.9228	-2.2218	0.43947
4.9228	-2.1967	0.52515
4.9228	-2.1715	0.54118
4.9228	-2.1464	0.47601
4.9228	-2.1213	0.34701
4.9228	-2.0962	0.20371
4.9228	-2.0711	0.087117
4.9228	-2.046	0.018454
4.9228	-1.9958	0.015363
4.9228	-1.9707	0.03414
4.9228	-1.9456	0.038261
4.9228	-1.9205	0.028555
4.9228	-1.8954	0.012021
4.9228	-1.795	0.013891
4.9228	-1.7699	0.014631
4.9228	-0.99163	0.014794
4.9228	-0.96653	0.048268
4.9228	-0.94142	0.098476
4.9228	-0.91632	0.15959
4.9228	-0.89121	0.21786
4.9228	-0.86611	0.24928
4.9228	-0.841	0.23935
4.9228	-0.8159	0.19837
4.9228	-0.79079	0.13339
4.9228	-0.76569	0.071236
4.9228	-0.74059	0.023403
4.9228	-0.64017	0.013549
4.9228	-0.61506	0.013165
4.9228	0.41423	0.012279
4.9228	0.43933	0.013881
4.9228	0.46444	0.01328
4.9228	0.48954	0.010925
4.9478	-2.4226	0.011161
4.9478	-2.3222	0.030528
4.9478	-2.2971	0.095803
4.9478	-2.272	0.21055
4.9478	-2.2469	0.35889
4.9478	-2.2218	0.5035
4.9478	-2.1967	0.59503
4.9478	-2.1715	0.60731
4.9478	-2.1464	0.52796
4.9478	-2.1213	0.37928
4.9478	-2.0962	0.21544
4.9478	-2.0711	0.086396
4.9478	-2.046	0.015607
4.9478	-1.9958	0.024379
4.9478	-1.9707	0.047822
4.9478	-1.9456	0.050927
4.9478	-1.9205	0.034719
4.9478	-1.8954	0.013509
4.9478	-1.8201	0.014043
4.9478	-1.795	0.022458
4.9478	-1.7699	0.022324
4.9478	-1.7448	0.013185
4.9478	-1.6192	0.010396
4.9478	-0.96653	0.020765
4.9478	-0.94142	0.044171
4.9478	-0.91632	0.080278
4.9478	-0.89121	0.11718
4.9478	-0.86611	0.14272
4.9478	-0.841	0.14433
4.9478	-0.8159	0.1265
4.9478	-0.79079	0.088989
4.9478	-0.76569	0.048101
4.9478	-0.74059	0.014773
4.9478	-0.64017	0.013771
4.9478	-0.61506	0.012901
4.9478	0.46444	0.0092922
4.9729	-2.4226	0.0096066
4.9729	-2.3222	0.03592
4.9729	-2.2971	0.10769
4.9729	-2.272	0.22766
4.9729	-2.2469	0.37895
4.9729	-2.2218	0.52495
4.9729	-2.1967	0.61379
4.9729	-2.1715	0.6192
4.9729	-2.1464	0.53088
4.9729	-2.1213	0.37531
4.9729	-2.0962	0.20527
4.9729	-2.0711	0.077134
4.9729	-2.046	0.011375
4.9729	-1.9958	0.034344
4.9729	-1.9707	0.059144
4.9729	-1.9456	0.058904
4.9729	-1.9205	0.038561
4.9729	-1.8954	0.013006
4.9729	-1.8201	0.021382
4.9729	-1.795	0.031216
4.9729	-1.7699	0.029272
4.9729	-1.7448	0.016218
4.9729	-1.6444	0.014873
4.9729	-1.6192	0.017754
4.9729	-1.5941	0.013347
4.9729	-1.4686	0.013741
4.9729	-1.4435	0.012902
4.9729	-1.2929	0.010703
4.9729	-0.91632	0.011529
4.9729	-0.89121	0.019795
4.9729	-0.86611	0.034755
4.9729	-0.841	0.044104
4.9729	-0.8159	0.044593
4.9729	-0.79079	0.035143
4.9729	-0.76569	0.021124
4.9729	-0.64017	0.010192
4.9729	-0.61506	0.0094348
4.9979	-2.3222	0.039157
4.9979	-2.2971	0.10915
4.9979	-2.272	0.22293
4.9979	-2.2469	0.36503
4.9979	-2.2218	0.49861
4.9979	-2.1967	0.57661
4.9979	-2.1715	0.57514
4.9979	-2.1464	0.48612
4.9979	-2.1213	0.33719
4.9979	-2.0962	0.17648
4.9979	-2.0711	0.059541
4.9979	-2.0209	0.0098876
4.9979	-1.9958	0.041496
4.9979	-1.9707	0.065546
4.9979	-1.9456	0.062071
4.9979	-1.9205	0.037292
4.9979	-1.8954	0.010751
4.9979	-1.8452	0.010576
4.9979	-1.8201	0.028159
4.9979	-1.795	0.038257
4.9979	-1.7699	0.033833
4.9979	-1.7448	0.017355
4.9979	-1.6695	0.010784
4.9979	-1.6444	0.022521
4.9979	-1.6192	0.025232
4.9979	-1.5941	0.017814
4.9979	-1.4937	0.015397
4.9979	-1.4686	0.022782
4.9979	-1.4435	0.020851
4.9979	-1.4184	0.010706
4.9979	-1.3431	0.010144
4.9979	-1.318	0.019876
4.9979	-1.2929	0.023105
4.9979	-1.2678	0.017446
4.9979	-1.1674	0.012837
4.9979	-1.1423	0.022143
4.9979	-1.1172	0.023019
4.9979	-1.0921	0.013588
4.9979	-1.0167	0.0098305
4.9979	-0.99163	0.02284
4.9979	-0.96653	0.038532
4.9979	-0.94142	0.042457
4.9979	-0.91632	0.035067
4.9979	-0.89121	0.023995
4.9979	-0.86611	0.01128
5.023	-2.3222	0.037808
5.023	-2.2971	0.099542
5.023	-2.272	0.19751
5.023	-2.2469	0.3184
5.023	-2.2218	0.42994
5.023	-2.1967	0.49132
5.023	-2.1715	0.48584
5.023	-2.1464	0.40465
5.023	-2.1213	0.27454
5.023	-2.0962	0.13702
5.023	-2.0711	0.043071
5.023	-2.0209	0.013709
5.023	-1.9958	0.045181
5.023	-1.9707	0.065697
5.023	-1.9456	0.058411
5.023	-1.9205	0.032778
5.023	-1.8452	0.014365
5.023	-1.8201	0.033311
5.023	-1.795	0.042145
5.023	-1.7699	0.034938
5.023	-1.7448	0.016399
5.023	-1.6695	0.016152
5.023	-1.6444	0.029724
5.023	-1.6192	0.031035
5.023	-1.5941	0.020614
5.023	-1.4937	0.023416
5.023	-1.4686	0.032299
5.023	-1.4435	0.028202
5.023	-1.4184	0.013502
5.023	-1.3431	0.018601
5.023	-1.318	0.03472
5.023	-1.2929	0.03848
5.023	-1.2678	0.027847
5.023	-1.2427	0.010301
5.023	-1.1925	0.0094357
5.023	-1.1674	0.031389
5.023	-1.1423	0.050909
5.023	-1.1172	0.051883
5.023	-1.0921	0.030351
5.023	-1.0167	0.036268
5.023	-0.99163	0.099391
5.023	-0.96653	0.17902
5.023	-0.94142	0.23061
5.023	-0.91632	0.24259
5.023	-0.89121	0.21297
5.023	-0.86611	0.15529
5.023	-0.841	0.096968
5.023	-0.8159	0.042058
5.023	-0.79079	0.015657
5.048	-2.3222	0.031958
5.048	-2.2971	0.079957
5.048	-2.272	0.15754
5.048	-2.2469	0.24885
5.048	-2.2218	0.33335
5.048	-2.1967	0.37806
5.048	-2.1715	0.3702
5.048	-2.1464	0.30304
5.048	-2.1213	0.20007
5.048	-2.0962	0.095908
5.048	-2.0711	0.026519
5.048	-2.0209	0.01631
5.048	-1.9958	0.043936
5.048	-1.9707	0.059171
5.048	-1.9456	0.049695
5.048	-1.9205	0.025557
5.048	-1.8452	0.01716
5.048	-1.8201	0.035422
5.048	-1.795	0.042048
5.048	-1.7699	0.032475
5.048	-1.7448	0.013641
5.048	-1.6695	0.020608
5.048	-1.6444	0.034947
5.048	-1.6192	0.034452
5.048	-1.5941	0.021007
5.048	-1.5188	0.013431
5.048	-1.4937	0.031309
5.048	-1.4686	0.040472
5.048	-1.4435	0.033295
5.048	-1.4184	0.014528
5.048	-1.3431	0.029419
5.048	-1.318	0.051755
5.048	-1.2929	0.054761
5.048	-1.2678	0.036896
5.048	-1.2427	0.011381
5.048	-1.1925	0.020512
5.048	-1.1674	0.059655
5.048	-1.1423	0.091098
5.048	-1.1172	0.087783
5.048	-1.0921	0.049813
5.048	-1.0418	0.014477
5.048	-1.0167	0.10378
5.048	-0.99163	0.26466
5.048	-0.96653	0.45833
5.048	-0.94142	0.62885
5.048	-0.91632	0.69117
5.048	-0.89121	0.64783
5.048	-0.86611	0.51812
5.048	-0.841	0.34568
5.048	-0.8159	0.192
5.048	-0.79079	0.081296
5.048	-0.76569	0.024676
5.048	0.36402	0.012204
5.048	0.38912	0.013956
5.048	0.41423	0.013321
5.048	0.43933	0.010621
5.0731	-2.3222	0.023026
5.0731	-2.2971	0.056493
5.0731	-2.272	0.10864
5.0731	-2.2469	0.17087
5.0731	-2.2218	0.22857
5.0731	-2.1967	0.25824
5.0731	-2.1715	0.25123
5.0731	-2.1464	0.20363
5.0731	-2.1213	0.13123
5.0731	-2.0962	0.059128
5.0731	-2.0711	0.014035
5.0731	-2.0209	0.016386
5.0731	-1.9958	0.038084
5.0731	-1.9707	0.048165
5.0731	-1.9456	0.038044
5.0731	-1.9205	0.017834
5.0731	-1.8452	0.018231
5.0731	-1.8201	0.033977
5.0731	-1.795	0.037748
5.0731	-1.7699	0.02717
5.0731	-1.7448	0.009999
5.0731	-1.6695	0.023634
5.0731	-1.6444	0.036932
5.0731	-1.6192	0.034178
5.0731	-1.5941	0.019265
5.0731	-1.5188	0.01758
5.0731	-1.4937	0.037199
5.0731	-1.4686	0.0453
5.0731	-1.4435	0.034811
5.0731	-1.4184	0.013554
5.0731	-1.3682	0.01203
5.0731	-1.3431	0.041055
5.0731	-1.318	0.067695
5.0731	-1.2929	0.067589
5.0731	-1.2678	0.042152
5.0731	-1.2427	0.010689
5.0731	-1.1925	0.036948
5.0731	-1.1674	0.095067
5.0731	-1.1423	0.13597
5.0731	-1.1172	0.12485
5.0731	-1.0921	0.06368
5.0731	-1.0418	0.040322
5.0731	-1.0167	0.21364
5.0731	-0.99163	0.52536
5.0731	-0.96653	0.90394
5.0731	-0.94142	1.2309
5.0731	-0.91632	1.3804
5.0731	-0.89121	1.3208
5.0731	-0.86611	1.0862
5.0731	-0.841	0.75008
5.0731	-0.8159	0.42606
5.0731	-0.79079	0.18708
5.0731	-0.76569	0.054999
5.0731	-0.69038	0.013874
5.0731	-0.66527	0.017764
5.0731	-0.64017	0.013276
5.0731	0.33891	0.015392
5.0731	0.36402	0.022621
5.0731	0.38912	0.026613
5.0731	0.41423	0.026476
5.0731	0.43933	0.022093
5.0731	0.46444	0.015705
5.0731	0.48954	0.0093313
5.0981	-2.3222	0.013397
5.0981	-2.2971	0.03315
5.0981	-2.272	0.063023
5.0981	-2.2469	0.099171
5.0981	-2.2218	0.13364
5.0981	-2.1967	0.15161
5.0981	-2.1715	0.14728
5.0981	-2.1464	0.11861
5.0981	-2.1213	0.075241
5.0981	-2.0962	0.031349
5.0981	-2.0209	0.014202
5.0981	-1.9958	0.029044
5.0981	-1.9707	0.034792
5.0981	-1.9456	0.025803
5.0981	-1.9205	0.010938
5.0981	-1.8452	0.017123
5.0981	-1.8201	0.029189
5.0981	-1.795	0.030472
5.0981	-1.7699	0.020318
5.0981	-1.6695	0.024261
5.0981	-1.6444	0.035134
5.0981	-1.6192	0.030577
5.0981	-1.5941	0.015727
5.0981	-1.5188	0.020669
5.0981	-1.4937	0.039841
5.0981	-1.4686	0.045699
5.0981	-1.4435	0.032638
5.0981	-1.4184	0.010956
5.0981	-1.3682	0.017501
5.0981	-1.3431	0.051327
5.0981	-1.318	0.079045
5.0981	-1.2929	0.074215
5.0981	-1.2678	0.042207
5.0981	-1.2176	0.009729
5.0981	-1.1925	0.057358
5.0981	-1.1674	0.13175
5.0981	-1.1423	0.17771
5.0981	-1.1172	0.15265
5.0981	-1.0921	0.069326
5.0981	-1.0418	0.083901
5.0981	-1.0167	0.38006
5.0981	-0.99163	0.87879
5.0981	-0.96653	1.4779
5.0981	-0.94142	1.9962
5.0981	-0.91632	2.2465
5.0981	-0.89121	2.1607
5.0981	-0.86611	1.7867
5.0981	-0.841	1.2361
5.0981	-0.8159	0.7033
5.0981	-0.79079	0.30593
5.0981	-0.76569	0.083582
5.0981	-0.71548	0.012707
5.0981	-0.69038	0.036281
5.0981	-0.66527	0.045389
5.0981	-0.64017	0.034317
5.0981	-0.61506	0.016282
5.0981	0.31381	0.010703
5.0981	0.33891	0.020937
5.0981	0.36402	0.030951
5.0981	0.38912	0.03696
5.0981	0.41423	0.037575
5.0981	0.43933	0.032117
5.0981	0.46444	0.023469
5.0981	0.48954	0.014263
5.1232	-2.2971	0.013963
5.1232	-2.272	0.02702
5.1232	-2.2469	0.045797
5.1232	-2.2218	0.06224
5.1232	-2.1967	0.072111
5.1232	-2.1715	0.071193
5.1232	-2.1464	0.057279
5.1232	-2.1213	0.036243
5.1232	-2.0962	0.013986
5.1232	-2.0209	0.010368
5.1232	-1.9958	0.019122
5.1232	-1.9707	0.021817
5.1232	-1.9456	0.015215
5.1232	-1.8452	0.014108
5.1232	-1.8201	0.02215
5.1232	-1.795	0.021922
5.1232	-1.7699	0.013464
5.1232	-1.6695	0.022071
5.1232	-1.6444	0.030095
5.1232	-1.6192	0.024699
5.1232	-1.5941	0.011471
5.1232	-1.5188	0.021713
5.1232	-1.4937	0.0383
5.1232	-1.4686	0.041618
5.1232	-1.4435	0.027493
5.1232	-1.3682	0.022374
5.1232	-1.3431	0.057489
5.1232	-1.318	0.083065
5.1232	-1.2929	0.073415
5.1232	-1.2678	0.037373
5.1232	-1.2176	0.016677
5.1232	-1.1925	0.078323
5.1232	-1.1674	0.16263
5.1232	-1.1423	0.20645
5.1232	-1.1172	0.16539
5.1232	-1.0921	0.06442
5.1232	-1.0418	0.15587
5.1232	-1.0167	0.5735
5.1232	-0.99163	1.2891
5.1232	-0.96653	2.103
5.1232	-0.94142	2.8177
5.1232	-0.91632	3.1424
5.1232	-0.89121	3.0148
5.1232	-0.86611	2.4839
5.1232	-0.841	1.7057
5.1232	-0.8159	0.95818
5.1232	-0.79079	0.40371
5.1232	-0.76569	0.10034
5.1232	-0.71548	0.029812
5.1232	-0.69038	0.071059
5.1232	-0.66527	0.084193
5.1232	-0.64017	0.061868
5.1232	-0.61506	0.027348
5.1232	-0.51464	0.014446
5.1232	-0.48954	0.015155
5.1232	-0.46444	0.0096988
5.1232	0.31381	0.011233
5.1232	0.33891	0.022008
5.1232	0.36402	0.032629
5.1232	0.38912	0.039581
5.1232	0.41423	0.040905
5.1232	0.43933	0.035648
5.1232	0.46444	0.026426
5.1232	0.48954	0.016261
5.1482	-2.2469	0.013379
5.1482	-2.2218	0.019243
5.1482	-2.1967	0.023946
5.1482	-2.1715	0.024879
5.1482	-2.1464	0.020589
5.1482	-2.1213	0.013422
5.1482	-1.9958	0.010653
5.1482	-1.9707	0.011432
5.1482	-1.8452	0.010187
5.1482	-1.8201	0.01475
5.1482	-1.795	0.013864
5.1482	-1.6695	0.018269
5.1482	-1.6444	0.023052
5.1482	-1.6192	0.017914
5.1482	-1.5188	0.020449
5.1482	-1.4937	0.033574
5.1482	-1.4686	0.03402
5.1482	-1.4435	0.020702
5.1482	-1.3682	0.025008
5.1482	-1.3431	0.057909
5.1482	-1.318	0.078819
5.1482	-1.2929	0.06507
5.1482	-1.2678	0.029265
5.1482	-1.2176	0.023502
5.1482	-1.1925	0.095076
5.1482	-1.1674	0.18088
5.1482	-1.1423	0.21659
5.1482	-1.1172	0.1602
5.1482	-1.0921	0.052048
5.1482	-1.0418	0.22768
5.1482	-1.0167	0.78318
5.1482	-0.99163	1.672
5.1482	-0.96653	2.6709
5.1482	-0.94142	3.5277
5.1482	-0.91632	3.9015
5.1482	-0.89121	3.715
5.1482	-0.86611	3.032
5.1482	-0.841	2.0605
5.1482	-0.8159	1.1323
5.1482	-0.79079	0.45147
5.1482	-0.76569	0.10163
5.1482	-0.71548	0.055541
5.1482	-0.69038	0.11612
5.1482	-0.66527	0.1278
5.1482	-0.64017	0.089793
5.1482	-0.61506	0.036604
5.1482	-0.53975	0.017179
5.1482	-0.51464	0.028384
5.1482	-0.48954	0.028424
5.1482	-0.46444	0.018103
5.1482	0.33891	0.016634
5.1482	0.36402	0.025582
5.1482	0.38912	0.031942
5.1482	0.41423	0.033932
5.1482	0.43933	0.030176
5.1482	0.46444	0.023025
5.1482	0.48954	0.014287
5.1733	-1.6695	0.013096
5.1733	-1.6444	0.01555
5.1733	-1.6192	0.01148
5.1733	-1.5188	0.01701
5.1733	-1.4937	0.026126
5.1733	-1.4686	0.024976
5.1733	-1.4435	0.013649
5.1733	-1.3682	0.024853
5.1733	-1.3431	0.052388
5.1733	-1.318	0.067397
5.1733	-1.2929	0.052117
5.1733	-1.2678	0.02012
5.1733	-1.2176	0.03035
5.1733	-1.1925	0.10327
5.1733	-1.1674	0.18163
5.1733	-1.1423	0.203
5.1733	-1.1172	0.13824
5.1733	-1.0921	0.036956
5.1733	-1.0669	0.023465
5.1733	-1.0418	0.30904
5.1733	-1.0167	0.97198
5.1733	-0.99163	1.9594
5.1733	-0.96653	3.0735
5.1733	-0.94142	3.9879
5.1733	-0.91632	4.3664
5.1733	-0.89121	4.1152
5.1733	-0.86611	3.3266
5.1733	-0.841	2.2282
5.1733	-0.8159	1.1898
5.1733	-0.79079	0.45002
5.1733	-0.76569	0.084296
5.1733	-0.71548	0.0846
5.1733	-0.69038	0.16125
5.1733	-0.66527	0.16721
5.1733	-0.64017	0.11122
5.1733	-0.61506	0.041001
5.1733	-0.53975	0.029951
5.1733	-0.51464	0.045663
5.1733	-0.48954	0.043199
5.1733	-0.46444	0.025914
5.1733	-0.36402	0.010722
5.1733	-0.33891	0.013159
5.1733	-0.31381	0.010258
5.1733	0.36402	0.012343
5.1733	0.38912	0.016986
5.1733	0.41423	0.01924
5.1733	0.43933	0.018381
5.1733	0.46444	0.014133
5.1983	-1.5188	0.012216
5.1983	-1.4937	0.017866
5.1983	-1.4686	0.016191
5.1983	-1.3682	0.021815
5.1983	-1.3431	0.04227
5.1983	-1.318	0.051569
5.1983	-1.2929	0.036385
5.1983	-1.2678	0.011983
5.1983	-1.2176	0.034155
5.1983	-1.1925	0.10043
5.1983	-1.1674	0.16458
5.1983	-1.1423	0.17243
5.1983	-1.1172	0.10676
5.1983	-1.0921	0.018889
5.1983	-1.0669	0.043823
5.1983	-1.0418	0.37585
5.1983	-1.0167	1.0718
5.1983	-0.99163	2.0875
5.1983	-0.96653	3.2072
5.1983	-0.94142	4.1002
5.1983	-0.91632	4.4383
5.1983	-0.89121	4.1394
5.1983	-0.86611	3.3054
5.1983	-0.841	2.1777
5.1983	-0.8159	1.1235
5.1983	-0.79079	0.39454
5.1983	-0.76569	0.065908
5.1983	-0.74059	0.015538
5.1983	-0.71548	0.11726
5.1983	-0.69038	0.19835
5.1983	-0.66527	0.19347
5.1983	-0.64017	0.1187
5.1983	-0.61506	0.039585
5.1983	-0.56485	0.013557
5.1983	-0.53975	0.044701
5.1983	-0.51464	0.063224
5.1983	-0.48954	0.056279
5.1983	-0.46444	0.030793
5.1983	-0.36402	0.018948
5.1983	-0.33891	0.022323
5.1983	-0.31381	0.016278
5.1983	-0.18828	0.010912
5.1983	-0.16318	0.01004
5.2234	-2.272	0.010559
5.2234	-2.2469	0.011234
5.2234	-2.2218	0.010321
5.2234	-1.4937	0.010393
5.2234	-1.3682	0.016633
5.2234	-1.3431	0.029915
5.2234	-1.318	0.034733
5.2234	-1.2929	0.022366
5.2234	-1.2176	0.032097
5.2234	-1.1925	0.087007
5.2234	-1.1674	0.13366
5.2234	-1.1423	0.13149
5.2234	-1.1172	0.071088
5.2234	-1.0921	0.01362
5.2234	-1.0669	0.062033
5.2234	-1.0418	0.40063
5.2234	-1.0167	1.0753
5.2234	-0.99163	2.0188
5.2234	-0.96653	3.0502
5.2234	-0.94142	3.842
5.2234	-0.91632	4.1202
5.2234	-0.89121	3.7982
5.2234	-0.86611	2.9921
5.2234	-0.841	1.9243
5.2234	-0.8159	0.96499
5.2234	-0.79079	0.31447
5.2234	-0.76569	0.036646
5.2234	-0.74059	0.030243
5.2234	-0.71548	0.14292
5.2234	-0.69038	0.2188
5.2234	-0.66527	0.20076
5.2234	-0.64017	0.11607
5.2234	-0.61506	0.033003
5.2234	-0.56485	0.022493
5.2234	-0.53975	0.059129
5.2234	-0.51464	0.077262
5.2234	-0.48954	0.064685
5.2234	-0.46444	0.033173
5.2234	-0.38912	0.013852
5.2234	-0.36402	0.028718
5.2234	-0.33891	0.031544
5.2234	-0.31381	0.020984
5.2234	-0.21339	0.012748
5.2234	-0.18828	0.018004
5.2234	-0.16318	0.015995
5.2234	-0.037657	0.010117
5.2234	-0.012552	0.011385
5.2484	-2.2971	0.012374
5.2484	-2.272	0.016661
5.2484	-2.2469	0.018912
5.2484	-2.2218	0.018375
5.2484	-2.1967	0.014913
5.2484	-2.1715	0.0099979
5.2484	-1.3682	0.010631
5.2484	-1.3431	0.018053
5.2484	-1.318	0.020001
5.2484	-1.2929	0.012329
5.2484	-1.2176	0.027844
5.2484	-1.1925	0.066148
5.2484	-1.1674	0.095457
5.2484	-1.1423	0.087977
5.2484	-1.1172	0.040926
5.2484	-1.0669	0.073414
5.2484	-1.0418	0.38937
5.2484	-1.0167	0.95614
5.2484	-0.99163	1.7741
5.2484	-0.96653	2.6272
5.2484	-0.94142	3.2688
5.2484	-0.91632	3.4727
5.2484	-0.89121	3.1725
5.2484	-0.86611	2.4621
5.2484	-0.841	1.5464
5.2484	-0.8159	0.74868
5.2484	-0.79079	0.22036
5.2484	-0.76569	0.019896
5.2484	-0.74059	0.045064
5.2484	-0.71548	0.15633
5.2484	-0.69038	0.21756
5.2484	-0.66527	0.18789
5.2484	-0.64017	0.10122
5.2484	-0.61506	0.023642
5.2484	-0.56485	0.029974
5.2484	-0.53975	0.069798
5.2484	-0.51464	0.084589
5.2484	-0.48954	0.066701
5.2484	-0.46444	0.030899
5.2484	-0.38912	0.020659
5.2484	-0.36402	0.03767
5.2484	-0.33891	0.038626
5.2484	-0.31381	0.024458
5.2484	-0.21339	0.019229
5.2484	-0.18828	0.025521
5.2484	-0.16318	0.021544
5.2484	-0.13808	0.010511
5.2484	-0.062762	0.0095817
5.2484	-0.037657	0.017523
5.2484	-0.012552	0.019032
5.2484	0.012552	0.01275
5.2484	0.11297	0.009842
5.2484	0.13808	0.015532
5.2484	0.16318	0.015079
5.2484	0.2887	0.018533
5.2484	0.31381	0.030437
5.2484	0.33891	0.037106
5.2484	0.36402	0.035975
5.2484	0.38912	0.029442
5.2484	0.41423	0.019457
5.2484	0.43933	0.010677
5.2735	-2.2971	0.013697
5.2735	-2.272	0.018676
5.2735	-2.2469	0.021676
5.2735	-2.2218	0.021692
5.2735	-2.1967	0.017994
5.2735	-2.1715	0.012369
5.2735	-1.2176	0.01944
5.2735	-1.1925	0.042866
5.2735	-1.1674	0.058511
5.2735	-1.1423	0.050505
5.2735	-1.1172	0.019382
5.2735	-1.0669	0.072019
5.2735	-1.0418	0.32678
5.2735	-1.0167	0.77529
5.2735	-0.99163	1.3823
5.2735	-0.96653	2.0157
5.2735	-0.94142	2.5076
5.2735	-0.91632	2.6396
5.2735	-0.89121	2.3906
5.2735	-0.86611	1.8301
5.2735	-0.841	1.1371
5.2735	-0.8159	0.52328
5.2735	-0.79079	0.13003
5.2735	-0.76569	0.013629
5.2735	-0.74059	0.055098
5.2735	-0.71548	0.15162
5.2735	-0.69038	0.19422
5.2735	-0.66527	0.15857
5.2735	-0.64017	0.079789
5.2735	-0.61506	0.014337
5.2735	-0.56485	0.036142
5.2735	-0.53975	0.073782
5.2735	-0.51464	0.083233
5.2735	-0.48954	0.061679
5.2735	-0.46444	0.025553
5.2735	-0.38912	0.026789
5.2735	-0.36402	0.043965
5.2735	-0.33891	0.042694
5.2735	-0.31381	0.025184
5.2735	-0.23849	0.011074
5.2735	-0.21339	0.025574
5.2735	-0.18828	0.031715
5.2735	-0.16318	0.025334
5.2735	-0.13808	0.011129
5.2735	-0.062762	0.01516
5.2735	-0.037657	0.026053
5.2735	-0.012552	0.026544
5.2735	0.012552	0.017324
5.2735	0.11297	0.018955
5.2735	0.13808	0.027352
5.2735	0.16318	0.025677
5.2735	0.18828	0.014214
5.2735	0.2636	0.019714
5.2735	0.2887	0.047624
5.2735	0.31381	0.078435
5.2735	0.33891	0.09821
5.2735	0.36402	0.10169
5.2735	0.38912	0.0875
5.2735	0.41423	0.064973
5.2735	0.43933	0.041096
5.2735	0.46444	0.019945
5.2985	-2.2971	0.011715
5.2985	-2.272	0.016259
5.2985	-2.2469	0.019151
5.2985	-2.2218	0.01946
5.2985	-2.1967	0.016367
5.2985	-2.1715	0.011334
5.2985	-1.2176	0.010367
5.2985	-1.1925	0.022297
5.2985	-1.1674	0.029128
5.2985	-1.1423	0.023767
5.2985	-1.0669	0.058539
5.2985	-1.0418	0.23348
5.2985	-1.0167	0.53678
5.2985	-0.99163	0.94493
5.2985	-0.96653	1.37
5.2985	-0.94142	1.6953
5.2985	-0.91632	1.7785
5.2985	-0.89121	1.5973
5.2985	-0.86611	1.2117
5.2985	-0.841	0.72945
5.2985	-0.8159	0.31994
5.2985	-0.79079	0.070016
5.2985	-0.74059	0.056856
5.2985	-0.71548	0.13022
5.2985	-0.69038	0.15694
5.2985	-0.66527	0.12083
5.2985	-0.64017	0.054993
5.2985	-0.56485	0.038297
5.2985	-0.53975	0.070379
5.2985	-0.51464	0.074444
5.2985	-0.48954	0.051374
5.2985	-0.46444	0.018803
5.2985	-0.38912	0.03069
5.2985	-0.36402	0.046253
5.2985	-0.33891	0.042064
5.2985	-0.31381	0.02308
5.2985	-0.23849	0.014676
5.2985	-0.21339	0.03037
5.2985	-0.18828	0.03538
5.2985	-0.16318	0.026465
5.2985	-0.13808	0.010326
5.2985	-0.062762	0.021072
5.2985	-0.037657	0.033864
5.2985	-0.012552	0.032735
5.2985	0.012552	0.019665
5.2985	0.087866	0.012026
5.2985	0.11297	0.029765
5.2985	0.13808	0.040654
5.2985	0.16318	0.036302
5.2985	0.18828	0.018165
5.2985	0.2636	0.03997
5.2985	0.2887	0.094221
5.2985	0.31381	0.15208
5.2985	0.33891	0.19251
5.2985	0.36402	0.20139
5.2985	0.38912	0.17793
5.2985	0.41423	0.13482
5.2985	0.43933	0.086068
5.2985	0.46444	0.045577
5.2985	0.48954	0.018103
5.3236	-2.272	0.010884
5.3236	-2.2469	0.013117
5.3236	-2.2218	0.013583
5.3236	-2.1967	0.011573
5.3236	-1.1674	0.010367
5.3236	-1.0669	0.036873
5.3236	-1.0418	0.13517
5.3236	-1.0167	0.30604
5.3236	-0.99163	0.54023
5.3236	-0.96653	0.78653
5.3236	-0.94142	0.97851
5.3236	-0.91632	1.0297
5.3236	-0.89121	0.92521
5.3236	-0.86611	0.69734
5.3236	-0.841	0.41411
5.3236	-0.8159	0.16891
5.3236	-0.79079	0.032228
5.3236	-0.74059	0.049734
5.3236	-0.71548	0.099304
5.3236	-0.69038	0.11249
5.3236	-0.66527	0.0815
5.3236	-0.64017	0.033849
5.3236	-0.56485	0.035984
5.3236	-0.53975	0.060131
5.3236	-0.51464	0.059834
5.3236	-0.48954	0.038239
5.3236	-0.46444	0.012234
5.3236	-0.41423	0.011041
5.3236	-0.38912	0.031423
5.3236	-0.36402	0.043799
5.3236	-0.33891	0.037415
5.3236	-0.31381	0.018831
5.3236	-0.23849	0.017168
5.3236	-0.21339	0.032375
5.3236	-0.18828	0.035529
5.3236	-0.16318	0.024764
5.3236	-0.062762	0.026326
5.3236	-0.037657	0.039324
5.3236	-0.012552	0.035884
5.3236	0.012552	0.019817
5.3236	0.087866	0.018591
5.3236	0.11297	0.041197
5.3236	0.13808	0.052816
5.3236	0.16318	0.044385
5.3236	0.18828	0.01972
5.3236	0.23849	0.015037
5.3236	0.2636	0.070498
5.3236	0.2887	0.15619
5.3236	0.31381	0.24576
5.3236	0.33891	0.30864
5.3236	0.36402	0.32357
5.3236	0.38912	0.2866
5.3236	0.41423	0.21872
5.3236	0.43933	0.14085
5.3236	0.46444	0.074379
5.3236	0.48954	0.029246
5.3486	-1.0669	0.015692
5.3486	-1.0418	0.057288
5.3486	-1.0167	0.13314
5.3486	-0.99163	0.23685
5.3486	-0.96653	0.35655
5.3486	-0.94142	0.45122
5.3486	-0.91632	0.48518
5.3486	-0.89121	0.44079
5.3486	-0.86611	0.335
5.3486	-0.841	0.19857
5.3486	-0.8159	0.072646
5.3486	-0.79079	0.012242
5.3486	-0.74059	0.036408
5.3486	-0.71548	0.065179
5.3486	-0.69038	0.07026
5.3486	-0.66527	0.048003
5.3486	-0.64017	0.018143
5.3486	-0.56485	0.029924
5.3486	-0.53975	0.045753
5.3486	-0.51464	0.042948
5.3486	-0.48954	0.025402
5.3486	-0.41423	0.011857
5.3486	-0.38912	0.02856
5.3486	-0.36402	0.037255
5.3486	-0.33891	0.029972
5.3486	-0.31381	0.013822
5.3486	-0.23849	0.017961
5.3486	-0.21339	0.031079
5.3486	-0.18828	0.032216
5.3486	-0.16318	0.020738
5.3486	-0.087866	0.011394
5.3486	-0.062762	0.029371
5.3486	-0.037657	0.041026
5.3486	-0.012552	0.035236
5.3486	0.012552	0.017629
5.3486	0.087866	0.025167
5.3486	0.11297	0.050571
5.3486	0.13808	0.060915
5.3486	0.16318	0.047828
5.3486	0.18828	0.018551
5.3486	0.23849	0.028071
5.3486	0.2636	0.10702
5.3486	0.2887	0.22552
5.3486	0.31381	0.34661
5.3486	0.33891	0.42872
5.3486	0.36402	0.44683
5.3486	0.38912	0.39496
5.3486	0.41423	0.29983
5.3486	0.43933	0.19223
5.3486	0.46444	0.099601
5.3486	0.48954	0.038115
5.3486	0.51464	0.0093936
5.3737	-1.0418	0.011636
5.3737	-1.0167	0.031448
5.3737	-0.99163	0.060486
5.3737	-0.96653	0.098317
5.3737	-0.94142	0.13978
5.3737	-0.91632	0.15938
5.3737	-0.89121	0.15155
5.3737	-0.86611	0.12114
5.3737	-0.841	0.073331
5.3737	-0.8159	0.024218
5.3737	-0.74059	0.021349
5.3737	-0.71548	0.03581
5.3737	-0.69038	0.036698
5.3737	-0.66527	0.023657
5.3737	-0.56485	0.020853
5.3737	-0.53975	0.03031
5.3737	-0.51464	0.026768
5.3737	-0.48954	0.01445
5.3737	-0.41423	0.01094
5.3737	-0.38912	0.023061
5.3737	-0.36402	0.028464
5.3737	-0.33891	0.021441
5.3737	-0.23849	0.016759
5.3737	-0.21339	0.026901
5.3737	-0.18828	0.026278
5.3737	-0.16318	0.015531
5.3737	-0.087866	0.012989
5.3737	-0.062762	0.029459
5.3737	-0.037657	0.038676
5.3737	-0.012552	0.031125
5.3737	0.012552	0.013938
5.3737	0.087866	0.030535
5.3737	0.11297	0.055601
5.3737	0.13808	0.063504
5.3737	0.16318	0.045966
5.3737	0.18828	0.015266
5.3737	0.23849	0.043395
5.3737	0.2636	0.14648
5.3737	0.2887	0.29055
5.3737	0.31381	0.43413
5.3737	0.33891	0.53087
5.3737	0.36402	0.54788
5.3737	0.38912	0.4793
5.3737	0.41423	0.36223
5.3737	0.43933	0.22789
5.3737	0.46444	0.11636
5.3737	0.48954	0.042505
5.3737	0.51464	0.0094617
5.3987	-0.94142	0.013486
5.3987	-0.91632	0.020902
5.3987	-0.89121	0.025243
5.3987	-0.86611	0.023328
5.3987	-0.841	0.014062
5.3987	-0.71548	0.014271
5.3987	-0.69038	0.014556
5.3987	-0.66527	0.009445
5.3987	-0.56485	0.012671
5.3987	-0.53975	0.016864
5.3987	-0.51464	0.014071
5.3987	-0.38912	0.016672
5.3987	-0.36402	0.019023
5.3987	-0.33891	0.013502
5.3987	-0.23849	0.014085
5.3987	-0.21339	0.020846
5.3987	-0.18828	0.019131
5.3987	-0.16318	0.010347
5.3987	-0.087866	0.012916
5.3987	-0.062762	0.026956
5.3987	-0.037657	0.032868
5.3987	-0.012552	0.024658
5.3987	0.012552	0.009754
5.3987	0.062762	0.0096605
5.3987	0.087866	0.032933
5.3987	0.11297	0.055731
5.3987	0.13808	0.059173
5.3987	0.16318	0.039517
5.3987	0.18828	0.010308
5.3987	0.23849	0.057461
5.3987	0.2636	0.17753
5.3987	0.2887	0.33774
5.3987	0.31381	0.49287
5.3987	0.33891	0.59344
5.3987	0.36402	0.60511
5.3987	0.38912	0.52596
5.3987	0.41423	0.39178
5.3987	0.43933	0.24408
5.3987	0.46444	0.121
5.3987	0.48954	0.041609
5.4238	-1.0669	0.010345
5.4238	-1.0418	0.02019
5.4238	-1.0167	0.024937
5.4238	-0.99163	0.026735
5.4238	-0.96653	0.022107
5.4238	-0.94142	0.014354
5.4238	-0.38912	0.010065
5.4238	-0.36402	0.010937
5.4238	-0.23849	0.0099389
5.4238	-0.21339	0.014202
5.4238	-0.18828	0.012231
5.4238	-0.087866	0.01138
5.4238	-0.062762	0.021834
5.4238	-0.037657	0.024995
5.4238	-0.012552	0.017697
5.4238	0.062762	0.010676
5.4238	0.087866	0.031985
5.4238	0.11297	0.050141
5.4238	0.13808	0.050003
5.4238	0.16318	0.030261
5.4238	0.21339	0.0092981
5.4238	0.23849	0.069595
5.4238	0.2636	0.19402
5.4238	0.2887	0.3563
5.4238	0.31381	0.50749
5.4238	0.33891	0.60284
5.4238	0.36402	0.60839
5.4238	0.38912	0.52221
5.4238	0.41423	0.38418
5.4238	0.43933	0.23467
5.4238	0.46444	0.11344
5.4238	0.48954	0.036197
5.4238	0.58996	0.010656
5.4238	0.61506	0.0096777
5.4489	-1.0669	0.024443
5.4489	-1.0418	0.046466
5.4489	-1.0167	0.068945
5.4489	-0.99163	0.083048
5.4489	-0.96653	0.082342
5.4489	-0.94142	0.069209
5.4489	-0.91632	0.049149
5.4489	-0.89121	0.026473
5.4489	-0.86611	0.011778
5.4489	-0.062762	0.015455
5.4489	-0.037657	0.016772
5.4489	-0.012552	0.011035
5.4489	0.062762	0.010791
5.4489	0.087866	0.02755
5.4489	0.11297	0.040417
5.4489	0.13808	0.037895
5.4489	0.16318	0.020338
5.4489	0.21339	0.012863
5.4489	0.23849	0.074315
5.4489	0.2636	0.19364
5.4489	0.2887	0.34147
5.4489	0.31381	0.47598
5.4489	0.33891	0.55901
5.4489	0.36402	0.55711
5.4489	0.38912	0.47379
5.4489	0.41423	0.34332
5.4489	0.43933	0.20469
5.4489	0.46444	0.096447
5.4489	0.48954	0.028078
5.4489	0.58996	0.011515
5.4489	0.61506	0.0098873
5.4739	-1.0921	0.012776
5.4739	-1.0669	0.03554
5.4739	-1.0418	0.068948
5.4739	-1.0167	0.10551
5.4739	-0.99163	0.13055
5.4739	-0.96653	0.13618
5.4739	-0.94142	0.12211
5.4739	-0.91632	0.091793
5.4739	-0.89121	0.057997
5.4739	-0.86611	0.027645
5.4739	-0.062762	0.0092949
5.4739	-0.037657	0.0096199
5.4739	0.087866	0.020582
5.4739	0.11297	0.028608
5.4739	0.13808	0.025451
5.4739	0.16318	0.011837
5.4739	0.21339	0.014838
5.4739	0.23849	0.071834
5.4739	0.2636	0.17007
5.4739	0.2887	0.29571
5.4739	0.31381	0.40512
5.4739	0.33891	0.46912
5.4739	0.36402	0.46367
5.4739	0.38912	0.39099
5.4739	0.41423	0.27861
5.4739	0.43933	0.16195
5.4739	0.46444	0.07444
5.4739	0.48954	0.019667
5.4739	0.58996	0.011394
5.499	-1.0921	0.014407
5.499	-1.0669	0.038883
5.499	-1.0418	0.075465
5.499	-1.0167	0.11472
5.499	-0.99163	0.14521
5.499	-0.96653	0.15479
5.499	-0.94142	0.14284
5.499	-0.91632	0.11078
5.499	-0.89121	0.071063
5.499	-0.86611	0.034914
5.499	-0.841	0.011822
5.499	0.087866	0.01345
5.499	0.11297	0.017552
5.499	0.13808	0.014461
5.499	0.21339	0.014328
5.499	0.23849	0.060567
5.499	0.2636	0.13482
5.499	0.2887	0.22918
5.499	0.31381	0.30957
5.499	0.33891	0.356
5.499	0.36402	0.348
5.499	0.38912	0.29119
5.499	0.41423	0.20458
5.499	0.43933	0.11606
5.499	0.46444	0.051598
5.499	0.48954	0.011743
5.499	0.58996	0.010031
5.524	-1.0921	0.012618
5.524	-1.0669	0.032999
5.524	-1.0418	0.063924
5.524	-1.0167	0.097157
5.524	-0.99163	0.12501
5.524	-0.96653	0.13556
5.524	-0.94142	0.12722
5.524	-0.91632	0.099995
5.524	-0.89121	0.064412
5.524	-0.86611	0.031409
5.524	-0.841	0.01024
5.524	0.21339	0.011454
5.524	0.23849	0.043392
5.524	0.2636	0.094322
5.524	0.2887	0.15488
5.524	0.31381	0.20905
5.524	0.33891	0.23753
5.524	0.36402	0.23224
5.524	0.38912	0.19151
5.524	0.41423	0.13458
5.524	0.43933	0.075698
5.524	0.46444	0.031405
5.5491	-1.0669	0.020902
5.5491	-1.0418	0.040838
5.5491	-1.0167	0.063387
5.5491	-0.99163	0.083144
5.5491	-0.96653	0.092108
5.5491	-0.94142	0.087989
5.5491	-0.91632	0.070185
5.5491	-0.89121	0.04547
5.5491	-0.86611	0.021768
5.5491	0.23849	0.024617
5.5491	0.2636	0.053055
5.5491	0.2887	0.087736
5.5491	0.31381	0.11846
5.5491	0.33891	0.13571
5.5491	0.36402	0.1329
5.5491	0.38912	0.11006
5.5491	0.41423	0.076181
5.5491	0.43933	0.042082
5.5491	0.46444	0.016251
5.5491	1.6444	0.010396
5.5491	1.6695	0.010027
5.5741	-1.0418	0.017251
5.5741	-1.0167	0.028806
5.5741	-0.99163	0.039444
5.5741	-0.96653	0.045672
5.5741	-0.94142	0.045231
5.5741	-0.91632	0.037066
5.5741	-0.89121	0.024526
5.5741	-0.86611	0.011601
5.5741	0.23849	0.010277
5.5741	0.2636	0.022308
5.5741	0.2887	0.037864
5.5741	0.31381	0.0526
5.5741	0.33891	0.061704
5.5741	0.36402	0.061645
5.5741	0.38912	0.05184
5.5741	0.41423	0.036061
5.5741	0.43933	0.019541
5.5741	1.5941	0.0093253
5.5741	1.6192	0.012743
5.5741	1.6444	0.014632
5.5741	1.6695	0.01405
5.5741	1.6946	0.011641
5.5992	-0.99163	0.009924
5.5992	-0.96653	0.013097
5.5992	-0.94142	0.01452
5.5992	-0.91632	0.012795
5.5992	0.2887	0.0095989
5.5992	0.31381	0.014857
5.5992	0.33891	0.018792
5.5992	0.36402	0.020078
5.5992	0.38912	0.017553
5.5992	0.41423	0.012677
5.5992	1.5941	0.011968
5.5992	1.6192	0.016037
5.5992	1.6444	0.018248
5.5992	1.6695	0.017372
5.5992	1.6946	0.014314
5.5992	1.7197	0.0098253
5.6242	1.5941	0.01381
5.6242	1.6192	0.018251
5.6242	1.6444	0.02051
5.6242	1.6695	0.01936
5.6242	1.6946	0.015726
5.6242	1.7197	0.010614
5.6493	-1.0418	0.0097972
5.6493	-1.0167	0.0097812
5.6493	1.5941	0.014511
5.6493	1.6192	0.018907
5.6493	1.6444	0.020966
5.6493	1.6695	0.019542
5.6493	1.6946	0.015665
5.6493	1.7197	0.010416
5.6743	-1.0921	0.010968
5.6743	-1.0669	0.017717
5.6743	-1.0418	0.022925
5.6743	-1.0167	0.025139
5.6743	-0.99163	0.02335
5.6743	-0.96653	0.017892
5.6743	-0.94142	0.011704
5.6743	0.2636	0.0109
5.6743	0.2887	0.012341
5.6743	0.31381	0.01127
5.6743	1.5941	0.01384
5.6743	1.6192	0.017761
5.6743	1.6444	0.019527
5.6743	1.6695	0.018011
5.6743	1.6946	0.014233
5.6743	1.7197	0.0092813
5.6994	-1.0921	0.015182
5.6994	-1.0669	0.025412
5.6994	-1.0418	0.033771
5.6994	-1.0167	0.038334
5.6994	-0.99163	0.036906
5.6994	-0.96653	0.029888
5.6994	-0.94142	0.020536
5.6994	-0.91632	0.011315
5.6994	0.23849	0.011761
5.6994	0.2636	0.016668
5.6994	0.2887	0.019252
5.6994	0.31381	0.018515
5.6994	0.33891	0.015267
5.6994	0.36402	0.010722
5.6994	1.5941	0.012067
5.6994	1.6192	0.015179
5.6994	1.6444	0.016535
5.6994	1.6695	0.015039
5.6994	1.6946	0.011721
5.7244	-1.0921	0.016999
5.7244	-1.0669	0.028041
5.7244	-1.0418	0.037783
5.7244	-1.0167	0.043175
5.7244	-0.99163	0.042377
5.7244	-0.96653	0.035137
5.7244	-0.94142	0.02457
5.7244	-0.91632	0.013768
5.7244	0.23849	0.01271
5.7244	0.2636	0.017957
5.7244	0.2887	0.021221
5.7244	0.31381	0.020865
5.7244	0.33891	0.017742
5.7244	0.36402	0.012731
5.7244	1.5941	0.0094087
5.7244	1.6192	0.011683
5.7244	1.6444	0.012629
5.7244	1.6695	0.011365
5.7495	-1.0921	0.015123
5.7495	-1.0669	0.024931
5.7495	-1.0418	0.033769
5.7495	-1.0167	0.038991
5.7495	-0.99163	0.038613
5.7495	-0.96653	0.032279
5.7495	-0.94142	0.022798
5.7495	-0.91632	0.012643
5.7495	0.23849	0.010693
5.7495	0.2636	0.015148
5.7495	0.2887	0.018088
5.7495	0.31381	0.018061
5.7495	0.33891	0.01558
5.7495	0.36402	0.011377
5.7745	-1.0921	0.010912
5.7745	-1.0669	0.017807
5.7745	-1.0418	0.024377
5.7745	-1.0167	0.028462
5.7745	-0.99163	0.028456
5.7745	-0.96653	0.024
5.7745	-0.94142	0.017054
5.7745	-0.91632	0.0093085
5.7745	0.2636	0.0097546
5.7745	0.2887	0.01194
5.7745	0.31381	0.012169
5.7745	0.33891	0.010691
5.7996	-1.0669	0.0097518
5.7996	-1.0418	0.013623
5.7996	-1.0167	0.016235
5.7996	-0.99163	0.016584
5.7996	-0.96653	0.014186
5.7996	-0.94142	0.010072
