-5.9749	0.99163	0.0020903
-5.9749	1.0167	0.0029603
-5.9749	1.0418	0.0036072
-5.9749	1.0669	0.0038074
-5.9749	1.0921	0.0034646
-5.9749	1.1172	0.0026689
-5.9749	1.1423	0.0016849
-5.9749	2.3724	0.0015392
-5.9749	2.3975	0.0015182
-5.9499	1.0418	0.0018194
-5.9499	1.0669	0.0019459
-5.9499	1.0921	0.0017978
-5.8246	0.99163	0.001664
-5.8246	1.0167	0.0019181
-5.8246	1.0418	0.0019077
-5.8246	1.0669	0.0016471
-5.7996	0.96653	0.0020297
-5.7996	0.99163	0.002655
-5.7996	1.0167	0.0029872
-5.7996	1.0418	0.0029145
-5.7996	1.0669	0.0024715
-5.7996	1.0921	0.0017877
-5.7745	0.94142	0.001891
-5.7745	0.96653	0.002849
-5.7745	0.99163	0.003629
-5.7745	1.0167	0.0039778
-5.7745	1.0418	0.0037987
-5.7745	1.0669	0.0031416
-5.7745	1.0921	0.0022043
-5.7495	0.94142	0.0023695
-5.7495	0.96653	0.0034897
-5.7495	0.99163	0.0043496
-5.7495	1.0167	0.0046676
-5.7495	1.0418	0.0043638
-5.7495	1.0669	0.0035199
-5.7495	1.0921	0.0024025
-5.7244	0.94142	0.0025566
-5.7244	0.96653	0.0037064
-5.7244	0.99163	0.0045613
-5.7244	1.0167	0.0048297
-5.7244	1.0418	0.0044379
-5.7244	1.0669	0.0035077
-5.7244	1.0921	0.002318
-5.6994	0.94142	0.0023076
-5.6994	0.96653	0.0033311
-5.6994	0.99163	0.0040784
-5.6994	1.0167	0.0043092
-5.6994	1.0418	0.0039248
-5.6994	1.0669	0.0030542
-5.6994	1.0921	0.0019704
-5.6743	0.94142	0.0016411
-5.6743	0.96653	0.0023896
-5.6743	0.99163	0.0029688
-5.6743	1.0167	0.0031592
-5.6743	1.0418	0.0028956
-5.6743	1.0669	0.0022467
-5.6493	0.99163	0.0015675
-5.6493	1.0167	0.0017405
-5.6493	1.0418	0.0016434
-5.5491	0.91632	0.0015573
-5.5491	0.94142	0.0019517
-5.5491	0.96653	0.0020258
-5.5491	0.99163	0.0017635
-5.524	0.89121	0.001545
-5.524	0.91632	0.0024524
-5.524	0.94142	0.003135
-5.524	0.96653	0.0033535
-5.524	0.99163	0.0030399
-5.524	1.0167	0.0023157
-5.499	0.89121	0.0018227
-5.499	0.91632	0.0028944
-5.499	0.94142	0.0037457
-5.499	0.96653	0.0040729
-5.499	0.99163	0.0037629
-5.499	1.0167	0.0029303
-5.499	1.0418	0.0018724
-5.4739	0.89121	0.0017078
-5.4739	0.91632	0.002705
-5.4739	0.94142	0.0035226
-5.4739	0.96653	0.0038808
-5.4739	0.99163	0.0036257
-5.4739	1.0167	0.0028559
-5.4739	1.0418	0.0018358
-5.4489	0.91632	0.0021064
-5.4489	0.94142	0.0027376
-5.4489	0.96653	0.0030161
-5.4489	0.99163	0.0028369
-5.4489	1.0167	0.0022396
-5.4238	0.91632	0.0016761
-5.4238	0.94142	0.002065
-5.4238	0.96653	0.00219
-5.4238	0.99163	0.0019985
-5.4238	1.0167	0.0015408
-5.3987	0.89121	0.0016279
-5.3987	0.91632	0.0020926
-5.3987	0.94142	0.0022906
-5.3987	0.96653	0.0021718
-5.3987	0.99163	0.001788
-5.3737	0.86611	0.0020036
-5.3737	0.89121	0.003008
-5.3737	0.91632	0.0036763
-5.3737	0.94142	0.003799
-5.3737	0.96653	0.0033647
-5.3737	0.99163	0.0025471
-5.3737	1.0167	0.0016151
-5.3486	0.841	0.0017728
-5.3486	0.86611	0.0034297
-5.3486	0.89121	0.0050622
-5.3486	0.91632	0.0061295
-5.3486	0.94142	0.0062812
-5.3486	0.96653	0.0054968
-5.3486	0.99163	0.0040882
-5.3486	1.0167	0.0025118
-5.3236	0.841	0.0025815
-5.3236	0.86611	0.0048281
-5.3236	0.89121	0.0070665
-5.3236	0.91632	0.0085738
-5.3236	0.94142	0.0087926
-5.3236	0.96653	0.0077107
-5.3236	0.99163	0.0057089
-5.3236	1.0167	0.0034764
-5.3236	1.0418	0.0016197
-5.2985	0.841	0.0030383
-5.2985	0.86611	0.0055955
-5.2985	0.89121	0.0081551
-5.2985	0.91632	0.0099068
-5.2985	0.94142	0.010209
-5.2985	0.96653	0.0089932
-5.2985	0.99163	0.00666
-5.2985	1.0167	0.0040209
-5.2985	1.0418	0.0018158
-5.2735	0.841	0.0029187
-5.2735	0.86611	0.0053073
-5.2735	0.89121	0.0077337
-5.2735	0.91632	0.009454
-5.2735	0.94142	0.0098181
-5.2735	0.96653	0.0086958
-5.2735	0.99163	0.0064462
-5.2735	1.0167	0.0038581
-5.2735	1.0418	0.001697
-5.2484	0.841	0.0022158
-5.2484	0.86611	0.0040335
-5.2484	0.89121	0.0059303
-5.2484	0.91632	0.0073366
-5.2484	0.94142	0.0077256
-5.2484	0.96653	0.0069078
-5.2484	0.99163	0.0051481
-5.2484	1.0167	0.003064
-5.2234	0.86611	0.0024038
-5.2234	0.89121	0.0036007
-5.2234	0.91632	0.0045333
-5.2234	0.94142	0.0048692
-5.2234	0.96653	0.0044258
-5.2234	0.99163	0.0033486
-5.2234	1.0167	0.0019964
-5.1983	0.89121	0.0019811
-5.1983	0.91632	0.0024356
-5.1983	0.94142	0.0025967
-5.1983	0.96653	0.0023835
-5.1983	0.99163	0.0018115
-5.1733	0.86611	0.0017521
-5.1733	0.89121	0.0020436
-5.1733	0.91632	0.0020921
-5.1733	0.94142	0.0019081
-5.1733	0.96653	0.0015448
-5.1482	0.8159	0.0016664
-5.1482	0.841	0.0027518
-5.1482	0.86611	0.0035831
-5.1482	0.89121	0.0039248
-5.1482	0.91632	0.0036883
-5.1482	0.94142	0.0029924
-5.1482	0.96653	0.0020756
-5.1232	0.8159	0.0028675
-5.1232	0.841	0.0046805
-5.1232	0.86611	0.006159
-5.1232	0.89121	0.0067956
-5.1232	0.91632	0.0063798
-5.1232	0.94142	0.0051118
-5.1232	0.96653	0.003464
-5.1232	0.99163	0.0018937
-5.0981	0.79079	0.0017493
-5.0981	0.8159	0.0038196
-5.0981	0.841	0.0062174
-5.0981	0.86611	0.0082343
-5.0981	0.89121	0.0091417
-5.0981	0.91632	0.0086915
-5.0981	0.94142	0.0070074
-5.0981	0.96653	0.0047145
-5.0981	0.99163	0.0025401
-5.0731	0.79079	0.0018748
-5.0731	0.8159	0.0040031
-5.0731	0.841	0.0065225
-5.0731	0.86611	0.0086965
-5.0731	0.89121	0.0097607
-5.0731	0.91632	0.0093796
-5.0731	0.94142	0.0076232
-5.0731	0.96653	0.0051357
-5.0731	0.99163	0.0027154
-5.0731	2.1967	0.0014942
-5.048	0.79079	0.0015377
-5.048	0.8159	0.0032593
-5.048	0.841	0.0053487
-5.048	0.86611	0.0072362
-5.048	0.89121	0.0082516
-5.048	0.91632	0.0080411
-5.048	0.94142	0.0066056
-5.048	0.96653	0.004465
-5.048	0.99163	0.0023197
-5.023	0.8159	0.0019843
-5.023	0.841	0.0033076
-5.023	0.86611	0.0045858
-5.023	0.89121	0.0053697
-5.023	0.91632	0.00535
-5.023	0.94142	0.0044752
-5.023	0.96653	0.0030739
-5.023	0.99163	0.0015727
-4.9979	0.841	0.0016056
-4.9979	0.86611	0.0022113
-4.9979	0.89121	0.0026368
-4.9979	0.91632	0.0026895
-4.9979	0.94142	0.0023072
-4.9979	0.96653	0.00161
-4.9729	0.86611	0.0015166
-4.9729	0.89121	0.001514
-4.9478	0.79079	0.0018724
-4.9478	0.8159	0.0026562
-4.9478	0.841	0.0030889
-4.9478	0.86611	0.0030258
-4.9478	0.89121	0.0025408
-4.9478	0.91632	0.0018542
-4.9228	-0.46444	0.0016152
-4.9228	-0.43933	0.0016664
-4.9228	0.76569	0.001847
-4.9228	0.79079	0.0035028
-4.9228	0.8159	0.0050553
-4.9228	0.841	0.0059723
-4.9228	0.86611	0.0059814
-4.9228	0.89121	0.0050838
-4.9228	0.91632	0.0036602
-4.9228	0.94142	0.0021746
-4.8977	-0.48954	0.0016189
-4.8977	-0.46444	0.0019943
-4.8977	-0.43933	0.0020887
-4.8977	-0.41423	0.0018682
-4.8977	0.76569	0.0025978
-4.8977	0.79079	0.0048784
-4.8977	0.8159	0.0071328
-4.8977	0.841	0.0086009
-4.8977	0.86611	0.0087855
-4.8977	0.89121	0.0076019
-4.8977	0.91632	0.0055676
-4.8977	0.94142	0.0033304
-4.8977	0.96653	0.0015338
-4.8727	-0.48954	0.0015364
-4.8727	-0.46444	0.0019149
-4.8727	-0.43933	0.0020374
-4.8727	-0.41423	0.0018408
-4.8727	0.76569	0.0027669
-4.8727	0.79079	0.0051939
-4.8727	0.8159	0.0076869
-4.8727	0.841	0.00943
-4.8727	0.86611	0.0097783
-4.8727	0.89121	0.0086228
-4.8727	0.91632	0.0063792
-4.8727	0.94142	0.003823
-4.8727	0.96653	0.0017086
-4.8476	-0.43933	0.0015439
-4.8476	0.76569	0.002159
-4.8476	0.79079	0.0041026
-4.8476	0.8159	0.0062123
-4.8476	0.841	0.0077967
-4.8476	0.86611	0.0082735
-4.8476	0.89121	0.0074493
-4.8476	0.91632	0.0055692
-4.8476	0.94142	0.0033364
-4.8225	0.79079	0.0021138
-4.8225	0.8159	0.0034012
-4.8225	0.841	0.0045066
-4.8225	0.86611	0.0049973
-4.8225	0.89121	0.0046538
-4.8225	0.91632	0.0035753
-4.8225	0.94142	0.0021507
-4.7975	0.86611	0.001754
-4.7975	0.89121	0.0017854
-4.7474	0.76569	0.0023814
-4.7474	0.79079	0.0029774
-4.7474	0.8159	0.0030819
-4.7474	0.841	0.0026819
-4.7474	0.86611	0.0019782
-4.7223	-0.48954	0.0015169
-4.7223	0.74059	0.0033388
-4.7223	0.76569	0.0054921
-4.7223	0.79079	0.0072018
-4.7223	0.8159	0.0078768
-4.7223	0.841	0.007312
-4.7223	0.86611	0.0057905
-4.7223	0.89121	0.0038425
-4.7223	0.91632	0.0020973
-4.6973	-0.51464	0.0017059
-4.6973	-0.48954	0.0019584
-4.6973	-0.46444	0.0019105
-4.6973	-0.43933	0.0015694
-4.6973	0.71548	0.0023169
-4.6973	0.74059	0.0052038
-4.6973	0.76569	0.0086058
-4.6973	0.79079	0.011496
-4.6973	0.8159	0.012866
-4.6973	0.841	0.012288
-4.6973	0.86611	0.010002
-4.6973	0.89121	0.006839
-4.6973	0.91632	0.0038015
-4.6973	0.94142	0.0015582
-4.6722	-0.51464	0.001636
-4.6722	-0.48954	0.001914
-4.6722	-0.46444	0.0019042
-4.6722	-0.43933	0.0015842
-4.6722	0.71548	0.0028157
-4.6722	0.74059	0.0061934
-4.6722	0.76569	0.010248
-4.6722	0.79079	0.013792
-4.6722	0.8159	0.015685
-4.6722	0.841	0.015191
-4.6722	0.86611	0.012555
-4.6722	0.89121	0.008673
-4.6722	0.91632	0.0048158
-4.6722	0.94142	0.0019078
-4.6472	0.71548	0.0026453
-4.6472	0.74059	0.0057192
-4.6472	0.76569	0.0094848
-4.6472	0.79079	0.01294
-4.6472	0.8159	0.014873
-4.6472	0.841	0.014607
-4.6472	0.86611	0.012236
-4.6472	0.89121	0.008493
-4.6472	0.91632	0.0046699
-4.6472	0.94142	0.0017767
-4.6221	0.71548	0.0018266
-4.6221	0.74059	0.0039608
-4.6221	0.76569	0.0066746
-4.6221	0.79079	0.0092743
-4.6221	0.8159	0.010905
-4.6221	0.841	0.01094
-4.6221	0.86611	0.0093097
-4.6221	0.89121	0.0065298
-4.6221	0.91632	0.0035623
-4.5971	0.74059	0.0019497
-4.5971	0.76569	0.0033637
-4.5971	0.79079	0.0048422
-4.5971	0.8159	0.0058987
-4.5971	0.841	0.0061184
-4.5971	0.86611	0.0053465
-4.5971	0.89121	0.0038213
-4.5971	0.91632	0.0020855
-4.572	0.76569	0.001633
-4.572	0.79079	0.0021397
-4.572	0.8159	0.0025062
-4.572	0.841	0.0025905
-4.572	0.86611	0.0022862
-4.572	0.89121	0.0016623
-4.547	0.71548	0.001584
-4.547	0.74059	0.0023459
-4.547	0.76569	0.0028087
-4.547	0.79079	0.0028494
-4.547	0.8159	0.0025349
-4.547	0.841	0.0020108
-4.5219	0.69038	0.0018444
-4.5219	0.71548	0.0036994
-4.5219	0.74059	0.0055061
-4.5219	0.76569	0.0066525
-4.5219	0.79079	0.0067406
-4.5219	0.8159	0.0058066
-4.5219	0.841	0.0042844
-4.5219	0.86611	0.0026123
-4.4969	0.69038	0.0030932
-4.4969	0.71548	0.0060792
-4.4969	0.74059	0.009161
-4.4969	0.76569	0.011293
-4.4969	0.79079	0.011738
-4.4969	0.8159	0.010369
-4.4969	0.841	0.0077817
-4.4969	0.86611	0.004815
-4.4969	0.89121	0.002343
-4.4718	0.69038	0.0038197
-4.4718	0.71548	0.0074442
-4.4718	0.74059	0.011283
-4.4718	0.76569	0.014127
-4.4718	0.79079	0.01497
-4.4718	0.8159	0.013493
-4.4718	0.841	0.010292
-4.4718	0.86611	0.0064377
-4.4718	0.89121	0.0031006
-4.4718	2.0711	0.001838
-4.4718	2.0962	0.0019045
-4.4718	2.1213	0.001674
-4.4468	0.69038	0.0035147
-4.4468	0.71548	0.0068436
-4.4468	0.74059	0.010512
-4.4468	0.76569	0.013394
-4.4468	0.79079	0.014465
-4.4468	0.8159	0.013283
-4.4468	0.841	0.01026
-4.4468	0.86611	0.0064569
-4.4468	0.89121	0.0030611
-4.4468	2.046	0.0017465
-4.4468	2.0711	0.0021799
-4.4468	2.0962	0.0022945
-4.4468	2.1213	0.0020454
-4.4468	2.1464	0.0015626
-4.4217	0.69038	0.0022239
-4.4217	0.71548	0.0044126
-4.4217	0.74059	0.0070458
-4.4217	0.76569	0.0092821
-4.4217	0.79079	0.010356
-4.4217	0.8159	0.0097789
-4.4217	0.841	0.007704
-4.4217	0.86611	0.0048816
-4.4217	0.89121	0.0022722
-4.4217	2.046	0.0016028
-4.4217	2.0711	0.0020238
-4.4217	2.0962	0.0021532
-4.4217	2.1213	0.0019527
-4.4217	2.1464	0.0015039
-4.3967	0.71548	0.0015818
-4.3967	0.74059	0.0027862
-4.3967	0.76569	0.0040439
-4.3967	0.79079	0.0048444
-4.3967	0.8159	0.0048728
-4.3967	0.841	0.0039915
-4.3967	0.86611	0.0026273
-4.3967	2.0962	0.0015628
-4.3716	-0.64017	0.0015515
-4.3716	-0.61506	0.0026161
-4.3716	-0.58996	0.0035293
-4.3716	-0.56485	0.0039595
-4.3716	-0.53975	0.003746
-4.3716	-0.51464	0.0029861
-4.3716	-0.48954	0.001977
-4.3466	-0.64017	0.002891
-4.3466	-0.61506	0.0049065
-4.3466	-0.58996	0.0067556
-4.3466	-0.56485	0.0078335
-4.3466	-0.53975	0.0076901
-4.3466	-0.51464	0.0063806
-4.3466	-0.48954	0.0044462
-4.3466	-0.46444	0.0024575
-4.3215	-0.66527	0.0018896
-4.3215	-0.64017	0.0042637
-4.3215	-0.61506	0.007255
-4.3215	-0.58996	0.010092
-4.3215	-0.56485	0.011836
-4.3215	-0.53975	0.011806
-4.3215	-0.51464	0.0099972
-4.3215	-0.48954	0.0070406
-4.3215	-0.46444	0.0039106
-4.3215	-0.43933	0.0015223
-4.3215	0.66527	0.0018956
-4.3215	0.69038	0.0033397
-4.3215	0.71548	0.0045318
-4.3215	0.74059	0.004986
-4.3215	0.76569	0.0045978
-4.3215	0.79079	0.0035561
-4.3215	0.8159	0.0022823
-4.2965	-0.66527	0.0023328
-4.2965	-0.64017	0.0051456
-4.2965	-0.61506	0.0087344
-4.2965	-0.58996	0.01222
-4.2965	-0.56485	0.014442
-4.2965	-0.53975	0.014529
-4.2965	-0.51464	0.012408
-4.2965	-0.48954	0.0087624
-4.2965	-0.46444	0.0048288
-4.2965	-0.43933	0.0017793
-4.2965	0.66527	0.0030385
-4.2965	0.69038	0.0054674
-4.2965	0.71548	0.0077329
-4.2965	0.74059	0.0090306
-4.2965	0.76569	0.0088803
-4.2965	0.79079	0.0073984
-4.2965	0.8159	0.0051574
-4.2965	0.841	0.0028968
-4.2714	-0.66527	0.0023119
-4.2714	-0.64017	0.0050284
-4.2714	-0.61506	0.0085691
-4.2714	-0.58996	0.012075
-4.2714	-0.56485	0.014403
-4.2714	-0.53975	0.014661
-4.2714	-0.51464	0.012592
-4.2714	-0.48954	0.0088844
-4.2714	-0.46444	0.0048137
-4.2714	-0.43933	0.0016681
-4.2714	0.66527	0.0030907
-4.2714	0.69038	0.0057056
-4.2714	0.71548	0.008376
-4.2714	0.74059	0.010228
-4.2714	0.76569	0.010506
-4.2714	0.79079	0.0091539
-4.2714	0.8159	0.0066566
-4.2714	0.841	0.0038673
-4.2714	0.86611	0.0016381
-4.2714	2.0209	0.0015399
-4.2714	2.046	0.0017588
-4.2714	2.0711	0.0016906
-4.2463	-0.66527	0.0017433
-4.2463	-0.64017	0.0038269
-4.2463	-0.61506	0.0066037
-4.2463	-0.58996	0.0094691
-4.2463	-0.56485	0.01155
-4.2463	-0.53975	0.011928
-4.2463	-0.51464	0.010367
-4.2463	-0.48954	0.0073337
-4.2463	-0.46444	0.0039023
-4.2463	-0.33891	0.0016384
-4.2463	-0.31381	0.0015631
-4.2463	0.66527	0.0018092
-4.2463	0.69038	0.0035648
-4.2463	0.71548	0.0056236
-4.2463	0.74059	0.0073084
-4.2463	0.76569	0.0079806
-4.2463	0.79079	0.007331
-4.2463	0.8159	0.0055626
-4.2463	0.841	0.0033158
-4.2463	2.0209	0.0018738
-4.2463	2.046	0.0021721
-4.2463	2.0711	0.002125
-4.2463	2.0962	0.0017707
-4.2213	-0.64017	0.0019281
-4.2213	-0.61506	0.0035492
-4.2213	-0.58996	0.0053781
-4.2213	-0.56485	0.0068492
-4.2213	-0.53975	0.0073545
-4.2213	-0.51464	0.0065709
-4.2213	-0.48954	0.0047298
-4.2213	-0.46444	0.0024867
-4.2213	-0.33891	0.0015131
-4.2213	0.71548	0.0015651
-4.2213	0.74059	0.0023953
-4.2213	0.76569	0.0030114
-4.2213	0.79079	0.0031515
-4.2213	0.8159	0.0026176
-4.2213	0.841	0.0016785
-4.2213	2.0209	0.0017312
-4.2213	2.046	0.0020362
-4.2213	2.0711	0.0020311
-4.2213	2.0962	0.0017215
-4.1962	-0.58996	0.0015866
-4.1962	-0.56485	0.002338
-4.1962	-0.53975	0.0028182
-4.1962	-0.51464	0.0027531
-4.1962	-0.48954	0.0020989
-4.1962	0.66527	0.0019451
-4.1962	0.69038	0.0019007
-4.1712	0.31381	0.0016457
-4.1712	0.33891	0.0015359
-4.1712	0.46444	0.0020511
-4.1712	0.48954	0.0026565
-4.1712	0.51464	0.0022031
-4.1712	0.61506	0.002851
-4.1712	0.64017	0.0064074
-4.1712	0.66527	0.0096333
-4.1712	0.69038	0.011266
-4.1712	0.71548	0.010762
-4.1712	0.74059	0.0084632
-4.1712	0.76569	0.0054967
-4.1712	0.79079	0.0028405
-4.1461	-0.66527	0.0015023
-4.1461	-0.64017	0.0020341
-4.1461	-0.61506	0.0021761
-4.1461	-0.58996	0.0019068
-4.1461	0.31381	0.0020209
-4.1461	0.33891	0.0018351
-4.1461	0.43933	0.0015531
-4.1461	0.46444	0.0033178
-4.1461	0.48954	0.0041973
-4.1461	0.51464	0.0033478
-4.1461	0.58996	0.0016113
-4.1461	0.61506	0.0072755
-4.1461	0.64017	0.015921
-4.1461	0.66527	0.025172
-4.1461	0.69038	0.031268
-4.1461	0.71548	0.032313
-4.1461	0.74059	0.028234
-4.1461	0.76569	0.020707
-4.1461	0.79079	0.012868
-4.1461	0.8159	0.0062501
-4.1461	0.841	0.0022599
-4.1211	-0.69038	0.0020399
-4.1211	-0.66527	0.0038024
-4.1211	-0.64017	0.0055425
-4.1211	-0.61506	0.0065974
-4.1211	-0.58996	0.0065917
-4.1211	-0.56485	0.0055197
-4.1211	-0.53975	0.0038381
-4.1211	-0.51464	0.0021266
-4.1211	0.31381	0.0020374
-4.1211	0.33891	0.0017848
-4.1211	0.43933	0.002173
-4.1211	0.46444	0.0043539
-4.1211	0.48954	0.0053283
-4.1211	0.51464	0.0040414
-4.1211	0.58996	0.0035451
-4.1211	0.61506	0.013726
-4.1211	0.64017	0.029408
-4.1211	0.66527	0.046491
-4.1211	0.69038	0.05912
-4.1211	0.71548	0.062985
-4.1211	0.74059	0.057116
-4.1211	0.76569	0.044035
-4.1211	0.79079	0.028431
-4.1211	0.8159	0.014742
-4.1211	0.841	0.0055154
-4.096	-0.69038	0.0033734
-4.096	-0.66527	0.0063175
-4.096	-0.64017	0.0094001
-4.096	-0.61506	0.011604
-4.096	-0.58996	0.012143
-4.096	-0.56485	0.010753
-4.096	-0.53975	0.0079402
-4.096	-0.51464	0.0047225
-4.096	-0.48954	0.0020524
-4.096	0.31381	0.0016448
-4.096	0.43933	0.0024827
-4.096	0.46444	0.0047061
-4.096	0.48954	0.0055202
-4.096	0.51464	0.003956
-4.096	0.58996	0.0059335
-4.096	0.61506	0.02061
-4.096	0.64017	0.043089
-4.096	0.66527	0.067776
-4.096	0.69038	0.086911
-4.096	0.71548	0.093977
-4.096	0.74059	0.0866
-4.096	0.76569	0.068043
-4.096	0.79079	0.044467
-4.096	0.8159	0.023157
-4.096	0.841	0.0085126
-4.096	0.86611	0.0015056
-4.096	0.94142	0.002004
-4.096	0.96653	0.0020414
-4.071	-0.71548	0.0016254
-4.071	-0.69038	0.0041567
-4.071	-0.66527	0.0077974
-4.071	-0.64017	0.011751
-4.071	-0.61506	0.014832
-4.071	-0.58996	0.015875
-4.071	-0.56485	0.014415
-4.071	-0.53975	0.010916
-4.071	-0.51464	0.0066061
-4.071	-0.48954	0.002878
-4.071	0.43933	0.0022481
-4.071	0.46444	0.0040698
-4.071	0.48954	0.0046099
-4.071	0.51464	0.003072
-4.071	0.58996	0.0078407
-4.071	0.61506	0.025168
-4.071	0.64017	0.051294
-4.071	0.66527	0.08048
-4.071	0.69038	0.10369
-4.071	0.71548	0.11305
-4.071	0.74059	0.10532
-4.071	0.76569	0.083224
-4.071	0.79079	0.054727
-4.071	0.8159	0.028285
-4.071	0.841	0.010006
-4.071	0.91632	0.0020291
-4.071	0.94142	0.0036663
-4.071	0.96653	0.0036163
-4.071	0.99163	0.002294
-4.0459	-0.71548	0.0015472
-4.0459	-0.69038	0.003876
-4.0459	-0.66527	0.0073415
-4.0459	-0.64017	0.011266
-4.0459	-0.61506	0.014492
-4.0459	-0.58996	0.015865
-4.0459	-0.56485	0.014693
-4.0459	-0.53975	0.011286
-4.0459	-0.51464	0.0068555
-4.0459	-0.48954	0.0029237
-4.0459	-0.36402	0.0016067
-4.0459	0.46444	0.0026325
-4.0459	0.48954	0.0029208
-4.0459	0.51464	0.0017915
-4.0459	0.58996	0.0082886
-4.0459	0.61506	0.024641
-4.0459	0.64017	0.049652
-4.0459	0.66527	0.077972
-4.0459	0.69038	0.10115
-4.0459	0.71548	0.11135
-4.0459	0.74059	0.10483
-4.0459	0.76569	0.083612
-4.0459	0.79079	0.054921
-4.0459	0.8159	0.027949
-4.0459	0.841	0.0093786
-4.0459	0.91632	0.00317
-4.0459	0.94142	0.0051772
-4.0459	0.96653	0.0049002
-4.0459	0.99163	0.0029767
-4.0459	2.0209	0.0015311
-4.0209	-0.69038	0.0025441
-4.0209	-0.66527	0.0049514
-4.0209	-0.64017	0.0078961
-4.0209	-0.61506	0.010522
-4.0209	-0.58996	0.011895
-4.0209	-0.56485	0.011329
-4.0209	-0.53975	0.0088916
-4.0209	-0.51464	0.0054216
-4.0209	-0.48954	0.0022547
-4.0209	-0.38912	0.0016327
-4.0209	-0.36402	0.0018456
-4.0209	0.58996	0.0062565
-4.0209	0.61506	0.018382
-4.0209	0.64017	0.037064
-4.0209	0.66527	0.059306
-4.0209	0.69038	0.078573
-4.0209	0.71548	0.088156
-4.0209	0.74059	0.084379
-4.0209	0.76569	0.068017
-4.0209	0.79079	0.044796
-4.0209	0.8159	0.022468
-4.0209	0.841	0.007048
-4.0209	0.91632	0.0039016
-4.0209	0.94142	0.0059017
-4.0209	0.96653	0.0053546
-4.0209	0.99163	0.0030892
-4.0209	1.1172	0.0018683
-4.0209	1.1423	0.0015392
-3.9958	-0.66527	0.0018087
-3.9958	-0.64017	0.0032927
-3.9958	-0.61506	0.0048326
-3.9958	-0.58996	0.0059139
-3.9958	-0.56485	0.0060217
-3.9958	-0.53975	0.0049756
-3.9958	-0.51464	0.0031092
-3.9958	-0.36402	0.0016237
-3.9958	0.58996	0.0029206
-3.9958	0.61506	0.0086681
-3.9958	0.64017	0.018609
-3.9958	0.66527	0.031544
-3.9958	0.69038	0.044056
-3.9958	0.71548	0.051778
-3.9958	0.74059	0.051424
-3.9958	0.76569	0.042722
-3.9958	0.79079	0.028733
-3.9958	0.8159	0.01429
-3.9958	0.841	0.0041821
-3.9958	0.91632	0.0038197
-3.9958	0.94142	0.0054245
-3.9958	0.96653	0.004759
-3.9958	0.99163	0.002596
-3.9958	1.0921	0.0017686
-3.9958	1.1172	0.0022068
-3.9958	1.1423	0.0017279
-3.9708	0.64017	0.0034695
-3.9708	0.66527	0.0076505
-3.9708	0.69038	0.012983
-3.9708	0.71548	0.017674
-3.9708	0.74059	0.019695
-3.9708	0.76569	0.017786
-3.9708	0.79079	0.012659
-3.9708	0.8159	0.0065317
-3.9708	0.841	0.0017442
-3.9708	0.91632	0.002814
-3.9708	0.94142	0.0038922
-3.9708	0.96653	0.0033294
-3.9708	0.99163	0.0017408
-3.9708	1.0921	0.0017645
-3.9708	1.1172	0.0020993
-3.9708	1.1423	0.0015747
-3.9457	0.2887	0.0016406
-3.9457	0.43933	0.0018395
-3.9457	0.46444	0.0017623
-3.9457	0.58996	0.0015446
-3.9457	0.61506	0.001971
-3.9457	0.64017	0.0016925
-3.9457	0.74059	0.0018543
-3.9457	0.76569	0.0026144
-3.9457	0.79079	0.0024962
-3.9457	0.8159	0.0015184
-3.9457	0.94142	0.0019276
-3.9457	0.96653	0.0016871
-3.9457	1.1172	0.0015704
-3.9457	1.9456	0.0016864
-3.9457	1.9707	0.0018397
-3.9457	1.9958	0.0016272
-3.9207	-0.71548	0.0031325
-3.9207	-0.69038	0.0050015
-3.9207	-0.66527	0.0064078
-3.9207	-0.64017	0.0067225
-3.9207	-0.61506	0.0058603
-3.9207	-0.58996	0.0042132
-3.9207	-0.56485	0.0024091
-3.9207	0.2636	0.0019007
-3.9207	0.2887	0.0021624
-3.9207	0.31381	0.0014929
-3.9207	0.41423	0.0024854
-3.9207	0.43933	0.0038295
-3.9207	0.46444	0.003702
-3.9207	0.48954	0.0020655
-3.9207	0.56485	0.0034573
-3.9207	0.58996	0.0090548
-3.9207	0.61506	0.014901
-3.9207	0.64017	0.018375
-3.9207	0.66527	0.018274
-3.9207	0.69038	0.014726
-3.9207	0.71548	0.0096528
-3.9207	0.74059	0.0048874
-3.9207	0.76569	0.0019307
-3.9207	1.9205	0.0030054
-3.9207	1.9456	0.0043812
-3.9207	1.9707	0.0050611
-3.9207	1.9958	0.0048462
-3.9207	2.0209	0.0039057
-3.9207	2.046	0.0026714
-3.9207	2.0711	0.0014933
-3.8956	-1.9958	0.0018592
-3.8956	-1.9707	0.0021201
-3.8956	-1.9456	0.002047
-3.8956	-1.9205	0.0016688
-3.8956	-0.74059	0.0027233
-3.8956	-0.71548	0.0060579
-3.8956	-0.69038	0.0099944
-3.8956	-0.66527	0.013404
-3.8956	-0.64017	0.014972
-3.8956	-0.61506	0.014154
-3.8956	-0.58996	0.011218
-3.8956	-0.56485	0.0072679
-3.8956	-0.53975	0.0036279
-3.8956	0.2636	0.0019384
-3.8956	0.2887	0.0021457
-3.8956	0.41423	0.0036629
-3.8956	0.43933	0.0054549
-3.8956	0.46444	0.0051378
-3.8956	0.48954	0.0026499
-3.8956	0.56485	0.0085071
-3.8956	0.58996	0.022018
-3.8956	0.61506	0.037575
-3.8956	0.64017	0.050124
-3.8956	0.66527	0.05508
-3.8956	0.69038	0.050717
-3.8956	0.71548	0.03956
-3.8956	0.74059	0.025419
-3.8956	0.76569	0.013148
-3.8956	0.79079	0.0049732
-3.8956	1.7699	0.0016708
-3.8956	1.8954	0.0026818
-3.8956	1.9205	0.0054481
-3.8956	1.9456	0.0080335
-3.8956	1.9707	0.0094735
-3.8956	1.9958	0.009325
-3.8956	2.0209	0.0078211
-3.8956	2.046	0.0055562
-3.8956	2.0711	0.0032892
-3.8956	2.0962	0.0015714
-3.8706	-2.0209	0.0015894
-3.8706	-1.9958	0.0022144
-3.8706	-1.9707	0.0025718
-3.8706	-1.9456	0.0025291
-3.8706	-1.9205	0.0020944
-3.8706	-0.74059	0.0038005
-3.8706	-0.71548	0.0083422
-3.8706	-0.69038	0.013979
-3.8706	-0.66527	0.019168
-3.8706	-0.64017	0.022099
-3.8706	-0.61506	0.021596
-3.8706	-0.58996	0.017757
-3.8706	-0.56485	0.011941
-3.8706	-0.53975	0.0061678
-3.8706	-0.51464	0.0020609
-3.8706	0.2887	0.0015805
-3.8706	0.38912	0.0016228
-3.8706	0.41423	0.0040634
-3.8706	0.43933	0.0058171
-3.8706	0.46444	0.0052465
-3.8706	0.48954	0.002418
-3.8706	0.53975	0.0026884
-3.8706	0.56485	0.014341
-3.8706	0.58996	0.035606
-3.8706	0.61506	0.061424
-3.8706	0.64017	0.084153
-3.8706	0.66527	0.095911
-3.8706	0.69038	0.092525
-3.8706	0.71548	0.075872
-3.8706	0.74059	0.052047
-3.8706	0.76569	0.028759
-3.8706	0.79079	0.011817
-3.8706	0.8159	0.0027581
-3.8706	0.91632	0.001547
-3.8706	1.7448	0.0015423
-3.8706	1.7699	0.0017293
-3.8706	1.8954	0.004011
-3.8706	1.9205	0.0079089
-3.8706	1.9456	0.01158
-3.8706	1.9707	0.01379
-3.8706	1.9958	0.013755
-3.8706	2.0209	0.011712
-3.8706	2.046	0.008473
-3.8706	2.0711	0.0051041
-3.8706	2.0962	0.0024592
-3.8455	-1.9958	0.0020252
-3.8455	-1.9707	0.0024066
-3.8455	-1.9456	0.0024238
-3.8455	-1.9205	0.0020515
-3.8455	-0.74059	0.0039319
-3.8455	-0.71548	0.008623
-3.8455	-0.69038	0.014686
-3.8455	-0.66527	0.020583
-3.8455	-0.64017	0.024317
-3.8455	-0.61506	0.024298
-3.8455	-0.58996	0.020411
-3.8455	-0.56485	0.013964
-3.8455	-0.53975	0.0072334
-3.8455	-0.51464	0.0023187
-3.8455	-0.41423	0.0020569
-3.8455	-0.38912	0.0018364
-3.8455	0.41423	0.0033243
-3.8455	0.43933	0.0046285
-3.8455	0.46444	0.0040087
-3.8455	0.48954	0.0015879
-3.8455	0.53975	0.0040371
-3.8455	0.56485	0.01806
-3.8455	0.58996	0.043023
-3.8455	0.61506	0.074506
-3.8455	0.64017	0.10344
-3.8455	0.66527	0.12047
-3.8455	0.69038	0.11926
-3.8455	0.71548	0.10028
-3.8455	0.74059	0.070486
-3.8455	0.76569	0.039821
-3.8455	0.79079	0.016402
-3.8455	0.8159	0.0036472
-3.8455	0.89121	0.0032719
-3.8455	0.91632	0.0037043
-3.8455	0.94142	0.0026163
-3.8455	1.8703	0.0015889
-3.8455	1.8954	0.0049007
-3.8455	1.9205	0.0094142
-3.8455	1.9456	0.013736
-3.8455	1.9707	0.016416
-3.8455	1.9958	0.016528
-3.8455	2.0209	0.0142
-3.8455	2.046	0.010363
-3.8455	2.0711	0.006265
-3.8455	2.0962	0.0029934
-3.8205	-1.9707	0.0015791
-3.8205	-1.9456	0.0016681
-3.8205	-0.74059	0.0028071
-3.8205	-0.71548	0.0063533
-3.8205	-0.69038	0.011249
-3.8205	-0.66527	0.016381
-3.8205	-0.64017	0.019981
-3.8205	-0.61506	0.020681
-3.8205	-0.58996	0.017814
-3.8205	-0.56485	0.012407
-3.8205	-0.53975	0.006384
-3.8205	-0.51464	0.0019215
-3.8205	-0.43933	0.0019027
-3.8205	-0.41423	0.0027606
-3.8205	-0.38912	0.0024212
-3.8205	0.41423	0.001777
-3.8205	0.43933	0.0025013
-3.8205	0.46444	0.0021187
-3.8205	0.53975	0.0042267
-3.8205	0.56485	0.016894
-3.8205	0.58996	0.03962
-3.8205	0.61506	0.069011
-3.8205	0.64017	0.097594
-3.8205	0.66527	0.11575
-3.8205	0.69038	0.1169
-3.8205	0.71548	0.10026
-3.8205	0.74059	0.071603
-3.8205	0.76569	0.040782
-3.8205	0.79079	0.016428
-3.8205	0.8159	0.0032216
-3.8205	0.86611	0.0023004
-3.8205	0.89121	0.005101
-3.8205	0.91632	0.0056491
-3.8205	0.94142	0.003965
-3.8205	0.96653	0.0016528
-3.8205	1.8703	0.0016618
-3.8205	1.8954	0.0047516
-3.8205	1.9205	0.0089834
-3.8205	1.9456	0.013138
-3.8205	1.9707	0.01581
-3.8205	1.9958	0.016112
-3.8205	2.0209	0.013974
-3.8205	2.046	0.010265
-3.8205	2.0711	0.0062166
-3.8205	2.0962	0.0029279
-3.7954	-0.71548	0.0023421
-3.7954	-0.69038	0.0047958
-3.7954	-0.66527	0.0078116
-3.7954	-0.64017	0.010476
-3.7954	-0.61506	0.011632
-3.7954	-0.58996	0.01059
-3.7954	-0.56485	0.007665
-3.7954	-0.53975	0.0039838
-3.7954	-0.43933	0.0019559
-3.7954	-0.41423	0.0027301
-3.7954	-0.38912	0.0023704
-3.7954	-0.2636	0.0015955
-3.7954	-0.23849	0.0018606
-3.7954	0.53975	0.0028639
-3.7954	0.56485	0.010845
-3.7954	0.58996	0.026205
-3.7954	0.61506	0.046957
-3.7954	0.64017	0.069072
-3.7954	0.66527	0.084759
-3.7954	0.69038	0.088473
-3.7954	0.71548	0.07809
-3.7954	0.74059	0.056898
-3.7954	0.76569	0.032647
-3.7954	0.79079	0.012837
-3.7954	0.8159	0.0020763
-3.7954	0.86611	0.0030316
-3.7954	0.89121	0.0060599
-3.7954	0.91632	0.0065654
-3.7954	0.94142	0.0045002
-3.7954	0.96653	0.00177
-3.7954	1.0669	0.0019733
-3.7954	1.0921	0.0018398
-3.7954	1.8954	0.0034518
-3.7954	1.9205	0.0065506
-3.7954	1.9456	0.0097081
-3.7954	1.9707	0.01189
-3.7954	1.9958	0.01233
-3.7954	2.0209	0.010864
-3.7954	2.046	0.0080769
-3.7954	2.0711	0.0049082
-3.7954	2.0962	0.002274
-3.7704	-0.64017	0.0016533
-3.7704	-0.61506	0.0025257
-3.7704	-0.58996	0.0028408
-3.7704	-0.56485	0.002421
-3.7704	-0.41423	0.0017983
-3.7704	-0.38912	0.0015457
-3.7704	-0.2636	0.0015601
-3.7704	-0.23849	0.0017841
-3.7704	-0.087866	0.0016639
-3.7704	-0.062762	0.001537
-3.7704	0.087866	0.0015223
-3.7704	0.56485	0.0029216
-3.7704	0.58996	0.0081348
-3.7704	0.61506	0.017103
-3.7704	0.64017	0.028396
-3.7704	0.66527	0.038547
-3.7704	0.69038	0.043663
-3.7704	0.71548	0.041144
-3.7704	0.74059	0.031523
-3.7704	0.76569	0.018748
-3.7704	0.79079	0.0071692
-3.7704	0.86611	0.0029167
-3.7704	0.89121	0.0054363
-3.7704	0.91632	0.0057539
-3.7704	0.94142	0.0038931
-3.7704	1.0418	0.0015738
-3.7704	1.0669	0.0024056
-3.7704	1.0921	0.002203
-3.7704	1.8954	0.0016614
-3.7704	1.9205	0.0033252
-3.7704	1.9456	0.0052384
-3.7704	1.9707	0.0067503
-3.7704	1.9958	0.0073115
-3.7704	2.0209	0.0066693
-3.7704	2.046	0.0050943
-3.7704	2.0711	0.0031628
-3.7453	-2.046	0.0016396
-3.7453	-2.0209	0.0018089
-3.7453	-1.9958	0.0016193
-3.7453	-0.74059	0.0024902
-3.7453	-0.71548	0.0030882
-3.7453	-0.69038	0.0028572
-3.7453	-0.66527	0.0020563
-3.7453	-0.087866	0.0016905
-3.7453	-0.062762	0.0015321
-3.7453	0.062762	0.0017733
-3.7453	0.087866	0.0020868
-3.7453	0.11297	0.0015222
-3.7453	0.23849	0.0020334
-3.7453	0.2636	0.0019343
-3.7453	0.41423	0.0017075
-3.7453	0.64017	0.0019443
-3.7453	0.66527	0.0046852
-3.7453	0.69038	0.0077368
-3.7453	0.71548	0.0095546
-3.7453	0.74059	0.0088236
-3.7453	0.76569	0.0058969
-3.7453	0.79079	0.0024706
-3.7453	0.86611	0.0017672
-3.7453	0.89121	0.0032635
-3.7453	0.91632	0.0034967
-3.7453	0.94142	0.0023601
-3.7453	1.0669	0.0020965
-3.7453	1.0921	0.0018822
-3.7453	1.9707	0.00198
-3.7453	1.9958	0.0024887
-3.7453	2.0209	0.0025598
-3.7453	2.046	0.0021284
-3.7203	-2.0962	0.0017345
-3.7203	-2.0711	0.0033984
-3.7203	-2.046	0.0049501
-3.7203	-2.0209	0.0058034
-3.7203	-1.9958	0.0056707
-3.7203	-1.9707	0.0046504
-3.7203	-1.9456	0.0031972
-3.7203	-1.9205	0.0017948
-3.7203	-0.79079	0.0018754
-3.7203	-0.76569	0.0053103
-3.7203	-0.74059	0.0098821
-3.7203	-0.71548	0.014052
-3.7203	-0.69038	0.016196
-3.7203	-0.66527	0.0155
-3.7203	-0.64017	0.012359
-3.7203	-0.61506	0.0081219
-3.7203	-0.58996	0.0041293
-3.7203	-0.56485	0.0015689
-3.7203	0.062762	0.0020117
-3.7203	0.087866	0.002319
-3.7203	0.11297	0.0016296
-3.7203	0.21339	0.002173
-3.7203	0.23849	0.003287
-3.7203	0.2636	0.0030729
-3.7203	0.2887	0.0016537
-3.7203	0.36402	0.0018057
-3.7203	0.38912	0.0039328
-3.7203	0.41423	0.0049018
-3.7203	0.43933	0.0038185
-3.7203	0.46444	0.0015607
-3.7203	0.53975	0.0047699
-3.7203	0.56485	0.0096002
-3.7203	0.58996	0.012604
-3.7203	0.61506	0.012316
-3.7203	0.64017	0.0092944
-3.7203	0.66527	0.0051018
-3.7203	0.69038	0.0017692
-3.6952	-2.0962	0.0038012
-3.6952	-2.0711	0.0072738
-3.6952	-2.046	0.010601
-3.6952	-2.0209	0.012621
-3.6952	-1.9958	0.012595
-3.6952	-1.9707	0.010687
-3.6952	-1.9456	0.00762
-3.6952	-1.9205	0.004454
-3.6952	-1.8954	0.0020191
-3.6952	-0.79079	0.0039075
-3.6952	-0.76569	0.010789
-3.6952	-0.74059	0.020375
-3.6952	-0.71548	0.030082
-3.6952	-0.69038	0.036645
-3.6952	-0.66527	0.037603
-3.6952	-0.64017	0.032583
-3.6952	-0.61506	0.023662
-3.6952	-0.58996	0.01384
-3.6952	-0.56485	0.0060409
-3.6952	-0.53975	0.0016118
-3.6952	0.062762	0.0016079
-3.6952	0.087866	0.0018245
-3.6952	0.21339	0.0026113
-3.6952	0.23849	0.0037995
-3.6952	0.2636	0.0034584
-3.6952	0.2887	0.0017249
-3.6952	0.36402	0.00331
-3.6952	0.38912	0.0068451
-3.6952	0.41423	0.0083819
-3.6952	0.43933	0.0063965
-3.6952	0.46444	0.0022367
-3.6952	0.51464	0.0041887
-3.6952	0.53975	0.016435
-3.6952	0.56485	0.033987
-3.6952	0.58996	0.050312
-3.6952	0.61506	0.059188
-3.6952	0.64017	0.057361
-3.6952	0.66527	0.0462
-3.6952	0.69038	0.030583
-3.6952	0.71548	0.016353
-3.6952	0.74059	0.0064914
-3.6952	0.76569	0.0017151
-3.6952	1.8703	0.0017434
-3.6952	1.8954	0.0026301
-3.6952	1.9205	0.0030361
-3.6952	1.9456	0.0027738
-3.6952	1.9707	0.002043
-3.6701	-2.2469	0.001538
-3.6701	-2.2218	0.0015722
-3.6701	-2.1213	0.0027743
-3.6701	-2.0962	0.0078403
-3.6701	-2.0711	0.014544
-3.6701	-2.046	0.021001
-3.6701	-2.0209	0.024933
-3.6701	-1.9958	0.02499
-3.6701	-1.9707	0.021309
-3.6701	-1.9456	0.015249
-3.6701	-1.9205	0.0090701
-3.6701	-1.8954	0.0040652
-3.6701	-0.79079	0.0063276
-3.6701	-0.76569	0.016726
-3.6701	-0.74059	0.031606
-3.6701	-0.71548	0.047259
-3.6701	-0.69038	0.058775
-3.6701	-0.66527	0.061869
-3.6701	-0.64017	0.055194
-3.6701	-0.61506	0.041334
-3.6701	-0.58996	0.024902
-3.6701	-0.56485	0.011026
-3.6701	-0.53975	0.0027646
-3.6701	-0.46444	0.0020646
-3.6701	-0.43933	0.0024734
-3.6701	-0.41423	0.0018046
-3.6701	0.21339	0.0020594
-3.6701	0.23849	0.0029379
-3.6701	0.2636	0.0025924
-3.6701	0.36402	0.0039577
-3.6701	0.38912	0.0077335
-3.6701	0.41423	0.0092146
-3.6701	0.43933	0.006713
-3.6701	0.46444	0.0018842
-3.6701	0.51464	0.0082677
-3.6701	0.53975	0.029399
-3.6701	0.56485	0.060509
-3.6701	0.58996	0.092853
-3.6701	0.61506	0.115
-3.6701	0.64017	0.11896
-3.6701	0.66527	0.10416
-3.6701	0.69038	0.076539
-3.6701	0.71548	0.046294
-3.6701	0.74059	0.021743
-3.6701	0.76569	0.0067984
-3.6701	1.7197	0.0019
-3.6701	1.7448	0.0017048
-3.6701	1.8452	0.0018541
-3.6701	1.8703	0.0044856
-3.6701	1.8954	0.007222
-3.6701	1.9205	0.0089649
-3.6701	1.9456	0.0091169
-3.6701	1.9707	0.0077423
-3.6701	1.9958	0.0055283
-3.6701	2.0209	0.0032736
-3.6701	2.046	0.0015554
-3.6451	-2.2469	0.0021134
-3.6451	-2.2218	0.0020341
-3.6451	-2.1213	0.0051071
-3.6451	-2.0962	0.013588
-3.6451	-2.0711	0.024529
-3.6451	-2.046	0.035096
-3.6451	-2.0209	0.041393
-3.6451	-1.9958	0.041466
-3.6451	-1.9707	0.035414
-3.6451	-1.9456	0.025381
-3.6451	-1.9205	0.014833
-3.6451	-1.8954	0.0065151
-3.6451	-1.8703	0.0017634
-3.6451	-0.8159	0.0018649
-3.6451	-0.79079	0.0088787
-3.6451	-0.76569	0.022857
-3.6451	-0.74059	0.043036
-3.6451	-0.71548	0.064992
-3.6451	-0.69038	0.082035
-3.6451	-0.66527	0.087902
-3.6451	-0.64017	0.079789
-3.6451	-0.61506	0.060362
-3.6451	-0.58996	0.036553
-3.6451	-0.56485	0.015919
-3.6451	-0.53975	0.0035797
-3.6451	-0.48954	0.0019082
-3.6451	-0.46444	0.0048161
-3.6451	-0.43933	0.0057119
-3.6451	-0.41423	0.0042022
-3.6451	-0.38912	0.0017958
-3.6451	0.23849	0.0016168
-3.6451	0.36402	0.0035924
-3.6451	0.38912	0.0067316
-3.6451	0.41423	0.0078196
-3.6451	0.43933	0.0053165
-3.6451	0.51464	0.012017
-3.6451	0.53975	0.038387
-3.6451	0.56485	0.077946
-3.6451	0.58996	0.1205
-3.6451	0.61506	0.15241
-3.6451	0.64017	0.16187
-3.6451	0.66527	0.14644
-3.6451	0.69038	0.11151
-3.6451	0.71548	0.06995
-3.6451	0.74059	0.033906
-3.6451	0.76569	0.010839
-3.6451	0.841	0.0025076
-3.6451	0.86611	0.0037963
-3.6451	0.89121	0.0031927
-3.6451	0.91632	0.0015907
-3.6451	1.7197	0.0018885
-3.6451	1.7448	0.0016306
-3.6451	1.8452	0.0029574
-3.6451	1.8703	0.0069109
-3.6451	1.8954	0.011221
-3.6451	1.9205	0.014315
-3.6451	1.9456	0.015168
-3.6451	1.9707	0.013546
-3.6451	1.9958	0.010276
-3.6451	2.0209	0.0064929
-3.6451	2.046	0.0033255
-3.62	-2.2469	0.002113
-3.62	-2.2218	0.0018972
-3.62	-2.1213	0.0068297
-3.62	-2.0962	0.016917
-3.62	-2.0711	0.029805
-3.62	-2.046	0.041988
-3.62	-2.0209	0.049227
-3.62	-1.9958	0.049113
-3.62	-1.9707	0.041644
-3.62	-1.9456	0.029614
-3.62	-1.9205	0.017055
-3.62	-1.8954	0.0072334
-3.62	-1.8703	0.0017576
-3.62	-0.8159	0.001915
-3.62	-0.79079	0.0084494
-3.62	-0.76569	0.021942
-3.62	-0.74059	0.042193
-3.62	-0.71548	0.06537
-3.62	-0.69038	0.08501
-3.62	-0.66527	0.093651
-3.62	-0.64017	0.087063
-3.62	-0.61506	0.066873
-3.62	-0.58996	0.040736
-3.62	-0.56485	0.017253
-3.62	-0.53975	0.003309
-3.62	-0.48954	0.0037079
-3.62	-0.46444	0.0082109
-3.62	-0.43933	0.0094539
-3.62	-0.41423	0.0068074
-3.62	-0.38912	0.0027606
-3.62	-0.31381	0.0022311
-3.62	-0.2887	0.00368
-3.62	-0.2636	0.0035433
-3.62	-0.23849	0.0020807
-3.62	0.36402	0.0023827
-3.62	0.38912	0.0045213
-3.62	0.41423	0.0052524
-3.62	0.43933	0.0034075
-3.62	0.48954	0.0015242
-3.62	0.51464	0.013954
-3.62	0.53975	0.042643
-3.62	0.56485	0.086206
-3.62	0.58996	0.13494
-3.62	0.61506	0.17349
-3.62	0.64017	0.18867
-3.62	0.66527	0.17398
-3.62	0.69038	0.13481
-3.62	0.71548	0.0858
-3.62	0.74059	0.041615
-3.62	0.76569	0.012644
-3.62	0.841	0.0049814
-3.62	0.86611	0.0072911
-3.62	0.89121	0.0062059
-3.62	0.91632	0.0032366
-3.62	1.8452	0.0033156
-3.62	1.8703	0.0074799
-3.62	1.8954	0.012111
-3.62	1.9205	0.015648
-3.62	1.9456	0.016884
-3.62	1.9707	0.015424
-3.62	1.9958	0.011983
-3.62	2.0209	0.0077707
-3.62	2.046	0.0040682
-3.62	2.0711	0.0015555
-3.595	-2.2469	0.0018609
-3.595	-2.2218	0.0015414
-3.595	-2.1464	0.0018769
-3.595	-2.1213	0.0077012
-3.595	-2.0962	0.018014
-3.595	-2.0711	0.030837
-3.595	-2.046	0.042546
-3.595	-2.0209	0.049271
-3.595	-1.9958	0.048516
-3.595	-1.9707	0.040657
-3.595	-1.9456	0.02842
-3.595	-1.9205	0.015932
-3.595	-1.8954	0.0064154
-3.595	-1.7699	0.0015127
-3.595	-0.79079	0.0036504
-3.595	-0.76569	0.01025
-3.595	-0.74059	0.021481
-3.595	-0.71548	0.035981
-3.595	-0.69038	0.049645
-3.595	-0.66527	0.057586
-3.595	-0.64017	0.055806
-3.595	-0.61506	0.04459
-3.595	-0.58996	0.027546
-3.595	-0.56485	0.011321
-3.595	-0.53975	0.0017072
-3.595	-0.48954	0.0043504
-3.595	-0.46444	0.008781
-3.595	-0.43933	0.0097636
-3.595	-0.41423	0.0068433
-3.595	-0.38912	0.0025678
-3.595	-0.31381	0.0034445
-3.595	-0.2887	0.0054515
-3.595	-0.2636	0.0051728
-3.595	-0.23849	0.0029577
-3.595	-0.13808	0.0026793
-3.595	-0.11297	0.0032908
-3.595	-0.087866	0.002476
-3.595	0.037657	0.0015913
-3.595	0.41423	0.0016835
-3.595	0.51464	0.010543
-3.595	0.53975	0.032316
-3.595	0.56485	0.067666
-3.595	0.58996	0.11021
-3.595	0.61506	0.14773
-3.595	0.64017	0.16651
-3.595	0.66527	0.15856
-3.595	0.69038	0.12682
-3.595	0.71548	0.082298
-3.595	0.74059	0.039904
-3.595	0.76569	0.011458
-3.595	0.8159	0.002017
-3.595	0.841	0.0076745
-3.595	0.86611	0.010674
-3.595	0.89121	0.0089559
-3.595	0.91632	0.0046111
-3.595	1.0167	0.0027172
-3.595	1.0418	0.0030733
-3.595	1.0669	0.0021686
-3.595	1.8452	0.0031609
-3.595	1.8703	0.0069562
-3.595	1.8954	0.011281
-3.595	1.9205	0.014782
-3.595	1.9456	0.016152
-3.595	1.9707	0.015014
-3.595	1.9958	0.011818
-3.595	2.0209	0.0077679
-3.595	2.046	0.0040807
-3.595	2.0711	0.0015276
-3.5699	-2.2469	0.001716
-3.5699	-2.1464	0.0024771
-3.5699	-2.1213	0.0090802
-3.5699	-2.0962	0.020044
-3.5699	-2.0711	0.033302
-3.5699	-2.046	0.045086
-3.5699	-2.0209	0.051366
-3.5699	-1.9958	0.04986
-3.5699	-1.9707	0.041089
-3.5699	-1.9456	0.028117
-3.5699	-1.9205	0.015246
-3.5699	-1.8954	0.0057564
-3.5699	-1.795	0.0017157
-3.5699	-1.7699	0.001736
-3.5699	-0.74059	0.0031605
-3.5699	-0.71548	0.0074775
-3.5699	-0.69038	0.013144
-3.5699	-0.66527	0.018166
-3.5699	-0.64017	0.020059
-3.5699	-0.61506	0.017605
-3.5699	-0.58996	0.011481
-3.5699	-0.56485	0.0047318
-3.5699	-0.48954	0.0033337
-3.5699	-0.46444	0.0062917
-3.5699	-0.43933	0.0068877
-3.5699	-0.41423	0.0046946
-3.5699	-0.38912	0.0016287
-3.5699	-0.31381	0.0035918
-3.5699	-0.2887	0.0054053
-3.5699	-0.2636	0.0049886
-3.5699	-0.23849	0.0027168
-3.5699	-0.16318	0.0016793
-3.5699	-0.13808	0.0037217
-3.5699	-0.11297	0.0044556
-3.5699	-0.087866	0.0032912
-3.5699	0.012552	0.0020986
-3.5699	0.037657	0.0033409
-3.5699	0.062762	0.0031757
-3.5699	0.087866	0.0018242
-3.5699	0.18828	0.0015877
-3.5699	0.21339	0.001862
-3.5699	0.51464	0.0024035
-3.5699	0.53975	0.0094355
-3.5699	0.56485	0.022862
-3.5699	0.58996	0.042905
-3.5699	0.61506	0.064312
-3.5699	0.64017	0.079618
-3.5699	0.66527	0.082189
-3.5699	0.69038	0.069948
-3.5699	0.71548	0.046979
-3.5699	0.74059	0.023289
-3.5699	0.76569	0.0065456
-3.5699	0.8159	0.0024061
-3.5699	0.841	0.0075021
-3.5699	0.86611	0.010078
-3.5699	0.89121	0.0083609
-3.5699	0.91632	0.0041805
-3.5699	0.99163	0.0017708
-3.5699	1.0167	0.0037053
-3.5699	1.0418	0.0041474
-3.5699	1.0669	0.0029109
-3.5699	1.1925	0.0017815
-3.5699	1.2176	0.0016038
-3.5699	1.8452	0.0022535
-3.5699	1.8703	0.0050207
-3.5699	1.8954	0.0084262
-3.5699	1.9205	0.01143
-3.5699	1.9456	0.01293
-3.5699	1.9707	0.012436
-3.5699	1.9958	0.010082
-3.5699	2.0209	0.0067406
-3.5699	2.046	0.0035629
-3.5449	-2.2469	0.0014962
-3.5449	-2.1464	0.0031425
-3.5449	-2.1213	0.0104
-3.5449	-2.0962	0.022015
-3.5449	-2.0711	0.035738
-3.5449	-2.046	0.047674
-3.5449	-2.0209	0.053677
-3.5449	-1.9958	0.051413
-3.5449	-1.9707	0.041849
-3.5449	-1.9456	0.028078
-3.5449	-1.9205	0.014723
-3.5449	-1.8954	0.0051689
-3.5449	-1.795	0.0021326
-3.5449	-1.7699	0.0020293
-3.5449	-0.96653	0.0014959
-3.5449	-0.94142	0.0019546
-3.5449	-0.91632	0.0016058
-3.5449	-0.8159	0.0019817
-3.5449	-0.79079	0.0038523
-3.5449	-0.76569	0.0044545
-3.5449	-0.74059	0.003585
-3.5449	-0.71548	0.0019161
-3.5449	-0.61506	0.001939
-3.5449	-0.58996	0.0019729
-3.5449	-0.48954	0.0017042
-3.5449	-0.46444	0.0032832
-3.5449	-0.43933	0.0036718
-3.5449	-0.41423	0.0025318
-3.5449	-0.31381	0.0031059
-3.5449	-0.2887	0.0045353
-3.5449	-0.2636	0.0040719
-3.5449	-0.23849	0.0020924
-3.5449	-0.16318	0.0021025
-3.5449	-0.13808	0.0042971
-3.5449	-0.11297	0.0049728
-3.5449	-0.087866	0.0035508
-3.5449	0.012552	0.0032924
-3.5449	0.037657	0.0050406
-3.5449	0.062762	0.0047173
-3.5449	0.087866	0.0026048
-3.5449	0.16318	0.0017203
-3.5449	0.18828	0.0038391
-3.5449	0.21339	0.0046196
-3.5449	0.23849	0.0034622
-3.5449	0.33891	0.0020916
-3.5449	0.36402	0.0033038
-3.5449	0.38912	0.0030917
-3.5449	0.41423	0.0016899
-3.5449	0.58996	0.0016248
-3.5449	0.61506	0.0057902
-3.5449	0.64017	0.011566
-3.5449	0.66527	0.016282
-3.5449	0.69038	0.017098
-3.5449	0.71548	0.013384
-3.5449	0.74059	0.0072864
-3.5449	0.76569	0.0018587
-3.5449	0.8159	0.0016016
-3.5449	0.841	0.0044745
-3.5449	0.86611	0.0059754
-3.5449	0.89121	0.0049368
-3.5449	0.91632	0.0023876
-3.5449	0.99163	0.0016616
-3.5449	1.0167	0.0032449
-3.5449	1.0418	0.0035843
-3.5449	1.0669	0.0024581
-3.5449	1.1925	0.0021737
-3.5449	1.2176	0.0019436
-3.5449	1.8703	0.0016526
-3.5449	1.8954	0.0030802
-3.5449	1.9205	0.0047544
-3.5449	1.9456	0.0059731
-3.5449	1.9707	0.0062326
-3.5449	1.9958	0.0054346
-3.5449	2.0209	0.0038504
-3.5449	2.046	0.0020967
-3.5198	-2.1464	0.0031055
-3.5198	-2.1213	0.0094419
-3.5198	-2.0962	0.019294
-3.5198	-2.0711	0.030793
-3.5198	-2.046	0.040629
-3.5198	-2.0209	0.04542
-3.5198	-1.9958	0.043144
-3.5198	-1.9707	0.03476
-3.5198	-1.9456	0.02287
-3.5198	-1.9205	0.011599
-3.5198	-1.8954	0.0037449
-3.5198	-1.795	0.002218
-3.5198	-1.7699	0.0019704
-3.5198	-1.1172	0.0017274
-3.5198	-1.0921	0.0017092
-3.5198	-0.99163	0.0019608
-3.5198	-0.96653	0.004344
-3.5198	-0.94142	0.0057076
-3.5198	-0.91632	0.0046381
-3.5198	-0.89121	0.0017678
-3.5198	-0.841	0.0029257
-3.5198	-0.8159	0.012387
-3.5198	-0.79079	0.026972
-3.5198	-0.76569	0.04057
-3.5198	-0.74059	0.048601
-3.5198	-0.71548	0.04732
-3.5198	-0.69038	0.037779
-3.5198	-0.66527	0.024379
-3.5198	-0.64017	0.012255
-3.5198	-0.61506	0.0044054
-3.5198	-0.31381	0.0020283
-3.5198	-0.2887	0.003018
-3.5198	-0.2636	0.0027484
-3.5198	-0.16318	0.0023069
-3.5198	-0.13808	0.0044713
-3.5198	-0.11297	0.0050481
-3.5198	-0.087866	0.0034791
-3.5198	-0.012552	0.0015622
-3.5198	0.012552	0.004685
-3.5198	0.037657	0.0068776
-3.5198	0.062762	0.0062181
-3.5198	0.087866	0.0032128
-3.5198	0.16318	0.0035524
-3.5198	0.18828	0.0073159
-3.5198	0.21339	0.0086488
-3.5198	0.23849	0.0062699
-3.5198	0.2636	0.0022638
-3.5198	0.31381	0.0019156
-3.5198	0.33891	0.006588
-3.5198	0.36402	0.010541
-3.5198	0.38912	0.010417
-3.5198	0.41423	0.0061497
-3.5198	0.48954	0.005645
-3.5198	0.51464	0.0149
-3.5198	0.53975	0.023476
-3.5198	0.56485	0.026482
-3.5198	0.58996	0.022773
-3.5198	0.61506	0.014765
-3.5198	0.64017	0.0071799
-3.5198	0.66527	0.0018901
-3.5198	0.841	0.0015366
-3.5198	0.86611	0.0022319
-3.5198	0.89121	0.0019816
-3.5198	1.0167	0.0022306
-3.5198	1.0418	0.002432
-3.5198	1.0669	0.0016394
-3.5198	1.1925	0.0020688
-3.5198	1.2176	0.0018047
-3.5198	1.3682	0.0015768
-3.4948	-2.1464	0.0025868
-3.4948	-2.1213	0.0073205
-3.4948	-2.0962	0.01458
-3.4948	-2.0711	0.022818
-3.4948	-2.046	0.029773
-3.4948	-2.0209	0.03289
-3.4948	-1.9958	0.03094
-3.4948	-1.9707	0.024522
-3.4948	-1.9456	0.015773
-3.4948	-1.9205	0.0076428
-3.4948	-1.8954	0.0022137
-3.4948	-1.795	0.0018721
-3.4948	-1.7699	0.0015613
-3.4948	-1.1423	0.0016623
-3.4948	-1.1172	0.0025285
-3.4948	-1.0921	0.0023848
-3.4948	-0.99163	0.0039508
-3.4948	-0.96653	0.0082468
-3.4948	-0.94142	0.010443
-3.4948	-0.91632	0.0081003
-3.4948	-0.89121	0.0025833
-3.4948	-0.841	0.0095119
-3.4948	-0.8159	0.035855
-3.4948	-0.79079	0.077739
-3.4948	-0.76569	0.12529
-3.4948	-0.74059	0.15986
-3.4948	-0.71548	0.17092
-3.4948	-0.69038	0.15441
-3.4948	-0.66527	0.11711
-3.4948	-0.64017	0.072827
-3.4948	-0.61506	0.035545
-3.4948	-0.58996	0.011888
-3.4948	-0.56485	0.0019403
-3.4948	-0.16318	0.0016167
-3.4948	-0.13808	0.0031553
-3.4948	-0.11297	0.003648
-3.4948	-0.087866	0.0025045
-3.4948	-0.012552	0.0018808
-3.4948	0.012552	0.0051859
-3.4948	0.037657	0.0074377
-3.4948	0.062762	0.0065359
-3.4948	0.087866	0.0031475
-3.4948	0.16318	0.005862
-3.4948	0.18828	0.011344
-3.4948	0.21339	0.012991
-3.4948	0.23849	0.0091106
-3.4948	0.2636	0.0028339
-3.4948	0.31381	0.0047447
-3.4948	0.33891	0.014902
-3.4948	0.36402	0.023225
-3.4948	0.38912	0.022692
-3.4948	0.41423	0.012898
-3.4948	0.43933	0.0018879
-3.4948	0.46444	0.0028591
-3.4948	0.48954	0.023476
-3.4948	0.51464	0.062068
-3.4948	0.53975	0.10724
-3.4948	0.56485	0.1397
-3.4948	0.58996	0.14788
-3.4948	0.61506	0.13003
-3.4948	0.64017	0.095265
-3.4948	0.66527	0.058039
-3.4948	0.69038	0.027961
-3.4948	0.71548	0.0095454
-3.4948	0.74059	0.0020842
-3.4948	1.1925	0.0017417
-3.4948	1.2176	0.0014958
-3.4948	1.3431	0.0016095
-3.4948	1.3682	0.001771
-3.4948	1.5188	0.0015509
-3.4948	1.8452	0.0015126
-3.4948	1.8703	0.001882
-3.4948	1.8954	0.0016962
-3.4697	-2.1464	0.0022064
-3.4697	-2.1213	0.0059038
-3.4697	-2.0962	0.011453
-3.4697	-2.0711	0.017693
-3.4697	-2.046	0.022847
-3.4697	-2.0209	0.025016
-3.4697	-1.9958	0.023262
-3.4697	-1.9707	0.018136
-3.4697	-1.9456	0.011372
-3.4697	-1.9205	0.0052352
-3.4697	-1.795	0.0016253
-3.4697	-1.1423	0.002231
-3.4697	-1.1172	0.0031624
-3.4697	-1.0921	0.0027662
-3.4697	-1.0167	0.0014967
-3.4697	-0.99163	0.0063526
-3.4697	-0.96653	0.012168
-3.4697	-0.94142	0.014615
-3.4697	-0.91632	0.010445
-3.4697	-0.89121	0.0025902
-3.4697	-0.841	0.020325
-3.4697	-0.8159	0.070113
-3.4697	-0.79079	0.14802
-3.4697	-0.76569	0.23704
-3.4697	-0.74059	0.30787
-3.4697	-0.71548	0.33706
-3.4697	-0.69038	0.31406
-3.4697	-0.66527	0.24729
-3.4697	-0.64017	0.16254
-3.4697	-0.61506	0.082347
-3.4697	-0.58996	0.029145
-3.4697	-0.56485	0.0042192
-3.4697	-0.51464	0.0045059
-3.4697	-0.48954	0.0077854
-3.4697	-0.46444	0.0070459
-3.4697	-0.43933	0.0038533
-3.4697	0.012552	0.0031535
-3.4697	0.037657	0.004582
-3.4697	0.062762	0.0040435
-3.4697	0.087866	0.0018347
-3.4697	0.16318	0.0059391
-3.4697	0.18828	0.011017
-3.4697	0.21339	0.012396
-3.4697	0.23849	0.0082807
-3.4697	0.2636	0.0020913
-3.4697	0.31381	0.0075826
-3.4697	0.33891	0.021394
-3.4697	0.36402	0.032347
-3.4697	0.38912	0.030875
-3.4697	0.41423	0.016193
-3.4697	0.46444	0.0082938
-3.4697	0.48954	0.054181
-3.4697	0.51464	0.14084
-3.4697	0.53975	0.24625
-3.4697	0.56485	0.33612
-3.4697	0.58996	0.37843
-3.4697	0.61506	0.35936
-3.4697	0.64017	0.28959
-3.4697	0.66527	0.19405
-3.4697	0.69038	0.10655
-3.4697	0.71548	0.043783
-3.4697	0.74059	0.010992
-3.4697	0.8159	0.0026346
-3.4697	0.841	0.0027869
-3.4697	0.86611	0.0016418
-3.4697	1.3431	0.0015626
-3.4697	1.3682	0.0016955
-3.4697	1.4937	0.0015302
-3.4697	1.5188	0.002135
-3.4697	1.5439	0.0018382
-3.4697	1.6695	0.0022642
-3.4697	1.6946	0.0026238
-3.4697	1.7197	0.0019021
-3.4697	1.8201	0.0030362
-3.4697	1.8452	0.0059212
-3.4697	1.8703	0.008137
-3.4697	1.8954	0.0088108
-3.4697	1.9205	0.0078143
-3.4697	1.9456	0.0057888
-3.4697	1.9707	0.0034924
-3.4697	1.9958	0.0017105
-3.4447	-2.1464	0.001798
-3.4447	-2.1213	0.0047018
-3.4447	-2.0962	0.0090409
-3.4447	-2.0711	0.013965
-3.4447	-2.046	0.018064
-3.4447	-2.0209	0.01985
-3.4447	-1.9958	0.018404
-3.4447	-1.9707	0.014219
-3.4447	-1.9456	0.0087266
-3.4447	-1.9205	0.0038344
-3.4447	-1.795	0.0015547
-3.4447	-1.1423	0.0031999
-3.4447	-1.1172	0.0042096
-3.4447	-1.0921	0.0033742
-3.4447	-1.0167	0.0029328
-3.4447	-0.99163	0.010377
-3.4447	-0.96653	0.018517
-3.4447	-0.94142	0.02071
-3.4447	-0.91632	0.013303
-3.4447	-0.89121	0.0020551
-3.4447	-0.86611	0.0039548
-3.4447	-0.841	0.041331
-3.4447	-0.8159	0.12949
-3.4447	-0.79079	0.26378
-3.4447	-0.76569	0.41523
-3.4447	-0.74059	0.53466
-3.4447	-0.71548	0.58501
-3.4447	-0.69038	0.54573
-3.4447	-0.66527	0.43197
-3.4447	-0.64017	0.28083
-3.4447	-0.61506	0.14237
-3.4447	-0.58996	0.047795
-3.4447	-0.56485	0.0055131
-3.4447	-0.53975	0.0016478
-3.4447	-0.51464	0.013172
-3.4447	-0.48954	0.021288
-3.4447	-0.46444	0.019501
-3.4447	-0.43933	0.011144
-3.4447	-0.41423	0.0032642
-3.4447	-0.33891	0.0030732
-3.4447	-0.31381	0.0037184
-3.4447	-0.2887	0.0026259
-3.4447	0.16318	0.0035079
-3.4447	0.18828	0.006452
-3.4447	0.21339	0.0072052
-3.4447	0.23849	0.0046487
-3.4447	0.31381	0.0073687
-3.4447	0.33891	0.018923
-3.4447	0.36402	0.027751
-3.4447	0.38912	0.025591
-3.4447	0.41423	0.012073
-3.4447	0.46444	0.013267
-3.4447	0.48954	0.071987
-3.4447	0.51464	0.17996
-3.4447	0.53975	0.31633
-3.4447	0.56485	0.44062
-3.4447	0.58996	0.51081
-3.4447	0.61506	0.50203
-3.4447	0.64017	0.41967
-3.4447	0.66527	0.29387
-3.4447	0.69038	0.16701
-3.4447	0.71548	0.07068
-3.4447	0.74059	0.017422
-3.4447	0.79079	0.0029078
-3.4447	0.8159	0.0088304
-3.4447	0.841	0.010356
-3.4447	0.86611	0.0072597
-3.4447	0.89121	0.0030775
-3.4447	1.4937	0.0014988
-3.4447	1.5188	0.002061
-3.4447	1.5439	0.0017439
-3.4447	1.6444	0.0017624
-3.4447	1.6695	0.0033031
-3.4447	1.6946	0.003751
-3.4447	1.7197	0.0025952
-3.4447	1.795	0.0020917
-3.4447	1.8201	0.0072889
-3.4447	1.8452	0.013936
-3.4447	1.8703	0.019675
-3.4447	1.8954	0.022441
-3.4447	1.9205	0.021301
-3.4447	1.9456	0.017032
-3.4447	1.9707	0.011439
-3.4447	1.9958	0.0063359
-3.4447	2.0209	0.0027008
-3.4196	-2.1213	0.0026033
-3.4196	-2.0962	0.0052202
-3.4196	-2.0711	0.0083914
-3.4196	-2.046	0.011201
-3.4196	-2.0209	0.012653
-3.4196	-1.9958	0.012014
-3.4196	-1.9707	0.009368
-3.4196	-1.9456	0.0057455
-3.4196	-1.9205	0.002376
-3.4196	-1.1674	0.0024778
-3.4196	-1.1423	0.0050018
-3.4196	-1.1172	0.0061247
-3.4196	-1.0921	0.0045087
-3.4196	-1.0167	0.006214
-3.4196	-0.99163	0.018534
-3.4196	-0.96653	0.030637
-3.4196	-0.94142	0.03189
-3.4196	-0.91632	0.01836
-3.4196	-0.86611	0.012249
-3.4196	-0.841	0.091465
-3.4196	-0.8159	0.25512
-3.4196	-0.79079	0.50229
-3.4196	-0.76569	0.77194
-3.4196	-0.74059	0.98604
-3.4196	-0.71548	1.0682
-3.4196	-0.69038	0.98767
-3.4196	-0.66527	0.77248
-3.4196	-0.64017	0.49456
-3.4196	-0.61506	0.24383
-3.4196	-0.58996	0.07563
-3.4196	-0.56485	0.0058864
-3.4196	-0.53975	0.0068194
-3.4196	-0.51464	0.033611
-3.4196	-0.48954	0.050235
-3.4196	-0.46444	0.044253
-3.4196	-0.43933	0.024337
-3.4196	-0.41423	0.0064168
-3.4196	-0.36402	0.0040911
-3.4196	-0.33891	0.010721
-3.4196	-0.31381	0.013002
-3.4196	-0.2887	0.0096312
-3.4196	-0.2636	0.0041428
-3.4196	-0.18828	0.0018426
-3.4196	-0.16318	0.002945
-3.4196	-0.13808	0.0025431
-3.4196	0.18828	0.0021787
-3.4196	0.21339	0.0026564
-3.4196	0.23849	0.0017141
-3.4196	0.31381	0.0051109
-3.4196	0.33891	0.012662
-3.4196	0.36402	0.018254
-3.4196	0.38912	0.016315
-3.4196	0.41423	0.006674
-3.4196	0.46444	0.015876
-3.4196	0.48954	0.072654
-3.4196	0.51464	0.17629
-3.4196	0.53975	0.3088
-3.4196	0.56485	0.43338
-3.4196	0.58996	0.5077
-3.4196	0.61506	0.50723
-3.4196	0.64017	0.42965
-3.4196	0.66527	0.30531
-3.4196	0.69038	0.17437
-3.4196	0.71548	0.072613
-3.4196	0.74059	0.016261
-3.4196	0.79079	0.0058067
-3.4196	0.8159	0.014846
-3.4196	0.841	0.017112
-3.4196	0.86611	0.01213
-3.4196	0.89121	0.0050994
-3.4196	0.96653	0.0016962
-3.4196	0.99163	0.0028791
-3.4196	1.0167	0.0026621
-3.4196	1.6444	0.0014956
-3.4196	1.6695	0.002734
-3.4196	1.6946	0.0030444
-3.4196	1.7197	0.0020336
-3.4196	1.795	0.0030733
-3.4196	1.8201	0.0096967
-3.4196	1.8452	0.018619
-3.4196	1.8703	0.027076
-3.4196	1.8954	0.031852
-3.4196	1.9205	0.03151
-3.4196	1.9456	0.026347
-3.4196	1.9707	0.018587
-3.4196	1.9958	0.010781
-3.4196	2.0209	0.0048421
-3.3946	-2.0711	0.0020792
-3.3946	-2.046	0.0031244
-3.3946	-2.0209	0.003868
-3.3946	-1.9958	0.0039427
-3.3946	-1.9707	0.003263
-3.3946	-1.9456	0.0020407
-3.3946	-1.1674	0.0037609
-3.3946	-1.1423	0.0069945
-3.3946	-1.1172	0.0080948
-3.3946	-1.0921	0.0053433
-3.3946	-1.0167	0.011538
-3.3946	-0.99163	0.031111
-3.3946	-0.96653	0.048189
-3.3946	-0.94142	0.046814
-3.3946	-0.91632	0.023123
-3.3946	-0.86611	0.032934
-3.3946	-0.841	0.18618
-3.3946	-0.8159	0.50277
-3.3946	-0.79079	0.95455
-3.3946	-0.76569	1.4366
-3.3946	-0.74059	1.8135
-3.3946	-0.71548	1.9482
-3.3946	-0.69038	1.7868
-3.3946	-0.66527	1.3805
-3.3946	-0.64017	0.87028
-3.3946	-0.61506	0.41069
-3.3946	-0.58996	0.11394
-3.3946	-0.56485	0.0047949
-3.3946	-0.53975	0.022731
-3.3946	-0.51464	0.082305
-3.3946	-0.48954	0.11336
-3.3946	-0.46444	0.095017
-3.3946	-0.43933	0.049125
-3.3946	-0.41423	0.010641
-3.3946	-0.36402	0.013719
-3.3946	-0.33891	0.03135
-3.3946	-0.31381	0.036394
-3.3946	-0.2887	0.02625
-3.3946	-0.2636	0.010574
-3.3946	-0.21339	0.0015623
-3.3946	-0.18828	0.0081212
-3.3946	-0.16318	0.012978
-3.3946	-0.13808	0.011916
-3.3946	-0.11297	0.0066578
-3.3946	-0.087866	0.0015982
-3.3946	-0.037657	0.0015264
-3.3946	-0.012552	0.0034408
-3.3946	0.012552	0.0037341
-3.3946	0.037657	0.0024378
-3.3946	0.31381	0.002137
-3.3946	0.33891	0.0056285
-3.3946	0.36402	0.0087344
-3.3946	0.38912	0.0079799
-3.3946	0.41423	0.0028414
-3.3946	0.46444	0.01539
-3.3946	0.48954	0.064363
-3.3946	0.51464	0.15406
-3.3946	0.53975	0.2725
-3.3946	0.56485	0.38872
-3.3946	0.58996	0.46348
-3.3946	0.61506	0.46942
-3.3946	0.64017	0.40295
-3.3946	0.66527	0.28764
-3.3946	0.69038	0.16335
-3.3946	0.71548	0.066167
-3.3946	0.74059	0.012698
-3.3946	0.79079	0.0093058
-3.3946	0.8159	0.020462
-3.3946	0.841	0.022488
-3.3946	0.86611	0.015529
-3.3946	0.89121	0.0061543
-3.3946	0.96653	0.0034091
-3.3946	0.99163	0.0055254
-3.3946	1.0167	0.0051233
-3.3946	1.0418	0.0029467
-3.3946	1.795	0.0025399
-3.3946	1.8201	0.007645
-3.3946	1.8452	0.014688
-3.3946	1.8703	0.021682
-3.3946	1.8954	0.02621
-3.3946	1.9205	0.026626
-3.3946	1.9456	0.022962
-3.3946	1.9707	0.01664
-3.3946	1.9958	0.0098857
-3.3946	2.0209	0.0044907
-3.3695	-1.1674	0.0035925
-3.3695	-1.1423	0.0062881
-3.3695	-1.1172	0.0068769
-3.3695	-1.0921	0.0040959
-3.3695	-1.0418	0.0019456
-3.3695	-1.0167	0.014242
-3.3695	-0.99163	0.034972
-3.3695	-0.96653	0.0514
-3.3695	-0.94142	0.047092
-3.3695	-0.91632	0.019716
-3.3695	-0.86611	0.057352
-3.3695	-0.841	0.27474
-3.3695	-0.8159	0.70253
-3.3695	-0.79079	1.3112
-3.3695	-0.76569	1.9671
-3.3695	-0.74059	2.4802
-3.3695	-0.71548	2.6631
-3.3695	-0.69038	2.4466
-3.3695	-0.66527	1.8835
-3.3695	-0.64017	1.1717
-3.3695	-0.61506	0.5328
-3.3695	-0.58996	0.13093
-3.3695	-0.56485	0.0018836
-3.3695	-0.53975	0.05463
-3.3695	-0.51464	0.15686
-3.3695	-0.48954	0.20281
-3.3695	-0.46444	0.16211
-3.3695	-0.43933	0.078223
-3.3695	-0.41423	0.013232
-3.3695	-0.38912	0.0029693
-3.3695	-0.36402	0.035736
-3.3695	-0.33891	0.072589
-3.3695	-0.31381	0.080139
-3.3695	-0.2887	0.055575
-3.3695	-0.2636	0.020752
-3.3695	-0.21339	0.0065114
-3.3695	-0.18828	0.02582
-3.3695	-0.16318	0.039235
-3.3695	-0.13808	0.035627
-3.3695	-0.11297	0.019108
-3.3695	-0.087866	0.0040488
-3.3695	-0.037657	0.0075339
-3.3695	-0.012552	0.016768
-3.3695	0.012552	0.019313
-3.3695	0.037657	0.013814
-3.3695	0.062762	0.0055628
-3.3695	0.13808	0.0039553
-3.3695	0.16318	0.0058214
-3.3695	0.18828	0.0048444
-3.3695	0.21339	0.0022156
-3.3695	0.46444	0.0088154
-3.3695	0.48954	0.039336
-3.3695	0.51464	0.10114
-3.3695	0.53975	0.19204
-3.3695	0.56485	0.29133
-3.3695	0.58996	0.36499
-3.3695	0.61506	0.38676
-3.3695	0.64017	0.34253
-3.3695	0.66527	0.25054
-3.3695	0.69038	0.1429
-3.3695	0.71548	0.055492
-3.3695	0.74059	0.0088409
-3.3695	0.79079	0.013685
-3.3695	0.8159	0.026545
-3.3695	0.841	0.028031
-3.3695	0.86611	0.018556
-3.3695	0.89121	0.0067503
-3.3695	0.96653	0.0060271
-3.3695	0.99163	0.0091357
-3.3695	1.0167	0.0082607
-3.3695	1.0418	0.004519
-3.3695	1.1423	0.0027111
-3.3695	1.1674	0.0031942
-3.3695	1.1925	0.002299
-3.3695	1.8201	0.0043377
-3.3695	1.8452	0.0085146
-3.3695	1.8703	0.012972
-3.3695	1.8954	0.016158
-3.3695	1.9205	0.01693
-3.3695	1.9456	0.014988
-3.3695	1.9707	0.011085
-3.3695	1.9958	0.0066915
-3.3695	2.0209	0.0030104
-3.3445	-1.1674	0.0023445
-3.3445	-1.1423	0.0038038
-3.3445	-1.1172	0.0038895
-3.3445	-1.0921	0.002003
-3.3445	-1.0418	0.0020513
-3.3445	-1.0167	0.011261
-3.3445	-0.99163	0.025422
-3.3445	-0.96653	0.035151
-3.3445	-0.94142	0.029797
-3.3445	-0.91632	0.0095604
-3.3445	-0.89121	0.0018353
-3.3445	-0.86611	0.060369
-3.3445	-0.841	0.2529
-3.3445	-0.8159	0.61749
-3.3445	-0.79079	1.1273
-3.3445	-0.76569	1.6762
-3.3445	-0.74059	2.1092
-3.3445	-0.71548	2.2579
-3.3445	-0.69038	2.066
-3.3445	-0.66527	1.5794
-3.3445	-0.64017	0.96338
-3.3445	-0.61506	0.41868
-3.3445	-0.58996	0.087469
-3.3445	-0.53975	0.075185
-3.3445	-0.51464	0.18181
-3.3445	-0.48954	0.21975
-3.3445	-0.46444	0.16807
-3.3445	-0.43933	0.074175
-3.3445	-0.41423	0.0087249
-3.3445	-0.38912	0.0076759
-3.3445	-0.36402	0.055276
-3.3445	-0.33891	0.10178
-3.3445	-0.31381	0.10753
-3.3445	-0.2887	0.070833
-3.3445	-0.2636	0.02278
-3.3445	-0.21339	0.014825
-3.3445	-0.18828	0.048836
-3.3445	-0.16318	0.070256
-3.3445	-0.13808	0.061296
-3.3445	-0.11297	0.03173
-3.3445	-0.087866	0.0052203
-3.3445	-0.062762	0.0020336
-3.3445	-0.037657	0.02062
-3.3445	-0.012552	0.042757
-3.3445	0.012552	0.048867
-3.3445	0.037657	0.035009
-3.3445	0.062762	0.01293
-3.3445	0.11297	0.0046672
-3.3445	0.13808	0.019068
-3.3445	0.16318	0.029146
-3.3445	0.18828	0.02677
-3.3445	0.21339	0.014679
-3.3445	0.23849	0.0033189
-3.3445	0.2887	0.0049595
-3.3445	0.31381	0.010935
-3.3445	0.33891	0.011578
-3.3445	0.36402	0.0073421
-3.3445	0.38912	0.0023097
-3.3445	0.48954	0.0017712
-3.3445	0.51464	0.012948
-3.3445	0.53975	0.04274
-3.3445	0.56485	0.091624
-3.3445	0.58996	0.14828
-3.3445	0.61506	0.18652
-3.3445	0.64017	0.18916
-3.3445	0.66527	0.15137
-3.3445	0.69038	0.091479
-3.3445	0.71548	0.035902
-3.3445	0.74059	0.0044411
-3.3445	0.76569	0.0021024
-3.3445	0.79079	0.016234
-3.3445	0.8159	0.029386
-3.3445	0.841	0.030289
-3.3445	0.86611	0.019569
-3.3445	0.89121	0.0065413
-3.3445	0.94142	0.00275
-3.3445	0.96653	0.009545
-3.3445	0.99163	0.013712
-3.3445	1.0167	0.011966
-3.3445	1.0418	0.0062551
-3.3445	1.1172	0.0025641
-3.3445	1.1423	0.0055147
-3.3445	1.1674	0.0062651
-3.3445	1.1925	0.0044223
-3.3445	1.2176	0.0016578
-3.3445	1.2929	0.0018248
-3.3445	1.318	0.0027772
-3.3445	1.3431	0.0025069
-3.3445	1.8452	0.0031378
-3.3445	1.8703	0.0054183
-3.3445	1.8954	0.0074055
-3.3445	1.9205	0.0083903
-3.3445	1.9456	0.0079169
-3.3445	1.9707	0.0061598
-3.3445	1.9958	0.0037955
-3.3445	2.0209	0.0017335
-3.3194	-1.1423	0.0021069
-3.3194	-1.1172	0.0019888
-3.3194	-1.0418	0.0018066
-3.3194	-1.0167	0.0078485
-3.3194	-0.99163	0.016333
-3.3194	-0.96653	0.021306
-3.3194	-0.94142	0.016408
-3.3194	-0.91632	0.0040202
-3.3194	-0.89121	0.0035314
-3.3194	-0.86611	0.052403
-3.3194	-0.841	0.19645
-3.3194	-0.8159	0.45653
-3.3194	-0.79079	0.81453
-3.3194	-0.76569	1.1946
-3.3194	-0.74059	1.4788
-3.3194	-0.71548	1.5656
-3.3194	-0.69038	1.4116
-3.3194	-0.66527	1.059
-3.3194	-0.64017	0.62603
-3.3194	-0.61506	0.25392
-3.3194	-0.58996	0.041072
-3.3194	-0.56485	0.00431
-3.3194	-0.53975	0.074096
-3.3194	-0.51464	0.15496
-3.3194	-0.48954	0.1749
-3.3194	-0.46444	0.12546
-3.3194	-0.43933	0.04982
-3.3194	-0.41423	0.0031558
-3.3194	-0.38912	0.011914
-3.3194	-0.36402	0.057786
-3.3194	-0.33891	0.096965
-3.3194	-0.31381	0.096691
-3.3194	-0.2887	0.059377
-3.3194	-0.2636	0.016152
-3.3194	-0.21339	0.020994
-3.3194	-0.18828	0.057253
-3.3194	-0.16318	0.077246
-3.3194	-0.13808	0.064421
-3.3194	-0.11297	0.030354
-3.3194	-0.087866	0.0034868
-3.3194	-0.062762	0.0048981
-3.3194	-0.037657	0.031863
-3.3194	-0.012552	0.060625
-3.3194	0.012552	0.066906
-3.3194	0.037657	0.045876
-3.3194	0.062762	0.015253
-3.3194	0.11297	0.011717
-3.3194	0.13808	0.039238
-3.3194	0.16318	0.058696
-3.3194	0.18828	0.053507
-3.3194	0.21339	0.029165
-3.3194	0.23849	0.0053215
-3.3194	0.2636	0.0016407
-3.3194	0.2887	0.020056
-3.3194	0.31381	0.044702
-3.3194	0.33891	0.054357
-3.3194	0.36402	0.041533
-3.3194	0.38912	0.016636
-3.3194	0.43933	0.007144
-3.3194	0.46444	0.029906
-3.3194	0.48954	0.053257
-3.3194	0.51464	0.060134
-3.3194	0.53975	0.044068
-3.3194	0.56485	0.020537
-3.3194	0.58996	0.0030427
-3.3194	0.64017	0.010011
-3.3194	0.66527	0.018443
-3.3194	0.69038	0.016673
-3.3194	0.71548	0.0080969
-3.3194	0.79079	0.0096992
-3.3194	0.8159	0.017856
-3.3194	0.841	0.019034
-3.3194	0.86611	0.01263
-3.3194	0.89121	0.0038882
-3.3194	0.94142	0.0034607
-3.3194	0.96653	0.010494
-3.3194	0.99163	0.014713
-3.3194	1.0167	0.012677
-3.3194	1.0418	0.0063311
-3.3194	1.1172	0.0043258
-3.3194	1.1423	0.0086266
-3.3194	1.1674	0.0095335
-3.3194	1.1925	0.0065556
-3.3194	1.2176	0.0022486
-3.3194	1.2929	0.0040294
-3.3194	1.318	0.0059562
-3.3194	1.3431	0.0052897
-3.3194	1.3682	0.0028504
-3.3194	1.4686	0.0027018
-3.3194	1.4937	0.0031056
-3.3194	1.5188	0.0022179
-3.3194	1.9205	0.0017141
-3.3194	1.9456	0.0021719
-3.3194	1.9707	0.0020711
-3.2944	-2.1213	0.0017811
-3.2944	-2.0962	0.0023354
-3.2944	-2.0711	0.0025596
-3.2944	-2.046	0.0023772
-3.2944	-2.0209	0.0018641
-3.2944	-1.0418	0.0015446
-3.2944	-1.0167	0.0056852
-3.2944	-0.99163	0.01096
-3.2944	-0.96653	0.013361
-3.2944	-0.94142	0.0092743
-3.2944	-0.89121	0.0046979
-3.2944	-0.86611	0.046691
-3.2944	-0.841	0.1587
-3.2944	-0.8159	0.3533
-3.2944	-0.79079	0.61507
-3.2944	-0.76569	0.88496
-3.2944	-0.74059	1.0799
-3.2944	-0.71548	1.1277
-3.2944	-0.69038	0.99716
-3.2944	-0.66527	0.73006
-3.2944	-0.64017	0.4148
-3.2944	-0.61506	0.15478
-3.2944	-0.58996	0.018638
-3.2944	-0.56485	0.0085071
-3.2944	-0.53975	0.071134
-3.2944	-0.51464	0.13018
-3.2944	-0.48954	0.13775
-3.2944	-0.46444	0.091974
-3.2944	-0.43933	0.031524
-3.2944	-0.38912	0.015926
-3.2944	-0.36402	0.057061
-3.2944	-0.33891	0.087385
-3.2944	-0.31381	0.08162
-3.2944	-0.2887	0.045919
-3.2944	-0.2636	0.0096397
-3.2944	-0.21339	0.025305
-3.2944	-0.18828	0.059694
-3.2944	-0.16318	0.074899
-3.2944	-0.13808	0.058523
-3.2944	-0.11297	0.024497
-3.2944	-0.062762	0.008553
-3.2944	-0.037657	0.039739
-3.2944	-0.012552	0.068944
-3.2944	0.012552	0.072024
-3.2944	0.037657	0.04596
-3.2944	0.062762	0.012767
-3.2944	0.11297	0.020151
-3.2944	0.13808	0.056197
-3.2944	0.16318	0.079452
-3.2944	0.18828	0.069739
-3.2944	0.21339	0.034876
-3.2944	0.23849	0.0043777
-3.2944	0.2636	0.005801
-3.2944	0.2887	0.041259
-3.2944	0.31381	0.085924
-3.2944	0.33891	0.10371
-3.2944	0.36402	0.078219
-3.2944	0.38912	0.029373
-3.2944	0.43933	0.03094
-3.2944	0.46444	0.12663
-3.2944	0.48954	0.25575
-3.2944	0.51464	0.36247
-3.2944	0.53975	0.4021
-3.2944	0.56485	0.36305
-3.2944	0.58996	0.27136
-3.2944	0.61506	0.16132
-3.2944	0.64017	0.078926
-3.2944	0.66527	0.025602
-3.2944	0.69038	0.0048257
-3.2944	0.8159	0.0022019
-3.2944	0.841	0.0033185
-3.2944	0.86611	0.0027175
-3.2944	0.94142	0.00179
-3.2944	0.96653	0.0052504
-3.2944	0.99163	0.0075624
-3.2944	1.0167	0.0066675
-3.2944	1.0418	0.0032715
-3.2944	1.1172	0.0039407
-3.2944	1.1423	0.0074738
-3.2944	1.1674	0.0082042
-3.2944	1.1925	0.0055686
-3.2944	1.2176	0.0017112
-3.2944	1.2678	0.0017611
-3.2944	1.2929	0.0053361
-3.2944	1.318	0.0076155
-3.2944	1.3431	0.0066814
-3.2944	1.3682	0.0033988
-3.2944	1.4435	0.0026258
-3.2944	1.4686	0.0053398
-3.2944	1.4937	0.0060741
-3.2944	1.5188	0.0043089
-3.2944	1.5439	0.0015395
-3.2944	1.6192	0.0030216
-3.2944	1.6444	0.0046874
-3.2944	1.6695	0.0044018
-3.2944	1.6946	0.0025103
-3.2944	1.7699	0.0015092
-3.2944	1.795	0.0039619
-3.2944	1.8201	0.0057472
-3.2944	1.8452	0.0060032
-3.2944	1.8703	0.0047947
-3.2944	1.8954	0.0028697
-3.2693	-2.1213	0.002256
-3.2693	-2.0962	0.0030152
-3.2693	-2.0711	0.0033932
-3.2693	-2.046	0.0032404
-3.2693	-2.0209	0.0026162
-3.2693	-1.9958	0.0017419
-3.2693	-1.0167	0.0042954
-3.2693	-0.99163	0.0078207
-3.2693	-0.96653	0.0089588
-3.2693	-0.94142	0.0054982
-3.2693	-0.89121	0.0059836
-3.2693	-0.86611	0.04465
-3.2693	-0.841	0.13903
-3.2693	-0.8159	0.30138
-3.2693	-0.79079	0.51278
-3.2693	-0.76569	0.72579
-3.2693	-0.74059	0.87495
-3.2693	-0.71548	0.89934
-3.2693	-0.69038	0.78355
-3.2693	-0.66527	0.55874
-3.2693	-0.64017	0.30387
-3.2693	-0.61506	0.1027
-3.2693	-0.58996	0.0075356
-3.2693	-0.56485	0.014481
-3.2693	-0.53975	0.073673
-3.2693	-0.51464	0.12097
-3.2693	-0.48954	0.11958
-3.2693	-0.46444	0.073466
-3.2693	-0.43933	0.021289
-3.2693	-0.38912	0.020812
-3.2693	-0.36402	0.061124
-3.2693	-0.33891	0.08577
-3.2693	-0.31381	0.074901
-3.2693	-0.2887	0.038011
-3.2693	-0.2636	0.0060223
-3.2693	-0.23849	0.00366
-3.2693	-0.21339	0.032029
-3.2693	-0.18828	0.06599
-3.2693	-0.16318	0.077472
-3.2693	-0.13808	0.05582
-3.2693	-0.11297	0.020145
-3.2693	-0.062762	0.014012
-3.2693	-0.037657	0.050986
-3.2693	-0.012552	0.081218
-3.2693	0.012552	0.079271
-3.2693	0.037657	0.046097
-3.2693	0.062762	0.0097218
-3.2693	0.087866	0.0017809
-3.2693	0.11297	0.032005
-3.2693	0.13808	0.078017
-3.2693	0.16318	0.10296
-3.2693	0.18828	0.084877
-3.2693	0.21339	0.038088
-3.2693	0.23849	0.0022953
-3.2693	0.2636	0.013806
-3.2693	0.2887	0.072332
-3.2693	0.31381	0.13779
-3.2693	0.33891	0.15952
-3.2693	0.36402	0.11394
-3.2693	0.38912	0.036707
-3.2693	0.43933	0.081693
-3.2693	0.46444	0.2978
-3.2693	0.48954	0.59818
-3.2693	0.51464	0.87897
-3.2693	0.53975	1.0398
-3.2693	0.56485	1.0236
-3.2693	0.58996	0.85544
-3.2693	0.61506	0.59936
-3.2693	0.64017	0.35038
-3.2693	0.66527	0.16037
-3.2693	0.69038	0.051479
-3.2693	0.71548	0.0082477
-3.2693	0.76569	0.0021664
-3.2693	0.79079	0.0032996
-3.2693	0.8159	0.002061
-3.2693	1.1172	0.0018456
-3.2693	1.1423	0.0035291
-3.2693	1.1674	0.0039541
-3.2693	1.1925	0.0026504
-3.2693	1.2929	0.0039243
-3.2693	1.318	0.0054568
-3.2693	1.3431	0.0047063
-3.2693	1.3682	0.0022308
-3.2693	1.4435	0.0029421
-3.2693	1.4686	0.0056424
-3.2693	1.4937	0.0062823
-3.2693	1.5188	0.004305
-3.2693	1.5941	0.0015713
-3.2693	1.6192	0.0049606
-3.2693	1.6444	0.0074989
-3.2693	1.6695	0.0070831
-3.2693	1.6946	0.0039337
-3.2693	1.7699	0.0049791
-3.2693	1.795	0.012929
-3.2693	1.8201	0.02107
-3.2693	1.8452	0.025835
-3.2693	1.8703	0.025669
-3.2693	1.8954	0.021048
-3.2693	1.9205	0.014349
-3.2693	1.9456	0.0080806
-3.2693	1.9707	0.0035556
-3.2443	-2.1213	0.001692
-3.2443	-2.0962	0.0023162
-3.2443	-2.0711	0.0026681
-3.2443	-2.046	0.0026127
-3.2443	-2.0209	0.002159
-3.2443	-1.0167	0.0030167
-3.2443	-0.99163	0.00526
-3.2443	-0.96653	0.0057679
-3.2443	-0.94142	0.0030956
-3.2443	-0.89121	0.0071759
-3.2443	-0.86611	0.042881
-3.2443	-0.841	0.12705
-3.2443	-0.8159	0.26845
-3.2443	-0.79079	0.45229
-3.2443	-0.76569	0.63666
-3.2443	-0.74059	0.76263
-3.2443	-0.71548	0.77924
-3.2443	-0.69038	0.6693
-3.2443	-0.66527	0.46731
-3.2443	-0.64017	0.24267
-3.2443	-0.61506	0.073391
-3.2443	-0.58996	0.0024858
-3.2443	-0.56485	0.022616
-3.2443	-0.53975	0.08318
-3.2443	-0.51464	0.12486
-3.2443	-0.48954	0.11548
-3.2443	-0.46444	0.065379
-3.2443	-0.43933	0.015016
-3.2443	-0.38912	0.029591
-3.2443	-0.36402	0.07317
-3.2443	-0.33891	0.094913
-3.2443	-0.31381	0.077188
-3.2443	-0.2887	0.034811
-3.2443	-0.2636	0.0031181
-3.2443	-0.23849	0.0075909
-3.2443	-0.21339	0.044541
-3.2443	-0.18828	0.082661
-3.2443	-0.16318	0.089761
-3.2443	-0.13808	0.059771
-3.2443	-0.11297	0.017871
-3.2443	-0.062762	0.024418
-3.2443	-0.037657	0.072336
-3.2443	-0.012552	0.10577
-3.2443	0.012552	0.096088
-3.2443	0.037657	0.050472
-3.2443	0.062762	0.007584
-3.2443	0.087866	0.0063091
-3.2443	0.11297	0.05468
-3.2443	0.13808	0.11716
-3.2443	0.16318	0.14368
-3.2443	0.18828	0.10996
-3.2443	0.21339	0.04266
-3.2443	0.2636	0.03127
-3.2443	0.2887	0.1292
-3.2443	0.31381	0.22703
-3.2443	0.33891	0.24724
-3.2443	0.36402	0.16364
-3.2443	0.38912	0.041985
-3.2443	0.41423	0.0095341
-3.2443	0.43933	0.19346
-3.2443	0.46444	0.63159
-3.2443	0.48954	1.2318
-3.2443	0.51464	1.8028
-3.2443	0.53975	2.1505
-3.2443	0.56485	2.1607
-3.2443	0.58996	1.8481
-3.2443	0.61506	1.3424
-3.2443	0.64017	0.81806
-3.2443	0.66527	0.38689
-3.2443	0.69038	0.13118
-3.2443	0.71548	0.019168
-3.2443	0.76569	0.013128
-3.2443	0.79079	0.021888
-3.2443	0.8159	0.018792
-3.2443	0.841	0.01013
-3.2443	0.86611	0.002833
-3.2443	1.2929	0.0019925
-3.2443	1.318	0.0027846
-3.2443	1.3431	0.0023661
-3.2443	1.4435	0.0023453
-3.2443	1.4686	0.0042278
-3.2443	1.4937	0.0045601
-3.2443	1.5188	0.00297
-3.2443	1.5941	0.0018564
-3.2443	1.6192	0.0051744
-3.2443	1.6444	0.0075319
-3.2443	1.6695	0.0068913
-3.2443	1.6946	0.0035626
-3.2443	1.7699	0.0080004
-3.2443	1.795	0.019998
-3.2443	1.8201	0.033091
-3.2443	1.8452	0.042321
-3.2443	1.8703	0.044439
-3.2443	1.8954	0.039432
-3.2443	1.9205	0.029511
-3.2443	1.9456	0.018456
-3.2443	1.9707	0.0093899
-3.2443	1.9958	0.0036167
-3.2192	-0.99163	0.0021865
-3.2192	-0.96653	0.0023667
-3.2192	-0.89121	0.0057424
-3.2192	-0.86611	0.030103
-3.2192	-0.841	0.08857
-3.2192	-0.8159	0.18804
-3.2192	-0.79079	0.32015
-3.2192	-0.76569	0.46055
-3.2192	-0.74059	0.55901
-3.2192	-0.71548	0.57485
-3.2192	-0.69038	0.49884
-3.2192	-0.66527	0.34576
-3.2192	-0.64017	0.17271
-3.2192	-0.61506	0.046082
-3.2192	-0.56485	0.029773
-3.2192	-0.53975	0.088643
-3.2192	-0.51464	0.12342
-3.2192	-0.48954	0.1084
-3.2192	-0.46444	0.056455
-3.2192	-0.43933	0.009666
-3.2192	-0.41423	0.0035945
-3.2192	-0.38912	0.040645
-3.2192	-0.36402	0.089259
-3.2192	-0.33891	0.10822
-3.2192	-0.31381	0.082346
-3.2192	-0.2887	0.032592
-3.2192	-0.2636	0.0016004
-3.2192	-0.23849	0.015546
-3.2192	-0.21339	0.065323
-3.2192	-0.18828	0.10995
-3.2192	-0.16318	0.11261
-3.2192	-0.13808	0.068467
-3.2192	-0.11297	0.015823
-3.2192	-0.087866	0.0019523
-3.2192	-0.062762	0.043672
-3.2192	-0.037657	0.11175
-3.2192	-0.012552	0.15127
-3.2192	0.012552	0.1279
-3.2192	0.037657	0.059528
-3.2192	0.062762	0.0052769
-3.2192	0.087866	0.017722
-3.2192	0.11297	0.10008
-3.2192	0.13808	0.19319
-3.2192	0.16318	0.22109
-3.2192	0.18828	0.15597
-3.2192	0.21339	0.050257
-3.2192	0.2636	0.07759
-3.2192	0.2887	0.24895
-3.2192	0.31381	0.40385
-3.2192	0.33891	0.4127
-3.2192	0.36402	0.2494
-3.2192	0.38912	0.043912
-3.2192	0.41423	0.041795
-3.2192	0.43933	0.47836
-3.2192	0.46444	1.3713
-3.2192	0.48954	2.5989
-3.2192	0.51464	3.7219
-3.2192	0.53975	4.431
-3.2192	0.56485	4.4488
-3.2192	0.58996	3.8224
-3.2192	0.61506	2.7804
-3.2192	0.64017	1.68
-3.2192	0.66527	0.79542
-3.2192	0.69038	0.25316
-3.2192	0.71548	0.02938
-3.2192	0.74059	0.0045164
-3.2192	0.76569	0.045201
-3.2192	0.79079	0.071663
-3.2192	0.8159	0.062028
-3.2192	0.841	0.033844
-3.2192	0.86611	0.0098759
-3.2192	0.91632	0.0019776
-3.2192	0.94142	0.0061142
-3.2192	0.96653	0.007071
-3.2192	0.99163	0.0047927
-3.2192	1.0167	0.0017783
-3.2192	1.4435	0.0015065
-3.2192	1.4686	0.0026433
-3.2192	1.4937	0.002803
-3.2192	1.5188	0.0017416
-3.2192	1.5941	0.0018573
-3.2192	1.6192	0.0046586
-3.2192	1.6444	0.0065062
-3.2192	1.6695	0.0056696
-3.2192	1.6946	0.0026331
-3.2192	1.7448	0.0018492
-3.2192	1.7699	0.010218
-3.2192	1.795	0.024185
-3.2192	1.8201	0.039723
-3.2192	1.8452	0.051238
-3.2192	1.8703	0.054816
-3.2192	1.8954	0.049589
-3.2192	1.9205	0.038095
-3.2192	1.9456	0.024594
-3.2192	1.9707	0.012866
-3.2192	1.9958	0.0050592
-3.1942	-0.89121	0.0020247
-3.1942	-0.86611	0.010499
-3.1942	-0.841	0.031933
-3.1942	-0.8159	0.069529
-3.1942	-0.79079	0.12437
-3.1942	-0.76569	0.18508
-3.1942	-0.74059	0.23309
-3.1942	-0.71548	0.24773
-3.1942	-0.69038	0.21937
-3.1942	-0.66527	0.1528
-3.1942	-0.64017	0.074574
-3.1942	-0.61506	0.016645
-3.1942	-0.56485	0.023503
-3.1942	-0.53975	0.060328
-3.1942	-0.51464	0.080071
-3.1942	-0.48954	0.06736
-3.1942	-0.46444	0.032064
-3.1942	-0.43933	0.003536
-3.1942	-0.41423	0.0058633
-3.1942	-0.38912	0.038984
-3.1942	-0.36402	0.077827
-3.1942	-0.33891	0.090212
-3.1942	-0.31381	0.06475
-3.1942	-0.2887	0.022098
-3.1942	-0.23849	0.022177
-3.1942	-0.21339	0.075354
-3.1942	-0.18828	0.11808
-3.1942	-0.16318	0.11492
-3.1942	-0.13808	0.06461
-3.1942	-0.11297	0.011176
-3.1942	-0.087866	0.0062858
-3.1942	-0.062762	0.066761
-3.1942	-0.037657	0.15085
-3.1942	-0.012552	0.193
-3.1942	0.012552	0.15308
-3.1942	0.037657	0.062627
-3.1942	0.087866	0.040248
-3.1942	0.11297	0.17139
-3.1942	0.13808	0.30276
-3.1942	0.16318	0.32739
-3.1942	0.18828	0.21332
-3.1942	0.21339	0.053905
-3.1942	0.23849	0.0066683
-3.1942	0.2636	0.16957
-3.1942	0.2887	0.47668
-3.1942	0.31381	0.7192
-3.1942	0.33891	0.69114
-3.1942	0.36402	0.37572
-3.1942	0.38912	0.036934
-3.1942	0.41423	0.15879
-3.1942	0.43933	1.159
-3.1942	0.46444	3.11
-3.1942	0.48954	5.602
-3.1942	0.51464	7.9158
-3.1942	0.53975	9.3209
-3.1942	0.56485	9.3057
-3.1942	0.58996	7.9567
-3.1942	0.61506	5.748
-3.1942	0.64017	3.443
-3.1942	0.66527	1.5785
-3.1942	0.69038	0.46142
-3.1942	0.71548	0.040344
-3.1942	0.74059	0.025227
-3.1942	0.76569	0.13872
-3.1942	0.79079	0.20049
-3.1942	0.8159	0.16803
-3.1942	0.841	0.088051
-3.1942	0.86611	0.022954
-3.1942	0.91632	0.009774
-3.1942	0.94142	0.025696
-3.1942	0.96653	0.029958
-3.1942	0.99163	0.021201
-3.1942	1.0167	0.0087456
-3.1942	1.0921	0.0026253
-3.1942	1.1172	0.0041093
-3.1942	1.1423	0.0034284
-3.1942	1.1674	0.0016489
-3.1942	1.5941	0.0015526
-3.1942	1.6192	0.0037002
-3.1942	1.6444	0.0050331
-3.1942	1.6695	0.0042632
-3.1942	1.6946	0.0017331
-3.1942	1.7448	0.0026424
-3.1942	1.7699	0.012031
-3.1942	1.795	0.027297
-3.1942	1.8201	0.044368
-3.1942	1.8452	0.057407
-3.1942	1.8703	0.061829
-3.1942	1.8954	0.056477
-3.1942	1.9205	0.043827
-3.1942	1.9456	0.028485
-3.1942	1.9707	0.014891
-3.1942	1.9958	0.0057124
-3.1691	-0.841	0.0047609
-3.1691	-0.8159	0.012589
-3.1691	-0.79079	0.025571
-3.1691	-0.76569	0.04187
-3.1691	-0.74059	0.057186
-3.1691	-0.71548	0.064167
-3.1691	-0.69038	0.059143
-3.1691	-0.66527	0.041942
-3.1691	-0.64017	0.019711
-3.1691	-0.61506	0.0035317
-3.1691	-0.56485	0.01123
-3.1691	-0.53975	0.025714
-3.1691	-0.51464	0.032548
-3.1691	-0.48954	0.026086
-3.1691	-0.46444	0.01123
-3.1691	-0.41423	0.0046736
-3.1691	-0.38912	0.022666
-3.1691	-0.36402	0.041547
-3.1691	-0.33891	0.045671
-3.1691	-0.31381	0.030501
-3.1691	-0.2887	0.0086169
-3.1691	-0.23849	0.017816
-3.1691	-0.21339	0.051851
-3.1691	-0.18828	0.076621
-3.1691	-0.16318	0.070398
-3.1691	-0.13808	0.035918
-3.1691	-0.11297	0.0043719
-3.1691	-0.087866	0.0090502
-3.1691	-0.062762	0.060453
-3.1691	-0.037657	0.12408
-3.1691	-0.012552	0.15138
-3.1691	0.012552	0.11316
-3.1691	0.037657	0.039557
-3.1691	0.087866	0.053518
-3.1691	0.11297	0.1863
-3.1691	0.13808	0.30873
-3.1691	0.16318	0.31924
-3.1691	0.18828	0.19415
-3.1691	0.21339	0.035016
-3.1691	0.23849	0.020933
-3.1691	0.2636	0.25244
-3.1691	0.2887	0.64216
-3.1691	0.31381	0.92314
-3.1691	0.33891	0.85008
-3.1691	0.36402	0.40827
-3.1691	0.38912	0.019417
-3.1691	0.41423	0.37053
-3.1691	0.43933	2.1188
-3.1691	0.46444	5.4248
-3.1691	0.48954	9.643
-3.1691	0.51464	13.673
-3.1691	0.53975	16.121
-3.1691	0.56485	16.178
-3.1691	0.58996	13.91
-3.1691	0.61506	10.092
-3.1691	0.64017	5.9858
-3.1691	0.66527	2.6908
-3.1691	0.69038	0.73491
-3.1691	0.71548	0.030477
-3.1691	0.74059	0.094423
-3.1691	0.76569	0.3591
-3.1691	0.79079	0.48111
-3.1691	0.8159	0.3856
-3.1691	0.841	0.19309
-3.1691	0.86611	0.042847
-3.1691	0.91632	0.036621
-3.1691	0.94142	0.083468
-3.1691	0.96653	0.093806
-3.1691	0.99163	0.064963
-3.1691	1.0167	0.025514
-3.1691	1.0418	0.0026225
-3.1691	1.0669	0.0023028
-3.1691	1.0921	0.013422
-3.1691	1.1172	0.020879
-3.1691	1.1423	0.018361
-3.1691	1.1674	0.0097281
-3.1691	1.1925	0.0023817
-3.1691	1.2427	0.001501
-3.1691	1.2678	0.0034209
-3.1691	1.2929	0.003614
-3.1691	1.318	0.002222
-3.1691	1.6192	0.0019672
-3.1691	1.6444	0.0028796
-3.1691	1.6695	0.0024912
-3.1691	1.7448	0.0030853
-3.1691	1.7699	0.012611
-3.1691	1.795	0.028165
-3.1691	1.8201	0.046115
-3.1691	1.8452	0.060451
-3.1691	1.8703	0.066036
-3.1691	1.8954	0.061255
-3.1691	1.9205	0.048049
-3.1691	1.9456	0.031362
-3.1691	1.9707	0.016262
-3.1691	1.9958	0.0060716
-3.1441	-0.76569	0.0020902
-3.1441	-0.74059	0.0049344
-3.1441	-0.71548	0.0076079
-3.1441	-0.69038	0.0086782
-3.1441	-0.66527	0.0069629
-3.1441	-0.64017	0.0034398
-3.1441	-0.56485	0.0040833
-3.1441	-0.53975	0.0087164
-3.1441	-0.51464	0.010713
-3.1441	-0.48954	0.0081932
-3.1441	-0.46444	0.0030222
-3.1441	-0.41423	0.0028917
-3.1441	-0.38912	0.010901
-3.1441	-0.36402	0.018389
-3.1441	-0.33891	0.01905
-3.1441	-0.31381	0.011518
-3.1441	-0.2887	0.002432
-3.1441	-0.23849	0.011211
-3.1441	-0.21339	0.028123
-3.1441	-0.18828	0.038458
-3.1441	-0.16318	0.032991
-3.1441	-0.13808	0.014773
-3.1441	-0.087866	0.007937
-3.1441	-0.062762	0.038588
-3.1441	-0.037657	0.072935
-3.1441	-0.012552	0.083133
-3.1441	0.012552	0.057195
-3.1441	0.037657	0.015964
-3.1441	0.062762	0.0015804
-3.1441	0.087866	0.043994
-3.1441	0.11297	0.13042
-3.1441	0.13808	0.20201
-3.1441	0.16318	0.19593
-3.1441	0.18828	0.10727
-3.1441	0.21339	0.0123
-3.1441	0.23849	0.030638
-3.1441	0.2636	0.22185
-3.1441	0.2887	0.5138
-3.1441	0.31381	0.70123
-3.1441	0.33891	0.60641
-3.1441	0.36402	0.24885
-3.1441	0.38912	0.0057783
-3.1441	0.41423	0.47563
-3.1441	0.43933	2.2488
-3.1441	0.46444	5.4827
-3.1441	0.48954	9.6305
-3.1441	0.51464	13.642
-3.1441	0.53975	16.201
-3.1441	0.56485	16.449
-3.1441	0.58996	14.271
-3.1441	0.61506	10.424
-3.1441	0.64017	6.1714
-3.1441	0.66527	2.7096
-3.1441	0.69038	0.67093
-3.1441	0.71548	0.0055297
-3.1441	0.74059	0.19117
-3.1441	0.76569	0.56896
-3.1441	0.79079	0.71762
-3.1441	0.8159	0.5571
-3.1441	0.841	0.26486
-3.1441	0.86611	0.048141
-3.1441	0.89121	0.0050376
-3.1441	0.91632	0.086555
-3.1441	0.94142	0.17672
-3.1441	0.96653	0.1907
-3.1441	0.99163	0.12876
-3.1441	1.0167	0.047194
-3.1441	1.0418	0.0026764
-3.1441	1.0669	0.010063
-3.1441	1.0921	0.042406
-3.1441	1.1172	0.063403
-3.1441	1.1423	0.055709
-3.1441	1.1674	0.029044
-3.1441	1.1925	0.0063526
-3.1441	1.2427	0.008153
-3.1441	1.2678	0.018079
-3.1441	1.2929	0.020091
-3.1441	1.318	0.013821
-3.1441	1.3431	0.0052932
-3.1441	1.4184	0.0026975
-3.1441	1.4435	0.003847
-3.1441	1.4686	0.0029751
-3.1441	1.7448	0.0021699
-3.1441	1.7699	0.0089209
-3.1441	1.795	0.021352
-3.1441	1.8201	0.037524
-3.1441	1.8452	0.052281
-3.1441	1.8703	0.060109
-3.1441	1.8954	0.058154
-3.1441	1.9205	0.047163
-3.1441	1.9456	0.031418
-3.1441	1.9707	0.016389
-3.1441	1.9958	0.0059294
-3.1441	2.0962	0.0015885
-3.1441	2.1213	0.0015174
-3.119	-0.89121	0.0025095
-3.119	-0.86611	0.0057055
-3.119	-0.841	0.0089514
-3.119	-0.8159	0.010754
-3.119	-0.79079	0.010241
-3.119	-0.76569	0.0076939
-3.119	-0.74059	0.0042911
-3.119	-0.71548	0.0016067
-3.119	-0.53975	0.0018096
-3.119	-0.51464	0.002378
-3.119	-0.48954	0.0018446
-3.119	-0.41423	0.001504
-3.119	-0.38912	0.0046641
-3.119	-0.36402	0.0074807
-3.119	-0.33891	0.0073872
-3.119	-0.31381	0.0040972
-3.119	-0.23849	0.0066943
-3.119	-0.21339	0.014916
-3.119	-0.18828	0.019187
-3.119	-0.16318	0.015187
-3.119	-0.13808	0.0056719
-3.119	-0.087866	0.0063336
-3.119	-0.062762	0.024155
-3.119	-0.037657	0.041734
-3.119	-0.012552	0.044381
-3.119	0.012552	0.027745
-3.119	0.037657	0.0056534
-3.119	0.062762	0.0023426
-3.119	0.087866	0.032646
-3.119	0.11297	0.084641
-3.119	0.13808	0.12157
-3.119	0.16318	0.10927
-3.119	0.18828	0.052067
-3.119	0.21339	0.0022236
-3.119	0.23849	0.031117
-3.119	0.2636	0.16743
-3.119	0.2887	0.3484
-3.119	0.31381	0.44386
-3.119	0.33891	0.35296
-3.119	0.36402	0.11739
-3.119	0.38912	0.0034243
-3.119	0.41423	0.44457
-3.119	0.43933	1.8106
-3.119	0.46444	4.159
-3.119	0.48954	7.1197
-3.119	0.51464	9.8883
-3.119	0.53975	11.61
-3.119	0.56485	11.657
-3.119	0.58996	10.009
-3.119	0.61506	7.2148
-3.119	0.64017	4.1611
-3.119	0.66527	1.7479
-3.119	0.69038	0.37734
-3.119	0.74059	0.2159
-3.119	0.76569	0.52743
-3.119	0.79079	0.62243
-3.119	0.8159	0.46058
-3.119	0.841	0.2034
-3.119	0.86611	0.026742
-3.119	0.89121	0.013101
-3.119	0.91632	0.10856
-3.119	0.94142	0.19866
-3.119	0.96653	0.20598
-3.119	0.99163	0.13313
-3.119	1.0167	0.043712
-3.119	1.0669	0.019793
-3.119	1.0921	0.06698
-3.119	1.1172	0.094962
-3.119	1.1423	0.081578
-3.119	1.1674	0.041187
-3.119	1.1925	0.0073622
-3.119	1.2176	0.0015615
-3.119	1.2427	0.019982
-3.119	1.2678	0.041224
-3.119	1.2929	0.046039
-3.119	1.318	0.032059
-3.119	1.3431	0.011972
-3.119	1.3933	0.0030386
-3.119	1.4184	0.012624
-3.119	1.4435	0.018916
-3.119	1.4686	0.016661
-3.119	1.4937	0.0090169
-3.119	1.5188	0.0020041
-3.119	1.569	0.0021444
-3.119	1.5941	0.0045275
-3.119	1.6192	0.0046708
-3.119	1.6444	0.0027959
-3.119	1.795	0.0032042
-3.119	1.8201	0.0095715
-3.119	1.8452	0.018795
-3.119	1.8703	0.027544
-3.119	1.8954	0.031686
-3.119	1.9205	0.029273
-3.119	1.9456	0.021514
-3.119	1.9707	0.011917
-3.119	1.9958	0.0043262
-3.119	2.0962	0.002011
-3.119	2.1213	0.0018715
-3.0939	-2.1715	0.0022446
-3.0939	-2.1464	0.0032436
-3.0939	-2.1213	0.0038422
-3.0939	-2.0962	0.0038398
-3.0939	-2.0711	0.0032464
-3.0939	-2.046	0.0022963
-3.0939	-1.0418	0.0015865
-3.0939	-1.0167	0.0022146
-3.0939	-0.99163	0.0019137
-3.0939	-0.91632	0.0019577
-3.0939	-0.89121	0.0082802
-3.0939	-0.86611	0.019363
-3.0939	-0.841	0.032985
-3.0939	-0.8159	0.04454
-3.0939	-0.79079	0.049866
-3.0939	-0.76569	0.046917
-3.0939	-0.74059	0.03687
-3.0939	-0.71548	0.023942
-3.0939	-0.69038	0.012219
-3.0939	-0.66527	0.0045591
-3.0939	-0.36402	0.0021856
-3.0939	-0.33891	0.0021689
-3.0939	-0.23849	0.0037026
-3.0939	-0.21339	0.0075735
-3.0939	-0.18828	0.0092105
-3.0939	-0.16318	0.0068084
-3.0939	-0.13808	0.0021471
-3.0939	-0.087866	0.0049277
-3.0939	-0.062762	0.01551
-3.0939	-0.037657	0.024848
-3.0939	-0.012552	0.024695
-3.0939	0.012552	0.013813
-3.0939	0.037657	0.0018523
-3.0939	0.062762	0.0031131
-3.0939	0.087866	0.025468
-3.0939	0.11297	0.058485
-3.0939	0.13808	0.077496
-3.0939	0.16318	0.064387
-3.0939	0.18828	0.026131
-3.0939	0.23849	0.03138
-3.0939	0.2636	0.13071
-3.0939	0.2887	0.24871
-3.0939	0.31381	0.29512
-3.0939	0.33891	0.21209
-3.0939	0.36402	0.052207
-3.0939	0.38912	0.023099
-3.0939	0.41423	0.42184
-3.0939	0.43933	1.4829
-3.0939	0.46444	3.2366
-3.0939	0.48954	5.332
-3.0939	0.51464	7.2155
-3.0939	0.53975	8.3013
-3.0939	0.56485	8.1726
-3.0939	0.58996	6.865
-3.0939	0.61506	4.8211
-3.0939	0.64017	2.6842
-3.0939	0.66527	1.0441
-3.0939	0.69038	0.1752
-3.0939	0.71548	0.0064338
-3.0939	0.74059	0.20733
-3.0939	0.76569	0.42893
-3.0939	0.79079	0.46939
-3.0939	0.8159	0.32523
-3.0939	0.841	0.12676
-3.0939	0.86611	0.010091
-3.0939	0.89121	0.020254
-3.0939	0.91632	0.10444
-3.0939	0.94142	0.17301
-3.0939	0.96653	0.16755
-3.0939	0.99163	0.10074
-3.0939	1.0167	0.027621
-3.0939	1.0669	0.025008
-3.0939	1.0921	0.06969
-3.0939	1.1172	0.092187
-3.0939	1.1423	0.075096
-3.0939	1.1674	0.035008
-3.0939	1.1925	0.0043771
-3.0939	1.2176	0.0035728
-3.0939	1.2427	0.026957
-3.0939	1.2678	0.050697
-3.0939	1.2929	0.054695
-3.0939	1.318	0.036548
-3.0939	1.3431	0.012257
-3.0939	1.3933	0.0066726
-3.0939	1.4184	0.023089
-3.0939	1.4435	0.03353
-3.0939	1.4686	0.029908
-3.0939	1.4937	0.015951
-3.0939	1.5188	0.0030752
-3.0939	1.569	0.0079767
-3.0939	1.5941	0.017466
-3.0939	1.6192	0.020447
-3.0939	1.6444	0.015086
-3.0939	1.6695	0.0059447
-3.0939	1.7197	0.0016948
-3.0939	1.7448	0.0076244
-3.0939	1.7699	0.012894
-3.0939	1.795	0.013369
-3.0939	1.8201	0.0094983
-3.0939	1.8452	0.0037579
-3.0939	1.9205	0.0017129
-3.0939	1.9456	0.0028696
-3.0939	1.9707	0.0023964
-3.0689	-2.1715	0.0021508
-3.0689	-2.1464	0.0032121
-3.0689	-2.1213	0.0039689
-3.0689	-2.0962	0.0041692
-3.0689	-2.0711	0.0036967
-3.0689	-2.046	0.0027593
-3.0689	-2.0209	0.0016842
-3.0689	-1.0418	0.0028003
-3.0689	-1.0167	0.0037609
-3.0689	-0.99163	0.0030792
-3.0689	-0.91632	0.0053385
-3.0689	-0.89121	0.021078
-3.0689	-0.86611	0.04826
-3.0689	-0.841	0.082858
-3.0689	-0.8159	0.11543
-3.0689	-0.79079	0.13436
-3.0689	-0.76569	0.13302
-3.0689	-0.74059	0.11174
-3.0689	-0.71548	0.07798
-3.0689	-0.69038	0.043323
-3.0689	-0.66527	0.017489
-3.0689	-0.64017	0.0037696
-3.0689	-0.56485	0.0029114
-3.0689	-0.53975	0.0029882
-3.0689	-0.51464	0.0018568
-3.0689	-0.21339	0.0028653
-3.0689	-0.18828	0.0035099
-3.0689	-0.16318	0.0024964
-3.0689	-0.087866	0.0034311
-3.0689	-0.062762	0.0095445
-3.0689	-0.037657	0.014403
-3.0689	-0.012552	0.013521
-3.0689	0.012552	0.0067217
-3.0689	0.062762	0.0036841
-3.0689	0.087866	0.020092
-3.0689	0.11297	0.041761
-3.0689	0.13808	0.052147
-3.0689	0.16318	0.039845
-3.0689	0.18828	0.013075
-3.0689	0.23849	0.03148
-3.0689	0.2636	0.10945
-3.0689	0.2887	0.19106
-3.0689	0.31381	0.21228
-3.0689	0.33891	0.13587
-3.0689	0.36402	0.021888
-3.0689	0.38912	0.040704
-3.0689	0.41423	0.41855
-3.0689	0.43933	1.3218
-3.0689	0.46444	2.7345
-3.0689	0.48954	4.3686
-3.0689	0.51464	5.771
-3.0689	0.53975	6.4866
-3.0689	0.56485	6.2493
-3.0689	0.58996	5.1224
-3.0689	0.61506	3.4908
-3.0689	0.64017	1.8633
-3.0689	0.66527	0.66626
-3.0689	0.69038	0.089147
-3.0689	0.71548	0.022728
-3.0689	0.74059	0.20508
-3.0689	0.76569	0.36652
-3.0689	0.79079	0.37244
-3.0689	0.8159	0.23872
-3.0689	0.841	0.081815
-3.0689	0.86611	0.0026767
-3.0689	0.89121	0.026877
-3.0689	0.91632	0.10186
-3.0689	0.94142	0.1519
-3.0689	0.96653	0.13715
-3.0689	0.99163	0.0753
-3.0689	1.0167	0.016592
-3.0689	1.0669	0.029221
-3.0689	1.0921	0.068866
-3.0689	1.1172	0.083948
-3.0689	1.1423	0.063882
-3.0689	1.1674	0.026494
-3.0689	1.1925	0.0019243
-3.0689	1.2176	0.0060538
-3.0689	1.2427	0.030897
-3.0689	1.2678	0.052955
-3.0689	1.2929	0.053315
-3.0689	1.318	0.033362
-3.0689	1.3431	0.0095324
-3.0689	1.3933	0.010381
-3.0689	1.4184	0.02944
-3.0689	1.4435	0.040513
-3.0689	1.4686	0.034474
-3.0689	1.4937	0.017136
-3.0689	1.5188	0.0023754
-3.0689	1.5439	0.0019229
-3.0689	1.569	0.014583
-3.0689	1.5941	0.029637
-3.0689	1.6192	0.034526
-3.0689	1.6444	0.025361
-3.0689	1.6695	0.0094982
-3.0689	1.7197	0.0067948
-3.0689	1.7448	0.028426
-3.0689	1.7699	0.054794
-3.0689	1.795	0.073278
-3.0689	1.8201	0.076581
-3.0689	1.8452	0.064942
-3.0689	1.8703	0.044968
-3.0689	1.8954	0.025309
-3.0689	1.9205	0.010994
-3.0689	1.9456	0.0037526
-3.0438	-2.1464	0.002043
-3.0438	-2.1213	0.0025444
-3.0438	-2.0962	0.0026972
-3.0438	-2.0711	0.0024316
-3.0438	-2.046	0.0018274
-3.0438	-1.0669	0.0015403
-3.0438	-1.0418	0.0032359
-3.0438	-1.0167	0.0042565
-3.0438	-0.99163	0.003344
-3.0438	-0.91632	0.010367
-3.0438	-0.89121	0.038719
-3.0438	-0.86611	0.08811
-3.0438	-0.841	0.15401
-3.0438	-0.8159	0.21861
-3.0438	-0.79079	0.2621
-3.0438	-0.76569	0.26772
-3.0438	-0.74059	0.23175
-3.0438	-0.71548	0.16662
-3.0438	-0.69038	0.094246
-3.0438	-0.66527	0.037736
-3.0438	-0.64017	0.0070078
-3.0438	-0.58996	0.0059637
-3.0438	-0.56485	0.012542
-3.0438	-0.53975	0.013468
-3.0438	-0.51464	0.0091995
-3.0438	-0.48954	0.0035066
-3.0438	-0.38912	0.0019158
-3.0438	-0.36402	0.001536
-3.0438	-0.087866	0.0017105
-3.0438	-0.062762	0.0045161
-3.0438	-0.037657	0.0067786
-3.0438	-0.012552	0.0061949
-3.0438	0.012552	0.0028162
-3.0438	0.062762	0.0035177
-3.0438	0.087866	0.015164
-3.0438	0.11297	0.029164
-3.0438	0.13808	0.034501
-3.0438	0.16318	0.024542
-3.0438	0.18828	0.0061288
-3.0438	0.21339	0.0016097
-3.0438	0.23849	0.031477
-3.0438	0.2636	0.094284
-3.0438	0.2887	0.15438
-3.0438	0.31381	0.16004
-3.0438	0.33891	0.091757
-3.0438	0.36402	0.0076421
-3.0438	0.38912	0.0621
-3.0438	0.41423	0.43783
-3.0438	0.43933	1.276
-3.0438	0.46444	2.5108
-3.0438	0.48954	3.9065
-3.0438	0.51464	5.0512
-3.0438	0.53975	5.5621
-3.0438	0.56485	5.2502
-3.0438	0.58996	4.2038
-3.0438	0.61506	2.7757
-3.0438	0.64017	1.4145
-3.0438	0.66527	0.45917
-3.0438	0.69038	0.038638
-3.0438	0.71548	0.039952
-3.0438	0.74059	0.21591
-3.0438	0.76569	0.34242
-3.0438	0.79079	0.32194
-3.0438	0.8159	0.18999
-3.0438	0.841	0.054685
-3.0438	0.89121	0.035633
-3.0438	0.91632	0.10582
-3.0438	0.94142	0.14388
-3.0438	0.96653	0.1205
-3.0438	0.99163	0.059714
-3.0438	1.0167	0.0095194
-3.0438	1.0418	0.003154
-3.0438	1.0669	0.035104
-3.0438	1.0921	0.071507
-3.0438	1.1172	0.081071
-3.0438	1.1423	0.056774
-3.0438	1.1674	0.020554
-3.0438	1.2176	0.0095857
-3.0438	1.2427	0.036058
-3.0438	1.2678	0.056206
-3.0438	1.2929	0.052939
-3.0438	1.318	0.030245
-3.0438	1.3431	0.0067415
-3.0438	1.3933	0.014849
-3.0438	1.4184	0.035946
-3.0438	1.4435	0.046129
-3.0438	1.4686	0.036767
-3.0438	1.4937	0.016463
-3.0438	1.5439	0.0039514
-3.0438	1.569	0.021968
-3.0438	1.5941	0.040957
-3.0438	1.6192	0.045557
-3.0438	1.6444	0.031713
-3.0438	1.6695	0.010304
-3.0438	1.7197	0.015456
-3.0438	1.7448	0.056115
-3.0438	1.7699	0.1084
-3.0438	1.795	0.15021
-3.0438	1.8201	0.1669
-3.0438	1.8452	0.15415
-3.0438	1.8703	0.12011
-3.0438	1.8954	0.078754
-3.0438	1.9205	0.042588
-3.0438	1.9456	0.018291
-3.0438	1.9707	0.0055861
-3.0188	-2.0962	0.0015213
-3.0188	-1.0167	0.0019546
-3.0188	-0.91632	0.0091378
-3.0188	-0.89121	0.032608
-3.0188	-0.86611	0.076665
-3.0188	-0.841	0.13908
-3.0188	-0.8159	0.20627
-3.0188	-0.79079	0.25977
-3.0188	-0.76569	0.27754
-3.0188	-0.74059	0.25179
-3.0188	-0.71548	0.18875
-3.0188	-0.69038	0.10981
-3.0188	-0.66527	0.043387
-3.0188	-0.64017	0.0067469
-3.0188	-0.58996	0.013577
-3.0188	-0.56485	0.026404
-3.0188	-0.53975	0.028211
-3.0188	-0.51464	0.019055
-3.0188	-0.48954	0.0070582
-3.0188	-0.43933	0.0016056
-3.0188	-0.41423	0.0064917
-3.0188	-0.38912	0.0096545
-3.0188	-0.36402	0.0086229
-3.0188	-0.33891	0.004657
-3.0188	-0.23849	0.0015394
-3.0188	0.062762	0.0024444
-3.0188	0.087866	0.0088034
-3.0188	0.11297	0.016622
-3.0188	0.13808	0.019579
-3.0188	0.16318	0.01311
-3.0188	0.18828	0.0022896
-3.0188	0.21339	0.0029032
-3.0188	0.23849	0.029495
-3.0188	0.2636	0.079556
-3.0188	0.2887	0.12354
-3.0188	0.31381	0.12118
-3.0188	0.33891	0.060915
-3.0188	0.38912	0.084355
-3.0188	0.41423	0.47676
-3.0188	0.43933	1.2867
-3.0188	0.46444	2.4582
-3.0188	0.48954	3.7413
-3.0188	0.51464	4.7549
-3.0188	0.53975	5.1583
-3.0188	0.56485	4.7832
-3.0188	0.58996	3.7507
-3.0188	0.61506	2.401
-3.0188	0.64017	1.1618
-3.0188	0.66527	0.33447
-3.0188	0.69038	0.013637
-3.0188	0.71548	0.063818
-3.0188	0.74059	0.24341
-3.0188	0.76569	0.34839
-3.0188	0.79079	0.3037
-3.0188	0.8159	0.1641
-3.0188	0.841	0.039357
-3.0188	0.89121	0.048822
-3.0188	0.91632	0.11953
-3.0188	0.94142	0.14833
-3.0188	0.96653	0.1148
-3.0188	0.99163	0.05072
-3.0188	1.0167	0.0053724
-3.0188	1.0418	0.0073131
-3.0188	1.0669	0.044717
-3.0188	1.0921	0.080624
-3.0188	1.1172	0.084211
-3.0188	1.1423	0.054368
-3.0188	1.1674	0.016431
-3.0188	1.2176	0.014818
-3.0188	1.2427	0.044689
-3.0188	1.2678	0.063419
-3.0188	1.2929	0.055773
-3.0188	1.318	0.028654
-3.0188	1.3431	0.004739
-3.0188	1.3682	0.0022001
-3.0188	1.3933	0.021483
-3.0188	1.4184	0.045447
-3.0188	1.4435	0.053984
-3.0188	1.4686	0.040107
-3.0188	1.4937	0.015628
-3.0188	1.5439	0.0078062
-3.0188	1.569	0.032431
-3.0188	1.5941	0.055436
-3.0188	1.6192	0.05807
-3.0188	1.6444	0.037403
-3.0188	1.6695	0.009707
-3.0188	1.7197	0.030409
-3.0188	1.7448	0.097278
-3.0188	1.7699	0.17952
-3.0188	1.795	0.24714
-3.0188	1.8201	0.27643
-3.0188	1.8452	0.25978
-3.0188	1.8703	0.20749
-3.0188	1.8954	0.14062
-3.0188	1.9205	0.078914
-3.0188	1.9456	0.035277
-3.0188	1.9707	0.011131
-3.0188	1.9958	0.0016967
-2.9937	-0.91632	0.0035301
-2.9937	-0.89121	0.012625
-2.9937	-0.86611	0.029847
-2.9937	-0.841	0.055569
-2.9937	-0.8159	0.085857
-2.9937	-0.79079	0.11261
-2.9937	-0.76569	0.12533
-2.9937	-0.74059	0.11773
-2.9937	-0.71548	0.090223
-2.9937	-0.69038	0.053612
-2.9937	-0.66527	0.020381
-2.9937	-0.64017	0.0022985
-2.9937	-0.61506	0.0017519
-2.9937	-0.58996	0.012061
-2.9937	-0.56485	0.022063
-2.9937	-0.53975	0.023322
-2.9937	-0.51464	0.015557
-2.9937	-0.48954	0.0052689
-2.9937	-0.43933	0.0030269
-2.9937	-0.41423	0.010084
-2.9937	-0.38912	0.014897
-2.9937	-0.36402	0.013437
-2.9937	-0.33891	0.007299
-2.9937	-0.31381	0.0015447
-2.9937	-0.2636	0.0033772
-2.9937	-0.23849	0.0070653
-2.9937	-0.21339	0.0078665
-2.9937	-0.18828	0.0053884
-2.9937	-0.16318	0.001985
-2.9937	-0.087866	0.0015954
-2.9937	-0.062762	0.0017892
-2.9937	0.11297	0.0034477
-2.9937	0.13808	0.0049486
-2.9937	0.16318	0.0035999
-2.9937	0.21339	0.0026127
-2.9937	0.23849	0.01916
-2.9937	0.2636	0.050846
-2.9937	0.2887	0.079042
-2.9937	0.31381	0.075839
-2.9937	0.33891	0.033453
-2.9937	0.38912	0.097621
-2.9937	0.41423	0.48016
-2.9937	0.43933	1.2479
-2.9937	0.46444	2.3591
-2.9937	0.48954	3.5703
-2.9937	0.51464	4.5335
-2.9937	0.53975	4.9015
-2.9937	0.56485	4.5068
-2.9937	0.58996	3.4897
-2.9937	0.61506	2.1806
-2.9937	0.64017	1.0017
-2.9937	0.66527	0.25056
-2.9937	0.69038	0.0037907
-2.9937	0.71548	0.098898
-2.9937	0.74059	0.29244
-2.9937	0.76569	0.38092
-2.9937	0.79079	0.30994
-2.9937	0.8159	0.1519
-2.9937	0.841	0.026835
-2.9937	0.86611	0.0049353
-2.9937	0.89121	0.070117
-2.9937	0.91632	0.14684
-2.9937	0.94142	0.16776
-2.9937	0.96653	0.12057
-2.9937	0.99163	0.046222
-2.9937	1.0167	0.0024878
-2.9937	1.0418	0.013818
-2.9937	1.0669	0.06142
-2.9937	1.0921	0.099056
-2.9937	1.1172	0.095649
-2.9937	1.1423	0.056232
-2.9937	1.1674	0.0139
-2.9937	1.2176	0.023777
-2.9937	1.2427	0.059808
-2.9937	1.2678	0.077972
-2.9937	1.2929	0.063298
-2.9937	1.318	0.028844
-2.9937	1.3431	0.0031649
-2.9937	1.3682	0.0051912
-2.9937	1.3933	0.032608
-2.9937	1.4184	0.061277
-2.9937	1.4435	0.067582
-2.9937	1.4686	0.046206
-2.9937	1.4937	0.015059
-2.9937	1.5439	0.014859
-2.9937	1.569	0.049408
-2.9937	1.5941	0.077317
-2.9937	1.6192	0.075732
-2.9937	1.6444	0.044476
-2.9937	1.6695	0.0085445
-2.9937	1.6946	0.0047817
-2.9937	1.7197	0.057361
-2.9937	1.7448	0.16317
-2.9937	1.7699	0.28827
-2.9937	1.795	0.38904
-2.9937	1.8201	0.43155
-2.9937	1.8452	0.40381
-2.9937	1.8703	0.32262
-2.9937	1.8954	0.21881
-2.9937	1.9205	0.12269
-2.9937	1.9456	0.05468
-2.9937	1.9707	0.016367
-2.9937	1.9958	0.0020259
-2.9937	2.046	0.0018573
-2.9937	2.0711	0.0028005
-2.9937	2.0962	0.0022526
-2.9687	-0.89121	0.0027826
-2.9687	-0.86611	0.0069213
-2.9687	-0.841	0.013726
-2.9687	-0.8159	0.022478
-2.9687	-0.79079	0.031021
-2.9687	-0.76569	0.036048
-2.9687	-0.74059	0.035066
-2.9687	-0.71548	0.027588
-2.9687	-0.69038	0.01621
-2.9687	-0.66527	0.0057688
-2.9687	-0.58996	0.0060074
-2.9687	-0.56485	0.010257
-2.9687	-0.53975	0.010516
-2.9687	-0.51464	0.0067406
-2.9687	-0.48954	0.0020013
-2.9687	-0.43933	0.0024182
-2.9687	-0.41423	0.0069968
-2.9687	-0.38912	0.0098717
-2.9687	-0.36402	0.0086992
-2.9687	-0.33891	0.0044221
-2.9687	-0.2636	0.0041147
-2.9687	-0.23849	0.0080517
-2.9687	-0.21339	0.0090864
-2.9687	-0.18828	0.0062805
-2.9687	-0.16318	0.0021318
-2.9687	-0.11297	0.0017264
-2.9687	-0.087866	0.0051095
-2.9687	-0.062762	0.0069916
-2.9687	-0.037657	0.0058915
-2.9687	-0.012552	0.0028461
-2.9687	0.087866	0.0019354
-2.9687	0.23849	0.0028968
-2.9687	0.2636	0.0092119
-2.9687	0.2887	0.017587
-2.9687	0.31381	0.01976
-2.9687	0.33891	0.0080188
-2.9687	0.38912	0.061974
-2.9687	0.41423	0.28953
-2.9687	0.43933	0.77837
-2.9687	0.46444	1.549
-2.9687	0.48954	2.4625
-2.9687	0.51464	3.2528
-2.9687	0.53975	3.6566
-2.9687	0.56485	3.4688
-2.9687	0.58996	2.7354
-2.9687	0.61506	1.7148
-2.9687	0.64017	0.76015
-2.9687	0.66527	0.16439
-2.9687	0.71548	0.13851
-2.9687	0.74059	0.33579
-2.9687	0.76569	0.40945
-2.9687	0.79079	0.31398
-2.9687	0.8159	0.14002
-2.9687	0.841	0.016369
-2.9687	0.86611	0.014239
-2.9687	0.89121	0.10193
-2.9687	0.91632	0.18928
-2.9687	0.94142	0.20109
-2.9687	0.96653	0.13323
-2.9687	0.99163	0.043598
-2.9687	1.0418	0.027577
-2.9687	1.0669	0.090566
-2.9687	1.0921	0.1325
-2.9687	1.1172	0.11911
-2.9687	1.1423	0.063261
-2.9687	1.1674	0.011527
-2.9687	1.1925	0.0031759
-2.9687	1.2176	0.040691
-2.9687	1.2427	0.087324
-2.9687	1.2678	0.10514
-2.9687	1.2929	0.078383
-2.9687	1.318	0.031126
-2.9687	1.3682	0.012247
-2.9687	1.3933	0.053291
-2.9687	1.4184	0.090172
-2.9687	1.4435	0.09206
-2.9687	1.4686	0.057364
-2.9687	1.4937	0.014974
-2.9687	1.5439	0.028679
-2.9687	1.569	0.080529
-2.9687	1.5941	0.1158
-2.9687	1.6192	0.10531
-2.9687	1.6444	0.055192
-2.9687	1.6695	0.0069052
-2.9687	1.6946	0.013745
-2.9687	1.7197	0.10993
-2.9687	1.7448	0.28329
-2.9687	1.7699	0.47952
-2.9687	1.795	0.63165
-2.9687	1.8201	0.68799
-2.9687	1.8452	0.63545
-2.9687	1.8703	0.50089
-2.9687	1.8954	0.3359
-2.9687	1.9205	0.1852
-2.9687	1.9456	0.079405
-2.9687	1.9707	0.022225
-2.9687	1.9958	0.0021174
-2.9687	2.046	0.0041336
-2.9687	2.0711	0.0056143
-2.9687	2.0962	0.0043515
-2.9687	2.1213	0.0021046
-2.9436	-0.841	0.001647
-2.9436	-0.8159	0.0030747
-2.9436	-0.79079	0.0049036
-2.9436	-0.76569	0.0064201
-2.9436	-0.74059	0.0069547
-2.9436	-0.71548	0.005879
-2.9436	-0.69038	0.0036479
-2.9436	-0.58996	0.0023016
-2.9436	-0.56485	0.0037254
-2.9436	-0.53975	0.0037321
-2.9436	-0.51464	0.0022498
-2.9436	-0.41423	0.0036286
-2.9436	-0.38912	0.0048759
-2.9436	-0.36402	0.0040573
-2.9436	-0.33891	0.0018588
-2.9436	-0.2636	0.0030695
-2.9436	-0.23849	0.0055431
-2.9436	-0.21339	0.0059661
-2.9436	-0.18828	0.0039008
-2.9436	-0.11297	0.0020761
-2.9436	-0.087866	0.0054766
-2.9436	-0.062762	0.0074886
-2.9436	-0.037657	0.0063277
-2.9436	-0.012552	0.0029735
-2.9436	0.062762	0.0037501
-2.9436	0.087866	0.0066818
-2.9436	0.11297	0.0069053
-2.9436	0.13808	0.0042576
-2.9436	0.23849	0.0022914
-2.9436	0.2636	0.0019837
-2.9436	0.38912	0.0068523
-2.9436	0.41423	0.036694
-2.9436	0.43933	0.1274
-2.9436	0.46444	0.31172
-2.9436	0.48954	0.58394
-2.9436	0.51464	0.87533
-2.9436	0.53975	1.1035
-2.9436	0.56485	1.1493
-2.9436	0.58996	0.98141
-2.9436	0.61506	0.64822
-2.9436	0.64017	0.2913
-2.9436	0.66527	0.053258
-2.9436	0.69038	0.0052828
-2.9436	0.71548	0.10741
-2.9436	0.74059	0.23654
-2.9436	0.76569	0.28209
-2.9436	0.79079	0.21235
-2.9436	0.8159	0.087068
-2.9436	0.841	0.0060059
-2.9436	0.86611	0.02308
-2.9436	0.89121	0.11303
-2.9436	0.91632	0.19384
-2.9436	0.94142	0.19814
-2.9436	0.96653	0.12365
-2.9436	0.99163	0.034104
-2.9436	1.0418	0.044787
-2.9436	1.0669	0.12371
-2.9436	1.0921	0.16796
-2.9436	1.1172	0.14223
-2.9436	1.1423	0.068519
-2.9436	1.1674	0.0079953
-2.9436	1.1925	0.0097218
-2.9436	1.2176	0.068329
-2.9436	1.2427	0.13172
-2.9436	1.2678	0.14771
-2.9436	1.2929	0.10196
-2.9436	1.318	0.034292
-2.9436	1.3682	0.027354
-2.9436	1.3933	0.093135
-2.9436	1.4184	0.14279
-2.9436	1.4435	0.13535
-2.9436	1.4686	0.076263
-2.9436	1.4937	0.015382
-2.9436	1.5188	0.0039916
-2.9436	1.5439	0.058976
-2.9436	1.569	0.14191
-2.9436	1.5941	0.18883
-2.9436	1.6192	0.15875
-2.9436	1.6444	0.072534
-2.9436	1.6695	0.0030631
-2.9436	1.6946	0.039133
-2.9436	1.7197	0.22501
-2.9436	1.7448	0.53021
-2.9436	1.7699	0.85848
-2.9436	1.795	1.0986
-2.9436	1.8201	1.1721
-2.9436	1.8452	1.0634
-2.9436	1.8703	0.81916
-2.9436	1.8954	0.54089
-2.9436	1.9205	0.28974
-2.9436	1.9456	0.119
-2.9436	1.9707	0.030244
-2.9436	1.9958	0.0018629
-2.9436	2.0209	0.0022956
-2.9436	2.046	0.0088209
-2.9436	2.0711	0.010859
-2.9436	2.0962	0.0079361
-2.9436	2.1213	0.003565
-2.9186	-0.86611	0.0016646
-2.9186	-0.841	0.0018035
-2.9186	-0.8159	0.0016014
-2.9186	-0.41423	0.0015651
-2.9186	-0.38912	0.0020193
-2.9186	-0.36402	0.0016146
-2.9186	-0.2636	0.001891
-2.9186	-0.23849	0.0031972
-2.9186	-0.21339	0.0032597
-2.9186	-0.18828	0.0019488
-2.9186	-0.11297	0.0018478
-2.9186	-0.087866	0.0043176
-2.9186	-0.062762	0.0056108
-2.9186	-0.037657	0.0045303
-2.9186	-0.012552	0.001894
-2.9186	0.062762	0.004586
-2.9186	0.087866	0.0079663
-2.9186	0.11297	0.0083158
-2.9186	0.13808	0.005257
-2.9186	0.21339	0.0032245
-2.9186	0.23849	0.0083279
-2.9186	0.2636	0.011063
-2.9186	0.2887	0.0091125
-2.9186	0.31381	0.0039944
-2.9186	0.38912	0.0046865
-2.9186	0.41423	0.007367
-2.9186	0.43933	0.0049243
-2.9186	0.46444	0.0028026
-2.9186	0.48954	0.0097093
-2.9186	0.51464	0.031301
-2.9186	0.53975	0.066033
-2.9186	0.56485	0.09529
-2.9186	0.58996	0.10414
-2.9186	0.61506	0.078876
-2.9186	0.64017	0.037671
-2.9186	0.66527	0.0051266
-2.9186	0.69038	0.003799
-2.9186	0.71548	0.032842
-2.9186	0.74059	0.067583
-2.9186	0.76569	0.080656
-2.9186	0.79079	0.060252
-2.9186	0.8159	0.022709
-2.9186	0.86611	0.014721
-2.9186	0.89121	0.05695
-2.9186	0.91632	0.094678
-2.9186	0.94142	0.094753
-2.9186	0.96653	0.057255
-2.9186	0.99163	0.012414
-2.9186	1.0167	0.0023541
-2.9186	1.0418	0.038591
-2.9186	1.0669	0.09543
-2.9186	1.0921	0.12596
-2.9186	1.1172	0.10349
-2.9186	1.1423	0.04592
-2.9186	1.1674	0.0027972
-2.9186	1.1925	0.015853
-2.9186	1.2176	0.079481
-2.9186	1.2427	0.14381
-2.9186	1.2678	0.15508
-2.9186	1.2929	0.1018
-2.9186	1.318	0.028574
-2.9186	1.3682	0.0482
-2.9186	1.3933	0.1389
-2.9186	1.4184	0.2009
-2.9186	1.4435	0.18028
-2.9186	1.4686	0.092739
-2.9186	1.4937	0.012107
-2.9186	1.5188	0.014411
-2.9186	1.5439	0.11488
-2.9186	1.569	0.2464
-2.9186	1.5941	0.30606
-2.9186	1.6192	0.24203
-2.9186	1.6444	0.095138
-2.9186	1.6946	0.10565
-2.9186	1.7197	0.47587
-2.9186	1.7448	1.0447
-2.9186	1.7699	1.6359
-2.9186	1.795	2.0438
-2.9186	1.8201	2.1375
-2.9186	1.8452	1.9048
-2.9186	1.8703	1.4503
-2.9186	1.8954	0.92962
-2.9186	1.9205	0.48191
-2.9186	1.9456	0.18824
-2.9186	1.9707	0.042164
-2.9186	2.0209	0.0068649
-2.9186	2.046	0.019343
-2.9186	2.0711	0.021679
-2.9186	2.0962	0.014817
-2.9186	2.1213	0.0061752
-2.9186	2.2218	0.001864
-2.9186	2.2469	0.001729
-2.8935	-0.91632	0.001884
-2.8935	-0.89121	0.0037498
-2.8935	-0.86611	0.0057013
-2.8935	-0.841	0.0070078
-2.8935	-0.8159	0.0071901
-2.8935	-0.79079	0.0062184
-2.8935	-0.76569	0.0044677
-2.8935	-0.74059	0.0026544
-2.8935	-0.23849	0.0015685
-2.8935	-0.21339	0.001533
-2.8935	-0.087866	0.0029457
-2.8935	-0.062762	0.0036168
-2.8935	-0.037657	0.0027357
-2.8935	0.062762	0.0043686
-2.8935	0.087866	0.0071177
-2.8935	0.11297	0.0071908
-2.8935	0.13808	0.0042636
-2.8935	0.21339	0.0048535
-2.8935	0.23849	0.01177
-2.8935	0.2636	0.016092
-2.8935	0.2887	0.013745
-2.8935	0.31381	0.0061321
-2.8935	0.36402	0.0044378
-2.8935	0.38912	0.023134
-2.8935	0.41423	0.049848
-2.8935	0.43933	0.074593
-2.8935	0.46444	0.084705
-2.8935	0.48954	0.076213
-2.8935	0.51464	0.054488
-2.8935	0.53975	0.028249
-2.8935	0.56485	0.009742
-2.8935	0.58996	0.0020482
-2.8935	0.71548	0.0035204
-2.8935	0.74059	0.0084581
-2.8935	0.76569	0.010897
-2.8935	0.79079	0.0084406
-2.8935	0.8159	0.002755
-2.8935	0.86611	0.0049477
-2.8935	0.89121	0.016075
-2.8935	0.91632	0.025057
-2.8935	0.94142	0.024461
-2.8935	0.96653	0.013616
-2.8935	0.99163	0.0021866
-2.8935	1.0167	0.0017775
-2.8935	1.0418	0.016734
-2.8935	1.0669	0.037407
-2.8935	1.0921	0.047442
-2.8935	1.1172	0.03705
-2.8935	1.1423	0.014372
-2.8935	1.1925	0.01122
-2.8935	1.2176	0.04508
-2.8935	1.2427	0.076147
-2.8935	1.2678	0.079511
-2.8935	1.2929	0.049509
-2.8935	1.318	0.010977
-2.8935	1.3431	0.0025881
-2.8935	1.3682	0.041956
-2.8935	1.3933	0.10829
-2.8935	1.4184	0.15048
-2.8935	1.4435	0.13167
-2.8935	1.4686	0.062651
-2.8935	1.4937	0.003787
-2.8935	1.5188	0.024286
-2.8935	1.5439	0.1356
-2.8935	1.569	0.27335
-2.8935	1.5941	0.33048
-2.8935	1.6192	0.25016
-2.8935	1.6444	0.084108
-2.8935	1.6695	0.0017383
-2.8935	1.6946	0.19945
-2.8935	1.7197	0.77984
-2.8935	1.7448	1.6483
-2.8935	1.7699	2.571
-2.8935	1.795	3.2276
-2.8935	1.8201	3.3793
-2.8935	1.8452	3.0396
-2.8935	1.8703	2.3196
-2.8935	1.8954	1.4797
-2.8935	1.9205	0.75807
-2.8935	1.9456	0.28277
-2.8935	1.9707	0.056302
-2.8935	2.0209	0.018367
-2.8935	2.046	0.041341
-2.8935	2.0711	0.042919
-2.8935	2.0962	0.027706
-2.8935	2.1213	0.010521
-2.8935	2.1967	0.0027247
-2.8935	2.2218	0.0043413
-2.8935	2.2469	0.0037418
-2.8935	2.272	0.0020016
-2.8685	-0.91632	0.0037527
-2.8685	-0.89121	0.0074964
-2.8685	-0.86611	0.011611
-2.8685	-0.841	0.014873
-2.8685	-0.8159	0.016077
-2.8685	-0.79079	0.014766
-2.8685	-0.76569	0.011476
-2.8685	-0.74059	0.0073266
-2.8685	-0.71548	0.0036457
-2.8685	-0.087866	0.001714
-2.8685	-0.062762	0.0020052
-2.8685	0.062762	0.0035839
-2.8685	0.087866	0.0054904
-2.8685	0.11297	0.0052779
-2.8685	0.13808	0.0028249
-2.8685	0.21339	0.005647
-2.8685	0.23849	0.01259
-2.8685	0.2636	0.016667
-2.8685	0.2887	0.0138
-2.8685	0.31381	0.0055014
-2.8685	0.36402	0.0090595
-2.8685	0.38912	0.039811
-2.8685	0.41423	0.090148
-2.8685	0.43933	0.14619
-2.8685	0.46444	0.18765
-2.8685	0.48954	0.20078
-2.8685	0.51464	0.18025
-2.8685	0.53975	0.13608
-2.8685	0.56485	0.085045
-2.8685	0.58996	0.042038
-2.8685	0.61506	0.015206
-2.8685	0.64017	0.0033019
-2.8685	0.89121	0.0025387
-2.8685	0.91632	0.0041567
-2.8685	0.94142	0.0041113
-2.8685	0.96653	0.0021493
-2.8685	1.0418	0.0053957
-2.8685	1.0669	0.011059
-2.8685	1.0921	0.013362
-2.8685	1.1172	0.0099028
-2.8685	1.1423	0.0032072
-2.8685	1.1925	0.0053726
-2.8685	1.2176	0.017326
-2.8685	1.2427	0.028073
-2.8685	1.2678	0.027576
-2.8685	1.2929	0.015667
-2.8685	1.318	0.0023956
-2.8685	1.3431	0.0023263
-2.8685	1.3682	0.02184
-2.8685	1.3933	0.05006
-2.8685	1.4184	0.066181
-2.8685	1.4435	0.054308
-2.8685	1.4686	0.022301
-2.8685	1.5188	0.019022
-2.8685	1.5439	0.082606
-2.8685	1.569	0.15588
-2.8685	1.5941	0.18148
-2.8685	1.6192	0.12766
-2.8685	1.6444	0.034268
-2.8685	1.6695	0.0058238
-2.8685	1.6946	0.18104
-2.8685	1.7197	0.63708
-2.8685	1.7448	1.3197
-2.8685	1.7699	2.0842
-2.8685	1.795	2.6656
-2.8685	1.8201	2.8663
-2.8685	1.8452	2.6408
-2.8685	1.8703	2.0662
-2.8685	1.8954	1.3465
-2.8685	1.9205	0.69188
-2.8685	1.9456	0.25837
-2.8685	1.9707	0.043481
-2.8685	2.0209	0.030967
-2.8685	2.046	0.060056
-2.8685	2.0711	0.059946
-2.8685	2.0962	0.037401
-2.8685	2.1213	0.013401
-2.8685	2.1967	0.005748
-2.8685	2.2218	0.0083236
-2.8685	2.2469	0.0068361
-2.8685	2.272	0.0034591
-2.8434	-0.94142	0.0023281
-2.8434	-0.91632	0.006588
-2.8434	-0.89121	0.012937
-2.8434	-0.86611	0.02001
-2.8434	-0.841	0.025774
-2.8434	-0.8159	0.028262
-2.8434	-0.79079	0.026413
-2.8434	-0.76569	0.020922
-2.8434	-0.74059	0.013559
-2.8434	-0.71548	0.0067828
-2.8434	-0.69038	0.0021434
-2.8434	0.062762	0.0025627
-2.8434	0.087866	0.0036852
-2.8434	0.11297	0.0033413
-2.8434	0.13808	0.001582
-2.8434	0.21339	0.0056299
-2.8434	0.23849	0.011605
-2.8434	0.2636	0.014677
-2.8434	0.2887	0.011492
-2.8434	0.31381	0.0038152
-2.8434	0.36402	0.013317
-2.8434	0.38912	0.052145
-2.8434	0.41423	0.11629
-2.8434	0.43933	0.19047
-2.8434	0.46444	0.25314
-2.8434	0.48954	0.28165
-2.8434	0.51464	0.26712
-2.8434	0.53975	0.21485
-2.8434	0.56485	0.14441
-2.8434	0.58996	0.078449
-2.8434	0.61506	0.030851
-2.8434	0.64017	0.0068143
-2.8434	0.69038	0.0015911
-2.8434	0.71548	0.0038369
-2.8434	0.74059	0.0039257
-2.8434	0.76569	0.0024181
-2.8434	1.0669	0.0023406
-2.8434	1.0921	0.0028542
-2.8434	1.1172	0.0020523
-2.8434	1.1925	0.002149
-2.8434	1.2176	0.0060814
-2.8434	1.2427	0.0091491
-2.8434	1.2678	0.0086228
-2.8434	1.2929	0.0042713
-2.8434	1.3431	0.0017674
-2.8434	1.3682	0.0098991
-2.8434	1.3933	0.020899
-2.8434	1.4184	0.025803
-2.8434	1.4435	0.019768
-2.8434	1.4686	0.0068612
-2.8434	1.5188	0.011712
-2.8434	1.5439	0.041027
-2.8434	1.569	0.072171
-2.8434	1.5941	0.078821
-2.8434	1.6192	0.051564
-2.8434	1.6444	0.0095827
-2.8434	1.6695	0.0093115
-2.8434	1.6946	0.1143
-2.8434	1.7197	0.36052
-2.8434	1.7448	0.72118
-2.8434	1.7699	1.11
-2.8434	1.795	1.4054
-2.8434	1.8201	1.5056
-2.8434	1.8452	1.3798
-2.8434	1.8703	1.0743
-2.8434	1.8954	0.69454
-2.8434	1.9205	0.35256
-2.8434	1.9456	0.12116
-2.8434	1.9707	0.015834
-2.8434	1.9958	0.0021962
-2.8434	2.0209	0.025252
-2.8434	2.046	0.043815
-2.8434	2.0711	0.041562
-2.8434	2.0962	0.025067
-2.8434	2.1213	0.0081028
-2.8434	2.1715	0.0016351
-2.8434	2.1967	0.0060765
-2.8434	2.2218	0.0081702
-2.8434	2.2469	0.0065735
-2.8434	2.272	0.0031567
-2.8184	-0.94142	0.0041809
-2.8184	-0.91632	0.011144
-2.8184	-0.89121	0.021469
-2.8184	-0.86611	0.033157
-2.8184	-0.841	0.042704
-2.8184	-0.8159	0.046846
-2.8184	-0.79079	0.043892
-2.8184	-0.76569	0.034754
-2.8184	-0.74059	0.022365
-2.8184	-0.71548	0.010892
-2.8184	-0.69038	0.0031736
-2.8184	-0.61506	0.0021079
-2.8184	-0.58996	0.0029997
-2.8184	-0.56485	0.0026034
-2.8184	0.087866	0.0020038
-2.8184	0.11297	0.0017292
-2.8184	0.21339	0.0049178
-2.8184	0.23849	0.0094326
-2.8184	0.2636	0.011409
-2.8184	0.2887	0.0083247
-2.8184	0.31381	0.0021108
-2.8184	0.36402	0.016724
-2.8184	0.38912	0.059345
-2.8184	0.41423	0.12798
-2.8184	0.43933	0.20961
-2.8184	0.46444	0.2806
-2.8184	0.48954	0.317
-2.8184	0.51464	0.3055
-2.8184	0.53975	0.25142
-2.8184	0.56485	0.17248
-2.8184	0.58996	0.094317
-2.8184	0.61506	0.036746
-2.8184	0.64017	0.0071989
-2.8184	0.69038	0.0041939
-2.8184	0.71548	0.008999
-2.8184	0.74059	0.0095669
-2.8184	0.76569	0.0063173
-2.8184	0.79079	0.0024953
-2.8184	1.2176	0.0015683
-2.8184	1.2427	0.0023422
-2.8184	1.2678	0.0021642
-2.8184	1.3682	0.0042405
-2.8184	1.3933	0.0081026
-2.8184	1.4184	0.0095736
-2.8184	1.4435	0.0067904
-2.8184	1.4686	0.0018051
-2.8184	1.5188	0.0066861
-2.8184	1.5439	0.020325
-2.8184	1.569	0.033014
-2.8184	1.5941	0.033922
-2.8184	1.6192	0.019859
-2.8184	1.6444	0.0022325
-2.8184	1.6695	0.008299
-2.8184	1.6946	0.070273
-2.8184	1.7197	0.19989
-2.8184	1.7448	0.3818
-2.8184	1.7699	0.57355
-2.8184	1.795	0.7123
-2.8184	1.8201	0.74971
-2.8184	1.8452	0.6761
-2.8184	1.8703	0.51568
-2.8184	1.8954	0.32468
-2.8184	1.9205	0.15799
-2.8184	1.9456	0.049907
-2.8184	1.9707	0.0046513
-2.8184	1.9958	0.0028288
-2.8184	2.0209	0.016044
-2.8184	2.046	0.024657
-2.8184	2.0711	0.021937
-2.8184	2.0962	0.012289
-2.8184	2.1213	0.003427
-2.8184	2.1967	0.0040562
-2.8184	2.2218	0.0050269
-2.8184	2.2469	0.0037944
-2.8184	2.272	0.0016805
-2.7933	-0.94142	0.0050638
-2.7933	-0.91632	0.013461
-2.7933	-0.89121	0.026639
-2.7933	-0.86611	0.042357
-2.7933	-0.841	0.056365
-2.7933	-0.8159	0.063771
-2.7933	-0.79079	0.061654
-2.7933	-0.76569	0.049504
-2.7933	-0.74059	0.03224
-2.7933	-0.71548	0.015397
-2.7933	-0.69038	0.0040528
-2.7933	-0.64017	0.0015153
-2.7933	-0.61506	0.0046729
-2.7933	-0.58996	0.0062404
-2.7933	-0.56485	0.0051858
-2.7933	-0.53975	0.0026194
-2.7933	-0.43933	0.0020317
-2.7933	-0.41423	0.0023501
-2.7933	-0.38912	0.0017028
-2.7933	0.21339	0.0035305
-2.7933	0.23849	0.0064587
-2.7933	0.2636	0.0075182
-2.7933	0.2887	0.0050925
-2.7933	0.33891	0.0017631
-2.7933	0.36402	0.018264
-2.7933	0.38912	0.059494
-2.7933	0.41423	0.12612
-2.7933	0.43933	0.20615
-2.7933	0.46444	0.27733
-2.7933	0.48954	0.31653
-2.7933	0.51464	0.30784
-2.7933	0.53975	0.25539
-2.7933	0.56485	0.17564
-2.7933	0.58996	0.095239
-2.7933	0.61506	0.035528
-2.7933	0.64017	0.0057184
-2.7933	0.69038	0.0074134
-2.7933	0.71548	0.014079
-2.7933	0.74059	0.014402
-2.7933	0.76569	0.0093643
-2.7933	0.79079	0.0034228
-2.7933	0.86611	0.0022316
-2.7933	0.89121	0.0032939
-2.7933	0.91632	0.0028459
-2.7933	0.94142	0.0015225
-2.7933	1.3933	0.0024818
-2.7933	1.4184	0.0029004
-2.7933	1.4435	0.0019879
-2.7933	1.5188	0.0034133
-2.7933	1.5439	0.0093311
-2.7933	1.569	0.014392
-2.7933	1.5941	0.01403
-2.7933	1.6192	0.0072686
-2.7933	1.6695	0.0072722
-2.7933	1.6946	0.041804
-2.7933	1.7197	0.11181
-2.7933	1.7448	0.20692
-2.7933	1.7699	0.30382
-2.7933	1.795	0.37146
-2.7933	1.8201	0.38614
-2.7933	1.8452	0.34258
-2.7933	1.8703	0.25779
-2.7933	1.8954	0.15754
-2.7933	1.9205	0.072975
-2.7933	1.9456	0.020891
-2.7933	1.9958	0.002533
-2.7933	2.0209	0.010327
-2.7933	2.046	0.01428
-2.7933	2.0711	0.011759
-2.7933	2.0962	0.0060469
-2.7933	2.1967	0.0026256
-2.7933	2.2218	0.0029732
-2.7933	2.2469	0.0020792
-2.7683	-0.94142	0.0025624
-2.7683	-0.91632	0.0069631
-2.7683	-0.89121	0.014209
-2.7683	-0.86611	0.023558
-2.7683	-0.841	0.033103
-2.7683	-0.8159	0.039679
-2.7683	-0.79079	0.040379
-2.7683	-0.76569	0.034418
-2.7683	-0.74059	0.023217
-2.7683	-0.71548	0.011355
-2.7683	-0.69038	0.002706
-2.7683	-0.64017	0.0023417
-2.7683	-0.61506	0.0062377
-2.7683	-0.58996	0.008222
-2.7683	-0.56485	0.0068056
-2.7683	-0.53975	0.0033267
-2.7683	-0.46444	0.0022726
-2.7683	-0.43933	0.004525
-2.7683	-0.41423	0.0050903
-2.7683	-0.38912	0.0035649
-2.7683	-0.2887	0.0017737
-2.7683	-0.2636	0.0026793
-2.7683	-0.23849	0.0024277
-2.7683	0.21339	0.0016174
-2.7683	0.23849	0.0029882
-2.7683	0.2636	0.0035247
-2.7683	0.2887	0.0022379
-2.7683	0.33891	0.0022731
-2.7683	0.36402	0.016691
-2.7683	0.38912	0.051788
-2.7683	0.41423	0.10894
-2.7683	0.43933	0.17957
-2.7683	0.46444	0.24525
-2.7683	0.48954	0.28413
-2.7683	0.51464	0.28004
-2.7683	0.53975	0.23427
-2.7683	0.56485	0.16141
-2.7683	0.58996	0.086321
-2.7683	0.61506	0.030257
-2.7683	0.64017	0.003818
-2.7683	0.69038	0.010744
-2.7683	0.71548	0.018321
-2.7683	0.74059	0.017953
-2.7683	0.76569	0.011068
-2.7683	0.79079	0.0036109
-2.7683	0.86611	0.004319
-2.7683	0.89121	0.0059945
-2.7683	0.91632	0.0050762
-2.7683	0.94142	0.0026185
-2.7683	1.0418	0.0016067
-2.7683	1.0669	0.0017069
-2.7683	1.5439	0.0034061
-2.7683	1.569	0.005186
-2.7683	1.5941	0.0049249
-2.7683	1.6192	0.0023162
-2.7683	1.6695	0.0047097
-2.7683	1.6946	0.023109
-2.7683	1.7197	0.059258
-2.7683	1.7448	0.1076
-2.7683	1.7699	0.15681
-2.7683	1.795	0.19113
-2.7683	1.8201	0.1975
-2.7683	1.8452	0.17415
-2.7683	1.8703	0.12882
-2.7683	1.8954	0.077367
-2.7683	1.9205	0.033929
-2.7683	1.9456	0.0085467
-2.7683	1.9958	0.0022749
-2.7683	2.0209	0.0067717
-2.7683	2.046	0.0084939
-2.7683	2.0711	0.006578
-2.7683	2.0962	0.0030685
-2.7683	2.1967	0.0017629
-2.7683	2.2218	0.0018416
-2.7432	-0.91632	0.0022397
-2.7432	-0.89121	0.0046367
-2.7432	-0.86611	0.0079001
-2.7432	-0.841	0.011236
-2.7432	-0.8159	0.013705
-2.7432	-0.79079	0.014211
-2.7432	-0.76569	0.012163
-2.7432	-0.74059	0.0082361
-2.7432	-0.71548	0.0038651
-2.7432	-0.61506	0.0034675
-2.7432	-0.58996	0.0044713
-2.7432	-0.56485	0.0036401
-2.7432	-0.53975	0.0016616
-2.7432	-0.46444	0.0022419
-2.7432	-0.43933	0.0042784
-2.7432	-0.41423	0.0047945
-2.7432	-0.38912	0.0033267
-2.7432	-0.2887	0.0033292
-2.7432	-0.2636	0.0048959
-2.7432	-0.23849	0.0044127
-2.7432	-0.21339	0.0022639
-2.7432	-0.13808	0.0020668
-2.7432	-0.11297	0.0039861
-2.7432	-0.087866	0.004412
-2.7432	-0.062762	0.0030141
-2.7432	0.037657	0.0017453
-2.7432	0.062762	0.0023475
-2.7432	0.087866	0.0019177
-2.7432	0.33891	0.0017976
-2.7432	0.36402	0.010326
-2.7432	0.38912	0.032154
-2.7432	0.41423	0.071091
-2.7432	0.43933	0.12388
-2.7432	0.46444	0.17775
-2.7432	0.48954	0.21486
-2.7432	0.51464	0.21969
-2.7432	0.53975	0.18853
-2.7432	0.56485	0.13192
-2.7432	0.58996	0.069705
-2.7432	0.61506	0.023073
-2.7432	0.64017	0.0018056
-2.7432	0.66527	0.0028011
-2.7432	0.69038	0.013675
-2.7432	0.71548	0.021485
-2.7432	0.74059	0.02002
-2.7432	0.76569	0.01174
-2.7432	0.79079	0.0032737
-2.7432	0.841	0.0025063
-2.7432	0.86611	0.0068531
-2.7432	0.89121	0.0089399
-2.7432	0.91632	0.0072002
-2.7432	0.94142	0.0034053
-2.7432	1.0167	0.0019292
-2.7432	1.0418	0.003564
-2.7432	1.0669	0.0036881
-2.7432	1.0921	0.0023593
-2.7432	1.6695	0.0021249
-2.7432	1.6946	0.0099432
-2.7432	1.7197	0.025624
-2.7432	1.7448	0.047569
-2.7432	1.7699	0.070955
-2.7432	1.795	0.088125
-2.7432	1.8201	0.092455
-2.7432	1.8452	0.082185
-2.7432	1.8703	0.060869
-2.7432	1.8954	0.035832
-2.7432	1.9205	0.015319
-2.7432	1.9456	0.0032027
-2.7432	1.9958	0.0017793
-2.7432	2.0209	0.0043288
-2.7432	2.046	0.0050314
-2.7432	2.0711	0.0036468
-2.7432	2.0962	0.0015438
-2.7182	-0.86611	0.001888
-2.7182	-0.841	0.0029047
-2.7182	-0.8159	0.0037123
-2.7182	-0.79079	0.0039764
-2.7182	-0.76569	0.0034849
-2.7182	-0.74059	0.0023589
-2.7182	-0.58996	0.0017143
-2.7182	-0.43933	0.0021156
-2.7182	-0.41423	0.0022552
-2.7182	-0.2887	0.0024222
-2.7182	-0.2636	0.0034162
-2.7182	-0.23849	0.0029794
-2.7182	-0.13808	0.0026659
-2.7182	-0.11297	0.0049831
-2.7182	-0.087866	0.0055101
-2.7182	-0.062762	0.0037223
-2.7182	0.012552	0.0019764
-2.7182	0.037657	0.0055198
-2.7182	0.062762	0.0077718
-2.7182	0.087866	0.0068684
-2.7182	0.11297	0.0034318
-2.7182	0.18828	0.0033151
-2.7182	0.21339	0.0060338
-2.7182	0.23849	0.0062489
-2.7182	0.2636	0.0038487
-2.7182	0.33891	0.0015332
-2.7182	0.36402	0.0047786
-2.7182	0.38912	0.010741
-2.7182	0.41423	0.02145
-2.7182	0.43933	0.041756
-2.7182	0.46444	0.069964
-2.7182	0.48954	0.097662
-2.7182	0.51464	0.11325
-2.7182	0.53975	0.10758
-2.7182	0.56485	0.080728
-2.7182	0.58996	0.044191
-2.7182	0.61506	0.014249
-2.7182	0.66527	0.0040094
-2.7182	0.69038	0.014849
-2.7182	0.71548	0.022061
-2.7182	0.74059	0.020032
-2.7182	0.76569	0.011128
-2.7182	0.79079	0.0026311
-2.7182	0.841	0.0041785
-2.7182	0.86611	0.0097471
-2.7182	0.89121	0.011911
-2.7182	0.91632	0.0090952
-2.7182	0.94142	0.0039038
-2.7182	1.0167	0.0037894
-2.7182	1.0418	0.0063207
-2.7182	1.0669	0.0062267
-2.7182	1.0921	0.0037282
-2.7182	1.1925	0.0030071
-2.7182	1.2176	0.0037493
-2.7182	1.2427	0.0028992
-2.7182	1.3682	0.0016276
-2.7182	1.3933	0.0015248
-2.7182	1.6946	0.0019059
-2.7182	1.7197	0.0060248
-2.7182	1.7448	0.01274
-2.7182	1.7699	0.021552
-2.7182	1.795	0.029289
-2.7182	1.8201	0.03291
-2.7182	1.8452	0.030875
-2.7182	1.8703	0.023574
-2.7182	1.8954	0.014209
-2.7182	1.9205	0.0058351
-2.7182	2.0209	0.0025705
-2.7182	2.046	0.0027904
-2.7182	2.0711	0.0019073
-2.6931	-2.2469	0.0016172
-2.6931	-2.2218	0.0023095
-2.6931	-2.1967	0.0026443
-2.6931	-2.1715	0.0024747
-2.6931	-2.1464	0.0019154
-2.6931	-0.2636	0.0017302
-2.6931	-0.13808	0.0018232
-2.6931	-0.11297	0.0031565
-2.6931	-0.087866	0.0033174
-2.6931	-0.062762	0.0020597
-2.6931	0.012552	0.0021776
-2.6931	0.037657	0.0054054
-2.6931	0.062762	0.0074698
-2.6931	0.087866	0.0064722
-2.6931	0.11297	0.0030093
-2.6931	0.18828	0.0072444
-2.6931	0.21339	0.013797
-2.6931	0.23849	0.015925
-2.6931	0.2636	0.011097
-2.6931	0.2887	0.0031995
-2.6931	0.33891	0.0092768
-2.6931	0.36402	0.030315
-2.6931	0.38912	0.054497
-2.6931	0.41423	0.07044
-2.6931	0.43933	0.071469
-2.6931	0.46444	0.059921
-2.6931	0.48954	0.044799
-2.6931	0.51464	0.032511
-2.6931	0.53975	0.026405
-2.6931	0.56485	0.020828
-2.6931	0.58996	0.013078
-2.6931	0.61506	0.004773
-2.6931	0.66527	0.0026799
-2.6931	0.69038	0.0096539
-2.6931	0.71548	0.015054
-2.6931	0.74059	0.01435
-2.6931	0.76569	0.0079918
-2.6931	0.79079	0.0016834
-2.6931	0.841	0.0055622
-2.6931	0.86611	0.011739
-2.6931	0.89121	0.013813
-2.6931	0.91632	0.010078
-2.6931	0.94142	0.003906
-2.6931	0.99163	0.0018054
-2.6931	1.0167	0.0065283
-2.6931	1.0418	0.010043
-2.6931	1.0669	0.0093388
-2.6931	1.0921	0.0052393
-2.6931	1.1674	0.0028804
-2.6931	1.1925	0.0062614
-2.6931	1.2176	0.0073933
-2.6931	1.2427	0.0054528
-2.6931	1.2678	0.0021405
-2.6931	1.3431	0.0031011
-2.6931	1.3682	0.0048975
-2.6931	1.3933	0.0046591
-2.6931	1.4184	0.002677
-2.6931	1.5188	0.0023272
-2.6931	1.5439	0.0028237
-2.6931	1.569	0.0020983
-2.6931	1.795	0.002212
-2.6931	1.8201	0.0043008
-2.6931	1.8452	0.0053663
-2.6931	1.8703	0.0050673
-2.6931	1.8954	0.003441
-2.6681	-2.2469	0.001631
-2.6681	-2.2218	0.0026044
-2.6681	-2.1967	0.0034332
-2.6681	-2.1715	0.0037911
-2.6681	-2.1464	0.0035312
-2.6681	-2.1213	0.0027304
-2.6681	-2.0962	0.0017096
-2.6681	-0.11297	0.0017888
-2.6681	-0.087866	0.0017503
-2.6681	0.012552	0.0017429
-2.6681	0.037657	0.0038055
-2.6681	0.062762	0.0048885
-2.6681	0.087866	0.003948
-2.6681	0.11297	0.0015624
-2.6681	0.16318	0.0018025
-2.6681	0.18828	0.0070894
-2.6681	0.21339	0.012839
-2.6681	0.23849	0.01443
-2.6681	0.2636	0.0097304
-2.6681	0.2887	0.0022038
-2.6681	0.33891	0.016953
-2.6681	0.36402	0.054266
-2.6681	0.38912	0.10646
-2.6681	0.41423	0.1578
-2.6681	0.43933	0.18922
-2.6681	0.46444	0.19003
-2.6681	0.48954	0.15953
-2.6681	0.51464	0.1124
-2.6681	0.53975	0.065197
-2.6681	0.56485	0.029964
-2.6681	0.58996	0.01011
-2.6681	0.61506	0.002131
-2.6681	0.71548	0.0025349
-2.6681	0.74059	0.0030705
-2.6681	0.76569	0.0021464
-2.6681	0.841	0.0032186
-2.6681	0.86611	0.0069178
-2.6681	0.89121	0.00868
-2.6681	0.91632	0.0065938
-2.6681	0.94142	0.0024439
-2.6681	0.99163	0.0027892
-2.6681	1.0167	0.0083712
-2.6681	1.0418	0.012242
-2.6681	1.0669	0.01117
-2.6681	1.0921	0.005773
-2.6681	1.1674	0.0057678
-2.6681	1.1925	0.011255
-2.6681	1.2176	0.012662
-2.6681	1.2427	0.0087644
-2.6681	1.2678	0.0029063
-2.6681	1.318	0.002387
-2.6681	1.3431	0.0077016
-2.6681	1.3682	0.011406
-2.6681	1.3933	0.010434
-2.6681	1.4184	0.005614
-2.6681	1.4937	0.0037253
-2.6681	1.5188	0.0083467
-2.6681	1.5439	0.010265
-2.6681	1.569	0.0079345
-2.6681	1.5941	0.0032949
-2.6681	1.6695	0.006925
-2.6681	1.6946	0.01344
-2.6681	1.7197	0.017824
-2.6681	1.7448	0.017863
-2.6681	1.7699	0.01388
-2.6681	1.795	0.0086155
-2.6681	1.8201	0.0039623
-2.643	-2.2218	0.0017029
-2.643	-2.1967	0.0022384
-2.643	-2.1715	0.0025004
-2.643	-2.1464	0.0023878
-2.643	-2.1213	0.0019357
-2.643	-0.91632	0.0022298
-2.643	-0.89121	0.0029104
-2.643	-0.86611	0.0031658
-2.643	-0.841	0.0029034
-2.643	-0.8159	0.0022298
-2.643	0.037657	0.0025096
-2.643	0.062762	0.003015
-2.643	0.087866	0.0022123
-2.643	0.16318	0.0018015
-2.643	0.18828	0.0058102
-2.643	0.21339	0.009838
-2.643	0.23849	0.010414
-2.643	0.2636	0.0064057
-2.643	0.31381	0.0019924
-2.643	0.33891	0.018945
-2.643	0.36402	0.05684
-2.643	0.38912	0.1113
-2.643	0.41423	0.16827
-2.643	0.43933	0.20985
-2.643	0.46444	0.22146
-2.643	0.48954	0.19887
-2.643	0.51464	0.15143
-2.643	0.53975	0.095299
-2.643	0.56485	0.046962
-2.643	0.58996	0.01576
-2.643	0.61506	0.0022855
-2.643	0.66527	0.0021193
-2.643	0.69038	0.003468
-2.643	0.71548	0.0031064
-2.643	0.74059	0.0018802
-2.643	1.0167	0.0035486
-2.643	1.0418	0.0054622
-2.643	1.0669	0.0052101
-2.643	1.0921	0.0027091
-2.643	1.1674	0.0061615
-2.643	1.1925	0.011628
-2.643	1.2176	0.013062
-2.643	1.2427	0.0089547
-2.643	1.2678	0.0025722
-2.643	1.318	0.0050884
-2.643	1.3431	0.014224
-2.643	1.3682	0.020289
-2.643	1.3933	0.01807
-2.643	1.4184	0.0090897
-2.643	1.4937	0.010769
-2.643	1.5188	0.022159
-2.643	1.5439	0.026449
-2.643	1.569	0.019814
-2.643	1.5941	0.007322
-2.643	1.6444	0.0070559
-2.643	1.6695	0.029504
-2.643	1.6946	0.059756
-2.643	1.7197	0.085667
-2.643	1.7448	0.096191
-2.643	1.7699	0.089408
-2.643	1.795	0.069498
-2.643	1.8201	0.046005
-2.643	1.8452	0.024692
-2.643	1.8703	0.010595
-2.643	1.8954	0.0032999
-2.618	-2.1715	0.0015085
-2.618	-0.94142	0.0027188
-2.618	-0.91632	0.0044725
-2.618	-0.89121	0.0060007
-2.618	-0.86611	0.0067837
-2.618	-0.841	0.0065201
-2.618	-0.8159	0.0053231
-2.618	-0.79079	0.0035954
-2.618	-0.76569	0.0019303
-2.618	0.037657	0.0015432
-2.618	0.062762	0.001738
-2.618	0.16318	0.0016041
-2.618	0.18828	0.0044796
-2.618	0.21339	0.0069985
-2.618	0.23849	0.0069842
-2.618	0.2636	0.0037691
-2.618	0.31381	0.0027317
-2.618	0.33891	0.018588
-2.618	0.36402	0.05165
-2.618	0.38912	0.098627
-2.618	0.41423	0.14833
-2.618	0.43933	0.1854
-2.618	0.46444	0.19759
-2.618	0.48954	0.18003
-2.618	0.51464	0.13909
-2.618	0.53975	0.088664
-2.618	0.56485	0.043693
-2.618	0.58996	0.013988
-2.618	0.66527	0.0041876
-2.618	0.69038	0.00649
-2.618	0.71548	0.0058349
-2.618	0.74059	0.0033577
-2.618	1.1674	0.0018656
-2.618	1.1925	0.0035425
-2.618	1.2176	0.004152
-2.618	1.2427	0.0027774
-2.618	1.318	0.0038322
-2.618	1.3431	0.010086
-2.618	1.3682	0.014767
-2.618	1.3933	0.013356
-2.618	1.4184	0.0064497
-2.618	1.4686	0.0030597
-2.618	1.4937	0.016368
-2.618	1.5188	0.033086
-2.618	1.5439	0.040013
-2.618	1.569	0.029995
-2.618	1.5941	0.010047
-2.618	1.6444	0.021487
-2.618	1.6695	0.083246
-2.618	1.6946	0.16506
-2.618	1.7197	0.24469
-2.618	1.7448	0.29041
-2.618	1.7699	0.28495
-2.618	1.795	0.23721
-2.618	1.8201	0.16691
-2.618	1.8452	0.098084
-2.618	1.8703	0.046225
-2.618	1.8954	0.016234
-2.618	1.9205	0.0032574
-2.5929	-0.96653	0.0019988
-2.5929	-0.94142	0.0042173
-2.5929	-0.91632	0.0069566
-2.5929	-0.89121	0.0094419
-2.5929	-0.86611	0.010835
-2.5929	-0.841	0.010611
-2.5929	-0.8159	0.0088221
-2.5929	-0.79079	0.0060557
-2.5929	-0.76569	0.0032692
-2.5929	0.18828	0.0031479
-2.5929	0.21339	0.0045877
-2.5929	0.23849	0.0042672
-2.5929	0.2636	0.0019513
-2.5929	0.31381	0.0030885
-2.5929	0.33891	0.016548
-2.5929	0.36402	0.043109
-2.5929	0.38912	0.080205
-2.5929	0.41423	0.11902
-2.5929	0.43933	0.14831
-2.5929	0.46444	0.15736
-2.5929	0.48954	0.14331
-2.5929	0.51464	0.11035
-2.5929	0.53975	0.069791
-2.5929	0.56485	0.033484
-2.5929	0.58996	0.0099239
-2.5929	0.66527	0.0051935
-2.5929	0.69038	0.007473
-2.5929	0.71548	0.0065123
-2.5929	0.74059	0.0035761
-2.5929	0.86611	0.0016819
-2.5929	1.3431	0.0027643
-2.5929	1.3682	0.0039132
-2.5929	1.3933	0.0034832
-2.5929	1.4184	0.001525
-2.5929	1.4686	0.0019221
-2.5929	1.4937	0.0084744
-2.5929	1.5188	0.016579
-2.5929	1.5439	0.02031
-2.5929	1.569	0.015099
-2.5929	1.5941	0.0042851
-2.5929	1.6444	0.023491
-2.5929	1.6695	0.085175
-2.5929	1.6946	0.18203
-2.5929	1.7197	0.28873
-2.5929	1.7448	0.37
-2.5929	1.7699	0.3976
-2.5929	1.795	0.36256
-2.5929	1.8201	0.27823
-2.5929	1.8452	0.17777
-2.5929	1.8703	0.089497
-2.5929	1.8954	0.032473
-2.5929	1.9205	0.0060835
-2.5929	1.9707	0.0021415
-2.5929	1.9958	0.0042823
-2.5929	2.0209	0.0040473
-2.5929	2.046	0.0023805
-2.5678	-0.96653	0.0024433
-2.5678	-0.94142	0.0051888
-2.5678	-0.91632	0.0086616
-2.5678	-0.89121	0.011907
-2.5678	-0.86611	0.013956
-2.5678	-0.841	0.013857
-2.5678	-0.8159	0.011672
-2.5678	-0.79079	0.0080819
-2.5678	-0.76569	0.0042967
-2.5678	-0.74059	0.0015069
-2.5678	0.18828	0.0018912
-2.5678	0.21339	0.0026151
-2.5678	0.23849	0.002265
-2.5678	0.31381	0.0029297
-2.5678	0.33891	0.013196
-2.5678	0.36402	0.032672
-2.5678	0.38912	0.059409
-2.5678	0.41423	0.087167
-2.5678	0.43933	0.10787
-2.5678	0.46444	0.11423
-2.5678	0.48954	0.10355
-2.5678	0.51464	0.079263
-2.5678	0.53975	0.049275
-2.5678	0.56485	0.022772
-2.5678	0.58996	0.0060623
-2.5678	0.64017	0.0016049
-2.5678	0.66527	0.0052624
-2.5678	0.69038	0.0070279
-2.5678	0.71548	0.0058204
-2.5678	0.74059	0.0029746
-2.5678	0.841	0.001922
-2.5678	0.86611	0.0022405
-2.5678	0.89121	0.0016402
-2.5678	1.4937	0.002518
-2.5678	1.5188	0.0046667
-2.5678	1.5439	0.0055785
-2.5678	1.569	0.0039407
-2.5678	1.6444	0.011306
-2.5678	1.6695	0.037855
-2.5678	1.6946	0.080425
-2.5678	1.7197	0.13139
-2.5678	1.7448	0.1745
-2.5678	1.7699	0.19656
-2.5678	1.795	0.18851
-2.5678	1.8201	0.15358
-2.5678	1.8452	0.10325
-2.5678	1.8703	0.054841
-2.5678	1.8954	0.020473
-2.5678	1.9205	0.0033496
-2.5678	1.9707	0.0030754
-2.5678	1.9958	0.0057683
-2.5678	2.0209	0.0057147
-2.5678	2.046	0.0035113
-2.5428	-0.96653	0.0021051
-2.5428	-0.94142	0.0045064
-2.5428	-0.91632	0.0077849
-2.5428	-0.89121	0.01128
-2.5428	-0.86611	0.013752
-2.5428	-0.841	0.014194
-2.5428	-0.8159	0.012295
-2.5428	-0.79079	0.0086672
-2.5428	-0.76569	0.0046118
-2.5428	-0.74059	0.0015109
-2.5428	0.31381	0.0022953
-2.5428	0.33891	0.0089527
-2.5428	0.36402	0.021441
-2.5428	0.38912	0.038524
-2.5428	0.41423	0.056532
-2.5428	0.43933	0.069937
-2.5428	0.46444	0.07409
-2.5428	0.48954	0.067121
-2.5428	0.51464	0.050947
-2.5428	0.53975	0.031146
-2.5428	0.56485	0.013749
-2.5428	0.58996	0.0031732
-2.5428	0.64017	0.0017413
-2.5428	0.66527	0.0046023
-2.5428	0.69038	0.0057473
-2.5428	0.71548	0.0044935
-2.5428	0.74059	0.002107
-2.5428	0.841	0.0020611
-2.5428	0.86611	0.0022648
-2.5428	0.89121	0.0015633
-2.5428	1.6444	0.0039704
-2.5428	1.6695	0.012885
-2.5428	1.6946	0.02651
-2.5428	1.7197	0.043784
-2.5428	1.7448	0.05889
-2.5428	1.7699	0.067288
-2.5428	1.795	0.065378
-2.5428	1.8201	0.053807
-2.5428	1.8452	0.036503
-2.5428	1.8703	0.019387
-2.5428	1.8954	0.0068445
-2.5428	1.9707	0.0018327
-2.5428	1.9958	0.0031538
-2.5428	2.0209	0.0030214
-2.5428	2.046	0.0018201
-2.5177	-0.99163	0.0019442
-2.5177	-0.96653	0.0040437
-2.5177	-0.94142	0.0062216
-2.5177	-0.91632	0.0080704
-2.5177	-0.89121	0.0091908
-2.5177	-0.86611	0.0098959
-2.5177	-0.841	0.010004
-2.5177	-0.8159	0.008832
-2.5177	-0.79079	0.0065122
-2.5177	-0.76569	0.0035915
-2.5177	-0.64017	0.0018505
-2.5177	-0.61506	0.0017051
-2.5177	0.33891	0.0045802
-2.5177	0.36402	0.01089
-2.5177	0.38912	0.02005
-2.5177	0.41423	0.029963
-2.5177	0.43933	0.037768
-2.5177	0.46444	0.040596
-2.5177	0.48954	0.037084
-2.5177	0.51464	0.028376
-2.5177	0.53975	0.017051
-2.5177	0.56485	0.007183
-2.5177	0.64017	0.0015602
-2.5177	0.66527	0.0035137
-2.5177	0.69038	0.0041047
-2.5177	0.71548	0.0030387
-2.5177	0.841	0.0018705
-2.5177	0.86611	0.0019316
-2.5177	1.6695	0.0028906
-2.5177	1.6946	0.0063312
-2.5177	1.7197	0.010949
-2.5177	1.7448	0.01548
-2.5177	1.7699	0.018469
-2.5177	1.795	0.018564
-2.5177	1.8201	0.015627
-2.5177	1.8452	0.010729
-2.5177	1.8703	0.0057042
-2.5177	1.8954	0.0019068
-2.4927	-0.99163	0.0037717
-2.4927	-0.96653	0.008472
-2.4927	-0.94142	0.014143
-2.4927	-0.91632	0.018947
-2.4927	-0.89121	0.021077
-2.4927	-0.86611	0.019677
-2.4927	-0.841	0.015451
-2.4927	-0.8159	0.010239
-2.4927	-0.79079	0.0055816
-2.4927	-0.76569	0.0023181
-2.4927	-0.64017	0.0015381
-2.4927	0.36402	0.0030441
-2.4927	0.38912	0.0063187
-2.4927	0.41423	0.010373
-2.4927	0.43933	0.01412
-2.4927	0.46444	0.016187
-2.4927	0.48954	0.015501
-2.4927	0.51464	0.012147
-2.4927	0.53975	0.0074946
-2.4927	0.56485	0.0030437
-2.4927	0.66527	0.0022628
-2.4927	0.69038	0.0025107
-2.4927	0.71548	0.001756
-2.4927	1.7448	0.0022422
-2.4927	1.7699	0.0029839
-2.4927	1.795	0.0033754
-2.4927	1.8201	0.0031406
-2.4927	1.8452	0.002315
-2.4676	-0.99163	0.004455
-2.4676	-0.96653	0.0098545
-2.4676	-0.94142	0.01668
-2.4676	-0.91632	0.023126
-2.4676	-0.89121	0.027064
-2.4676	-0.86611	0.026959
-2.4676	-0.841	0.022792
-2.4676	-0.8159	0.015931
-2.4676	-0.79079	0.008765
-2.4676	-0.76569	0.0033515
-2.4676	0.43933	0.0017302
-2.4676	0.46444	0.0026448
-2.4676	0.48954	0.0031385
-2.4676	0.51464	0.0028984
-2.4676	0.53975	0.0019865
-2.4426	-0.99163	0.0045485
-2.4426	-0.96653	0.0097245
-2.4426	-0.94142	0.016196
-2.4426	-0.91632	0.022349
-2.4426	-0.89121	0.026222
-2.4426	-0.86611	0.026301
-2.4426	-0.841	0.022418
-2.4426	-0.8159	0.015842
-2.4426	-0.79079	0.008744
-2.4426	-0.76569	0.0032688
-2.4426	-0.66527	0.00177
-2.4426	-0.64017	0.001825
-2.4426	-0.16318	0.0018279
-2.4426	-0.13808	0.0019213
-2.4426	-0.012552	0.0016907
-2.4426	0.012552	0.0023145
-2.4426	0.037657	0.0020003
-2.4426	0.16318	0.0021599
-2.4426	0.18828	0.0025409
-2.4426	0.21339	0.0018793
-2.4426	0.31381	0.0026901
-2.4426	0.33891	0.0051869
-2.4426	0.36402	0.0069372
-2.4426	0.38912	0.0071529
-2.4426	0.41423	0.0059438
-2.4426	0.43933	0.0039127
-2.4426	0.46444	0.0021573
-2.4426	1.6444	0.0018712
-2.4426	1.6695	0.0033056
-2.4426	1.6946	0.0043622
-2.4426	1.7197	0.0046249
-2.4426	1.7448	0.0040883
-2.4426	1.7699	0.0030287
-2.4426	1.795	0.0019013
-2.4175	-0.99163	0.0042508
-2.4175	-0.96653	0.0087528
-2.4175	-0.94142	0.014308
-2.4175	-0.91632	0.019513
-2.4175	-0.89121	0.022695
-2.4175	-0.86611	0.022609
-2.4175	-0.841	0.019133
-2.4175	-0.8159	0.013337
-2.4175	-0.79079	0.0071762
-2.4175	-0.76569	0.0024778
-2.4175	-0.66527	0.0020469
-2.4175	-0.64017	0.0020379
-2.4175	-0.13808	0.0016731
-2.4175	-0.012552	0.0031983
-2.4175	0.012552	0.0041597
-2.4175	0.037657	0.0034039
-2.4175	0.13808	0.00303
-2.4175	0.16318	0.0055486
-2.4175	0.18828	0.0062186
-2.4175	0.21339	0.0042629
-2.4175	0.2887	0.0030841
-2.4175	0.31381	0.01085
-2.4175	0.33891	0.020973
-2.4175	0.36402	0.02997
-2.4175	0.38912	0.034495
-2.4175	0.41423	0.032958
-2.4175	0.43933	0.02675
-2.4175	0.46444	0.018278
-2.4175	0.48954	0.010304
-2.4175	0.51464	0.0045273
-2.4175	1.6444	0.0031369
-2.4175	1.6695	0.0055448
-2.4175	1.6946	0.0074734
-2.4175	1.7197	0.0082731
-2.4175	1.7448	0.0077369
-2.4175	1.7699	0.0061283
-2.4175	1.795	0.0041025
-2.4175	1.8201	0.0022814
-2.3925	-0.99163	0.0036559
-2.3925	-0.96653	0.0072918
-2.3925	-0.94142	0.011677
-2.3925	-0.91632	0.01568
-2.3925	-0.89121	0.018065
-2.3925	-0.86611	0.017789
-2.3925	-0.841	0.014845
-2.3925	-0.8159	0.010152
-2.3925	-0.79079	0.0052383
-2.3925	-0.76569	0.0016722
-2.3925	-0.66527	0.0019786
-2.3925	-0.64017	0.0018716
-2.3925	-0.012552	0.0022263
-2.3925	0.012552	0.0032088
-2.3925	0.037657	0.0028568
-2.3925	0.11297	0.0016847
-2.3925	0.13808	0.0063648
-2.3925	0.16318	0.011103
-2.3925	0.18828	0.012034
-2.3925	0.21339	0.0078962
-2.3925	0.23849	0.0017935
-2.3925	0.2887	0.010318
-2.3925	0.31381	0.032375
-2.3925	0.33891	0.060393
-2.3925	0.36402	0.086693
-2.3925	0.38912	0.10107
-2.3925	0.41423	0.099577
-2.3925	0.43933	0.083746
-2.3925	0.46444	0.059924
-2.3925	0.48954	0.035825
-2.3925	0.51464	0.017068
-2.3925	0.53975	0.0057553
-2.3925	1.6192	0.0016081
-2.3925	1.6444	0.0040942
-2.3925	1.6695	0.0070909
-2.3925	1.6946	0.0095796
-2.3925	1.7197	0.010725
-2.3925	1.7448	0.010195
-2.3925	1.7699	0.0082525
-2.3925	1.795	0.0056723
-2.3925	1.8201	0.0032015
-2.3674	-0.99163	0.0028875
-2.3674	-0.96653	0.0056226
-2.3674	-0.94142	0.0087873
-2.3674	-0.91632	0.011663
-2.3674	-0.89121	0.013244
-2.3674	-0.86611	0.012889
-2.3674	-0.841	0.010608
-2.3674	-0.8159	0.0070682
-2.3674	-0.79079	0.0035137
-2.3674	-0.66527	0.0017017
-2.3674	-0.64017	0.0015213
-2.3674	0.13808	0.003651
-2.3674	0.16318	0.0071797
-2.3674	0.18828	0.0088921
-2.3674	0.21339	0.0061861
-2.3674	0.2636	0.0022875
-2.3674	0.2887	0.022024
-2.3674	0.31381	0.067745
-2.3674	0.33891	0.13173
-2.3674	0.36402	0.19619
-2.3674	0.38912	0.23594
-2.3674	0.41423	0.23952
-2.3674	0.43933	0.20596
-2.3674	0.46444	0.14853
-2.3674	0.48954	0.089934
-2.3674	0.51464	0.04339
-2.3674	0.53975	0.014098
-2.3674	0.56485	0.0020307
-2.3674	0.61506	0.0017416
-2.3674	0.64017	0.0030291
-2.3674	0.66527	0.0027852
-2.3674	0.69038	0.0016406
-2.3674	1.6192	0.0018802
-2.3674	1.6444	0.0045077
-2.3674	1.6695	0.0076284
-2.3674	1.6946	0.010242
-2.3674	1.7197	0.011443
-2.3674	1.7448	0.010917
-2.3674	1.7699	0.0088934
-2.3674	1.795	0.006132
-2.3674	1.8201	0.0034592
-2.3674	1.8452	0.0014942
-2.3424	-0.99163	0.0020866
-2.3424	-0.96653	0.0039296
-2.3424	-0.94142	0.0060706
-2.3424	-0.91632	0.0079457
-2.3424	-0.89121	0.008922
-2.3424	-0.86611	0.0085707
-2.3424	-0.841	0.0069178
-2.3424	-0.8159	0.0044904
-2.3424	-0.79079	0.0021074
-2.3424	0.2887	0.010257
-2.3424	0.31381	0.035154
-2.3424	0.33891	0.082618
-2.3424	0.36402	0.14756
-2.3424	0.38912	0.21711
-2.3424	0.41423	0.2617
-2.3424	0.43933	0.26399
-2.3424	0.46444	0.21821
-2.3424	0.48954	0.14773
-2.3424	0.51464	0.075679
-2.3424	0.53975	0.025379
-2.3424	0.56485	0.0031192
-2.3424	0.61506	0.0056942
-2.3424	0.64017	0.008976
-2.3424	0.66527	0.0079924
-2.3424	0.69038	0.0045847
-2.3424	1.6192	0.0018976
-2.3424	1.6444	0.0042979
-2.3424	1.6695	0.0071176
-2.3424	1.6946	0.0094575
-2.3424	1.7197	0.01057
-2.3424	1.7448	0.010057
-2.3424	1.7699	0.0081941
-2.3424	1.795	0.0056247
-2.3424	1.8201	0.0031415
-2.3173	-0.96653	0.0024946
-2.3173	-0.94142	0.0037991
-2.3173	-0.91632	0.0049109
-2.3173	-0.89121	0.0054528
-2.3173	-0.86611	0.0051664
-2.3173	-0.841	0.0041064
-2.3173	-0.8159	0.0025788
-2.3173	0.2887	0.0021442
-2.3173	0.31381	0.0064073
-2.3173	0.33891	0.014382
-2.3173	0.36402	0.027838
-2.3173	0.38912	0.043552
-2.3173	0.41423	0.059386
-2.3173	0.43933	0.069587
-2.3173	0.46444	0.06805
-2.3173	0.48954	0.054478
-2.3173	0.51464	0.03391
-2.3173	0.53975	0.012686
-2.3173	0.61506	0.007927
-2.3173	0.64017	0.01345
-2.3173	0.66527	0.013084
-2.3173	0.69038	0.0079985
-2.3173	0.71548	0.0025294
-2.3173	0.79079	0.0025473
-2.3173	0.8159	0.0031996
-2.3173	0.841	0.0024718
-2.3173	1.6192	0.0016078
-2.3173	1.6444	0.0035075
-2.3173	1.6695	0.0057346
-2.3173	1.6946	0.0075978
-2.3173	1.7197	0.0084898
-2.3173	1.7448	0.0080842
-2.3173	1.7699	0.0065778
-2.3173	1.795	0.004501
-2.3173	1.8201	0.0024734
-2.2923	-0.94142	0.002122
-2.2923	-0.91632	0.0027176
-2.2923	-0.89121	0.0029834
-2.2923	-0.86611	0.0027869
-2.2923	-0.841	0.0021684
-2.2923	0.16318	0.0015397
-2.2923	0.2887	0.0023286
-2.2923	0.31381	0.0047209
-2.2923	0.33891	0.0071799
-2.2923	0.36402	0.0091613
-2.2923	0.38912	0.010562
-2.2923	0.41423	0.011215
-2.2923	0.43933	0.011309
-2.2923	0.46444	0.010266
-2.2923	0.48954	0.0080563
-2.2923	0.51464	0.004943
-2.2923	0.53975	0.0018645
-2.2923	0.61506	0.0023014
-2.2923	0.64017	0.0042167
-2.2923	0.66527	0.0045789
-2.2923	0.69038	0.0031483
-2.2923	0.79079	0.0031219
-2.2923	0.8159	0.0043349
-2.2923	0.841	0.0037007
-2.2923	0.86611	0.0017913
-2.2923	0.96653	0.0015839
-2.2923	0.99163	0.0014969
-2.2923	1.6444	0.0023041
-2.2923	1.6695	0.0037778
-2.2923	1.6946	0.0050773
-2.2923	1.7197	0.0057505
-2.2923	1.7448	0.0055289
-2.2923	1.7699	0.0045376
-2.2923	1.795	0.0031032
-2.2923	1.8201	0.0016811
-2.2672	0.13808	0.0018723
-2.2672	0.16318	0.0021431
-2.2672	0.18828	0.0015044
-2.2672	0.2887	0.0049258
-2.2672	0.31381	0.0097581
-2.2672	0.33891	0.01443
-2.2672	0.36402	0.017198
-2.2672	0.38912	0.017172
-2.2672	0.41423	0.01463
-2.2672	0.43933	0.010621
-2.2672	0.46444	0.0066057
-2.2672	0.48954	0.0033708
-2.2672	0.96653	0.0017473
-2.2672	0.99163	0.0018512
-2.2672	1.1423	0.0015227
-2.2672	1.6695	0.0017139
-2.2672	1.6946	0.0024403
-2.2672	1.7197	0.0029116
-2.2672	1.7448	0.002931
-2.2672	1.7699	0.002485
-2.2672	1.795	0.0017245
-2.2422	0.13808	0.0021991
-2.2422	0.16318	0.0023673
-2.2422	0.18828	0.0015388
-2.2422	0.2636	0.0025314
-2.2422	0.2887	0.0078954
-2.2422	0.31381	0.015487
-2.2422	0.33891	0.023074
-2.2422	0.36402	0.028136
-2.2422	0.38912	0.028934
-2.2422	0.41423	0.025382
-2.2422	0.43933	0.01888
-2.2422	0.46444	0.01179
-2.2422	0.48954	0.0058164
-2.2422	0.51464	0.0020414
-2.2422	1.2929	0.0016963
-2.2422	1.318	0.0015085
-2.2171	0.13808	0.0022129
-2.2171	0.16318	0.0022392
-2.2171	0.2636	0.0035023
-2.2171	0.2887	0.010235
-2.2171	0.31381	0.019566
-2.2171	0.33891	0.028964
-2.2171	0.36402	0.035521
-2.2171	0.38912	0.036933
-2.2171	0.41423	0.032963
-2.2171	0.43933	0.02501
-2.2171	0.46444	0.015765
-2.2171	0.48954	0.0078219
-2.2171	0.51464	0.0026345
-2.2171	1.4435	0.0020785
-2.2171	1.4686	0.0024667
-2.2171	1.4937	0.0018361
-2.2171	1.5941	0.0017666
-2.2171	1.6192	0.003049
-2.2171	1.6444	0.0036985
-2.2171	1.6695	0.0034381
-2.2171	1.6946	0.0025942
-2.2171	1.7197	0.001636
-2.1921	0.13808	0.0019694
-2.1921	0.16318	0.001862
-2.1921	0.2636	0.0042489
-2.1921	0.2887	0.011379
-2.1921	0.31381	0.021126
-2.1921	0.33891	0.030948
-2.1921	0.36402	0.037837
-2.1921	0.38912	0.039384
-2.1921	0.41423	0.035197
-2.1921	0.43933	0.026734
-2.1921	0.46444	0.016832
-2.1921	0.48954	0.0082161
-2.1921	0.51464	0.0026371
-2.1921	1.4686	0.0017939
-2.1921	1.5941	0.0052928
-2.1921	1.6192	0.011156
-2.1921	1.6444	0.016489
-2.1921	1.6695	0.018964
-2.1921	1.6946	0.017707
-2.1921	1.7197	0.013484
-2.1921	1.7448	0.0086474
-2.1921	1.7699	0.0043738
-2.1921	1.795	0.0017616
-2.167	0.13808	0.0015626
-2.167	0.2636	0.004437
-2.167	0.2887	0.011161
-2.167	0.31381	0.020115
-2.167	0.33891	0.029125
-2.167	0.36402	0.035304
-2.167	0.38912	0.036597
-2.167	0.41423	0.032551
-2.167	0.43933	0.024631
-2.167	0.46444	0.015282
-2.167	0.48954	0.0072621
-2.167	0.51464	0.002156
-2.167	0.61506	0.0015042
-2.167	1.5941	0.0032436
-2.167	1.6192	0.0073256
-2.167	1.6444	0.012216
-2.167	1.6695	0.016621
-2.167	1.6946	0.018882
-2.167	1.7197	0.018122
-2.167	1.7448	0.014708
-2.167	1.7699	0.0096971
-2.167	1.795	0.0050166
-2.167	1.8201	0.0018387
-2.142	0.2636	0.0040919
-2.142	0.2887	0.0097593
-2.142	0.31381	0.017194
-2.142	0.33891	0.024428
-2.142	0.36402	0.02934
-2.142	0.38912	0.030224
-2.142	0.41423	0.026743
-2.142	0.43933	0.020001
-2.142	0.46444	0.012205
-2.142	0.48954	0.0055836
-2.142	0.51464	0.0015027
-2.142	0.61506	0.001542
-2.142	1.6192	0.0029466
-2.142	1.6444	0.0049513
-2.142	1.6695	0.0068061
-2.142	1.6946	0.0079325
-2.142	1.7197	0.0078706
-2.142	1.7448	0.0066685
-2.142	1.7699	0.0046985
-2.142	1.795	0.0026329
-2.1169	0.2636	0.003317
-2.1169	0.2887	0.0076097
-2.1169	0.31381	0.013067
-2.1169	0.33891	0.018422
-2.1169	0.36402	0.021911
-2.1169	0.38912	0.02239
-2.1169	0.41423	0.01964
-2.1169	0.43933	0.014504
-2.1169	0.46444	0.0086489
-2.1169	0.48954	0.0037821
-2.1169	1.6444	0.0016447
-2.1169	1.6695	0.0023196
-2.1169	1.6946	0.0027288
-2.1169	1.7197	0.0027595
-2.1169	1.7448	0.0023544
-2.1169	1.7699	0.0016635
-2.0919	0.2636	0.0024095
-2.0919	0.2887	0.0052571
-2.0919	0.31381	0.0088857
-2.0919	0.33891	0.012378
-2.0919	0.36402	0.014624
-2.0919	0.38912	0.014844
-2.0919	0.41423	0.012872
-2.0919	0.43933	0.0093439
-2.0919	0.46444	0.0054808
-2.0919	0.48954	0.0022553
-2.0668	0.2636	0.0014929
-2.0668	0.2887	0.0031911
-2.0668	0.31381	0.0053436
-2.0668	0.33891	0.0073365
-2.0668	0.36402	0.0086239
-2.0668	0.38912	0.0086797
-2.0668	0.41423	0.0074631
-2.0668	0.43933	0.005356
-2.0668	0.46444	0.0030095
-2.0418	0.2887	0.0016726
-2.0418	0.31381	0.0027649
-2.0418	0.33891	0.0037988
-2.0418	0.36402	0.0044186
-2.0418	0.38912	0.0044123
-2.0418	0.41423	0.0037455
-2.0418	0.43933	0.0026179
-2.0167	0.33891	0.0017331
-2.0167	0.36402	0.0019766
-2.0167	0.38912	0.001931
-2.0167	0.41423	0.0015924
-2.0167	1.6444	0.0015338
-1.9916	1.6192	0.001949
-1.9916	1.6444	0.0022078
-1.9916	1.6695	0.0021117
-1.9916	1.6946	0.0017337
-1.9666	1.5941	0.0017051
-1.9666	1.6192	0.002314
-1.9666	1.6444	0.0026145
-1.9666	1.6695	0.0025052
-1.9666	1.6946	0.0020613
-1.9415	1.5941	0.0017779
-1.9415	1.6192	0.0023787
-1.9415	1.6444	0.0026683
-1.9415	1.6695	0.0025482
-1.9415	1.6946	0.0020887
-1.9165	1.5941	0.001636
-1.9165	1.6192	0.0021576
-1.9165	1.6444	0.0023982
-1.9165	1.6695	0.0022757
-1.9165	1.6946	0.0018517
-1.8914	0.31381	0.0015137
-1.8914	0.33891	0.001515
-1.8914	1.6192	0.0017378
-1.8914	1.6444	0.0019119
-1.8914	1.6695	0.0018005
-1.8664	0.2887	0.0015486
-1.8664	0.31381	0.0017745
-1.8664	0.33891	0.0017514
-1.8664	0.36402	0.0014927
-1.8413	0.2887	0.0017329
-1.8413	0.31381	0.001955
-1.8413	0.33891	0.0019081
-1.8413	0.36402	0.0016002
-1.8163	0.2887	0.0018085
-1.8163	0.31381	0.0020217
-1.8163	0.33891	0.0019485
-1.8163	0.36402	0.0016128
-1.7912	0.2887	0.0017343
-1.7912	0.31381	0.001923
-1.7912	0.33891	0.0018402
-1.7912	0.36402	0.0015067
-1.7662	0.31381	0.0016475
-1.7662	0.33891	0.0015732
-1.3403	0.23849	0.0016775
-1.3403	0.2636	0.001618
-1.3152	0.18828	0.0020071
-1.3152	0.21339	0.0027375
-1.3152	0.23849	0.0032766
-1.3152	0.2636	0.0033639
-1.3152	0.2887	0.0028351
-1.3152	0.31381	0.0019441
-1.2902	0.16318	0.0020659
-1.2902	0.18828	0.003787
-1.2902	0.21339	0.0047489
-1.2902	0.23849	0.0071824
-1.2902	0.2636	0.010021
-1.2902	0.2887	0.0094629
-1.2902	0.31381	0.0069232
-1.2902	0.33891	0.0036244
-1.2651	0.11297	0.0032167
-1.2651	0.13808	0.0059922
-1.2651	0.16318	0.0059766
-1.2651	0.18828	0.012155
-1.2651	0.21339	0.020707
-1.2651	0.23849	0.057156
-1.2651	0.2636	0.097142
-1.2651	0.2887	0.1104
-1.2651	0.31381	0.09121
-1.2651	0.33891	0.047346
-1.2651	0.36402	0.013251
-1.2651	0.41423	0.0061085
-1.2651	0.43933	0.017175
-1.2651	0.46444	0.021089
-1.2651	0.48954	0.016319
-1.2651	0.51464	0.0064668
-1.2651	0.58996	0.0023272
-1.2651	0.61506	0.0030669
-1.2651	0.64017	0.0021526
-1.2401	0.087866	0.013858
-1.2401	0.11297	0.077036
-1.2401	0.13808	0.11711
-1.2401	0.16318	0.10506
-1.2401	0.18828	0.11556
-1.2401	0.21339	0.10467
-1.2401	0.23849	0.079458
-1.2401	0.2636	0.052702
-1.2401	0.2887	0.023334
-1.2401	0.31381	0.011031
-1.2401	0.33891	0.0023734
-1.2401	0.61506	0.0015639
-1.2401	0.64017	0.0021539
-1.2401	0.66527	0.0020164
-1.2401	0.76569	0.0032041
-1.2401	0.79079	0.0048643
-1.2401	0.8159	0.0029986
-1.215	-0.037657	0.0059511
-1.215	-0.012552	0.017151
-1.215	0.012552	0.0054416
-1.215	0.087866	0.0023072
-1.215	0.11297	0.0041844
-1.215	0.13808	0.0062094
-1.215	0.16318	0.0086256
-1.215	0.18828	0.0097308
-1.215	0.21339	0.0098905
-1.215	0.23849	0.0079785
-1.215	0.2636	0.0061856
-1.215	0.2887	0.0037128
-1.215	0.31381	0.0018333
-1.215	0.94142	0.0037087
-1.215	0.96653	0.0025604
-1.19	0.13808	0.0022952
-1.19	0.16318	0.0032031
-1.19	0.18828	0.0037116
-1.19	0.21339	0.0036912
-1.19	0.23849	0.0031942
-1.19	0.2636	0.0024332
-1.19	0.2887	0.0015172
-1.1649	-0.18828	0.0042864
-1.1649	0.16318	0.0015285
-1.1649	0.18828	0.0018207
-1.1649	0.21339	0.0018621
-1.1649	0.23849	0.0016413
-1.1399	1.2678	0.0036839
-1.1399	1.2929	0.0028118
-1.1148	1.3933	0.0034504
-1.1148	1.4184	0.0046158
-1.1148	1.4435	0.0020431
-1.1148	1.4686	0.0023122
-1.1148	1.4937	0.0018612
-1.0898	-0.36402	0.0025431
-1.0898	1.4184	0.0062672
-1.0898	1.4435	0.019414
-1.0898	1.4686	0.025055
-1.0898	1.4937	0.016978
-1.0898	1.5188	0.0041259
-1.0647	1.4435	0.0017912
-1.0647	1.4686	0.0032819
-1.0647	1.4937	0.01136
-1.0647	1.5188	0.022826
-1.0647	1.5439	0.021741
-1.0647	1.569	0.0090674
-1.0397	1.4937	0.0015134
-1.0397	1.5188	0.0021044
-1.0397	1.5439	0.0023607
-1.0397	1.569	0.0051219
-1.0397	1.5941	0.0057986
-1.0397	1.6192	0.0028531
0.13779	-1.0669	0.0021215
0.16284	-1.0669	0.0039427
0.18789	-1.0669	0.0019626
0.26305	-1.0418	0.0038832
0.2881	-1.0418	0.0016227
0.38831	-1.0167	0.01141
0.43841	-0.99163	0.011547
0.48852	-0.96653	0.0062518
0.51357	-0.96653	0.015753
0.51357	-0.94142	0.0032403
0.53862	-0.96653	0.001917
0.53862	-0.94142	0.00612
0.56367	-0.94142	0.0059796
0.61378	-0.91632	0.0066471
0.61378	-0.89121	0.0099501
0.63883	-0.89121	0.047221
0.63883	-0.86611	0.0023131
0.63883	-0.841	0.0023605
0.66388	-0.86611	0.067786
0.68894	-0.86611	0.0055074
0.68894	-0.841	0.026499
0.71399	-0.841	0.036509
0.71399	-0.8159	0.011993
0.71399	-0.16318	0.0016394
0.71399	-0.13808	0.0019013
0.71399	-0.11297	0.0018894
0.71399	-0.087866	0.0016079
0.71399	2.4728	0.0019799
0.73904	-0.8159	0.1412
0.73904	-0.76569	0.0023796
0.73904	-0.16318	0.0016794
0.73904	-0.13808	0.0019677
0.73904	-0.11297	0.0019825
0.73904	-0.087866	0.0017151
0.76409	-0.841	0.0058625
0.76409	-0.79079	0.23188
0.76409	-0.13808	0.001546
0.76409	-0.11297	0.0015986
0.78914	-0.841	0.0023863
0.78914	-0.8159	0.0064837
0.78914	-0.79079	0.032186
0.78914	-0.76569	0.043582
0.8142	-0.841	0.0023448
0.8142	-0.8159	0.0029825
0.8142	-0.79079	0.0044242
0.8142	-0.76569	0.010673
0.83925	-0.841	0.0019102
0.83925	-0.8159	0.0020851
0.83925	-0.79079	0.0017434
0.83925	-0.76569	0.0016949
0.83925	-0.71548	0.012652
0.83925	-0.66527	0.0017596
0.8643	-0.71548	0.036817
0.8643	-0.69038	0.16121
0.8643	-0.66527	0.0089711
0.8643	-0.64017	0.0053794
0.8643	-0.21339	0.0016068
0.8643	-0.18828	0.0018976
0.8643	-0.16318	0.0018672
0.8643	-0.13808	0.0015469
0.88935	-0.71548	0.0019449
0.88935	-0.69038	0.027135
0.88935	-0.66527	0.36229
0.88935	-0.23849	0.0029356
0.88935	-0.21339	0.0043811
0.88935	-0.18828	0.0052897
0.88935	-0.16318	0.0053945
0.88935	-0.13808	0.0047128
0.88935	-0.11297	0.003499
0.88935	-0.087866	0.0021837
0.91441	-0.71548	0.001994
0.91441	-0.69038	0.0081424
0.91441	-0.66527	0.046792
0.91441	-0.64017	0.10372
0.91441	-0.61506	0.0015335
0.91441	-0.2636	0.0032146
0.91441	-0.23849	0.0061261
0.91441	-0.21339	0.0089358
0.91441	-0.18828	0.010765
0.91441	-0.16318	0.011038
0.91441	-0.13808	0.009735
0.91441	-0.11297	0.0073677
0.91441	-0.087866	0.004658
0.91441	-0.062762	0.0023557
0.93946	-0.71548	0.0015249
0.93946	-0.69038	0.0030436
0.93946	-0.66527	0.0048614
0.93946	-0.64017	0.0067874
0.93946	-0.61506	0.0034093
0.93946	-0.58996	0.0085234
0.93946	-0.53975	0.0017392
0.93946	-0.2887	0.0022365
0.93946	-0.2636	0.0059285
0.93946	-0.23849	0.010769
0.93946	-0.21339	0.015332
0.93946	-0.18828	0.018261
0.93946	-0.16318	0.018591
0.93946	-0.13808	0.016317
0.93946	-0.11297	0.012297
0.93946	-0.087866	0.0077372
0.93946	-0.062762	0.0038393
0.96451	-0.66527	0.0015594
0.96451	-0.58996	0.06743
0.96451	-0.56485	0.081645
0.96451	-0.53975	0.0033639
0.96451	-0.51464	0.002744
0.96451	-0.43933	0.0015638
0.96451	-0.41423	0.0021863
0.96451	-0.38912	0.0018386
0.96451	-0.2887	0.0040681
0.96451	-0.2636	0.0098363
0.96451	-0.23849	0.016933
0.96451	-0.21339	0.023448
0.96451	-0.18828	0.027363
0.96451	-0.16318	0.027484
0.96451	-0.13808	0.023888
0.96451	-0.11297	0.017731
0.96451	-0.087866	0.010984
0.96451	-0.062762	0.0052855
0.96451	-0.037657	0.0016904
0.98956	-0.53975	0.26599
0.98956	-0.43933	0.0027785
0.98956	-0.41423	0.0032766
0.98956	-0.38912	0.0023676
0.98956	-0.31381	0.001656
0.98956	-0.2887	0.0067933
0.98956	-0.2636	0.014975
0.98956	-0.23849	0.024608
0.98956	-0.21339	0.032916
0.98956	-0.18828	0.037456
0.98956	-0.16318	0.036933
0.98956	-0.13808	0.031499
0.98956	-0.11297	0.022968
0.98956	-0.087866	0.013861
0.98956	-0.062762	0.0064544
0.98956	-0.037657	0.0018722
1.0146	-0.56485	0.0054515
1.0146	-0.53975	0.011361
1.0146	-0.51464	0.027715
1.0146	-0.43933	0.0068295
1.0146	-0.41423	0.00549
1.0146	-0.38912	0.0032915
1.0146	-0.31381	0.0033109
1.0146	-0.2887	0.010825
1.0146	-0.2636	0.0219
1.0146	-0.23849	0.033848
1.0146	-0.21339	0.043604
1.0146	-0.18828	0.048164
1.0146	-0.16318	0.046256
1.0146	-0.13808	0.038525
1.0146	-0.11297	0.027393
1.0146	-0.087866	0.016016
1.0146	-0.062762	0.007071
1.0146	-0.037657	0.0018293
1.0146	0.062762	0.0019245
1.0146	0.087866	0.0016297
1.0397	-0.46444	0.09426
1.0397	-0.43933	0.039784
1.0397	-0.41423	0.011589
1.0397	-0.38912	0.00573
1.0397	-0.31381	0.0063231
1.0397	-0.2887	0.017071
1.0397	-0.2636	0.031221
1.0397	-0.23849	0.045407
1.0397	-0.21339	0.055673
1.0397	-0.18828	0.059163
1.0397	-0.16318	0.055045
1.0397	-0.13808	0.044406
1.0397	-0.11297	0.030613
1.0397	-0.087866	0.017231
1.0397	-0.062762	0.0071443
1.0397	-0.037657	0.0016051
1.0397	0.037657	0.0019964
1.0397	0.062762	0.0024522
1.0397	0.087866	0.001955
1.0647	-0.43933	0.10457
1.0647	-0.41423	0.16902
1.0647	-0.38912	0.073485
1.0647	-0.33891	0.00283
1.0647	-0.31381	0.01224
1.0647	-0.2887	0.028994
1.0647	-0.2636	0.046326
1.0647	-0.23849	0.061664
1.0647	-0.21339	0.070844
1.0647	-0.18828	0.071494
1.0647	-0.16318	0.063718
1.0647	-0.13808	0.04937
1.0647	-0.11297	0.03272
1.0647	-0.087866	0.017538
1.0647	-0.062762	0.0067407
1.0647	0.037657	0.0025561
1.0647	0.062762	0.0028864
1.0647	0.087866	0.0021579
1.0898	-0.46444	0.0015902
1.0898	-0.43933	0.0038311
1.0898	-0.38912	0.07101
1.0898	-0.36402	0.023391
1.0898	-0.33891	0.020269
1.0898	-0.31381	0.031628
1.0898	-0.2887	0.066613
1.0898	-0.2636	0.076639
1.0898	-0.23849	0.093511
1.0898	-0.21339	0.094744
1.0898	-0.18828	0.088376
1.0898	-0.16318	0.074086
1.0898	-0.13808	0.054432
1.0898	-0.11297	0.034105
1.0898	-0.087866	0.017151
1.0898	-0.062762	0.0060979
1.0898	0.012552	0.0017518
1.0898	0.037657	0.0030658
1.0898	0.062762	0.0031908
1.0898	0.087866	0.0022293
1.0898	0.23849	0.001548
1.0898	1.0418	0.001566
1.0898	1.0669	0.0024992
1.0898	1.0921	0.0031373
1.0898	1.1172	0.003283
1.0898	1.1423	0.002989
1.0898	1.1674	0.0023393
1.1148	-0.38912	0.0030249
1.1148	-0.33891	0.0027093
1.1148	-0.31381	1.1307
1.1148	-0.2887	0.40969
1.1148	-0.2636	0.045261
1.1148	-0.23849	0.21568
1.1148	-0.21339	0.12741
1.1148	-0.18828	0.12465
1.1148	-0.16318	0.093135
1.1148	-0.13808	0.06154
1.1148	-0.11297	0.036078
1.1148	-0.087866	0.016703
1.1148	-0.062762	0.005261
1.1148	0.012552	0.0023218
1.1148	0.037657	0.0035289
1.1148	0.062762	0.0033569
1.1148	0.087866	0.002174
1.1148	0.21339	0.0018016
1.1148	0.23849	0.001754
1.1148	0.38912	0.0018854
1.1148	0.41423	0.0018594
1.1148	1.0167	0.0030466
1.1148	1.0418	0.0067144
1.1148	1.0669	0.011056
1.1148	1.0921	0.014081
1.1148	1.1172	0.016729
1.1148	1.1423	0.018345
1.1148	1.1674	0.015214
1.1148	1.1925	0.0093595
1.1148	1.2176	0.0059981
1.1148	1.2427	0.0038812
1.1148	1.2678	0.0016948
1.1148	1.3431	0.0036979
1.1148	1.3682	0.0032726
1.1399	-0.31381	0.016986
1.1399	-0.2887	0.39635
1.1399	-0.2636	1.6582
1.1399	-0.23849	2.1305
1.1399	-0.21339	0.12621
1.1399	-0.18828	0.28047
1.1399	-0.16318	0.15651
1.1399	-0.13808	0.078255
1.1399	-0.11297	0.042637
1.1399	-0.087866	0.017598
1.1399	-0.062762	0.0047429
1.1399	0.012552	0.0030227
1.1399	0.037657	0.0039712
1.1399	0.062762	0.0034487
1.1399	0.087866	0.0020516
1.1399	0.18828	0.0016368
1.1399	0.21339	0.0021059
1.1399	0.23849	0.0018948
1.1399	0.36402	0.0020483
1.1399	0.38912	0.0025589
1.1399	0.41423	0.0024085
1.1399	0.43933	0.0016842
1.1399	0.86611	0.0016269
1.1399	0.89121	0.0019709
1.1399	0.99163	0.0028864
1.1399	1.0167	0.01165
1.1399	1.0418	0.027624
1.1399	1.0669	0.046126
1.1399	1.0921	0.054899
1.1399	1.1172	0.070568
1.1399	1.1423	0.10133
1.1399	1.1674	0.1061
1.1399	1.1925	0.063773
1.1399	1.2176	0.056872
1.1399	1.2427	0.074983
1.1399	1.2678	0.024498
1.1399	1.318	0.0038143
1.1399	1.3431	0.0027749
1.1649	-0.31381	0.0026884
1.1649	-0.2887	0.018246
1.1649	-0.21339	1.1745
1.1649	-0.18828	2.7575
1.1649	-0.16318	0.95029
1.1649	-0.13808	0.10181
1.1649	-0.11297	0.084019
1.1649	-0.087866	0.030257
1.1649	-0.062762	0.0046492
1.1649	-0.012552	0.0021666
1.1649	0.012552	0.0041446
1.1649	0.037657	0.0046455
1.1649	0.062762	0.0036021
1.1649	0.087866	0.001963
1.1649	0.18828	0.0020708
1.1649	0.21339	0.0024086
1.1649	0.23849	0.0020142
1.1649	0.33891	0.0018456
1.1649	0.36402	0.0028703
1.1649	0.38912	0.0033843
1.1649	0.41423	0.0030664
1.1649	0.43933	0.002094
1.1649	0.841	0.001843
1.1649	0.86611	0.0035526
1.1649	0.89121	0.0041989
1.1649	0.91632	0.0027315
1.1649	0.96653	0.002338
1.1649	0.99163	0.010504
1.1649	1.0167	0.040206
1.1649	1.0418	0.16325
1.1649	1.0669	0.28692
1.1649	1.0921	0.23757
1.1649	1.1172	0.62573
1.1649	1.1423	1.5436
1.1649	1.1674	2.0346
1.1649	1.1925	0.84922
1.1649	1.2176	0.2709
1.1649	1.2427	0.046313
1.1649	1.2678	0.0020097
1.19	-0.2887	0.0026457
1.19	-0.23849	0.018215
1.19	-0.21339	0.02717
1.19	-0.18828	0.0082262
1.19	-0.16318	0.12763
1.19	-0.13808	0.3223
1.19	-0.11297	0.75479
1.19	-0.087866	0.15309
1.19	-0.062762	0.018633
1.19	-0.037657	0.0030136
1.19	-0.012552	0.0058913
1.19	0.012552	0.0072459
1.19	0.037657	0.0065503
1.19	0.062762	0.0045855
1.19	0.087866	0.00213
1.19	0.16318	0.0018727
1.19	0.18828	0.0027188
1.19	0.21339	0.0028586
1.19	0.23849	0.0022099
1.19	0.31381	0.0015425
1.19	0.33891	0.0028328
1.19	0.36402	0.0041063
1.19	0.38912	0.0046164
1.19	0.41423	0.0040408
1.19	0.43933	0.002743
1.19	0.53975	0.001724
1.19	0.56485	0.0020002
1.19	0.58996	0.001609
1.19	0.841	0.0049852
1.19	0.86611	0.0095668
1.19	0.89121	0.011357
1.19	0.91632	0.0072376
1.19	0.96653	0.019404
1.19	0.99163	0.086388
1.19	1.0167	0.57159
1.19	1.0418	2.376
1.19	1.0669	4.0633
1.19	1.0921	2.6396
1.19	1.1172	1.4408
1.19	1.1423	0.5592
1.19	1.1674	0.24577
1.19	1.1925	0.088543
1.19	1.2176	0.02774
1.19	1.2427	0.0082859
1.215	-0.2887	0.0024499
1.215	-0.2636	0.0039334
1.215	-0.23849	0.0059536
1.215	-0.21339	0.0072411
1.215	-0.18828	0.011557
1.215	-0.16318	0.009413
1.215	-0.13808	0.011998
1.215	-0.11297	0.010342
1.215	-0.087866	0.010989
1.215	-0.062762	0.007188
1.215	-0.037657	0.011282
1.215	-0.012552	0.068015
1.215	0.012552	0.0598
1.215	0.037657	0.029759
1.215	0.062762	0.0098075
1.215	0.087866	0.0046925
1.215	0.11297	0.0016234
1.215	0.13808	0.0020081
1.215	0.16318	0.0035239
1.215	0.18828	0.0045603
1.215	0.21339	0.0042187
1.215	0.23849	0.003019
1.215	0.2636	0.0018604
1.215	0.2887	0.0016408
1.215	0.31381	0.0028404
1.215	0.33891	0.0048961
1.215	0.36402	0.0066044
1.215	0.38912	0.007134
1.215	0.41423	0.0061187
1.215	0.43933	0.0042534
1.215	0.46444	0.0026194
1.215	0.48954	0.0021809
1.215	0.51464	0.0029094
1.215	0.53975	0.0039966
1.215	0.56485	0.0043012
1.215	0.58996	0.0032628
1.215	0.69038	0.0020189
1.215	0.71548	0.0038023
1.215	0.74059	0.0031836
1.215	0.8159	0.0072997
1.215	0.841	0.028314
1.215	0.86611	0.072445
1.215	0.89121	0.1046
1.215	0.91632	0.070749
1.215	0.94142	0.0027509
1.215	0.96653	0.1314
1.215	0.99163	0.27173
1.215	1.0167	0.35617
1.215	1.0418	0.36466
1.215	1.0669	0.33932
1.215	1.0921	0.24465
1.215	1.1172	0.18796
1.215	1.1423	0.1159
1.215	1.1674	0.062728
1.215	1.1925	0.030132
1.215	1.2176	0.010535
1.215	1.2427	0.0026637
1.2401	-0.31381	0.0015543
1.2401	-0.2887	0.0030818
1.2401	-0.2636	0.0048963
1.2401	-0.23849	0.0065747
1.2401	-0.21339	0.0076215
1.2401	-0.18828	0.0078454
1.2401	-0.16318	0.0066298
1.2401	-0.13808	0.0049552
1.2401	-0.11297	0.0034906
1.2401	-0.087866	0.0016353
1.2401	-0.012552	0.002063
1.2401	0.062762	0.007685
1.2401	0.087866	0.016287
1.2401	0.11297	0.017168
1.2401	0.13808	0.021262
1.2401	0.16318	0.025074
1.2401	0.18828	0.025122
1.2401	0.21339	0.021882
1.2401	0.23849	0.011494
1.2401	0.2636	0.0069213
1.2401	0.2887	0.0060861
1.2401	0.31381	0.0090268
1.2401	0.33891	0.014196
1.2401	0.36402	0.015627
1.2401	0.38912	0.01605
1.2401	0.41423	0.013515
1.2401	0.43933	0.009849
1.2401	0.46444	0.0069569
1.2401	0.48954	0.0075625
1.2401	0.51464	0.011525
1.2401	0.53975	0.015708
1.2401	0.56485	0.017274
1.2401	0.58996	0.015549
1.2401	0.61506	0.0074228
1.2401	0.64017	0.0018162
1.2401	0.66527	0.0064131
1.2401	0.69038	0.020151
1.2401	0.71548	0.032488
1.2401	0.74059	0.031214
1.2401	0.76569	0.0088083
1.2401	0.79079	0.0076949
1.2401	0.8159	0.046958
1.2401	0.841	0.05294
1.2401	0.86611	0.033151
1.2401	0.89121	0.017107
1.2401	0.91632	0.0044375
1.2401	0.96653	0.013596
1.2401	0.99163	0.036508
1.2401	1.0167	0.060631
1.2401	1.0418	0.079922
1.2401	1.0669	0.089333
1.2401	1.0921	0.082198
1.2401	1.1172	0.065226
1.2401	1.1423	0.045345
1.2401	1.1674	0.026919
1.2401	1.1925	0.013393
1.2401	1.2176	0.0049991
1.2651	-0.31381	0.0017555
1.2651	-0.2887	0.0033696
1.2651	-0.2636	0.005202
1.2651	-0.23849	0.0067543
1.2651	-0.21339	0.0075007
1.2651	-0.18828	0.0071506
1.2651	-0.16318	0.0057631
1.2651	-0.13808	0.0038313
1.2651	-0.11297	0.0019431
1.2651	0.23849	0.0017032
1.2651	0.2636	0.0063673
1.2651	0.2887	0.013086
1.2651	0.31381	0.035816
1.2651	0.33891	0.082496
1.2651	0.36402	0.13047
1.2651	0.38912	0.14569
1.2651	0.41423	0.13831
1.2651	0.43933	0.11196
1.2651	0.46444	0.097468
1.2651	0.48954	0.10023
1.2651	0.51464	0.11035
1.2651	0.53975	0.11023
1.2651	0.56485	0.076188
1.2651	0.58996	0.034464
1.2651	0.61506	0.0096216
1.2651	0.64017	0.0020426
1.2651	0.66527	0.0023108
1.2651	0.69038	0.0027407
1.2651	0.71548	0.0033284
1.2651	0.74059	0.0016169
1.2651	0.8159	0.0031819
1.2651	0.841	0.0045553
1.2651	0.86611	0.0037583
1.2651	0.89121	0.0017997
1.2651	0.96653	0.004718
1.2651	0.99163	0.012997
1.2651	1.0167	0.022939
1.2651	1.0418	0.031759
1.2651	1.0669	0.036262
1.2651	1.0921	0.035369
1.2651	1.1172	0.029622
1.2651	1.1423	0.021388
1.2651	1.1674	0.013196
1.2651	1.1925	0.0066144
1.2651	1.2176	0.0023955
1.2902	-0.31381	0.0016699
1.2902	-0.2887	0.0031316
1.2902	-0.2636	0.0047403
1.2902	-0.23849	0.0060004
1.2902	-0.21339	0.0065004
1.2902	-0.18828	0.0059732
1.2902	-0.16318	0.0045899
1.2902	-0.13808	0.0028091
1.2902	0.31381	0.0015293
1.2902	0.33891	0.0038254
1.2902	0.36402	0.0055492
1.2902	0.38912	0.0050802
1.2902	0.41423	0.0064147
1.2902	0.43933	0.0047019
1.2902	0.46444	0.0044025
1.2902	0.48954	0.0052532
1.2902	0.51464	0.0050775
1.2902	0.53975	0.005422
1.2902	0.56485	0.0042136
1.2902	0.58996	0.0016548
1.2902	0.96653	0.0023535
1.2902	0.99163	0.0059395
1.2902	1.0167	0.010498
1.2902	1.0418	0.014637
1.2902	1.0669	0.017058
1.2902	1.0921	0.016961
1.2902	1.1172	0.014565
1.2902	1.1423	0.010777
1.2902	1.1674	0.0066515
1.2902	1.1925	0.0033205
1.3152	-0.2887	0.0024457
1.3152	-0.2636	0.0036492
1.3152	-0.23849	0.0045709
1.3152	-0.21339	0.0048559
1.3152	-0.18828	0.0043615
1.3152	-0.16318	0.0032255
1.3152	-0.13808	0.0018502
1.3152	0.99163	0.0028802
1.3152	1.0167	0.0050261
1.3152	1.0418	0.0070373
1.3152	1.0669	0.0082378
1.3152	1.0921	0.0082854
1.3152	1.1172	0.0071784
1.3152	1.1423	0.005345
1.3152	1.1674	0.0032983
1.3152	1.1925	0.001634
1.3403	-0.2887	0.0015343
1.3403	-0.2636	0.002301
1.3403	-0.23849	0.0028816
1.3403	-0.21339	0.0030477
1.3403	-0.18828	0.0027015
1.3403	-0.16318	0.0019409
1.3403	1.0167	0.0023883
1.3403	1.0418	0.0033135
1.3403	1.0669	0.0039006
1.3403	1.0921	0.0039403
1.3403	1.1172	0.0034259
1.3403	1.1423	0.0025453
1.3403	1.1674	0.0015746
1.3653	1.0669	0.0017521
1.3653	1.0921	0.001774
1.3653	1.1172	0.0015508
1.4906	-0.2887	0.0016732
1.4906	-0.2636	0.0017338
1.4906	-0.23849	0.0015292
1.5157	-0.31381	0.0015834
1.5157	-0.2887	0.0019611
1.5157	-0.2636	0.0020531
1.5157	-0.23849	0.0018331
1.5407	-0.2887	0.001826
1.5407	-0.2636	0.0019317
1.5407	-0.23849	0.0017374
1.691	-0.36402	0.0015959
1.691	-0.33891	0.002105
1.691	-0.31381	0.002321
1.691	-0.2887	0.0021719
1.691	-0.2636	0.0017263
1.7161	-0.36402	0.0022513
1.7161	-0.33891	0.0029808
1.7161	-0.31381	0.003313
1.7161	-0.2887	0.0031359
1.7161	-0.2636	0.0025204
1.7161	-0.23849	0.0016913
1.7411	-0.38912	0.0015773
1.7411	-0.36402	0.0025804
1.7411	-0.33891	0.0034307
1.7411	-0.31381	0.0038427
1.7411	-0.2887	0.0036643
1.7411	-0.2636	0.0029614
1.7411	-0.23849	0.0019882
1.7662	-0.36402	0.0023947
1.7662	-0.33891	0.0032146
1.7662	-0.31381	0.0036349
1.7662	-0.2887	0.0035002
1.7662	-0.2636	0.0028497
1.7662	-0.23849	0.0019106
1.7912	-1.6192	0.0015606
1.7912	-0.36402	0.001706
1.7912	-0.33891	0.0023491
1.7912	-0.31381	0.0027192
1.7912	-0.2887	0.0026707
1.7912	-0.2636	0.0021953
1.8914	-0.38912	0.0015949
1.8914	-0.36402	0.0017143
1.8914	-0.33891	0.0015247
1.9165	-0.43933	0.0015399
1.9165	-0.41423	0.0027535
1.9165	-0.38912	0.0037884
1.9165	-0.36402	0.0042719
1.9165	-0.33891	0.0040548
1.9165	-0.31381	0.0032529
1.9165	-0.2887	0.0022
1.9415	-0.43933	0.0026993
1.9415	-0.41423	0.0047781
1.9415	-0.38912	0.0066262
1.9415	-0.36402	0.007605
1.9415	-0.33891	0.0073847
1.9415	-0.31381	0.0061093
1.9415	-0.2887	0.0042468
1.9415	-0.2636	0.002405
1.9666	-0.46444	0.0015781
1.9666	-0.43933	0.0039329
1.9666	-0.41423	0.0068446
1.9666	-0.38912	0.0094565
1.9666	-0.36402	0.010909
1.9666	-0.33891	0.010677
1.9666	-0.31381	0.008916
1.9666	-0.2887	0.0062518
1.9666	-0.2636	0.0035554
1.9916	-0.46444	0.0020794
1.9916	-0.43933	0.0049232
1.9916	-0.41423	0.0084244
1.9916	-0.38912	0.011568
1.9916	-0.36402	0.013343
1.9916	-0.33891	0.013094
1.9916	-0.31381	0.010952
1.9916	-0.2887	0.0076712
1.9916	-0.2636	0.0043175
1.9916	-0.23849	0.0017579
2.0167	-0.46444	0.0023536
2.0167	-0.43933	0.0053509
2.0167	-0.41423	0.0090278
2.0167	-0.38912	0.012331
2.0167	-0.36402	0.014222
2.0167	-0.33891	0.013937
2.0167	-0.31381	0.011651
2.0167	-0.2887	0.0081156
2.0167	-0.2636	0.0044999
2.0167	-0.23849	0.001753
2.0418	-0.46444	0.0022836
2.0418	-0.43933	0.0050356
2.0418	-0.41423	0.0084076
2.0418	-0.38912	0.011486
2.0418	-0.36402	0.013228
2.0418	-0.33891	0.012996
2.0418	-0.31381	0.010826
2.0418	-0.2887	0.0075038
2.0418	-0.2636	0.0040812
2.0668	-0.46444	0.0018361
2.0668	-0.43933	0.0040211
2.0668	-0.41423	0.0066968
2.0668	-0.38912	0.0091908
2.0668	-0.36402	0.010659
2.0668	-0.33891	0.010519
2.0668	-0.31381	0.0087997
2.0668	-0.2887	0.0060615
2.0668	-0.2636	0.0032336
2.0919	-0.43933	0.0025638
2.0919	-0.41423	0.004357
2.0919	-0.38912	0.0060952
2.0919	-0.36402	0.0072122
2.0919	-0.33891	0.0072264
2.0919	-0.31381	0.006102
2.0919	-0.2887	0.00421
2.0919	-0.2636	0.0022091
2.1169	-0.41423	0.0020501
2.1169	-0.38912	0.0030455
2.1169	-0.36402	0.0037839
2.1169	-0.33891	0.0039524
2.1169	-0.31381	0.0034377
2.1169	-0.2887	0.0024095
2.142	0.91632	0.0015503
2.167	0.86611	0.0022991
2.167	0.89121	0.0030503
2.167	0.91632	0.003345
2.167	0.94142	0.0030967
2.167	0.96653	0.0024389
2.167	0.99163	0.0016144
2.1921	0.841	0.0025205
2.1921	0.86611	0.004289
2.1921	0.89121	0.0057358
2.1921	0.91632	0.006382
2.1921	0.94142	0.0060297
2.1921	0.96653	0.004857
2.1921	0.99163	0.0032953
2.1921	1.0167	0.0018044
2.2171	-0.46444	0.0020967
2.2171	-0.43933	0.0027041
2.2171	-0.41423	0.0029041
2.2171	-0.38912	0.0026215
2.2171	-0.36402	0.0019913
2.2171	0.8159	0.0019329
2.2171	0.841	0.0045648
2.2171	0.86611	0.0077174
2.2171	0.89121	0.010465
2.2171	0.91632	0.011842
2.2171	0.94142	0.011437
2.2171	0.96653	0.009411
2.2171	0.99163	0.0064944
2.2171	1.0167	0.0036207
2.2422	-0.48954	0.0022943
2.2422	-0.46444	0.0037695
2.2422	-0.43933	0.0050208
2.2422	-0.41423	0.0056038
2.2422	-0.38912	0.0053411
2.2422	-0.36402	0.0043522
2.2422	-0.33891	0.0029872
2.2422	-0.31381	0.0016854
2.2422	0.8159	0.0036472
2.2422	0.841	0.0084554
2.2422	0.86611	0.014458
2.2422	0.89121	0.019909
2.2422	0.91632	0.023217
2.2422	0.94142	0.02304
2.2422	0.96653	0.01951
2.2422	0.99163	0.013793
2.2422	1.0167	0.0077864
2.2422	1.0418	0.0031377
2.2672	-0.51464	0.0016204
2.2672	-0.48954	0.0034756
2.2672	-0.46444	0.0056539
2.2672	-0.43933	0.007556
2.2672	-0.41423	0.0085722
2.2672	-0.38912	0.0083414
2.2672	-0.36402	0.0069874
2.2672	-0.33891	0.0049468
2.2672	-0.31381	0.0028619
2.2672	0.79079	0.0018651
2.2672	0.8159	0.0073853
2.2672	0.841	0.016928
2.2672	0.86611	0.029473
2.2672	0.89121	0.04123
2.2672	0.91632	0.048538
2.2672	0.94142	0.047836
2.2672	0.96653	0.03993
2.2672	0.99163	0.026862
2.2672	1.0167	0.013931
2.2672	1.0418	0.0049369
2.2923	-0.51464	0.002296
2.2923	-0.48954	0.0047174
2.2923	-0.46444	0.0075396
2.2923	-0.43933	0.010032
2.2923	-0.41423	0.011416
2.2923	-0.38912	0.011217
2.2923	-0.36402	0.0094894
2.2923	-0.33891	0.0068003
2.2923	-0.31381	0.0039617
2.2923	-0.2887	0.0017137
2.2923	0.69038	0.0017981
2.2923	0.79079	0.0034993
2.2923	0.8159	0.011914
2.2923	0.841	0.024597
2.2923	0.86611	0.038647
2.2923	0.89121	0.047472
2.2923	0.91632	0.04856
2.2923	0.94142	0.041375
2.2923	0.96653	0.029056
2.2923	0.99163	0.016564
2.2923	1.0167	0.0073489
2.2923	1.0418	0.0021948
2.3173	-0.51464	0.0030057
2.3173	-0.48954	0.0059147
2.3173	-0.46444	0.0092792
2.3173	-0.43933	0.01225
2.3173	-0.41423	0.013929
2.3173	-0.38912	0.013717
2.3173	-0.36402	0.011657
2.3173	-0.33891	0.0083761
2.3173	-0.31381	0.0048734
2.3173	-0.2887	0.0020758
2.3173	0.79079	0.0017093
2.3173	0.8159	0.0050588
2.3173	0.841	0.0093559
2.3173	0.86611	0.013239
2.3173	0.89121	0.015302
2.3173	0.91632	0.014913
2.3173	0.94142	0.012288
2.3173	0.96653	0.0086096
2.3173	0.99163	0.0049648
2.3173	1.0167	0.0021466
2.3424	-0.51464	0.003687
2.3424	-0.48954	0.0069858
2.3424	-0.46444	0.010783
2.3424	-0.43933	0.014124
2.3424	-0.41423	0.016017
2.3424	-0.38912	0.015775
2.3424	-0.36402	0.013455
2.3424	-0.33891	0.0096735
2.3424	-0.31381	0.0055842
2.3424	-0.2887	0.0023098
2.3424	0.841	0.0019164
2.3424	0.86611	0.0029505
2.3424	0.89121	0.0036768
2.3424	0.91632	0.003836
2.3424	0.94142	0.0033763
2.3424	0.96653	0.0024832
2.3674	-0.53975	0.0017387
2.3674	-0.51464	0.0042018
2.3674	-0.48954	0.0077625
2.3674	-0.46444	0.01185
2.3674	-0.43933	0.015474
2.3674	-0.41423	0.017578
2.3674	-0.38912	0.017404
2.3674	-0.36402	0.01487
2.3674	-0.33891	0.010721
2.3674	-0.31381	0.0061576
2.3674	-0.2887	0.0024637
2.3674	-0.16318	0.0015684
2.3925	-0.53975	0.0018886
2.3925	-0.51464	0.0043096
2.3925	-0.48954	0.0078427
2.3925	-0.46444	0.011992
2.3925	-0.43933	0.015817
2.3925	-0.41423	0.018202
2.3925	-0.38912	0.018279
2.3925	-0.36402	0.015808
2.3925	-0.33891	0.01148
2.3925	-0.31381	0.0065768
2.3925	-0.2887	0.0025646
2.3925	-0.18828	0.0021559
2.3925	-0.16318	0.0023438
2.3925	-0.13808	0.0016247
2.3925	-0.012552	0.0015394
2.4175	-0.53975	0.0015787
2.4175	-0.51464	0.0033818
2.4175	-0.48954	0.0061964
2.4175	-0.46444	0.0097354
2.4175	-0.43933	0.013266
2.4175	-0.41423	0.015792
2.4175	-0.38912	0.016321
2.4175	-0.36402	0.014456
2.4175	-0.33891	0.010613
2.4175	-0.31381	0.0060401
2.4175	-0.2887	0.0023142
2.4175	-0.21339	0.0015972
2.4175	-0.18828	0.0022891
2.4175	-0.16318	0.0020926
2.4426	-0.46444	0.0022945
2.4426	-0.43933	0.0035493
2.4426	-0.41423	0.0046
2.4426	-0.38912	0.0049639
2.4426	-0.36402	0.0043182
2.4426	-0.33891	0.0030725
2.4426	-0.31381	0.0017316
2.4676	-0.53975	0.0022638
2.4676	-0.51464	0.0033409
2.4676	-0.48954	0.003962
2.4676	-0.46444	0.0038172
2.4676	-0.43933	0.0030404
2.4676	-0.41423	0.0019878
2.4927	-0.841	0.0017299
2.4927	-0.8159	0.0016165
2.4927	-0.71548	0.0020913
2.4927	-0.69038	0.0030464
2.4927	-0.66527	0.002888
2.4927	-0.64017	0.0016749
2.4927	-0.56485	0.0030508
2.4927	-0.53975	0.0067036
2.4927	-0.51464	0.010473
2.4927	-0.48954	0.012936
2.4927	-0.46444	0.013349
2.4927	-0.43933	0.011825
2.4927	-0.41423	0.0090831
2.4927	-0.38912	0.0060065
2.4927	-0.36402	0.0033838
2.4927	-0.33891	0.0015648
2.4927	0.841	0.0017324
2.4927	0.86611	0.0017981
2.4927	0.89121	0.0016029
2.5177	-1.0167	0.0017503
2.5177	-0.99163	0.0018707
2.5177	-0.86611	0.0020611
2.5177	-0.841	0.0022097
2.5177	-0.71548	0.0020773
2.5177	-0.69038	0.0026139
2.5177	-0.66527	0.0021249
2.5177	-0.56485	0.0034276
2.5177	-0.53975	0.0075387
2.5177	-0.51464	0.011904
2.5177	-0.48954	0.015164
2.5177	-0.46444	0.016228
2.5177	-0.43933	0.01501
2.5177	-0.41423	0.012044
2.5177	-0.38912	0.0083153
2.5177	-0.36402	0.0048531
2.5177	-0.33891	0.0022721
2.5177	0.8159	0.0017432
2.5177	0.841	0.002136
2.5177	0.86611	0.0022338
2.5177	0.89121	0.0020126
2.5177	0.91632	0.0015594
2.5428	-0.69038	0.0015905
2.5428	-0.56485	0.0033122
2.5428	-0.53975	0.0071539
2.5428	-0.51464	0.01137
2.5428	-0.48954	0.014709
2.5428	-0.46444	0.016142
2.5428	-0.43933	0.015257
2.5428	-0.41423	0.012528
2.5428	-0.38912	0.0088195
2.5428	-0.36402	0.0051905
2.5428	-0.33891	0.0024037
2.5428	0.8159	0.0020202
2.5428	0.841	0.0024624
2.5428	0.86611	0.0025737
2.5428	0.89121	0.0023281
2.5428	0.91632	0.0018126
2.5678	-1.8201	0.0020198
2.5678	-1.795	0.0028411
2.5678	-1.7699	0.0033434
2.5678	-1.7448	0.003321
2.5678	-1.7197	0.0027289
2.5678	-1.6946	0.0017739
2.5678	-0.56485	0.0030219
2.5678	-0.53975	0.006348
2.5678	-0.51464	0.010128
2.5678	-0.48954	0.013248
2.5678	-0.46444	0.014733
2.5678	-0.43933	0.014185
2.5678	-0.41423	0.011803
2.5678	-0.38912	0.0083866
2.5678	-0.36402	0.0049339
2.5678	-0.33891	0.0022277
2.5678	0.79079	0.0015731
2.5678	0.8159	0.002249
2.5678	0.841	0.0027126
2.5678	0.86611	0.0028323
2.5678	0.89121	0.0025583
2.5678	0.91632	0.0019958
2.5929	-1.8452	0.0026337
2.5929	-1.8201	0.0046231
2.5929	-1.795	0.0067073
2.5929	-1.7699	0.008247
2.5929	-1.7448	0.0085745
2.5929	-1.7197	0.0073933
2.5929	-1.6946	0.0050605
2.5929	-1.6695	0.0024517
2.5929	-1.5439	0.0015989
2.5929	-0.56485	0.0025782
2.5929	-0.53975	0.0053318
2.5929	-0.51464	0.0085057
2.5929	-0.48954	0.011257
2.5929	-0.46444	0.012708
2.5929	-0.43933	0.012409
2.5929	-0.41423	0.010458
2.5929	-0.38912	0.0074845
2.5929	-0.36402	0.0043801
2.5929	-0.33891	0.0019177
2.5929	0.79079	0.0017236
2.5929	0.8159	0.0024227
2.5929	0.841	0.002906
2.5929	0.86611	0.0030233
2.5929	0.89121	0.0027313
2.5929	0.91632	0.0021287
2.618	-1.8703	0.0025835
2.618	-1.8452	0.0056855
2.618	-1.8201	0.0098775
2.618	-1.795	0.014233
2.618	-1.7699	0.017297
2.618	-1.7448	0.017509
2.618	-1.7197	0.014422
2.618	-1.6946	0.0091681
2.618	-1.6695	0.0039525
2.618	-1.569	0.0016516
2.618	-1.5439	0.0017211
2.618	-0.56485	0.0020527
2.618	-0.53975	0.0041782
2.618	-0.51464	0.0067161
2.618	-0.48954	0.0090124
2.618	-0.46444	0.010357
2.618	-0.43933	0.010287
2.618	-0.41423	0.0088037
2.618	-0.38912	0.0063391
2.618	-0.36402	0.0037056
2.618	-0.33891	0.0015606
2.618	0.79079	0.0017889
2.618	0.8159	0.0024867
2.618	0.841	0.0029776
2.618	0.86611	0.0030981
2.618	0.89121	0.0028073
2.618	0.91632	0.0021904
2.643	-1.8954	0.0018497
2.643	-1.8703	0.0045745
2.643	-1.8452	0.0083839
2.643	-1.8201	0.012276
2.643	-1.795	0.014883
2.643	-1.7699	0.015072
2.643	-1.7448	0.012826
2.643	-1.7197	0.0089882
2.643	-1.6946	0.0048917
2.643	-1.6695	0.001828
2.643	-0.53975	0.0029696
2.643	-0.51464	0.0048598
2.643	-0.48954	0.0066644
2.643	-0.46444	0.0078549
2.643	-0.43933	0.0080041
2.643	-0.41423	0.0069933
2.643	-0.38912	0.0051286
2.643	-0.36402	0.0029879
2.643	0.79079	0.0015263
2.643	0.8159	0.002113
2.643	0.841	0.0025368
2.643	0.86611	0.0026484
2.643	0.89121	0.0024051
2.643	0.91632	0.0018648
2.6681	-1.8954	0.0018683
2.6681	-1.8703	0.003564
2.6681	-1.8452	0.0052748
2.6681	-1.8201	0.0064908
2.6681	-1.795	0.0068489
2.6681	-1.7699	0.0062673
2.6681	-1.7448	0.0049154
2.6681	-1.7197	0.0032503
2.6681	-1.6946	0.0016899
2.6681	-0.53975	0.0017891
2.6681	-0.51464	0.0030123
2.6681	-0.48954	0.0043097
2.6681	-0.46444	0.0053063
2.6681	-0.43933	0.0056329
2.6681	-0.41423	0.0051039
2.6681	-0.38912	0.0038506
2.6681	-0.36402	0.0022776
2.6931	-1.8703	0.0025157
2.6931	-1.8452	0.0035162
2.6931	-1.8201	0.0041059
2.6931	-1.795	0.0041123
2.6931	-1.7699	0.0035638
2.6931	-1.7448	0.0026602
2.6931	-1.7197	0.0016601
2.6931	-0.48954	0.0021388
2.6931	-0.46444	0.0028404
2.6931	-0.43933	0.0032568
2.6931	-0.41423	0.0031698
2.6931	-0.38912	0.0025537
2.6931	-0.36402	0.0015835
2.7182	-1.8703	0.0021393
2.7182	-1.8452	0.0029829
2.7182	-1.8201	0.0034689
2.7182	-1.795	0.0034466
2.7182	-1.7699	0.0029404
2.7182	-1.7448	0.0021293
2.7432	-1.8703	0.0019341
2.7432	-1.8452	0.0027298
2.7432	-1.8201	0.0032188
2.7432	-1.795	0.0032388
2.7432	-1.7699	0.0027797
2.7432	-1.7448	0.0020092
2.7432	-0.56485	0.0025819
2.7432	-0.53975	0.0037761
2.7432	-0.51464	0.0043183
2.7432	-0.48954	0.0040224
2.7432	-0.46444	0.0030302
2.7432	-0.43933	0.0018865
2.7683	-1.8703	0.0017518
2.7683	-1.8452	0.0025094
2.7683	-1.8201	0.0030177
2.7683	-1.795	0.0030908
2.7683	-1.7699	0.0026955
2.7683	-1.7448	0.0019634
2.7683	-0.58996	0.0042029
2.7683	-0.56485	0.008249
2.7683	-0.53975	0.012084
2.7683	-0.51464	0.014193
2.7683	-0.48954	0.013701
2.7683	-0.46444	0.01094
2.7683	-0.43933	0.0071329
2.7683	-0.41423	0.0036601
2.7933	-1.8703	0.0015798
2.7933	-1.8452	0.0023145
2.7933	-1.8201	0.0028521
2.7933	-1.795	0.0029923
2.7933	-1.7699	0.0026678
2.7933	-1.7448	0.0019702
2.7933	-0.61506	0.00162
2.7933	-0.58996	0.0047183
2.7933	-0.56485	0.0087312
2.7933	-0.53975	0.012475
2.7933	-0.51464	0.014501
2.7933	-0.48954	0.014122
2.7933	-0.46444	0.01158
2.7933	-0.43933	0.0078392
2.7933	-0.41423	0.0042436
2.7933	-0.38912	0.0016476
2.7933	0.8159	0.0015506
2.8184	-1.8452	0.0022129
2.8184	-1.8201	0.0028177
2.8184	-1.795	0.0030578
2.8184	-1.7699	0.0028011
2.8184	-1.7448	0.002109
2.8184	-0.58996	0.0031965
2.8184	-0.56485	0.0058301
2.8184	-0.53975	0.008295
2.8184	-0.51464	0.0097883
2.8184	-0.48954	0.0097404
2.8184	-0.46444	0.0082113
2.8184	-0.43933	0.0057752
2.8184	-0.41423	0.0032334
2.8434	-1.8452	0.0021094
2.8434	-1.8201	0.0027481
2.8434	-1.795	0.0030336
2.8434	-1.7699	0.0028158
2.8434	-1.7448	0.0021053
2.8434	-0.58996	0.0022011
2.8434	-0.56485	0.0038924
2.8434	-0.53975	0.0054891
2.8434	-0.51464	0.0064894
2.8434	-0.48954	0.0065363
2.8434	-0.46444	0.0055955
2.8434	-0.43933	0.0039859
2.8434	-0.41423	0.0022698
2.8685	-1.8201	0.0016553
2.8685	-1.795	0.0017691
2.8685	-1.7699	0.0015766
2.8685	-0.58996	0.0018663
2.8685	-0.56485	0.0030703
2.8685	-0.53975	0.0041519
2.8685	-0.51464	0.0047828
2.8685	-0.48954	0.0047363
2.8685	-0.46444	0.0040138
2.8685	-0.43933	0.0028497
2.8685	-0.41423	0.0016045
2.8935	-0.58996	0.0022638
2.8935	-0.56485	0.0034121
2.8935	-0.53975	0.0042854
2.8935	-0.51464	0.0046285
2.8935	-0.48954	0.0043268
2.8935	-0.46444	0.0034911
2.8935	-0.43933	0.0023764
2.9186	-0.61506	0.0020919
2.9186	-0.58996	0.0038151
2.9186	-0.56485	0.0054492
2.9186	-0.53975	0.0064756
2.9186	-0.51464	0.0065756
2.9186	-0.48954	0.0057731
2.9186	-0.46444	0.0043446
2.9186	-0.43933	0.0027549
2.9436	-0.64017	0.0016415
2.9436	-0.61506	0.0042527
2.9436	-0.58996	0.0075809
2.9436	-0.56485	0.01059
2.9436	-0.53975	0.012341
2.9436	-0.51464	0.012241
2.9436	-0.48954	0.010434
2.9436	-0.46444	0.0075824
2.9436	-0.43933	0.0044733
2.9436	-0.41423	0.0020669
2.9687	-1.8703	0.0016799
2.9687	-1.8452	0.0019144
2.9687	-1.8201	0.0018689
2.9687	-1.795	0.0015491
2.9687	-0.64017	0.0035829
2.9687	-0.61506	0.0088831
2.9687	-0.58996	0.015682
2.9687	-0.56485	0.021821
2.9687	-0.53975	0.025443
2.9687	-0.51464	0.025191
2.9687	-0.48954	0.021327
2.9687	-0.46444	0.015133
2.9687	-0.43933	0.0088336
2.9687	-0.41423	0.0037834
2.9937	-1.8954	0.0017793
2.9937	-1.8703	0.0024273
2.9937	-1.8452	0.0028102
2.9937	-1.8201	0.0027745
2.9937	-1.795	0.0023148
2.9937	-1.7699	0.0015888
2.9937	-0.79079	0.001595
2.9937	-0.76569	0.002192
2.9937	-0.74059	0.0018928
2.9937	-0.66527	0.0016419
2.9937	-0.64017	0.0074199
2.9937	-0.61506	0.017546
2.9937	-0.58996	0.03045
2.9937	-0.56485	0.042359
2.9937	-0.53975	0.049143
2.9937	-0.51464	0.048548
2.9937	-0.48954	0.040703
2.9937	-0.46444	0.028482
2.9937	-0.43933	0.016035
2.9937	-0.41423	0.0064279
2.9937	-0.31381	0.0016144
2.9937	-0.2887	0.0018048
3.0188	-1.8954	0.0023626
3.0188	-1.8703	0.0032654
3.0188	-1.8452	0.0038481
3.0188	-1.8201	0.0038528
3.0188	-1.795	0.0032363
3.0188	-1.7699	0.0022106
3.0188	-0.79079	0.0018259
3.0188	-0.76569	0.0024198
3.0188	-0.74059	0.0019706
3.0188	-0.66527	0.0025433
3.0188	-0.64017	0.010196
3.0188	-0.61506	0.023112
3.0188	-0.58996	0.038562
3.0188	-0.56485	0.052197
3.0188	-0.53975	0.059292
3.0188	-0.51464	0.05676
3.0188	-0.48954	0.04644
3.0188	-0.46444	0.031171
3.0188	-0.43933	0.016626
3.0188	-0.41423	0.0060989
3.0188	-0.31381	0.0020869
3.0188	-0.2887	0.0020679
3.0438	-1.9205	0.0016684
3.0438	-1.8954	0.0028203
3.0438	-1.8703	0.0039737
3.0438	-1.8452	0.00477
3.0438	-1.8201	0.0048481
3.0438	-1.795	0.0041077
3.0438	-1.7699	0.0027951
3.0438	-0.66527	0.0017247
3.0438	-0.64017	0.0062931
3.0438	-0.61506	0.013797
3.0438	-0.58996	0.022614
3.0438	-0.56485	0.03014
3.0438	-0.53975	0.033796
3.0438	-0.51464	0.032186
3.0438	-0.48954	0.025785
3.0438	-0.46444	0.01711
3.0438	-0.43933	0.0088582
3.0438	-0.41423	0.0029457
3.0689	-1.8954	0.0025414
3.0689	-1.8703	0.0036204
3.0689	-1.8452	0.0043707
3.0689	-1.8201	0.0044682
3.0689	-1.795	0.0037762
3.0689	-1.7699	0.0025299
3.0689	-0.64017	0.0024601
3.0689	-0.61506	0.0054292
3.0689	-0.58996	0.0090404
3.0689	-0.56485	0.012286
3.0689	-0.53975	0.014071
3.0689	-0.51464	0.013659
3.0689	-0.48954	0.01117
3.0689	-0.46444	0.0074167
3.0689	-0.43933	0.0037902
3.0939	-1.8703	0.0017313
3.0939	-1.8452	0.0019672
3.0939	-1.8201	0.0019224
3.0939	-1.795	0.0015744
3.0939	-0.61506	0.0022712
3.0939	-0.58996	0.0037053
3.0939	-0.56485	0.0050453
3.0939	-0.53975	0.0058721
3.0939	-0.51464	0.0058096
3.0939	-0.48954	0.0048385
3.0939	-0.46444	0.0032791
3.0939	-0.43933	0.0016474
3.119	-0.61506	0.0020839
3.119	-0.58996	0.0028708
3.119	-0.56485	0.0034414
3.119	-0.53975	0.0036296
3.119	-0.51464	0.0033799
3.119	-0.48954	0.0027138
3.119	-0.46444	0.0017906
3.119	0.74059	0.0016069
3.119	0.76569	0.0016404
3.1441	-0.64017	0.0027891
3.1441	-0.61506	0.0043232
3.1441	-0.58996	0.0054428
3.1441	-0.56485	0.0058757
3.1441	-0.53975	0.0055108
3.1441	-0.51464	0.0045531
3.1441	-0.48954	0.0032165
3.1441	-0.46444	0.0019099
3.1441	0.69038	0.0020974
3.1441	0.71548	0.002826
3.1441	0.74059	0.0031457
3.1441	0.76569	0.0029938
3.1441	0.79079	0.0024506
3.1441	0.8159	0.0017161
3.1691	-1.8954	0.0016764
3.1691	-1.8703	0.001707
3.1691	-0.66527	0.0032955
3.1691	-0.64017	0.0066684
3.1691	-0.61506	0.010208
3.1691	-0.58996	0.012856
3.1691	-0.56485	0.013758
3.1691	-0.53975	0.012652
3.1691	-0.51464	0.010014
3.1691	-0.48954	0.0067081
3.1691	-0.46444	0.0036828
3.1691	0.66527	0.001969
3.1691	0.69038	0.0032306
3.1691	0.71548	0.0041269
3.1691	0.74059	0.0043833
3.1691	0.76569	0.003941
3.1691	0.79079	0.0030443
3.1691	0.8159	0.0019925
3.1942	-1.9205	0.0015655
3.1942	-1.8954	0.0019354
3.1942	-1.8703	0.0020273
3.1942	-1.8452	0.0017995
3.1942	-0.69038	0.0022764
3.1942	-0.66527	0.0068801
3.1942	-0.64017	0.013575
3.1942	-0.61506	0.020785
3.1942	-0.58996	0.026238
3.1942	-0.56485	0.028096
3.1942	-0.53975	0.025805
3.1942	-0.51464	0.020108
3.1942	-0.48954	0.013202
3.1942	-0.46444	0.006845
3.1942	-0.43933	0.0025164
3.1942	0.66527	0.0018525
3.1942	0.69038	0.0029433
3.1942	0.71548	0.0037074
3.1942	0.74059	0.0038683
3.1942	0.76569	0.003431
3.1942	0.79079	0.0025934
3.1942	0.8159	0.0016492
3.2192	-1.9205	0.0016967
3.2192	-1.8954	0.0021516
3.2192	-1.8703	0.0023105
3.2192	-1.8452	0.0020962
3.2192	-1.8201	0.0015688
3.2192	-0.69038	0.0031583
3.2192	-0.66527	0.0089152
3.2192	-0.64017	0.017118
3.2192	-0.61506	0.025692
3.2192	-0.58996	0.032021
3.2192	-0.56485	0.033787
3.2192	-0.53975	0.030715
3.2192	-0.51464	0.023418
3.2192	-0.48954	0.014879
3.2192	-0.46444	0.0073155
3.2192	-0.43933	0.0023471
3.2192	0.69038	0.0022932
3.2192	0.71548	0.0028847
3.2192	0.74059	0.0030248
3.2192	0.76569	0.0026918
3.2192	0.79079	0.0020378
3.2443	-1.9205	0.0015462
3.2443	-1.8954	0.0020153
3.2443	-1.8703	0.002207
3.2443	-1.8452	0.0020379
3.2443	-1.8201	0.0015286
3.2443	-0.69038	0.002298
3.2443	-0.66527	0.0061872
3.2443	-0.64017	0.011664
3.2443	-0.61506	0.017439
3.2443	-0.58996	0.021683
3.2443	-0.56485	0.022961
3.2443	-0.53975	0.020724
3.2443	-0.51464	0.015747
3.2443	-0.48954	0.0098008
3.2443	-0.46444	0.0046321
3.2443	0.69038	0.0018022
3.2443	0.71548	0.002283
3.2443	0.74059	0.0024203
3.2443	0.76569	0.0021761
3.2443	0.79079	0.0016578
3.2693	-0.66527	0.0032712
3.2693	-0.64017	0.0062014
3.2693	-0.61506	0.0093372
3.2693	-0.58996	0.011812
3.2693	-0.56485	0.012731
3.2693	-0.53975	0.011642
3.2693	-0.51464	0.0089284
3.2693	-0.48954	0.0055115
3.2693	-0.46444	0.0024951
3.2693	0.71548	0.001864
3.2693	0.74059	0.0020102
3.2693	0.76569	0.0018339
3.2944	-0.66527	0.0016208
3.2944	-0.64017	0.0030451
3.2944	-0.61506	0.004672
3.2944	-0.58996	0.0060553
3.2944	-0.56485	0.0066852
3.2944	-0.53975	0.0062628
3.2944	-0.51464	0.0048693
3.2944	-0.48954	0.0030314
3.2944	0.74059	0.0016486
3.2944	0.76569	0.0015312
3.3194	-0.64017	0.0020277
3.3194	-0.61506	0.0027736
3.3194	-0.58996	0.0033857
3.3194	-0.56485	0.0036011
3.3194	-0.53975	0.0033376
3.3194	-0.51464	0.0025943
3.3194	-0.48954	0.0015999
3.3445	-0.69038	0.0018322
3.3445	-0.66527	0.0031731
3.3445	-0.64017	0.0042701
3.3445	-0.61506	0.0047977
3.3445	-0.58996	0.0046576
3.3445	-0.56485	0.003997
3.3445	-0.53975	0.0029968
3.3445	-0.51464	0.0019408
3.3695	-1.9707	0.0016416
3.3695	-1.9456	0.002226
3.3695	-1.9205	0.0025422
3.3695	-1.8954	0.0024762
3.3695	-1.8703	0.0020507
3.3695	-0.71548	0.0019107
3.3695	-0.69038	0.0048123
3.3695	-0.66527	0.0081454
3.3695	-0.64017	0.010885
3.3695	-0.61506	0.01195
3.3695	-0.58996	0.011166
3.3695	-0.56485	0.0088862
3.3695	-0.53975	0.0060124
3.3695	-0.51464	0.0033583
3.3946	-1.9958	0.0018463
3.3946	-1.9707	0.0030643
3.3946	-1.9456	0.0041901
3.3946	-1.9205	0.0048696
3.3946	-1.8954	0.0048099
3.3946	-1.8703	0.0040415
3.3946	-1.8452	0.0027908
3.3946	-0.71548	0.0027632
3.3946	-0.69038	0.0066192
3.3946	-0.66527	0.011174
3.3946	-0.64017	0.014934
3.3946	-0.61506	0.01664
3.3946	-0.58996	0.015746
3.3946	-0.56485	0.012626
3.3946	-0.53975	0.0085375
3.3946	-0.51464	0.0046716
3.3946	-0.48954	0.0019134
3.3946	0.69038	0.0015498
3.4196	-1.9958	0.0020171
3.4196	-1.9707	0.0033296
3.4196	-1.9456	0.004551
3.4196	-1.9205	0.0052777
3.4196	-1.8954	0.0052217
3.4196	-1.8703	0.0043645
3.4196	-1.8452	0.0029931
3.4196	-1.8201	0.0015781
3.4196	-0.71548	0.0026084
3.4196	-0.69038	0.0061084
3.4196	-0.66527	0.010328
3.4196	-0.64017	0.014014
3.4196	-0.61506	0.015919
3.4196	-0.58996	0.01533
3.4196	-0.56485	0.01254
3.4196	-0.53975	0.0085854
3.4196	-0.51464	0.0046941
3.4196	-0.48954	0.0018507
3.4196	0.66527	0.0020747
3.4196	0.69038	0.0024072
3.4196	0.71548	0.0023614
3.4196	0.74059	0.001984
3.4447	-1.9707	0.0020911
3.4447	-1.9456	0.0028828
3.4447	-1.9205	0.0033821
3.4447	-1.8954	0.0033745
3.4447	-1.8703	0.0028309
3.4447	-1.8452	0.0019285
3.4447	-0.71548	0.0021444
3.4447	-0.69038	0.005006
3.4447	-0.66527	0.0086121
3.4447	-0.64017	0.011957
3.4447	-0.61506	0.01389
3.4447	-0.58996	0.013715
3.4447	-0.56485	0.011456
3.4447	-0.53975	0.0079248
3.4447	-0.51464	0.0043156
3.4447	-0.48954	0.0016292
3.4447	0.64017	0.0021116
3.4447	0.66527	0.002975
3.4447	0.69038	0.0034761
3.4447	0.71548	0.0034328
3.4447	0.74059	0.002897
3.4447	0.76569	0.0020769
3.4697	-1.9205	0.0017603
3.4697	-1.8954	0.0017973
3.4697	-1.8703	0.0015299
3.4697	-0.69038	0.0036647
3.4697	-0.66527	0.0065404
3.4697	-0.64017	0.0094062
3.4697	-0.61506	0.011297
3.4697	-0.58996	0.011476
3.4697	-0.56485	0.0097975
3.4697	-0.53975	0.0068606
3.4697	-0.51464	0.003701
3.4697	0.64017	0.0022375
3.4697	0.66527	0.0031538
3.4697	0.69038	0.0036632
3.4697	0.71548	0.0036199
3.4697	0.74059	0.00305
3.4697	0.76569	0.0021629
3.4948	-0.69038	0.0017043
3.4948	-0.66527	0.0033576
3.4948	-0.64017	0.0051772
3.4948	-0.61506	0.006612
3.4948	-0.58996	0.0070369
3.4948	-0.56485	0.0062135
3.4948	-0.53975	0.0044281
3.4948	-0.51464	0.0023447
3.4948	0.66527	0.0019585
3.4948	0.69038	0.0022928
3.4948	0.71548	0.002272
3.4948	0.74059	0.001921
3.5198	-0.61506	0.0017587
3.5198	-0.58996	0.0020069
3.5198	-0.56485	0.0018822
3.5449	-0.69038	0.0018874
3.5449	-0.66527	0.0021357
3.5449	-0.64017	0.0020365
3.5449	-0.61506	0.0016677
3.5699	-1.9707	0.0015249
3.5699	-1.9456	0.0016009
3.5699	-0.74059	0.001887
3.5699	-0.71548	0.0038099
3.5699	-0.69038	0.0056583
3.5699	-0.66527	0.0068229
3.5699	-0.64017	0.0069001
3.5699	-0.61506	0.0059376
3.5699	-0.58996	0.0043672
3.5699	-0.56485	0.0026822
3.595	-1.9958	0.0017311
3.595	-1.9707	0.0021999
3.595	-1.9456	0.002365
3.595	-1.9205	0.0021647
3.595	-1.8954	0.0016549
3.595	-0.74059	0.0038874
3.595	-0.71548	0.0077731
3.595	-0.69038	0.011824
3.595	-0.66527	0.014711
3.595	-0.64017	0.015424
3.595	-0.61506	0.01384
3.595	-0.58996	0.010566
3.595	-0.56485	0.0067602
3.595	-0.53975	0.0034589
3.62	-1.9958	0.00216
3.62	-1.9707	0.0027879
3.62	-1.9456	0.0030455
3.62	-1.9205	0.0028363
3.62	-1.8954	0.0021957
3.62	-0.76569	0.001925
3.62	-0.74059	0.0058803
3.62	-0.71548	0.011603
3.62	-0.69038	0.017682
3.62	-0.66527	0.022184
3.62	-0.64017	0.023623
3.62	-0.61506	0.021506
3.62	-0.58996	0.016632
3.62	-0.56485	0.010737
3.62	-0.53975	0.0054394
3.62	-0.51464	0.0018974
3.62	0.64017	0.0017421
3.62	0.66527	0.0018167
3.62	0.69038	0.0016022
3.6451	-1.9958	0.0019289
3.6451	-1.9707	0.0025334
3.6451	-1.9456	0.0028215
3.6451	-1.9205	0.0026483
3.6451	-1.8954	0.0020644
3.6451	-0.76569	0.0020194
3.6451	-0.74059	0.0057474
3.6451	-0.71548	0.011178
3.6451	-0.69038	0.017063
3.6451	-0.66527	0.021595
3.6451	-0.64017	0.023229
3.6451	-0.61506	0.021305
3.6451	-0.58996	0.016591
3.6451	-0.56485	0.010656
3.6451	-0.53975	0.0053004
3.6451	-0.51464	0.0017257
3.6451	0.61506	0.0015987
3.6451	0.64017	0.0020355
3.6451	0.66527	0.0021603
3.6451	0.69038	0.001939
3.6701	-1.9456	0.0015477
3.6701	-0.76569	0.0015453
3.6701	-0.74059	0.0042641
3.6701	-0.71548	0.0082911
3.6701	-0.69038	0.012783
3.6701	-0.66527	0.016428
3.6701	-0.64017	0.017935
3.6701	-0.61506	0.016745
3.6701	-0.58996	0.01317
3.6701	-0.56485	0.0084509
3.6701	-0.53975	0.0041029
3.6701	0.61506	0.001621
3.6701	0.64017	0.0020966
3.6701	0.66527	0.0022671
3.6701	0.69038	0.0020669
3.6701	0.71548	0.0015974
3.6952	-0.74059	0.0026801
3.6952	-0.71548	0.0052597
3.6952	-0.69038	0.0083027
3.6952	-0.66527	0.010921
3.6952	-0.64017	0.012214
3.6952	-0.61506	0.011621
3.6952	-0.58996	0.0092685
3.6952	-0.56485	0.0059708
3.6952	-0.53975	0.0028213
3.6952	0.64017	0.001561
3.6952	0.66527	0.0017269
3.6952	0.69038	0.0016077
3.7203	-0.71548	0.0026837
3.7203	-0.69038	0.0041231
3.7203	-0.66527	0.0054654
3.7203	-0.64017	0.0061902
3.7203	-0.61506	0.0059988
3.7203	-0.58996	0.004858
3.7203	-0.56485	0.0031183
3.7453	-0.74059	0.0016078
3.7453	-0.71548	0.0023345
3.7453	-0.69038	0.0028612
3.7453	-0.66527	0.0031049
3.7453	-0.64017	0.0030176
3.7453	-0.61506	0.0026121
3.7453	-0.58996	0.001962
3.7704	-0.76569	0.002119
3.7704	-0.74059	0.0037827
3.7704	-0.71548	0.0051829
3.7704	-0.69038	0.0058548
3.7704	-0.66527	0.0056026
3.7704	-0.64017	0.0045946
3.7704	-0.61506	0.0032486
3.7704	-0.58996	0.0019223
3.7954	-1.9958	0.0015759
3.7954	-1.9707	0.0016183
3.7954	-0.79079	0.0015911
3.7954	-0.76569	0.0041576
3.7954	-0.74059	0.0074147
3.7954	-0.71548	0.010308
3.7954	-0.69038	0.011845
3.7954	-0.66527	0.011526
3.7954	-0.64017	0.0095626
3.7954	-0.61506	0.006703
3.7954	-0.58996	0.0038427
3.7954	-0.56485	0.0017173
3.8205	-1.9958	0.0015386
3.8205	-1.9707	0.0016494
3.8205	-0.79079	0.0023025
3.8205	-0.76569	0.0057861
3.8205	-0.74059	0.010255
3.8205	-0.71548	0.014411
3.8205	-0.69038	0.016869
3.8205	-0.66527	0.016751
3.8205	-0.64017	0.014148
3.8205	-0.61506	0.01008
3.8205	-0.58996	0.0058397
3.8205	-0.56485	0.0025347
3.8205	0.58996	0.001772
3.8205	0.61506	0.0020389
3.8205	0.64017	0.0019773
3.8205	0.66527	0.001634
3.8455	-0.79079	0.002471
3.8455	-0.76569	0.0060151
3.8455	-0.74059	0.010648
3.8455	-0.71548	0.015137
3.8455	-0.69038	0.018021
3.8455	-0.66527	0.018175
3.8455	-0.64017	0.015607
3.8455	-0.61506	0.011233
3.8455	-0.58996	0.0064947
3.8455	-0.56485	0.0027288
3.8455	0.56485	0.0016882
3.8455	0.58996	0.0024047
3.8455	0.61506	0.0028041
3.8455	0.64017	0.002768
3.8455	0.66527	0.0023259
3.8455	0.69038	0.0016653
3.8706	-0.79079	0.0019201
3.8706	-0.76569	0.0046724
3.8706	-0.74059	0.0083861
3.8706	-0.71548	0.012167
3.8706	-0.69038	0.014808
3.8706	-0.66527	0.015224
3.8706	-0.64017	0.013324
3.8706	-0.61506	0.0096732
3.8706	-0.58996	0.0055613
3.8706	-0.56485	0.0022492
3.8706	0.56485	0.0017614
3.8706	0.58996	0.0025123
3.8706	0.61506	0.0029539
3.8706	0.64017	0.0029465
3.8706	0.66527	0.0025032
3.8706	0.69038	0.0018047
3.8956	-0.76569	0.0023298
3.8956	-0.74059	0.0044259
3.8956	-0.71548	0.0067382
3.8956	-0.69038	0.0085892
3.8956	-0.66527	0.0091923
3.8956	-0.64017	0.0083158
3.8956	-0.61506	0.0061344
3.8956	-0.58996	0.0035094
3.8956	0.58996	0.0020275
3.8956	0.61506	0.0024135
3.8956	0.64017	0.0024358
3.8956	0.66527	0.0020962
3.9207	-2.0711	0.0018062
3.9207	-2.046	0.0022081
3.9207	-2.0209	0.0022325
3.9207	-1.9958	0.0018887
3.9207	-0.71548	0.0019171
3.9207	-0.69038	0.0027282
3.9207	-0.66527	0.0032522
3.9207	-0.64017	0.0031676
3.9207	-0.61506	0.0024793
3.9207	0.64017	0.0015475
3.9457	-2.0962	0.0026085
3.9457	-2.0711	0.0040624
3.9457	-2.046	0.0051832
3.9457	-2.0209	0.0055659
3.9457	-1.9958	0.0050727
3.9457	-1.9707	0.0039016
3.9457	-1.9456	0.0024789
3.9708	-2.1213	0.0021187
3.9708	-2.0962	0.0043117
3.9708	-2.0711	0.0067726
3.9708	-2.046	0.0088024
3.9708	-2.0209	0.0096793
3.9708	-1.9958	0.0090498
3.9708	-1.9707	0.007183
3.9708	-1.9456	0.0046748
3.9708	-1.9205	0.0024161
3.9708	-0.79079	0.0016398
3.9708	-0.76569	0.0024904
3.9708	-0.74059	0.0029819
3.9708	-0.71548	0.0029133
3.9708	-0.69038	0.0023648
3.9708	-0.66527	0.0015876
3.9958	-2.1213	0.0028611
3.9958	-2.0962	0.0057397
3.9958	-2.0711	0.0090388
3.9958	-2.046	0.011851
3.9958	-2.0209	0.013169
3.9958	-1.9958	0.012462
3.9958	-1.9707	0.010003
3.9958	-1.9456	0.0065702
3.9958	-1.9205	0.0033043
3.9958	-0.8159	0.0015464
3.9958	-0.79079	0.0034151
3.9958	-0.76569	0.0055197
3.9958	-0.74059	0.007078
3.9958	-0.71548	0.0075734
3.9958	-0.69038	0.0068335
3.9958	-0.66527	0.0052214
3.9958	-0.64017	0.0032864
3.9958	-0.61506	0.0016681
4.0209	-2.1213	0.0031613
4.0209	-2.0962	0.0062678
4.0209	-2.0711	0.0098871
4.0209	-2.046	0.013051
4.0209	-2.0209	0.014607
4.0209	-1.9958	0.013975
4.0209	-1.9707	0.011239
4.0209	-1.9456	0.0073391
4.0209	-1.9205	0.0035979
4.0209	-0.8159	0.0019843
4.0209	-0.79079	0.0044043
4.0209	-0.76569	0.0072757
4.0209	-0.74059	0.0097625
4.0209	-0.71548	0.010883
4.0209	-0.69038	0.010386
4.0209	-0.66527	0.0083467
4.0209	-0.64017	0.0055706
4.0209	-0.61506	0.0029468
4.0209	0.56485	0.0015243
4.0209	0.58996	0.001626
4.0459	-2.1213	0.0027685
4.0459	-2.0962	0.0055072
4.0459	-2.0711	0.0087683
4.0459	-2.046	0.011689
4.0459	-2.0209	0.013246
4.0459	-1.9958	0.012757
4.0459	-1.9707	0.010314
4.0459	-1.9456	0.0066712
4.0459	-1.9205	0.0031656
4.0459	-0.8159	0.0015919
4.0459	-0.79079	0.003617
4.0459	-0.76569	0.0062378
4.0459	-0.74059	0.0087327
4.0459	-0.71548	0.010231
4.0459	-0.69038	0.010158
4.0459	-0.66527	0.0084995
4.0459	-0.64017	0.005855
4.0459	-0.61506	0.0031397
4.0459	0.53975	0.0016188
4.0459	0.56485	0.0021148
4.0459	0.58996	0.002297
4.0459	0.61506	0.0021107
4.0459	0.64017	0.0016489
4.071	-2.1213	0.0017943
4.071	-2.0962	0.0036485
4.071	-2.0711	0.0059622
4.071	-2.046	0.0081779
4.071	-2.0209	0.0094742
4.071	-1.9958	0.0093029
4.071	-1.9707	0.0075859
4.071	-1.9456	0.0048862
4.071	-1.9205	0.0022366
4.071	-1.795	0.0015587
4.071	-0.79079	0.0015719
4.071	-0.76569	0.0029101
4.071	-0.74059	0.0044834
4.071	-0.71548	0.0057241
4.071	-0.69038	0.0061155
4.071	-0.66527	0.0054564
4.071	-0.64017	0.0039243
4.071	-0.61506	0.0021528
4.071	0.53975	0.0016937
4.071	0.56485	0.0022388
4.071	0.58996	0.0024611
4.071	0.61506	0.0022992
4.071	0.64017	0.0018206
4.096	-2.0711	0.0026554
4.096	-2.046	0.0039072
4.096	-2.0209	0.0048122
4.096	-1.9958	0.0049498
4.096	-1.9707	0.0041696
4.096	-1.9456	0.0027257
4.096	0.56485	0.0017793
4.096	0.58996	0.0019984
4.096	0.61506	0.0019038
4.096	0.64017	0.0015336
4.1211	-0.99163	0.0015728
4.1211	-0.96653	0.0017102
4.1211	-0.841	0.0018455
4.1211	-0.8159	0.0033139
4.1211	-0.79079	0.004199
4.1211	-0.76569	0.0041118
4.1211	-0.74059	0.0031694
4.1211	-0.71548	0.0018711
4.1461	-1.1423	0.0017217
4.1461	-1.0167	0.0016138
4.1461	-0.99163	0.0027945
4.1461	-0.96653	0.0030268
4.1461	-0.94142	0.0020297
4.1461	-0.86611	0.0017414
4.1461	-0.841	0.0057889
4.1461	-0.8159	0.010968
4.1461	-0.79079	0.015306
4.1461	-0.76569	0.017173
4.1461	-0.74059	0.016026
4.1461	-0.71548	0.012519
4.1461	-0.69038	0.0081479
4.1461	-0.66527	0.0043663
4.1461	-0.64017	0.0018326
4.1712	-2.1213	0.0021107
4.1712	-2.0962	0.0027244
4.1712	-2.0711	0.0028787
4.1712	-2.046	0.0025166
4.1712	-2.0209	0.0018251
4.1712	-1.1674	0.0016041
4.1712	-1.1423	0.0018978
4.1712	-1.0167	0.0023735
4.1712	-0.99163	0.0039892
4.1712	-0.96653	0.0041981
4.1712	-0.94142	0.0026826
4.1712	-0.86611	0.0039766
4.1712	-0.841	0.012353
4.1712	-0.8159	0.023467
4.1712	-0.79079	0.033792
4.1712	-0.76569	0.03973
4.1712	-0.74059	0.039356
4.1712	-0.71548	0.033091
4.1712	-0.69038	0.023732
4.1712	-0.66527	0.014008
4.1712	-0.64017	0.0065873
4.1712	-0.61506	0.0021736
4.1962	-2.1464	0.0026174
4.1962	-2.1213	0.004445
4.1962	-2.0962	0.0060751
4.1962	-2.0711	0.0069149
4.1962	-2.046	0.0066605
4.1962	-2.0209	0.0054139
4.1962	-1.9958	0.0036382
4.1962	-1.9707	0.0019449
4.1962	-1.1423	0.0017274
4.1962	-1.0167	0.0028932
4.1962	-0.99163	0.0046583
4.1962	-0.96653	0.004758
4.1962	-0.94142	0.0028102
4.1962	-0.86611	0.0070589
4.1962	-0.841	0.020384
4.1962	-0.8159	0.038179
4.1962	-0.79079	0.055482
4.1962	-0.76569	0.066454
4.1962	-0.74059	0.067443
4.1962	-0.71548	0.058433
4.1962	-0.69038	0.042851
4.1962	-0.66527	0.026189
4.1962	-0.64017	0.012429
4.1962	-0.61506	0.0040676
4.2213	-2.1715	0.0016587
4.2213	-2.1464	0.0037655
4.2213	-2.1213	0.0064445
4.2213	-2.0962	0.0090397
4.2213	-2.0711	0.010608
4.2213	-2.046	0.010621
4.2213	-2.0209	0.0089763
4.2213	-1.9958	0.006292
4.2213	-1.9707	0.0034851
4.2213	-1.0167	0.0028765
4.2213	-0.99163	0.0044659
4.2213	-0.96653	0.0043907
4.2213	-0.94142	0.0023583
4.2213	-0.86611	0.0099704
4.2213	-0.841	0.027081
4.2213	-0.8159	0.050166
4.2213	-0.79079	0.073006
4.2213	-0.76569	0.088034
4.2213	-0.74059	0.090558
4.2213	-0.71548	0.079384
4.2213	-0.69038	0.059044
4.2213	-0.66527	0.036164
4.2213	-0.64017	0.017124
4.2213	-0.61506	0.0052751
4.2213	-0.53975	0.0015929
4.2213	-0.51464	0.0023586
4.2213	-0.48954	0.0020631
4.2463	-2.1715	0.001826
4.2463	-2.1464	0.0041078
4.2463	-2.1213	0.0071072
4.2463	-2.0962	0.010119
4.2463	-2.0711	0.012109
4.2463	-2.046	0.012369
4.2463	-2.0209	0.010702
4.2463	-1.9958	0.0076146
4.2463	-1.9707	0.0042384
4.2463	-1.9456	0.0015858
4.2463	-1.0167	0.0022324
4.2463	-0.99163	0.0034034
4.2463	-0.96653	0.0032152
4.2463	-0.94142	0.0015536
4.2463	-0.89121	0.0021097
4.2463	-0.86611	0.011385
4.2463	-0.841	0.029545
4.2463	-0.8159	0.054021
4.2463	-0.79079	0.078769
4.2463	-0.76569	0.095771
4.2463	-0.74059	0.099143
4.2463	-0.71548	0.087812
4.2463	-0.69038	0.065491
4.2463	-0.66527	0.040019
4.2463	-0.64017	0.018453
4.2463	-0.61506	0.0051909
4.2463	-0.53975	0.0027689
4.2463	-0.51464	0.0038071
4.2463	-0.48954	0.0031975
4.2463	-0.46444	0.0017153
4.2714	-2.1464	0.0033582
4.2714	-2.1213	0.0059317
4.2714	-2.0962	0.0086439
4.2714	-2.0711	0.010613
4.2714	-2.046	0.011078
4.2714	-2.0209	0.0097441
4.2714	-1.9958	0.0070042
4.2714	-1.9707	0.0038922
4.2714	-0.99163	0.0018734
4.2714	-0.96653	0.0017564
4.2714	-0.89121	0.0021769
4.2714	-0.86611	0.01023
4.2714	-0.841	0.025686
4.2714	-0.8159	0.046953
4.2714	-0.79079	0.069102
4.2714	-0.76569	0.084831
4.2714	-0.74059	0.089083
4.2714	-0.71548	0.07926
4.2714	-0.69038	0.059583
4.2714	-0.66527	0.03621
4.2714	-0.64017	0.01621
4.2714	-0.61506	0.0040414
4.2714	-0.53975	0.0037851
4.2714	-0.51464	0.004838
4.2714	-0.48954	0.0038712
4.2714	-0.46444	0.0019268
4.2965	-2.1464	0.0018217
4.2965	-2.1213	0.0034029
4.2965	-2.0962	0.0052242
4.2965	-2.0711	0.0067146
4.2965	-2.046	0.0073077
4.2965	-2.0209	0.00663
4.2965	-1.9958	0.0048846
4.2965	-1.9707	0.0027029
4.2965	-0.86611	0.006507
4.2965	-0.841	0.016487
4.2965	-0.8159	0.030856
4.2965	-0.79079	0.04664
4.2965	-0.76569	0.058804
4.2965	-0.74059	0.063144
4.2965	-0.71548	0.057291
4.2965	-0.69038	0.043518
4.2965	-0.66527	0.02638
4.2965	-0.64017	0.0114
4.2965	-0.61506	0.0024546
4.2965	-0.56485	0.001693
4.2965	-0.53975	0.0041375
4.2965	-0.51464	0.0049755
4.2965	-0.48954	0.0037918
4.2965	-0.46444	0.0017476
4.2965	-0.36402	0.0015351
4.2965	-0.33891	0.0016551
4.3215	-2.0962	0.0016417
4.3215	-2.0711	0.0024387
4.3215	-2.046	0.0029728
4.3215	-2.0209	0.0029435
4.3215	-1.9958	0.0023151
4.3215	-0.86611	0.0021264
4.3215	-0.841	0.0060003
4.3215	-0.8159	0.012478
4.3215	-0.79079	0.020589
4.3215	-0.76569	0.027954
4.3215	-0.74059	0.031777
4.3215	-0.71548	0.030314
4.3215	-0.69038	0.02365
4.3215	-0.66527	0.014517
4.3215	-0.64017	0.0061207
4.3215	-0.56485	0.0016849
4.3215	-0.53975	0.0035876
4.3215	-0.51464	0.0040986
4.3215	-0.48954	0.0030068
4.3215	-0.36402	0.0017309
4.3215	-0.33891	0.0017665
4.3466	-0.79079	0.0029051
4.3466	-0.76569	0.0054495
4.3466	-0.74059	0.0077609
4.3466	-0.71548	0.0087125
4.3466	-0.69038	0.0076952
4.3466	-0.66527	0.0051195
4.3466	-0.64017	0.0020758
4.3466	-0.53975	0.0023287
4.3466	-0.51464	0.0025939
4.3466	-0.48954	0.0018489
4.3466	-0.36402	0.0015605
4.3466	-0.33891	0.001525
4.3716	-2.1464	0.0017263
4.3716	-2.1213	0.0018596
4.3716	-2.0962	0.0016139
4.3716	-1.0418	0.0015687
4.3716	-1.0167	0.0019924
4.3716	-0.99163	0.0015976
4.3716	-0.89121	0.0016214
4.3716	-0.86611	0.0032104
4.3716	-0.841	0.0041798
4.3716	-0.8159	0.0039303
4.3716	-0.79079	0.0027681
4.3716	0.46444	0.0018682
4.3716	0.48954	0.0024389
4.3716	0.51464	0.0025436
4.3716	0.53975	0.0021997
4.3716	0.56485	0.0015945
4.3967	-2.1967	0.0017024
4.3967	-2.1715	0.0033186
4.3967	-2.1464	0.0049521
4.3967	-2.1213	0.0060092
4.3967	-2.0962	0.0061093
4.3967	-2.0711	0.0052041
4.3967	-2.046	0.00366
4.3967	-2.0209	0.0020626
4.3967	-1.1925	0.0015742
4.3967	-1.0418	0.0027003
4.3967	-1.0167	0.0034258
4.3967	-0.99163	0.0027232
4.3967	-0.89121	0.005777
4.3967	-0.86611	0.012202
4.3967	-0.841	0.01837
4.3967	-0.8159	0.021798
4.3967	-0.79079	0.021247
4.3967	-0.76569	0.01722
4.3967	-0.74059	0.011524
4.3967	-0.71548	0.006269
4.3967	-0.69038	0.0025964
4.3967	0.43933	0.0022269
4.3967	0.46444	0.0039457
4.3967	0.48954	0.0053202
4.3967	0.51464	0.005806
4.3967	0.53975	0.0053202
4.3967	0.56485	0.0041432
4.3967	0.58996	0.0027184
4.4217	-2.1967	0.0028369
4.4217	-2.1715	0.0055445
4.4217	-2.1464	0.0085188
4.4217	-2.1213	0.010796
4.4217	-2.0962	0.011516
4.4217	-2.0711	0.010406
4.4217	-2.046	0.0078565
4.4217	-2.0209	0.0048087
4.4217	-1.9958	0.0022157
4.4217	-1.0669	0.0016717
4.4217	-1.0418	0.0034228
4.4217	-1.0167	0.0042368
4.4217	-0.99163	0.0032507
4.4217	-0.91632	0.0029417
4.4217	-0.89121	0.011442
4.4217	-0.86611	0.024459
4.4217	-0.841	0.038244
4.4217	-0.8159	0.048109
4.4217	-0.79079	0.050566
4.4217	-0.76569	0.044981
4.4217	-0.74059	0.033882
4.4217	-0.71548	0.021202
4.4217	-0.69038	0.01056
4.4217	-0.66527	0.0038099
4.4217	0.43933	0.0036093
4.4217	0.46444	0.0063817
4.4217	0.48954	0.0086556
4.4217	0.51464	0.0096095
4.4217	0.53975	0.0090197
4.4217	0.56485	0.0072133
4.4217	0.58996	0.0048816
4.4217	0.61506	0.0027447
4.4468	-2.1967	0.0034436
4.4468	-2.1715	0.0067803
4.4468	-2.1464	0.010589
4.4468	-2.1213	0.013728
4.4468	-2.0962	0.01508
4.4468	-2.0711	0.014026
4.4468	-2.046	0.010914
4.4468	-2.0209	0.0068448
4.4468	-1.9958	0.0031556
4.4468	-1.0669	0.0016759
4.4468	-1.0418	0.0032841
4.4468	-1.0167	0.0039651
4.4468	-0.99163	0.0028894
4.4468	-0.91632	0.0047103
4.4468	-0.89121	0.016446
4.4468	-0.86611	0.034643
4.4468	-0.841	0.054922
4.4468	-0.8159	0.07079
4.4468	-0.79079	0.076766
4.4468	-0.76569	0.070868
4.4468	-0.74059	0.055568
4.4468	-0.71548	0.036336
4.4468	-0.69038	0.018759
4.4468	-0.66527	0.0068984
4.4468	0.41423	0.0018517
4.4468	0.43933	0.0047973
4.4468	0.46444	0.0083245
4.4468	0.48954	0.011272
4.4468	0.51464	0.01259
4.4468	0.53975	0.01198
4.4468	0.56485	0.0096834
4.4468	0.58996	0.006652
4.4468	0.61506	0.0037542
4.4468	0.64017	0.0016469
4.4718	-2.1967	0.0030931
4.4718	-2.1715	0.0061387
4.4718	-2.1464	0.0098455
4.4718	-2.1213	0.013081
4.4718	-2.0962	0.014739
4.4718	-2.0711	0.014028
4.4718	-2.046	0.011116
4.4718	-2.0209	0.0070473
4.4718	-1.9958	0.0032035
4.4718	-1.0418	0.0022936
4.4718	-1.0167	0.0027337
4.4718	-0.99163	0.0018876
4.4718	-0.91632	0.0055127
4.4718	-0.89121	0.017959
4.4718	-0.86611	0.037382
4.4718	-0.841	0.05973
4.4718	-0.8159	0.078305
4.4718	-0.79079	0.086657
4.4718	-0.76569	0.08181
4.4718	-0.74059	0.065517
4.4718	-0.71548	0.0435
4.4718	-0.69038	0.022638
4.4718	-0.66527	0.0081034
4.4718	-0.58996	0.0015336
4.4718	-0.56485	0.0027225
4.4718	-0.53975	0.0026159
4.4718	-0.51464	0.0015754
4.4718	0.41423	0.0021091
4.4718	0.43933	0.0051834
4.4718	0.46444	0.0088903
4.4718	0.48954	0.012034
4.4718	0.51464	0.013567
4.4718	0.53975	0.01299
4.4718	0.56485	0.010582
4.4718	0.58996	0.0072928
4.4718	0.61506	0.0041051
4.4718	0.64017	0.0017582
4.4969	-2.1967	0.0017751
4.4969	-2.1715	0.0037367
4.4969	-2.1464	0.0063373
4.4969	-2.1213	0.0088503
4.4969	-2.0962	0.010424
4.4969	-2.0711	0.010276
4.4969	-2.046	0.0083799
4.4969	-2.0209	0.0053724
4.4969	-1.9958	0.0024019
4.4969	-1.8703	0.0016196
4.4969	-0.91632	0.0046822
4.4969	-0.89121	0.014387
4.4969	-0.86611	0.03022
4.4969	-0.841	0.049234
4.4969	-0.8159	0.066051
4.4969	-0.79079	0.074904
4.4969	-0.76569	0.072279
4.4969	-0.74059	0.059027
4.4969	-0.71548	0.039585
4.4969	-0.69038	0.020611
4.4969	-0.66527	0.0070214
4.4969	-0.58996	0.0023141
4.4969	-0.56485	0.0038039
4.4969	-0.53975	0.0035813
4.4969	-0.51464	0.0020924
4.4969	0.41423	0.0018801
4.4969	0.43933	0.0044879
4.4969	0.46444	0.0076393
4.4969	0.48954	0.010443
4.4969	0.51464	0.011882
4.4969	0.53975	0.0115
4.4969	0.56485	0.0094711
4.4969	0.58996	0.0065484
4.4969	0.61506	0.0036618
4.4969	0.64017	0.0015293
4.5219	-2.1464	0.0020169
4.5219	-2.1213	0.0033146
4.5219	-2.0962	0.0043748
4.5219	-2.0711	0.0047315
4.5219	-2.046	0.0041744
4.5219	-2.0209	0.0027773
4.5219	-0.91632	0.0022641
4.5219	-0.89121	0.0072124
4.5219	-0.86611	0.016166
4.5219	-0.841	0.027808
4.5219	-0.8159	0.039452
4.5219	-0.79079	0.046858
4.5219	-0.76569	0.047196
4.5219	-0.74059	0.039721
4.5219	-0.71548	0.027327
4.5219	-0.69038	0.014281
4.5219	-0.66527	0.004609
4.5219	-0.58996	0.0025981
4.5219	-0.56485	0.0039816
4.5219	-0.53975	0.0036364
4.5219	-0.51464	0.0020538
4.5219	0.43933	0.0028286
4.5219	0.46444	0.0049684
4.5219	0.48954	0.0069678
4.5219	0.51464	0.008129
4.5219	0.53975	0.0080575
4.5219	0.56485	0.0067393
4.5219	0.58996	0.004734
4.5219	0.61506	0.0026349
4.547	-0.86611	0.0032507
4.547	-0.841	0.0071581
4.547	-0.8159	0.012317
4.547	-0.79079	0.016917
4.547	-0.76569	0.01899
4.547	-0.74059	0.017515
4.547	-0.71548	0.01287
4.547	-0.69038	0.0068162
4.547	-0.66527	0.0021214
4.547	-0.58996	0.002108
4.547	-0.56485	0.0031221
4.547	-0.53975	0.002783
4.547	-0.51464	0.0015276
4.547	-0.38912	0.0015994
4.547	0.46444	0.0020066
4.547	0.48954	0.0030648
4.547	0.51464	0.0038366
4.547	0.53975	0.0040266
4.547	0.56485	0.0035358
4.547	0.58996	0.0025542
4.572	-2.2218	0.0017274
4.572	-2.1967	0.0027039
4.572	-2.1715	0.0032752
4.572	-2.1464	0.0031584
4.572	-2.1213	0.0024536
4.572	-1.2176	0.0015923
4.572	-1.0669	0.0016203
4.572	-1.0418	0.0016503
4.572	-0.76569	0.0016909
4.572	-0.74059	0.0026203
4.572	-0.71548	0.0025914
4.572	-0.69038	0.0017177
4.572	-0.56485	0.0016572
4.5971	-2.2469	0.0020927
4.5971	-2.2218	0.0049253
4.5971	-2.1967	0.008291
4.5971	-2.1715	0.011092
4.5971	-2.1464	0.012276
4.5971	-2.1213	0.011401
4.5971	-2.0962	0.0088924
4.5971	-2.0711	0.005724
4.5971	-2.046	0.0028847
4.5971	-1.2427	0.0017493
4.5971	-1.2176	0.0021378
4.5971	-1.1925	0.0016164
4.5971	-1.0921	0.0020447
4.5971	-1.0669	0.0034257
4.5971	-1.0418	0.00357
4.5971	-1.0167	0.0022201
4.5971	-0.94142	0.0022726
4.5971	-0.91632	0.0066715
4.5971	-0.89121	0.011568
4.5971	-0.86611	0.014589
4.5971	-0.841	0.014463
4.5971	-0.8159	0.011595
4.5971	-0.79079	0.007302
4.5971	-0.76569	0.0034737
4.6221	-2.2469	0.0039358
4.6221	-2.2218	0.009143
4.6221	-2.1967	0.015687
4.6221	-2.1715	0.021624
4.6221	-2.1464	0.025011
4.6221	-2.1213	0.024507
4.6221	-2.0962	0.02034
4.6221	-2.0711	0.014037
4.6221	-2.046	0.007632
4.6221	-2.0209	0.0029984
4.6221	-1.2427	0.0017845
4.6221	-1.2176	0.0021465
4.6221	-1.1925	0.00157
4.6221	-1.0921	0.003014
4.6221	-1.0669	0.0049088
4.6221	-1.0418	0.0050078
4.6221	-1.0167	0.0029957
4.6221	-0.94142	0.0059429
4.6221	-0.91632	0.016769
4.6221	-0.89121	0.030109
4.6221	-0.86611	0.041614
4.6221	-0.841	0.046679
4.6221	-0.8159	0.043728
4.6221	-0.79079	0.034469
4.6221	-0.76569	0.022511
4.6221	-0.74059	0.011845
4.6221	-0.71548	0.0046616
4.6221	0.41423	0.0021222
4.6221	0.43933	0.0030092
4.6221	0.46444	0.003313
4.6221	0.48954	0.0029919
4.6221	0.51464	0.0022361
4.6472	-2.2469	0.0055753
4.6472	-2.2218	0.012715
4.6472	-2.1967	0.021927
4.6472	-2.1715	0.030775
4.6472	-2.1464	0.036378
4.6472	-2.1213	0.036547
4.6472	-2.0962	0.03107
4.6472	-2.0711	0.021948
4.6472	-2.046	0.0122
4.6472	-2.0209	0.004723
4.6472	-1.9205	0.0017113
4.6472	-1.8954	0.001787
4.6472	-1.2176	0.001576
4.6472	-1.0921	0.003297
4.6472	-1.0669	0.0052131
4.6472	-1.0418	0.0052091
4.6472	-1.0167	0.0028608
4.6472	-0.94142	0.010148
4.6472	-0.91632	0.027459
4.6472	-0.89121	0.049833
4.6472	-0.86611	0.070752
4.6472	-0.841	0.08263
4.6472	-0.8159	0.081547
4.6472	-0.79079	0.06818
4.6472	-0.76569	0.047822
4.6472	-0.74059	0.027292
4.6472	-0.71548	0.011804
4.6472	-0.69038	0.0031243
4.6472	0.38912	0.0020989
4.6472	0.41423	0.0042303
4.6472	0.43933	0.0061837
4.6472	0.46444	0.0072503
4.6472	0.48954	0.0070494
4.6472	0.51464	0.0057881
4.6472	0.53975	0.0040206
4.6472	0.56485	0.0023228
4.6722	-2.272	0.0017124
4.6722	-2.2469	0.0060055
4.6722	-2.2218	0.013587
4.6722	-2.1967	0.02365
4.6722	-2.1715	0.033697
4.6722	-2.1464	0.040611
4.6722	-2.1213	0.041497
4.6722	-2.0962	0.035937
4.6722	-2.0711	0.025605
4.6722	-2.046	0.014219
4.6722	-2.0209	0.0052885
4.6722	-1.9456	0.001691
4.6722	-1.9205	0.0030764
4.6722	-1.8954	0.0031568
4.6722	-1.8703	0.0020669
4.6722	-1.0921	0.0025831
4.6722	-1.0669	0.0040524
4.6722	-1.0418	0.0039754
4.6722	-1.0167	0.0019917
4.6722	-0.96653	0.0021649
4.6722	-0.94142	0.012687
4.6722	-0.91632	0.033081
4.6722	-0.89121	0.060298
4.6722	-0.86611	0.086915
4.6722	-0.841	0.10383
4.6722	-0.8159	0.10532
4.6722	-0.79079	0.09064
4.6722	-0.76569	0.065434
4.6722	-0.74059	0.038333
4.6722	-0.71548	0.016728
4.6722	-0.69038	0.0043081
4.6722	-0.61506	0.0024283
4.6722	-0.58996	0.0029498
4.6722	-0.56485	0.002182
4.6722	0.38912	0.0029904
4.6722	0.41423	0.0059655
4.6722	0.43933	0.0087975
4.6722	0.46444	0.010523
4.6722	0.48954	0.010579
4.6722	0.51464	0.0090059
4.6722	0.53975	0.0065137
4.6722	0.56485	0.0039132
4.6722	0.58996	0.0018746
4.6973	-2.2469	0.0045621
4.6973	-2.2218	0.010561
4.6973	-2.1967	0.018969
4.6973	-2.1715	0.027823
4.6973	-2.1464	0.034526
4.6973	-2.1213	0.036144
4.6973	-2.0962	0.031957
4.6973	-2.0711	0.023128
4.6973	-2.046	0.012709
4.6973	-2.0209	0.0044785
4.6973	-1.9456	0.0024497
4.6973	-1.9205	0.004095
4.6973	-1.8954	0.0040765
4.6973	-1.8703	0.0025627
4.6973	-1.7448	0.0015912
4.6973	-1.0669	0.0019856
4.6973	-1.0418	0.0019823
4.6973	-0.96653	0.0022837
4.6973	-0.94142	0.011393
4.6973	-0.91632	0.029251
4.6973	-0.89121	0.054061
4.6973	-0.86611	0.07975
4.6973	-0.841	0.097915
4.6973	-0.8159	0.10173
4.6973	-0.79079	0.089851
4.6973	-0.76569	0.066079
4.6973	-0.74059	0.039068
4.6973	-0.71548	0.016925
4.6973	-0.69038	0.0038533
4.6973	-0.61506	0.0039449
4.6973	-0.58996	0.0046655
4.6973	-0.56485	0.0034226
4.6973	0.38912	0.0032522
4.6973	0.41423	0.00638
4.6973	0.43933	0.0094789
4.6973	0.46444	0.011541
4.6973	0.48954	0.011808
4.6973	0.51464	0.010299
4.6973	0.53975	0.0075924
4.6973	0.56485	0.0046445
4.6973	0.58996	0.002234
4.7223	-2.2469	0.0017889
4.7223	-2.2218	0.004652
4.7223	-2.1967	0.0092489
4.7223	-2.1715	0.014861
4.7223	-2.1464	0.019814
4.7223	-2.1213	0.022088
4.7223	-2.0962	0.020426
4.7223	-2.0711	0.015242
4.7223	-2.046	0.0084707
4.7223	-2.0209	0.0027981
4.7223	-1.9456	0.002637
4.7223	-1.9205	0.0041789
4.7223	-1.8954	0.0040287
4.7223	-1.8703	0.0024258
4.7223	-1.7699	0.001711
4.7223	-1.7448	0.0022466
4.7223	-1.7197	0.0017983
4.7223	-0.94142	0.0061583
4.7223	-0.91632	0.01667
4.7223	-0.89121	0.032612
4.7223	-0.86611	0.050744
4.7223	-0.841	0.065404
4.7223	-0.8159	0.071148
4.7223	-0.79079	0.065159
4.7223	-0.76569	0.049223
4.7223	-0.74059	0.029481
4.7223	-0.71548	0.012522
4.7223	-0.69038	0.0025113
4.7223	-0.64017	0.0020472
4.7223	-0.61506	0.0046614
4.7223	-0.58996	0.0053122
4.7223	-0.56485	0.0037814
4.7223	-0.53975	0.0015389
4.7223	-0.43933	0.001733
4.7223	-0.41423	0.0016443
4.7223	0.38912	0.0026009
4.7223	0.41423	0.0051137
4.7223	0.43933	0.0077414
4.7223	0.46444	0.009612
4.7223	0.48954	0.010104
4.7223	0.51464	0.0089963
4.7223	0.53975	0.0067627
4.7223	0.56485	0.0041861
4.7223	0.58996	0.0020189
4.7474	-2.1715	0.0023334
4.7474	-2.1464	0.0044592
4.7474	-2.1213	0.0063806
4.7474	-2.0962	0.0070339
4.7474	-2.0711	0.0059303
4.7474	-2.046	0.0035786
4.7474	-1.9456	0.0020117
4.7474	-1.9205	0.0030947
4.7474	-1.8954	0.0029531
4.7474	-1.8703	0.0017046
4.7474	-1.7699	0.0018914
4.7474	-1.7448	0.0023803
4.7474	-1.7197	0.0018113
4.7474	-1.5941	0.0022779
4.7474	-1.569	0.0022273
4.7474	-1.4435	0.0015694
4.7474	-1.4184	0.001943
4.7474	-0.91632	0.0031338
4.7474	-0.89121	0.008415
4.7474	-0.86611	0.016021
4.7474	-0.841	0.024128
4.7474	-0.8159	0.02965
4.7474	-0.79079	0.029901
4.7474	-0.76569	0.024006
4.7474	-0.74059	0.015081
4.7474	-0.71548	0.0065453
4.7474	-0.64017	0.0019677
4.7474	-0.61506	0.0040375
4.7474	-0.58996	0.004443
4.7474	-0.56485	0.0030686
4.7474	-0.43933	0.0021569
4.7474	-0.41423	0.0019947
4.7474	0.41423	0.0027144
4.7474	0.43933	0.0043671
4.7474	0.46444	0.0056926
4.7474	0.48954	0.0062584
4.7474	0.51464	0.0058016
4.7474	0.53975	0.0045045
4.7474	0.56485	0.0028467
4.7724	-2.272	0.0021882
4.7724	-2.2469	0.0037131
4.7724	-2.2218	0.0044177
4.7724	-2.1967	0.0040069
4.7724	-2.1715	0.0025217
4.7724	-1.7448	0.0018232
4.7724	-1.6192	0.0017489
4.7724	-1.5941	0.0026714
4.7724	-1.569	0.0025255
4.7724	-1.4435	0.0023455
4.7724	-1.4184	0.0028696
4.7724	-1.3933	0.0021531
4.7724	-1.2929	0.0018949
4.7724	-1.2678	0.0030529
4.7724	-1.2427	0.0029829
4.7724	-1.2176	0.0017468
4.7724	-1.1172	0.0024404
4.7724	-1.0921	0.0030881
4.7724	-1.0669	0.0024568
4.7724	-0.94142	0.0019332
4.7724	-0.91632	0.0018568
4.7724	-0.8159	0.0021656
4.7724	-0.79079	0.0039435
4.7724	-0.76569	0.0045569
4.7724	-0.74059	0.0035254
4.7724	-0.71548	0.0016525
4.7724	-0.61506	0.0022967
4.7724	-0.58996	0.002533
4.7724	-0.56485	0.0017144
4.7724	-0.43933	0.0020111
4.7724	-0.41423	0.0018079
4.7724	0.46444	0.0017674
4.7724	0.48954	0.0022332
4.7724	0.51464	0.0023158
4.7724	0.53975	0.0019543
4.7975	-2.4226	0.0025224
4.7975	-2.3975	0.0027794
4.7975	-2.3724	0.0017888
4.7975	-2.2971	0.0031349
4.7975	-2.272	0.0096735
4.7975	-2.2469	0.01833
4.7975	-2.2218	0.02613
4.7975	-2.1967	0.029793
4.7975	-2.1715	0.028166
4.7975	-2.1464	0.022036
4.7975	-2.1213	0.014096
4.7975	-2.0962	0.0071545
4.7975	-2.0711	0.0026027
4.7975	-1.6192	0.0016255
4.7975	-1.5941	0.0023656
4.7975	-1.569	0.0021999
4.7975	-1.4435	0.0026899
4.7975	-1.4184	0.0032211
4.7975	-1.3933	0.0023488
4.7975	-1.2929	0.0030038
4.7975	-1.2678	0.0047051
4.7975	-1.2427	0.0045272
4.7975	-1.2176	0.002556
4.7975	-1.1423	0.0025125
4.7975	-1.1172	0.0057536
4.7975	-1.0921	0.0075013
4.7975	-1.0669	0.006169
4.7975	-1.0418	0.0026811
4.7975	-0.99163	0.0015347
4.7975	-0.96653	0.0078311
4.7975	-0.94142	0.016746
4.7975	-0.91632	0.024286
4.7975	-0.89121	0.026989
4.7975	-0.86611	0.023868
4.7975	-0.841	0.017153
4.7975	-0.8159	0.0095315
4.7975	-0.79079	0.003916
4.8225	-2.4477	0.0027441
4.8225	-2.4226	0.0045741
4.8225	-2.3975	0.0048214
4.8225	-2.3724	0.0028772
4.8225	-2.2971	0.0089008
4.8225	-2.272	0.02593
4.8225	-2.2469	0.049462
4.8225	-2.2218	0.072324
4.8225	-2.1967	0.087221
4.8225	-2.1715	0.088435
4.8225	-2.1464	0.075891
4.8225	-2.1213	0.054773
4.8225	-2.0962	0.032063
4.8225	-2.0711	0.014088
4.8225	-2.046	0.0040733
4.8225	-1.4435	0.0023275
4.8225	-1.4184	0.0027619
4.8225	-1.3933	0.0019512
4.8225	-1.2929	0.0036549
4.8225	-1.2678	0.0055227
4.8225	-1.2427	0.0051822
4.8225	-1.2176	0.0027469
4.8225	-1.1423	0.0043129
4.8225	-1.1172	0.0094202
4.8225	-1.0921	0.012112
4.8225	-1.0669	0.0097301
4.8225	-1.0418	0.0038459
4.8225	-0.99163	0.0049025
4.8225	-0.96653	0.021581
4.8225	-0.94142	0.047259
4.8225	-0.91632	0.073401
4.8225	-0.89121	0.090565
4.8225	-0.86611	0.092247
4.8225	-0.841	0.078928
4.8225	-0.8159	0.057152
4.8225	-0.79079	0.033854
4.8225	-0.76569	0.016117
4.8225	-0.74059	0.0055267
4.8225	0.38912	0.0019379
4.8225	0.41423	0.0022972
4.8225	0.43933	0.0021181
4.8225	0.46444	0.0015653
4.8476	-2.4728	0.0015478
4.8476	-2.4477	0.0044387
4.8476	-2.4226	0.0069651
4.8476	-2.3975	0.0069288
4.8476	-2.3724	0.0036944
4.8476	-2.3222	0.0029876
4.8476	-2.2971	0.019263
4.8476	-2.272	0.052524
4.8476	-2.2469	0.09843
4.8476	-2.2218	0.14509
4.8476	-2.1967	0.17721
4.8476	-2.1715	0.18391
4.8476	-2.1464	0.16227
4.8476	-2.1213	0.12065
4.8476	-2.0962	0.072956
4.8476	-2.0711	0.033444
4.8476	-2.046	0.0093937
4.8476	-1.9707	0.0040431
4.8476	-1.9456	0.0053201
4.8476	-1.9205	0.0041254
4.8476	-1.8954	0.0019826
4.8476	-1.4184	0.0016302
4.8476	-1.2929	0.0033073
4.8476	-1.2678	0.0049214
4.8476	-1.2427	0.0045078
4.8476	-1.2176	0.0022218
4.8476	-1.1423	0.0057122
4.8476	-1.1172	0.01176
4.8476	-1.0921	0.014649
4.8476	-1.0669	0.011277
4.8476	-1.0418	0.0037934
4.8476	-0.99163	0.010255
4.8476	-0.96653	0.040589
4.8476	-0.94142	0.086557
4.8476	-0.91632	0.13718
4.8476	-0.89121	0.17451
4.8476	-0.86611	0.18613
4.8476	-0.841	0.16857
4.8476	-0.8159	0.12957
4.8476	-0.79079	0.083119
4.8476	-0.76569	0.042496
4.8476	-0.74059	0.015727
4.8476	-0.71548	0.003077
4.8476	-0.64017	0.0019745
4.8476	-0.61506	0.0019219
4.8476	0.36402	0.0030066
4.8476	0.38912	0.005123
4.8476	0.41423	0.0065492
4.8476	0.43933	0.0068033
4.8476	0.46444	0.0058978
4.8476	0.48954	0.0042819
4.8476	0.51464	0.0025669
4.8727	-2.4728	0.0024495
4.8727	-2.4477	0.0062391
4.8727	-2.4226	0.0092616
4.8727	-2.3975	0.0085786
4.8727	-2.3724	0.0039329
4.8727	-2.3222	0.0065687
4.8727	-2.2971	0.034749
4.8727	-2.272	0.089004
4.8727	-2.2469	0.16335
4.8727	-2.2218	0.23899
4.8727	-2.1967	0.29253
4.8727	-2.1715	0.30447
4.8727	-2.1464	0.27027
4.8727	-2.1213	0.20133
4.8727	-2.0962	0.12211
4.8727	-2.0711	0.054797
4.8727	-2.046	0.014128
4.8727	-1.9958	0.0034017
4.8727	-1.9707	0.010635
4.8727	-1.9456	0.01359
4.8727	-1.9205	0.010672
4.8727	-1.8954	0.0051269
4.8727	-1.795	0.0026574
4.8727	-1.7699	0.0028542
4.8727	-1.7448	0.0019635
4.8727	-1.2929	0.0020108
4.8727	-1.2678	0.003025
4.8727	-1.2427	0.0027828
4.8727	-1.1423	0.0056207
4.8727	-1.1172	0.011122
4.8727	-1.0921	0.013481
4.8727	-1.0669	0.0099164
4.8727	-1.0418	0.0026266
4.8727	-0.99163	0.015891
4.8727	-0.96653	0.05637
4.8727	-0.94142	0.11914
4.8727	-0.91632	0.18965
4.8727	-0.89121	0.24524
4.8727	-0.86611	0.26762
4.8727	-0.841	0.24814
4.8727	-0.8159	0.1958
4.8727	-0.79079	0.12859
4.8727	-0.76569	0.067021
4.8727	-0.74059	0.024595
4.8727	-0.71548	0.0043163
4.8727	-0.66527	0.0029176
4.8727	-0.64017	0.0058016
4.8727	-0.61506	0.0057919
4.8727	-0.58996	0.003691
4.8727	0.21339	0.0015673
4.8727	0.33891	0.0018992
4.8727	0.36402	0.0049172
4.8727	0.38912	0.0083621
4.8727	0.41423	0.011053
4.8727	0.43933	0.011947
4.8727	0.46444	0.010893
4.8727	0.48954	0.0084163
4.8727	0.51464	0.0054292
4.8727	0.53975	0.0028599
4.8977	-2.4728	0.0033893
4.8977	-2.4477	0.0078592
4.8977	-2.4226	0.010936
4.8977	-2.3975	0.0094541
4.8977	-2.3724	0.0035327
4.8977	-2.3222	0.012368
4.8977	-2.2971	0.054123
4.8977	-2.272	0.13166
4.8977	-2.2469	0.23598
4.8977	-2.2218	0.34117
4.8977	-2.1967	0.41474
4.8977	-2.1715	0.43037
4.8977	-2.1464	0.3805
4.8977	-2.1213	0.2824
4.8977	-2.0962	0.16816
4.8977	-2.0711	0.072986
4.8977	-2.046	0.016396
4.8977	-1.9958	0.0080877
4.8977	-1.9707	0.020943
4.8977	-1.9456	0.025389
4.8977	-1.9205	0.019311
4.8977	-1.8954	0.0087682
4.8977	-1.8201	0.003719
4.8977	-1.795	0.0071617
4.8977	-1.7699	0.0076275
4.8977	-1.7448	0.0051726
4.8977	-1.7197	0.002016
4.8977	-1.1423	0.0037231
4.8977	-1.1172	0.0073233
4.8977	-1.0921	0.0088892
4.8977	-1.0669	0.0062888
4.8977	-0.99163	0.018174
4.8977	-0.96653	0.060075
4.8977	-0.94142	0.12604
4.8977	-0.91632	0.20222
4.8977	-0.89121	0.26613
4.8977	-0.86611	0.29505
4.8977	-0.841	0.27925
4.8977	-0.8159	0.22379
4.8977	-0.79079	0.14868
4.8977	-0.76569	0.077449
4.8977	-0.74059	0.027367
4.8977	-0.71548	0.0038602
4.8977	-0.66527	0.0058457
4.8977	-0.64017	0.010461
4.8977	-0.61506	0.010224
4.8977	-0.58996	0.0063789
4.8977	-0.56485	0.0022918
4.8977	-0.46444	0.0015928
4.8977	0.33891	0.0023671
4.8977	0.36402	0.0058774
4.8977	0.38912	0.010039
4.8977	0.41423	0.01343
4.8977	0.43933	0.014891
4.8977	0.46444	0.013943
4.8977	0.48954	0.011071
4.8977	0.51464	0.0073833
4.8977	0.53975	0.0039864
4.8977	0.56485	0.0016139
4.9228	-2.4728	0.0041685
4.9228	-2.4477	0.008863
4.9228	-2.4226	0.011644
4.9228	-2.3975	0.0091771
4.9228	-2.3724	0.0027217
4.9228	-2.3222	0.019395
4.9228	-2.2971	0.074968
4.9228	-2.272	0.17415
4.9228	-2.2469	0.304
4.9228	-2.2218	0.43329
4.9228	-2.1967	0.52215
4.9228	-2.1715	0.5371
4.9228	-2.1464	0.47155
4.9228	-2.1213	0.34472
4.9228	-2.0962	0.20086
4.9228	-2.0711	0.082567
4.9228	-2.046	0.015403
4.9228	-1.9958	0.015395
4.9228	-1.9707	0.033905
4.9228	-1.9456	0.038783
4.9228	-1.9205	0.028141
4.9228	-1.8954	0.011761
4.9228	-1.8201	0.0080927
4.9228	-1.795	0.014051
4.9228	-1.7699	0.014416
4.9228	-1.7448	0.0093094
4.9228	-1.7197	0.0032421
4.9228	-1.6444	0.003502
4.9228	-1.6192	0.0048256
4.9228	-1.5941	0.0038508
4.9228	-1.569	0.0017223
4.9228	-1.4686	0.0021903
4.9228	-1.4435	0.0019389
4.9228	-1.1172	0.0022896
4.9228	-1.0921	0.0031469
4.9228	-1.0669	0.0023006
4.9228	-1.0167	0.0016457
4.9228	-0.99163	0.013999
4.9228	-0.96653	0.045657
4.9228	-0.94142	0.096805
4.9228	-0.91632	0.15964
4.9228	-0.89121	0.21648
4.9228	-0.86611	0.24754
4.9228	-0.841	0.24007
4.9228	-0.8159	0.19709
4.9228	-0.79079	0.13234
4.9228	-0.76569	0.068673
4.9228	-0.74059	0.023107
4.9228	-0.71548	0.0023336
4.9228	-0.66527	0.0084838
4.9228	-0.64017	0.013798
4.9228	-0.61506	0.013097
4.9228	-0.58996	0.0079037
4.9228	-0.56485	0.0025379
4.9228	-0.48954	0.002407
4.9228	-0.46444	0.0032182
4.9228	-0.43933	0.0025734
4.9228	0.33891	0.0021191
4.9228	0.36402	0.0051504
4.9228	0.38912	0.0089202
4.9228	0.41423	0.012194
4.9228	0.43933	0.013859
4.9228	0.46444	0.013318
4.9228	0.48954	0.010833
4.9228	0.51464	0.0073413
4.9228	0.53975	0.004013
4.9228	0.56485	0.001607
4.9478	-2.4728	0.0046114
4.9478	-2.4477	0.0090591
4.9478	-2.4226	0.011121
4.9478	-2.3975	0.0080057
4.9478	-2.3724	0.0015864
4.9478	-2.3473	0.0021705
4.9478	-2.3222	0.026761
4.9478	-2.2971	0.093132
4.9478	-2.272	0.20656
4.9478	-2.2469	0.35342
4.9478	-2.2218	0.49688
4.9478	-2.1967	0.59245
4.9478	-2.1715	0.60347
4.9478	-2.1464	0.52293
4.9478	-2.1213	0.37654
4.9478	-2.0962	0.2125
4.9478	-2.0711	0.082091
4.9478	-2.046	0.012281
4.9478	-2.0209	0.0019218
4.9478	-1.9958	0.024407
4.9478	-1.9707	0.047553
4.9478	-1.9456	0.050985
4.9478	-1.9205	0.034934
4.9478	-1.8954	0.013136
4.9478	-1.8452	0.0031618
4.9478	-1.8201	0.014056
4.9478	-1.795	0.022673
4.9478	-1.7699	0.02202
4.9478	-1.7448	0.013319
4.9478	-1.7197	0.003877
4.9478	-1.6695	0.0028268
4.9478	-1.6444	0.0081137
4.9478	-1.6192	0.010534
4.9478	-1.5941	0.0081622
4.9478	-1.569	0.0034737
4.9478	-1.4937	0.0041536
4.9478	-1.4686	0.0065724
4.9478	-1.4435	0.0061991
4.9478	-1.4184	0.0035737
4.9478	-1.318	0.0027163
4.9478	-1.2929	0.0031377
4.9478	-1.2678	0.002196
4.9478	-0.99163	0.0048489
4.9478	-0.96653	0.017889
4.9478	-0.94142	0.04229
4.9478	-0.91632	0.077556
4.9478	-0.89121	0.1149
4.9478	-0.86611	0.14093
4.9478	-0.841	0.14517
4.9478	-0.8159	0.12485
4.9478	-0.79079	0.086764
4.9478	-0.76569	0.045456
4.9478	-0.74059	0.014511
4.9478	-0.69038	0.0019737
4.9478	-0.66527	0.0091609
4.9478	-0.64017	0.013929
4.9478	-0.61506	0.012872
4.9478	-0.58996	0.0074035
4.9478	-0.56485	0.00209
4.9478	-0.48954	0.0035685
4.9478	-0.46444	0.0045264
4.9478	-0.43933	0.0034781
4.9478	-0.31381	0.0019115
4.9478	-0.2887	0.0018258
4.9478	0.36402	0.0029287
4.9478	0.38912	0.0053502
4.9478	0.41423	0.0077233
4.9478	0.43933	0.0091918
4.9478	0.46444	0.0092278
4.9478	0.48954	0.0077691
4.9478	0.51464	0.0054156
4.9478	0.53975	0.0030048
4.9729	-2.4728	0.0045535
4.9729	-2.4477	0.0083288
4.9729	-2.4226	0.0095821
4.9729	-2.3975	0.0061163
4.9729	-2.3473	0.0037671
4.9729	-2.3222	0.032965
4.9729	-2.2971	0.10464
4.9729	-2.272	0.22339
4.9729	-2.2469	0.37382
4.9729	-2.2218	0.51822
4.9729	-2.1967	0.61073
4.9729	-2.1715	0.61569
4.9729	-2.1464	0.52563
4.9729	-2.1213	0.37144
4.9729	-2.0962	0.20234
4.9729	-2.0711	0.071908
4.9729	-2.046	0.0080725
4.9729	-2.0209	0.0049125
4.9729	-1.9958	0.034063
4.9729	-1.9707	0.058821
4.9729	-1.9456	0.059573
4.9729	-1.9205	0.038243
4.9729	-1.8954	0.012518
4.9729	-1.8452	0.006116
4.9729	-1.8201	0.021316
4.9729	-1.795	0.031603
4.9729	-1.7699	0.028898
4.9729	-1.7448	0.016107
4.9729	-1.7197	0.0037504
4.9729	-1.6695	0.0060681
4.9729	-1.6444	0.014651
4.9729	-1.6192	0.017819
4.9729	-1.5941	0.013224
4.9729	-1.569	0.0051616
4.9729	-1.5188	0.0024908
4.9729	-1.4937	0.0088731
4.9729	-1.4686	0.013699
4.9729	-1.4435	0.012779
4.9729	-1.4184	0.0070563
4.9729	-1.3431	0.0038622
4.9729	-1.318	0.008859
4.9729	-1.2929	0.010737
4.9729	-1.2678	0.0081515
4.9729	-1.2427	0.0033117
4.9729	-1.1674	0.0036683
4.9729	-1.1423	0.0058808
4.9729	-1.1172	0.0055392
4.9729	-1.0921	0.0031911
4.9729	-0.91632	0.0071157
4.9729	-0.89121	0.018485
4.9729	-0.86611	0.031973
4.9729	-0.841	0.04206
4.9729	-0.8159	0.042674
4.9729	-0.79079	0.033503
4.9729	-0.76569	0.018997
4.9729	-0.74059	0.0059054
4.9729	-0.69038	0.0018903
4.9729	-0.66527	0.0069667
4.9729	-0.64017	0.010333
4.9729	-0.61506	0.0093666
4.9729	-0.58996	0.0052286
4.9729	-0.51464	0.0016289
4.9729	-0.48954	0.003931
4.9729	-0.46444	0.0047609
4.9729	-0.43933	0.0034791
4.9729	-0.33891	0.001866
4.9729	-0.31381	0.0029152
4.9729	-0.2887	0.0027355
4.9729	-0.2636	0.0015563
4.9729	-0.13808	0.0015283
4.9729	0.41423	0.0024353
4.9729	0.43933	0.0033839
4.9729	0.46444	0.0038279
4.9729	0.48954	0.0035288
4.9729	0.51464	0.0026303
4.9729	0.53975	0.0015369
4.9979	-2.4728	0.003987
4.9979	-2.4477	0.0068405
4.9979	-2.4226	0.0073724
4.9979	-2.3975	0.0041169
4.9979	-2.3473	0.005563
4.9979	-2.3222	0.036158
4.9979	-2.2971	0.10615
4.9979	-2.272	0.21896
4.9979	-2.2469	0.35991
4.9979	-2.2218	0.49191
4.9979	-2.1967	0.57283
4.9979	-2.1715	0.57141
4.9979	-2.1464	0.48109
4.9979	-2.1213	0.33225
4.9979	-2.0962	0.17354
4.9979	-2.0711	0.055675
4.9979	-2.046	0.0032399
4.9979	-2.0209	0.0091464
4.9979	-1.9958	0.041521
4.9979	-1.9707	0.065236
4.9979	-1.9456	0.062072
4.9979	-1.9205	0.037101
4.9979	-1.8954	0.010307
4.9979	-1.8452	0.0099284
4.9979	-1.8201	0.028223
4.9979	-1.795	0.038844
4.9979	-1.7699	0.033426
4.9979	-1.7448	0.016989
4.9979	-1.7197	0.0028671
4.9979	-1.6695	0.010584
4.9979	-1.6444	0.02222
4.9979	-1.6192	0.025232
4.9979	-1.5941	0.017749
4.9979	-1.569	0.0060833
4.9979	-1.5188	0.0049983
4.9979	-1.4937	0.015586
4.9979	-1.4686	0.022787
4.9979	-1.4435	0.020597
4.9979	-1.4184	0.010728
4.9979	-1.3933	0.0016844
4.9979	-1.3431	0.0093778
4.9979	-1.318	0.019568
4.9979	-1.2929	0.023208
4.9979	-1.2678	0.017257
4.9979	-1.2427	0.0066715
4.9979	-1.1925	0.0031689
4.9979	-1.1674	0.013042
4.9979	-1.1423	0.022022
4.9979	-1.1172	0.02245
4.9979	-1.0921	0.013911
4.9979	-1.0669	0.0036536
4.9979	-1.0167	0.0075488
4.9979	-0.99163	0.021868
4.9979	-0.96653	0.035475
4.9979	-0.94142	0.037895
4.9979	-0.91632	0.031071
4.9979	-0.89121	0.018122
4.9979	-0.86611	0.0069766
4.9979	-0.79079	0.0015427
4.9979	-0.76569	0.0019309
4.9979	-0.66527	0.0028453
4.9979	-0.64017	0.0045082
4.9979	-0.61506	0.0043227
4.9979	-0.58996	0.0024273
4.9979	-0.48954	0.0031103
4.9979	-0.46444	0.0036392
4.9979	-0.43933	0.0025594
4.9979	-0.33891	0.0023009
4.9979	-0.31381	0.003382
4.9979	-0.2887	0.0030907
4.9979	-0.2636	0.0016845
4.9979	-0.16318	0.001909
4.9979	-0.13808	0.0022434
4.9979	-0.11297	0.0016317
4.9979	0.012552	0.0015354
5.023	-2.4728	0.0030794
5.023	-2.4477	0.0049674
5.023	-2.4226	0.0049792
5.023	-2.3975	0.0023481
5.023	-2.3473	0.0064517
5.023	-2.3222	0.034864
5.023	-2.2971	0.096854
5.023	-2.272	0.19425
5.023	-2.2469	0.31376
5.023	-2.2218	0.42374
5.023	-2.1967	0.48866
5.023	-2.1715	0.48182
5.023	-2.1464	0.39997
5.023	-2.1213	0.2699
5.023	-2.0962	0.13446
5.023	-2.0711	0.03828
5.023	-2.0209	0.013066
5.023	-1.9958	0.045269
5.023	-1.9707	0.065446
5.023	-1.9456	0.058504
5.023	-1.9205	0.032284
5.023	-1.8954	0.0071806
5.023	-1.8452	0.013777
5.023	-1.8201	0.03339
5.023	-1.795	0.042815
5.023	-1.7699	0.034521
5.023	-1.7448	0.015843
5.023	-1.7197	0.0017289
5.023	-1.6946	0.0024709
5.023	-1.6695	0.01574
5.023	-1.6444	0.029367
5.023	-1.6192	0.031513
5.023	-1.5941	0.020521
5.023	-1.569	0.0060856
5.023	-1.5188	0.0086129
5.023	-1.4937	0.023537
5.023	-1.4686	0.032544
5.023	-1.4435	0.027859
5.023	-1.4184	0.013275
5.023	-1.3682	0.0029124
5.023	-1.3431	0.017707
5.023	-1.318	0.034248
5.023	-1.2929	0.039095
5.023	-1.2678	0.027719
5.023	-1.2427	0.0094089
5.023	-1.1925	0.0091851
5.023	-1.1674	0.031581
5.023	-1.1423	0.050961
5.023	-1.1172	0.051103
5.023	-1.0921	0.030571
5.023	-1.0669	0.0063953
5.023	-1.0418	0.0021447
5.023	-1.0167	0.033777
5.023	-0.99163	0.098481
5.023	-0.96653	0.17403
5.023	-0.94142	0.22403
5.023	-0.91632	0.23641
5.023	-0.89121	0.20568
5.023	-0.86611	0.1484
5.023	-0.841	0.088286
5.023	-0.8159	0.041645
5.023	-0.79079	0.013796
5.023	-0.76569	0.0028037
5.023	-0.46444	0.0017058
5.023	-0.33891	0.0021281
5.023	-0.31381	0.0029904
5.023	-0.2887	0.0026643
5.023	-0.16318	0.0021862
5.023	-0.13808	0.002527
5.023	-0.11297	0.0017772
5.023	-0.012552	0.0015597
5.023	0.012552	0.002353
5.023	0.037657	0.0021746
5.023	0.16318	0.0018009
5.023	0.18828	0.002237
5.023	0.21339	0.001754
5.023	0.33891	0.0029646
5.023	0.36402	0.0040392
5.023	0.38912	0.0041713
5.023	0.41423	0.0034137
5.023	0.43933	0.0022484
5.048	-2.4728	0.0020256
5.048	-2.4477	0.0030852
5.048	-2.4226	0.0028914
5.048	-2.3473	0.0064277
5.048	-2.3222	0.029815
5.048	-2.2971	0.078301
5.048	-2.272	0.15368
5.048	-2.2469	0.24509
5.048	-2.2218	0.32836
5.048	-2.1967	0.37626
5.048	-2.1715	0.36705
5.048	-2.1464	0.3004
5.048	-2.1213	0.19729
5.048	-2.0962	0.093833
5.048	-2.0711	0.022963
5.048	-2.0209	0.015826
5.048	-1.9958	0.044204
5.048	-1.9707	0.058927
5.048	-1.9456	0.049721
5.048	-1.9205	0.02498
5.048	-1.8954	0.0041416
5.048	-1.8703	0.0015416
5.048	-1.8452	0.016698
5.048	-1.8201	0.035613
5.048	-1.795	0.042489
5.048	-1.7699	0.032028
5.048	-1.7448	0.012942
5.048	-1.6946	0.0045963
5.048	-1.6695	0.020357
5.048	-1.6444	0.034487
5.048	-1.6192	0.034737
5.048	-1.5941	0.020941
5.048	-1.569	0.0051093
5.048	-1.5188	0.012933
5.048	-1.4937	0.031433
5.048	-1.4686	0.04085
5.048	-1.4435	0.032875
5.048	-1.4184	0.014072
5.048	-1.3682	0.0063737
5.048	-1.3431	0.028655
5.048	-1.318	0.05116
5.048	-1.2929	0.055342
5.048	-1.2678	0.036752
5.048	-1.2427	0.010274
5.048	-1.1925	0.020088
5.048	-1.1674	0.059655
5.048	-1.1423	0.090938
5.048	-1.1172	0.08751
5.048	-1.0921	0.049258
5.048	-1.0669	0.0070507
5.048	-1.0418	0.010553
5.048	-1.0167	0.095983
5.048	-0.99163	0.25861
5.048	-0.96653	0.45428
5.048	-0.94142	0.61498
5.048	-0.91632	0.68339
5.048	-0.89121	0.64047
5.048	-0.86611	0.50819
5.048	-0.841	0.33856
5.048	-0.8159	0.18544
5.048	-0.79079	0.077523
5.048	-0.76569	0.02109
5.048	-0.74059	0.0019069
5.048	-0.69038	0.0029739
5.048	-0.66527	0.0034639
5.048	-0.64017	0.0021286
5.048	-0.31381	0.0018204
5.048	-0.2887	0.0016363
5.048	-0.16318	0.0018884
5.048	-0.13808	0.0021449
5.048	-0.012552	0.0018863
5.048	0.012552	0.0027549
5.048	0.037657	0.0024759
5.048	0.16318	0.0029464
5.048	0.18828	0.0036012
5.048	0.21339	0.0027609
5.048	0.31381	0.0040234
5.048	0.33891	0.0083534
5.048	0.36402	0.012128
5.048	0.38912	0.013864
5.048	0.41423	0.013103
5.048	0.43933	0.010379
5.048	0.46444	0.0069397
5.048	0.48954	0.0037896
5.048	0.51464	0.0016583
5.0731	-2.4477	0.0015731
5.0731	-2.3473	0.0052475
5.0731	-2.3222	0.021655
5.0731	-2.2971	0.055101
5.0731	-2.272	0.10658
5.0731	-2.2469	0.16812
5.0731	-2.2218	0.22498
5.0731	-2.1967	0.25658
5.0731	-2.1715	0.24891
5.0731	-2.1464	0.2012
5.0731	-2.1213	0.12937
5.0731	-2.0962	0.057855
5.0731	-2.0711	0.011709
5.0731	-2.0209	0.016037
5.0731	-1.9958	0.038353
5.0731	-1.9707	0.047883
5.0731	-1.9456	0.037937
5.0731	-1.9205	0.017415
5.0731	-1.8954	0.001857
5.0731	-1.8703	0.0027199
5.0731	-1.8452	0.017814
5.0731	-1.8201	0.03411
5.0731	-1.795	0.038184
5.0731	-1.7699	0.026763
5.0731	-1.7448	0.009188
5.0731	-1.6946	0.0066894
5.0731	-1.6695	0.023479
5.0731	-1.6444	0.036443
5.0731	-1.6192	0.034464
5.0731	-1.5941	0.019068
5.0731	-1.569	0.0036501
5.0731	-1.5439	0.0019211
5.0731	-1.5188	0.017141
5.0731	-1.4937	0.037472
5.0731	-1.4686	0.045676
5.0731	-1.4435	0.034423
5.0731	-1.4184	0.01281
5.0731	-1.3682	0.010962
5.0731	-1.3431	0.040457
5.0731	-1.318	0.066879
5.0731	-1.2929	0.068584
5.0731	-1.2678	0.041924
5.0731	-1.2427	0.0091314
5.0731	-1.2176	0.0021
5.0731	-1.1925	0.036228
5.0731	-1.1674	0.094974
5.0731	-1.1423	0.13641
5.0731	-1.1172	0.12413
5.0731	-1.0921	0.062835
5.0731	-1.0669	0.0044472
5.0731	-1.0418	0.029867
5.0731	-1.0167	0.20112
5.0731	-0.99163	0.51562
5.0731	-0.96653	0.89366
5.0731	-0.94142	1.2145
5.0731	-0.91632	1.3704
5.0731	-0.89121	1.3121
5.0731	-0.86611	1.0701
5.0731	-0.841	0.73389
5.0731	-0.8159	0.41848
5.0731	-0.79079	0.18001
5.0731	-0.76569	0.048002
5.0731	-0.74059	0.0032242
5.0731	-0.71548	0.0031287
5.0731	-0.69038	0.01398
5.0731	-0.66527	0.017755
5.0731	-0.64017	0.013311
5.0731	-0.61506	0.0060689
5.0731	-0.012552	0.00171
5.0731	0.012552	0.0024417
5.0731	0.037657	0.0021506
5.0731	0.13808	0.0018265
5.0731	0.16318	0.0036462
5.0731	0.18828	0.0043262
5.0731	0.21339	0.0032021
5.0731	0.2887	0.001927
5.0731	0.31381	0.0074587
5.0731	0.33891	0.015104
5.0731	0.36402	0.022354
5.0731	0.38912	0.026535
5.0731	0.41423	0.02614
5.0731	0.43933	0.021849
5.0731	0.46444	0.015475
5.0731	0.48954	0.0091317
5.0731	0.51464	0.0043377
5.0981	-2.3473	0.0033161
5.0981	-2.3222	0.012652
5.0981	-2.2971	0.031834
5.0981	-2.272	0.06151
5.0981	-2.2469	0.097925
5.0981	-2.2218	0.13136
5.0981	-2.1967	0.15055
5.0981	-2.1715	0.14583
5.0981	-2.1464	0.11699
5.0981	-2.1213	0.073507
5.0981	-2.0962	0.030879
5.0981	-2.0711	0.0045715
5.0981	-2.0209	0.013963
5.0981	-1.9958	0.029375
5.0981	-1.9707	0.034503
5.0981	-1.9456	0.025739
5.0981	-1.9205	0.010406
5.0981	-1.8703	0.0035047
5.0981	-1.8452	0.016873
5.0981	-1.8201	0.029397
5.0981	-1.795	0.030876
5.0981	-1.7699	0.020002
5.0981	-1.7448	0.0056456
5.0981	-1.6946	0.0083164
5.0981	-1.6695	0.024164
5.0981	-1.6444	0.034702
5.0981	-1.6192	0.030817
5.0981	-1.5941	0.015497
5.0981	-1.569	0.0020544
5.0981	-1.5439	0.0033085
5.0981	-1.5188	0.020238
5.0981	-1.4937	0.040132
5.0981	-1.4686	0.045974
5.0981	-1.4435	0.032238
5.0981	-1.4184	0.010137
5.0981	-1.3682	0.016475
5.0981	-1.3431	0.050803
5.0981	-1.318	0.078273
5.0981	-1.2929	0.07509
5.0981	-1.2678	0.041947
5.0981	-1.2427	0.0062247
5.0981	-1.2176	0.0064358
5.0981	-1.1925	0.056394
5.0981	-1.1674	0.13168
5.0981	-1.1423	0.17837
5.0981	-1.1172	0.15253
5.0981	-1.0921	0.06726
5.0981	-1.0418	0.068699
5.0981	-1.0167	0.36107
5.0981	-0.99163	0.86431
5.0981	-0.96653	1.4609
5.0981	-0.94142	1.9739
5.0981	-0.91632	2.2284
5.0981	-0.89121	2.1426
5.0981	-0.86611	1.7601
5.0981	-0.841	1.2209
5.0981	-0.8159	0.68704
5.0981	-0.79079	0.29076
5.0981	-0.76569	0.074032
5.0981	-0.74059	0.002572
5.0981	-0.71548	0.011672
5.0981	-0.69038	0.036523
5.0981	-0.66527	0.04526
5.0981	-0.64017	0.034009
5.0981	-0.61506	0.015756
5.0981	-0.58996	0.0032076
5.0981	-0.53975	0.0026479
5.0981	-0.51464	0.0054336
5.0981	-0.48954	0.0056273
5.0981	-0.46444	0.0036868
5.0981	-0.43933	0.0015368
5.0981	0.13808	0.0017999
5.0981	0.16318	0.0034351
5.0981	0.18828	0.0039919
5.0981	0.21339	0.0028112
5.0981	0.2887	0.0030098
5.0981	0.31381	0.010369
5.0981	0.33891	0.020673
5.0981	0.36402	0.030663
5.0981	0.38912	0.036903
5.0981	0.41423	0.037191
5.0981	0.43933	0.031819
5.0981	0.46444	0.023168
5.0981	0.48954	0.014024
5.0981	0.51464	0.0067657
5.0981	0.53975	0.0022998
5.1232	-2.3222	0.0052755
5.1232	-2.2971	0.013477
5.1232	-2.272	0.026826
5.1232	-2.2469	0.044138
5.1232	-2.2218	0.060797
5.1232	-2.1967	0.071178
5.1232	-2.1715	0.070006
5.1232	-2.1464	0.056269
5.1232	-2.1213	0.034897
5.1232	-2.0962	0.013697
5.1232	-2.0209	0.010226
5.1232	-1.9958	0.019423
5.1232	-1.9707	0.021611
5.1232	-1.9456	0.015163
5.1232	-1.9205	0.0053181
5.1232	-1.8703	0.0038071
5.1232	-1.8452	0.013914
5.1232	-1.8201	0.022304
5.1232	-1.795	0.022128
5.1232	-1.7699	0.013221
5.1232	-1.7448	0.0029608
5.1232	-1.6946	0.0088831
5.1232	-1.6695	0.02224
5.1232	-1.6444	0.029731
5.1232	-1.6192	0.024793
5.1232	-1.5941	0.011153
5.1232	-1.5439	0.0045537
5.1232	-1.5188	0.02134
5.1232	-1.4937	0.038822
5.1232	-1.4686	0.041873
5.1232	-1.4435	0.02706
5.1232	-1.4184	0.0067827
5.1232	-1.3682	0.021328
5.1232	-1.3431	0.057346
5.1232	-1.318	0.08224
5.1232	-1.2929	0.074378
5.1232	-1.2678	0.036985
5.1232	-1.2427	0.0032648
5.1232	-1.2176	0.012466
5.1232	-1.1925	0.07707
5.1232	-1.1674	0.16315
5.1232	-1.1423	0.20742
5.1232	-1.1172	0.16562
5.1232	-1.0921	0.060927
5.1232	-1.0418	0.13066
5.1232	-1.0167	0.55689
5.1232	-0.99163	1.2629
5.1232	-0.96653	2.0859
5.1232	-0.94142	2.7825
5.1232	-0.91632	3.1218
5.1232	-0.89121	2.9887
5.1232	-0.86611	2.4505
5.1232	-0.841	1.6865
5.1232	-0.8159	0.93889
5.1232	-0.79079	0.38558
5.1232	-0.76569	0.086438
5.1232	-0.71548	0.027891
5.1232	-0.69038	0.072
5.1232	-0.66527	0.083833
5.1232	-0.64017	0.061009
5.1232	-0.61506	0.026837
5.1232	-0.58996	0.0044586
5.1232	-0.53975	0.0078343
5.1232	-0.51464	0.014644
5.1232	-0.48954	0.014992
5.1232	-0.46444	0.0097833
5.1232	-0.43933	0.0037324
5.1232	-0.33891	0.0017206
5.1232	0.16318	0.0022586
5.1232	0.18828	0.0026117
5.1232	0.21339	0.0017875
5.1232	0.2887	0.003455
5.1232	0.31381	0.011006
5.1232	0.33891	0.021681
5.1232	0.36402	0.032414
5.1232	0.38912	0.039591
5.1232	0.41423	0.040548
5.1232	0.43933	0.03541
5.1232	0.46444	0.026166
5.1232	0.48954	0.016025
5.1232	0.51464	0.0077172
5.1232	0.53975	0.0025502
5.1482	-2.2971	0.0029386
5.1482	-2.272	0.0065961
5.1482	-2.2469	0.012325
5.1482	-2.2218	0.018338
5.1482	-2.1967	0.023125
5.1482	-2.1715	0.024093
5.1482	-2.1464	0.020088
5.1482	-2.1213	0.012526
5.1482	-2.0962	0.0045806
5.1482	-2.0209	0.0059538
5.1482	-1.9958	0.010586
5.1482	-1.9707	0.011271
5.1482	-1.9456	0.0074516
5.1482	-1.9205	0.0022364
5.1482	-1.8703	0.0032306
5.1482	-1.8452	0.0099398
5.1482	-1.8201	0.014863
5.1482	-1.795	0.013923
5.1482	-1.7699	0.0075666
5.1482	-1.6946	0.0081687
5.1482	-1.6695	0.018139
5.1482	-1.6444	0.022744
5.1482	-1.6192	0.017793
5.1482	-1.5941	0.0070665
5.1482	-1.5439	0.0051726
5.1482	-1.5188	0.020079
5.1482	-1.4937	0.033831
5.1482	-1.4686	0.034367
5.1482	-1.4435	0.020294
5.1482	-1.4184	0.0036566
5.1482	-1.3933	0.0023016
5.1482	-1.3682	0.024373
5.1482	-1.3431	0.058074
5.1482	-1.318	0.078035
5.1482	-1.2929	0.065835
5.1482	-1.2678	0.028619
5.1482	-1.2176	0.020309
5.1482	-1.1925	0.093737
5.1482	-1.1674	0.18146
5.1482	-1.1423	0.21684
5.1482	-1.1172	0.15977
5.1482	-1.0921	0.046639
5.1482	-1.0669	0.0067305
5.1482	-1.0418	0.20682
5.1482	-1.0167	0.76192
5.1482	-0.99163	1.644
5.1482	-0.96653	2.651
5.1482	-0.94142	3.4897
5.1482	-0.91632	3.875
5.1482	-0.89121	3.6835
5.1482	-0.86611	2.994
5.1482	-0.841	2.0396
5.1482	-0.8159	1.1116
5.1482	-0.79079	0.43288
5.1482	-0.76569	0.084721
5.1482	-0.71548	0.053221
5.1482	-0.69038	0.11644
5.1482	-0.66527	0.12729
5.1482	-0.64017	0.088256
5.1482	-0.61506	0.036003
5.1482	-0.58996	0.0045797
5.1482	-0.56485	0.0023975
5.1482	-0.53975	0.016863
5.1482	-0.51464	0.028823
5.1482	-0.48954	0.028222
5.1482	-0.46444	0.017602
5.1482	-0.43933	0.0060009
5.1482	-0.36402	0.0045067
5.1482	-0.33891	0.0060888
5.1482	-0.31381	0.004723
5.1482	-0.2887	0.002071
5.1482	-0.18828	0.0017533
5.1482	0.2887	0.0026626
5.1482	0.31381	0.0082208
5.1482	0.33891	0.016482
5.1482	0.36402	0.025383
5.1482	0.38912	0.031854
5.1482	0.41423	0.033669
5.1482	0.43933	0.030176
5.1482	0.46444	0.022769
5.1482	0.48954	0.0141
5.1482	0.51464	0.0067623
5.1482	0.53975	0.0021559
5.1733	-2.1967	0.002667
5.1733	-2.1715	0.0036645
5.1733	-2.1464	0.0036688
5.1733	-2.1213	0.0026076
5.1733	-2.0209	0.00247
5.1733	-1.9958	0.0042412
5.1733	-1.9707	0.0044553
5.1733	-1.9456	0.0028207
5.1733	-1.8703	0.0021827
5.1733	-1.8452	0.0058285
5.1733	-1.8201	0.0082832
5.1733	-1.795	0.007377
5.1733	-1.7699	0.0035949
5.1733	-1.6946	0.0064368
5.1733	-1.6695	0.012909
5.1733	-1.6444	0.015338
5.1733	-1.6192	0.011243
5.1733	-1.5941	0.0038554
5.1733	-1.5439	0.0052142
5.1733	-1.5188	0.016705
5.1733	-1.4937	0.026298
5.1733	-1.4686	0.025253
5.1733	-1.4435	0.013408
5.1733	-1.4184	0.0016687
5.1733	-1.3933	0.0037122
5.1733	-1.3682	0.024539
5.1733	-1.3431	0.052773
5.1733	-1.318	0.066786
5.1733	-1.2929	0.052178
5.1733	-1.2678	0.019367
5.1733	-1.2176	0.027535
5.1733	-1.1925	0.10187
5.1733	-1.1674	0.1824
5.1733	-1.1423	0.20514
5.1733	-1.1172	0.13762
5.1733	-1.0921	0.029304
5.1733	-1.0669	0.019668
5.1733	-1.0418	0.28527
5.1733	-1.0167	0.93644
5.1733	-0.99163	1.9303
5.1733	-0.96653	3.0411
5.1733	-0.94142	3.9469
5.1733	-0.91632	4.3371
5.1733	-0.89121	4.0857
5.1733	-0.86611	3.2853
5.1733	-0.841	2.2008
5.1733	-0.8159	1.1652
5.1733	-0.79079	0.42775
5.1733	-0.76569	0.066227
5.1733	-0.74059	0.0051624
5.1733	-0.71548	0.085074
5.1733	-0.69038	0.16211
5.1733	-0.66527	0.16674
5.1733	-0.64017	0.10908
5.1733	-0.61506	0.040317
5.1733	-0.58996	0.003191
5.1733	-0.56485	0.006391
5.1733	-0.53975	0.029659
5.1733	-0.51464	0.046238
5.1733	-0.48954	0.043065
5.1733	-0.46444	0.025172
5.1733	-0.43933	0.0073335
5.1733	-0.38912	0.0036523
5.1733	-0.36402	0.010546
5.1733	-0.33891	0.013253
5.1733	-0.31381	0.010009
5.1733	-0.2887	0.0041979
5.1733	-0.21339	0.0034121
5.1733	-0.18828	0.0052777
5.1733	-0.16318	0.0048301
5.1733	-0.13808	0.0026589
5.1733	-0.012552	0.0015429
5.1733	0.31381	0.0031798
5.1733	0.33891	0.007169
5.1733	0.36402	0.012176
5.1733	0.38912	0.016731
5.1733	0.41423	0.018984
5.1733	0.43933	0.018032
5.1733	0.46444	0.014223
5.1733	0.48954	0.0090961
5.1733	0.51464	0.0044432
5.1983	-2.3222	0.0020128
5.1983	-2.2971	0.0029177
5.1983	-2.272	0.0032375
5.1983	-2.2469	0.0028415
5.1983	-2.2218	0.0019103
5.1983	-1.8452	0.0025679
5.1983	-1.8201	0.0035347
5.1983	-1.795	0.0030313
5.1983	-1.6946	0.0041633
5.1983	-1.6695	0.0077624
5.1983	-1.6444	0.0088137
5.1983	-1.6192	0.0060729
5.1983	-1.5941	0.0017417
5.1983	-1.5439	0.0042198
5.1983	-1.5188	0.012049
5.1983	-1.4937	0.017915
5.1983	-1.4686	0.01629
5.1983	-1.4435	0.0076919
5.1983	-1.3933	0.0043861
5.1983	-1.3682	0.021663
5.1983	-1.3431	0.042724
5.1983	-1.318	0.051007
5.1983	-1.2929	0.036952
5.1983	-1.2678	0.011178
5.1983	-1.2176	0.031079
5.1983	-1.1925	0.099026
5.1983	-1.1674	0.16524
5.1983	-1.1423	0.17426
5.1983	-1.1172	0.10507
5.1983	-1.0921	0.013519
5.1983	-1.0669	0.039259
5.1983	-1.0418	0.35024
5.1983	-1.0167	1.0398
5.1983	-0.99163	2.0585
5.1983	-0.96653	3.1746
5.1983	-0.94142	4.0619
5.1983	-0.91632	4.4112
5.1983	-0.89121	4.1179
5.1983	-0.86611	3.263
5.1983	-0.841	2.1464
5.1983	-0.8159	1.0979
5.1983	-0.79079	0.37418
5.1983	-0.76569	0.044467
5.1983	-0.74059	0.014728
5.1983	-0.71548	0.11801
5.1983	-0.69038	0.19955
5.1983	-0.66527	0.1928
5.1983	-0.64017	0.11868
5.1983	-0.61506	0.038606
5.1983	-0.56485	0.012346
5.1983	-0.53975	0.044577
5.1983	-0.51464	0.06379
5.1983	-0.48954	0.056057
5.1983	-0.46444	0.030379
5.1983	-0.43933	0.0072985
5.1983	-0.38912	0.0080151
5.1983	-0.36402	0.018859
5.1983	-0.33891	0.022323
5.1983	-0.31381	0.016036
5.1983	-0.2887	0.0061968
5.1983	-0.23849	0.001949
5.1983	-0.21339	0.0073149
5.1983	-0.18828	0.010955
5.1983	-0.16318	0.0099027
5.1983	-0.13808	0.0053317
5.1983	-0.062762	0.0020145
5.1983	-0.037657	0.0045144
5.1983	-0.012552	0.0052661
5.1983	0.012552	0.0038472
5.1983	0.037657	0.0015507
5.1983	0.13808	0.001796
5.1983	0.16318	0.0016099
5.1983	0.38912	0.0027992
5.1983	0.41423	0.004322
5.1983	0.43933	0.00517
5.1983	0.46444	0.0048871
5.1983	0.48954	0.0034982
5.1983	0.51464	0.0018139
5.2234	-2.3473	0.0023817
5.2234	-2.3222	0.0050625
5.2234	-2.2971	0.0080468
5.2234	-2.272	0.010446
5.2234	-2.2469	0.011244
5.2234	-2.2218	0.010173
5.2234	-2.1967	0.0076595
5.2234	-2.1715	0.0046009
5.2234	-2.1464	0.0021274
5.2234	-1.6946	0.002057
5.2234	-1.6695	0.0036657
5.2234	-1.6444	0.0040777
5.2234	-1.6192	0.0026859
5.2234	-1.5439	0.0027794
5.2234	-1.5188	0.0073064
5.2234	-1.4937	0.010412
5.2234	-1.4686	0.0089769
5.2234	-1.4435	0.0037335
5.2234	-1.3933	0.004067
5.2234	-1.3682	0.016565
5.2234	-1.3431	0.030386
5.2234	-1.318	0.034287
5.2234	-1.2929	0.022843
5.2234	-1.2678	0.0052712
5.2234	-1.2427	0.0019257
5.2234	-1.2176	0.030563
5.2234	-1.1925	0.085891
5.2234	-1.1674	0.13356
5.2234	-1.1423	0.13212
5.2234	-1.1172	0.07017
5.2234	-1.0921	0.0037148
5.2234	-1.0669	0.057831
5.2234	-1.0418	0.37695
5.2234	-1.0167	1.044
5.2234	-0.99163	1.9936
5.2234	-0.96653	3.0158
5.2234	-0.94142	3.8023
5.2234	-0.91632	4.0945
5.2234	-0.89121	3.775
5.2234	-0.86611	2.9522
5.2234	-0.841	1.9
5.2234	-0.8159	0.93805
5.2234	-0.79079	0.2899
5.2234	-0.76569	0.020833
5.2234	-0.74059	0.029792
5.2234	-0.71548	0.14452
5.2234	-0.69038	0.21981
5.2234	-0.66527	0.20007
5.2234	-0.64017	0.11454
5.2234	-0.61506	0.03216
5.2234	-0.56485	0.020546
5.2234	-0.53975	0.058948
5.2234	-0.51464	0.078095
5.2234	-0.48954	0.064455
5.2234	-0.46444	0.032021
5.2234	-0.43933	0.005798
5.2234	-0.38912	0.013844
5.2234	-0.36402	0.028539
5.2234	-0.33891	0.031519
5.2234	-0.31381	0.021333
5.2234	-0.2887	0.0074027
5.2234	-0.23849	0.0040158
5.2234	-0.21339	0.012799
5.2234	-0.18828	0.018175
5.2234	-0.16318	0.015805
5.2234	-0.13808	0.0080609
5.2234	-0.062762	0.0047415
5.2234	-0.037657	0.0099341
5.2234	-0.012552	0.011292
5.2234	0.012552	0.0081455
5.2234	0.037657	0.0030853
5.2234	0.11297	0.0042076
5.2234	0.13808	0.0067155
5.2234	0.16318	0.0065279
5.2234	0.18828	0.0039231
5.2234	0.2887	0.0039545
5.2234	0.31381	0.0059285
5.2234	0.33891	0.0059822
5.2234	0.36402	0.0045047
5.2234	0.38912	0.0025047
5.2484	-2.3473	0.0035181
5.2484	-2.3222	0.0074838
5.2484	-2.2971	0.012272
5.2484	-2.272	0.016562
5.2484	-2.2469	0.01883
5.2484	-2.2218	0.018202
5.2484	-2.1967	0.014801
5.2484	-2.1715	0.0098771
5.2484	-2.1464	0.0050558
5.2484	-2.1213	0.0017118
5.2484	-1.5188	0.0034405
5.2484	-1.4937	0.0047902
5.2484	-1.4686	0.003949
5.2484	-1.3933	0.003029
5.2484	-1.3682	0.010556
5.2484	-1.3431	0.018334
5.2484	-1.318	0.019669
5.2484	-1.2929	0.011931
5.2484	-1.2678	0.0017066
5.2484	-1.2427	0.0030663
5.2484	-1.2176	0.026032
5.2484	-1.1925	0.065209
5.2484	-1.1674	0.095434
5.2484	-1.1423	0.088397
5.2484	-1.1172	0.040152
5.2484	-1.0669	0.069298
5.2484	-1.0418	0.36247
5.2484	-1.0167	0.93914
5.2484	-0.99163	1.7443
5.2484	-0.96653	2.596
5.2484	-0.94142	3.2367
5.2484	-0.91632	3.4477
5.2484	-0.89121	3.1475
5.2484	-0.86611	2.4266
5.2484	-0.841	1.5262
5.2484	-0.8159	0.72025
5.2484	-0.79079	0.20075
5.2484	-0.76569	0.0063867
5.2484	-0.74059	0.04433
5.2484	-0.71548	0.15687
5.2484	-0.69038	0.21896
5.2484	-0.66527	0.18661
5.2484	-0.64017	0.099371
5.2484	-0.61506	0.022507
5.2484	-0.56485	0.028663
5.2484	-0.53975	0.069587
5.2484	-0.51464	0.08537
5.2484	-0.48954	0.066278
5.2484	-0.46444	0.029706
5.2484	-0.43933	0.0037343
5.2484	-0.41423	0.0028203
5.2484	-0.38912	0.020583
5.2484	-0.36402	0.037626
5.2484	-0.33891	0.038749
5.2484	-0.31381	0.024591
5.2484	-0.2887	0.007373
5.2484	-0.23849	0.0069925
5.2484	-0.21339	0.019286
5.2484	-0.18828	0.025773
5.2484	-0.16318	0.021343
5.2484	-0.13808	0.010019
5.2484	-0.062762	0.0092697
5.2484	-0.037657	0.01736
5.2484	-0.012552	0.01899
5.2484	0.012552	0.012992
5.2484	0.037657	0.0044254
5.2484	0.087866	0.0028305
5.2484	0.11297	0.0099505
5.2484	0.13808	0.015489
5.2484	0.16318	0.01484
5.2484	0.18828	0.0086679
5.2484	0.21339	0.0018858
5.2484	0.2636	0.0063696
5.2484	0.2887	0.017845
5.2484	0.31381	0.029318
5.2484	0.33891	0.035771
5.2484	0.36402	0.034859
5.2484	0.38912	0.028042
5.2484	0.41423	0.018722
5.2484	0.43933	0.010212
5.2484	0.46444	0.0044485
5.2735	-2.3473	0.0038771
5.2735	-2.3222	0.0081661
5.2735	-2.2971	0.013522
5.2735	-2.272	0.018577
5.2735	-2.2469	0.021631
5.2735	-2.2218	0.021457
5.2735	-2.1967	0.017933
5.2735	-2.1715	0.012258
5.2735	-2.1464	0.0063896
5.2735	-2.1213	0.0021046
5.2735	-2.0209	0.001618
5.2735	-1.3933	0.0016451
5.2735	-1.3682	0.0052163
5.2735	-1.3431	0.0087743
5.2735	-1.318	0.0090604
5.2735	-1.2929	0.0049864
5.2735	-1.2427	0.0030648
5.2735	-1.2176	0.018438
5.2735	-1.1925	0.042153
5.2735	-1.1674	0.058896
5.2735	-1.1423	0.050787
5.2735	-1.1172	0.019144
5.2735	-1.0669	0.069241
5.2735	-1.0418	0.30616
5.2735	-1.0167	0.75188
5.2735	-0.99163	1.3624
5.2735	-0.96653	2.0026
5.2735	-0.94142	2.4764
5.2735	-0.91632	2.6189
5.2735	-0.89121	2.3682
5.2735	-0.86611	1.8015
5.2735	-0.841	1.1094
5.2735	-0.8159	0.49808
5.2735	-0.79079	0.12161
5.2735	-0.76569	0.0027289
5.2735	-0.74059	0.054303
5.2735	-0.71548	0.1526
5.2735	-0.69038	0.19576
5.2735	-0.66527	0.15754
5.2735	-0.64017	0.076947
5.2735	-0.61506	0.013333
5.2735	-0.58996	0.0025807
5.2735	-0.56485	0.035172
5.2735	-0.53975	0.073647
5.2735	-0.51464	0.084716
5.2735	-0.48954	0.06124
5.2735	-0.46444	0.024378
5.2735	-0.43933	0.0018662
5.2735	-0.41423	0.0055799
5.2735	-0.38912	0.026734
5.2735	-0.36402	0.043988
5.2735	-0.33891	0.042547
5.2735	-0.31381	0.025056
5.2735	-0.2887	0.0062394
5.2735	-0.23849	0.010598
5.2735	-0.21339	0.025629
5.2735	-0.18828	0.032096
5.2735	-0.16318	0.025089
5.2735	-0.13808	0.010601
5.2735	-0.087866	0.0030632
5.2735	-0.062762	0.014899
5.2735	-0.037657	0.025782
5.2735	-0.012552	0.026798
5.2735	0.012552	0.017204
5.2735	0.037657	0.0049799
5.2735	0.087866	0.0063213
5.2735	0.11297	0.018863
5.2735	0.13808	0.027519
5.2735	0.16318	0.025347
5.2735	0.18828	0.013779
5.2735	0.21339	0.0021545
5.2735	0.23849	0.0016734
5.2735	0.2636	0.01801
5.2735	0.2887	0.046585
5.2735	0.31381	0.07702
5.2735	0.33891	0.097203
5.2735	0.36402	0.10009
5.2735	0.38912	0.086676
5.2735	0.41423	0.063608
5.2735	0.43933	0.039489
5.2735	0.46444	0.019513
5.2735	0.48954	0.0076152
5.2735	0.51464	0.0019652
5.2985	-2.3473	0.0033007
5.2985	-2.3222	0.0069343
5.2985	-2.2971	0.01155
5.2985	-2.272	0.016092
5.2985	-2.2469	0.019027
5.2985	-2.2218	0.019194
5.2985	-2.1967	0.016254
5.2985	-2.1715	0.011209
5.2985	-2.1464	0.005777
5.2985	-2.1213	0.0017813
5.2985	-2.046	0.0015229
5.2985	-2.0209	0.0022763
5.2985	-1.9958	0.0020662
5.2985	-1.3682	0.001622
5.2985	-1.3431	0.0027885
5.2985	-1.318	0.0028877
5.2985	-1.2427	0.0020958
5.2985	-1.2176	0.0099774
5.2985	-1.1925	0.021902
5.2985	-1.1674	0.029399
5.2985	-1.1423	0.023946
5.2985	-1.1172	0.0070313
5.2985	-1.0921	0.0018615
5.2985	-1.0669	0.056186
5.2985	-1.0418	0.21995
5.2985	-1.0167	0.51998
5.2985	-0.99163	0.92922
5.2985	-0.96653	1.3572
5.2985	-0.94142	1.6735
5.2985	-0.91632	1.7651
5.2985	-0.89121	1.5846
5.2985	-0.86611	1.1921
5.2985	-0.841	0.71419
5.2985	-0.8159	0.3068
5.2985	-0.79079	0.062203
5.2985	-0.74059	0.056015
5.2985	-0.71548	0.13151
5.2985	-0.69038	0.1579
5.2985	-0.66527	0.11966
5.2985	-0.64017	0.052958
5.2985	-0.61506	0.0065439
5.2985	-0.58996	0.0051656
5.2985	-0.56485	0.037592
5.2985	-0.53975	0.070219
5.2985	-0.51464	0.07538
5.2985	-0.48954	0.050881
5.2985	-0.46444	0.017618
5.2985	-0.41423	0.0085349
5.2985	-0.38912	0.030743
5.2985	-0.36402	0.046204
5.2985	-0.33891	0.042093
5.2985	-0.31381	0.022731
5.2985	-0.2887	0.0045135
5.2985	-0.23849	0.014186
5.2985	-0.21339	0.030407
5.2985	-0.18828	0.035854
5.2985	-0.16318	0.026174
5.2985	-0.13808	0.0096938
5.2985	-0.087866	0.0055408
5.2985	-0.062762	0.020985
5.2985	-0.037657	0.033554
5.2985	-0.012552	0.032888
5.2985	0.012552	0.019605
5.2985	0.037657	0.0045075
5.2985	0.087866	0.01158
5.2985	0.11297	0.029809
5.2985	0.13808	0.041037
5.2985	0.16318	0.035845
5.2985	0.18828	0.017613
5.2985	0.21339	0.0017251
5.2985	0.23849	0.0054742
5.2985	0.2636	0.038333
5.2985	0.2887	0.092533
5.2985	0.31381	0.1502
5.2985	0.33891	0.19052
5.2985	0.36402	0.19909
5.2985	0.38912	0.17626
5.2985	0.41423	0.13262
5.2985	0.43933	0.083989
5.2985	0.46444	0.043964
5.2985	0.48954	0.017432
5.2985	0.51464	0.0045116
5.3236	-2.3473	0.0020998
5.3236	-2.3222	0.0044481
5.3236	-2.2971	0.0075717
5.3236	-2.272	0.010773
5.3236	-2.2469	0.013004
5.3236	-2.2218	0.013372
5.3236	-2.1967	0.011459
5.3236	-2.1715	0.0079593
5.3236	-2.1464	0.0040109
5.3236	-2.046	0.001641
5.3236	-2.0209	0.0023243
5.3236	-1.9958	0.0020551
5.3236	-1.2176	0.0036341
5.3236	-1.1925	0.0078463
5.3236	-1.1674	0.010549
5.3236	-1.1423	0.0080249
5.3236	-1.1172	0.0015518
5.3236	-1.0921	0.0024757
5.3236	-1.0669	0.035522
5.3236	-1.0418	0.1286
5.3236	-1.0167	0.29732
5.3236	-0.99163	0.53099
5.3236	-0.96653	0.77751
5.3236	-0.94142	0.96537
5.3236	-0.91632	1.022
5.3236	-0.89121	0.91861
5.3236	-0.86611	0.68659
5.3236	-0.841	0.40241
5.3236	-0.8159	0.16257
5.3236	-0.79079	0.026305
5.3236	-0.76569	0.0030955
5.3236	-0.74059	0.048973
5.3236	-0.71548	0.10043
5.3236	-0.69038	0.11264
5.3236	-0.66527	0.080722
5.3236	-0.64017	0.031785
5.3236	-0.61506	0.0021521
5.3236	-0.58996	0.0071752
5.3236	-0.56485	0.035555
5.3236	-0.53975	0.060024
5.3236	-0.51464	0.060423
5.3236	-0.48954	0.037871
5.3236	-0.46444	0.010925
5.3236	-0.41423	0.010782
5.3236	-0.38912	0.031541
5.3236	-0.36402	0.043667
5.3236	-0.33891	0.037367
5.3236	-0.31381	0.018432
5.3236	-0.2887	0.0026766
5.3236	-0.2636	0.0023615
5.3236	-0.23849	0.016744
5.3236	-0.21339	0.032475
5.3236	-0.18828	0.03592
5.3236	-0.16318	0.024441
5.3236	-0.13808	0.007688
5.3236	-0.087866	0.0084351
5.3236	-0.062762	0.026303
5.3236	-0.037657	0.038975
5.3236	-0.012552	0.036196
5.3236	0.012552	0.019567
5.3236	0.037657	0.0032602
5.3236	0.062762	0.0016922
5.3236	0.087866	0.018037
5.3236	0.11297	0.041181
5.3236	0.13808	0.053402
5.3236	0.16318	0.043808
5.3236	0.18828	0.0189
5.3236	0.23849	0.012896
5.3236	0.2636	0.067062
5.3236	0.2887	0.1537
5.3236	0.31381	0.2439
5.3236	0.33891	0.30625
5.3236	0.36402	0.32008
5.3236	0.38912	0.28452
5.3236	0.41423	0.21559
5.3236	0.43933	0.13803
5.3236	0.46444	0.071991
5.3236	0.48954	0.028314
5.3236	0.51464	0.0066934
5.3236	0.58996	0.0020755
5.3236	0.61506	0.0023751
5.3236	0.64017	0.0016332
5.3486	-2.3222	0.0018843
5.3486	-2.2971	0.0034398
5.3486	-2.272	0.0051391
5.3486	-2.2469	0.0064981
5.3486	-2.2218	0.0069309
5.3486	-2.1967	0.0061406
5.3486	-2.1715	0.0042758
5.3486	-2.1464	0.0021327
5.3486	-2.0209	0.0018481
5.3486	-1.9958	0.0015815
5.3486	-1.1674	0.0017329
5.3486	-1.0921	0.0015538
5.3486	-1.0669	0.015026
5.3486	-1.0418	0.052773
5.3486	-1.0167	0.12702
5.3486	-0.99163	0.23117
5.3486	-0.96653	0.3484
5.3486	-0.94142	0.44299
5.3486	-0.91632	0.47937
5.3486	-0.89121	0.43723
5.3486	-0.86611	0.32816
5.3486	-0.841	0.19304
5.3486	-0.8159	0.071925
5.3486	-0.79079	0.0090489
5.3486	-0.76569	0.0045749
5.3486	-0.74059	0.035883
5.3486	-0.71548	0.066159
5.3486	-0.69038	0.07038
5.3486	-0.66527	0.0472
5.3486	-0.64017	0.016861
5.3486	-0.58996	0.0078375
5.3486	-0.56485	0.029409
5.3486	-0.53975	0.045578
5.3486	-0.51464	0.043302
5.3486	-0.48954	0.025059
5.3486	-0.46444	0.0057052
5.3486	-0.41423	0.011623
5.3486	-0.38912	0.02892
5.3486	-0.36402	0.03725
5.3486	-0.33891	0.029957
5.3486	-0.31381	0.013253
5.3486	-0.2636	0.0035007
5.3486	-0.23849	0.017698
5.3486	-0.21339	0.031257
5.3486	-0.18828	0.032512
5.3486	-0.16318	0.020484
5.3486	-0.13808	0.0052513
5.3486	-0.087866	0.010994
5.3486	-0.062762	0.0294
5.3486	-0.037657	0.040801
5.3486	-0.012552	0.035427
5.3486	0.012552	0.017314
5.3486	0.037657	0.001894
5.3486	0.062762	0.0037516
5.3486	0.087866	0.024638
5.3486	0.11297	0.050658
5.3486	0.13808	0.061873
5.3486	0.16318	0.047235
5.3486	0.18828	0.017467
5.3486	0.23849	0.025107
5.3486	0.2636	0.1031
5.3486	0.2887	0.22194
5.3486	0.31381	0.34337
5.3486	0.33891	0.42532
5.3486	0.36402	0.44226
5.3486	0.38912	0.39146
5.3486	0.41423	0.29566
5.3486	0.43933	0.18817
5.3486	0.46444	0.096436
5.3486	0.48954	0.036816
5.3486	0.51464	0.0079743
5.3486	0.56485	0.0015847
5.3486	0.58996	0.0040093
5.3486	0.61506	0.0043399
5.3486	0.64017	0.0028817
5.3737	-2.2469	0.0018097
5.3737	-2.2218	0.0021725
5.3737	-2.1967	0.0021049
5.3737	-2.1715	0.0015643
5.3737	-1.0669	0.0022938
5.3737	-1.0418	0.0098897
5.3737	-1.0167	0.026839
5.3737	-0.99163	0.056609
5.3737	-0.96653	0.095696
5.3737	-0.94142	0.13311
5.3737	-0.91632	0.15502
5.3737	-0.89121	0.14948
5.3737	-0.86611	0.11623
5.3737	-0.841	0.06868
5.3737	-0.8159	0.024386
5.3737	-0.79079	0.0017551
5.3737	-0.76569	0.0040526
5.3737	-0.74059	0.020973
5.3737	-0.71548	0.03584
5.3737	-0.69038	0.036643
5.3737	-0.66527	0.023307
5.3737	-0.64017	0.0068974
5.3737	-0.58996	0.006805
5.3737	-0.56485	0.020901
5.3737	-0.53975	0.030213
5.3737	-0.51464	0.027023
5.3737	-0.48954	0.014346
5.3737	-0.46444	0.0025988
5.3737	-0.41423	0.01078
5.3737	-0.38912	0.023419
5.3737	-0.36402	0.028327
5.3737	-0.33891	0.02141
5.3737	-0.31381	0.0084132
5.3737	-0.2636	0.004152
5.3737	-0.23849	0.0166
5.3737	-0.21339	0.027107
5.3737	-0.18828	0.026523
5.3737	-0.16318	0.015336
5.3737	-0.13808	0.0029927
5.3737	-0.087866	0.012687
5.3737	-0.062762	0.02972
5.3737	-0.037657	0.038468
5.3737	-0.012552	0.031221
5.3737	0.012552	0.013561
5.3737	0.062762	0.0063728
5.3737	0.087866	0.029896
5.3737	0.11297	0.055997
5.3737	0.13808	0.063958
5.3737	0.16318	0.045436
5.3737	0.18828	0.013708
5.3737	0.23849	0.039212
5.3737	0.2636	0.14111
5.3737	0.2887	0.28627
5.3737	0.31381	0.431
5.3737	0.33891	0.52752
5.3737	0.36402	0.54243
5.3737	0.38912	0.47699
5.3737	0.41423	0.35719
5.3737	0.43933	0.22424
5.3737	0.46444	0.11278
5.3737	0.48954	0.041063
5.3737	0.51464	0.0077462
5.3737	0.56485	0.0030116
5.3737	0.58996	0.0064481
5.3737	0.61506	0.0065121
5.3737	0.64017	0.0041162
5.3737	0.66527	0.0015449
5.3987	-1.3933	0.0016626
5.3987	-1.3682	0.0023476
5.3987	-1.3431	0.0020906
5.3987	-1.2176	0.0024008
5.3987	-1.1925	0.0027046
5.3987	-1.1674	0.0018819
5.3987	-0.96653	0.0039216
5.3987	-0.94142	0.010185
5.3987	-0.91632	0.018276
5.3987	-0.89121	0.022968
5.3987	-0.86611	0.021197
5.3987	-0.841	0.013669
5.3987	-0.8159	0.0052125
5.3987	-0.76569	0.0020726
5.3987	-0.74059	0.0086974
5.3987	-0.71548	0.014315
5.3987	-0.69038	0.014449
5.3987	-0.66527	0.0088865
5.3987	-0.64017	0.0021462
5.3987	-0.58996	0.0046145
5.3987	-0.56485	0.012234
5.3987	-0.53975	0.01669
5.3987	-0.51464	0.014285
5.3987	-0.48954	0.006878
5.3987	-0.41423	0.0084645
5.3987	-0.38912	0.016629
5.3987	-0.36402	0.01902
5.3987	-0.33891	0.013466
5.3987	-0.31381	0.0046691
5.3987	-0.2636	0.0041137
5.3987	-0.23849	0.013805
5.3987	-0.21339	0.020971
5.3987	-0.18828	0.019393
5.3987	-0.16318	0.010178
5.3987	-0.11297	0.0017833
5.3987	-0.087866	0.012809
5.3987	-0.062762	0.026941
5.3987	-0.037657	0.032727
5.3987	-0.012552	0.024754
5.3987	0.012552	0.0091891
5.3987	0.062762	0.0084565
5.3987	0.087866	0.032469
5.3987	0.11297	0.056008
5.3987	0.13808	0.060183
5.3987	0.16318	0.038929
5.3987	0.18828	0.0085736
5.3987	0.21339	0.0031504
5.3987	0.23849	0.053905
5.3987	0.2636	0.1716
5.3987	0.2887	0.3331
5.3987	0.31381	0.48945
5.3987	0.33891	0.58942
5.3987	0.36402	0.6
5.3987	0.38912	0.52161
5.3987	0.41423	0.38681
5.3987	0.43933	0.23897
5.3987	0.46444	0.11707
5.3987	0.48954	0.04007
5.3987	0.51464	0.0061501
5.3987	0.56485	0.0049004
5.3987	0.58996	0.0088504
5.3987	0.61506	0.0083949
5.3987	0.64017	0.0050343
5.3987	0.66527	0.0017176
5.4238	-1.3933	0.0020046
5.4238	-1.3682	0.0027515
5.4238	-1.3431	0.0023856
5.4238	-1.2427	0.0025029
5.4238	-1.2176	0.0048124
5.4238	-1.1925	0.0056135
5.4238	-1.1674	0.0039883
5.4238	-1.0921	0.0030222
5.4238	-1.0669	0.010105
5.4238	-1.0418	0.018871
5.4238	-1.0167	0.024958
5.4238	-0.99163	0.025599
5.4238	-0.96653	0.020409
5.4238	-0.94142	0.012623
5.4238	-0.91632	0.0055065
5.4238	-0.74059	0.0016578
5.4238	-0.71548	0.0031088
5.4238	-0.69038	0.0033145
5.4238	-0.66527	0.0020329
5.4238	-0.58996	0.002226
5.4238	-0.56485	0.0053895
5.4238	-0.53975	0.0071256
5.4238	-0.51464	0.0058847
5.4238	-0.48954	0.0025622
5.4238	-0.41423	0.0054972
5.4238	-0.38912	0.0099401
5.4238	-0.36402	0.010832
5.4238	-0.33891	0.0072715
5.4238	-0.31381	0.0021792
5.4238	-0.2636	0.0034482
5.4238	-0.23849	0.0099271
5.4238	-0.21339	0.01426
5.4238	-0.18828	0.012455
5.4238	-0.16318	0.0058758
5.4238	-0.11297	0.0020997
5.4238	-0.087866	0.011328
5.4238	-0.062762	0.021752
5.4238	-0.037657	0.024828
5.4238	-0.012552	0.017449
5.4238	0.012552	0.0053765
5.4238	0.062762	0.009955
5.4238	0.087866	0.031455
5.4238	0.11297	0.050392
5.4238	0.13808	0.050773
5.4238	0.16318	0.02975
5.4238	0.18828	0.0044011
5.4238	0.21339	0.0068005
5.4238	0.23849	0.066
5.4238	0.2636	0.18907
5.4238	0.2887	0.35158
5.4238	0.31381	0.50503
5.4238	0.33891	0.59909
5.4238	0.36402	0.60309
5.4238	0.38912	0.51897
5.4238	0.41423	0.37939
5.4238	0.43933	0.23003
5.4238	0.46444	0.10905
5.4238	0.48954	0.034749
5.4238	0.51464	0.0040815
5.4238	0.56485	0.0068067
5.4238	0.58996	0.010779
5.4238	0.61506	0.0095753
5.4238	0.64017	0.0053806
5.4238	0.66527	0.0016365
5.4489	-2.3473	0.002008
5.4489	-2.3222	0.0028763
5.4489	-2.2971	0.0034067
5.4489	-2.272	0.0034039
5.4489	-2.2469	0.0028637
5.4489	-2.2218	0.0019954
5.4489	-1.3933	0.0018353
5.4489	-1.3682	0.0024435
5.4489	-1.3431	0.0020108
5.4489	-1.2427	0.0033962
5.4489	-1.2176	0.0062124
5.4489	-1.1925	0.0070757
5.4489	-1.1674	0.0048223
5.4489	-1.0921	0.0072728
5.4489	-1.0669	0.023905
5.4489	-1.0418	0.046789
5.4489	-1.0167	0.069122
5.4489	-0.99163	0.082581
5.4489	-0.96653	0.082056
5.4489	-0.94142	0.06839
5.4489	-0.91632	0.047529
5.4489	-0.89121	0.026706
5.4489	-0.86611	0.011494
5.4489	-0.841	0.0032613
5.4489	-0.53975	0.0018377
5.4489	-0.51464	0.0015499
5.4489	-0.41423	0.0027149
5.4489	-0.38912	0.0046926
5.4489	-0.36402	0.0049735
5.4489	-0.33891	0.0031724
5.4489	-0.2636	0.0023271
5.4489	-0.23849	0.0060187
5.4489	-0.21339	0.0082154
5.4489	-0.18828	0.0067876
5.4489	-0.16318	0.002849
5.4489	-0.11297	0.0020649
5.4489	-0.087866	0.0086489
5.4489	-0.062762	0.015349
5.4489	-0.037657	0.016626
5.4489	-0.012552	0.010744
5.4489	0.012552	0.0025598
5.4489	0.062762	0.0099051
5.4489	0.087866	0.027152
5.4489	0.11297	0.040515
5.4489	0.13808	0.03837
5.4489	0.16318	0.019942
5.4489	0.18828	0.0015527
5.4489	0.21339	0.010614
5.4489	0.23849	0.071331
5.4489	0.2636	0.18799
5.4489	0.2887	0.33689
5.4489	0.31381	0.47407
5.4489	0.33891	0.55488
5.4489	0.36402	0.55206
5.4489	0.38912	0.46911
5.4489	0.41423	0.33866
5.4489	0.43933	0.20094
5.4489	0.46444	0.091828
5.4489	0.48954	0.026887
5.4489	0.51464	0.0021616
5.4489	0.53975	0.001598
5.4489	0.56485	0.0082805
5.4489	0.58996	0.011762
5.4489	0.61506	0.0097828
5.4489	0.64017	0.0051408
5.4489	0.76569	0.0016066
5.4739	-2.3724	0.001608
5.4739	-2.3473	0.0029026
5.4739	-2.3222	0.0042384
5.4739	-2.2971	0.0051954
5.4739	-2.272	0.0053964
5.4739	-2.2469	0.004759
5.4739	-2.2218	0.0035061
5.4739	-2.1967	0.0020532
5.4739	-1.3682	0.0016528
5.4739	-1.2427	0.0034747
5.4739	-1.2176	0.006016
5.4739	-1.1925	0.0065921
5.4739	-1.1674	0.0041539
5.4739	-1.0921	0.011614
5.4739	-1.0669	0.035023
5.4739	-1.0418	0.068811
5.4739	-1.0167	0.10433
5.4739	-0.99163	0.12984
5.4739	-0.96653	0.13616
5.4739	-0.94142	0.12161
5.4739	-0.91632	0.091486
5.4739	-0.89121	0.05684
5.4739	-0.86611	0.027315
5.4739	-0.841	0.0088481
5.4739	-0.74059	0.0021654
5.4739	-0.71548	0.0017295
5.4739	-0.36402	0.0015831
5.4739	-0.23849	0.0028261
5.4739	-0.21339	0.003781
5.4739	-0.18828	0.0030169
5.4739	-0.11297	0.0015846
5.4739	-0.087866	0.0055191
5.4739	-0.062762	0.0092388
5.4739	-0.037657	0.0095036
5.4739	-0.012552	0.0056602
5.4739	0.062762	0.0084321
5.4739	0.087866	0.020447
5.4739	0.11297	0.028805
5.4739	0.13808	0.025457
5.4739	0.16318	0.011589
5.4739	0.21339	0.013342
5.4739	0.23849	0.06838
5.4739	0.2636	0.16791
5.4739	0.2887	0.29166
5.4739	0.31381	0.40284
5.4739	0.33891	0.46571
5.4739	0.36402	0.4594
5.4739	0.38912	0.38665
5.4739	0.41423	0.27479
5.4739	0.43933	0.15941
5.4739	0.46444	0.070196
5.4739	0.48954	0.018524
5.4739	0.53975	0.0024971
5.4739	0.56485	0.0089034
5.4739	0.58996	0.011529
5.4739	0.61506	0.0090183
5.4739	0.64017	0.0044067
5.4739	0.74059	0.0015967
5.4739	0.76569	0.0017276
5.499	-2.3724	0.0017975
5.499	-2.3473	0.0032368
5.499	-2.3222	0.0047615
5.499	-2.2971	0.0059126
5.499	-2.272	0.0062468
5.499	-2.2469	0.0056123
5.499	-2.2218	0.0042017
5.499	-2.1967	0.0024905
5.499	-1.2427	0.0027135
5.499	-1.2176	0.0044834
5.499	-1.1925	0.0047059
5.499	-1.1674	0.0026696
5.499	-1.1172	0.0018551
5.499	-1.0921	0.013444
5.499	-1.0669	0.038312
5.499	-1.0418	0.074488
5.499	-1.0167	0.1139
5.499	-0.99163	0.14417
5.499	-0.96653	0.15493
5.499	-0.94142	0.14199
5.499	-0.91632	0.11009
5.499	-0.89121	0.070118
5.499	-0.86611	0.034385
5.499	-0.841	0.010943
5.499	-0.76569	0.0035518
5.499	-0.74059	0.0053856
5.499	-0.71548	0.0047077
5.499	-0.69038	0.0025894
5.499	-0.087866	0.0027329
5.499	-0.062762	0.004406
5.499	-0.037657	0.0043724
5.499	-0.012552	0.0023705
5.499	0.062762	0.0059357
5.499	0.087866	0.013227
5.499	0.11297	0.017646
5.499	0.13808	0.014634
5.499	0.16318	0.0056041
5.499	0.21339	0.013256
5.499	0.23849	0.057385
5.499	0.2636	0.13314
5.499	0.2887	0.2258
5.499	0.31381	0.30758
5.499	0.33891	0.35296
5.499	0.36402	0.34438
5.499	0.38912	0.28787
5.499	0.41423	0.20141
5.499	0.43933	0.11403
5.499	0.46444	0.048215
5.499	0.48954	0.011129
5.499	0.53975	0.0031208
5.499	0.56485	0.0085625
5.499	0.58996	0.010176
5.499	0.61506	0.007502
5.499	0.64017	0.0033634
5.499	0.74059	0.0016551
5.499	0.76569	0.0016701
5.499	1.5941	0.0019493
5.499	1.6192	0.0027145
5.499	1.6444	0.0030853
5.499	1.6695	0.0029291
5.499	1.6946	0.0023439
5.499	1.7197	0.0015641
5.524	-2.3724	0.0016181
5.524	-2.3473	0.0029039
5.524	-2.3222	0.0042951
5.524	-2.2971	0.0053699
5.524	-2.272	0.0057407
5.524	-2.2469	0.0052046
5.524	-2.2218	0.0039109
5.524	-2.1967	0.0022996
5.524	-1.2176	0.0024493
5.524	-1.1925	0.0024807
5.524	-1.1172	0.0021017
5.524	-1.0921	0.01182
5.524	-1.0669	0.032405
5.524	-1.0418	0.062639
5.524	-1.0167	0.096407
5.524	-0.99163	0.12368
5.524	-0.96653	0.13494
5.524	-0.94142	0.12591
5.524	-0.91632	0.098992
5.524	-0.89121	0.063545
5.524	-0.86611	0.030905
5.524	-0.841	0.0092956
5.524	-0.76569	0.005255
5.524	-0.74059	0.0075864
5.524	-0.71548	0.0065766
5.524	-0.69038	0.0035863
5.524	-0.56485	0.0018196
5.524	0.062762	0.0032722
5.524	0.087866	0.0068468
5.524	0.11297	0.0087831
5.524	0.13808	0.0068815
5.524	0.16318	0.0020809
5.524	0.21339	0.010846
5.524	0.23849	0.040956
5.524	0.2636	0.09212
5.524	0.2887	0.15247
5.524	0.31381	0.20673
5.524	0.33891	0.23563
5.524	0.36402	0.22931
5.524	0.38912	0.1899
5.524	0.41423	0.13192
5.524	0.43933	0.073388
5.524	0.46444	0.029096
5.524	0.48954	0.0058441
5.524	0.53975	0.0032327
5.524	0.56485	0.0073477
5.524	0.58996	0.0080691
5.524	0.61506	0.0056048
5.524	0.64017	0.0022958
5.524	0.74059	0.0015467
5.524	1.569	0.0021378
5.524	1.5941	0.0038785
5.524	1.6192	0.0054399
5.524	1.6444	0.006253
5.524	1.6695	0.0060608
5.524	1.6946	0.0049872
5.524	1.7197	0.0034409
5.524	1.7448	0.0019797
5.5491	-2.3473	0.0020906
5.5491	-2.3222	0.0031181
5.5491	-2.2971	0.0039452
5.5491	-2.272	0.0042601
5.5491	-2.2469	0.0038909
5.5491	-2.2218	0.0029299
5.5491	-2.1967	0.0017016
5.5491	-1.1172	0.0015924
5.5491	-1.0921	0.0076535
5.5491	-1.0669	0.020463
5.5491	-1.0418	0.039985
5.5491	-1.0167	0.062472
5.5491	-0.99163	0.082103
5.5491	-0.96653	0.091678
5.5491	-0.94142	0.087067
5.5491	-0.91632	0.069502
5.5491	-0.89121	0.044621
5.5491	-0.86611	0.021401
5.5491	-0.841	0.0058543
5.5491	-0.79079	0.001728
5.5491	-0.76569	0.0056784
5.5491	-0.74059	0.0077399
5.5491	-0.71548	0.0065567
5.5491	-0.69038	0.0034041
5.5491	-0.58996	0.0023423
5.5491	-0.56485	0.0027779
5.5491	-0.53975	0.0020553
5.5491	0.087866	0.0024615
5.5491	0.11297	0.0031471
5.5491	0.13808	0.0023219
5.5491	0.21339	0.0068331
5.5491	0.23849	0.023867
5.5491	0.2636	0.05156
5.5491	0.2887	0.086298
5.5491	0.31381	0.11725
5.5491	0.33891	0.13442
5.5491	0.36402	0.13136
5.5491	0.38912	0.10888
5.5491	0.41423	0.074966
5.5491	0.43933	0.040686
5.5491	0.46444	0.015224
5.5491	0.48954	0.0024969
5.5491	0.53975	0.0028551
5.5491	0.56485	0.0055365
5.5491	0.58996	0.0057027
5.5491	0.61506	0.0037238
5.5491	1.569	0.0036088
5.5491	1.5941	0.0063996
5.5491	1.6192	0.0089048
5.5491	1.6444	0.010242
5.5491	1.6695	0.0099617
5.5491	1.6946	0.0082465
5.5491	1.7197	0.0057372
5.5491	1.7448	0.003266
5.5741	-2.3222	0.0017503
5.5741	-2.2971	0.0022651
5.5741	-2.272	0.0024924
5.5741	-2.2469	0.0023094
5.5741	-2.2218	0.0017489
5.5741	-1.0921	0.0029026
5.5741	-1.0669	0.0082271
5.5741	-1.0418	0.016863
5.5741	-1.0167	0.028259
5.5741	-0.99163	0.038856
5.5741	-0.96653	0.045305
5.5741	-0.94142	0.044708
5.5741	-0.91632	0.036543
5.5741	-0.89121	0.024273
5.5741	-0.86611	0.011353
5.5741	-0.841	0.0027348
5.5741	-0.79079	0.0016968
5.5741	-0.76569	0.0046848
5.5741	-0.74059	0.006094
5.5741	-0.71548	0.004992
5.5741	-0.69038	0.002452
5.5741	-0.58996	0.0025935
5.5741	-0.56485	0.0029686
5.5741	-0.53975	0.0021268
5.5741	0.21339	0.0029066
5.5741	0.23849	0.0097962
5.5741	0.2636	0.021815
5.5741	0.2887	0.03708
5.5741	0.31381	0.051872
5.5741	0.33891	0.060964
5.5741	0.36402	0.060783
5.5741	0.38912	0.051125
5.5741	0.41423	0.035385
5.5741	0.43933	0.018893
5.5741	0.46444	0.0067545
5.5741	0.53975	0.002077
5.5741	0.56485	0.0035811
5.5741	0.58996	0.0035092
5.5741	0.61506	0.0021576
5.5741	1.5439	0.0021962
5.5741	1.569	0.0053484
5.5741	1.5941	0.0092188
5.5741	1.6192	0.012654
5.5741	1.6444	0.014422
5.5741	1.6695	0.013976
5.5741	1.6946	0.011522
5.5741	1.7197	0.0079722
5.5741	1.7448	0.0044761
5.5741	1.7699	0.0018734
5.5992	-1.0418	0.0026578
5.5992	-1.0167	0.0056607
5.5992	-0.99163	0.0094266
5.5992	-0.96653	0.012715
5.5992	-0.94142	0.014081
5.5992	-0.91632	0.012582
5.5992	-0.89121	0.0087225
5.5992	-0.86611	0.00422
5.5992	-0.76569	0.0028817
5.5992	-0.74059	0.0036527
5.5992	-0.71548	0.0029233
5.5992	-0.58996	0.002195
5.5992	-0.56485	0.0024253
5.5992	-0.53975	0.0016731
5.5992	-0.41423	0.0015804
5.5992	0.23849	0.001749
5.5992	0.2636	0.0047991
5.5992	0.2887	0.0090931
5.5992	0.31381	0.014239
5.5992	0.33891	0.018228
5.5992	0.36402	0.019486
5.5992	0.38912	0.017361
5.5992	0.41423	0.012411
5.5992	0.43933	0.0067262
5.5992	0.46444	0.0022321
5.5992	0.56485	0.001917
5.5992	0.58996	0.0017968
5.5992	1.5439	0.0030789
5.5992	1.569	0.0070371
5.5992	1.5941	0.011807
5.5992	1.6192	0.015933
5.5992	1.6444	0.018004
5.5992	1.6695	0.0173
5.5992	1.6946	0.014141
5.5992	1.7197	0.009667
5.5992	1.7448	0.0053153
5.5992	1.7699	0.0021243
5.6242	-0.56485	0.0015302
5.6242	0.36402	0.0023706
5.6242	0.38912	0.0026962
5.6242	0.41423	0.0023231
5.6242	1.5439	0.0038262
5.6242	1.569	0.0083588
5.6242	1.5941	0.01366
5.6242	1.6192	0.018113
5.6242	1.6444	0.02025
5.6242	1.6695	0.019225
5.6242	1.6946	0.015561
5.6242	1.7197	0.010458
5.6242	1.7448	0.0056178
5.6242	1.7699	0.0021214
5.6493	-1.2427	0.0015934
5.6493	-1.1172	0.002064
5.6493	-1.0921	0.004984
5.6493	-1.0669	0.0079773
5.6493	-1.0418	0.0097399
5.6493	-1.0167	0.0096163
5.6493	-0.99163	0.0077647
5.6493	-0.96653	0.0050272
5.6493	-0.94142	0.002537
5.6493	0.087866	0.001636
5.6493	0.21339	0.0018512
5.6493	0.23849	0.0032361
5.6493	0.2636	0.0039577
5.6493	0.2887	0.0037378
5.6493	0.31381	0.0027423
5.6493	1.5439	0.0043226
5.6493	1.569	0.0090095
5.6493	1.5941	0.014366
5.6493	1.6192	0.018746
5.6493	1.6444	0.020707
5.6493	1.6695	0.019458
5.6493	1.6946	0.015524
5.6493	1.7197	0.010241
5.6493	1.7448	0.0053358
5.6493	1.7699	0.0018801
5.6743	-1.2427	0.001991
5.6743	-1.2176	0.0017242
5.6743	-1.1172	0.0044278
5.6743	-1.0921	0.01054
5.6743	-1.0669	0.017487
5.6743	-1.0418	0.022945
5.6743	-1.0167	0.025074
5.6743	-0.99163	0.023155
5.6743	-0.96653	0.017927
5.6743	-0.94142	0.011572
5.6743	-0.91632	0.005999
5.6743	-0.89121	0.0022298
5.6743	0.062762	0.0019006
5.6743	0.087866	0.0020629
5.6743	0.21339	0.0043517
5.6743	0.23849	0.0080164
5.6743	0.2636	0.011012
5.6743	0.2887	0.012212
5.6743	0.31381	0.011201
5.6743	0.33891	0.0085975
5.6743	0.36402	0.0054677
5.6743	0.38912	0.0028772
5.6743	1.5439	0.0043896
5.6743	1.569	0.0088058
5.6743	1.5941	0.013722
5.6743	1.6192	0.017692
5.6743	1.6444	0.019286
5.6743	1.6695	0.017872
5.6743	1.6946	0.014082
5.6743	1.7197	0.009108
5.6743	1.7448	0.004574
5.6994	-1.2427	0.0019378
5.6994	-1.2176	0.0015692
5.6994	-1.1423	0.0015913
5.6994	-1.1172	0.0065879
5.6994	-1.0921	0.015024
5.6994	-1.0669	0.025134
5.6994	-1.0418	0.033778
5.6994	-1.0167	0.038205
5.6994	-0.99163	0.036637
5.6994	-0.96653	0.029908
5.6994	-0.94142	0.020407
5.6994	-0.91632	0.011183
5.6994	-0.89121	0.0044601
5.6994	0.062762	0.0018266
5.6994	0.087866	0.0019132
5.6994	0.18828	0.0021897
5.6994	0.21339	0.0063542
5.6994	0.23849	0.01173
5.6994	0.2636	0.016548
5.6994	0.2887	0.01911
5.6994	0.31381	0.018482
5.6994	0.33891	0.015252
5.6994	0.36402	0.010586
5.6994	0.38912	0.0060414
5.6994	0.41423	0.0026943
5.6994	1.5439	0.0040068
5.6994	1.569	0.0077826
5.6994	1.5941	0.011914
5.6994	1.6192	0.015105
5.6994	1.6444	0.016317
5.6994	1.6695	0.014986
5.6994	1.6946	0.011602
5.6994	1.7197	0.0073489
5.6994	1.7448	0.0035293
5.7244	-1.1423	0.0020448
5.7244	-1.1172	0.0075398
5.7244	-1.0921	0.016687
5.7244	-1.0669	0.02774
5.7244	-1.0418	0.037665
5.7244	-1.0167	0.043102
5.7244	-0.99163	0.042075
5.7244	-0.96653	0.035043
5.7244	-0.94142	0.02434
5.7244	-0.91632	0.013504
5.7244	-0.89121	0.0053362
5.7244	-0.76569	0.0015253
5.7244	0.18828	0.0025249
5.7244	0.21339	0.0068987
5.7244	0.23849	0.0126
5.7244	0.2636	0.017896
5.7244	0.2887	0.021027
5.7244	0.31381	0.02083
5.7244	0.33891	0.017658
5.7244	0.36402	0.012615
5.7244	0.38912	0.0074191
5.7244	0.41423	0.0033677
5.7244	1.5439	0.0032553
5.7244	1.569	0.0061479
5.7244	1.5941	0.0092641
5.7244	1.6192	0.011646
5.7244	1.6444	0.012444
5.7244	1.6695	0.011314
5.7244	1.6946	0.0086451
5.7244	1.7197	0.0053435
5.7244	1.7448	0.0024768
5.7495	-1.1423	0.0020621
5.7495	-1.1172	0.0069341
5.7495	-1.0921	0.014877
5.7495	-1.0669	0.024641
5.7495	-1.0418	0.033568
5.7495	-1.0167	0.038815
5.7495	-0.99163	0.038273
5.7495	-0.96653	0.032101
5.7495	-0.94142	0.022504
5.7495	-0.91632	0.012418
5.7495	-0.89121	0.0047569
5.7495	-0.79079	0.0019343
5.7495	-0.76569	0.0020372
5.7495	0.18828	0.0022486
5.7495	0.21339	0.0057951
5.7495	0.23849	0.010502
5.7495	0.2636	0.015046
5.7495	0.2887	0.01787
5.7495	0.31381	0.018041
5.7495	0.33891	0.015489
5.7495	0.36402	0.011234
5.7495	0.38912	0.0066583
5.7495	0.41423	0.003
5.7495	1.5439	0.0022933
5.7495	1.569	0.0042328
5.7495	1.5941	0.0063327
5.7495	1.6192	0.0079323
5.7495	1.6444	0.0084361
5.7495	1.6695	0.0076205
5.7495	1.6946	0.0057626
5.7495	1.7197	0.0034798
5.7495	1.7448	0.0015396
5.7745	-1.1423	0.0016011
5.7745	-1.1172	0.0050242
5.7745	-1.0921	0.010624
5.7745	-1.0669	0.017599
5.7745	-1.0418	0.024191
5.7745	-1.0167	0.028251
5.7745	-0.99163	0.028184
5.7745	-0.96653	0.023864
5.7745	-0.94142	0.016727
5.7745	-0.91632	0.0090913
5.7745	-0.89121	0.0033277
5.7745	-0.79079	0.0020247
5.7745	-0.76569	0.0020636
5.7745	0.21339	0.0036489
5.7745	0.23849	0.0066442
5.7745	0.2636	0.0096923
5.7745	0.2887	0.011763
5.7745	0.31381	0.012115
5.7745	0.33891	0.010603
5.7745	0.36402	0.0077969
5.7745	0.38912	0.0046427
5.7745	0.41423	0.0020598
5.7745	1.569	0.0024542
5.7745	1.5941	0.0036697
5.7745	1.6192	0.0046061
5.7745	1.6444	0.0049213
5.7745	1.6695	0.0044441
5.7745	1.6946	0.0033479
5.7745	1.7197	0.001983
5.7996	-1.1172	0.0026539
5.7996	-1.0921	0.0056577
5.7996	-1.0669	0.0096041
5.7996	-1.0418	0.013488
5.7996	-1.0167	0.016099
5.7996	-0.99163	0.01639
5.7996	-0.96653	0.014051
5.7996	-0.94142	0.0099335
5.7996	-0.91632	0.0053695
5.7996	-0.89121	0.0018012
5.7996	-0.79079	0.0016961
5.7996	-0.76569	0.00166
5.7996	0.23849	0.0028123
5.7996	0.2636	0.0043301
5.7996	0.2887	0.0055243
5.7996	0.31381	0.0059526
5.7996	0.33891	0.0054015
5.7996	0.36402	0.0040858
5.7996	0.38912	0.00247
5.7996	1.5941	0.0016648
5.7996	1.6192	0.0021338
5.7996	1.6444	0.0023242
5.7996	1.6695	0.0021284
5.7996	1.6946	0.0015999
5.8246	-1.0921	0.0019112
5.8246	-1.0669	0.0034559
5.8246	-1.0418	0.0051393
5.8246	-1.0167	0.0064835
5.8246	-0.99163	0.0068976
5.8246	-0.96653	0.0061752
5.8246	-0.94142	0.0044315
5.8246	-0.91632	0.0024172
5.8246	0.31381	0.0016706
5.8246	0.33891	0.0016953
5.8497	-0.99163	0.0016559
5.8497	-0.96653	0.0016302
5.8998	-1.1172	0.0017261
5.8998	-1.0921	0.0024486
5.8998	-1.0669	0.0028319
5.8998	-1.0418	0.0027502
5.8998	-1.0167	0.0022555
5.8998	-0.99163	0.0015443
5.8998	0.18828	0.0018433
5.8998	0.21339	0.0028603
5.8998	0.23849	0.0035012
5.8998	0.2636	0.003543
5.8998	0.2887	0.003014
5.8998	0.31381	0.0021602
5.9248	-2.3724	0.0017293
5.9248	-2.3473	0.0017526
5.9248	-1.1172	0.0027308
5.9248	-1.0921	0.0039885
5.9248	-1.0669	0.0048276
5.9248	-1.0418	0.0049487
5.9248	-1.0167	0.0043272
5.9248	-0.99163	0.0032016
5.9248	-0.96653	0.0019512
5.9248	0.18828	0.0026205
5.9248	0.21339	0.0040845
5.9248	0.23849	0.0051189
5.9248	0.2636	0.0053326
5.9248	0.2887	0.0047421
5.9248	0.31381	0.0035678
5.9248	0.33891	0.0022452
5.9499	-2.3975	0.0017557
5.9499	-2.3724	0.0020705
5.9499	-2.3473	0.0020929
5.9499	-2.3222	0.0017986
5.9499	-1.1423	0.0016697
5.9499	-1.1172	0.0030867
5.9499	-1.0921	0.0045624
5.9499	-1.0669	0.0056344
5.9499	-1.0418	0.0059251
5.9499	-1.0167	0.0053441
5.9499	-0.99163	0.0040729
5.9499	-0.96653	0.0025519
5.9499	0.18828	0.0028817
5.9499	0.21339	0.0044797
5.9499	0.23849	0.005633
5.9499	0.2636	0.0059787
5.9499	0.2887	0.005389
5.9499	0.31381	0.0041383
5.9499	0.33891	0.0026502
5.9749	-2.3975	0.001845
5.9749	-2.3724	0.002166
5.9749	-2.3473	0.0021765
5.9749	-2.3222	0.0018554
5.9749	-1.1172	0.0026515
5.9749	-1.0921	0.0039507
5.9749	-1.0669	0.0049564
5.9749	-1.0418	0.0053146
5.9749	-1.0167	0.0048694
5.9749	-0.99163	0.0037799
5.9749	-0.96653	0.0023932
5.9749	0.18828	0.0025462
5.9749	0.21339	0.0039432
5.9749	0.23849	0.0049867
5.9749	0.2636	0.005325
5.9749	0.2887	0.0048542
5.9749	0.31381	0.0037581
5.9749	0.33891	0.0024264
