-5.9749	-0.31381	0.0003884
-5.9749	-0.2887	0.00052465
-5.9749	-0.2636	0.00061084
-5.9749	-0.23849	0.00061752
-5.9749	-0.21339	0.00053703
-5.9749	-0.18828	0.00039353
-5.9749	0.94142	0.00058766
-5.9749	0.96653	0.0012403
-5.9749	0.99163	0.0020941
-5.9749	1.0167	0.0029658
-5.9749	1.0418	0.0036138
-5.9749	1.0669	0.0038144
-5.9749	1.0921	0.0034709
-5.9749	1.1172	0.0026738
-5.9749	1.1423	0.001688
-5.9749	1.1674	0.0007966
-5.9749	2.2971	0.00054852
-5.9749	2.3222	0.00094623
-5.9749	2.3473	0.0013222
-5.9749	2.3724	0.001542
-5.9749	2.3975	0.001521
-5.9749	2.4226	0.0012663
-5.9749	2.4477	0.0008713
-5.9749	2.4728	0.00047123
-5.9499	-0.33891	0.00026583
-5.9499	-0.31381	0.00041805
-5.9499	-0.2887	0.00055704
-5.9499	-0.2636	0.00064009
-5.9499	-0.23849	0.00063528
-5.9499	-0.21339	0.00054039
-5.9499	-0.18828	0.00038329
-5.9499	0.94142	0.00033286
-5.9499	0.96653	0.00065003
-5.9499	0.99163	0.0010556
-5.9499	1.0167	0.0014915
-5.9499	1.0418	0.0018227
-5.9499	1.0669	0.0019494
-5.9499	1.0921	0.0018011
-5.9499	1.1172	0.0014116
-5.9499	1.1423	0.00089562
-5.9499	1.1674	0.00042393
-5.9499	2.3222	0.00032941
-5.9499	2.3473	0.0005054
-5.9499	2.3724	0.00063292
-5.9499	2.3975	0.00066302
-5.9499	2.4226	0.0005779
-5.9499	2.4477	0.00041279
-5.9248	-0.31381	0.00038103
-5.9248	-0.2887	0.00050558
-5.9248	-0.2636	0.00057759
-5.9248	-0.23849	0.0005681
-5.9248	-0.21339	0.0004764
-5.9248	-0.18828	0.00032877
-5.9248	0.99163	0.00031229
-5.9248	1.0167	0.00043714
-5.9248	1.0418	0.00054943
-5.9248	1.0669	0.00061302
-5.9248	1.0921	0.00059429
-5.9248	1.1172	0.00048649
-5.9248	1.1423	0.00032542
-5.8998	-0.31381	0.00027721
-5.8998	-0.2887	0.00037278
-5.8998	-0.2636	0.00042898
-5.8998	-0.23849	0.0004249
-5.8998	-0.21339	0.0003545
-5.8747	1.0167	0.00026429
-5.8747	1.0418	0.00025401
-5.8747	2.272	0.00028914
-5.8747	2.2971	0.00037107
-5.8747	2.3222	0.00038215
-5.8747	2.3473	0.00032427
-5.8497	0.94142	0.00034968
-5.8497	0.96653	0.00058576
-5.8497	0.99163	0.00081818
-5.8497	1.0167	0.00095565
-5.8497	1.0418	0.00095705
-5.8497	1.0669	0.00082489
-5.8497	1.0921	0.00060543
-5.8497	1.1172	0.00036864
-5.8497	2.2469	0.00028984
-5.8497	2.272	0.00050733
-5.8497	2.2971	0.00067751
-5.8497	2.3222	0.00074157
-5.8497	2.3473	0.00068079
-5.8497	2.3724	0.00052998
-5.8497	2.3975	0.00034649
-5.8246	0.91632	0.00036339
-5.8246	0.94142	0.0007618
-5.8246	0.96653	0.0012424
-5.8246	0.99163	0.001667
-5.8246	1.0167	0.0019216
-5.8246	1.0418	0.0019112
-5.8246	1.0669	0.0016502
-5.8246	1.0921	0.0012146
-5.8246	1.1172	0.00073849
-5.8246	1.1423	0.00034569
-5.8246	2.2469	0.00038595
-5.8246	2.272	0.00066033
-5.8246	2.2971	0.00088753
-5.8246	2.3222	0.00099214
-5.8246	2.3473	0.00093935
-5.8246	2.3724	0.00076
-5.8246	2.3975	0.0005204
-5.8246	2.4226	0.00029334
-5.7996	0.91632	0.00065992
-5.7996	0.94142	0.0013053
-5.7996	0.96653	0.0020335
-5.7996	0.99163	0.0026599
-5.7996	1.0167	0.0029927
-5.7996	1.0418	0.0029199
-5.7996	1.0669	0.0024761
-5.7996	1.0921	0.001791
-5.7996	1.1172	0.0010613
-5.7996	1.1423	0.00047525
-5.7996	2.2469	0.00041249
-5.7996	2.272	0.00068677
-5.7996	2.2971	0.0009211
-5.7996	2.3222	0.0010333
-5.7996	2.3473	0.00099248
-5.7996	2.3724	0.00081701
-5.7996	2.3975	0.00057044
-5.7996	2.4226	0.00032778
-5.7745	-0.31381	0.00025786
-5.7745	0.89121	0.00036421
-5.7745	0.91632	0.0010026
-5.7745	0.94142	0.0018945
-5.7745	0.96653	0.0028542
-5.7745	0.99163	0.0036357
-5.7745	1.0167	0.0039851
-5.7745	1.0418	0.0038057
-5.7745	1.0669	0.0031474
-5.7745	1.0921	0.0022083
-5.7745	1.1172	0.001269
-5.7745	1.1423	0.00053619
-5.7745	2.2469	0.00036069
-5.7745	2.272	0.00058547
-5.7745	2.2971	0.00077787
-5.7745	2.3222	0.00087513
-5.7745	2.3473	0.00084508
-5.7745	2.3724	0.0007025
-5.7745	2.3975	0.00049426
-5.7745	2.4226	0.00028581
-5.7495	-0.36402	0.0002684
-5.7495	-0.33891	0.00037252
-5.7495	-0.31381	0.00043212
-5.7495	-0.2887	0.00042387
-5.7495	-0.2636	0.00034829
-5.7495	0.89121	0.00050834
-5.7495	0.91632	0.0012972
-5.7495	0.94142	0.0023738
-5.7495	0.96653	0.0034961
-5.7495	0.99163	0.0043576
-5.7495	1.0167	0.0046762
-5.7495	1.0418	0.0043718
-5.7495	1.0669	0.0035264
-5.7495	1.0921	0.0024069
-5.7495	1.1172	0.0013176
-5.7495	1.1423	0.00051546
-5.7495	2.2469	0.00025615
-5.7495	2.272	0.00040319
-5.7495	2.2971	0.00052883
-5.7495	2.3222	0.00059498
-5.7495	2.3473	0.00057839
-5.7495	2.3724	0.0004849
-5.7495	2.3975	0.00034349
-5.7244	-0.36402	0.00032126
-5.7244	-0.33891	0.00045104
-5.7244	-0.31381	0.00053213
-5.7244	-0.2887	0.00053076
-5.7244	-0.2636	0.00044572
-5.7244	-0.23849	0.00030599
-5.7244	0.89121	0.00059123
-5.7244	0.91632	0.0014336
-5.7244	0.94142	0.0025613
-5.7244	0.96653	0.0037132
-5.7244	0.99163	0.0045697
-5.7244	1.0167	0.0048386
-5.7244	1.0418	0.004446
-5.7244	1.0669	0.0035141
-5.7244	1.0921	0.0023222
-5.7244	1.1172	0.0012129
-5.7244	1.1423	0.00043303
-5.7244	1.2678	0.00026089
-5.7244	2.2971	0.00027225
-5.7244	2.3222	0.00030803
-5.7244	2.3473	0.00030283
-5.7244	2.3724	0.00025681
-5.6994	-0.36402	0.00030507
-5.6994	-0.33891	0.00043053
-5.6994	-0.31381	0.00051251
-5.6994	-0.2887	0.00051875
-5.6994	-0.2636	0.00043987
-5.6994	-0.23849	0.00030339
-5.6994	0.89121	0.00056143
-5.6994	0.91632	0.0013089
-5.6994	0.94142	0.0023118
-5.6994	0.96653	0.0033373
-5.6994	0.99163	0.0040859
-5.6994	1.0167	0.0043172
-5.6994	1.0418	0.003932
-5.6994	1.0669	0.0030598
-5.6994	1.0921	0.001974
-5.6994	1.1172	0.00098081
-5.6994	1.1423	0.00031561
-5.6994	1.2427	0.0002529
-5.6994	1.2678	0.00024978
-5.6743	-0.33891	0.00033901
-5.6743	-0.31381	0.00040395
-5.6743	-0.2887	0.00041108
-5.6743	-0.2636	0.00034953
-5.6743	0.89121	0.00040041
-5.6743	0.91632	0.00092543
-5.6743	0.94142	0.0016441
-5.6743	0.96653	0.002394
-5.6743	0.99163	0.0029742
-5.6743	1.0167	0.003165
-5.6743	1.0418	0.0029009
-5.6743	1.0669	0.0022508
-5.6743	1.0921	0.0014236
-5.6743	1.1172	0.00068292
-5.6493	-0.33891	0.00026004
-5.6493	-0.31381	0.00029786
-5.6493	-0.2887	0.00029327
-5.6493	0.91632	0.00042069
-5.6493	0.94142	0.00078837
-5.6493	0.96653	0.0012066
-5.6493	0.99163	0.0015704
-5.6493	1.0167	0.0017437
-5.6493	1.0418	0.0016464
-5.6493	1.0669	0.0013073
-5.6493	1.0921	0.00083083
-5.6493	1.1172	0.00038421
-5.6242	-0.33891	0.00029266
-5.6242	-0.31381	0.00030127
-5.6242	-0.2887	0.00026612
-5.6242	0.96653	0.00026969
-5.6242	0.99163	0.00042316
-5.6242	1.0167	0.00054673
-5.6242	1.0418	0.00057759
-5.6242	1.0669	0.00050327
-5.6242	1.0921	0.00034156
-5.5992	-0.38912	0.00033168
-5.5992	-0.36402	0.00043924
-5.5992	-0.33891	0.00049189
-5.5992	-0.31381	0.00047137
-5.5992	-0.2887	0.000385
-5.5992	-0.2636	0.00026325
-5.5992	2.272	0.00025772
-5.5992	2.2971	0.00027457
-5.5992	2.3222	0.00025233
-5.5741	-0.41423	0.0003533
-5.5741	-0.38912	0.000564
-5.5741	-0.36402	0.00074172
-5.5741	-0.33891	0.00082381
-5.5741	-0.31381	0.00078042
-5.5741	-0.2887	0.000625
-5.5741	-0.2636	0.00041332
-5.5741	0.89121	0.00042282
-5.5741	0.91632	0.00065008
-5.5741	0.94142	0.00076107
-5.5741	0.96653	0.00072409
-5.5741	0.99163	0.0005611
-5.5741	1.0167	0.00035111
-5.5741	2.2469	0.00034116
-5.5741	2.272	0.00041444
-5.5741	2.2971	0.00043126
-5.5741	2.3222	0.00038846
-5.5741	2.3473	0.00030321
-5.5491	-0.43933	0.00024973
-5.5491	-0.41423	0.00050484
-5.5491	-0.38912	0.00080006
-5.5491	-0.36402	0.0010509
-5.5491	-0.33891	0.0011702
-5.5491	-0.31381	0.0011087
-5.5491	-0.2887	0.00088613
-5.5491	-0.2636	0.0005791
-5.5491	-0.23849	0.0002883
-5.5491	0.86611	0.00044952
-5.5491	0.89121	0.00099651
-5.5491	0.91632	0.0015602
-5.5491	0.94142	0.0019553
-5.5491	0.96653	0.0020295
-5.5491	0.99163	0.0017667
-5.5491	1.0167	0.0012856
-5.5491	1.0418	0.00076431
-5.5491	1.0669	0.00034816
-5.5491	2.2218	0.00033833
-5.5491	2.2469	0.00047681
-5.5491	2.272	0.00056373
-5.5491	2.2971	0.00057266
-5.5491	2.3222	0.00050471
-5.5491	2.3473	0.00038458
-5.524	-0.43933	0.00029796
-5.524	-0.41423	0.00059302
-5.524	-0.38912	0.00093834
-5.524	-0.36402	0.0012345
-5.524	-0.33891	0.0013795
-5.524	-0.31381	0.001311
-5.524	-0.2887	0.0010462
-5.524	-0.2636	0.0006771
-5.524	-0.23849	0.00032606
-5.524	0.86611	0.0007188
-5.524	0.89121	0.0015478
-5.524	0.91632	0.0024569
-5.524	0.94142	0.0031407
-5.524	0.96653	0.0033596
-5.524	0.99163	0.0030454
-5.524	1.0167	0.00232
-5.524	1.0418	0.0014599
-5.524	1.0669	0.00070948
-5.524	2.2218	0.0004213
-5.524	2.2469	0.00057925
-5.524	2.272	0.00066956
-5.524	2.2971	0.00066635
-5.524	2.3222	0.00057407
-5.524	2.3473	0.00042759
-5.524	2.3724	0.00026896
-5.499	-0.43933	0.00029034
-5.499	-0.41423	0.00056991
-5.499	-0.38912	0.00090093
-5.499	-0.36402	0.001193
-5.499	-0.33891	0.0013419
-5.499	-0.31381	0.0012828
-5.499	-0.2887	0.0010248
-5.499	-0.2636	0.00065745
-5.499	-0.23849	0.00030552
-5.499	0.841	0.00025062
-5.499	0.86611	0.00086821
-5.499	0.89121	0.001826
-5.499	0.91632	0.0028997
-5.499	0.94142	0.0037526
-5.499	0.96653	0.0040804
-5.499	0.99163	0.0037698
-5.499	1.0167	0.0029357
-5.499	1.0418	0.0018759
-5.499	1.0669	0.00092366
-5.499	1.0921	0.00029759
-5.499	2.1967	0.00026877
-5.499	2.2218	0.00045022
-5.499	2.2469	0.00060797
-5.499	2.272	0.00069296
-5.499	2.2971	0.00068037
-5.499	2.3222	0.00057664
-5.499	2.3473	0.00042041
-5.499	2.3724	0.00025661
-5.4739	-0.41423	0.00043838
-5.4739	-0.38912	0.00070116
-5.4739	-0.36402	0.00093883
-5.4739	-0.33891	0.0010686
-5.4739	-0.31381	0.0010319
-5.4739	-0.2887	0.00082914
-5.4739	-0.2636	0.00052723
-5.4739	0.841	0.00025849
-5.4739	0.86611	0.00082632
-5.4739	0.89121	0.001711
-5.4739	0.91632	0.00271
-5.4739	0.94142	0.0035291
-5.4739	0.96653	0.0038879
-5.4739	0.99163	0.0036323
-5.4739	1.0167	0.0028612
-5.4739	1.0418	0.0018392
-5.4739	1.0669	0.00089879
-5.4739	1.0921	0.00027067
-5.4739	2.2218	0.00040234
-5.4739	2.2469	0.00053964
-5.4739	2.272	0.00061196
-5.4739	2.2971	0.00059849
-5.4739	2.3222	0.00050261
-5.4739	2.3473	0.00036088
-5.4489	-0.41423	0.00026513
-5.4489	-0.38912	0.00043115
-5.4489	-0.36402	0.00058778
-5.4489	-0.33891	0.00068311
-5.4489	-0.31381	0.00067106
-5.4489	-0.2887	0.00054604
-5.4489	-0.2636	0.00034845
-5.4489	0.86611	0.00067306
-5.4489	0.89121	0.0013465
-5.4489	0.91632	0.0021103
-5.4489	0.94142	0.0027427
-5.4489	0.96653	0.0030216
-5.4489	0.99163	0.0028421
-5.4489	1.0167	0.0022437
-5.4489	1.0418	0.0014421
-5.4489	1.0669	0.00069031
-5.4489	2.2218	0.00028323
-5.4489	2.2469	0.00038354
-5.4489	2.272	0.00044079
-5.4489	2.2971	0.00043396
-5.4489	2.3222	0.00036611
-5.4489	2.3473	0.00026169
-5.4238	-0.36402	0.00031714
-5.4238	-0.33891	0.00036677
-5.4238	-0.31381	0.00036291
-5.4238	-0.2887	0.00029783
-5.4238	0.841	0.00025296
-5.4238	0.86611	0.00064152
-5.4238	0.89121	0.0011616
-5.4238	0.91632	0.0016792
-5.4238	0.94142	0.0020688
-5.4238	0.96653	0.002194
-5.4238	0.99163	0.0020021
-5.4238	1.0167	0.0015437
-5.4238	1.0418	0.0009678
-5.4238	1.0669	0.00044249
-5.3987	-0.36402	0.00027528
-5.3987	-0.33891	0.00027109
-5.3987	0.841	0.00048406
-5.3987	0.86611	0.0010299
-5.3987	0.89121	0.0016308
-5.3987	0.91632	0.0020964
-5.3987	0.94142	0.0022948
-5.3987	0.96653	0.0021758
-5.3987	0.99163	0.0017913
-5.3987	1.0167	0.0012566
-5.3987	1.0418	0.00071463
-5.3987	1.0669	0.00029666
-5.3737	-0.43933	0.00028801
-5.3737	-0.41423	0.00040914
-5.3737	-0.38912	0.00048616
-5.3737	-0.36402	0.00049455
-5.3737	-0.33891	0.00043224
-5.3737	-0.31381	0.00032651
-5.3737	0.69038	0.00033073
-5.3737	0.71548	0.0003718
-5.3737	0.74059	0.00025494
-5.3737	0.8159	0.00030074
-5.3737	0.841	0.001008
-5.3737	0.86611	0.0020073
-5.3737	0.89121	0.0030136
-5.3737	0.91632	0.0036831
-5.3737	0.94142	0.003806
-5.3737	0.96653	0.0033709
-5.3737	0.99163	0.0025517
-5.3737	1.0167	0.0016181
-5.3737	1.0418	0.00082467
-5.3737	1.0669	0.00029676
-5.3486	-0.46444	0.00028332
-5.3486	-0.43933	0.00050195
-5.3486	-0.41423	0.00071549
-5.3486	-0.38912	0.00085517
-5.3486	-0.36402	0.00086775
-5.3486	-0.33891	0.0007512
-5.3486	-0.31381	0.00054595
-5.3486	-0.2887	0.00032077
-5.3486	0.66527	0.00025755
-5.3486	0.69038	0.00043815
-5.3486	0.71548	0.00046456
-5.3486	0.74059	0.00029247
-5.3486	0.8159	0.00059364
-5.3486	0.841	0.001776
-5.3486	0.86611	0.003436
-5.3486	0.89121	0.0050715
-5.3486	0.91632	0.0061407
-5.3486	0.94142	0.0062927
-5.3486	0.96653	0.0055069
-5.3486	0.99163	0.0040957
-5.3486	1.0167	0.0025164
-5.3486	1.0418	0.0012096
-5.3486	1.0669	0.0003915
-5.3236	-0.46444	0.00038257
-5.3236	-0.43933	0.00067538
-5.3236	-0.41423	0.00097023
-5.3236	-0.38912	0.0011705
-5.3236	-0.36402	0.0012007
-5.3236	-0.33891	0.0010456
-5.3236	-0.31381	0.00075624
-5.3236	-0.2887	0.00043406
-5.3236	0.66527	0.00029659
-5.3236	0.69038	0.00047309
-5.3236	0.71548	0.0004785
-5.3236	0.74059	0.00027083
-5.3236	0.8159	0.00091786
-5.3236	0.841	0.0025862
-5.3236	0.86611	0.0048369
-5.3236	0.89121	0.0070794
-5.3236	0.91632	0.0085895
-5.3236	0.94142	0.0088087
-5.3236	0.96653	0.0077249
-5.3236	0.99163	0.0057193
-5.3236	1.0167	0.0034828
-5.3236	1.0418	0.0016227
-5.3236	1.0669	0.00048121
-5.3236	1.1674	0.00025604
-5.3236	2.1967	0.00026708
-5.3236	2.2218	0.0003107
-5.3236	2.2469	0.00029767
-5.2985	-0.46444	0.00040729
-5.2985	-0.43933	0.00071917
-5.2985	-0.41423	0.0010395
-5.2985	-0.38912	0.0012667
-5.2985	-0.36402	0.0013122
-5.2985	-0.33891	0.0011522
-5.2985	-0.31381	0.00083394
-5.2985	-0.2887	0.0004698
-5.2985	0.66527	0.000272
-5.2985	0.69038	0.00040894
-5.2985	0.71548	0.00039423
-5.2985	0.8159	0.0011478
-5.2985	0.841	0.0030438
-5.2985	0.86611	0.0056058
-5.2985	0.89121	0.0081701
-5.2985	0.91632	0.0099249
-5.2985	0.94142	0.010227
-5.2985	0.96653	0.0090097
-5.2985	0.99163	0.0066722
-5.2985	1.0167	0.0040282
-5.2985	1.0418	0.0018191
-5.2985	1.0669	0.00048976
-5.2985	1.1423	0.00029786
-5.2985	1.1674	0.00039452
-5.2985	1.1925	0.00031637
-5.2985	2.1715	0.00028175
-5.2985	2.1967	0.00041509
-5.2985	2.2218	0.0004944
-5.2985	2.2469	0.00048835
-5.2985	2.272	0.00040916
-5.2985	2.2971	0.00028803
-5.2735	-0.46444	0.00033591
-5.2735	-0.43933	0.00059824
-5.2735	-0.41423	0.00087622
-5.2735	-0.38912	0.0010845
-5.2735	-0.36402	0.0011414
-5.2735	-0.33891	0.0010096
-5.2735	-0.31381	0.00073085
-5.2735	-0.2887	0.00040563
-5.2735	0.69038	0.00027571
-5.2735	0.71548	0.00025089
-5.2735	0.8159	0.0011529
-5.2735	0.841	0.0029241
-5.2735	0.86611	0.0053171
-5.2735	0.89121	0.0077479
-5.2735	0.91632	0.0094713
-5.2735	0.94142	0.0098361
-5.2735	0.96653	0.0087118
-5.2735	0.99163	0.006458
-5.2735	1.0167	0.0038652
-5.2735	1.0418	0.0017001
-5.2735	1.0669	0.00040802
-5.2735	1.1423	0.00040964
-5.2735	1.1674	0.00050704
-5.2735	1.1925	0.00038747
-5.2735	2.1715	0.00033
-5.2735	2.1967	0.00048668
-5.2735	2.2218	0.00058557
-5.2735	2.2469	0.00058723
-5.2735	2.272	0.00050121
-5.2735	2.2971	0.00036013
-5.2484	-0.43933	0.00037528
-5.2484	-0.41423	0.00056365
-5.2484	-0.38912	0.00071444
-5.2484	-0.36402	0.0007692
-5.2484	-0.33891	0.00069361
-5.2484	-0.31381	0.00050811
-5.2484	-0.2887	0.00027737
-5.2484	0.8159	0.00089972
-5.2484	0.841	0.0022199
-5.2484	0.86611	0.0040409
-5.2484	0.89121	0.0059412
-5.2484	0.91632	0.0073501
-5.2484	0.94142	0.0077398
-5.2484	0.96653	0.0069205
-5.2484	0.99163	0.0051576
-5.2484	1.0167	0.0030696
-5.2484	1.0418	0.0013074
-5.2484	1.0669	0.00027476
-5.2484	1.1423	0.0004558
-5.2484	1.1674	0.00053587
-5.2484	1.1925	0.00039592
-5.2484	2.1715	0.00030681
-5.2484	2.1967	0.00045266
-5.2484	2.2218	0.00054657
-5.2484	2.2469	0.00055526
-5.2484	2.272	0.00047856
-5.2484	2.2971	0.00034733
-5.2234	-0.41423	0.00027496
-5.2234	-0.38912	0.00035484
-5.2234	-0.36402	0.00039098
-5.2234	-0.33891	0.0003614
-5.2234	-0.31381	0.00027048
-5.2234	0.8159	0.00055231
-5.2234	0.841	0.0013203
-5.2234	0.86611	0.0024082
-5.2234	0.89121	0.0036073
-5.2234	0.91632	0.0045416
-5.2234	0.94142	0.0048781
-5.2234	0.96653	0.004434
-5.2234	0.99163	0.0033547
-5.2234	1.0167	0.0020001
-5.2234	1.0418	0.00083034
-5.2234	1.1423	0.00041872
-5.2234	1.1674	0.00047243
-5.2234	1.1925	0.00033795
-5.2234	2.1967	0.0003501
-5.2234	2.2218	0.00042092
-5.2234	2.2469	0.00042856
-5.2234	2.272	0.00037123
-5.2234	2.2971	0.00027004
-5.1983	0.8159	0.00041126
-5.1983	0.841	0.00084199
-5.1983	0.86611	0.0013943
-5.1983	0.89121	0.0019848
-5.1983	0.91632	0.00244
-5.1983	0.94142	0.0026015
-5.1983	0.96653	0.0023878
-5.1983	0.99163	0.0018148
-5.1983	1.0167	0.0010857
-5.1983	1.0418	0.00045048
-5.1983	1.1423	0.00030682
-5.1983	1.1674	0.00034159
-5.1983	2.1967	0.00027758
-5.1983	2.2218	0.00031544
-5.1983	2.2469	0.0003089
-5.1983	2.272	0.0002598
-5.1733	-0.46444	0.00029075
-5.1733	-0.43933	0.00036616
-5.1733	-0.41423	0.00038819
-5.1733	-0.38912	0.00035448
-5.1733	-0.36402	0.00027692
-5.1733	0.79079	0.00031197
-5.1733	0.8159	0.0007612
-5.1733	0.841	0.0012926
-5.1733	0.86611	0.0017553
-5.1733	0.89121	0.0020474
-5.1733	0.91632	0.002096
-5.1733	0.94142	0.0019116
-5.1733	0.96653	0.0015477
-5.1733	0.99163	0.001081
-5.1733	1.0167	0.00060741
-5.1733	2.1715	0.00028279
-5.1733	2.1967	0.00033825
-5.1733	2.2218	0.00034275
-5.1733	2.2469	0.00030076
-5.1482	-0.48954	0.00035655
-5.1482	-0.46444	0.00056065
-5.1482	-0.43933	0.00072179
-5.1482	-0.41423	0.00077997
-5.1482	-0.38912	0.00071715
-5.1482	-0.36402	0.00055699
-5.1482	-0.33891	0.00035781
-5.1482	0.64017	0.00026679
-5.1482	0.66527	0.00036781
-5.1482	0.69038	0.00031512
-5.1482	0.79079	0.0007286
-5.1482	0.8159	0.0016694
-5.1482	0.841	0.0027569
-5.1482	0.86611	0.0035897
-5.1482	0.89121	0.003932
-5.1482	0.91632	0.0036951
-5.1482	0.94142	0.0029979
-5.1482	0.96653	0.0020794
-5.1482	0.99163	0.0012291
-5.1482	1.0167	0.00057273
-5.1482	2.1464	0.00036548
-5.1482	2.1715	0.00051144
-5.1482	2.1967	0.00058021
-5.1482	2.2218	0.00055531
-5.1482	2.2469	0.00045382
-5.1482	2.272	0.0003185
-5.1232	-0.48954	0.00050586
-5.1232	-0.46444	0.00080359
-5.1232	-0.43933	0.0010512
-5.1232	-0.41423	0.0011601
-5.1232	-0.38912	0.0010864
-5.1232	-0.36402	0.00085677
-5.1232	-0.33891	0.00055043
-5.1232	-0.31381	0.00026886
-5.1232	0.64017	0.00034268
-5.1232	0.66527	0.00045229
-5.1232	0.69038	0.00036788
-5.1232	0.76569	0.00030509
-5.1232	0.79079	0.0012804
-5.1232	0.8159	0.0028728
-5.1232	0.841	0.004689
-5.1232	0.86611	0.0061704
-5.1232	0.89121	0.0068081
-5.1232	0.91632	0.0063915
-5.1232	0.94142	0.0051212
-5.1232	0.96653	0.0034704
-5.1232	0.99163	0.0018972
-5.1232	1.0167	0.00077334
-5.1232	2.1213	0.00034073
-5.1232	2.1464	0.00061599
-5.1232	2.1715	0.00084614
-5.1232	2.1967	0.00095103
-5.1232	2.2218	0.00090136
-5.1232	2.2469	0.00072849
-5.1232	2.272	0.00049857
-5.1232	2.2971	0.00028262
-5.0981	-0.51464	0.00026793
-5.0981	-0.48954	0.00054572
-5.0981	-0.46444	0.00087562
-5.0981	-0.43933	0.0011647
-5.0981	-0.41423	0.0013076
-5.0981	-0.38912	0.001247
-5.0981	-0.36402	0.00099295
-5.0981	-0.33891	0.00063814
-5.0981	-0.31381	0.00030181
-5.0981	0.64017	0.00033711
-5.0981	0.66527	0.00042702
-5.0981	0.69038	0.00032788
-5.0981	0.76569	0.00046949
-5.0981	0.79079	0.0017525
-5.0981	0.8159	0.0038266
-5.0981	0.841	0.0062288
-5.0981	0.86611	0.0082494
-5.0981	0.89121	0.0091585
-5.0981	0.91632	0.0087074
-5.0981	0.94142	0.0070203
-5.0981	0.96653	0.0047232
-5.0981	0.99163	0.0025448
-5.0981	1.0167	0.00096827
-5.0981	1.1172	0.00025721
-5.0981	1.1423	0.00027808
-5.0981	2.1213	0.00048711
-5.0981	2.1464	0.00085682
-5.0981	2.1715	0.0011679
-5.0981	2.1967	0.0013121
-5.0981	2.2218	0.0012433
-5.0981	2.2469	0.0010062
-5.0981	2.272	0.00068678
-5.0981	2.2971	0.00038587
-5.0731	-0.48954	0.00043533
-5.0731	-0.46444	0.00071403
-5.0731	-0.43933	0.0009737
-5.0731	-0.41423	0.0011193
-5.0731	-0.38912	0.0010873
-5.0731	-0.36402	0.00087588
-5.0731	-0.33891	0.00056285
-5.0731	-0.31381	0.00025529
-5.0731	0.64017	0.00025303
-5.0731	0.66527	0.00030823
-5.0731	0.76569	0.00054696
-5.0731	0.79079	0.0018783
-5.0731	0.8159	0.0040105
-5.0731	0.841	0.0065345
-5.0731	0.86611	0.0087124
-5.0731	0.89121	0.0097786
-5.0731	0.91632	0.0093968
-5.0731	0.94142	0.0076372
-5.0731	0.96653	0.0051451
-5.0731	0.99163	0.0027204
-5.0731	1.0167	0.00097732
-5.0731	1.1172	0.00041086
-5.0731	1.1423	0.00041028
-5.0731	1.1674	0.00026543
-5.0731	2.1213	0.00056892
-5.0731	2.1464	0.00098072
-5.0731	2.1715	0.0013316
-5.0731	2.1967	0.0014969
-5.0731	2.2218	0.0014242
-5.0731	2.2469	0.001156
-5.0731	2.272	0.00078871
-5.0731	2.2971	0.00043936
-5.048	-0.46444	0.00039763
-5.048	-0.43933	0.00057054
-5.048	-0.41423	0.00068533
-5.048	-0.38912	0.00068744
-5.048	-0.36402	0.0005685
-5.048	-0.33891	0.00036574
-5.048	0.76569	0.00047919
-5.048	0.79079	0.0015405
-5.048	0.8159	0.0032652
-5.048	0.841	0.0053585
-5.048	0.86611	0.0072495
-5.048	0.89121	0.0082667
-5.048	0.91632	0.0080559
-5.048	0.94142	0.0066177
-5.048	0.96653	0.0044732
-5.048	0.99163	0.0023239
-5.048	1.0167	0.00077729
-5.048	1.0921	0.00031272
-5.048	1.1172	0.00051028
-5.048	1.1423	0.0004804
-5.048	1.1674	0.0002879
-5.048	2.1213	0.00053959
-5.048	2.1464	0.00091884
-5.048	2.1715	0.0012474
-5.048	2.1967	0.0014075
-5.048	2.2218	0.001351
-5.048	2.2469	0.0011025
-5.048	2.272	0.00075358
-5.048	2.2971	0.00041648
-5.023	-0.38912	0.00026695
-5.023	0.76569	0.00030186
-5.023	0.79079	0.0009438
-5.023	0.8159	0.0019879
-5.023	0.841	0.0033137
-5.023	0.86611	0.0045942
-5.023	0.89121	0.0053796
-5.023	0.91632	0.0053598
-5.023	0.94142	0.0044834
-5.023	0.96653	0.0030795
-5.023	0.99163	0.0015755
-5.023	1.0167	0.00049373
-5.023	1.0921	0.00032824
-5.023	1.1172	0.00049674
-5.023	1.1423	0.00044895
-5.023	1.1674	0.00025112
-5.023	2.1213	0.00040842
-5.023	2.1464	0.00068991
-5.023	2.1715	0.00094325
-5.023	2.1967	0.0010794
-5.023	2.2218	0.0010486
-5.023	2.2469	0.0008656
-5.023	2.272	0.00059407
-5.023	2.2971	0.00032692
-4.9979	0.79079	0.0005151
-4.9979	0.8159	0.0010016
-4.9979	0.841	0.0016085
-4.9979	0.86611	0.0022154
-4.9979	0.89121	0.0026416
-4.9979	0.91632	0.0026944
-4.9979	0.94142	0.0023114
-4.9979	0.96653	0.001613
-4.9979	0.99163	0.00083147
-4.9979	1.0921	0.00025855
-4.9979	1.1172	0.00037558
-4.9979	1.1423	0.00033
-4.9979	2.1464	0.00040809
-4.9979	2.1715	0.00056736
-4.9979	2.1967	0.00066004
-4.9979	2.2218	0.0006538
-4.9979	2.2469	0.00054904
-4.9979	2.272	0.00038206
-4.9729	-0.51464	0.00025007
-4.9729	-0.48954	0.00033887
-4.9729	-0.46444	0.00037973
-4.9729	-0.43933	0.00035883
-4.9729	-0.41423	0.00028652
-4.9729	0.76569	0.00039249
-4.9729	0.79079	0.00076019
-4.9729	0.8159	0.0011257
-4.9729	0.841	0.0013923
-4.9729	0.86611	0.0015194
-4.9729	0.89121	0.0015168
-4.9729	0.91632	0.0013467
-4.9729	0.94142	0.0010726
-4.9729	0.96653	0.00071813
-4.9729	0.99163	0.00036227
-4.9729	2.1715	0.00030812
-4.9729	2.1967	0.00034988
-4.9729	2.2218	0.00034443
-4.9729	2.2469	0.00029098
-4.9478	-0.53975	0.00032438
-4.9478	-0.51464	0.00058291
-4.9478	-0.48954	0.00082747
-4.9478	-0.46444	0.00097924
-4.9478	-0.43933	0.00098752
-4.9478	-0.41423	0.0008437
-4.9478	-0.38912	0.00060346
-4.9478	-0.36402	0.00035282
-4.9478	0.61506	0.00037167
-4.9478	0.64017	0.00040822
-4.9478	0.66527	0.00027326
-4.9478	0.74059	0.00030941
-4.9478	0.76569	0.00097475
-4.9478	0.79079	0.0018758
-4.9478	0.8159	0.0026611
-4.9478	0.841	0.0030946
-4.9478	0.86611	0.0030314
-4.9478	0.89121	0.0025455
-4.9478	0.91632	0.0018576
-4.9478	0.94142	0.0011517
-4.9478	0.96653	0.00060393
-4.9478	2.1464	0.00029015
-4.9478	2.1715	0.00031306
-4.9478	2.1967	0.00029856
-4.9478	2.2218	0.00024971
-4.9228	-0.53975	0.00051277
-4.9228	-0.51464	0.00092009
-4.9228	-0.48954	0.0013332
-4.9228	-0.46444	0.0016181
-4.9228	-0.43933	0.0016694
-4.9228	-0.41423	0.0014731
-4.9228	-0.38912	0.001084
-4.9228	-0.36402	0.00064526
-4.9228	-0.33891	0.00028206
-4.9228	0.58996	0.00028115
-4.9228	0.61506	0.00047818
-4.9228	0.64017	0.00051013
-4.9228	0.66527	0.00032295
-4.9228	0.74059	0.00061871
-4.9228	0.76569	0.0018504
-4.9228	0.79079	0.0035093
-4.9228	0.8159	0.0050646
-4.9228	0.841	0.0059832
-4.9228	0.86611	0.0059924
-4.9228	0.89121	0.0050931
-4.9228	0.91632	0.0036669
-4.9228	0.94142	0.0021785
-4.9228	0.96653	0.0010258
-4.9228	0.99163	0.00033113
-4.9228	2.0962	0.00031192
-4.9228	2.1213	0.0004781
-4.9228	2.1464	0.00058247
-4.9228	2.1715	0.00059156
-4.9228	2.1967	0.00051271
-4.9228	2.2218	0.00038362
-4.8977	-0.56485	0.00026139
-4.8977	-0.53975	0.00061954
-4.8977	-0.51464	0.0011105
-4.8977	-0.48954	0.0016219
-4.8977	-0.46444	0.0019979
-4.8977	-0.43933	0.0020925
-4.8977	-0.41423	0.0018716
-4.8977	-0.38912	0.0013899
-4.8977	-0.36402	0.00082369
-4.8977	-0.33891	0.0003464
-4.8977	0.58996	0.00028739
-4.8977	0.61506	0.00047004
-4.8977	0.64017	0.00048652
-4.8977	0.66527	0.00028843
-4.8977	0.74059	0.00091866
-4.8977	0.76569	0.0026026
-4.8977	0.79079	0.0048873
-4.8977	0.8159	0.0071459
-4.8977	0.841	0.0086167
-4.8977	0.86611	0.0088016
-4.8977	0.89121	0.0076158
-4.8977	0.91632	0.0055779
-4.8977	0.94142	0.0033365
-4.8977	0.96653	0.0015367
-4.8977	0.99163	0.0004465
-4.8977	2.0962	0.00053066
-4.8977	2.1213	0.00081136
-4.8977	2.1464	0.00098861
-4.8977	2.1715	0.0010096
-4.8977	2.1967	0.00087632
-4.8977	2.2218	0.00064655
-4.8977	2.2469	0.00040362
-4.8727	-0.53975	0.00057933
-4.8727	-0.51464	0.0010398
-4.8727	-0.48954	0.0015392
-4.8727	-0.46444	0.0019184
-4.8727	-0.43933	0.0020412
-4.8727	-0.41423	0.0018441
-4.8727	-0.38912	0.0013759
-4.8727	-0.36402	0.00080809
-4.8727	-0.33891	0.00032403
-4.8727	0.61506	0.00034054
-4.8727	0.64017	0.00034542
-4.8727	0.74059	0.001019
-4.8727	0.76569	0.002772
-4.8727	0.79079	0.0052034
-4.8727	0.8159	0.007701
-4.8727	0.841	0.0094473
-4.8727	0.86611	0.0097962
-4.8727	0.89121	0.0086386
-4.8727	0.91632	0.0063909
-4.8727	0.94142	0.00383
-4.8727	0.96653	0.0017118
-4.8727	0.99163	0.00044975
-4.8727	1.0669	0.00030217
-4.8727	1.0921	0.00038153
-4.8727	1.1172	0.0002977
-4.8727	2.0711	0.00034159
-4.8727	2.0962	0.00070066
-4.8727	2.1213	0.0010669
-4.8727	2.1464	0.0013086
-4.8727	2.1715	0.0013466
-4.8727	2.1967	0.0011798
-4.8727	2.2218	0.0008765
-4.8727	2.2469	0.00054518
-4.8727	2.272	0.00027066
-4.8476	-0.53975	0.00040626
-4.8476	-0.51464	0.00074162
-4.8476	-0.48954	0.0011184
-4.8476	-0.46444	0.0014274
-4.8476	-0.43933	0.0015467
-4.8476	-0.41423	0.0014192
-4.8476	-0.38912	0.0010667
-4.8476	-0.36402	0.00062024
-4.8476	0.74059	0.00079667
-4.8476	0.76569	0.002163
-4.8476	0.79079	0.0041101
-4.8476	0.8159	0.0062237
-4.8476	0.841	0.007811
-4.8476	0.86611	0.0082887
-4.8476	0.89121	0.007463
-4.8476	0.91632	0.0055794
-4.8476	0.94142	0.0033426
-4.8476	0.96653	0.0014471
-4.8476	0.99163	0.00033008
-4.8476	1.0669	0.00042154
-4.8476	1.0921	0.00050021
-4.8476	1.1172	0.00037528
-4.8476	2.0711	0.00036197
-4.8476	2.0962	0.00072773
-4.8476	2.1213	0.001106
-4.8476	2.1464	0.0013652
-4.8476	2.1715	0.0014192
-4.8476	2.1967	0.0012572
-4.8476	2.2218	0.00094089
-4.8476	2.2469	0.00058553
-4.8476	2.272	0.00028569
-4.8225	-0.51464	0.0003799
-4.8225	-0.48954	0.00059048
-4.8225	-0.46444	0.00077797
-4.8225	-0.43933	0.00087344
-4.8225	-0.41423	0.00082334
-4.8225	-0.38912	0.00063119
-4.8225	-0.36402	0.00036598
-4.8225	0.74059	0.00035379
-4.8225	0.76569	0.001033
-4.8225	0.79079	0.0021177
-4.8225	0.8159	0.0034074
-4.8225	0.841	0.0045149
-4.8225	0.86611	0.0050065
-4.8225	0.89121	0.0046623
-4.8225	0.91632	0.0035818
-4.8225	0.94142	0.0021547
-4.8225	0.96653	0.00089897
-4.8225	1.0669	0.0004421
-4.8225	1.0921	0.00049662
-4.8225	1.1172	0.00035561
-4.8225	2.0711	0.00029482
-4.8225	2.0962	0.00058723
-4.8225	2.1213	0.00089799
-4.8225	2.1464	0.0011222
-4.8225	2.1715	0.0011878
-4.8225	2.1967	0.0010655
-4.8225	2.2218	0.00080482
-4.8225	2.2469	0.00050155
-4.7975	-0.48954	0.00026391
-4.7975	-0.46444	0.00033642
-4.7975	-0.43933	0.00037355
-4.7975	-0.41423	0.0003554
-4.7975	-0.38912	0.00027577
-4.7975	0.79079	0.00048878
-4.7975	0.8159	0.0009296
-4.7975	0.841	0.0014057
-4.7975	0.86611	0.0017572
-4.7975	0.89121	0.0017887
-4.7975	0.91632	0.0014685
-4.7975	0.94142	0.00091448
-4.7975	0.96653	0.00035796
-4.7975	1.0669	0.00034146
-4.7975	1.0921	0.00036706
-4.7975	1.1172	0.00025037
-4.7975	2.0962	0.00035433
-4.7975	2.1213	0.00055043
-4.7975	2.1464	0.00070545
-4.7975	2.1715	0.00076388
-4.7975	2.1967	0.00070178
-4.7975	2.2218	0.00053944
-4.7975	2.2469	0.0003377
-4.7724	-0.53975	0.00025078
-4.7724	-0.51464	0.00032628
-4.7724	-0.48954	0.00035743
-4.7724	-0.46444	0.00034444
-4.7724	-0.43933	0.00029124
-4.7724	0.74059	0.0003244
-4.7724	0.76569	0.00048169
-4.7724	0.79079	0.00054445
-4.7724	0.8159	0.00053292
-4.7724	0.841	0.00048649
-4.7724	0.86611	0.00044343
-4.7724	0.89121	0.00039685
-4.7724	0.91632	0.00032391
-4.7724	2.1213	0.00026448
-4.7724	2.1464	0.00033877
-4.7724	2.1715	0.00037211
-4.7724	2.1967	0.00034969
-4.7724	2.2218	0.0002759
-4.7474	-0.56485	0.00036862
-4.7474	-0.53975	0.00059927
-4.7474	-0.51464	0.00078447
-4.7474	-0.48954	0.00086173
-4.7474	-0.46444	0.00080431
-4.7474	-0.43933	0.00063656
-4.7474	-0.41423	0.00042003
-4.7474	0.56485	0.00031699
-4.7474	0.58996	0.00045158
-4.7474	0.61506	0.00040183
-4.7474	0.71548	0.00063359
-4.7474	0.74059	0.0014774
-4.7474	0.76569	0.0023858
-4.7474	0.79079	0.0029829
-4.7474	0.8159	0.0030875
-4.7474	0.841	0.0026868
-4.7474	0.86611	0.0019818
-4.7474	0.89121	0.0012385
-4.7474	0.91632	0.0006398
-4.7474	0.94142	0.00025827
-4.7223	-0.58996	0.00029022
-4.7223	-0.56485	0.00061844
-4.7223	-0.53975	0.0010093
-4.7223	-0.51464	0.0013467
-4.7223	-0.48954	0.0015197
-4.7223	-0.46444	0.0014526
-4.7223	-0.43933	0.0011739
-4.7223	-0.41423	0.00078244
-4.7223	-0.38912	0.00040195
-4.7223	0.56485	0.00047805
-4.7223	0.58996	0.00065185
-4.7223	0.61506	0.00055641
-4.7223	0.69038	0.00031152
-4.7223	0.71548	0.0014432
-4.7223	0.74059	0.0033449
-4.7223	0.76569	0.0055022
-4.7223	0.79079	0.007215
-4.7223	0.8159	0.0078913
-4.7223	0.841	0.0073254
-4.7223	0.86611	0.0058011
-4.7223	0.89121	0.0038496
-4.7223	0.91632	0.0021012
-4.7223	0.94142	0.00087464
-4.7223	2.0711	0.00033628
-4.7223	2.0962	0.0004481
-4.7223	2.1213	0.00048283
-4.7223	2.1464	0.00043719
-4.7223	2.1715	0.00033923
-4.6973	-0.58996	0.00036364
-4.6973	-0.56485	0.00076558
-4.6973	-0.53975	0.0012588
-4.6973	-0.51464	0.001709
-4.6973	-0.48954	0.001962
-4.6973	-0.46444	0.001914
-4.6973	-0.43933	0.0015723
-4.6973	-0.41423	0.001056
-4.6973	-0.38912	0.00054144
-4.6973	0.56485	0.00053988
-4.6973	0.58996	0.00070206
-4.6973	0.61506	0.00056939
-4.6973	0.69038	0.00056001
-4.6973	0.71548	0.0023211
-4.6973	0.74059	0.0052133
-4.6973	0.76569	0.0086216
-4.6973	0.79079	0.011517
-4.6973	0.8159	0.012889
-4.6973	0.841	0.01231
-4.6973	0.86611	0.01002
-4.6973	0.89121	0.0068515
-4.6973	0.91632	0.0038084
-4.6973	0.94142	0.001561
-4.6973	0.96653	0.00036871
-4.6973	1.0669	0.0002609
-4.6973	2.046	0.00035238
-4.6973	2.0711	0.00062783
-4.6973	2.0962	0.00084461
-4.6973	2.1213	0.00092915
-4.6973	2.1464	0.00085772
-4.6973	2.1715	0.0006712
-4.6973	2.1967	0.00044554
-4.6722	-0.58996	0.00034043
-4.6722	-0.56485	0.00071208
-4.6722	-0.53975	0.0011864
-4.6722	-0.51464	0.001639
-4.6722	-0.48954	0.0019175
-4.6722	-0.46444	0.0019077
-4.6722	-0.43933	0.0015871
-4.6722	-0.41423	0.0010702
-4.6722	-0.38912	0.00053861
-4.6722	0.56485	0.000464
-4.6722	0.58996	0.00057996
-4.6722	0.61506	0.00044096
-4.6722	0.69038	0.00076531
-4.6722	0.71548	0.0028209
-4.6722	0.74059	0.0062048
-4.6722	0.76569	0.010267
-4.6722	0.79079	0.013817
-4.6722	0.8159	0.015714
-4.6722	0.841	0.015219
-4.6722	0.86611	0.012578
-4.6722	0.89121	0.0086889
-4.6722	0.91632	0.0048247
-4.6722	0.94142	0.0019113
-4.6722	0.96653	0.00039228
-4.6722	1.0418	0.00047599
-4.6722	1.0669	0.0005303
-4.6722	1.0921	0.00037728
-4.6722	2.046	0.00049149
-4.6722	2.0711	0.00086791
-4.6722	2.0962	0.0011818
-4.6722	2.1213	0.0013202
-4.6722	2.1464	0.0012456
-4.6722	2.1715	0.00099548
-4.6722	2.1967	0.00067014
-4.6722	2.2218	0.00036939
-4.6472	-0.56485	0.00047079
-4.6472	-0.53975	0.00080749
-4.6472	-0.51464	0.0011522
-4.6472	-0.48954	0.001394
-4.6472	-0.46444	0.0014209
-4.6472	-0.43933	0.0012062
-4.6472	-0.41423	0.00081976
-4.6472	-0.38912	0.00040488
-4.6472	0.56485	0.00029045
-4.6472	0.58996	0.00035242
-4.6472	0.61506	0.00025111
-4.6472	0.69038	0.00077987
-4.6472	0.71548	0.0026502
-4.6472	0.74059	0.0057297
-4.6472	0.76569	0.0095023
-4.6472	0.79079	0.012963
-4.6472	0.8159	0.0149
-4.6472	0.841	0.014634
-4.6472	0.86611	0.012259
-4.6472	0.89121	0.0085086
-4.6472	0.91632	0.0046785
-4.6472	0.94142	0.00178
-4.6472	0.96653	0.00029237
-4.6472	1.0167	0.00035692
-4.6472	1.0418	0.00070499
-4.6472	1.0669	0.00075413
-4.6472	1.0921	0.00051592
-4.6472	2.046	0.00051984
-4.6472	2.0711	0.00091459
-4.6472	2.0962	0.0012591
-4.6472	2.1213	0.0014266
-4.6472	2.1464	0.0013675
-4.6472	2.1715	0.0011126
-4.6472	2.1967	0.00075856
-4.6472	2.2218	0.00041931
-4.6221	-0.53975	0.00032358
-4.6221	-0.51464	0.00050481
-4.6221	-0.48954	0.00065962
-4.6221	-0.46444	0.0007161
-4.6221	-0.43933	0.00063604
-4.6221	-0.41423	0.00044357
-4.6221	0.69038	0.00056922
-4.6221	0.71548	0.0018299
-4.6221	0.74059	0.0039681
-4.6221	0.76569	0.0066869
-4.6221	0.79079	0.0092913
-4.6221	0.8159	0.010925
-4.6221	0.841	0.01096
-4.6221	0.86611	0.0093268
-4.6221	0.89121	0.0065418
-4.6221	0.91632	0.0035689
-4.6221	0.94142	0.0012865
-4.6221	1.0167	0.00045043
-4.6221	1.0418	0.00080469
-4.6221	1.0669	0.00081941
-4.6221	1.0921	0.00053886
-4.6221	1.2176	0.00025675
-4.6221	2.046	0.00040118
-4.6221	2.0711	0.00071683
-4.6221	2.0962	0.0010075
-4.6221	2.1213	0.001169
-4.6221	2.1464	0.0011469
-4.6221	2.1715	0.00094922
-4.6221	2.1967	0.00065689
-4.6221	2.2218	0.00036236
-4.5971	0.69038	0.00028733
-4.5971	0.71548	0.00089347
-4.5971	0.74059	0.0019533
-4.5971	0.76569	0.0033698
-4.5971	0.79079	0.0048511
-4.5971	0.8159	0.0059095
-4.5971	0.841	0.0061296
-4.5971	0.86611	0.0053564
-4.5971	0.89121	0.0038284
-4.5971	0.91632	0.0020893
-4.5971	0.94142	0.00071882
-4.5971	1.0167	0.00042747
-4.5971	1.0418	0.00070575
-4.5971	1.0669	0.00069946
-4.5971	1.0921	0.00044271
-4.5971	1.2176	0.0002848
-4.5971	1.2427	0.00025
-4.5971	2.0711	0.00036846
-4.5971	2.0962	0.00054862
-4.5971	2.1213	0.00067242
-4.5971	2.1464	0.00068736
-4.5971	2.1715	0.00058959
-4.5971	2.1967	0.00041625
-4.572	-1.8703	0.00025187
-4.572	-1.8452	0.00026687
-4.572	0.69038	0.00026487
-4.572	0.71548	0.00061854
-4.572	0.74059	0.0010961
-4.572	0.76569	0.001636
-4.572	0.79079	0.0021436
-4.572	0.8159	0.0025108
-4.572	0.841	0.0025952
-4.572	0.86611	0.0022904
-4.572	0.89121	0.0016654
-4.572	0.91632	0.00091426
-4.572	0.94142	0.00029752
-4.572	1.0167	0.00029586
-4.572	1.0418	0.00047333
-4.572	1.0669	0.00046206
-4.572	1.0921	0.00028838
-4.547	-1.8954	0.0002889
-4.547	-1.8703	0.00036771
-4.547	-1.8452	0.00039551
-4.547	-1.8201	0.00036005
-4.547	-1.795	0.00027716
-4.547	-0.58996	0.00034426
-4.547	-0.56485	0.00050747
-4.547	-0.53975	0.00060693
-4.547	-0.51464	0.00060552
-4.547	-0.48954	0.00050647
-4.547	-0.46444	0.00035185
-4.547	0.53975	0.00035693
-4.547	0.56485	0.00043389
-4.547	0.58996	0.00032382
-4.547	0.69038	0.00079714
-4.547	0.71548	0.0015869
-4.547	0.74059	0.0023502
-4.547	0.76569	0.0028139
-4.547	0.79079	0.0028546
-4.547	0.8159	0.0025396
-4.547	0.841	0.0020145
-4.547	0.86611	0.0013885
-4.547	0.89121	0.00083917
-4.547	0.91632	0.00040302
-4.5219	-1.8954	0.00034138
-4.5219	-1.8703	0.00043713
-4.5219	-1.8452	0.00047351
-4.5219	-1.8201	0.00043481
-4.5219	-1.795	0.00033728
-4.5219	-0.61506	0.00029294
-4.5219	-0.58996	0.00056857
-4.5219	-0.56485	0.00087465
-4.5219	-0.53975	0.0011087
-4.5219	-0.51464	0.0011812
-4.5219	-0.48954	0.0010647
-4.5219	-0.46444	0.00079597
-4.5219	-0.43933	0.00048333
-4.5219	0.38912	0.0002574
-4.5219	0.51464	0.00027862
-4.5219	0.53975	0.00054074
-4.5219	0.56485	0.00063486
-4.5219	0.58996	0.0004506
-4.5219	0.66527	0.00054423
-4.5219	0.69038	0.0018478
-4.5219	0.71548	0.0037062
-4.5219	0.74059	0.0055162
-4.5219	0.76569	0.0066647
-4.5219	0.79079	0.006753
-4.5219	0.8159	0.0058173
-4.5219	0.841	0.0042922
-4.5219	0.86611	0.0026171
-4.5219	0.89121	0.0012991
-4.5219	0.91632	0.00047343
-4.5219	2.0209	0.00027764
-4.5219	2.046	0.00041662
-4.5219	2.0711	0.0004853
-4.5219	2.0962	0.00046398
-4.5219	2.1213	0.0003741
-4.5219	2.1464	0.00025328
-4.4969	-1.8954	0.00032923
-4.4969	-1.8703	0.00042467
-4.4969	-1.8452	0.00046502
-4.4969	-1.8201	0.00043086
-4.4969	-1.795	0.00033533
-4.4969	-0.61506	0.00030133
-4.4969	-0.58996	0.00060359
-4.4969	-0.56485	0.00096249
-4.4969	-0.53975	0.0012701
-4.4969	-0.51464	0.001416
-4.4969	-0.48954	0.001333
-4.4969	-0.46444	0.001042
-4.4969	-0.43933	0.00064725
-4.4969	-0.41423	0.00029052
-4.4969	0.51464	0.00033437
-4.4969	0.53975	0.00060905
-4.4969	0.56485	0.00068355
-4.4969	0.58996	0.00045112
-4.4969	0.66527	0.001001
-4.4969	0.69038	0.0030988
-4.4969	0.71548	0.0060904
-4.4969	0.74059	0.0091778
-4.4969	0.76569	0.011314
-4.4969	0.79079	0.011759
-4.4969	0.8159	0.010388
-4.4969	0.841	0.007796
-4.4969	0.86611	0.0048238
-4.4969	0.89121	0.0023473
-4.4969	0.91632	0.00077872
-4.4969	1.9958	0.00028194
-4.4969	2.0209	0.00062062
-4.4969	2.046	0.00095423
-4.4969	2.0711	0.001166
-4.4969	2.0962	0.0011786
-4.4969	2.1213	0.0010092
-4.4969	2.1464	0.00073476
-4.4969	2.1715	0.00044903
-4.4718	-1.8954	0.00024925
-4.4718	-1.8703	0.00032751
-4.4718	-1.8452	0.00036499
-4.4718	-1.8201	0.00034341
-4.4718	-1.795	0.00027094
-4.4718	-0.58996	0.00038114
-4.4718	-0.56485	0.00065124
-4.4718	-0.53975	0.00091861
-4.4718	-0.51464	0.0010857
-4.4718	-0.48954	0.0010765
-4.4718	-0.46444	0.0008776
-4.4718	-0.43933	0.00056182
-4.4718	-0.41423	0.00025058
-4.4718	0.51464	0.00029119
-4.4718	0.53975	0.0005059
-4.4718	0.56485	0.00054967
-4.4718	0.58996	0.00033265
-4.4718	0.66527	0.001318
-4.4718	0.69038	0.0038267
-4.4718	0.71548	0.0074579
-4.4718	0.74059	0.011304
-4.4718	0.76569	0.014153
-4.4718	0.79079	0.014998
-4.4718	0.8159	0.013517
-4.4718	0.841	0.010311
-4.4718	0.86611	0.0064496
-4.4718	0.89121	0.0031063
-4.4718	0.91632	0.0009721
-4.4718	0.99163	0.0003198
-4.4718	1.0167	0.0004645
-4.4718	1.0418	0.00039671
-4.4718	1.9958	0.00045097
-4.4718	2.0209	0.00096173
-4.4718	2.046	0.0014844
-4.4718	2.0711	0.0018413
-4.4718	2.0962	0.001908
-4.4718	2.1213	0.0016771
-4.4718	2.1464	0.0012598
-4.4718	2.1715	0.0007934
-4.4718	2.1967	0.00040586
-4.4468	-0.53975	0.00030524
-4.4468	-0.51464	0.00041423
-4.4468	-0.48954	0.00046495
-4.4468	-0.46444	0.00041755
-4.4468	-0.43933	0.00028599
-4.4468	0.53975	0.00028579
-4.4468	0.56485	0.00030631
-4.4468	0.66527	0.0012633
-4.4468	0.69038	0.0035211
-4.4468	0.71548	0.0068562
-4.4468	0.74059	0.010531
-4.4468	0.76569	0.013418
-4.4468	0.79079	0.014492
-4.4468	0.8159	0.013308
-4.4468	0.841	0.010279
-4.4468	0.86611	0.0064687
-4.4468	0.89121	0.0030667
-4.4468	0.91632	0.00088207
-4.4468	0.99163	0.00052505
-4.4468	1.0167	0.00071194
-4.4468	1.0418	0.00058553
-4.4468	1.0669	0.00029929
-4.4468	1.9958	0.00054776
-4.4468	2.0209	0.0011367
-4.4468	2.046	0.0017497
-4.4468	2.0711	0.0021839
-4.4468	2.0962	0.0022988
-4.4468	2.1213	0.0020491
-4.4468	2.1464	0.0015655
-4.4468	2.1715	0.00099513
-4.4468	2.1967	0.00050966
-4.4217	0.66527	0.00080046
-4.4217	0.69038	0.002228
-4.4217	0.71548	0.0044207
-4.4217	0.74059	0.0070587
-4.4217	0.76569	0.0092991
-4.4217	0.79079	0.010375
-4.4217	0.8159	0.0097969
-4.4217	0.841	0.0077182
-4.4217	0.86611	0.0048906
-4.4217	0.89121	0.0022764
-4.4217	0.91632	0.00060289
-4.4217	0.99163	0.00063196
-4.4217	1.0167	0.00080953
-4.4217	1.0418	0.00064205
-4.4217	1.0669	0.00030746
-4.4217	1.1674	0.00029515
-4.4217	1.1925	0.00032151
-4.4217	1.9958	0.00051202
-4.4217	2.0209	0.0010391
-4.4217	2.046	0.0016058
-4.4217	2.0711	0.0020275
-4.4217	2.0962	0.0021572
-4.4217	2.1213	0.0019563
-4.4217	2.1464	0.0015067
-4.4217	2.1715	0.00096416
-4.4217	2.1967	0.00048961
-4.3967	-0.66527	0.00025292
-4.3967	-0.64017	0.00060147
-4.3967	-0.61506	0.00099586
-4.3967	-0.58996	0.0012659
-4.3967	-0.56485	0.0013095
-4.3967	-0.53975	0.0011163
-4.3967	-0.51464	0.00078167
-4.3967	-0.48954	0.00043994
-4.3967	0.037657	0.00025626
-4.3967	0.69038	0.00069255
-4.3967	0.71548	0.0015847
-4.3967	0.74059	0.0027914
-4.3967	0.76569	0.0040513
-4.3967	0.79079	0.0048533
-4.3967	0.8159	0.0048818
-4.3967	0.841	0.0039988
-4.3967	0.86611	0.0026322
-4.3967	0.89121	0.0012262
-4.3967	0.91632	0.00028087
-4.3967	0.99163	0.0005687
-4.3967	1.0167	0.00069401
-4.3967	1.0418	0.0005326
-4.3967	1.1674	0.00035039
-4.3967	1.1925	0.00036756
-4.3967	1.9958	0.0003485
-4.3967	2.0209	0.0007166
-4.3967	2.046	0.0011187
-4.3967	2.0711	0.0014425
-4.3967	2.0962	0.0015656
-4.3967	2.1213	0.0014475
-4.3967	2.1464	0.0011341
-4.3967	2.1715	0.00073106
-4.3967	2.1967	0.00037021
-4.3716	-0.66527	0.00065184
-4.3716	-0.64017	0.0015544
-4.3716	-0.61506	0.0026209
-4.3716	-0.58996	0.0035357
-4.3716	-0.56485	0.0039667
-4.3716	-0.53975	0.0037529
-4.3716	-0.51464	0.0029916
-4.3716	-0.48954	0.0019806
-4.3716	-0.46444	0.0010451
-4.3716	-0.43933	0.00039338
-4.3716	0.74059	0.00030859
-4.3716	0.76569	0.00062248
-4.3716	0.79079	0.00094387
-4.3716	0.8159	0.001162
-4.3716	0.841	0.001105
-4.3716	0.86611	0.00079818
-4.3716	0.89121	0.00038573
-4.3716	0.99163	0.00036024
-4.3716	1.0167	0.00042981
-4.3716	1.0418	0.0003224
-4.3716	1.1674	0.00032009
-4.3716	1.1925	0.00032627
-4.3716	2.0209	0.00035119
-4.3716	2.046	0.00056248
-4.3716	2.0711	0.00074785
-4.3716	2.0962	0.00084104
-4.3716	2.1213	0.00080354
-4.3716	2.1464	0.0006473
-4.3716	2.1715	0.00042487
-4.3466	-0.79079	0.00026187
-4.3466	-0.69038	0.00030549
-4.3466	-0.66527	0.0012393
-4.3466	-0.64017	0.0028963
-4.3466	-0.61506	0.0049155
-4.3466	-0.58996	0.006768
-4.3466	-0.56485	0.0078479
-4.3466	-0.53975	0.0077042
-4.3466	-0.51464	0.0063923
-4.3466	-0.48954	0.0044544
-4.3466	-0.46444	0.0024621
-4.3466	-0.43933	0.00096657
-4.3466	0.51464	0.00029856
-4.3466	0.53975	0.00031163
-4.3466	0.66527	0.00064257
-4.3466	0.69038	0.0010482
-4.3466	0.71548	0.0012689
-4.3466	0.74059	0.0012114
-4.3466	0.76569	0.0009379
-4.3466	0.79079	0.00060128
-4.3466	0.8159	0.00033553
-4.3466	2.046	0.00026714
-4.3466	2.0711	0.00032749
-4.3466	2.0962	0.00035464
-4.3466	2.1213	0.00033616
-4.3466	2.1464	0.0002748
-4.3215	-1.9456	0.00025973
-4.3215	-1.9205	0.0003541
-4.3215	-1.8954	0.00040174
-4.3215	-1.8703	0.00038418
-4.3215	-1.8452	0.0003098
-4.3215	-0.79079	0.00027483
-4.3215	-0.69038	0.00051938
-4.3215	-0.66527	0.001893
-4.3215	-0.64017	0.0042716
-4.3215	-0.61506	0.0072684
-4.3215	-0.58996	0.010111
-4.3215	-0.56485	0.011857
-4.3215	-0.53975	0.011827
-4.3215	-0.51464	0.010016
-4.3215	-0.48954	0.0070535
-4.3215	-0.46444	0.0039177
-4.3215	-0.43933	0.0015251
-4.3215	-0.41423	0.00026522
-4.3215	-0.36402	0.00027105
-4.3215	-0.33891	0.00054914
-4.3215	-0.31381	0.00058433
-4.3215	-0.2887	0.00040015
-4.3215	0.48954	0.00025069
-4.3215	0.51464	0.00042293
-4.3215	0.53975	0.00043368
-4.3215	0.56485	0.00024925
-4.3215	0.64017	0.00072078
-4.3215	0.66527	0.0018991
-4.3215	0.69038	0.0033458
-4.3215	0.71548	0.0045401
-4.3215	0.74059	0.0049951
-4.3215	0.76569	0.0046063
-4.3215	0.79079	0.0035626
-4.3215	0.8159	0.0022865
-4.3215	0.841	0.0011776
-4.3215	0.86611	0.00045229
-4.3215	1.9958	0.00029039
-4.3215	2.0209	0.00040385
-4.3215	2.046	0.00044829
-4.3215	2.0711	0.00042198
-4.3215	2.0962	0.00034747
-4.3215	2.1213	0.00025204
-4.2965	-1.9456	0.00031463
-4.2965	-1.9205	0.00043513
-4.2965	-1.8954	0.00050334
-4.2965	-1.8703	0.00049184
-4.2965	-1.8452	0.00040693
-4.2965	-1.8201	0.00027945
-4.2965	-0.69038	0.00069228
-4.2965	-0.66527	0.0023371
-4.2965	-0.64017	0.005155
-4.2965	-0.61506	0.0087504
-4.2965	-0.58996	0.012243
-4.2965	-0.56485	0.014468
-4.2965	-0.53975	0.014556
-4.2965	-0.51464	0.012431
-4.2965	-0.48954	0.0087785
-4.2965	-0.46444	0.0048376
-4.2965	-0.43933	0.0017826
-4.2965	-0.36402	0.0005495
-4.2965	-0.33891	0.0010101
-4.2965	-0.31381	0.0010429
-4.2965	-0.2887	0.00069287
-4.2965	-0.2636	0.00026402
-4.2965	-0.16318	0.00029361
-4.2965	-0.13808	0.00027424
-4.2965	0.51464	0.00038063
-4.2965	0.53975	0.00038628
-4.2965	0.64017	0.001173
-4.2965	0.66527	0.003044
-4.2965	0.69038	0.0054774
-4.2965	0.71548	0.0077471
-4.2965	0.74059	0.0090472
-4.2965	0.76569	0.0088966
-4.2965	0.79079	0.007412
-4.2965	0.8159	0.0051668
-4.2965	0.841	0.0029021
-4.2965	0.86611	0.0012135
-4.2965	0.89121	0.00030207
-4.2965	1.9707	0.00035936
-4.2965	1.9958	0.00067394
-4.2965	2.0209	0.00093725
-4.2965	2.046	0.0010496
-4.2965	2.0711	0.00098419
-4.2965	2.0962	0.00078447
-4.2965	2.1213	0.0005305
-4.2965	2.1464	0.00030072
-4.2714	-1.9456	0.00029017
-4.2714	-1.9205	0.00040827
-4.2714	-1.8954	0.00048237
-4.2714	-1.8703	0.00048151
-4.2714	-1.8452	0.0004055
-4.2714	-1.8201	0.00028175
-4.2714	-0.69038	0.0007233
-4.2714	-0.66527	0.0023161
-4.2714	-0.64017	0.0050376
-4.2714	-0.61506	0.0085848
-4.2714	-0.58996	0.012097
-4.2714	-0.56485	0.014429
-4.2714	-0.53975	0.014688
-4.2714	-0.51464	0.012615
-4.2714	-0.48954	0.0089007
-4.2714	-0.46444	0.0048225
-4.2714	-0.43933	0.0016712
-4.2714	-0.36402	0.00085241
-4.2714	-0.33891	0.0014354
-4.2714	-0.31381	0.0014232
-4.2714	-0.2887	0.00090177
-4.2714	-0.2636	0.00030152
-4.2714	-0.18828	0.00040278
-4.2714	-0.16318	0.00058754
-4.2714	-0.13808	0.00052976
-4.2714	-0.11297	0.00030379
-4.2714	0.64017	0.0012
-4.2714	0.66527	0.0030964
-4.2714	0.69038	0.0057161
-4.2714	0.71548	0.0083914
-4.2714	0.74059	0.010247
-4.2714	0.76569	0.010525
-4.2714	0.79079	0.0091707
-4.2714	0.8159	0.0066688
-4.2714	0.841	0.0038744
-4.2714	0.86611	0.0016411
-4.2714	0.89121	0.00038805
-4.2714	0.96653	0.00032744
-4.2714	0.99163	0.00037647
-4.2714	1.0167	0.00026819
-4.2714	1.9707	0.00059518
-4.2714	1.9958	0.0010983
-4.2714	2.0209	0.0015427
-4.2714	2.046	0.0017621
-4.2714	2.0711	0.0016937
-4.2714	2.0962	0.0013813
-4.2714	2.1213	0.00095674
-4.2714	2.1464	0.00054319
-4.2463	-1.9205	0.0002803
-4.2463	-1.8954	0.00034294
-4.2463	-1.8703	0.00035394
-4.2463	-1.8452	0.0003068
-4.2463	-0.69038	0.00055924
-4.2463	-0.66527	0.0017465
-4.2463	-0.64017	0.0038339
-4.2463	-0.61506	0.0066158
-4.2463	-0.58996	0.0094865
-4.2463	-0.56485	0.011572
-4.2463	-0.53975	0.01195
-4.2463	-0.51464	0.010386
-4.2463	-0.48954	0.0073472
-4.2463	-0.46444	0.0039095
-4.2463	-0.43933	0.0012608
-4.2463	-0.36402	0.0010503
-4.2463	-0.33891	0.0016414
-4.2463	-0.31381	0.001566
-4.2463	-0.2887	0.00094027
-4.2463	-0.2636	0.00027015
-4.2463	-0.18828	0.0006377
-4.2463	-0.16318	0.0008743
-4.2463	-0.13808	0.00074795
-4.2463	-0.11297	0.00039703
-4.2463	-0.012552	0.00031878
-4.2463	0.012552	0.00033142
-4.2463	0.13808	0.00030424
-4.2463	0.16318	0.00031279
-4.2463	0.31381	0.00026632
-4.2463	0.64017	0.00067543
-4.2463	0.66527	0.0018125
-4.2463	0.69038	0.0035713
-4.2463	0.71548	0.0056339
-4.2463	0.74059	0.0073218
-4.2463	0.76569	0.0079953
-4.2463	0.79079	0.0073445
-4.2463	0.8159	0.0055728
-4.2463	0.841	0.0033219
-4.2463	0.86611	0.0014072
-4.2463	0.89121	0.00030183
-4.2463	0.96653	0.00048974
-4.2463	0.99163	0.00055202
-4.2463	1.0167	0.00038908
-4.2463	1.9456	0.00026269
-4.2463	1.9707	0.00072972
-4.2463	1.9958	0.0013316
-4.2463	2.0209	0.0018772
-4.2463	2.046	0.0021761
-4.2463	2.0711	0.0021289
-4.2463	2.0962	0.0017739
-4.2463	2.1213	0.0012434
-4.2463	2.1464	0.0007193
-4.2463	2.1715	0.00032069
-4.2213	-0.69038	0.00025549
-4.2213	-0.66527	0.00084174
-4.2213	-0.64017	0.0019316
-4.2213	-0.61506	0.0035557
-4.2213	-0.58996	0.005388
-4.2213	-0.56485	0.0068618
-4.2213	-0.53975	0.007368
-4.2213	-0.51464	0.006583
-4.2213	-0.48954	0.0047384
-4.2213	-0.46444	0.0024912
-4.2213	-0.43933	0.00074185
-4.2213	-0.38912	0.00030051
-4.2213	-0.36402	0.0010287
-4.2213	-0.33891	0.0015159
-4.2213	-0.31381	0.0013959
-4.2213	-0.2887	0.00079429
-4.2213	-0.21339	0.00031928
-4.2213	-0.18828	0.00079699
-4.2213	-0.16318	0.0010375
-4.2213	-0.13808	0.0008453
-4.2213	-0.11297	0.00040504
-4.2213	-0.037657	0.00030996
-4.2213	-0.012552	0.00056573
-4.2213	0.012552	0.00057992
-4.2213	0.037657	0.00035752
-4.2213	0.11297	0.00026708
-4.2213	0.13808	0.00050822
-4.2213	0.16318	0.00057528
-4.2213	0.18828	0.00039498
-4.2213	0.2887	0.00041959
-4.2213	0.31381	0.00060854
-4.2213	0.33891	0.00055545
-4.2213	0.36402	0.00030557
-4.2213	0.46444	0.00036036
-4.2213	0.48954	0.00043111
-4.2213	0.51464	0.00032876
-4.2213	0.66527	0.00046736
-4.2213	0.69038	0.00091011
-4.2213	0.71548	0.001568
-4.2213	0.74059	0.0023997
-4.2213	0.76569	0.0030169
-4.2213	0.79079	0.0031573
-4.2213	0.8159	0.0026224
-4.2213	0.841	0.0016816
-4.2213	0.86611	0.00073016
-4.2213	0.96653	0.00047986
-4.2213	0.99163	0.00052642
-4.2213	1.0167	0.00036481
-4.2213	1.1423	0.00025001
-4.2213	1.9456	0.00025141
-4.2213	1.9707	0.00066666
-4.2213	1.9958	0.0012096
-4.2213	2.0209	0.0017344
-4.2213	2.046	0.0020399
-4.2213	2.0711	0.0020348
-4.2213	2.0962	0.0017247
-4.2213	2.1213	0.0012256
-4.2213	2.1464	0.00071267
-4.2213	2.1715	0.00031273
-4.1962	-0.64017	0.00036357
-4.1962	-0.61506	0.00085324
-4.1962	-0.58996	0.0015895
-4.1962	-0.56485	0.0023423
-4.1962	-0.53975	0.0028234
-4.1962	-0.51464	0.0027582
-4.1962	-0.48954	0.0021027
-4.1962	-0.46444	0.0011389
-4.1962	-0.43933	0.00031576
-4.1962	-0.38912	0.0002523
-4.1962	-0.36402	0.00076004
-4.1962	-0.33891	0.0010961
-4.1962	-0.31381	0.00098274
-4.1962	-0.2887	0.00053135
-4.1962	-0.21339	0.00035434
-4.1962	-0.18828	0.00079799
-4.1962	-0.16318	0.00098979
-4.1962	-0.13808	0.00077366
-4.1962	-0.11297	0.0003331
-4.1962	-0.037657	0.00044654
-4.1962	-0.012552	0.00075921
-4.1962	0.012552	0.00075882
-4.1962	0.037657	0.00045182
-4.1962	0.11297	0.00036968
-4.1962	0.13808	0.00073716
-4.1962	0.16318	0.00085756
-4.1962	0.18828	0.00059943
-4.1962	0.2887	0.00074408
-4.1962	0.31381	0.0011119
-4.1962	0.33891	0.0010483
-4.1962	0.36402	0.00059051
-4.1962	0.43933	0.00042793
-4.1962	0.46444	0.00099103
-4.1962	0.48954	0.0012885
-4.1962	0.51464	0.0010629
-4.1962	0.53975	0.00049179
-4.1962	0.61506	0.00070429
-4.1962	0.64017	0.0014498
-4.1962	0.66527	0.0019487
-4.1962	0.69038	0.0019041
-4.1962	0.71548	0.0014314
-4.1962	0.74059	0.00079768
-4.1962	0.76569	0.00041891
-4.1962	0.79079	0.0002764
-4.1962	0.8159	0.00026319
-4.1962	0.96653	0.00026498
-4.1962	0.99163	0.00029632
-4.1962	1.1423	0.0002611
-4.1962	1.2929	0.00025149
-4.1962	1.318	0.0002848
-4.1962	1.9707	0.00041905
-4.1962	1.9958	0.00078223
-4.1962	2.0209	0.001153
-4.1962	2.046	0.0014056
-4.1962	2.0711	0.0014436
-4.1962	2.0962	0.0012558
-4.1962	2.1213	0.00091338
-4.1962	2.1464	0.00053321
-4.1712	-0.53975	0.00026193
-4.1712	-0.51464	0.00040262
-4.1712	-0.48954	0.00041471
-4.1712	-0.46444	0.00027713
-4.1712	-0.36402	0.00036952
-4.1712	-0.33891	0.0005445
-4.1712	-0.31381	0.00050011
-4.1712	-0.2887	0.00026266
-4.1712	-0.21339	0.00029285
-4.1712	-0.18828	0.00061535
-4.1712	-0.16318	0.00074689
-4.1712	-0.13808	0.00056278
-4.1712	-0.037657	0.00049961
-4.1712	-0.012552	0.00079857
-4.1712	0.012552	0.00077518
-4.1712	0.037657	0.00044508
-4.1712	0.11297	0.0004578
-4.1712	0.13808	0.00089888
-4.1712	0.16318	0.0010388
-4.1712	0.18828	0.00072343
-4.1712	0.2636	0.00039156
-4.1712	0.2887	0.0011176
-4.1712	0.31381	0.0016488
-4.1712	0.33891	0.0015387
-4.1712	0.36402	0.00084037
-4.1712	0.43933	0.00090381
-4.1712	0.46444	0.0020549
-4.1712	0.48954	0.0026613
-4.1712	0.51464	0.0022071
-4.1712	0.53975	0.00097145
-4.1712	0.58996	0.00056994
-4.1712	0.61506	0.0028562
-4.1712	0.64017	0.0064192
-4.1712	0.66527	0.009651
-4.1712	0.69038	0.011286
-4.1712	0.71548	0.010782
-4.1712	0.74059	0.0084787
-4.1712	0.76569	0.0055068
-4.1712	0.79079	0.0028457
-4.1712	0.8159	0.0011307
-4.1712	0.841	0.00026091
-4.1712	1.2929	0.00030484
-4.1712	1.318	0.00033695
-4.1712	1.3431	0.00027624
-4.1712	1.9958	0.0002796
-4.1712	2.0209	0.0004547
-4.1712	2.046	0.00060672
-4.1712	2.0711	0.00067288
-4.1712	2.0962	0.00062154
-4.1712	2.1213	0.00047365
-4.1712	2.1464	0.0002849
-4.1461	-0.71548	0.00030215
-4.1461	-0.69038	0.00084512
-4.1461	-0.66527	0.0015051
-4.1461	-0.64017	0.0020378
-4.1461	-0.61506	0.0021801
-4.1461	-0.58996	0.0019103
-4.1461	-0.56485	0.0013423
-4.1461	-0.53975	0.00074341
-4.1461	-0.51464	0.00030317
-4.1461	-0.18828	0.00033172
-4.1461	-0.16318	0.0004085
-4.1461	-0.13808	0.00030712
-4.1461	-0.037657	0.00042394
-4.1461	-0.012552	0.00065896
-4.1461	0.012552	0.00063125
-4.1461	0.037657	0.0003518
-4.1461	0.11297	0.00047101
-4.1461	0.13808	0.00090044
-4.1461	0.16318	0.0010241
-4.1461	0.18828	0.00068838
-4.1461	0.2636	0.00052689
-4.1461	0.2887	0.001406
-4.1461	0.31381	0.0020246
-4.1461	0.33891	0.0018385
-4.1461	0.36402	0.00094077
-4.1461	0.43933	0.001556
-4.1461	0.46444	0.0033239
-4.1461	0.48954	0.004205
-4.1461	0.51464	0.003354
-4.1461	0.53975	0.0013307
-4.1461	0.58996	0.0016143
-4.1461	0.61506	0.0072888
-4.1461	0.64017	0.01595
-4.1461	0.66527	0.025219
-4.1461	0.69038	0.031326
-4.1461	0.71548	0.032372
-4.1461	0.74059	0.028286
-4.1461	0.76569	0.020745
-4.1461	0.79079	0.012892
-4.1461	0.8159	0.0062616
-4.1461	0.841	0.0022641
-4.1461	0.86611	0.00047105
-4.1461	1.2929	0.00026718
-4.1461	1.318	0.00029087
-4.1211	-1.9958	0.00026245
-4.1211	-1.9707	0.00039622
-4.1211	-1.9456	0.00048853
-4.1211	-1.9205	0.00050071
-4.1211	-1.8954	0.00043148
-4.1211	-1.8703	0.00031198
-4.1211	-0.841	0.00025705
-4.1211	-0.8159	0.00026338
-4.1211	-0.71548	0.0007648
-4.1211	-0.69038	0.0020437
-4.1211	-0.66527	0.0038093
-4.1211	-0.64017	0.0055527
-4.1211	-0.61506	0.0066095
-4.1211	-0.58996	0.0066038
-4.1211	-0.56485	0.0055299
-4.1211	-0.53975	0.0038452
-4.1211	-0.51464	0.0021305
-4.1211	-0.48954	0.0008568
-4.1211	-0.037657	0.00024978
-4.1211	-0.012552	0.00039642
-4.1211	0.012552	0.00039061
-4.1211	0.11297	0.00037699
-4.1211	0.13808	0.0007121
-4.1211	0.16318	0.0008005
-4.1211	0.18828	0.00052496
-4.1211	0.2636	0.00059037
-4.1211	0.2887	0.001465
-4.1211	0.31381	0.0020411
-4.1211	0.33891	0.001788
-4.1211	0.36402	0.00084167
-4.1211	0.41423	0.00041687
-4.1211	0.43933	0.002177
-4.1211	0.46444	0.0043619
-4.1211	0.48954	0.005338
-4.1211	0.51464	0.0040489
-4.1211	0.53975	0.0013681
-4.1211	0.58996	0.0035516
-4.1211	0.61506	0.013751
-4.1211	0.64017	0.029462
-4.1211	0.66527	0.046576
-4.1211	0.69038	0.059229
-4.1211	0.71548	0.063101
-4.1211	0.74059	0.057221
-4.1211	0.76569	0.044116
-4.1211	0.79079	0.028483
-4.1211	0.8159	0.014769
-4.1211	0.841	0.0055255
-4.1211	0.86611	0.0011037
-4.1211	0.91632	0.00034269
-4.1211	0.94142	0.00075082
-4.1211	0.96653	0.00075951
-4.1211	0.99163	0.00049287
-4.096	-1.9958	0.00035471
-4.096	-1.9707	0.00054475
-4.096	-1.9456	0.000686
-4.096	-1.9205	0.0007243
-4.096	-1.8954	0.00064584
-4.096	-1.8703	0.00048343
-4.096	-1.8452	0.00029271
-4.096	-0.841	0.00028008
-4.096	-0.8159	0.00027401
-4.096	-0.71548	0.0012847
-4.096	-0.69038	0.0033796
-4.096	-0.66527	0.0063291
-4.096	-0.64017	0.0094174
-4.096	-0.61506	0.011625
-4.096	-0.58996	0.012165
-4.096	-0.56485	0.010773
-4.096	-0.53975	0.0079547
-4.096	-0.51464	0.0047312
-4.096	-0.48954	0.0020562
-4.096	-0.46444	0.00050329
-4.096	-0.38912	0.00036929
-4.096	-0.36402	0.0004288
-4.096	-0.33891	0.00029936
-4.096	0.13808	0.00039921
-4.096	0.16318	0.00045774
-4.096	0.18828	0.0003012
-4.096	0.2636	0.00052619
-4.096	0.2887	0.0012158
-4.096	0.31381	0.0016478
-4.096	0.33891	0.0013939
-4.096	0.36402	0.00058665
-4.096	0.41423	0.00058776
-4.096	0.43933	0.0024872
-4.096	0.46444	0.0047147
-4.096	0.48954	0.0055304
-4.096	0.51464	0.0039633
-4.096	0.53975	0.001039
-4.096	0.58996	0.0059444
-4.096	0.61506	0.020648
-4.096	0.64017	0.043168
-4.096	0.66527	0.067901
-4.096	0.69038	0.08707
-4.096	0.71548	0.094149
-4.096	0.74059	0.086759
-4.096	0.76569	0.068168
-4.096	0.79079	0.044549
-4.096	0.8159	0.0232
-4.096	0.841	0.0085283
-4.096	0.86611	0.0015083
-4.096	0.91632	0.0010095
-4.096	0.94142	0.0020077
-4.096	0.96653	0.0020452
-4.096	0.99163	0.0013385
-4.096	1.0167	0.00054637
-4.096	1.9456	0.00035799
-4.096	1.9707	0.00059096
-4.096	1.9958	0.00074169
-4.096	2.0209	0.00075918
-4.096	2.046	0.00064552
-4.096	2.0711	0.0004615
-4.096	2.0962	0.00027255
-4.071	-1.9958	0.00035821
-4.071	-1.9707	0.00055924
-4.071	-1.9456	0.00071997
-4.071	-1.9205	0.00077749
-4.071	-1.8954	0.00070984
-4.071	-1.8703	0.00054116
-4.071	-1.8452	0.00033361
-4.071	-0.74059	0.0003504
-4.071	-0.71548	0.0016284
-4.071	-0.69038	0.0041644
-4.071	-0.66527	0.0078117
-4.071	-0.64017	0.011773
-4.071	-0.61506	0.014859
-4.071	-0.58996	0.015904
-4.071	-0.56485	0.014441
-4.071	-0.53975	0.010936
-4.071	-0.51464	0.0066183
-4.071	-0.48954	0.0028832
-4.071	-0.46444	0.00063562
-4.071	-0.41423	0.00035101
-4.071	-0.38912	0.00088342
-4.071	-0.36402	0.0010383
-4.071	-0.33891	0.0007705
-4.071	-0.31381	0.00033525
-4.071	0.2636	0.00032557
-4.071	0.2887	0.00072972
-4.071	0.31381	0.00098707
-4.071	0.33891	0.00082004
-4.071	0.36402	0.00030515
-4.071	0.41423	0.00061917
-4.071	0.43933	0.0022522
-4.071	0.46444	0.0040773
-4.071	0.48954	0.0046183
-4.071	0.51464	0.0030776
-4.071	0.53975	0.00057134
-4.071	0.56485	0.00071154
-4.071	0.58996	0.0078551
-4.071	0.61506	0.025214
-4.071	0.64017	0.051389
-4.071	0.66527	0.080628
-4.071	0.69038	0.10388
-4.071	0.71548	0.11326
-4.071	0.74059	0.10552
-4.071	0.76569	0.083377
-4.071	0.79079	0.054827
-4.071	0.8159	0.028337
-4.071	0.841	0.010025
-4.071	0.86611	0.0014203
-4.071	0.91632	0.0020328
-4.071	0.94142	0.0036731
-4.071	0.96653	0.0036229
-4.071	0.99163	0.0022982
-4.071	1.0167	0.00085132
-4.071	1.0921	0.00042333
-4.071	1.1172	0.00063011
-4.071	1.1423	0.00056604
-4.071	1.1674	0.00034116
-4.071	1.9456	0.00057032
-4.071	1.9707	0.00096155
-4.071	1.9958	0.0012623
-4.071	2.0209	0.0013635
-4.071	2.046	0.0012415
-4.071	2.0711	0.00095166
-4.071	2.0962	0.0006115
-4.071	2.1213	0.00031609
-4.0459	-1.9958	0.00025185
-4.0459	-1.9707	0.00040968
-4.0459	-1.9456	0.00054719
-4.0459	-1.9205	0.00061231
-4.0459	-1.8954	0.00057823
-4.0459	-1.8703	0.0004522
-4.0459	-1.8452	0.00028319
-4.0459	-0.74059	0.00036746
-4.0459	-0.71548	0.00155
-4.0459	-0.69038	0.0038831
-4.0459	-0.66527	0.007355
-4.0459	-0.64017	0.011287
-4.0459	-0.61506	0.014518
-4.0459	-0.58996	0.015894
-4.0459	-0.56485	0.01472
-4.0459	-0.53975	0.011307
-4.0459	-0.51464	0.0068681
-4.0459	-0.48954	0.002929
-4.0459	-0.46444	0.00056256
-4.0459	-0.41423	0.00061832
-4.0459	-0.38912	0.0013888
-4.0459	-0.36402	0.0016096
-4.0459	-0.33891	0.0011888
-4.0459	-0.31381	0.00050658
-4.0459	-0.23849	0.00031834
-4.0459	-0.21339	0.00054777
-4.0459	-0.18828	0.00053604
-4.0459	-0.16318	0.00032416
-4.0459	0.31381	0.00034287
-4.0459	0.33891	0.00029782
-4.0459	0.41423	0.00044774
-4.0459	0.43933	0.0014889
-4.0459	0.46444	0.0026374
-4.0459	0.48954	0.0029262
-4.0459	0.51464	0.0017948
-4.0459	0.56485	0.0010589
-4.0459	0.58996	0.0083038
-4.0459	0.61506	0.024686
-4.0459	0.64017	0.049743
-4.0459	0.66527	0.078115
-4.0459	0.69038	0.10134
-4.0459	0.71548	0.11155
-4.0459	0.74059	0.10502
-4.0459	0.76569	0.083766
-4.0459	0.79079	0.055022
-4.0459	0.8159	0.028
-4.0459	0.841	0.0093959
-4.0459	0.86611	0.00097963
-4.0459	0.89121	0.00049437
-4.0459	0.91632	0.0031758
-4.0459	0.94142	0.0051867
-4.0459	0.96653	0.0049091
-4.0459	0.99163	0.0029821
-4.0459	1.0167	0.00098589
-4.0459	1.0669	0.00025238
-4.0459	1.0921	0.00089284
-4.0459	1.1172	0.0012625
-4.0459	1.1423	0.0010928
-4.0459	1.1674	0.00060015
-4.0459	1.9456	0.00057684
-4.0459	1.9707	0.00099602
-4.0459	1.9958	0.0013561
-4.0459	2.0209	0.001534
-4.0459	2.046	0.0014531
-4.0459	2.0711	0.0011672
-4.0459	2.0962	0.00078063
-4.0459	2.1213	0.00041793
-4.0209	-1.9456	0.00025407
-4.0209	-1.9205	0.00031002
-4.0209	-1.8954	0.00031392
-4.0209	-1.8703	0.0002602
-4.0209	-0.71548	0.00097729
-4.0209	-0.69038	0.0025488
-4.0209	-0.66527	0.0049605
-4.0209	-0.64017	0.0079106
-4.0209	-0.61506	0.010542
-4.0209	-0.58996	0.011917
-4.0209	-0.56485	0.01135
-4.0209	-0.53975	0.0089079
-4.0209	-0.51464	0.0054315
-4.0209	-0.48954	0.0022589
-4.0209	-0.46444	0.00037551
-4.0209	-0.41423	0.0007988
-4.0209	-0.38912	0.0016357
-4.0209	-0.36402	0.001849
-4.0209	-0.33891	0.0013343
-4.0209	-0.31381	0.00053858
-4.0209	-0.23849	0.00054748
-4.0209	-0.21339	0.00090029
-4.0209	-0.18828	0.00087723
-4.0209	-0.16318	0.00052188
-4.0209	-0.062762	0.00037853
-4.0209	-0.037657	0.00046686
-4.0209	-0.012552	0.00034882
-4.0209	0.43933	0.00053828
-4.0209	0.46444	0.0010238
-4.0209	0.48954	0.0011805
-4.0209	0.51464	0.0006944
-4.0209	0.56485	0.00101
-4.0209	0.58996	0.006268
-4.0209	0.61506	0.018416
-4.0209	0.64017	0.037132
-4.0209	0.66527	0.059415
-4.0209	0.69038	0.078717
-4.0209	0.71548	0.088318
-4.0209	0.74059	0.084534
-4.0209	0.76569	0.068142
-4.0209	0.79079	0.044879
-4.0209	0.8159	0.02251
-4.0209	0.841	0.007061
-4.0209	0.86611	0.00044464
-4.0209	0.89121	0.00088049
-4.0209	0.91632	0.0039088
-4.0209	0.94142	0.0059125
-4.0209	0.96653	0.0053644
-4.0209	0.99163	0.0030949
-4.0209	1.0167	0.00088672
-4.0209	1.0669	0.00048696
-4.0209	1.0921	0.0014161
-4.0209	1.1172	0.0018717
-4.0209	1.1423	0.001542
-4.0209	1.1674	0.0007862
-4.0209	1.2678	0.00043483
-4.0209	1.2929	0.00043619
-4.0209	1.318	0.00026138
-4.0209	1.4184	0.00027373
-4.0209	1.4435	0.00026943
-4.0209	1.9456	0.00033746
-4.0209	1.9707	0.0006171
-4.0209	1.9958	0.00089827
-4.0209	2.0209	0.0010828
-4.0209	2.046	0.0010914
-4.0209	2.0711	0.00092248
-4.0209	2.0962	0.00064521
-4.0209	2.1213	0.0003539
-3.9958	-0.71548	0.0002584
-3.9958	-0.69038	0.00080221
-3.9958	-0.66527	0.001812
-3.9958	-0.64017	0.0032987
-3.9958	-0.61506	0.0048415
-3.9958	-0.58996	0.0059248
-3.9958	-0.56485	0.0060327
-3.9958	-0.53975	0.0049847
-3.9958	-0.51464	0.0031149
-3.9958	-0.48954	0.0012695
-3.9958	-0.41423	0.00075999
-3.9958	-0.38912	0.0014637
-3.9958	-0.36402	0.0016267
-3.9958	-0.33891	0.0011454
-3.9958	-0.31381	0.00042904
-3.9958	-0.23849	0.00068771
-3.9958	-0.21339	0.0010849
-3.9958	-0.18828	0.0010349
-3.9958	-0.16318	0.00059584
-3.9958	-0.087866	0.00028447
-3.9958	-0.062762	0.00066249
-3.9958	-0.037657	0.00080566
-3.9958	-0.012552	0.00059555
-3.9958	0.087866	0.00039131
-3.9958	0.11297	0.00059968
-3.9958	0.13808	0.00055706
-3.9958	0.16318	0.00031638
-3.9958	0.56485	0.00047094
-3.9958	0.58996	0.002926
-3.9958	0.61506	0.0086841
-3.9958	0.64017	0.018643
-3.9958	0.66527	0.031602
-3.9958	0.69038	0.044137
-3.9958	0.71548	0.051873
-3.9958	0.74059	0.051518
-3.9958	0.76569	0.0428
-3.9958	0.79079	0.028786
-3.9958	0.8159	0.014316
-3.9958	0.841	0.0041898
-3.9958	0.89121	0.0010735
-3.9958	0.91632	0.0038267
-3.9958	0.94142	0.0054345
-3.9958	0.96653	0.0047677
-3.9958	0.99163	0.0026008
-3.9958	1.0167	0.00063693
-3.9958	1.0669	0.00071191
-3.9958	1.0921	0.0017719
-3.9958	1.1172	0.0022108
-3.9958	1.1423	0.0017311
-3.9958	1.1674	0.00080698
-3.9958	1.2427	0.00043189
-3.9958	1.2678	0.00077012
-3.9958	1.2929	0.00076223
-3.9958	1.318	0.00045331
-3.9958	1.4184	0.00045027
-3.9958	1.4435	0.00048903
-3.9958	1.4686	0.00032269
-3.9958	1.5941	0.00033201
-3.9958	1.6192	0.00028887
-3.9958	1.9958	0.00025381
-3.9958	2.0209	0.00035597
-3.9958	2.046	0.00041226
-3.9958	2.0711	0.00039184
-3.9958	2.0962	0.0003016
-3.9708	-0.61506	0.00063238
-3.9708	-0.58996	0.0011257
-3.9708	-0.56485	0.0014895
-3.9708	-0.53975	0.0014759
-3.9708	-0.51464	0.0010586
-3.9708	-0.48954	0.0004568
-3.9708	-0.41423	0.00048774
-3.9708	-0.38912	0.00092768
-3.9708	-0.36402	0.0010431
-3.9708	-0.33891	0.00073549
-3.9708	-0.31381	0.00025815
-3.9708	-0.23849	0.00064734
-3.9708	-0.21339	0.00099201
-3.9708	-0.18828	0.00092912
-3.9708	-0.16318	0.00051131
-3.9708	-0.087866	0.00039007
-3.9708	-0.062762	0.00084164
-3.9708	-0.037657	0.001003
-3.9708	-0.012552	0.0007221
-3.9708	0.012552	0.0002552
-3.9708	0.087866	0.00067776
-3.9708	0.11297	0.0010316
-3.9708	0.13808	0.00095906
-3.9708	0.16318	0.0005288
-3.9708	0.23849	0.00035046
-3.9708	0.2636	0.00073784
-3.9708	0.2887	0.00086316
-3.9708	0.31381	0.00061678
-3.9708	0.41423	0.00029566
-3.9708	0.43933	0.00040576
-3.9708	0.46444	0.00031982
-3.9708	0.61506	0.0010953
-3.9708	0.64017	0.0034758
-3.9708	0.66527	0.0076645
-3.9708	0.69038	0.013007
-3.9708	0.71548	0.017706
-3.9708	0.74059	0.019731
-3.9708	0.76569	0.017819
-3.9708	0.79079	0.012682
-3.9708	0.8159	0.0065437
-3.9708	0.841	0.0017474
-3.9708	0.89121	0.00094311
-3.9708	0.91632	0.0028191
-3.9708	0.94142	0.0038994
-3.9708	0.96653	0.0033355
-3.9708	0.99163	0.001744
-3.9708	1.0167	0.00034938
-3.9708	1.0669	0.00079908
-3.9708	1.0921	0.0017678
-3.9708	1.1172	0.0021032
-3.9708	1.1423	0.0015776
-3.9708	1.1674	0.00066633
-3.9708	1.2427	0.0006205
-3.9708	1.2678	0.0010278
-3.9708	1.2929	0.00098126
-3.9708	1.318	0.00056938
-3.9708	1.3933	0.00033323
-3.9708	1.4184	0.00064645
-3.9708	1.4435	0.00072314
-3.9708	1.4686	0.00048991
-3.9708	1.569	0.00041852
-3.9708	1.5941	0.00060138
-3.9708	1.6192	0.00053862
-3.9708	1.6444	0.00029409
-3.9708	1.7448	0.00033544
-3.9708	1.7699	0.00041302
-3.9708	1.795	0.00032576
-3.9708	1.9205	0.00027678
-3.9708	1.9456	0.00034414
-3.9708	1.9707	0.00031303
-3.9457	-2.0209	0.00041905
-3.9457	-1.9958	0.00054749
-3.9457	-1.9707	0.00057776
-3.9457	-1.9456	0.00050677
-3.9457	-1.9205	0.00036829
-3.9457	-0.74059	0.0004326
-3.9457	-0.71548	0.00089984
-3.9457	-0.69038	0.0013114
-3.9457	-0.66527	0.0014139
-3.9457	-0.64017	0.0011616
-3.9457	-0.61506	0.00070154
-3.9457	-0.58996	0.00027734
-3.9457	-0.38912	0.00031539
-3.9457	-0.36402	0.00039895
-3.9457	-0.33891	0.00030475
-3.9457	-0.23849	0.00041911
-3.9457	-0.21339	0.00065172
-3.9457	-0.18828	0.00061485
-3.9457	-0.16318	0.00032803
-3.9457	-0.087866	0.00039488
-3.9457	-0.062762	0.00080714
-3.9457	-0.037657	0.00094002
-3.9457	-0.012552	0.00065945
-3.9457	0.062762	0.0002873
-3.9457	0.087866	0.00087623
-3.9457	0.11297	0.0012918
-3.9457	0.13808	0.0011736
-3.9457	0.16318	0.00060774
-3.9457	0.23849	0.0006896
-3.9457	0.2636	0.0014065
-3.9457	0.2887	0.0016436
-3.9457	0.31381	0.0011825
-3.9457	0.33891	0.0004179
-3.9457	0.38912	0.00035448
-3.9457	0.41423	0.001191
-3.9457	0.43933	0.0018429
-3.9457	0.46444	0.0017655
-3.9457	0.48954	0.0010012
-3.9457	0.56485	0.00067897
-3.9457	0.58996	0.0015475
-3.9457	0.61506	0.0019747
-3.9457	0.64017	0.0016956
-3.9457	0.66527	0.00086825
-3.9457	0.69038	0.0005323
-3.9457	0.71548	0.00097321
-3.9457	0.74059	0.0018578
-3.9457	0.76569	0.0026192
-3.9457	0.79079	0.0025007
-3.9457	0.8159	0.0015212
-3.9457	0.841	0.00043535
-3.9457	0.89121	0.0004634
-3.9457	0.91632	0.0013651
-3.9457	0.94142	0.0019312
-3.9457	0.96653	0.0016902
-3.9457	0.99163	0.00086051
-3.9457	1.0669	0.00066391
-3.9457	1.0921	0.0013615
-3.9457	1.1172	0.0015732
-3.9457	1.1423	0.0011466
-3.9457	1.1674	0.00043446
-3.9457	1.2427	0.00069572
-3.9457	1.2678	0.0010793
-3.9457	1.2929	0.0010058
-3.9457	1.318	0.00055891
-3.9457	1.3933	0.00040822
-3.9457	1.4184	0.00078433
-3.9457	1.4435	0.00087145
-3.9457	1.4686	0.00058544
-3.9457	1.569	0.00062318
-3.9457	1.5941	0.00088615
-3.9457	1.6192	0.0007911
-3.9457	1.6444	0.000419
-3.9457	1.7197	0.0003116
-3.9457	1.7448	0.00068231
-3.9457	1.7699	0.00084875
-3.9457	1.795	0.00067065
-3.9457	1.8201	0.00028837
-3.9457	1.8954	0.0005586
-3.9457	1.9205	0.0011975
-3.9457	1.9456	0.0016895
-3.9457	1.9707	0.001843
-3.9457	1.9958	0.0016301
-3.9457	2.0209	0.0011828
-3.9457	2.046	0.00069784
-3.9457	2.0711	0.00033624
-3.9207	-2.046	0.00051328
-3.9207	-2.0209	0.00088587
-3.9207	-1.9958	0.0011997
-3.9207	-1.9707	0.0013384
-3.9207	-1.9456	0.0012562
-3.9207	-1.9205	0.0009946
-3.9207	-1.8954	0.0006528
-3.9207	-1.8703	0.00034298
-3.9207	-0.89121	0.00029313
-3.9207	-0.86611	0.00039309
-3.9207	-0.841	0.00032423
-3.9207	-0.76569	0.00034421
-3.9207	-0.74059	0.0014018
-3.9207	-0.71548	0.0031383
-3.9207	-0.69038	0.0050106
-3.9207	-0.66527	0.0064196
-3.9207	-0.64017	0.0067348
-3.9207	-0.61506	0.005871
-3.9207	-0.58996	0.0042209
-3.9207	-0.56485	0.0024135
-3.9207	-0.53975	0.0010083
-3.9207	-0.51464	0.00029805
-3.9207	-0.18828	0.00025579
-3.9207	-0.087866	0.00027393
-3.9207	-0.062762	0.00055324
-3.9207	-0.037657	0.00064593
-3.9207	-0.012552	0.0004455
-3.9207	0.062762	0.00030426
-3.9207	0.087866	0.00085705
-3.9207	0.11297	0.0012293
-3.9207	0.13808	0.0010846
-3.9207	0.16318	0.00051669
-3.9207	0.23849	0.00099383
-3.9207	0.2636	0.0019041
-3.9207	0.2887	0.0021664
-3.9207	0.31381	0.0014956
-3.9207	0.33891	0.00045221
-3.9207	0.38912	0.0008009
-3.9207	0.41423	0.0024899
-3.9207	0.43933	0.0038365
-3.9207	0.46444	0.0037088
-3.9207	0.48954	0.0020693
-3.9207	0.51464	0.00030384
-3.9207	0.53975	0.00037456
-3.9207	0.56485	0.0034637
-3.9207	0.58996	0.0090714
-3.9207	0.61506	0.014928
-3.9207	0.64017	0.018408
-3.9207	0.66527	0.018308
-3.9207	0.69038	0.014753
-3.9207	0.71548	0.0096705
-3.9207	0.74059	0.0048964
-3.9207	0.76569	0.0019343
-3.9207	0.79079	0.00048793
-3.9207	0.94142	0.00044762
-3.9207	0.96653	0.00046292
-3.9207	0.99163	0.00026195
-3.9207	1.0669	0.00035247
-3.9207	1.0921	0.00072476
-3.9207	1.1172	0.0008568
-3.9207	1.1423	0.00061435
-3.9207	1.2427	0.00058845
-3.9207	1.2678	0.00088533
-3.9207	1.2929	0.00081077
-3.9207	1.318	0.00043645
-3.9207	1.3933	0.00042076
-3.9207	1.4184	0.00078456
-3.9207	1.4435	0.0008533
-3.9207	1.4686	0.00055858
-3.9207	1.5439	0.00029409
-3.9207	1.569	0.00077801
-3.9207	1.5941	0.0010722
-3.9207	1.6192	0.00093778
-3.9207	1.6444	0.00046882
-3.9207	1.7197	0.00053347
-3.9207	1.7448	0.0011007
-3.9207	1.7699	0.0013304
-3.9207	1.795	0.0010148
-3.9207	1.8201	0.00039988
-3.9207	1.8703	0.0003164
-3.9207	1.8954	0.0014324
-3.9207	1.9205	0.003011
-3.9207	1.9456	0.0043893
-3.9207	1.9707	0.0050704
-3.9207	1.9958	0.0048551
-3.9207	2.0209	0.0039129
-3.9207	2.046	0.0026763
-3.9207	2.0711	0.0014961
-3.9207	2.0962	0.00068188
-3.8956	-2.0711	0.00032597
-3.8956	-2.046	0.00078351
-3.8956	-2.0209	0.0013513
-3.8956	-1.9958	0.0018626
-3.8956	-1.9707	0.002124
-3.8956	-1.9456	0.0020507
-3.8956	-1.9205	0.0016719
-3.8956	-1.8954	0.0011334
-3.8956	-1.8703	0.00061611
-3.8956	-0.89121	0.00036264
-3.8956	-0.86611	0.00047158
-3.8956	-0.841	0.00037015
-3.8956	-0.76569	0.00074474
-3.8956	-0.74059	0.0027283
-3.8956	-0.71548	0.006069
-3.8956	-0.69038	0.010013
-3.8956	-0.66527	0.013428
-3.8956	-0.64017	0.015
-3.8956	-0.61506	0.01418
-3.8956	-0.58996	0.011239
-3.8956	-0.56485	0.0072812
-3.8956	-0.53975	0.0036346
-3.8956	-0.51464	0.0012088
-3.8956	-0.41423	0.00032562
-3.8956	-0.037657	0.00027667
-3.8956	0.087866	0.00059808
-3.8956	0.11297	0.00085308
-3.8956	0.13808	0.00074323
-3.8956	0.16318	0.00032025
-3.8956	0.21339	0.00025091
-3.8956	0.23849	0.0010748
-3.8956	0.2636	0.001942
-3.8956	0.2887	0.0021497
-3.8956	0.31381	0.0014026
-3.8956	0.33891	0.00033441
-3.8956	0.38912	0.0013337
-3.8956	0.41423	0.0036696
-3.8956	0.43933	0.005465
-3.8956	0.46444	0.0051472
-3.8956	0.48954	0.0026548
-3.8956	0.53975	0.0013281
-3.8956	0.56485	0.0085228
-3.8956	0.58996	0.022058
-3.8956	0.61506	0.037643
-3.8956	0.64017	0.050216
-3.8956	0.66527	0.055181
-3.8956	0.69038	0.05081
-3.8956	0.71548	0.039632
-3.8956	0.74059	0.025466
-3.8956	0.76569	0.013172
-3.8956	0.79079	0.0049824
-3.8956	0.8159	0.0011374
-3.8956	0.89121	0.00025668
-3.8956	1.1172	0.00026423
-3.8956	1.2427	0.0003458
-3.8956	1.2678	0.00052766
-3.8956	1.2929	0.00049519
-3.8956	1.318	0.00026972
-3.8956	1.3933	0.00033742
-3.8956	1.4184	0.00061665
-3.8956	1.4435	0.00066262
-3.8956	1.4686	0.00042089
-3.8956	1.5439	0.00033199
-3.8956	1.569	0.00080536
-3.8956	1.5941	0.0010742
-3.8956	1.6192	0.00090662
-3.8956	1.6444	0.00041824
-3.8956	1.7197	0.00074365
-3.8956	1.7448	0.0014406
-3.8956	1.7699	0.0016738
-3.8956	1.795	0.0012218
-3.8956	1.8201	0.00041049
-3.8956	1.8703	0.00068859
-3.8956	1.8954	0.0026867
-3.8956	1.9205	0.0054581
-3.8956	1.9456	0.0080482
-3.8956	1.9707	0.0094909
-3.8956	1.9958	0.0093421
-3.8956	2.0209	0.0078355
-3.8956	2.046	0.0055664
-3.8956	2.0711	0.0032952
-3.8956	2.0962	0.0015743
-3.8956	2.1213	0.00055672
-3.8706	-2.0711	0.00039181
-3.8706	-2.046	0.00091964
-3.8706	-2.0209	0.0015923
-3.8706	-1.9958	0.0022185
-3.8706	-1.9707	0.0025765
-3.8706	-1.9456	0.0025337
-3.8706	-1.9205	0.0020982
-3.8706	-1.8954	0.001445
-3.8706	-1.8703	0.00078955
-3.8706	-1.8452	0.00030458
-3.8706	-0.89121	0.00032958
-3.8706	-0.86611	0.00041984
-3.8706	-0.841	0.00030442
-3.8706	-0.76569	0.0011173
-3.8706	-0.74059	0.0038074
-3.8706	-0.71548	0.0083575
-3.8706	-0.69038	0.014004
-3.8706	-0.66527	0.019203
-3.8706	-0.64017	0.022139
-3.8706	-0.61506	0.021636
-3.8706	-0.58996	0.017789
-3.8706	-0.56485	0.011963
-3.8706	-0.53975	0.0061791
-3.8706	-0.51464	0.0020646
-3.8706	-0.43933	0.0007163
-3.8706	-0.41423	0.0011091
-3.8706	-0.38912	0.00097171
-3.8706	-0.36402	0.00051274
-3.8706	0.11297	0.00036053
-3.8706	0.13808	0.00032154
-3.8706	0.23849	0.00083122
-3.8706	0.2636	0.0014769
-3.8706	0.2887	0.0015834
-3.8706	0.31381	0.00097691
-3.8706	0.38912	0.0016258
-3.8706	0.41423	0.0040709
-3.8706	0.43933	0.0058278
-3.8706	0.46444	0.0052561
-3.8706	0.48954	0.0024225
-3.8706	0.53975	0.0026933
-3.8706	0.56485	0.014367
-3.8706	0.58996	0.035671
-3.8706	0.61506	0.061537
-3.8706	0.64017	0.084308
-3.8706	0.66527	0.096087
-3.8706	0.69038	0.092695
-3.8706	0.71548	0.076011
-3.8706	0.74059	0.052142
-3.8706	0.76569	0.028812
-3.8706	0.79079	0.011839
-3.8706	0.8159	0.0027632
-3.8706	0.86611	0.00050145
-3.8706	0.89121	0.0013994
-3.8706	0.91632	0.0015499
-3.8706	0.94142	0.0010324
-3.8706	0.96653	0.00041746
-3.8706	1.4184	0.00034434
-3.8706	1.4435	0.00037823
-3.8706	1.5439	0.00029747
-3.8706	1.569	0.00066744
-3.8706	1.5941	0.00087121
-3.8706	1.6192	0.00070713
-3.8706	1.6444	0.00029558
-3.8706	1.7197	0.00085159
-3.8706	1.7448	0.0015451
-3.8706	1.7699	0.0017324
-3.8706	1.795	0.0011909
-3.8706	1.8201	0.00032346
-3.8706	1.8703	0.0011778
-3.8706	1.8954	0.0040184
-3.8706	1.9205	0.0079234
-3.8706	1.9456	0.011601
-3.8706	1.9707	0.013816
-3.8706	1.9958	0.01378
-3.8706	2.0209	0.011733
-3.8706	2.046	0.0084886
-3.8706	2.0711	0.0051135
-3.8706	2.0962	0.0024637
-3.8706	2.1213	0.00083481
-3.8455	-2.0711	0.00034141
-3.8455	-2.046	0.00080356
-3.8455	-2.0209	0.0014186
-3.8455	-1.9958	0.0020289
-3.8455	-1.9707	0.002411
-3.8455	-1.9456	0.0024282
-3.8455	-1.9205	0.0020553
-3.8455	-1.8954	0.0014315
-3.8455	-1.8703	0.00078118
-3.8455	-1.8452	0.00029058
-3.8455	-0.86611	0.00025968
-3.8455	-0.76569	0.0012071
-3.8455	-0.74059	0.0039391
-3.8455	-0.71548	0.0086388
-3.8455	-0.69038	0.014713
-3.8455	-0.66527	0.020621
-3.8455	-0.64017	0.024361
-3.8455	-0.61506	0.024343
-3.8455	-0.58996	0.020448
-3.8455	-0.56485	0.013989
-3.8455	-0.53975	0.0072467
-3.8455	-0.51464	0.0023229
-3.8455	-0.46444	0.00029253
-3.8455	-0.43933	0.0013655
-3.8455	-0.41423	0.0020607
-3.8455	-0.38912	0.0018397
-3.8455	-0.36402	0.00099944
-3.8455	-0.2887	0.00025095
-3.8455	-0.2636	0.00059138
-3.8455	-0.23849	0.00069232
-3.8455	-0.21339	0.0004899
-3.8455	0.23849	0.0003865
-3.8455	0.2636	0.00070009
-3.8455	0.2887	0.00076624
-3.8455	0.31381	0.00045029
-3.8455	0.38912	0.0014106
-3.8455	0.41423	0.0033304
-3.8455	0.43933	0.004637
-3.8455	0.46444	0.0040161
-3.8455	0.48954	0.0015908
-3.8455	0.53975	0.0040445
-3.8455	0.56485	0.018093
-3.8455	0.58996	0.043102
-3.8455	0.61506	0.074643
-3.8455	0.64017	0.10363
-3.8455	0.66527	0.12069
-3.8455	0.69038	0.11948
-3.8455	0.71548	0.10046
-3.8455	0.74059	0.070616
-3.8455	0.76569	0.039894
-3.8455	0.79079	0.016432
-3.8455	0.8159	0.0036539
-3.8455	0.86611	0.0013139
-3.8455	0.89121	0.0032779
-3.8455	0.91632	0.0037111
-3.8455	0.94142	0.0026211
-3.8455	0.96653	0.0011113
-3.8455	1.0418	0.00027683
-3.8455	1.0669	0.00046631
-3.8455	1.0921	0.00041545
-3.8455	1.569	0.00040482
-3.8455	1.5941	0.00052159
-3.8455	1.6192	0.00041727
-3.8455	1.7197	0.0007753
-3.8455	1.7448	0.0013427
-3.8455	1.7699	0.0014509
-3.8455	1.795	0.0009322
-3.8455	1.8703	0.0015918
-3.8455	1.8954	0.0049097
-3.8455	1.9205	0.0094315
-3.8455	1.9456	0.013762
-3.8455	1.9707	0.016446
-3.8455	1.9958	0.016558
-3.8455	2.0209	0.014226
-3.8455	2.046	0.010382
-3.8455	2.0711	0.0062765
-3.8455	2.0962	0.0029989
-3.8455	2.1213	0.0009916
-3.8205	-2.046	0.00042797
-3.8205	-2.0209	0.00081523
-3.8205	-1.9958	0.0012489
-3.8205	-1.9707	0.001582
-3.8205	-1.9456	0.0016712
-3.8205	-1.9205	0.0014769
-3.8205	-1.8954	0.0010579
-3.8205	-1.8703	0.00058113
-3.8205	-0.76569	0.00086748
-3.8205	-0.74059	0.0028122
-3.8205	-0.71548	0.006365
-3.8205	-0.69038	0.01127
-3.8205	-0.66527	0.016411
-3.8205	-0.64017	0.020018
-3.8205	-0.61506	0.020719
-3.8205	-0.58996	0.017846
-3.8205	-0.56485	0.01243
-3.8205	-0.53975	0.0063957
-3.8205	-0.51464	0.0019251
-3.8205	-0.46444	0.0005212
-3.8205	-0.43933	0.0019062
-3.8205	-0.41423	0.0027656
-3.8205	-0.38912	0.0024256
-3.8205	-0.36402	0.0013016
-3.8205	-0.33891	0.00027315
-3.8205	-0.2887	0.00050535
-3.8205	-0.2636	0.0011472
-3.8205	-0.23849	0.0013585
-3.8205	-0.21339	0.00099715
-3.8205	-0.18828	0.00040147
-3.8205	-0.11297	0.00038428
-3.8205	-0.087866	0.00060582
-3.8205	-0.062762	0.00054737
-3.8205	-0.037657	0.0002935
-3.8205	0.38912	0.00076657
-3.8205	0.41423	0.0017802
-3.8205	0.43933	0.0025058
-3.8205	0.46444	0.0021225
-3.8205	0.48954	0.00069391
-3.8205	0.53975	0.0042345
-3.8205	0.56485	0.016925
-3.8205	0.58996	0.039693
-3.8205	0.61506	0.069138
-3.8205	0.64017	0.097773
-3.8205	0.66527	0.11596
-3.8205	0.69038	0.11712
-3.8205	0.71548	0.10044
-3.8205	0.74059	0.071735
-3.8205	0.76569	0.040856
-3.8205	0.79079	0.016458
-3.8205	0.8159	0.0032275
-3.8205	0.86611	0.0023046
-3.8205	0.89121	0.0051103
-3.8205	0.91632	0.0056594
-3.8205	0.94142	0.0039723
-3.8205	0.96653	0.0016559
-3.8205	1.0418	0.00071532
-3.8205	1.0669	0.0011976
-3.8205	1.0921	0.0011246
-3.8205	1.1172	0.00065795
-3.8205	1.7197	0.00050697
-3.8205	1.7448	0.00085949
-3.8205	1.7699	0.00091196
-3.8205	1.795	0.00055125
-3.8205	1.8703	0.0016649
-3.8205	1.8954	0.0047603
-3.8205	1.9205	0.0089999
-3.8205	1.9456	0.013162
-3.8205	1.9707	0.015839
-3.8205	1.9958	0.016142
-3.8205	2.0209	0.013999
-3.8205	2.046	0.010284
-3.8205	2.0711	0.006228
-3.8205	2.0962	0.0029333
-3.8205	2.1213	0.00091664
-3.8205	2.2218	0.00029486
-3.8205	2.2469	0.00025558
-3.7954	-1.9958	0.00028717
-3.7954	-1.9707	0.00046273
-3.7954	-1.9456	0.00058503
-3.7954	-1.9205	0.00058756
-3.7954	-1.8954	0.00046524
-3.7954	-1.8703	0.00026663
-3.7954	-0.74059	0.00089519
-3.7954	-0.71548	0.0023464
-3.7954	-0.69038	0.0048046
-3.7954	-0.66527	0.0078259
-3.7954	-0.64017	0.010495
-3.7954	-0.61506	0.011653
-3.7954	-0.58996	0.01061
-3.7954	-0.56485	0.007679
-3.7954	-0.53975	0.0039911
-3.7954	-0.51464	0.0010911
-3.7954	-0.46444	0.00063799
-3.7954	-0.43933	0.0019595
-3.7954	-0.41423	0.0027352
-3.7954	-0.38912	0.0023747
-3.7954	-0.36402	0.0012172
-3.7954	-0.2887	0.00075319
-3.7954	-0.2636	0.0015984
-3.7954	-0.23849	0.001864
-3.7954	-0.21339	0.0013532
-3.7954	-0.18828	0.00051655
-3.7954	-0.11297	0.00079361
-3.7954	-0.087866	0.0012369
-3.7954	-0.062762	0.001156
-3.7954	-0.037657	0.00064519
-3.7954	0.037657	0.00028317
-3.7954	0.062762	0.00062942
-3.7954	0.087866	0.00074465
-3.7954	0.11297	0.00054635
-3.7954	0.41423	0.00034252
-3.7954	0.43933	0.00059761
-3.7954	0.46444	0.00055639
-3.7954	0.53975	0.0028692
-3.7954	0.56485	0.010864
-3.7954	0.58996	0.026253
-3.7954	0.61506	0.047043
-3.7954	0.64017	0.069199
-3.7954	0.66527	0.084914
-3.7954	0.69038	0.088635
-3.7954	0.71548	0.078233
-3.7954	0.74059	0.057003
-3.7954	0.76569	0.032707
-3.7954	0.79079	0.01286
-3.7954	0.8159	0.0020801
-3.7954	0.86611	0.0030372
-3.7954	0.89121	0.006071
-3.7954	0.91632	0.0065774
-3.7954	0.94142	0.0045084
-3.7954	0.96653	0.0017733
-3.7954	1.0418	0.0012258
-3.7954	1.0669	0.0019769
-3.7954	1.0921	0.0018432
-3.7954	1.1172	0.0010594
-3.7954	1.1423	0.00028879
-3.7954	1.2176	0.00052707
-3.7954	1.2427	0.0006248
-3.7954	1.2678	0.00044847
-3.7954	1.7448	0.00032977
-3.7954	1.7699	0.00036176
-3.7954	1.8703	0.0012459
-3.7954	1.8954	0.0034581
-3.7954	1.9205	0.0065627
-3.7954	1.9456	0.0097259
-3.7954	1.9707	0.011912
-3.7954	1.9958	0.012353
-3.7954	2.0209	0.010884
-3.7954	2.046	0.0080918
-3.7954	2.0711	0.0049172
-3.7954	2.0962	0.0022782
-3.7954	2.1213	0.00066157
-3.7954	2.2218	0.00032393
-3.7954	2.2469	0.00026905
-3.7704	-0.66527	0.00075649
-3.7704	-0.64017	0.0016563
-3.7704	-0.61506	0.0025304
-3.7704	-0.58996	0.002846
-3.7704	-0.56485	0.0024254
-3.7704	-0.53975	0.0013432
-3.7704	-0.51464	0.00036102
-3.7704	-0.46444	0.0004629
-3.7704	-0.43933	0.0012984
-3.7704	-0.41423	0.0018016
-3.7704	-0.38912	0.0015486
-3.7704	-0.36402	0.0007678
-3.7704	-0.2887	0.00078069
-3.7704	-0.2636	0.0015629
-3.7704	-0.23849	0.0017874
-3.7704	-0.21339	0.0012704
-3.7704	-0.18828	0.00044378
-3.7704	-0.13808	0.00031727
-3.7704	-0.11297	0.0010952
-3.7704	-0.087866	0.001667
-3.7704	-0.062762	0.0015398
-3.7704	-0.037657	0.00083886
-3.7704	0.037657	0.00058127
-3.7704	0.062762	0.0012723
-3.7704	0.087866	0.0015251
-3.7704	0.11297	0.001137
-3.7704	0.13808	0.00046268
-3.7704	0.21339	0.00056232
-3.7704	0.23849	0.00089386
-3.7704	0.2636	0.00083689
-3.7704	0.2887	0.00046953
-3.7704	0.53975	0.00064576
-3.7704	0.56485	0.0029269
-3.7704	0.58996	0.0081498
-3.7704	0.61506	0.017134
-3.7704	0.64017	0.028448
-3.7704	0.66527	0.038617
-3.7704	0.69038	0.043743
-3.7704	0.71548	0.04122
-3.7704	0.74059	0.031581
-3.7704	0.76569	0.018783
-3.7704	0.79079	0.0071824
-3.7704	0.8159	0.00093574
-3.7704	0.841	0.0003
-3.7704	0.86611	0.0029221
-3.7704	0.89121	0.0054463
-3.7704	0.91632	0.0057644
-3.7704	0.94142	0.0039002
-3.7704	0.96653	0.0014349
-3.7704	1.0167	0.00038331
-3.7704	1.0418	0.0015767
-3.7704	1.0669	0.00241
-3.7704	1.0921	0.0022071
-3.7704	1.1172	0.0012273
-3.7704	1.1423	0.00029355
-3.7704	1.1925	0.00040438
-3.7704	1.2176	0.00093507
-3.7704	1.2427	0.0011009
-3.7704	1.2678	0.00078683
-3.7704	1.2929	0.00030222
-3.7704	1.3682	0.00035239
-3.7704	1.3933	0.00052207
-3.7704	1.4184	0.00046453
-3.7704	1.4435	0.0002586
-3.7704	1.8703	0.00059504
-3.7704	1.8954	0.0016645
-3.7704	1.9205	0.0033313
-3.7704	1.9456	0.005248
-3.7704	1.9707	0.0067627
-3.7704	1.9958	0.0073249
-3.7704	2.0209	0.0066815
-3.7704	2.046	0.0051036
-3.7704	2.0711	0.0031686
-3.7704	2.0962	0.0014599
-3.7704	2.1213	0.00039623
-3.7704	2.2218	0.00029684
-3.7453	-2.2469	0.00029618
-3.7453	-2.2218	0.00035416
-3.7453	-2.1967	0.00026256
-3.7453	-2.0962	0.00060512
-3.7453	-2.0711	0.0011814
-3.7453	-2.046	0.0016426
-3.7453	-2.0209	0.0018123
-3.7453	-1.9958	0.0016222
-3.7453	-1.9707	0.0011935
-3.7453	-1.9456	0.0007022
-3.7453	-1.9205	0.0003183
-3.7453	-0.94142	0.00028596
-3.7453	-0.91632	0.0005039
-3.7453	-0.89121	0.00054974
-3.7453	-0.86611	0.00034943
-3.7453	-0.79079	0.00051615
-3.7453	-0.76569	0.0014771
-3.7453	-0.74059	0.0024947
-3.7453	-0.71548	0.0030939
-3.7453	-0.69038	0.0028624
-3.7453	-0.66527	0.0020601
-3.7453	-0.64017	0.0010853
-3.7453	-0.61506	0.00029987
-3.7453	-0.43933	0.0004377
-3.7453	-0.41423	0.00068237
-3.7453	-0.38912	0.00063958
-3.7453	-0.36402	0.00032067
-3.7453	-0.2887	0.00057269
-3.7453	-0.2636	0.0011097
-3.7453	-0.23849	0.0012726
-3.7453	-0.21339	0.00088957
-3.7453	-0.18828	0.00027389
-3.7453	-0.13808	0.00037732
-3.7453	-0.11297	0.0011457
-3.7453	-0.087866	0.0016936
-3.7453	-0.062762	0.0015349
-3.7453	-0.037657	0.0007951
-3.7453	0.037657	0.00086541
-3.7453	0.062762	0.0017766
-3.7453	0.087866	0.0020906
-3.7453	0.11297	0.001525
-3.7453	0.13808	0.00055886
-3.7453	0.18828	0.00036006
-3.7453	0.21339	0.0012987
-3.7453	0.23849	0.0020372
-3.7453	0.2636	0.0019378
-3.7453	0.2887	0.0011072
-3.7453	0.36402	0.00062289
-3.7453	0.38912	0.0014079
-3.7453	0.41423	0.0017106
-3.7453	0.43933	0.0012813
-3.7453	0.46444	0.00052293
-3.7453	0.53975	0.00026732
-3.7453	0.56485	0.000256
-3.7453	0.61506	0.00027217
-3.7453	0.64017	0.0019479
-3.7453	0.66527	0.0046938
-3.7453	0.69038	0.007751
-3.7453	0.71548	0.0095722
-3.7453	0.74059	0.0088398
-3.7453	0.76569	0.0059077
-3.7453	0.79079	0.0024751
-3.7453	0.8159	0.00025513
-3.7453	0.841	0.00026939
-3.7453	0.86611	0.0017705
-3.7453	0.89121	0.0032695
-3.7453	0.91632	0.0035031
-3.7453	0.94142	0.0023645
-3.7453	0.96653	0.00083255
-3.7453	1.0167	0.00040559
-3.7453	1.0418	0.0014133
-3.7453	1.0669	0.0021003
-3.7453	1.0921	0.0018857
-3.7453	1.1172	0.0010061
-3.7453	1.1925	0.0005357
-3.7453	1.2176	0.0011418
-3.7453	1.2427	0.0013047
-3.7453	1.2678	0.00091487
-3.7453	1.2929	0.0003211
-3.7453	1.3682	0.00059107
-3.7453	1.3933	0.00086924
-3.7453	1.4184	0.00077671
-3.7453	1.4435	0.0004194
-3.7453	1.5439	0.00039644
-3.7453	1.569	0.00044681
-3.7453	1.5941	0.00031114
-3.7453	1.9205	0.00062532
-3.7453	1.9456	0.0012839
-3.7453	1.9707	0.0019837
-3.7453	1.9958	0.0024933
-3.7453	2.0209	0.0025645
-3.7453	2.046	0.0021323
-3.7453	2.0711	0.0013954
-3.7453	2.0962	0.00066774
-3.7203	-2.272	0.00030304
-3.7203	-2.2469	0.00056882
-3.7203	-2.2218	0.00065538
-3.7203	-2.1967	0.00045564
-3.7203	-2.1213	0.00051368
-3.7203	-2.0962	0.0017377
-3.7203	-2.0711	0.0034046
-3.7203	-2.046	0.0049591
-3.7203	-2.0209	0.005814
-3.7203	-1.9958	0.0056811
-3.7203	-1.9707	0.0046589
-3.7203	-1.9456	0.003203
-3.7203	-1.9205	0.0017981
-3.7203	-1.8954	0.00078539
-3.7203	-0.94142	0.00056813
-3.7203	-0.91632	0.00097165
-3.7203	-0.89121	0.0010382
-3.7203	-0.86611	0.00063213
-3.7203	-0.79079	0.0018788
-3.7203	-0.76569	0.00532
-3.7203	-0.74059	0.0099002
-3.7203	-0.71548	0.014078
-3.7203	-0.69038	0.016226
-3.7203	-0.66527	0.015529
-3.7203	-0.64017	0.012382
-3.7203	-0.61506	0.0081368
-3.7203	-0.58996	0.0041369
-3.7203	-0.56485	0.0015718
-3.7203	-0.53975	0.00033989
-3.7203	-0.2636	0.00048576
-3.7203	-0.23849	0.00060211
-3.7203	-0.21339	0.00043209
-3.7203	-0.13808	0.0003228
-3.7203	-0.11297	0.00092888
-3.7203	-0.087866	0.0013632
-3.7203	-0.062762	0.0012264
-3.7203	-0.037657	0.00060529
-3.7203	0.037657	0.0010359
-3.7203	0.062762	0.0020154
-3.7203	0.087866	0.0023232
-3.7203	0.11297	0.0016326
-3.7203	0.13808	0.0005184
-3.7203	0.18828	0.00068762
-3.7203	0.21339	0.002177
-3.7203	0.23849	0.003293
-3.7203	0.2636	0.0030786
-3.7203	0.2887	0.0016567
-3.7203	0.31381	0.0002622
-3.7203	0.36402	0.001809
-3.7203	0.38912	0.00394
-3.7203	0.41423	0.0049108
-3.7203	0.43933	0.0038255
-3.7203	0.46444	0.0015636
-3.7203	0.51464	0.0010765
-3.7203	0.53975	0.0047786
-3.7203	0.56485	0.0096178
-3.7203	0.58996	0.012627
-3.7203	0.61506	0.012339
-3.7203	0.64017	0.0093115
-3.7203	0.66527	0.0051112
-3.7203	0.69038	0.0017724
-3.7203	0.76569	0.00028668
-3.7203	0.79079	0.00029314
-3.7203	0.86611	0.00051073
-3.7203	0.89121	0.0011253
-3.7203	0.91632	0.0013525
-3.7203	0.94142	0.00099256
-3.7203	0.96653	0.00035391
-3.7203	1.0167	0.00028061
-3.7203	1.0418	0.00092172
-3.7203	1.0669	0.001372
-3.7203	1.0921	0.001243
-3.7203	1.1172	0.00064185
-3.7203	1.1925	0.00053994
-3.7203	1.2176	0.0010772
-3.7203	1.2427	0.0012067
-3.7203	1.2678	0.00081633
-3.7203	1.2929	0.00025696
-3.7203	1.3682	0.00074656
-3.7203	1.3933	0.0010598
-3.7203	1.4184	0.00092673
-3.7203	1.4435	0.00046791
-3.7203	1.5188	0.00036814
-3.7203	1.5439	0.00072933
-3.7203	1.569	0.00081693
-3.7203	1.5941	0.00056593
-3.7203	1.6946	0.00037872
-3.7203	1.7197	0.00056831
-3.7203	1.7448	0.00051681
-3.7203	1.7699	0.00028505
-3.7203	1.8703	0.00027951
-3.7203	1.8954	0.00033307
-3.7203	1.9205	0.00025787
-3.7203	2.046	0.00029824
-3.7203	2.0711	0.00025939
-3.6952	-2.4226	0.00026654
-3.6952	-2.3975	0.00034382
-3.6952	-2.3724	0.00027173
-3.6952	-2.272	0.00054093
-3.6952	-2.2469	0.00094277
-3.6952	-2.2218	0.0010293
-3.6952	-2.1967	0.00065889
-3.6952	-2.1213	0.0012327
-3.6952	-2.0962	0.0038082
-3.6952	-2.0711	0.0072871
-3.6952	-2.046	0.01062
-3.6952	-2.0209	0.012644
-3.6952	-1.9958	0.012618
-3.6952	-1.9707	0.010706
-3.6952	-1.9456	0.007634
-3.6952	-1.9205	0.0044621
-3.6952	-1.8954	0.0020228
-3.6952	-1.8703	0.00062087
-3.6952	-0.96653	0.00025852
-3.6952	-0.94142	0.00078044
-3.6952	-0.91632	0.0012863
-3.6952	-0.89121	0.0013306
-3.6952	-0.86611	0.00073662
-3.6952	-0.8159	0.00056693
-3.6952	-0.79079	0.0039147
-3.6952	-0.76569	0.010809
-3.6952	-0.74059	0.020413
-3.6952	-0.71548	0.030137
-3.6952	-0.69038	0.036713
-3.6952	-0.66527	0.037672
-3.6952	-0.64017	0.032643
-3.6952	-0.61506	0.023705
-3.6952	-0.58996	0.013866
-3.6952	-0.56485	0.0060519
-3.6952	-0.53975	0.0016148
-3.6952	-0.46444	0.00056114
-3.6952	-0.43933	0.00062561
-3.6952	-0.41423	0.00038475
-3.6952	-0.11297	0.000411
-3.6952	-0.087866	0.00064958
-3.6952	-0.062762	0.00061641
-3.6952	-0.037657	0.00030285
-3.6952	0.037657	0.00083763
-3.6952	0.062762	0.0016109
-3.6952	0.087866	0.0018279
-3.6952	0.11297	0.0012469
-3.6952	0.13808	0.00033078
-3.6952	0.18828	0.00093851
-3.6952	0.21339	0.0026161
-3.6952	0.23849	0.0038065
-3.6952	0.2636	0.0034648
-3.6952	0.2887	0.0017281
-3.6952	0.33891	0.00052377
-3.6952	0.36402	0.0033161
-3.6952	0.38912	0.0068577
-3.6952	0.41423	0.0083973
-3.6952	0.43933	0.0064082
-3.6952	0.46444	0.0022408
-3.6952	0.51464	0.0041963
-3.6952	0.53975	0.016465
-3.6952	0.56485	0.034049
-3.6952	0.58996	0.050404
-3.6952	0.61506	0.059297
-3.6952	0.64017	0.057466
-3.6952	0.66527	0.046285
-3.6952	0.69038	0.030639
-3.6952	0.71548	0.016383
-3.6952	0.74059	0.0065034
-3.6952	0.76569	0.0017182
-3.6952	1.0418	0.00032563
-3.6952	1.0669	0.00056057
-3.6952	1.0921	0.00056149
-3.6952	1.1172	0.00030452
-3.6952	1.1925	0.0004074
-3.6952	1.2176	0.00079915
-3.6952	1.2427	0.00089549
-3.6952	1.2678	0.00059708
-3.6952	1.3431	0.0002861
-3.6952	1.3682	0.00078565
-3.6952	1.3933	0.0010895
-3.6952	1.4184	0.00091814
-3.6952	1.4435	0.00042969
-3.6952	1.5188	0.00056879
-3.6952	1.5439	0.0010509
-3.6952	1.569	0.0011485
-3.6952	1.5941	0.00076503
-3.6952	1.6695	0.00027792
-3.6952	1.6946	0.00084207
-3.6952	1.7197	0.0012462
-3.6952	1.7448	0.0011463
-3.6952	1.7699	0.00061688
-3.6952	1.8452	0.00068053
-3.6952	1.8703	0.0017466
-3.6952	1.8954	0.0026349
-3.6952	1.9205	0.0030417
-3.6952	1.9456	0.0027789
-3.6952	1.9707	0.0020467
-3.6952	1.9958	0.0012385
-3.6952	2.0209	0.00058122
-3.6701	-2.4226	0.00039274
-3.6701	-2.3975	0.00047507
-3.6701	-2.3724	0.00034337
-3.6701	-2.2971	0.00030207
-3.6701	-2.272	0.00094262
-3.6701	-2.2469	0.0015408
-3.6701	-2.2218	0.0015751
-3.6701	-2.1967	0.00091144
-3.6701	-2.1464	0.00033192
-3.6701	-2.1213	0.0027794
-3.6701	-2.0962	0.0078547
-3.6701	-2.0711	0.014571
-3.6701	-2.046	0.02104
-3.6701	-2.0209	0.024979
-3.6701	-1.9958	0.025036
-3.6701	-1.9707	0.021348
-3.6701	-1.9456	0.015277
-3.6701	-1.9205	0.0090868
-3.6701	-1.8954	0.0040726
-3.6701	-1.8703	0.0011922
-3.6701	-1.795	0.00027084
-3.6701	-1.7699	0.00037162
-3.6701	-1.7448	0.0002867
-3.6701	-0.96653	0.00031455
-3.6701	-0.94142	0.00087483
-3.6701	-0.91632	0.0013911
-3.6701	-0.89121	0.0013764
-3.6701	-0.86611	0.00067279
-3.6701	-0.8159	0.0011585
-3.6701	-0.79079	0.0063392
-3.6701	-0.76569	0.016757
-3.6701	-0.74059	0.031664
-3.6701	-0.71548	0.047345
-3.6701	-0.69038	0.058883
-3.6701	-0.66527	0.061983
-3.6701	-0.64017	0.055296
-3.6701	-0.61506	0.04141
-3.6701	-0.58996	0.024947
-3.6701	-0.56485	0.011046
-3.6701	-0.53975	0.0027697
-3.6701	-0.48954	0.00069582
-3.6701	-0.46444	0.0020684
-3.6701	-0.43933	0.0024779
-3.6701	-0.41423	0.0018079
-3.6701	-0.38912	0.00078494
-3.6701	-0.2887	0.00029861
-3.6701	0.037657	0.00036059
-3.6701	0.062762	0.00072738
-3.6701	0.087866	0.00086704
-3.6701	0.11297	0.00058936
-3.6701	0.18828	0.00079052
-3.6701	0.21339	0.0020632
-3.6701	0.23849	0.0029433
-3.6701	0.2636	0.0025971
-3.6701	0.2887	0.0011852
-3.6701	0.33891	0.00083176
-3.6701	0.36402	0.003965
-3.6701	0.38912	0.0077477
-3.6701	0.41423	0.0092315
-3.6701	0.43933	0.0067253
-3.6701	0.46444	0.0018877
-3.6701	0.48954	0.00025932
-3.6701	0.51464	0.0082829
-3.6701	0.53975	0.029453
-3.6701	0.56485	0.06062
-3.6701	0.58996	0.093023
-3.6701	0.61506	0.11522
-3.6701	0.64017	0.11918
-3.6701	0.66527	0.10435
-3.6701	0.69038	0.076679
-3.6701	0.71548	0.046379
-3.6701	0.74059	0.021783
-3.6701	0.76569	0.0068108
-3.6701	0.79079	0.00082796
-3.6701	0.841	0.00087276
-3.6701	0.86611	0.0012262
-3.6701	0.89121	0.00086957
-3.6701	0.91632	0.00033269
-3.6701	1.2176	0.00031524
-3.6701	1.2427	0.00038732
-3.6701	1.2678	0.00027112
-3.6701	1.3682	0.00056795
-3.6701	1.3933	0.00078153
-3.6701	1.4184	0.00065139
-3.6701	1.4435	0.00027954
-3.6701	1.5188	0.00064908
-3.6701	1.5439	0.0011353
-3.6701	1.569	0.0012046
-3.6701	1.5941	0.00076542
-3.6701	1.6695	0.00049552
-3.6701	1.6946	0.001336
-3.6701	1.7197	0.0019035
-3.6701	1.7448	0.001708
-3.6701	1.7699	0.00086102
-3.6701	1.8201	0.0002803
-3.6701	1.8452	0.0018575
-3.6701	1.8703	0.0044938
-3.6701	1.8954	0.0072353
-3.6701	1.9205	0.0089813
-3.6701	1.9456	0.0091336
-3.6701	1.9707	0.0077565
-3.6701	1.9958	0.0055384
-3.6701	2.0209	0.0032796
-3.6701	2.046	0.0015583
-3.6701	2.0711	0.00053739
-3.6451	-2.4477	0.00026012
-3.6451	-2.4226	0.00048156
-3.6451	-2.3975	0.00054616
-3.6451	-2.3724	0.00036302
-3.6451	-2.2971	0.00050517
-3.6451	-2.272	0.00138
-3.6451	-2.2469	0.0021173
-3.6451	-2.2218	0.0020379
-3.6451	-2.1967	0.0010496
-3.6451	-2.1464	0.00086543
-3.6451	-2.1213	0.0051165
-3.6451	-2.0962	0.013613
-3.6451	-2.0711	0.024575
-3.6451	-2.046	0.03516
-3.6451	-2.0209	0.041469
-3.6451	-1.9958	0.041543
-3.6451	-1.9707	0.035479
-3.6451	-1.9456	0.025427
-3.6451	-1.9205	0.014861
-3.6451	-1.8954	0.006527
-3.6451	-1.8703	0.0017667
-3.6451	-1.795	0.00067812
-3.6451	-1.7699	0.00085737
-3.6451	-1.7448	0.00064171
-3.6451	-1.7197	0.0002934
-3.6451	-0.96653	0.00029413
-3.6451	-0.94142	0.00079025
-3.6451	-0.91632	0.0012398
-3.6451	-0.89121	0.0011911
-3.6451	-0.86611	0.00050083
-3.6451	-0.8159	0.0018683
-3.6451	-0.79079	0.008895
-3.6451	-0.76569	0.022899
-3.6451	-0.74059	0.043115
-3.6451	-0.71548	0.065111
-3.6451	-0.69038	0.082186
-3.6451	-0.66527	0.088063
-3.6451	-0.64017	0.079936
-3.6451	-0.61506	0.060473
-3.6451	-0.58996	0.03662
-3.6451	-0.56485	0.015948
-3.6451	-0.53975	0.0035862
-3.6451	-0.48954	0.0019117
-3.6451	-0.46444	0.0048249
-3.6451	-0.43933	0.0057224
-3.6451	-0.41423	0.0042099
-3.6451	-0.38912	0.0017991
-3.6451	-0.31381	0.00083923
-3.6451	-0.2887	0.0014499
-3.6451	-0.2636	0.0013772
-3.6451	-0.23849	0.00078452
-3.6451	0.18828	0.00043245
-3.6451	0.21339	0.0011049
-3.6451	0.23849	0.0016197
-3.6451	0.2636	0.0014352
-3.6451	0.2887	0.0005892
-3.6451	0.33891	0.00089227
-3.6451	0.36402	0.003599
-3.6451	0.38912	0.006744
-3.6451	0.41423	0.0078339
-3.6451	0.43933	0.0053263
-3.6451	0.46444	0.0011125
-3.6451	0.48954	0.00085204
-3.6451	0.51464	0.012039
-3.6451	0.53975	0.038458
-3.6451	0.56485	0.078089
-3.6451	0.58996	0.12072
-3.6451	0.61506	0.15269
-3.6451	0.64017	0.16217
-3.6451	0.66527	0.14671
-3.6451	0.69038	0.11172
-3.6451	0.71548	0.070079
-3.6451	0.74059	0.033969
-3.6451	0.76569	0.010859
-3.6451	0.79079	0.0011795
-3.6451	0.8159	0.00035901
-3.6451	0.841	0.0025122
-3.6451	0.86611	0.0038033
-3.6451	0.89121	0.0031986
-3.6451	0.91632	0.0015937
-3.6451	0.94142	0.00038367
-3.6451	1.0167	0.00040181
-3.6451	1.0418	0.00037509
-3.6451	1.3933	0.00029851
-3.6451	1.4184	0.00025778
-3.6451	1.5188	0.00046206
-3.6451	1.5439	0.0007858
-3.6451	1.569	0.00081238
-3.6451	1.5941	0.00048782
-3.6451	1.6695	0.0005619
-3.6451	1.6946	0.0013744
-3.6451	1.7197	0.001892
-3.6451	1.7448	0.0016336
-3.6451	1.7699	0.00074451
-3.6451	1.8201	0.00055183
-3.6451	1.8452	0.0029628
-3.6451	1.8703	0.0069236
-3.6451	1.8954	0.011242
-3.6451	1.9205	0.014341
-3.6451	1.9456	0.015196
-3.6451	1.9707	0.013571
-3.6451	1.9958	0.010294
-3.6451	2.0209	0.0065048
-3.6451	2.046	0.0033316
-3.6451	2.0711	0.001279
-3.6451	2.0962	0.00028299
-3.62	-2.4477	0.00025493
-3.62	-2.4226	0.0004357
-3.62	-2.3975	0.00046419
-3.62	-2.3724	0.00027528
-3.62	-2.2971	0.00060123
-3.62	-2.272	0.0014709
-3.62	-2.2469	0.0021169
-3.62	-2.2218	0.0019006
-3.62	-2.1967	0.00083421
-3.62	-2.1464	0.0013828
-3.62	-2.1213	0.0068423
-3.62	-2.0962	0.016949
-3.62	-2.0711	0.029859
-3.62	-2.046	0.042065
-3.62	-2.0209	0.049317
-3.62	-1.9958	0.049203
-3.62	-1.9707	0.041721
-3.62	-1.9456	0.029668
-3.62	-1.9205	0.017086
-3.62	-1.8954	0.0072467
-3.62	-1.8703	0.0017608
-3.62	-1.8201	0.00037842
-3.62	-1.795	0.0011098
-3.62	-1.7699	0.0013042
-3.62	-1.7448	0.00093324
-3.62	-1.7197	0.00040197
-3.62	-0.94142	0.00035095
-3.62	-0.91632	0.00060134
-3.62	-0.89121	0.00059182
-3.62	-0.8159	0.0019186
-3.62	-0.79079	0.0084649
-3.62	-0.76569	0.021982
-3.62	-0.74059	0.042271
-3.62	-0.71548	0.06549
-3.62	-0.69038	0.085167
-3.62	-0.66527	0.093823
-3.62	-0.64017	0.087223
-3.62	-0.61506	0.066995
-3.62	-0.58996	0.04081
-3.62	-0.56485	0.017285
-3.62	-0.53975	0.0033151
-3.62	-0.48954	0.0037147
-3.62	-0.46444	0.0082259
-3.62	-0.43933	0.0094712
-3.62	-0.41423	0.0068199
-3.62	-0.38912	0.0027657
-3.62	-0.33891	0.00039005
-3.62	-0.31381	0.0022352
-3.62	-0.2887	0.0036868
-3.62	-0.2636	0.0035498
-3.62	-0.23849	0.0020845
-3.62	-0.21339	0.0005605
-3.62	-0.16318	0.00044621
-3.62	-0.13808	0.0011623
-3.62	-0.11297	0.0013998
-3.62	-0.087866	0.0010132
-3.62	-0.062762	0.00040016
-3.62	0.037657	0.00026726
-3.62	0.23849	0.00040563
-3.62	0.2636	0.0004219
-3.62	0.33891	0.00064186
-3.62	0.36402	0.0023871
-3.62	0.38912	0.0045296
-3.62	0.41423	0.0052621
-3.62	0.43933	0.0034138
-3.62	0.46444	0.00042521
-3.62	0.48954	0.001527
-3.62	0.51464	0.013979
-3.62	0.53975	0.042721
-3.62	0.56485	0.086364
-3.62	0.58996	0.13519
-3.62	0.61506	0.17381
-3.62	0.64017	0.18901
-3.62	0.66527	0.1743
-3.62	0.69038	0.13506
-3.62	0.71548	0.085958
-3.62	0.74059	0.041691
-3.62	0.76569	0.012668
-3.62	0.79079	0.00092171
-3.62	0.8159	0.0010173
-3.62	0.841	0.0049905
-3.62	0.86611	0.0073045
-3.62	0.89121	0.0062173
-3.62	0.91632	0.0032426
-3.62	0.94142	0.00077919
-3.62	0.99163	0.00054429
-3.62	1.0167	0.0012826
-3.62	1.0418	0.0014305
-3.62	1.0669	0.00097145
-3.62	1.0921	0.00036941
-3.62	1.5439	0.00034626
-3.62	1.569	0.00036342
-3.62	1.6695	0.00045095
-3.62	1.6946	0.0010227
-3.62	1.7197	0.0013659
-3.62	1.7448	0.001131
-3.62	1.7699	0.00044783
-3.62	1.8201	0.0007572
-3.62	1.8452	0.0033217
-3.62	1.8703	0.0074936
-3.62	1.8954	0.012133
-3.62	1.9205	0.015677
-3.62	1.9456	0.016915
-3.62	1.9707	0.015452
-3.62	1.9958	0.012005
-3.62	2.0209	0.007785
-3.62	2.046	0.0040756
-3.62	2.0711	0.0015583
-3.62	2.0962	0.00033139
-3.595	-2.4226	0.00035826
-3.595	-2.3975	0.00035379
-3.595	-2.2971	0.00062589
-3.595	-2.272	0.0013862
-3.595	-2.2469	0.0018643
-3.595	-2.2218	0.0015443
-3.595	-2.1967	0.0005524
-3.595	-2.1464	0.0018804
-3.595	-2.1213	0.0077154
-3.595	-2.0962	0.018047
-3.595	-2.0711	0.030893
-3.595	-2.046	0.042625
-3.595	-2.0209	0.049361
-3.595	-1.9958	0.048605
-3.595	-1.9707	0.040732
-3.595	-1.9456	0.028472
-3.595	-1.9205	0.015962
-3.595	-1.8954	0.0064272
-3.595	-1.8703	0.0013851
-3.595	-1.8201	0.00059215
-3.595	-1.795	0.0013845
-3.595	-1.7699	0.0015155
-3.595	-1.7448	0.0010229
-3.595	-1.7197	0.00040713
-3.595	-0.8159	0.00077637
-3.595	-0.79079	0.0036571
-3.595	-0.76569	0.010268
-3.595	-0.74059	0.021521
-3.595	-0.71548	0.036047
-3.595	-0.69038	0.049736
-3.595	-0.66527	0.057691
-3.595	-0.64017	0.055909
-3.595	-0.61506	0.044672
-3.595	-0.58996	0.027596
-3.595	-0.56485	0.011342
-3.595	-0.53975	0.0017103
-3.595	-0.51464	0.00036616
-3.595	-0.48954	0.0043584
-3.595	-0.46444	0.0087971
-3.595	-0.43933	0.0097815
-3.595	-0.41423	0.0068558
-3.595	-0.38912	0.0025725
-3.595	-0.33891	0.00080902
-3.595	-0.31381	0.0034508
-3.595	-0.2887	0.0054615
-3.595	-0.2636	0.0051823
-3.595	-0.23849	0.0029632
-3.595	-0.21339	0.00070433
-3.595	-0.16318	0.0011108
-3.595	-0.13808	0.0026842
-3.595	-0.11297	0.0032968
-3.595	-0.087866	0.0024806
-3.595	-0.062762	0.0010165
-3.595	0.012552	0.0010138
-3.595	0.037657	0.0015942
-3.595	0.062762	0.001459
-3.595	0.087866	0.00080589
-3.595	0.18828	0.00027006
-3.595	0.36402	0.00050958
-3.595	0.38912	0.0012283
-3.595	0.41423	0.0016866
-3.595	0.43933	0.0011529
-3.595	0.48954	0.0014392
-3.595	0.51464	0.010562
-3.595	0.53975	0.032376
-3.595	0.56485	0.06779
-3.595	0.58996	0.11042
-3.595	0.61506	0.148
-3.595	0.64017	0.16682
-3.595	0.66527	0.15885
-3.595	0.69038	0.12705
-3.595	0.71548	0.08245
-3.595	0.74059	0.039977
-3.595	0.76569	0.011479
-3.595	0.79079	0.00051265
-3.595	0.8159	0.0020207
-3.595	0.841	0.0076886
-3.595	0.86611	0.010694
-3.595	0.89121	0.0089723
-3.595	0.91632	0.0046195
-3.595	0.94142	0.00099208
-3.595	0.99163	0.0012149
-3.595	1.0167	0.0027222
-3.595	1.0418	0.003079
-3.595	1.0669	0.0021726
-3.595	1.0921	0.00086065
-3.595	1.1674	0.00057255
-3.595	1.1925	0.00086365
-3.595	1.2176	0.00075069
-3.595	1.2427	0.00038957
-3.595	1.6695	0.00025536
-3.595	1.6946	0.0005739
-3.595	1.7197	0.00076568
-3.595	1.7448	0.00062115
-3.595	1.8201	0.00081766
-3.595	1.8452	0.0031667
-3.595	1.8703	0.006969
-3.595	1.8954	0.011302
-3.595	1.9205	0.014809
-3.595	1.9456	0.016181
-3.595	1.9707	0.015041
-3.595	1.9958	0.011839
-3.595	2.0209	0.0077822
-3.595	2.046	0.0040882
-3.595	2.0711	0.0015304
-3.595	2.0962	0.00029226
-3.595	2.1715	0.00027627
-3.595	2.1967	0.00028111
-3.5699	-2.4226	0.00030663
-3.5699	-2.3975	0.0002813
-3.5699	-2.2971	0.00067439
-3.5699	-2.272	0.001366
-3.5699	-2.2469	0.0017191
-3.5699	-2.2218	0.0013036
-3.5699	-2.1967	0.0003579
-3.5699	-2.1464	0.0024817
-3.5699	-2.1213	0.0090969
-3.5699	-2.0962	0.020081
-3.5699	-2.0711	0.033363
-3.5699	-2.046	0.045169
-3.5699	-2.0209	0.05146
-3.5699	-1.9958	0.049951
-3.5699	-1.9707	0.041164
-3.5699	-1.9456	0.028169
-3.5699	-1.9205	0.015274
-3.5699	-1.8954	0.005767
-3.5699	-1.8703	0.0010058
-3.5699	-1.8201	0.00086979
-3.5699	-1.795	0.0017189
-3.5699	-1.7699	0.0017392
-3.5699	-1.7448	0.0011015
-3.5699	-1.7197	0.00039656
-3.5699	-1.6192	0.00025111
-3.5699	-1.1172	0.00032229
-3.5699	-1.0921	0.00033774
-3.5699	-0.96653	0.00030354
-3.5699	-0.94142	0.00035912
-3.5699	-0.76569	0.00083417
-3.5699	-0.74059	0.0031663
-3.5699	-0.71548	0.0074912
-3.5699	-0.69038	0.013168
-3.5699	-0.66527	0.018199
-3.5699	-0.64017	0.020096
-3.5699	-0.61506	0.017637
-3.5699	-0.58996	0.011502
-3.5699	-0.56485	0.0047405
-3.5699	-0.53975	0.000543
-3.5699	-0.51464	0.0004487
-3.5699	-0.48954	0.0033398
-3.5699	-0.46444	0.0063033
-3.5699	-0.43933	0.0069003
-3.5699	-0.41423	0.0047032
-3.5699	-0.38912	0.0016317
-3.5699	-0.33891	0.0010423
-3.5699	-0.31381	0.0035984
-3.5699	-0.2887	0.0054152
-3.5699	-0.2636	0.0049978
-3.5699	-0.23849	0.0027218
-3.5699	-0.21339	0.00051929
-3.5699	-0.16318	0.0016824
-3.5699	-0.13808	0.0037285
-3.5699	-0.11297	0.0044638
-3.5699	-0.087866	0.0032973
-3.5699	-0.062762	0.0012697
-3.5699	-0.012552	0.00052433
-3.5699	0.012552	0.0021024
-3.5699	0.037657	0.003347
-3.5699	0.062762	0.0031815
-3.5699	0.087866	0.0018275
-3.5699	0.11297	0.00043656
-3.5699	0.16318	0.00067885
-3.5699	0.18828	0.0015906
-3.5699	0.21339	0.0018654
-3.5699	0.23849	0.0013245
-3.5699	0.2636	0.00050438
-3.5699	0.33891	0.00028039
-3.5699	0.36402	0.00028907
-3.5699	0.48954	0.00027565
-3.5699	0.51464	0.0024079
-3.5699	0.53975	0.0094528
-3.5699	0.56485	0.022904
-3.5699	0.58996	0.042984
-3.5699	0.61506	0.06443
-3.5699	0.64017	0.079764
-3.5699	0.66527	0.08234
-3.5699	0.69038	0.070076
-3.5699	0.71548	0.047065
-3.5699	0.74059	0.023331
-3.5699	0.76569	0.0065576
-3.5699	0.8159	0.0024105
-3.5699	0.841	0.0075159
-3.5699	0.86611	0.010096
-3.5699	0.89121	0.0083762
-3.5699	0.91632	0.0041882
-3.5699	0.94142	0.00076228
-3.5699	0.99163	0.001774
-3.5699	1.0167	0.0037121
-3.5699	1.0418	0.004155
-3.5699	1.0669	0.0029163
-3.5699	1.0921	0.0011013
-3.5699	1.1423	0.00028558
-3.5699	1.1674	0.0011695
-3.5699	1.1925	0.0017848
-3.5699	1.2176	0.0016067
-3.5699	1.2427	0.00087065
-3.5699	1.318	0.00026045
-3.5699	1.3431	0.00058665
-3.5699	1.3682	0.00066232
-3.5699	1.3933	0.00046254
-3.5699	1.8201	0.0006186
-3.5699	1.8452	0.0022576
-3.5699	1.8703	0.0050299
-3.5699	1.8954	0.0084417
-3.5699	1.9205	0.011451
-3.5699	1.9456	0.012954
-3.5699	1.9707	0.012459
-3.5699	1.9958	0.0101
-3.5699	2.0209	0.006753
-3.5699	2.046	0.0035694
-3.5699	2.0711	0.0013152
-3.5699	2.1715	0.00035422
-3.5699	2.1967	0.00035105
-3.5449	-2.2971	0.00067917
-3.5449	-2.272	0.0012728
-3.5449	-2.2469	0.0014989
-3.5449	-2.2218	0.0010392
-3.5449	-2.1715	0.00026207
-3.5449	-2.1464	0.0031483
-3.5449	-2.1213	0.010419
-3.5449	-2.0962	0.022055
-3.5449	-2.0711	0.035804
-3.5449	-2.046	0.047762
-3.5449	-2.0209	0.053776
-3.5449	-1.9958	0.051508
-3.5449	-1.9707	0.041925
-3.5449	-1.9456	0.028129
-3.5449	-1.9205	0.01475
-3.5449	-1.8954	0.0051784
-3.5449	-1.8703	0.00071523
-3.5449	-1.8201	0.0012474
-3.5449	-1.795	0.0021365
-3.5449	-1.7699	0.0020331
-3.5449	-1.7448	0.0011993
-3.5449	-1.7197	0.00038078
-3.5449	-1.6444	0.00027423
-3.5449	-1.6192	0.00033566
-3.5449	-1.2678	0.00026222
-3.5449	-1.1423	0.00049094
-3.5449	-1.1172	0.00083917
-3.5449	-1.0921	0.00087272
-3.5449	-1.0669	0.0005226
-3.5449	-0.99163	0.00062755
-3.5449	-0.96653	0.0014986
-3.5449	-0.94142	0.0019581
-3.5449	-0.91632	0.0016088
-3.5449	-0.89121	0.00068637
-3.5449	-0.841	0.00043972
-3.5449	-0.8159	0.0019853
-3.5449	-0.79079	0.0038594
-3.5449	-0.76569	0.0044627
-3.5449	-0.74059	0.0035916
-3.5449	-0.71548	0.0019196
-3.5449	-0.69038	0.00035995
-3.5449	-0.64017	0.00095309
-3.5449	-0.61506	0.0019426
-3.5449	-0.58996	0.0019766
-3.5449	-0.56485	0.00094899
-3.5449	-0.51464	0.0002967
-3.5449	-0.48954	0.0017074
-3.5449	-0.46444	0.0032893
-3.5449	-0.43933	0.0036785
-3.5449	-0.41423	0.0025364
-3.5449	-0.38912	0.00077116
-3.5449	-0.33891	0.0010314
-3.5449	-0.31381	0.0031116
-3.5449	-0.2887	0.0045436
-3.5449	-0.2636	0.0040794
-3.5449	-0.23849	0.0020963
-3.5449	-0.21339	0.00029119
-3.5449	-0.18828	0.00026171
-3.5449	-0.16318	0.0021064
-3.5449	-0.13808	0.004305
-3.5449	-0.11297	0.004982
-3.5449	-0.087866	0.0035573
-3.5449	-0.062762	0.0012361
-3.5449	-0.012552	0.0009849
-3.5449	0.012552	0.0032985
-3.5449	0.037657	0.0050499
-3.5449	0.062762	0.004726
-3.5449	0.087866	0.0026096
-3.5449	0.11297	0.00049645
-3.5449	0.16318	0.0017234
-3.5449	0.18828	0.0038461
-3.5449	0.21339	0.0046281
-3.5449	0.23849	0.0034686
-3.5449	0.2636	0.0013583
-3.5449	0.31381	0.00052517
-3.5449	0.33891	0.0020955
-3.5449	0.36402	0.0033099
-3.5449	0.38912	0.0030974
-3.5449	0.41423	0.001693
-3.5449	0.43933	0.00035838
-3.5449	0.48954	0.00045429
-3.5449	0.51464	0.00078425
-3.5449	0.53975	0.00042531
-3.5449	0.58996	0.0016277
-3.5449	0.61506	0.0058008
-3.5449	0.64017	0.011587
-3.5449	0.66527	0.016312
-3.5449	0.69038	0.01713
-3.5449	0.71548	0.013408
-3.5449	0.74059	0.0072998
-3.5449	0.76569	0.0018621
-3.5449	0.8159	0.0016045
-3.5449	0.841	0.0044827
-3.5449	0.86611	0.0059864
-3.5449	0.89121	0.0049459
-3.5449	0.91632	0.0023919
-3.5449	0.94142	0.00033801
-3.5449	0.99163	0.0016646
-3.5449	1.0167	0.0032508
-3.5449	1.0418	0.0035908
-3.5449	1.0669	0.0024626
-3.5449	1.0921	0.00085788
-3.5449	1.1423	0.0004119
-3.5449	1.1674	0.0014733
-3.5449	1.1925	0.0021777
-3.5449	1.2176	0.0019472
-3.5449	1.2427	0.0010334
-3.5449	1.318	0.00050178
-3.5449	1.3431	0.0010834
-3.5449	1.3682	0.0012507
-3.5449	1.3933	0.00090329
-3.5449	1.4184	0.00035992
-3.5449	1.4937	0.00030488
-3.5449	1.5188	0.00047521
-3.5449	1.5439	0.00042411
-3.5449	1.8452	0.0006054
-3.5449	1.8703	0.0016556
-3.5449	1.8954	0.0030859
-3.5449	1.9205	0.0047631
-3.5449	1.9456	0.0059841
-3.5449	1.9707	0.006244
-3.5449	1.9958	0.0054446
-3.5449	2.0209	0.0038574
-3.5449	2.046	0.0021005
-3.5449	2.0711	0.00076137
-3.5449	2.1715	0.00033465
-3.5449	2.1967	0.00032447
-3.5198	-2.2971	0.00051908
-3.5198	-2.272	0.00091539
-3.5198	-2.2469	0.0010166
-3.5198	-2.2218	0.00063242
-3.5198	-2.1715	0.00037667
-3.5198	-2.1464	0.0031112
-3.5198	-2.1213	0.0094592
-3.5198	-2.0962	0.019329
-3.5198	-2.0711	0.030849
-3.5198	-2.046	0.040704
-3.5198	-2.0209	0.045504
-3.5198	-1.9958	0.043223
-3.5198	-1.9707	0.034823
-3.5198	-1.9456	0.022912
-3.5198	-1.9205	0.01162
-3.5198	-1.8954	0.0037518
-3.5198	-1.8703	0.00035975
-3.5198	-1.8452	0.00025394
-3.5198	-1.8201	0.0014429
-3.5198	-1.795	0.002222
-3.5198	-1.7699	0.001974
-3.5198	-1.7448	0.0010918
-3.5198	-1.7197	0.00029725
-3.5198	-1.6444	0.00033917
-3.5198	-1.6192	0.00038189
-3.5198	-1.5941	0.00025396
-3.5198	-1.2929	0.00031204
-3.5198	-1.2678	0.00042977
-3.5198	-1.2427	0.0003469
-3.5198	-1.1674	0.00033105
-3.5198	-1.1423	0.0010774
-3.5198	-1.1172	0.0017306
-3.5198	-1.0921	0.0017123
-3.5198	-1.0669	0.00095867
-3.5198	-1.0167	0.00027293
-3.5198	-0.99163	0.0019644
-3.5198	-0.96653	0.004352
-3.5198	-0.94142	0.0057181
-3.5198	-0.91632	0.0046466
-3.5198	-0.89121	0.0017711
-3.5198	-0.841	0.0029311
-3.5198	-0.8159	0.01241
-3.5198	-0.79079	0.027021
-3.5198	-0.76569	0.040645
-3.5198	-0.74059	0.04869
-3.5198	-0.71548	0.047407
-3.5198	-0.69038	0.037848
-3.5198	-0.66527	0.024424
-3.5198	-0.64017	0.012277
-3.5198	-0.61506	0.0044135
-3.5198	-0.58996	0.00094834
-3.5198	-0.46444	0.00055378
-3.5198	-0.43933	0.00089005
-3.5198	-0.41423	0.00074051
-3.5198	-0.38912	0.00025771
-3.5198	-0.33891	0.00070079
-3.5198	-0.31381	0.0020321
-3.5198	-0.2887	0.0030235
-3.5198	-0.2636	0.0027534
-3.5198	-0.23849	0.0013584
-3.5198	-0.18828	0.0004008
-3.5198	-0.16318	0.0023111
-3.5198	-0.13808	0.0044795
-3.5198	-0.11297	0.0050574
-3.5198	-0.087866	0.0034855
-3.5198	-0.062762	0.0010553
-3.5198	-0.012552	0.001565
-3.5198	0.012552	0.0046936
-3.5198	0.037657	0.0068902
-3.5198	0.062762	0.0062295
-3.5198	0.087866	0.0032187
-3.5198	0.11297	0.00044596
-3.5198	0.13808	0.00047713
-3.5198	0.16318	0.0035589
-3.5198	0.18828	0.0073293
-3.5198	0.21339	0.0086647
-3.5198	0.23849	0.0062814
-3.5198	0.2636	0.0022679
-3.5198	0.31381	0.0019191
-3.5198	0.33891	0.0066001
-3.5198	0.36402	0.01056
-3.5198	0.38912	0.010436
-3.5198	0.41423	0.006161
-3.5198	0.43933	0.0012124
-3.5198	0.46444	0.00036087
-3.5198	0.48954	0.0056554
-3.5198	0.51464	0.014927
-3.5198	0.53975	0.023519
-3.5198	0.56485	0.026531
-3.5198	0.58996	0.022815
-3.5198	0.61506	0.014792
-3.5198	0.64017	0.0071931
-3.5198	0.66527	0.0018936
-3.5198	0.71548	0.0002807
-3.5198	0.74059	0.00042514
-3.5198	0.8159	0.00049934
-3.5198	0.841	0.0015394
-3.5198	0.86611	0.002236
-3.5198	0.89121	0.0019853
-3.5198	0.91632	0.00096729
-3.5198	0.99163	0.0011866
-3.5198	1.0167	0.0022347
-3.5198	1.0418	0.0024364
-3.5198	1.0669	0.0016424
-3.5198	1.0921	0.0005144
-3.5198	1.1423	0.00047312
-3.5198	1.1674	0.0014497
-3.5198	1.1925	0.0020726
-3.5198	1.2176	0.001808
-3.5198	1.2427	0.0009159
-3.5198	1.318	0.00069505
-3.5198	1.3431	0.0014016
-3.5198	1.3682	0.0015797
-3.5198	1.3933	0.0011149
-3.5198	1.4184	0.00040656
-3.5198	1.4937	0.0006455
-3.5198	1.5188	0.00098475
-3.5198	1.5439	0.00090486
-3.5198	1.569	0.00049733
-3.5198	1.6695	0.00042913
-3.5198	1.6946	0.00049864
-3.5198	1.7197	0.00035434
-3.5198	1.9205	0.00030676
-3.5198	1.9456	0.00068444
-3.5198	1.9707	0.0010281
-3.5198	1.9958	0.0011528
-3.5198	2.0209	0.00098931
-3.5198	2.046	0.00061972
-3.4948	-2.2971	0.00034027
-3.4948	-2.272	0.00056782
-3.4948	-2.2469	0.00059473
-3.4948	-2.2218	0.00032259
-3.4948	-2.1715	0.00040881
-3.4948	-2.1464	0.0025916
-3.4948	-2.1213	0.007334
-3.4948	-2.0962	0.014607
-3.4948	-2.0711	0.02286
-3.4948	-2.046	0.029828
-3.4948	-2.0209	0.03295
-3.4948	-1.9958	0.030997
-3.4948	-1.9707	0.024567
-3.4948	-1.9456	0.015802
-3.4948	-1.9205	0.0076568
-3.4948	-1.8954	0.0022178
-3.4948	-1.8452	0.00034713
-3.4948	-1.8201	0.0013545
-3.4948	-1.795	0.0018756
-3.4948	-1.7699	0.0015642
-3.4948	-1.7448	0.00079998
-3.4948	-1.6444	0.00033208
-3.4948	-1.6192	0.00034483
-3.4948	-1.2929	0.00040493
-3.4948	-1.2678	0.00052282
-3.4948	-1.2427	0.00038134
-3.4948	-1.1674	0.00060089
-3.4948	-1.1423	0.0016654
-3.4948	-1.1172	0.0025332
-3.4948	-1.0921	0.0023891
-3.4948	-1.0669	0.0011789
-3.4948	-1.0167	0.00073411
-3.4948	-0.99163	0.003958
-3.4948	-0.96653	0.008262
-3.4948	-0.94142	0.010462
-3.4948	-0.91632	0.0081151
-3.4948	-0.89121	0.002588
-3.4948	-0.841	0.0095294
-3.4948	-0.8159	0.035921
-3.4948	-0.79079	0.077882
-3.4948	-0.76569	0.12552
-3.4948	-0.74059	0.16015
-3.4948	-0.71548	0.17123
-3.4948	-0.69038	0.15469
-3.4948	-0.66527	0.11732
-3.4948	-0.64017	0.07296
-3.4948	-0.61506	0.03561
-3.4948	-0.58996	0.01191
-3.4948	-0.56485	0.0019439
-3.4948	-0.51464	0.00083938
-3.4948	-0.48954	0.0012115
-3.4948	-0.46444	0.00078464
-3.4948	-0.43933	0.00028866
-3.4948	-0.31381	0.0003959
-3.4948	-0.2887	0.00078619
-3.4948	-0.2636	0.00088229
-3.4948	-0.23849	0.000481
-3.4948	-0.18828	0.00033257
-3.4948	-0.16318	0.0016196
-3.4948	-0.13808	0.0031611
-3.4948	-0.11297	0.0036547
-3.4948	-0.087866	0.0025091
-3.4948	-0.062762	0.00068385
-3.4948	-0.012552	0.0018843
-3.4948	0.012552	0.0051954
-3.4948	0.037657	0.0074514
-3.4948	0.062762	0.0065479
-3.4948	0.087866	0.0031533
-3.4948	0.11297	0.00025358
-3.4948	0.13808	0.0010761
-3.4948	0.16318	0.0058728
-3.4948	0.18828	0.011365
-3.4948	0.21339	0.013014
-3.4948	0.23849	0.0091273
-3.4948	0.2636	0.0028391
-3.4948	0.31381	0.0047534
-3.4948	0.33891	0.014929
-3.4948	0.36402	0.023268
-3.4948	0.38912	0.022734
-3.4948	0.41423	0.012922
-3.4948	0.43933	0.0018914
-3.4948	0.46444	0.0028643
-3.4948	0.48954	0.023519
-3.4948	0.51464	0.062182
-3.4948	0.53975	0.10744
-3.4948	0.56485	0.13996
-3.4948	0.58996	0.14816
-3.4948	0.61506	0.13027
-3.4948	0.64017	0.09544
-3.4948	0.66527	0.058145
-3.4948	0.69038	0.028012
-3.4948	0.71548	0.0095629
-3.4948	0.74059	0.002088
-3.4948	0.99163	0.00052115
-3.4948	1.0167	0.0010632
-3.4948	1.0418	0.0012404
-3.4948	1.0669	0.00086823
-3.4948	1.0921	0.00024948
-3.4948	1.1423	0.00044004
-3.4948	1.1674	0.0012455
-3.4948	1.1925	0.0017449
-3.4948	1.2176	0.0014985
-3.4948	1.2427	0.0007262
-3.4948	1.318	0.00085648
-3.4948	1.3431	0.0016125
-3.4948	1.3682	0.0017743
-3.4948	1.3933	0.0011977
-3.4948	1.4184	0.00038481
-3.4948	1.4686	0.00034003
-3.4948	1.4937	0.0010648
-3.4948	1.5188	0.0015538
-3.4948	1.5439	0.0013932
-3.4948	1.569	0.00072496
-3.4948	1.6444	0.00053229
-3.4948	1.6695	0.001136
-3.4948	1.6946	0.0013516
-3.4948	1.7197	0.0010098
-3.4948	1.7448	0.00039519
-3.4948	1.8201	0.00081338
-3.4948	1.8452	0.0015154
-3.4948	1.8703	0.0018854
-3.4948	1.8954	0.0016993
-3.4948	1.9205	0.0011844
-3.4948	1.9456	0.00061078
-3.4697	-2.272	0.00034665
-3.4697	-2.2469	0.00034369
-3.4697	-2.1715	0.00042214
-3.4697	-2.1464	0.0022105
-3.4697	-2.1213	0.0059146
-3.4697	-2.0962	0.011474
-3.4697	-2.0711	0.017725
-3.4697	-2.046	0.022888
-3.4697	-2.0209	0.025061
-3.4697	-1.9958	0.023305
-3.4697	-1.9707	0.018169
-3.4697	-1.9456	0.011393
-3.4697	-1.9205	0.0052448
-3.4697	-1.8954	0.0013374
-3.4697	-1.8452	0.00043331
-3.4697	-1.8201	0.0012892
-3.4697	-1.795	0.0016283
-3.4697	-1.7699	0.0012723
-3.4697	-1.7448	0.00059036
-3.4697	-1.6444	0.00032752
-3.4697	-1.6192	0.00031116
-3.4697	-1.2929	0.00047952
-3.4697	-1.2678	0.00057007
-3.4697	-1.2427	0.00037378
-3.4697	-1.1674	0.00090072
-3.4697	-1.1423	0.0022351
-3.4697	-1.1172	0.0031682
-3.4697	-1.0921	0.0027712
-3.4697	-1.0669	0.0011639
-3.4697	-1.0167	0.0014995
-3.4697	-0.99163	0.0063643
-3.4697	-0.96653	0.01219
-3.4697	-0.94142	0.014642
-3.4697	-0.91632	0.010464
-3.4697	-0.89121	0.0025949
-3.4697	-0.86611	0.0011159
-3.4697	-0.841	0.020363
-3.4697	-0.8159	0.070242
-3.4697	-0.79079	0.14829
-3.4697	-0.76569	0.23747
-3.4697	-0.74059	0.30844
-3.4697	-0.71548	0.33768
-3.4697	-0.69038	0.31464
-3.4697	-0.66527	0.24775
-3.4697	-0.64017	0.16284
-3.4697	-0.61506	0.082498
-3.4697	-0.58996	0.029198
-3.4697	-0.56485	0.0042269
-3.4697	-0.53975	0.00025514
-3.4697	-0.51464	0.0045142
-3.4697	-0.48954	0.0077996
-3.4697	-0.46444	0.0070588
-3.4697	-0.43933	0.0038603
-3.4697	-0.41423	0.0011283
-3.4697	-0.33891	0.00041811
-3.4697	-0.31381	0.00035799
-3.4697	-0.16318	0.00030659
-3.4697	-0.13808	0.0008082
-3.4697	-0.11297	0.0011033
-3.4697	-0.087866	0.00084863
-3.4697	-0.012552	0.0011388
-3.4697	0.012552	0.0031593
-3.4697	0.037657	0.0045904
-3.4697	0.062762	0.004051
-3.4697	0.087866	0.001838
-3.4697	0.13808	0.001337
-3.4697	0.16318	0.00595
-3.4697	0.18828	0.011037
-3.4697	0.21339	0.012418
-3.4697	0.23849	0.0082959
-3.4697	0.2636	0.0020952
-3.4697	0.2887	0.00033504
-3.4697	0.31381	0.0075966
-3.4697	0.33891	0.021434
-3.4697	0.36402	0.032407
-3.4697	0.38912	0.030932
-3.4697	0.41423	0.016223
-3.4697	0.43933	0.0013069
-3.4697	0.46444	0.008309
-3.4697	0.48954	0.05428
-3.4697	0.51464	0.1411
-3.4697	0.53975	0.2467
-3.4697	0.56485	0.33674
-3.4697	0.58996	0.37912
-3.4697	0.61506	0.36002
-3.4697	0.64017	0.29012
-3.4697	0.66527	0.1944
-3.4697	0.69038	0.10675
-3.4697	0.71548	0.043864
-3.4697	0.74059	0.011012
-3.4697	0.76569	0.00055107
-3.4697	0.79079	0.00070961
-3.4697	0.8159	0.0026395
-3.4697	0.841	0.002792
-3.4697	0.86611	0.0016449
-3.4697	0.89121	0.00052039
-3.4697	1.1674	0.00068427
-3.4697	1.1925	0.001025
-3.4697	1.2176	0.00092536
-3.4697	1.2427	0.0004489
-3.4697	1.318	0.00085582
-3.4697	1.3431	0.0015655
-3.4697	1.3682	0.0016986
-3.4697	1.3933	0.0011145
-3.4697	1.4184	0.00030749
-3.4697	1.4686	0.00056129
-3.4697	1.4937	0.001533
-3.4697	1.5188	0.0021389
-3.4697	1.5439	0.0018416
-3.4697	1.569	0.00089397
-3.4697	1.6444	0.0011486
-3.4697	1.6695	0.0022683
-3.4697	1.6946	0.0026286
-3.4697	1.7197	0.0019056
-3.4697	1.7448	0.0006537
-3.4697	1.795	0.00078476
-3.4697	1.8201	0.0030417
-3.4697	1.8452	0.0059321
-3.4697	1.8703	0.0081519
-3.4697	1.8954	0.008827
-3.4697	1.9205	0.0078287
-3.4697	1.9456	0.0057994
-3.4697	1.9707	0.0034989
-3.4697	1.9958	0.0017136
-3.4697	2.0209	0.00062685
-3.4447	-2.1715	0.00039034
-3.4447	-2.1464	0.0018013
-3.4447	-2.1213	0.0047104
-3.4447	-2.0962	0.0090575
-3.4447	-2.0711	0.01399
-3.4447	-2.046	0.018097
-3.4447	-2.0209	0.019886
-3.4447	-1.9958	0.018438
-3.4447	-1.9707	0.014245
-3.4447	-1.9456	0.0087427
-3.4447	-1.9205	0.0038415
-3.4447	-1.8954	0.0008341
-3.4447	-1.8452	0.00054804
-3.4447	-1.8201	0.001328
-3.4447	-1.795	0.0015576
-3.4447	-1.7699	0.0011334
-3.4447	-1.7448	0.00047615
-3.4447	-1.6444	0.0003555
-3.4447	-1.6192	0.00031251
-3.4447	-1.318	0.00033923
-3.4447	-1.2929	0.00062147
-3.4447	-1.2678	0.00068244
-3.4447	-1.2427	0.00038998
-3.4447	-1.1674	0.001441
-3.4447	-1.1423	0.0032058
-3.4447	-1.1172	0.0042174
-3.4447	-1.0921	0.0033804
-3.4447	-1.0669	0.0011587
-3.4447	-1.0167	0.0029382
-3.4447	-0.99163	0.010396
-3.4447	-0.96653	0.018551
-3.4447	-0.94142	0.020748
-3.4447	-0.91632	0.013327
-3.4447	-0.89121	0.0020589
-3.4447	-0.86611	0.003962
-3.4447	-0.841	0.041407
-3.4447	-0.8159	0.12972
-3.4447	-0.79079	0.26426
-3.4447	-0.76569	0.416
-3.4447	-0.74059	0.53564
-3.4447	-0.71548	0.58609
-3.4447	-0.69038	0.54674
-3.4447	-0.66527	0.43276
-3.4447	-0.64017	0.28134
-3.4447	-0.61506	0.14263
-3.4447	-0.58996	0.047882
-3.4447	-0.56485	0.0055232
-3.4447	-0.53975	0.0016508
-3.4447	-0.51464	0.013196
-3.4447	-0.48954	0.021328
-3.4447	-0.46444	0.019536
-3.4447	-0.43933	0.011165
-3.4447	-0.41423	0.0032702
-3.4447	-0.36402	0.0010555
-3.4447	-0.33891	0.0030789
-3.4447	-0.31381	0.0037252
-3.4447	-0.2887	0.0026307
-3.4447	-0.2636	0.0010511
-3.4447	0.012552	0.00072465
-3.4447	0.037657	0.001279
-3.4447	0.062762	0.0012576
-3.4447	0.087866	0.00055716
-3.4447	0.13808	0.00087339
-3.4447	0.16318	0.0035143
-3.4447	0.18828	0.0064638
-3.4447	0.21339	0.0072184
-3.4447	0.23849	0.0046572
-3.4447	0.2636	0.00088677
-3.4447	0.2887	0.00061988
-3.4447	0.31381	0.0073822
-3.4447	0.33891	0.018957
-3.4447	0.36402	0.027802
-3.4447	0.38912	0.025638
-3.4447	0.41423	0.012095
-3.4447	0.43933	0.00041257
-3.4447	0.46444	0.013291
-3.4447	0.48954	0.072119
-3.4447	0.51464	0.18029
-3.4447	0.53975	0.31691
-3.4447	0.56485	0.44143
-3.4447	0.58996	0.51175
-3.4447	0.61506	0.50295
-3.4447	0.64017	0.42044
-3.4447	0.66527	0.2944
-3.4447	0.69038	0.16732
-3.4447	0.71548	0.07081
-3.4447	0.74059	0.017454
-3.4447	0.76569	0.00071702
-3.4447	0.79079	0.0029131
-3.4447	0.8159	0.0088466
-3.4447	0.841	0.010376
-3.4447	0.86611	0.007273
-3.4447	0.89121	0.0030831
-3.4447	0.91632	0.00050321
-3.4447	0.96653	0.00051394
-3.4447	0.99163	0.00081352
-3.4447	1.0167	0.00062651
-3.4447	1.0418	0.00026019
-3.4447	1.318	0.00042935
-3.4447	1.3431	0.00083918
-3.4447	1.3682	0.0009549
-3.4447	1.3933	0.00063282
-3.4447	1.4686	0.00059225
-3.4447	1.4937	0.0015015
-3.4447	1.5188	0.0020648
-3.4447	1.5439	0.0017471
-3.4447	1.569	0.00078208
-3.4447	1.6192	0.00035939
-3.4447	1.6444	0.0017656
-3.4447	1.6695	0.0033092
-3.4447	1.6946	0.0037579
-3.4447	1.7197	0.0025999
-3.4447	1.7448	0.00075381
-3.4447	1.795	0.0020956
-3.4447	1.8201	0.0073023
-3.4447	1.8452	0.013961
-3.4447	1.8703	0.019711
-3.4447	1.8954	0.022482
-3.4447	1.9205	0.02134
-3.4447	1.9456	0.017063
-3.4447	1.9707	0.01146
-3.4447	1.9958	0.0063476
-3.4447	2.0209	0.0027057
-3.4447	2.046	0.00079516
-3.4196	-2.1464	0.00097069
-3.4196	-2.1213	0.0026081
-3.4196	-2.0962	0.0052298
-3.4196	-2.0711	0.0084069
-3.4196	-2.046	0.011222
-3.4196	-2.0209	0.012677
-3.4196	-1.9958	0.012036
-3.4196	-1.9707	0.0093852
-3.4196	-1.9456	0.0057561
-3.4196	-1.9205	0.0023803
-3.4196	-1.8954	0.00042497
-3.4196	-1.8452	0.00060411
-3.4196	-1.8201	0.0012537
-3.4196	-1.795	0.0013835
-3.4196	-1.7699	0.00094992
-3.4196	-1.7448	0.00036172
-3.4196	-1.6695	0.00026264
-3.4196	-1.6444	0.00038207
-3.4196	-1.6192	0.00031198
-3.4196	-1.318	0.00051354
-3.4196	-1.2929	0.00086936
-3.4196	-1.2678	0.00087602
-3.4196	-1.2427	0.00042633
-3.4196	-1.1925	0.00053733
-3.4196	-1.1674	0.0024823
-3.4196	-1.1423	0.0050109
-3.4196	-1.1172	0.0061359
-3.4196	-1.0921	0.004517
-3.4196	-1.0669	0.0011704
-3.4196	-1.0418	0.00026468
-3.4196	-1.0167	0.0062254
-3.4196	-0.99163	0.018568
-3.4196	-0.96653	0.030693
-3.4196	-0.94142	0.031948
-3.4196	-0.91632	0.018394
-3.4196	-0.89121	0.0012653
-3.4196	-0.86611	0.012272
-3.4196	-0.841	0.091633
-3.4196	-0.8159	0.25559
-3.4196	-0.79079	0.50321
-3.4196	-0.76569	0.77335
-3.4196	-0.74059	0.98785
-3.4196	-0.71548	1.0702
-3.4196	-0.69038	0.98948
-3.4196	-0.66527	0.7739
-3.4196	-0.64017	0.49546
-3.4196	-0.61506	0.24428
-3.4196	-0.58996	0.075769
-3.4196	-0.56485	0.0058972
-3.4196	-0.53975	0.0068319
-3.4196	-0.51464	0.033672
-3.4196	-0.48954	0.050327
-3.4196	-0.46444	0.044335
-3.4196	-0.43933	0.024382
-3.4196	-0.41423	0.0064286
-3.4196	-0.36402	0.0040987
-3.4196	-0.33891	0.010741
-3.4196	-0.31381	0.013026
-3.4196	-0.2887	0.0096489
-3.4196	-0.2636	0.0041504
-3.4196	-0.23849	0.00051125
-3.4196	-0.21339	0.00026651
-3.4196	-0.18828	0.001846
-3.4196	-0.16318	0.0029504
-3.4196	-0.13808	0.0025477
-3.4196	-0.11297	0.0013007
-3.4196	-0.087866	0.00029279
-3.4196	0.16318	0.0010423
-3.4196	0.18828	0.0021827
-3.4196	0.21339	0.0026613
-3.4196	0.23849	0.0017172
-3.4196	0.2887	0.00064018
-3.4196	0.31381	0.0051203
-3.4196	0.33891	0.012685
-3.4196	0.36402	0.018287
-3.4196	0.38912	0.016345
-3.4196	0.41423	0.0066862
-3.4196	0.46444	0.015905
-3.4196	0.48954	0.072787
-3.4196	0.51464	0.17662
-3.4196	0.53975	0.30937
-3.4196	0.56485	0.43418
-3.4196	0.58996	0.50864
-3.4196	0.61506	0.50816
-3.4196	0.64017	0.43044
-3.4196	0.66527	0.30587
-3.4196	0.69038	0.17469
-3.4196	0.71548	0.072746
-3.4196	0.74059	0.016291
-3.4196	0.79079	0.0058174
-3.4196	0.8159	0.014874
-3.4196	0.841	0.017144
-3.4196	0.86611	0.012152
-3.4196	0.89121	0.0051088
-3.4196	0.91632	0.00071112
-3.4196	0.96653	0.0016993
-3.4196	0.99163	0.0028844
-3.4196	1.0167	0.002667
-3.4196	1.0418	0.0014826
-3.4196	1.0669	0.00040966
-3.4196	1.1423	0.00028404
-3.4196	1.1674	0.00026897
-3.4196	1.4686	0.0002726
-3.4196	1.4937	0.00070425
-3.4196	1.5188	0.00099402
-3.4196	1.5439	0.00085549
-3.4196	1.569	0.00035408
-3.4196	1.6192	0.00036202
-3.4196	1.6444	0.0014983
-3.4196	1.6695	0.002739
-3.4196	1.6946	0.00305
-3.4196	1.7197	0.0020373
-3.4196	1.7448	0.00045823
-3.4196	1.795	0.0030789
-3.4196	1.8201	0.0097145
-3.4196	1.8452	0.018653
-3.4196	1.8703	0.027126
-3.4196	1.8954	0.031911
-3.4196	1.9205	0.031568
-3.4196	1.9456	0.026395
-3.4196	1.9707	0.018621
-3.4196	1.9958	0.010801
-3.4196	2.0209	0.004851
-3.4196	2.046	0.0014812
-3.4196	2.1464	0.0002973
-3.3946	-2.1213	0.00046345
-3.3946	-2.0962	0.0011203
-3.3946	-2.0711	0.002083
-3.3946	-2.046	0.0031301
-3.3946	-2.0209	0.0038751
-3.3946	-1.9958	0.0039499
-3.3946	-1.9707	0.003269
-3.3946	-1.9456	0.0020445
-3.3946	-1.9205	0.00083628
-3.3946	-1.8452	0.00039348
-3.3946	-1.8201	0.00073776
-3.3946	-1.795	0.00078381
-3.3946	-1.7699	0.00051553
-3.3946	-1.6444	0.00028971
-3.3946	-1.318	0.00064968
-3.3946	-1.2929	0.0010332
-3.3946	-1.2678	0.0009671
-3.3946	-1.2427	0.00038787
-3.3946	-1.1925	0.00097985
-3.3946	-1.1674	0.0037678
-3.3946	-1.1423	0.0070073
-3.3946	-1.1172	0.0081097
-3.3946	-1.0921	0.0053531
-3.3946	-1.0669	0.00095156
-3.3946	-1.0418	0.0010009
-3.3946	-1.0167	0.011559
-3.3946	-0.99163	0.031168
-3.3946	-0.96653	0.048278
-3.3946	-0.94142	0.0469
-3.3946	-0.91632	0.023165
-3.3946	-0.86611	0.032994
-3.3946	-0.841	0.18652
-3.3946	-0.8159	0.5037
-3.3946	-0.79079	0.95631
-3.3946	-0.76569	1.4393
-3.3946	-0.74059	1.8168
-3.3946	-0.71548	1.9518
-3.3946	-0.69038	1.7901
-3.3946	-0.66527	1.383
-3.3946	-0.64017	0.87188
-3.3946	-0.61506	0.41144
-3.3946	-0.58996	0.11414
-3.3946	-0.56485	0.0048037
-3.3946	-0.53975	0.022773
-3.3946	-0.51464	0.082456
-3.3946	-0.48954	0.11357
-3.3946	-0.46444	0.095192
-3.3946	-0.43933	0.049215
-3.3946	-0.41423	0.01066
-3.3946	-0.38912	0.0003161
-3.3946	-0.36402	0.013744
-3.3946	-0.33891	0.031408
-3.3946	-0.31381	0.036461
-3.3946	-0.2887	0.026298
-3.3946	-0.2636	0.010594
-3.3946	-0.23849	0.00081254
-3.3946	-0.21339	0.0015651
-3.3946	-0.18828	0.0081361
-3.3946	-0.16318	0.013002
-3.3946	-0.13808	0.011938
-3.3946	-0.11297	0.0066701
-3.3946	-0.087866	0.0016011
-3.3946	-0.037657	0.0015292
-3.3946	-0.012552	0.0034472
-3.3946	0.012552	0.003741
-3.3946	0.037657	0.0024423
-3.3946	0.062762	0.00084824
-3.3946	0.2887	0.00026746
-3.3946	0.31381	0.0021409
-3.3946	0.33891	0.0056388
-3.3946	0.36402	0.0087504
-3.3946	0.38912	0.0079946
-3.3946	0.41423	0.0028467
-3.3946	0.43933	0.0003486
-3.3946	0.46444	0.015418
-3.3946	0.48954	0.064482
-3.3946	0.51464	0.15434
-3.3946	0.53975	0.273
-3.3946	0.56485	0.38943
-3.3946	0.58996	0.46433
-3.3946	0.61506	0.47029
-3.3946	0.64017	0.40369
-3.3946	0.66527	0.28817
-3.3946	0.69038	0.16365
-3.3946	0.71548	0.066289
-3.3946	0.74059	0.012721
-3.3946	0.79079	0.0093229
-3.3946	0.8159	0.020499
-3.3946	0.841	0.02253
-3.3946	0.86611	0.015558
-3.3946	0.89121	0.0061656
-3.3946	0.91632	0.0006341
-3.3946	0.94142	0.00054896
-3.3946	0.96653	0.0034154
-3.3946	0.99163	0.0055355
-3.3946	1.0167	0.0051327
-3.3946	1.0418	0.0029522
-3.3946	1.0669	0.00079656
-3.3946	1.1172	0.00043383
-3.3946	1.1423	0.0011381
-3.3946	1.1674	0.0013373
-3.3946	1.1925	0.00093259
-3.3946	1.2176	0.00035672
-3.3946	1.6444	0.00069108
-3.3946	1.6695	0.0012717
-3.3946	1.6946	0.001428
-3.3946	1.7197	0.00091529
-3.3946	1.7699	0.0002621
-3.3946	1.795	0.0025446
-3.3946	1.8201	0.007659
-3.3946	1.8452	0.014715
-3.3946	1.8703	0.021721
-3.3946	1.8954	0.026259
-3.3946	1.9205	0.026675
-3.3946	1.9456	0.023004
-3.3946	1.9707	0.016671
-3.3946	1.9958	0.0099038
-3.3946	2.0209	0.0044989
-3.3946	2.046	0.0013388
-3.3946	2.1213	0.0003325
-3.3946	2.1464	0.00045735
-3.3946	2.1715	0.00035867
-3.3695	-2.0209	0.00026208
-3.3695	-1.9958	0.0003815
-3.3695	-1.9707	0.00039166
-3.3695	-1.9456	0.0002799
-3.3695	-1.318	0.00050312
-3.3695	-1.2929	0.00074998
-3.3695	-1.2678	0.00064527
-3.3695	-1.1925	0.0010837
-3.3695	-1.1674	0.0035991
-3.3695	-1.1423	0.0062997
-3.3695	-1.1172	0.0068896
-3.3695	-1.0921	0.0041035
-3.3695	-1.0669	0.00040299
-3.3695	-1.0418	0.0019492
-3.3695	-1.0167	0.014268
-3.3695	-0.99163	0.035036
-3.3695	-0.96653	0.051495
-3.3695	-0.94142	0.047178
-3.3695	-0.91632	0.019752
-3.3695	-0.86611	0.057457
-3.3695	-0.841	0.27524
-3.3695	-0.8159	0.70382
-3.3695	-0.79079	1.3136
-3.3695	-0.76569	1.9707
-3.3695	-0.74059	2.4848
-3.3695	-0.71548	2.668
-3.3695	-0.69038	2.451
-3.3695	-0.66527	1.887
-3.3695	-0.64017	1.1739
-3.3695	-0.61506	0.53378
-3.3695	-0.58996	0.13117
-3.3695	-0.56485	0.0018871
-3.3695	-0.53975	0.054731
-3.3695	-0.51464	0.15715
-3.3695	-0.48954	0.20318
-3.3695	-0.46444	0.1624
-3.3695	-0.43933	0.078367
-3.3695	-0.41423	0.013257
-3.3695	-0.38912	0.0029748
-3.3695	-0.36402	0.035802
-3.3695	-0.33891	0.072722
-3.3695	-0.31381	0.080286
-3.3695	-0.2887	0.055677
-3.3695	-0.2636	0.020791
-3.3695	-0.23849	0.00077285
-3.3695	-0.21339	0.0065233
-3.3695	-0.18828	0.025867
-3.3695	-0.16318	0.039307
-3.3695	-0.13808	0.035692
-3.3695	-0.11297	0.019144
-3.3695	-0.087866	0.0040562
-3.3695	-0.062762	0.00027776
-3.3695	-0.037657	0.0075477
-3.3695	-0.012552	0.016798
-3.3695	0.012552	0.019349
-3.3695	0.037657	0.013839
-3.3695	0.062762	0.005573
-3.3695	0.087866	0.00043232
-3.3695	0.11297	0.00084758
-3.3695	0.13808	0.0039625
-3.3695	0.16318	0.0058321
-3.3695	0.18828	0.0048533
-3.3695	0.21339	0.0022197
-3.3695	0.23849	0.00037742
-3.3695	0.36402	0.00070282
-3.3695	0.38912	0.0012039
-3.3695	0.41423	0.00050387
-3.3695	0.43933	0.00048523
-3.3695	0.46444	0.0088316
-3.3695	0.48954	0.039408
-3.3695	0.51464	0.10133
-3.3695	0.53975	0.19239
-3.3695	0.56485	0.29187
-3.3695	0.58996	0.36566
-3.3695	0.61506	0.38747
-3.3695	0.64017	0.34316
-3.3695	0.66527	0.251
-3.3695	0.69038	0.14317
-3.3695	0.71548	0.055594
-3.3695	0.74059	0.0088571
-3.3695	0.76569	0.00068535
-3.3695	0.79079	0.01371
-3.3695	0.8159	0.026594
-3.3695	0.841	0.028082
-3.3695	0.86611	0.01859
-3.3695	0.89121	0.0067627
-3.3695	0.91632	0.00044815
-3.3695	0.94142	0.001357
-3.3695	0.96653	0.0060382
-3.3695	0.99163	0.0091525
-3.3695	1.0167	0.0082759
-3.3695	1.0418	0.0045273
-3.3695	1.0669	0.0010918
-3.3695	1.1172	0.0011291
-3.3695	1.1423	0.0027161
-3.3695	1.1674	0.0032001
-3.3695	1.1925	0.0023033
-3.3695	1.2176	0.00090666
-3.3695	1.2929	0.00063016
-3.3695	1.318	0.00095596
-3.3695	1.3431	0.00083825
-3.3695	1.3682	0.0004407
-3.3695	1.6695	0.00027631
-3.3695	1.6946	0.0003637
-3.3695	1.795	0.001465
-3.3695	1.8201	0.0043457
-3.3695	1.8452	0.0085302
-3.3695	1.8703	0.012996
-3.3695	1.8954	0.016188
-3.3695	1.9205	0.016961
-3.3695	1.9456	0.015015
-3.3695	1.9707	0.011105
-3.3695	1.9958	0.0067038
-3.3695	2.0209	0.0030159
-3.3695	2.046	0.00083504
-3.3695	2.1213	0.00035291
-3.3695	2.1464	0.00045734
-3.3695	2.1715	0.00035503
-3.3445	-2.1464	0.00029736
-3.3445	-2.1213	0.0004392
-3.3445	-2.0962	0.00049431
-3.3445	-2.0711	0.00044029
-3.3445	-2.046	0.00030938
-3.3445	-1.318	0.00027403
-3.3445	-1.2929	0.00038228
-3.3445	-1.2678	0.00029746
-3.3445	-1.1925	0.00079461
-3.3445	-1.1674	0.0023488
-3.3445	-1.1423	0.0038108
-3.3445	-1.1172	0.0038966
-3.3445	-1.0921	0.0020067
-3.3445	-1.0418	0.0020551
-3.3445	-1.0167	0.011282
-3.3445	-0.99163	0.025468
-3.3445	-0.96653	0.035215
-3.3445	-0.94142	0.029852
-3.3445	-0.91632	0.009578
-3.3445	-0.89121	0.0018386
-3.3445	-0.86611	0.06048
-3.3445	-0.841	0.25337
-3.3445	-0.8159	0.61862
-3.3445	-0.79079	1.1294
-3.3445	-0.76569	1.6793
-3.3445	-0.74059	2.1131
-3.3445	-0.71548	2.262
-3.3445	-0.69038	2.0698
-3.3445	-0.66527	1.5823
-3.3445	-0.64017	0.96515
-3.3445	-0.61506	0.41945
-3.3445	-0.58996	0.08763
-3.3445	-0.56485	0.00060843
-3.3445	-0.53975	0.075323
-3.3445	-0.51464	0.18215
-3.3445	-0.48954	0.22016
-3.3445	-0.46444	0.16838
-3.3445	-0.43933	0.074311
-3.3445	-0.41423	0.0087409
-3.3445	-0.38912	0.00769
-3.3445	-0.36402	0.055378
-3.3445	-0.33891	0.10197
-3.3445	-0.31381	0.10773
-3.3445	-0.2887	0.070963
-3.3445	-0.2636	0.022822
-3.3445	-0.21339	0.014852
-3.3445	-0.18828	0.048926
-3.3445	-0.16318	0.070385
-3.3445	-0.13808	0.061408
-3.3445	-0.11297	0.031788
-3.3445	-0.087866	0.0052299
-3.3445	-0.062762	0.0020373
-3.3445	-0.037657	0.020658
-3.3445	-0.012552	0.042836
-3.3445	0.012552	0.048957
-3.3445	0.037657	0.035073
-3.3445	0.062762	0.012954
-3.3445	0.087866	0.00055694
-3.3445	0.11297	0.0046758
-3.3445	0.13808	0.019103
-3.3445	0.16318	0.0292
-3.3445	0.18828	0.026819
-3.3445	0.21339	0.014706
-3.3445	0.23849	0.003325
-3.3445	0.2887	0.0049686
-3.3445	0.31381	0.010955
-3.3445	0.33891	0.011599
-3.3445	0.36402	0.0073556
-3.3445	0.38912	0.002314
-3.3445	0.48954	0.0017745
-3.3445	0.51464	0.012972
-3.3445	0.53975	0.042818
-3.3445	0.56485	0.091792
-3.3445	0.58996	0.14855
-3.3445	0.61506	0.18686
-3.3445	0.64017	0.18951
-3.3445	0.66527	0.15165
-3.3445	0.69038	0.091647
-3.3445	0.71548	0.035968
-3.3445	0.74059	0.0044492
-3.3445	0.76569	0.0021062
-3.3445	0.79079	0.016263
-3.3445	0.8159	0.02944
-3.3445	0.841	0.030345
-3.3445	0.86611	0.019605
-3.3445	0.89121	0.0065533
-3.3445	0.94142	0.002755
-3.3445	0.96653	0.0095626
-3.3445	0.99163	0.013737
-3.3445	1.0167	0.011988
-3.3445	1.0418	0.0062666
-3.3445	1.0669	0.0012349
-3.3445	1.1172	0.0025688
-3.3445	1.1423	0.0055248
-3.3445	1.1674	0.0062766
-3.3445	1.1925	0.0044304
-3.3445	1.2176	0.0016608
-3.3445	1.2678	0.00043996
-3.3445	1.2929	0.0018282
-3.3445	1.318	0.0027823
-3.3445	1.3431	0.0025115
-3.3445	1.3682	0.0013865
-3.3445	1.3933	0.00032965
-3.3445	1.4435	0.0003389
-3.3445	1.4686	0.00078014
-3.3445	1.4937	0.00086463
-3.3445	1.5188	0.0005841
-3.3445	1.795	0.00037845
-3.3445	1.8201	0.0013752
-3.3445	1.8452	0.0031435
-3.3445	1.8703	0.0054282
-3.3445	1.8954	0.0074191
-3.3445	1.9205	0.0084057
-3.3445	1.9456	0.0079314
-3.3445	1.9707	0.0061711
-3.3445	1.9958	0.0038024
-3.3445	2.0209	0.0017366
-3.3445	2.046	0.00044668
-3.3445	2.1213	0.00032279
-3.3445	2.1464	0.00039845
-3.3445	2.1715	0.00030018
-3.3194	-2.1715	0.00030076
-3.3194	-2.1464	0.00066061
-3.3194	-2.1213	0.0010525
-3.3194	-2.0962	0.0013372
-3.3194	-2.0711	0.0014064
-3.3194	-2.046	0.0012389
-3.3194	-2.0209	0.00091417
-3.3194	-1.9958	0.00055175
-3.3194	-1.9707	0.00026155
-3.3194	-1.1925	0.00052417
-3.3194	-1.1674	0.0013793
-3.3194	-1.1423	0.0021108
-3.3194	-1.1172	0.0019924
-3.3194	-1.0921	0.00087827
-3.3194	-1.0418	0.0018099
-3.3194	-1.0167	0.0078629
-3.3194	-0.99163	0.016363
-3.3194	-0.96653	0.021345
-3.3194	-0.94142	0.016438
-3.3194	-0.91632	0.0040276
-3.3194	-0.89121	0.0035379
-3.3194	-0.86611	0.0525
-3.3194	-0.841	0.19681
-3.3194	-0.8159	0.45737
-3.3194	-0.79079	0.81602
-3.3194	-0.76569	1.1968
-3.3194	-0.74059	1.4815
-3.3194	-0.71548	1.5685
-3.3194	-0.69038	1.4142
-3.3194	-0.66527	1.0609
-3.3194	-0.64017	0.62718
-3.3194	-0.61506	0.25439
-3.3194	-0.58996	0.041147
-3.3194	-0.56485	0.0043179
-3.3194	-0.53975	0.074232
-3.3194	-0.51464	0.15524
-3.3194	-0.48954	0.17522
-3.3194	-0.46444	0.12569
-3.3194	-0.43933	0.049911
-3.3194	-0.41423	0.0031615
-3.3194	-0.38912	0.011936
-3.3194	-0.36402	0.057892
-3.3194	-0.33891	0.097143
-3.3194	-0.31381	0.096869
-3.3194	-0.2887	0.059486
-3.3194	-0.2636	0.016182
-3.3194	-0.21339	0.021033
-3.3194	-0.18828	0.057359
-3.3194	-0.16318	0.077388
-3.3194	-0.13808	0.064539
-3.3194	-0.11297	0.03041
-3.3194	-0.087866	0.0034932
-3.3194	-0.062762	0.0049071
-3.3194	-0.037657	0.031921
-3.3194	-0.012552	0.060736
-3.3194	0.012552	0.067029
-3.3194	0.037657	0.04596
-3.3194	0.062762	0.015281
-3.3194	0.11297	0.011739
-3.3194	0.13808	0.03931
-3.3194	0.16318	0.058804
-3.3194	0.18828	0.053605
-3.3194	0.21339	0.029219
-3.3194	0.23849	0.0053313
-3.3194	0.2636	0.0016437
-3.3194	0.2887	0.020093
-3.3194	0.31381	0.044784
-3.3194	0.33891	0.054457
-3.3194	0.36402	0.041609
-3.3194	0.38912	0.016667
-3.3194	0.41423	0.000702
-3.3194	0.43933	0.0071571
-3.3194	0.46444	0.029961
-3.3194	0.48954	0.053355
-3.3194	0.51464	0.060245
-3.3194	0.53975	0.044148
-3.3194	0.56485	0.020575
-3.3194	0.58996	0.0030482
-3.3194	0.61506	0.0012828
-3.3194	0.64017	0.010029
-3.3194	0.66527	0.018476
-3.3194	0.69038	0.016704
-3.3194	0.71548	0.0081118
-3.3194	0.74059	0.00083094
-3.3194	0.76569	0.0014791
-3.3194	0.79079	0.009717
-3.3194	0.8159	0.017888
-3.3194	0.841	0.019068
-3.3194	0.86611	0.012654
-3.3194	0.89121	0.0038953
-3.3194	0.94142	0.003467
-3.3194	0.96653	0.010514
-3.3194	0.99163	0.01474
-3.3194	1.0167	0.0127
-3.3194	1.0418	0.0063427
-3.3194	1.0669	0.00099001
-3.3194	1.0921	0.00045852
-3.3194	1.1172	0.0043337
-3.3194	1.1423	0.0086425
-3.3194	1.1674	0.009551
-3.3194	1.1925	0.0065677
-3.3194	1.2176	0.0022527
-3.3194	1.2678	0.0011691
-3.3194	1.2929	0.0040368
-3.3194	1.318	0.0059672
-3.3194	1.3431	0.0052995
-3.3194	1.3682	0.0028556
-3.3194	1.3933	0.00056533
-3.3194	1.4435	0.0012453
-3.3194	1.4686	0.0027068
-3.3194	1.4937	0.0031113
-3.3194	1.5188	0.002222
-3.3194	1.5439	0.00084146
-3.3194	1.6192	0.00087387
-3.3194	1.6444	0.0012872
-3.3194	1.6695	0.0011241
-3.3194	1.6946	0.0005919
-3.3194	1.8703	0.00029142
-3.3194	1.8954	0.00096956
-3.3194	1.9205	0.0017173
-3.3194	1.9456	0.0021759
-3.3194	1.9707	0.0020749
-3.3194	1.9958	0.0014843
-3.3194	2.0209	0.00072982
-3.3194	2.1213	0.00025169
-3.3194	2.1464	0.00030465
-3.2944	-2.1715	0.00051141
-3.2944	-2.1464	0.0011097
-3.2944	-2.1213	0.0017843
-3.2944	-2.0962	0.0023397
-3.2944	-2.0711	0.0025643
-3.2944	-2.046	0.0023816
-3.2944	-2.0209	0.0018675
-3.2944	-1.9958	0.0012114
-3.2944	-1.9707	0.00062182
-3.2944	-1.1925	0.0003445
-3.2944	-1.1674	0.00082572
-3.2944	-1.1423	0.0011932
-3.2944	-1.1172	0.0010402
-3.2944	-1.0921	0.00036083
-3.2944	-1.0418	0.0015474
-3.2944	-1.0167	0.0056957
-3.2944	-0.99163	0.01098
-3.2944	-0.96653	0.013385
-3.2944	-0.94142	0.0092913
-3.2944	-0.91632	0.0013513
-3.2944	-0.89121	0.0047066
-3.2944	-0.86611	0.046777
-3.2944	-0.841	0.15899
-3.2944	-0.8159	0.35395
-3.2944	-0.79079	0.6162
-3.2944	-0.76569	0.88658
-3.2944	-0.74059	1.0819
-3.2944	-0.71548	1.1297
-3.2944	-0.69038	0.99899
-3.2944	-0.66527	0.7314
-3.2944	-0.64017	0.41557
-3.2944	-0.61506	0.15506
-3.2944	-0.58996	0.018672
-3.2944	-0.56485	0.0085227
-3.2944	-0.53975	0.071264
-3.2944	-0.51464	0.13042
-3.2944	-0.48954	0.138
-3.2944	-0.46444	0.092143
-3.2944	-0.43933	0.031582
-3.2944	-0.41423	0.00073808
-3.2944	-0.38912	0.015955
-3.2944	-0.36402	0.057166
-3.2944	-0.33891	0.087546
-3.2944	-0.31381	0.08177
-3.2944	-0.2887	0.046003
-3.2944	-0.2636	0.0096574
-3.2944	-0.23849	0.0012924
-3.2944	-0.21339	0.025352
-3.2944	-0.18828	0.059804
-3.2944	-0.16318	0.075037
-3.2944	-0.13808	0.058631
-3.2944	-0.11297	0.024542
-3.2944	-0.087866	0.0013488
-3.2944	-0.062762	0.0085687
-3.2944	-0.037657	0.039812
-3.2944	-0.012552	0.06907
-3.2944	0.012552	0.072156
-3.2944	0.037657	0.046044
-3.2944	0.062762	0.01279
-3.2944	0.087866	0.00032314
-3.2944	0.11297	0.020188
-3.2944	0.13808	0.0563
-3.2944	0.16318	0.079598
-3.2944	0.18828	0.069867
-3.2944	0.21339	0.03494
-3.2944	0.23849	0.0043858
-3.2944	0.2636	0.0058117
-3.2944	0.2887	0.041334
-3.2944	0.31381	0.086082
-3.2944	0.33891	0.1039
-3.2944	0.36402	0.078363
-3.2944	0.38912	0.029427
-3.2944	0.43933	0.030997
-3.2944	0.46444	0.12686
-3.2944	0.48954	0.25622
-3.2944	0.51464	0.36313
-3.2944	0.53975	0.40284
-3.2944	0.56485	0.36371
-3.2944	0.58996	0.27186
-3.2944	0.61506	0.16161
-3.2944	0.64017	0.079071
-3.2944	0.66527	0.025649
-3.2944	0.69038	0.0048346
-3.2944	0.71548	0.00037932
-3.2944	0.79079	0.00063571
-3.2944	0.8159	0.0022059
-3.2944	0.841	0.0033246
-3.2944	0.86611	0.0027225
-3.2944	0.89121	0.00086931
-3.2944	0.94142	0.0017933
-3.2944	0.96653	0.0052601
-3.2944	0.99163	0.0075762
-3.2944	1.0167	0.0066797
-3.2944	1.0418	0.0032775
-3.2944	1.0669	0.00037323
-3.2944	1.0921	0.0006441
-3.2944	1.1172	0.0039479
-3.2944	1.1423	0.0074875
-3.2944	1.1674	0.0082192
-3.2944	1.1925	0.0055788
-3.2944	1.2176	0.0017144
-3.2944	1.2678	0.0017644
-3.2944	1.2929	0.0053459
-3.2944	1.318	0.0076294
-3.2944	1.3431	0.0066937
-3.2944	1.3682	0.003405
-3.2944	1.3933	0.00053311
-3.2944	1.4184	0.00029325
-3.2944	1.4435	0.0026306
-3.2944	1.4686	0.0053496
-3.2944	1.4937	0.0060852
-3.2944	1.5188	0.0043168
-3.2944	1.5439	0.0015424
-3.2944	1.5941	0.0008285
-3.2944	1.6192	0.0030271
-3.2944	1.6444	0.004696
-3.2944	1.6695	0.0044099
-3.2944	1.6946	0.0025149
-3.2944	1.7197	0.00054965
-3.2944	1.7699	0.001512
-3.2944	1.795	0.0039692
-3.2944	1.8201	0.0057577
-3.2944	1.8452	0.0060142
-3.2944	1.8703	0.0048035
-3.2944	1.8954	0.002875
-3.2944	1.9205	0.0011758
-3.2944	1.9456	0.00031113
-3.2693	-2.1715	0.00064746
-3.2693	-2.1464	0.0013839
-3.2693	-2.1213	0.0022602
-3.2693	-2.0962	0.0030207
-3.2693	-2.0711	0.0033995
-3.2693	-2.046	0.0032463
-3.2693	-2.0209	0.002621
-3.2693	-1.9958	0.0017451
-3.2693	-1.9707	0.00091335
-3.2693	-1.9456	0.00033022
-3.2693	-1.1674	0.00048672
-3.2693	-1.1423	0.00067332
-3.2693	-1.1172	0.00054379
-3.2693	-1.0418	0.0013251
-3.2693	-1.0167	0.0043033
-3.2693	-0.99163	0.0078351
-3.2693	-0.96653	0.0089752
-3.2693	-0.94142	0.0055083
-3.2693	-0.91632	0.00039267
-3.2693	-0.89121	0.0059946
-3.2693	-0.86611	0.044732
-3.2693	-0.841	0.13928
-3.2693	-0.8159	0.30193
-3.2693	-0.79079	0.51372
-3.2693	-0.76569	0.72712
-3.2693	-0.74059	0.87655
-3.2693	-0.71548	0.90099
-3.2693	-0.69038	0.78499
-3.2693	-0.66527	0.55977
-3.2693	-0.64017	0.30443
-3.2693	-0.61506	0.10289
-3.2693	-0.58996	0.0075494
-3.2693	-0.56485	0.014508
-3.2693	-0.53975	0.073808
-3.2693	-0.51464	0.12119
-3.2693	-0.48954	0.1198
-3.2693	-0.46444	0.073601
-3.2693	-0.43933	0.021328
-3.2693	-0.38912	0.02085
-3.2693	-0.36402	0.061236
-3.2693	-0.33891	0.085928
-3.2693	-0.31381	0.075039
-3.2693	-0.2887	0.038081
-3.2693	-0.2636	0.0060333
-3.2693	-0.23849	0.0036667
-3.2693	-0.21339	0.032088
-3.2693	-0.18828	0.066111
-3.2693	-0.16318	0.077614
-3.2693	-0.13808	0.055922
-3.2693	-0.11297	0.020182
-3.2693	-0.087866	0.00032651
-3.2693	-0.062762	0.014037
-3.2693	-0.037657	0.051079
-3.2693	-0.012552	0.081367
-3.2693	0.012552	0.079417
-3.2693	0.037657	0.046182
-3.2693	0.062762	0.0097396
-3.2693	0.087866	0.0017842
-3.2693	0.11297	0.032064
-3.2693	0.13808	0.07816
-3.2693	0.16318	0.10315
-3.2693	0.18828	0.085033
-3.2693	0.21339	0.038158
-3.2693	0.23849	0.0022995
-3.2693	0.2636	0.013831
-3.2693	0.2887	0.072465
-3.2693	0.31381	0.13804
-3.2693	0.33891	0.15981
-3.2693	0.36402	0.11415
-3.2693	0.38912	0.036775
-3.2693	0.41423	0.00030119
-3.2693	0.43933	0.081843
-3.2693	0.46444	0.29835
-3.2693	0.48954	0.59928
-3.2693	0.51464	0.88058
-3.2693	0.53975	1.0417
-3.2693	0.56485	1.0255
-3.2693	0.58996	0.85701
-3.2693	0.61506	0.60046
-3.2693	0.64017	0.35103
-3.2693	0.66527	0.16067
-3.2693	0.69038	0.051573
-3.2693	0.71548	0.0082628
-3.2693	0.76569	0.0021704
-3.2693	0.79079	0.0033057
-3.2693	0.8159	0.0020648
-3.2693	0.841	0.00052862
-3.2693	0.96653	0.00068022
-3.2693	0.99163	0.0013668
-3.2693	1.0167	0.0014601
-3.2693	1.0418	0.00080653
-3.2693	1.0921	0.00034255
-3.2693	1.1172	0.001849
-3.2693	1.1423	0.0035356
-3.2693	1.1674	0.0039613
-3.2693	1.1925	0.0026553
-3.2693	1.2176	0.00071595
-3.2693	1.2678	0.0014248
-3.2693	1.2929	0.0039315
-3.2693	1.318	0.0054669
-3.2693	1.3431	0.0047149
-3.2693	1.3682	0.0022348
-3.2693	1.4184	0.00048698
-3.2693	1.4435	0.0029475
-3.2693	1.4686	0.0056528
-3.2693	1.4937	0.0062938
-3.2693	1.5188	0.0043129
-3.2693	1.5439	0.0013688
-3.2693	1.5941	0.0015742
-3.2693	1.6192	0.0049697
-3.2693	1.6444	0.0075127
-3.2693	1.6695	0.0070961
-3.2693	1.6946	0.0039409
-3.2693	1.7197	0.00066358
-3.2693	1.7448	0.00046905
-3.2693	1.7699	0.0049882
-3.2693	1.795	0.012952
-3.2693	1.8201	0.021109
-3.2693	1.8452	0.025883
-3.2693	1.8703	0.025716
-3.2693	1.8954	0.021087
-3.2693	1.9205	0.014376
-3.2693	1.9456	0.0080954
-3.2693	1.9707	0.0035622
-3.2693	1.9958	0.0011716
-3.2443	-2.1715	0.00048208
-3.2443	-2.1464	0.0010266
-3.2443	-2.1213	0.0016951
-3.2443	-2.0962	0.0023204
-3.2443	-2.0711	0.002673
-3.2443	-2.046	0.0026175
-3.2443	-2.0209	0.0021629
-3.2443	-1.9958	0.0014664
-3.2443	-1.9707	0.00077068
-3.2443	-1.9456	0.00026762
-3.2443	-1.1423	0.00029896
-3.2443	-1.0418	0.0010095
-3.2443	-1.0167	0.0030222
-3.2443	-0.99163	0.0052697
-3.2443	-0.96653	0.0057785
-3.2443	-0.94142	0.0031013
-3.2443	-0.89121	0.0071891
-3.2443	-0.86611	0.04296
-3.2443	-0.841	0.12729
-3.2443	-0.8159	0.26894
-3.2443	-0.79079	0.45313
-3.2443	-0.76569	0.63782
-3.2443	-0.74059	0.76403
-3.2443	-0.71548	0.78067
-3.2443	-0.69038	0.67053
-3.2443	-0.66527	0.46817
-3.2443	-0.64017	0.24312
-3.2443	-0.61506	0.073526
-3.2443	-0.58996	0.0024904
-3.2443	-0.56485	0.022658
-3.2443	-0.53975	0.083333
-3.2443	-0.51464	0.12509
-3.2443	-0.48954	0.11569
-3.2443	-0.46444	0.065499
-3.2443	-0.43933	0.015043
-3.2443	-0.41423	0.00096948
-3.2443	-0.38912	0.029645
-3.2443	-0.36402	0.073304
-3.2443	-0.33891	0.095088
-3.2443	-0.31381	0.07733
-3.2443	-0.2887	0.034875
-3.2443	-0.2636	0.0031238
-3.2443	-0.23849	0.0076048
-3.2443	-0.21339	0.044623
-3.2443	-0.18828	0.082813
-3.2443	-0.16318	0.089926
-3.2443	-0.13808	0.05988
-3.2443	-0.11297	0.017903
-3.2443	-0.062762	0.024463
-3.2443	-0.037657	0.072469
-3.2443	-0.012552	0.10596
-3.2443	0.012552	0.096264
-3.2443	0.037657	0.050565
-3.2443	0.062762	0.0075979
-3.2443	0.087866	0.0063207
-3.2443	0.11297	0.05478
-3.2443	0.13808	0.11737
-3.2443	0.16318	0.14395
-3.2443	0.18828	0.11017
-3.2443	0.21339	0.042739
-3.2443	0.23849	0.001077
-3.2443	0.2636	0.031327
-3.2443	0.2887	0.12944
-3.2443	0.31381	0.22744
-3.2443	0.33891	0.24769
-3.2443	0.36402	0.16394
-3.2443	0.38912	0.042062
-3.2443	0.41423	0.0095516
-3.2443	0.43933	0.19381
-3.2443	0.46444	0.63275
-3.2443	0.48954	1.2341
-3.2443	0.51464	1.8061
-3.2443	0.53975	2.1544
-3.2443	0.56485	2.1647
-3.2443	0.58996	1.8515
-3.2443	0.61506	1.3448
-3.2443	0.64017	0.81956
-3.2443	0.66527	0.3876
-3.2443	0.69038	0.13142
-3.2443	0.71548	0.019203
-3.2443	0.74059	0.00054615
-3.2443	0.76569	0.013152
-3.2443	0.79079	0.021929
-3.2443	0.8159	0.018826
-3.2443	0.841	0.010148
-3.2443	0.86611	0.0028382
-3.2443	0.94142	0.00068199
-3.2443	0.96653	0.00057288
-3.2443	1.1172	0.00032152
-3.2443	1.1423	0.00079674
-3.2443	1.1674	0.0010376
-3.2443	1.1925	0.00077638
-3.2443	1.2678	0.00076237
-3.2443	1.2929	0.0019962
-3.2443	1.318	0.0027897
-3.2443	1.3431	0.0023704
-3.2443	1.3682	0.0010485
-3.2443	1.4184	0.00050922
-3.2443	1.4435	0.0023496
-3.2443	1.4686	0.0042356
-3.2443	1.4937	0.0045685
-3.2443	1.5188	0.0029754
-3.2443	1.5439	0.00078823
-3.2443	1.5941	0.0018598
-3.2443	1.6192	0.0051839
-3.2443	1.6444	0.0075457
-3.2443	1.6695	0.0069039
-3.2443	1.6946	0.0035691
-3.2443	1.7197	0.00035801
-3.2443	1.7448	0.0011109
-3.2443	1.7699	0.0080151
-3.2443	1.795	0.020034
-3.2443	1.8201	0.033151
-3.2443	1.8452	0.042399
-3.2443	1.8703	0.044521
-3.2443	1.8954	0.039504
-3.2443	1.9205	0.029565
-3.2443	1.9456	0.01849
-3.2443	1.9707	0.0094072
-3.2443	1.9958	0.0036233
-3.2443	2.0209	0.0008788
-3.2192	-2.1715	0.00025207
-3.2192	-2.1464	0.00054101
-3.2192	-2.1213	0.00090242
-3.2192	-2.0962	0.0012592
-3.2192	-2.0711	0.0014792
-3.2192	-2.046	0.0014739
-3.2192	-2.0209	0.0012325
-3.2192	-1.9958	0.00083849
-3.2192	-1.9707	0.00043461
-3.2192	-1.0418	0.0004193
-3.2192	-1.0167	0.0012316
-3.2192	-0.99163	0.0021905
-3.2192	-0.96653	0.002371
-3.2192	-0.94142	0.0011278
-3.2192	-0.89121	0.005753
-3.2192	-0.86611	0.030158
-3.2192	-0.841	0.088733
-3.2192	-0.8159	0.18839
-3.2192	-0.79079	0.32074
-3.2192	-0.76569	0.46139
-3.2192	-0.74059	0.56003
-3.2192	-0.71548	0.57591
-3.2192	-0.69038	0.49976
-3.2192	-0.66527	0.3464
-3.2192	-0.64017	0.17303
-3.2192	-0.61506	0.046167
-3.2192	-0.56485	0.029828
-3.2192	-0.53975	0.088806
-3.2192	-0.51464	0.12365
-3.2192	-0.48954	0.10859
-3.2192	-0.46444	0.056558
-3.2192	-0.43933	0.0096837
-3.2192	-0.41423	0.0036011
-3.2192	-0.38912	0.040719
-3.2192	-0.36402	0.089423
-3.2192	-0.33891	0.10842
-3.2192	-0.31381	0.082497
-3.2192	-0.2887	0.032652
-3.2192	-0.2636	0.0016033
-3.2192	-0.23849	0.015575
-3.2192	-0.21339	0.065442
-3.2192	-0.18828	0.11015
-3.2192	-0.16318	0.11281
-3.2192	-0.13808	0.068592
-3.2192	-0.11297	0.015852
-3.2192	-0.087866	0.0019559
-3.2192	-0.062762	0.043752
-3.2192	-0.037657	0.11195
-3.2192	-0.012552	0.15155
-3.2192	0.012552	0.12814
-3.2192	0.037657	0.059637
-3.2192	0.062762	0.0052866
-3.2192	0.087866	0.017754
-3.2192	0.11297	0.10026
-3.2192	0.13808	0.19355
-3.2192	0.16318	0.2215
-3.2192	0.18828	0.15625
-3.2192	0.21339	0.050349
-3.2192	0.23849	0.00072186
-3.2192	0.2636	0.077732
-3.2192	0.2887	0.24941
-3.2192	0.31381	0.40459
-3.2192	0.33891	0.41346
-3.2192	0.36402	0.24986
-3.2192	0.38912	0.043993
-3.2192	0.41423	0.041871
-3.2192	0.43933	0.47924
-3.2192	0.46444	1.3738
-3.2192	0.48954	2.6036
-3.2192	0.51464	3.7287
-3.2192	0.53975	4.4392
-3.2192	0.56485	4.457
-3.2192	0.58996	3.8294
-3.2192	0.61506	2.7855
-3.2192	0.64017	1.683
-3.2192	0.66527	0.79688
-3.2192	0.69038	0.25363
-3.2192	0.71548	0.029434
-3.2192	0.74059	0.0045247
-3.2192	0.76569	0.045283
-3.2192	0.79079	0.071794
-3.2192	0.8159	0.062142
-3.2192	0.841	0.033906
-3.2192	0.86611	0.0098941
-3.2192	0.91632	0.0019812
-3.2192	0.94142	0.0061255
-3.2192	0.96653	0.007084
-3.2192	0.99163	0.0048015
-3.2192	1.0167	0.0017816
-3.2192	1.0418	0.00029824
-3.2192	1.2929	0.00052111
-3.2192	1.318	0.0008641
-3.2192	1.3431	0.0008112
-3.2192	1.3682	0.00035444
-3.2192	1.4184	0.00037271
-3.2192	1.4435	0.0015093
-3.2192	1.4686	0.0026482
-3.2192	1.4937	0.0028082
-3.2192	1.5188	0.0017448
-3.2192	1.5439	0.00036357
-3.2192	1.5941	0.0018607
-3.2192	1.6192	0.0046672
-3.2192	1.6444	0.0065181
-3.2192	1.6695	0.00568
-3.2192	1.6946	0.002638
-3.2192	1.7448	0.0018526
-3.2192	1.7699	0.010237
-3.2192	1.795	0.024229
-3.2192	1.8201	0.039796
-3.2192	1.8452	0.051332
-3.2192	1.8703	0.054917
-3.2192	1.8954	0.04968
-3.2192	1.9205	0.038165
-3.2192	1.9456	0.02464
-3.2192	1.9707	0.012889
-3.2192	1.9958	0.0050685
-3.2192	2.0209	0.0011907
-3.2192	2.0962	0.00036712
-3.2192	2.1213	0.00039761
-3.2192	2.1464	0.00025701
-3.1942	-2.1213	0.00038125
-3.1942	-2.0962	0.00055922
-3.1942	-2.0711	0.00068627
-3.1942	-2.046	0.0007095
-3.1942	-2.0209	0.00060972
-3.1942	-1.9958	0.00041996
-3.1942	-0.99163	0.00030107
-3.1942	-0.96653	0.0003751
-3.1942	-0.89121	0.0020284
-3.1942	-0.86611	0.010518
-3.1942	-0.841	0.031992
-3.1942	-0.8159	0.069657
-3.1942	-0.79079	0.1246
-3.1942	-0.76569	0.18542
-3.1942	-0.74059	0.23352
-3.1942	-0.71548	0.24818
-3.1942	-0.69038	0.21978
-3.1942	-0.66527	0.15308
-3.1942	-0.64017	0.074711
-3.1942	-0.61506	0.016676
-3.1942	-0.58996	0.00042358
-3.1942	-0.56485	0.023547
-3.1942	-0.53975	0.060439
-3.1942	-0.51464	0.080218
-3.1942	-0.48954	0.067484
-3.1942	-0.46444	0.032123
-3.1942	-0.43933	0.0035424
-3.1942	-0.41423	0.0058741
-3.1942	-0.38912	0.039055
-3.1942	-0.36402	0.07797
-3.1942	-0.33891	0.090378
-3.1942	-0.31381	0.064868
-3.1942	-0.2887	0.022139
-3.1942	-0.2636	0.00042328
-3.1942	-0.23849	0.022218
-3.1942	-0.21339	0.075493
-3.1942	-0.18828	0.1183
-3.1942	-0.16318	0.11513
-3.1942	-0.13808	0.064729
-3.1942	-0.11297	0.011196
-3.1942	-0.087866	0.0062973
-3.1942	-0.062762	0.066883
-3.1942	-0.037657	0.15112
-3.1942	-0.012552	0.19336
-3.1942	0.012552	0.15336
-3.1942	0.037657	0.062742
-3.1942	0.062762	0.0010833
-3.1942	0.087866	0.040321
-3.1942	0.11297	0.1717
-3.1942	0.13808	0.30332
-3.1942	0.16318	0.32799
-3.1942	0.18828	0.21371
-3.1942	0.21339	0.054004
-3.1942	0.23849	0.0066805
-3.1942	0.2636	0.16988
-3.1942	0.2887	0.47756
-3.1942	0.31381	0.72052
-3.1942	0.33891	0.6924
-3.1942	0.36402	0.37641
-3.1942	0.38912	0.037001
-3.1942	0.41423	0.15908
-3.1942	0.43933	1.1611
-3.1942	0.46444	3.1157
-3.1942	0.48954	5.6122
-3.1942	0.51464	7.9303
-3.1942	0.53975	9.338
-3.1942	0.56485	9.3228
-3.1942	0.58996	7.9713
-3.1942	0.61506	5.7586
-3.1942	0.64017	3.4493
-3.1942	0.66527	1.5814
-3.1942	0.69038	0.46226
-3.1942	0.71548	0.040418
-3.1942	0.74059	0.025273
-3.1942	0.76569	0.13897
-3.1942	0.79079	0.20086
-3.1942	0.8159	0.16834
-3.1942	0.841	0.088213
-3.1942	0.86611	0.022996
-3.1942	0.91632	0.009792
-3.1942	0.94142	0.025743
-3.1942	0.96653	0.030013
-3.1942	0.99163	0.02124
-3.1942	1.0167	0.0087617
-3.1942	1.0418	0.0011902
-3.1942	1.0669	0.00031633
-3.1942	1.0921	0.0026301
-3.1942	1.1172	0.0041169
-3.1942	1.1423	0.0034347
-3.1942	1.1674	0.0016519
-3.1942	1.1925	0.00036471
-3.1942	1.4435	0.00053699
-3.1942	1.4686	0.0010769
-3.1942	1.4937	0.001248
-3.1942	1.5188	0.0007782
-3.1942	1.5941	0.0015554
-3.1942	1.6192	0.003707
-3.1942	1.6444	0.0050424
-3.1942	1.6695	0.004271
-3.1942	1.6946	0.0017363
-3.1942	1.7448	0.0026473
-3.1942	1.7699	0.012053
-3.1942	1.795	0.027347
-3.1942	1.8201	0.044449
-3.1942	1.8452	0.057513
-3.1942	1.8703	0.061943
-3.1942	1.8954	0.056581
-3.1942	1.9205	0.043907
-3.1942	1.9456	0.028538
-3.1942	1.9707	0.014919
-3.1942	1.9958	0.0057229
-3.1942	2.0209	0.0012315
-3.1942	2.0711	0.00027252
-3.1942	2.0962	0.00066795
-3.1942	2.1213	0.00070521
-3.1942	2.1464	0.00045344
-3.1691	-0.86611	0.0013268
-3.1691	-0.841	0.0047696
-3.1691	-0.8159	0.012612
-3.1691	-0.79079	0.025618
-3.1691	-0.76569	0.041947
-3.1691	-0.74059	0.057291
-3.1691	-0.71548	0.064285
-3.1691	-0.69038	0.059251
-3.1691	-0.66527	0.042019
-3.1691	-0.64017	0.019747
-3.1691	-0.61506	0.0035382
-3.1691	-0.58996	0.00081248
-3.1691	-0.56485	0.011251
-3.1691	-0.53975	0.025761
-3.1691	-0.51464	0.032608
-3.1691	-0.48954	0.026134
-3.1691	-0.46444	0.01125
-3.1691	-0.43933	0.00071104
-3.1691	-0.41423	0.0046822
-3.1691	-0.38912	0.022707
-3.1691	-0.36402	0.041623
-3.1691	-0.33891	0.045755
-3.1691	-0.31381	0.030557
-3.1691	-0.2887	0.0086327
-3.1691	-0.2636	0.00039973
-3.1691	-0.23849	0.017849
-3.1691	-0.21339	0.051946
-3.1691	-0.18828	0.076761
-3.1691	-0.16318	0.070527
-3.1691	-0.13808	0.035984
-3.1691	-0.11297	0.00438
-3.1691	-0.087866	0.0090668
-3.1691	-0.062762	0.060564
-3.1691	-0.037657	0.12431
-3.1691	-0.012552	0.15166
-3.1691	0.012552	0.11336
-3.1691	0.037657	0.03963
-3.1691	0.087866	0.053617
-3.1691	0.11297	0.18664
-3.1691	0.13808	0.3093
-3.1691	0.16318	0.31982
-3.1691	0.18828	0.1945
-3.1691	0.21339	0.03508
-3.1691	0.23849	0.020971
-3.1691	0.2636	0.2529
-3.1691	0.2887	0.64334
-3.1691	0.31381	0.92484
-3.1691	0.33891	0.85164
-3.1691	0.36402	0.40902
-3.1691	0.38912	0.019452
-3.1691	0.41423	0.37121
-3.1691	0.43933	2.1227
-3.1691	0.46444	5.4347
-3.1691	0.48954	9.6607
-3.1691	0.51464	13.698
-3.1691	0.53975	16.15
-3.1691	0.56485	16.208
-3.1691	0.58996	13.936
-3.1691	0.61506	10.111
-3.1691	0.64017	5.9968
-3.1691	0.66527	2.6957
-3.1691	0.69038	0.73626
-3.1691	0.71548	0.030533
-3.1691	0.74059	0.094596
-3.1691	0.76569	0.35976
-3.1691	0.79079	0.482
-3.1691	0.8159	0.38631
-3.1691	0.841	0.19344
-3.1691	0.86611	0.042925
-3.1691	0.89121	0.0012269
-3.1691	0.91632	0.036688
-3.1691	0.94142	0.083621
-3.1691	0.96653	0.093979
-3.1691	0.99163	0.065082
-3.1691	1.0167	0.025561
-3.1691	1.0418	0.0026273
-3.1691	1.0669	0.002307
-3.1691	1.0921	0.013446
-3.1691	1.1172	0.020917
-3.1691	1.1423	0.018395
-3.1691	1.1674	0.009746
-3.1691	1.1925	0.0023861
-3.1691	1.2427	0.0015037
-3.1691	1.2678	0.0034272
-3.1691	1.2929	0.0036207
-3.1691	1.318	0.0022261
-3.1691	1.3431	0.00075025
-3.1691	1.5941	0.00076786
-3.1691	1.6192	0.0019708
-3.1691	1.6444	0.0028849
-3.1691	1.6695	0.0024957
-3.1691	1.6946	0.00091871
-3.1691	1.7448	0.003091
-3.1691	1.7699	0.012635
-3.1691	1.795	0.028216
-3.1691	1.8201	0.0462
-3.1691	1.8452	0.060562
-3.1691	1.8703	0.066157
-3.1691	1.8954	0.061367
-3.1691	1.9205	0.048137
-3.1691	1.9456	0.03142
-3.1691	1.9707	0.016292
-3.1691	1.9958	0.0060827
-3.1691	2.0209	0.0011367
-3.1691	2.0711	0.00051
-3.1691	2.0962	0.0010665
-3.1691	2.1213	0.001071
-3.1691	2.1464	0.00066934
-3.1441	-1.0418	0.00028918
-3.1441	-1.0167	0.00041069
-3.1441	-0.99163	0.00035679
-3.1441	-0.89121	0.00031948
-3.1441	-0.86611	0.00048193
-3.1441	-0.841	0.00036932
-3.1441	-0.79079	0.00062303
-3.1441	-0.76569	0.002094
-3.1441	-0.74059	0.0049434
-3.1441	-0.71548	0.0076219
-3.1441	-0.69038	0.0086942
-3.1441	-0.66527	0.0069756
-3.1441	-0.64017	0.0034461
-3.1441	-0.61506	0.00042663
-3.1441	-0.58996	0.00055795
-3.1441	-0.56485	0.0040908
-3.1441	-0.53975	0.0087324
-3.1441	-0.51464	0.010732
-3.1441	-0.48954	0.0082083
-3.1441	-0.46444	0.0030277
-3.1441	-0.41423	0.002897
-3.1441	-0.38912	0.010921
-3.1441	-0.36402	0.018423
-3.1441	-0.33891	0.019085
-3.1441	-0.31381	0.011539
-3.1441	-0.2887	0.0024365
-3.1441	-0.2636	0.00069409
-3.1441	-0.23849	0.011232
-3.1441	-0.21339	0.028175
-3.1441	-0.18828	0.038528
-3.1441	-0.16318	0.033052
-3.1441	-0.13808	0.0148
-3.1441	-0.11297	0.00087316
-3.1441	-0.087866	0.0079516
-3.1441	-0.062762	0.038659
-3.1441	-0.037657	0.073069
-3.1441	-0.012552	0.083286
-3.1441	0.012552	0.0573
-3.1441	0.037657	0.015993
-3.1441	0.062762	0.0015833
-3.1441	0.087866	0.044075
-3.1441	0.11297	0.13066
-3.1441	0.13808	0.20238
-3.1441	0.16318	0.19629
-3.1441	0.18828	0.10747
-3.1441	0.21339	0.012322
-3.1441	0.23849	0.030694
-3.1441	0.2636	0.22225
-3.1441	0.2887	0.51475
-3.1441	0.31381	0.70252
-3.1441	0.33891	0.60753
-3.1441	0.36402	0.24931
-3.1441	0.38912	0.0057889
-3.1441	0.41423	0.4765
-3.1441	0.43933	2.2529
-3.1441	0.46444	5.4927
-3.1441	0.48954	9.6482
-3.1441	0.51464	13.667
-3.1441	0.53975	16.231
-3.1441	0.56485	16.48
-3.1441	0.58996	14.298
-3.1441	0.61506	10.443
-3.1441	0.64017	6.1828
-3.1441	0.66527	2.7146
-3.1441	0.69038	0.67216
-3.1441	0.71548	0.0055399
-3.1441	0.74059	0.19152
-3.1441	0.76569	0.57
-3.1441	0.79079	0.71894
-3.1441	0.8159	0.55812
-3.1441	0.841	0.26535
-3.1441	0.86611	0.04823
-3.1441	0.89121	0.0050468
-3.1441	0.91632	0.086714
-3.1441	0.94142	0.17704
-3.1441	0.96653	0.19105
-3.1441	0.99163	0.12899
-3.1441	1.0167	0.047281
-3.1441	1.0418	0.0026813
-3.1441	1.0669	0.010081
-3.1441	1.0921	0.042484
-3.1441	1.1172	0.063519
-3.1441	1.1423	0.055811
-3.1441	1.1674	0.029097
-3.1441	1.1925	0.0063643
-3.1441	1.2427	0.008168
-3.1441	1.2678	0.018112
-3.1441	1.2929	0.020127
-3.1441	1.318	0.013846
-3.1441	1.3431	0.0053029
-3.1441	1.3682	0.00049847
-3.1441	1.3933	0.00054972
-3.1441	1.4184	0.0027024
-3.1441	1.4435	0.0038541
-3.1441	1.4686	0.0029805
-3.1441	1.4937	0.0013621
-3.1441	1.6444	0.00027685
-3.1441	1.6695	0.0004524
-3.1441	1.7448	0.0021739
-3.1441	1.7699	0.0089372
-3.1441	1.795	0.021391
-3.1441	1.8201	0.037593
-3.1441	1.8452	0.052377
-3.1441	1.8703	0.06022
-3.1441	1.8954	0.058261
-3.1441	1.9205	0.04725
-3.1441	1.9456	0.031475
-3.1441	1.9707	0.016419
-3.1441	1.9958	0.0059403
-3.1441	2.0209	0.0009426
-3.1441	2.0711	0.00086832
-3.1441	2.0962	0.0015914
-3.1441	2.1213	0.0015201
-3.1441	2.1464	0.00091518
-3.1441	2.1715	0.00030764
-3.119	-2.1967	0.00052782
-3.119	-2.1715	0.0009354
-3.119	-2.1464	0.0012709
-3.119	-2.1213	0.0013951
-3.119	-2.0962	0.0012764
-3.119	-2.0711	0.00097681
-3.119	-2.046	0.00061419
-3.119	-2.0209	0.0003177
-3.119	-1.1674	0.00025367
-3.119	-1.0669	0.0003015
-3.119	-1.0418	0.00076287
-3.119	-1.0167	0.0011046
-3.119	-0.99163	0.00099207
-3.119	-0.96653	0.00045166
-3.119	-0.91632	0.00049619
-3.119	-0.89121	0.0025141
-3.119	-0.86611	0.005716
-3.119	-0.841	0.0089678
-3.119	-0.8159	0.010773
-3.119	-0.79079	0.01026
-3.119	-0.76569	0.0077081
-3.119	-0.74059	0.004299
-3.119	-0.71548	0.0016096
-3.119	-0.69038	0.00043831
-3.119	-0.56485	0.00079484
-3.119	-0.53975	0.0018129
-3.119	-0.51464	0.0023824
-3.119	-0.48954	0.001848
-3.119	-0.46444	0.00058253
-3.119	-0.41423	0.0015068
-3.119	-0.38912	0.0046727
-3.119	-0.36402	0.0074944
-3.119	-0.33891	0.0074008
-3.119	-0.31381	0.0041047
-3.119	-0.2887	0.0005463
-3.119	-0.2636	0.00084007
-3.119	-0.23849	0.0067066
-3.119	-0.21339	0.014944
-3.119	-0.18828	0.019222
-3.119	-0.16318	0.015215
-3.119	-0.13808	0.0056823
-3.119	-0.087866	0.0063452
-3.119	-0.062762	0.024199
-3.119	-0.037657	0.041811
-3.119	-0.012552	0.044463
-3.119	0.012552	0.027796
-3.119	0.037657	0.0056638
-3.119	0.062762	0.0023469
-3.119	0.087866	0.032706
-3.119	0.11297	0.084796
-3.119	0.13808	0.1218
-3.119	0.16318	0.10947
-3.119	0.18828	0.052163
-3.119	0.21339	0.0022277
-3.119	0.23849	0.031174
-3.119	0.2636	0.16773
-3.119	0.2887	0.34904
-3.119	0.31381	0.44467
-3.119	0.33891	0.35361
-3.119	0.36402	0.11761
-3.119	0.38912	0.0034306
-3.119	0.41423	0.44539
-3.119	0.43933	1.8139
-3.119	0.46444	4.1666
-3.119	0.48954	7.1328
-3.119	0.51464	9.9064
-3.119	0.53975	11.632
-3.119	0.56485	11.679
-3.119	0.58996	10.027
-3.119	0.61506	7.2281
-3.119	0.64017	4.1688
-3.119	0.66527	1.7511
-3.119	0.69038	0.37803
-3.119	0.74059	0.2163
-3.119	0.76569	0.5284
-3.119	0.79079	0.62358
-3.119	0.8159	0.46142
-3.119	0.841	0.20378
-3.119	0.86611	0.026791
-3.119	0.89121	0.013125
-3.119	0.91632	0.10876
-3.119	0.94142	0.19902
-3.119	0.96653	0.20636
-3.119	0.99163	0.13337
-3.119	1.0167	0.043792
-3.119	1.0418	0.0013591
-3.119	1.0669	0.01983
-3.119	1.0921	0.067103
-3.119	1.1172	0.095136
-3.119	1.1423	0.081727
-3.119	1.1674	0.041262
-3.119	1.1925	0.0073757
-3.119	1.2176	0.0015644
-3.119	1.2427	0.020018
-3.119	1.2678	0.0413
-3.119	1.2929	0.046123
-3.119	1.318	0.032118
-3.119	1.3431	0.011994
-3.119	1.3682	0.00062243
-3.119	1.3933	0.0030442
-3.119	1.4184	0.012647
-3.119	1.4435	0.01895
-3.119	1.4686	0.016691
-3.119	1.4937	0.0090334
-3.119	1.5188	0.0020078
-3.119	1.569	0.0021483
-3.119	1.5941	0.0045358
-3.119	1.6192	0.0046794
-3.119	1.6444	0.0028011
-3.119	1.6695	0.00088518
-3.119	1.7699	0.00049237
-3.119	1.795	0.0032101
-3.119	1.8201	0.0095891
-3.119	1.8452	0.018829
-3.119	1.8703	0.027594
-3.119	1.8954	0.031744
-3.119	1.9205	0.029327
-3.119	1.9456	0.021554
-3.119	1.9707	0.011939
-3.119	1.9958	0.0043341
-3.119	2.0209	0.00054114
-3.119	2.0711	0.0011958
-3.119	2.0962	0.0020147
-3.119	2.1213	0.0018749
-3.119	2.1464	0.0010949
-3.119	2.1715	0.00033131
-3.119	2.2469	0.00027066
-3.119	2.272	0.00034205
-3.119	2.2971	0.00025636
-3.0939	-2.2218	0.00043682
-3.0939	-2.1967	0.0012085
-3.0939	-2.1715	0.0022487
-3.0939	-2.1464	0.0032495
-3.0939	-2.1213	0.0038492
-3.0939	-2.0962	0.0038469
-3.0939	-2.0711	0.0032523
-3.0939	-2.046	0.0023005
-3.0939	-2.0209	0.0013215
-3.0939	-1.9958	0.00057732
-3.0939	-1.1925	0.00035215
-3.0939	-1.1674	0.00037282
-3.0939	-1.0669	0.00067771
-3.0939	-1.0418	0.0015894
-3.0939	-1.0167	0.0022187
-3.0939	-0.99163	0.0019172
-3.0939	-0.96653	0.00077314
-3.0939	-0.91632	0.0019613
-3.0939	-0.89121	0.0082954
-3.0939	-0.86611	0.019399
-3.0939	-0.841	0.033046
-3.0939	-0.8159	0.044622
-3.0939	-0.79079	0.049958
-3.0939	-0.76569	0.047003
-3.0939	-0.74059	0.036937
-3.0939	-0.71548	0.023986
-3.0939	-0.69038	0.012241
-3.0939	-0.66527	0.0045675
-3.0939	-0.64017	0.00097348
-3.0939	-0.41423	0.00044882
-3.0939	-0.38912	0.0013598
-3.0939	-0.36402	0.0021896
-3.0939	-0.33891	0.0021729
-3.0939	-0.31381	0.0011225
-3.0939	-0.2636	0.00066216
-3.0939	-0.23849	0.0037094
-3.0939	-0.21339	0.0075874
-3.0939	-0.18828	0.0092274
-3.0939	-0.16318	0.0068209
-3.0939	-0.13808	0.002151
-3.0939	-0.087866	0.0049368
-3.0939	-0.062762	0.015538
-3.0939	-0.037657	0.024894
-3.0939	-0.012552	0.02474
-3.0939	0.012552	0.013839
-3.0939	0.037657	0.0018557
-3.0939	0.062762	0.0031188
-3.0939	0.087866	0.025515
-3.0939	0.11297	0.058592
-3.0939	0.13808	0.077638
-3.0939	0.16318	0.064505
-3.0939	0.18828	0.026179
-3.0939	0.23849	0.031437
-3.0939	0.2636	0.13095
-3.0939	0.2887	0.24917
-3.0939	0.31381	0.29566
-3.0939	0.33891	0.21248
-3.0939	0.36402	0.052303
-3.0939	0.38912	0.023141
-3.0939	0.41423	0.42262
-3.0939	0.43933	1.4856
-3.0939	0.46444	3.2426
-3.0939	0.48954	5.3417
-3.0939	0.51464	7.2287
-3.0939	0.53975	8.3165
-3.0939	0.56485	8.1876
-3.0939	0.58996	6.8776
-3.0939	0.61506	4.8299
-3.0939	0.64017	2.6891
-3.0939	0.66527	1.046
-3.0939	0.69038	0.17552
-3.0939	0.71548	0.0064456
-3.0939	0.74059	0.20771
-3.0939	0.76569	0.42972
-3.0939	0.79079	0.47025
-3.0939	0.8159	0.32583
-3.0939	0.841	0.12699
-3.0939	0.86611	0.010109
-3.0939	0.89121	0.020291
-3.0939	0.91632	0.10463
-3.0939	0.94142	0.17333
-3.0939	0.96653	0.16786
-3.0939	0.99163	0.10092
-3.0939	1.0167	0.027672
-3.0939	1.0669	0.025054
-3.0939	1.0921	0.069818
-3.0939	1.1172	0.092357
-3.0939	1.1423	0.075234
-3.0939	1.1674	0.035072
-3.0939	1.1925	0.0043851
-3.0939	1.2176	0.0035794
-3.0939	1.2427	0.027007
-3.0939	1.2678	0.05079
-3.0939	1.2929	0.054795
-3.0939	1.318	0.036615
-3.0939	1.3431	0.012279
-3.0939	1.3933	0.0066848
-3.0939	1.4184	0.023132
-3.0939	1.4435	0.033592
-3.0939	1.4686	0.029963
-3.0939	1.4937	0.01598
-3.0939	1.5188	0.0030809
-3.0939	1.5439	0.00062232
-3.0939	1.569	0.0079913
-3.0939	1.5941	0.017498
-3.0939	1.6192	0.020484
-3.0939	1.6444	0.015114
-3.0939	1.6695	0.0059556
-3.0939	1.6946	0.00038977
-3.0939	1.7197	0.0016979
-3.0939	1.7448	0.0076384
-3.0939	1.7699	0.012918
-3.0939	1.795	0.013393
-3.0939	1.8201	0.0095158
-3.0939	1.8452	0.0037648
-3.0939	1.8703	0.00052839
-3.0939	1.8954	0.00031266
-3.0939	1.9205	0.0017161
-3.0939	1.9456	0.0028749
-3.0939	1.9707	0.0024008
-3.0939	1.9958	0.0010284
-3.0939	2.0711	0.00080012
-3.0939	2.0962	0.0013733
-3.0939	2.1213	0.0013435
-3.0939	2.1464	0.00080315
-3.0939	2.2469	0.00034099
-3.0939	2.272	0.00041802
-3.0939	2.2971	0.00031292
-3.0689	-2.2218	0.00042376
-3.0689	-2.1967	0.0011372
-3.0689	-2.1715	0.0021547
-3.0689	-2.1464	0.003218
-3.0689	-2.1213	0.0039762
-3.0689	-2.0962	0.0041769
-3.0689	-2.0711	0.0037035
-3.0689	-2.046	0.0027643
-3.0689	-2.0209	0.0016873
-3.0689	-1.9958	0.00077258
-3.0689	-1.2176	0.0002723
-3.0689	-1.1925	0.00044427
-3.0689	-1.1674	0.00044779
-3.0689	-1.0921	0.00025965
-3.0689	-1.0669	0.0012896
-3.0689	-1.0418	0.0028054
-3.0689	-1.0167	0.0037678
-3.0689	-0.99163	0.0030848
-3.0689	-0.96653	0.00098558
-3.0689	-0.91632	0.0053483
-3.0689	-0.89121	0.021117
-3.0689	-0.86611	0.048349
-3.0689	-0.841	0.08301
-3.0689	-0.8159	0.11564
-3.0689	-0.79079	0.1346
-3.0689	-0.76569	0.13327
-3.0689	-0.74059	0.11195
-3.0689	-0.71548	0.078123
-3.0689	-0.69038	0.043403
-3.0689	-0.66527	0.017521
-3.0689	-0.64017	0.0037765
-3.0689	-0.58996	0.0013159
-3.0689	-0.56485	0.0029167
-3.0689	-0.53975	0.0029937
-3.0689	-0.51464	0.0018602
-3.0689	-0.48954	0.00070575
-3.0689	-0.2636	0.00034013
-3.0689	-0.23849	0.0014246
-3.0689	-0.21339	0.0028706
-3.0689	-0.18828	0.0035163
-3.0689	-0.16318	0.0025009
-3.0689	-0.13808	0.00060314
-3.0689	-0.087866	0.0034374
-3.0689	-0.062762	0.009562
-3.0689	-0.037657	0.014429
-3.0689	-0.012552	0.013546
-3.0689	0.012552	0.006734
-3.0689	0.037657	0.00040426
-3.0689	0.062762	0.0036909
-3.0689	0.087866	0.020129
-3.0689	0.11297	0.041838
-3.0689	0.13808	0.052243
-3.0689	0.16318	0.039918
-3.0689	0.18828	0.013099
-3.0689	0.21339	0.00043038
-3.0689	0.23849	0.031537
-3.0689	0.2636	0.10965
-3.0689	0.2887	0.19142
-3.0689	0.31381	0.21267
-3.0689	0.33891	0.13612
-3.0689	0.36402	0.021928
-3.0689	0.38912	0.040779
-3.0689	0.41423	0.41931
-3.0689	0.43933	1.3242
-3.0689	0.46444	2.7395
-3.0689	0.48954	4.3766
-3.0689	0.51464	5.7816
-3.0689	0.53975	6.4985
-3.0689	0.56485	6.2608
-3.0689	0.58996	5.1318
-3.0689	0.61506	3.4972
-3.0689	0.64017	1.8667
-3.0689	0.66527	0.66749
-3.0689	0.69038	0.089311
-3.0689	0.71548	0.02277
-3.0689	0.74059	0.20545
-3.0689	0.76569	0.36719
-3.0689	0.79079	0.37313
-3.0689	0.8159	0.23916
-3.0689	0.841	0.081965
-3.0689	0.86611	0.0026816
-3.0689	0.89121	0.026926
-3.0689	0.91632	0.10205
-3.0689	0.94142	0.15218
-3.0689	0.96653	0.1374
-3.0689	0.99163	0.075438
-3.0689	1.0167	0.016622
-3.0689	1.0418	0.0011464
-3.0689	1.0669	0.029275
-3.0689	1.0921	0.068993
-3.0689	1.1172	0.084102
-3.0689	1.1423	0.063999
-3.0689	1.1674	0.026542
-3.0689	1.1925	0.0019279
-3.0689	1.2176	0.0060649
-3.0689	1.2427	0.030954
-3.0689	1.2678	0.053052
-3.0689	1.2929	0.053413
-3.0689	1.318	0.033424
-3.0689	1.3431	0.0095499
-3.0689	1.3933	0.0104
-3.0689	1.4184	0.029494
-3.0689	1.4435	0.040587
-3.0689	1.4686	0.034537
-3.0689	1.4937	0.017167
-3.0689	1.5188	0.0023798
-3.0689	1.5439	0.0019264
-3.0689	1.569	0.014609
-3.0689	1.5941	0.029692
-3.0689	1.6192	0.034589
-3.0689	1.6444	0.025407
-3.0689	1.6695	0.0095156
-3.0689	1.7197	0.0068073
-3.0689	1.7448	0.028478
-3.0689	1.7699	0.054895
-3.0689	1.795	0.073413
-3.0689	1.8201	0.076722
-3.0689	1.8452	0.065061
-3.0689	1.8703	0.04505
-3.0689	1.8954	0.025356
-3.0689	1.9205	0.011014
-3.0689	1.9456	0.0037595
-3.0689	1.9707	0.00066526
-3.0438	-2.2218	0.00028673
-3.0438	-2.1967	0.00073621
-3.0438	-2.1715	0.0013697
-3.0438	-2.1464	0.0020467
-3.0438	-2.1213	0.002549
-3.0438	-2.0962	0.0027022
-3.0438	-2.0711	0.0024361
-3.0438	-2.046	0.0018307
-3.0438	-2.0209	0.0011205
-3.0438	-1.9958	0.00051333
-3.0438	-1.1925	0.00028692
-3.0438	-1.1674	0.00028531
-3.0438	-1.0921	0.00035573
-3.0438	-1.0669	0.0015431
-3.0438	-1.0418	0.0032418
-3.0438	-1.0167	0.0042643
-3.0438	-0.99163	0.0033502
-3.0438	-0.96653	0.00081306
-3.0438	-0.94142	0.00065559
-3.0438	-0.91632	0.010386
-3.0438	-0.89121	0.03879
-3.0438	-0.86611	0.088272
-3.0438	-0.841	0.1543
-3.0438	-0.8159	0.21902
-3.0438	-0.79079	0.26259
-3.0438	-0.76569	0.26821
-3.0438	-0.74059	0.23218
-3.0438	-0.71548	0.16693
-3.0438	-0.69038	0.094419
-3.0438	-0.66527	0.037806
-3.0438	-0.64017	0.0070207
-3.0438	-0.58996	0.0059747
-3.0438	-0.56485	0.012565
-3.0438	-0.53975	0.013493
-3.0438	-0.51464	0.0092164
-3.0438	-0.48954	0.0035131
-3.0438	-0.46444	0.00043723
-3.0438	-0.41423	0.0013163
-3.0438	-0.38912	0.0019193
-3.0438	-0.36402	0.0015388
-3.0438	-0.33891	0.00073135
-3.0438	-0.18828	0.00041344
-3.0438	-0.16318	0.00036445
-3.0438	-0.087866	0.0017136
-3.0438	-0.062762	0.0045243
-3.0438	-0.037657	0.0067911
-3.0438	-0.012552	0.0062063
-3.0438	0.012552	0.0028214
-3.0438	0.062762	0.0035242
-3.0438	0.087866	0.015191
-3.0438	0.11297	0.029217
-3.0438	0.13808	0.034565
-3.0438	0.16318	0.024587
-3.0438	0.18828	0.0061401
-3.0438	0.21339	0.0016127
-3.0438	0.23849	0.031535
-3.0438	0.2636	0.094457
-3.0438	0.2887	0.15466
-3.0438	0.31381	0.16033
-3.0438	0.33891	0.091925
-3.0438	0.36402	0.0076562
-3.0438	0.38912	0.062214
-3.0438	0.41423	0.43863
-3.0438	0.43933	1.2784
-3.0438	0.46444	2.5154
-3.0438	0.48954	3.9137
-3.0438	0.51464	5.0604
-3.0438	0.53975	5.5723
-3.0438	0.56485	5.2599
-3.0438	0.58996	4.2115
-3.0438	0.61506	2.7808
-3.0438	0.64017	1.4171
-3.0438	0.66527	0.46002
-3.0438	0.69038	0.038709
-3.0438	0.71548	0.040026
-3.0438	0.74059	0.21631
-3.0438	0.76569	0.34304
-3.0438	0.79079	0.32253
-3.0438	0.8159	0.19034
-3.0438	0.841	0.054785
-3.0438	0.86611	0.00030139
-3.0438	0.89121	0.035699
-3.0438	0.91632	0.10601
-3.0438	0.94142	0.14415
-3.0438	0.96653	0.12072
-3.0438	0.99163	0.059824
-3.0438	1.0167	0.0095369
-3.0438	1.0418	0.0031598
-3.0438	1.0669	0.035168
-3.0438	1.0921	0.071639
-3.0438	1.1172	0.08122
-3.0438	1.1423	0.056878
-3.0438	1.1674	0.020592
-3.0438	1.1925	0.00055674
-3.0438	1.2176	0.0096033
-3.0438	1.2427	0.036125
-3.0438	1.2678	0.056309
-3.0438	1.2929	0.053036
-3.0438	1.318	0.0303
-3.0438	1.3431	0.0067538
-3.0438	1.3682	0.00078004
-3.0438	1.3933	0.014877
-3.0438	1.4184	0.036012
-3.0438	1.4435	0.046214
-3.0438	1.4686	0.036834
-3.0438	1.4937	0.016493
-3.0438	1.5188	0.0012538
-3.0438	1.5439	0.0039586
-3.0438	1.569	0.022008
-3.0438	1.5941	0.041032
-3.0438	1.6192	0.04564
-3.0438	1.6444	0.031771
-3.0438	1.6695	0.010323
-3.0438	1.7197	0.015484
-3.0438	1.7448	0.056218
-3.0438	1.7699	0.1086
-3.0438	1.795	0.15048
-3.0438	1.8201	0.16721
-3.0438	1.8452	0.15444
-3.0438	1.8703	0.12033
-3.0438	1.8954	0.078899
-3.0438	1.9205	0.042666
-3.0438	1.9456	0.018325
-3.0438	1.9707	0.0055964
-3.0438	1.9958	0.00094889
-3.0188	-2.1967	0.00042547
-3.0188	-2.1715	0.00077664
-3.0188	-2.1464	0.001154
-3.0188	-2.1213	0.0014392
-3.0188	-2.0962	0.0015241
-3.0188	-2.0711	0.0013704
-3.0188	-2.046	0.0010302
-3.0188	-2.0209	0.00062006
-3.0188	-1.9958	0.00026897
-3.0188	-1.0669	0.00070948
-3.0188	-1.0418	0.0014746
-3.0188	-1.0167	0.0019582
-3.0188	-0.99163	0.0014601
-3.0188	-0.94142	0.00087387
-3.0188	-0.91632	0.0091546
-3.0188	-0.89121	0.032668
-3.0188	-0.86611	0.076806
-3.0188	-0.841	0.13934
-3.0188	-0.8159	0.20665
-3.0188	-0.79079	0.26024
-3.0188	-0.76569	0.27805
-3.0188	-0.74059	0.25226
-3.0188	-0.71548	0.18909
-3.0188	-0.69038	0.11001
-3.0188	-0.66527	0.043466
-3.0188	-0.64017	0.0067593
-3.0188	-0.61506	0.0011527
-3.0188	-0.58996	0.013602
-3.0188	-0.56485	0.026452
-3.0188	-0.53975	0.028263
-3.0188	-0.51464	0.01909
-3.0188	-0.48954	0.0070711
-3.0188	-0.46444	0.0004869
-3.0188	-0.43933	0.0016086
-3.0188	-0.41423	0.0065036
-3.0188	-0.38912	0.0096722
-3.0188	-0.36402	0.0086388
-3.0188	-0.33891	0.0046656
-3.0188	-0.31381	0.0012612
-3.0188	-0.2636	0.00075219
-3.0188	-0.23849	0.0015422
-3.0188	-0.21339	0.0014862
-3.0188	-0.18828	0.00083407
-3.0188	-0.062762	0.00055931
-3.0188	-0.037657	0.001142
-3.0188	-0.012552	0.0013083
-3.0188	0.012552	0.00056989
-3.0188	0.062762	0.0024489
-3.0188	0.087866	0.0088196
-3.0188	0.11297	0.016653
-3.0188	0.13808	0.019615
-3.0188	0.16318	0.013134
-3.0188	0.18828	0.0022938
-3.0188	0.21339	0.0029085
-3.0188	0.23849	0.029549
-3.0188	0.2636	0.079702
-3.0188	0.2887	0.12377
-3.0188	0.31381	0.1214
-3.0188	0.33891	0.061027
-3.0188	0.36402	0.0011476
-3.0188	0.38912	0.08451
-3.0188	0.41423	0.47763
-3.0188	0.43933	1.289
-3.0188	0.46444	2.4628
-3.0188	0.48954	3.7482
-3.0188	0.51464	4.7637
-3.0188	0.53975	5.1678
-3.0188	0.56485	4.792
-3.0188	0.58996	3.7576
-3.0188	0.61506	2.4054
-3.0188	0.64017	1.1639
-3.0188	0.66527	0.33508
-3.0188	0.69038	0.013662
-3.0188	0.71548	0.063935
-3.0188	0.74059	0.24386
-3.0188	0.76569	0.34903
-3.0188	0.79079	0.30426
-3.0188	0.8159	0.16441
-3.0188	0.841	0.03943
-3.0188	0.86611	0.00058048
-3.0188	0.89121	0.048911
-3.0188	0.91632	0.11975
-3.0188	0.94142	0.1486
-3.0188	0.96653	0.11501
-3.0188	0.99163	0.050813
-3.0188	1.0167	0.0053822
-3.0188	1.0418	0.0073265
-3.0188	1.0669	0.044799
-3.0188	1.0921	0.080772
-3.0188	1.1172	0.084366
-3.0188	1.1423	0.054468
-3.0188	1.1674	0.016461
-3.0188	1.2176	0.014845
-3.0188	1.2427	0.044771
-3.0188	1.2678	0.063536
-3.0188	1.2929	0.055875
-3.0188	1.318	0.028706
-3.0188	1.3431	0.0047477
-3.0188	1.3682	0.0022042
-3.0188	1.3933	0.021522
-3.0188	1.4184	0.045531
-3.0188	1.4435	0.054083
-3.0188	1.4686	0.04018
-3.0188	1.4937	0.015656
-3.0188	1.5188	0.0004677
-3.0188	1.5439	0.0078205
-3.0188	1.569	0.03249
-3.0188	1.5941	0.055538
-3.0188	1.6192	0.058177
-3.0188	1.6444	0.037472
-3.0188	1.6695	0.0097249
-3.0188	1.6946	0.0010154
-3.0188	1.7197	0.030465
-3.0188	1.7448	0.097457
-3.0188	1.7699	0.17985
-3.0188	1.795	0.2476
-3.0188	1.8201	0.27694
-3.0188	1.8452	0.26026
-3.0188	1.8703	0.20787
-3.0188	1.8954	0.14088
-3.0188	1.9205	0.079059
-3.0188	1.9456	0.035341
-3.0188	1.9707	0.011152
-3.0188	1.9958	0.0016998
-3.0188	2.046	0.0007031
-3.0188	2.0711	0.0011443
-3.0188	2.0962	0.00091781
-3.0188	2.1213	0.00044522
-2.9937	-2.1715	0.00040057
-2.9937	-2.1464	0.000596
-2.9937	-2.1213	0.00074507
-2.9937	-2.0962	0.00079254
-2.9937	-2.0711	0.00071331
-2.9937	-2.046	0.00053404
-2.9937	-2.0209	0.00031552
-2.9937	-1.0418	0.00027361
-2.9937	-1.0167	0.00036691
-2.9937	-0.99163	0.00025914
-2.9937	-0.94142	0.00044379
-2.9937	-0.91632	0.0035366
-2.9937	-0.89121	0.012648
-2.9937	-0.86611	0.029902
-2.9937	-0.841	0.055671
-2.9937	-0.8159	0.086015
-2.9937	-0.79079	0.11282
-2.9937	-0.76569	0.12556
-2.9937	-0.74059	0.11795
-2.9937	-0.71548	0.090389
-2.9937	-0.69038	0.053711
-2.9937	-0.66527	0.020419
-2.9937	-0.64017	0.0023027
-2.9937	-0.61506	0.0017552
-2.9937	-0.58996	0.012084
-2.9937	-0.56485	0.022104
-2.9937	-0.53975	0.023365
-2.9937	-0.51464	0.015586
-2.9937	-0.48954	0.0052786
-2.9937	-0.43933	0.0030324
-2.9937	-0.41423	0.010102
-2.9937	-0.38912	0.014924
-2.9937	-0.36402	0.013461
-2.9937	-0.33891	0.0073124
-2.9937	-0.31381	0.0015476
-2.9937	-0.2887	0.00028103
-2.9937	-0.2636	0.0033834
-2.9937	-0.23849	0.0070783
-2.9937	-0.21339	0.007881
-2.9937	-0.18828	0.0053983
-2.9937	-0.16318	0.0019886
-2.9937	-0.11297	0.00055867
-2.9937	-0.087866	0.0015983
-2.9937	-0.062762	0.0017925
-2.9937	-0.037657	0.0010909
-2.9937	-0.012552	0.00029956
-2.9937	0.062762	0.00040114
-2.9937	0.087866	0.0014012
-2.9937	0.11297	0.003454
-2.9937	0.13808	0.0049577
-2.9937	0.16318	0.0036065
-2.9937	0.18828	0.00052516
-2.9937	0.21339	0.0026175
-2.9937	0.23849	0.019195
-2.9937	0.2636	0.05094
-2.9937	0.2887	0.079188
-2.9937	0.31381	0.075978
-2.9937	0.33891	0.033515
-2.9937	0.38912	0.0978
-2.9937	0.41423	0.48104
-2.9937	0.43933	1.2502
-2.9937	0.46444	2.3634
-2.9937	0.48954	3.5768
-2.9937	0.51464	4.5419
-2.9937	0.53975	4.9105
-2.9937	0.56485	4.515
-2.9937	0.58996	3.4961
-2.9937	0.61506	2.1846
-2.9937	0.64017	1.0036
-2.9937	0.66527	0.25102
-2.9937	0.69038	0.0037976
-2.9937	0.71548	0.09908
-2.9937	0.74059	0.29298
-2.9937	0.76569	0.38162
-2.9937	0.79079	0.31051
-2.9937	0.8159	0.15218
-2.9937	0.841	0.026884
-2.9937	0.86611	0.0049444
-2.9937	0.89121	0.070246
-2.9937	0.91632	0.14711
-2.9937	0.94142	0.16807
-2.9937	0.96653	0.12079
-2.9937	0.99163	0.046307
-2.9937	1.0167	0.0024923
-2.9937	1.0418	0.013843
-2.9937	1.0669	0.061533
-2.9937	1.0921	0.099238
-2.9937	1.1172	0.095824
-2.9937	1.1423	0.056335
-2.9937	1.1674	0.013925
-2.9937	1.1925	0.00053265
-2.9937	1.2176	0.023821
-2.9937	1.2427	0.059918
-2.9937	1.2678	0.078115
-2.9937	1.2929	0.063414
-2.9937	1.318	0.028897
-2.9937	1.3431	0.0031707
-2.9937	1.3682	0.0052007
-2.9937	1.3933	0.032667
-2.9937	1.4184	0.061389
-2.9937	1.4435	0.067706
-2.9937	1.4686	0.046291
-2.9937	1.4937	0.015087
-2.9937	1.5439	0.014886
-2.9937	1.569	0.049499
-2.9937	1.5941	0.077459
-2.9937	1.6192	0.075871
-2.9937	1.6444	0.044557
-2.9937	1.6695	0.0085602
-2.9937	1.6946	0.0047905
-2.9937	1.7197	0.057466
-2.9937	1.7448	0.16347
-2.9937	1.7699	0.2888
-2.9937	1.795	0.38975
-2.9937	1.8201	0.43235
-2.9937	1.8452	0.40455
-2.9937	1.8703	0.32321
-2.9937	1.8954	0.21921
-2.9937	1.9205	0.12292
-2.9937	1.9456	0.054781
-2.9937	1.9707	0.016397
-2.9937	1.9958	0.0020296
-2.9937	2.046	0.0018607
-2.9937	2.0711	0.0028056
-2.9937	2.0962	0.0022567
-2.9937	2.1213	0.0011418
-2.9937	2.1464	0.00031166
-2.9687	-2.1464	0.00026346
-2.9687	-2.1213	0.00033576
-2.9687	-2.0962	0.00036371
-2.9687	-2.0711	0.00033227
-2.9687	-2.046	0.00024934
-2.9687	-0.91632	0.00074456
-2.9687	-0.89121	0.0027877
-2.9687	-0.86611	0.006934
-2.9687	-0.841	0.013751
-2.9687	-0.8159	0.022519
-2.9687	-0.79079	0.031078
-2.9687	-0.76569	0.036115
-2.9687	-0.74059	0.035131
-2.9687	-0.71548	0.027639
-2.9687	-0.69038	0.01624
-2.9687	-0.66527	0.0057794
-2.9687	-0.64017	0.00042128
-2.9687	-0.61506	0.0012651
-2.9687	-0.58996	0.0060184
-2.9687	-0.56485	0.010275
-2.9687	-0.53975	0.010535
-2.9687	-0.51464	0.0067529
-2.9687	-0.48954	0.0020049
-2.9687	-0.43933	0.0024226
-2.9687	-0.41423	0.0070097
-2.9687	-0.38912	0.0098898
-2.9687	-0.36402	0.0087151
-2.9687	-0.33891	0.0044303
-2.9687	-0.31381	0.00068687
-2.9687	-0.2887	0.00058073
-2.9687	-0.2636	0.0041222
-2.9687	-0.23849	0.0080664
-2.9687	-0.21339	0.0091031
-2.9687	-0.18828	0.006292
-2.9687	-0.16318	0.0021357
-2.9687	-0.11297	0.0017296
-2.9687	-0.087866	0.0051189
-2.9687	-0.062762	0.0070045
-2.9687	-0.037657	0.0059023
-2.9687	-0.012552	0.0028514
-2.9687	0.012552	0.00048547
-2.9687	0.037657	0.00026508
-2.9687	0.062762	0.0013704
-2.9687	0.087866	0.001939
-2.9687	0.11297	0.0013548
-2.9687	0.13808	0.00044057
-2.9687	0.21339	0.0004072
-2.9687	0.23849	0.0029021
-2.9687	0.2636	0.0092288
-2.9687	0.2887	0.017619
-2.9687	0.31381	0.019796
-2.9687	0.33891	0.0080336
-2.9687	0.36402	0.001206
-2.9687	0.38912	0.062087
-2.9687	0.41423	0.29006
-2.9687	0.43933	0.7798
-2.9687	0.46444	1.5519
-2.9687	0.48954	2.4671
-2.9687	0.51464	3.2588
-2.9687	0.53975	3.6633
-2.9687	0.56485	3.4752
-2.9687	0.58996	2.7404
-2.9687	0.61506	1.718
-2.9687	0.64017	0.76154
-2.9687	0.66527	0.16469
-2.9687	0.69038	0.00099989
-2.9687	0.71548	0.13876
-2.9687	0.74059	0.33641
-2.9687	0.76569	0.4102
-2.9687	0.79079	0.31456
-2.9687	0.8159	0.14027
-2.9687	0.841	0.016399
-2.9687	0.86611	0.014266
-2.9687	0.89121	0.10211
-2.9687	0.91632	0.18962
-2.9687	0.94142	0.20146
-2.9687	0.96653	0.13347
-2.9687	0.99163	0.043678
-2.9687	1.0167	0.00039791
-2.9687	1.0418	0.027628
-2.9687	1.0669	0.090732
-2.9687	1.0921	0.13274
-2.9687	1.1172	0.11933
-2.9687	1.1423	0.063377
-2.9687	1.1674	0.011548
-2.9687	1.1925	0.0031817
-2.9687	1.2176	0.040765
-2.9687	1.2427	0.087485
-2.9687	1.2678	0.10533
-2.9687	1.2929	0.078527
-2.9687	1.318	0.031183
-2.9687	1.3431	0.0012579
-2.9687	1.3682	0.01227
-2.9687	1.3933	0.053389
-2.9687	1.4184	0.090338
-2.9687	1.4435	0.092229
-2.9687	1.4686	0.057469
-2.9687	1.4937	0.015002
-2.9687	1.5188	0.00060628
-2.9687	1.5439	0.028731
-2.9687	1.569	0.080677
-2.9687	1.5941	0.11601
-2.9687	1.6192	0.1055
-2.9687	1.6444	0.055294
-2.9687	1.6695	0.0069179
-2.9687	1.6946	0.01377
-2.9687	1.7197	0.11013
-2.9687	1.7448	0.28381
-2.9687	1.7699	0.4804
-2.9687	1.795	0.63281
-2.9687	1.8201	0.68925
-2.9687	1.8452	0.63662
-2.9687	1.8703	0.50181
-2.9687	1.8954	0.33651
-2.9687	1.9205	0.18554
-2.9687	1.9456	0.079551
-2.9687	1.9707	0.022266
-2.9687	1.9958	0.0021213
-2.9687	2.0209	0.00066361
-2.9687	2.046	0.0041412
-2.9687	2.0711	0.0056246
-2.9687	2.0962	0.0043595
-2.9687	2.1213	0.0021084
-2.9687	2.1464	0.00052107
-2.9687	2.2218	0.00033152
-2.9687	2.2469	0.00034569
-2.9436	-0.89121	0.00032161
-2.9436	-0.86611	0.00073927
-2.9436	-0.841	0.00165
-2.9436	-0.8159	0.0030803
-2.9436	-0.79079	0.0049126
-2.9436	-0.76569	0.0064318
-2.9436	-0.74059	0.0069675
-2.9436	-0.71548	0.0058898
-2.9436	-0.69038	0.0036546
-2.9436	-0.66527	0.0012563
-2.9436	-0.61506	0.00059466
-2.9436	-0.58996	0.0023058
-2.9436	-0.56485	0.0037322
-2.9436	-0.53975	0.003739
-2.9436	-0.51464	0.0022539
-2.9436	-0.48954	0.00055514
-2.9436	-0.43933	0.0014588
-2.9436	-0.41423	0.0036352
-2.9436	-0.38912	0.0048848
-2.9436	-0.36402	0.0040648
-2.9436	-0.33891	0.0018622
-2.9436	-0.2887	0.0006233
-2.9436	-0.2636	0.0030751
-2.9436	-0.23849	0.0055533
-2.9436	-0.21339	0.005977
-2.9436	-0.18828	0.003908
-2.9436	-0.16318	0.0010908
-2.9436	-0.11297	0.0020799
-2.9436	-0.087866	0.0054867
-2.9436	-0.062762	0.0075023
-2.9436	-0.037657	0.0063393
-2.9436	-0.012552	0.002979
-2.9436	0.012552	0.00032563
-2.9436	0.037657	0.00072015
-2.9436	0.062762	0.003757
-2.9436	0.087866	0.006694
-2.9436	0.11297	0.0069179
-2.9436	0.13808	0.0042654
-2.9436	0.16318	0.0011746
-2.9436	0.21339	0.0010788
-2.9436	0.23849	0.0022956
-2.9436	0.2636	0.0019874
-2.9436	0.2887	0.00078982
-2.9436	0.36402	0.00025708
-2.9436	0.38912	0.0068649
-2.9436	0.41423	0.036761
-2.9436	0.43933	0.12764
-2.9436	0.46444	0.31229
-2.9436	0.48954	0.58501
-2.9436	0.51464	0.87694
-2.9436	0.53975	1.1055
-2.9436	0.56485	1.1514
-2.9436	0.58996	0.98321
-2.9436	0.61506	0.64941
-2.9436	0.64017	0.29184
-2.9436	0.66527	0.053355
-2.9436	0.69038	0.0052925
-2.9436	0.71548	0.1076
-2.9436	0.74059	0.23698
-2.9436	0.76569	0.28261
-2.9436	0.79079	0.21274
-2.9436	0.8159	0.087228
-2.9436	0.841	0.0060169
-2.9436	0.86611	0.023122
-2.9436	0.89121	0.11324
-2.9436	0.91632	0.19419
-2.9436	0.94142	0.1985
-2.9436	0.96653	0.12387
-2.9436	0.99163	0.034166
-2.9436	1.0167	0.0010226
-2.9436	1.0418	0.044869
-2.9436	1.0669	0.12393
-2.9436	1.0921	0.16827
-2.9436	1.1172	0.14249
-2.9436	1.1423	0.068645
-2.9436	1.1674	0.0080099
-2.9436	1.1925	0.0097396
-2.9436	1.2176	0.068455
-2.9436	1.2427	0.13196
-2.9436	1.2678	0.14798
-2.9436	1.2929	0.10215
-2.9436	1.318	0.034355
-2.9436	1.3682	0.027404
-2.9436	1.3933	0.093306
-2.9436	1.4184	0.14305
-2.9436	1.4435	0.1356
-2.9436	1.4686	0.076403
-2.9436	1.4937	0.015411
-2.9436	1.5188	0.0039989
-2.9436	1.5439	0.059084
-2.9436	1.569	0.14217
-2.9436	1.5941	0.18918
-2.9436	1.6192	0.15904
-2.9436	1.6444	0.072667
-2.9436	1.6695	0.0030687
-2.9436	1.6946	0.039205
-2.9436	1.7197	0.22543
-2.9436	1.7448	0.53119
-2.9436	1.7699	0.86006
-2.9436	1.795	1.1006
-2.9436	1.8201	1.1743
-2.9436	1.8452	1.0653
-2.9436	1.8703	0.82067
-2.9436	1.8954	0.54188
-2.9436	1.9205	0.29027
-2.9436	1.9456	0.11922
-2.9436	1.9707	0.030299
-2.9436	1.9958	0.0018663
-2.9436	2.0209	0.0022998
-2.9436	2.046	0.0088371
-2.9436	2.0711	0.010878
-2.9436	2.0962	0.0079507
-2.9436	2.1213	0.0035716
-2.9436	2.1464	0.00076198
-2.9436	2.1967	0.00038958
-2.9436	2.2218	0.00080236
-2.9436	2.2469	0.00079372
-2.9436	2.272	0.00047821
-2.9186	-0.91632	0.00065166
-2.9186	-0.89121	0.0012225
-2.9186	-0.86611	0.0016677
-2.9186	-0.841	0.0018068
-2.9186	-0.8159	0.0016043
-2.9186	-0.79079	0.0012672
-2.9186	-0.76569	0.00095701
-2.9186	-0.74059	0.00081701
-2.9186	-0.71548	0.00067785
-2.9186	-0.69038	0.0004729
-2.9186	-0.58996	0.00056956
-2.9186	-0.56485	0.00096525
-2.9186	-0.53975	0.00099573
-2.9186	-0.51464	0.00061032
-2.9186	-0.43933	0.00069137
-2.9186	-0.41423	0.001568
-2.9186	-0.38912	0.002023
-2.9186	-0.36402	0.0016176
-2.9186	-0.33891	0.00066342
-2.9186	-0.2887	0.00051153
-2.9186	-0.2636	0.0018944
-2.9186	-0.23849	0.0032031
-2.9186	-0.21339	0.0032657
-2.9186	-0.18828	0.0019524
-2.9186	-0.16318	0.00042472
-2.9186	-0.11297	0.0018512
-2.9186	-0.087866	0.0043255
-2.9186	-0.062762	0.0056211
-2.9186	-0.037657	0.0045386
-2.9186	-0.012552	0.0018974
-2.9186	0.037657	0.0011176
-2.9186	0.062762	0.0045944
-2.9186	0.087866	0.0079809
-2.9186	0.11297	0.0083311
-2.9186	0.13808	0.0052666
-2.9186	0.16318	0.0013059
-2.9186	0.21339	0.0032304
-2.9186	0.23849	0.0083432
-2.9186	0.2636	0.011083
-2.9186	0.2887	0.0091292
-2.9186	0.31381	0.0040017
-2.9186	0.33891	0.00027394
-2.9186	0.36402	0.0011044
-2.9186	0.38912	0.0046951
-2.9186	0.41423	0.0073805
-2.9186	0.43933	0.0049333
-2.9186	0.46444	0.0028078
-2.9186	0.48954	0.0097271
-2.9186	0.51464	0.031359
-2.9186	0.53975	0.066154
-2.9186	0.56485	0.095465
-2.9186	0.58996	0.10433
-2.9186	0.61506	0.079021
-2.9186	0.64017	0.03774
-2.9186	0.66527	0.005136
-2.9186	0.69038	0.003806
-2.9186	0.71548	0.032902
-2.9186	0.74059	0.067707
-2.9186	0.76569	0.080804
-2.9186	0.79079	0.060362
-2.9186	0.8159	0.022751
-2.9186	0.841	0.00062222
-2.9186	0.86611	0.014748
-2.9186	0.89121	0.057055
-2.9186	0.91632	0.094852
-2.9186	0.94142	0.094927
-2.9186	0.96653	0.05736
-2.9186	0.99163	0.012437
-2.9186	1.0167	0.0023584
-2.9186	1.0418	0.038662
-2.9186	1.0669	0.095606
-2.9186	1.0921	0.1262
-2.9186	1.1172	0.10368
-2.9186	1.1423	0.046004
-2.9186	1.1674	0.0028023
-2.9186	1.1925	0.015882
-2.9186	1.2176	0.079626
-2.9186	1.2427	0.14407
-2.9186	1.2678	0.15536
-2.9186	1.2929	0.10199
-2.9186	1.318	0.028626
-2.9186	1.3431	0.00047285
-2.9186	1.3682	0.048289
-2.9186	1.3933	0.13915
-2.9186	1.4184	0.20127
-2.9186	1.4435	0.18061
-2.9186	1.4686	0.09291
-2.9186	1.4937	0.012129
-2.9186	1.5188	0.014437
-2.9186	1.5439	0.11509
-2.9186	1.569	0.24686
-2.9186	1.5941	0.30663
-2.9186	1.6192	0.24247
-2.9186	1.6444	0.095313
-2.9186	1.6946	0.10585
-2.9186	1.7197	0.47675
-2.9186	1.7448	1.0466
-2.9186	1.7699	1.639
-2.9186	1.795	2.0475
-2.9186	1.8201	2.1414
-2.9186	1.8452	1.9083
-2.9186	1.8703	1.453
-2.9186	1.8954	0.93133
-2.9186	1.9205	0.48279
-2.9186	1.9456	0.18859
-2.9186	1.9707	0.042241
-2.9186	1.9958	0.0011266
-2.9186	2.0209	0.0068775
-2.9186	2.046	0.019379
-2.9186	2.0711	0.021719
-2.9186	2.0962	0.014844
-2.9186	2.1213	0.0061865
-2.9186	2.1464	0.001054
-2.9186	2.1967	0.0010367
-2.9186	2.2218	0.0018675
-2.9186	2.2469	0.0017321
-2.9186	2.272	0.0009786
-2.9186	2.2971	0.00031045
-2.8935	-1.0669	0.0003148
-2.8935	-1.0418	0.0003667
-2.8935	-1.0167	0.00025138
-2.8935	-0.94142	0.00059341
-2.8935	-0.91632	0.0018875
-2.8935	-0.89121	0.0037567
-2.8935	-0.86611	0.0057117
-2.8935	-0.841	0.0070207
-2.8935	-0.8159	0.0072033
-2.8935	-0.79079	0.0062298
-2.8935	-0.76569	0.0044759
-2.8935	-0.74059	0.0026593
-2.8935	-0.71548	0.0012406
-2.8935	-0.69038	0.00042916
-2.8935	-0.41423	0.00047531
-2.8935	-0.38912	0.00062463
-2.8935	-0.36402	0.00049644
-2.8935	-0.2887	0.00032419
-2.8935	-0.2636	0.0010012
-2.8935	-0.23849	0.0015713
-2.8935	-0.21339	0.0015358
-2.8935	-0.18828	0.0008407
-2.8935	-0.11297	0.0014053
-2.8935	-0.087866	0.0029511
-2.8935	-0.062762	0.0036234
-2.8935	-0.037657	0.0027407
-2.8935	-0.012552	0.0009622
-2.8935	0.037657	0.001285
-2.8935	0.062762	0.0043766
-2.8935	0.087866	0.0071308
-2.8935	0.11297	0.007204
-2.8935	0.13808	0.0042714
-2.8935	0.16318	0.00079072
-2.8935	0.18828	0.00046733
-2.8935	0.21339	0.0048624
-2.8935	0.23849	0.011791
-2.8935	0.2636	0.016122
-2.8935	0.2887	0.01377
-2.8935	0.31381	0.0061433
-2.8935	0.33891	0.00028962
-2.8935	0.36402	0.004446
-2.8935	0.38912	0.023176
-2.8935	0.41423	0.049939
-2.8935	0.43933	0.07473
-2.8935	0.46444	0.08486
-2.8935	0.48954	0.076353
-2.8935	0.51464	0.054588
-2.8935	0.53975	0.028301
-2.8935	0.56485	0.0097599
-2.8935	0.58996	0.0020519
-2.8935	0.61506	0.00032288
-2.8935	0.64017	0.00025644
-2.8935	0.69038	0.00066688
-2.8935	0.71548	0.0035269
-2.8935	0.74059	0.0084737
-2.8935	0.76569	0.010917
-2.8935	0.79079	0.0084561
-2.8935	0.8159	0.0027601
-2.8935	0.86611	0.0049568
-2.8935	0.89121	0.016104
-2.8935	0.91632	0.025103
-2.8935	0.94142	0.024506
-2.8935	0.96653	0.013641
-2.8935	0.99163	0.0021906
-2.8935	1.0167	0.0017807
-2.8935	1.0418	0.016765
-2.8935	1.0669	0.037476
-2.8935	1.0921	0.047529
-2.8935	1.1172	0.037118
-2.8935	1.1423	0.014399
-2.8935	1.1674	0.00037786
-2.8935	1.1925	0.011241
-2.8935	1.2176	0.045163
-2.8935	1.2427	0.076286
-2.8935	1.2678	0.079657
-2.8935	1.2929	0.0496
-2.8935	1.318	0.010997
-2.8935	1.3431	0.0025928
-2.8935	1.3682	0.042033
-2.8935	1.3933	0.10849
-2.8935	1.4184	0.15076
-2.8935	1.4435	0.13191
-2.8935	1.4686	0.062766
-2.8935	1.4937	0.003794
-2.8935	1.5188	0.024331
-2.8935	1.5439	0.13585
-2.8935	1.569	0.27385
-2.8935	1.5941	0.33108
-2.8935	1.6192	0.25062
-2.8935	1.6444	0.084262
-2.8935	1.6695	0.0017415
-2.8935	1.6946	0.19982
-2.8935	1.7197	0.78127
-2.8935	1.7448	1.6513
-2.8935	1.7699	2.5757
-2.8935	1.795	3.2335
-2.8935	1.8201	3.3855
-2.8935	1.8452	3.0452
-2.8935	1.8703	2.3239
-2.8935	1.8954	1.4824
-2.8935	1.9205	0.75946
-2.8935	1.9456	0.28329
-2.8935	1.9707	0.056405
-2.8935	2.0209	0.018401
-2.8935	2.046	0.041417
-2.8935	2.0711	0.042998
-2.8935	2.0962	0.027756
-2.8935	2.1213	0.01054
-2.8935	2.1464	0.0013907
-2.8935	2.1715	0.00030209
-2.8935	2.1967	0.0027297
-2.8935	2.2218	0.0043493
-2.8935	2.2469	0.0037486
-2.8935	2.272	0.0020053
-2.8935	2.2971	0.00055046
-2.8935	2.3724	0.0003153
-2.8935	2.3975	0.00033708
-2.8685	-1.0921	0.00025349
-2.8685	-1.0669	0.00044252
-2.8685	-1.0418	0.00048924
-2.8685	-1.0167	0.00030286
-2.8685	-0.94142	0.0012404
-2.8685	-0.91632	0.0037596
-2.8685	-0.89121	0.0075101
-2.8685	-0.86611	0.011632
-2.8685	-0.841	0.0149
-2.8685	-0.8159	0.016107
-2.8685	-0.79079	0.014793
-2.8685	-0.76569	0.011497
-2.8685	-0.74059	0.00734
-2.8685	-0.71548	0.0036524
-2.8685	-0.69038	0.0012252
-2.8685	-0.58996	0.00033146
-2.8685	-0.56485	0.00029266
-2.8685	-0.2636	0.00036762
-2.8685	-0.23849	0.00057798
-2.8685	-0.21339	0.00054761
-2.8685	-0.18828	0.00028468
-2.8685	-0.11297	0.00088998
-2.8685	-0.087866	0.0017172
-2.8685	-0.062762	0.0020089
-2.8685	-0.037657	0.001411
-2.8685	-0.012552	0.00039049
-2.8685	0.037657	0.0012412
-2.8685	0.062762	0.0035905
-2.8685	0.087866	0.0055005
-2.8685	0.11297	0.0052875
-2.8685	0.13808	0.0028301
-2.8685	0.16318	0.00032642
-2.8685	0.18828	0.0008274
-2.8685	0.21339	0.0056574
-2.8685	0.23849	0.012613
-2.8685	0.2636	0.016698
-2.8685	0.2887	0.013825
-2.8685	0.31381	0.0055115
-2.8685	0.36402	0.0090762
-2.8685	0.38912	0.039885
-2.8685	0.41423	0.090314
-2.8685	0.43933	0.14646
-2.8685	0.46444	0.188
-2.8685	0.48954	0.20114
-2.8685	0.51464	0.18059
-2.8685	0.53975	0.13633
-2.8685	0.56485	0.085201
-2.8685	0.58996	0.042115
-2.8685	0.61506	0.015234
-2.8685	0.64017	0.003308
-2.8685	0.86611	0.00083865
-2.8685	0.89121	0.0025433
-2.8685	0.91632	0.0041643
-2.8685	0.94142	0.0041189
-2.8685	0.96653	0.0021533
-2.8685	1.0167	0.0009013
-2.8685	1.0418	0.0054056
-2.8685	1.0669	0.01108
-2.8685	1.0921	0.013386
-2.8685	1.1172	0.009921
-2.8685	1.1423	0.0032131
-2.8685	1.1925	0.0053825
-2.8685	1.2176	0.017358
-2.8685	1.2427	0.028125
-2.8685	1.2678	0.027627
-2.8685	1.2929	0.015696
-2.8685	1.318	0.0024
-2.8685	1.3431	0.0023306
-2.8685	1.3682	0.02188
-2.8685	1.3933	0.050152
-2.8685	1.4184	0.066303
-2.8685	1.4435	0.054407
-2.8685	1.4686	0.022342
-2.8685	1.5188	0.019057
-2.8685	1.5439	0.082758
-2.8685	1.569	0.15616
-2.8685	1.5941	0.18181
-2.8685	1.6192	0.1279
-2.8685	1.6444	0.034331
-2.8685	1.6695	0.0058345
-2.8685	1.6946	0.18137
-2.8685	1.7197	0.63825
-2.8685	1.7448	1.3222
-2.8685	1.7699	2.088
-2.8685	1.795	2.6705
-2.8685	1.8201	2.8715
-2.8685	1.8452	2.6457
-2.8685	1.8703	2.07
-2.8685	1.8954	1.3489
-2.8685	1.9205	0.69315
-2.8685	1.9456	0.25885
-2.8685	1.9707	0.043561
-2.8685	2.0209	0.031024
-2.8685	2.046	0.060167
-2.8685	2.0711	0.060056
-2.8685	2.0962	0.03747
-2.8685	2.1213	0.013425
-2.8685	2.1464	0.0011686
-2.8685	2.1715	0.0011686
-2.8685	2.1967	0.0057585
-2.8685	2.2218	0.0083389
-2.8685	2.2469	0.0068486
-2.8685	2.272	0.0034654
-2.8685	2.2971	0.0008355
-2.8685	2.3473	0.00034473
-2.8685	2.3724	0.00077866
-2.8685	2.3975	0.00077145
-2.8685	2.4226	0.00045076
-2.8434	-1.0921	0.00036654
-2.8434	-1.0669	0.00059817
-2.8434	-1.0418	0.00061446
-2.8434	-1.0167	0.00033508
-2.8434	-0.96653	0.00036681
-2.8434	-0.94142	0.0023324
-2.8434	-0.91632	0.0066001
-2.8434	-0.89121	0.01296
-2.8434	-0.86611	0.020047
-2.8434	-0.841	0.025821
-2.8434	-0.8159	0.028314
-2.8434	-0.79079	0.026461
-2.8434	-0.76569	0.020961
-2.8434	-0.74059	0.013584
-2.8434	-0.71548	0.0067953
-2.8434	-0.69038	0.0021474
-2.8434	-0.61506	0.00081298
-2.8434	-0.58996	0.0012347
-2.8434	-0.56485	0.0011031
-2.8434	-0.53975	0.00062866
-2.8434	-0.11297	0.00041913
-2.8434	-0.087866	0.00076533
-2.8434	-0.062762	0.00086982
-2.8434	-0.037657	0.00056727
-2.8434	0.037657	0.0010051
-2.8434	0.062762	0.0025675
-2.8434	0.087866	0.003692
-2.8434	0.11297	0.0033475
-2.8434	0.13808	0.0015849
-2.8434	0.18828	0.0011262
-2.8434	0.21339	0.0056402
-2.8434	0.23849	0.011627
-2.8434	0.2636	0.014704
-2.8434	0.2887	0.011513
-2.8434	0.31381	0.0038222
-2.8434	0.36402	0.013341
-2.8434	0.38912	0.05224
-2.8434	0.41423	0.1165
-2.8434	0.43933	0.19082
-2.8434	0.46444	0.2536
-2.8434	0.48954	0.28217
-2.8434	0.51464	0.26761
-2.8434	0.53975	0.21525
-2.8434	0.56485	0.14467
-2.8434	0.58996	0.078593
-2.8434	0.61506	0.030908
-2.8434	0.64017	0.0068268
-2.8434	0.69038	0.001594
-2.8434	0.71548	0.003844
-2.8434	0.74059	0.0039329
-2.8434	0.76569	0.0024225
-2.8434	0.79079	0.00089446
-2.8434	1.0167	0.00026577
-2.8434	1.0418	0.0012125
-2.8434	1.0669	0.0023449
-2.8434	1.0921	0.0028595
-2.8434	1.1172	0.002056
-2.8434	1.1423	0.00058091
-2.8434	1.1925	0.002153
-2.8434	1.2176	0.0060926
-2.8434	1.2427	0.0091659
-2.8434	1.2678	0.0086386
-2.8434	1.2929	0.0042791
-2.8434	1.318	0.0003524
-2.8434	1.3431	0.0017707
-2.8434	1.3682	0.0099173
-2.8434	1.3933	0.020938
-2.8434	1.4184	0.02585
-2.8434	1.4435	0.019804
-2.8434	1.4686	0.0068738
-2.8434	1.5188	0.011734
-2.8434	1.5439	0.041102
-2.8434	1.569	0.072304
-2.8434	1.5941	0.078966
-2.8434	1.6192	0.051658
-2.8434	1.6444	0.0096003
-2.8434	1.6695	0.0093286
-2.8434	1.6946	0.11451
-2.8434	1.7197	0.36118
-2.8434	1.7448	0.7225
-2.8434	1.7699	1.1121
-2.8434	1.795	1.4079
-2.8434	1.8201	1.5084
-2.8434	1.8452	1.3824
-2.8434	1.8703	1.0762
-2.8434	1.8954	0.69581
-2.8434	1.9205	0.35321
-2.8434	1.9456	0.12138
-2.8434	1.9707	0.015863
-2.8434	1.9958	0.0022002
-2.8434	2.0209	0.025299
-2.8434	2.046	0.043895
-2.8434	2.0711	0.041639
-2.8434	2.0962	0.025113
-2.8434	2.1213	0.0081177
-2.8434	2.1464	0.00031196
-2.8434	2.1715	0.0016381
-2.8434	2.1967	0.0060876
-2.8434	2.2218	0.0081852
-2.8434	2.2469	0.0065855
-2.8434	2.272	0.0031625
-2.8434	2.2971	0.00066423
-2.8434	2.3473	0.00056803
-2.8434	2.3724	0.0011162
-2.8434	2.3975	0.001066
-2.8434	2.4226	0.00059798
-2.8184	-1.0921	0.0004739
-2.8184	-1.0669	0.00074067
-2.8184	-1.0418	0.00072554
-2.8184	-1.0167	0.00033697
-2.8184	-0.96653	0.00083307
-2.8184	-0.94142	0.0041886
-2.8184	-0.91632	0.011164
-2.8184	-0.89121	0.021508
-2.8184	-0.86611	0.033218
-2.8184	-0.841	0.042782
-2.8184	-0.8159	0.046932
-2.8184	-0.79079	0.043972
-2.8184	-0.76569	0.034817
-2.8184	-0.74059	0.022406
-2.8184	-0.71548	0.010912
-2.8184	-0.69038	0.0031794
-2.8184	-0.64017	0.00052634
-2.8184	-0.61506	0.0021118
-2.8184	-0.58996	0.0030052
-2.8184	-0.56485	0.0026082
-2.8184	-0.53975	0.0014167
-2.8184	-0.51464	0.00035421
-2.8184	-0.46444	0.0002586
-2.8184	-0.43933	0.00064706
-2.8184	-0.41423	0.00077993
-2.8184	-0.38912	0.00059147
-2.8184	-0.36402	0.00027791
-2.8184	0.037657	0.0006221
-2.8184	0.062762	0.0014366
-2.8184	0.087866	0.0020074
-2.8184	0.11297	0.0017324
-2.8184	0.13808	0.00069341
-2.8184	0.18828	0.0012257
-2.8184	0.21339	0.0049268
-2.8184	0.23849	0.0094499
-2.8184	0.2636	0.01143
-2.8184	0.2887	0.00834
-2.8184	0.31381	0.0021146
-2.8184	0.33891	0.00096407
-2.8184	0.36402	0.016755
-2.8184	0.38912	0.059454
-2.8184	0.41423	0.12822
-2.8184	0.43933	0.21
-2.8184	0.46444	0.28111
-2.8184	0.48954	0.31758
-2.8184	0.51464	0.30606
-2.8184	0.53975	0.25188
-2.8184	0.56485	0.1728
-2.8184	0.58996	0.09449
-2.8184	0.61506	0.036813
-2.8184	0.64017	0.0072121
-2.8184	0.69038	0.0042016
-2.8184	0.71548	0.0090155
-2.8184	0.74059	0.0095844
-2.8184	0.76569	0.0063289
-2.8184	0.79079	0.0024998
-2.8184	0.8159	0.00032682
-2.8184	0.86611	0.00069698
-2.8184	0.89121	0.0010366
-2.8184	0.91632	0.00082042
-2.8184	0.94142	0.00039083
-2.8184	1.1925	0.00057153
-2.8184	1.2176	0.0015712
-2.8184	1.2427	0.0023465
-2.8184	1.2678	0.0021681
-2.8184	1.2929	0.00097037
-2.8184	1.3431	0.00091549
-2.8184	1.3682	0.0042482
-2.8184	1.3933	0.0081175
-2.8184	1.4184	0.0095911
-2.8184	1.4435	0.0068029
-2.8184	1.4686	0.0018084
-2.8184	1.5188	0.0066984
-2.8184	1.5439	0.020362
-2.8184	1.569	0.033074
-2.8184	1.5941	0.033985
-2.8184	1.6192	0.019896
-2.8184	1.6444	0.0022366
-2.8184	1.6695	0.0083142
-2.8184	1.6946	0.070402
-2.8184	1.7197	0.20026
-2.8184	1.7448	0.3825
-2.8184	1.7699	0.5746
-2.8184	1.795	0.71361
-2.8184	1.8201	0.75109
-2.8184	1.8452	0.67734
-2.8184	1.8703	0.51662
-2.8184	1.8954	0.32528
-2.8184	1.9205	0.15828
-2.8184	1.9456	0.049998
-2.8184	1.9707	0.0046598
-2.8184	1.9958	0.002834
-2.8184	2.0209	0.016074
-2.8184	2.046	0.024702
-2.8184	2.0711	0.021978
-2.8184	2.0962	0.012311
-2.8184	2.1213	0.0034333
-2.8184	2.1715	0.001417
-2.8184	2.1967	0.0040637
-2.8184	2.2218	0.0050361
-2.8184	2.2469	0.0038014
-2.8184	2.272	0.0016836
-2.8184	2.2971	0.00025709
-2.8184	2.3473	0.00048939
-2.8184	2.3724	0.00083595
-2.8184	2.3975	0.00075268
-2.8184	2.4226	0.00040177
-2.7933	-1.0921	0.00030679
-2.7933	-1.0669	0.00048866
-2.7933	-1.0418	0.00047146
-2.7933	-0.96653	0.0010654
-2.7933	-0.94142	0.0050731
-2.7933	-0.91632	0.013485
-2.7933	-0.89121	0.026688
-2.7933	-0.86611	0.042435
-2.7933	-0.841	0.056468
-2.7933	-0.8159	0.063888
-2.7933	-0.79079	0.061768
-2.7933	-0.76569	0.049595
-2.7933	-0.74059	0.032299
-2.7933	-0.71548	0.015425
-2.7933	-0.69038	0.0040602
-2.7933	-0.64017	0.0015181
-2.7933	-0.61506	0.0046815
-2.7933	-0.58996	0.0062519
-2.7933	-0.56485	0.0051953
-2.7933	-0.53975	0.0026242
-2.7933	-0.51464	0.00056258
-2.7933	-0.46444	0.00094531
-2.7933	-0.43933	0.0020355
-2.7933	-0.41423	0.0023544
-2.7933	-0.38912	0.0017059
-2.7933	-0.36402	0.00071584
-2.7933	-0.2887	0.00043345
-2.7933	-0.2636	0.00070334
-2.7933	-0.23849	0.00064982
-2.7933	-0.21339	0.00036565
-2.7933	0.062762	0.00045946
-2.7933	0.087866	0.00065517
-2.7933	0.11297	0.00056162
-2.7933	0.18828	0.0010238
-2.7933	0.21339	0.003537
-2.7933	0.23849	0.0064705
-2.7933	0.2636	0.007532
-2.7933	0.2887	0.0051018
-2.7933	0.31381	0.00093087
-2.7933	0.33891	0.0017664
-2.7933	0.36402	0.018297
-2.7933	0.38912	0.059603
-2.7933	0.41423	0.12635
-2.7933	0.43933	0.20653
-2.7933	0.46444	0.27784
-2.7933	0.48954	0.31711
-2.7933	0.51464	0.30841
-2.7933	0.53975	0.25586
-2.7933	0.56485	0.17596
-2.7933	0.58996	0.095414
-2.7933	0.61506	0.035593
-2.7933	0.64017	0.0057289
-2.7933	0.66527	0.00042085
-2.7933	0.69038	0.007427
-2.7933	0.71548	0.014104
-2.7933	0.74059	0.014428
-2.7933	0.76569	0.0093815
-2.7933	0.79079	0.0034291
-2.7933	0.8159	0.0002729
-2.7933	0.841	0.00049055
-2.7933	0.86611	0.0022357
-2.7933	0.89121	0.0032999
-2.7933	0.91632	0.0028511
-2.7933	0.94142	0.0015253
-2.7933	0.96653	0.00040771
-2.7933	1.0418	0.00037299
-2.7933	1.0669	0.00035253
-2.7933	1.3431	0.00032793
-2.7933	1.3682	0.0013073
-2.7933	1.3933	0.0024863
-2.7933	1.4184	0.0029058
-2.7933	1.4435	0.0019915
-2.7933	1.4686	0.00039485
-2.7933	1.4937	0.00025112
-2.7933	1.5188	0.0034195
-2.7933	1.5439	0.0093482
-2.7933	1.569	0.014418
-2.7933	1.5941	0.014056
-2.7933	1.6192	0.0072819
-2.7933	1.6695	0.0072856
-2.7933	1.6946	0.041881
-2.7933	1.7197	0.11202
-2.7933	1.7448	0.2073
-2.7933	1.7699	0.30437
-2.7933	1.795	0.37214
-2.7933	1.8201	0.38684
-2.7933	1.8452	0.34321
-2.7933	1.8703	0.25826
-2.7933	1.8954	0.15783
-2.7933	1.9205	0.073109
-2.7933	1.9456	0.020929
-2.7933	1.9707	0.0010684
-2.7933	1.9958	0.0025376
-2.7933	2.0209	0.010346
-2.7933	2.046	0.014306
-2.7933	2.0711	0.011781
-2.7933	2.0962	0.006058
-2.7933	2.1213	0.0014684
-2.7933	2.1715	0.0011211
-2.7933	2.1967	0.0026304
-2.7933	2.2218	0.0029787
-2.7933	2.2469	0.002083
-2.7933	2.272	0.00083561
-2.7933	2.3473	0.00036114
-2.7933	2.3724	0.00054333
-2.7933	2.3975	0.00044853
-2.7683	-0.96653	0.00058168
-2.7683	-0.94142	0.0025671
-2.7683	-0.91632	0.0069759
-2.7683	-0.89121	0.014235
-2.7683	-0.86611	0.023601
-2.7683	-0.841	0.033164
-2.7683	-0.8159	0.039752
-2.7683	-0.79079	0.040453
-2.7683	-0.76569	0.034481
-2.7683	-0.74059	0.02326
-2.7683	-0.71548	0.011376
-2.7683	-0.69038	0.002711
-2.7683	-0.64017	0.002346
-2.7683	-0.61506	0.0062491
-2.7683	-0.58996	0.008237
-2.7683	-0.56485	0.0068181
-2.7683	-0.53975	0.0033328
-2.7683	-0.51464	0.0004997
-2.7683	-0.48954	0.00025014
-2.7683	-0.46444	0.0022768
-2.7683	-0.43933	0.0045334
-2.7683	-0.41423	0.0050996
-2.7683	-0.38912	0.0035714
-2.7683	-0.36402	0.0013299
-2.7683	-0.31381	0.00045136
-2.7683	-0.2887	0.001777
-2.7683	-0.2636	0.0026842
-2.7683	-0.23849	0.0024322
-2.7683	-0.21339	0.0013083
-2.7683	-0.18828	0.00026056
-2.7683	-0.13808	0.00046992
-2.7683	-0.11297	0.0010207
-2.7683	-0.087866	0.0011159
-2.7683	-0.062762	0.00076471
-2.7683	-0.037657	0.000296
-2.7683	0.18828	0.00051405
-2.7683	0.21339	0.0016204
-2.7683	0.23849	0.0029937
-2.7683	0.2636	0.0035311
-2.7683	0.2887	0.002242
-2.7683	0.33891	0.0022772
-2.7683	0.36402	0.016722
-2.7683	0.38912	0.051884
-2.7683	0.41423	0.10914
-2.7683	0.43933	0.1799
-2.7683	0.46444	0.2457
-2.7683	0.48954	0.28465
-2.7683	0.51464	0.28056
-2.7683	0.53975	0.2347
-2.7683	0.56485	0.16171
-2.7683	0.58996	0.086479
-2.7683	0.61506	0.030312
-2.7683	0.64017	0.003825
-2.7683	0.66527	0.0013622
-2.7683	0.69038	0.010763
-2.7683	0.71548	0.018355
-2.7683	0.74059	0.017986
-2.7683	0.76569	0.011089
-2.7683	0.79079	0.0036176
-2.7683	0.841	0.0012554
-2.7683	0.86611	0.0043269
-2.7683	0.89121	0.0060055
-2.7683	0.91632	0.0050855
-2.7683	0.94142	0.0026233
-2.7683	0.96653	0.00054879
-2.7683	1.0167	0.00079864
-2.7683	1.0418	0.0016096
-2.7683	1.0669	0.00171
-2.7683	1.0921	0.0011073
-2.7683	1.1172	0.0003954
-2.7683	1.2176	0.00025532
-2.7683	1.3933	0.00031896
-2.7683	1.4184	0.00044408
-2.7683	1.4435	0.00032898
-2.7683	1.5188	0.0012763
-2.7683	1.5439	0.0034123
-2.7683	1.569	0.0051956
-2.7683	1.5941	0.004934
-2.7683	1.6192	0.0023204
-2.7683	1.6695	0.0047184
-2.7683	1.6946	0.023152
-2.7683	1.7197	0.059366
-2.7683	1.7448	0.1078
-2.7683	1.7699	0.1571
-2.7683	1.795	0.19148
-2.7683	1.8201	0.19787
-2.7683	1.8452	0.17447
-2.7683	1.8703	0.12906
-2.7683	1.8954	0.077509
-2.7683	1.9205	0.033991
-2.7683	1.9456	0.0085624
-2.7683	1.9958	0.0022791
-2.7683	2.0209	0.0067841
-2.7683	2.046	0.0085095
-2.7683	2.0711	0.0065901
-2.7683	2.0962	0.0030741
-2.7683	2.1213	0.00056623
-2.7683	2.1715	0.00089181
-2.7683	2.1967	0.0017661
-2.7683	2.2218	0.001845
-2.7683	2.2469	0.0011921
-2.7683	2.272	0.00041703
-2.7683	2.3473	0.00027258
-2.7683	2.3724	0.00036302
-2.7683	2.3975	0.00027741
-2.7432	-0.94142	0.00083766
-2.7432	-0.91632	0.0022438
-2.7432	-0.89121	0.0046453
-2.7432	-0.86611	0.0079147
-2.7432	-0.841	0.011256
-2.7432	-0.8159	0.01373
-2.7432	-0.79079	0.014237
-2.7432	-0.76569	0.012186
-2.7432	-0.74059	0.0082512
-2.7432	-0.71548	0.0038722
-2.7432	-0.69038	0.00078489
-2.7432	-0.64017	0.0014337
-2.7432	-0.61506	0.0034738
-2.7432	-0.58996	0.0044795
-2.7432	-0.56485	0.0036467
-2.7432	-0.53975	0.0016647
-2.7432	-0.48954	0.0003776
-2.7432	-0.46444	0.002246
-2.7432	-0.43933	0.0042862
-2.7432	-0.41423	0.0048033
-2.7432	-0.38912	0.0033328
-2.7432	-0.36402	0.0010976
-2.7432	-0.31381	0.0010325
-2.7432	-0.2887	0.0033353
-2.7432	-0.2636	0.0049049
-2.7432	-0.23849	0.0044208
-2.7432	-0.21339	0.0022681
-2.7432	-0.18828	0.00033695
-2.7432	-0.16318	0.00028327
-2.7432	-0.13808	0.0020706
-2.7432	-0.11297	0.0039934
-2.7432	-0.087866	0.0044201
-2.7432	-0.062762	0.0030196
-2.7432	-0.037657	0.0010184
-2.7432	0.012552	0.00058791
-2.7432	0.037657	0.0017485
-2.7432	0.062762	0.0023518
-2.7432	0.087866	0.0019212
-2.7432	0.11297	0.00092709
-2.7432	0.18828	0.00026827
-2.7432	0.21339	0.00043388
-2.7432	0.23849	0.0005576
-2.7432	0.2636	0.00053556
-2.7432	0.2887	0.00029321
-2.7432	0.33891	0.0018009
-2.7432	0.36402	0.010345
-2.7432	0.38912	0.032213
-2.7432	0.41423	0.071222
-2.7432	0.43933	0.1241
-2.7432	0.46444	0.17808
-2.7432	0.48954	0.21526
-2.7432	0.51464	0.22009
-2.7432	0.53975	0.18888
-2.7432	0.56485	0.13217
-2.7432	0.58996	0.069833
-2.7432	0.61506	0.023116
-2.7432	0.64017	0.0018089
-2.7432	0.66527	0.0028062
-2.7432	0.69038	0.0137
-2.7432	0.71548	0.021524
-2.7432	0.74059	0.020057
-2.7432	0.76569	0.011761
-2.7432	0.79079	0.0032797
-2.7432	0.841	0.0025109
-2.7432	0.86611	0.0068657
-2.7432	0.89121	0.0089563
-2.7432	0.91632	0.0072134
-2.7432	0.94142	0.0034115
-2.7432	0.96653	0.00057423
-2.7432	0.99163	0.00027329
-2.7432	1.0167	0.0019327
-2.7432	1.0418	0.0035705
-2.7432	1.0669	0.0036949
-2.7432	1.0921	0.0023636
-2.7432	1.1172	0.00075727
-2.7432	1.1674	0.00042133
-2.7432	1.1925	0.0011664
-2.7432	1.2176	0.0014899
-2.7432	1.2427	0.0011488
-2.7432	1.2678	0.0005104
-2.7432	1.5439	0.00053457
-2.7432	1.569	0.00098114
-2.7432	1.5941	0.0010326
-2.7432	1.6192	0.00045394
-2.7432	1.6695	0.0021288
-2.7432	1.6946	0.0099614
-2.7432	1.7197	0.025671
-2.7432	1.7448	0.047656
-2.7432	1.7699	0.071086
-2.7432	1.795	0.088286
-2.7432	1.8201	0.092625
-2.7432	1.8452	0.082336
-2.7432	1.8703	0.060981
-2.7432	1.8954	0.035897
-2.7432	1.9205	0.015347
-2.7432	1.9456	0.0032086
-2.7432	1.9958	0.0017826
-2.7432	2.0209	0.0043368
-2.7432	2.046	0.0050407
-2.7432	2.0711	0.0036535
-2.7432	2.0962	0.0015466
-2.7432	2.1715	0.0006978
-2.7432	2.1967	0.0012136
-2.7432	2.2218	0.0011709
-2.7432	2.2469	0.00069976
-2.7432	2.3724	0.00025283
-2.7182	-2.272	0.0002501
-2.7182	-2.2469	0.00041452
-2.7182	-2.2218	0.00050685
-2.7182	-2.1967	0.00050601
-2.7182	-2.1715	0.00041931
-2.7182	-2.1464	0.00029136
-2.7182	-0.91632	0.00044893
-2.7182	-0.89121	0.0010215
-2.7182	-0.86611	0.0018914
-2.7182	-0.841	0.0029101
-2.7182	-0.8159	0.0037191
-2.7182	-0.79079	0.0039837
-2.7182	-0.76569	0.0034913
-2.7182	-0.74059	0.0023633
-2.7182	-0.71548	0.0010447
-2.7182	-0.64017	0.00065915
-2.7182	-0.61506	0.0014113
-2.7182	-0.58996	0.0017175
-2.7182	-0.56485	0.0013122
-2.7182	-0.53975	0.00052711
-2.7182	-0.48954	0.00028619
-2.7182	-0.46444	0.0012128
-2.7182	-0.43933	0.0021195
-2.7182	-0.41423	0.0022594
-2.7182	-0.38912	0.0014555
-2.7182	-0.36402	0.00038617
-2.7182	-0.31381	0.00088576
-2.7182	-0.2887	0.0024266
-2.7182	-0.2636	0.0034224
-2.7182	-0.23849	0.0029849
-2.7182	-0.21339	0.0014168
-2.7182	-0.16318	0.00051103
-2.7182	-0.13808	0.0026708
-2.7182	-0.11297	0.0049922
-2.7182	-0.087866	0.0055202
-2.7182	-0.062762	0.0037291
-2.7182	-0.037657	0.0010803
-2.7182	0.012552	0.00198
-2.7182	0.037657	0.0055299
-2.7182	0.062762	0.0077861
-2.7182	0.087866	0.006881
-2.7182	0.11297	0.0034381
-2.7182	0.13808	0.00048911
-2.7182	0.16318	0.00050659
-2.7182	0.18828	0.0033212
-2.7182	0.21339	0.0060448
-2.7182	0.23849	0.0062604
-2.7182	0.2636	0.0038557
-2.7182	0.2887	0.0010387
-2.7182	0.33891	0.001536
-2.7182	0.36402	0.0047873
-2.7182	0.38912	0.01076
-2.7182	0.41423	0.021489
-2.7182	0.43933	0.041833
-2.7182	0.46444	0.070093
-2.7182	0.48954	0.097841
-2.7182	0.51464	0.11346
-2.7182	0.53975	0.10778
-2.7182	0.56485	0.080876
-2.7182	0.58996	0.044273
-2.7182	0.61506	0.014275
-2.7182	0.64017	0.00068557
-2.7182	0.66527	0.0040168
-2.7182	0.69038	0.014876
-2.7182	0.71548	0.022101
-2.7182	0.74059	0.020068
-2.7182	0.76569	0.011149
-2.7182	0.79079	0.0026359
-2.7182	0.8159	0.00025166
-2.7182	0.841	0.0041861
-2.7182	0.86611	0.009765
-2.7182	0.89121	0.011933
-2.7182	0.91632	0.0091119
-2.7182	0.94142	0.003911
-2.7182	0.96653	0.00045737
-2.7182	0.99163	0.00077883
-2.7182	1.0167	0.0037963
-2.7182	1.0418	0.0063323
-2.7182	1.0669	0.0062382
-2.7182	1.0921	0.0037351
-2.7182	1.1172	0.0010113
-2.7182	1.1674	0.0012271
-2.7182	1.1925	0.0030126
-2.7182	1.2176	0.0037562
-2.7182	1.2427	0.0029045
-2.7182	1.2678	0.0012701
-2.7182	1.3431	0.00099071
-2.7182	1.3682	0.0016306
-2.7182	1.3933	0.0015276
-2.7182	1.4184	0.00086782
-2.7182	1.5188	0.00026094
-2.7182	1.6695	0.00031528
-2.7182	1.6946	0.0019094
-2.7182	1.7197	0.0060358
-2.7182	1.7448	0.012763
-2.7182	1.7699	0.021592
-2.7182	1.795	0.029343
-2.7182	1.8201	0.03297
-2.7182	1.8452	0.030932
-2.7182	1.8703	0.023617
-2.7182	1.8954	0.014235
-2.7182	1.9205	0.0058458
-2.7182	1.9456	0.0010437
-2.7182	1.9958	0.0012264
-2.7182	2.0209	0.0025752
-2.7182	2.046	0.0027956
-2.7182	2.0711	0.0019108
-2.7182	2.0962	0.0007282
-2.7182	2.1715	0.0005308
-2.7182	2.1967	0.00081671
-2.7182	2.2218	0.00073484
-2.7182	2.2469	0.00040436
-2.6931	-2.2971	0.00028061
-2.6931	-2.272	0.0008483
-2.6931	-2.2469	0.0016201
-2.6931	-2.2218	0.0023138
-2.6931	-2.1967	0.0026492
-2.6931	-2.1715	0.0024792
-2.6931	-2.1464	0.0019189
-2.6931	-2.1213	0.001236
-2.6931	-2.0962	0.00063695
-2.6931	-2.0711	0.00025688
-2.6931	-0.841	0.00027645
-2.6931	-0.8159	0.0004578
-2.6931	-0.79079	0.00060355
-2.6931	-0.76569	0.00060965
-2.6931	-0.74059	0.00045844
-2.6931	-0.61506	0.00048757
-2.6931	-0.58996	0.00057454
-2.6931	-0.56485	0.0004163
-2.6931	-0.46444	0.00058641
-2.6931	-0.43933	0.00093787
-2.6931	-0.41423	0.00093305
-2.6931	-0.38912	0.00054016
-2.6931	-0.31381	0.00056597
-2.6931	-0.2887	0.0013276
-2.6931	-0.2636	0.0017334
-2.6931	-0.23849	0.001398
-2.6931	-0.21339	0.00056881
-2.6931	-0.16318	0.00046368
-2.6931	-0.13808	0.0018266
-2.6931	-0.11297	0.0031623
-2.6931	-0.087866	0.0033235
-2.6931	-0.062762	0.0020635
-2.6931	-0.037657	0.00042731
-2.6931	0.012552	0.0021816
-2.6931	0.037657	0.0054153
-2.6931	0.062762	0.0074835
-2.6931	0.087866	0.0064841
-2.6931	0.11297	0.0030148
-2.6931	0.16318	0.0014594
-2.6931	0.18828	0.0072577
-2.6931	0.21339	0.013823
-2.6931	0.23849	0.015954
-2.6931	0.2636	0.011117
-2.6931	0.2887	0.0032054
-2.6931	0.31381	0.00027804
-2.6931	0.33891	0.0092939
-2.6931	0.36402	0.030371
-2.6931	0.38912	0.054597
-2.6931	0.41423	0.07057
-2.6931	0.43933	0.0716
-2.6931	0.46444	0.060031
-2.6931	0.48954	0.044881
-2.6931	0.51464	0.032571
-2.6931	0.53975	0.026454
-2.6931	0.56485	0.020866
-2.6931	0.58996	0.013102
-2.6931	0.61506	0.0047818
-2.6931	0.64017	0.00038037
-2.6931	0.66527	0.0026848
-2.6931	0.69038	0.0096717
-2.6931	0.71548	0.015082
-2.6931	0.74059	0.014376
-2.6931	0.76569	0.0080065
-2.6931	0.79079	0.0016865
-2.6931	0.8159	0.00069118
-2.6931	0.841	0.0055724
-2.6931	0.86611	0.011761
-2.6931	0.89121	0.013838
-2.6931	0.91632	0.010096
-2.6931	0.94142	0.0039131
-2.6931	0.96653	0.00028993
-2.6931	0.99163	0.0018087
-2.6931	1.0167	0.0065403
-2.6931	1.0418	0.010061
-2.6931	1.0669	0.009356
-2.6931	1.0921	0.0052489
-2.6931	1.1172	0.0011053
-2.6931	1.1423	0.00028239
-2.6931	1.1674	0.0028857
-2.6931	1.1925	0.0062729
-2.6931	1.2176	0.0074069
-2.6931	1.2427	0.0054628
-2.6931	1.2678	0.0021445
-2.6931	1.318	0.00077195
-2.6931	1.3431	0.0031067
-2.6931	1.3682	0.0049065
-2.6931	1.3933	0.0046676
-2.6931	1.4184	0.0026819
-2.6931	1.4435	0.00064811
-2.6931	1.4937	0.00095468
-2.6931	1.5188	0.0023314
-2.6931	1.5439	0.0028289
-2.6931	1.569	0.0021022
-2.6931	1.5941	0.00084241
-2.6931	1.6695	0.00063486
-2.6931	1.6946	0.00073204
-2.6931	1.7197	0.00047439
-2.6931	1.7699	0.00074987
-2.6931	1.795	0.0022161
-2.6931	1.8201	0.0043087
-2.6931	1.8452	0.0053761
-2.6931	1.8703	0.0050767
-2.6931	1.8954	0.0034473
-2.6931	1.9205	0.0014581
-2.6931	1.9958	0.00066848
-2.6931	2.0209	0.0012597
-2.6931	2.046	0.0013272
-2.6931	2.0711	0.00086019
-2.6931	2.0962	0.0002939
-2.6931	2.1715	0.000368
-2.6931	2.1967	0.00051561
-2.6931	2.2218	0.00043722
-2.6681	-2.2971	0.00026593
-2.6681	-2.272	0.0008028
-2.6681	-2.2469	0.001634
-2.6681	-2.2218	0.0026092
-2.6681	-2.1967	0.0034395
-2.6681	-2.1715	0.003798
-2.6681	-2.1464	0.0035377
-2.6681	-2.1213	0.0027354
-2.6681	-2.0962	0.0017127
-2.6681	-2.0711	0.00081406
-2.6681	-0.94142	0.00045723
-2.6681	-0.91632	0.00069351
-2.6681	-0.89121	0.0008251
-2.6681	-0.86611	0.000778
-2.6681	-0.841	0.0006046
-2.6681	-0.8159	0.0003649
-2.6681	-0.43933	0.00036704
-2.6681	-0.41423	0.00034438
-2.6681	-0.31381	0.00033377
-2.6681	-0.2887	0.00069255
-2.6681	-0.2636	0.00083766
-2.6681	-0.23849	0.00062125
-2.6681	-0.16318	0.00035682
-2.6681	-0.13808	0.0011396
-2.6681	-0.11297	0.001792
-2.6681	-0.087866	0.0017535
-2.6681	-0.062762	0.00094948
-2.6681	0.012552	0.0017461
-2.6681	0.037657	0.0038125
-2.6681	0.062762	0.0048974
-2.6681	0.087866	0.0039552
-2.6681	0.11297	0.0015653
-2.6681	0.16318	0.0018058
-2.6681	0.18828	0.0071024
-2.6681	0.21339	0.012862
-2.6681	0.23849	0.014457
-2.6681	0.2636	0.0097483
-2.6681	0.2887	0.0022079
-2.6681	0.31381	0.0010079
-2.6681	0.33891	0.016984
-2.6681	0.36402	0.054365
-2.6681	0.38912	0.10666
-2.6681	0.41423	0.15809
-2.6681	0.43933	0.18957
-2.6681	0.46444	0.19038
-2.6681	0.48954	0.15983
-2.6681	0.51464	0.11261
-2.6681	0.53975	0.065317
-2.6681	0.56485	0.030019
-2.6681	0.58996	0.010129
-2.6681	0.61506	0.0021349
-2.6681	0.69038	0.0013083
-2.6681	0.71548	0.0025396
-2.6681	0.74059	0.0030761
-2.6681	0.76569	0.0021503
-2.6681	0.79079	0.00063327
-2.6681	0.8159	0.00058385
-2.6681	0.841	0.0032245
-2.6681	0.86611	0.0069305
-2.6681	0.89121	0.0086959
-2.6681	0.91632	0.006606
-2.6681	0.94142	0.0024484
-2.6681	0.96653	0.00031355
-2.6681	0.99163	0.0027943
-2.6681	1.0167	0.0083865
-2.6681	1.0418	0.012264
-2.6681	1.0669	0.01119
-2.6681	1.0921	0.0057836
-2.6681	1.1172	0.00095515
-2.6681	1.1423	0.0008826
-2.6681	1.1674	0.0057784
-2.6681	1.1925	0.011276
-2.6681	1.2176	0.012685
-2.6681	1.2427	0.0087805
-2.6681	1.2678	0.0029116
-2.6681	1.318	0.0023914
-2.6681	1.3431	0.0077157
-2.6681	1.3682	0.011427
-2.6681	1.3933	0.010453
-2.6681	1.4184	0.0056243
-2.6681	1.4435	0.0010605
-2.6681	1.4686	0.00029258
-2.6681	1.4937	0.0037321
-2.6681	1.5188	0.0083621
-2.6681	1.5439	0.010284
-2.6681	1.569	0.007949
-2.6681	1.5941	0.0033009
-2.6681	1.6444	0.0013814
-2.6681	1.6695	0.0069377
-2.6681	1.6946	0.013465
-2.6681	1.7197	0.017857
-2.6681	1.7448	0.017896
-2.6681	1.7699	0.013905
-2.6681	1.795	0.0086313
-2.6681	1.8201	0.0039695
-2.6681	1.8452	0.0011715
-2.6681	1.8703	0.00026125
-2.6681	2.0209	0.00035738
-2.6681	2.046	0.00039844
-2.6681	2.0711	0.00026683
-2.6681	2.1967	0.00028358
-2.643	-2.272	0.0005489
-2.643	-2.2469	0.0010913
-2.643	-2.2218	0.001706
-2.643	-2.1967	0.0022425
-2.643	-2.1715	0.002505
-2.643	-2.1464	0.0023922
-2.643	-2.1213	0.0019392
-2.643	-2.0962	0.0012761
-2.643	-2.0711	0.00064505
-2.643	-0.96653	0.00063352
-2.643	-0.94142	0.0013742
-2.643	-0.91632	0.0022338
-2.643	-0.89121	0.0029157
-2.643	-0.86611	0.0031717
-2.643	-0.841	0.0029087
-2.643	-0.8159	0.0022339
-2.643	-0.79079	0.0014134
-2.643	-0.76569	0.0007104
-2.643	-0.2887	0.00031526
-2.643	-0.2636	0.00036054
-2.643	-0.13808	0.00066925
-2.643	-0.11297	0.00097581
-2.643	-0.087866	0.00088106
-2.643	-0.062762	0.0004178
-2.643	-0.012552	0.00026029
-2.643	0.012552	0.0012732
-2.643	0.037657	0.0025142
-2.643	0.062762	0.0030205
-2.643	0.087866	0.0022163
-2.643	0.11297	0.00067252
-2.643	0.16318	0.0018048
-2.643	0.18828	0.0058209
-2.643	0.21339	0.009856
-2.643	0.23849	0.010433
-2.643	0.2636	0.0064175
-2.643	0.2887	0.00091951
-2.643	0.31381	0.0019961
-2.643	0.33891	0.01898
-2.643	0.36402	0.056945
-2.643	0.38912	0.11151
-2.643	0.41423	0.16858
-2.643	0.43933	0.21023
-2.643	0.46444	0.22187
-2.643	0.48954	0.19924
-2.643	0.51464	0.15171
-2.643	0.53975	0.095474
-2.643	0.56485	0.047049
-2.643	0.58996	0.015789
-2.643	0.61506	0.0022897
-2.643	0.66527	0.0021232
-2.643	0.69038	0.0034744
-2.643	0.71548	0.0031121
-2.643	0.74059	0.0018836
-2.643	0.76569	0.00083027
-2.643	0.79079	0.00025044
-2.643	0.86611	0.0005472
-2.643	0.89121	0.001025
-2.643	0.91632	0.0010118
-2.643	0.94142	0.00046388
-2.643	0.99163	0.0012945
-2.643	1.0167	0.0035552
-2.643	1.0418	0.0054722
-2.643	1.0669	0.0052196
-2.643	1.0921	0.002714
-2.643	1.1172	0.00031819
-2.643	1.1423	0.001251
-2.643	1.1674	0.0061728
-2.643	1.1925	0.011649
-2.643	1.2176	0.013086
-2.643	1.2427	0.0089711
-2.643	1.2678	0.0025769
-2.643	1.318	0.0050978
-2.643	1.3431	0.01425
-2.643	1.3682	0.020326
-2.643	1.3933	0.018103
-2.643	1.4184	0.0091064
-2.643	1.4435	0.0011472
-2.643	1.4686	0.0014817
-2.643	1.4937	0.010789
-2.643	1.5188	0.022199
-2.643	1.5439	0.026498
-2.643	1.569	0.01985
-2.643	1.5941	0.0073355
-2.643	1.6444	0.0070688
-2.643	1.6695	0.029558
-2.643	1.6946	0.059866
-2.643	1.7197	0.085824
-2.643	1.7448	0.096367
-2.643	1.7699	0.089572
-2.643	1.795	0.069625
-2.643	1.8201	0.04609
-2.643	1.8452	0.024738
-2.643	1.8703	0.010614
-2.643	1.8954	0.003306
-2.643	1.9205	0.00057276
-2.618	-2.272	0.00037528
-2.618	-2.2469	0.00070844
-2.618	-2.2218	0.0010792
-2.618	-2.1967	0.0013788
-2.618	-2.1715	0.0015113
-2.618	-2.1464	0.0014125
-2.618	-2.1213	0.0011149
-2.618	-2.0962	0.00071513
-2.618	-2.0711	0.00034735
-2.618	-0.99163	0.00035837
-2.618	-0.96653	0.0012593
-2.618	-0.94142	0.0027238
-2.618	-0.91632	0.0044807
-2.618	-0.89121	0.0060118
-2.618	-0.86611	0.0067961
-2.618	-0.841	0.0065321
-2.618	-0.8159	0.0053328
-2.618	-0.79079	0.003602
-2.618	-0.76569	0.0019339
-2.618	-0.74059	0.00071991
-2.618	-0.13808	0.00033599
-2.618	-0.11297	0.00046196
-2.618	-0.087866	0.00038795
-2.618	0.012552	0.00085436
-2.618	0.037657	0.001546
-2.618	0.062762	0.0017412
-2.618	0.087866	0.0011558
-2.618	0.11297	0.0002594
-2.618	0.16318	0.0016071
-2.618	0.18828	0.0044878
-2.618	0.21339	0.0070113
-2.618	0.23849	0.006997
-2.618	0.2636	0.003776
-2.618	0.2887	0.00025081
-2.618	0.31381	0.0027367
-2.618	0.33891	0.018622
-2.618	0.36402	0.051745
-2.618	0.38912	0.098808
-2.618	0.41423	0.1486
-2.618	0.43933	0.18574
-2.618	0.46444	0.19795
-2.618	0.48954	0.18036
-2.618	0.51464	0.13934
-2.618	0.53975	0.088827
-2.618	0.56485	0.043773
-2.618	0.58996	0.014014
-2.618	0.61506	0.0014482
-2.618	0.64017	0.00062781
-2.618	0.66527	0.0041953
-2.618	0.69038	0.006502
-2.618	0.71548	0.0058456
-2.618	0.74059	0.0033639
-2.618	0.76569	0.0011061
-2.618	0.841	0.00050403
-2.618	0.86611	0.00061762
-2.618	0.89121	0.00048946
-2.618	0.91632	0.00029364
-2.618	1.0418	0.00047505
-2.618	1.0669	0.00053317
-2.618	1.0921	0.0002902
-2.618	1.1423	0.00048169
-2.618	1.1674	0.001869
-2.618	1.1925	0.003549
-2.618	1.2176	0.0041596
-2.618	1.2427	0.0027825
-2.618	1.2678	0.00062235
-2.618	1.2929	0.00030528
-2.618	1.318	0.0038392
-2.618	1.3431	0.010104
-2.618	1.3682	0.014794
-2.618	1.3933	0.013381
-2.618	1.4184	0.0064615
-2.618	1.4435	0.00038745
-2.618	1.4686	0.0030653
-2.618	1.4937	0.016398
-2.618	1.5188	0.033146
-2.618	1.5439	0.040086
-2.618	1.569	0.03005
-2.618	1.5941	0.010066
-2.618	1.6192	0.00042025
-2.618	1.6444	0.021526
-2.618	1.6695	0.083399
-2.618	1.6946	0.16536
-2.618	1.7197	0.24514
-2.618	1.7448	0.29095
-2.618	1.7699	0.28547
-2.618	1.795	0.23764
-2.618	1.8201	0.16721
-2.618	1.8452	0.098264
-2.618	1.8703	0.04631
-2.618	1.8954	0.016264
-2.618	1.9205	0.0032634
-2.618	1.9707	0.00041621
-2.618	1.9958	0.00090124
-2.618	2.0209	0.00080255
-2.618	2.046	0.00042096
-2.5929	-2.272	0.00024989
-2.5929	-2.2469	0.00045544
-2.5929	-2.2218	0.00067472
-2.5929	-2.1967	0.00084601
-2.5929	-2.1715	0.00090312
-2.5929	-2.1464	0.00082525
-2.5929	-2.1213	0.00063316
-2.5929	-2.0962	0.00039208
-2.5929	-0.99163	0.00061574
-2.5929	-0.96653	0.0020024
-2.5929	-0.94142	0.004225
-2.5929	-0.91632	0.0069694
-2.5929	-0.89121	0.0094592
-2.5929	-0.86611	0.010855
-2.5929	-0.841	0.010631
-2.5929	-0.8159	0.0088383
-2.5929	-0.79079	0.0060668
-2.5929	-0.76569	0.0032752
-2.5929	-0.74059	0.0012001
-2.5929	-0.66527	0.00027031
-2.5929	-0.64017	0.00049838
-2.5929	-0.61506	0.00050256
-2.5929	-0.58996	0.00032685
-2.5929	0.012552	0.00048994
-2.5929	0.037657	0.00081899
-2.5929	0.062762	0.00086254
-2.5929	0.087866	0.00051099
-2.5929	0.16318	0.0012692
-2.5929	0.18828	0.0031537
-2.5929	0.21339	0.0045961
-2.5929	0.23849	0.004275
-2.5929	0.2636	0.0019549
-2.5929	0.31381	0.0030942
-2.5929	0.33891	0.016579
-2.5929	0.36402	0.043189
-2.5929	0.38912	0.080352
-2.5929	0.41423	0.11924
-2.5929	0.43933	0.14859
-2.5929	0.46444	0.15765
-2.5929	0.48954	0.14358
-2.5929	0.51464	0.11056
-2.5929	0.53975	0.069919
-2.5929	0.56485	0.033545
-2.5929	0.58996	0.0099421
-2.5929	0.61506	0.00057339
-2.5929	0.64017	0.0011992
-2.5929	0.66527	0.005203
-2.5929	0.69038	0.0074867
-2.5929	0.71548	0.0065243
-2.5929	0.74059	0.0035827
-2.5929	0.76569	0.00097335
-2.5929	0.8159	0.00052307
-2.5929	0.841	0.0013786
-2.5929	0.86611	0.001685
-2.5929	0.89121	0.0012826
-2.5929	0.91632	0.00060702
-2.5929	1.1925	0.00035485
-2.5929	1.2176	0.00045238
-2.5929	1.2427	0.00029689
-2.5929	1.318	0.0011301
-2.5929	1.3431	0.0027694
-2.5929	1.3682	0.0039204
-2.5929	1.3933	0.0034896
-2.5929	1.4184	0.0015278
-2.5929	1.4686	0.0019256
-2.5929	1.4937	0.0084899
-2.5929	1.5188	0.01661
-2.5929	1.5439	0.020347
-2.5929	1.569	0.015127
-2.5929	1.5941	0.004293
-2.5929	1.6192	0.00084941
-2.5929	1.6444	0.023534
-2.5929	1.6695	0.085331
-2.5929	1.6946	0.18236
-2.5929	1.7197	0.28926
-2.5929	1.7448	0.37068
-2.5929	1.7699	0.39833
-2.5929	1.795	0.36322
-2.5929	1.8201	0.27874
-2.5929	1.8452	0.1781
-2.5929	1.8703	0.089662
-2.5929	1.8954	0.032533
-2.5929	1.9205	0.0060947
-2.5929	1.9707	0.0021455
-2.5929	1.9958	0.0042901
-2.5929	2.0209	0.0040548
-2.5929	2.046	0.0023848
-2.5929	2.0711	0.00080866
-2.5678	-2.2469	0.00027865
-2.5678	-2.2218	0.00040556
-2.5678	-2.1967	0.00049832
-2.5678	-2.1715	0.00052267
-2.5678	-2.1464	0.0004672
-2.5678	-2.1213	0.00035196
-2.5678	-0.99163	0.00079397
-2.5678	-0.96653	0.0024478
-2.5678	-0.94142	0.0051984
-2.5678	-0.91632	0.0086775
-2.5678	-0.89121	0.011929
-2.5678	-0.86611	0.013981
-2.5678	-0.841	0.013883
-2.5678	-0.8159	0.011694
-2.5678	-0.79079	0.0080967
-2.5678	-0.76569	0.0043046
-2.5678	-0.74059	0.0015096
-2.5678	-0.66527	0.0005721
-2.5678	-0.64017	0.00097351
-2.5678	-0.61506	0.00095251
-2.5678	-0.58996	0.00059659
-2.5678	-0.46444	0.00027171
-2.5678	0.037657	0.00031183
-2.5678	0.062762	0.00031696
-2.5678	0.16318	0.00084135
-2.5678	0.18828	0.0018947
-2.5678	0.21339	0.0026199
-2.5678	0.23849	0.0022692
-2.5678	0.2636	0.00086186
-2.5678	0.31381	0.0029351
-2.5678	0.33891	0.01322
-2.5678	0.36402	0.032732
-2.5678	0.38912	0.059518
-2.5678	0.41423	0.087327
-2.5678	0.43933	0.10806
-2.5678	0.46444	0.11444
-2.5678	0.48954	0.10374
-2.5678	0.51464	0.079409
-2.5678	0.53975	0.049366
-2.5678	0.56485	0.022814
-2.5678	0.58996	0.0060734
-2.5678	0.64017	0.0016078
-2.5678	0.66527	0.0052721
-2.5678	0.69038	0.0070408
-2.5678	0.71548	0.0058311
-2.5678	0.74059	0.0029801
-2.5678	0.76569	0.00066402
-2.5678	0.8159	0.00084884
-2.5678	0.841	0.0019255
-2.5678	0.86611	0.0022446
-2.5678	0.89121	0.0016432
-2.5678	0.91632	0.00070014
-2.5678	0.99163	0.00036241
-2.5678	1.0167	0.00059719
-2.5678	1.0418	0.00055595
-2.5678	1.0669	0.0003189
-2.5678	1.3431	0.00035659
-2.5678	1.3682	0.00054632
-2.5678	1.3933	0.0004754
-2.5678	1.4686	0.00068667
-2.5678	1.4937	0.0025226
-2.5678	1.5188	0.0046753
-2.5678	1.5439	0.0055888
-2.5678	1.569	0.0039479
-2.5678	1.5941	0.0007753
-2.5678	1.6192	0.0008727
-2.5678	1.6444	0.011327
-2.5678	1.6695	0.037924
-2.5678	1.6946	0.080573
-2.5678	1.7197	0.13163
-2.5678	1.7448	0.17482
-2.5678	1.7699	0.19692
-2.5678	1.795	0.18886
-2.5678	1.8201	0.15386
-2.5678	1.8452	0.10344
-2.5678	1.8703	0.054941
-2.5678	1.8954	0.02051
-2.5678	1.9205	0.0033557
-2.5678	1.9707	0.0030811
-2.5678	1.9958	0.0057789
-2.5678	2.0209	0.0057251
-2.5678	2.046	0.0035177
-2.5678	2.0711	0.0012333
-2.5678	2.1464	0.000483
-2.5678	2.1715	0.00064231
-2.5678	2.1967	0.00048736
-2.5428	-2.1967	0.00027548
-2.5428	-2.1715	0.00028428
-2.5428	-2.1464	0.00024954
-2.5428	-1.1172	0.00029041
-2.5428	-0.99163	0.00074368
-2.5428	-0.96653	0.002109
-2.5428	-0.94142	0.0045146
-2.5428	-0.91632	0.0077992
-2.5428	-0.89121	0.011301
-2.5428	-0.86611	0.013777
-2.5428	-0.841	0.01422
-2.5428	-0.8159	0.012317
-2.5428	-0.79079	0.0086831
-2.5428	-0.76569	0.0046203
-2.5428	-0.74059	0.0015137
-2.5428	-0.66527	0.00095094
-2.5428	-0.64017	0.0014913
-2.5428	-0.61506	0.0014099
-2.5428	-0.58996	0.0008369
-2.5428	-0.48954	0.00042798
-2.5428	-0.46444	0.00057375
-2.5428	-0.43933	0.00047443
-2.5428	0.16318	0.00040127
-2.5428	0.18828	0.00085637
-2.5428	0.21339	0.0011424
-2.5428	0.23849	0.00093697
-2.5428	0.2636	0.00027222
-2.5428	0.31381	0.0022995
-2.5428	0.33891	0.0089692
-2.5428	0.36402	0.02148
-2.5428	0.38912	0.038595
-2.5428	0.41423	0.056636
-2.5428	0.43933	0.070066
-2.5428	0.46444	0.074226
-2.5428	0.48954	0.067244
-2.5428	0.51464	0.051041
-2.5428	0.53975	0.031203
-2.5428	0.56485	0.013775
-2.5428	0.58996	0.003179
-2.5428	0.64017	0.0017445
-2.5428	0.66527	0.0046108
-2.5428	0.69038	0.0057579
-2.5428	0.71548	0.0045017
-2.5428	0.74059	0.0021109
-2.5428	0.76569	0.00034409
-2.5428	0.8159	0.0010436
-2.5428	0.841	0.0020649
-2.5428	0.86611	0.0022689
-2.5428	0.89121	0.0015662
-2.5428	0.91632	0.0005839
-2.5428	0.99163	0.00063564
-2.5428	1.0167	0.0009686
-2.5428	1.0418	0.0008724
-2.5428	1.0669	0.00047651
-2.5428	1.1674	0.0003088
-2.5428	1.1925	0.00034417
-2.5428	1.4937	0.00042964
-2.5428	1.5188	0.00083746
-2.5428	1.5439	0.0010236
-2.5428	1.569	0.00068883
-2.5428	1.6192	0.00050474
-2.5428	1.6444	0.0039777
-2.5428	1.6695	0.012909
-2.5428	1.6946	0.026559
-2.5428	1.7197	0.043864
-2.5428	1.7448	0.058998
-2.5428	1.7699	0.067411
-2.5428	1.795	0.065498
-2.5428	1.8201	0.053906
-2.5428	1.8452	0.03657
-2.5428	1.8703	0.019423
-2.5428	1.8954	0.006857
-2.5428	1.9205	0.00083883
-2.5428	1.9707	0.001836
-2.5428	1.9958	0.0031596
-2.5428	2.0209	0.003027
-2.5428	2.046	0.0018234
-2.5428	2.0711	0.0005974
-2.5428	2.1464	0.00048433
-2.5428	2.1715	0.00063882
-2.5428	2.1967	0.00050092
-2.5177	-1.1423	0.00049446
-2.5177	-1.1172	0.00067161
-2.5177	-1.0921	0.00055853
-2.5177	-1.0167	0.00049981
-2.5177	-0.99163	0.0019478
-2.5177	-0.96653	0.0040511
-2.5177	-0.94142	0.006233
-2.5177	-0.91632	0.0080852
-2.5177	-0.89121	0.0092077
-2.5177	-0.86611	0.009914
-2.5177	-0.841	0.010022
-2.5177	-0.8159	0.0088482
-2.5177	-0.79079	0.0065241
-2.5177	-0.76569	0.0035981
-2.5177	-0.74059	0.0011418
-2.5177	-0.69038	0.00031862
-2.5177	-0.66527	0.0012333
-2.5177	-0.64017	0.0018539
-2.5177	-0.61506	0.0017082
-2.5177	-0.58996	0.00097251
-2.5177	-0.51464	0.00029337
-2.5177	-0.48954	0.00074101
-2.5177	-0.46444	0.00093391
-2.5177	-0.43933	0.00073457
-2.5177	-0.41423	0.00032874
-2.5177	-0.33891	0.00025053
-2.5177	-0.31381	0.00044113
-2.5177	-0.2887	0.00044208
-2.5177	-0.2636	0.00026615
-2.5177	0.21339	0.0002538
-2.5177	0.31381	0.0012407
-2.5177	0.33891	0.0045886
-2.5177	0.36402	0.01091
-2.5177	0.38912	0.020087
-2.5177	0.41423	0.030018
-2.5177	0.43933	0.037837
-2.5177	0.46444	0.040671
-2.5177	0.48954	0.037153
-2.5177	0.51464	0.028428
-2.5177	0.53975	0.017083
-2.5177	0.56485	0.0071962
-2.5177	0.58996	0.0013862
-2.5177	0.64017	0.0015631
-2.5177	0.66527	0.0035202
-2.5177	0.69038	0.0041122
-2.5177	0.71548	0.0030443
-2.5177	0.74059	0.0012902
-2.5177	0.8159	0.0010617
-2.5177	0.841	0.001874
-2.5177	0.86611	0.0019351
-2.5177	0.89121	0.0012442
-2.5177	0.91632	0.00039206
-2.5177	0.96653	0.00024983
-2.5177	0.99163	0.00079026
-2.5177	1.0167	0.0011081
-2.5177	1.0418	0.0009469
-2.5177	1.0669	0.00047208
-2.5177	1.1423	0.00029226
-2.5177	1.1674	0.00057518
-2.5177	1.1925	0.00062851
-2.5177	1.2176	0.00042395
-2.5177	1.3431	0.0002612
-2.5177	1.6444	0.00089145
-2.5177	1.6695	0.002896
-2.5177	1.6946	0.0063429
-2.5177	1.7197	0.010969
-2.5177	1.7448	0.015508
-2.5177	1.7699	0.018502
-2.5177	1.795	0.018599
-2.5177	1.8201	0.015656
-2.5177	1.8452	0.010749
-2.5177	1.8703	0.0057147
-2.5177	1.8954	0.0019103
-2.5177	1.9707	0.00085332
-2.5177	1.9958	0.0013338
-2.5177	2.0209	0.0012203
-2.5177	2.046	0.00069665
-2.5177	2.1464	0.00028014
-2.5177	2.1715	0.00034602
-2.5177	2.1967	0.00026006
-2.4927	-1.1423	0.00052405
-2.4927	-1.1172	0.00068517
-2.4927	-1.0921	0.00054465
-2.4927	-1.0167	0.0010057
-2.4927	-0.99163	0.0037786
-2.4927	-0.96653	0.0084876
-2.4927	-0.94142	0.014169
-2.4927	-0.91632	0.018982
-2.4927	-0.89121	0.021116
-2.4927	-0.86611	0.019713
-2.4927	-0.841	0.01548
-2.4927	-0.8159	0.010258
-2.4927	-0.79079	0.0055918
-2.4927	-0.76569	0.0023224
-2.4927	-0.74059	0.00057299
-2.4927	-0.69038	0.0002857
-2.4927	-0.66527	0.0010006
-2.4927	-0.64017	0.001541
-2.4927	-0.61506	0.0014736
-2.4927	-0.58996	0.00085105
-2.4927	-0.51464	0.0004471
-2.4927	-0.48954	0.0010175
-2.4927	-0.46444	0.001228
-2.4927	-0.43933	0.00091674
-2.4927	-0.41423	0.00036692
-2.4927	-0.33891	0.00051589
-2.4927	-0.31381	0.00081285
-2.4927	-0.2887	0.00076783
-2.4927	-0.2636	0.00042872
-2.4927	-0.16318	0.00052774
-2.4927	-0.13808	0.00062496
-2.4927	-0.11297	0.00046362
-2.4927	0.012552	0.0003589
-2.4927	0.037657	0.00033873
-2.4927	0.31381	0.00029922
-2.4927	0.33891	0.0011455
-2.4927	0.36402	0.0030497
-2.4927	0.38912	0.0063303
-2.4927	0.41423	0.010393
-2.4927	0.43933	0.014146
-2.4927	0.46444	0.016217
-2.4927	0.48954	0.015529
-2.4927	0.51464	0.012169
-2.4927	0.53975	0.0075083
-2.4927	0.56485	0.0030493
-2.4927	0.58996	0.00047952
-2.4927	0.64017	0.0011246
-2.4927	0.66527	0.002267
-2.4927	0.69038	0.0025153
-2.4927	0.71548	0.0017592
-2.4927	0.74059	0.00066665
-2.4927	0.8159	0.00092005
-2.4927	0.841	0.0014775
-2.4927	0.86611	0.0014322
-2.4927	0.89121	0.00085176
-2.4927	0.96653	0.00031075
-2.4927	0.99163	0.00080504
-2.4927	1.0167	0.0010435
-2.4927	1.0418	0.00083411
-2.4927	1.0669	0.00037199
-2.4927	1.1423	0.00041341
-2.4927	1.1674	0.0007272
-2.4927	1.1925	0.00075394
-2.4927	1.2176	0.00047554
-2.4927	1.318	0.00042171
-2.4927	1.3431	0.00056474
-2.4927	1.3682	0.00047122
-2.4927	1.4937	0.00026802
-2.4927	1.5188	0.00026944
-2.4927	1.6695	0.00032838
-2.4927	1.6946	0.00070504
-2.4927	1.7197	0.0013375
-2.4927	1.7448	0.0022463
-2.4927	1.7699	0.0029894
-2.4927	1.795	0.0033816
-2.4927	1.8201	0.0031464
-2.4927	1.8452	0.0023193
-2.4927	1.8703	0.0012797
-2.4927	1.8954	0.00041223
-2.4927	1.9707	0.00032567
-2.4927	1.9958	0.00047558
-2.4927	2.0209	0.00042066
-2.4676	-1.1423	0.00047829
-2.4676	-1.1172	0.00058292
-2.4676	-1.0921	0.00041992
-2.4676	-1.0167	0.00128
-2.4676	-0.99163	0.0044631
-2.4676	-0.96653	0.0098726
-2.4676	-0.94142	0.01671
-2.4676	-0.91632	0.023168
-2.4676	-0.89121	0.027113
-2.4676	-0.86611	0.027008
-2.4676	-0.841	0.022834
-2.4676	-0.8159	0.01596
-2.4676	-0.79079	0.0087811
-2.4676	-0.76569	0.0033577
-2.4676	-0.74059	0.00057632
-2.4676	-0.69038	0.0005247
-2.4676	-0.66527	0.0010568
-2.4676	-0.64017	0.001172
-2.4676	-0.61506	0.00088955
-2.4676	-0.58996	0.00045289
-2.4676	-0.51464	0.00032341
-2.4676	-0.48954	0.00078432
-2.4676	-0.46444	0.0010131
-2.4676	-0.43933	0.00078768
-2.4676	-0.41423	0.00029442
-2.4676	-0.36402	0.0002746
-2.4676	-0.33891	0.00084609
-2.4676	-0.31381	0.0012269
-2.4676	-0.2887	0.0010904
-2.4676	-0.2636	0.0005449
-2.4676	-0.18828	0.00056616
-2.4676	-0.16318	0.0010862
-2.4676	-0.13808	0.0012037
-2.4676	-0.11297	0.00082447
-2.4676	-0.087866	0.00027351
-2.4676	-0.012552	0.00070664
-2.4676	0.012552	0.0010605
-2.4676	0.037657	0.00097409
-2.4676	0.062762	0.00054391
-2.4676	0.13808	0.00027465
-2.4676	0.16318	0.00061256
-2.4676	0.18828	0.00072927
-2.4676	0.21339	0.00054199
-2.4676	0.31381	0.00027738
-2.4676	0.33891	0.00039475
-2.4676	0.36402	0.0004115
-2.4676	0.38912	0.00053398
-2.4676	0.41423	0.00092165
-2.4676	0.43933	0.0017334
-2.4676	0.46444	0.0026496
-2.4676	0.48954	0.0031443
-2.4676	0.51464	0.0029037
-2.4676	0.53975	0.0019902
-2.4676	0.56485	0.00085222
-2.4676	0.64017	0.00058616
-2.4676	0.66527	0.0011091
-2.4676	0.69038	0.0012054
-2.4676	0.71548	0.00081607
-2.4676	0.74059	0.00026543
-2.4676	0.8159	0.00066623
-2.4676	0.841	0.0009877
-2.4676	0.86611	0.00090588
-2.4676	0.89121	0.00049289
-2.4676	0.96653	0.00031607
-2.4676	0.99163	0.00069795
-2.4676	1.0167	0.00084305
-2.4676	1.0418	0.0006272
-2.4676	1.1423	0.00046444
-2.4676	1.1674	0.00074243
-2.4676	1.1925	0.00072316
-2.4676	1.2176	0.00041649
-2.4676	1.2929	0.00025735
-2.4676	1.318	0.00060055
-2.4676	1.3431	0.00076243
-2.4676	1.3682	0.00060378
-2.4676	1.3933	0.0002641
-2.4676	1.4686	0.00037332
-2.4676	1.4937	0.0006649
-2.4676	1.5188	0.00070171
-2.4676	1.5439	0.00045616
-2.4676	1.6444	0.00070435
-2.4676	1.6695	0.0011611
-2.4676	1.6946	0.0013745
-2.4676	1.7197	0.0012806
-2.4676	1.7448	0.00098748
-2.4676	1.7699	0.00067653
-2.4676	1.795	0.00048614
-2.4676	1.8201	0.00035016
-2.4676	1.8452	0.00025442
-2.4426	-1.1423	0.00040302
-2.4426	-1.1172	0.00045602
-2.4426	-1.0921	0.00029227
-2.4426	-1.0167	0.001442
-2.4426	-0.99163	0.0045569
-2.4426	-0.96653	0.0097423
-2.4426	-0.94142	0.016226
-2.4426	-0.91632	0.02239
-2.4426	-0.89121	0.02627
-2.4426	-0.86611	0.026349
-2.4426	-0.841	0.02246
-2.4426	-0.8159	0.015871
-2.4426	-0.79079	0.0087601
-2.4426	-0.76569	0.0032748
-2.4426	-0.74059	0.0004536
-2.4426	-0.69038	0.00096216
-2.4426	-0.66527	0.0017732
-2.4426	-0.64017	0.0018283
-2.4426	-0.61506	0.0012146
-2.4426	-0.58996	0.00046965
-2.4426	-0.48954	0.00041446
-2.4426	-0.46444	0.00044325
-2.4426	-0.43933	0.00032168
-2.4426	-0.33891	0.00067362
-2.4426	-0.31381	0.0010344
-2.4426	-0.2887	0.00095384
-2.4426	-0.2636	0.0004451
-2.4426	-0.18828	0.001041
-2.4426	-0.16318	0.0018312
-2.4426	-0.13808	0.0019248
-2.4426	-0.11297	0.0012122
-2.4426	-0.087866	0.00031483
-2.4426	-0.037657	0.00064373
-2.4426	-0.012552	0.0016938
-2.4426	0.012552	0.0023187
-2.4426	0.037657	0.002004
-2.4426	0.062762	0.001009
-2.4426	0.13808	0.0010599
-2.4426	0.16318	0.0021639
-2.4426	0.18828	0.0025456
-2.4426	0.21339	0.0018828
-2.4426	0.23849	0.00068266
-2.4426	0.2887	0.00068422
-2.4426	0.31381	0.002695
-2.4426	0.33891	0.0051964
-2.4426	0.36402	0.0069499
-2.4426	0.38912	0.007166
-2.4426	0.41423	0.0059548
-2.4426	0.43933	0.0039199
-2.4426	0.46444	0.0021613
-2.4426	0.48954	0.00088049
-2.4426	0.51464	0.00036067
-2.4426	0.66527	0.00028938
-2.4426	0.69038	0.0003381
-2.4426	0.8159	0.00037065
-2.4426	0.841	0.00052
-2.4426	0.86611	0.00045634
-2.4426	0.96653	0.00026626
-2.4426	0.99163	0.0005151
-2.4426	1.0167	0.00058174
-2.4426	1.0418	0.00040123
-2.4426	1.1423	0.00043877
-2.4426	1.1674	0.00064715
-2.4426	1.1925	0.00058616
-2.4426	1.2176	0.00030352
-2.4426	1.2929	0.00032641
-2.4426	1.318	0.00067666
-2.4426	1.3431	0.00080513
-2.4426	1.3682	0.00060047
-2.4426	1.4686	0.00060032
-2.4426	1.4937	0.0009949
-2.4426	1.5188	0.0010281
-2.4426	1.5439	0.00063766
-2.4426	1.6192	0.00063455
-2.4426	1.6444	0.0018746
-2.4426	1.6695	0.0033117
-2.4426	1.6946	0.0043702
-2.4426	1.7197	0.0046334
-2.4426	1.7448	0.0040958
-2.4426	1.7699	0.0030343
-2.4426	1.795	0.0019048
-2.4426	1.8201	0.00095986
-2.4426	1.8452	0.0003972
-2.4175	-1.1423	0.000316
-2.4175	-1.1172	0.00033111
-2.4175	-1.0167	0.0014566
-2.4175	-0.99163	0.0042586
-2.4175	-0.96653	0.0087689
-2.4175	-0.94142	0.014334
-2.4175	-0.91632	0.019549
-2.4175	-0.89121	0.022736
-2.4175	-0.86611	0.022651
-2.4175	-0.841	0.019168
-2.4175	-0.8159	0.013362
-2.4175	-0.79079	0.0071894
-2.4175	-0.76569	0.0024823
-2.4175	-0.69038	0.0012074
-2.4175	-0.66527	0.0020507
-2.4175	-0.64017	0.0020416
-2.4175	-0.61506	0.0013056
-2.4175	-0.58996	0.00044905
-2.4175	-0.51464	0.00051764
-2.4175	-0.48954	0.00076797
-2.4175	-0.46444	0.00069749
-2.4175	-0.43933	0.00041089
-2.4175	-0.18828	0.00078957
-2.4175	-0.16318	0.0014756
-2.4175	-0.13808	0.0016762
-2.4175	-0.11297	0.0010615
-2.4175	-0.037657	0.0013721
-2.4175	-0.012552	0.0032042
-2.4175	0.012552	0.0041673
-2.4175	0.037657	0.0034101
-2.4175	0.062762	0.0014905
-2.4175	0.11297	0.00065183
-2.4175	0.13808	0.0030356
-2.4175	0.16318	0.0055588
-2.4175	0.18828	0.00623
-2.4175	0.21339	0.0042707
-2.4175	0.23849	0.0012628
-2.4175	0.2887	0.0030898
-2.4175	0.31381	0.01087
-2.4175	0.33891	0.021012
-2.4175	0.36402	0.030025
-2.4175	0.38912	0.034559
-2.4175	0.41423	0.033018
-2.4175	0.43933	0.0268
-2.4175	0.46444	0.018312
-2.4175	0.48954	0.010322
-2.4175	0.51464	0.0045356
-2.4175	0.53975	0.0014291
-2.4175	0.99163	0.00030586
-2.4175	1.0167	0.00032613
-2.4175	1.1423	0.00034903
-2.4175	1.1674	0.00047796
-2.4175	1.1925	0.00040379
-2.4175	1.2929	0.00034548
-2.4175	1.318	0.00064212
-2.4175	1.3431	0.00071557
-2.4175	1.3682	0.00049185
-2.4175	1.4686	0.00074911
-2.4175	1.4937	0.0011631
-2.4175	1.5188	0.0011407
-2.4175	1.5439	0.00065144
-2.4175	1.6192	0.0011499
-2.4175	1.6444	0.0031426
-2.4175	1.6695	0.005555
-2.4175	1.6946	0.0074871
-2.4175	1.7197	0.0082883
-2.4175	1.7448	0.0077511
-2.4175	1.7699	0.0061396
-2.4175	1.795	0.00411
-2.4175	1.8201	0.0022856
-2.4175	1.8452	0.00099933
-2.4175	1.8703	0.00029301
-2.3925	-1.0167	0.0013151
-2.3925	-0.99163	0.0036626
-2.3925	-0.96653	0.0073052
-2.3925	-0.94142	0.011699
-2.3925	-0.91632	0.015709
-2.3925	-0.89121	0.018098
-2.3925	-0.86611	0.017821
-2.3925	-0.841	0.014872
-2.3925	-0.8159	0.010171
-2.3925	-0.79079	0.0052479
-2.3925	-0.76569	0.0016753
-2.3925	-0.71548	0.00030017
-2.3925	-0.69038	0.0012751
-2.3925	-0.66527	0.0019823
-2.3925	-0.64017	0.0018751
-2.3925	-0.61506	0.0011307
-2.3925	-0.58996	0.00033297
-2.3925	-0.51464	0.00070479
-2.3925	-0.48954	0.0009774
-2.3925	-0.46444	0.00085444
-2.3925	-0.43933	0.00046152
-2.3925	-0.33891	0.00026279
-2.3925	-0.31381	0.00027928
-2.3925	-0.16318	0.00032155
-2.3925	-0.13808	0.00031485
-2.3925	-0.037657	0.00090326
-2.3925	-0.012552	0.0022304
-2.3925	0.012552	0.0032147
-2.3925	0.037657	0.002862
-2.3925	0.062762	0.0011548
-2.3925	0.11297	0.0016877
-2.3925	0.13808	0.0063765
-2.3925	0.16318	0.011123
-2.3925	0.18828	0.012056
-2.3925	0.21339	0.0079107
-2.3925	0.23849	0.0017968
-2.3925	0.2636	0.00073782
-2.3925	0.2887	0.010337
-2.3925	0.31381	0.032434
-2.3925	0.33891	0.060504
-2.3925	0.36402	0.086852
-2.3925	0.38912	0.10126
-2.3925	0.41423	0.09976
-2.3925	0.43933	0.083899
-2.3925	0.46444	0.060034
-2.3925	0.48954	0.03589
-2.3925	0.51464	0.017099
-2.3925	0.53975	0.0057658
-2.3925	0.56485	0.00096895
-2.3925	0.61506	0.00038508
-2.3925	0.64017	0.00071825
-2.3925	0.66527	0.00065919
-2.3925	0.69038	0.00037651
-2.3925	1.1674	0.00028668
-2.3925	1.2929	0.00030693
-2.3925	1.318	0.00051965
-2.3925	1.3431	0.00054366
-2.3925	1.3682	0.00033947
-2.3925	1.4435	0.0002937
-2.3925	1.4686	0.00078321
-2.3925	1.4937	0.0011414
-2.3925	1.5188	0.0010539
-2.3925	1.5439	0.00054024
-2.3925	1.6192	0.001611
-2.3925	1.6444	0.0041017
-2.3925	1.6695	0.007104
-2.3925	1.6946	0.0095972
-2.3925	1.7197	0.010744
-2.3925	1.7448	0.010214
-2.3925	1.7699	0.0082676
-2.3925	1.795	0.0056827
-2.3925	1.8201	0.0032074
-2.3925	1.8452	0.0014108
-2.3925	1.8703	0.00040919
-2.3674	-1.0167	0.0011085
-2.3674	-0.99163	0.0028928
-2.3674	-0.96653	0.0056329
-2.3674	-0.94142	0.0088034
-2.3674	-0.91632	0.011685
-2.3674	-0.89121	0.013268
-2.3674	-0.86611	0.012913
-2.3674	-0.841	0.010628
-2.3674	-0.8159	0.0070812
-2.3674	-0.79079	0.0035201
-2.3674	-0.76569	0.00098511
-2.3674	-0.71548	0.00036138
-2.3674	-0.69038	0.0011915
-2.3674	-0.66527	0.0017048
-2.3674	-0.64017	0.0015241
-2.3674	-0.61506	0.0008569
-2.3674	-0.53975	0.00030516
-2.3674	-0.51464	0.00075895
-2.3674	-0.48954	0.00098301
-2.3674	-0.46444	0.00081113
-2.3674	-0.43933	0.00040199
-2.3674	-0.33891	0.00041975
-2.3674	-0.31381	0.00042605
-2.3674	-0.2887	0.0002502
-2.3674	-0.18828	0.00034707
-2.3674	-0.16318	0.00039675
-2.3674	-0.13808	0.00028661
-2.3674	-0.012552	0.00042569
-2.3674	0.012552	0.00055548
-2.3674	0.037657	0.00046371
-2.3674	0.11297	0.00095014
-2.3674	0.13808	0.0036577
-2.3674	0.16318	0.0071929
-2.3674	0.18828	0.0089084
-2.3674	0.21339	0.0061975
-2.3674	0.23849	0.0010665
-2.3674	0.2636	0.0022917
-2.3674	0.2887	0.022064
-2.3674	0.31381	0.06787
-2.3674	0.33891	0.13197
-2.3674	0.36402	0.19655
-2.3674	0.38912	0.23637
-2.3674	0.41423	0.23996
-2.3674	0.43933	0.20634
-2.3674	0.46444	0.1488
-2.3674	0.48954	0.090099
-2.3674	0.51464	0.04347
-2.3674	0.53975	0.014124
-2.3674	0.56485	0.0020344
-2.3674	0.61506	0.0017448
-2.3674	0.64017	0.0030346
-2.3674	0.66527	0.0027903
-2.3674	0.69038	0.0016436
-2.3674	0.71548	0.00058122
-2.3674	1.318	0.00034762
-2.3674	1.3431	0.0003419
-2.3674	1.4435	0.00030106
-2.3674	1.4686	0.0007077
-2.3674	1.4937	0.00095802
-2.3674	1.5188	0.00082926
-2.3674	1.5439	0.00037061
-2.3674	1.5941	0.00035362
-2.3674	1.6192	0.0018837
-2.3674	1.6444	0.004516
-2.3674	1.6695	0.0076424
-2.3674	1.6946	0.010261
-2.3674	1.7197	0.011464
-2.3674	1.7448	0.010937
-2.3674	1.7699	0.0089097
-2.3674	1.795	0.0061433
-2.3674	1.8201	0.0034656
-2.3674	1.8452	0.001497
-2.3674	1.8703	0.00040585
-2.3424	-1.0167	0.00084502
-2.3424	-0.99163	0.0020904
-2.3424	-0.96653	0.0039368
-2.3424	-0.94142	0.0060818
-2.3424	-0.91632	0.0079603
-2.3424	-0.89121	0.0089384
-2.3424	-0.86611	0.0085865
-2.3424	-0.841	0.0069305
-2.3424	-0.8159	0.0044987
-2.3424	-0.79079	0.0021113
-2.3424	-0.76569	0.00053479
-2.3424	-0.71548	0.00037174
-2.3424	-0.69038	0.0010008
-2.3424	-0.66527	0.0013236
-2.3424	-0.64017	0.0011217
-2.3424	-0.61506	0.00058079
-2.3424	-0.53975	0.00033019
-2.3424	-0.51464	0.00071324
-2.3424	-0.48954	0.00085918
-2.3424	-0.46444	0.00066418
-2.3424	-0.43933	0.00029552
-2.3424	-0.36402	0.00029118
-2.3424	-0.33891	0.00047872
-2.3424	-0.31381	0.0004524
-2.3424	-0.21339	0.00028888
-2.3424	-0.18828	0.00054177
-2.3424	-0.16318	0.0006038
-2.3424	-0.13808	0.00042051
-2.3424	-0.037657	0.000339
-2.3424	-0.012552	0.00050469
-2.3424	0.012552	0.00047077
-2.3424	0.037657	0.0002744
-2.3424	0.13808	0.00063422
-2.3424	0.16318	0.0011587
-2.3424	0.18828	0.0013918
-2.3424	0.21339	0.00094117
-2.3424	0.2636	0.0013545
-2.3424	0.2887	0.010276
-2.3424	0.31381	0.035218
-2.3424	0.33891	0.08277
-2.3424	0.36402	0.14783
-2.3424	0.38912	0.2175
-2.3424	0.41423	0.26218
-2.3424	0.43933	0.26448
-2.3424	0.46444	0.21861
-2.3424	0.48954	0.148
-2.3424	0.51464	0.075818
-2.3424	0.53975	0.025426
-2.3424	0.56485	0.003125
-2.3424	0.58996	0.00068112
-2.3424	0.61506	0.0057046
-2.3424	0.64017	0.0089925
-2.3424	0.66527	0.008007
-2.3424	0.69038	0.0045932
-2.3424	0.71548	0.0014682
-2.3424	0.79079	0.00073523
-2.3424	0.8159	0.00098224
-2.3424	0.841	0.00077727
-2.3424	0.86611	0.00039004
-2.3424	1.4435	0.00025243
-2.3424	1.4686	0.000532
-2.3424	1.4937	0.00068301
-2.3424	1.5188	0.00055477
-2.3424	1.5941	0.00044287
-2.3424	1.6192	0.0019011
-2.3424	1.6444	0.0043058
-2.3424	1.6695	0.0071306
-2.3424	1.6946	0.0094749
-2.3424	1.7197	0.01059
-2.3424	1.7448	0.010075
-2.3424	1.7699	0.0082092
-2.3424	1.795	0.0056351
-2.3424	1.8201	0.0031472
-2.3424	1.8452	0.001314
-2.3424	1.8703	0.00032811
-2.3173	-1.0167	0.00056911
-2.3173	-0.99163	0.0013538
-2.3173	-0.96653	0.0024992
-2.3173	-0.94142	0.0038061
-2.3173	-0.91632	0.0049199
-2.3173	-0.89121	0.0054628
-2.3173	-0.86611	0.0051759
-2.3173	-0.841	0.0041139
-2.3173	-0.8159	0.0025836
-2.3173	-0.79079	0.001135
-2.3173	-0.71548	0.00033238
-2.3173	-0.69038	0.00075728
-2.3173	-0.66527	0.00093236
-2.3173	-0.64017	0.0007436
-2.3173	-0.61506	0.00035105
-2.3173	-0.53975	0.00031394
-2.3173	-0.51464	0.00059053
-2.3173	-0.48954	0.00066986
-2.3173	-0.46444	0.00048067
-2.3173	-0.36402	0.00030927
-2.3173	-0.33891	0.00045131
-2.3173	-0.31381	0.00039066
-2.3173	-0.21339	0.00038642
-2.3173	-0.18828	0.00065603
-2.3173	-0.16318	0.00069194
-2.3173	-0.13808	0.00044799
-2.3173	-0.037657	0.0006002
-2.3173	-0.012552	0.00085244
-2.3173	0.012552	0.00077416
-2.3173	0.037657	0.00042113
-2.3173	0.11297	0.00030179
-2.3173	0.13808	0.00066029
-2.3173	0.16318	0.0008083
-2.3173	0.18828	0.00062593
-2.3173	0.2636	0.00037347
-2.3173	0.2887	0.0021481
-2.3173	0.31381	0.0064191
-2.3173	0.33891	0.014409
-2.3173	0.36402	0.027889
-2.3173	0.38912	0.043632
-2.3173	0.41423	0.059495
-2.3173	0.43933	0.069714
-2.3173	0.46444	0.068175
-2.3173	0.48954	0.054578
-2.3173	0.51464	0.033972
-2.3173	0.53975	0.012709
-2.3173	0.56485	0.0011886
-2.3173	0.58996	0.0012023
-2.3173	0.61506	0.0079415
-2.3173	0.64017	0.013475
-2.3173	0.66527	0.013108
-2.3173	0.69038	0.0080132
-2.3173	0.71548	0.002534
-2.3173	0.76569	0.00085756
-2.3173	0.79079	0.002552
-2.3173	0.8159	0.0032054
-2.3173	0.841	0.0024764
-2.3173	0.86611	0.0011425
-2.3173	0.96653	0.00042498
-2.3173	0.99163	0.00041142
-2.3173	1.4686	0.00030888
-2.3173	1.4937	0.00038199
-2.3173	1.5188	0.00029104
-2.3173	1.5941	0.00043257
-2.3173	1.6192	0.0016108
-2.3173	1.6444	0.0035139
-2.3173	1.6695	0.0057451
-2.3173	1.6946	0.0076118
-2.3173	1.7197	0.0085054
-2.3173	1.7448	0.0080991
-2.3173	1.7699	0.0065899
-2.3173	1.795	0.0045093
-2.3173	1.8201	0.002478
-2.3173	1.8452	0.0010003
-2.2923	-1.0167	0.00033638
-2.2923	-0.99163	0.00077799
-2.2923	-0.96653	0.0014238
-2.2923	-0.94142	0.0021259
-2.2923	-0.91632	0.0027225
-2.2923	-0.89121	0.0029888
-2.2923	-0.86611	0.002792
-2.2923	-0.841	0.0021724
-2.2923	-0.8159	0.0013223
-2.2923	-0.79079	0.00053935
-2.2923	-0.71548	0.00026086
-2.2923	-0.69038	0.00051347
-2.2923	-0.66527	0.00058983
-2.2923	-0.64017	0.0004401
-2.2923	-0.53975	0.00026325
-2.2923	-0.51464	0.0004429
-2.2923	-0.48954	0.00046585
-2.2923	-0.46444	0.00031097
-2.2923	-0.36402	0.00028429
-2.2923	-0.33891	0.00037253
-2.2923	-0.31381	0.00028744
-2.2923	-0.21339	0.00043796
-2.2923	-0.18828	0.00067625
-2.2923	-0.16318	0.00066097
-2.2923	-0.13808	0.00038471
-2.2923	-0.062762	0.00033523
-2.2923	-0.037657	0.00080957
-2.2923	-0.012552	0.0010873
-2.2923	0.012552	0.00093407
-2.2923	0.037657	0.00045675
-2.2923	0.11297	0.00065081
-2.2923	0.13808	0.0013008
-2.2923	0.16318	0.0015425
-2.2923	0.18828	0.0011276
-2.2923	0.21339	0.00039894
-2.2923	0.2636	0.00061644
-2.2923	0.2887	0.0023329
-2.2923	0.31381	0.0047295
-2.2923	0.33891	0.0071931
-2.2923	0.36402	0.0091781
-2.2923	0.38912	0.010581
-2.2923	0.41423	0.011236
-2.2923	0.43933	0.01133
-2.2923	0.46444	0.010285
-2.2923	0.48954	0.0080711
-2.2923	0.51464	0.0049521
-2.2923	0.53975	0.0018679
-2.2923	0.58996	0.00038526
-2.2923	0.61506	0.0023056
-2.2923	0.64017	0.0042245
-2.2923	0.66527	0.0045873
-2.2923	0.69038	0.0031541
-2.2923	0.71548	0.0010288
-2.2923	0.76569	0.0010142
-2.2923	0.79079	0.0031277
-2.2923	0.8159	0.0043429
-2.2923	0.841	0.0037075
-2.2923	0.86611	0.0017946
-2.2923	0.89121	0.00030018
-2.2923	0.94142	0.00093224
-2.2923	0.96653	0.0015868
-2.2923	0.99163	0.0014996
-2.2923	1.0167	0.00083546
-2.2923	1.1172	0.00036214
-2.2923	1.1423	0.00040478
-2.2923	1.1674	0.00027934
-2.2923	1.5941	0.00031068
-2.2923	1.6192	0.0010856
-2.2923	1.6444	0.0023084
-2.2923	1.6695	0.0037847
-2.2923	1.6946	0.0050866
-2.2923	1.7197	0.005761
-2.2923	1.7448	0.0055391
-2.2923	1.7699	0.0045459
-2.2923	1.795	0.0031089
-2.2923	1.8201	0.0016842
-2.2923	1.8452	0.0006501
-2.2672	-0.99163	0.00039781
-2.2672	-0.96653	0.00071094
-2.2672	-0.94142	0.0010563
-2.2672	-0.91632	0.0013324
-2.2672	-0.89121	0.0014405
-2.2672	-0.86611	0.0013201
-2.2672	-0.841	0.00099744
-2.2672	-0.8159	0.00058004
-2.2672	-0.69038	0.0003088
-2.2672	-0.66527	0.00032963
-2.2672	-0.51464	0.00029794
-2.2672	-0.48954	0.00028883
-2.2672	-0.33891	0.00026952
-2.2672	-0.21339	0.00043883
-2.2672	-0.18828	0.00061467
-2.2672	-0.16318	0.00055084
-2.2672	-0.13808	0.00028023
-2.2672	-0.062762	0.00042963
-2.2672	-0.037657	0.00090984
-2.2672	-0.012552	0.0011398
-2.2672	0.012552	0.0009103
-2.2672	0.037657	0.00038332
-2.2672	0.11297	0.0010171
-2.2672	0.13808	0.0018757
-2.2672	0.16318	0.002147
-2.2672	0.18828	0.0015072
-2.2672	0.21339	0.00043668
-2.2672	0.2636	0.0013995
-2.2672	0.2887	0.0049349
-2.2672	0.31381	0.009776
-2.2672	0.33891	0.014456
-2.2672	0.36402	0.017229
-2.2672	0.38912	0.017203
-2.2672	0.41423	0.014657
-2.2672	0.43933	0.01064
-2.2672	0.46444	0.0066178
-2.2672	0.48954	0.003377
-2.2672	0.51464	0.0013927
-2.2672	0.53975	0.00033411
-2.2672	0.61506	0.00041886
-2.2672	0.64017	0.00070374
-2.2672	0.66527	0.00075361
-2.2672	0.69038	0.00051381
-2.2672	0.76569	0.00029507
-2.2672	0.79079	0.00084156
-2.2672	0.8159	0.0012545
-2.2672	0.841	0.0011652
-2.2672	0.86611	0.00058719
-2.2672	0.94142	0.00095059
-2.2672	0.96653	0.0017505
-2.2672	0.99163	0.0018546
-2.2672	1.0167	0.001139
-2.2672	1.0418	0.00028394
-2.2672	1.0921	0.00062843
-2.2672	1.1172	0.0013522
-2.2672	1.1423	0.0015255
-2.2672	1.1674	0.001059
-2.2672	1.1925	0.00039392
-2.2672	1.2678	0.000316
-2.2672	1.2929	0.00044017
-2.2672	1.318	0.00037138
-2.2672	1.6192	0.00042925
-2.2672	1.6444	0.00098357
-2.2672	1.6695	0.0017171
-2.2672	1.6946	0.0024448
-2.2672	1.7197	0.002917
-2.2672	1.7448	0.0029364
-2.2672	1.7699	0.0024896
-2.2672	1.795	0.0017276
-2.2672	1.8201	0.00095467
-2.2672	1.8452	0.00035159
-2.2422	-0.96653	0.00033016
-2.2422	-0.94142	0.00047469
-2.2422	-0.91632	0.00058197
-2.2422	-0.89121	0.0006098
-2.2422	-0.86611	0.00053982
-2.2422	-0.841	0.00038779
-2.2422	-0.21339	0.00039487
-2.2422	-0.18828	0.00050318
-2.2422	-0.16318	0.0004105
-2.2422	-0.062762	0.00047087
-2.2422	-0.037657	0.0008918
-2.2422	-0.012552	0.0010388
-2.2422	0.012552	0.00076137
-2.2422	0.037657	0.00026268
-2.2422	0.087866	0.00036796
-2.2422	0.11297	0.0012901
-2.2422	0.13808	0.0022032
-2.2422	0.16318	0.0023716
-2.2422	0.18828	0.0015416
-2.2422	0.21339	0.00032871
-2.2422	0.2636	0.002536
-2.2422	0.2887	0.0079099
-2.2422	0.31381	0.015515
-2.2422	0.33891	0.023117
-2.2422	0.36402	0.028188
-2.2422	0.38912	0.028987
-2.2422	0.41423	0.025429
-2.2422	0.43933	0.018915
-2.2422	0.46444	0.011812
-2.2422	0.48954	0.005827
-2.2422	0.51464	0.0020451
-2.2422	0.53975	0.00033596
-2.2422	0.61506	0.00037895
-2.2422	0.64017	0.0003891
-2.2422	0.66527	0.00027301
-2.2422	0.94142	0.00028439
-2.2422	0.96653	0.00049697
-2.2422	0.99163	0.00052893
-2.2422	1.0167	0.00032495
-2.2422	1.0921	0.0005004
-2.2422	1.1172	0.0011028
-2.2422	1.1423	0.001414
-2.2422	1.1674	0.0011058
-2.2422	1.1925	0.00042068
-2.2422	1.2427	0.00035074
-2.2422	1.2678	0.0011444
-2.2422	1.2929	0.0016994
-2.2422	1.318	0.0015112
-2.2422	1.3431	0.00081523
-2.2422	1.4184	0.00028402
-2.2422	1.4435	0.00057497
-2.2422	1.4686	0.00061296
-2.2422	1.4937	0.00040411
-2.2422	1.6192	0.0002583
-2.2422	1.6444	0.00033548
-2.2422	1.6695	0.00043671
-2.2422	1.6946	0.00058634
-2.2422	1.7197	0.00076544
-2.2422	1.7448	0.00087256
-2.2422	1.7699	0.00082856
-2.2422	1.795	0.00063269
-2.2422	1.8201	0.00037026
-2.2171	-0.91632	0.00026503
-2.2171	-0.89121	0.00025383
-2.2171	-0.21339	0.00032499
-2.2171	-0.18828	0.00037511
-2.2171	-0.16318	0.00027732
-2.2171	-0.062762	0.00045543
-2.2171	-0.037657	0.00077987
-2.2171	-0.012552	0.00084351
-2.2171	0.012552	0.00056091
-2.2171	0.087866	0.00047452
-2.2171	0.11297	0.0013995
-2.2171	0.13808	0.0022169
-2.2171	0.16318	0.0022433
-2.2171	0.18828	0.0013179
-2.2171	0.23849	0.0003756
-2.2171	0.2636	0.0035087
-2.2171	0.2887	0.010254
-2.2171	0.31381	0.019602
-2.2171	0.33891	0.029017
-2.2171	0.36402	0.035587
-2.2171	0.38912	0.037001
-2.2171	0.41423	0.033023
-2.2171	0.43933	0.025056
-2.2171	0.46444	0.015794
-2.2171	0.48954	0.0078362
-2.2171	0.51464	0.0026393
-2.2171	0.53975	0.00035944
-2.2171	0.58996	0.00047143
-2.2171	0.61506	0.00080611
-2.2171	0.64017	0.00076081
-2.2171	0.66527	0.00046198
-2.2171	1.1172	0.00032337
-2.2171	1.1423	0.00040221
-2.2171	1.1674	0.00030131
-2.2171	1.2427	0.00025401
-2.2171	1.2678	0.00079399
-2.2171	1.2929	0.0012727
-2.2171	1.318	0.0012812
-2.2171	1.3431	0.0007426
-2.2171	1.4184	0.00096033
-2.2171	1.4435	0.0020823
-2.2171	1.4686	0.0024713
-2.2171	1.4937	0.0018395
-2.2171	1.5188	0.00066757
-2.2171	1.569	0.0004958
-2.2171	1.5941	0.0017698
-2.2171	1.6192	0.0030545
-2.2171	1.6444	0.0037053
-2.2171	1.6695	0.0034444
-2.2171	1.6946	0.0025989
-2.2171	1.7197	0.001639
-2.2171	1.7448	0.00088396
-2.2171	1.7699	0.00041257
-2.1921	-0.18828	0.00025954
-2.1921	-0.062762	0.0003923
-2.1921	-0.037657	0.00061487
-2.1921	-0.012552	0.00061638
-2.1921	0.012552	0.00036545
-2.1921	0.087866	0.00052175
-2.1921	0.11297	0.0013336
-2.1921	0.13808	0.001973
-2.1921	0.16318	0.0018654
-2.1921	0.18828	0.00096739
-2.1921	0.23849	0.00064077
-2.1921	0.2636	0.0042567
-2.1921	0.2887	0.0114
-2.1921	0.31381	0.021165
-2.1921	0.33891	0.031004
-2.1921	0.36402	0.037907
-2.1921	0.38912	0.039456
-2.1921	0.41423	0.035262
-2.1921	0.43933	0.026783
-2.1921	0.46444	0.016863
-2.1921	0.48954	0.0082312
-2.1921	0.51464	0.002642
-2.1921	0.53975	0.00027048
-2.1921	0.58996	0.00078857
-2.1921	0.61506	0.0012439
-2.1921	0.64017	0.0011392
-2.1921	0.66527	0.00066834
-2.1921	1.2678	0.00026129
-2.1921	1.2929	0.00039555
-2.1921	1.318	0.00038066
-2.1921	1.4184	0.00062747
-2.1921	1.4435	0.0013585
-2.1921	1.4686	0.0017972
-2.1921	1.4937	0.0014684
-2.1921	1.5188	0.00053842
-2.1921	1.569	0.0013463
-2.1921	1.5941	0.0053025
-2.1921	1.6192	0.011177
-2.1921	1.6444	0.016519
-2.1921	1.6695	0.018999
-2.1921	1.6946	0.01774
-2.1921	1.7197	0.013509
-2.1921	1.7448	0.0086633
-2.1921	1.7699	0.0043819
-2.1921	1.795	0.0017648
-2.1921	1.8201	0.00053577
-2.167	-0.062762	0.00030283
-2.167	-0.037657	0.00043809
-2.167	-0.012552	0.00040734
-2.167	0.087866	0.00049734
-2.167	0.11297	0.0011317
-2.167	0.13808	0.0015655
-2.167	0.16318	0.0013814
-2.167	0.18828	0.00062113
-2.167	0.23849	0.00084301
-2.167	0.2636	0.0044451
-2.167	0.2887	0.011182
-2.167	0.31381	0.020152
-2.167	0.33891	0.029179
-2.167	0.36402	0.035369
-2.167	0.38912	0.036664
-2.167	0.41423	0.03261
-2.167	0.43933	0.024676
-2.167	0.46444	0.01531
-2.167	0.48954	0.0072754
-2.167	0.51464	0.00216
-2.167	0.58996	0.0010365
-2.167	0.61506	0.0015069
-2.167	0.64017	0.0013244
-2.167	0.66527	0.00074113
-2.167	0.76569	0.00028156
-2.167	0.79079	0.00036508
-2.167	0.8159	0.00029662
-2.167	1.4435	0.00048895
-2.167	1.4686	0.00061691
-2.167	1.4937	0.00047171
-2.167	1.569	0.00087939
-2.167	1.5941	0.0032495
-2.167	1.6192	0.007339
-2.167	1.6444	0.012238
-2.167	1.6695	0.016652
-2.167	1.6946	0.018916
-2.167	1.7197	0.018155
-2.167	1.7448	0.014735
-2.167	1.7699	0.0097149
-2.167	1.795	0.0050258
-2.167	1.8201	0.0018421
-2.167	1.8452	0.00034689
-2.142	-0.96653	0.00025332
-2.142	-0.94142	0.00027817
-2.142	-0.91632	0.00026171
-2.142	-0.037657	0.00028411
-2.142	0.087866	0.00041479
-2.142	0.11297	0.0008581
-2.142	0.13808	0.0011168
-2.142	0.16318	0.00091728
-2.142	0.18828	0.00033722
-2.142	0.23849	0.00093031
-2.142	0.2636	0.0040994
-2.142	0.2887	0.0097773
-2.142	0.31381	0.017225
-2.142	0.33891	0.024473
-2.142	0.36402	0.029394
-2.142	0.38912	0.030279
-2.142	0.41423	0.026792
-2.142	0.43933	0.020038
-2.142	0.46444	0.012227
-2.142	0.48954	0.0055939
-2.142	0.51464	0.0015055
-2.142	0.56485	0.00035301
-2.142	0.58996	0.0011506
-2.142	0.61506	0.0015448
-2.142	0.64017	0.0012898
-2.142	0.66527	0.00067977
-2.142	0.76569	0.0003767
-2.142	0.79079	0.00045576
-2.142	0.8159	0.00035336
-2.142	1.569	0.00040045
-2.142	1.5941	0.0013577
-2.142	1.6192	0.002952
-2.142	1.6444	0.0049604
-2.142	1.6695	0.0068186
-2.142	1.6946	0.007947
-2.142	1.7197	0.007885
-2.142	1.7448	0.0066807
-2.142	1.7699	0.0047071
-2.142	1.795	0.0026377
-2.142	1.8201	0.0010367
-2.142	1.9205	0.00030709
-2.142	1.9456	0.00031936
-2.1169	-0.96653	0.00030766
-2.1169	-0.94142	0.00033255
-2.1169	-0.91632	0.00030921
-2.1169	0.087866	0.00030309
-2.1169	0.11297	0.00058184
-2.1169	0.13808	0.00071589
-2.1169	0.16318	0.00054615
-2.1169	0.23849	0.00086794
-2.1169	0.2636	0.0033231
-2.1169	0.2887	0.0076237
-2.1169	0.31381	0.013091
-2.1169	0.33891	0.018456
-2.1169	0.36402	0.021951
-2.1169	0.38912	0.022431
-2.1169	0.41423	0.019676
-2.1169	0.43933	0.01453
-2.1169	0.46444	0.0086648
-2.1169	0.48954	0.0037891
-2.1169	0.51464	0.00089439
-2.1169	0.56485	0.00042603
-2.1169	0.58996	0.0011041
-2.1169	0.61506	0.0013786
-2.1169	0.64017	0.0010914
-2.1169	0.66527	0.00053462
-2.1169	0.76569	0.00041922
-2.1169	0.79079	0.00047666
-2.1169	0.8159	0.00034624
-2.1169	1.5941	0.00045962
-2.1169	1.6192	0.00097431
-2.1169	1.6444	0.0016477
-2.1169	1.6695	0.0023239
-2.1169	1.6946	0.0027338
-2.1169	1.7197	0.0027646
-2.1169	1.7448	0.0023587
-2.1169	1.7699	0.0016665
-2.1169	1.795	0.00092362
-2.1169	1.8201	0.00035051
-2.0919	-0.99163	0.00028465
-2.0919	-0.96653	0.00035115
-2.0919	-0.94142	0.00037349
-2.0919	-0.91632	0.00034129
-2.0919	-0.89121	0.00026516
-2.0919	0.11297	0.0003502
-2.0919	0.13808	0.0004109
-2.0919	0.16318	0.00029312
-2.0919	0.23849	0.00067924
-2.0919	0.2636	0.0024139
-2.0919	0.2887	0.0052668
-2.0919	0.31381	0.008902
-2.0919	0.33891	0.012401
-2.0919	0.36402	0.014651
-2.0919	0.38912	0.014871
-2.0919	0.41423	0.012895
-2.0919	0.43933	0.0093611
-2.0919	0.46444	0.0054909
-2.0919	0.48954	0.0022595
-2.0919	0.51464	0.00045196
-2.0919	0.56485	0.00042729
-2.0919	0.58996	0.00093836
-2.0919	0.61506	0.0010914
-2.0919	0.64017	0.00081422
-2.0919	0.66527	0.00036722
-2.0919	0.76569	0.00040113
-2.0919	0.79079	0.0004256
-2.0919	0.8159	0.00029105
-2.0919	1.6444	0.00040425
-2.0919	1.6695	0.00058316
-2.0919	1.6946	0.00071014
-2.0919	1.7197	0.00073927
-2.0919	1.7448	0.0006643
-2.0919	1.7699	0.00047626
-2.0919	1.795	0.00026704
-2.0668	-0.99163	0.00031052
-2.0668	-0.96653	0.0003773
-2.0668	-0.94142	0.000395
-2.0668	-0.91632	0.00035528
-2.0668	-0.89121	0.00026995
-2.0668	0.23849	0.00045577
-2.0668	0.2636	0.0014956
-2.0668	0.2887	0.0031969
-2.0668	0.31381	0.0053535
-2.0668	0.33891	0.00735
-2.0668	0.36402	0.0086398
-2.0668	0.38912	0.0086957
-2.0668	0.41423	0.0074768
-2.0668	0.43933	0.0053659
-2.0668	0.46444	0.0030151
-2.0668	0.48954	0.0011645
-2.0668	0.56485	0.00037367
-2.0668	0.58996	0.00070247
-2.0668	0.61506	0.00076178
-2.0668	0.64017	0.00053652
-2.0668	0.76569	0.00033854
-2.0668	0.79079	0.0003357
-2.0668	1.6192	0.00026627
-2.0668	1.6444	0.0002929
-2.0668	1.6695	0.00027765
-2.0418	-0.99163	0.00031462
-2.0418	-0.96653	0.00037819
-2.0418	-0.94142	0.00039071
-2.0418	-0.91632	0.00034593
-2.0418	-0.89121	0.00025712
-2.0418	0.2636	0.00079422
-2.0418	0.2887	0.0016757
-2.0418	0.31381	0.0027699
-2.0418	0.33891	0.0038058
-2.0418	0.36402	0.0044267
-2.0418	0.38912	0.0044204
-2.0418	0.41423	0.0037524
-2.0418	0.43933	0.0026227
-2.0418	0.46444	0.0014334
-2.0418	0.48954	0.00051484
-2.0418	0.56485	0.00028116
-2.0418	0.58996	0.00046266
-2.0418	0.61506	0.00046599
-2.0418	0.64017	0.00030696
-2.0418	0.76569	0.00025168
-2.0418	1.569	0.00028637
-2.0418	1.5941	0.00053271
-2.0418	1.6192	0.00072856
-2.0418	1.6444	0.00079588
-2.0418	1.6695	0.00072478
-2.0418	1.6946	0.00055793
-2.0418	1.7197	0.00036578
-2.0167	-0.99163	0.0002898
-2.0167	-0.96653	0.00034622
-2.0167	-0.94142	0.0003549
-2.0167	-0.91632	0.00031025
-2.0167	0.2636	0.00039413
-2.0167	0.2887	0.00080608
-2.0167	0.31381	0.0012971
-2.0167	0.33891	0.0017362
-2.0167	0.36402	0.0019802
-2.0167	0.38912	0.0019345
-2.0167	0.41423	0.0015953
-2.0167	0.43933	0.0010748
-2.0167	0.46444	0.00055249
-2.0167	0.58996	0.00026429
-2.0167	1.4184	0.00026329
-2.0167	1.4435	0.00026981
-2.0167	1.569	0.00053977
-2.0167	1.5941	0.00099206
-2.0167	1.6192	0.0013634
-2.0167	1.6444	0.0015367
-2.0167	1.6695	0.0014497
-2.0167	1.6946	0.0011656
-2.0167	1.7197	0.00079496
-2.0167	1.7448	0.00045065
-1.9916	-0.96653	0.00028253
-1.9916	-0.94142	0.00028889
-1.9916	-0.91632	0.00025105
-1.9916	0.2636	0.00026513
-1.9916	0.2887	0.00047925
-1.9916	0.31381	0.00069385
-1.9916	0.33891	0.00084803
-1.9916	0.36402	0.00088812
-1.9916	0.38912	0.00080052
-1.9916	0.41423	0.00060602
-1.9916	0.43933	0.00036703
-1.9916	1.4184	0.00029761
-1.9916	1.4435	0.0002876
-1.9916	1.5439	0.00028813
-1.9916	1.569	0.00079478
-1.9916	1.5941	0.0014194
-1.9916	1.6192	0.0019526
-1.9916	1.6444	0.0022119
-1.9916	1.6695	0.0021156
-1.9916	1.6946	0.0017368
-1.9916	1.7197	0.0012065
-1.9916	1.7448	0.00069928
-1.9916	1.7699	0.0003174
-1.9666	0.2636	0.0003338
-1.9666	0.2887	0.00051552
-1.9666	0.31381	0.00065289
-1.9666	0.33891	0.0007
-1.9666	0.36402	0.00064049
-1.9666	0.38912	0.00049512
-1.9666	0.41423	0.00031402
-1.9666	1.4184	0.00029354
-1.9666	1.4435	0.00026503
-1.9666	1.5439	0.00038484
-1.9666	1.569	0.00098578
-1.9666	1.5941	0.0017083
-1.9666	1.6192	0.0023182
-1.9666	1.6444	0.0026193
-1.9666	1.6695	0.0025098
-1.9666	1.6946	0.0020651
-1.9666	1.7197	0.00144
-1.9666	1.7448	0.00083181
-1.9666	1.7699	0.00037414
-1.9415	0.23849	0.00027602
-1.9415	0.2636	0.00050904
-1.9415	0.2887	0.00073709
-1.9415	0.31381	0.00088711
-1.9415	0.33891	0.0009059
-1.9415	0.36402	0.0007905
-1.9415	0.38912	0.00058087
-1.9415	0.41423	0.00034601
-1.9415	1.4184	0.00025458
-1.9415	1.5439	0.00044134
-1.9415	1.569	0.0010576
-1.9415	1.5941	0.0017812
-1.9415	1.6192	0.002383
-1.9415	1.6444	0.0026732
-1.9415	1.6695	0.0025529
-1.9415	1.6946	0.0020925
-1.9415	1.7197	0.0014513
-1.9415	1.7448	0.00082986
-1.9415	1.7699	0.00036378
-1.9165	0.23849	0.00041264
-1.9165	0.2636	0.00072549
-1.9165	0.2887	0.0010218
-1.9165	0.31381	0.0012068
-1.9165	0.33891	0.0012192
-1.9165	0.36402	0.001059
-1.9165	0.38912	0.00077927
-1.9165	0.41423	0.00047093
-1.9165	1.5439	0.00044153
-1.9165	1.569	0.00099999
-1.9165	1.5941	0.001639
-1.9165	1.6192	0.0021616
-1.9165	1.6444	0.0024026
-1.9165	1.6695	0.0022798
-1.9165	1.6946	0.0018551
-1.9165	1.7197	0.0012735
-1.9165	1.7448	0.00071595
-1.9165	1.7699	0.00030271
-1.8914	0.23849	0.00055666
-1.8914	0.2636	0.00094743
-1.8914	0.2887	0.0013033
-1.8914	0.31381	0.0015165
-1.8914	0.33891	0.0015178
-1.8914	0.36402	0.0013088
-1.8914	0.38912	0.00095996
-1.8914	0.41423	0.00058131
-1.8914	0.43933	0.00027106
-1.8914	1.5439	0.00038734
-1.8914	1.569	0.00083359
-1.8914	1.5941	0.0013356
-1.8914	1.6192	0.001741
-1.8914	1.6444	0.0019154
-1.8914	1.6695	0.0018038
-1.8914	1.6946	0.0014546
-1.8914	1.7197	0.00098604
-1.8914	1.7448	0.00054263
-1.8664	0.21339	0.00031517
-1.8664	0.23849	0.00069505
-1.8664	0.2636	0.001148
-1.8664	0.2887	0.0015515
-1.8664	0.31381	0.0017778
-1.8664	0.33891	0.0017546
-1.8664	0.36402	0.0014954
-1.8664	0.38912	0.0010826
-1.8664	0.41423	0.0006443
-1.8664	0.43933	0.00029301
-1.8664	1.5439	0.00029361
-1.8664	1.569	0.00061163
-1.8664	1.5941	0.00096231
-1.8664	1.6192	0.0012386
-1.8664	1.6444	0.0013511
-1.8664	1.6695	0.0012612
-1.8664	1.6946	0.0010063
-1.8664	1.7197	0.00067245
-1.8664	1.7448	0.00036105
-1.8413	0.21339	0.0003831
-1.8413	0.23849	0.00080876
-1.8413	0.2636	0.0013048
-1.8413	0.2887	0.001736
-1.8413	0.31381	0.0019586
-1.8413	0.33891	0.0019116
-1.8413	0.36402	0.0016032
-1.8413	0.38912	0.0011396
-1.8413	0.41423	0.00066064
-1.8413	0.43933	0.00028573
-1.8413	1.569	0.00039102
-1.8413	1.5941	0.0006042
-1.8413	1.6192	0.00077119
-1.8413	1.6444	0.0008358
-1.8413	1.6695	0.0007727
-1.8413	1.6946	0.00061313
-1.8413	1.7197	0.00040376
-1.8163	0.21339	0.00042702
-1.8163	0.23849	0.00087219
-1.8163	0.2636	0.0013808
-1.8163	0.2887	0.0018118
-1.8163	0.31381	0.0020254
-1.8163	0.33891	0.0019521
-1.8163	0.36402	0.0016158
-1.8163	0.38912	0.0011256
-1.8163	0.41423	0.00063212
-1.8163	0.43933	0.0002578
-1.8163	1.5941	0.00032828
-1.8163	1.6192	0.00041669
-1.8163	1.6444	0.0004476
-1.8163	1.6695	0.00041098
-1.8163	1.6946	0.00032145
-1.7912	0.21339	0.00043191
-1.7912	0.23849	0.00085549
-1.7912	0.2636	0.0013346
-1.7912	0.2887	0.0017375
-1.7912	0.31381	0.0019265
-1.7912	0.33891	0.0018436
-1.7912	0.36402	0.0015095
-1.7912	0.38912	0.0010323
-1.7912	0.41423	0.00056238
-1.7662	0.21339	0.00038286
-1.7662	0.23849	0.00074102
-1.7662	0.2636	0.0011477
-1.7662	0.2887	0.0014896
-1.7662	0.31381	0.0016505
-1.7662	0.33891	0.0015761
-1.7662	0.36402	0.00128
-1.7662	0.38912	0.00086559
-1.7662	0.41423	0.00045594
-1.7411	0.21339	0.00028455
-1.7411	0.23849	0.0005438
-1.7411	0.2636	0.00084314
-1.7411	0.2887	0.0011006
-1.7411	0.31381	0.001231
-1.7411	0.33891	0.0011797
-1.7411	0.36402	0.00096016
-1.7411	0.38912	0.00064284
-1.7411	0.41423	0.00033088
-1.7161	0.23849	0.00030682
-1.7161	0.2636	0.00049142
-1.7161	0.2887	0.00065544
-1.7161	0.31381	0.00075067
-1.7161	0.33891	0.00073331
-1.7161	0.36402	0.00060504
-1.7161	0.38912	0.00040714
-1.691	0.2887	0.00026699
-1.691	0.31381	0.00032783
-1.691	0.33891	0.00033963
-1.691	0.36402	0.00029382
-1.6159	1.569	0.00026606
-1.6159	1.5941	0.00027388
-1.5908	0.21339	0.00033262
-1.5908	0.23849	0.00045262
-1.5908	0.2636	0.00050907
-1.5908	0.2887	0.0004829
-1.5908	0.31381	0.00038481
-1.5908	0.33891	0.00025237
-1.5908	1.569	0.00028393
-1.5908	1.5941	0.00028826
-1.5908	1.6192	0.0002516
-1.5658	0.18828	0.00028596
-1.5658	0.21339	0.00049048
-1.5658	0.23849	0.00067571
-1.5658	0.2636	0.00077813
-1.5658	0.2887	0.0007607
-1.5658	0.31381	0.00062893
-1.5658	0.33891	0.00043128
-1.5658	1.569	0.00027869
-1.5658	1.5941	0.00028045
-1.5407	0.18828	0.00033667
-1.5407	0.21339	0.00057355
-1.5407	0.23849	0.00079519
-1.5407	0.2636	0.00092951
-1.5407	0.2887	0.00092397
-1.5407	0.31381	0.00077739
-1.5407	0.33891	0.00054325
-1.5407	0.36402	0.00029803
-1.5157	0.18828	0.00032335
-1.5157	0.21339	0.00054929
-1.5157	0.23849	0.0007693
-1.5157	0.2636	0.00091067
-1.5157	0.2887	0.00091676
-1.5157	0.31381	0.00078272
-1.5157	0.33891	0.00055158
-1.5157	0.36402	0.00030321
-1.4906	0.21339	0.00042597
-1.4906	0.23849	0.00060569
-1.4906	0.2636	0.00073076
-1.4906	0.2887	0.00074937
-1.4906	0.31381	0.00065076
-1.4906	0.33891	0.00046266
-1.4906	0.36402	0.0002538
-1.4656	0.21339	0.00025477
-1.4656	0.23849	0.00037454
-1.4656	0.2636	0.00046608
-1.4656	0.2887	0.00049338
-1.4656	0.31381	0.00043931
-1.4656	0.33891	0.0003189
-1.4405	0.2887	0.00025555
-1.3904	0.21339	0.00029975
-1.3904	0.23849	0.00032601
-1.3904	0.2636	0.00030362
-1.3653	0.16318	0.00035072
-1.3653	0.18828	0.00056099
-1.3653	0.21339	0.000737
-1.3653	0.23849	0.00081346
-1.3653	0.2636	0.00075922
-1.3653	0.2887	0.00059765
-1.3653	0.31381	0.00038431
-1.3403	0.13808	0.0003331
-1.3403	0.16318	0.00068543
-1.3403	0.18828	0.0011074
-1.3403	0.21339	0.0014838
-1.3403	0.23849	0.0016806
-1.3403	0.2636	0.001621
-1.3403	0.2887	0.0013053
-1.3403	0.31381	0.00085048
-1.3403	0.33891	0.00042669
-1.3152	0.13808	0.00057968
-1.3152	0.16318	0.0012161
-1.3152	0.18828	0.0020108
-1.3152	0.21339	0.0027425
-1.3152	0.23849	0.0032826
-1.3152	0.2636	0.0033701
-1.3152	0.2887	0.0028403
-1.3152	0.31381	0.0019476
-1.3152	0.33891	0.00096712
-1.3152	0.36402	0.00029023
-1.3152	0.46444	0.00028965
-1.2902	0.11297	0.00059395
-1.2902	0.13808	0.00082469
-1.2902	0.16318	0.0020697
-1.2902	0.18828	0.003794
-1.2902	0.21339	0.0047576
-1.2902	0.23849	0.0071956
-1.2902	0.2636	0.010039
-1.2902	0.2887	0.0094803
-1.2902	0.31381	0.0069359
-1.2902	0.33891	0.0036311
-1.2902	0.36402	0.0010505
-1.2902	0.41423	0.00042555
-1.2902	0.43933	0.001107
-1.2902	0.46444	0.0013438
-1.2902	0.48954	0.0012218
-1.2902	0.51464	0.00038876
-1.2902	0.61506	0.00028219
-1.2651	0.087866	0.0012708
-1.2651	0.11297	0.0032226
-1.2651	0.13808	0.0060032
-1.2651	0.16318	0.0059876
-1.2651	0.18828	0.012177
-1.2651	0.21339	0.020745
-1.2651	0.23849	0.057261
-1.2651	0.2636	0.097321
-1.2651	0.2887	0.1106
-1.2651	0.31381	0.091378
-1.2651	0.33891	0.047433
-1.2651	0.36402	0.013275
-1.2651	0.38912	0.00061973
-1.2651	0.41423	0.0061197
-1.2651	0.43933	0.017206
-1.2651	0.46444	0.021128
-1.2651	0.48954	0.016349
-1.2651	0.51464	0.0064786
-1.2651	0.53975	0.00088432
-1.2651	0.56485	0.00034849
-1.2651	0.58996	0.0023315
-1.2651	0.61506	0.0030725
-1.2651	0.64017	0.0021566
-1.2651	0.66527	0.00083514
-1.2651	0.79079	0.0003153
-1.2401	-0.037657	0.00040995
-1.2401	-0.012552	0.00075857
-1.2401	0.012552	0.00043988
-1.2401	0.087866	0.013883
-1.2401	0.11297	0.077177
-1.2401	0.13808	0.11733
-1.2401	0.16318	0.10525
-1.2401	0.18828	0.11578
-1.2401	0.21339	0.10486
-1.2401	0.23849	0.079604
-1.2401	0.2636	0.052798
-1.2401	0.2887	0.023377
-1.2401	0.31381	0.011051
-1.2401	0.33891	0.0023777
-1.2401	0.41423	0.00027047
-1.2401	0.43933	0.00051658
-1.2401	0.46444	0.00083233
-1.2401	0.48954	0.00085065
-1.2401	0.51464	0.00040057
-1.2401	0.58996	0.00064385
-1.2401	0.61506	0.0015668
-1.2401	0.64017	0.0021579
-1.2401	0.66527	0.0020201
-1.2401	0.69038	0.00069517
-1.2401	0.74059	0.00069898
-1.2401	0.76569	0.00321
-1.2401	0.79079	0.0048732
-1.2401	0.8159	0.0030041
-1.2401	0.841	0.00081118
-1.215	-0.062762	0.0011602
-1.215	-0.037657	0.0059621
-1.215	-0.012552	0.017183
-1.215	0.012552	0.0054516
-1.215	0.037657	0.00049088
-1.215	0.062762	0.00027529
-1.215	0.087866	0.0023114
-1.215	0.11297	0.004192
-1.215	0.13808	0.0062208
-1.215	0.16318	0.0086414
-1.215	0.18828	0.0097486
-1.215	0.21339	0.0099086
-1.215	0.23849	0.0079932
-1.215	0.2636	0.0061969
-1.215	0.2887	0.0037196
-1.215	0.31381	0.0018367
-1.215	0.33891	0.00067388
-1.215	0.43933	0.00028504
-1.215	0.46444	0.00031805
-1.215	0.79079	0.00031678
-1.215	0.8159	0.00044823
-1.215	0.841	0.00028763
-1.215	0.91632	0.0014697
-1.215	0.94142	0.0037155
-1.215	0.96653	0.0025651
-1.215	0.99163	0.00092169
-1.19	-0.16318	0.00052907
-1.19	-0.13808	0.00078152
-1.19	-0.11297	0.00038036
-1.19	-0.087866	0.00066148
-1.19	-0.062762	0.00069067
-1.19	-0.037657	0.00090917
-1.19	-0.012552	0.00085158
-1.19	0.087866	0.00053815
-1.19	0.11297	0.0013307
-1.19	0.13808	0.0022994
-1.19	0.16318	0.003209
-1.19	0.18828	0.0037185
-1.19	0.21339	0.003698
-1.19	0.23849	0.0032001
-1.19	0.2636	0.0024377
-1.19	0.2887	0.0015199
-1.19	0.31381	0.00076055
-1.19	0.94142	0.00025356
-1.19	0.96653	0.00032274
-1.19	0.99163	0.00036081
-1.19	1.0167	0.00028852
-1.19	1.0669	0.00083026
-1.19	1.0921	0.0013179
-1.19	1.1172	0.0010433
-1.19	1.1423	0.00052259
-1.1649	-0.21339	0.0011446
-1.1649	-0.18828	0.0042943
-1.1649	-0.16318	0.00097409
-1.1649	0.11297	0.00061891
-1.1649	0.13808	0.0010777
-1.1649	0.16318	0.0015313
-1.1649	0.18828	0.001824
-1.1649	0.21339	0.0018655
-1.1649	0.23849	0.0016444
-1.1649	0.2636	0.0012389
-1.1649	0.2887	0.00076274
-1.1649	0.31381	0.00035496
-1.1649	1.1172	0.00053471
-1.1649	1.1423	0.0012873
-1.1649	1.1674	0.0010252
-1.1649	1.2427	0.00036659
-1.1649	1.2678	0.0002528
-1.1399	-0.2636	0.00062561
-1.1399	-0.23849	0.0011453
-1.1399	0.11297	0.00029008
-1.1399	0.13808	0.00051063
-1.1399	0.16318	0.0007348
-1.1399	0.18828	0.00088963
-1.1399	0.21339	0.00092358
-1.1399	0.23849	0.00082351
-1.1399	0.2636	0.00062024
-1.1399	0.2887	0.00037386
-1.1399	1.2427	0.0014169
-1.1399	1.2678	0.0036906
-1.1399	1.2929	0.0028169
-1.1399	1.318	0.0010599
-1.1399	1.4184	0.0004905
-1.1399	1.4435	0.00050555
-1.1399	1.4686	0.00054619
-1.1399	1.4937	0.00051316
-1.1399	1.5188	0.00038731
-1.1399	1.5439	0.00025683
-1.1148	-0.33891	0.00063356
-1.1148	-0.31381	0.00027945
-1.1148	0.16318	0.00032059
-1.1148	0.18828	0.00039172
-1.1148	0.21339	0.00040766
-1.1148	0.23849	0.0003649
-1.1148	0.2636	0.00027212
-1.1148	1.2678	0.00030155
-1.1148	1.2929	0.00027449
-1.1148	1.318	0.00041804
-1.1148	1.3682	0.00060294
-1.1148	1.3933	0.0034568
-1.1148	1.4184	0.0046243
-1.1148	1.4435	0.0020468
-1.1148	1.4686	0.0023165
-1.1148	1.4937	0.0018646
-1.1148	1.5188	0.0011252
-1.1148	1.5439	0.00066878
-1.1148	1.569	0.00036503
-1.0898	-0.38912	0.00092293
-1.0898	-0.36402	0.0025477
-1.0898	1.3933	0.00087176
-1.0898	1.4184	0.0062787
-1.0898	1.4435	0.019449
-1.0898	1.4686	0.025101
-1.0898	1.4937	0.017009
-1.0898	1.5188	0.0041335
-1.0898	1.5439	0.0012353
-1.0898	1.569	0.0011904
-1.0898	1.5941	0.00043236
-1.0647	-0.43933	0.00027315
-1.0647	-0.41423	0.00098758
-1.0647	1.3933	0.00026398
-1.0647	1.4184	0.00073061
-1.0647	1.4435	0.0017945
-1.0647	1.4686	0.0032879
-1.0647	1.4937	0.011381
-1.0647	1.5188	0.022868
-1.0647	1.5439	0.021781
-1.0647	1.569	0.009084
-1.0647	1.5941	0.0012571
-1.0647	1.6192	0.00033763
-1.0397	1.4184	0.00029933
-1.0397	1.4435	0.00057171
-1.0397	1.4686	0.0010366
-1.0397	1.4937	0.0015162
-1.0397	1.5188	0.0021083
-1.0397	1.5439	0.0023651
-1.0397	1.569	0.0051313
-1.0397	1.5941	0.0058092
-1.0397	1.6192	0.0028583
-1.0397	1.6444	0.00040316
-1.0146	0.13808	0.00025485
-1.0146	0.16318	0.00029251
-1.0146	0.18828	0.00028573
-1.0146	1.4435	0.00032564
-1.0146	1.4686	0.00048847
-1.0146	1.4937	0.0006275
-1.0146	1.5188	0.00072236
-1.0146	1.5439	0.00072292
-1.0146	1.569	0.00071787
-1.0146	1.5941	0.00051885
-1.0146	1.6192	0.00033292
-0.98956	-0.53975	0.00040083
-0.98956	0.13808	0.00027439
-0.98956	0.16318	0.00031773
-0.98956	0.18828	0.00031468
-0.98956	0.21339	0.00026617
-0.98956	1.4686	0.00031064
-0.98956	1.4937	0.00036808
-0.98956	1.5188	0.0003817
-0.98956	1.5439	0.00034427
-0.98956	1.569	0.00026895
-0.98956	1.7448	0.00040221
-0.98956	1.7699	0.00034019
-0.96451	-0.58996	0.00077796
-0.96451	-0.56485	0.00051281
-0.96451	0.16318	0.00027913
-0.96451	0.18828	0.00027938
-0.93946	-0.61506	0.00089851
-0.91441	-0.64017	0.00025952
-0.8643	-0.71548	0.00033728
-0.8142	-0.74059	0.00029274
-0.76409	-0.79079	0.00073575
-0.73904	-0.8159	0.00045133
-0.51357	-0.96653	0.00039601
-0.38831	-1.0167	0.00028473
-0.18789	-1.0669	0.00032941
-0.16284	-1.0669	0.0006033
-0.13779	-1.0669	0.00040143
-0.11273	-1.0669	0.00035076
-0.087683	-1.0921	0.00028094
-0.087683	-1.0669	0.00031725
-0.06263	-1.0921	0.00047642
-0.06263	-1.0669	0.00027111
-0.037578	-1.0921	0.00060141
-0.012526	-1.0921	0.00058328
0.012526	-1.0921	0.00055245
0.012526	-0.062762	0.00027555
0.012526	-0.037657	0.00034996
0.012526	-0.012552	0.00037519
0.012526	0.012552	0.00034289
0.012526	0.037657	0.00026708
0.037578	-1.0921	0.00075599
0.037578	-1.0669	0.00027504
0.037578	-0.062762	0.00039271
0.037578	-0.037657	0.00050427
0.037578	-0.012552	0.00054531
0.037578	0.012552	0.00050545
0.037578	0.037657	0.00040016
0.037578	0.062762	0.00026438
0.06263	-1.0921	0.0010054
0.06263	-1.0669	0.00046698
0.06263	-0.087866	0.00029569
0.06263	-0.062762	0.00046011
0.06263	-0.037657	0.00059179
0.06263	-0.012552	0.0006451
0.06263	0.012552	0.00060299
0.06263	0.037657	0.00047878
0.06263	0.062762	0.00031751
0.087683	-1.0921	0.00096844
0.087683	-1.0669	0.00079284
0.087683	-0.087866	0.00028464
0.087683	-0.062762	0.00044143
0.087683	-0.037657	0.00057149
0.087683	-0.012552	0.00062631
0.087683	0.012552	0.00058971
0.087683	0.037657	0.00047101
0.087683	0.062762	0.00031094
0.11273	-1.0921	0.00059096
0.11273	-1.0669	0.0012808
0.11273	-0.062762	0.00033769
0.11273	-0.037657	0.00044219
0.11273	-0.012552	0.00049365
0.11273	0.012552	0.00046937
0.11273	0.037657	0.00037809
0.13779	-1.0669	0.0021117
0.13779	-0.037657	0.00025284
0.13779	-0.012552	0.0002925
0.13779	0.012552	0.00028617
0.16284	-1.0669	0.0039244
0.18789	-1.0669	0.0019535
0.21294	-1.0669	0.00035011
0.238	-1.0669	0.0003186
0.238	-1.0418	0.00037669
0.26305	-1.0418	0.0038652
0.26305	-0.11297	0.00025979
0.26305	-0.087866	0.00035452
0.26305	-0.062762	0.00040493
0.26305	-0.037657	0.00039179
0.26305	-0.012552	0.00032402
0.2881	-1.0418	0.0016151
0.2881	-0.11297	0.00032382
0.2881	-0.087866	0.00044799
0.2881	-0.062762	0.00052061
0.2881	-0.037657	0.00051753
0.2881	-0.012552	0.00043828
0.2881	0.012552	0.00031269
0.31315	-0.11297	0.00030988
0.31315	-0.087866	0.00043408
0.31315	-0.062762	0.00051327
0.31315	-0.037657	0.00052018
0.31315	-0.012552	0.00044806
0.31315	0.012552	0.00032483
0.3382	-1.0418	0.00042208
0.3382	-1.0167	0.00045412
0.3382	-0.087866	0.00031432
0.3382	-0.062762	0.000383
0.3382	-0.037657	0.00039791
0.3382	-0.012552	0.0003516
0.3382	0.012552	0.00025873
0.36326	-1.0167	0.0009471
0.38831	-1.0167	0.011357
0.38831	-0.96653	0.00028073
0.41336	-1.0167	0.00072245
0.41336	-0.99163	0.0015116
0.43841	-0.99163	0.011494
0.46347	-0.99163	0.0011998
0.46347	-0.96653	0.00095513
0.46347	-0.13808	0.00031704
0.46347	-0.11297	0.00039141
0.46347	-0.087866	0.0004056
0.46347	-0.062762	0.00035664
0.46347	-0.037657	0.00026552
0.48852	-1.0167	0.00029047
0.48852	-0.99163	0.0012628
0.48852	-0.96653	0.0062228
0.48852	-0.16318	0.00030151
0.48852	-0.13808	0.0004625
0.48852	-0.11297	0.00058318
0.48852	-0.087866	0.00062198
0.48852	-0.062762	0.00056564
0.48852	-0.037657	0.00043574
0.48852	-0.012552	0.00027832
0.51357	-0.96653	0.01568
0.51357	-0.94142	0.0032253
0.51357	-0.91632	0.00054284
0.51357	-0.16318	0.00032655
0.51357	-0.13808	0.0005041
0.51357	-0.11297	0.00064665
0.51357	-0.087866	0.00070214
0.51357	-0.062762	0.00065289
0.51357	-0.037657	0.00051372
0.51357	-0.012552	0.00033344
0.53862	-0.96653	0.0019081
0.53862	-0.94142	0.0060916
0.53862	-0.16318	0.000258
0.53862	-0.13808	0.00040714
0.53862	-0.11297	0.00053495
0.53862	-0.087866	0.00059763
0.53862	-0.062762	0.00056846
0.53862	-0.037657	0.00045558
0.53862	-0.012552	0.00029947
0.56367	-0.99163	0.00030449
0.56367	-0.94142	0.0059518
0.56367	-0.11297	0.00029655
0.56367	-0.087866	0.00035088
0.56367	-0.062762	0.00035007
0.56367	-0.037657	0.00029267
0.58873	-0.94142	0.00032277
0.58873	-0.91632	0.0010634
0.58873	-0.89121	0.00046843
0.58873	-0.86611	0.00041753
0.61378	-0.91632	0.0066162
0.61378	-0.89121	0.0099039
0.61378	-0.86611	0.0012089
0.61378	-0.841	0.00038072
0.63883	-0.89121	0.047002
0.63883	-0.86611	0.0023023
0.63883	-0.841	0.0023496
0.63883	-0.16318	0.00027785
0.63883	-0.13808	0.00029095
0.63883	-0.11297	0.00025382
0.66388	-0.91632	0.00032651
0.66388	-0.86611	0.067471
0.66388	-0.8159	0.00052898
0.66388	-0.21339	0.00031048
0.66388	-0.18828	0.00053782
0.66388	-0.16318	0.00072304
0.66388	-0.13808	0.00080943
0.66388	-0.11297	0.00076734
0.66388	-0.087866	0.00062066
0.66388	-0.062762	0.00042523
0.68894	-1.4686	0.00031427
0.68894	-1.4435	0.0003726
0.68894	-1.4184	0.00037871
0.68894	-1.3933	0.00032812
0.68894	-0.91632	0.00043413
0.68894	-0.89121	0.00089387
0.68894	-0.86611	0.0054818
0.68894	-0.841	0.026376
0.68894	-0.21339	0.00053313
0.68894	-0.18828	0.00090783
0.68894	-0.16318	0.0012456
0.68894	-0.13808	0.0014275
0.68894	-0.11297	0.0013965
0.68894	-0.087866	0.0011695
0.68894	-0.062762	0.00082963
0.68894	-0.037657	0.00048308
0.71399	-1.4937	0.00033729
0.71399	-1.4686	0.00046645
0.71399	-1.4435	0.0005522
0.71399	-1.4184	0.0005616
0.71399	-1.3933	0.00048578
0.71399	-1.3682	0.0003513
0.71399	-0.89121	0.00031615
0.71399	-0.86611	0.001046
0.71399	-0.841	0.036339
0.71399	-0.8159	0.011937
0.71399	-0.79079	0.0014911
0.71399	-0.23849	0.00031095
0.71399	-0.21339	0.00070302
0.71399	-0.18828	0.0011891
0.71399	-0.16318	0.0016318
0.71399	-0.13808	0.0018924
0.71399	-0.11297	0.0018806
0.71399	-0.087866	0.0016005
0.71399	-0.062762	0.001152
0.71399	-0.037657	0.00067773
0.71399	-0.012552	0.00029916
0.71399	2.4477	0.00081236
0.71399	2.4728	0.0019708
0.73904	-1.5188	0.00026893
0.73904	-1.4937	0.00043852
0.73904	-1.4686	0.00059867
0.73904	-1.4435	0.00070305
0.73904	-1.4184	0.00070965
0.73904	-1.3933	0.00060954
0.73904	-1.3682	0.00043408
0.73904	-0.89121	0.00037244
0.73904	-0.86611	0.0012372
0.73904	-0.8159	0.14055
0.73904	-0.76569	0.0023685
0.73904	-0.23849	0.00032897
0.73904	-0.21339	0.00071951
0.73904	-0.18828	0.0012086
0.73904	-0.16318	0.0016716
0.73904	-0.13808	0.0019586
0.73904	-0.11297	0.0019733
0.73904	-0.087866	0.0017072
0.73904	-0.062762	0.0012411
0.73904	-0.037657	0.00072898
0.73904	-0.012552	0.00031496
0.73904	2.3975	0.00036452
0.73904	2.4226	0.0010467
0.73904	2.4477	0.0009545
0.73904	2.4728	0.00063118
0.76409	-1.5188	0.00031991
0.76409	-1.4937	0.00050973
0.76409	-1.4686	0.00068555
0.76409	-1.4435	0.00079478
0.76409	-1.4184	0.0007918
0.76409	-1.3933	0.00067049
0.76409	-1.3682	0.00046797
0.76409	-0.89121	0.00053432
0.76409	-0.86611	0.0012514
0.76409	-0.841	0.0058353
0.76409	-0.79079	0.2308
0.76409	-0.74059	0.00042063
0.76409	-0.21339	0.00053255
0.76409	-0.18828	0.00090728
0.76409	-0.16318	0.0012818
0.76409	-0.13808	0.0015388
0.76409	-0.11297	0.0015911
0.76409	-0.087866	0.0014012
0.76409	-0.062762	0.0010353
0.76409	-0.037657	0.00061067
0.76409	-0.012552	0.00025763
0.78914	-1.5188	0.00034554
0.78914	-1.4937	0.00053759
0.78914	-1.4686	0.00071084
0.78914	-1.4435	0.00080968
0.78914	-1.4184	0.00079546
0.78914	-1.3933	0.00066117
0.78914	-1.3682	0.00044889
0.78914	-0.91632	0.00025395
0.78914	-0.89121	0.00066271
0.78914	-0.86611	0.0014303
0.78914	-0.841	0.0023752
0.78914	-0.8159	0.0064536
0.78914	-0.79079	0.032036
0.78914	-0.76569	0.04338
0.78914	-0.74059	0.00067871
0.78914	-0.18828	0.00039574
0.78914	-0.16318	0.00060828
0.78914	-0.13808	0.00078725
0.78914	-0.11297	0.00086747
0.78914	-0.087866	0.00080576
0.78914	-0.062762	0.00062307
0.78914	-0.037657	0.00037532
0.8142	-1.5188	0.00034173
0.8142	-1.4937	0.00051898
0.8142	-1.4686	0.00067267
0.8142	-1.4435	0.00075421
0.8142	-1.4184	0.00072474
0.8142	-1.3933	0.00059017
0.8142	-1.3682	0.00038774
0.8142	-1.0167	0.0002574
0.8142	-0.91632	0.00031862
0.8142	-0.89121	0.00077354
0.8142	-0.86611	0.0014593
0.8142	-0.841	0.0023339
0.8142	-0.8159	0.0029687
0.8142	-0.79079	0.0044036
0.8142	-0.76569	0.010624
0.8142	-0.71548	0.00064647
0.8142	-0.69038	0.0003413
0.8142	-0.66527	0.00030271
0.83925	-1.5188	0.00030979
0.83925	-1.4937	0.00045982
0.83925	-1.4686	0.00058358
0.83925	-1.4435	0.00064139
0.83925	-1.4184	0.00060519
0.83925	-1.3933	0.00047944
0.83925	-1.3682	0.00030319
0.83925	-0.91632	0.00037488
0.83925	-0.89121	0.00082627
0.83925	-0.86611	0.0014008
0.83925	-0.841	0.0019013
0.83925	-0.8159	0.0020754
0.83925	-0.79079	0.0017353
0.83925	-0.76569	0.001687
0.83925	-0.74059	0.0011471
0.83925	-0.71548	0.012593
0.83925	-0.66527	0.0017515
0.83925	-0.64017	0.00083385
0.83925	-0.21339	0.00030215
0.83925	-0.18828	0.00031716
0.83925	-0.16318	0.0002569
0.8643	-1.5188	0.00025612
0.8643	-1.4937	0.00037177
0.8643	-1.4686	0.00046337
0.8643	-1.4435	0.0004987
0.8643	-1.4184	0.00046038
0.8643	-1.3933	0.00035467
0.8643	-0.91632	0.00040356
0.8643	-0.89121	0.00081194
0.8643	-0.86611	0.0012497
0.8643	-0.841	0.0015128
0.8643	-0.8159	0.0014099
0.8643	-0.79079	0.00093116
0.8643	-0.74059	0.00026787
0.8643	-0.71548	0.036646
0.8643	-0.69038	0.16047
0.8643	-0.66527	0.0089295
0.8643	-0.64017	0.0053544
0.8643	-0.58996	0.00042725
0.8643	-0.56485	0.00039964
0.8643	-0.53975	0.00036607
0.8643	-0.41423	0.00032341
0.8643	-0.38912	0.00038505
0.8643	-0.36402	0.00029066
0.8643	-0.2636	0.00051589
0.8643	-0.23849	0.0010832
0.8643	-0.21339	0.0015993
0.8643	-0.18828	0.0018888
0.8643	-0.16318	0.0018586
0.8643	-0.13808	0.0015397
0.8643	-0.11297	0.0010789
0.8643	-0.087866	0.00062233
0.8643	-0.062762	0.00029031
0.88935	-1.4937	0.00027212
0.88935	-1.4686	0.00033247
0.88935	-1.4435	0.00035209
0.88935	-1.4184	0.00031752
0.88935	-0.91632	0.00039783
0.88935	-0.89121	0.00073356
0.88935	-0.86611	0.0010379
0.88935	-0.841	0.0011419
0.88935	-0.8159	0.00094506
0.88935	-0.79079	0.00050362
0.88935	-0.74059	0.00065363
0.88935	-0.71548	0.0019359
0.88935	-0.69038	0.027009
0.88935	-0.66527	0.36061
0.88935	-0.61506	0.00071518
0.88935	-0.58996	0.00033605
0.88935	-0.56485	0.00080955
0.88935	-0.53975	0.00063137
0.88935	-0.51464	0.00029926
0.88935	-0.43933	0.00032162
0.88935	-0.41423	0.00060199
0.88935	-0.38912	0.00067507
0.88935	-0.36402	0.00046252
0.88935	-0.2887	0.00043178
0.88935	-0.2636	0.0014957
0.88935	-0.23849	0.002922
0.88935	-0.21339	0.0043608
0.88935	-0.18828	0.0052651
0.88935	-0.16318	0.0053694
0.88935	-0.13808	0.0046909
0.88935	-0.11297	0.0034828
0.88935	-0.087866	0.0021736
0.88935	-0.062762	0.0010964
0.88935	-0.037657	0.0004048
0.88935	1.1172	0.0003038
0.88935	1.1423	0.00032808
0.88935	1.1674	0.00029945
0.91441	-0.91632	0.00035756
0.91441	-0.89121	0.00060901
0.91441	-0.86611	0.00080019
0.91441	-0.841	0.00081407
0.91441	-0.8159	0.00061765
0.91441	-0.79079	0.00031853
0.91441	-0.74059	0.00070918
0.91441	-0.71548	0.0019847
0.91441	-0.69038	0.0081046
0.91441	-0.66527	0.046575
0.91441	-0.64017	0.10324
0.91441	-0.61506	0.0015264
0.91441	-0.58996	0.001461
0.91441	-0.56485	0.0014856
0.91441	-0.53975	0.0010965
0.91441	-0.51464	0.00048469
0.91441	-0.43933	0.00057864
0.91441	-0.41423	0.00098709
0.91441	-0.38912	0.0010184
0.91441	-0.36402	0.00062035
0.91441	-0.2887	0.0010719
0.91441	-0.2636	0.0031997
0.91441	-0.23849	0.0060976
0.91441	-0.21339	0.0088943
0.91441	-0.18828	0.010715
0.91441	-0.16318	0.010987
0.91441	-0.13808	0.0096898
0.91441	-0.11297	0.0073335
0.91441	-0.087866	0.0046363
0.91441	-0.062762	0.0023448
0.91441	-0.037657	0.00084671
0.91441	1.0669	0.00026372
0.91441	1.0921	0.00044198
0.91441	1.1172	0.00058954
0.91441	1.1423	0.00065639
0.91441	1.1674	0.00062301
0.91441	1.1925	0.00050678
0.91441	1.2176	0.00034891
0.93946	-0.91632	0.00029268
0.93946	-0.89121	0.00046354
0.93946	-0.86611	0.00057128
0.93946	-0.841	0.00054779
0.93946	-0.8159	0.00039416
0.93946	-0.74059	0.00065405
0.93946	-0.71548	0.0015178
0.93946	-0.69038	0.0030295
0.93946	-0.66527	0.0048389
0.93946	-0.64017	0.0067559
0.93946	-0.61506	0.0033935
0.93946	-0.58996	0.0084838
0.93946	-0.56485	0.0010595
0.93946	-0.53975	0.0017312
0.93946	-0.51464	0.0010298
0.93946	-0.46444	0.00026644
0.93946	-0.43933	0.00095661
0.93946	-0.41423	0.0014887
0.93946	-0.38912	0.0014139
0.93946	-0.36402	0.00073624
0.93946	-0.31381	0.00033614
0.93946	-0.2887	0.0022262
0.93946	-0.2636	0.005901
0.93946	-0.23849	0.010719
0.93946	-0.21339	0.01526
0.93946	-0.18828	0.018176
0.93946	-0.16318	0.018505
0.93946	-0.13808	0.016241
0.93946	-0.11297	0.01224
0.93946	-0.087866	0.0077012
0.93946	-0.062762	0.0038214
0.93946	-0.037657	0.0013133
0.93946	0.037657	0.0002574
0.93946	0.062762	0.0004588
0.93946	0.087866	0.00045357
0.93946	0.11297	0.00029217
0.93946	1.0669	0.00039417
0.93946	1.0921	0.00065472
0.93946	1.1172	0.00088245
0.93946	1.1423	0.00099907
0.93946	1.1674	0.00097
0.93946	1.1925	0.00080791
0.93946	1.2176	0.00057121
0.93946	1.2427	0.00032978
0.96451	-0.89121	0.00032145
0.96451	-0.86611	0.00037571
0.96451	-0.841	0.00034488
0.96451	-0.74059	0.00053161
0.96451	-0.71548	0.0010219
0.96451	-0.69038	0.0014763
0.96451	-0.66527	0.0015521
0.96451	-0.64017	0.0012087
0.96451	-0.58996	0.067117
0.96451	-0.56485	0.081266
0.96451	-0.53975	0.0033483
0.96451	-0.51464	0.0027313
0.96451	-0.46444	0.0005469
0.96451	-0.43933	0.0015566
0.96451	-0.41423	0.0021761
0.96451	-0.38912	0.0018301
0.96451	-0.36402	0.00079286
0.96451	-0.31381	0.00080031
0.96451	-0.2887	0.0040492
0.96451	-0.2636	0.0097906
0.96451	-0.23849	0.016854
0.96451	-0.21339	0.023339
0.96451	-0.18828	0.027236
0.96451	-0.16318	0.027356
0.96451	-0.13808	0.023777
0.96451	-0.11297	0.017648
0.96451	-0.087866	0.010933
0.96451	-0.062762	0.005261
0.96451	-0.037657	0.0016826
0.96451	0.037657	0.00053312
0.96451	0.062762	0.00085791
0.96451	0.087866	0.00081148
0.96451	0.11297	0.00050069
0.96451	1.0669	0.00046569
0.96451	1.0921	0.00077348
0.96451	1.1172	0.0010534
0.96451	1.1423	0.0012169
0.96451	1.1674	0.0012032
0.96451	1.1925	0.0010259
0.96451	1.2176	0.00073685
0.96451	1.2427	0.00043164
0.98956	-0.74059	0.00039861
0.98956	-0.71548	0.00064281
0.98956	-0.69038	0.00080073
0.98956	-0.66527	0.00071156
0.98956	-0.64017	0.00026649
0.98956	-0.53975	0.26476
0.98956	-0.46444	0.0009637
0.98956	-0.43933	0.0027656
0.98956	-0.41423	0.0032613
0.98956	-0.38912	0.0023566
0.98956	-0.36402	0.0007868
0.98956	-0.31381	0.0016483
0.98956	-0.2887	0.0067618
0.98956	-0.2636	0.014905
0.98956	-0.23849	0.024494
0.98956	-0.21339	0.032763
0.98956	-0.18828	0.037282
0.98956	-0.16318	0.036762
0.98956	-0.13808	0.031353
0.98956	-0.11297	0.022861
0.98956	-0.087866	0.013797
0.98956	-0.062762	0.0064244
0.98956	-0.037657	0.0018635
0.98956	0.037657	0.00093144
0.98956	0.062762	0.0013626
0.98956	0.087866	0.0012206
0.98956	0.11297	0.00071383
0.98956	0.21339	0.00029818
0.98956	0.23849	0.00042674
0.98956	0.2636	0.0004006
0.98956	0.2887	0.00026527
0.98956	1.0669	0.00041289
0.98956	1.0921	0.00069729
0.98956	1.1172	0.0009755
0.98956	1.1423	0.0011624
0.98956	1.1674	0.0011872
0.98956	1.1925	0.0010432
0.98956	1.2176	0.00076932
0.98956	1.2427	0.00045829
1.0146	-0.74059	0.00027119
1.0146	-0.71548	0.00038783
1.0146	-0.69038	0.00042721
1.0146	-0.66527	0.00034081
1.0146	-0.58996	0.0004121
1.0146	-0.56485	0.0054262
1.0146	-0.53975	0.011308
1.0146	-0.51464	0.027586
1.0146	-0.48954	0.0010109
1.0146	-0.46444	0.00078448
1.0146	-0.43933	0.0067978
1.0146	-0.41423	0.0054646
1.0146	-0.38912	0.0032762
1.0146	-0.36402	0.00075126
1.0146	-0.31381	0.0032955
1.0146	-0.2887	0.010774
1.0146	-0.2636	0.021798
1.0146	-0.23849	0.033691
1.0146	-0.21339	0.043401
1.0146	-0.18828	0.04794
1.0146	-0.16318	0.046041
1.0146	-0.13808	0.038346
1.0146	-0.11297	0.027265
1.0146	-0.087866	0.015942
1.0146	-0.062762	0.0070382
1.0146	-0.037657	0.0018208
1.0146	0.012552	0.00045483
1.0146	0.037657	0.0014318
1.0146	0.062762	0.0019156
1.0146	0.087866	0.0016221
1.0146	0.11297	0.00089004
1.0146	0.13808	0.00025367
1.0146	0.21339	0.00052281
1.0146	0.23849	0.0006891
1.0146	0.2636	0.00060725
1.0146	0.2887	0.00037538
1.0146	0.38912	0.00027361
1.0146	0.41423	0.00032835
1.0146	0.43933	0.0002877
1.0146	1.0921	0.00039726
1.0146	1.1172	0.00060158
1.0146	1.1423	0.00077278
1.0146	1.1674	0.0008479
1.0146	1.1925	0.00079102
1.0146	1.2176	0.00061628
1.0146	1.2427	0.0003809
1.0397	-0.58996	0.0003318
1.0397	-0.56485	0.00079405
1.0397	-0.53975	0.0012563
1.0397	-0.51464	0.0012308
1.0397	-0.46444	0.093822
1.0397	-0.43933	0.0396
1.0397	-0.41423	0.011535
1.0397	-0.38912	0.0057034
1.0397	-0.36402	0.0010687
1.0397	-0.33891	0.00071943
1.0397	-0.31381	0.0062937
1.0397	-0.2887	0.016992
1.0397	-0.2636	0.031076
1.0397	-0.23849	0.045197
1.0397	-0.21339	0.055414
1.0397	-0.18828	0.058888
1.0397	-0.16318	0.054789
1.0397	-0.13808	0.0442
1.0397	-0.11297	0.030471
1.0397	-0.087866	0.017151
1.0397	-0.062762	0.0071111
1.0397	-0.037657	0.0015976
1.0397	0.012552	0.00079873
1.0397	0.037657	0.0019871
1.0397	0.062762	0.0024408
1.0397	0.087866	0.0019459
1.0397	0.11297	0.00099527
1.0397	0.18828	0.00039037
1.0397	0.21339	0.00080955
1.0397	0.23849	0.00098488
1.0397	0.2636	0.00081862
1.0397	0.2887	0.00047153
1.0397	0.36402	0.00032121
1.0397	0.38912	0.00051316
1.0397	0.41423	0.00058891
1.0397	0.43933	0.00048817
1.0397	0.46444	0.00029341
1.0397	1.1674	0.00029927
1.0397	1.1925	0.00033758
1.0397	1.2176	0.00030709
1.0397	1.569	0.00038104
1.0397	1.5941	0.00045673
1.0647	-0.56485	0.00029811
1.0647	-0.53975	0.00033653
1.0647	-0.48954	0.00048494
1.0647	-0.43933	0.10408
1.0647	-0.41423	0.16823
1.0647	-0.38912	0.073144
1.0647	-0.33891	0.0028168
1.0647	-0.31381	0.012184
1.0647	-0.2887	0.028859
1.0647	-0.2636	0.046111
1.0647	-0.23849	0.061378
1.0647	-0.21339	0.070515
1.0647	-0.18828	0.071162
1.0647	-0.16318	0.063423
1.0647	-0.13808	0.04914
1.0647	-0.11297	0.032568
1.0647	-0.087866	0.017456
1.0647	-0.062762	0.0067094
1.0647	-0.037657	0.0012719
1.0647	0.012552	0.0012306
1.0647	0.037657	0.0025443
1.0647	0.062762	0.002873
1.0647	0.087866	0.0021479
1.0647	0.11297	0.0010146
1.0647	0.18828	0.00063259
1.0647	0.21339	0.001135
1.0647	0.23849	0.0012826
1.0647	0.2636	0.00099932
1.0647	0.2887	0.00054258
1.0647	0.33891	0.00028232
1.0647	0.36402	0.00057001
1.0647	0.38912	0.00086201
1.0647	0.41423	0.00093584
1.0647	0.43933	0.00074497
1.0647	0.46444	0.0004118
1.0647	1.0669	0.00030336
1.0647	1.0921	0.0003299
1.0647	1.1172	0.00027345
1.0647	1.5188	0.00053169
1.0647	1.5439	0.00081914
1.0647	1.569	0.00036238
1.0898	-0.46444	0.0015828
1.0898	-0.43933	0.0038133
1.0898	-0.38912	0.07068
1.0898	-0.36402	0.023282
1.0898	-0.33891	0.020175
1.0898	-0.31381	0.031481
1.0898	-0.2887	0.066304
1.0898	-0.2636	0.076283
1.0898	-0.23849	0.093077
1.0898	-0.21339	0.094304
1.0898	-0.18828	0.087965
1.0898	-0.16318	0.073742
1.0898	-0.13808	0.054179
1.0898	-0.11297	0.033946
1.0898	-0.087866	0.017072
1.0898	-0.062762	0.0060695
1.0898	-0.037657	0.00094933
1.0898	-0.012552	0.00032507
1.0898	0.012552	0.0017437
1.0898	0.037657	0.0030516
1.0898	0.062762	0.003176
1.0898	0.087866	0.002219
1.0898	0.11297	0.00096692
1.0898	0.16318	0.00032432
1.0898	0.18828	0.000929
1.0898	0.21339	0.0014735
1.0898	0.23849	0.0015408
1.0898	0.2636	0.0011333
1.0898	0.2887	0.00058733
1.0898	0.31381	0.00031492
1.0898	0.33891	0.0004845
1.0898	0.36402	0.00093215
1.0898	0.38912	0.0013186
1.0898	0.41423	0.0013602
1.0898	0.43933	0.0010286
1.0898	0.46444	0.00054052
1.0898	0.86611	0.00032428
1.0898	0.89121	0.00043231
1.0898	0.91632	0.00036253
1.0898	1.0167	0.00071406
1.0898	1.0418	0.0015587
1.0898	1.0669	0.0024876
1.0898	1.0921	0.0031228
1.0898	1.1172	0.0032678
1.0898	1.1423	0.0029751
1.0898	1.1674	0.0023284
1.0898	1.1925	0.0013552
1.0898	1.2176	0.00073516
1.0898	1.2427	0.00030703
1.0898	1.4184	0.00028204
1.0898	1.4435	0.00044206
1.0898	1.4686	0.0003733
1.1148	-0.46444	0.00027047
1.1148	-0.43933	0.00050683
1.1148	-0.41423	0.00073818
1.1148	-0.38912	0.0030108
1.1148	-0.33891	0.0026967
1.1148	-0.31381	1.1255
1.1148	-0.2887	0.40779
1.1148	-0.2636	0.045051
1.1148	-0.23849	0.21468
1.1148	-0.21339	0.12682
1.1148	-0.18828	0.12407
1.1148	-0.16318	0.092702
1.1148	-0.13808	0.061254
1.1148	-0.11297	0.03591
1.1148	-0.087866	0.016626
1.1148	-0.062762	0.0052365
1.1148	-0.037657	0.00070241
1.1148	-0.012552	0.00066466
1.1148	0.012552	0.002311
1.1148	0.037657	0.0035126
1.1148	0.062762	0.0033413
1.1148	0.087866	0.0021639
1.1148	0.11297	0.00087318
1.1148	0.13808	0.00027241
1.1148	0.16318	0.00054017
1.1148	0.18828	0.0012623
1.1148	0.21339	0.0017933
1.1148	0.23849	0.0017458
1.1148	0.2636	0.0012056
1.1148	0.2887	0.00061557
1.1148	0.31381	0.00043755
1.1148	0.33891	0.00078801
1.1148	0.36402	0.001416
1.1148	0.38912	0.0018766
1.1148	0.41423	0.0018507
1.1148	0.43933	0.0013443
1.1148	0.46444	0.00066626
1.1148	0.56485	0.00036838
1.1148	0.58996	0.00037829
1.1148	0.71548	0.00032734
1.1148	0.74059	0.00033827
1.1148	0.841	0.00035444
1.1148	0.86611	0.00075543
1.1148	0.89121	0.00095471
1.1148	0.91632	0.00074629
1.1148	0.99163	0.00074229
1.1148	1.0167	0.0030324
1.1148	1.0418	0.0066833
1.1148	1.0669	0.011005
1.1148	1.0921	0.014015
1.1148	1.1172	0.016651
1.1148	1.1423	0.01826
1.1148	1.1674	0.015143
1.1148	1.1925	0.0093161
1.1148	1.2176	0.0059703
1.1148	1.2427	0.0038632
1.1148	1.2678	0.001687
1.1148	1.318	0.00045613
1.1148	1.3431	0.0036808
1.1148	1.3682	0.0032574
1.1148	1.3933	0.0012446
1.1399	-0.38912	0.00054793
1.1399	-0.31381	0.016907
1.1399	-0.2887	0.39451
1.1399	-0.2636	1.6505
1.1399	-0.23849	2.1206
1.1399	-0.21339	0.12562
1.1399	-0.18828	0.27917
1.1399	-0.16318	0.15578
1.1399	-0.13808	0.077891
1.1399	-0.11297	0.042439
1.1399	-0.087866	0.017516
1.1399	-0.062762	0.0047209
1.1399	-0.037657	0.00064493
1.1399	-0.012552	0.001204
1.1399	0.012552	0.0030087
1.1399	0.037657	0.0039528
1.1399	0.062762	0.0034326
1.1399	0.087866	0.0020421
1.1399	0.11297	0.00077992
1.1399	0.13808	0.00036767
1.1399	0.16318	0.00083375
1.1399	0.18828	0.0016292
1.1399	0.21339	0.0020961
1.1399	0.23849	0.001886
1.1399	0.2636	0.0012284
1.1399	0.2887	0.00065407
1.1399	0.31381	0.00063215
1.1399	0.33891	0.0012229
1.1399	0.36402	0.0020388
1.1399	0.38912	0.002547
1.1399	0.41423	0.0023973
1.1399	0.43933	0.0016764
1.1399	0.46444	0.00081444
1.1399	0.53975	0.00042534
1.1399	0.56485	0.00064856
1.1399	0.58996	0.00060361
1.1399	0.61506	0.0003318
1.1399	0.69038	0.00027309
1.1399	0.71548	0.00050653
1.1399	0.74059	0.00050704
1.1399	0.841	0.00080795
1.1399	0.86611	0.0016193
1.1399	0.89121	0.0019617
1.1399	0.91632	0.0014111
1.1399	0.94142	0.00033452
1.1399	0.99163	0.002873
1.1399	1.0167	0.011596
1.1399	1.0418	0.027496
1.1399	1.0669	0.045912
1.1399	1.0921	0.054644
1.1399	1.1172	0.07024
1.1399	1.1423	0.10086
1.1399	1.1674	0.1056
1.1399	1.1925	0.063477
1.1399	1.2176	0.056608
1.1399	1.2427	0.074635
1.1399	1.2678	0.024384
1.1399	1.2929	0.00073966
1.1399	1.318	0.0037966
1.1399	1.3431	0.002762
1.1399	1.3682	0.0014325
1.1399	1.3933	0.00056473
1.1649	-0.31381	0.002676
1.1649	-0.2887	0.018161
1.1649	-0.21339	1.1691
1.1649	-0.18828	2.7447
1.1649	-0.16318	0.94588
1.1649	-0.13808	0.10134
1.1649	-0.11297	0.083629
1.1649	-0.087866	0.030117
1.1649	-0.062762	0.0046276
1.1649	-0.037657	0.0009054
1.1649	-0.012552	0.0021566
1.1649	0.012552	0.0041254
1.1649	0.037657	0.004624
1.1649	0.062762	0.0035854
1.1649	0.087866	0.0019539
1.1649	0.11297	0.00074168
1.1649	0.13808	0.00056379
1.1649	0.16318	0.0012258
1.1649	0.18828	0.0020612
1.1649	0.21339	0.0023975
1.1649	0.23849	0.0020049
1.1649	0.2636	0.001246
1.1649	0.2887	0.00074678
1.1649	0.31381	0.00096749
1.1649	0.33891	0.0018371
1.1649	0.36402	0.002857
1.1649	0.38912	0.0033686
1.1649	0.41423	0.0030522
1.1649	0.43933	0.0020843
1.1649	0.46444	0.0010303
1.1649	0.48954	0.00043093
1.1649	0.51464	0.00046767
1.1649	0.53975	0.00084867
1.1649	0.56485	0.0011128
1.1649	0.58996	0.00095859
1.1649	0.61506	0.00048321
1.1649	0.69038	0.00043258
1.1649	0.71548	0.00079561
1.1649	0.74059	0.00076687
1.1649	0.76569	0.00032835
1.1649	0.8159	0.00044544
1.1649	0.841	0.0018344
1.1649	0.86611	0.0035361
1.1649	0.89121	0.0041794
1.1649	0.91632	0.0027188
1.1649	0.96653	0.0023271
1.1649	0.99163	0.010456
1.1649	1.0167	0.040019
1.1649	1.0418	0.16249
1.1649	1.0669	0.28559
1.1649	1.0921	0.23647
1.1649	1.1172	0.62282
1.1649	1.1423	1.5365
1.1649	1.1674	2.0252
1.1649	1.1925	0.84528
1.1649	1.2176	0.26964
1.1649	1.2427	0.046097
1.1649	1.2678	0.0020003
1.1649	1.318	0.0010546
1.1649	1.3431	0.0012535
1.1649	1.3682	0.00085719
1.1649	1.3933	0.00039628
1.19	-0.31381	0.0012316
1.19	-0.2887	0.0026335
1.19	-0.2636	0.0011573
1.19	-0.23849	0.018131
1.19	-0.21339	0.027044
1.19	-0.18828	0.008188
1.19	-0.16318	0.12704
1.19	-0.13808	0.3208
1.19	-0.11297	0.75128
1.19	-0.087866	0.15238
1.19	-0.062762	0.018546
1.19	-0.037657	0.0029996
1.19	-0.012552	0.005864
1.19	0.012552	0.0072122
1.19	0.037657	0.0065199
1.19	0.062762	0.0045643
1.19	0.087866	0.0021202
1.19	0.11297	0.00086975
1.19	0.13808	0.00095216
1.19	0.16318	0.001864
1.19	0.18828	0.0027062
1.19	0.21339	0.0028453
1.19	0.23849	0.0021996
1.19	0.2636	0.0013361
1.19	0.2887	0.0009742
1.19	0.31381	0.0015353
1.19	0.33891	0.0028197
1.19	0.36402	0.0040872
1.19	0.38912	0.0045949
1.19	0.41423	0.004022
1.19	0.43933	0.0027303
1.19	0.46444	0.0014614
1.19	0.48954	0.00088412
1.19	0.51464	0.00111
1.19	0.53975	0.001716
1.19	0.56485	0.0019909
1.19	0.58996	0.0016015
1.19	0.61506	0.00074471
1.19	0.69038	0.00079299
1.19	0.71548	0.0014091
1.19	0.74059	0.001313
1.19	0.76569	0.00050544
1.19	0.8159	0.0012533
1.19	0.841	0.0049621
1.19	0.86611	0.0095223
1.19	0.89121	0.011304
1.19	0.91632	0.007204
1.19	0.96653	0.019314
1.19	0.99163	0.085987
1.19	1.0167	0.56893
1.19	1.0418	2.3649
1.19	1.0669	4.0445
1.19	1.0921	2.6273
1.19	1.1172	1.4341
1.19	1.1423	0.5566
1.19	1.1674	0.24463
1.19	1.1925	0.088132
1.19	1.2176	0.027611
1.19	1.2427	0.0082474
1.19	1.2678	0.00069063
1.19	1.318	0.00067568
1.19	1.3431	0.00084976
1.19	1.3682	0.00061981
1.19	1.3933	0.00029961
1.215	-0.33891	0.00040318
1.215	-0.31381	0.0011951
1.215	-0.2887	0.0024385
1.215	-0.2636	0.0039152
1.215	-0.23849	0.005926
1.215	-0.21339	0.0072074
1.215	-0.18828	0.011503
1.215	-0.16318	0.0093693
1.215	-0.13808	0.011943
1.215	-0.11297	0.010294
1.215	-0.087866	0.010938
1.215	-0.062762	0.0071547
1.215	-0.037657	0.01123
1.215	-0.012552	0.067699
1.215	0.012552	0.059522
1.215	0.037657	0.02962
1.215	0.062762	0.009762
1.215	0.087866	0.0046707
1.215	0.11297	0.0016158
1.215	0.13808	0.0019988
1.215	0.16318	0.0035075
1.215	0.18828	0.0045391
1.215	0.21339	0.0041991
1.215	0.23849	0.0030049
1.215	0.2636	0.0018518
1.215	0.2887	0.0016332
1.215	0.31381	0.0028272
1.215	0.33891	0.0048733
1.215	0.36402	0.0065738
1.215	0.38912	0.0071009
1.215	0.41423	0.0060903
1.215	0.43933	0.0042337
1.215	0.46444	0.0026072
1.215	0.48954	0.0021708
1.215	0.51464	0.0028959
1.215	0.53975	0.003978
1.215	0.56485	0.0042812
1.215	0.58996	0.0032476
1.215	0.61506	0.0014515
1.215	0.66527	0.00043519
1.215	0.69038	0.0020095
1.215	0.71548	0.0037847
1.215	0.74059	0.0031688
1.215	0.76569	0.0011424
1.215	0.8159	0.0072658
1.215	0.841	0.028183
1.215	0.86611	0.072109
1.215	0.89121	0.10411
1.215	0.91632	0.07042
1.215	0.94142	0.0027381
1.215	0.96653	0.13079
1.215	0.99163	0.27047
1.215	1.0167	0.35451
1.215	1.0418	0.36297
1.215	1.0669	0.33774
1.215	1.0921	0.24352
1.215	1.1172	0.18709
1.215	1.1423	0.11536
1.215	1.1674	0.062437
1.215	1.1925	0.029992
1.215	1.2176	0.010486
1.215	1.2427	0.0026513
1.215	1.318	0.00051822
1.215	1.3431	0.00063086
1.215	1.3682	0.00046175
1.2401	-0.33891	0.00055212
1.2401	-0.31381	0.0015471
1.2401	-0.2887	0.0030674
1.2401	-0.2636	0.0048736
1.2401	-0.23849	0.0065442
1.2401	-0.21339	0.0075861
1.2401	-0.18828	0.0078089
1.2401	-0.16318	0.006599
1.2401	-0.13808	0.0049322
1.2401	-0.11297	0.0034744
1.2401	-0.087866	0.0016277
1.2401	-0.037657	0.00075024
1.2401	-0.012552	0.0020534
1.2401	0.037657	0.0011679
1.2401	0.062762	0.0076493
1.2401	0.087866	0.016212
1.2401	0.11297	0.017088
1.2401	0.13808	0.021163
1.2401	0.16318	0.024957
1.2401	0.18828	0.025006
1.2401	0.21339	0.02178
1.2401	0.23849	0.011441
1.2401	0.2636	0.0068891
1.2401	0.2887	0.0060578
1.2401	0.31381	0.0089849
1.2401	0.33891	0.01413
1.2401	0.36402	0.015555
1.2401	0.38912	0.015975
1.2401	0.41423	0.013452
1.2401	0.43933	0.0098032
1.2401	0.46444	0.0069246
1.2401	0.48954	0.0075274
1.2401	0.51464	0.011472
1.2401	0.53975	0.015635
1.2401	0.56485	0.017194
1.2401	0.58996	0.015477
1.2401	0.61506	0.0073883
1.2401	0.64017	0.0018078
1.2401	0.66527	0.0063834
1.2401	0.69038	0.020057
1.2401	0.71548	0.032338
1.2401	0.74059	0.031069
1.2401	0.76569	0.0087673
1.2401	0.79079	0.0076592
1.2401	0.8159	0.046739
1.2401	0.841	0.052694
1.2401	0.86611	0.032997
1.2401	0.89121	0.017027
1.2401	0.91632	0.0044169
1.2401	0.94142	0.00095141
1.2401	0.96653	0.013532
1.2401	0.99163	0.036339
1.2401	1.0167	0.060349
1.2401	1.0418	0.07955
1.2401	1.0669	0.088918
1.2401	1.0921	0.081817
1.2401	1.1172	0.064923
1.2401	1.1423	0.045134
1.2401	1.1674	0.026794
1.2401	1.1925	0.013331
1.2401	1.2176	0.0049759
1.2401	1.2427	0.0011186
1.2401	1.318	0.00040855
1.2401	1.3431	0.00047289
1.2401	1.3682	0.00033852
1.2651	-0.33891	0.00065362
1.2651	-0.31381	0.0017474
1.2651	-0.2887	0.003354
1.2651	-0.2636	0.0051778
1.2651	-0.23849	0.006723
1.2651	-0.21339	0.0074659
1.2651	-0.18828	0.0071173
1.2651	-0.16318	0.0057364
1.2651	-0.13808	0.0038135
1.2651	-0.11297	0.0019341
1.2651	-0.087866	0.00059982
1.2651	-0.012552	0.00071708
1.2651	0.012552	0.00057686
1.2651	0.037657	0.00043527
1.2651	0.062762	0.00063954
1.2651	0.087866	0.00057901
1.2651	0.11297	0.00052393
1.2651	0.13808	0.00069714
1.2651	0.16318	0.000706
1.2651	0.23849	0.0016953
1.2651	0.2636	0.0063378
1.2651	0.2887	0.013025
1.2651	0.31381	0.03565
1.2651	0.33891	0.082113
1.2651	0.36402	0.12986
1.2651	0.38912	0.14501
1.2651	0.41423	0.13767
1.2651	0.43933	0.11144
1.2651	0.46444	0.097016
1.2651	0.48954	0.099769
1.2651	0.51464	0.10983
1.2651	0.53975	0.10972
1.2651	0.56485	0.075834
1.2651	0.58996	0.034304
1.2651	0.61506	0.0095769
1.2651	0.64017	0.0020331
1.2651	0.66527	0.0023001
1.2651	0.69038	0.002728
1.2651	0.71548	0.003313
1.2651	0.74059	0.0016094
1.2651	0.76569	0.00037216
1.2651	0.79079	0.00089022
1.2651	0.8159	0.0031671
1.2651	0.841	0.0045342
1.2651	0.86611	0.0037408
1.2651	0.89121	0.0017914
1.2651	0.91632	0.0003804
1.2651	0.94142	0.00053964
1.2651	0.96653	0.0046961
1.2651	0.99163	0.012937
1.2651	1.0167	0.022832
1.2651	1.0418	0.031611
1.2651	1.0669	0.036093
1.2651	1.0921	0.035205
1.2651	1.1172	0.029484
1.2651	1.1423	0.021289
1.2651	1.1674	0.013134
1.2651	1.1925	0.0065837
1.2651	1.2176	0.0023844
1.2651	1.2427	0.00050588
1.2651	1.318	0.00031447
1.2651	1.3431	0.00034262
1.2902	-0.33891	0.00064873
1.2902	-0.31381	0.0016622
1.2902	-0.2887	0.003117
1.2902	-0.2636	0.0047183
1.2902	-0.23849	0.0059725
1.2902	-0.21339	0.0064702
1.2902	-0.18828	0.0059454
1.2902	-0.16318	0.0045686
1.2902	-0.13808	0.0027961
1.2902	-0.11297	0.0012226
1.2902	-0.087866	0.0002699
1.2902	-0.037657	0.00025456
1.2902	-0.012552	0.00057135
1.2902	0.012552	0.00064867
1.2902	0.037657	0.00047519
1.2902	0.13808	0.00025559
1.2902	0.16318	0.00036048
1.2902	0.18828	0.00038088
1.2902	0.2636	0.00038291
1.2902	0.2887	0.00052377
1.2902	0.31381	0.0015222
1.2902	0.33891	0.0038076
1.2902	0.36402	0.0055234
1.2902	0.38912	0.0050566
1.2902	0.41423	0.0063849
1.2902	0.43933	0.00468
1.2902	0.46444	0.0043821
1.2902	0.48954	0.0052288
1.2902	0.51464	0.0050539
1.2902	0.53975	0.0053968
1.2902	0.56485	0.004194
1.2902	0.58996	0.0016471
1.2902	0.61506	0.00063219
1.2902	0.64017	0.00027779
1.2902	0.66527	0.00031115
1.2902	0.69038	0.00050316
1.2902	0.71548	0.00052122
1.2902	0.8159	0.00066752
1.2902	0.841	0.0011354
1.2902	0.86611	0.0010603
1.2902	0.89121	0.00053027
1.2902	0.94142	0.00036406
1.2902	0.96653	0.0023425
1.2902	0.99163	0.0059119
1.2902	1.0167	0.010449
1.2902	1.0418	0.014569
1.2902	1.0669	0.016978
1.2902	1.0921	0.016883
1.2902	1.1172	0.014498
1.2902	1.1423	0.010727
1.2902	1.1674	0.0066206
1.2902	1.1925	0.0033051
1.2902	1.2176	0.0011791
1.3152	-0.33891	0.0005285
1.3152	-0.31381	0.001327
1.3152	-0.2887	0.0024344
1.3152	-0.2636	0.0036322
1.3152	-0.23849	0.0045497
1.3152	-0.21339	0.0048333
1.3152	-0.18828	0.0043412
1.3152	-0.16318	0.0032105
1.3152	-0.13808	0.0018416
1.3152	-0.11297	0.00070433
1.3152	-0.037657	0.00028989
1.3152	-0.012552	0.00051757
1.3152	0.012552	0.00052549
1.3152	0.037657	0.00033017
1.3152	0.13808	0.00025984
1.3152	0.16318	0.00035182
1.3152	0.18828	0.00029885
1.3152	0.31381	0.00032702
1.3152	0.33891	0.00056448
1.3152	0.36402	0.00069821
1.3152	0.38912	0.00063579
1.3152	0.41423	0.00061491
1.3152	0.43933	0.00050638
1.3152	0.46444	0.00046767
1.3152	0.48954	0.00055874
1.3152	0.51464	0.00058193
1.3152	0.53975	0.00061814
1.3152	0.56485	0.00052444
1.3152	0.58996	0.00025892
1.3152	0.841	0.00034398
1.3152	0.86611	0.00032733
1.3152	0.96653	0.0011782
1.3152	0.99163	0.0028668
1.3152	1.0167	0.0050028
1.3152	1.0418	0.0070046
1.3152	1.0669	0.0081996
1.3152	1.0921	0.0082469
1.3152	1.1172	0.007145
1.3152	1.1423	0.0053202
1.3152	1.1674	0.003283
1.3152	1.1925	0.0016264
1.3152	1.2176	0.00055815
1.3403	-0.33891	0.00033581
1.3403	-0.31381	0.00082058
1.3403	-0.2887	0.0015272
1.3403	-0.2636	0.0022903
1.3403	-0.23849	0.0028682
1.3403	-0.21339	0.0030336
1.3403	-0.18828	0.0026889
1.3403	-0.16318	0.0019318
1.3403	-0.13808	0.0010451
1.3403	-0.11297	0.00034826
1.3403	-0.037657	0.00026922
1.3403	-0.012552	0.00041374
1.3403	0.012552	0.000378
1.3403	0.16318	0.0002955
1.3403	0.31381	0.0002554
1.3403	0.33891	0.00030009
1.3403	0.36402	0.00027455
1.3403	0.96653	0.0006047
1.3403	0.99163	0.0013737
1.3403	1.0167	0.0023772
1.3403	1.0418	0.0032981
1.3403	1.0669	0.0038825
1.3403	1.0921	0.003922
1.3403	1.1172	0.00341
1.3403	1.1423	0.0025335
1.3403	1.1674	0.0015673
1.3403	1.1925	0.00076026
1.3653	-0.31381	0.00034881
1.3653	-0.2887	0.0006809
1.3653	-0.2636	0.0010641
1.3653	-0.23849	0.0013736
1.3653	-0.21339	0.0014803
1.3653	-0.18828	0.0013197
1.3653	-0.16318	0.00093957
1.3653	-0.13808	0.00048799
1.3653	-0.012552	0.00028323
1.3653	0.96653	0.00029003
1.3653	0.99163	0.00063425
1.3653	1.0167	0.0010689
1.3653	1.0418	0.0014845
1.3653	1.0669	0.0017439
1.3653	1.0921	0.0017658
1.3653	1.1172	0.0015436
1.3653	1.1423	0.0011453
1.3653	1.1674	0.00069411
1.3653	1.1925	0.00033043
1.3904	-0.2636	0.00028149
1.3904	-0.23849	0.0004
1.3904	-0.21339	0.00046767
1.3904	-0.18828	0.00043738
1.3904	-0.16318	0.00031965
1.3904	0.99163	0.00028819
1.3904	1.0167	0.0004669
1.3904	1.0418	0.00063629
1.3904	1.0669	0.00074119
1.3904	1.0921	0.00074721
1.3904	1.1172	0.00064918
1.3904	1.1423	0.00047981
1.3904	1.1674	0.00028905
1.4154	1.0418	0.00029469
1.4154	1.0669	0.00032624
1.4154	1.0921	0.00031723
1.4154	1.1172	0.00026804
1.4405	-0.33891	0.0002905
1.4405	-0.31381	0.00040909
1.4405	-0.2887	0.0004637
1.4405	-0.2636	0.00043896
1.4405	-0.23849	0.00034915
1.4656	-0.36402	0.00031511
1.4656	-0.33891	0.00061056
1.4656	-0.31381	0.00090166
1.4656	-0.2887	0.0010824
1.4656	-0.2636	0.0010939
1.4656	-0.23849	0.00093765
1.4656	-0.21339	0.00067944
1.4656	-0.18828	0.00040737
1.4906	-1.6192	0.00027375
1.4906	-1.5941	0.00032427
1.4906	-1.569	0.00032627
1.4906	-1.5439	0.00027777
1.4906	-0.36402	0.00047208
1.4906	-0.33891	0.00090934
1.4906	-0.31381	0.0013552
1.4906	-0.2887	0.0016654
1.4906	-0.2636	0.0017257
1.4906	-0.23849	0.0015221
1.4906	-0.21339	0.0011319
1.4906	-0.18828	0.00069302
1.4906	-0.16318	0.00032504
1.5157	-1.6192	0.00033588
1.5157	-1.5941	0.00040155
1.5157	-1.569	0.00040755
1.5157	-1.5439	0.00034995
1.5157	-0.36402	0.0005519
1.5157	-0.33891	0.0010532
1.5157	-0.31381	0.0015761
1.5157	-0.2887	0.001952
1.5157	-0.2636	0.0020436
1.5157	-0.23849	0.0018246
1.5157	-0.21339	0.0013688
1.5157	-0.18828	0.00083436
1.5157	-0.16318	0.00038239
1.5407	-1.6192	0.00033266
1.5407	-1.5941	0.0004015
1.5407	-1.569	0.00041267
1.5407	-1.5439	0.00035598
1.5407	-1.5188	0.0002539
1.5407	-0.36402	0.00050965
1.5407	-0.33891	0.00096801
1.5407	-0.31381	0.0014549
1.5407	-0.2887	0.0018175
1.5407	-0.2636	0.0019227
1.5407	-0.23849	0.0017293
1.5407	-0.21339	0.0012993
1.5407	-0.18828	0.00078574
1.5407	-0.16318	0.00034623
1.5658	-1.6192	0.00025603
1.5658	-1.5941	0.00031701
1.5658	-1.569	0.0003317
1.5658	-1.5439	0.00029047
1.5658	-0.36402	0.00036503
1.5658	-0.33891	0.00069475
1.5658	-0.31381	0.0010567
1.5658	-0.2887	0.0013376
1.5658	-0.2636	0.0014352
1.5658	-0.23849	0.0013024
1.5658	-0.21339	0.00098517
1.5658	-0.18828	0.00058856
1.5908	-0.33891	0.00038558
1.5908	-0.31381	0.00059268
1.5908	-0.2887	0.00075736
1.5908	-0.2636	0.00082621
1.5908	-0.23849	0.00076294
1.5908	-0.21339	0.00057944
1.5908	-0.18828	0.0003446
1.6159	-0.33891	0.00026646
1.6159	-0.31381	0.00034815
1.6159	-0.2887	0.00040306
1.6159	-0.2636	0.0004131
1.6159	-0.23849	0.00036568
1.6159	-0.21339	0.00027191
1.6409	-0.36402	0.00039172
1.6409	-0.33891	0.00051322
1.6409	-0.31381	0.00056044
1.6409	-0.2887	0.00052367
1.6409	-0.2636	0.0004269
1.6409	-0.23849	0.0003045
1.666	-0.38912	0.00054242
1.666	-0.36402	0.00089987
1.666	-0.33891	0.0011753
1.666	-0.31381	0.0012761
1.666	-0.2887	0.0011748
1.666	-0.2636	0.0009234
1.666	-0.23849	0.00060959
1.666	-0.21339	0.00033227
1.691	-1.6695	0.00035511
1.691	-1.6444	0.00043126
1.691	-1.6192	0.0004405
1.691	-1.5941	0.00038174
1.691	-1.569	0.00027564
1.691	-0.41423	0.00041407
1.691	-0.38912	0.00096483
1.691	-0.36402	0.0015885
1.691	-0.33891	0.0020952
1.691	-0.31381	0.0023102
1.691	-0.2887	0.0021618
1.691	-0.2636	0.0017183
1.691	-0.23849	0.0011478
1.691	-0.21339	0.00061943
1.7161	-1.6946	0.00042322
1.7161	-1.6695	0.00063188
1.7161	-1.6444	0.00078373
1.7161	-1.6192	0.00082064
1.7161	-1.5941	0.00072995
1.7161	-1.569	0.0005455
1.7161	-1.5439	0.00032986
1.7161	-0.41423	0.00060692
1.7161	-0.38912	0.0013592
1.7161	-0.36402	0.0022408
1.7161	-0.33891	0.0029669
1.7161	-0.31381	0.0032976
1.7161	-0.2887	0.0031213
1.7161	-0.2636	0.0025087
1.7161	-0.23849	0.0016834
1.7161	-0.21339	0.00090106
1.7161	-0.18828	0.00034233
1.7411	-1.7197	0.00032589
1.7411	-1.6946	0.00061253
1.7411	-1.6695	0.00091217
1.7411	-1.6444	0.0011359
1.7411	-1.6192	0.0012004
1.7411	-1.5941	0.001079
1.7411	-1.569	0.00081264
1.7411	-1.5439	0.00049447
1.7411	-0.41423	0.00071968
1.7411	-0.38912	0.00157
1.7411	-0.36402	0.0025684
1.7411	-0.33891	0.0034148
1.7411	-0.31381	0.0038249
1.7411	-0.2887	0.0036472
1.7411	-0.2636	0.0029477
1.7411	-0.23849	0.0019789
1.7411	-0.21339	0.0010471
1.7411	-0.18828	0.00037953
1.7662	-1.7197	0.00040759
1.7662	-1.6946	0.00075304
1.7662	-1.6695	0.0011162
1.7662	-1.6444	0.0013902
1.7662	-1.6192	0.0014724
1.7662	-1.5941	0.001325
1.7662	-1.569	0.00099957
1.7662	-1.5439	0.00059923
1.7662	-1.5188	0.00025815
1.7662	-0.41423	0.00067568
1.7662	-0.38912	0.0014562
1.7662	-0.36402	0.0023836
1.7662	-0.33891	0.0031996
1.7662	-0.31381	0.003618
1.7662	-0.2887	0.0034839
1.7662	-0.2636	0.0028364
1.7662	-0.23849	0.0019018
1.7662	-0.21339	0.00099102
1.7662	-0.18828	0.00034026
1.7912	-1.7197	0.00043998
1.7912	-1.6946	0.00079985
1.7912	-1.6695	0.0011793
1.7912	-1.6444	0.0014688
1.7912	-1.6192	0.0015534
1.7912	-1.5941	0.0013991
1.7912	-1.569	0.001047
1.7912	-1.5439	0.00061865
1.7912	-1.5188	0.00025353
1.7912	-0.41423	0.00046777
1.7912	-0.38912	0.0010189
1.7912	-0.36402	0.0016981
1.7912	-0.33891	0.0023382
1.7912	-0.31381	0.0027065
1.7912	-0.2887	0.0026583
1.7912	-0.2636	0.0021851
1.7912	-0.23849	0.0014806
1.7912	-0.21339	0.00075811
1.8163	-1.7197	0.00040669
1.8163	-1.6946	0.00073384
1.8163	-1.6695	0.001078
1.8163	-1.6444	0.0013445
1.8163	-1.6192	0.0014248
1.8163	-1.5941	0.0012796
1.8163	-1.569	0.00095085
1.8163	-1.5439	0.00055138
1.8163	-0.38912	0.0004375
1.8163	-0.36402	0.00079764
1.8163	-0.33891	0.0011698
1.8163	-0.31381	0.0014385
1.8163	-0.2887	0.0014823
1.8163	-0.2636	0.0012662
1.8163	-0.23849	0.00087746
1.8163	-0.21339	0.00045077
1.8413	-1.7197	0.0003161
1.8413	-1.6946	0.00057003
1.8413	-1.6695	0.00084408
1.8413	-1.6444	0.0010563
1.8413	-1.6192	0.0011247
1.8413	-1.5941	0.0010124
1.8413	-1.569	0.00074784
1.8413	-1.5439	0.00042349
1.8413	-0.33891	0.00028121
1.8413	-0.31381	0.00039888
1.8413	-0.2887	0.00047002
1.8413	-0.2636	0.0004504
1.8413	-0.23849	0.00033838
1.8664	-1.6946	0.00035635
1.8664	-1.6695	0.00053856
1.8664	-1.6444	0.00068755
1.8664	-1.6192	0.00074273
1.8664	-1.5941	0.00067361
1.8664	-1.569	0.00049753
1.8664	-1.5439	0.00027769
1.8664	-0.41423	0.00031614
1.8664	-0.38912	0.0003752
1.8664	-0.36402	0.0003459
1.8664	-0.33891	0.00025809
1.8914	-1.6695	0.00025429
1.8914	-1.6444	0.0003405
1.8914	-1.6192	0.00038286
1.8914	-1.5941	0.00035913
1.8914	-1.569	0.00026957
1.8914	-0.58996	0.00032125
1.8914	-0.56485	0.00032211
1.8914	-0.43933	0.00067904
1.8914	-0.41423	0.0011981
1.8914	-0.38912	0.0015875
1.8914	-0.36402	0.0017063
1.8914	-0.33891	0.0015176
1.8914	-0.31381	0.0011296
1.8914	-0.2887	0.00069479
1.8914	-0.2636	0.00034249
1.9165	-0.61506	0.00033549
1.9165	-0.58996	0.00050776
1.9165	-0.56485	0.00049208
1.9165	-0.53975	0.00027944
1.9165	-0.46444	0.00054885
1.9165	-0.43933	0.0015328
1.9165	-0.41423	0.0027407
1.9165	-0.38912	0.0037708
1.9165	-0.36402	0.004252
1.9165	-0.33891	0.004036
1.9165	-0.31381	0.0032378
1.9165	-0.2887	0.0021898
1.9165	-0.2636	0.0011951
1.9165	-0.23849	0.00050057
1.9165	0.91632	0.00033237
1.9165	0.94142	0.00040641
1.9165	0.96653	0.00041261
1.9165	0.99163	0.00035598
1.9165	1.0167	0.00026148
1.9415	-0.76569	0.00026086
1.9415	-0.74059	0.0002616
1.9415	-0.61506	0.00046071
1.9415	-0.58996	0.00066382
1.9415	-0.56485	0.00061588
1.9415	-0.53975	0.000319
1.9415	-0.46444	0.0010333
1.9415	-0.43933	0.0026868
1.9415	-0.41423	0.0047559
1.9415	-0.38912	0.0065954
1.9415	-0.36402	0.0075696
1.9415	-0.33891	0.0073504
1.9415	-0.31381	0.0060809
1.9415	-0.2887	0.004227
1.9415	-0.2636	0.0023939
1.9415	-0.23849	0.0010196
1.9415	-0.21339	0.00026425
1.9415	0.89121	0.00030365
1.9415	0.91632	0.00046537
1.9415	0.94142	0.00056989
1.9415	0.96653	0.00058511
1.9415	0.99163	0.00050863
1.9415	1.0167	0.00037631
1.9666	-0.61506	0.00054004
1.9666	-0.58996	0.00074199
1.9666	-0.56485	0.00065447
1.9666	-0.53975	0.00030142
1.9666	-0.48954	0.00029049
1.9666	-0.46444	0.0015707
1.9666	-0.43933	0.0039147
1.9666	-0.41423	0.0068129
1.9666	-0.38912	0.0094126
1.9666	-0.36402	0.010858
1.9666	-0.33891	0.010627
1.9666	-0.31381	0.0088746
1.9666	-0.2887	0.0062228
1.9666	-0.2636	0.0035389
1.9666	-0.23849	0.0014854
1.9666	-0.21339	0.00035469
1.9666	-0.11297	0.00028715
1.9666	0.89121	0.00035236
1.9666	0.91632	0.00053562
1.9666	0.94142	0.00065966
1.9666	0.96653	0.0006811
1.9666	0.99163	0.00059735
1.9666	1.0167	0.0004438
1.9666	1.0418	0.00027354
1.9916	-0.64017	0.00025482
1.9916	-0.61506	0.00054599
1.9916	-0.58996	0.00071653
1.9916	-0.56485	0.00059572
1.9916	-0.48954	0.00045268
1.9916	-0.46444	0.0020697
1.9916	-0.43933	0.0049003
1.9916	-0.41423	0.0083853
1.9916	-0.38912	0.011514
1.9916	-0.36402	0.013281
1.9916	-0.33891	0.013033
1.9916	-0.31381	0.010901
1.9916	-0.2887	0.0076356
1.9916	-0.2636	0.0042975
1.9916	-0.23849	0.0017497
1.9916	-0.21339	0.00037051
1.9916	-0.13808	0.0004237
1.9916	-0.11297	0.00048138
1.9916	-0.087866	0.00034307
1.9916	0.89121	0.00033114
1.9916	0.91632	0.00050413
1.9916	0.94142	0.00062714
1.9916	0.96653	0.00065431
1.9916	0.99163	0.00058061
1.9916	1.0167	0.00043464
1.9916	1.0418	0.00026759
2.0167	-1.7197	0.00026223
2.0167	-1.6946	0.00031695
2.0167	-1.6695	0.00032709
2.0167	-1.6444	0.00028778
2.0167	-0.61506	0.00047093
2.0167	-0.58996	0.00059603
2.0167	-0.56485	0.00046846
2.0167	-0.48954	0.0005856
2.0167	-0.46444	0.0023427
2.0167	-0.43933	0.0053261
2.0167	-0.41423	0.0089858
2.0167	-0.38912	0.012273
2.0167	-0.36402	0.014156
2.0167	-0.33891	0.013872
2.0167	-0.31381	0.011597
2.0167	-0.2887	0.0080779
2.0167	-0.2636	0.004479
2.0167	-0.23849	0.0017449
2.0167	-0.21339	0.00031535
2.0167	-0.16318	0.00029673
2.0167	-0.13808	0.00060808
2.0167	-0.11297	0.00065768
2.0167	-0.087866	0.00045217
2.0167	0.91632	0.00036731
2.0167	0.94142	0.00046861
2.0167	0.96653	0.00050149
2.0167	0.99163	0.00045406
2.0167	1.0167	0.00034535
2.0418	-1.7197	0.00033725
2.0418	-1.6946	0.00041201
2.0418	-1.6695	0.00043129
2.0418	-1.6444	0.0003885
2.0418	-1.6192	0.00029409
2.0418	-0.61506	0.000337
2.0418	-0.58996	0.00041222
2.0418	-0.56485	0.00030703
2.0418	-0.48954	0.00062455
2.0418	-0.46444	0.002273
2.0418	-0.43933	0.0050122
2.0418	-0.41423	0.0083685
2.0418	-0.38912	0.011432
2.0418	-0.36402	0.013166
2.0418	-0.33891	0.012936
2.0418	-0.31381	0.010775
2.0418	-0.2887	0.007469
2.0418	-0.2636	0.0040622
2.0418	-0.23849	0.0015009
2.0418	-0.16318	0.00040714
2.0418	-0.13808	0.00074681
2.0418	-0.11297	0.00076896
2.0418	-0.087866	0.00050636
2.0418	0.037657	0.00026745
2.0418	0.96653	0.00027452
2.0418	0.99163	0.00026241
2.0668	-1.7448	0.00025851
2.0668	-1.7197	0.00036897
2.0668	-1.6946	0.00045056
2.0668	-1.6695	0.00047404
2.0668	-1.6444	0.0004285
2.0668	-1.6192	0.00032637
2.0668	-0.48954	0.00053966
2.0668	-0.46444	0.0018276
2.0668	-0.43933	0.0040024
2.0668	-0.41423	0.0066657
2.0668	-0.38912	0.0091481
2.0668	-0.36402	0.010609
2.0668	-0.33891	0.010471
2.0668	-0.31381	0.0087589
2.0668	-0.2887	0.0060334
2.0668	-0.2636	0.0032185
2.0668	-0.23849	0.0011172
2.0668	-0.16318	0.00047523
2.0668	-0.13808	0.00079873
2.0668	-0.11297	0.00078131
2.0668	-0.087866	0.00049399
2.0668	0.037657	0.00033359
2.0668	0.062762	0.0003007
2.0919	-1.7448	0.00025298
2.0919	-1.7197	0.00035588
2.0919	-1.6946	0.00043117
2.0919	-1.6695	0.00045122
2.0919	-1.6444	0.00040663
2.0919	-1.6192	0.00030932
2.0919	-0.48954	0.00034458
2.0919	-0.46444	0.0011583
2.0919	-0.43933	0.0025519
2.0919	-0.41423	0.0043367
2.0919	-0.38912	0.0060669
2.0919	-0.36402	0.0071787
2.0919	-0.33891	0.0071929
2.0919	-0.31381	0.0060736
2.0919	-0.2887	0.0041905
2.0919	-0.2636	0.0021988
2.0919	-0.23849	0.00071058
2.0919	-0.16318	0.00047685
2.0919	-0.13808	0.0007387
2.0919	-0.11297	0.00070177
2.0919	-0.087866	0.00042367
2.0919	0.012552	0.00026509
2.0919	0.037657	0.00036399
2.0919	0.062762	0.00031831
2.1169	-1.7197	0.00030712
2.1169	-1.6946	0.00036717
2.1169	-1.6695	0.00038085
2.1169	-1.6444	0.00034005
2.1169	-1.6192	0.00025508
2.1169	-0.46444	0.00046956
2.1169	-0.43933	0.0011244
2.1169	-0.41423	0.0020406
2.1169	-0.38912	0.0030314
2.1169	-0.36402	0.0037663
2.1169	-0.33891	0.003934
2.1169	-0.31381	0.0034217
2.1169	-0.2887	0.0023983
2.1169	-0.2636	0.0012398
2.1169	-0.23849	0.00038353
2.1169	-0.16318	0.00040545
2.1169	-0.13808	0.00059572
2.1169	-0.11297	0.00054781
2.1169	-0.087866	0.00031745
2.1169	0.012552	0.00026752
2.1169	0.037657	0.00035208
2.1169	0.062762	0.00029913
2.1169	0.86611	0.00042558
2.1169	0.89121	0.00053815
2.1169	0.91632	0.00054748
2.1169	0.94142	0.00046098
2.1169	0.96653	0.00032313
2.1169	2.2218	0.0003234
2.1169	2.2469	0.0003823
2.1169	2.272	0.00037326
2.1169	2.2971	0.0003011
2.142	-1.6946	0.00027625
2.142	-1.6695	0.00028309
2.142	-0.41423	0.00044753
2.142	-0.38912	0.00083185
2.142	-0.36402	0.0012188
2.142	-0.33891	0.0014309
2.142	-0.31381	0.0013629
2.142	-0.2887	0.0010166
2.142	-0.2636	0.00054345
2.142	-0.16318	0.00028212
2.142	-0.13808	0.00040409
2.142	-0.11297	0.00036565
2.142	0.037657	0.000301
2.142	0.69038	0.00032791
2.142	0.71548	0.00030913
2.142	0.841	0.00064308
2.142	0.86611	0.0011037
2.142	0.89121	0.0014461
2.142	0.91632	0.0015431
2.142	0.94142	0.0013857
2.142	0.96653	0.001058
2.142	0.99163	0.00067151
2.142	1.0167	0.0003494
2.142	2.2218	0.00027062
2.142	2.2469	0.00028338
2.167	0.51464	0.00029503
2.167	0.53975	0.00028747
2.167	0.66527	0.00035349
2.167	0.69038	0.00049664
2.167	0.71548	0.00045069
2.167	0.8159	0.00051623
2.167	0.841	0.0013462
2.167	0.86611	0.0022884
2.167	0.89121	0.0030361
2.167	0.91632	0.0033295
2.167	0.94142	0.0030823
2.167	0.96653	0.0024276
2.167	0.99163	0.0016069
2.167	1.0167	0.00087185
2.167	1.0418	0.00035081
2.1921	-0.48954	0.00052943
2.1921	-0.46444	0.00081553
2.1921	-0.43933	0.00095715
2.1921	-0.41423	0.00089793
2.1921	-0.38912	0.00067479
2.1921	-0.36402	0.00039789
2.1921	0.51464	0.00033067
2.1921	0.53975	0.00030949
2.1921	0.66527	0.00050676
2.1921	0.69038	0.00068341
2.1921	0.71548	0.00059499
2.1921	0.74059	0.000282
2.1921	0.8159	0.0010318
2.1921	0.841	0.0025088
2.1921	0.86611	0.0042691
2.1921	0.89121	0.0057092
2.1921	0.91632	0.0063523
2.1921	0.94142	0.0060017
2.1921	0.96653	0.0048344
2.1921	0.99163	0.00328
2.1921	1.0167	0.001796
2.1921	1.0418	0.00073215
2.2171	-0.66527	0.00026002
2.2171	-0.64017	0.00031795
2.2171	-0.61506	0.00025581
2.2171	-0.51464	0.00055127
2.2171	-0.48954	0.0012745
2.2171	-0.46444	0.0020869
2.2171	-0.43933	0.0026916
2.2171	-0.41423	0.0028906
2.2171	-0.38912	0.0026093
2.2171	-0.36402	0.0019821
2.2171	-0.33891	0.0012492
2.2171	-0.31381	0.00063572
2.2171	0.51464	0.0003374
2.2171	0.53975	0.00030493
2.2171	0.64017	0.00030923
2.2171	0.66527	0.00067639
2.2171	0.69038	0.00088291
2.2171	0.71548	0.0007397
2.2171	0.74059	0.00031242
2.2171	0.79079	0.00039053
2.2171	0.8159	0.0019239
2.2171	0.841	0.0045436
2.2171	0.86611	0.0076815
2.2171	0.89121	0.010417
2.2171	0.91632	0.011787
2.2171	0.94142	0.011384
2.2171	0.96653	0.0093673
2.2171	0.99163	0.0064643
2.2171	1.0167	0.0036039
2.2171	1.0418	0.0014545
2.2171	1.0669	0.00031633
2.2171	1.1423	0.00031853
2.2171	1.1674	0.00036116
2.2171	1.1925	0.00025753
2.2422	-0.66527	0.00033683
2.2422	-0.64017	0.00038935
2.2422	-0.61506	0.00029394
2.2422	-0.51464	0.0010208
2.2422	-0.48954	0.0022836
2.2422	-0.46444	0.003752
2.2422	-0.43933	0.0049975
2.2422	-0.41423	0.0055777
2.2422	-0.38912	0.0053163
2.2422	-0.36402	0.004332
2.2422	-0.33891	0.0029733
2.2422	-0.31381	0.0016776
2.2422	-0.2887	0.00070211
2.2422	0.51464	0.00031462
2.2422	0.53975	0.00027955
2.2422	0.64017	0.00041569
2.2422	0.66527	0.00086779
2.2422	0.69038	0.001112
2.2422	0.71548	0.00089797
2.2422	0.74059	0.00033265
2.2422	0.79079	0.00083425
2.2422	0.8159	0.0036303
2.2422	0.841	0.0084162
2.2422	0.86611	0.014391
2.2422	0.89121	0.019816
2.2422	0.91632	0.023109
2.2422	0.94142	0.022933
2.2422	0.96653	0.01942
2.2422	0.99163	0.013729
2.2422	1.0167	0.0077502
2.2422	1.0418	0.0031231
2.2422	1.0669	0.00059624
2.2422	1.1172	0.00049026
2.2422	1.1423	0.0010069
2.2422	1.1674	0.0010785
2.2422	1.1925	0.0007076
2.2422	1.2176	0.00027179
2.2672	-0.66527	0.00039162
2.2672	-0.64017	0.00042395
2.2672	-0.61506	0.0002897
2.2672	-0.53975	0.00045692
2.2672	-0.51464	0.0016129
2.2672	-0.48954	0.0034595
2.2672	-0.46444	0.0056276
2.2672	-0.43933	0.0075209
2.2672	-0.41423	0.0085324
2.2672	-0.38912	0.0083027
2.2672	-0.36402	0.0069549
2.2672	-0.33891	0.0049238
2.2672	-0.31381	0.0028486
2.2672	-0.2887	0.0012333
2.2672	-0.2636	0.00031969
2.2672	0.51464	0.00026493
2.2672	0.64017	0.00053563
2.2672	0.66527	0.0011075
2.2672	0.69038	0.0014214
2.2672	0.71548	0.0011262
2.2672	0.74059	0.00035384
2.2672	0.79079	0.0018564
2.2672	0.8159	0.007351
2.2672	0.841	0.016849
2.2672	0.86611	0.029336
2.2672	0.89121	0.041039
2.2672	0.91632	0.048313
2.2672	0.94142	0.047613
2.2672	0.96653	0.039744
2.2672	0.99163	0.026737
2.2672	1.0167	0.013866
2.2672	1.0418	0.0049139
2.2672	1.0669	0.00072146
2.2672	1.1172	0.00081332
2.2672	1.1423	0.0012989
2.2672	1.1674	0.001113
2.2672	1.1925	0.00060011
2.2923	-0.69038	0.00028706
2.2923	-0.66527	0.00042028
2.2923	-0.64017	0.00042045
2.2923	-0.61506	0.00025337
2.2923	-0.53975	0.00073446
2.2923	-0.51464	0.0022853
2.2923	-0.48954	0.0046955
2.2923	-0.46444	0.0075046
2.2923	-0.43933	0.0099849
2.2923	-0.41423	0.011363
2.2923	-0.38912	0.011165
2.2923	-0.36402	0.0094453
2.2923	-0.33891	0.0067687
2.2923	-0.31381	0.0039433
2.2923	-0.2887	0.0017058
2.2923	-0.2636	0.00042534
2.2923	-0.18828	0.00031737
2.2923	-0.16318	0.00038622
2.2923	-0.13808	0.00028388
2.2923	0.64017	0.00063816
2.2923	0.66527	0.0013625
2.2923	0.69038	0.0017897
2.2923	0.71548	0.0013683
2.2923	0.74059	0.00034635
2.2923	0.79079	0.0034831
2.2923	0.8159	0.011859
2.2923	0.841	0.024483
2.2923	0.86611	0.038467
2.2923	0.89121	0.047251
2.2923	0.91632	0.048335
2.2923	0.94142	0.041182
2.2923	0.96653	0.028921
2.2923	0.99163	0.016487
2.2923	1.0167	0.0073148
2.2923	1.0418	0.0021846
2.2923	1.1172	0.00041985
2.2923	1.1423	0.00058823
2.2923	1.1674	0.0004728
2.3173	-1.7699	0.00033212
2.3173	-1.7448	0.00042918
2.3173	-1.7197	0.00047615
2.3173	-1.6946	0.00045464
2.3173	-1.6695	0.00036987
2.3173	-0.69038	0.0003121
2.3173	-0.66527	0.00042233
2.3173	-0.64017	0.00038808
2.3173	-0.53975	0.0010664
2.3173	-0.51464	0.0029918
2.3173	-0.48954	0.0058873
2.3173	-0.46444	0.0092361
2.3173	-0.43933	0.012193
2.3173	-0.41423	0.013864
2.3173	-0.38912	0.013653
2.3173	-0.36402	0.011603
2.3173	-0.33891	0.0083372
2.3173	-0.31381	0.0048508
2.3173	-0.2887	0.0020662
2.3173	-0.2636	0.00046294
2.3173	-0.18828	0.00055395
2.3173	-0.16318	0.00066286
2.3173	-0.13808	0.00049425
2.3173	0.64017	0.0003682
2.3173	0.66527	0.00081825
2.3173	0.69038	0.0010162
2.3173	0.71548	0.00069431
2.3173	0.79079	0.0017013
2.3173	0.8159	0.0050353
2.3173	0.841	0.0093124
2.3173	0.86611	0.013177
2.3173	0.89121	0.015231
2.3173	0.91632	0.014843
2.3173	0.94142	0.012231
2.3173	0.96653	0.0085696
2.3173	0.99163	0.0049417
2.3173	1.0167	0.0021367
2.3173	1.0418	0.00062905
2.3173	1.1423	0.00026548
2.3424	-1.795	0.00034565
2.3424	-1.7699	0.00052442
2.3424	-1.7448	0.00067501
2.3424	-1.7197	0.00074528
2.3424	-1.6946	0.00070843
2.3424	-1.6695	0.0005723
2.3424	-1.6444	0.00037775
2.3424	-0.69038	0.00031735
2.3424	-0.66527	0.0003964
2.3424	-0.64017	0.00033568
2.3424	-0.56485	0.0003008
2.3424	-0.53975	0.0014148
2.3424	-0.51464	0.0036698
2.3424	-0.48954	0.0069534
2.3424	-0.46444	0.010733
2.3424	-0.43933	0.014059
2.3424	-0.41423	0.015943
2.3424	-0.38912	0.015702
2.3424	-0.36402	0.013392
2.3424	-0.33891	0.0096286
2.3424	-0.31381	0.0055583
2.3424	-0.2887	0.0022991
2.3424	-0.2636	0.00046256
2.3424	-0.21339	0.00038394
2.3424	-0.18828	0.00088262
2.3424	-0.16318	0.0010312
2.3424	-0.13808	0.00075858
2.3424	-0.11297	0.00032307
2.3424	-0.012552	0.0004014
2.3424	0.012552	0.00038938
2.3424	0.2636	0.00026618
2.3424	0.2887	0.00041705
2.3424	0.31381	0.000406
2.3424	0.41423	0.00027787
2.3424	0.43933	0.00040457
2.3424	0.46444	0.00036181
2.3424	0.79079	0.00028349
2.3424	0.8159	0.00092586
2.3424	0.841	0.0019075
2.3424	0.86611	0.0029368
2.3424	0.89121	0.0036597
2.3424	0.91632	0.0038182
2.3424	0.94142	0.0033607
2.3424	0.96653	0.0024717
2.3424	0.99163	0.0014817
2.3424	1.0167	0.00066373
2.3674	-1.795	0.00045392
2.3674	-1.7699	0.00068443
2.3674	-1.7448	0.00087848
2.3674	-1.7197	0.00096848
2.3674	-1.6946	0.00091622
2.3674	-1.6695	0.00073297
2.3674	-1.6444	0.00047331
2.3674	-0.69038	0.00028717
2.3674	-0.66527	0.00033485
2.3674	-0.64017	0.00026297
2.3674	-0.56485	0.00044794
2.3674	-0.53975	0.0017306
2.3674	-0.51464	0.0041823
2.3674	-0.48954	0.0077264
2.3674	-0.46444	0.011795
2.3674	-0.43933	0.015402
2.3674	-0.41423	0.017496
2.3674	-0.38912	0.017323
2.3674	-0.36402	0.0148
2.3674	-0.33891	0.010671
2.3674	-0.31381	0.006129
2.3674	-0.2887	0.0024523
2.3674	-0.2636	0.00043508
2.3674	-0.21339	0.00066163
2.3674	-0.18828	0.0013757
2.3674	-0.16318	0.0015611
2.3674	-0.13808	0.0011216
2.3674	-0.11297	0.00046273
2.3674	-0.037657	0.00053871
2.3674	-0.012552	0.00087305
2.3674	0.012552	0.00083674
2.3674	0.037657	0.00046998
2.3674	0.11297	0.00028937
2.3674	0.13808	0.00054485
2.3674	0.16318	0.00053035
2.3674	0.2636	0.00044393
2.3674	0.2887	0.00070853
2.3674	0.31381	0.00064772
2.3674	0.33891	0.00035251
2.3674	0.43933	0.00038553
2.3674	0.46444	0.00038701
2.3674	0.86611	0.00043709
2.3674	0.89121	0.00066637
2.3674	0.91632	0.00080641
2.3674	0.94142	0.0008009
2.3674	0.96653	0.00064348
2.3674	0.99163	0.00041585
2.3925	-1.8201	0.00027441
2.3925	-1.795	0.00049686
2.3925	-1.7699	0.00074819
2.3925	-1.7448	0.00096127
2.3925	-1.7197	0.0010641
2.3925	-1.6946	0.0010058
2.3925	-1.6695	0.0007994
2.3925	-1.6444	0.00050652
2.3925	-0.56485	0.00058293
2.3925	-0.53975	0.0018799
2.3925	-0.51464	0.0042895
2.3925	-0.48954	0.0078063
2.3925	-0.46444	0.011936
2.3925	-0.43933	0.015743
2.3925	-0.41423	0.018117
2.3925	-0.38912	0.018194
2.3925	-0.36402	0.015735
2.3925	-0.33891	0.011426
2.3925	-0.31381	0.0065462
2.3925	-0.2887	0.0025527
2.3925	-0.2636	0.00042677
2.3925	-0.21339	0.0011649
2.3925	-0.18828	0.0021459
2.3925	-0.16318	0.0023329
2.3925	-0.13808	0.0016171
2.3925	-0.11297	0.0006185
2.3925	-0.062762	0.00041598
2.3925	-0.037657	0.0011176
2.3925	-0.012552	0.0015323
2.3925	0.012552	0.0012507
2.3925	0.037657	0.00059325
2.3925	0.11297	0.00050055
2.3925	0.13808	0.00069959
2.3925	0.16318	0.00055261
2.3925	0.2887	0.00035896
2.3925	0.31381	0.000314
2.3925	0.43933	0.00025297
2.3925	0.46444	0.0002771
2.4175	-1.795	0.00044073
2.4175	-1.7699	0.00067007
2.4175	-1.7448	0.00087135
2.4175	-1.7197	0.00097631
2.4175	-1.6946	0.00093071
2.4175	-1.6695	0.00074148
2.4175	-1.6444	0.00046347
2.4175	-0.56485	0.00063524
2.4175	-0.53975	0.0015714
2.4175	-0.51464	0.0033661
2.4175	-0.48954	0.0061676
2.4175	-0.46444	0.0096901
2.4175	-0.43933	0.013204
2.4175	-0.41423	0.015719
2.4175	-0.38912	0.016245
2.4175	-0.36402	0.014389
2.4175	-0.33891	0.010564
2.4175	-0.31381	0.0060121
2.4175	-0.2887	0.0023035
2.4175	-0.2636	0.00047498
2.4175	-0.23849	0.00057185
2.4175	-0.21339	0.0015898
2.4175	-0.18828	0.0022784
2.4175	-0.16318	0.0020829
2.4175	-0.13808	0.0012093
2.4175	-0.11297	0.00043147
2.4175	-0.062762	0.00049712
2.4175	-0.037657	0.00076773
2.4175	-0.012552	0.0007493
2.4175	0.012552	0.00045992
2.4175	0.11297	0.00031113
2.4175	0.13808	0.00034543
2.4175	0.8159	0.00028943
2.4175	0.841	0.0002968
2.4426	-1.795	0.00029237
2.4426	-1.7699	0.00045804
2.4426	-1.7448	0.00061672
2.4426	-1.7197	0.00071311
2.4426	-1.6946	0.00069861
2.4426	-1.6695	0.00056647
2.4426	-1.6444	0.00035583
2.4426	-1.1423	0.00025596
2.4426	-0.61506	0.00031829
2.4426	-0.58996	0.00045554
2.4426	-0.56485	0.00052368
2.4426	-0.53975	0.00057164
2.4426	-0.51464	0.00074842
2.4426	-0.48954	0.0013001
2.4426	-0.46444	0.0022838
2.4426	-0.43933	0.0035328
2.4426	-0.41423	0.0045786
2.4426	-0.38912	0.0049409
2.4426	-0.36402	0.0042981
2.4426	-0.33891	0.0030582
2.4426	-0.31381	0.0017236
2.4426	-0.2887	0.00078517
2.4426	-0.2636	0.00043274
2.4426	-0.23849	0.00044079
2.4426	-0.21339	0.00052326
2.4426	-0.18828	0.00048511
2.4426	-0.16318	0.00033177
2.4426	0.79079	0.0004371
2.4426	0.8159	0.00064521
2.4426	0.841	0.00075228
2.4426	0.86611	0.00072489
2.4426	0.89121	0.00058825
2.4426	0.91632	0.00040246
2.4426	2.1967	0.00028176
2.4426	2.2218	0.00028495
2.4676	-1.7448	0.00028663
2.4676	-1.7197	0.00035954
2.4676	-1.6946	0.00037931
2.4676	-1.6695	0.00032701
2.4676	-1.1674	0.00033266
2.4676	-1.1423	0.00036441
2.4676	-1.1172	0.00027563
2.4676	-1.0167	0.00029297
2.4676	-0.99163	0.00042074
2.4676	-0.96653	0.00041979
2.4676	-0.94142	0.00029444
2.4676	-0.841	0.0004381
2.4676	-0.8159	0.00054518
2.4676	-0.79079	0.00049395
2.4676	-0.76569	0.00035084
2.4676	-0.74059	0.00029492
2.4676	-0.71548	0.00046259
2.4676	-0.69038	0.00075108
2.4676	-0.66527	0.00097746
2.4676	-0.64017	0.00096285
2.4676	-0.61506	0.00075489
2.4676	-0.58996	0.00074604
2.4676	-0.56485	0.0012627
2.4676	-0.53975	0.0022533
2.4676	-0.51464	0.0033254
2.4676	-0.48954	0.0039436
2.4676	-0.46444	0.0037995
2.4676	-0.43933	0.0030263
2.4676	-0.41423	0.0019785
2.4676	-0.38912	0.001052
2.4676	-0.36402	0.00046903
2.4676	0.76569	0.00033265
2.4676	0.79079	0.00068442
2.4676	0.8159	0.0010327
2.4676	0.841	0.0012534
2.4676	0.86611	0.0012741
2.4676	0.89121	0.0011047
2.4676	0.91632	0.00081891
2.4676	0.94142	0.0005108
2.4676	0.96653	0.00026112
2.4676	2.1715	0.00034041
2.4676	2.1967	0.00040819
2.4676	2.2218	0.00041488
2.4676	2.2469	0.00035746
2.4676	2.272	0.00025614
2.4927	-1.1925	0.00030906
2.4927	-1.1674	0.00047627
2.4927	-1.1423	0.00048974
2.4927	-1.1172	0.00034015
2.4927	-1.0418	0.00044739
2.4927	-1.0167	0.00081267
2.4927	-0.99163	0.0010127
2.4927	-0.96653	0.0008688
2.4927	-0.94142	0.00051136
2.4927	-0.91632	0.00030397
2.4927	-0.89121	0.00056385
2.4927	-0.86611	0.0012079
2.4927	-0.841	0.0017218
2.4927	-0.8159	0.001609
2.4927	-0.79079	0.00098132
2.4927	-0.76569	0.0005346
2.4927	-0.74059	0.00093449
2.4927	-0.71548	0.0020816
2.4927	-0.69038	0.0030322
2.4927	-0.66527	0.0028746
2.4927	-0.64017	0.0016671
2.4927	-0.61506	0.00053059
2.4927	-0.58996	0.00079522
2.4927	-0.56485	0.0030366
2.4927	-0.53975	0.0066725
2.4927	-0.51464	0.010424
2.4927	-0.48954	0.012876
2.4927	-0.46444	0.013287
2.4927	-0.43933	0.01177
2.4927	-0.41423	0.0090409
2.4927	-0.38912	0.0059787
2.4927	-0.36402	0.0033681
2.4927	-0.33891	0.0015576
2.4927	-0.31381	0.00057477
2.4927	0.76569	0.00046999
2.4927	0.79079	0.00093783
2.4927	0.8159	0.0014062
2.4927	0.841	0.0017244
2.4927	0.86611	0.0017897
2.4927	0.89121	0.0015954
2.4927	0.91632	0.0012199
2.4927	0.94142	0.00078873
2.4927	0.96653	0.00041821
2.4927	2.1464	0.00032583
2.4927	2.1715	0.00047155
2.4927	2.1967	0.00056937
2.4927	2.2218	0.00058417
2.4927	2.2469	0.00050696
2.4927	2.272	0.00036483
2.5177	-1.1925	0.00040748
2.5177	-1.1674	0.0006183
2.5177	-1.1423	0.00061726
2.5177	-1.1172	0.00041224
2.5177	-1.0921	0.0002603
2.5177	-1.0669	0.00047741
2.5177	-1.0418	0.0010981
2.5177	-1.0167	0.0017422
2.5177	-0.99163	0.001862
2.5177	-0.96653	0.0013113
2.5177	-0.94142	0.00062452
2.5177	-0.91632	0.00055046
2.5177	-0.89121	0.0012372
2.5177	-0.86611	0.0020515
2.5177	-0.841	0.0021995
2.5177	-0.8159	0.0014834
2.5177	-0.79079	0.00058022
2.5177	-0.76569	0.00033392
2.5177	-0.74059	0.0010091
2.5177	-0.71548	0.0020676
2.5177	-0.69038	0.0026018
2.5177	-0.66527	0.002115
2.5177	-0.64017	0.00096095
2.5177	-0.58996	0.00080767
2.5177	-0.56485	0.0034117
2.5177	-0.53975	0.0075037
2.5177	-0.51464	0.011848
2.5177	-0.48954	0.015094
2.5177	-0.46444	0.016152
2.5177	-0.43933	0.014941
2.5177	-0.41423	0.011988
2.5177	-0.38912	0.0082766
2.5177	-0.36402	0.0048306
2.5177	-0.33891	0.0022615
2.5177	-0.31381	0.00076631
2.5177	0.76569	0.00061487
2.5177	0.79079	0.0011726
2.5177	0.8159	0.0017351
2.5177	0.841	0.0021261
2.5177	0.86611	0.0022234
2.5177	0.89121	0.0020032
2.5177	0.91632	0.0015521
2.5177	0.94142	0.0010185
2.5177	0.96653	0.00054645
2.5177	2.1464	0.00043523
2.5177	2.1715	0.00063842
2.5177	2.1967	0.00078181
2.5177	2.2218	0.00081424
2.5177	2.2469	0.0007149
2.5177	2.272	0.00051736
2.5177	2.2971	0.00029247
2.5428	-1.8452	0.00046292
2.5428	-1.8201	0.00077272
2.5428	-1.795	0.0010229
2.5428	-1.7699	0.0011348
2.5428	-1.7448	0.0010453
2.5428	-1.7197	0.0007782
2.5428	-1.6946	0.00044412
2.5428	-1.1925	0.00031999
2.5428	-1.1674	0.00049324
2.5428	-1.1423	0.00047577
2.5428	-1.1172	0.00031519
2.5428	-1.0921	0.00026333
2.5428	-1.0669	0.00051812
2.5428	-1.0418	0.00095637
2.5428	-1.0167	0.0011854
2.5428	-0.99163	0.0010046
2.5428	-0.96653	0.00057074
2.5428	-0.94142	0.00025748
2.5428	-0.91632	0.00034679
2.5428	-0.89121	0.00072946
2.5428	-0.86611	0.0010316
2.5428	-0.841	0.00096082
2.5428	-0.8159	0.00055729
2.5428	-0.74059	0.0006858
2.5428	-0.71548	0.0013184
2.5428	-0.69038	0.0015831
2.5428	-0.66527	0.0012163
2.5428	-0.64017	0.00045963
2.5428	-0.58996	0.00085173
2.5428	-0.56485	0.0032968
2.5428	-0.53975	0.0071207
2.5428	-0.51464	0.011317
2.5428	-0.48954	0.014641
2.5428	-0.46444	0.016067
2.5428	-0.43933	0.015186
2.5428	-0.41423	0.01247
2.5428	-0.38912	0.0087785
2.5428	-0.36402	0.0051664
2.5428	-0.33891	0.0023925
2.5428	-0.31381	0.00074903
2.5428	-0.21339	0.00034343
2.5428	-0.18828	0.00032861
2.5428	0.74059	0.00028076
2.5428	0.76569	0.00075518
2.5428	0.79079	0.0013814
2.5428	0.8159	0.0020108
2.5428	0.841	0.0024509
2.5428	0.86611	0.0025617
2.5428	0.89121	0.0023173
2.5428	0.91632	0.0018041
2.5428	0.94142	0.0011889
2.5428	0.96653	0.00063632
2.5428	2.1213	0.00029198
2.5428	2.1464	0.00053789
2.5428	2.1715	0.00080417
2.5428	2.1967	0.001003
2.5428	2.2218	0.00106
2.5428	2.2469	0.00093718
2.5428	2.272	0.00067409
2.5428	2.2971	0.00037146
2.5678	-1.8703	0.00052845
2.5678	-1.8452	0.0011755
2.5678	-1.8201	0.0020105
2.5678	-1.795	0.0028279
2.5678	-1.7699	0.0033279
2.5678	-1.7448	0.0033056
2.5678	-1.7197	0.0027162
2.5678	-1.6946	0.0017657
2.5678	-1.6695	0.00081554
2.5678	-1.569	0.00032918
2.5678	-1.5439	0.000375
2.5678	-0.89121	0.00030051
2.5678	-0.86611	0.00039594
2.5678	-0.841	0.00034646
2.5678	-0.74059	0.00044497
2.5678	-0.71548	0.0007988
2.5678	-0.69038	0.00092442
2.5678	-0.66527	0.00066324
2.5678	-0.58996	0.00085309
2.5678	-0.56485	0.0030079
2.5678	-0.53975	0.0063185
2.5678	-0.51464	0.010081
2.5678	-0.48954	0.013186
2.5678	-0.46444	0.014665
2.5678	-0.43933	0.01412
2.5678	-0.41423	0.011748
2.5678	-0.38912	0.0083477
2.5678	-0.36402	0.0049109
2.5678	-0.33891	0.0022173
2.5678	-0.31381	0.00063029
2.5678	-0.23849	0.00032567
2.5678	-0.21339	0.00046949
2.5678	-0.18828	0.00042791
2.5678	-0.16318	0.00026765
2.5678	0.74059	0.00036245
2.5678	0.76569	0.0008858
2.5678	0.79079	0.0015658
2.5678	0.8159	0.0022386
2.5678	0.841	0.0027
2.5678	0.86611	0.0028192
2.5678	0.89121	0.0025464
2.5678	0.91632	0.0019865
2.5678	0.94142	0.0013073
2.5678	0.96653	0.00069461
2.5678	0.99163	0.00026583
2.5678	2.1464	0.00039808
2.5678	2.1715	0.0005999
2.5678	2.1967	0.00074592
2.5678	2.2218	0.00077176
2.5678	2.2469	0.00065881
2.5678	2.272	0.00045188
2.5929	-1.8954	0.00036396
2.5929	-1.8703	0.0011723
2.5929	-1.8452	0.0026215
2.5929	-1.8201	0.0046016
2.5929	-1.795	0.0066761
2.5929	-1.7699	0.0082087
2.5929	-1.7448	0.0085347
2.5929	-1.7197	0.007359
2.5929	-1.6946	0.005037
2.5929	-1.6695	0.0024404
2.5929	-1.6444	0.00056612
2.5929	-1.5941	0.00051775
2.5929	-1.569	0.0013115
2.5929	-1.5439	0.0015914
2.5929	-1.5188	0.0011376
2.5929	-1.4937	0.00041342
2.5929	-1.4184	0.00042639
2.5929	-1.3933	0.00056059
2.5929	-1.3682	0.00042276
2.5929	-0.74059	0.00027021
2.5929	-0.71548	0.00045472
2.5929	-0.69038	0.00050079
2.5929	-0.66527	0.00033095
2.5929	-0.58996	0.00080789
2.5929	-0.56485	0.0025662
2.5929	-0.53975	0.005307
2.5929	-0.51464	0.0084662
2.5929	-0.48954	0.011205
2.5929	-0.46444	0.012649
2.5929	-0.43933	0.012351
2.5929	-0.41423	0.01041
2.5929	-0.38912	0.0074497
2.5929	-0.36402	0.0043597
2.5929	-0.33891	0.0019088
2.5929	-0.31381	0.00047629
2.5929	-0.23849	0.00043707
2.5929	-0.21339	0.00058679
2.5929	-0.18828	0.00050835
2.5929	-0.16318	0.00029305
2.5929	0.74059	0.00044382
2.5929	0.76569	0.0010039
2.5929	0.79079	0.0017156
2.5929	0.8159	0.0024115
2.5929	0.841	0.0028925
2.5929	0.86611	0.0030093
2.5929	0.89121	0.0027186
2.5929	0.91632	0.0021188
2.5929	0.94142	0.0013902
2.5929	0.96653	0.00072872
2.5929	0.99163	0.00027096
2.618	-1.8954	0.0008536
2.618	-1.8703	0.0025715
2.618	-1.8452	0.0056591
2.618	-1.8201	0.0098317
2.618	-1.795	0.014167
2.618	-1.7699	0.017216
2.618	-1.7448	0.017428
2.618	-1.7197	0.014355
2.618	-1.6946	0.0091256
2.618	-1.6695	0.0039341
2.618	-1.6444	0.00074442
2.618	-1.5941	0.00080477
2.618	-1.569	0.0016439
2.618	-1.5439	0.0017131
2.618	-1.5188	0.0010964
2.618	-1.4937	0.00037227
2.618	-1.4184	0.00032736
2.618	-1.3933	0.00045414
2.618	-1.3682	0.00037668
2.618	-0.58996	0.00068533
2.618	-0.56485	0.0020431
2.618	-0.53975	0.0041588
2.618	-0.51464	0.0066849
2.618	-0.48954	0.0089706
2.618	-0.46444	0.010309
2.618	-0.43933	0.010239
2.618	-0.41423	0.0087629
2.618	-0.38912	0.0063097
2.618	-0.36402	0.0036884
2.618	-0.33891	0.0015533
2.618	-0.31381	0.00032979
2.618	-0.23849	0.00054913
2.618	-0.21339	0.00069024
2.618	-0.18828	0.00056829
2.618	-0.16318	0.00030294
2.618	-0.037657	0.0002754
2.618	0.74059	0.00050679
2.618	0.76569	0.0010688
2.618	0.79079	0.0017806
2.618	0.8159	0.0024752
2.618	0.841	0.0029638
2.618	0.86611	0.0030837
2.618	0.89121	0.0027943
2.618	0.91632	0.0021802
2.618	0.94142	0.0014251
2.618	0.96653	0.0007374
2.618	0.99163	0.00026378
2.643	-1.9205	0.00042705
2.643	-1.8954	0.0018411
2.643	-1.8703	0.0045533
2.643	-1.8452	0.008345
2.643	-1.8201	0.012219
2.643	-1.795	0.014814
2.643	-1.7699	0.015002
2.643	-1.7448	0.012766
2.643	-1.7197	0.0089465
2.643	-1.6946	0.0048689
2.643	-1.6695	0.0018195
2.643	-1.6444	0.00026483
2.643	-1.5941	0.00042894
2.643	-1.569	0.00079583
2.643	-1.5439	0.00080305
2.643	-1.5188	0.00051259
2.643	-1.3933	0.00029449
2.643	-1.3682	0.00025652
2.643	-0.58996	0.00051859
2.643	-0.56485	0.0014502
2.643	-0.53975	0.0029558
2.643	-0.51464	0.0048372
2.643	-0.48954	0.0066335
2.643	-0.46444	0.0078184
2.643	-0.43933	0.0079669
2.643	-0.41423	0.0069608
2.643	-0.38912	0.0051048
2.643	-0.36402	0.0029741
2.643	-0.33891	0.0012158
2.643	-0.2636	0.00029215
2.643	-0.23849	0.00065173
2.643	-0.21339	0.00077885
2.643	-0.18828	0.00061566
2.643	-0.16318	0.00030297
2.643	-0.062762	0.00030718
2.643	-0.037657	0.00038429
2.643	-0.012552	0.00031797
2.643	0.13808	0.00026441
2.643	0.74059	0.00047923
2.643	0.76569	0.00093615
2.643	0.79079	0.0015193
2.643	0.8159	0.0021032
2.643	0.841	0.002525
2.643	0.86611	0.0026361
2.643	0.89121	0.0023939
2.643	0.91632	0.0018562
2.643	0.94142	0.0012034
2.643	0.96653	0.00060928
2.6681	-2.046	0.00044187
2.6681	-2.0209	0.00048851
2.6681	-1.9958	0.00031135
2.6681	-1.9205	0.00061313
2.6681	-1.8954	0.0018596
2.6681	-1.8703	0.0035474
2.6681	-1.8452	0.0052503
2.6681	-1.8201	0.0064607
2.6681	-1.795	0.0068171
2.6681	-1.7699	0.0062382
2.6681	-1.7448	0.0048926
2.6681	-1.7197	0.0032352
2.6681	-1.6946	0.0016821
2.6681	-1.6695	0.00058989
2.6681	-1.569	0.0003499
2.6681	-1.5439	0.00035229
2.6681	-0.58996	0.00032846
2.6681	-0.56485	0.00086708
2.6681	-0.53975	0.0017808
2.6681	-0.51464	0.0029983
2.6681	-0.48954	0.0042897
2.6681	-0.46444	0.0052817
2.6681	-0.43933	0.0056068
2.6681	-0.41423	0.0050802
2.6681	-0.38912	0.0038328
2.6681	-0.36402	0.002267
2.6681	-0.33891	0.00090078
2.6681	-0.2636	0.00035771
2.6681	-0.23849	0.00073391
2.6681	-0.21339	0.00085538
2.6681	-0.18828	0.00065439
2.6681	-0.16318	0.00029939
2.6681	-0.062762	0.0004525
2.6681	-0.037657	0.00052966
2.6681	-0.012552	0.00040564
2.6681	0.11297	0.00038733
2.6681	0.13808	0.00046977
2.6681	0.16318	0.00039734
2.6681	0.76569	0.00029609
2.6681	0.79079	0.00045877
2.6681	0.8159	0.00063766
2.6681	0.841	0.00078134
2.6681	0.86611	0.0008193
2.6681	0.89121	0.0007386
2.6681	0.91632	0.00056808
2.6681	0.94142	0.00035716
2.6931	-2.0711	0.00026705
2.6931	-2.046	0.00039819
2.6931	-2.0209	0.00037617
2.6931	-1.9205	0.00053174
2.6931	-1.8954	0.0014129
2.6931	-1.8703	0.0025041
2.6931	-1.8452	0.0034998
2.6931	-1.8201	0.0040868
2.6931	-1.795	0.0040932
2.6931	-1.7699	0.0035473
2.6931	-1.7448	0.0026479
2.6931	-1.7197	0.0016524
2.6931	-1.6946	0.00080783
2.6931	-1.6695	0.00026163
2.6931	-0.56485	0.00039851
2.6931	-0.53975	0.00080418
2.6931	-0.51464	0.0013979
2.6931	-0.48954	0.0021289
2.6931	-0.46444	0.0028272
2.6931	-0.43933	0.0032417
2.6931	-0.41423	0.0031551
2.6931	-0.38912	0.0025418
2.6931	-0.36402	0.0015762
2.6931	-0.33891	0.00063998
2.6931	-0.2636	0.0003845
2.6931	-0.23849	0.00077258
2.6931	-0.21339	0.00090216
2.6931	-0.18828	0.00068479
2.6931	-0.16318	0.00029932
2.6931	-0.087866	0.00034325
2.6931	-0.062762	0.00064671
2.6931	-0.037657	0.00072603
2.6931	-0.012552	0.00052552
2.6931	0.087866	0.00041849
2.6931	0.11297	0.00071775
2.6931	0.13808	0.00078993
2.6931	0.16318	0.00059889
2.6931	0.18828	0.00029531
2.6931	0.2636	0.00030533
2.6931	0.2887	0.00048068
2.6931	0.31381	0.00049813
2.6931	0.33891	0.00035246
2.7182	-1.9205	0.0004811
2.7182	-1.8954	0.0012121
2.7182	-1.8703	0.0021293
2.7182	-1.8452	0.002969
2.7182	-1.8201	0.0034528
2.7182	-1.795	0.0034306
2.7182	-1.7699	0.0029268
2.7182	-1.7448	0.0021194
2.7182	-1.7197	0.0012679
2.7182	-1.6946	0.00057829
2.7182	-0.56485	0.0004685
2.7182	-0.53975	0.00065437
2.7182	-0.51464	0.00079361
2.7182	-0.48954	0.00091482
2.7182	-0.46444	0.0010765
2.7182	-0.43933	0.0012564
2.7182	-0.41423	0.0013501
2.7182	-0.38912	0.001234
2.7182	-0.36402	0.00087468
2.7182	-0.33891	0.00040699
2.7182	-0.2636	0.0003077
2.7182	-0.23849	0.00066793
2.7182	-0.21339	0.00082874
2.7182	-0.18828	0.00065785
2.7182	-0.16318	0.0002919
2.7182	-0.087866	0.00042193
2.7182	-0.062762	0.00077126
2.7182	-0.037657	0.00084094
2.7182	-0.012552	0.00057628
2.7182	0.087866	0.00059082
2.7182	0.11297	0.00088983
2.7182	0.13808	0.00086946
2.7182	0.16318	0.00057466
2.7182	0.23849	0.000286
2.7182	0.2636	0.00051673
2.7182	0.2887	0.00062335
2.7182	0.31381	0.00051434
2.7182	0.33891	0.00028583
2.7182	0.43933	0.00025496
2.7182	0.74059	0.00032669
2.7182	0.76569	0.00054036
2.7182	0.79079	0.00069201
2.7182	0.8159	0.00073284
2.7182	0.841	0.00065276
2.7182	0.86611	0.00049852
2.7182	0.89121	0.00032271
2.7432	-1.9205	0.00044593
2.7432	-1.8954	0.0010946
2.7432	-1.8703	0.0019251
2.7432	-1.8452	0.0027171
2.7432	-1.8201	0.0032038
2.7432	-1.795	0.0032238
2.7432	-1.7699	0.0027668
2.7432	-1.7448	0.0019999
2.7432	-1.7197	0.001175
2.7432	-1.6946	0.00051104
2.7432	-0.74059	0.00046758
2.7432	-0.71548	0.00057905
2.7432	-0.69038	0.00044992
2.7432	-0.61506	0.00033808
2.7432	-0.58996	0.001281
2.7432	-0.56485	0.0025699
2.7432	-0.53975	0.0037585
2.7432	-0.51464	0.0042982
2.7432	-0.48954	0.0040037
2.7432	-0.46444	0.0030161
2.7432	-0.43933	0.0018778
2.7432	-0.41423	0.00094651
2.7432	-0.38912	0.00045817
2.7432	-0.36402	0.00027126
2.7432	-0.21339	0.00037614
2.7432	-0.18828	0.00034675
2.7432	-0.062762	0.00038089
2.7432	-0.037657	0.00041812
2.7432	-0.012552	0.00028291
2.7432	0.087866	0.00027883
2.7432	0.11297	0.00038411
2.7432	0.13808	0.00034108
2.7432	0.2636	0.00030779
2.7432	0.2887	0.00031541
2.7432	0.74059	0.00054039
2.7432	0.76569	0.00087951
2.7432	0.79079	0.0011353
2.7432	0.8159	0.0012204
2.7432	0.841	0.0011183
2.7432	0.86611	0.00088303
2.7432	0.89121	0.0005966
2.7432	0.91632	0.00033844
2.7683	-1.9205	0.00040959
2.7683	-1.8954	0.0009836
2.7683	-1.8703	0.0017437
2.7683	-1.8452	0.0024978
2.7683	-1.8201	0.0030037
2.7683	-1.795	0.0030764
2.7683	-1.7699	0.002683
2.7683	-1.7448	0.0019543
2.7683	-1.7197	0.0011399
2.7683	-1.6946	0.00047389
2.7683	-0.91632	0.00029807
2.7683	-0.89121	0.00039762
2.7683	-0.86611	0.00033639
2.7683	-0.76569	0.00056362
2.7683	-0.74059	0.0010835
2.7683	-0.71548	0.001256
2.7683	-0.69038	0.0009005
2.7683	-0.61506	0.0012413
2.7683	-0.58996	0.0041834
2.7683	-0.56485	0.0082107
2.7683	-0.53975	0.012028
2.7683	-0.51464	0.014127
2.7683	-0.48954	0.013637
2.7683	-0.46444	0.010889
2.7683	-0.43933	0.0070997
2.7683	-0.41423	0.0036431
2.7683	-0.38912	0.001299
2.7683	0.71548	0.00029795
2.7683	0.74059	0.00065942
2.7683	0.76569	0.0010558
2.7683	0.79079	0.001357
2.7683	0.8159	0.0014629
2.7683	0.841	0.0013539
2.7683	0.86611	0.0010787
2.7683	0.89121	0.00073416
2.7683	0.91632	0.00041553
2.7933	-1.9205	0.00036387
2.7933	-1.8954	0.00087401
2.7933	-1.8703	0.0015725
2.7933	-1.8452	0.0023038
2.7933	-1.8201	0.0028389
2.7933	-1.795	0.0029784
2.7933	-1.7699	0.0026554
2.7933	-1.7448	0.001961
2.7933	-1.7197	0.0011424
2.7933	-1.6946	0.00045183
2.7933	-1.5941	0.00026809
2.7933	-1.569	0.0002939
2.7933	-0.91632	0.00039328
2.7933	-0.89121	0.0004505
2.7933	-0.86611	0.00032401
2.7933	-0.76569	0.00072039
2.7933	-0.74059	0.0011757
2.7933	-0.71548	0.0012232
2.7933	-0.69038	0.00073891
2.7933	-0.61506	0.0016125
2.7933	-0.58996	0.0046963
2.7933	-0.56485	0.0086907
2.7933	-0.53975	0.012417
2.7933	-0.51464	0.014433
2.7933	-0.48954	0.014056
2.7933	-0.46444	0.011526
2.7933	-0.43933	0.0078028
2.7933	-0.41423	0.0042239
2.7933	-0.38912	0.0016399
2.7933	-0.36402	0.00033882
2.7933	0.71548	0.00033505
2.7933	0.74059	0.0007094
2.7933	0.76569	0.0011154
2.7933	0.79079	0.0014276
2.7933	0.8159	0.0015434
2.7933	0.841	0.0014337
2.7933	0.86611	0.0011454
2.7933	0.89121	0.00077844
2.7933	0.91632	0.00043706
2.8184	-1.9205	0.00032215
2.8184	-1.8954	0.00078725
2.8184	-1.8703	0.0014551
2.8184	-1.8452	0.0022026
2.8184	-1.8201	0.0028046
2.8184	-1.795	0.0030436
2.8184	-1.7699	0.0027881
2.8184	-1.7448	0.0020992
2.8184	-1.7197	0.0012183
2.8184	-1.6946	0.00045316
2.8184	-1.6192	0.00025555
2.8184	-1.5941	0.00046082
2.8184	-1.569	0.00047992
2.8184	-1.5439	0.00031437
2.8184	-1.4184	0.00035309
2.8184	-1.3933	0.00030907
2.8184	-1.2678	0.00032135
2.8184	-1.2427	0.00037985
2.8184	-1.2176	0.0002996
2.8184	-0.91632	0.00025664
2.8184	-0.76569	0.00044697
2.8184	-0.74059	0.00064011
2.8184	-0.71548	0.00059779
2.8184	-0.69038	0.00030977
2.8184	-0.61506	0.0011959
2.8184	-0.58996	0.0031817
2.8184	-0.56485	0.005803
2.8184	-0.53975	0.0082565
2.8184	-0.51464	0.0097428
2.8184	-0.48954	0.0096951
2.8184	-0.46444	0.0081732
2.8184	-0.43933	0.0057483
2.8184	-0.41423	0.0032184
2.8184	-0.38912	0.0012948
2.8184	-0.36402	0.00026463
2.8184	-0.2887	0.00028771
2.8184	-0.2636	0.00030384
2.8184	0.71548	0.00034613
2.8184	0.74059	0.00070408
2.8184	0.76569	0.0010936
2.8184	0.79079	0.0013957
2.8184	0.8159	0.0015124
2.8184	0.841	0.0014085
2.8184	0.86611	0.0011286
2.8184	0.89121	0.00076523
2.8184	0.91632	0.00042462
2.8434	-1.9205	0.0002866
2.8434	-1.8954	0.00070872
2.8434	-1.8703	0.0013448
2.8434	-1.8452	0.0020996
2.8434	-1.8201	0.0027354
2.8434	-1.795	0.0030196
2.8434	-1.7699	0.0028027
2.8434	-1.7448	0.0020956
2.8434	-1.7197	0.0011786
2.8434	-1.6946	0.00040067
2.8434	-1.6192	0.0003568
2.8434	-1.5941	0.00057447
2.8434	-1.569	0.00054868
2.8434	-1.5439	0.00032242
2.8434	-1.4435	0.00030556
2.8434	-1.4184	0.00038932
2.8434	-1.3933	0.00030283
2.8434	-1.2678	0.00032942
2.8434	-1.2427	0.00035316
2.8434	-0.76569	0.00029955
2.8434	-0.74059	0.00037167
2.8434	-0.71548	0.00030282
2.8434	-0.61506	0.00089681
2.8434	-0.58996	0.0021909
2.8434	-0.56485	0.0038743
2.8434	-0.53975	0.0054636
2.8434	-0.51464	0.0064592
2.8434	-0.48954	0.0065059
2.8434	-0.46444	0.0055696
2.8434	-0.43933	0.0039674
2.8434	-0.41423	0.0022592
2.8434	-0.38912	0.00090583
2.8434	-0.2887	0.0002883
2.8434	-0.2636	0.00031231
2.8434	0.71548	0.00033035
2.8434	0.74059	0.00065173
2.8434	0.76569	0.0010048
2.8434	0.79079	0.0012857
2.8434	0.8159	0.0014022
2.8434	0.841	0.0013161
2.8434	0.86611	0.0010597
2.8434	0.89121	0.00071911
2.8434	0.91632	0.00039327
2.8685	-1.8954	0.00049454
2.8685	-1.8703	0.0008844
2.8685	-1.8452	0.001307
2.8685	-1.8201	0.0016476
2.8685	-1.795	0.0017609
2.8685	-1.7699	0.0015692
2.8685	-1.7448	0.0011286
2.8685	-1.7197	0.00059588
2.8685	-1.5941	0.0003328
2.8685	-1.569	0.00030078
2.8685	-0.76569	0.00029107
2.8685	-0.74059	0.000317
2.8685	-0.61506	0.00084896
2.8685	-0.58996	0.0018576
2.8685	-0.56485	0.003056
2.8685	-0.53975	0.0041326
2.8685	-0.51464	0.0047606
2.8685	-0.48954	0.0047143
2.8685	-0.46444	0.0039952
2.8685	-0.43933	0.0028365
2.8685	-0.41423	0.0015971
2.8685	-0.38912	0.00062499
2.8685	-0.2887	0.0002696
2.8685	-0.2636	0.00029014
2.8685	0.71548	0.00028879
2.8685	0.74059	0.00055783
2.8685	0.76569	0.00086146
2.8685	0.79079	0.0011154
2.8685	0.8159	0.0012341
2.8685	0.841	0.0011759
2.8685	0.86611	0.00095923
2.8685	0.89121	0.00065583
2.8685	0.91632	0.0003574
2.8935	-1.8954	0.00036876
2.8935	-1.8703	0.00053666
2.8935	-1.8452	0.00068649
2.8935	-1.8201	0.00076622
2.8935	-1.795	0.00075433
2.8935	-1.7699	0.0006351
2.8935	-1.7448	0.00044118
2.8935	-0.76569	0.00038812
2.8935	-0.74059	0.00039116
2.8935	-0.64017	0.00037718
2.8935	-0.61506	0.0011556
2.8935	-0.58996	0.0022533
2.8935	-0.56485	0.0033962
2.8935	-0.53975	0.0042655
2.8935	-0.51464	0.004607
2.8935	-0.48954	0.0043067
2.8935	-0.46444	0.0034749
2.8935	-0.43933	0.0023654
2.8935	-0.41423	0.0012759
2.8935	-0.38912	0.00047455
2.8935	-0.2636	0.00026102
2.8935	0.74059	0.00042599
2.8935	0.76569	0.00066516
2.8935	0.79079	0.00088217
2.8935	0.8159	0.0010043
2.8935	0.841	0.00098711
2.8935	0.86611	0.00082614
2.8935	0.89121	0.00057613
2.8935	0.91632	0.00031635
2.9186	-1.9205	0.0003129
2.9186	-1.8954	0.00050691
2.9186	-1.8703	0.00067352
2.9186	-1.8452	0.00076628
2.9186	-1.8201	0.00075699
2.9186	-1.795	0.00065423
2.9186	-1.7699	0.00048751
2.9186	-1.7448	0.00030364
2.9186	-0.94142	0.00026469
2.9186	-0.91632	0.00028978
2.9186	-0.79079	0.00039205
2.9186	-0.76569	0.00059184
2.9186	-0.74059	0.00057164
2.9186	-0.71548	0.00031756
2.9186	-0.64017	0.00076291
2.9186	-0.61506	0.0020822
2.9186	-0.58996	0.0037974
2.9186	-0.56485	0.0054239
2.9186	-0.53975	0.0064455
2.9186	-0.51464	0.0065451
2.9186	-0.48954	0.0057462
2.9186	-0.46444	0.0043244
2.9186	-0.43933	0.0027421
2.9186	-0.41423	0.001366
2.9186	-0.38912	0.00045929
2.9186	-0.2887	0.00025429
2.9186	-0.2636	0.00025364
2.9186	0.74059	0.00027395
2.9186	0.76569	0.00041959
2.9186	0.79079	0.00056491
2.9186	0.8159	0.0006655
2.9186	0.841	0.00068121
2.9186	0.86611	0.00059539
2.9186	0.89121	0.00043145
2.9436	-1.9205	0.00050063
2.9436	-1.8954	0.00081064
2.9436	-1.8703	0.0010767
2.9436	-1.8452	0.001214
2.9436	-1.8201	0.0011747
2.9436	-1.795	0.00097406
2.9436	-1.7699	0.00068268
2.9436	-1.7448	0.00038592
2.9436	-0.94142	0.0003511
2.9436	-0.91632	0.00037421
2.9436	-0.79079	0.00063829
2.9436	-0.76569	0.00093423
2.9436	-0.74059	0.00086831
2.9436	-0.71548	0.00044711
2.9436	-0.66527	0.00025309
2.9436	-0.64017	0.0016339
2.9436	-0.61506	0.0042329
2.9436	-0.58996	0.0075457
2.9436	-0.56485	0.010541
2.9436	-0.53975	0.012284
2.9436	-0.51464	0.012184
2.9436	-0.48954	0.010386
2.9436	-0.46444	0.0075471
2.9436	-0.43933	0.0044525
2.9436	-0.41423	0.0020573
2.9436	-0.38912	0.00060468
2.9436	-0.31381	0.00025284
2.9436	-0.2887	0.00037352
2.9436	-0.2636	0.0003321
2.9436	0.76569	0.00027196
2.9436	0.79079	0.0002793
2.9436	0.8159	0.00027596
2.9436	0.841	0.00025817
2.9687	-1.9456	0.00036493
2.9687	-1.9205	0.00076128
2.9687	-1.8954	0.0012395
2.9687	-1.8703	0.0016721
2.9687	-1.8452	0.0019055
2.9687	-1.8201	0.0018602
2.9687	-1.795	0.0015419
2.9687	-1.7699	0.0010658
2.9687	-1.7448	0.00057763
2.9687	-0.96653	0.00026937
2.9687	-0.94142	0.00044736
2.9687	-0.91632	0.00045919
2.9687	-0.89121	0.00027423
2.9687	-0.8159	0.00041975
2.9687	-0.79079	0.0010344
2.9687	-0.76569	0.0014636
2.9687	-0.74059	0.0013136
2.9687	-0.71548	0.00061132
2.9687	-0.66527	0.00067736
2.9687	-0.64017	0.0035662
2.9687	-0.61506	0.0088419
2.9687	-0.58996	0.01561
2.9687	-0.56485	0.02172
2.9687	-0.53975	0.025325
2.9687	-0.51464	0.025074
2.9687	-0.48954	0.021228
2.9687	-0.46444	0.015063
2.9687	-0.43933	0.0087926
2.9687	-0.41423	0.0037659
2.9687	-0.38912	0.00094248
2.9687	-0.31381	0.00065238
2.9687	-0.2887	0.00082409
2.9687	-0.2636	0.00064059
2.9687	-0.23849	0.00030671
2.9687	-0.11297	0.000257
2.9687	0.71548	0.00035864
2.9687	0.74059	0.00045213
2.9687	0.76569	0.00045121
2.9687	0.79079	0.00036928
2.9937	-1.9456	0.00051626
2.9937	-1.9205	0.0010788
2.9937	-1.8954	0.0017711
2.9937	-1.8703	0.002416
2.9937	-1.8452	0.0027972
2.9937	-1.8201	0.0027616
2.9937	-1.795	0.0023041
2.9937	-1.7699	0.0015814
2.9937	-1.7448	0.00083009
2.9937	-1.7197	0.00027832
2.9937	-0.96653	0.00032599
2.9937	-0.94142	0.00052435
2.9937	-0.91632	0.00052766
2.9937	-0.89121	0.00029624
2.9937	-0.8159	0.00068144
2.9937	-0.79079	0.0015876
2.9937	-0.76569	0.0021818
2.9937	-0.74059	0.001884
2.9937	-0.71548	0.00077281
2.9937	-0.66527	0.0016343
2.9937	-0.64017	0.0073854
2.9937	-0.61506	0.017464
2.9937	-0.58996	0.030309
2.9937	-0.56485	0.042162
2.9937	-0.53975	0.048915
2.9937	-0.51464	0.048323
2.9937	-0.48954	0.040514
2.9937	-0.46444	0.028349
2.9937	-0.43933	0.015961
2.9937	-0.41423	0.006398
2.9937	-0.38912	0.0013193
2.9937	-0.33891	0.00070758
2.9937	-0.31381	0.0016069
2.9937	-0.2887	0.0017964
2.9937	-0.2636	0.0012327
2.9937	-0.23849	0.0004989
2.9937	-0.16318	0.00026425
2.9937	-0.13808	0.00043783
2.9937	-0.11297	0.00042281
2.9937	-0.087866	0.00025608
2.9937	0.69038	0.0002562
2.9937	0.71548	0.00045511
2.9937	0.74059	0.00059916
2.9937	0.76569	0.00063027
2.9937	0.79079	0.00055143
2.9937	0.8159	0.00040155
3.0188	-1.9456	0.00067805
3.0188	-1.9205	0.0014145
3.0188	-1.8954	0.0023516
3.0188	-1.8703	0.0032503
3.0188	-1.8452	0.0038303
3.0188	-1.8201	0.0038349
3.0188	-1.795	0.0032212
3.0188	-1.7699	0.0022003
3.0188	-1.7448	0.0011239
3.0188	-1.7197	0.00033434
3.0188	-1.6444	0.00033568
3.0188	-1.6192	0.00049305
3.0188	-1.5941	0.0004498
3.0188	-1.569	0.00025961
3.0188	-1.4435	0.00027663
3.0188	-0.96653	0.00029614
3.0188	-0.94142	0.00047057
3.0188	-0.91632	0.00046633
3.0188	-0.8159	0.0008252
3.0188	-0.79079	0.0018174
3.0188	-0.76569	0.0024085
3.0188	-0.74059	0.0019614
3.0188	-0.71548	0.00067434
3.0188	-0.66527	0.0025315
3.0188	-0.64017	0.010148
3.0188	-0.61506	0.023004
3.0188	-0.58996	0.038383
3.0188	-0.56485	0.051955
3.0188	-0.53975	0.059016
3.0188	-0.51464	0.056497
3.0188	-0.48954	0.046224
3.0188	-0.46444	0.031027
3.0188	-0.43933	0.016549
3.0188	-0.41423	0.0060705
3.0188	-0.38912	0.0009809
3.0188	-0.33891	0.0011042
3.0188	-0.31381	0.0020772
3.0188	-0.2887	0.0020583
3.0188	-0.2636	0.0012788
3.0188	-0.23849	0.00043608
3.0188	-0.16318	0.00036211
3.0188	-0.13808	0.00051358
3.0188	-0.11297	0.00043334
3.0188	0.69038	0.00027892
3.0188	0.71548	0.00049429
3.0188	0.74059	0.0006661
3.0188	0.76569	0.00072977
3.0188	0.79079	0.00067012
3.0188	0.8159	0.00051676
3.0188	0.841	0.00033096
3.0438	-1.9707	0.00027286
3.0438	-1.9456	0.00078903
3.0438	-1.9205	0.0016607
3.0438	-1.8954	0.0028072
3.0438	-1.8703	0.0039552
3.0438	-1.8452	0.0047478
3.0438	-1.8201	0.0048256
3.0438	-1.795	0.0040887
3.0438	-1.7699	0.0027821
3.0438	-1.7448	0.0013687
3.0438	-1.7197	0.00035381
3.0438	-1.6444	0.00065468
3.0438	-1.6192	0.00088035
3.0438	-1.5941	0.00075608
3.0438	-1.569	0.000389
3.0438	-1.4937	0.00025276
3.0438	-1.4686	0.00051289
3.0438	-1.4435	0.00060691
3.0438	-1.4184	0.00046646
3.0438	-1.318	0.00027901
3.0438	-1.2929	0.00047338
3.0438	-1.2678	0.00053232
3.0438	-1.2427	0.00042872
3.0438	-0.8159	0.00045218
3.0438	-0.79079	0.00094611
3.0438	-0.76569	0.0012042
3.0438	-0.74059	0.00092028
3.0438	-0.66527	0.0017167
3.0438	-0.64017	0.0062639
3.0438	-0.61506	0.013733
3.0438	-0.58996	0.022509
3.0438	-0.56485	0.03
3.0438	-0.53975	0.033639
3.0438	-0.51464	0.032037
3.0438	-0.48954	0.025665
3.0438	-0.46444	0.01703
3.0438	-0.43933	0.0088171
3.0438	-0.41423	0.0029321
3.0438	-0.38912	0.00034901
3.0438	-0.33891	0.0009127
3.0438	-0.31381	0.0014939
3.0438	-0.2887	0.0013916
3.0438	-0.2636	0.00081043
3.0438	-0.16318	0.00033489
3.0438	-0.13808	0.00043447
3.0438	-0.11297	0.00034378
3.0438	0.69038	0.00030247
3.0438	0.71548	0.00052748
3.0438	0.74059	0.00071583
3.0438	0.76569	0.00080134
3.0438	0.79079	0.00075508
3.0438	0.8159	0.00060164
3.0438	0.841	0.00039873
3.0689	-1.9707	0.00025949
3.0689	-1.9456	0.00071851
3.0689	-1.9205	0.0014927
3.0689	-1.8954	0.0025296
3.0689	-1.8703	0.0036036
3.0689	-1.8452	0.0043504
3.0689	-1.8201	0.0044475
3.0689	-1.795	0.0037586
3.0689	-1.7699	0.0025181
3.0689	-1.7448	0.0011636
3.0689	-1.6695	0.00033752
3.0689	-1.6444	0.00080652
3.0689	-1.6192	0.0010001
3.0689	-1.5941	0.00078412
3.0689	-1.569	0.00035231
3.0689	-1.4937	0.00037457
3.0689	-1.4686	0.0006655
3.0689	-1.4435	0.00070556
3.0689	-1.4184	0.00047139
3.0689	-1.318	0.00044666
3.0689	-1.2929	0.00065463
3.0689	-1.2678	0.00064164
3.0689	-1.2427	0.00043528
3.0689	-0.79079	0.00028168
3.0689	-0.76569	0.00033867
3.0689	-0.66527	0.0007203
3.0689	-0.64017	0.0024487
3.0689	-0.61506	0.005404
3.0689	-0.58996	0.0089985
3.0689	-0.56485	0.012229
3.0689	-0.53975	0.014006
3.0689	-0.51464	0.013596
3.0689	-0.48954	0.011119
3.0689	-0.46444	0.0073822
3.0689	-0.43933	0.0037726
3.0689	-0.41423	0.0011819
3.0689	-0.33891	0.0006328
3.0689	-0.31381	0.00095792
3.0689	-0.2887	0.0008596
3.0689	-0.2636	0.00047994
3.0689	-0.16318	0.00029438
3.0689	-0.13808	0.00036179
3.0689	-0.11297	0.00027383
3.0689	0.69038	0.00034858
3.0689	0.71548	0.0005868
3.0689	0.74059	0.00078795
3.0689	0.76569	0.00088298
3.0689	0.79079	0.00084096
3.0689	0.8159	0.00067925
3.0689	0.841	0.00045786
3.0939	-1.9456	0.00052233
3.0939	-1.9205	0.00090262
3.0939	-1.8954	0.0013306
3.0939	-1.8703	0.0017232
3.0939	-1.8452	0.0019581
3.0939	-1.8201	0.0019135
3.0939	-1.795	0.0015671
3.0939	-1.7699	0.0010008
3.0939	-1.7448	0.00043471
3.0939	-1.6444	0.00041447
3.0939	-1.6192	0.00048151
3.0939	-1.5941	0.0003508
3.0939	-1.4686	0.00038879
3.0939	-1.4435	0.00038179
3.0939	-1.318	0.00033968
3.0939	-1.2929	0.00045769
3.0939	-1.2678	0.00041342
3.0939	-1.1172	0.00026447
3.0939	-0.66527	0.00038417
3.0939	-0.64017	0.0011133
3.0939	-0.61506	0.0022606
3.0939	-0.58996	0.0036881
3.0939	-0.56485	0.0050218
3.0939	-0.53975	0.0058449
3.0939	-0.51464	0.0057826
3.0939	-0.48954	0.0048161
3.0939	-0.46444	0.0032638
3.0939	-0.43933	0.0016398
3.0939	-0.41423	0.00049478
3.0939	-0.33891	0.00042949
3.0939	-0.31381	0.00062315
3.0939	-0.2887	0.00054825
3.0939	-0.2636	0.0002954
3.0939	-0.16318	0.00026292
3.0939	-0.13808	0.00031145
3.0939	0.69038	0.00048467
3.0939	0.71548	0.00076249
3.0939	0.74059	0.00098011
3.0939	0.76569	0.0010687
3.0939	0.79079	0.0010009
3.0939	0.8159	0.00080046
3.0939	0.841	0.00053617
3.0939	0.86611	0.00028611
3.119	-1.9707	0.00034799
3.119	-1.9456	0.00062765
3.119	-1.9205	0.00088274
3.119	-1.8954	0.0010374
3.119	-1.8703	0.0010553
3.119	-1.8452	0.00094324
3.119	-1.8201	0.00074383
3.119	-1.795	0.00051079
3.119	-1.7699	0.00028175
3.119	-1.2929	0.00025977
3.119	-0.79079	0.0002951
3.119	-0.66527	0.00057212
3.119	-0.64017	0.00126
3.119	-0.61506	0.0020742
3.119	-0.58996	0.0028575
3.119	-0.56485	0.0034254
3.119	-0.53975	0.0036127
3.119	-0.51464	0.0033642
3.119	-0.48954	0.0027012
3.119	-0.46444	0.0017823
3.119	-0.43933	0.00089257
3.119	-0.41423	0.00026118
3.119	-0.33891	0.00029394
3.119	-0.31381	0.00042076
3.119	-0.2887	0.00037172
3.119	-0.13808	0.0002757
3.119	0.012552	0.0002674
3.119	0.037657	0.0002554
3.119	0.66527	0.00049508
3.119	0.69038	0.00093208
3.119	0.71548	0.0013397
3.119	0.74059	0.0015995
3.119	0.76569	0.0016327
3.119	0.79079	0.0014445
3.119	0.8159	0.0011011
3.119	0.841	0.00070345
3.119	0.86611	0.00036051
3.1441	-1.9707	0.00045723
3.1441	-1.9456	0.00082162
3.1441	-1.9205	0.0011613
3.1441	-1.8954	0.001354
3.1441	-1.8703	0.0013388
3.1441	-1.8452	0.001126
3.1441	-1.8201	0.00080244
3.1441	-1.795	0.00047015
3.1441	-0.8159	0.00044717
3.1441	-0.79079	0.00051409
3.1441	-0.76569	0.00036162
3.1441	-0.69038	0.00039625
3.1441	-0.66527	0.00138
3.1441	-0.64017	0.0027762
3.1441	-0.61506	0.0043032
3.1441	-0.58996	0.0054175
3.1441	-0.56485	0.0058484
3.1441	-0.53975	0.0054852
3.1441	-0.51464	0.0045319
3.1441	-0.48954	0.0032016
3.1441	-0.46444	0.001901
3.1441	-0.43933	0.00087141
3.1441	-0.31381	0.00033788
3.1441	-0.2887	0.00030519
3.1441	0.012552	0.00028969
3.1441	0.037657	0.00026648
3.1441	0.16318	0.00030305
3.1441	0.18828	0.00037785
3.1441	0.21339	0.00030205
3.1441	0.33891	0.00032817
3.1441	0.36402	0.00035372
3.1441	0.48954	0.00035036
3.1441	0.51464	0.00051555
3.1441	0.53975	0.00048198
3.1441	0.56485	0.00026472
3.1441	0.64017	0.00045102
3.1441	0.66527	0.0012029
3.1441	0.69038	0.0020877
3.1441	0.71548	0.0028129
3.1441	0.74059	0.0031311
3.1441	0.76569	0.0029799
3.1441	0.79079	0.0024392
3.1441	0.8159	0.0017081
3.1441	0.841	0.0010073
3.1441	0.86611	0.00046742
3.1691	-1.9707	0.00052728
3.1691	-1.9456	0.00096041
3.1691	-1.9205	0.0013863
3.1691	-1.8954	0.0016686
3.1691	-1.8703	0.0016991
3.1691	-1.8452	0.0014697
3.1691	-1.8201	0.0010655
3.1691	-1.795	0.00062181
3.1691	-1.7699	0.00026934
3.1691	-0.96653	0.00029403
3.1691	-0.841	0.00041166
3.1691	-0.8159	0.00075287
3.1691	-0.79079	0.00084594
3.1691	-0.76569	0.00056695
3.1691	-0.69038	0.0010106
3.1691	-0.66527	0.0032802
3.1691	-0.64017	0.0066375
3.1691	-0.61506	0.010161
3.1691	-0.58996	0.012796
3.1691	-0.56485	0.013694
3.1691	-0.53975	0.012594
3.1691	-0.51464	0.009968
3.1691	-0.48954	0.006677
3.1691	-0.46444	0.0036657
3.1691	-0.43933	0.0014761
3.1691	-0.41423	0.00033185
3.1691	-0.33891	0.00035346
3.1691	-0.31381	0.00046108
3.1691	-0.2887	0.00039199
3.1691	0.012552	0.00025332
3.1691	0.16318	0.00040398
3.1691	0.18828	0.00047468
3.1691	0.21339	0.00035593
3.1691	0.31381	0.00029331
3.1691	0.33891	0.00049006
3.1691	0.36402	0.00049888
3.1691	0.38912	0.00030133
3.1691	0.48954	0.00055659
3.1691	0.51464	0.00076999
3.1691	0.53975	0.00067777
3.1691	0.56485	0.00033336
3.1691	0.64017	0.00080175
3.1691	0.66527	0.0019599
3.1691	0.69038	0.0032156
3.1691	0.71548	0.0041078
3.1691	0.74059	0.004363
3.1691	0.76569	0.0039227
3.1691	0.79079	0.0030302
3.1691	0.8159	0.0019832
3.1691	0.841	0.0010727
3.1691	0.86611	0.00044842
3.1942	-1.9707	0.00057251
3.1942	-1.9456	0.0010563
3.1942	-1.9205	0.0015582
3.1942	-1.8954	0.0019264
3.1942	-1.8703	0.0020179
3.1942	-1.8452	0.0017911
3.1942	-1.8201	0.001325
3.1942	-1.795	0.00077931
3.1942	-1.7699	0.00032638
3.1942	-0.99163	0.00025701
3.1942	-0.96653	0.00033284
3.1942	-0.94142	0.00026274
3.1942	-0.841	0.00066485
3.1942	-0.8159	0.0011452
3.1942	-0.79079	0.0012502
3.1942	-0.76569	0.00078212
3.1942	-0.69038	0.0022658
3.1942	-0.66527	0.0068481
3.1942	-0.64017	0.013512
3.1942	-0.61506	0.020688
3.1942	-0.58996	0.026116
3.1942	-0.56485	0.027965
3.1942	-0.53975	0.025685
3.1942	-0.51464	0.020014
3.1942	-0.48954	0.013141
3.1942	-0.46444	0.0068133
3.1942	-0.43933	0.0025047
3.1942	-0.41423	0.00040586
3.1942	-0.36402	0.00042147
3.1942	-0.33891	0.00082284
3.1942	-0.31381	0.00088562
3.1942	-0.2887	0.00063928
3.1942	-0.2636	0.00029801
3.1942	-0.13808	0.00026554
3.1942	0.16318	0.00027404
3.1942	0.18828	0.00030348
3.1942	0.33891	0.00037885
3.1942	0.36402	0.00036469
3.1942	0.48954	0.00046907
3.1942	0.51464	0.00061357
3.1942	0.53975	0.00051111
3.1942	0.64017	0.00080738
3.1942	0.66527	0.0018439
3.1942	0.69038	0.0029296
3.1942	0.71548	0.0036902
3.1942	0.74059	0.0038503
3.1942	0.76569	0.0034151
3.1942	0.79079	0.0025813
3.1942	0.8159	0.0016415
3.1942	0.841	0.00085009
3.1942	0.86611	0.00033217
3.2192	-1.9707	0.00059472
3.2192	-1.9456	0.0011172
3.2192	-1.9205	0.0016888
3.2192	-1.8954	0.0021416
3.2192	-1.8703	0.0022998
3.2192	-1.8452	0.0020864
3.2192	-1.8201	0.0015615
3.2192	-1.795	0.0009171
3.2192	-1.7699	0.00036535
3.2192	-0.96653	0.00027176
3.2192	-0.841	0.00072764
3.2192	-0.8159	0.0012033
3.2192	-0.79079	0.0012408
3.2192	-0.76569	0.00070425
3.2192	-0.71548	0.00044133
3.2192	-0.69038	0.0031437
3.2192	-0.66527	0.0088738
3.2192	-0.64017	0.017039
3.2192	-0.61506	0.025573
3.2192	-0.58996	0.031872
3.2192	-0.56485	0.03363
3.2192	-0.53975	0.030572
3.2192	-0.51464	0.023309
3.2192	-0.48954	0.01481
3.2192	-0.46444	0.0072816
3.2192	-0.43933	0.0023362
3.2192	-0.41423	0.00025538
3.2192	-0.36402	0.00075814
3.2192	-0.33891	0.0011955
3.2192	-0.31381	0.0011148
3.2192	-0.2887	0.00068997
3.2192	-0.16318	0.00026963
3.2192	-0.13808	0.0002689
3.2192	0.48954	0.00028621
3.2192	0.51464	0.00036576
3.2192	0.53975	0.0002927
3.2192	0.64017	0.00066146
3.2192	0.66527	0.0014511
3.2192	0.69038	0.0022826
3.2192	0.71548	0.0028713
3.2192	0.74059	0.0030108
3.2192	0.76569	0.0026793
3.2192	0.79079	0.0020283
3.2192	0.8159	0.001282
3.2192	0.841	0.00065078
3.2443	-1.9707	0.00050931
3.2443	-1.9456	0.00098399
3.2443	-1.9205	0.001539
3.2443	-1.8954	0.0020059
3.2443	-1.8703	0.0021967
3.2443	-1.8452	0.0020284
3.2443	-1.8201	0.0015215
3.2443	-1.795	0.00087517
3.2443	-1.7699	0.00032282
3.2443	-1.6695	0.00032785
3.2443	-1.6444	0.00033053
3.2443	-0.841	0.00041921
3.2443	-0.8159	0.00064372
3.2443	-0.79079	0.00063157
3.2443	-0.76569	0.00032145
3.2443	-0.71548	0.0003928
3.2443	-0.69038	0.0022873
3.2443	-0.66527	0.0061584
3.2443	-0.64017	0.01161
3.2443	-0.61506	0.017358
3.2443	-0.58996	0.021582
3.2443	-0.56485	0.022855
3.2443	-0.53975	0.020628
3.2443	-0.51464	0.015674
3.2443	-0.48954	0.0097552
3.2443	-0.46444	0.0046106
3.2443	-0.43933	0.0013154
3.2443	-0.36402	0.00078671
3.2443	-0.33891	0.001091
3.2443	-0.31381	0.00093207
3.2443	-0.2887	0.00051147
3.2443	-0.16318	0.0003011
3.2443	0.64017	0.00052776
3.2443	0.66527	0.0011366
3.2443	0.69038	0.0017939
3.2443	0.71548	0.0022724
3.2443	0.74059	0.0024091
3.2443	0.76569	0.002166
3.2443	0.79079	0.0016501
3.2443	0.8159	0.001044
3.2443	0.841	0.00052073
3.2693	-1.9456	0.00044535
3.2693	-1.9205	0.00073594
3.2693	-1.8954	0.0010089
3.2693	-1.8703	0.0011492
3.2693	-1.8452	0.0010806
3.2693	-1.8201	0.00081063
3.2693	-1.795	0.00045012
3.2693	-1.6695	0.00026852
3.2693	-0.71548	0.00025269
3.2693	-0.69038	0.0012306
3.2693	-0.66527	0.003256
3.2693	-0.64017	0.0061726
3.2693	-0.61506	0.0092939
3.2693	-0.58996	0.011757
3.2693	-0.56485	0.012672
3.2693	-0.53975	0.011588
3.2693	-0.51464	0.0088869
3.2693	-0.48954	0.0054859
3.2693	-0.46444	0.0024835
3.2693	-0.43933	0.00062326
3.2693	-0.36402	0.00070013
3.2693	-0.33891	0.00089258
3.2693	-0.31381	0.00071313
3.2693	-0.2887	0.00035207
3.2693	-0.18828	0.00028191
3.2693	-0.16318	0.00032029
3.2693	0.64017	0.00042348
3.2693	0.66527	0.00090489
3.2693	0.69038	0.0014417
3.2693	0.71548	0.0018554
3.2693	0.74059	0.0020009
3.2693	0.76569	0.0018253
3.2693	0.79079	0.001403
3.2693	0.8159	0.00088853
3.2693	0.841	0.00043702
3.2944	-1.8703	0.00026714
3.2944	-1.8452	0.00026725
3.2944	-0.69038	0.0006345
3.2944	-0.66527	0.0016133
3.2944	-0.64017	0.003031
3.2944	-0.61506	0.0046503
3.2944	-0.58996	0.0060272
3.2944	-0.56485	0.0066542
3.2944	-0.53975	0.0062338
3.2944	-0.51464	0.0048467
3.2944	-0.48954	0.0030174
3.2944	-0.46444	0.0013155
3.2944	-0.43933	0.00028191
3.2944	-0.38912	0.00025794
3.2944	-0.36402	0.00060384
3.2944	-0.33891	0.00072244
3.2944	-0.31381	0.0005475
3.2944	-0.18828	0.00032581
3.2944	-0.16318	0.00034062
3.2944	0.64017	0.00032724
3.2944	0.66527	0.00070289
3.2944	0.69038	0.0011382
3.2944	0.71548	0.0014932
3.2944	0.74059	0.0016409
3.2944	0.76569	0.0015241
3.2944	0.79079	0.0011856
3.2944	0.8159	0.00075405
3.2944	0.841	0.00036586
3.3194	-0.841	0.00027523
3.3194	-0.8159	0.00026519
3.3194	-0.69038	0.0006247
3.3194	-0.66527	0.0012451
3.3194	-0.64017	0.0020183
3.3194	-0.61506	0.0027607
3.3194	-0.58996	0.0033699
3.3194	-0.56485	0.0035843
3.3194	-0.53975	0.0033221
3.3194	-0.51464	0.0025822
3.3194	-0.48954	0.0015925
3.3194	-0.46444	0.00067076
3.3194	-0.36402	0.00048818
3.3194	-0.33891	0.00056193
3.3194	-0.31381	0.00040593
3.3194	-0.18828	0.0003622
3.3194	-0.16318	0.00035391
3.3194	-0.037657	0.00025321
3.3194	-0.012552	0.00034361
3.3194	0.012552	0.00031085
3.3194	0.64017	0.00027008
3.3194	0.66527	0.00053209
3.3194	0.69038	0.00082379
3.3194	0.71548	0.0010595
3.3194	0.74059	0.0011573
3.3194	0.76569	0.0010716
3.3194	0.79079	0.00083545
3.3194	0.8159	0.00052627
3.3445	-1.9958	0.00040703
3.3445	-1.9707	0.00065548
3.3445	-1.9456	0.00085925
3.3445	-1.9205	0.00094453
3.3445	-1.8954	0.00087788
3.3445	-1.8703	0.00070134
3.3445	-1.8452	0.0004603
3.3445	-1.1674	0.00029577
3.3445	-1.0167	0.00032842
3.3445	-0.99163	0.00036809
3.3445	-0.86611	0.00045762
3.3445	-0.841	0.00068452
3.3445	-0.8159	0.00064753
3.3445	-0.79079	0.00035185
3.3445	-0.71548	0.00069518
3.3445	-0.69038	0.0018237
3.3445	-0.66527	0.0031584
3.3445	-0.64017	0.0042503
3.3445	-0.61506	0.0047754
3.3445	-0.58996	0.004636
3.3445	-0.56485	0.0039784
3.3445	-0.53975	0.0029829
3.3445	-0.51464	0.0019318
3.3445	-0.48954	0.0010374
3.3445	-0.46444	0.00038311
3.3445	-0.36402	0.00032279
3.3445	-0.33891	0.00035676
3.3445	-0.18828	0.00032468
3.3445	-0.16318	0.00029888
3.3445	-0.037657	0.00030503
3.3445	-0.012552	0.00038294
3.3445	0.012552	0.00031804
3.3445	0.16318	0.00026589
3.3445	0.64017	0.00037167
3.3445	0.66527	0.00057037
3.3445	0.69038	0.00072488
3.3445	0.71548	0.00079752
3.3445	0.74059	0.00076866
3.3445	0.76569	0.00064985
3.3445	0.79079	0.00047325
3.3445	0.8159	0.00028449
3.3695	-2.0209	0.00045345
3.3695	-1.9958	0.00098551
3.3695	-1.9707	0.001634
3.3695	-1.9456	0.0022157
3.3695	-1.9205	0.0025304
3.3695	-1.8954	0.0024647
3.3695	-1.8703	0.0020412
3.3695	-1.8452	0.0014065
3.3695	-1.8201	0.00077345
3.3695	-1.795	0.00029895
3.3695	-1.1925	0.0002767
3.3695	-1.1674	0.00034524
3.3695	-1.1423	0.00028118
3.3695	-1.0418	0.00027232
3.3695	-1.0167	0.00049321
3.3695	-0.99163	0.0005375
3.3695	-0.96653	0.00034283
3.3695	-0.89121	0.00033305
3.3695	-0.86611	0.00086988
3.3695	-0.841	0.0012621
3.3695	-0.8159	0.0011577
3.3695	-0.79079	0.00058204
3.3695	-0.74059	0.00030727
3.3695	-0.71548	0.0019018
3.3695	-0.69038	0.00479
3.3695	-0.66527	0.0081076
3.3695	-0.64017	0.010835
3.3695	-0.61506	0.011895
3.3695	-0.58996	0.011114
3.3695	-0.56485	0.0088449
3.3695	-0.53975	0.0059844
3.3695	-0.51464	0.0033427
3.3695	-0.48954	0.0014544
3.3695	-0.46444	0.00041549
3.3695	0.61506	0.00032497
3.3695	0.64017	0.00061416
3.3695	0.66527	0.00086608
3.3695	0.69038	0.00099956
3.3695	0.71548	0.00098307
3.3695	0.74059	0.00083886
3.3695	0.76569	0.00062353
3.3695	0.79079	0.00040193
3.3946	-2.046	0.0002645
3.3946	-2.0209	0.00086056
3.3946	-1.9958	0.0018377
3.3946	-1.9707	0.0030501
3.3946	-1.9456	0.0041706
3.3946	-1.9205	0.004847
3.3946	-1.8954	0.0047876
3.3946	-1.8703	0.0040227
3.3946	-1.8452	0.0027779
3.3946	-1.8201	0.0015093
3.3946	-1.795	0.00055429
3.3946	-1.6946	0.00027655
3.3946	-1.6695	0.00028945
3.3946	-1.0167	0.00042972
3.3946	-0.99163	0.00044729
3.3946	-0.96653	0.00027354
3.3946	-0.89121	0.00037952
3.3946	-0.86611	0.0009213
3.3946	-0.841	0.001284
3.3946	-0.8159	0.0011296
3.3946	-0.79079	0.00051633
3.3946	-0.74059	0.00054115
3.3946	-0.71548	0.0027504
3.3946	-0.69038	0.0065884
3.3946	-0.66527	0.011122
3.3946	-0.64017	0.014864
3.3946	-0.61506	0.016563
3.3946	-0.58996	0.015672
3.3946	-0.56485	0.012567
3.3946	-0.53975	0.0084978
3.3946	-0.51464	0.00465
3.3946	-0.48954	0.0019045
3.3946	-0.46444	0.00047013
3.3946	-0.36402	0.0002616
3.3946	0.61506	0.00051629
3.3946	0.64017	0.00095755
3.3946	0.66527	0.0013425
3.3946	0.69038	0.0015426
3.3946	0.71548	0.0014986
3.3946	0.74059	0.0012534
3.3946	0.76569	0.00090182
3.3946	0.79079	0.00054774
3.3946	0.8159	0.00027271
3.4196	-2.046	0.00031873
3.4196	-2.0209	0.00095892
3.4196	-1.9958	0.0020078
3.4196	-1.9707	0.0033141
3.4196	-1.9456	0.0045299
3.4196	-1.9205	0.0052532
3.4196	-1.8954	0.0051974
3.4196	-1.8703	0.0043442
3.4196	-1.8452	0.0029792
3.4196	-1.8201	0.0015708
3.4196	-1.795	0.00052535
3.4196	-1.7197	0.00026122
3.4196	-1.6946	0.00042675
3.4196	-1.6695	0.00041925
3.4196	-1.6444	0.00026868
3.4196	-0.89121	0.00025985
3.4196	-0.86611	0.00060405
3.4196	-0.841	0.00082819
3.4196	-0.8159	0.00070856
3.4196	-0.79079	0.00028731
3.4196	-0.74059	0.00058457
3.4196	-0.71548	0.0025963
3.4196	-0.69038	0.00608
3.4196	-0.66527	0.01028
3.4196	-0.64017	0.013949
3.4196	-0.61506	0.015845
3.4196	-0.58996	0.015259
3.4196	-0.56485	0.012482
3.4196	-0.53975	0.0085455
3.4196	-0.51464	0.0046723
3.4196	-0.48954	0.0018421
3.4196	-0.46444	0.00038247
3.4196	-0.38912	0.00039828
3.4196	-0.36402	0.0004276
3.4196	-0.33891	0.00029082
3.4196	0.58996	0.00027906
3.4196	0.61506	0.00080176
3.4196	0.64017	0.0014666
3.4196	0.66527	0.0020651
3.4196	0.69038	0.002396
3.4196	0.71548	0.0023505
3.4196	0.74059	0.0019748
3.4196	0.76569	0.0014141
3.4196	0.79079	0.00084941
3.4196	0.8159	0.00040401
3.4447	-2.0209	0.00060355
3.4447	-1.9958	0.0012663
3.4447	-1.9707	0.0020814
3.4447	-1.9456	0.0028695
3.4447	-1.9205	0.0033664
3.4447	-1.8954	0.0033588
3.4447	-1.8703	0.0028178
3.4447	-1.8452	0.0019196
3.4447	-1.8201	0.00097955
3.4447	-1.795	0.00029463
3.4447	-1.7197	0.00026808
3.4447	-1.6946	0.00040293
3.4447	-1.6695	0.00037203
3.4447	-0.86611	0.00031613
3.4447	-0.841	0.00044385
3.4447	-0.8159	0.00037992
3.4447	-0.74059	0.00051928
3.4447	-0.71548	0.0021344
3.4447	-0.69038	0.0049828
3.4447	-0.66527	0.0085721
3.4447	-0.64017	0.011902
3.4447	-0.61506	0.013826
3.4447	-0.58996	0.013652
3.4447	-0.56485	0.011403
3.4447	-0.53975	0.007888
3.4447	-0.51464	0.0042956
3.4447	-0.48954	0.0016217
3.4447	-0.46444	0.00026846
3.4447	-0.41423	0.00032962
3.4447	-0.38912	0.00062058
3.4447	-0.36402	0.00063026
3.4447	-0.33891	0.00040675
3.4447	0.46444	0.00025401
3.4447	0.58996	0.0004296
3.4447	0.61506	0.0011639
3.4447	0.64017	0.0021018
3.4447	0.66527	0.0029612
3.4447	0.69038	0.00346
3.4447	0.71548	0.0034169
3.4447	0.74059	0.0028835
3.4447	0.76569	0.0020672
3.4447	0.79079	0.0012196
3.4447	0.8159	0.00056057
3.4697	-2.0209	0.00028866
3.4697	-1.9958	0.00061372
3.4697	-1.9707	0.0010261
3.4697	-1.9456	0.0014559
3.4697	-1.9205	0.0017521
3.4697	-1.8954	0.0017889
3.4697	-1.8703	0.0015228
3.4697	-1.8452	0.0010425
3.4697	-1.8201	0.00051749
3.4697	-1.6946	0.00032987
3.4697	-1.6695	0.00029191
3.4697	-0.74059	0.00037058
3.4697	-0.71548	0.001513
3.4697	-0.69038	0.0036477
3.4697	-0.66527	0.00651
3.4697	-0.64017	0.0093625
3.4697	-0.61506	0.011244
3.4697	-0.58996	0.011423
3.4697	-0.56485	0.009752
3.4697	-0.53975	0.0068287
3.4697	-0.51464	0.0036839
3.4697	-0.48954	0.0013018
3.4697	-0.41423	0.00052292
3.4697	-0.38912	0.00086532
3.4697	-0.36402	0.00083996
3.4697	-0.33891	0.00050786
3.4697	-0.21339	0.00032785
3.4697	-0.18828	0.00027417
3.4697	0.58996	0.00049004
3.4697	0.61506	0.0012541
3.4697	0.64017	0.0022272
3.4697	0.66527	0.0031392
3.4697	0.69038	0.0036462
3.4697	0.71548	0.003603
3.4697	0.74059	0.0030358
3.4697	0.76569	0.0021528
3.4697	0.79079	0.0012471
3.4697	0.8159	0.00054824
3.4948	-1.9958	0.00027875
3.4948	-1.9707	0.00047209
3.4948	-1.9456	0.00067795
3.4948	-1.9205	0.00083309
3.4948	-1.8954	0.00087237
3.4948	-1.8703	0.0007621
3.4948	-1.8452	0.00052324
3.4948	-1.8201	0.00025258
3.4948	-1.6946	0.00026051
3.4948	-0.71548	0.00062399
3.4948	-0.69038	0.0016964
3.4948	-0.66527	0.0033421
3.4948	-0.64017	0.0051531
3.4948	-0.61506	0.0065813
3.4948	-0.58996	0.0070042
3.4948	-0.56485	0.0061846
3.4948	-0.53975	0.0044075
3.4948	-0.51464	0.0023338
3.4948	-0.48954	0.00074224
3.4948	-0.41423	0.00061653
3.4948	-0.38912	0.00092359
3.4948	-0.36402	0.00083518
3.4948	-0.33891	0.00046747
3.4948	-0.23849	0.00036461
3.4948	-0.21339	0.00045448
3.4948	-0.18828	0.00035167
3.4948	-0.062762	0.00025348
3.4948	-0.037657	0.00027073
3.4948	0.58996	0.00032063
3.4948	0.61506	0.00078372
3.4948	0.64017	0.0013826
3.4948	0.66527	0.0019494
3.4948	0.69038	0.0022821
3.4948	0.71548	0.0022615
3.4948	0.74059	0.0019121
3.4948	0.76569	0.001354
3.4948	0.79079	0.00076853
3.4948	0.8159	0.00032208
3.5198	-1.9958	0.00028944
3.5198	-1.9707	0.00038797
3.5198	-1.9456	0.000457
3.5198	-1.9205	0.00048637
3.5198	-1.8954	0.00045302
3.5198	-1.8703	0.00036998
3.5198	-0.69038	0.00046655
3.5198	-0.66527	0.00084076
3.5198	-0.64017	0.0012952
3.5198	-0.61506	0.0017506
3.5198	-0.58996	0.0019975
3.5198	-0.56485	0.0018734
3.5198	-0.53975	0.0013697
3.5198	-0.51464	0.00072411
3.5198	-0.41423	0.00041251
3.5198	-0.38912	0.0005592
3.5198	-0.36402	0.00047522
3.5198	-0.23849	0.00032116
3.5198	-0.21339	0.00036855
3.5198	-0.18828	0.0002634
3.5198	-0.062762	0.00028922
3.5198	-0.037657	0.0002909
3.5198	0.61506	0.00034107
3.5198	0.64017	0.00060102
3.5198	0.66527	0.00085003
3.5198	0.69038	0.0010124
3.5198	0.71548	0.0010275
3.5198	0.74059	0.00088216
3.5198	0.76569	0.00063007
3.5198	0.79079	0.00035805
3.5449	-2.0209	0.00046783
3.5449	-1.9958	0.00069774
3.5449	-1.9707	0.00084928
3.5449	-1.9456	0.00087902
3.5449	-1.9205	0.0007785
3.5449	-1.8954	0.00058922
3.5449	-1.8703	0.00037789
3.5449	-1.1925	0.00025754
3.5449	-1.0418	0.0002862
3.5449	-1.0167	0.0002631
3.5449	-0.89121	0.00039651
3.5449	-0.86611	0.00047272
3.5449	-0.841	0.00035139
3.5449	-0.74059	0.00067894
3.5449	-0.71548	0.0013274
3.5449	-0.69038	0.0018786
3.5449	-0.66527	0.0021258
3.5449	-0.64017	0.0020271
3.5449	-0.61506	0.00166
3.5449	-0.58996	0.0011966
3.5449	-0.56485	0.00076715
3.5449	-0.53975	0.00042097
3.5449	0.64017	0.00032531
3.5449	0.66527	0.00041259
3.5449	0.69038	0.00045954
3.5449	0.71548	0.00045188
3.5449	0.74059	0.00038394
3.5449	0.76569	0.00027416
3.5699	-2.046	0.00042471
3.5699	-2.0209	0.00081255
3.5699	-1.9958	0.0012245
3.5699	-1.9707	0.0015178
3.5699	-1.9456	0.0015934
3.5699	-1.9205	0.001423
3.5699	-1.8954	0.0010704
3.5699	-1.8703	0.00066194
3.5699	-1.8452	0.00030873
3.5699	-1.0418	0.00032985
3.5699	-1.0167	0.00028984
3.5699	-0.91632	0.00033358
3.5699	-0.89121	0.00064363
3.5699	-0.86611	0.00075196
3.5699	-0.841	0.00053824
3.5699	-0.76569	0.00054664
3.5699	-0.74059	0.0018782
3.5699	-0.71548	0.0037922
3.5699	-0.69038	0.005632
3.5699	-0.66527	0.0067912
3.5699	-0.64017	0.0068681
3.5699	-0.61506	0.00591
3.5699	-0.58996	0.0043469
3.5699	-0.56485	0.0026698
3.5699	-0.53975	0.0013384
3.5699	-0.51464	0.00050057
3.5699	0.58996	0.00027199
3.5699	0.61506	0.0004367
3.5699	0.64017	0.00054844
3.5699	0.66527	0.00057266
3.5699	0.69038	0.0005164
3.5699	0.71548	0.00040926
3.5699	0.74059	0.00028394
3.595	-2.046	0.00059097
3.595	-2.0209	0.0011315
3.595	-1.9958	0.0017231
3.595	-1.9707	0.0021897
3.595	-1.9456	0.002354
3.595	-1.9205	0.0021547
3.595	-1.8954	0.0016472
3.595	-1.8703	0.0010252
3.595	-1.8452	0.0004697
3.595	-1.0669	0.00025489
3.595	-1.0418	0.00034295
3.595	-1.0167	0.00028485
3.595	-0.91632	0.0004942
3.595	-0.89121	0.00090319
3.595	-0.86611	0.0010237
3.595	-0.841	0.00069075
3.595	-0.76569	0.0011728
3.595	-0.74059	0.0038693
3.595	-0.71548	0.007737
3.595	-0.69038	0.01177
3.595	-0.66527	0.014643
3.595	-0.64017	0.015352
3.595	-0.61506	0.013775
3.595	-0.58996	0.010517
3.595	-0.56485	0.0067288
3.595	-0.53975	0.0034428
3.595	-0.51464	0.0012767
3.595	0.43933	0.00026325
3.595	0.58996	0.00060031
3.595	0.61506	0.00095984
3.595	0.64017	0.0011916
3.595	0.66527	0.0012215
3.595	0.69038	0.0010614
3.595	0.71548	0.00078335
3.595	0.74059	0.00049162
3.595	0.76569	0.00025368
3.62	-2.0711	0.00027509
3.62	-2.046	0.00072671
3.62	-2.0209	0.0013924
3.62	-1.9958	0.00215
3.62	-1.9707	0.002775
3.62	-1.9456	0.0030314
3.62	-1.9205	0.0028231
3.62	-1.8954	0.0021855
3.62	-1.8703	0.0013536
3.62	-1.8452	0.00060011
3.62	-1.7197	0.00025816
3.62	-1.0418	0.00028404
3.62	-0.91632	0.00057409
3.62	-0.89121	0.00099855
3.62	-0.86611	0.0010827
3.62	-0.841	0.00067743
3.62	-0.76569	0.0019161
3.62	-0.74059	0.0058529
3.62	-0.71548	0.011549
3.62	-0.69038	0.0176
3.62	-0.66527	0.022081
3.62	-0.64017	0.023514
3.62	-0.61506	0.021406
3.62	-0.58996	0.016555
3.62	-0.56485	0.010687
3.62	-0.53975	0.0054141
3.62	-0.51464	0.0018886
3.62	-0.48954	0.00027574
3.62	-0.43933	0.00033032
3.62	-0.41423	0.00060381
3.62	-0.38912	0.00060426
3.62	-0.36402	0.00040126
3.62	0.43933	0.00027101
3.62	0.56485	0.00037872
3.62	0.58996	0.00086739
3.62	0.61506	0.0013828
3.62	0.64017	0.001734
3.62	0.66527	0.0018082
3.62	0.69038	0.0015947
3.62	0.71548	0.0011952
3.62	0.74059	0.00075143
3.62	0.76569	0.00038575
3.6451	-2.046	0.00063026
3.6451	-2.0209	0.0012211
3.6451	-1.9958	0.00192
3.6451	-1.9707	0.0025216
3.6451	-1.9456	0.0028084
3.6451	-1.9205	0.002636
3.6451	-1.8954	0.0020548
3.6451	-1.8703	0.0012622
3.6451	-1.8452	0.0005321
3.6451	-1.7448	0.00030853
3.6451	-1.7197	0.00035365
3.6451	-1.6946	0.00025954
3.6451	-0.91632	0.00042375
3.6451	-0.89121	0.00069961
3.6451	-0.86611	0.00073003
3.6451	-0.841	0.00041895
3.6451	-0.79079	0.00027344
3.6451	-0.76569	0.00201
3.6451	-0.74059	0.0057207
3.6451	-0.71548	0.011126
3.6451	-0.69038	0.016984
3.6451	-0.66527	0.021494
3.6451	-0.64017	0.023121
3.6451	-0.61506	0.021206
3.6451	-0.58996	0.016514
3.6451	-0.56485	0.010607
3.6451	-0.53975	0.0052758
3.6451	-0.51464	0.0017176
3.6451	-0.43933	0.00057865
3.6451	-0.41423	0.00092687
3.6451	-0.38912	0.00087289
3.6451	-0.36402	0.00053504
3.6451	0.56485	0.00044481
3.6451	0.58996	0.00099699
3.6451	0.61506	0.0015913
3.6451	0.64017	0.0020261
3.6451	0.66527	0.0021502
3.6451	0.69038	0.00193
3.6451	0.71548	0.0014726
3.6451	0.74059	0.0009367
3.6451	0.76569	0.00047814
3.6701	-2.046	0.00028945
3.6701	-2.0209	0.00059133
3.6701	-1.9958	0.00097096
3.6701	-1.9707	0.0013355
3.6701	-1.9456	0.0015405
3.6701	-1.9205	0.0014939
3.6701	-1.8954	0.0011784
3.6701	-1.8703	0.00071568
3.6701	-1.8452	0.00028863
3.6701	-1.7448	0.00028254
3.6701	-1.7197	0.00030879
3.6701	-0.89121	0.00035157
3.6701	-0.86611	0.00035336
3.6701	-0.79079	0.00026298
3.6701	-0.76569	0.0015381
3.6701	-0.74059	0.0042443
3.6701	-0.71548	0.0082526
3.6701	-0.69038	0.012723
3.6701	-0.66527	0.016351
3.6701	-0.64017	0.017851
3.6701	-0.61506	0.016667
3.6701	-0.58996	0.013109
3.6701	-0.56485	0.0084117
3.6701	-0.53975	0.0040839
3.6701	-0.51464	0.0012026
3.6701	-0.43933	0.00076069
3.6701	-0.41423	0.0011059
3.6701	-0.38912	0.00098615
3.6701	-0.36402	0.00056554
3.6701	-0.23849	0.0003024
3.6701	-0.21339	0.00025469
3.6701	0.56485	0.00045266
3.6701	0.58996	0.00099996
3.6701	0.61506	0.0016134
3.6701	0.64017	0.0020868
3.6701	0.66527	0.0022565
3.6701	0.69038	0.0020573
3.6701	0.71548	0.00159
3.6701	0.74059	0.0010189
3.6701	0.76569	0.00051472
3.6952	-1.9707	0.000393
3.6952	-1.9456	0.00050163
3.6952	-1.9205	0.00052486
3.6952	-1.8954	0.00043761
3.6952	-1.8703	0.00027828
3.6952	-0.76569	0.0010038
3.6952	-0.74059	0.0026676
3.6952	-0.71548	0.0052352
3.6952	-0.69038	0.0082641
3.6952	-0.66527	0.01087
3.6952	-0.64017	0.012157
3.6952	-0.61506	0.011567
3.6952	-0.58996	0.0092255
3.6952	-0.56485	0.005943
3.6952	-0.53975	0.0028082
3.6952	-0.51464	0.00072954
3.6952	-0.46444	0.00028066
3.6952	-0.43933	0.00086286
3.6952	-0.41423	0.0011658
3.6952	-0.38912	0.00098769
3.6952	-0.36402	0.00052661
3.6952	-0.2636	0.00034723
3.6952	-0.23849	0.00042509
3.6952	-0.21339	0.00032816
3.6952	0.56485	0.00031354
3.6952	0.58996	0.00070758
3.6952	0.61506	0.0011711
3.6952	0.64017	0.0015537
3.6952	0.66527	0.0017189
3.6952	0.69038	0.0016003
3.6952	0.71548	0.0012509
3.6952	0.74059	0.00080541
3.6952	0.76569	0.00039881
3.7203	-0.76569	0.00057071
3.7203	-0.74059	0.0014202
3.7203	-0.71548	0.0026713
3.7203	-0.69038	0.0041039
3.7203	-0.66527	0.00544
3.7203	-0.64017	0.0061615
3.7203	-0.61506	0.005971
3.7203	-0.58996	0.0048355
3.7203	-0.56485	0.0031038
3.7203	-0.53975	0.001429
3.7203	-0.51464	0.0003154
3.7203	-0.46444	0.00028418
3.7203	-0.43933	0.00072077
3.7203	-0.41423	0.00091465
3.7203	-0.38912	0.00074251
3.7203	-0.36402	0.00036605
3.7203	-0.2636	0.00037297
3.7203	-0.23849	0.00042442
3.7203	-0.21339	0.00030458
3.7203	-0.087866	0.00025417
3.7203	0.58996	0.00025389
3.7203	0.61506	0.00045731
3.7203	0.64017	0.00065495
3.7203	0.66527	0.00076436
3.7203	0.69038	0.00074722
3.7203	0.71548	0.0005994
3.7203	0.74059	0.0003924
3.7453	-2.046	0.00029477
3.7453	-2.0209	0.00037972
3.7453	-1.9958	0.00040199
3.7453	-1.9707	0.00034918
3.7453	-1.9456	0.00025256
3.7453	-1.0669	0.00026667
3.7453	-0.91632	0.00039074
3.7453	-0.89121	0.00040554
3.7453	-0.79079	0.00028488
3.7453	-0.76569	0.00085499
3.7453	-0.74059	0.0016003
3.7453	-0.71548	0.0023236
3.7453	-0.69038	0.0028479
3.7453	-0.66527	0.0030905
3.7453	-0.64017	0.0030036
3.7453	-0.61506	0.0026
3.7453	-0.58996	0.0019529
3.7453	-0.56485	0.0011876
3.7453	-0.53975	0.00050676
3.7453	-0.43933	0.00039997
3.7453	-0.41423	0.00048985
3.7453	-0.38912	0.0003841
3.7453	-0.2636	0.00027428
3.7453	-0.23849	0.00029538
3.7453	-0.087866	0.00025422
3.7704	-2.0711	0.00037228
3.7704	-2.046	0.00064637
3.7704	-2.0209	0.00089936
3.7704	-1.9958	0.0010417
3.7704	-1.9707	0.0010168
3.7704	-1.9456	0.00083522
3.7704	-1.9205	0.00056758
3.7704	-1.8954	0.0003048
3.7704	-1.0921	0.00025746
3.7704	-1.0669	0.00031904
3.7704	-0.94142	0.00039741
3.7704	-0.91632	0.00064299
3.7704	-0.89121	0.00064854
3.7704	-0.86611	0.00037569
3.7704	-0.79079	0.00077502
3.7704	-0.76569	0.0021091
3.7704	-0.74059	0.0037651
3.7704	-0.71548	0.0051588
3.7704	-0.69038	0.0058277
3.7704	-0.66527	0.0055765
3.7704	-0.64017	0.0045733
3.7704	-0.61506	0.0032335
3.7704	-0.58996	0.0019134
3.7704	-0.56485	0.00092388
3.7704	-0.53975	0.00031156
3.7704	0.58996	0.0003084
3.7704	0.61506	0.00032669
3.7704	0.64017	0.000294
3.7954	-2.0711	0.00049733
3.7954	-2.046	0.00089106
3.7954	-2.0209	0.0012913
3.7954	-1.9958	0.0015686
3.7954	-1.9707	0.0016108
3.7954	-1.9456	0.0013963
3.7954	-1.9205	0.0010023
3.7954	-1.8954	0.00056239
3.7954	-1.0921	0.00025716
3.7954	-1.0669	0.00030919
3.7954	-0.94142	0.00054018
3.7954	-0.91632	0.00084049
3.7954	-0.89121	0.00081368
3.7954	-0.86611	0.00043257
3.7954	-0.79079	0.0015837
3.7954	-0.76569	0.0041383
3.7954	-0.74059	0.0073803
3.7954	-0.71548	0.01026
3.7954	-0.69038	0.01179
3.7954	-0.66527	0.011473
3.7954	-0.64017	0.0095182
3.7954	-0.61506	0.0066719
3.7954	-0.58996	0.0038249
3.7954	-0.56485	0.0017093
3.7954	-0.53975	0.0004894
3.7954	0.53975	0.00036473
3.7954	0.56485	0.00068977
3.7954	0.58996	0.00096072
3.7954	0.61506	0.0010782
3.7954	0.64017	0.0010087
3.7954	0.66527	0.00080298
3.7954	0.69038	0.00054366
3.7954	0.71548	0.00030912
3.8205	-2.0711	0.000427
3.8205	-2.046	0.00079608
3.8205	-2.0209	0.0012067
3.8205	-1.9958	0.0015315
3.8205	-1.9707	0.0016417
3.8205	-1.9456	0.0014767
3.8205	-1.9205	0.0010912
3.8205	-1.8954	0.0006228
3.8205	-0.94142	0.00053305
3.8205	-0.91632	0.00079869
3.8205	-0.89121	0.00074525
3.8205	-0.86611	0.00035338
3.8205	-0.8159	0.00042679
3.8205	-0.79079	0.0022918
3.8205	-0.76569	0.0057592
3.8205	-0.74059	0.010208
3.8205	-0.71548	0.014344
3.8205	-0.69038	0.016791
3.8205	-0.66527	0.016673
3.8205	-0.64017	0.014082
3.8205	-0.61506	0.010033
3.8205	-0.58996	0.0058126
3.8205	-0.56485	0.002523
3.8205	-0.53975	0.00064859
3.8205	-0.46444	0.00033341
3.8205	-0.43933	0.00041967
3.8205	-0.41423	0.00032558
3.8205	0.38912	0.00025949
3.8205	0.41423	0.00028095
3.8205	0.53975	0.0006607
3.8205	0.56485	0.0012417
3.8205	0.58996	0.0017638
3.8205	0.61506	0.0020295
3.8205	0.64017	0.0019681
3.8205	0.66527	0.0016265
3.8205	0.69038	0.0011437
3.8205	0.71548	0.00067063
3.8205	0.74059	0.00031889
3.8455	-2.046	0.00037584
3.8455	-2.0209	0.00062107
3.8455	-1.9958	0.00085219
3.8455	-1.9707	0.00098533
3.8455	-1.9456	0.00094532
3.8455	-1.9205	0.00072723
3.8455	-1.8954	0.00042351
3.8455	-0.94142	0.00037207
3.8455	-0.91632	0.00054886
3.8455	-0.89121	0.00049708
3.8455	-0.8159	0.00053515
3.8455	-0.79079	0.0024596
3.8455	-0.76569	0.0059872
3.8455	-0.74059	0.010599
3.8455	-0.71548	0.015067
3.8455	-0.69038	0.017938
3.8455	-0.66527	0.01809
3.8455	-0.64017	0.015534
3.8455	-0.61506	0.011181
3.8455	-0.58996	0.0064646
3.8455	-0.56485	0.0027161
3.8455	-0.53975	0.00062037
3.8455	-0.46444	0.00062508
3.8455	-0.43933	0.00072727
3.8455	-0.41423	0.00053645
3.8455	0.38912	0.00025599
3.8455	0.41423	0.00026582
3.8455	0.51464	0.00031187
3.8455	0.53975	0.00090615
3.8455	0.56485	0.0016804
3.8455	0.58996	0.0023936
3.8455	0.61506	0.0027911
3.8455	0.64017	0.0027551
3.8455	0.66527	0.0023151
3.8455	0.69038	0.0016576
3.8455	0.71548	0.00098502
3.8455	0.74059	0.00046366
3.8706	-1.9456	0.00026121
3.8706	-0.91632	0.0002528
3.8706	-0.8159	0.00045805
3.8706	-0.79079	0.0019112
3.8706	-0.76569	0.0046507
3.8706	-0.74059	0.0083471
3.8706	-0.71548	0.01211
3.8706	-0.69038	0.014739
3.8706	-0.66527	0.015153
3.8706	-0.64017	0.013262
3.8706	-0.61506	0.0096283
3.8706	-0.58996	0.0055355
3.8706	-0.56485	0.0022387
3.8706	-0.53975	0.00042546
3.8706	-0.48954	0.00040757
3.8706	-0.46444	0.00085256
3.8706	-0.43933	0.00093877
3.8706	-0.41423	0.00065953
3.8706	-0.38912	0.00027325
3.8706	-0.2887	0.00030136
3.8706	-0.2636	0.00028979
3.8706	0.51464	0.00034964
3.8706	0.53975	0.0009576
3.8706	0.56485	0.0017532
3.8706	0.58996	0.0025006
3.8706	0.61506	0.0029402
3.8706	0.64017	0.0029328
3.8706	0.66527	0.0024916
3.8706	0.69038	0.0017964
3.8706	0.71548	0.0010681
3.8706	0.74059	0.00049302
3.8956	-2.0962	0.00035614
3.8956	-2.0711	0.00049092
3.8956	-2.046	0.00051256
3.8956	-2.0209	0.00042987
3.8956	-1.9958	0.00027256
3.8956	-0.79079	0.00090559
3.8956	-0.76569	0.002319
3.8956	-0.74059	0.0044053
3.8956	-0.71548	0.006707
3.8956	-0.69038	0.0085493
3.8956	-0.66527	0.0091496
3.8956	-0.64017	0.0082772
3.8956	-0.61506	0.0061059
3.8956	-0.58996	0.0034931
3.8956	-0.56485	0.0013527
3.8956	-0.48954	0.00048186
3.8956	-0.46444	0.00088506
3.8956	-0.43933	0.00091892
3.8956	-0.41423	0.00060996
3.8956	-0.31381	0.00028807
3.8956	-0.2887	0.00042263
3.8956	-0.2636	0.00038585
3.8956	0.51464	0.00029252
3.8956	0.53975	0.0007749
3.8956	0.56485	0.0014096
3.8956	0.58996	0.0020181
3.8956	0.61506	0.0024022
3.8956	0.64017	0.0024245
3.8956	0.66527	0.0020865
3.8956	0.69038	0.0015125
3.8956	0.71548	0.00089629
3.8956	0.74059	0.00040402
3.9207	-2.1213	0.00058351
3.9207	-2.0962	0.0011946
3.9207	-2.0711	0.0017978
3.9207	-2.046	0.0021978
3.9207	-2.0209	0.0022222
3.9207	-1.9958	0.00188
3.9207	-1.9707	0.0013324
3.9207	-1.9456	0.00076761
3.9207	-1.9205	0.0003341
3.9207	-1.4435	0.00026738
3.9207	-1.4184	0.00027758
3.9207	-0.76569	0.00045548
3.9207	-0.74059	0.0010517
3.9207	-0.71548	0.0019082
3.9207	-0.69038	0.0027155
3.9207	-0.66527	0.0032371
3.9207	-0.64017	0.0031528
3.9207	-0.61506	0.0024678
3.9207	-0.58996	0.0014414
3.9207	-0.56485	0.00051634
3.9207	-0.48954	0.00040674
3.9207	-0.46444	0.00067101
3.9207	-0.43933	0.0006658
3.9207	-0.41423	0.00041739
3.9207	-0.31381	0.00032836
3.9207	-0.2887	0.00044714
3.9207	-0.2636	0.00039178
3.9207	-0.11297	0.00026183
3.9207	0.53975	0.00045994
3.9207	0.56485	0.00084234
3.9207	0.58996	0.0012314
3.9207	0.61506	0.0014973
3.9207	0.64017	0.0015403
3.9207	0.66527	0.0013484
3.9207	0.69038	0.00099059
3.9207	0.71548	0.00058967
3.9207	0.74059	0.00025748
3.9457	-2.1464	0.00039212
3.9457	-2.1213	0.0012622
3.9457	-2.0962	0.0025963
3.9457	-2.0711	0.0040435
3.9457	-2.046	0.0051591
3.9457	-2.0209	0.0055401
3.9457	-1.9958	0.0050492
3.9457	-1.9707	0.0038835
3.9457	-1.9456	0.0024674
3.9457	-1.9205	0.0012396
3.9457	-1.8954	0.00043348
3.9457	-0.79079	0.00029886
3.9457	-0.76569	0.00039994
3.9457	-0.74059	0.00040222
3.9457	-0.71548	0.00038355
3.9457	-0.69038	0.00035427
3.9457	-0.66527	0.00040119
3.9457	-0.64017	0.00041982
3.9457	-0.61506	0.00037583
3.9457	-0.46444	0.00034228
3.9457	-0.43933	0.00032855
3.9457	-0.31381	0.00028164
3.9457	-0.2887	0.00036334
3.9457	-0.2636	0.00030326
3.9457	-0.11297	0.00027804
3.9457	0.56485	0.00040209
3.9457	0.58996	0.00058015
3.9457	0.61506	0.00070406
3.9457	0.64017	0.00073472
3.9457	0.66527	0.00065628
3.9457	0.69038	0.00048939
3.9457	0.71548	0.00028682
3.9708	-2.2469	0.00027013
3.9708	-2.1464	0.00068995
3.9708	-2.1213	0.0021089
3.9708	-2.0962	0.0042917
3.9708	-2.0711	0.0067411
3.9708	-2.046	0.0087615
3.9708	-2.0209	0.0096343
3.9708	-1.9958	0.0090078
3.9708	-1.9707	0.0071497
3.9708	-1.9456	0.0046531
3.9708	-1.9205	0.0024048
3.9708	-1.8954	0.00080883
3.9708	-1.795	0.00031968
3.9708	-1.7699	0.00029896
3.9708	-0.96653	0.00031343
3.9708	-0.94142	0.00043576
3.9708	-0.91632	0.00037286
3.9708	-0.8159	0.00075043
3.9708	-0.79079	0.0016322
3.9708	-0.76569	0.0024788
3.9708	-0.74059	0.0029681
3.9708	-0.71548	0.0028997
3.9708	-0.69038	0.0023538
3.9708	-0.66527	0.0015802
3.9708	-0.64017	0.0008484
3.9708	-0.61506	0.0003637
3.9708	0.53975	0.00026972
3.9708	0.56485	0.00036647
3.9708	0.58996	0.00042188
3.9708	0.61506	0.00041965
3.9708	0.64017	0.00037735
3.9708	0.66527	0.00030119
3.9958	-2.2469	0.00025315
3.9958	-2.1464	0.00098893
3.9958	-2.1213	0.0028478
3.9958	-2.0962	0.005713
3.9958	-2.0711	0.0089968
3.9958	-2.046	0.011796
3.9958	-2.0209	0.013108
3.9958	-1.9958	0.012404
3.9958	-1.9707	0.0099563
3.9958	-1.9456	0.0065397
3.9958	-1.9205	0.003289
3.9958	-1.8954	0.0010519
3.9958	-1.8201	0.00047467
3.9958	-1.795	0.00072448
3.9958	-1.7699	0.00066318
3.9958	-1.7448	0.00039392
3.9958	-0.96653	0.00035514
3.9958	-0.94142	0.00048792
3.9958	-0.91632	0.0004084
3.9958	-0.841	0.00038201
3.9958	-0.8159	0.0015392
3.9958	-0.79079	0.0033992
3.9958	-0.76569	0.0054941
3.9958	-0.74059	0.0070452
3.9958	-0.71548	0.0075382
3.9958	-0.69038	0.0068017
3.9958	-0.66527	0.0051971
3.9958	-0.64017	0.0032711
3.9958	-0.61506	0.0016604
3.9958	-0.58996	0.00062017
3.9958	0.51464	0.00037701
3.9958	0.53975	0.00063053
3.9958	0.56485	0.0008055
3.9958	0.58996	0.00084511
3.9958	0.61506	0.00075041
3.9958	0.64017	0.00057023
3.9958	0.66527	0.00037289
4.0209	-2.1464	0.0011363
4.0209	-2.1213	0.0031466
4.0209	-2.0962	0.0062387
4.0209	-2.0711	0.0098412
4.0209	-2.046	0.01299
4.0209	-2.0209	0.014539
4.0209	-1.9958	0.01391
4.0209	-1.9707	0.011187
4.0209	-1.9456	0.007305
4.0209	-1.9205	0.0035812
4.0209	-1.8954	0.0010333
4.0209	-1.8201	0.00082807
4.0209	-1.795	0.0011786
4.0209	-1.7699	0.0010368
4.0209	-1.7448	0.00057344
4.0209	-1.6444	0.00029027
4.0209	-1.6192	0.00036458
4.0209	-1.5941	0.00029911
4.0209	-0.96653	0.00026093
4.0209	-0.94142	0.00035398
4.0209	-0.91632	0.00028826
4.0209	-0.841	0.00052724
4.0209	-0.8159	0.0019751
4.0209	-0.79079	0.0043838
4.0209	-0.76569	0.0072419
4.0209	-0.74059	0.0097172
4.0209	-0.71548	0.010833
4.0209	-0.69038	0.010337
4.0209	-0.66527	0.0083079
4.0209	-0.64017	0.0055447
4.0209	-0.61506	0.0029331
4.0209	-0.58996	0.0011038
4.0209	0.48954	0.00028009
4.0209	0.51464	0.00070519
4.0209	0.53975	0.001172
4.0209	0.56485	0.0015173
4.0209	0.58996	0.0016185
4.0209	0.61506	0.0014583
4.0209	0.64017	0.0011194
4.0209	0.66527	0.00072157
4.0209	0.69038	0.00038326
4.0459	-2.1464	0.0010291
4.0459	-2.1213	0.0027557
4.0459	-2.0962	0.0054816
4.0459	-2.0711	0.0087276
4.0459	-2.046	0.011635
4.0459	-2.0209	0.013184
4.0459	-1.9958	0.012698
4.0459	-1.9707	0.010266
4.0459	-1.9456	0.0066402
4.0459	-1.9205	0.0031509
4.0459	-1.8954	0.00079887
4.0459	-1.8452	0.00038715
4.0459	-1.8201	0.0011282
4.0459	-1.795	0.0015009
4.0459	-1.7699	0.0012606
4.0459	-1.7448	0.00065072
4.0459	-1.6444	0.00054211
4.0459	-1.6192	0.00064425
4.0459	-1.5941	0.00049163
4.0459	-0.841	0.00044589
4.0459	-0.8159	0.0015845
4.0459	-0.79079	0.0036002
4.0459	-0.76569	0.0062088
4.0459	-0.74059	0.0086921
4.0459	-0.71548	0.010184
4.0459	-0.69038	0.010111
4.0459	-0.66527	0.0084601
4.0459	-0.64017	0.0058278
4.0459	-0.61506	0.0031252
4.0459	-0.58996	0.0011431
4.0459	-0.51464	0.00025941
4.0459	-0.48954	0.00046124
4.0459	-0.46444	0.0004486
4.0459	-0.43933	0.00027579
4.0459	0.48954	0.00040687
4.0459	0.51464	0.00096984
4.0459	0.53975	0.0016113
4.0459	0.56485	0.002105
4.0459	0.58996	0.0022863
4.0459	0.61506	0.0021009
4.0459	0.64017	0.0016413
4.0459	0.66527	0.001079
4.0459	0.69038	0.00057702
4.071	-2.1464	0.00065338
4.071	-2.1213	0.001786
4.071	-2.0962	0.0036315
4.071	-2.0711	0.0059345
4.071	-2.046	0.0081399
4.071	-2.0209	0.0094302
4.071	-1.9958	0.0092596
4.071	-1.9707	0.0075507
4.071	-1.9456	0.0048635
4.071	-1.9205	0.0022262
4.071	-1.8954	0.00047625
4.071	-1.8452	0.00050367
4.071	-1.8201	0.0012362
4.071	-1.795	0.0015515
4.071	-1.7699	0.0012414
4.071	-1.7448	0.00058819
4.071	-1.6695	0.00038682
4.071	-1.6444	0.00076793
4.071	-1.6192	0.00086017
4.071	-1.5941	0.00061824
4.071	-1.4937	0.0002569
4.071	-1.4686	0.00037872
4.071	-1.4435	0.00032462
4.071	-1.3431	0.00030347
4.071	-1.318	0.00040461
4.071	-1.2929	0.00034185
4.071	-1.1674	0.00035334
4.071	-1.1423	0.00038362
4.071	-1.1172	0.0002633
4.071	-0.8159	0.00064696
4.071	-0.79079	0.0015646
4.071	-0.76569	0.0028966
4.071	-0.74059	0.0044625
4.071	-0.71548	0.0056975
4.071	-0.69038	0.0060871
4.071	-0.66527	0.005431
4.071	-0.64017	0.0039061
4.071	-0.61506	0.0021428
4.071	-0.58996	0.0007505
4.071	-0.51464	0.0003576
4.071	-0.48954	0.00057859
4.071	-0.46444	0.0005496
4.071	-0.43933	0.00032762
4.071	0.48954	0.00044031
4.071	0.51464	0.0010152
4.071	0.53975	0.0016859
4.071	0.56485	0.0022284
4.071	0.58996	0.0024496
4.071	0.61506	0.0022885
4.071	0.64017	0.0018121
4.071	0.66527	0.0012034
4.071	0.69038	0.00064391
4.071	0.71548	0.00025238
4.096	-2.1213	0.0006571
4.096	-2.0962	0.0014812
4.096	-2.0711	0.0026431
4.096	-2.046	0.003889
4.096	-2.0209	0.0047898
4.096	-1.9958	0.0049268
4.096	-1.9707	0.0041503
4.096	-1.9456	0.002713
4.096	-1.9205	0.0011973
4.096	-1.8452	0.00049341
4.096	-1.8201	0.0010759
4.096	-1.795	0.0012839
4.096	-1.7699	0.00098683
4.096	-1.7448	0.00042707
4.096	-1.6695	0.00048093
4.096	-1.6444	0.00086826
4.096	-1.6192	0.00092761
4.096	-1.5941	0.00062206
4.096	-1.4937	0.00043599
4.096	-1.4686	0.00061315
4.096	-1.4435	0.00052179
4.096	-1.4184	0.00026046
4.096	-1.3431	0.00041025
4.096	-1.318	0.00061153
4.096	-1.2929	0.0005618
4.096	-1.2678	0.00029234
4.096	-1.1925	0.00032885
4.096	-1.1674	0.00066955
4.096	-1.1423	0.00078852
4.096	-1.1172	0.00059481
4.096	-1.0167	0.00039453
4.096	-0.99163	0.00066723
4.096	-0.96653	0.00068368
4.096	-0.94142	0.00044275
4.096	-0.841	0.00032743
4.096	-0.8159	0.00050147
4.096	-0.79079	0.00055926
4.096	-0.76569	0.00059476
4.096	-0.74059	0.00075406
4.096	-0.71548	0.0010639
4.096	-0.69038	0.001382
4.096	-0.66527	0.001479
4.096	-0.64017	0.001245
4.096	-0.61506	0.00074868
4.096	-0.58996	0.00027396
4.096	-0.51464	0.00030765
4.096	-0.48954	0.00046572
4.096	-0.46444	0.00043387
4.096	-0.31381	0.00027652
4.096	0.48954	0.0003418
4.096	0.51464	0.00078432
4.096	0.53975	0.0013127
4.096	0.56485	0.0017711
4.096	0.58996	0.0019892
4.096	0.61506	0.0018949
4.096	0.64017	0.0015265
4.096	0.66527	0.0010217
4.096	0.69038	0.00054312
4.1211	-2.0711	0.00036556
4.1211	-2.046	0.00076123
4.1211	-2.0209	0.0011729
4.1211	-1.9958	0.0014268
4.1211	-1.9707	0.0013568
4.1211	-1.9456	0.00095553
4.1211	-1.9205	0.00041826
4.1211	-1.8452	0.00034767
4.1211	-1.8201	0.0007026
4.1211	-1.795	0.00081837
4.1211	-1.7699	0.0006089
4.1211	-1.6695	0.0004685
4.1211	-1.6444	0.00078578
4.1211	-1.6192	0.00080496
4.1211	-1.5941	0.00050415
4.1211	-1.4937	0.00056409
4.1211	-1.4686	0.00076176
4.1211	-1.4435	0.00062854
4.1211	-1.4184	0.00029768
4.1211	-1.3431	0.00051432
4.1211	-1.318	0.00080061
4.1211	-1.2929	0.00075732
4.1211	-1.2678	0.00040539
4.1211	-1.1925	0.00051356
4.1211	-1.1674	0.001064
4.1211	-1.1423	0.001286
4.1211	-1.1172	0.0009922
4.1211	-1.0921	0.00040252
4.1211	-1.0167	0.00089167
4.1211	-0.99163	0.0015655
4.1211	-0.96653	0.0017022
4.1211	-0.94142	0.0011524
4.1211	-0.91632	0.00035976
4.1211	-0.86611	0.00053916
4.1211	-0.841	0.0018369
4.1211	-0.8159	0.0032985
4.1211	-0.79079	0.0041795
4.1211	-0.76569	0.0040927
4.1211	-0.74059	0.0031547
4.1211	-0.71548	0.0018624
4.1211	-0.69038	0.0008153
4.1211	-0.16318	0.00029639
4.1211	-0.13808	0.00029835
4.1211	0.51464	0.0003885
4.1211	0.53975	0.00068633
4.1211	0.56485	0.00097127
4.1211	0.58996	0.0011415
4.1211	0.61506	0.0011285
4.1211	0.64017	0.00093667
4.1211	0.66527	0.00063812
4.1211	0.69038	0.00033865
4.1461	-2.1464	0.00033286
4.1461	-2.1213	0.000464
4.1461	-2.0962	0.00047975
4.1461	-2.0711	0.00036088
4.1461	-1.8201	0.00028532
4.1461	-1.795	0.00034431
4.1461	-1.7699	0.00025808
4.1461	-1.6695	0.00034072
4.1461	-1.6444	0.00054735
4.1461	-1.6192	0.00054429
4.1461	-1.5941	0.00031857
4.1461	-1.4937	0.00057666
4.1461	-1.4686	0.00074384
4.1461	-1.4435	0.0006007
4.1461	-1.4184	0.00026925
4.1461	-1.3431	0.00056584
4.1461	-1.318	0.00088438
4.1461	-1.2929	0.00083663
4.1461	-1.2678	0.00044058
4.1461	-1.1925	0.00070009
4.1461	-1.1674	0.0014228
4.1461	-1.1423	0.0017137
4.1461	-1.1172	0.0013046
4.1461	-1.0921	0.00049396
4.1461	-1.0418	0.00040596
4.1461	-1.0167	0.0016063
4.1461	-0.99163	0.0027815
4.1461	-0.96653	0.0030128
4.1461	-0.94142	0.0020203
4.1461	-0.91632	0.0005527
4.1461	-0.86611	0.0017334
4.1461	-0.841	0.005762
4.1461	-0.8159	0.010917
4.1461	-0.79079	0.015235
4.1461	-0.76569	0.017094
4.1461	-0.74059	0.015952
4.1461	-0.71548	0.012461
4.1461	-0.69038	0.0081101
4.1461	-0.66527	0.004346
4.1461	-0.64017	0.0018241
4.1461	-0.61506	0.00054697
4.1461	-0.16318	0.00032919
4.1461	-0.13808	0.0003252
4.1461	0.56485	0.0002729
4.1461	0.58996	0.00036421
4.1461	0.61506	0.00039766
4.1461	0.64017	0.00035563
4.1461	0.66527	0.00025683
4.1712	-2.1715	0.00056296
4.1712	-2.1464	0.0012873
4.1712	-2.1213	0.0021009
4.1712	-2.0962	0.0027118
4.1712	-2.0711	0.0028653
4.1712	-2.046	0.0025049
4.1712	-2.0209	0.0018166
4.1712	-1.9958	0.0010643
4.1712	-1.9707	0.00047303
4.1712	-1.6444	0.00025607
4.1712	-1.6192	0.0002581
4.1712	-1.4937	0.00044947
4.1712	-1.4686	0.00057
4.1712	-1.4435	0.00045355
4.1712	-1.3431	0.00051658
4.1712	-1.318	0.00080472
4.1712	-1.2929	0.00075354
4.1712	-1.2678	0.00038423
4.1712	-1.1925	0.0008136
4.1712	-1.1674	0.0015966
4.1712	-1.1423	0.001889
4.1712	-1.1172	0.0013986
4.1712	-1.0921	0.00047176
4.1712	-1.0418	0.00068229
4.1712	-1.0167	0.0023625
4.1712	-0.99163	0.0039707
4.1712	-0.96653	0.0041787
4.1712	-0.94142	0.0026701
4.1712	-0.91632	0.00056447
4.1712	-0.89121	0.00025608
4.1712	-0.86611	0.0039582
4.1712	-0.841	0.012295
4.1712	-0.8159	0.023358
4.1712	-0.79079	0.033635
4.1712	-0.76569	0.039546
4.1712	-0.74059	0.039173
4.1712	-0.71548	0.032937
4.1712	-0.69038	0.023621
4.1712	-0.66527	0.013943
4.1712	-0.64017	0.0065567
4.1712	-0.61506	0.0021635
4.1712	-0.58996	0.00037685
4.1712	-0.16318	0.00026207
4.1712	-0.13808	0.00025944
4.1962	-2.1967	0.00028547
4.1962	-2.1715	0.0011354
4.1962	-2.1464	0.0026053
4.1962	-2.1213	0.0044243
4.1962	-2.0962	0.0060469
4.1962	-2.0711	0.0068828
4.1962	-2.046	0.0066296
4.1962	-2.0209	0.0053888
4.1962	-1.9958	0.0036213
4.1962	-1.9707	0.0019359
4.1962	-1.9456	0.00073355
4.1962	-1.4686	0.00031661
4.1962	-1.4435	0.0002581
4.1962	-1.3431	0.00036324
4.1962	-1.318	0.00057573
4.1962	-1.2929	0.00053729
4.1962	-1.2678	0.00026522
4.1962	-1.1925	0.00077986
4.1962	-1.1674	0.0014815
4.1962	-1.1423	0.0017194
4.1962	-1.1172	0.001215
4.1962	-1.0921	0.00036014
4.1962	-1.0418	0.00093479
4.1962	-1.0167	0.0028798
4.1962	-0.99163	0.0046366
4.1962	-0.96653	0.0047359
4.1962	-0.94142	0.0027972
4.1962	-0.91632	0.00040404
4.1962	-0.89121	0.00078442
4.1962	-0.86611	0.0070262
4.1962	-0.841	0.020289
4.1962	-0.8159	0.038001
4.1962	-0.79079	0.055225
4.1962	-0.76569	0.066145
4.1962	-0.74059	0.06713
4.1962	-0.71548	0.058162
4.1962	-0.69038	0.042652
4.1962	-0.66527	0.026067
4.1962	-0.64017	0.012371
4.1962	-0.61506	0.0040487
4.1962	-0.58996	0.00058404
4.1962	-0.53975	0.00064606
4.1962	-0.51464	0.0010383
4.1962	-0.48954	0.0009288
4.1962	-0.46444	0.0005537
4.1962	0.48954	0.00027562
4.1962	0.51464	0.00039645
4.1962	0.53975	0.00044015
4.1962	0.56485	0.0003982
4.1962	0.58996	0.00029738
4.2213	-2.1967	0.00045111
4.2213	-2.1715	0.001651
4.2213	-2.1464	0.003748
4.2213	-2.1213	0.0064146
4.2213	-2.0962	0.0089977
4.2213	-2.0711	0.010559
4.2213	-2.046	0.010571
4.2213	-2.0209	0.0089346
4.2213	-1.9958	0.0062628
4.2213	-1.9707	0.0034689
4.2213	-1.9456	0.001337
4.2213	-1.8452	0.00039104
4.2213	-1.8201	0.00038815
4.2213	-1.318	0.00028591
4.2213	-1.2929	0.00028151
4.2213	-1.1925	0.00057962
4.2213	-1.1674	0.0010791
4.2213	-1.1423	0.0012377
4.2213	-1.1172	0.0008412
4.2213	-1.0418	0.0010118
4.2213	-1.0167	0.0028631
4.2213	-0.99163	0.0044451
4.2213	-0.96653	0.0043703
4.2213	-0.94142	0.0023473
4.2213	-0.89121	0.0014787
4.2213	-0.86611	0.0099241
4.2213	-0.841	0.026955
4.2213	-0.8159	0.049933
4.2213	-0.79079	0.072667
4.2213	-0.76569	0.087625
4.2213	-0.74059	0.090137
4.2213	-0.71548	0.079015
4.2213	-0.69038	0.05877
4.2213	-0.66527	0.035996
4.2213	-0.64017	0.017045
4.2213	-0.61506	0.0052506
4.2213	-0.58996	0.00049499
4.2213	-0.56485	0.00028218
4.2213	-0.53975	0.0015855
4.2213	-0.51464	0.0023476
4.2213	-0.48954	0.0020536
4.2213	-0.46444	0.0011701
4.2213	-0.43933	0.00038985
4.2213	-0.33891	0.00025774
4.2213	0.46444	0.00027581
4.2213	0.48954	0.00057726
4.2213	0.51464	0.00086542
4.2213	0.53975	0.0010377
4.2213	0.56485	0.0010275
4.2213	0.58996	0.0008595
4.2213	0.61506	0.00060468
4.2213	0.64017	0.00035607
4.2463	-2.1967	0.00052465
4.2463	-2.1715	0.0018175
4.2463	-2.1464	0.0040887
4.2463	-2.1213	0.0070741
4.2463	-2.0962	0.010072
4.2463	-2.0711	0.012053
4.2463	-2.046	0.012311
4.2463	-2.0209	0.010652
4.2463	-1.9958	0.0075793
4.2463	-1.9707	0.0042188
4.2463	-1.9456	0.0015785
4.2463	-1.8703	0.00044542
4.2463	-1.8452	0.00081229
4.2463	-1.8201	0.0008137
4.2463	-1.795	0.00050503
4.2463	-1.1925	0.00028151
4.2463	-1.1674	0.00054388
4.2463	-1.1423	0.00064282
4.2463	-1.1172	0.00043134
4.2463	-1.0418	0.00084571
4.2463	-1.0167	0.002222
4.2463	-0.99163	0.0033876
4.2463	-0.96653	0.0032003
4.2463	-0.94142	0.0015463
4.2463	-0.89121	0.0021
4.2463	-0.86611	0.011333
4.2463	-0.841	0.029407
4.2463	-0.8159	0.05377
4.2463	-0.79079	0.078403
4.2463	-0.76569	0.095326
4.2463	-0.74059	0.098682
4.2463	-0.71548	0.087404
4.2463	-0.69038	0.065187
4.2463	-0.66527	0.039833
4.2463	-0.64017	0.018367
4.2463	-0.61506	0.0051667
4.2463	-0.58996	0.00027614
4.2463	-0.56485	0.0007276
4.2463	-0.53975	0.002756
4.2463	-0.51464	0.0037895
4.2463	-0.48954	0.0031826
4.2463	-0.46444	0.0017073
4.2463	-0.43933	0.00047155
4.2463	-0.36402	0.00058025
4.2463	-0.33891	0.00070227
4.2463	-0.31381	0.00055422
4.2463	-0.2887	0.00029637
4.2463	0.46444	0.00035186
4.2463	0.48954	0.00073637
4.2463	0.51464	0.0011371
4.2463	0.53975	0.0014151
4.2463	0.56485	0.0014665
4.2463	0.58996	0.0012876
4.2463	0.61506	0.00095567
4.2463	0.64017	0.00058901
4.2463	0.66527	0.0002871
4.2714	-2.1967	0.00044002
4.2714	-2.1715	0.0014782
4.2714	-2.1464	0.0033426
4.2714	-2.1213	0.0059041
4.2714	-2.0962	0.0086038
4.2714	-2.0711	0.010564
4.2714	-2.046	0.011026
4.2714	-2.0209	0.0096989
4.2714	-1.9958	0.0069716
4.2714	-1.9707	0.0038741
4.2714	-1.9456	0.0013731
4.2714	-1.8703	0.00067108
4.2714	-1.8452	0.0011422
4.2714	-1.8201	0.0011157
4.2714	-1.795	0.00068331
4.2714	-1.6946	0.00037717
4.2714	-1.6695	0.00050347
4.2714	-1.6444	0.0004095
4.2714	-1.0418	0.00045137
4.2714	-1.0167	0.0012112
4.2714	-0.99163	0.0018647
4.2714	-0.96653	0.0017482
4.2714	-0.94142	0.00073321
4.2714	-0.89121	0.0021668
4.2714	-0.86611	0.010183
4.2714	-0.841	0.025567
4.2714	-0.8159	0.046735
4.2714	-0.79079	0.068781
4.2714	-0.76569	0.084437
4.2714	-0.74059	0.08867
4.2714	-0.71548	0.078891
4.2714	-0.69038	0.059307
4.2714	-0.66527	0.036042
4.2714	-0.64017	0.016135
4.2714	-0.61506	0.0040226
4.2714	-0.56485	0.0012854
4.2714	-0.53975	0.0037675
4.2714	-0.51464	0.0048155
4.2714	-0.48954	0.0038532
4.2714	-0.46444	0.0019178
4.2714	-0.43933	0.00042049
4.2714	-0.38912	0.00049119
4.2714	-0.36402	0.0010784
4.2714	-0.33891	0.0012319
4.2714	-0.31381	0.00090342
4.2714	-0.2887	0.00041889
4.2714	0.46444	0.0002816
4.2714	0.48954	0.00060334
4.2714	0.51464	0.00096685
4.2714	0.53975	0.0012579
4.2714	0.56485	0.001365
4.2714	0.58996	0.0012481
4.2714	0.61506	0.00096364
4.2714	0.64017	0.00061024
4.2714	0.66527	0.00030393
4.2965	-2.1715	0.0007602
4.2965	-2.1464	0.0018132
4.2965	-2.1213	0.0033871
4.2965	-2.0962	0.0051999
4.2965	-2.0711	0.0066834
4.2965	-2.046	0.0072738
4.2965	-2.0209	0.0065992
4.2965	-1.9958	0.0048619
4.2965	-1.9707	0.0026904
4.2965	-1.9456	0.00089947
4.2965	-1.8703	0.00075331
4.2965	-1.8452	0.0012029
4.2965	-1.8201	0.0011463
4.2965	-1.795	0.00067256
4.2965	-1.6946	0.00057343
4.2965	-1.6695	0.00074396
4.2965	-1.6444	0.00059636
4.2965	-1.6192	0.00027421
4.2965	-1.5188	0.00038278
4.2965	-1.4937	0.0003797
4.2965	-1.0167	0.00029991
4.2965	-0.99163	0.0005419
4.2965	-0.96653	0.0005429
4.2965	-0.89121	0.0014781
4.2965	-0.86611	0.0064768
4.2965	-0.841	0.01641
4.2965	-0.8159	0.030712
4.2965	-0.79079	0.046424
4.2965	-0.76569	0.058531
4.2965	-0.74059	0.062851
4.2965	-0.71548	0.057025
4.2965	-0.69038	0.043316
4.2965	-0.66527	0.026258
4.2965	-0.64017	0.011347
4.2965	-0.61506	0.0024432
4.2965	-0.56485	0.0016851
4.2965	-0.53975	0.0041183
4.2965	-0.51464	0.0049524
4.2965	-0.48954	0.0037742
4.2965	-0.46444	0.0017395
4.2965	-0.43933	0.0002755
4.2965	-0.38912	0.00078454
4.2965	-0.36402	0.001528
4.2965	-0.33891	0.0016474
4.2965	-0.31381	0.0011446
4.2965	-0.2887	0.0004532
4.2965	-0.21339	0.00032486
4.2965	-0.18828	0.00046605
4.2965	-0.16318	0.0003847
4.2965	-0.062762	0.00025491
4.2965	-0.037657	0.00032752
4.2965	-0.012552	0.00026537
4.2965	0.48954	0.00025831
4.2965	0.51464	0.00045516
4.2965	0.53975	0.00064146
4.2965	0.56485	0.0007552
4.2965	0.58996	0.00074809
4.2965	0.61506	0.00061088
4.2965	0.64017	0.00040782
4.3215	-2.1464	0.00036816
4.3215	-2.1213	0.00087926
4.3215	-2.0962	0.0016341
4.3215	-2.0711	0.0024273
4.3215	-2.046	0.002959
4.3215	-2.0209	0.0029299
4.3215	-1.9958	0.0023043
4.3215	-1.9707	0.0013081
4.3215	-1.9456	0.00041658
4.3215	-1.8703	0.00061447
4.3215	-1.8452	0.00094314
4.3215	-1.8201	0.00088548
4.3215	-1.795	0.0004988
4.3215	-1.7197	0.00027837
4.3215	-1.6946	0.00064984
4.3215	-1.6695	0.00081255
4.3215	-1.6444	0.00063494
4.3215	-1.6192	0.00027132
4.3215	-1.5439	0.00036297
4.3215	-1.5188	0.00061074
4.3215	-1.4937	0.00060521
4.3215	-1.4686	0.00035526
4.3215	-1.3682	0.00043027
4.3215	-1.3431	0.00052724
4.3215	-1.318	0.0003974
4.3215	-1.1925	0.00031201
4.3215	-1.1674	0.00027298
4.3215	-0.89121	0.00043281
4.3215	-0.86611	0.0021165
4.3215	-0.841	0.0059724
4.3215	-0.8159	0.01242
4.3215	-0.79079	0.020494
4.3215	-0.76569	0.027824
4.3215	-0.74059	0.031629
4.3215	-0.71548	0.030173
4.3215	-0.69038	0.023541
4.3215	-0.66527	0.01445
4.3215	-0.64017	0.0060923
4.3215	-0.61506	0.0010968
4.3215	-0.56485	0.001677
4.3215	-0.53975	0.003571
4.3215	-0.51464	0.0040796
4.3215	-0.48954	0.0029929
4.3215	-0.46444	0.0012603
4.3215	-0.38912	0.00098261
4.3215	-0.36402	0.0017229
4.3215	-0.33891	0.0017583
4.3215	-0.31381	0.0011428
4.3215	-0.2887	0.00038446
4.3215	-0.21339	0.0005485
4.3215	-0.18828	0.00075175
4.3215	-0.16318	0.00061636
4.3215	-0.13808	0.00029918
4.3215	-0.062762	0.00034046
4.3215	-0.037657	0.00048774
4.3215	-0.012552	0.00043022
4.3215	0.11297	0.00034078
4.3215	0.13808	0.00038861
4.3215	0.16318	0.0002803
4.3466	-2.046	0.00026731
4.3466	-2.0209	0.00044404
4.3466	-1.9958	0.00046488
4.3466	-1.9707	0.00032448
4.3466	-1.8703	0.00032005
4.3466	-1.8452	0.00050545
4.3466	-1.8201	0.00048191
4.3466	-1.795	0.00026801
4.3466	-1.7197	0.0002545
4.3466	-1.6946	0.00055033
4.3466	-1.6695	0.00067506
4.3466	-1.6444	0.00051193
4.3466	-1.5439	0.00044422
4.3466	-1.5188	0.00071884
4.3466	-1.4937	0.00069879
4.3466	-1.4686	0.00040104
4.3466	-1.3933	0.0002871
4.3466	-1.3682	0.0006543
4.3466	-1.3431	0.00080534
4.3466	-1.318	0.00060311
4.3466	-1.2176	0.00051832
4.3466	-1.1925	0.00081671
4.3466	-1.1674	0.00077934
4.3466	-1.1423	0.00043921
4.3466	-1.0418	0.00054223
4.3466	-1.0167	0.00064283
4.3466	-0.99163	0.00046421
4.3466	-0.841	0.00026212
4.3466	-0.8159	0.0010987
4.3466	-0.79079	0.0028916
4.3466	-0.76569	0.0054242
4.3466	-0.74059	0.0077248
4.3466	-0.71548	0.008672
4.3466	-0.69038	0.0076595
4.3466	-0.66527	0.0050958
4.3466	-0.64017	0.0020661
4.3466	-0.61506	0.00030185
4.3466	-0.56485	0.0011781
4.3466	-0.53975	0.0023179
4.3466	-0.51464	0.0025818
4.3466	-0.48954	0.0018403
4.3466	-0.46444	0.00070487
4.3466	-0.38912	0.00095772
4.3466	-0.36402	0.0015533
4.3466	-0.33891	0.0015179
4.3466	-0.31381	0.00092234
4.3466	-0.2887	0.00025606
4.3466	-0.23849	0.00026537
4.3466	-0.21339	0.00070985
4.3466	-0.18828	0.00092659
4.3466	-0.16318	0.00073782
4.3466	-0.13808	0.00033938
4.3466	-0.062762	0.00042048
4.3466	-0.037657	0.00063438
4.3466	-0.012552	0.00057455
4.3466	0.012552	0.00030222
4.3466	0.087866	0.00026646
4.3466	0.11297	0.00053844
4.3466	0.13808	0.00062907
4.3466	0.16318	0.00046458
4.3466	0.2636	0.00027969
4.3466	0.2887	0.00047791
4.3466	0.31381	0.00049392
4.3466	0.33891	0.00032223
4.3466	0.43933	0.0003361
4.3466	0.46444	0.00056932
4.3466	0.48954	0.0006754
4.3466	0.51464	0.00061347
4.3466	0.53975	0.00043694
4.3716	-2.1967	0.0006741
4.3716	-2.1715	0.001247
4.3716	-2.1464	0.0017183
4.3716	-2.1213	0.001851
4.3716	-2.0962	0.0016064
4.3716	-2.0711	0.0011002
4.3716	-2.046	0.00056589
4.3716	-1.6946	0.00031755
4.3716	-1.6695	0.00039282
4.3716	-1.6444	0.00030007
4.3716	-1.5439	0.00040872
4.3716	-1.5188	0.00063794
4.3716	-1.4937	0.0006137
4.3716	-1.4686	0.00034008
4.3716	-1.3933	0.00034455
4.3716	-1.3682	0.00074872
4.3716	-1.3431	0.00090767
4.3716	-1.318	0.00066517
4.3716	-1.2427	0.00025876
4.3716	-1.2176	0.00085154
4.3716	-1.1925	0.0013214
4.3716	-1.1674	0.0012573
4.3716	-1.1423	0.00070157
4.3716	-1.0669	0.00069167
4.3716	-1.0418	0.0015614
4.3716	-1.0167	0.0019832
4.3716	-0.99163	0.0015902
4.3716	-0.96653	0.00066581
4.3716	-0.91632	0.00034005
4.3716	-0.89121	0.0016139
4.3716	-0.86611	0.0031955
4.3716	-0.841	0.0041604
4.3716	-0.8159	0.003912
4.3716	-0.79079	0.0027553
4.3716	-0.76569	0.0014032
4.3716	-0.74059	0.00052876
4.3716	-0.71548	0.00034704
4.3716	-0.69038	0.00046922
4.3716	-0.66527	0.00047147
4.3716	-0.64017	0.00026723
4.3716	-0.56485	0.00047205
4.3716	-0.53975	0.00092988
4.3716	-0.51464	0.0010767
4.3716	-0.48954	0.0007689
4.3716	-0.46444	0.00026652
4.3716	-0.38912	0.00069865
4.3716	-0.36402	0.0010701
4.3716	-0.33891	0.0010215
4.3716	-0.31381	0.00058116
4.3716	-0.23849	0.00030581
4.3716	-0.21339	0.00071979
4.3716	-0.18828	0.00090043
4.3716	-0.16318	0.00069782
4.3716	-0.13808	0.0003024
4.3716	-0.062762	0.00045916
4.3716	-0.037657	0.00069451
4.3716	-0.012552	0.00063347
4.3716	0.012552	0.00032645
4.3716	0.087866	0.00036224
4.3716	0.11297	0.00071689
4.3716	0.13808	0.00083186
4.3716	0.16318	0.00060733
4.3716	0.2636	0.00050467
4.3716	0.2887	0.00084367
4.3716	0.31381	0.00087121
4.3716	0.33891	0.00056122
4.3716	0.41423	0.00032184
4.3716	0.43933	0.0010404
4.3716	0.46444	0.0018596
4.3716	0.48954	0.0024275
4.3716	0.51464	0.0025318
4.3716	0.53975	0.0021895
4.3716	0.56485	0.0015871
4.3716	0.58996	0.00095612
4.3716	0.61506	0.00046882
4.3967	-2.3222	0.00027678
4.3967	-2.2218	0.00055982
4.3967	-2.1967	0.0016945
4.3967	-2.1715	0.0033032
4.3967	-2.1464	0.0049291
4.3967	-2.1213	0.0059813
4.3967	-2.0962	0.006081
4.3967	-2.0711	0.0051799
4.3967	-2.046	0.003643
4.3967	-2.0209	0.002053
4.3967	-1.9958	0.00087378
4.3967	-1.5439	0.00025932
4.3967	-1.5188	0.00040511
4.3967	-1.4937	0.00039232
4.3967	-1.3933	0.00031137
4.3967	-1.3682	0.00065559
4.3967	-1.3431	0.00078144
4.3967	-1.318	0.00055658
4.3967	-1.2427	0.00035165
4.3967	-1.2176	0.0010391
4.3967	-1.1925	0.0015669
4.3967	-1.1674	0.0014705
4.3967	-1.1423	0.00077011
4.3967	-1.0669	0.0012486
4.3967	-1.0418	0.0026877
4.3967	-1.0167	0.0034099
4.3967	-0.99163	0.0027105
4.3967	-0.96653	0.0010695
4.3967	-0.91632	0.0012864
4.3967	-0.89121	0.0057502
4.3967	-0.86611	0.012146
4.3967	-0.841	0.018284
4.3967	-0.8159	0.021696
4.3967	-0.79079	0.021148
4.3967	-0.76569	0.01714
4.3967	-0.74059	0.01147
4.3967	-0.71548	0.0062399
4.3967	-0.69038	0.0025843
4.3967	-0.66527	0.00074643
4.3967	-0.38912	0.00031954
4.3967	-0.36402	0.00050124
4.3967	-0.33891	0.00048255
4.3967	-0.31381	0.00026732
4.3967	-0.23849	0.00025821
4.3967	-0.21339	0.00056158
4.3967	-0.18828	0.00068672
4.3967	-0.16318	0.00052256
4.3967	-0.062762	0.00041851
4.3967	-0.037657	0.00062924
4.3967	-0.012552	0.00056985
4.3967	0.012552	0.0002829
4.3967	0.087866	0.00041908
4.3967	0.11297	0.00080054
4.3967	0.13808	0.00091026
4.3967	0.16318	0.00064588
4.3967	0.2636	0.0007394
4.3967	0.2887	0.0011934
4.3967	0.31381	0.0012032
4.3967	0.33891	0.00074064
4.3967	0.41423	0.00073878
4.3967	0.43933	0.0022165
4.3967	0.46444	0.0039274
4.3967	0.48954	0.0052955
4.3967	0.51464	0.005779
4.3967	0.53975	0.0052955
4.3967	0.56485	0.0041239
4.3967	0.58996	0.0027058
4.3967	0.61506	0.0014792
4.3967	0.64017	0.00064017
4.4217	-2.3473	0.00026853
4.4217	-2.3222	0.00028912
4.4217	-2.2218	0.00096804
4.4217	-2.1967	0.0028237
4.4217	-2.1715	0.0055188
4.4217	-2.1464	0.0084792
4.4217	-2.1213	0.010745
4.4217	-2.0962	0.011463
4.4217	-2.0711	0.010358
4.4217	-2.046	0.00782
4.4217	-2.0209	0.0047863
4.4217	-1.9958	0.0022054
4.4217	-1.9707	0.00059976
4.4217	-1.8954	0.00027808
4.4217	-1.8703	0.00034117
4.4217	-1.3682	0.00039993
4.4217	-1.3431	0.00048767
4.4217	-1.318	0.00034369
4.4217	-1.2427	0.00034855
4.4217	-1.2176	0.00096023
4.4217	-1.1925	0.0014156
4.4217	-1.1674	0.0012873
4.4217	-1.1423	0.00062701
4.4217	-1.0921	0.00030524
4.4217	-1.0669	0.0016639
4.4217	-1.0418	0.0034069
4.4217	-1.0167	0.0042171
4.4217	-0.99163	0.0032356
4.4217	-0.96653	0.0010976
4.4217	-0.91632	0.002928
4.4217	-0.89121	0.011389
4.4217	-0.86611	0.024345
4.4217	-0.841	0.038066
4.4217	-0.8159	0.047885
4.4217	-0.79079	0.050331
4.4217	-0.76569	0.044772
4.4217	-0.74059	0.033725
4.4217	-0.71548	0.021103
4.4217	-0.69038	0.010511
4.4217	-0.66527	0.0037922
4.4217	-0.64017	0.00075309
4.4217	-0.56485	0.00028958
4.4217	-0.21339	0.00030111
4.4217	-0.18828	0.00037717
4.4217	-0.16318	0.00029532
4.4217	-0.062762	0.00029544
4.4217	-0.037657	0.00044911
4.4217	-0.012552	0.00040498
4.4217	0.087866	0.0004013
4.4217	0.11297	0.00073552
4.4217	0.13808	0.0008232
4.4217	0.16318	0.00056197
4.4217	0.23849	0.00029594
4.4217	0.2636	0.0008986
4.4217	0.2887	0.0013884
4.4217	0.31381	0.001354
4.4217	0.33891	0.00077522
4.4217	0.41423	0.0013033
4.4217	0.43933	0.0035925
4.4217	0.46444	0.0063521
4.4217	0.48954	0.0086154
4.4217	0.51464	0.0095648
4.4217	0.53975	0.0089778
4.4217	0.56485	0.0071798
4.4217	0.58996	0.004859
4.4217	0.61506	0.002732
4.4217	0.64017	0.0012057
4.4217	0.66527	0.00036879
4.4468	-2.2218	0.0012218
4.4468	-2.1967	0.0034276
4.4468	-2.1715	0.0067488
4.4468	-2.1464	0.01054
4.4468	-2.1213	0.013664
4.4468	-2.0962	0.01501
4.4468	-2.0711	0.013961
4.4468	-2.046	0.010863
4.4468	-2.0209	0.006813
4.4468	-1.9958	0.0031409
4.4468	-1.9707	0.00081454
4.4468	-1.8954	0.00070496
4.4468	-1.8703	0.00088755
4.4468	-1.8452	0.00068866
4.4468	-1.8201	0.00032255
4.4468	-1.2176	0.00062542
4.4468	-1.1925	0.00092292
4.4468	-1.1674	0.00083325
4.4468	-1.1423	0.00037251
4.4468	-1.0921	0.00037765
4.4468	-1.0669	0.0016681
4.4468	-1.0418	0.0032689
4.4468	-1.0167	0.0039467
4.4468	-0.99163	0.002876
4.4468	-0.96653	0.00076788
4.4468	-0.91632	0.0046884
4.4468	-0.89121	0.016369
4.4468	-0.86611	0.034482
4.4468	-0.841	0.054666
4.4468	-0.8159	0.070462
4.4468	-0.79079	0.07641
4.4468	-0.76569	0.070539
4.4468	-0.74059	0.05531
4.4468	-0.71548	0.036167
4.4468	-0.69038	0.018672
4.4468	-0.66527	0.0068664
4.4468	-0.64017	0.0012337
4.4468	-0.58996	0.00067879
4.4468	-0.56485	0.0013096
4.4468	-0.53975	0.0012491
4.4468	-0.51464	0.00072687
4.4468	0.087866	0.0002975
4.4468	0.11297	0.00053786
4.4468	0.13808	0.0005875
4.4468	0.16318	0.00039008
4.4468	0.23849	0.00032053
4.4468	0.2636	0.00089306
4.4468	0.2887	0.001325
4.4468	0.31381	0.0012432
4.4468	0.33891	0.00065435
4.4468	0.38912	0.00026148
4.4468	0.41423	0.0018431
4.4468	0.43933	0.004775
4.4468	0.46444	0.0082858
4.4468	0.48954	0.011219
4.4468	0.51464	0.012532
4.4468	0.53975	0.011924
4.4468	0.56485	0.0096384
4.4468	0.58996	0.0066211
4.4468	0.61506	0.0037368
4.4468	0.64017	0.0016393
4.4468	0.66527	0.00047144
4.4718	-2.2218	0.0011081
4.4718	-2.1967	0.0030787
4.4718	-2.1715	0.0061102
4.4718	-2.1464	0.0097997
4.4718	-2.1213	0.01302
4.4718	-2.0962	0.01467
4.4718	-2.0711	0.013962
4.4718	-2.046	0.011064
4.4718	-2.0209	0.0070146
4.4718	-1.9958	0.0031886
4.4718	-1.9707	0.00075183
4.4718	-1.9205	0.0004386
4.4718	-1.8954	0.0011459
4.4718	-1.8703	0.0014024
4.4718	-1.8452	0.0010797
4.4718	-1.8201	0.00048315
4.4718	-1.7448	0.00028067
4.4718	-1.7197	0.00048797
4.4718	-1.6946	0.00048278
4.4718	-1.6695	0.00029293
4.4718	-1.1925	0.00035388
4.4718	-1.1674	0.00033588
4.4718	-1.0921	0.00030759
4.4718	-1.0669	0.0011822
4.4718	-1.0418	0.0022829
4.4718	-1.0167	0.002721
4.4718	-0.99163	0.0018789
4.4718	-0.96653	0.00036997
4.4718	-0.94142	0.0004499
4.4718	-0.91632	0.0054871
4.4718	-0.89121	0.017875
4.4718	-0.86611	0.037208
4.4718	-0.841	0.059453
4.4718	-0.8159	0.077942
4.4718	-0.79079	0.086255
4.4718	-0.76569	0.08143
4.4718	-0.74059	0.065213
4.4718	-0.71548	0.043298
4.4718	-0.69038	0.022533
4.4718	-0.66527	0.0080657
4.4718	-0.64017	0.0011977
4.4718	-0.58996	0.0015265
4.4718	-0.56485	0.0027098
4.4718	-0.53975	0.0026037
4.4718	-0.51464	0.0015681
4.4718	-0.48954	0.00050518
4.4718	-0.41423	0.00034366
4.4718	-0.38912	0.00044654
4.4718	-0.36402	0.0003368
4.4718	0.11297	0.00027156
4.4718	0.13808	0.00030653
4.4718	0.23849	0.00026836
4.4718	0.2636	0.00069152
4.4718	0.2887	0.0010017
4.4718	0.31381	0.00091192
4.4718	0.33891	0.00043356
4.4718	0.38912	0.00038514
4.4718	0.41423	0.0020993
4.4718	0.43933	0.0051593
4.4718	0.46444	0.0088491
4.4718	0.48954	0.011978
4.4718	0.51464	0.013504
4.4718	0.53975	0.01293
4.4718	0.56485	0.010533
4.4718	0.58996	0.0072589
4.4718	0.61506	0.004086
4.4718	0.64017	0.0017501
4.4718	0.66527	0.00046735
4.4969	-2.2218	0.00059996
4.4969	-2.1967	0.0017669
4.4969	-2.1715	0.0037194
4.4969	-2.1464	0.0063079
4.4969	-2.1213	0.0088092
4.4969	-2.0962	0.010376
4.4969	-2.0711	0.010229
4.4969	-2.046	0.008341
4.4969	-2.0209	0.0053475
4.4969	-1.9958	0.0023907
4.4969	-1.9707	0.00048576
4.4969	-1.9205	0.00058277
4.4969	-1.8954	0.0013539
4.4969	-1.8703	0.0016121
4.4969	-1.8452	0.0011978
4.4969	-1.8201	0.00049888
4.4969	-1.7448	0.00050311
4.4969	-1.7197	0.00084643
4.4969	-1.6946	0.0008342
4.4969	-1.6695	0.00050566
4.4969	-1.569	0.00035843
4.4969	-1.5439	0.00044414
4.4969	-1.5188	0.0003326
4.4969	-1.0669	0.00046264
4.4969	-1.0418	0.00095295
4.4969	-1.0167	0.0011773
4.4969	-0.99163	0.00079071
4.4969	-0.94142	0.0005319
4.4969	-0.91632	0.0046604
4.4969	-0.89121	0.014321
4.4969	-0.86611	0.030079
4.4969	-0.841	0.049006
4.4969	-0.8159	0.065744
4.4969	-0.79079	0.074556
4.4969	-0.76569	0.071944
4.4969	-0.74059	0.058753
4.4969	-0.71548	0.039401
4.4969	-0.69038	0.020515
4.4969	-0.66527	0.0069888
4.4969	-0.64017	0.00076855
4.4969	-0.61506	0.00031493
4.4969	-0.58996	0.0023034
4.4969	-0.56485	0.0037863
4.4969	-0.53975	0.0035647
4.4969	-0.51464	0.0020827
4.4969	-0.48954	0.00061944
4.4969	-0.41423	0.00077552
4.4969	-0.38912	0.0010018
4.4969	-0.36402	0.00078594
4.4969	-0.33891	0.00036608
4.4969	0.2636	0.00037326
4.4969	0.2887	0.00054952
4.4969	0.31381	0.00049044
4.4969	0.38912	0.00039882
4.4969	0.41423	0.0018714
4.4969	0.43933	0.0044671
4.4969	0.46444	0.0076039
4.4969	0.48954	0.010395
4.4969	0.51464	0.011827
4.4969	0.53975	0.011446
4.4969	0.56485	0.0094271
4.4969	0.58996	0.006518
4.4969	0.61506	0.0036448
4.4969	0.64017	0.0015222
4.4969	0.66527	0.00036169
4.5219	-2.1967	0.00035715
4.5219	-2.1715	0.00096254
4.5219	-2.1464	0.0020076
4.5219	-2.1213	0.0032992
4.5219	-2.0962	0.0043545
4.5219	-2.0711	0.0047096
4.5219	-2.046	0.004155
4.5219	-2.0209	0.0027644
4.5219	-1.9958	0.0012407
4.5219	-1.9205	0.00055678
4.5219	-1.8954	0.001175
4.5219	-1.8703	0.0013563
4.5219	-1.8452	0.00097615
4.5219	-1.8201	0.00036736
4.5219	-1.7448	0.00066717
4.5219	-1.7197	0.0010571
4.5219	-1.6946	0.0010179
4.5219	-1.6695	0.00059217
4.5219	-1.5941	0.00027159
4.5219	-1.569	0.00065605
4.5219	-1.5439	0.00082209
4.5219	-1.5188	0.00063518
4.5219	-1.4937	0.0002668
4.5219	-1.4184	0.00033175
4.5219	-1.3933	0.00053533
4.5219	-1.3682	0.00050555
4.5219	-1.3431	0.00028285
4.5219	-0.94142	0.00031118
4.5219	-0.91632	0.0022535
4.5219	-0.89121	0.0071789
4.5219	-0.86611	0.016091
4.5219	-0.841	0.027679
4.5219	-0.8159	0.039269
4.5219	-0.79079	0.04664
4.5219	-0.76569	0.046977
4.5219	-0.74059	0.039537
4.5219	-0.71548	0.027201
4.5219	-0.69038	0.014215
4.5219	-0.66527	0.0045876
4.5219	-0.64017	0.00034678
4.5219	-0.61506	0.00053868
4.5219	-0.58996	0.0025861
4.5219	-0.56485	0.0039631
4.5219	-0.53975	0.0036195
4.5219	-0.51464	0.0020442
4.5219	-0.48954	0.00053369
4.5219	-0.43933	0.000457
4.5219	-0.41423	0.0011779
4.5219	-0.38912	0.0014674
4.5219	-0.36402	0.0011341
4.5219	-0.33891	0.00050615
4.5219	-0.2636	0.00028146
4.5219	-0.23849	0.00048675
4.5219	-0.21339	0.00046449
4.5219	-0.18828	0.00026579
4.5219	0.38912	0.00028102
4.5219	0.41423	0.0011879
4.5219	0.43933	0.0028155
4.5219	0.46444	0.0049453
4.5219	0.48954	0.0069355
4.5219	0.51464	0.0080913
4.5219	0.53975	0.0080201
4.5219	0.56485	0.006708
4.5219	0.58996	0.004712
4.5219	0.61506	0.0026227
4.5219	0.64017	0.0010589
4.547	-2.0962	0.00031393
4.547	-2.0711	0.00060648
4.547	-2.046	0.00077283
4.547	-2.0209	0.00065269
4.547	-1.9958	0.00032513
4.547	-1.9205	0.00032924
4.547	-1.8954	0.00067318
4.547	-1.8703	0.00077787
4.547	-1.8452	0.00054624
4.547	-1.7448	0.00065848
4.547	-1.7197	0.00099426
4.547	-1.6946	0.00092866
4.547	-1.6695	0.00051416
4.547	-1.5941	0.00039065
4.547	-1.569	0.00087156
4.547	-1.5439	0.0010676
4.547	-1.5188	0.00082097
4.547	-1.4937	0.00032991
4.547	-1.4184	0.00058168
4.547	-1.3933	0.00094393
4.547	-1.3682	0.00092126
4.547	-1.3431	0.00053408
4.547	-1.2678	0.00028498
4.547	-1.2427	0.00066407
4.547	-1.2176	0.00081351
4.547	-1.1925	0.00061522
4.547	-1.0669	0.00034518
4.547	-1.0418	0.00028068
4.547	-0.89121	0.0010456
4.547	-0.86611	0.0032356
4.547	-0.841	0.0071249
4.547	-0.8159	0.01226
4.547	-0.79079	0.016839
4.547	-0.76569	0.018901
4.547	-0.74059	0.017434
4.547	-0.71548	0.01281
4.547	-0.69038	0.0067846
4.547	-0.66527	0.0021115
4.547	-0.61506	0.00055649
4.547	-0.58996	0.0020982
4.547	-0.56485	0.0031076
4.547	-0.53975	0.0027701
4.547	-0.51464	0.0015205
4.547	-0.48954	0.00034382
4.547	-0.43933	0.0005776
4.547	-0.41423	0.0013261
4.547	-0.38912	0.001592
4.547	-0.36402	0.0012005
4.547	-0.33891	0.00050354
4.547	-0.2636	0.00046567
4.547	-0.23849	0.00076954
4.547	-0.21339	0.00073451
4.547	-0.18828	0.00041888
4.547	-0.087866	0.00034644
4.547	-0.062762	0.00041116
4.547	-0.037657	0.00029876
4.547	0.41423	0.00038835
4.547	0.43933	0.001034
4.547	0.46444	0.0019973
4.547	0.48954	0.0030506
4.547	0.51464	0.0038188
4.547	0.53975	0.0040079
4.547	0.56485	0.0035194
4.547	0.58996	0.0025424
4.547	0.61506	0.0014387
4.547	0.64017	0.00056648
4.572	-2.3975	0.00027053
4.572	-2.3724	0.00038673
4.572	-2.3473	0.0003467
4.572	-2.2469	0.00075361
4.572	-2.2218	0.0017194
4.572	-2.1967	0.0026914
4.572	-2.1715	0.00326
4.572	-2.1464	0.0031437
4.572	-2.1213	0.0024422
4.572	-2.0962	0.0014711
4.572	-2.0711	0.00066058
4.572	-1.7448	0.00045058
4.572	-1.7197	0.00066345
4.572	-1.6946	0.00061159
4.572	-1.6695	0.00032114
4.572	-1.5941	0.0004182
4.572	-1.569	0.00087362
4.572	-1.5439	0.0010557
4.572	-1.5188	0.00079113
4.572	-1.4937	0.00029801
4.572	-1.4184	0.00075953
4.572	-1.3933	0.0012211
4.572	-1.3682	0.0011761
4.572	-1.3431	0.00065987
4.572	-1.2678	0.00056855
4.572	-1.2427	0.0012771
4.572	-1.2176	0.0015849
4.572	-1.1925	0.0012216
4.572	-1.1674	0.00049108
4.572	-1.0921	0.00095342
4.572	-1.0669	0.0016128
4.572	-1.0418	0.0016426
4.572	-1.0167	0.0010243
4.572	-0.99163	0.00027569
4.572	-0.94142	0.00039135
4.572	-0.91632	0.00099883
4.572	-0.89121	0.0012061
4.572	-0.86611	0.00085173
4.572	-0.79079	0.00054003
4.572	-0.76569	0.001683
4.572	-0.74059	0.0026082
4.572	-0.71548	0.0025794
4.572	-0.69038	0.0017097
4.572	-0.66527	0.00057671
4.572	-0.61506	0.00031582
4.572	-0.58996	0.0010966
4.572	-0.56485	0.0016495
4.572	-0.53975	0.0015
4.572	-0.51464	0.00081342
4.572	-0.43933	0.00053135
4.572	-0.41423	0.0011201
4.572	-0.38912	0.00131
4.572	-0.36402	0.00096148
4.572	-0.33891	0.00037453
4.572	-0.2636	0.00057599
4.572	-0.23849	0.00089835
4.572	-0.21339	0.00084435
4.572	-0.18828	0.00046971
4.572	-0.087866	0.00052559
4.572	-0.062762	0.00062214
4.572	-0.037657	0.00045297
4.572	0.062762	0.0002663
4.572	0.087866	0.00040472
4.572	0.11297	0.00036802
4.572	0.48954	0.00044326
4.572	0.51464	0.00074401
4.572	0.53975	0.00097949
4.572	0.56485	0.0010174
4.572	0.58996	0.00080785
4.572	0.61506	0.00049826
4.5971	-2.3975	0.00045105
4.5971	-2.3724	0.00063015
4.5971	-2.3473	0.00055229
4.5971	-2.272	0.00046222
4.5971	-2.2469	0.002083
4.5971	-2.2218	0.0049025
4.5971	-2.1967	0.0082525
4.5971	-2.1715	0.01104
4.5971	-2.1464	0.012219
4.5971	-2.1213	0.011348
4.5971	-2.0962	0.0088511
4.5971	-2.0711	0.0056974
4.5971	-2.046	0.0028713
4.5971	-2.0209	0.0010542
4.5971	-1.5941	0.00030966
4.5971	-1.569	0.00062789
4.5971	-1.5439	0.00076215
4.5971	-1.5188	0.00056881
4.5971	-1.4184	0.00074917
4.5971	-1.3933	0.0011854
4.5971	-1.3682	0.0011305
4.5971	-1.3431	0.00060678
4.5971	-1.2678	0.00081756
4.5971	-1.2427	0.0017412
4.5971	-1.2176	0.0021279
4.5971	-1.1925	0.0016089
4.5971	-1.1674	0.00059295
4.5971	-1.1172	0.00054571
4.5971	-1.0921	0.0020352
4.5971	-1.0669	0.0034097
4.5971	-1.0418	0.0035534
4.5971	-1.0167	0.0022098
4.5971	-0.99163	0.00050226
4.5971	-0.94142	0.0022621
4.5971	-0.91632	0.0066406
4.5971	-0.89121	0.011514
4.5971	-0.86611	0.014521
4.5971	-0.841	0.014396
4.5971	-0.8159	0.011541
4.5971	-0.79079	0.0072681
4.5971	-0.76569	0.0034576
4.5971	-0.74059	0.0011616
4.5971	-0.56485	0.00038975
4.5971	-0.53975	0.00043253
4.5971	-0.51464	0.00027001
4.5971	-0.43933	0.00031409
4.5971	-0.41423	0.0006457
4.5971	-0.38912	0.00076394
4.5971	-0.36402	0.00056175
4.5971	-0.2636	0.00052955
4.5971	-0.23849	0.00079377
4.5971	-0.21339	0.00073659
4.5971	-0.18828	0.00039752
4.5971	-0.11297	0.00028239
4.5971	-0.087866	0.00060271
4.5971	-0.062762	0.00070279
4.5971	-0.037657	0.00049812
4.5971	0.062762	0.00043539
4.5971	0.087866	0.00065391
4.5971	0.11297	0.00059792
4.5971	0.13808	0.00032274
4.5971	0.23849	0.00048085
4.5971	0.2636	0.00058394
4.5971	0.2887	0.0004483
4.5971	0.38912	0.00029749
4.5971	0.41423	0.00055976
4.5971	0.43933	0.0006747
4.5971	0.46444	0.00059043
4.5971	0.48954	0.00038011
4.6221	-2.3975	0.0005687
4.6221	-2.3724	0.00077787
4.6221	-2.3473	0.00064714
4.6221	-2.272	0.00096712
4.6221	-2.2469	0.0039175
4.6221	-2.2218	0.0091005
4.6221	-2.1967	0.015614
4.6221	-2.1715	0.021523
4.6221	-2.1464	0.024895
4.6221	-2.1213	0.024393
4.6221	-2.0962	0.020246
4.6221	-2.0711	0.013971
4.6221	-2.046	0.0075965
4.6221	-2.0209	0.0029845
4.6221	-1.9958	0.0005954
4.6221	-1.9456	0.00026997
4.6221	-1.9205	0.00058271
4.6221	-1.8954	0.0005902
4.6221	-1.8703	0.00037795
4.6221	-1.569	0.00026212
4.6221	-1.5439	0.00034638
4.6221	-1.5188	0.00027637
4.6221	-1.4184	0.00052195
4.6221	-1.3933	0.00083327
4.6221	-1.3682	0.0007993
4.6221	-1.3431	0.00041572
4.6221	-1.2678	0.00086969
4.6221	-1.2427	0.0017762
4.6221	-1.2176	0.0021365
4.6221	-1.1925	0.0015627
4.6221	-1.1674	0.0005049
4.6221	-1.1172	0.00091309
4.6221	-1.0921	0.003
4.6221	-1.0669	0.004886
4.6221	-1.0418	0.0049846
4.6221	-1.0167	0.0029818
4.6221	-0.99163	0.00047458
4.6221	-0.96653	0.00055561
4.6221	-0.94142	0.0059153
4.6221	-0.91632	0.016691
4.6221	-0.89121	0.029969
4.6221	-0.86611	0.041421
4.6221	-0.841	0.046462
4.6221	-0.8159	0.043525
4.6221	-0.79079	0.034309
4.6221	-0.76569	0.022406
4.6221	-0.74059	0.01179
4.6221	-0.71548	0.00464
4.6221	-0.69038	0.0011089
4.6221	-0.2636	0.00033483
4.6221	-0.23849	0.00050314
4.6221	-0.21339	0.00046657
4.6221	-0.11297	0.00025576
4.6221	-0.087866	0.00052352
4.6221	-0.062762	0.00060535
4.6221	-0.037657	0.00041629
4.6221	0.062762	0.00053181
4.6221	0.087866	0.00077404
4.6221	0.11297	0.00069509
4.6221	0.13808	0.00035595
4.6221	0.21339	0.00039677
4.6221	0.23849	0.00082876
4.6221	0.2636	0.0010035
4.6221	0.2887	0.00076875
4.6221	0.31381	0.00029907
4.6221	0.38912	0.0010623
4.6221	0.41423	0.0021124
4.6221	0.43933	0.0029952
4.6221	0.46444	0.0032977
4.6221	0.48954	0.002978
4.6221	0.51464	0.0022257
4.6221	0.53975	0.0013845
4.6221	0.56485	0.0006904
4.6221	0.58996	0.0002719
4.6472	-2.3975	0.00054442
4.6472	-2.3724	0.00072423
4.6472	-2.3473	0.00057236
4.6472	-2.272	0.0014931
4.6472	-2.2469	0.0055494
4.6472	-2.2218	0.012656
4.6472	-2.1967	0.021825
4.6472	-2.1715	0.030632
4.6472	-2.1464	0.036209
4.6472	-2.1213	0.036377
4.6472	-2.0962	0.030926
4.6472	-2.0711	0.021846
4.6472	-2.046	0.012144
4.6472	-2.0209	0.004701
4.6472	-1.9958	0.00081747
4.6472	-1.9456	0.00085111
4.6472	-1.9205	0.0017033
4.6472	-1.8954	0.0017787
4.6472	-1.8703	0.0011902
4.6472	-1.8452	0.00047924
4.6472	-1.3933	0.00034935
4.6472	-1.3682	0.00036623
4.6472	-1.2678	0.00063797
4.6472	-1.2427	0.0012978
4.6472	-1.2176	0.0015687
4.6472	-1.1925	0.00112
4.6472	-1.1674	0.00030991
4.6472	-1.1172	0.001098
4.6472	-1.0921	0.0032817
4.6472	-1.0669	0.0051889
4.6472	-1.0418	0.0051849
4.6472	-1.0167	0.0028475
4.6472	-0.99163	0.00027092
4.6472	-0.96653	0.0013739
4.6472	-0.94142	0.010101
4.6472	-0.91632	0.027332
4.6472	-0.89121	0.049602
4.6472	-0.86611	0.070423
4.6472	-0.841	0.082246
4.6472	-0.8159	0.081168
4.6472	-0.79079	0.067864
4.6472	-0.76569	0.0476
4.6472	-0.74059	0.027165
4.6472	-0.71548	0.01175
4.6472	-0.69038	0.0031098
4.6472	-0.64017	0.00026184
4.6472	-0.61506	0.00095989
4.6472	-0.58996	0.0011383
4.6472	-0.56485	0.000786
4.6472	-0.53975	0.00034034
4.6472	-0.087866	0.00032144
4.6472	-0.062762	0.00037594
4.6472	-0.037657	0.00025585
4.6472	0.062762	0.00048987
4.6472	0.087866	0.00069409
4.6472	0.11297	0.00061014
4.6472	0.13808	0.00029145
4.6472	0.21339	0.0005297
4.6472	0.23849	0.0010453
4.6472	0.2636	0.0012367
4.6472	0.2887	0.00091277
4.6472	0.31381	0.00030723
4.6472	0.36402	0.00054373
4.6472	0.38912	0.0020891
4.6472	0.41423	0.0042107
4.6472	0.43933	0.006155
4.6472	0.46444	0.0072167
4.6472	0.48954	0.0070167
4.6472	0.51464	0.0057612
4.6472	0.53975	0.0040019
4.6472	0.56485	0.002312
4.6472	0.58996	0.001054
4.6472	0.61506	0.00035179
4.6472	1.795	0.00029113
4.6472	1.8201	0.00029931
4.6472	1.8452	0.00026103
4.6722	-2.3975	0.00036464
4.6722	-2.3724	0.0004842
4.6722	-2.3473	0.00036546
4.6722	-2.272	0.0017044
4.6722	-2.2469	0.0059777
4.6722	-2.2218	0.013524
4.6722	-2.1967	0.02354
4.6722	-2.1715	0.033541
4.6722	-2.1464	0.040423
4.6722	-2.1213	0.041304
4.6722	-2.0962	0.03577
4.6722	-2.0711	0.025486
4.6722	-2.046	0.014153
4.6722	-2.0209	0.0052639
4.6722	-1.9958	0.00073089
4.6722	-1.9456	0.0016831
4.6722	-1.9205	0.0030621
4.6722	-1.8954	0.0031421
4.6722	-1.8703	0.0020573
4.6722	-1.8452	0.00075793
4.6722	-1.7699	0.00053167
4.6722	-1.7448	0.00078055
4.6722	-1.7197	0.000654
4.6722	-1.6946	0.00031575
4.6722	-1.2427	0.00056408
4.6722	-1.2176	0.00072753
4.6722	-1.1925	0.00053826
4.6722	-1.1172	0.00089683
4.6722	-1.0921	0.0025711
4.6722	-1.0669	0.0040336
4.6722	-1.0418	0.0039569
4.6722	-1.0167	0.0019825
4.6722	-0.96653	0.0021549
4.6722	-0.94142	0.012628
4.6722	-0.91632	0.032927
4.6722	-0.89121	0.060018
4.6722	-0.86611	0.086511
4.6722	-0.841	0.10335
4.6722	-0.8159	0.10483
4.6722	-0.79079	0.090219
4.6722	-0.76569	0.06513
4.6722	-0.74059	0.038155
4.6722	-0.71548	0.01665
4.6722	-0.69038	0.0042881
4.6722	-0.64017	0.00078463
4.6722	-0.61506	0.002417
4.6722	-0.58996	0.0029361
4.6722	-0.56485	0.0021719
4.6722	-0.53975	0.00097998
4.6722	-0.43933	0.00034745
4.6722	-0.41423	0.00029762
4.6722	0.062762	0.00032063
4.6722	0.087866	0.00045355
4.6722	0.11297	0.00039441
4.6722	0.21339	0.00053072
4.6722	0.23849	0.0010014
4.6722	0.2636	0.0011501
4.6722	0.2887	0.0008089
4.6722	0.36402	0.00087919
4.6722	0.38912	0.0029765
4.6722	0.41423	0.0059378
4.6722	0.43933	0.0087567
4.6722	0.46444	0.010474
4.6722	0.48954	0.01053
4.6722	0.51464	0.0089641
4.6722	0.53975	0.0064835
4.6722	0.56485	0.003895
4.6722	0.58996	0.0018659
4.6722	0.61506	0.00063479
4.6722	1.7699	0.00031558
4.6722	1.795	0.00038814
4.6722	1.8201	0.00040366
4.6722	1.8452	0.00035678
4.6722	1.8703	0.00026644
4.6973	-2.272	0.0013287
4.6973	-2.2469	0.0045409
4.6973	-2.2218	0.010512
4.6973	-2.1967	0.018881
4.6973	-2.1715	0.027693
4.6973	-2.1464	0.034365
4.6973	-2.1213	0.035976
4.6973	-2.0962	0.031809
4.6973	-2.0711	0.023021
4.6973	-2.046	0.01265
4.6973	-2.0209	0.0044577
4.6973	-1.9958	0.00044234
4.6973	-1.9707	0.00040751
4.6973	-1.9456	0.0024383
4.6973	-1.9205	0.004076
4.6973	-1.8954	0.0040575
4.6973	-1.8703	0.0025508
4.6973	-1.8452	0.00083339
4.6973	-1.795	0.00033828
4.6973	-1.7699	0.0011422
4.6973	-1.7448	0.0015838
4.6973	-1.7197	0.0013144
4.6973	-1.6946	0.00062029
4.6973	-1.6192	0.00037991
4.6973	-1.5941	0.00067277
4.6973	-1.569	0.00065428
4.6973	-1.5439	0.00037271
4.6973	-1.1172	0.00037932
4.6973	-1.0921	0.0011922
4.6973	-1.0669	0.0019764
4.6973	-1.0418	0.0019731
4.6973	-1.0167	0.00090432
4.6973	-0.96653	0.0022731
4.6973	-0.94142	0.01134
4.6973	-0.91632	0.029115
4.6973	-0.89121	0.05381
4.6973	-0.86611	0.07938
4.6973	-0.841	0.09746
4.6973	-0.8159	0.10126
4.6973	-0.79079	0.089434
4.6973	-0.76569	0.065773
4.6973	-0.74059	0.038887
4.6973	-0.71548	0.016847
4.6973	-0.69038	0.0038354
4.6973	-0.64017	0.001503
4.6973	-0.61506	0.0039266
4.6973	-0.58996	0.0046438
4.6973	-0.56485	0.0034067
4.6973	-0.53975	0.0014861
4.6973	-0.46444	0.00058313
4.6973	-0.43933	0.00099526
4.6973	-0.41423	0.00095155
4.6973	-0.38912	0.00055329
4.6973	0.21339	0.00037606
4.6973	0.23849	0.00069566
4.6973	0.2636	0.00079215
4.6973	0.2887	0.00052931
4.6973	0.36402	0.0010331
4.6973	0.38912	0.0032371
4.6973	0.41423	0.0063504
4.6973	0.43933	0.0094349
4.6973	0.46444	0.011487
4.6973	0.48954	0.011753
4.6973	0.51464	0.010251
4.6973	0.53975	0.0075572
4.6973	0.56485	0.0046229
4.6973	0.58996	0.0022237
4.6973	0.61506	0.00074227
4.6973	1.7699	0.00034317
4.6973	1.795	0.0004249
4.6973	1.8201	0.00044495
4.6973	1.8452	0.00039606
4.6973	1.8703	0.00029661
4.7223	-2.272	0.00044421
4.7223	-2.2469	0.0017806
4.7223	-2.2218	0.0046304
4.7223	-2.1967	0.009206
4.7223	-2.1715	0.014792
4.7223	-2.1464	0.019722
4.7223	-2.1213	0.021985
4.7223	-2.0962	0.020331
4.7223	-2.0711	0.015171
4.7223	-2.046	0.0084314
4.7223	-2.0209	0.0027851
4.7223	-1.9707	0.00059426
4.7223	-1.9456	0.0026248
4.7223	-1.9205	0.0041595
4.7223	-1.8954	0.00401
4.7223	-1.8703	0.0024145
4.7223	-1.8452	0.00067502
4.7223	-1.795	0.00060161
4.7223	-1.7699	0.001703
4.7223	-1.7448	0.0022362
4.7223	-1.7197	0.0017899
4.7223	-1.6946	0.0007746
4.7223	-1.6192	0.00086868
4.7223	-1.5941	0.0014825
4.7223	-1.569	0.0014709
4.7223	-1.5439	0.00088304
4.7223	-1.4686	0.0003172
4.7223	-1.4435	0.00076301
4.7223	-1.4184	0.0009153
4.7223	-1.3933	0.00066414
4.7223	-1.3682	0.00025332
4.7223	-1.2678	0.00030365
4.7223	-1.0669	0.00028131
4.7223	-1.0418	0.00039537
4.7223	-0.96653	0.0012377
4.7223	-0.94142	0.0061297
4.7223	-0.91632	0.016593
4.7223	-0.89121	0.03246
4.7223	-0.86611	0.050508
4.7223	-0.841	0.0651
4.7223	-0.8159	0.070817
4.7223	-0.79079	0.064857
4.7223	-0.76569	0.048994
4.7223	-0.74059	0.029344
4.7223	-0.71548	0.012463
4.7223	-0.69038	0.0024997
4.7223	-0.64017	0.0020377
4.7223	-0.61506	0.0046398
4.7223	-0.58996	0.0052876
4.7223	-0.56485	0.0037638
4.7223	-0.53975	0.0015317
4.7223	-0.46444	0.0010538
4.7223	-0.43933	0.0017249
4.7223	-0.41423	0.0016367
4.7223	-0.38912	0.00095675
4.7223	-0.36402	0.00026917
4.7223	-0.2887	0.00046768
4.7223	-0.2636	0.00055676
4.7223	-0.23849	0.0004016
4.7223	0.23849	0.00029076
4.7223	0.2636	0.00034402
4.7223	0.36402	0.00086439
4.7223	0.38912	0.0025889
4.7223	0.41423	0.00509
4.7223	0.43933	0.0077055
4.7223	0.46444	0.0095673
4.7223	0.48954	0.010057
4.7223	0.51464	0.0089545
4.7223	0.53975	0.0067313
4.7223	0.56485	0.0041666
4.7223	0.58996	0.0020095
4.7223	0.61506	0.00063817
4.7223	1.7699	0.00030307
4.7223	1.795	0.00037917
4.7223	1.8201	0.00040133
4.7223	1.8452	0.0003602
4.7223	1.8703	0.00027114
4.7474	-2.4226	0.00028309
4.7474	-2.3975	0.00029405
4.7474	-2.1967	0.00085445
4.7474	-2.1715	0.0023226
4.7474	-2.1464	0.0044385
4.7474	-2.1213	0.006351
4.7474	-2.0962	0.0070012
4.7474	-2.0711	0.0059028
4.7474	-2.046	0.003562
4.7474	-2.0209	0.0011361
4.7474	-1.9707	0.00054632
4.7474	-1.9456	0.0020024
4.7474	-1.9205	0.0030803
4.7474	-1.8954	0.0029394
4.7474	-1.8703	0.0016966
4.7474	-1.8452	0.0003989
4.7474	-1.795	0.0007702
4.7474	-1.7699	0.0018827
4.7474	-1.7448	0.0023692
4.7474	-1.7197	0.0018029
4.7474	-1.6946	0.00069575
4.7474	-1.6444	0.00036117
4.7474	-1.6192	0.0014114
4.7474	-1.5941	0.0022673
4.7474	-1.569	0.002217
4.7474	-1.5439	0.0012915
4.7474	-1.5188	0.00029938
4.7474	-1.4686	0.00065787
4.7474	-1.4435	0.0015621
4.7474	-1.4184	0.001934
4.7474	-1.3933	0.0014693
4.7474	-1.3682	0.00058378
4.7474	-1.2929	0.00085882
4.7474	-1.2678	0.001378
4.7474	-1.2427	0.0012991
4.7474	-1.2176	0.00071859
4.7474	-1.1172	0.00049002
4.7474	-1.0921	0.00048339
4.7474	-1.0669	0.00025552
4.7474	-0.94142	0.00072261
4.7474	-0.91632	0.0031192
4.7474	-0.89121	0.008376
4.7474	-0.86611	0.015947
4.7474	-0.841	0.024016
4.7474	-0.8159	0.029512
4.7474	-0.79079	0.029762
4.7474	-0.76569	0.023895
4.7474	-0.74059	0.015011
4.7474	-0.71548	0.0065149
4.7474	-0.69038	0.0010403
4.7474	-0.64017	0.0019586
4.7474	-0.61506	0.0040187
4.7474	-0.58996	0.0044224
4.7474	-0.56485	0.0030543
4.7474	-0.53975	0.0011295
4.7474	-0.48954	0.00034985
4.7474	-0.46444	0.001398
4.7474	-0.43933	0.0021469
4.7474	-0.41423	0.0019855
4.7474	-0.38912	0.0011211
4.7474	-0.36402	0.00027011
4.7474	-0.31381	0.00035288
4.7474	-0.2887	0.0008517
4.7474	-0.2636	0.0010266
4.7474	-0.23849	0.00076343
4.7474	-0.21339	0.00031608
4.7474	-0.13808	0.0002715
4.7474	-0.11297	0.00042607
4.7474	-0.087866	0.00038976
4.7474	0.36402	0.00042001
4.7474	0.38912	0.0013139
4.7474	0.41423	0.0027018
4.7474	0.43933	0.0043468
4.7474	0.46444	0.0056662
4.7474	0.48954	0.0062293
4.7474	0.51464	0.0057747
4.7474	0.53975	0.0044836
4.7474	0.56485	0.0028335
4.7474	0.58996	0.0013753
4.7474	0.61506	0.00041832
4.7474	1.795	0.0002642
4.7474	1.8201	0.00028563
4.7474	1.8452	0.0002615
4.7724	-2.4477	0.00059304
4.7724	-2.4226	0.0010724
4.7724	-2.3975	0.0011994
4.7724	-2.3724	0.00080607
4.7724	-2.2971	0.00070469
4.7724	-2.272	0.0021781
4.7724	-2.2469	0.0036958
4.7724	-2.2218	0.0043972
4.7724	-2.1967	0.0039883
4.7724	-2.1715	0.00251
4.7724	-2.1464	0.00094493
4.7724	-2.0711	0.00029124
4.7724	-2.046	0.00038067
4.7724	-1.9456	0.00081556
4.7724	-1.9205	0.0013495
4.7724	-1.8954	0.0013575
4.7724	-1.8703	0.00079599
4.7724	-1.795	0.00065159
4.7724	-1.7699	0.0014873
4.7724	-1.7448	0.0018147
4.7724	-1.7197	0.0013229
4.7724	-1.6946	0.00043175
4.7724	-1.6444	0.00054708
4.7724	-1.6192	0.0017408
4.7724	-1.5941	0.002659
4.7724	-1.569	0.0025138
4.7724	-1.5439	0.0014185
4.7724	-1.5188	0.00027801
4.7724	-1.4686	0.0010372
4.7724	-1.4435	0.0023346
4.7724	-1.4184	0.0028563
4.7724	-1.3933	0.0021431
4.7724	-1.3682	0.00080505
4.7724	-1.318	0.0004959
4.7724	-1.2929	0.0018861
4.7724	-1.2678	0.0030387
4.7724	-1.2427	0.002969
4.7724	-1.2176	0.0017387
4.7724	-1.1925	0.00037097
4.7724	-1.1423	0.0010017
4.7724	-1.1172	0.0024291
4.7724	-1.0921	0.0030737
4.7724	-1.0669	0.0024454
4.7724	-1.0418	0.0010573
4.7724	-0.96653	0.0012282
4.7724	-0.94142	0.0019242
4.7724	-0.91632	0.0018482
4.7724	-0.89121	0.00074811
4.7724	-0.841	0.00051074
4.7724	-0.8159	0.0021555
4.7724	-0.79079	0.0039252
4.7724	-0.76569	0.0045357
4.7724	-0.74059	0.003509
4.7724	-0.71548	0.0016449
4.7724	-0.64017	0.0011487
4.7724	-0.61506	0.002286
4.7724	-0.58996	0.0025212
4.7724	-0.56485	0.0017064
4.7724	-0.53975	0.00055697
4.7724	-0.48954	0.00043073
4.7724	-0.46444	0.0013743
4.7724	-0.43933	0.0020018
4.7724	-0.41423	0.0017995
4.7724	-0.38912	0.00096348
4.7724	-0.31381	0.00051225
4.7724	-0.2887	0.0011271
4.7724	-0.2636	0.0013331
4.7724	-0.23849	0.00097953
4.7724	-0.21339	0.0003915
4.7724	-0.13808	0.0004756
4.7724	-0.11297	0.00075523
4.7724	-0.087866	0.00070777
4.7724	-0.062762	0.00039813
4.7724	0.037657	0.00033697
4.7724	0.062762	0.00039754
4.7724	0.087866	0.00028969
4.7724	0.41423	0.00054503
4.7724	0.43933	0.0011067
4.7724	0.46444	0.0017592
4.7724	0.48954	0.0022229
4.7724	0.51464	0.0023051
4.7724	0.53975	0.0019453
4.7724	0.56485	0.0013218
4.7724	0.58996	0.00065564
4.7975	-2.4728	0.00038328
4.7975	-2.4477	0.0014287
4.7975	-2.4226	0.0025107
4.7975	-2.3975	0.0027665
4.7975	-2.3724	0.0017805
4.7975	-2.3473	0.00036282
4.7975	-2.3222	0.0002757
4.7975	-2.2971	0.0031203
4.7975	-2.272	0.0096286
4.7975	-2.2469	0.018245
4.7975	-2.2218	0.026009
4.7975	-2.1967	0.029655
4.7975	-2.1715	0.028035
4.7975	-2.1464	0.021933
4.7975	-2.1213	0.014031
4.7975	-2.0962	0.0071212
4.7975	-2.0711	0.0025906
4.7975	-2.046	0.00054031
4.7975	-1.795	0.00028762
4.7975	-1.7699	0.00067396
4.7975	-1.7448	0.00084887
4.7975	-1.7197	0.00060848
4.7975	-1.6444	0.00059173
4.7975	-1.6192	0.001618
4.7975	-1.5941	0.0023546
4.7975	-1.569	0.0021896
4.7975	-1.5439	0.0011705
4.7975	-1.4686	0.0012508
4.7975	-1.4435	0.0026775
4.7975	-1.4184	0.0032062
4.7975	-1.3933	0.0023379
4.7975	-1.3682	0.00078921
4.7975	-1.318	0.00089686
4.7975	-1.2929	0.0029899
4.7975	-1.2678	0.0046833
4.7975	-1.2427	0.0045062
4.7975	-1.2176	0.0025441
4.7975	-1.1925	0.00044696
4.7975	-1.1423	0.0025008
4.7975	-1.1172	0.0057269
4.7975	-1.0921	0.0074665
4.7975	-1.0669	0.0061403
4.7975	-1.0418	0.0026687
4.7975	-0.99163	0.0015276
4.7975	-0.96653	0.0077947
4.7975	-0.94142	0.016668
4.7975	-0.91632	0.024173
4.7975	-0.89121	0.026864
4.7975	-0.86611	0.023757
4.7975	-0.841	0.017073
4.7975	-0.8159	0.0094873
4.7975	-0.79079	0.0038978
4.7975	-0.76569	0.001018
4.7975	-0.61506	0.00051753
4.7975	-0.58996	0.00066477
4.7975	-0.56485	0.00047031
4.7975	-0.48954	0.00034503
4.7975	-0.46444	0.00093845
4.7975	-0.43933	0.0013262
4.7975	-0.41423	0.0011813
4.7975	-0.38912	0.00060388
4.7975	-0.31381	0.00055186
4.7975	-0.2887	0.0011242
4.7975	-0.2636	0.0012989
4.7975	-0.23849	0.00094267
4.7975	-0.21339	0.00035308
4.7975	-0.13808	0.00062459
4.7975	-0.11297	0.00096866
4.7975	-0.087866	0.00090231
4.7975	-0.062762	0.0004939
4.7975	0.012552	0.00029188
4.7975	0.037657	0.00064595
4.7975	0.062762	0.0007723
4.7975	0.087866	0.00057319
4.7975	0.18828	0.00029632
4.7975	0.21339	0.00048927
4.7975	0.23849	0.00047423
4.7975	0.2636	0.00028511
4.7975	0.53975	0.00029583
4.7975	0.56485	0.00026952
4.8225	-2.4728	0.0008411
4.8225	-2.4477	0.0027314
4.8225	-2.4226	0.0045528
4.8225	-2.3975	0.004799
4.8225	-2.3724	0.0028638
4.8225	-2.3473	0.00037402
4.8225	-2.3222	0.0010151
4.8225	-2.2971	0.0088595
4.8225	-2.272	0.025809
4.8225	-2.2469	0.049232
4.8225	-2.2218	0.071988
4.8225	-2.1967	0.086816
4.8225	-2.1715	0.088025
4.8225	-2.1464	0.075538
4.8225	-2.1213	0.054519
4.8225	-2.0962	0.031914
4.8225	-2.0711	0.014022
4.8225	-2.046	0.0040544
4.8225	-2.0209	0.0003334
4.8225	-1.9707	0.00085102
4.8225	-1.9456	0.0010306
4.8225	-1.9205	0.0006591
4.8225	-1.6444	0.00040805
4.8225	-1.6192	0.00098571
4.8225	-1.5941	0.0014455
4.8225	-1.569	0.0013532
4.8225	-1.5439	0.00072652
4.8225	-1.4686	0.0011084
4.8225	-1.4435	0.0023167
4.8225	-1.4184	0.0027491
4.8225	-1.3933	0.0019422
4.8225	-1.3682	0.00056924
4.8225	-1.318	0.0012144
4.8225	-1.2929	0.0036379
4.8225	-1.2678	0.005497
4.8225	-1.2427	0.0051581
4.8225	-1.2176	0.0027341
4.8225	-1.1925	0.00033286
4.8225	-1.1674	0.00057834
4.8225	-1.1423	0.0042929
4.8225	-1.1172	0.0093765
4.8225	-1.0921	0.012056
4.8225	-1.0669	0.0096849
4.8225	-1.0418	0.003828
4.8225	-0.99163	0.0048798
4.8225	-0.96653	0.021481
4.8225	-0.94142	0.047039
4.8225	-0.91632	0.073061
4.8225	-0.89121	0.090144
4.8225	-0.86611	0.091818
4.8225	-0.841	0.078561
4.8225	-0.8159	0.056887
4.8225	-0.79079	0.033697
4.8225	-0.76569	0.016042
4.8225	-0.74059	0.0055011
4.8225	-0.71548	0.0010589
4.8225	-0.46444	0.00033035
4.8225	-0.43933	0.00049476
4.8225	-0.41423	0.00046302
4.8225	-0.31381	0.00041274
4.8225	-0.2887	0.00080691
4.8225	-0.2636	0.00093353
4.8225	-0.23849	0.00067267
4.8225	-0.13808	0.00061659
4.8225	-0.11297	0.00093919
4.8225	-0.087866	0.00086211
4.8225	-0.062762	0.00045414
4.8225	0.012552	0.00042313
4.8225	0.037657	0.00087934
4.8225	0.062762	0.0010341
4.8225	0.087866	0.00075269
4.8225	0.11297	0.0002762
4.8225	0.18828	0.00064341
4.8225	0.21339	0.0010351
4.8225	0.23849	0.0010294
4.8225	0.2636	0.00061962
4.8225	0.33891	0.0004229
4.8225	0.36402	0.0012056
4.8225	0.38912	0.0019289
4.8225	0.41423	0.0022866
4.8225	0.43933	0.0021083
4.8225	0.46444	0.001558
4.8225	0.48954	0.00090721
4.8225	0.51464	0.00040112
4.8476	-2.4728	0.0015406
4.8476	-2.4477	0.0044181
4.8476	-2.4226	0.0069327
4.8476	-2.3975	0.0068966
4.8476	-2.3724	0.0036773
4.8476	-2.3222	0.0029738
4.8476	-2.2971	0.019174
4.8476	-2.272	0.05228
4.8476	-2.2469	0.097973
4.8476	-2.2218	0.14441
4.8476	-2.1967	0.17639
4.8476	-2.1715	0.18306
4.8476	-2.1464	0.16151
4.8476	-2.1213	0.12009
4.8476	-2.0962	0.072617
4.8476	-2.0711	0.033289
4.8476	-2.046	0.0093501
4.8476	-2.0209	0.00049006
4.8476	-1.9958	0.0010305
4.8476	-1.9707	0.0040244
4.8476	-1.9456	0.0052954
4.8476	-1.9205	0.0041063
4.8476	-1.8954	0.0019734
4.8476	-1.8703	0.00042183
4.8476	-1.8201	0.00025398
4.8476	-1.795	0.00049293
4.8476	-1.7699	0.00046342
4.8476	-1.7448	0.00026397
4.8476	-1.5941	0.00040491
4.8476	-1.569	0.00045001
4.8476	-1.5439	0.00026848
4.8476	-1.4686	0.00059413
4.8476	-1.4435	0.001321
4.8476	-1.4184	0.0016226
4.8476	-1.3933	0.0011537
4.8476	-1.3682	0.00029199
4.8476	-1.318	0.0011885
4.8476	-1.2929	0.0032919
4.8476	-1.2678	0.0048985
4.8476	-1.2427	0.0044868
4.8476	-1.2176	0.0022114
4.8476	-1.1674	0.0010375
4.8476	-1.1423	0.0056856
4.8476	-1.1172	0.011705
4.8476	-1.0921	0.014581
4.8476	-1.0669	0.011225
4.8476	-1.0418	0.0037758
4.8476	-0.99163	0.010208
4.8476	-0.96653	0.0404
4.8476	-0.94142	0.086155
4.8476	-0.91632	0.13655
4.8476	-0.89121	0.1737
4.8476	-0.86611	0.18526
4.8476	-0.841	0.16779
4.8476	-0.8159	0.12897
4.8476	-0.79079	0.082733
4.8476	-0.76569	0.042299
4.8476	-0.74059	0.015654
4.8476	-0.71548	0.0030627
4.8476	-0.66527	0.00090983
4.8476	-0.64017	0.0019653
4.8476	-0.61506	0.001913
4.8476	-0.58996	0.0011595
4.8476	-0.56485	0.00043935
4.8476	-0.2887	0.00033628
4.8476	-0.2636	0.00042167
4.8476	-0.23849	0.00032464
4.8476	-0.13808	0.00042894
4.8476	-0.11297	0.00066379
4.8476	-0.087866	0.0006093
4.8476	-0.062762	0.00030967
4.8476	0.012552	0.00045103
4.8476	0.037657	0.00089369
4.8476	0.062762	0.0010314
4.8476	0.087866	0.00072959
4.8476	0.16318	0.00028799
4.8476	0.18828	0.00094706
4.8476	0.21339	0.0014753
4.8476	0.23849	0.0014423
4.8476	0.2636	0.00082789
4.8476	0.33891	0.001108
4.8476	0.36402	0.0029926
4.8476	0.38912	0.0050992
4.8476	0.41423	0.0065188
4.8476	0.43933	0.0067717
4.8476	0.46444	0.0058704
4.8476	0.48954	0.004262
4.8476	0.51464	0.0025549
4.8476	0.53975	0.0012532
4.8476	0.56485	0.00045379
4.8727	-2.4728	0.0024381
4.8727	-2.4477	0.0062101
4.8727	-2.4226	0.0092185
4.8727	-2.3975	0.0085388
4.8727	-2.3724	0.0039146
4.8727	-2.3222	0.0065382
4.8727	-2.2971	0.034587
4.8727	-2.272	0.08859
4.8727	-2.2469	0.16259
4.8727	-2.2218	0.23788
4.8727	-2.1967	0.29117
4.8727	-2.1715	0.30306
4.8727	-2.1464	0.26902
4.8727	-2.1213	0.2004
4.8727	-2.0962	0.12154
4.8727	-2.0711	0.054543
4.8727	-2.046	0.014062
4.8727	-2.0209	0.00028021
4.8727	-1.9958	0.0033859
4.8727	-1.9707	0.010586
4.8727	-1.9456	0.013527
4.8727	-1.9205	0.010623
4.8727	-1.8954	0.0051031
4.8727	-1.8703	0.0010459
4.8727	-1.8201	0.0012579
4.8727	-1.795	0.002645
4.8727	-1.7699	0.0028409
4.8727	-1.7448	0.0019543
4.8727	-1.7197	0.00083534
4.8727	-1.4435	0.00027977
4.8727	-1.4184	0.00044931
4.8727	-1.3933	0.00037194
4.8727	-1.318	0.00070805
4.8727	-1.2929	0.0020014
4.8727	-1.2678	0.003011
4.8727	-1.2427	0.0027698
4.8727	-1.2176	0.0012726
4.8727	-1.1674	0.0012171
4.8727	-1.1423	0.0055946
4.8727	-1.1172	0.01107
4.8727	-1.0921	0.013419
4.8727	-1.0669	0.0098703
4.8727	-1.0418	0.0026144
4.8727	-1.0167	0.00071283
4.8727	-0.99163	0.015817
4.8727	-0.96653	0.056108
4.8727	-0.94142	0.11858
4.8727	-0.91632	0.18876
4.8727	-0.89121	0.2441
4.8727	-0.86611	0.26638
4.8727	-0.841	0.24699
4.8727	-0.8159	0.19489
4.8727	-0.79079	0.12799
4.8727	-0.76569	0.06671
4.8727	-0.74059	0.024481
4.8727	-0.71548	0.0042962
4.8727	-0.66527	0.0029041
4.8727	-0.64017	0.0057746
4.8727	-0.61506	0.005765
4.8727	-0.58996	0.0036739
4.8727	-0.56485	0.0014418
4.8727	-0.48954	0.00026395
4.8727	-0.46444	0.00038536
4.8727	-0.43933	0.00028218
4.8727	-0.11297	0.00027771
4.8727	-0.087866	0.00027845
4.8727	0.012552	0.00033441
4.8727	0.037657	0.0006559
4.8727	0.062762	0.0007588
4.8727	0.087866	0.00052206
4.8727	0.16318	0.00034897
4.8727	0.18828	0.0010271
4.8727	0.21339	0.00156
4.8727	0.23849	0.0014919
4.8727	0.2636	0.0007983
4.8727	0.33891	0.0018903
4.8727	0.36402	0.0048943
4.8727	0.38912	0.0083233
4.8727	0.41423	0.011001
4.8727	0.43933	0.011891
4.8727	0.46444	0.010843
4.8727	0.48954	0.0083772
4.8727	0.51464	0.005404
4.8727	0.53975	0.0028466
4.8727	0.56485	0.001131
4.8727	0.58996	0.00028264
4.8977	-2.4728	0.0033736
4.8977	-2.4477	0.0078227
4.8977	-2.4226	0.010885
4.8977	-2.3975	0.0094102
4.8977	-2.3724	0.0035163
4.8977	-2.3222	0.012311
4.8977	-2.2971	0.053872
4.8977	-2.272	0.13105
4.8977	-2.2469	0.23488
4.8977	-2.2218	0.33958
4.8977	-2.1967	0.41281
4.8977	-2.1715	0.42837
4.8977	-2.1464	0.37873
4.8977	-2.1213	0.28109
4.8977	-2.0962	0.16738
4.8977	-2.0711	0.072647
4.8977	-2.046	0.01632
4.8977	-1.9958	0.0080502
4.8977	-1.9707	0.020846
4.8977	-1.9456	0.025271
4.8977	-1.9205	0.019222
4.8977	-1.8954	0.0087275
4.8977	-1.8703	0.0014375
4.8977	-1.8452	0.00035483
4.8977	-1.8201	0.0037017
4.8977	-1.795	0.0071285
4.8977	-1.7699	0.0075921
4.8977	-1.7448	0.0051486
4.8977	-1.7197	0.0020067
4.8977	-1.6444	0.00095089
4.8977	-1.6192	0.0013618
4.8977	-1.5941	0.0010396
4.8977	-1.569	0.00042391
4.8977	-1.4937	0.00029392
4.8977	-1.4686	0.00029843
4.8977	-1.2929	0.00042946
4.8977	-1.2678	0.0008478
4.8977	-1.2427	0.00090517
4.8977	-1.2176	0.00041854
4.8977	-1.1674	0.00087685
4.8977	-1.1423	0.0037058
4.8977	-1.1172	0.0072893
4.8977	-1.0921	0.0088479
4.8977	-1.0669	0.0062596
4.8977	-1.0418	0.0012049
4.8977	-1.0167	0.0014516
4.8977	-0.99163	0.01809
4.8977	-0.96653	0.059796
4.8977	-0.94142	0.12546
4.8977	-0.91632	0.20129
4.8977	-0.89121	0.2649
4.8977	-0.86611	0.29368
4.8977	-0.841	0.27795
4.8977	-0.8159	0.22275
4.8977	-0.79079	0.14799
4.8977	-0.76569	0.077089
4.8977	-0.74059	0.02724
4.8977	-0.71548	0.0038422
4.8977	-0.69038	0.0004247
4.8977	-0.66527	0.0058186
4.8977	-0.64017	0.010413
4.8977	-0.61506	0.010177
4.8977	-0.58996	0.0063493
4.8977	-0.56485	0.0022812
4.8977	-0.48954	0.0011142
4.8977	-0.46444	0.0015854
4.8977	-0.43933	0.0012764
4.8977	-0.41423	0.00060326
4.8977	0.037657	0.00028276
4.8977	0.062762	0.00035211
4.8977	0.16318	0.00028761
4.8977	0.18828	0.00080767
4.8977	0.21339	0.0012055
4.8977	0.23849	0.00113
4.8977	0.2636	0.00055616
4.8977	0.31381	0.00040361
4.8977	0.33891	0.0023561
4.8977	0.36402	0.0058501
4.8977	0.38912	0.0099921
4.8977	0.41423	0.013368
4.8977	0.43933	0.014822
4.8977	0.46444	0.013879
4.8977	0.48954	0.011019
4.8977	0.51464	0.0073491
4.8977	0.53975	0.0039679
4.8977	0.56485	0.0016064
4.8977	0.58996	0.00038942
4.8977	1.7448	0.00031402
4.8977	1.7699	0.00034582
4.8977	1.795	0.00032231
4.8977	1.8201	0.00025343
4.9228	-2.4728	0.0041492
4.9228	-2.4477	0.0088218
4.9228	-2.4226	0.011589
4.9228	-2.3975	0.0091345
4.9228	-2.3724	0.0027091
4.9228	-2.3473	0.00071559
4.9228	-2.3222	0.019305
4.9228	-2.2971	0.07462
4.9228	-2.272	0.17335
4.9228	-2.2469	0.30259
4.9228	-2.2218	0.43127
4.9228	-2.1967	0.51973
4.9228	-2.1715	0.5346
4.9228	-2.1464	0.46936
4.9228	-2.1213	0.34312
4.9228	-2.0962	0.19992
4.9228	-2.0711	0.082183
4.9228	-2.046	0.015332
4.9228	-2.0209	0.00044543
4.9228	-1.9958	0.015323
4.9228	-1.9707	0.033747
4.9228	-1.9456	0.038603
4.9228	-1.9205	0.02801
4.9228	-1.8954	0.011706
4.9228	-1.8703	0.0013965
4.9228	-1.8452	0.0012106
4.9228	-1.8201	0.0080551
4.9228	-1.795	0.013986
4.9228	-1.7699	0.014349
4.9228	-1.7448	0.0092662
4.9228	-1.7197	0.0032271
4.9228	-1.6695	0.00098071
4.9228	-1.6444	0.0034857
4.9228	-1.6192	0.0048032
4.9228	-1.5941	0.0038329
4.9228	-1.569	0.0017143
4.9228	-1.5439	0.00025484
4.9228	-1.5188	0.0003829
4.9228	-1.4937	0.0014336
4.9228	-1.4686	0.0021801
4.9228	-1.4435	0.0019299
4.9228	-1.4184	0.00099461
4.9228	-1.318	0.00029574
4.9228	-1.1423	0.00097446
4.9228	-1.1172	0.002279
4.9228	-1.0921	0.0031322
4.9228	-1.0669	0.0022899
4.9228	-1.0418	0.00033448
4.9228	-1.0167	0.001638
4.9228	-0.99163	0.013934
4.9228	-0.96653	0.045445
4.9228	-0.94142	0.096355
4.9228	-0.91632	0.15889
4.9228	-0.89121	0.21547
4.9228	-0.86611	0.24639
4.9228	-0.841	0.23895
4.9228	-0.8159	0.19617
4.9228	-0.79079	0.13172
4.9228	-0.76569	0.068354
4.9228	-0.74059	0.023
4.9228	-0.71548	0.0023228
4.9228	-0.69038	0.0012517
4.9228	-0.66527	0.0084444
4.9228	-0.64017	0.013734
4.9228	-0.61506	0.013036
4.9228	-0.58996	0.007867
4.9228	-0.56485	0.0025262
4.9228	-0.51464	0.00068133
4.9228	-0.48954	0.0023958
4.9228	-0.46444	0.0032033
4.9228	-0.43933	0.0025614
4.9228	-0.41423	0.0011791
4.9228	-0.33891	0.00049707
4.9228	-0.31381	0.00086931
4.9228	-0.2887	0.00081566
4.9228	-0.2636	0.00045953
4.9228	0.18828	0.00037053
4.9228	0.21339	0.00058953
4.9228	0.23849	0.00056553
4.9228	0.2636	0.00026333
4.9228	0.31381	0.00043002
4.9228	0.33891	0.0021093
4.9228	0.36402	0.0051265
4.9228	0.38912	0.0088788
4.9228	0.41423	0.012137
4.9228	0.43933	0.013795
4.9228	0.46444	0.013256
4.9228	0.48954	0.010783
4.9228	0.51464	0.0073072
4.9228	0.53975	0.0039944
4.9228	0.56485	0.0015995
4.9228	0.58996	0.00035419
4.9228	1.7197	0.00026161
4.9228	1.7448	0.00035012
4.9228	1.7699	0.00039297
4.9228	1.795	0.00037395
4.9228	1.8201	0.00030073
4.9478	-2.4728	0.00459
4.9478	-2.4477	0.009017
4.9478	-2.4226	0.011069
4.9478	-2.3975	0.0079685
4.9478	-2.3724	0.001579
4.9478	-2.3473	0.0021605
4.9478	-2.3222	0.026637
4.9478	-2.2971	0.092699
4.9478	-2.272	0.2056
4.9478	-2.2469	0.35178
4.9478	-2.2218	0.49457
4.9478	-2.1967	0.5897
4.9478	-2.1715	0.60067
4.9478	-2.1464	0.52051
4.9478	-2.1213	0.37479
4.9478	-2.0962	0.21151
4.9478	-2.0711	0.08171
4.9478	-2.046	0.012224
4.9478	-2.0209	0.0019129
4.9478	-1.9958	0.024293
4.9478	-1.9707	0.047332
4.9478	-1.9456	0.050748
4.9478	-1.9205	0.034772
4.9478	-1.8954	0.013075
4.9478	-1.8703	0.00080175
4.9478	-1.8452	0.0031471
4.9478	-1.8201	0.013991
4.9478	-1.795	0.022568
4.9478	-1.7699	0.021917
4.9478	-1.7448	0.013257
4.9478	-1.7197	0.003859
4.9478	-1.6695	0.0028137
4.9478	-1.6444	0.008076
4.9478	-1.6192	0.010485
4.9478	-1.5941	0.0081242
4.9478	-1.569	0.0034575
4.9478	-1.5439	0.00046348
4.9478	-1.5188	0.0010376
4.9478	-1.4937	0.0041343
4.9478	-1.4686	0.0065419
4.9478	-1.4435	0.0061703
4.9478	-1.4184	0.0035571
4.9478	-1.3933	0.00082255
4.9478	-1.3431	0.0011549
4.9478	-1.318	0.0027037
4.9478	-1.2929	0.0031232
4.9478	-1.2678	0.0021858
4.9478	-1.2427	0.00081455
4.9478	-1.1674	0.00031352
4.9478	-1.1423	0.0002614
4.9478	-1.0167	0.0005016
4.9478	-0.99163	0.0048264
4.9478	-0.96653	0.017806
4.9478	-0.94142	0.042094
4.9478	-0.91632	0.077195
4.9478	-0.89121	0.11437
4.9478	-0.86611	0.14028
4.9478	-0.841	0.1445
4.9478	-0.8159	0.12427
4.9478	-0.79079	0.086361
4.9478	-0.76569	0.045245
4.9478	-0.74059	0.014444
4.9478	-0.71548	0.00095485
4.9478	-0.69038	0.0019646
4.9478	-0.66527	0.0091184
4.9478	-0.64017	0.013865
4.9478	-0.61506	0.012813
4.9478	-0.58996	0.0073691
4.9478	-0.56485	0.0020803
4.9478	-0.51464	0.0012544
4.9478	-0.48954	0.003552
4.9478	-0.46444	0.0045054
4.9478	-0.43933	0.0034619
4.9478	-0.41423	0.0014813
4.9478	-0.33891	0.0011377
4.9478	-0.31381	0.0019027
4.9478	-0.2887	0.0018173
4.9478	-0.2636	0.0010607
4.9478	-0.23849	0.0002736
4.9478	-0.18828	0.00025305
4.9478	-0.16318	0.00062109
4.9478	-0.13808	0.00072026
4.9478	-0.11297	0.00050629
4.9478	0.33891	0.0011562
4.9478	0.36402	0.0029151
4.9478	0.38912	0.0053254
4.9478	0.41423	0.0076875
4.9478	0.43933	0.0091492
4.9478	0.46444	0.0091849
4.9478	0.48954	0.0077331
4.9478	0.51464	0.0053904
4.9478	0.53975	0.0029908
4.9478	0.56485	0.0011802
4.9478	0.66527	0.00025783
4.9478	0.69038	0.0002708
4.9478	1.7448	0.00029757
4.9478	1.7699	0.00034238
4.9478	1.795	0.00033246
4.9478	1.8201	0.00027253
4.9729	-2.4728	0.0045323
4.9729	-2.4477	0.0082901
4.9729	-2.4226	0.0095376
4.9729	-2.3975	0.0060879
4.9729	-2.3724	0.00070947
4.9729	-2.3473	0.0037497
4.9729	-2.3222	0.032812
4.9729	-2.2971	0.10416
4.9729	-2.272	0.22235
4.9729	-2.2469	0.37209
4.9729	-2.2218	0.51582
4.9729	-2.1967	0.6079
4.9729	-2.1715	0.61283
4.9729	-2.1464	0.52319
4.9729	-2.1213	0.36971
4.9729	-2.0962	0.20141
4.9729	-2.0711	0.071575
4.9729	-2.046	0.008035
4.9729	-2.0209	0.0048897
4.9729	-1.9958	0.033905
4.9729	-1.9707	0.058548
4.9729	-1.9456	0.059297
4.9729	-1.9205	0.038065
4.9729	-1.8954	0.01246
4.9729	-1.8703	0.00029386
4.9729	-1.8452	0.0060876
4.9729	-1.8201	0.021217
4.9729	-1.795	0.031456
4.9729	-1.7699	0.028764
4.9729	-1.7448	0.016033
4.9729	-1.7197	0.003733
4.9729	-1.6695	0.0060399
4.9729	-1.6444	0.014583
4.9729	-1.6192	0.017736
4.9729	-1.5941	0.013163
4.9729	-1.569	0.0051376
4.9729	-1.5439	0.00047842
4.9729	-1.5188	0.0024792
4.9729	-1.4937	0.0088319
4.9729	-1.4686	0.013635
4.9729	-1.4435	0.01272
4.9729	-1.4184	0.0070235
4.9729	-1.3933	0.0014463
4.9729	-1.3682	0.00029307
4.9729	-1.3431	0.0038442
4.9729	-1.318	0.0088178
4.9729	-1.2929	0.010687
4.9729	-1.2678	0.0081137
4.9729	-1.2427	0.0032963
4.9729	-1.1925	0.00077165
4.9729	-1.1674	0.0036513
4.9729	-1.1423	0.0058534
4.9729	-1.1172	0.0055135
4.9729	-1.0921	0.0031763
4.9729	-1.0669	0.00079304
4.9729	-1.0167	0.00035538
4.9729	-0.99163	0.00048468
4.9729	-0.94142	0.0011002
4.9729	-0.91632	0.0070826
4.9729	-0.89121	0.018399
4.9729	-0.86611	0.031824
4.9729	-0.841	0.041864
4.9729	-0.8159	0.042476
4.9729	-0.79079	0.033347
4.9729	-0.76569	0.018909
4.9729	-0.74059	0.0058779
4.9729	-0.71548	0.00026696
4.9729	-0.69038	0.0018815
4.9729	-0.66527	0.0069343
4.9729	-0.64017	0.010285
4.9729	-0.61506	0.0093231
4.9729	-0.58996	0.0052043
4.9729	-0.56485	0.0012517
4.9729	-0.51464	0.0016214
4.9729	-0.48954	0.0039128
4.9729	-0.46444	0.0047388
4.9729	-0.43933	0.003463
4.9729	-0.41423	0.001329
4.9729	-0.36402	0.00045822
4.9729	-0.33891	0.0018574
4.9729	-0.31381	0.0029017
4.9729	-0.2887	0.0027228
4.9729	-0.2636	0.0015491
4.9729	-0.23849	0.00037192
4.9729	-0.18828	0.00054028
4.9729	-0.16318	0.0012734
4.9729	-0.13808	0.0015212
4.9729	-0.11297	0.001116
4.9729	-0.087866	0.00043921
4.9729	-0.012552	0.00045053
4.9729	0.012552	0.00068966
4.9729	0.037657	0.00062285
4.9729	0.062762	0.00033876
4.9729	0.36402	0.00055311
4.9729	0.38912	0.0014051
4.9729	0.41423	0.002424
4.9729	0.43933	0.0033682
4.9729	0.46444	0.0038101
4.9729	0.48954	0.0035124
4.9729	0.51464	0.0026181
4.9729	0.53975	0.0015298
4.9729	0.56485	0.00060843
4.9979	-2.4728	0.0039685
4.9979	-2.4477	0.0068088
4.9979	-2.4226	0.0073382
4.9979	-2.3975	0.0040977
4.9979	-2.3473	0.0055372
4.9979	-2.3222	0.03599
4.9979	-2.2971	0.10566
4.9979	-2.272	0.21795
4.9979	-2.2469	0.35824
4.9979	-2.2218	0.48962
4.9979	-2.1967	0.57017
4.9979	-2.1715	0.56876
4.9979	-2.1464	0.47885
4.9979	-2.1213	0.33071
4.9979	-2.0962	0.17274
4.9979	-2.0711	0.055416
4.9979	-2.046	0.0032249
4.9979	-2.0209	0.0091039
4.9979	-1.9958	0.041328
4.9979	-1.9707	0.064933
4.9979	-1.9456	0.061784
4.9979	-1.9205	0.036929
4.9979	-1.8954	0.010259
4.9979	-1.8452	0.0098823
4.9979	-1.8201	0.028092
4.9979	-1.795	0.038664
4.9979	-1.7699	0.03327
4.9979	-1.7448	0.01691
4.9979	-1.7197	0.0028538
4.9979	-1.6946	0.00094789
4.9979	-1.6695	0.010535
4.9979	-1.6444	0.022117
4.9979	-1.6192	0.025115
4.9979	-1.5941	0.017666
4.9979	-1.569	0.0060551
4.9979	-1.5439	0.00043264
4.9979	-1.5188	0.0049751
4.9979	-1.4937	0.015514
4.9979	-1.4686	0.022681
4.9979	-1.4435	0.020502
4.9979	-1.4184	0.010679
4.9979	-1.3933	0.0016766
4.9979	-1.3682	0.0010227
4.9979	-1.3431	0.0093342
4.9979	-1.318	0.019477
4.9979	-1.2929	0.023101
4.9979	-1.2678	0.017177
4.9979	-1.2427	0.0066406
4.9979	-1.1925	0.0031542
4.9979	-1.1674	0.012981
4.9979	-1.1423	0.02192
4.9979	-1.1172	0.022346
4.9979	-1.0921	0.013846
4.9979	-1.0669	0.0036366
4.9979	-1.0167	0.0075138
4.9979	-0.99163	0.021767
4.9979	-0.96653	0.03531
4.9979	-0.94142	0.037719
4.9979	-0.91632	0.030927
4.9979	-0.89121	0.018038
4.9979	-0.86611	0.0069442
4.9979	-0.841	0.0004529
4.9979	-0.8159	0.00033242
4.9979	-0.79079	0.0015356
4.9979	-0.76569	0.0019219
4.9979	-0.74059	0.00090763
4.9979	-0.69038	0.00073646
4.9979	-0.66527	0.0028321
4.9979	-0.64017	0.0044873
4.9979	-0.61506	0.0043026
4.9979	-0.58996	0.0024161
4.9979	-0.56485	0.00048384
4.9979	-0.51464	0.0013906
4.9979	-0.48954	0.0030958
4.9979	-0.46444	0.0036223
4.9979	-0.43933	0.0025475
4.9979	-0.41423	0.00083863
4.9979	-0.36402	0.00070761
4.9979	-0.33891	0.0022902
4.9979	-0.31381	0.0033663
4.9979	-0.2887	0.0030763
4.9979	-0.2636	0.0016766
4.9979	-0.23849	0.00034631
4.9979	-0.18828	0.00086027
4.9979	-0.16318	0.0019001
4.9979	-0.13808	0.002233
4.9979	-0.11297	0.0016241
4.9979	-0.087866	0.0006091
4.9979	-0.012552	0.00098426
4.9979	0.012552	0.0015283
4.9979	0.037657	0.0014268
4.9979	0.062762	0.00079905
4.9979	0.13808	0.00032099
4.9979	0.16318	0.00075387
4.9979	0.18828	0.00092343
4.9979	0.21339	0.00069957
4.9979	0.23849	0.00029264
4.9979	0.33891	0.00034254
4.9979	0.36402	0.00029118
4.9979	0.46444	0.00029648
4.9979	0.48954	0.00046412
4.9979	0.51464	0.00049539
4.9979	0.53975	0.00035956
5.023	-2.4728	0.0030651
5.023	-2.4477	0.0049443
5.023	-2.4226	0.004956
5.023	-2.3975	0.0023372
5.023	-2.3473	0.0064217
5.023	-2.3222	0.034702
5.023	-2.2971	0.096404
5.023	-2.272	0.19335
5.023	-2.2469	0.3123
5.023	-2.2218	0.42177
5.023	-2.1967	0.48639
5.023	-2.1715	0.47959
5.023	-2.1464	0.39811
5.023	-2.1213	0.26865
5.023	-2.0962	0.13384
5.023	-2.0711	0.038102
5.023	-2.046	0.00071251
5.023	-2.0209	0.013006
5.023	-1.9958	0.045059
5.023	-1.9707	0.065142
5.023	-1.9456	0.058233
5.023	-1.9205	0.032134
5.023	-1.8954	0.0071472
5.023	-1.8703	0.00060755
5.023	-1.8452	0.013713
5.023	-1.8201	0.033235
5.023	-1.795	0.042616
5.023	-1.7699	0.034361
5.023	-1.7448	0.015769
5.023	-1.7197	0.0017208
5.023	-1.6946	0.0024594
5.023	-1.6695	0.015667
5.023	-1.6444	0.02923
5.023	-1.6192	0.031367
5.023	-1.5941	0.020425
5.023	-1.569	0.0060574
5.023	-1.5439	0.0005418
5.023	-1.5188	0.0085729
5.023	-1.4937	0.023428
5.023	-1.4686	0.032393
5.023	-1.4435	0.02773
5.023	-1.4184	0.013214
5.023	-1.3933	0.0012514
5.023	-1.3682	0.0028989
5.023	-1.3431	0.017625
5.023	-1.318	0.034089
5.023	-1.2929	0.038913
5.023	-1.2678	0.02759
5.023	-1.2427	0.0093652
5.023	-1.1925	0.0091424
5.023	-1.1674	0.031434
5.023	-1.1423	0.050725
5.023	-1.1172	0.050866
5.023	-1.0921	0.030429
5.023	-1.0669	0.0063656
5.023	-1.0418	0.0021348
5.023	-1.0167	0.03362
5.023	-0.99163	0.098023
5.023	-0.96653	0.17323
5.023	-0.94142	0.22299
5.023	-0.91632	0.23532
5.023	-0.89121	0.20473
5.023	-0.86611	0.14772
5.023	-0.841	0.087876
5.023	-0.8159	0.041451
5.023	-0.79079	0.013732
5.023	-0.76569	0.0027907
5.023	-0.64017	0.00027798
5.023	-0.61506	0.00054035
5.023	-0.58996	0.0004454
5.023	-0.51464	0.00061376
5.023	-0.48954	0.0014033
5.023	-0.46444	0.0016979
5.023	-0.43933	0.0011585
5.023	-0.41423	0.00030762
5.023	-0.36402	0.00078377
5.023	-0.33891	0.0021182
5.023	-0.31381	0.0029765
5.023	-0.2887	0.0026519
5.023	-0.2636	0.001391
5.023	-0.18828	0.0010417
5.023	-0.16318	0.0021761
5.023	-0.13808	0.0025153
5.023	-0.11297	0.0017689
5.023	-0.087866	0.00060427
5.023	-0.037657	0.00046236
5.023	-0.012552	0.0015525
5.023	0.012552	0.0023421
5.023	0.037657	0.0021645
5.023	0.062762	0.0011828
5.023	0.13808	0.00080093
5.023	0.16318	0.0017925
5.023	0.18828	0.0022266
5.023	0.21339	0.0017459
5.023	0.23849	0.00074282
5.023	0.2887	0.00027888
5.023	0.31381	0.0014494
5.023	0.33891	0.0029508
5.023	0.36402	0.0040204
5.023	0.38912	0.0041519
5.023	0.41423	0.0033978
5.023	0.43933	0.0022379
5.023	0.46444	0.0011683
5.023	0.48954	0.00044618
5.048	-2.4728	0.0020161
5.048	-2.4477	0.0030709
5.048	-2.4226	0.002878
5.048	-2.3975	0.0010906
5.048	-2.3473	0.0063978
5.048	-2.3222	0.029677
5.048	-2.2971	0.077937
5.048	-2.272	0.15297
5.048	-2.2469	0.24395
5.048	-2.2218	0.32684
5.048	-2.1967	0.37452
5.048	-2.1715	0.36535
5.048	-2.1464	0.29901
5.048	-2.1213	0.19637
5.048	-2.0962	0.093397
5.048	-2.0711	0.022856
5.048	-2.0209	0.015753
5.048	-1.9958	0.043999
5.048	-1.9707	0.058653
5.048	-1.9456	0.049491
5.048	-1.9205	0.024864
5.048	-1.8954	0.0041223
5.048	-1.8703	0.0015344
5.048	-1.8452	0.01662
5.048	-1.8201	0.035448
5.048	-1.795	0.042292
5.048	-1.7699	0.03188
5.048	-1.7448	0.012882
5.048	-1.7197	0.00058843
5.048	-1.6946	0.0045749
5.048	-1.6695	0.020263
5.048	-1.6444	0.034327
5.048	-1.6192	0.034575
5.048	-1.5941	0.020844
5.048	-1.569	0.0050856
5.048	-1.5439	0.00096789
5.048	-1.5188	0.012873
5.048	-1.4937	0.031287
5.048	-1.4686	0.04066
5.048	-1.4435	0.032722
5.048	-1.4184	0.014006
5.048	-1.3933	0.00067621
5.048	-1.3682	0.0063441
5.048	-1.3431	0.028522
5.048	-1.318	0.050922
5.048	-1.2929	0.055085
5.048	-1.2678	0.036582
5.048	-1.2427	0.010226
5.048	-1.1925	0.019994
5.048	-1.1674	0.059378
5.048	-1.1423	0.090515
5.048	-1.1172	0.087104
5.048	-1.0921	0.049029
5.048	-1.0669	0.007018
5.048	-1.0418	0.010504
5.048	-1.0167	0.095537
5.048	-0.99163	0.25741
5.048	-0.96653	0.45217
5.048	-0.94142	0.61212
5.048	-0.91632	0.68022
5.048	-0.89121	0.63749
5.048	-0.86611	0.50583
5.048	-0.841	0.33698
5.048	-0.8159	0.18457
5.048	-0.79079	0.077163
5.048	-0.76569	0.020992
5.048	-0.74059	0.0018981
5.048	-0.71548	0.00053488
5.048	-0.69038	0.0029601
5.048	-0.66527	0.0034478
5.048	-0.64017	0.0021187
5.048	-0.61506	0.00072288
5.048	-0.36402	0.00054841
5.048	-0.33891	0.0013027
5.048	-0.31381	0.0018119
5.048	-0.2887	0.0016287
5.048	-0.2636	0.0008404
5.048	-0.18828	0.0009292
5.048	-0.16318	0.0018796
5.048	-0.13808	0.0021349
5.048	-0.11297	0.0014718
5.048	-0.087866	0.00044337
5.048	-0.037657	0.00062955
5.048	-0.012552	0.0018776
5.048	0.012552	0.0027421
5.048	0.037657	0.0024644
5.048	0.062762	0.0012813
5.048	0.13808	0.0013931
5.048	0.16318	0.0029327
5.048	0.18828	0.0035845
5.048	0.21339	0.0027481
5.048	0.23849	0.0010775
5.048	0.2887	0.0008995
5.048	0.31381	0.0040048
5.048	0.33891	0.0083146
5.048	0.36402	0.012071
5.048	0.38912	0.013799
5.048	0.41423	0.013042
5.048	0.43933	0.010331
5.048	0.46444	0.0069075
5.048	0.48954	0.003772
5.048	0.51464	0.0016506
5.048	0.53975	0.00052246
5.0731	-2.4728	0.0010584
5.0731	-2.4477	0.0015658
5.0731	-2.4226	0.0013598
5.0731	-2.3975	0.0003793
5.0731	-2.3724	0.00029572
5.0731	-2.3473	0.0052231
5.0731	-2.3222	0.021555
5.0731	-2.2971	0.054845
5.0731	-2.272	0.10609
5.0731	-2.2469	0.16733
5.0731	-2.2218	0.22393
5.0731	-2.1967	0.25539
5.0731	-2.1715	0.24776
5.0731	-2.1464	0.20027
5.0731	-2.1213	0.12877
5.0731	-2.0962	0.057586
5.0731	-2.0711	0.011654
5.0731	-2.046	0.00031413
5.0731	-2.0209	0.015963
5.0731	-1.9958	0.038175
5.0731	-1.9707	0.04766
5.0731	-1.9456	0.037761
5.0731	-1.9205	0.017335
5.0731	-1.8954	0.0018484
5.0731	-1.8703	0.0027072
5.0731	-1.8452	0.017731
5.0731	-1.8201	0.033951
5.0731	-1.795	0.038007
5.0731	-1.7699	0.026639
5.0731	-1.7448	0.0091453
5.0731	-1.6946	0.0066583
5.0731	-1.6695	0.02337
5.0731	-1.6444	0.036274
5.0731	-1.6192	0.034304
5.0731	-1.5941	0.018979
5.0731	-1.569	0.0036332
5.0731	-1.5439	0.0019122
5.0731	-1.5188	0.017061
5.0731	-1.4937	0.037298
5.0731	-1.4686	0.045464
5.0731	-1.4435	0.034263
5.0731	-1.4184	0.01275
5.0731	-1.3933	0.00029453
5.0731	-1.3682	0.010911
5.0731	-1.3431	0.040269
5.0731	-1.318	0.066569
5.0731	-1.2929	0.068265
5.0731	-1.2678	0.041729
5.0731	-1.2427	0.009089
5.0731	-1.2176	0.0020903
5.0731	-1.1925	0.03606
5.0731	-1.1674	0.094533
5.0731	-1.1423	0.13578
5.0731	-1.1172	0.12355
5.0731	-1.0921	0.062543
5.0731	-1.0669	0.0044265
5.0731	-1.0418	0.029728
5.0731	-1.0167	0.20019
5.0731	-0.99163	0.51323
5.0731	-0.96653	0.88951
5.0731	-0.94142	1.2089
5.0731	-0.91632	1.364
5.0731	-0.89121	1.306
5.0731	-0.86611	1.0651
5.0731	-0.841	0.73048
5.0731	-0.8159	0.41653
5.0731	-0.79079	0.17917
5.0731	-0.76569	0.047779
5.0731	-0.74059	0.0032093
5.0731	-0.71548	0.0031142
5.0731	-0.69038	0.013915
5.0731	-0.66527	0.017673
5.0731	-0.64017	0.013249
5.0731	-0.61506	0.0060407
5.0731	-0.58996	0.0012498
5.0731	-0.53975	0.00051425
5.0731	-0.51464	0.00099688
5.0731	-0.48954	0.0008979
5.0731	-0.46444	0.00049463
5.0731	-0.33891	0.00031272
5.0731	-0.31381	0.00050936
5.0731	-0.2887	0.00053678
5.0731	-0.2636	0.00032181
5.0731	-0.18828	0.00050937
5.0731	-0.16318	0.0010771
5.0731	-0.13808	0.0012694
5.0731	-0.11297	0.00087669
5.0731	-0.037657	0.00062089
5.0731	-0.012552	0.001702
5.0731	0.012552	0.0024304
5.0731	0.037657	0.0021406
5.0731	0.062762	0.0010376
5.0731	0.11297	0.00031553
5.0731	0.13808	0.001818
5.0731	0.16318	0.0036293
5.0731	0.18828	0.0043061
5.0731	0.21339	0.0031873
5.0731	0.23849	0.0010909
5.0731	0.2887	0.001918
5.0731	0.31381	0.007424
5.0731	0.33891	0.015033
5.0731	0.36402	0.02225
5.0731	0.38912	0.026412
5.0731	0.41423	0.026019
5.0731	0.43933	0.021747
5.0731	0.46444	0.015403
5.0731	0.48954	0.0090893
5.0731	0.51464	0.0043175
5.0731	0.53975	0.0014786
5.0731	0.56485	0.0002799
5.0981	-2.4728	0.00038382
5.0981	-2.4477	0.00056553
5.0981	-2.4226	0.0004623
5.0981	-2.3724	0.00027257
5.0981	-2.3473	0.0033007
5.0981	-2.3222	0.012593
5.0981	-2.2971	0.031686
5.0981	-2.272	0.061224
5.0981	-2.2469	0.097471
5.0981	-2.2218	0.13075
5.0981	-2.1967	0.14985
5.0981	-2.1715	0.14515
5.0981	-2.1464	0.11645
5.0981	-2.1213	0.073166
5.0981	-2.0962	0.030735
5.0981	-2.0711	0.0045503
5.0981	-2.046	0.0010396
5.0981	-2.0209	0.013898
5.0981	-1.9958	0.029239
5.0981	-1.9707	0.034343
5.0981	-1.9456	0.025619
5.0981	-1.9205	0.010358
5.0981	-1.8954	0.00047521
5.0981	-1.8703	0.0034884
5.0981	-1.8452	0.016795
5.0981	-1.8201	0.029261
5.0981	-1.795	0.030733
5.0981	-1.7699	0.019909
5.0981	-1.7448	0.0056194
5.0981	-1.6946	0.0082778
5.0981	-1.6695	0.024052
5.0981	-1.6444	0.034541
5.0981	-1.6192	0.030674
5.0981	-1.5941	0.015425
5.0981	-1.569	0.0020448
5.0981	-1.5439	0.0032932
5.0981	-1.5188	0.020144
5.0981	-1.4937	0.039945
5.0981	-1.4686	0.045761
5.0981	-1.4435	0.032088
5.0981	-1.4184	0.01009
5.0981	-1.3682	0.016398
5.0981	-1.3431	0.050567
5.0981	-1.318	0.077909
5.0981	-1.2929	0.074742
5.0981	-1.2678	0.041752
5.0981	-1.2427	0.0061958
5.0981	-1.2176	0.0064059
5.0981	-1.1925	0.056132
5.0981	-1.1674	0.13107
5.0981	-1.1423	0.17754
5.0981	-1.1172	0.15182
5.0981	-1.0921	0.066948
5.0981	-1.0669	0.00092681
5.0981	-1.0418	0.06838
5.0981	-1.0167	0.3594
5.0981	-0.99163	0.8603
5.0981	-0.96653	1.4542
5.0981	-0.94142	1.9647
5.0981	-0.91632	2.218
5.0981	-0.89121	2.1327
5.0981	-0.86611	1.7519
5.0981	-0.841	1.2152
5.0981	-0.8159	0.68385
5.0981	-0.79079	0.28941
5.0981	-0.76569	0.073688
5.0981	-0.74059	0.0025601
5.0981	-0.71548	0.011618
5.0981	-0.69038	0.036354
5.0981	-0.66527	0.04505
5.0981	-0.64017	0.033851
5.0981	-0.61506	0.015683
5.0981	-0.58996	0.0031927
5.0981	-0.53975	0.0026356
5.0981	-0.51464	0.0054084
5.0981	-0.48954	0.0056012
5.0981	-0.46444	0.0036697
5.0981	-0.43933	0.0015297
5.0981	-0.41423	0.00030752
5.0981	-0.13808	0.00035422
5.0981	-0.11297	0.0002824
5.0981	-0.037657	0.00037418
5.0981	-0.012552	0.0010297
5.0981	0.012552	0.0014859
5.0981	0.037657	0.0013235
5.0981	0.062762	0.00059607
5.0981	0.11297	0.00038909
5.0981	0.13808	0.0017916
5.0981	0.16318	0.0034191
5.0981	0.18828	0.0039733
5.0981	0.21339	0.0027981
5.0981	0.23849	0.00078447
5.0981	0.2887	0.0029958
5.0981	0.31381	0.010321
5.0981	0.33891	0.020577
5.0981	0.36402	0.030521
5.0981	0.38912	0.036732
5.0981	0.41423	0.037018
5.0981	0.43933	0.031671
5.0981	0.46444	0.023061
5.0981	0.48954	0.013958
5.0981	0.51464	0.0067342
5.0981	0.53975	0.0022891
5.0981	0.56485	0.0003919
5.0981	0.64017	0.00031313
5.0981	0.66527	0.00028985
5.0981	1.6946	0.00031228
5.0981	1.7197	0.0003718
5.0981	1.7448	0.00037136
5.0981	1.7699	0.00031232
5.1232	-2.3473	0.0013811
5.1232	-2.3222	0.005251
5.1232	-2.2971	0.013415
5.1232	-2.272	0.026701
5.1232	-2.2469	0.043933
5.1232	-2.2218	0.060515
5.1232	-2.1967	0.070848
5.1232	-2.1715	0.069681
5.1232	-2.1464	0.056008
5.1232	-2.1213	0.034735
5.1232	-2.0962	0.013633
5.1232	-2.0711	0.0014298
5.1232	-2.046	0.001448
5.1232	-2.0209	0.010178
5.1232	-1.9958	0.019333
5.1232	-1.9707	0.021511
5.1232	-1.9456	0.015093
5.1232	-1.9205	0.0052934
5.1232	-1.8703	0.0037894
5.1232	-1.8452	0.01385
5.1232	-1.8201	0.022201
5.1232	-1.795	0.022025
5.1232	-1.7699	0.01316
5.1232	-1.7448	0.002947
5.1232	-1.7197	0.00042852
5.1232	-1.6946	0.0088419
5.1232	-1.6695	0.022137
5.1232	-1.6444	0.029593
5.1232	-1.6192	0.024678
5.1232	-1.5941	0.011101
5.1232	-1.569	0.00089336
5.1232	-1.5439	0.0045325
5.1232	-1.5188	0.021241
5.1232	-1.4937	0.038642
5.1232	-1.4686	0.041679
5.1232	-1.4435	0.026934
5.1232	-1.4184	0.0067512
5.1232	-1.3933	0.0011701
5.1232	-1.3682	0.021229
5.1232	-1.3431	0.05708
5.1232	-1.318	0.081858
5.1232	-1.2929	0.074032
5.1232	-1.2678	0.036813
5.1232	-1.2427	0.0032496
5.1232	-1.2176	0.012408
5.1232	-1.1925	0.076713
5.1232	-1.1674	0.1624
5.1232	-1.1423	0.20646
5.1232	-1.1172	0.16485
5.1232	-1.0921	0.060644
5.1232	-1.0669	0.00035599
5.1232	-1.0418	0.13005
5.1232	-1.0167	0.5543
5.1232	-0.99163	1.257
5.1232	-0.96653	2.0762
5.1232	-0.94142	2.7696
5.1232	-0.91632	3.1073
5.1232	-0.89121	2.9748
5.1232	-0.86611	2.4391
5.1232	-0.841	1.6787
5.1232	-0.8159	0.93453
5.1232	-0.79079	0.38379
5.1232	-0.76569	0.086037
5.1232	-0.74059	0.00067805
5.1232	-0.71548	0.027761
5.1232	-0.69038	0.071666
5.1232	-0.66527	0.083443
5.1232	-0.64017	0.060726
5.1232	-0.61506	0.026712
5.1232	-0.58996	0.0044379
5.1232	-0.56485	0.00066804
5.1232	-0.53975	0.0077979
5.1232	-0.51464	0.014576
5.1232	-0.48954	0.014922
5.1232	-0.46444	0.0097379
5.1232	-0.43933	0.0037151
5.1232	-0.41423	0.00044315
5.1232	-0.36402	0.0012347
5.1232	-0.33891	0.0017126
5.1232	-0.31381	0.0012576
5.1232	-0.2887	0.00050992
5.1232	0.012552	0.00042535
5.1232	0.037657	0.00043723
5.1232	0.11297	0.00027734
5.1232	0.13808	0.0011749
5.1232	0.16318	0.0022481
5.1232	0.18828	0.0025996
5.1232	0.21339	0.0017792
5.1232	0.23849	0.0003867
5.1232	0.2887	0.003439
5.1232	0.31381	0.010955
5.1232	0.33891	0.02158
5.1232	0.36402	0.032263
5.1232	0.38912	0.039407
5.1232	0.41423	0.04036
5.1232	0.43933	0.035246
5.1232	0.46444	0.026044
5.1232	0.48954	0.01595
5.1232	0.51464	0.0076814
5.1232	0.53975	0.0025383
5.1232	0.56485	0.00037079
5.1232	0.61506	0.00033411
5.1232	0.64017	0.00056366
5.1232	0.66527	0.00050543
5.1232	0.69038	0.00028887
5.1232	1.6695	0.00026132
5.1232	1.6946	0.00038655
5.1232	1.7197	0.00047143
5.1232	1.7448	0.00048386
5.1232	1.7699	0.00041897
5.1232	1.795	0.00030416
5.1482	-2.3222	0.00091206
5.1482	-2.2971	0.0029249
5.1482	-2.272	0.0065655
5.1482	-2.2469	0.012268
5.1482	-2.2218	0.018253
5.1482	-2.1967	0.023017
5.1482	-2.1715	0.023982
5.1482	-2.1464	0.019994
5.1482	-2.1213	0.012468
5.1482	-2.0962	0.0045593
5.1482	-2.0711	0.00026196
5.1482	-2.046	0.0012568
5.1482	-2.0209	0.0059261
5.1482	-1.9958	0.010537
5.1482	-1.9707	0.011219
5.1482	-1.9456	0.007417
5.1482	-1.9205	0.0022261
5.1482	-1.8703	0.0032155
5.1482	-1.8452	0.0098937
5.1482	-1.8201	0.014794
5.1482	-1.795	0.013858
5.1482	-1.7699	0.0075314
5.1482	-1.7448	0.0011703
5.1482	-1.7197	0.00084423
5.1482	-1.6946	0.0081308
5.1482	-1.6695	0.018055
5.1482	-1.6444	0.022638
5.1482	-1.6192	0.017711
5.1482	-1.5941	0.0070337
5.1482	-1.569	0.00037806
5.1482	-1.5439	0.0051486
5.1482	-1.5188	0.019986
5.1482	-1.4937	0.033674
5.1482	-1.4686	0.034207
5.1482	-1.4435	0.020199
5.1482	-1.4184	0.0036396
5.1482	-1.3933	0.002291
5.1482	-1.3682	0.02426
5.1482	-1.3431	0.057804
5.1482	-1.318	0.077673
5.1482	-1.2929	0.065529
5.1482	-1.2678	0.028486
5.1482	-1.2427	0.00077257
5.1482	-1.2176	0.020215
5.1482	-1.1925	0.093302
5.1482	-1.1674	0.18061
5.1482	-1.1423	0.21584
5.1482	-1.1172	0.15903
5.1482	-1.0921	0.046422
5.1482	-1.0669	0.0066992
5.1482	-1.0418	0.20586
5.1482	-1.0167	0.75839
5.1482	-0.99163	1.6363
5.1482	-0.96653	2.6386
5.1482	-0.94142	3.4735
5.1482	-0.91632	3.857
5.1482	-0.89121	3.6664
5.1482	-0.86611	2.9801
5.1482	-0.841	2.0301
5.1482	-0.8159	1.1064
5.1482	-0.79079	0.43087
5.1482	-0.76569	0.084327
5.1482	-0.71548	0.052974
5.1482	-0.69038	0.1159
5.1482	-0.66527	0.1267
5.1482	-0.64017	0.087846
5.1482	-0.61506	0.035836
5.1482	-0.58996	0.0045585
5.1482	-0.56485	0.0023864
5.1482	-0.53975	0.016784
5.1482	-0.51464	0.028689
5.1482	-0.48954	0.028091
5.1482	-0.46444	0.017521
5.1482	-0.43933	0.0059731
5.1482	-0.41423	0.00030946
5.1482	-0.38912	0.0012918
5.1482	-0.36402	0.0044858
5.1482	-0.33891	0.0060605
5.1482	-0.31381	0.004701
5.1482	-0.2887	0.0020614
5.1482	-0.2636	0.00032568
5.1482	-0.23849	0.00029205
5.1482	-0.21339	0.0011865
5.1482	-0.18828	0.0017452
5.1482	-0.16318	0.0014839
5.1482	-0.13808	0.00075824
5.1482	0.13808	0.00030837
5.1482	0.16318	0.0007058
5.1482	0.18828	0.00092653
5.1482	0.21339	0.0006559
5.1482	0.2636	0.00028065
5.1482	0.2887	0.0026503
5.1482	0.31381	0.0081826
5.1482	0.33891	0.016405
5.1482	0.36402	0.025265
5.1482	0.38912	0.031706
5.1482	0.41423	0.033513
5.1482	0.43933	0.030036
5.1482	0.46444	0.022664
5.1482	0.48954	0.014035
5.1482	0.51464	0.0067308
5.1482	0.53975	0.0021458
5.1482	0.61506	0.00048378
5.1482	0.64017	0.00073891
5.1482	0.66527	0.00064052
5.1482	0.69038	0.00035255
5.1482	1.6946	0.00035857
5.1482	1.7197	0.00044766
5.1482	1.7448	0.00047001
5.1482	1.7699	0.00041667
5.1482	1.795	0.00030882
5.1733	-2.2469	0.0004313
5.1733	-2.2218	0.0013965
5.1733	-2.1967	0.0026546
5.1733	-2.1715	0.0036475
5.1733	-2.1464	0.0036518
5.1733	-2.1213	0.0025955
5.1733	-2.0962	0.00091061
5.1733	-2.046	0.00060985
5.1733	-2.0209	0.0024585
5.1733	-1.9958	0.0042215
5.1733	-1.9707	0.0044346
5.1733	-1.9456	0.0028076
5.1733	-1.9205	0.00070496
5.1733	-1.8703	0.0021725
5.1733	-1.8452	0.0058014
5.1733	-1.8201	0.0082447
5.1733	-1.795	0.0073428
5.1733	-1.7699	0.0035782
5.1733	-1.7448	0.00029864
5.1733	-1.7197	0.0010343
5.1733	-1.6946	0.0064069
5.1733	-1.6695	0.012849
5.1733	-1.6444	0.015266
5.1733	-1.6192	0.011191
5.1733	-1.5941	0.0038375
5.1733	-1.5439	0.00519
5.1733	-1.5188	0.016627
5.1733	-1.4937	0.026175
5.1733	-1.4686	0.025136
5.1733	-1.4435	0.013346
5.1733	-1.4184	0.001661
5.1733	-1.3933	0.003695
5.1733	-1.3682	0.024425
5.1733	-1.3431	0.052528
5.1733	-1.318	0.066476
5.1733	-1.2929	0.051936
5.1733	-1.2678	0.019277
5.1733	-1.2176	0.027407
5.1733	-1.1925	0.10139
5.1733	-1.1674	0.18156
5.1733	-1.1423	0.20419
5.1733	-1.1172	0.13698
5.1733	-1.0921	0.029168
5.1733	-1.0669	0.019577
5.1733	-1.0418	0.28395
5.1733	-1.0167	0.9321
5.1733	-0.99163	1.9213
5.1733	-0.96653	3.027
5.1733	-0.94142	3.9285
5.1733	-0.91632	4.317
5.1733	-0.89121	4.0667
5.1733	-0.86611	3.2701
5.1733	-0.841	2.1906
5.1733	-0.8159	1.1598
5.1733	-0.79079	0.42576
5.1733	-0.76569	0.065919
5.1733	-0.74059	0.0051384
5.1733	-0.71548	0.084679
5.1733	-0.69038	0.16136
5.1733	-0.66527	0.16596
5.1733	-0.64017	0.10857
5.1733	-0.61506	0.04013
5.1733	-0.58996	0.0031762
5.1733	-0.56485	0.0063613
5.1733	-0.53975	0.029521
5.1733	-0.51464	0.046024
5.1733	-0.48954	0.042865
5.1733	-0.46444	0.025055
5.1733	-0.43933	0.0072995
5.1733	-0.38912	0.0036353
5.1733	-0.36402	0.010497
5.1733	-0.33891	0.013192
5.1733	-0.31381	0.0099626
5.1733	-0.2887	0.0041784
5.1733	-0.2636	0.00051749
5.1733	-0.23849	0.00081088
5.1733	-0.21339	0.0033962
5.1733	-0.18828	0.0052532
5.1733	-0.16318	0.0048076
5.1733	-0.13808	0.0026465
5.1733	-0.11297	0.0006385
5.1733	-0.062762	0.00061052
5.1733	-0.037657	0.0013753
5.1733	-0.012552	0.0015357
5.1733	0.012552	0.0010488
5.1733	0.037657	0.00038015
5.1733	0.2887	0.00090996
5.1733	0.31381	0.003165
5.1733	0.33891	0.0071357
5.1733	0.36402	0.012119
5.1733	0.38912	0.016653
5.1733	0.41423	0.018895
5.1733	0.43933	0.017949
5.1733	0.46444	0.014157
5.1733	0.48954	0.0090539
5.1733	0.51464	0.0044226
5.1733	0.53975	0.001337
5.1733	0.61506	0.00052099
5.1733	0.64017	0.00073914
5.1733	0.66527	0.00061924
5.1733	0.69038	0.00032724
5.1733	1.7197	0.00030264
5.1733	1.7448	0.0003302
5.1733	1.7699	0.00030469
5.1983	-2.4728	0.00030002
5.1983	-2.3724	0.00028055
5.1983	-2.3473	0.0010127
5.1983	-2.3222	0.0020035
5.1983	-2.2971	0.0029042
5.1983	-2.272	0.0032225
5.1983	-2.2469	0.0028283
5.1983	-2.2218	0.0019014
5.1983	-2.1967	0.00095611
5.1983	-2.0209	0.00045893
5.1983	-1.9958	0.00089599
5.1983	-1.9707	0.0010156
5.1983	-1.9456	0.0006523
5.1983	-1.8703	0.0010244
5.1983	-1.8452	0.002556
5.1983	-1.8201	0.0035183
5.1983	-1.795	0.0030172
5.1983	-1.7699	0.0013154
5.1983	-1.7197	0.00089574
5.1983	-1.6946	0.0041439
5.1983	-1.6695	0.0077264
5.1983	-1.6444	0.0087727
5.1983	-1.6192	0.0060447
5.1983	-1.5941	0.0017336
5.1983	-1.5439	0.0042002
5.1983	-1.5188	0.011993
5.1983	-1.4937	0.017832
5.1983	-1.4686	0.016215
5.1983	-1.4435	0.0076562
5.1983	-1.4184	0.00045372
5.1983	-1.3933	0.0043658
5.1983	-1.3682	0.021562
5.1983	-1.3431	0.042525
5.1983	-1.318	0.05077
5.1983	-1.2929	0.03678
5.1983	-1.2678	0.011126
5.1983	-1.2427	0.00080491
5.1983	-1.2176	0.030935
5.1983	-1.1925	0.098566
5.1983	-1.1674	0.16447
5.1983	-1.1423	0.17345
5.1983	-1.1172	0.10458
5.1983	-1.0921	0.013457
5.1983	-1.0669	0.039077
5.1983	-1.0418	0.34861
5.1983	-1.0167	1.0349
5.1983	-0.99163	2.0489
5.1983	-0.96653	3.1599
5.1983	-0.94142	4.0431
5.1983	-0.91632	4.3907
5.1983	-0.89121	4.0988
5.1983	-0.86611	3.2479
5.1983	-0.841	2.1365
5.1983	-0.8159	1.0928
5.1983	-0.79079	0.37244
5.1983	-0.76569	0.04426
5.1983	-0.74059	0.014659
5.1983	-0.71548	0.11747
5.1983	-0.69038	0.19862
5.1983	-0.66527	0.1919
5.1983	-0.64017	0.11813
5.1983	-0.61506	0.038426
5.1983	-0.58996	0.0013743
5.1983	-0.56485	0.012288
5.1983	-0.53975	0.04437
5.1983	-0.51464	0.063494
5.1983	-0.48954	0.055797
5.1983	-0.46444	0.030238
5.1983	-0.43933	0.0072646
5.1983	-0.38912	0.0079779
5.1983	-0.36402	0.018771
5.1983	-0.33891	0.022219
5.1983	-0.31381	0.015962
5.1983	-0.2887	0.0061681
5.1983	-0.2636	0.00054171
5.1983	-0.23849	0.00194
5.1983	-0.21339	0.0072809
5.1983	-0.18828	0.010904
5.1983	-0.16318	0.0098567
5.1983	-0.13808	0.005307
5.1983	-0.11297	0.0011465
5.1983	-0.062762	0.0020051
5.1983	-0.037657	0.0044934
5.1983	-0.012552	0.0052417
5.1983	0.012552	0.0038293
5.1983	0.037657	0.0015435
5.1983	0.11297	0.0011378
5.1983	0.13808	0.0017877
5.1983	0.16318	0.0016024
5.1983	0.18828	0.00086722
5.1983	0.33891	0.0002711
5.1983	0.36402	0.0011762
5.1983	0.38912	0.0027862
5.1983	0.41423	0.0043019
5.1983	0.43933	0.005146
5.1983	0.46444	0.0048644
5.1983	0.48954	0.0034819
5.1983	0.51464	0.0018055
5.1983	0.53975	0.00054366
5.1983	0.61506	0.00039406
5.1983	0.64017	0.00054062
5.1983	0.66527	0.00044693
5.2234	-2.4728	0.00038101
5.2234	-2.4477	0.00027877
5.2234	-2.3724	0.00069131
5.2234	-2.3473	0.0023706
5.2234	-2.3222	0.005039
5.2234	-2.2971	0.0080094
5.2234	-2.272	0.010397
5.2234	-2.2469	0.011192
5.2234	-2.2218	0.010126
5.2234	-2.1967	0.0076239
5.2234	-2.1715	0.0045795
5.2234	-2.1464	0.0021175
5.2234	-2.1213	0.0006499
5.2234	-1.8452	0.00062578
5.2234	-1.8201	0.00090816
5.2234	-1.795	0.00079347
5.2234	-1.7699	0.00031002
5.2234	-1.7197	0.00054942
5.2234	-1.6946	0.0020474
5.2234	-1.6695	0.0036486
5.2234	-1.6444	0.0040587
5.2234	-1.6192	0.0026734
5.2234	-1.5941	0.00063203
5.2234	-1.5439	0.0027665
5.2234	-1.5188	0.0072724
5.2234	-1.4937	0.010364
5.2234	-1.4686	0.0089352
5.2234	-1.4435	0.0037162
5.2234	-1.3933	0.0040481
5.2234	-1.3682	0.016488
5.2234	-1.3431	0.030245
5.2234	-1.318	0.034128
5.2234	-1.2929	0.022737
5.2234	-1.2678	0.0052467
5.2234	-1.2427	0.0019168
5.2234	-1.2176	0.030421
5.2234	-1.1925	0.085492
5.2234	-1.1674	0.13294
5.2234	-1.1423	0.13151
5.2234	-1.1172	0.069844
5.2234	-1.0921	0.0036975
5.2234	-1.0669	0.057562
5.2234	-1.0418	0.3752
5.2234	-1.0167	1.0392
5.2234	-0.99163	1.9844
5.2234	-0.96653	3.0018
5.2234	-0.94142	3.7847
5.2234	-0.91632	4.0755
5.2234	-0.89121	3.7575
5.2234	-0.86611	2.9385
5.2234	-0.841	1.8911
5.2234	-0.8159	0.9337
5.2234	-0.79079	0.28855
5.2234	-0.76569	0.020736
5.2234	-0.74059	0.029653
5.2234	-0.71548	0.14385
5.2234	-0.69038	0.21879
5.2234	-0.66527	0.19914
5.2234	-0.64017	0.11401
5.2234	-0.61506	0.032011
5.2234	-0.56485	0.020451
5.2234	-0.53975	0.058675
5.2234	-0.51464	0.077732
5.2234	-0.48954	0.064156
5.2234	-0.46444	0.031872
5.2234	-0.43933	0.0057711
5.2234	-0.41423	0.0010302
5.2234	-0.38912	0.01378
5.2234	-0.36402	0.028407
5.2234	-0.33891	0.031372
5.2234	-0.31381	0.021234
5.2234	-0.2887	0.0073683
5.2234	-0.2636	0.00043939
5.2234	-0.23849	0.0039971
5.2234	-0.21339	0.01274
5.2234	-0.18828	0.018091
5.2234	-0.16318	0.015732
5.2234	-0.13808	0.0080234
5.2234	-0.11297	0.0013692
5.2234	-0.087866	0.00044209
5.2234	-0.062762	0.0047195
5.2234	-0.037657	0.009888
5.2234	-0.012552	0.01124
5.2234	0.012552	0.0081076
5.2234	0.037657	0.003071
5.2234	0.087866	0.0009388
5.2234	0.11297	0.0041881
5.2234	0.13808	0.0066843
5.2234	0.16318	0.0064976
5.2234	0.18828	0.0039049
5.2234	0.21339	0.0010301
5.2234	0.2636	0.0013719
5.2234	0.2887	0.0039361
5.2234	0.31381	0.005901
5.2234	0.33891	0.0059544
5.2234	0.36402	0.0044838
5.2234	0.38912	0.0024931
5.2234	0.41423	0.00077431
5.2484	-2.4728	0.00035887
5.2484	-2.3724	0.0011035
5.2484	-2.3473	0.0035017
5.2484	-2.3222	0.0074491
5.2484	-2.2971	0.012215
5.2484	-2.272	0.016485
5.2484	-2.2469	0.018743
5.2484	-2.2218	0.018117
5.2484	-2.1967	0.014732
5.2484	-2.1715	0.0098312
5.2484	-2.1464	0.0050324
5.2484	-2.1213	0.0017039
5.2484	-2.046	0.00042493
5.2484	-2.0209	0.00064556
5.2484	-1.9958	0.00054414
5.2484	-1.9707	0.00027903
5.2484	-1.6946	0.00061035
5.2484	-1.6695	0.0011371
5.2484	-1.6444	0.0012921
5.2484	-1.6192	0.00084888
5.2484	-1.5439	0.0013415
5.2484	-1.5188	0.0034245
5.2484	-1.4937	0.004768
5.2484	-1.4686	0.0039307
5.2484	-1.4435	0.0014359
5.2484	-1.3933	0.0030149
5.2484	-1.3682	0.010507
5.2484	-1.3431	0.018249
5.2484	-1.318	0.019578
5.2484	-1.2929	0.011875
5.2484	-1.2678	0.0016986
5.2484	-1.2427	0.003052
5.2484	-1.2176	0.025911
5.2484	-1.1925	0.064906
5.2484	-1.1674	0.094991
5.2484	-1.1423	0.087986
5.2484	-1.1172	0.039966
5.2484	-1.0669	0.068977
5.2484	-1.0418	0.36079
5.2484	-1.0167	0.93478
5.2484	-0.99163	1.7362
5.2484	-0.96653	2.5839
5.2484	-0.94142	3.2217
5.2484	-0.91632	3.4317
5.2484	-0.89121	3.1328
5.2484	-0.86611	2.4153
5.2484	-0.841	1.5191
5.2484	-0.8159	0.7169
5.2484	-0.79079	0.19982
5.2484	-0.76569	0.006357
5.2484	-0.74059	0.044124
5.2484	-0.71548	0.15614
5.2484	-0.69038	0.21794
5.2484	-0.66527	0.18574
5.2484	-0.64017	0.09891
5.2484	-0.61506	0.022402
5.2484	-0.58996	0.00089162
5.2484	-0.56485	0.02853
5.2484	-0.53975	0.069264
5.2484	-0.51464	0.084974
5.2484	-0.48954	0.06597
5.2484	-0.46444	0.029568
5.2484	-0.43933	0.003717
5.2484	-0.41423	0.0028072
5.2484	-0.38912	0.020487
5.2484	-0.36402	0.037452
5.2484	-0.33891	0.038569
5.2484	-0.31381	0.024477
5.2484	-0.2887	0.0073388
5.2484	-0.2636	0.00041653
5.2484	-0.23849	0.00696
5.2484	-0.21339	0.019197
5.2484	-0.18828	0.025654
5.2484	-0.16318	0.021244
5.2484	-0.13808	0.0099724
5.2484	-0.11297	0.0011845
5.2484	-0.087866	0.0013562
5.2484	-0.062762	0.0092267
5.2484	-0.037657	0.01728
5.2484	-0.012552	0.018902
5.2484	0.012552	0.012932
5.2484	0.037657	0.0044048
5.2484	0.087866	0.0028174
5.2484	0.11297	0.0099043
5.2484	0.13808	0.015417
5.2484	0.16318	0.014771
5.2484	0.18828	0.0086276
5.2484	0.21339	0.001877
5.2484	0.23849	0.00028037
5.2484	0.2636	0.00634
5.2484	0.2887	0.017762
5.2484	0.31381	0.029182
5.2484	0.33891	0.035605
5.2484	0.36402	0.034697
5.2484	0.38912	0.027912
5.2484	0.41423	0.018635
5.2484	0.43933	0.010164
5.2484	0.46444	0.0044278
5.2484	0.48954	0.00142
5.2735	-2.4728	0.00025807
5.2735	-2.3724	0.0012779
5.2735	-2.3473	0.0038591
5.2735	-2.3222	0.0081281
5.2735	-2.2971	0.013459
5.2735	-2.272	0.018491
5.2735	-2.2469	0.021531
5.2735	-2.2218	0.021357
5.2735	-2.1967	0.017849
5.2735	-2.1715	0.012201
5.2735	-2.1464	0.0063599
5.2735	-2.1213	0.0020948
5.2735	-2.046	0.0010301
5.2735	-2.0209	0.0016105
5.2735	-1.9958	0.0014705
5.2735	-1.9707	0.00084676
5.2735	-1.8452	0.00029131
5.2735	-1.5439	0.00038027
5.2735	-1.5188	0.0010142
5.2735	-1.4937	0.0014801
5.2735	-1.4686	0.0012444
5.2735	-1.4435	0.00039919
5.2735	-1.3933	0.0016375
5.2735	-1.3682	0.0051921
5.2735	-1.3431	0.0087336
5.2735	-1.318	0.0090183
5.2735	-1.2929	0.0049633
5.2735	-1.2678	0.00037714
5.2735	-1.2427	0.0030506
5.2735	-1.2176	0.018353
5.2735	-1.1925	0.041958
5.2735	-1.1674	0.058622
5.2735	-1.1423	0.050551
5.2735	-1.1172	0.019055
5.2735	-1.0921	0.0011182
5.2735	-1.0669	0.068919
5.2735	-1.0418	0.30474
5.2735	-1.0167	0.74838
5.2735	-0.99163	1.3561
5.2735	-0.96653	1.9933
5.2735	-0.94142	2.4649
5.2735	-0.91632	2.6068
5.2735	-0.89121	2.3572
5.2735	-0.86611	1.7931
5.2735	-0.841	1.1042
5.2735	-0.8159	0.49576
5.2735	-0.79079	0.12104
5.2735	-0.76569	0.0027163
5.2735	-0.74059	0.054051
5.2735	-0.71548	0.1519
5.2735	-0.69038	0.19485
5.2735	-0.66527	0.15681
5.2735	-0.64017	0.07659
5.2735	-0.61506	0.013271
5.2735	-0.58996	0.0025688
5.2735	-0.56485	0.035008
5.2735	-0.53975	0.073305
5.2735	-0.51464	0.084323
5.2735	-0.48954	0.060955
5.2735	-0.46444	0.024264
5.2735	-0.43933	0.0018575
5.2735	-0.41423	0.005554
5.2735	-0.38912	0.02661
5.2735	-0.36402	0.043784
5.2735	-0.33891	0.042349
5.2735	-0.31381	0.02494
5.2735	-0.2887	0.0062105
5.2735	-0.2636	0.00083559
5.2735	-0.23849	0.010549
5.2735	-0.21339	0.02551
5.2735	-0.18828	0.031947
5.2735	-0.16318	0.024972
5.2735	-0.13808	0.010552
5.2735	-0.11297	0.00070133
5.2735	-0.087866	0.003049
5.2735	-0.062762	0.01483
5.2735	-0.037657	0.025663
5.2735	-0.012552	0.026673
5.2735	0.012552	0.017124
5.2735	0.037657	0.0049568
5.2735	0.087866	0.006292
5.2735	0.11297	0.018775
5.2735	0.13808	0.027391
5.2735	0.16318	0.025229
5.2735	0.18828	0.013715
5.2735	0.21339	0.0021445
5.2735	0.23849	0.0016656
5.2735	0.2636	0.017926
5.2735	0.2887	0.046368
5.2735	0.31381	0.076663
5.2735	0.33891	0.096751
5.2735	0.36402	0.099623
5.2735	0.38912	0.086273
5.2735	0.41423	0.063313
5.2735	0.43933	0.039305
5.2735	0.46444	0.019422
5.2735	0.48954	0.0075798
5.2735	0.51464	0.0019561
5.2735	1.6444	0.00031764
5.2735	1.6695	0.00040149
5.2735	1.6946	0.00041635
5.2735	1.7197	0.00036124
5.2735	1.7448	0.00026054
5.2985	-2.3724	0.0011237
5.2985	-2.3473	0.0032853
5.2985	-2.3222	0.0069021
5.2985	-2.2971	0.011496
5.2985	-2.272	0.016017
5.2985	-2.2469	0.018939
5.2985	-2.2218	0.019104
5.2985	-2.1967	0.016178
5.2985	-2.1715	0.011157
5.2985	-2.1464	0.0057502
5.2985	-2.1213	0.001773
5.2985	-2.0711	0.00038224
5.2985	-2.046	0.0015159
5.2985	-2.0209	0.0022658
5.2985	-1.9958	0.0020566
5.2985	-1.9707	0.0011674
5.2985	-1.9456	0.00030062
5.2985	-1.8954	0.00028389
5.2985	-1.8703	0.0007325
5.2985	-1.8452	0.00091451
5.2985	-1.8201	0.00070843
5.2985	-1.795	0.00032462
5.2985	-1.3933	0.00050553
5.2985	-1.3682	0.0016145
5.2985	-1.3431	0.0027756
5.2985	-1.318	0.0028743
5.2985	-1.2929	0.0014422
5.2985	-1.2427	0.002086
5.2985	-1.2176	0.0099311
5.2985	-1.1925	0.021801
5.2985	-1.1674	0.029263
5.2985	-1.1423	0.023834
5.2985	-1.1172	0.0069986
5.2985	-1.0921	0.0018528
5.2985	-1.0669	0.055925
5.2985	-1.0418	0.21893
5.2985	-1.0167	0.51756
5.2985	-0.99163	0.9249
5.2985	-0.96653	1.3509
5.2985	-0.94142	1.6658
5.2985	-0.91632	1.7569
5.2985	-0.89121	1.5772
5.2985	-0.86611	1.1865
5.2985	-0.841	0.71088
5.2985	-0.8159	0.30538
5.2985	-0.79079	0.061915
5.2985	-0.76569	0.0008869
5.2985	-0.74059	0.055755
5.2985	-0.71548	0.1309
5.2985	-0.69038	0.15716
5.2985	-0.66527	0.11911
5.2985	-0.64017	0.052712
5.2985	-0.61506	0.0065135
5.2985	-0.58996	0.0051416
5.2985	-0.56485	0.037417
5.2985	-0.53975	0.069893
5.2985	-0.51464	0.07503
5.2985	-0.48954	0.050644
5.2985	-0.46444	0.017537
5.2985	-0.43933	0.00035005
5.2985	-0.41423	0.0084953
5.2985	-0.38912	0.0306
5.2985	-0.36402	0.045989
5.2985	-0.33891	0.041898
5.2985	-0.31381	0.022625
5.2985	-0.2887	0.0044925
5.2985	-0.2636	0.0014078
5.2985	-0.23849	0.01412
5.2985	-0.21339	0.030266
5.2985	-0.18828	0.035688
5.2985	-0.16318	0.026053
5.2985	-0.13808	0.0096488
5.2985	-0.087866	0.0055151
5.2985	-0.062762	0.020888
5.2985	-0.037657	0.033398
5.2985	-0.012552	0.032735
5.2985	0.012552	0.019514
5.2985	0.037657	0.0044866
5.2985	0.062762	0.00034543
5.2985	0.087866	0.011526
5.2985	0.11297	0.029671
5.2985	0.13808	0.040847
5.2985	0.16318	0.035678
5.2985	0.18828	0.017531
5.2985	0.21339	0.0017171
5.2985	0.23849	0.0054487
5.2985	0.2636	0.038155
5.2985	0.2887	0.092103
5.2985	0.31381	0.1495
5.2985	0.33891	0.18964
5.2985	0.36402	0.19817
5.2985	0.38912	0.17545
5.2985	0.41423	0.13201
5.2985	0.43933	0.083599
5.2985	0.46444	0.04376
5.2985	0.48954	0.017352
5.2985	0.51464	0.0044907
5.2985	0.53975	0.00031282
5.2985	0.58996	0.00079309
5.2985	0.61506	0.00093915
5.2985	0.64017	0.00064082
5.2985	0.66527	0.00026927
5.2985	1.6192	0.0003645
5.2985	1.6444	0.00059893
5.2985	1.6695	0.00078299
5.2985	1.6946	0.00084703
5.2985	1.7197	0.0007752
5.2985	1.7448	0.00059972
5.2985	1.7699	0.00038477
5.3236	-2.3724	0.00072669
5.3236	-2.3473	0.0020901
5.3236	-2.3222	0.0044275
5.3236	-2.2971	0.0075365
5.3236	-2.272	0.010723
5.3236	-2.2469	0.012944
5.3236	-2.2218	0.01331
5.3236	-2.1967	0.011406
5.3236	-2.1715	0.0079223
5.3236	-2.1464	0.0039923
5.3236	-2.1213	0.0011153
5.3236	-2.0711	0.00051582
5.3236	-2.046	0.0016333
5.3236	-2.0209	0.0023135
5.3236	-1.9958	0.0020456
5.3236	-1.9707	0.0011087
5.3236	-1.8954	0.00049156
5.3236	-1.8703	0.0011371
5.3236	-1.8452	0.0013992
5.3236	-1.8201	0.0010827
5.3236	-1.795	0.00046988
5.3236	-1.7197	0.00036701
5.3236	-1.6946	0.00061394
5.3236	-1.6695	0.00057808
5.3236	-1.6444	0.00031785
5.3236	-1.3431	0.0002741
5.3236	-1.318	0.00036106
5.3236	-1.2427	0.00082733
5.3236	-1.2176	0.0036172
5.3236	-1.1925	0.0078099
5.3236	-1.1674	0.0105
5.3236	-1.1423	0.0079877
5.3236	-1.1172	0.0015446
5.3236	-1.0921	0.0024642
5.3236	-1.0669	0.035357
5.3236	-1.0418	0.12801
5.3236	-1.0167	0.29594
5.3236	-0.99163	0.52853
5.3236	-0.96653	0.7739
5.3236	-0.94142	0.96088
5.3236	-0.91632	1.0172
5.3236	-0.89121	0.91435
5.3236	-0.86611	0.6834
5.3236	-0.841	0.40054
5.3236	-0.8159	0.16182
5.3236	-0.79079	0.026183
5.3236	-0.76569	0.0030811
5.3236	-0.74059	0.048746
5.3236	-0.71548	0.099961
5.3236	-0.69038	0.11211
5.3236	-0.66527	0.080347
5.3236	-0.64017	0.031638
5.3236	-0.61506	0.0021421
5.3236	-0.58996	0.0071419
5.3236	-0.56485	0.03539
5.3236	-0.53975	0.059745
5.3236	-0.51464	0.060143
5.3236	-0.48954	0.037695
5.3236	-0.46444	0.010874
5.3236	-0.41423	0.010731
5.3236	-0.38912	0.031395
5.3236	-0.36402	0.043464
5.3236	-0.33891	0.037194
5.3236	-0.31381	0.018346
5.3236	-0.2887	0.0026642
5.3236	-0.2636	0.0023505
5.3236	-0.23849	0.016666
5.3236	-0.21339	0.032324
5.3236	-0.18828	0.035753
5.3236	-0.16318	0.024328
5.3236	-0.13808	0.0076523
5.3236	-0.087866	0.0083959
5.3236	-0.062762	0.02618
5.3236	-0.037657	0.038794
5.3236	-0.012552	0.036028
5.3236	0.012552	0.019476
5.3236	0.037657	0.003245
5.3236	0.062762	0.0016843
5.3236	0.087866	0.017953
5.3236	0.11297	0.04099
5.3236	0.13808	0.053154
5.3236	0.16318	0.043605
5.3236	0.18828	0.018813
5.3236	0.21339	0.0005162
5.3236	0.23849	0.012836
5.3236	0.2636	0.066751
5.3236	0.2887	0.15298
5.3236	0.31381	0.24277
5.3236	0.33891	0.30483
5.3236	0.36402	0.31859
5.3236	0.38912	0.2832
5.3236	0.41423	0.21459
5.3236	0.43933	0.13739
5.3236	0.46444	0.071657
5.3236	0.48954	0.028183
5.3236	0.51464	0.0066623
5.3236	0.53975	0.00027304
5.3236	0.56485	0.00062853
5.3236	0.58996	0.0020658
5.3236	0.61506	0.0023641
5.3236	0.64017	0.0016256
5.3236	0.66527	0.00069404
5.3236	1.6192	0.00050698
5.3236	1.6444	0.00083684
5.3236	1.6695	0.0011087
5.3236	1.6946	0.0012282
5.3236	1.7197	0.0011492
5.3236	1.7448	0.00091026
5.3236	1.7699	0.00060037
5.3236	1.795	0.00031578
5.3486	-2.3724	0.00028572
5.3486	-2.3473	0.00083845
5.3486	-2.3222	0.0018755
5.3486	-2.2971	0.0034238
5.3486	-2.272	0.0051153
5.3486	-2.2469	0.0064679
5.3486	-2.2218	0.0068987
5.3486	-2.1967	0.006112
5.3486	-2.1715	0.0042559
5.3486	-2.1464	0.0021228
5.3486	-2.1213	0.00052735
5.3486	-2.0711	0.00049363
5.3486	-2.046	0.0013447
5.3486	-2.0209	0.0018395
5.3486	-1.9958	0.0015742
5.3486	-1.9707	0.00079907
5.3486	-1.8954	0.00059936
5.3486	-1.8703	0.0012637
5.3486	-1.8452	0.001497
5.3486	-1.8201	0.0011168
5.3486	-1.795	0.00044601
5.3486	-1.7197	0.00065692
5.3486	-1.6946	0.00107
5.3486	-1.6695	0.0010249
5.3486	-1.6444	0.000582
5.3486	-1.569	0.00035923
5.3486	-1.5439	0.00070985
5.3486	-1.5188	0.00079057
5.3486	-1.4937	0.00052322
5.3486	-1.3682	0.00028761
5.3486	-1.2176	0.00037803
5.3486	-1.1925	0.0010759
5.3486	-1.1674	0.0017248
5.3486	-1.1423	0.0013812
5.3486	-1.0921	0.0015465
5.3486	-1.0669	0.014957
5.3486	-1.0418	0.052528
5.3486	-1.0167	0.12643
5.3486	-0.99163	0.2301
5.3486	-0.96653	0.34678
5.3486	-0.94142	0.44094
5.3486	-0.91632	0.47715
5.3486	-0.89121	0.4352
5.3486	-0.86611	0.32664
5.3486	-0.841	0.19214
5.3486	-0.8159	0.071591
5.3486	-0.79079	0.0090069
5.3486	-0.76569	0.0045536
5.3486	-0.74059	0.035717
5.3486	-0.71548	0.065852
5.3486	-0.69038	0.070053
5.3486	-0.66527	0.046981
5.3486	-0.64017	0.016783
5.3486	-0.61506	0.0003398
5.3486	-0.58996	0.0078011
5.3486	-0.56485	0.029272
5.3486	-0.53975	0.045366
5.3486	-0.51464	0.043101
5.3486	-0.48954	0.024942
5.3486	-0.46444	0.0056787
5.3486	-0.43933	0.0003671
5.3486	-0.41423	0.011569
5.3486	-0.38912	0.028786
5.3486	-0.36402	0.037077
5.3486	-0.33891	0.029818
5.3486	-0.31381	0.013191
5.3486	-0.2887	0.0012545
5.3486	-0.2636	0.0034844
5.3486	-0.23849	0.017616
5.3486	-0.21339	0.031112
5.3486	-0.18828	0.032361
5.3486	-0.16318	0.020389
5.3486	-0.13808	0.0052269
5.3486	-0.11297	0.00030373
5.3486	-0.087866	0.010943
5.3486	-0.062762	0.029264
5.3486	-0.037657	0.040612
5.3486	-0.012552	0.035262
5.3486	0.012552	0.017234
5.3486	0.037657	0.0018852
5.3486	0.062762	0.0037342
5.3486	0.087866	0.024523
5.3486	0.11297	0.050423
5.3486	0.13808	0.061586
5.3486	0.16318	0.047016
5.3486	0.18828	0.017386
5.3486	0.23849	0.02499
5.3486	0.2636	0.10262
5.3486	0.2887	0.22091
5.3486	0.31381	0.34178
5.3486	0.33891	0.42334
5.3486	0.36402	0.4402
5.3486	0.38912	0.38964
5.3486	0.41423	0.29429
5.3486	0.43933	0.18729
5.3486	0.46444	0.095988
5.3486	0.48954	0.036645
5.3486	0.51464	0.0079373
5.3486	0.56485	0.0015774
5.3486	0.58996	0.0039907
5.3486	0.61506	0.0043197
5.3486	0.64017	0.0028683
5.3486	0.66527	0.0011715
5.3486	0.76569	0.00032575
5.3486	0.79079	0.00029154
5.3486	1.6192	0.00054376
5.3486	1.6444	0.00090144
5.3486	1.6695	0.0012135
5.3486	1.6946	0.0013643
5.3486	1.7197	0.0012997
5.3486	1.7448	0.0010487
5.3486	1.7699	0.00069818
5.3486	1.795	0.00036799
5.3737	-2.3222	0.00028572
5.3737	-2.2971	0.00066126
5.3737	-2.272	0.0012351
5.3737	-2.2469	0.0018013
5.3737	-2.2218	0.0021624
5.3737	-2.1967	0.0020951
5.3737	-2.1715	0.001557
5.3737	-2.1464	0.00078361
5.3737	-2.0711	0.00033079
5.3737	-2.046	0.00083138
5.3737	-2.0209	0.0011015
5.3737	-1.9958	0.00092342
5.3737	-1.9707	0.00043806
5.3737	-1.8954	0.00054973
5.3737	-1.8703	0.0010738
5.3737	-1.8452	0.0012276
5.3737	-1.8201	0.00087917
5.3737	-1.795	0.0003097
5.3737	-1.7197	0.00080915
5.3737	-1.6946	0.0012543
5.3737	-1.6695	0.0011799
5.3737	-1.6444	0.0006529
5.3737	-1.569	0.00056834
5.3737	-1.5439	0.0011453
5.3737	-1.5188	0.0013087
5.3737	-1.4937	0.00089772
5.3737	-1.4686	0.00028979
5.3737	-1.4184	0.00031563
5.3737	-1.3933	0.00094861
5.3737	-1.3682	0.0013315
5.3737	-1.3431	0.0011531
5.3737	-1.318	0.00058654
5.3737	-1.2176	0.00035251
5.3737	-1.1925	0.00025573
5.3737	-1.0669	0.0022831
5.3737	-1.0418	0.0098438
5.3737	-1.0167	0.026714
5.3737	-0.99163	0.056346
5.3737	-0.96653	0.095251
5.3737	-0.94142	0.13249
5.3737	-0.91632	0.1543
5.3737	-0.89121	0.14878
5.3737	-0.86611	0.11569
5.3737	-0.841	0.068362
5.3737	-0.8159	0.024273
5.3737	-0.79079	0.001747
5.3737	-0.76569	0.0040338
5.3737	-0.74059	0.020876
5.3737	-0.71548	0.035673
5.3737	-0.69038	0.036472
5.3737	-0.66527	0.023199
5.3737	-0.64017	0.0068654
5.3737	-0.58996	0.0067734
5.3737	-0.56485	0.020804
5.3737	-0.53975	0.030073
5.3737	-0.51464	0.026897
5.3737	-0.48954	0.01428
5.3737	-0.46444	0.0025867
5.3737	-0.43933	0.0010159
5.3737	-0.41423	0.01073
5.3737	-0.38912	0.023311
5.3737	-0.36402	0.028196
5.3737	-0.33891	0.02131
5.3737	-0.31381	0.0083742
5.3737	-0.2887	0.00044298
5.3737	-0.2636	0.0041327
5.3737	-0.23849	0.016523
5.3737	-0.21339	0.026981
5.3737	-0.18828	0.026399
5.3737	-0.16318	0.015264
5.3737	-0.13808	0.0029788
5.3737	-0.11297	0.00096933
5.3737	-0.087866	0.012628
5.3737	-0.062762	0.029582
5.3737	-0.037657	0.03829
5.3737	-0.012552	0.031076
5.3737	0.012552	0.013498
5.3737	0.037657	0.0006413
5.3737	0.062762	0.0063432
5.3737	0.087866	0.029757
5.3737	0.11297	0.055737
5.3737	0.13808	0.063661
5.3737	0.16318	0.045224
5.3737	0.18828	0.013645
5.3737	0.21339	0.00090082
5.3737	0.23849	0.03903
5.3737	0.2636	0.14045
5.3737	0.2887	0.28494
5.3737	0.31381	0.42899
5.3737	0.33891	0.52507
5.3737	0.36402	0.53991
5.3737	0.38912	0.47478
5.3737	0.41423	0.35553
5.3737	0.43933	0.22319
5.3737	0.46444	0.11226
5.3737	0.48954	0.040872
5.3737	0.51464	0.0077103
5.3737	0.56485	0.0029976
5.3737	0.58996	0.0064181
5.3737	0.61506	0.0064819
5.3737	0.64017	0.0040971
5.3737	0.66527	0.0015377
5.3737	0.74059	0.00040533
5.3737	0.76569	0.00062928
5.3737	0.79079	0.00053966
5.3737	0.8159	0.00029081
5.3737	1.6192	0.0004233
5.3737	1.6444	0.00072032
5.3737	1.6695	0.00099824
5.3737	1.6946	0.0011562
5.3737	1.7197	0.0011283
5.3737	1.7448	0.00092842
5.3737	1.7699	0.00062622
5.3737	1.795	0.00032983
5.3987	-2.046	0.00032811
5.3987	-2.0209	0.00044582
5.3987	-1.9958	0.00037385
5.3987	-1.8954	0.00037448
5.3987	-1.8703	0.00069397
5.3987	-1.8452	0.00077579
5.3987	-1.8201	0.00052786
5.3987	-1.7448	0.00025763
5.3987	-1.7197	0.00075576
5.3987	-1.6946	0.0011203
5.3987	-1.6695	0.0010259
5.3987	-1.6444	0.00054101
5.3987	-1.569	0.00066415
5.3987	-1.5439	0.0012919
5.3987	-1.5188	0.0014653
5.3987	-1.4937	0.00097806
5.3987	-1.4686	0.00027731
5.3987	-1.4184	0.00060021
5.3987	-1.3933	0.0016549
5.3987	-1.3682	0.0023367
5.3987	-1.3431	0.0020809
5.3987	-1.318	0.0010528
5.3987	-1.2427	0.0011883
5.3987	-1.2176	0.0023897
5.3987	-1.1925	0.002692
5.3987	-1.1674	0.0018731
5.3987	-1.1423	0.00063739
5.3987	-1.0921	0.00032943
5.3987	-1.0669	0.0010012
5.3987	-1.0418	0.0011051
5.3987	-0.99163	0.00071292
5.3987	-0.96653	0.0039034
5.3987	-0.94142	0.010138
5.3987	-0.91632	0.018191
5.3987	-0.89121	0.022861
5.3987	-0.86611	0.021099
5.3987	-0.841	0.013606
5.3987	-0.8159	0.0051883
5.3987	-0.76569	0.002063
5.3987	-0.74059	0.008657
5.3987	-0.71548	0.014248
5.3987	-0.69038	0.014382
5.3987	-0.66527	0.0088452
5.3987	-0.64017	0.0021362
5.3987	-0.58996	0.0045931
5.3987	-0.56485	0.012177
5.3987	-0.53975	0.016612
5.3987	-0.51464	0.014219
5.3987	-0.48954	0.0068461
5.3987	-0.46444	0.0006598
5.3987	-0.43933	0.001308
5.3987	-0.41423	0.0084251
5.3987	-0.38912	0.016552
5.3987	-0.36402	0.018932
5.3987	-0.33891	0.013404
5.3987	-0.31381	0.0046475
5.3987	-0.2636	0.0040946
5.3987	-0.23849	0.01374
5.3987	-0.21339	0.020874
5.3987	-0.18828	0.019303
5.3987	-0.16318	0.010131
5.3987	-0.13808	0.0013625
5.3987	-0.11297	0.001775
5.3987	-0.087866	0.01275
5.3987	-0.062762	0.026816
5.3987	-0.037657	0.032575
5.3987	-0.012552	0.024639
5.3987	0.012552	0.0091464
5.3987	0.062762	0.0084172
5.3987	0.087866	0.032318
5.3987	0.11297	0.055748
5.3987	0.13808	0.059903
5.3987	0.16318	0.038748
5.3987	0.18828	0.0085338
5.3987	0.21339	0.0031358
5.3987	0.23849	0.053655
5.3987	0.2636	0.1708
5.3987	0.2887	0.33155
5.3987	0.31381	0.48717
5.3987	0.33891	0.58668
5.3987	0.36402	0.59722
5.3987	0.38912	0.51918
5.3987	0.41423	0.38501
5.3987	0.43933	0.23786
5.3987	0.46444	0.11653
5.3987	0.48954	0.039883
5.3987	0.51464	0.0061216
5.3987	0.56485	0.0048776
5.3987	0.58996	0.0088093
5.3987	0.61506	0.0083559
5.3987	0.64017	0.005011
5.3987	0.66527	0.0017097
5.3987	0.74059	0.00070794
5.3987	0.76569	0.0009885
5.3987	0.79079	0.00080485
5.3987	0.8159	0.00040775
5.3987	1.6444	0.00035447
5.3987	1.6695	0.00053532
5.3987	1.6946	0.00066397
5.3987	1.7197	0.00068826
5.3987	1.7448	0.00059206
5.3987	1.7699	0.00041223
5.4238	-2.3724	0.00052888
5.4238	-2.3473	0.00091322
5.4238	-2.3222	0.001219
5.4238	-2.2971	0.0013126
5.4238	-2.272	0.0011539
5.4238	-2.2469	0.00082424
5.4238	-2.2218	0.0004595
5.4238	-1.8703	0.000308
5.4238	-1.8452	0.00034523
5.4238	-1.7197	0.00053848
5.4238	-1.6946	0.0007735
5.4238	-1.6695	0.0006952
5.4238	-1.6444	0.00035103
5.4238	-1.569	0.00059773
5.4238	-1.5439	0.0011256
5.4238	-1.5188	0.0012421
5.4238	-1.4937	0.00079745
5.4238	-1.4184	0.00079784
5.4238	-1.3933	0.0019953
5.4238	-1.3682	0.0027387
5.4238	-1.3431	0.0023745
5.4238	-1.318	0.0011033
5.4238	-1.2678	0.00047572
5.4238	-1.2427	0.0024913
5.4238	-1.2176	0.00479
5.4238	-1.1925	0.0055874
5.4238	-1.1674	0.0039698
5.4238	-1.1423	0.0012353
5.4238	-1.0921	0.0030082
5.4238	-1.0669	0.010058
5.4238	-1.0418	0.018783
5.4238	-1.0167	0.024842
5.4238	-0.99163	0.02548
5.4238	-0.96653	0.020315
5.4238	-0.94142	0.012564
5.4238	-0.91632	0.0054809
5.4238	-0.89121	0.0012627
5.4238	-0.76569	0.00037604
5.4238	-0.74059	0.0016501
5.4238	-0.71548	0.0030944
5.4238	-0.69038	0.0032991
5.4238	-0.66527	0.0020235
5.4238	-0.64017	0.0004572
5.4238	-0.58996	0.0022157
5.4238	-0.56485	0.0053645
5.4238	-0.53975	0.0070925
5.4238	-0.51464	0.0058574
5.4238	-0.48954	0.0025503
5.4238	-0.43933	0.0011375
5.4238	-0.41423	0.0054716
5.4238	-0.38912	0.0098939
5.4238	-0.36402	0.010782
5.4238	-0.33891	0.0072377
5.4238	-0.31381	0.0021691
5.4238	-0.2636	0.0034321
5.4238	-0.23849	0.009881
5.4238	-0.21339	0.014193
5.4238	-0.18828	0.012397
5.4238	-0.16318	0.0058485
5.4238	-0.13808	0.00047718
5.4238	-0.11297	0.00209
5.4238	-0.087866	0.011276
5.4238	-0.062762	0.021651
5.4238	-0.037657	0.024713
5.4238	-0.012552	0.017368
5.4238	0.012552	0.0053515
5.4238	0.062762	0.0099088
5.4238	0.087866	0.031309
5.4238	0.11297	0.050158
5.4238	0.13808	0.050537
5.4238	0.16318	0.029612
5.4238	0.18828	0.0043807
5.4238	0.21339	0.0067689
5.4238	0.23849	0.065693
5.4238	0.2636	0.1882
5.4238	0.2887	0.34995
5.4238	0.31381	0.50268
5.4238	0.33891	0.59631
5.4238	0.36402	0.60029
5.4238	0.38912	0.51656
5.4238	0.41423	0.37763
5.4238	0.43933	0.22897
5.4238	0.46444	0.10854
5.4238	0.48954	0.034588
5.4238	0.51464	0.0040625
5.4238	0.53975	0.00072943
5.4238	0.56485	0.0067751
5.4238	0.58996	0.010729
5.4238	0.61506	0.0095309
5.4238	0.64017	0.0053556
5.4238	0.66527	0.0016289
5.4238	0.71548	0.00030138
5.4238	0.74059	0.0010532
5.4238	0.76569	0.001343
5.4238	0.79079	0.0010267
5.4238	0.8159	0.00048269
5.4489	-2.3975	0.00044083
5.4489	-2.3724	0.0011137
5.4489	-2.3473	0.0019987
5.4489	-2.3222	0.002863
5.4489	-2.2971	0.0033909
5.4489	-2.272	0.0033881
5.4489	-2.2469	0.0028504
5.4489	-2.2218	0.0019861
5.4489	-2.1967	0.0010922
5.4489	-2.1715	0.00044177
5.4489	-1.7197	0.00026626
5.4489	-1.6946	0.00038881
5.4489	-1.6695	0.00035403
5.4489	-1.569	0.00040142
5.4489	-1.5439	0.0007481
5.4489	-1.5188	0.00081351
5.4489	-1.4937	0.00049871
5.4489	-1.4184	0.00078855
5.4489	-1.3933	0.0018268
5.4489	-1.3682	0.0024321
5.4489	-1.3431	0.0020014
5.4489	-1.318	0.00081997
5.4489	-1.2678	0.00081988
5.4489	-1.2427	0.0033804
5.4489	-1.2176	0.0061836
5.4489	-1.1925	0.0070429
5.4489	-1.1674	0.0047999
5.4489	-1.1423	0.00116
5.4489	-1.1172	0.00040222
5.4489	-1.0921	0.0072391
5.4489	-1.0669	0.023794
5.4489	-1.0418	0.046572
5.4489	-1.0167	0.068801
5.4489	-0.99163	0.082197
5.4489	-0.96653	0.081675
5.4489	-0.94142	0.068073
5.4489	-0.91632	0.047308
5.4489	-0.89121	0.026582
5.4489	-0.86611	0.01144
5.4489	-0.841	0.0032462
5.4489	-0.8159	0.00039153
5.4489	-0.58996	0.00052795
5.4489	-0.56485	0.001312
5.4489	-0.53975	0.0018291
5.4489	-0.51464	0.0015427
5.4489	-0.48954	0.00060893
5.4489	-0.43933	0.0007065
5.4489	-0.41423	0.0027023
5.4489	-0.38912	0.0046708
5.4489	-0.36402	0.0049504
5.4489	-0.33891	0.0031576
5.4489	-0.31381	0.00081298
5.4489	-0.2636	0.0023163
5.4489	-0.23849	0.0059907
5.4489	-0.21339	0.0081773
5.4489	-0.18828	0.0067561
5.4489	-0.16318	0.0028358
5.4489	-0.11297	0.0020553
5.4489	-0.087866	0.0086087
5.4489	-0.062762	0.015278
5.4489	-0.037657	0.016548
5.4489	-0.012552	0.010694
5.4489	0.012552	0.0025479
5.4489	0.037657	0.00046607
5.4489	0.062762	0.0098591
5.4489	0.087866	0.027026
5.4489	0.11297	0.040327
5.4489	0.13808	0.038192
5.4489	0.16318	0.01985
5.4489	0.18828	0.0015454
5.4489	0.21339	0.010565
5.4489	0.23849	0.071
5.4489	0.2636	0.18712
5.4489	0.2887	0.33532
5.4489	0.31381	0.47187
5.4489	0.33891	0.55231
5.4489	0.36402	0.5495
5.4489	0.38912	0.46693
5.4489	0.41423	0.33708
5.4489	0.43933	0.2
5.4489	0.46444	0.091401
5.4489	0.48954	0.026763
5.4489	0.51464	0.0021515
5.4489	0.53975	0.0015906
5.4489	0.56485	0.0082421
5.4489	0.58996	0.011707
5.4489	0.61506	0.0097373
5.4489	0.64017	0.0051169
5.4489	0.66527	0.0013473
5.4489	0.71548	0.00050673
5.4489	0.74059	0.0013686
5.4489	0.76569	0.0015991
5.4489	0.79079	0.0011528
5.4489	0.8159	0.0004968
5.4739	-2.3975	0.00065029
5.4739	-2.3724	0.0016006
5.4739	-2.3473	0.0028892
5.4739	-2.3222	0.0042187
5.4739	-2.2971	0.0051713
5.4739	-2.272	0.0053713
5.4739	-2.2469	0.0047369
5.4739	-2.2218	0.0034898
5.4739	-2.1967	0.0020437
5.4739	-2.1715	0.00086498
5.4739	-1.5439	0.00034724
5.4739	-1.5188	0.00038608
5.4739	-1.4184	0.00058135
5.4739	-1.3933	0.0012751
5.4739	-1.3682	0.0016451
5.4739	-1.3431	0.0012929
5.4739	-1.318	0.00044142
5.4739	-1.2678	0.00099611
5.4739	-1.2427	0.0034585
5.4739	-1.2176	0.0059881
5.4739	-1.1925	0.0065615
5.4739	-1.1674	0.0041346
5.4739	-1.1423	0.00065469
5.4739	-1.1172	0.0011409
5.4739	-1.0921	0.01156
5.4739	-1.0669	0.03486
5.4739	-1.0418	0.068491
5.4739	-1.0167	0.10384
5.4739	-0.99163	0.12923
5.4739	-0.96653	0.13553
5.4739	-0.94142	0.12105
5.4739	-0.91632	0.091061
5.4739	-0.89121	0.056576
5.4739	-0.86611	0.027188
5.4739	-0.841	0.008807
5.4739	-0.8159	0.0010672
5.4739	-0.76569	0.0014304
5.4739	-0.74059	0.0021553
5.4739	-0.71548	0.0017215
5.4739	-0.69038	0.00084196
5.4739	-0.41423	0.0008252
5.4739	-0.38912	0.0014364
5.4739	-0.36402	0.0015757
5.4739	-0.33891	0.0010125
5.4739	-0.2636	0.0011775
5.4739	-0.23849	0.0028129
5.4739	-0.21339	0.0037635
5.4739	-0.18828	0.0030029
5.4739	-0.16318	0.0011202
5.4739	-0.11297	0.0015772
5.4739	-0.087866	0.0054935
5.4739	-0.062762	0.0091959
5.4739	-0.037657	0.0094594
5.4739	-0.012552	0.0056339
5.4739	0.012552	0.00093332
5.4739	0.037657	0.00079442
5.4739	0.062762	0.008393
5.4739	0.087866	0.020352
5.4739	0.11297	0.028672
5.4739	0.13808	0.025339
5.4739	0.16318	0.011535
5.4739	0.18828	0.00027813
5.4739	0.21339	0.01328
5.4739	0.23849	0.068062
5.4739	0.2636	0.16713
5.4739	0.2887	0.2903
5.4739	0.31381	0.40097
5.4739	0.33891	0.46354
5.4739	0.36402	0.45727
5.4739	0.38912	0.38485
5.4739	0.41423	0.27351
5.4739	0.43933	0.15867
5.4739	0.46444	0.06987
5.4739	0.48954	0.018438
5.4739	0.51464	0.0009037
5.4739	0.53975	0.0024855
5.4739	0.56485	0.008862
5.4739	0.58996	0.011475
5.4739	0.61506	0.0089764
5.4739	0.64017	0.0043863
5.4739	0.66527	0.00095535
5.4739	0.71548	0.00071123
5.4739	0.74059	0.0015893
5.4739	0.76569	0.0017196
5.4739	0.79079	0.0011568
5.4739	0.8159	0.00045122
5.4739	1.569	0.00039273
5.4739	1.5941	0.00072101
5.4739	1.6192	0.00097932
5.4739	1.6444	0.0010468
5.4739	1.6695	0.00092387
5.4739	1.6946	0.00067388
5.4739	1.7197	0.0003983
5.499	-2.3975	0.0007501
5.499	-2.3724	0.0017892
5.499	-2.3473	0.0032218
5.499	-2.3222	0.0047394
5.499	-2.2971	0.0058851
5.499	-2.272	0.0062178
5.499	-2.2469	0.0055863
5.499	-2.2218	0.0041822
5.499	-2.1967	0.002479
5.499	-2.1715	0.0010356
5.499	-2.0711	0.00041972
5.499	-2.046	0.0004752
5.499	-2.0209	0.00033871
5.499	-1.4184	0.00028715
5.499	-1.3933	0.0006217
5.499	-1.3682	0.00079581
5.499	-1.3431	0.00059974
5.499	-1.2678	0.00088609
5.499	-1.2427	0.0027009
5.499	-1.2176	0.0044625
5.499	-1.1925	0.0046841
5.499	-1.1674	0.0026572
5.499	-1.1172	0.0018465
5.499	-1.0921	0.013382
5.499	-1.0669	0.038134
5.499	-1.0418	0.074142
5.499	-1.0167	0.11337
5.499	-0.99163	0.1435
5.499	-0.96653	0.15421
5.499	-0.94142	0.14134
5.499	-0.91632	0.10958
5.499	-0.89121	0.069792
5.499	-0.86611	0.034225
5.499	-0.841	0.010892
5.499	-0.8159	0.001008
5.499	-0.79079	0.00060066
5.499	-0.76569	0.0035353
5.499	-0.74059	0.0053606
5.499	-0.71548	0.0046858
5.499	-0.69038	0.0025774
5.499	-0.66527	0.00074354
5.499	-0.58996	0.00051572
5.499	-0.56485	0.00056564
5.499	-0.53975	0.00036077
5.499	-0.2636	0.00032804
5.499	-0.23849	0.00084039
5.499	-0.21339	0.001174
5.499	-0.18828	0.00094737
5.499	-0.16318	0.00031599
5.499	-0.11297	0.00085703
5.499	-0.087866	0.0027202
5.499	-0.062762	0.0043855
5.499	-0.037657	0.0043521
5.499	-0.012552	0.0023595
5.499	0.037657	0.00089337
5.499	0.062762	0.0059082
5.499	0.087866	0.013165
5.499	0.11297	0.017564
5.499	0.13808	0.014566
5.499	0.16318	0.0055781
5.499	0.21339	0.013194
5.499	0.23849	0.057119
5.499	0.2636	0.13253
5.499	0.2887	0.22475
5.499	0.31381	0.30615
5.499	0.33891	0.35132
5.499	0.36402	0.34278
5.499	0.38912	0.28654
5.499	0.41423	0.20048
5.499	0.43933	0.1135
5.499	0.46444	0.047991
5.499	0.48954	0.011077
5.499	0.51464	0.0002744
5.499	0.53975	0.0031063
5.499	0.56485	0.0085227
5.499	0.58996	0.010129
5.499	0.61506	0.0074672
5.499	0.64017	0.0033478
5.499	0.66527	0.00058096
5.499	0.71548	0.00086096
5.499	0.74059	0.0016474
5.499	0.76569	0.0016623
5.499	0.79079	0.0010422
5.499	0.8159	0.00036343
5.499	1.4184	0.00031506
5.499	1.4435	0.00034399
5.499	1.5439	0.00034426
5.499	1.569	0.0010414
5.499	1.5941	0.0019402
5.499	1.6192	0.0027019
5.499	1.6444	0.003071
5.499	1.6695	0.0029155
5.499	1.6946	0.002333
5.499	1.7197	0.0015569
5.499	1.7448	0.00085922
5.499	1.7699	0.00036336
5.524	-2.3975	0.00069035
5.524	-2.3724	0.0016106
5.524	-2.3473	0.0028904
5.524	-2.3222	0.0042752
5.524	-2.2971	0.0053449
5.524	-2.272	0.0057141
5.524	-2.2469	0.0051804
5.524	-2.2218	0.0038928
5.524	-2.1967	0.0022889
5.524	-2.1715	0.00092199
5.524	-2.0962	0.00028539
5.524	-2.0711	0.00057529
5.524	-2.046	0.00063513
5.524	-2.0209	0.00044565
5.524	-1.8954	0.00026315
5.524	-1.2678	0.0005387
5.524	-1.2427	0.0015088
5.524	-1.2176	0.0024379
5.524	-1.1925	0.0024692
5.524	-1.1674	0.0012353
5.524	-1.1172	0.0020919
5.524	-1.0921	0.011765
5.524	-1.0669	0.032254
5.524	-1.0418	0.062348
5.524	-1.0167	0.09596
5.524	-0.99163	0.1231
5.524	-0.96653	0.13431
5.524	-0.94142	0.12532
5.524	-0.91632	0.098533
5.524	-0.89121	0.06325
5.524	-0.86611	0.030762
5.524	-0.841	0.0092525
5.524	-0.8159	0.00058417
5.524	-0.79079	0.0012554
5.524	-0.76569	0.0052306
5.524	-0.74059	0.0075512
5.524	-0.71548	0.006546
5.524	-0.69038	0.0035697
5.524	-0.66527	0.00091915
5.524	-0.61506	0.00058024
5.524	-0.58996	0.001493
5.524	-0.56485	0.0018112
5.524	-0.53975	0.0013453
5.524	-0.51464	0.0005953
5.524	-0.11297	0.00027349
5.524	-0.087866	0.00085456
5.524	-0.062762	0.001395
5.524	-0.037657	0.0013987
5.524	-0.012552	0.00068989
5.524	0.037657	0.00063543
5.524	0.062762	0.003257
5.524	0.087866	0.006815
5.524	0.11297	0.0087423
5.524	0.13808	0.0068495
5.524	0.16318	0.0020712
5.524	0.18828	0.00039299
5.524	0.21339	0.010796
5.524	0.23849	0.040765
5.524	0.2636	0.091693
5.524	0.2887	0.15176
5.524	0.31381	0.20577
5.524	0.33891	0.23453
5.524	0.36402	0.22825
5.524	0.38912	0.18902
5.524	0.41423	0.13131
5.524	0.43933	0.073047
5.524	0.46444	0.028961
5.524	0.48954	0.0058169
5.524	0.53975	0.0032177
5.524	0.56485	0.0073136
5.524	0.58996	0.0080316
5.524	0.61506	0.0055788
5.524	0.64017	0.0022852
5.524	0.66527	0.00029987
5.524	0.71548	0.00091666
5.524	0.74059	0.0015395
5.524	0.76569	0.001447
5.524	0.79079	0.00084497
5.524	0.8159	0.00025735
5.524	1.3933	0.00029304
5.524	1.4184	0.00048622
5.524	1.4435	0.00050193
5.524	1.4686	0.00029231
5.524	1.5439	0.00075162
5.524	1.569	0.0021279
5.524	1.5941	0.0038604
5.524	1.6192	0.0054146
5.524	1.6444	0.006224
5.524	1.6695	0.0060326
5.524	1.6946	0.004964
5.524	1.7197	0.0034249
5.524	1.7448	0.0019706
5.524	1.7699	0.00085278
5.5491	-2.3975	0.00050419
5.5491	-2.3724	0.0011577
5.5491	-2.3473	0.0020809
5.5491	-2.3222	0.0031037
5.5491	-2.2971	0.0039269
5.5491	-2.272	0.0042403
5.5491	-2.2469	0.0038728
5.5491	-2.2218	0.0029163
5.5491	-2.1967	0.0016937
5.5491	-2.1715	0.0006432
5.5491	-2.0962	0.00032845
5.5491	-2.0711	0.00060491
5.5491	-2.046	0.00064363
5.5491	-2.0209	0.00043418
5.5491	-1.8954	0.00038234
5.5491	-1.8703	0.00035952
5.5491	-1.2427	0.00046647
5.5491	-1.2176	0.0007937
5.5491	-1.1925	0.0008092
5.5491	-1.1674	0.00036634
5.5491	-1.1172	0.001585
5.5491	-1.0921	0.007618
5.5491	-1.0669	0.020368
5.5491	-1.0418	0.039799
5.5491	-1.0167	0.062182
5.5491	-0.99163	0.081721
5.5491	-0.96653	0.091252
5.5491	-0.94142	0.086663
5.5491	-0.91632	0.069179
5.5491	-0.89121	0.044414
5.5491	-0.86611	0.021302
5.5491	-0.841	0.0058271
5.5491	-0.79079	0.00172
5.5491	-0.76569	0.005652
5.5491	-0.74059	0.0077039
5.5491	-0.71548	0.0065262
5.5491	-0.69038	0.0033883
5.5491	-0.66527	0.00074424
5.5491	-0.61506	0.0010186
5.5491	-0.58996	0.0023314
5.5491	-0.56485	0.002765
5.5491	-0.53975	0.0020457
5.5491	-0.51464	0.00088197
5.5491	-0.43933	0.00047274
5.5491	-0.41423	0.00077356
5.5491	-0.38912	0.0006997
5.5491	-0.36402	0.00037434
5.5491	0.037657	0.00027532
5.5491	0.062762	0.001178
5.5491	0.087866	0.0024501
5.5491	0.11297	0.0031324
5.5491	0.13808	0.0023111
5.5491	0.16318	0.00051834
5.5491	0.18828	0.00051786
5.5491	0.21339	0.0068013
5.5491	0.23849	0.023756
5.5491	0.2636	0.05132
5.5491	0.2887	0.085898
5.5491	0.31381	0.1167
5.5491	0.33891	0.13379
5.5491	0.36402	0.13075
5.5491	0.38912	0.10837
5.5491	0.41423	0.074618
5.5491	0.43933	0.040497
5.5491	0.46444	0.015154
5.5491	0.48954	0.0024853
5.5491	0.53975	0.0028418
5.5491	0.56485	0.0055108
5.5491	0.58996	0.0056762
5.5491	0.61506	0.0037065
5.5491	0.64017	0.001366
5.5491	0.71548	0.00085723
5.5491	0.74059	0.0012884
5.5491	0.76569	0.0011346
5.5491	0.79079	0.00061603
5.5491	1.3933	0.00042004
5.5491	1.4184	0.00065093
5.5491	1.4435	0.0006325
5.5491	1.4686	0.00032845
5.5491	1.5439	0.0013797
5.5491	1.569	0.0035921
5.5491	1.5941	0.0063699
5.5491	1.6192	0.0088634
5.5491	1.6444	0.010194
5.5491	1.6695	0.0099155
5.5491	1.6946	0.0082082
5.5491	1.7197	0.0057106
5.5491	1.7448	0.0032508
5.5491	1.7699	0.0014014
5.5491	1.795	0.00038022
5.5741	-2.3975	0.0002677
5.5741	-2.3724	0.0006241
5.5741	-2.3473	0.0011407
5.5741	-2.3222	0.0017422
5.5741	-2.2971	0.0022546
5.5741	-2.272	0.0024808
5.5741	-2.2469	0.0022987
5.5741	-2.2218	0.0017408
5.5741	-2.1967	0.00099919
5.5741	-2.1715	0.00035116
5.5741	-2.0962	0.00029767
5.5741	-2.0711	0.00050631
5.5741	-2.046	0.00051875
5.5741	-2.0209	0.00033351
5.5741	-1.9205	0.00028671
5.5741	-1.8954	0.00041678
5.5741	-1.8703	0.00037962
5.5741	-1.7448	0.00025637
5.5741	-1.7197	0.00030184
5.5741	-1.569	0.00025604
5.5741	-1.1172	0.00063692
5.5741	-1.0921	0.0028891
5.5741	-1.0669	0.0081889
5.5741	-1.0418	0.016785
5.5741	-1.0167	0.028128
5.5741	-0.99163	0.038676
5.5741	-0.96653	0.045095
5.5741	-0.94142	0.044501
5.5741	-0.91632	0.036374
5.5741	-0.89121	0.02416
5.5741	-0.86611	0.011301
5.5741	-0.841	0.0027221
5.5741	-0.79079	0.0016889
5.5741	-0.76569	0.0046631
5.5741	-0.74059	0.0060657
5.5741	-0.71548	0.0049688
5.5741	-0.69038	0.0024406
5.5741	-0.66527	0.00041639
5.5741	-0.61506	0.0012527
5.5741	-0.58996	0.0025814
5.5741	-0.56485	0.0029548
5.5741	-0.53975	0.0021169
5.5741	-0.51464	0.00084271
5.5741	-0.43933	0.00085501
5.5741	-0.41423	0.0013428
5.5741	-0.38912	0.001237
5.5741	-0.36402	0.00068924
5.5741	-0.2887	0.00029055
5.5741	-0.2636	0.00057129
5.5741	-0.23849	0.0006109
5.5741	-0.21339	0.00039183
5.5741	0.087866	0.00034412
5.5741	0.11297	0.00051866
5.5741	0.13808	0.00040025
5.5741	0.18828	0.00033521
5.5741	0.21339	0.0028931
5.5741	0.23849	0.0097507
5.5741	0.2636	0.021714
5.5741	0.2887	0.036907
5.5741	0.31381	0.051632
5.5741	0.33891	0.060681
5.5741	0.36402	0.060501
5.5741	0.38912	0.050887
5.5741	0.41423	0.035221
5.5741	0.43933	0.018806
5.5741	0.46444	0.0067231
5.5741	0.48954	0.00083244
5.5741	0.53975	0.0020673
5.5741	0.56485	0.0035645
5.5741	0.58996	0.0034929
5.5741	0.61506	0.0021476
5.5741	0.64017	0.00071549
5.5741	0.71548	0.00069543
5.5741	0.74059	0.00095732
5.5741	0.76569	0.00079183
5.5741	0.79079	0.00039697
5.5741	1.3933	0.00053453
5.5741	1.4184	0.00077279
5.5741	1.4435	0.00070423
5.5741	1.4686	0.00031486
5.5741	1.5188	0.00043342
5.5741	1.5439	0.002186
5.5741	1.569	0.0053235
5.5741	1.5941	0.009176
5.5741	1.6192	0.012595
5.5741	1.6444	0.014355
5.5741	1.6695	0.013911
5.5741	1.6946	0.011468
5.5741	1.7197	0.0079352
5.5741	1.7448	0.0044553
5.5741	1.7699	0.0018647
5.5741	1.795	0.00045517
5.5741	1.8954	0.00028033
5.5992	-2.3473	0.00040781
5.5992	-2.3222	0.00066055
5.5992	-2.2971	0.00090836
5.5992	-2.272	0.0010464
5.5992	-2.2469	0.0010041
5.5992	-2.2218	0.00077767
5.5992	-2.1967	0.00044496
5.5992	-2.0711	0.00033767
5.5992	-2.046	0.00033247
5.5992	-1.9205	0.00026207
5.5992	-1.8954	0.00036209
5.5992	-1.8703	0.00031486
5.5992	-1.7448	0.00030578
5.5992	-1.7197	0.00034932
5.5992	-1.5941	0.0002645
5.5992	-1.569	0.00037449
5.5992	-1.5439	0.00032288
5.5992	-1.4184	0.00039812
5.5992	-1.3933	0.00043924
5.5992	-1.3682	0.00030446
5.5992	-1.0669	0.00092636
5.5992	-1.0418	0.0026454
5.5992	-1.0167	0.0056344
5.5992	-0.99163	0.0093828
5.5992	-0.96653	0.012656
5.5992	-0.94142	0.014015
5.5992	-0.91632	0.012523
5.5992	-0.89121	0.008682
5.5992	-0.86611	0.0042004
5.5992	-0.841	0.0008883
5.5992	-0.79079	0.0011602
5.5992	-0.76569	0.0028683
5.5992	-0.74059	0.0036358
5.5992	-0.71548	0.0029098
5.5992	-0.69038	0.0013393
5.5992	-0.61506	0.0011536
5.5992	-0.58996	0.0021848
5.5992	-0.56485	0.002414
5.5992	-0.53975	0.0016654
5.5992	-0.51464	0.00058056
5.5992	-0.46444	0.00029303
5.5992	-0.43933	0.0010543
5.5992	-0.41423	0.001573
5.5992	-0.38912	0.0014258
5.5992	-0.36402	0.00077218
5.5992	-0.2887	0.00046262
5.5992	-0.2636	0.00091916
5.5992	-0.23849	0.0010099
5.5992	-0.21339	0.00067822
5.5992	-0.11297	0.00047857
5.5992	-0.087866	0.00065269
5.5992	-0.062762	0.0005441
5.5992	-0.037657	0.00026957
5.5992	0.21339	0.0004354
5.5992	0.23849	0.0017409
5.5992	0.2636	0.0047768
5.5992	0.2887	0.0090508
5.5992	0.31381	0.014173
5.5992	0.33891	0.018143
5.5992	0.36402	0.019396
5.5992	0.38912	0.01728
5.5992	0.41423	0.012353
5.5992	0.43933	0.006695
5.5992	0.46444	0.0022218
5.5992	0.53975	0.0012037
5.5992	0.56485	0.0019081
5.5992	0.58996	0.0017885
5.5992	0.61506	0.0010451
5.5992	0.64017	0.00030209
5.5992	0.71548	0.00048611
5.5992	0.74059	0.00061939
5.5992	0.76569	0.00048138
5.5992	1.3682	0.00026933
5.5992	1.3933	0.00061158
5.5992	1.4184	0.00082953
5.5992	1.4435	0.00069883
5.5992	1.4686	0.00025879
5.5992	1.5188	0.0007185
5.5992	1.5439	0.0030646
5.5992	1.569	0.0070044
5.5992	1.5941	0.011752
5.5992	1.6192	0.015859
5.5992	1.6444	0.01792
5.5992	1.6695	0.017219
5.5992	1.6946	0.014076
5.5992	1.7197	0.0096221
5.5992	1.7448	0.0052906
5.5992	1.7699	0.0021144
5.5992	1.795	0.00045551
5.5992	1.8703	0.00038509
5.5992	1.8954	0.00042775
5.5992	1.9205	0.00029491
5.6242	-2.2469	0.00026245
5.6242	-1.7448	0.0002931
5.6242	-1.7197	0.00032177
5.6242	-1.5941	0.00029697
5.6242	-1.569	0.00041117
5.6242	-1.5439	0.00034514
5.6242	-1.4435	0.00035019
5.6242	-1.4184	0.00062382
5.6242	-1.3933	0.00068087
5.6242	-1.3682	0.00045949
5.6242	-1.2678	0.00059956
5.6242	-1.2427	0.00088339
5.6242	-1.2176	0.0008101
5.6242	-1.1925	0.00042573
5.6242	-1.1172	0.00044263
5.6242	-1.0921	0.00094741
5.6242	-1.0669	0.0011541
5.6242	-1.0418	0.00091416
5.6242	-1.0167	0.00039361
5.6242	-0.96653	0.00039937
5.6242	-0.94142	0.00093418
5.6242	-0.91632	0.0013682
5.6242	-0.89121	0.0013193
5.6242	-0.86611	0.00075613
5.6242	-0.79079	0.00046924
5.6242	-0.76569	0.0011428
5.6242	-0.74059	0.0014807
5.6242	-0.71548	0.0012029
5.6242	-0.69038	0.00053402
5.6242	-0.61506	0.00078633
5.6242	-0.58996	0.001422
5.6242	-0.56485	0.0015231
5.6242	-0.53975	0.0010109
5.6242	-0.51464	0.00031896
5.6242	-0.46444	0.00032576
5.6242	-0.43933	0.0009764
5.6242	-0.41423	0.0014026
5.6242	-0.38912	0.0012354
5.6242	-0.36402	0.0006407
5.6242	-0.2887	0.00054268
5.6242	-0.2636	0.0010402
5.6242	-0.23849	0.0011355
5.6242	-0.21339	0.00074018
5.6242	-0.13808	0.00030586
5.6242	-0.11297	0.00084164
5.6242	-0.087866	0.00115
5.6242	-0.062762	0.00098393
5.6242	-0.037657	0.00048539
5.6242	0.037657	0.00037439
5.6242	0.062762	0.00071606
5.6242	0.087866	0.00078074
5.6242	0.11297	0.00052221
5.6242	0.31381	0.00064742
5.6242	0.33891	0.0014714
5.6242	0.36402	0.0023596
5.6242	0.38912	0.0026837
5.6242	0.41423	0.0023124
5.6242	0.43933	0.0013798
5.6242	0.46444	0.00047225
5.6242	0.53975	0.0004984
5.6242	0.56485	0.00076456
5.6242	0.58996	0.00070575
5.6242	0.61506	0.00039214
5.6242	0.71548	0.0002807
5.6242	0.74059	0.00033696
5.6242	1.3682	0.00030343
5.6242	1.3933	0.00063039
5.6242	1.4184	0.00080489
5.6242	1.4435	0.00062033
5.6242	1.5188	0.0010298
5.6242	1.5439	0.0038084
5.6242	1.569	0.00832
5.6242	1.5941	0.013596
5.6242	1.6192	0.018029
5.6242	1.6444	0.020156
5.6242	1.6695	0.019135
5.6242	1.6946	0.015489
5.6242	1.7197	0.01041
5.6242	1.7448	0.0055917
5.6242	1.7699	0.0021115
5.6242	1.795	0.00037716
5.6242	1.8452	0.00026275
5.6242	1.8703	0.0005405
5.6242	1.8954	0.00056093
5.6242	1.9205	0.00036716
5.6493	-1.5941	0.00026892
5.6493	-1.569	0.00036055
5.6493	-1.5439	0.0002897
5.6493	-1.4435	0.00042721
5.6493	-1.4184	0.00072295
5.6493	-1.3933	0.00076459
5.6493	-1.3682	0.00048002
5.6493	-1.2929	0.00041487
5.6493	-1.2678	0.0011047
5.6493	-1.2427	0.001586
5.6493	-1.2176	0.0014377
5.6493	-1.1925	0.00070808
5.6493	-1.1423	0.00034162
5.6493	-1.1172	0.0020544
5.6493	-1.0921	0.0049609
5.6493	-1.0669	0.0079402
5.6493	-1.0418	0.0096947
5.6493	-1.0167	0.0095717
5.6493	-0.99163	0.0077287
5.6493	-0.96653	0.0050039
5.6493	-0.94142	0.0025252
5.6493	-0.91632	0.00093758
5.6493	-0.74059	0.00025738
5.6493	-0.61506	0.0003481
5.6493	-0.58996	0.00062523
5.6493	-0.56485	0.00068073
5.6493	-0.53975	0.0004462
5.6493	-0.46444	0.000261
5.6493	-0.43933	0.00069755
5.6493	-0.41423	0.00096386
5.6493	-0.38912	0.00083543
5.6493	-0.36402	0.00041302
5.6493	-0.2887	0.00048798
5.6493	-0.2636	0.00090281
5.6493	-0.23849	0.00096034
5.6493	-0.21339	0.00060223
5.6493	-0.13808	0.00040834
5.6493	-0.11297	0.0010137
5.6493	-0.087866	0.0013489
5.6493	-0.062762	0.0011215
5.6493	-0.037657	0.00051345
5.6493	0.037657	0.00077786
5.6493	0.062762	0.0014612
5.6493	0.087866	0.0016284
5.6493	0.11297	0.0011137
5.6493	0.13808	0.00034999
5.6493	0.18828	0.0005374
5.6493	0.21339	0.0018427
5.6493	0.23849	0.0032211
5.6493	0.2636	0.0039393
5.6493	0.2887	0.0037205
5.6493	0.31381	0.0027296
5.6493	0.33891	0.0015047
5.6493	0.36402	0.00056502
5.6493	1.3682	0.00030521
5.6493	1.3933	0.00058564
5.6493	1.4184	0.00069685
5.6493	1.4435	0.00049074
5.6493	1.5188	0.0013018
5.6493	1.5439	0.0043025
5.6493	1.569	0.0089677
5.6493	1.5941	0.014299
5.6493	1.6192	0.018659
5.6493	1.6444	0.020611
5.6493	1.6695	0.019368
5.6493	1.6946	0.015452
5.6493	1.7197	0.010193
5.6493	1.7448	0.005311
5.6493	1.7699	0.0018714
5.6493	1.795	0.00026867
5.6493	1.8452	0.00037397
5.6493	1.8703	0.00067045
5.6493	1.8954	0.0006509
5.6493	1.9205	0.00040072
5.6743	-2.3724	0.00028633
5.6743	-2.3473	0.00035961
5.6743	-2.3222	0.00037759
5.6743	-2.2971	0.00033378
5.6743	-1.569	0.00025461
5.6743	-1.4435	0.00041343
5.6743	-1.4184	0.00066151
5.6743	-1.3933	0.00066826
5.6743	-1.3682	0.00038506
5.6743	-1.2929	0.00060889
5.6743	-1.2678	0.0014459
5.6743	-1.2427	0.0019817
5.6743	-1.2176	0.0017162
5.6743	-1.1925	0.00074279
5.6743	-1.1423	0.00088844
5.6743	-1.1172	0.0044072
5.6743	-1.0921	0.010491
5.6743	-1.0669	0.017406
5.6743	-1.0418	0.022838
5.6743	-1.0167	0.024958
5.6743	-0.99163	0.023047
5.6743	-0.96653	0.017843
5.6743	-0.94142	0.011518
5.6743	-0.91632	0.0059711
5.6743	-0.89121	0.0022194
5.6743	-0.86611	0.00047765
5.6743	-0.43933	0.00034548
5.6743	-0.41423	0.00048403
5.6743	-0.38912	0.00042294
5.6743	-0.2887	0.00032904
5.6743	-0.2636	0.00059953
5.6743	-0.23849	0.00062818
5.6743	-0.21339	0.00037649
5.6743	-0.13808	0.00040674
5.6743	-0.11297	0.00092727
5.6743	-0.087866	0.0011891
5.6743	-0.062762	0.00094946
5.6743	-0.037657	0.00038465
5.6743	0.012552	0.00025773
5.6743	0.037657	0.0010677
5.6743	0.062762	0.0018918
5.6743	0.087866	0.0020533
5.6743	0.11297	0.0013519
5.6743	0.13808	0.00034403
5.6743	0.18828	0.0013703
5.6743	0.21339	0.0043315
5.6743	0.23849	0.0079791
5.6743	0.2636	0.010961
5.6743	0.2887	0.012155
5.6743	0.31381	0.011149
5.6743	0.33891	0.0085575
5.6743	0.36402	0.0054423
5.6743	0.38912	0.0028639
5.6743	0.41423	0.0011163
5.6743	0.43933	0.00028753
5.6743	1.3682	0.00027283
5.6743	1.3933	0.00048712
5.6743	1.4184	0.00054636
5.6743	1.4435	0.00034284
5.6743	1.5188	0.0014491
5.6743	1.5439	0.0043692
5.6743	1.569	0.0087649
5.6743	1.5941	0.013658
5.6743	1.6192	0.01761
5.6743	1.6444	0.019197
5.6743	1.6695	0.017789
5.6743	1.6946	0.014017
5.6743	1.7197	0.0090657
5.6743	1.7448	0.0045528
5.6743	1.7699	0.0014835
5.6743	1.8452	0.00046753
5.6743	1.8703	0.00073785
5.6743	1.8954	0.00067682
5.6743	1.9205	0.00038939
5.6994	-2.3975	0.00029823
5.6994	-2.3724	0.00047296
5.6994	-2.3473	0.00062018
5.6994	-2.3222	0.00068818
5.6994	-2.2971	0.00065175
5.6994	-2.272	0.00051939
5.6994	-2.2469	0.00033927
5.6994	-1.4435	0.00031789
5.6994	-1.4184	0.00048735
5.6994	-1.3933	0.00046534
5.6994	-1.2929	0.00068184
5.6994	-1.2678	0.0014759
5.6994	-1.2427	0.0019288
5.6994	-1.2176	0.0015619
5.6994	-1.1925	0.00056356
5.6994	-1.1423	0.0015839
5.6994	-1.1172	0.0065573
5.6994	-1.0921	0.014954
5.6994	-1.0669	0.025018
5.6994	-1.0418	0.033621
5.6994	-1.0167	0.038028
5.6994	-0.99163	0.036467
5.6994	-0.96653	0.029769
5.6994	-0.94142	0.020312
5.6994	-0.91632	0.011131
5.6994	-0.89121	0.0044394
5.6994	-0.86611	0.00095791
5.6994	-0.8159	0.00028029
5.6994	-0.79079	0.00068739
5.6994	-0.76569	0.00072764
5.6994	-0.74059	0.00046953
5.6994	-0.2636	0.00027703
5.6994	-0.23849	0.00029756
5.6994	-0.13808	0.0003029
5.6994	-0.11297	0.00064273
5.6994	-0.087866	0.00080426
5.6994	-0.062762	0.00061162
5.6994	0.012552	0.00031731
5.6994	0.037657	0.0010904
5.6994	0.062762	0.0018181
5.6994	0.087866	0.0019044
5.6994	0.11297	0.0011658
5.6994	0.18828	0.0021796
5.6994	0.21339	0.0063247
5.6994	0.23849	0.011676
5.6994	0.2636	0.016471
5.6994	0.2887	0.019021
5.6994	0.31381	0.018396
5.6994	0.33891	0.015181
5.6994	0.36402	0.010537
5.6994	0.38912	0.0060134
5.6994	0.41423	0.0026818
5.6994	0.43933	0.00082256
5.6994	1.3933	0.0003577
5.6994	1.4184	0.00037583
5.6994	1.5188	0.0014267
5.6994	1.5439	0.0039882
5.6994	1.569	0.0077465
5.6994	1.5941	0.011859
5.6994	1.6192	0.015035
5.6994	1.6444	0.016241
5.6994	1.6695	0.014916
5.6994	1.6946	0.011548
5.6994	1.7197	0.0073148
5.6994	1.7448	0.0035129
5.6994	1.7699	0.001045
5.6994	1.8452	0.00051754
5.6994	1.8703	0.00074133
5.6994	1.8954	0.00063497
5.6994	1.9205	0.00033927
5.7244	-2.3975	0.00033946
5.7244	-2.3724	0.00054444
5.7244	-2.3473	0.00072939
5.7244	-2.3222	0.00083252
5.7244	-2.2971	0.00081139
5.7244	-2.272	0.00066696
5.7244	-2.2469	0.00044822
5.7244	-1.4184	0.00027729
5.7244	-1.2929	0.00060365
5.7244	-1.2678	0.0012082
5.7244	-1.2427	0.0015028
5.7244	-1.2176	0.0011309
5.7244	-1.1925	0.00031361
5.7244	-1.1423	0.0020353
5.7244	-1.1172	0.0075048
5.7244	-1.0921	0.01661
5.7244	-1.0669	0.027612
5.7244	-1.0418	0.03749
5.7244	-1.0167	0.042902
5.7244	-0.99163	0.041879
5.7244	-0.96653	0.03488
5.7244	-0.94142	0.024227
5.7244	-0.91632	0.013441
5.7244	-0.89121	0.0053114
5.7244	-0.86611	0.0010305
5.7244	-0.8159	0.00064148
5.7244	-0.79079	0.0014053
5.7244	-0.76569	0.0015182
5.7244	-0.74059	0.0010345
5.7244	-0.71548	0.00041613
5.7244	-0.11297	0.00031372
5.7244	-0.087866	0.0003884
5.7244	-0.062762	0.00028316
5.7244	0.012552	0.00028465
5.7244	0.037657	0.00085166
5.7244	0.062762	0.0013502
5.7244	0.087866	0.0013582
5.7244	0.11297	0.00076004
5.7244	0.16318	0.00033561
5.7244	0.18828	0.0025132
5.7244	0.21339	0.0068667
5.7244	0.23849	0.012541
5.7244	0.2636	0.017813
5.7244	0.2887	0.02093
5.7244	0.31381	0.020734
5.7244	0.33891	0.017576
5.7244	0.36402	0.012556
5.7244	0.38912	0.0073847
5.7244	0.41423	0.0033521
5.7244	0.43933	0.00099663
5.7244	0.53975	0.00028505
5.7244	1.5188	0.0012276
5.7244	1.5439	0.0032402
5.7244	1.569	0.0061193
5.7244	1.5941	0.0092211
5.7244	1.6192	0.011592
5.7244	1.6444	0.012386
5.7244	1.6695	0.011261
5.7244	1.6946	0.008605
5.7244	1.7197	0.0053187
5.7244	1.7448	0.0024653
5.7244	1.7699	0.00065149
5.7244	1.8452	0.00050926
5.7244	1.8703	0.0006663
5.7244	1.8954	0.00053699
5.7244	1.9205	0.00026491
5.7495	-2.3975	0.00029405
5.7495	-2.3724	0.00047456
5.7495	-2.3473	0.0006457
5.7495	-2.3222	0.00074975
5.7495	-2.2971	0.00074431
5.7495	-2.272	0.00062224
5.7495	-2.2469	0.0004224
5.7495	-1.2929	0.00041498
5.7495	-1.2678	0.00077844
5.7495	-1.2427	0.00092402
5.7495	-1.2176	0.00063854
5.7495	-1.1423	0.0020525
5.7495	-1.1172	0.0069019
5.7495	-1.0921	0.014808
5.7495	-1.0669	0.024526
5.7495	-1.0418	0.033413
5.7495	-1.0167	0.038635
5.7495	-0.99163	0.038096
5.7495	-0.96653	0.031952
5.7495	-0.94142	0.022399
5.7495	-0.91632	0.012361
5.7495	-0.89121	0.0047348
5.7495	-0.86611	0.00076968
5.7495	-0.8159	0.00097077
5.7495	-0.79079	0.0019253
5.7495	-0.76569	0.0020277
5.7495	-0.74059	0.0013622
5.7495	-0.71548	0.00051935
5.7495	-0.64017	0.00033455
5.7495	-0.61506	0.00052423
5.7495	-0.58996	0.00047577
5.7495	-0.56485	0.00027413
5.7495	0.037657	0.00047727
5.7495	0.062762	0.00073694
5.7495	0.087866	0.00071625
5.7495	0.11297	0.00035734
5.7495	0.16318	0.00038528
5.7495	0.18828	0.0022382
5.7495	0.21339	0.0057682
5.7495	0.23849	0.010453
5.7495	0.2636	0.014976
5.7495	0.2887	0.017787
5.7495	0.31381	0.017958
5.7495	0.33891	0.015417
5.7495	0.36402	0.011182
5.7495	0.38912	0.0066274
5.7495	0.41423	0.002986
5.7495	0.43933	0.00084341
5.7495	0.51464	0.00029652
5.7495	0.53975	0.00039704
5.7495	0.56485	0.00031571
5.7495	1.5188	0.00089985
5.7495	1.5439	0.0022827
5.7495	1.569	0.0042131
5.7495	1.5941	0.0063033
5.7495	1.6192	0.0078954
5.7495	1.6444	0.0083969
5.7495	1.6695	0.0075851
5.7495	1.6946	0.0057359
5.7495	1.7197	0.0034637
5.7495	1.7448	0.0015324
5.7495	1.7699	0.00034835
5.7495	1.8452	0.00044501
5.7495	1.8703	0.00053842
5.7495	1.8954	0.00040889
5.7745	-2.3724	0.00031828
5.7745	-2.3473	0.00043825
5.7745	-2.3222	0.0005172
5.7745	-2.2971	0.00052151
5.7745	-2.272	0.0004419
5.7745	-2.2469	0.00029996
5.7745	-1.2678	0.00036367
5.7745	-1.2427	0.00041886
5.7745	-1.2176	0.00026486
5.7745	-1.1423	0.0015936
5.7745	-1.1172	0.0050008
5.7745	-1.0921	0.010575
5.7745	-1.0669	0.017517
5.7745	-1.0418	0.024079
5.7745	-1.0167	0.02812
5.7745	-0.99163	0.028053
5.7745	-0.96653	0.023753
5.7745	-0.94142	0.016649
5.7745	-0.91632	0.009049
5.7745	-0.89121	0.0033123
5.7745	-0.86611	0.00041355
5.7745	-0.8159	0.0011276
5.7745	-0.79079	0.0020153
5.7745	-0.76569	0.002054
5.7745	-0.74059	0.0013285
5.7745	-0.71548	0.00046243
5.7745	-0.64017	0.00051274
5.7745	-0.61506	0.00076031
5.7745	-0.58996	0.00068732
5.7745	-0.56485	0.00038114
5.7745	0.16318	0.0003007
5.7745	0.18828	0.0014386
5.7745	0.21339	0.003632
5.7745	0.23849	0.0066134
5.7745	0.2636	0.0096473
5.7745	0.2887	0.011708
5.7745	0.31381	0.012058
5.7745	0.33891	0.010554
5.7745	0.36402	0.0077607
5.7745	0.38912	0.0046212
5.7745	0.41423	0.0020502
5.7745	0.43933	0.00053248
5.7745	0.51464	0.00031797
5.7745	0.53975	0.00040064
5.7745	0.56485	0.00030936
5.7745	1.5188	0.00053637
5.7745	1.5439	0.0013185
5.7745	1.569	0.0024428
5.7745	1.5941	0.0036527
5.7745	1.6192	0.0045847
5.7745	1.6444	0.0048984
5.7745	1.6695	0.0044235
5.7745	1.6946	0.0033323
5.7745	1.7197	0.0019738
5.7745	1.7448	0.00082687
5.7745	1.8452	0.00034122
5.7745	1.8703	0.00038666
5.7745	1.8954	0.00027688
5.7996	-2.3222	0.00028193
5.7996	-2.2971	0.00028322
5.7996	-1.1423	0.00088826
5.7996	-1.1172	0.0026416
5.7996	-1.0921	0.0056314
5.7996	-1.0669	0.0095595
5.7996	-1.0418	0.013426
5.7996	-1.0167	0.016024
5.7996	-0.99163	0.016314
5.7996	-0.96653	0.013986
5.7996	-0.94142	0.0098874
5.7996	-0.91632	0.0053446
5.7996	-0.89121	0.0017928
5.7996	-0.8159	0.0010243
5.7996	-0.79079	0.0016882
5.7996	-0.76569	0.0016523
5.7996	-0.74059	0.0010188
5.7996	-0.71548	0.00031739
5.7996	-0.64017	0.00059195
5.7996	-0.61506	0.00082802
5.7996	-0.58996	0.00072132
5.7996	-0.56485	0.00037917
5.7996	-0.46444	0.00032431
5.7996	-0.43933	0.0003689
5.7996	-0.41423	0.00025264
5.7996	0.18828	0.00056009
5.7996	0.21339	0.0014583
5.7996	0.23849	0.0027992
5.7996	0.2636	0.00431
5.7996	0.2887	0.0054986
5.7996	0.31381	0.005925
5.7996	0.33891	0.0053764
5.7996	0.36402	0.0040668
5.7996	0.38912	0.0024585
5.7996	0.41423	0.0010764
5.7996	0.43933	0.00025375
5.7996	0.51464	0.00025978
5.7996	0.53975	0.00031234
5.7996	1.5439	0.00056548
5.7996	1.569	0.0010773
5.7996	1.5941	0.0016571
5.7996	1.6192	0.0021239
5.7996	1.6444	0.0023134
5.7996	1.6695	0.0021185
5.7996	1.6946	0.0015925
5.7996	1.7197	0.00092931
5.7996	1.7448	0.0003755
5.8246	-1.1423	0.00027201
5.8246	-1.1172	0.00083414
5.8246	-1.0921	0.0019023
5.8246	-1.0669	0.0034399
5.8246	-1.0418	0.0051155
5.8246	-1.0167	0.0064534
5.8246	-0.99163	0.0068656
5.8246	-0.96653	0.0061465
5.8246	-0.94142	0.0044109
5.8246	-0.91632	0.002406
5.8246	-0.89121	0.000749
5.8246	-0.8159	0.00072257
5.8246	-0.79079	0.001121
5.8246	-0.76569	0.0010552
5.8246	-0.74059	0.00061585
5.8246	-0.64017	0.00053842
5.8246	-0.61506	0.00071709
5.8246	-0.58996	0.00059773
5.8246	-0.56485	0.00029248
5.8246	-0.46444	0.00038709
5.8246	-0.43933	0.0004256
5.8246	-0.41423	0.00028623
5.8246	-0.2887	0.00029285
5.8246	0.23849	0.00044924
5.8246	0.2636	0.00088701
5.8246	0.2887	0.0013384
5.8246	0.31381	0.0016628
5.8246	0.33891	0.0016874
5.8246	0.36402	0.0013857
5.8246	0.38912	0.00088799
5.8246	0.41423	0.00039742
5.8246	1.569	0.00026876
5.8246	1.5941	0.00046208
5.8246	1.6192	0.00065015
5.8246	1.6444	0.00076046
5.8246	1.6695	0.00073624
5.8246	1.6946	0.00057594
5.8246	1.7197	0.00034044
5.8497	-2.3975	0.00031285
5.8497	-2.3724	0.00036579
5.8497	-2.3473	0.00036311
5.8497	-2.3222	0.00030967
5.8497	-1.0921	0.00032378
5.8497	-1.0669	0.00060017
5.8497	-1.0418	0.00097196
5.8497	-1.0167	0.0014066
5.8497	-0.99163	0.0016482
5.8497	-0.96653	0.0016226
5.8497	-0.94142	0.0012443
5.8497	-0.91632	0.00068513
5.8497	-0.8159	0.00036792
5.8497	-0.79079	0.0005529
5.8497	-0.76569	0.00050624
5.8497	-0.74059	0.00027819
5.8497	-0.64017	0.00039412
5.8497	-0.61506	0.00049545
5.8497	-0.58996	0.00039515
5.8497	-0.46444	0.00036776
5.8497	-0.43933	0.00038948
5.8497	-0.41423	0.00025274
5.8497	-0.2887	0.00032105
5.8497	-0.2636	0.00026032
5.8497	-0.13808	0.00031099
5.8497	-0.11297	0.00032657
5.8497	0.037657	0.00026251
5.8747	-2.4477	0.00025472
5.8747	-2.4226	0.0004487
5.8747	-2.3975	0.00063284
5.8747	-2.3724	0.00074529
5.8747	-2.3473	0.00074637
5.8747	-2.3222	0.00063569
5.8747	-2.2971	0.00045592
5.8747	-2.272	0.00026506
5.8747	-1.1423	0.0003471
5.8747	-1.1172	0.00062437
5.8747	-1.0921	0.00082029
5.8747	-1.0669	0.0008577
5.8747	-1.0418	0.00076202
5.8747	-1.0167	0.0005927
5.8747	-0.99163	0.00040771
5.8747	-0.96653	0.00029076
5.8747	-0.61506	0.00026179
5.8747	-0.46444	0.00028463
5.8747	-0.43933	0.00028959
5.8747	-0.2887	0.00028017
5.8747	-0.13808	0.00035942
5.8747	-0.11297	0.00036451
5.8747	0.012552	0.00034275
5.8747	0.037657	0.0004707
5.8747	0.062762	0.00040705
5.8747	0.16318	0.00038159
5.8747	0.18828	0.00087278
5.8747	0.21339	0.0013037
5.8747	0.23849	0.0014824
5.8747	0.2636	0.0013497
5.8747	0.2887	0.0010005
5.8747	0.31381	0.00059925
5.8747	0.33891	0.00027805
5.8998	-2.4477	0.00042525
5.8998	-2.4226	0.00074107
5.8998	-2.3975	0.0010455
5.8998	-2.3724	0.0012373
5.8998	-2.3473	0.0012522
5.8998	-2.3222	0.0010778
5.8998	-2.2971	0.0007793
5.8998	-2.272	0.00045357
5.8998	-1.1674	0.00031399
5.8998	-1.1423	0.00092926
5.8998	-1.1172	0.001718
5.8998	-1.0921	0.0024373
5.8998	-1.0669	0.0028187
5.8998	-1.0418	0.0027375
5.8998	-1.0167	0.002245
5.8998	-0.99163	0.0015371
5.8998	-0.96653	0.00087702
5.8998	-0.94142	0.00037781
5.8998	-0.13808	0.00032831
5.8998	-0.11297	0.00031841
5.8998	0.012552	0.00044455
5.8998	0.037657	0.00058681
5.8998	0.062762	0.0004864
5.8998	0.16318	0.00081667
5.8998	0.18828	0.0018347
5.8998	0.21339	0.002847
5.8998	0.23849	0.003485
5.8998	0.2636	0.0035265
5.8998	0.2887	0.003
5.8998	0.31381	0.0021501
5.8998	0.33891	0.0012736
5.8998	0.36402	0.00060306
5.8998	1.5439	0.0003027
5.8998	1.569	0.00036819
5.8998	1.5941	0.0003696
5.8998	1.6192	0.00030949
5.9248	-2.4728	0.00026596
5.9248	-2.4477	0.00060389
5.9248	-2.4226	0.0010352
5.9248	-2.3975	0.0014544
5.9248	-2.3724	0.0017213
5.9248	-2.3473	0.0017444
5.9248	-2.3222	0.0015044
5.9248	-2.2971	0.0010874
5.9248	-2.272	0.00062912
5.9248	-2.2469	0.00025833
5.9248	-1.1674	0.00053387
5.9248	-1.1423	0.0014645
5.9248	-1.1172	0.0027181
5.9248	-1.0921	0.00397
5.9248	-1.0669	0.0048052
5.9248	-1.0418	0.0049257
5.9248	-1.0167	0.0043071
5.9248	-0.99163	0.0031868
5.9248	-0.96653	0.0019422
5.9248	-0.94142	0.00091609
5.9248	-0.91632	0.00028583
5.9248	0.012552	0.00045393
5.9248	0.037657	0.00056865
5.9248	0.062762	0.00044239
5.9248	0.13808	0.00029232
5.9248	0.16318	0.001207
5.9248	0.18828	0.0026083
5.9248	0.21339	0.0040655
5.9248	0.23849	0.0050951
5.9248	0.2636	0.0053078
5.9248	0.2887	0.0047201
5.9248	0.31381	0.0035512
5.9248	0.33891	0.0022348
5.9248	0.36402	0.0011271
5.9248	0.38912	0.00041768
5.9248	1.5188	0.0002968
5.9248	1.5439	0.00046521
5.9248	1.569	0.00059067
5.9248	1.5941	0.00062703
5.9248	1.6192	0.00056288
5.9248	1.6444	0.00042658
5.9248	1.6695	0.00026512
5.9499	-2.4728	0.0003378
5.9499	-2.4477	0.00074376
5.9499	-2.4226	0.0012542
5.9499	-2.3975	0.0017475
5.9499	-2.3724	0.0020609
5.9499	-2.3473	0.0020832
5.9499	-2.3222	0.0017902
5.9499	-2.2971	0.0012805
5.9499	-2.272	0.00072482
5.9499	-2.2469	0.00028414
5.9499	-1.1674	0.00064047
5.9499	-1.1423	0.0016619
5.9499	-1.1172	0.0030723
5.9499	-1.0921	0.0045412
5.9499	-1.0669	0.0056082
5.9499	-1.0418	0.0058976
5.9499	-1.0167	0.0053192
5.9499	-0.99163	0.0040539
5.9499	-0.96653	0.00254
5.9499	-0.94142	0.0012204
5.9499	-0.91632	0.00037161
5.9499	0.012552	0.00037079
5.9499	0.037657	0.00044022
5.9499	0.062762	0.00032009
5.9499	0.13808	0.0003855
5.9499	0.16318	0.0013762
5.9499	0.18828	0.0028684
5.9499	0.21339	0.0044589
5.9499	0.23849	0.0056068
5.9499	0.2636	0.0059509
5.9499	0.2887	0.005364
5.9499	0.31381	0.0041191
5.9499	0.33891	0.0026379
5.9499	0.36402	0.0013526
5.9499	0.38912	0.00049844
5.9499	1.5188	0.0003268
5.9499	1.5439	0.00051423
5.9499	1.569	0.00066468
5.9499	1.5941	0.00072262
5.9499	1.6192	0.00066634
5.9499	1.6444	0.00051928
5.9499	1.6695	0.00033173
5.9749	-2.4728	0.0003724
5.9749	-2.4477	0.00079669
5.9749	-2.4226	0.0013275
5.9749	-2.3975	0.0018365
5.9749	-2.3724	0.0021559
5.9749	-2.3473	0.0021664
5.9749	-2.3222	0.0018468
5.9749	-2.2971	0.0013042
5.9749	-2.272	0.00071724
5.9749	-2.2469	0.00026347
5.9749	-1.1674	0.00057718
5.9749	-1.1423	0.0014372
5.9749	-1.1172	0.0026392
5.9749	-1.0921	0.0039324
5.9749	-1.0669	0.0049334
5.9749	-1.0418	0.0052899
5.9749	-1.0167	0.0048468
5.9749	-0.99163	0.0037623
5.9749	-0.96653	0.0023821
5.9749	-0.94142	0.0011376
5.9749	-0.91632	0.00032616
5.9749	-0.8159	0.00030115
5.9749	-0.79079	0.00026251
5.9749	0.037657	0.00027047
5.9749	0.13808	0.00039287
5.9749	0.16318	0.001252
5.9749	0.18828	0.0025344
5.9749	0.21339	0.0039249
5.9749	0.23849	0.0049635
5.9749	0.2636	0.0053002
5.9749	0.2887	0.0048317
5.9749	0.31381	0.0037406
5.9749	0.33891	0.0024152
5.9749	0.36402	0.0012322
5.9749	0.38912	0.00043978
5.9749	1.5188	0.0002789
5.9749	1.5439	0.00044068
5.9749	1.569	0.0005767
5.9749	1.5941	0.0006366
5.9749	1.6192	0.00059735
5.9749	1.6444	0.00047119
5.9749	1.6695	0.00030404
