-6	0.96653	0.0019577
-6	0.99163	0.0027956
-6	1.0167	0.0036322
-6	1.0418	0.0047995
-6	1.0669	0.0049199
-6	1.0921	0.0046707
-6	1.1172	0.0032709
-6	1.1423	0.0023548
-6	2.3473	0.0019327
-6	2.3724	0.0021536
-6	2.3975	0.0020728
-6	2.4226	0.0017877
-5.9749	0.99163	0.0022923
-5.9749	1.0167	0.0029685
-5.9749	1.0418	0.0039264
-5.9749	1.0669	0.0040351
-5.9749	1.0921	0.0038426
-5.9749	1.1172	0.0027066
-5.9749	1.1423	0.0019511
-5.9499	1.0418	0.0021624
-5.9499	1.0669	0.0022409
-5.9499	1.0921	0.0021547
-5.8246	1.0167	0.0019243
-5.8246	1.0418	0.0019066
-5.7996	0.96653	0.0022634
-5.7996	0.99163	0.0026762
-5.7996	1.0167	0.0029301
-5.7996	1.0418	0.0028242
-5.7996	1.0669	0.0024815
-5.7996	1.0921	0.0020105
-5.7745	0.96653	0.0031035
-5.7745	0.99163	0.0036039
-5.7745	1.0167	0.0038802
-5.7745	1.0418	0.0036213
-5.7745	1.0669	0.0031294
-5.7745	1.0921	0.00249
-5.7495	0.94142	0.0022242
-5.7495	0.96653	0.0037699
-5.7495	0.99163	0.0043155
-5.7495	1.0167	0.0045815
-5.7495	1.0418	0.0041494
-5.7495	1.0669	0.0035241
-5.7495	1.0921	0.0027478
-5.7244	0.94142	0.0024399
-5.7244	0.96653	0.0040434
-5.7244	0.99163	0.0045846
-5.7244	1.0167	0.0048194
-5.7244	1.0418	0.0042632
-5.7244	1.0669	0.0035653
-5.7244	1.0921	0.0027259
-5.6994	0.94142	0.0022886
-5.6994	0.96653	0.0037563
-5.6994	0.99163	0.0042437
-5.6994	1.0167	0.0044421
-5.6994	1.0418	0.0038758
-5.6994	1.0669	0.0032044
-5.6994	1.0921	0.0024098
-5.6743	0.96653	0.0023299
-5.6743	0.99163	0.002667
-5.6743	1.0167	0.0028229
-5.6743	1.0418	0.0024903
-5.6743	1.0669	0.0020523
-5.5491	0.94142	0.0018967
-5.5491	0.96653	0.0019285
-5.524	0.91632	0.0025421
-5.524	0.94142	0.0030084
-5.524	0.96653	0.0032038
-5.524	0.99163	0.0029039
-5.524	1.0167	0.0024077
-5.499	0.91632	0.0030511
-5.499	0.94142	0.0036401
-5.499	0.96653	0.0039702
-5.499	0.99163	0.00365
-5.499	1.0167	0.0030713
-5.4739	0.91632	0.0029503
-5.4739	0.94142	0.00354
-5.4739	0.96653	0.0039243
-5.4739	0.99163	0.0036398
-5.4739	1.0167	0.0030878
-5.4489	0.91632	0.002382
-5.4489	0.94142	0.0028615
-5.4489	0.96653	0.0031985
-5.4489	0.99163	0.0029814
-5.4489	1.0167	0.0025395
-5.4238	0.94142	0.0019857
-5.4238	0.96653	0.0020397
-5.4238	0.99163	0.0018424
-5.3987	0.91632	0.0023165
-5.3987	0.94142	0.0024296
-5.3987	0.96653	0.0021364
-5.3987	0.99163	0.0017891
-5.3737	0.86611	0.0021819
-5.3737	0.89121	0.0029584
-5.3737	0.91632	0.0039672
-5.3737	0.94142	0.0040282
-5.3737	0.96653	0.0032665
-5.3737	0.99163	0.0026001
-5.3737	1.0167	0.0018873
-5.3486	0.841	0.0023302
-5.3486	0.86611	0.0035726
-5.3486	0.89121	0.0047947
-5.3486	0.91632	0.0063631
-5.3486	0.94142	0.0064325
-5.3486	0.96653	0.0051414
-5.3486	0.99163	0.0040401
-5.3486	1.0167	0.0028766
-5.3236	0.841	0.0032455
-5.3236	0.86611	0.0049098
-5.3236	0.89121	0.0065531
-5.3236	0.91632	0.0086924
-5.3236	0.94142	0.0088022
-5.3236	0.96653	0.007048
-5.3236	0.99163	0.0055257
-5.3236	1.0167	0.0039082
-5.2985	0.841	0.0037764
-5.2985	0.86611	0.005657
-5.2985	0.89121	0.0075264
-5.2985	0.91632	0.010009
-5.2985	0.94142	0.010167
-5.2985	0.96653	0.0081765
-5.2985	0.99163	0.0064057
-5.2985	1.0167	0.0045076
-5.2735	0.841	0.0036515
-5.2735	0.86611	0.0054405
-5.2735	0.89121	0.0072388
-5.2735	0.91632	0.0096975
-5.2735	0.94142	0.0098958
-5.2735	0.96653	0.0080133
-5.2735	0.99163	0.0062778
-5.2735	1.0167	0.0043963
-5.2484	0.841	0.0028785
-5.2484	0.86611	0.0042923
-5.2484	0.89121	0.0057415
-5.2484	0.91632	0.0078151
-5.2484	0.94142	0.008041
-5.2484	0.96653	0.0065958
-5.2484	0.99163	0.0051793
-5.2484	1.0167	0.0036159
-5.2234	0.841	0.0018175
-5.2234	0.86611	0.0027236
-5.2234	0.89121	0.0036796
-5.2234	0.91632	0.0051404
-5.2234	0.94142	0.0053606
-5.2234	0.96653	0.0044988
-5.2234	0.99163	0.0035577
-5.2234	1.0167	0.0024872
-5.1983	0.89121	0.0020518
-5.1983	0.91632	0.0028494
-5.1983	0.94142	0.00299
-5.1983	0.96653	0.0025589
-5.1983	0.99163	0.0020426
-5.1733	0.86611	0.0020097
-5.1733	0.89121	0.0022246
-5.1733	0.91632	0.0022134
-5.1733	0.94142	0.0020096
-5.1482	0.841	0.0033299
-5.1482	0.86611	0.0039387
-5.1482	0.89121	0.0042544
-5.1482	0.91632	0.0038946
-5.1482	0.94142	0.0033175
-5.1482	0.96653	0.0018829
-5.1232	0.8159	0.0027415
-5.1232	0.841	0.0053898
-5.1232	0.86611	0.0064032
-5.1232	0.89121	0.006951
-5.1232	0.91632	0.0063897
-5.1232	0.94142	0.0054165
-5.1232	0.96653	0.0029575
-5.1232	0.99163	0.0018477
-5.0981	0.79079	0.0020402
-5.0981	0.8159	0.0035464
-5.0981	0.841	0.0069531
-5.0981	0.86611	0.0083038
-5.0981	0.89121	0.0090764
-5.0981	0.91632	0.0084584
-5.0981	0.94142	0.0072006
-5.0981	0.96653	0.0039071
-5.0981	0.99163	0.0023955
-5.0731	0.79079	0.0021529
-5.0731	0.8159	0.003694
-5.0731	0.841	0.0072495
-5.0731	0.86611	0.0087101
-5.0731	0.89121	0.0095907
-5.0731	0.91632	0.0090678
-5.0731	0.94142	0.0077587
-5.0731	0.96653	0.0041996
-5.0731	0.99163	0.0025363
-5.048	0.79079	0.0017934
-5.048	0.8159	0.0030598
-5.048	0.841	0.0060706
-5.048	0.86611	0.007365
-5.048	0.89121	0.008195
-5.048	0.91632	0.0078996
-5.048	0.94142	0.0068063
-5.048	0.96653	0.0036853
-5.048	0.99163	0.0021935
-5.023	0.8159	0.0019469
-5.023	0.841	0.003959
-5.023	0.86611	0.0048829
-5.023	0.89121	0.0055258
-5.023	0.91632	0.0054943
-5.023	0.94142	0.0047913
-5.023	0.96653	0.0026172
-4.9979	0.841	0.0020104
-4.9979	0.86611	0.002501
-4.9979	0.89121	0.0028725
-4.9979	0.91632	0.0029638
-4.9979	0.94142	0.0026314
-4.9478	0.79079	0.0023644
-4.9478	0.8159	0.0030444
-4.9478	0.841	0.0036984
-4.9478	0.86611	0.0035726
-4.9478	0.89121	0.0031832
-4.9478	0.91632	0.0019852
-4.9228	0.79079	0.0040573
-4.9228	0.8159	0.0052792
-4.9228	0.841	0.0066092
-4.9228	0.86611	0.0064828
-4.9228	0.89121	0.00585
-4.9228	0.91632	0.00367
-4.9228	0.94142	0.0025082
-4.8977	-0.46444	0.0019391
-4.8977	-0.43933	0.0020788
-4.8977	-0.41423	0.0018965
-4.8977	0.76569	0.0020845
-4.8977	0.79079	0.0053592
-4.8977	0.8159	0.0070249
-4.8977	0.841	0.0090096
-4.8977	0.86611	0.0089617
-4.8977	0.89121	0.0081992
-4.8977	0.91632	0.0052555
-4.8977	0.94142	0.0036023
-4.8727	-0.46444	0.0018187
-4.8727	-0.43933	0.0019867
-4.8727	-0.41423	0.0018259
-4.8727	0.76569	0.0021629
-4.8727	0.79079	0.0055426
-4.8727	0.8159	0.0073249
-4.8727	0.841	0.0096088
-4.8727	0.86611	0.0096737
-4.8727	0.89121	0.0089517
-4.8727	0.91632	0.0058301
-4.8727	0.94142	0.0039979
-4.8476	0.79079	0.0043695
-4.8476	0.8159	0.0058696
-4.8476	0.841	0.0079626
-4.8476	0.86611	0.0081417
-4.8476	0.89121	0.0076376
-4.8476	0.91632	0.0050604
-4.8476	0.94142	0.0034668
-4.8225	0.79079	0.00235
-4.8225	0.8159	0.0032914
-4.8225	0.841	0.0047942
-4.8225	0.86611	0.0050483
-4.8225	0.89121	0.0048555
-4.8225	0.91632	0.0033242
-4.8225	0.94142	0.0022841
-4.7975	0.86611	0.0019375
-4.7975	0.89121	0.0019777
-4.7474	0.79079	0.0024378
-4.7474	0.8159	0.00246
-4.7474	0.841	0.0019206
-4.7223	0.74059	0.0028841
-4.7223	0.76569	0.0042339
-4.7223	0.79079	0.0063258
-4.7223	0.8159	0.0066838
-4.7223	0.841	0.0057846
-4.7223	0.86611	0.0047462
-4.7223	0.89121	0.0035632
-4.6973	-0.51464	0.001842
-4.6973	-0.48954	0.0019894
-4.6973	-0.46444	0.0019755
-4.6973	0.71548	0.0031918
-4.6973	0.74059	0.0054832
-4.6973	0.76569	0.0080667
-4.6973	0.79079	0.012484
-4.6973	0.8159	0.01354
-4.6973	0.841	0.012447
-4.6973	0.86611	0.010539
-4.6973	0.89121	0.008153
-4.6973	0.91632	0.0034982
-4.6973	0.94142	0.0018135
-4.6722	-0.48954	0.0018589
-4.6722	-0.46444	0.0018696
-4.6722	0.71548	0.0036515
-4.6722	0.74059	0.0061924
-4.6722	0.76569	0.0090945
-4.6722	0.79079	0.014239
-4.6722	0.8159	0.015586
-4.6722	0.841	0.014619
-4.6722	0.86611	0.01249
-4.6722	0.89121	0.0097261
-4.6722	0.91632	0.0041541
-4.6722	0.94142	0.0021005
-4.6472	0.71548	0.003295
-4.6472	0.74059	0.0055482
-4.6472	0.76569	0.0081645
-4.6472	0.79079	0.012983
-4.6472	0.8159	0.014355
-4.6472	0.841	0.013726
-4.6472	0.86611	0.011816
-4.6472	0.89121	0.0092415
-4.6472	0.91632	0.0038982
-4.6472	0.94142	0.0019071
-4.6221	0.71548	0.002257
-4.6221	0.74059	0.0038132
-4.6221	0.76569	0.0056713
-4.6221	0.79079	0.0092887
-4.6221	0.8159	0.010431
-4.6221	0.841	0.010262
-4.6221	0.86611	0.0089297
-4.6221	0.89121	0.0070324
-4.6221	0.91632	0.0029334
-4.5971	0.74059	0.0019225
-4.5971	0.76569	0.0029047
-4.5971	0.79079	0.004973
-4.5971	0.8159	0.0057212
-4.5971	0.841	0.0058895
-4.5971	0.86611	0.0052231
-4.5971	0.89121	0.0041727
-4.572	0.79079	0.0022505
-4.572	0.8159	0.0025311
-4.572	0.841	0.0026027
-4.572	0.86611	0.0023348
-4.572	0.89121	0.0018906
-4.547	0.74059	0.002135
-4.547	0.76569	0.0024794
-4.547	0.79079	0.0026048
-4.547	0.8159	0.0024106
-4.5219	0.71548	0.0038422
-4.5219	0.74059	0.0049843
-4.5219	0.76569	0.0058008
-4.5219	0.79079	0.0059726
-4.5219	0.8159	0.0053449
-4.5219	0.841	0.0033314
-4.5219	0.86611	0.0022945
-4.4969	0.69038	0.0024861
-4.4969	0.71548	0.0064885
-4.4969	0.74059	0.0084959
-4.4969	0.76569	0.01003
-4.4969	0.79079	0.010695
-4.4969	0.8159	0.0097389
-4.4969	0.841	0.0062183
-4.4969	0.86611	0.0042823
-4.4969	0.89121	0.0026036
-4.4718	0.69038	0.0032373
-4.4718	0.71548	0.0083183
-4.4718	0.74059	0.01096
-4.4718	0.76569	0.013075
-4.4718	0.79079	0.01432
-4.4718	0.8159	0.013227
-4.4718	0.841	0.0086562
-4.4718	0.86611	0.006
-4.4718	0.89121	0.0036381
-4.4468	0.69038	0.0029008
-4.4468	0.71548	0.0074528
-4.4468	0.74059	0.009966
-4.4468	0.76569	0.01211
-4.4468	0.79079	0.013806
-4.4468	0.8159	0.012996
-4.4468	0.841	0.0087472
-4.4468	0.86611	0.0060846
-4.4468	0.89121	0.0036462
-4.4468	2.0711	0.0022434
-4.4468	2.0962	0.0022971
-4.4468	2.1213	0.0021655
-4.4217	0.71548	0.0046568
-4.4217	0.74059	0.006402
-4.4217	0.76569	0.0079923
-4.4217	0.79079	0.00957
-4.4217	0.8159	0.0091977
-4.4217	0.841	0.0063752
-4.4217	0.86611	0.0044551
-4.4217	0.89121	0.0026467
-4.4217	2.0711	0.0020125
-4.4217	2.0962	0.0020809
-4.4217	2.1213	0.0019809
-4.3967	0.74059	0.0024421
-4.3967	0.76569	0.0032811
-4.3967	0.79079	0.0044232
-4.3967	0.8159	0.0044554
-4.3967	0.841	0.0033083
-4.3967	0.86611	0.0023549
-4.3716	-0.64017	0.0019242
-4.3716	-0.61506	0.0027245
-4.3716	-0.58996	0.0034365
-4.3716	-0.56485	0.0040957
-4.3716	-0.53975	0.0039174
-4.3716	-0.51464	0.0027438
-4.3716	-0.48954	0.0019808
-4.3466	-0.64017	0.0034639
-4.3466	-0.61506	0.0049375
-4.3466	-0.58996	0.0063115
-4.3466	-0.56485	0.007829
-4.3466	-0.53975	0.0076783
-4.3466	-0.51464	0.0056999
-4.3466	-0.48954	0.0042487
-4.3466	-0.46444	0.0028122
-4.3215	-0.64017	0.0050485
-4.3215	-0.61506	0.0071984
-4.3215	-0.58996	0.0092499
-4.3215	-0.56485	0.011691
-4.3215	-0.53975	0.0116
-4.3215	-0.51464	0.0088183
-4.3215	-0.48954	0.0066387
-4.3215	-0.46444	0.004419
-4.3215	0.66527	0.0019808
-4.3215	0.69038	0.0029712
-4.3215	0.71548	0.0044869
-4.3215	0.74059	0.0047085
-4.3215	0.76569	0.0045014
-4.3215	0.79079	0.0031267
-4.3215	0.8159	0.0022537
-4.2965	-0.66527	0.0020239
-4.2965	-0.64017	0.0061199
-4.2965	-0.61506	0.008719
-4.2965	-0.58996	0.011238
-4.2965	-0.56485	0.014369
-4.2965	-0.53975	0.014352
-4.2965	-0.51464	0.011028
-4.2965	-0.48954	0.0083134
-4.2965	-0.46444	0.0055062
-4.2965	0.66527	0.0032103
-4.2965	0.69038	0.0049013
-4.2965	0.71548	0.0078947
-4.2965	0.74059	0.0086377
-4.2965	0.76569	0.0086532
-4.2965	0.79079	0.0066927
-4.2965	0.8159	0.0051239
-4.2965	0.841	0.0021291
-4.2714	-0.66527	0.0020749
-4.2714	-0.64017	0.0061621
-4.2714	-0.61506	0.0087952
-4.2714	-0.58996	0.011389
-4.2714	-0.56485	0.014746
-4.2714	-0.53975	0.01482
-4.2714	-0.51464	0.011471
-4.2714	-0.48954	0.0086317
-4.2714	-0.46444	0.005662
-4.2714	0.66527	0.0034565
-4.2714	0.69038	0.0053693
-4.2714	0.71548	0.0091019
-4.2714	0.74059	0.010255
-4.2714	0.76569	0.010591
-4.2714	0.79079	0.0087127
-4.2714	0.8159	0.0068719
-4.2714	0.841	0.0029981
-4.2463	-0.64017	0.004991
-4.2463	-0.61506	0.0071926
-4.2463	-0.58996	0.0094188
-4.2463	-0.56485	0.012472
-4.2463	-0.53975	0.012656
-4.2463	-0.51464	0.0099146
-4.2463	-0.48954	0.0074524
-4.2463	-0.46444	0.0048367
-4.2463	0.66527	0.0023381
-4.2463	0.69038	0.0037736
-4.2463	0.71548	0.0069385
-4.2463	0.74059	0.0081306
-4.2463	0.76569	0.0087165
-4.2463	0.79079	0.0076649
-4.2463	0.8159	0.0062152
-4.2463	0.841	0.0028055
-4.2463	2.0209	0.0018695
-4.2463	2.046	0.0020878
-4.2463	2.0711	0.0019999
-4.2213	-0.64017	0.0018817
-4.2213	-0.61506	0.0028935
-4.2213	-0.58996	0.0040202
-4.2213	-0.56485	0.0058857
-4.2213	-0.53975	0.0062215
-4.2213	-0.51464	0.0051707
-4.2213	-0.48954	0.0039406
-4.2213	-0.46444	0.0025447
-4.2213	0.76569	0.0019047
-4.2213	0.79079	0.0022006
-4.2213	0.8159	0.0019913
-4.2213	2.046	0.001885
-4.2213	2.0711	0.0018781
-4.1962	-0.56485	0.0018408
-4.1962	-0.53975	0.0021519
-4.1962	-0.51464	0.0020742
-4.1962	0.66527	0.0027822
-4.1962	0.69038	0.0028272
-4.1962	0.71548	0.0019568
-4.1712	0.46444	0.0023987
-4.1712	0.48954	0.0028203
-4.1712	0.51464	0.0026395
-4.1712	0.61506	0.003129
-4.1712	0.64017	0.0059137
-4.1712	0.66527	0.011387
-4.1712	0.69038	0.012901
-4.1712	0.71548	0.012126
-4.1712	0.74059	0.010172
-4.1712	0.76569	0.0077338
-4.1712	0.79079	0.0032119
-4.1461	-0.64017	0.0023363
-4.1461	-0.61506	0.0024226
-4.1461	-0.58996	0.0022631
-4.1461	0.31381	0.0019239
-4.1461	0.46444	0.00369
-4.1461	0.48954	0.004266
-4.1461	0.51464	0.0039157
-4.1461	0.58996	0.0027781
-4.1461	0.61506	0.0073662
-4.1461	0.64017	0.013718
-4.1461	0.66527	0.027412
-4.1461	0.69038	0.032202
-4.1461	0.71548	0.03345
-4.1461	0.74059	0.029927
-4.1461	0.76569	0.024556
-4.1461	0.79079	0.012452
-4.1461	0.8159	0.0074861
-4.1211	-0.69038	0.0023368
-4.1211	-0.66527	0.0036328
-4.1211	-0.64017	0.0060492
-4.1211	-0.61506	0.0067138
-4.1211	-0.58996	0.0068074
-4.1211	-0.56485	0.0053408
-4.1211	-0.53975	0.004089
-4.1211	0.31381	0.0019334
-4.1211	0.46444	0.0047098
-4.1211	0.48954	0.0053169
-4.1211	0.51464	0.0047378
-4.1211	0.58996	0.0054267
-4.1211	0.61506	0.013353
-4.1211	0.64017	0.024294
-4.1211	0.66527	0.04874
-4.1211	0.69038	0.058044
-4.1211	0.71548	0.062771
-4.1211	0.74059	0.057584
-4.1211	0.76569	0.048581
-4.1211	0.79079	0.026198
-4.1211	0.8159	0.016254
-4.1211	0.841	0.0036599
-4.096	-0.69038	0.0037375
-4.096	-0.66527	0.0058429
-4.096	-0.64017	0.010085
-4.096	-0.61506	0.011486
-4.096	-0.58996	0.012003
-4.096	-0.56485	0.01012
-4.096	-0.53975	0.0080785
-4.096	-0.51464	0.0035987
-4.096	-0.48954	0.0018569
-4.096	0.43933	0.0019527
-4.096	0.46444	0.0050183
-4.096	0.48954	0.0055194
-4.096	0.51464	0.0047461
-4.096	0.58996	0.0085188
-4.096	0.61506	0.019686
-4.096	0.64017	0.034986
-4.096	0.66527	0.069727
-4.096	0.69038	0.083503
-4.096	0.71548	0.092056
-4.096	0.74059	0.085447
-4.096	0.76569	0.072969
-4.096	0.79079	0.040202
-4.096	0.8159	0.025075
-4.096	0.841	0.0054457
-4.096	0.94142	0.0019091
-4.096	0.96653	0.0018007
-4.071	-0.69038	0.0046104
-4.071	-0.66527	0.007217
-4.071	-0.64017	0.012707
-4.071	-0.61506	0.014687
-4.071	-0.58996	0.015599
-4.071	-0.56485	0.013624
-4.071	-0.53975	0.011065
-4.071	-0.51464	0.0050581
-4.071	-0.48954	0.0026054
-4.071	0.43933	0.001829
-4.071	0.46444	0.0043901
-4.071	0.48954	0.0047122
-4.071	0.51464	0.0038979
-4.071	0.58996	0.010944
-4.071	0.61506	0.024044
-4.071	0.64017	0.041884
-4.071	0.66527	0.082869
-4.071	0.69038	0.099581
-4.071	0.71548	0.11111
-4.071	0.74059	0.10385
-4.071	0.76569	0.089239
-4.071	0.79079	0.049455
-4.071	0.8159	0.030686
-4.071	0.841	0.0061997
-4.071	0.91632	0.0023518
-4.071	0.94142	0.0034484
-4.071	0.96653	0.003117
-4.071	0.99163	0.0021012
-4.0459	-0.69038	0.00444
-4.0459	-0.66527	0.0069868
-4.0459	-0.64017	0.012583
-4.0459	-0.61506	0.014744
-4.0459	-0.58996	0.015885
-4.0459	-0.56485	0.014244
-4.0459	-0.53975	0.011691
-4.0459	-0.51464	0.0053671
-4.0459	-0.48954	0.0027096
-4.0459	0.46444	0.0029884
-4.0459	0.48954	0.0031563
-4.0459	0.51464	0.0025153
-4.0459	0.58996	0.011408
-4.0459	0.61506	0.024142
-4.0459	0.64017	0.041495
-4.0459	0.66527	0.082054
-4.0459	0.69038	0.099107
-4.0459	0.71548	0.11204
-4.0459	0.74059	0.10538
-4.0459	0.76569	0.091008
-4.0459	0.79079	0.050468
-4.0459	0.8159	0.031002
-4.0459	0.841	0.0056786
-4.0459	0.91632	0.0035531
-4.0459	0.94142	0.0049138
-4.0459	0.96653	0.0042008
-4.0459	0.99163	0.0027378
-4.0209	-0.69038	0.0031502
-4.0209	-0.66527	0.005058
-4.0209	-0.64017	0.0095288
-4.0209	-0.61506	0.011416
-4.0209	-0.58996	0.012556
-4.0209	-0.56485	0.011663
-4.0209	-0.53975	0.0096921
-4.0209	-0.51464	0.0044596
-4.0209	-0.48954	0.0021903
-4.0209	-0.36402	0.0018049
-4.0209	0.58996	0.009196
-4.0209	0.61506	0.019088
-4.0209	0.64017	0.032775
-4.0209	0.66527	0.065918
-4.0209	0.69038	0.080545
-4.0209	0.71548	0.093195
-4.0209	0.74059	0.088524
-4.0209	0.76569	0.077049
-4.0209	0.79079	0.042866
-4.0209	0.8159	0.026047
-4.0209	0.841	0.004229
-4.0209	0.91632	0.0043712
-4.0209	0.94142	0.005748
-4.0209	0.96653	0.0046384
-4.0209	0.99163	0.0029053
-3.9958	-0.66527	0.0022715
-3.9958	-0.64017	0.0048401
-3.9958	-0.61506	0.0061059
-3.9958	-0.58996	0.0070298
-3.9958	-0.56485	0.0070282
-3.9958	-0.53975	0.0060004
-3.9958	-0.51464	0.0028237
-3.9958	0.58996	0.0049496
-3.9958	0.61506	0.010465
-3.9958	0.64017	0.018492
-3.9958	0.66527	0.039581
-3.9958	0.69038	0.049801
-3.9958	0.71548	0.060652
-3.9958	0.74059	0.05884
-3.9958	0.76569	0.052107
-3.9958	0.79079	0.029506
-3.9958	0.8159	0.017806
-3.9958	0.841	0.0025154
-3.9958	0.91632	0.0043976
-3.9958	0.94142	0.0055543
-3.9958	0.96653	0.0042513
-3.9958	0.99163	0.0025512
-3.9958	1.1172	0.0021426
-3.9958	1.1423	0.0018297
-3.9708	0.66527	0.0048843
-3.9708	0.69038	0.0077273
-3.9708	0.71548	0.013122
-3.9708	0.74059	0.014389
-3.9708	0.76569	0.014087
-3.9708	0.79079	0.0091677
-3.9708	0.8159	0.00571
-3.9708	0.91632	0.0028108
-3.9708	0.94142	0.0034456
-3.9708	0.96653	0.0025164
-3.9708	1.1172	0.0019876
-3.9457	-0.69038	0.0017927
-3.9457	-0.66527	0.0019487
-3.9457	0.43933	0.0020061
-3.9457	0.46444	0.0019131
-3.9457	0.58996	0.0025618
-3.9457	0.61506	0.0031388
-3.9457	0.64017	0.0031608
-3.9457	0.66527	0.0018473
-3.9457	1.9456	0.0020937
-3.9457	1.9707	0.0022223
-3.9457	1.9958	0.0021197
-3.9207	-0.71548	0.0028151
-3.9207	-0.69038	0.0057774
-3.9207	-0.66527	0.0069042
-3.9207	-0.64017	0.0073351
-3.9207	-0.61506	0.0065604
-3.9207	-0.58996	0.0053166
-3.9207	-0.56485	0.0024791
-3.9207	0.2636	0.0020894
-3.9207	0.2887	0.002172
-3.9207	0.41423	0.002702
-3.9207	0.43933	0.0037923
-3.9207	0.46444	0.0036118
-3.9207	0.48954	0.0023034
-3.9207	0.56485	0.0029555
-3.9207	0.58996	0.011834
-3.9207	0.61506	0.016605
-3.9207	0.64017	0.020169
-3.9207	0.66527	0.021053
-3.9207	0.69038	0.018394
-3.9207	0.71548	0.010201
-3.9207	0.74059	0.0063448
-3.9207	0.76569	0.0034078
-3.9207	1.9205	0.0028232
-3.9207	1.9456	0.0049453
-3.9207	1.9707	0.005441
-3.9207	1.9958	0.0054283
-3.9207	2.0209	0.0041406
-3.9207	2.046	0.0031728
-3.8956	-1.9958	0.0020055
-3.8956	-1.9707	0.0021519
-3.8956	-1.9456	0.0021173
-3.8956	-0.74059	0.0027778
-3.8956	-0.71548	0.0050935
-3.8956	-0.69038	0.010824
-3.8956	-0.66527	0.013338
-3.8956	-0.64017	0.015377
-3.8956	-0.61506	0.014476
-3.8956	-0.58996	0.012446
-3.8956	-0.56485	0.0067309
-3.8956	-0.53975	0.0040531
-3.8956	0.2636	0.0020741
-3.8956	0.2887	0.00211
-3.8956	0.38912	0.0020686
-3.8956	0.41423	0.0038051
-3.8956	0.43933	0.0052079
-3.8956	0.46444	0.004751
-3.8956	0.48954	0.0028542
-3.8956	0.56485	0.006856
-3.8956	0.58996	0.026449
-3.8956	0.61506	0.038154
-3.8956	0.64017	0.048362
-3.8956	0.66527	0.05708
-3.8956	0.69038	0.054097
-3.8956	0.71548	0.037195
-3.8956	0.74059	0.026689
-3.8956	0.76569	0.017093
-3.8956	0.79079	0.0043833
-3.8956	1.8954	0.0028867
-3.8956	1.9205	0.0049063
-3.8956	1.9456	0.0086278
-3.8956	1.9707	0.0096208
-3.8956	1.9958	0.0097724
-3.8956	2.0209	0.007806
-3.8956	2.046	0.0061463
-3.8956	2.0711	0.0028748
-3.8706	-1.9958	0.0023641
-3.8706	-1.9707	0.0025672
-3.8706	-1.9456	0.0025577
-3.8706	-1.9205	0.0019508
-3.8706	-0.74059	0.003772
-3.8706	-0.71548	0.006855
-3.8706	-0.69038	0.014794
-3.8706	-0.66527	0.018521
-3.8706	-0.64017	0.022231
-3.8706	-0.61506	0.021416
-3.8706	-0.58996	0.018868
-3.8706	-0.56485	0.010725
-3.8706	-0.53975	0.0065995
-3.8706	0.38912	0.0023672
-3.8706	0.41423	0.0041526
-3.8706	0.43933	0.005541
-3.8706	0.46444	0.004769
-3.8706	0.48954	0.0026336
-3.8706	0.53975	0.0033504
-3.8706	0.56485	0.011338
-3.8706	0.58996	0.041497
-3.8706	0.61506	0.060246
-3.8706	0.64017	0.077543
-3.8706	0.66527	0.095983
-3.8706	0.69038	0.093766
-3.8706	0.71548	0.069285
-3.8706	0.74059	0.051824
-3.8706	0.76569	0.034716
-3.8706	0.79079	0.0097791
-3.8706	0.8159	0.0034452
-3.8706	1.8703	0.0019511
-3.8706	1.8954	0.0041949
-3.8706	1.9205	0.006968
-3.8706	1.9456	0.012172
-3.8706	1.9707	0.013645
-3.8706	1.9958	0.013976
-3.8706	2.0209	0.011406
-3.8706	2.046	0.009086
-3.8706	2.0711	0.0043363
-3.8706	2.0962	0.0025094
-3.8455	-1.9958	0.0021988
-3.8455	-1.9707	0.002428
-3.8455	-1.9456	0.0024578
-3.8455	-1.9205	0.0019245
-3.8455	-0.74059	0.003915
-3.8455	-0.71548	0.0070984
-3.8455	-0.69038	0.015614
-3.8455	-0.66527	0.019835
-3.8455	-0.64017	0.024588
-3.8455	-0.61506	0.024074
-3.8455	-0.58996	0.021536
-3.8455	-0.56485	0.012522
-3.8455	-0.53975	0.0077165
-3.8455	-0.41423	0.0019959
-3.8455	-0.38912	0.0019578
-3.8455	0.38912	0.0020313
-3.8455	0.41423	0.0034459
-3.8455	0.43933	0.0045143
-3.8455	0.46444	0.0036584
-3.8455	0.48954	0.0018102
-3.8455	0.53975	0.0047461
-3.8455	0.56485	0.014305
-3.8455	0.58996	0.050006
-3.8455	0.61506	0.072751
-3.8455	0.64017	0.094442
-3.8455	0.66527	0.12016
-3.8455	0.69038	0.11935
-3.8455	0.71548	0.091385
-3.8455	0.74059	0.069555
-3.8455	0.76569	0.047314
-3.8455	0.79079	0.013429
-3.8455	0.8159	0.0045421
-3.8455	0.89121	0.0028092
-3.8455	0.91632	0.0034778
-3.8455	0.94142	0.0026542
-3.8455	1.8703	0.0024821
-3.8455	1.8954	0.0050819
-3.8455	1.9205	0.0082792
-3.8455	1.9456	0.014361
-3.8455	1.9707	0.016154
-3.8455	1.9958	0.016634
-3.8455	2.0209	0.013753
-3.8455	2.046	0.011022
-3.8455	2.0711	0.0052861
-3.8455	2.0962	0.0030409
-3.8205	-0.74059	0.0029286
-3.8205	-0.71548	0.0054076
-3.8205	-0.69038	0.012479
-3.8205	-0.66527	0.016249
-3.8205	-0.64017	0.021091
-3.8205	-0.61506	0.021073
-3.8205	-0.58996	0.019185
-3.8205	-0.56485	0.011388
-3.8205	-0.53975	0.006989
-3.8205	-0.43933	0.0021395
-3.8205	-0.41423	0.0026839
-3.8205	-0.38912	0.0026081
-3.8205	0.41423	0.0019718
-3.8205	0.43933	0.0025919
-3.8205	0.46444	0.0020147
-3.8205	0.53975	0.0049732
-3.8205	0.56485	0.01381
-3.8205	0.58996	0.046971
-3.8205	0.61506	0.06872
-3.8205	0.64017	0.090129
-3.8205	0.66527	0.11775
-3.8205	0.69038	0.11863
-3.8205	0.71548	0.093244
-3.8205	0.74059	0.071697
-3.8205	0.76569	0.049058
-3.8205	0.79079	0.013596
-3.8205	0.8159	0.0042579
-3.8205	0.86611	0.0023227
-3.8205	0.89121	0.0044146
-3.8205	0.91632	0.0052988
-3.8205	0.94142	0.0040402
-3.8205	1.8703	0.0025361
-3.8205	1.8954	0.0050099
-3.8205	1.9205	0.0080597
-3.8205	1.9456	0.013983
-3.8205	1.9707	0.015814
-3.8205	1.9958	0.016392
-3.8205	2.0209	0.013735
-3.8205	2.046	0.011063
-3.8205	2.0711	0.0053085
-3.8205	2.0962	0.0030224
-3.7954	-0.71548	0.0023064
-3.7954	-0.69038	0.0062261
-3.7954	-0.66527	0.0086445
-3.7954	-0.64017	0.01247
-3.7954	-0.61506	0.013001
-3.7954	-0.58996	0.012268
-3.7954	-0.56485	0.0076319
-3.7954	-0.53975	0.0046965
-3.7954	-0.43933	0.0022551
-3.7954	-0.41423	0.0027683
-3.7954	-0.38912	0.0026586
-3.7954	0.53975	0.0036192
-3.7954	0.56485	0.0096324
-3.7954	0.58996	0.03326
-3.7954	0.61506	0.049671
-3.7954	0.64017	0.066627
-3.7954	0.66527	0.091029
-3.7954	0.69038	0.093621
-3.7954	0.71548	0.076189
-3.7954	0.74059	0.059293
-3.7954	0.76569	0.040811
-3.7954	0.79079	0.010928
-3.7954	0.8159	0.0030809
-3.7954	0.86611	0.0030831
-3.7954	0.89121	0.0054186
-3.7954	0.91632	0.0062273
-3.7954	0.94142	0.0046817
-3.7954	1.0669	0.0018453
-3.7954	1.0921	0.0018732
-3.7954	1.8703	0.00197
-3.7954	1.8954	0.0038203
-3.7954	1.9205	0.0061404
-3.7954	1.9456	0.010833
-3.7954	1.9707	0.012389
-3.7954	1.9958	0.012992
-3.7954	2.0209	0.01111
-3.7954	2.046	0.0090148
-3.7954	2.0711	0.0043353
-3.7954	2.0962	0.0024393
-3.7704	-0.64017	0.003204
-3.7704	-0.61506	0.0038618
-3.7704	-0.58996	0.0040876
-3.7704	-0.56485	0.0029774
-3.7704	-0.53975	0.0019071
-3.7704	-0.41423	0.0019948
-3.7704	-0.38912	0.0019115
-3.7704	-0.23849	0.0018022
-3.7704	0.56485	0.0033628
-3.7704	0.58996	0.013652
-3.7704	0.61506	0.021962
-3.7704	0.64017	0.0315
-3.7704	0.66527	0.048184
-3.7704	0.69038	0.051938
-3.7704	0.71548	0.045598
-3.7704	0.74059	0.036493
-3.7704	0.76569	0.025598
-3.7704	0.79079	0.0067116
-3.7704	0.86611	0.0031352
-3.7704	0.89121	0.0052069
-3.7704	0.91632	0.0057939
-3.7704	0.94142	0.0042945
-3.7704	1.0418	0.0017993
-3.7704	1.0669	0.0023493
-3.7704	1.0921	0.0023518
-3.7704	1.8954	0.0020875
-3.7704	1.9205	0.0034522
-3.7704	1.9456	0.0064735
-3.7704	1.9707	0.007618
-3.7704	1.9958	0.0081995
-3.7704	2.0209	0.0073233
-3.7704	2.046	0.006039
-3.7704	2.0711	0.0029483
-3.7453	-2.046	0.0023294
-3.7453	-2.0209	0.0025154
-3.7453	-1.9958	0.0021658
-3.7453	-0.76569	0.0025822
-3.7453	-0.74059	0.0037375
-3.7453	-0.71548	0.0046373
-3.7453	-0.69038	0.0048853
-3.7453	-0.66527	0.004192
-3.7453	-0.64017	0.0020685
-3.7453	0.087866	0.0021478
-3.7453	0.23849	0.0022456
-3.7453	0.2636	0.001987
-3.7453	0.38912	0.0021221
-3.7453	0.41423	0.0023085
-3.7453	0.43933	0.0019735
-3.7453	0.69038	0.0030514
-3.7453	0.71548	0.0053778
-3.7453	0.74059	0.0053667
-3.7453	0.76569	0.0044469
-3.7453	0.89121	0.002452
-3.7453	0.91632	0.0028057
-3.7453	0.94142	0.0020876
-3.7453	1.0669	0.0019157
-3.7453	1.0921	0.0018871
-3.7203	-2.0962	0.0020716
-3.7203	-2.0711	0.0034488
-3.7203	-2.046	0.0060309
-3.7203	-2.0209	0.0067368
-3.7203	-1.9958	0.0063711
-3.7203	-1.9707	0.0054276
-3.7203	-1.9456	0.0042216
-3.7203	-1.9205	0.0018722
-3.7203	-0.76569	0.0076867
-3.7203	-0.74059	0.011672
-3.7203	-0.71548	0.015492
-3.7203	-0.69038	0.019808
-3.7203	-0.66527	0.019433
-3.7203	-0.64017	0.014157
-3.7203	-0.61506	0.010394
-3.7203	-0.58996	0.0067816
-3.7203	-0.56485	0.0017867
-3.7203	0.087866	0.0022517
-3.7203	0.21339	0.0025106
-3.7203	0.23849	0.0033643
-3.7203	0.2636	0.0028682
-3.7203	0.36402	0.0018092
-3.7203	0.38912	0.0050792
-3.7203	0.41423	0.0055857
-3.7203	0.43933	0.0048394
-3.7203	0.53975	0.0070114
-3.7203	0.56485	0.011698
-3.7203	0.58996	0.018306
-3.7203	0.61506	0.018545
-3.7203	0.64017	0.016597
-3.7203	0.66527	0.0089946
-3.7203	0.69038	0.0052321
-3.6952	-2.1213	0.0020946
-3.6952	-2.0962	0.0042856
-3.6952	-2.0711	0.0069977
-3.6952	-2.046	0.012196
-3.6952	-2.0209	0.013726
-3.6952	-1.9958	0.013327
-3.6952	-1.9707	0.011553
-3.6952	-1.9456	0.0091633
-3.6952	-1.9205	0.0042401
-3.6952	-1.8954	0.0023681
-3.6952	-0.79079	0.0033718
-3.6952	-0.76569	0.014158
-3.6952	-0.74059	0.021724
-3.6952	-0.71548	0.029429
-3.6952	-0.69038	0.040011
-3.6952	-0.66527	0.040835
-3.6952	-0.64017	0.032774
-3.6952	-0.61506	0.025506
-3.6952	-0.58996	0.01777
-3.6952	-0.56485	0.0054493
-3.6952	-0.53975	0.0020384
-3.6952	0.21339	0.0027811
-3.6952	0.23849	0.0036445
-3.6952	0.2636	0.0029695
-3.6952	0.36402	0.0030596
-3.6952	0.38912	0.0079486
-3.6952	0.41423	0.0086382
-3.6952	0.43933	0.007353
-3.6952	0.51464	0.002067
-3.6952	0.53975	0.019793
-3.6952	0.56485	0.03378
-3.6952	0.58996	0.05997
-3.6952	0.61506	0.06687
-3.6952	0.64017	0.067541
-3.6952	0.66527	0.052049
-3.6952	0.69038	0.03955
-3.6952	0.71548	0.016247
-3.6952	0.74059	0.0083573
-3.6952	0.76569	0.0034556
-3.6952	1.8703	0.0024271
-3.6952	1.8954	0.0031824
-3.6952	1.9205	0.0036146
-3.6952	1.9456	0.0032982
-3.6952	1.9707	0.0026924
-3.6952	1.9958	0.0019792
-3.6701	-2.1213	0.004315
-3.6701	-2.0962	0.008435
-3.6701	-2.0711	0.013471
-3.6701	-2.046	0.023098
-3.6701	-2.0209	0.025968
-3.6701	-1.9958	0.025315
-3.6701	-1.9707	0.022024
-3.6701	-1.9456	0.01753
-3.6701	-1.9205	0.0081235
-3.6701	-1.8954	0.0045003
-3.6701	-1.8703	0.0020142
-3.6701	-0.79079	0.0053144
-3.6701	-0.76569	0.021156
-3.6701	-0.74059	0.03245
-3.6701	-0.71548	0.044248
-3.6701	-0.69038	0.061669
-3.6701	-0.66527	0.063954
-3.6701	-0.64017	0.053206
-3.6701	-0.61506	0.042175
-3.6701	-0.58996	0.029885
-3.6701	-0.56485	0.0092777
-3.6701	-0.53975	0.0033408
-3.6701	-0.46444	0.0019666
-3.6701	-0.43933	0.0026031
-3.6701	-0.41423	0.0020201
-3.6701	0.21339	0.0021277
-3.6701	0.23849	0.002751
-3.6701	0.2636	0.0021478
-3.6701	0.36402	0.003518
-3.6701	0.38912	0.0085059
-3.6701	0.41423	0.0090648
-3.6701	0.43933	0.007482
-3.6701	0.51464	0.0042363
-3.6701	0.53975	0.032647
-3.6701	0.56485	0.055495
-3.6701	0.58996	0.10229
-3.6701	0.61506	0.11776
-3.6701	0.64017	0.12363
-3.6701	0.66527	0.10501
-3.6701	0.69038	0.084717
-3.6701	0.71548	0.040405
-3.6701	0.74059	0.022841
-3.6701	0.76569	0.010571
-3.6701	1.7197	0.0018814
-3.6701	1.8703	0.0057525
-3.6701	1.8954	0.0077655
-3.6701	1.9205	0.0092136
-3.6701	1.9456	0.0095175
-3.6701	1.9707	0.0084292
-3.6701	1.9958	0.0068291
-3.6701	2.0209	0.0033703
-3.6701	2.046	0.0020061
-3.6451	-2.2469	0.0021861
-3.6451	-2.2218	0.0020309
-3.6451	-2.1213	0.0074437
-3.6451	-2.0962	0.013995
-3.6451	-2.0711	0.021905
-3.6451	-2.046	0.036939
-3.6451	-2.0209	0.041412
-3.6451	-1.9958	0.040319
-3.6451	-1.9707	0.035068
-3.6451	-1.9456	0.027878
-3.6451	-1.9205	0.012762
-3.6451	-1.8954	0.0069408
-3.6451	-1.8703	0.0029804
-3.6451	-0.8159	0.0023887
-3.6451	-0.79079	0.0072955
-3.6451	-0.76569	0.028009
-3.6451	-0.74059	0.043048
-3.6451	-0.71548	0.059102
-3.6451	-0.69038	0.084067
-3.6451	-0.66527	0.088182
-3.6451	-0.64017	0.07495
-3.6451	-0.61506	0.059889
-3.6451	-0.58996	0.042598
-3.6451	-0.56485	0.012852
-3.6451	-0.53975	0.0042724
-3.6451	-0.48954	0.0021905
-3.6451	-0.46444	0.0044065
-3.6451	-0.43933	0.005646
-3.6451	-0.41423	0.0043976
-3.6451	-0.38912	0.0026251
-3.6451	0.36402	0.0031894
-3.6451	0.38912	0.0073148
-3.6451	0.41423	0.0076464
-3.6451	0.43933	0.0060841
-3.6451	0.51464	0.0063398
-3.6451	0.53975	0.041462
-3.6451	0.56485	0.069756
-3.6451	0.58996	0.1301
-3.6451	0.61506	0.15186
-3.6451	0.64017	0.16215
-3.6451	0.66527	0.14337
-3.6451	0.69038	0.11828
-3.6451	0.71548	0.059015
-3.6451	0.74059	0.034002
-3.6451	0.76569	0.015878
-3.6451	0.841	0.0032069
-3.6451	0.86611	0.0039017
-3.6451	0.89121	0.003556
-3.6451	1.7197	0.0018281
-3.6451	1.8452	0.0026242
-3.6451	1.8703	0.0084081
-3.6451	1.8954	0.011454
-3.6451	1.9205	0.013836
-3.6451	1.9456	0.015066
-3.6451	1.9707	0.013787
-3.6451	1.9958	0.011586
-3.6451	2.0209	0.0062189
-3.6451	2.046	0.00388
-3.62	-2.2469	0.0021418
-3.62	-2.2218	0.0018931
-3.62	-2.1213	0.0094463
-3.62	-2.0962	0.017147
-3.62	-2.0711	0.026315
-3.62	-2.046	0.043525
-3.62	-2.0209	0.048553
-3.62	-1.9958	0.046949
-3.62	-1.9707	0.040685
-3.62	-1.9456	0.032177
-3.62	-1.9205	0.0144
-3.62	-1.8954	0.0076251
-3.62	-1.8703	0.0030955
-3.62	-0.8159	0.0023905
-3.62	-0.79079	0.0069597
-3.62	-0.76569	0.026881
-3.62	-0.74059	0.041997
-3.62	-0.71548	0.058758
-3.62	-0.69038	0.086898
-3.62	-0.66527	0.092844
-3.62	-0.64017	0.081405
-3.62	-0.61506	0.065738
-3.62	-0.58996	0.046963
-3.62	-0.56485	0.013626
-3.62	-0.53975	0.0040567
-3.62	-0.48954	0.004033
-3.62	-0.46444	0.007409
-3.62	-0.43933	0.0090471
-3.62	-0.41423	0.0069455
-3.62	-0.38912	0.0040292
-3.62	-0.31381	0.0026824
-3.62	-0.2887	0.0036207
-3.62	-0.2636	0.0037098
-3.62	-0.23849	0.0018127
-3.62	0.36402	0.0021525
-3.62	0.38912	0.0049917
-3.62	0.41423	0.005217
-3.62	0.43933	0.0040418
-3.62	0.51464	0.0077854
-3.62	0.53975	0.045647
-3.62	0.56485	0.07653
-3.62	0.58996	0.14502
-3.62	0.61506	0.17142
-3.62	0.64017	0.18559
-3.62	0.66527	0.16881
-3.62	0.69038	0.14108
-3.62	0.71548	0.071636
-3.62	0.74059	0.041211
-3.62	0.76569	0.018851
-3.62	0.841	0.0060134
-3.62	0.86611	0.0072176
-3.62	0.89121	0.0066307
-3.62	0.91632	0.0026194
-3.62	1.8452	0.0029428
-3.62	1.8703	0.0089985
-3.62	1.8954	0.012272
-3.62	1.9205	0.014933
-3.62	1.9456	0.016674
-3.62	1.9707	0.015498
-3.62	1.9958	0.01324
-3.62	2.0209	0.0073467
-3.62	2.046	0.0046492
-3.595	-2.2469	0.0018644
-3.595	-2.1213	0.010368
-3.595	-2.0962	0.018182
-3.595	-2.0711	0.027308
-3.595	-2.046	0.044001
-3.595	-2.0209	0.048636
-3.595	-1.9958	0.046272
-3.595	-1.9707	0.039742
-3.595	-1.9456	0.03109
-3.595	-1.9205	0.01341
-3.595	-1.8954	0.0068434
-3.595	-1.8703	0.0025778
-3.595	-0.79079	0.0031996
-3.595	-0.76569	0.013787
-3.595	-0.74059	0.022709
-3.595	-0.71548	0.033362
-3.595	-0.69038	0.053702
-3.595	-0.66527	0.059475
-3.595	-0.64017	0.055258
-3.595	-0.61506	0.045541
-3.595	-0.58996	0.032916
-3.595	-0.56485	0.0091861
-3.595	-0.53975	0.0023621
-3.595	-0.48954	0.0047063
-3.595	-0.46444	0.0080652
-3.595	-0.43933	0.0094283
-3.595	-0.41423	0.0070994
-3.595	-0.38912	0.0039553
-3.595	-0.31381	0.00407
-3.595	-0.2887	0.0053531
-3.595	-0.2636	0.0054249
-3.595	-0.23849	0.002561
-3.595	-0.13808	0.0022355
-3.595	-0.11297	0.0031189
-3.595	-0.087866	0.0025063
-3.595	0.41423	0.0018691
-3.595	0.51464	0.0062809
-3.595	0.53975	0.035945
-3.595	0.56485	0.06156
-3.595	0.58996	0.12299
-3.595	0.61506	0.14935
-3.595	0.64017	0.16593
-3.595	0.66527	0.15806
-3.595	0.69038	0.13464
-3.595	0.71548	0.069982
-3.595	0.74059	0.040124
-3.595	0.76569	0.017817
-3.595	0.841	0.0089597
-3.595	0.86611	0.010509
-3.595	0.89121	0.0095695
-3.595	0.91632	0.0036791
-3.595	1.0167	0.0023704
-3.595	1.0418	0.0028451
-3.595	1.0669	0.0021386
-3.595	1.8452	0.0028462
-3.595	1.8703	0.0084325
-3.595	1.8954	0.011532
-3.595	1.9205	0.014139
-3.595	1.9456	0.016112
-3.595	1.9707	0.015142
-3.595	1.9958	0.013073
-3.595	2.0209	0.0073725
-3.595	2.046	0.0046768
-3.5699	-2.1464	0.0018732
-3.5699	-2.1213	0.011779
-3.5699	-2.0962	0.020003
-3.5699	-2.0711	0.029413
-3.5699	-2.046	0.046081
-3.5699	-2.0209	0.050388
-3.5699	-1.9958	0.046962
-3.5699	-1.9707	0.03987
-3.5699	-1.9456	0.030752
-3.5699	-1.9205	0.012667
-3.5699	-1.8954	0.0061747
-3.5699	-1.8703	0.0021148
-3.5699	-0.76569	0.0020344
-3.5699	-0.74059	0.0044093
-3.5699	-0.71548	0.0079475
-3.5699	-0.69038	0.017017
-3.5699	-0.66527	0.020885
-3.5699	-0.64017	0.022591
-3.5699	-0.61506	0.01964
-3.5699	-0.58996	0.014738
-3.5699	-0.56485	0.0040573
-3.5699	-0.48954	0.0037169
-3.5699	-0.46444	0.0060711
-3.5699	-0.43933	0.0068787
-3.5699	-0.41423	0.0050754
-3.5699	-0.38912	0.0026913
-3.5699	-0.31381	0.0042434
-3.5699	-0.2887	0.0054249
-3.5699	-0.2636	0.0053961
-3.5699	-0.23849	0.0023826
-3.5699	-0.13808	0.0031675
-3.5699	-0.11297	0.004273
-3.5699	-0.087866	0.0034018
-3.5699	0.012552	0.0023096
-3.5699	0.037657	0.0031031
-3.5699	0.062762	0.0032024
-3.5699	0.53975	0.012458
-3.5699	0.56485	0.023571
-3.5699	0.58996	0.055548
-3.5699	0.61506	0.072198
-3.5699	0.64017	0.08517
-3.5699	0.66527	0.089567
-3.5699	0.69038	0.079352
-3.5699	0.71548	0.043507
-3.5699	0.74059	0.025083
-3.5699	0.76569	0.010814
-3.5699	0.8159	0.0018562
-3.5699	0.841	0.0089728
-3.5699	0.86611	0.010341
-3.5699	0.89121	0.0093398
-3.5699	0.91632	0.0034351
-3.5699	0.99163	0.001895
-3.5699	1.0167	0.003335
-3.5699	1.0418	0.0039389
-3.5699	1.0669	0.0029537
-3.5699	1.8452	0.0021446
-3.5699	1.8703	0.0064613
-3.5699	1.8954	0.0090215
-3.5699	1.9205	0.01131
-3.5699	1.9456	0.01347
-3.5699	1.9707	0.012915
-3.5699	1.9958	0.011354
-3.5699	2.0209	0.0065714
-3.5699	2.046	0.0041877
-3.5449	-2.1464	0.0024631
-3.5449	-2.1213	0.013405
-3.5449	-2.0962	0.022175
-3.5449	-2.0711	0.032051
-3.5449	-2.046	0.049113
-3.5449	-2.0209	0.053248
-3.5449	-1.9958	0.048787
-3.5449	-1.9707	0.04099
-3.5449	-1.9456	0.031194
-3.5449	-1.9205	0.012246
-3.5449	-1.8954	0.0056681
-3.5449	-1.795	0.002146
-3.5449	-1.7699	0.0019889
-3.5449	-0.79079	0.0021764
-3.5449	-0.76569	0.0022728
-3.5449	-0.64017	0.0028985
-3.5449	-0.61506	0.003416
-3.5449	-0.58996	0.0031651
-3.5449	-0.48954	0.0021094
-3.5449	-0.46444	0.003436
-3.5449	-0.43933	0.0039783
-3.5449	-0.41423	0.0029212
-3.5449	-0.31381	0.0037272
-3.5449	-0.2887	0.0046629
-3.5449	-0.2636	0.0045606
-3.5449	-0.23849	0.001857
-3.5449	-0.16318	0.0020855
-3.5449	-0.13808	0.0037201
-3.5449	-0.11297	0.0047763
-3.5449	-0.087866	0.00371
-3.5449	0.012552	0.0035611
-3.5449	0.037657	0.004687
-3.5449	0.062762	0.0047894
-3.5449	0.087866	0.0022533
-3.5449	0.18828	0.0028808
-3.5449	0.21339	0.0040563
-3.5449	0.23849	0.0033008
-3.5449	0.33891	0.0018859
-3.5449	0.36402	0.002538
-3.5449	0.38912	0.0020315
-3.5449	0.58996	0.0057963
-3.5449	0.61506	0.010606
-3.5449	0.64017	0.016025
-3.5449	0.66527	0.023531
-3.5449	0.69038	0.023404
-3.5449	0.71548	0.015028
-3.5449	0.74059	0.0090113
-3.5449	0.76569	0.0038414
-3.5449	0.841	0.0057757
-3.5449	0.86611	0.0066172
-3.5449	0.89121	0.0059647
-3.5449	0.91632	0.0020855
-3.5449	0.99163	0.0018497
-3.5449	1.0167	0.0031043
-3.5449	1.0418	0.0035655
-3.5449	1.0669	0.002635
-3.5449	1.1925	0.0021432
-3.5449	1.2176	0.0020829
-3.5449	1.8703	0.0026576
-3.5449	1.8954	0.0040123
-3.5449	1.9205	0.0053981
-3.5449	1.9456	0.0072459
-3.5449	1.9707	0.0073043
-3.5449	1.9958	0.0067097
-3.5449	2.0209	0.0041586
-3.5449	2.046	0.0027074
-3.5198	-2.1464	0.0025959
-3.5198	-2.1213	0.012615
-3.5198	-2.0962	0.020448
-3.5198	-2.0711	0.029182
-3.5198	-2.046	0.044061
-3.5198	-2.0209	0.047517
-3.5198	-1.9958	0.043046
-3.5198	-1.9707	0.035879
-3.5198	-1.9456	0.026993
-3.5198	-1.9205	0.010102
-3.5198	-1.8954	0.0044124
-3.5198	-1.795	0.0022784
-3.5198	-1.7699	0.0020254
-3.5198	-0.96653	0.0028855
-3.5198	-0.94142	0.0047379
-3.5198	-0.91632	0.0042113
-3.5198	-0.8159	0.010246
-3.5198	-0.79079	0.017692
-3.5198	-0.76569	0.030878
-3.5198	-0.74059	0.033551
-3.5198	-0.71548	0.032594
-3.5198	-0.69038	0.022054
-3.5198	-0.66527	0.015115
-3.5198	-0.64017	0.0043779
-3.5198	-0.31381	0.0026901
-3.5198	-0.2887	0.0033834
-3.5198	-0.2636	0.0033194
-3.5198	-0.16318	0.0023524
-3.5198	-0.13808	0.0040063
-3.5198	-0.11297	0.0049441
-3.5198	-0.087866	0.0037411
-3.5198	0.012552	0.0049973
-3.5198	0.037657	0.0064065
-3.5198	0.062762	0.0064154
-3.5198	0.087866	0.0027775
-3.5198	0.16318	0.002991
-3.5198	0.18828	0.0055355
-3.5198	0.21339	0.0075574
-3.5198	0.23849	0.0060843
-3.5198	0.33891	0.0059997
-3.5198	0.36402	0.0083068
-3.5198	0.38912	0.0075308
-3.5198	0.41423	0.0047341
-3.5198	0.43933	0.0017891
-3.5198	0.48954	0.0034437
-3.5198	0.51464	0.0077473
-3.5198	0.53975	0.015099
-3.5198	0.56485	0.015752
-3.5198	0.58996	0.010437
-3.5198	0.61506	0.0063522
-3.5198	0.64017	0.0028773
-3.5198	0.841	0.0024266
-3.5198	0.86611	0.0028945
-3.5198	0.89121	0.0026959
-3.5198	1.0167	0.0022572
-3.5198	1.0418	0.0025445
-3.5198	1.0669	0.0018487
-3.5198	1.1925	0.0020964
-3.5198	1.2176	0.0020071
-3.5198	1.9958	0.0018048
-3.4948	-2.1464	0.0020801
-3.4948	-2.1213	0.0087973
-3.4948	-2.0962	0.013863
-3.4948	-2.0711	0.019414
-3.4948	-2.046	0.028576
-3.4948	-2.0209	0.030491
-3.4948	-1.9958	0.026968
-3.4948	-1.9707	0.022109
-3.4948	-1.9456	0.016258
-3.4948	-1.9205	0.0055516
-3.4948	-1.8954	0.002163
-3.4948	-1.795	0.0017799
-3.4948	-1.1423	0.0019557
-3.4948	-1.1172	0.0025901
-3.4948	-1.0921	0.0021251
-3.4948	-0.99163	0.0040531
-3.4948	-0.96653	0.0074415
-3.4948	-0.94142	0.011267
-3.4948	-0.91632	0.0095558
-3.4948	-0.841	0.0057915
-3.4948	-0.8159	0.047391
-3.4948	-0.79079	0.082617
-3.4948	-0.76569	0.15981
-3.4948	-0.74059	0.18834
-3.4948	-0.71548	0.20239
-3.4948	-0.69038	0.18017
-3.4948	-0.66527	0.14892
-3.4948	-0.64017	0.074966
-3.4948	-0.61506	0.043853
-3.4948	-0.58996	0.02128
-3.4948	-0.48954	0.0021511
-3.4948	-0.46444	0.0018202
-3.4948	-0.13808	0.0023308
-3.4948	-0.11297	0.003013
-3.4948	-0.087866	0.0022732
-3.4948	0.012552	0.0055654
-3.4948	0.037657	0.006993
-3.4948	0.062762	0.0068683
-3.4948	0.087866	0.0025786
-3.4948	0.13808	0.0021271
-3.4948	0.16318	0.005993
-3.4948	0.18828	0.010281
-3.4948	0.21339	0.013176
-3.4948	0.23849	0.010191
-3.4948	0.31381	0.003241
-3.4948	0.33891	0.01878
-3.4948	0.36402	0.025381
-3.4948	0.38912	0.022486
-3.4948	0.41423	0.013398
-3.4948	0.43933	0.0040056
-3.4948	0.46444	0.0066652
-3.4948	0.48954	0.026727
-3.4948	0.51464	0.059235
-3.4948	0.53975	0.1397
-3.4948	0.56485	0.17207
-3.4948	0.58996	0.19048
-3.4948	0.61506	0.17424
-3.4948	0.64017	0.14556
-3.4948	0.66527	0.075966
-3.4948	0.69038	0.046364
-3.4948	0.71548	0.010691
-3.4948	0.74059	0.003469
-3.4948	1.8452	0.0020675
-3.4948	1.8703	0.0028283
-3.4948	1.8954	0.0026809
-3.4948	1.9205	0.0022444
-3.4697	-2.1464	0.0018119
-3.4697	-2.1213	0.007165
-3.4697	-2.0962	0.011142
-3.4697	-2.0711	0.015471
-3.4697	-2.046	0.022503
-3.4697	-2.0209	0.023878
-3.4697	-1.9958	0.020807
-3.4697	-1.9707	0.016861
-3.4697	-1.9456	0.012192
-3.4697	-1.9205	0.0038717
-3.4697	-1.1423	0.0025543
-3.4697	-1.1172	0.0032249
-3.4697	-1.0921	0.0023567
-3.4697	-1.0167	0.0024567
-3.4697	-0.99163	0.0063248
-3.4697	-0.96653	0.010921
-3.4697	-0.94142	0.015221
-3.4697	-0.91632	0.01222
-3.4697	-0.841	0.012652
-3.4697	-0.8159	0.085965
-3.4697	-0.79079	0.14691
-3.4697	-0.76569	0.28279
-3.4697	-0.74059	0.3356
-3.4697	-0.71548	0.3646
-3.4697	-0.69038	0.33484
-3.4697	-0.66527	0.28214
-3.4697	-0.64017	0.14812
-3.4697	-0.61506	0.088295
-3.4697	-0.58996	0.043254
-3.4697	-0.56485	0.0023522
-3.4697	-0.51464	0.0073471
-3.4697	-0.48954	0.0095259
-3.4697	-0.46444	0.0091167
-3.4697	-0.43933	0.0039118
-3.4697	0.012552	0.0030208
-3.4697	0.037657	0.0038798
-3.4697	0.062762	0.0038595
-3.4697	0.13808	0.0021407
-3.4697	0.16318	0.0054712
-3.4697	0.18828	0.0091008
-3.4697	0.21339	0.011341
-3.4697	0.23849	0.0085219
-3.4697	0.31381	0.0048798
-3.4697	0.33891	0.023804
-3.4697	0.36402	0.031556
-3.4697	0.38912	0.026817
-3.4697	0.41423	0.014915
-3.4697	0.43933	0.0033493
-3.4697	0.46444	0.015452
-3.4697	0.48954	0.053235
-3.4697	0.51464	0.11408
-3.4697	0.53975	0.27393
-3.4697	0.56485	0.34653
-3.4697	0.58996	0.41277
-3.4697	0.61506	0.39498
-3.4697	0.64017	0.34714
-3.4697	0.66527	0.20422
-3.4697	0.69038	0.13368
-3.4697	0.71548	0.036094
-3.4697	0.74059	0.012594
-3.4697	0.76569	0.0022079
-3.4697	0.8159	0.0032455
-3.4697	0.841	0.0034975
-3.4697	0.86611	0.0023352
-3.4697	1.5188	0.0021732
-3.4697	1.5439	0.0020861
-3.4697	1.6695	0.0021543
-3.4697	1.6946	0.0028064
-3.4697	1.7197	0.0022214
-3.4697	1.8201	0.0042131
-3.4697	1.8452	0.0066735
-3.4697	1.8703	0.010247
-3.4697	1.8954	0.010627
-3.4697	1.9205	0.0099798
-3.4697	1.9456	0.0066327
-3.4697	1.9707	0.0046738
-3.4697	1.9958	0.0029538
-3.4447	-2.1213	0.0056375
-3.4447	-2.0962	0.0087643
-3.4447	-2.0711	0.012201
-3.4447	-2.046	0.017871
-3.4447	-2.0209	0.01901
-3.4447	-1.9958	0.016538
-3.4447	-1.9707	0.01332
-3.4447	-1.9456	0.0095082
-3.4447	-1.9205	0.0028054
-3.4447	-1.1423	0.0036132
-3.4447	-1.1172	0.0043418
-3.4447	-1.0921	0.0027758
-3.4447	-1.0167	0.0044782
-3.4447	-0.99163	0.010341
-3.4447	-0.96653	0.016821
-3.4447	-0.94142	0.021353
-3.4447	-0.91632	0.016011
-3.4447	-0.86611	0.0039031
-3.4447	-0.841	0.026703
-3.4447	-0.8159	0.15438
-3.4447	-0.79079	0.25704
-3.4447	-0.76569	0.48293
-3.4447	-0.74059	0.57013
-3.4447	-0.71548	0.61772
-3.4447	-0.69038	0.56644
-3.4447	-0.66527	0.47712
-3.4447	-0.64017	0.24891
-3.4447	-0.61506	0.14659
-3.4447	-0.58996	0.069711
-3.4447	-0.56485	0.0023639
-3.4447	-0.51464	0.018863
-3.4447	-0.48954	0.023779
-3.4447	-0.46444	0.022745
-3.4447	-0.43933	0.0099532
-3.4447	-0.41423	0.003885
-3.4447	-0.33891	0.003274
-3.4447	-0.31381	0.0042198
-3.4447	-0.2887	0.0031821
-3.4447	-0.2636	0.0018118
-3.4447	0.16318	0.0030948
-3.4447	0.18828	0.0051249
-3.4447	0.21339	0.0063771
-3.4447	0.23849	0.0046672
-3.4447	0.31381	0.0046877
-3.4447	0.33891	0.020025
-3.4447	0.36402	0.026022
-3.4447	0.38912	0.020882
-3.4447	0.41423	0.010543
-3.4447	0.46444	0.021613
-3.4447	0.48954	0.06626
-3.4447	0.51464	0.13719
-3.4447	0.53975	0.32835
-3.4447	0.56485	0.42012
-3.4447	0.58996	0.51799
-3.4447	0.61506	0.50617
-3.4447	0.64017	0.45501
-3.4447	0.66527	0.2806
-3.4447	0.69038	0.18778
-3.4447	0.71548	0.051813
-3.4447	0.74059	0.017441
-3.4447	0.76569	0.0024037
-3.4447	0.79079	0.0043047
-3.4447	0.8159	0.0089711
-3.4447	0.841	0.010567
-3.4447	0.86611	0.0077589
-3.4447	0.89121	0.004381
-3.4447	1.5188	0.0019427
-3.4447	1.5439	0.0018508
-3.4447	1.6695	0.0029233
-3.4447	1.6946	0.0036809
-3.4447	1.7197	0.0028345
-3.4447	1.8201	0.0088851
-3.4447	1.8452	0.01406
-3.4447	1.8703	0.022504
-3.4447	1.8954	0.024128
-3.4447	1.9205	0.023574
-3.4447	1.9456	0.017286
-3.4447	1.9707	0.012931
-3.4447	1.9958	0.0087523
-3.4447	2.0209	0.0027462
-3.4196	-2.1213	0.0030737
-3.4196	-2.0962	0.0049272
-3.4196	-2.0711	0.0070657
-3.4196	-2.046	0.010909
-3.4196	-2.0209	0.011859
-3.4196	-1.9958	0.010652
-3.4196	-1.9707	0.0086474
-3.4196	-1.9456	0.0061687
-3.4196	-1.1674	0.0018889
-3.4196	-1.1423	0.0054756
-3.4196	-1.1172	0.0062724
-3.4196	-1.0921	0.0034599
-3.4196	-1.0167	0.0085988
-3.4196	-0.99163	0.018131
-3.4196	-0.96653	0.027926
-3.4196	-0.94142	0.032199
-3.4196	-0.91632	0.022307
-3.4196	-0.86611	0.011704
-3.4196	-0.841	0.058669
-3.4196	-0.8159	0.29605
-3.4196	-0.79079	0.48037
-3.4196	-0.76569	0.87704
-3.4196	-0.74059	1.0262
-3.4196	-0.71548	1.1038
-3.4196	-0.69038	0.99927
-3.4196	-0.66527	0.83539
-3.4196	-0.64017	0.42512
-3.4196	-0.61506	0.24417
-3.4196	-0.58996	0.11059
-3.4196	-0.53975	0.0054747
-3.4196	-0.51464	0.044283
-3.4196	-0.48954	0.053346
-3.4196	-0.46444	0.049658
-3.4196	-0.43933	0.020416
-3.4196	-0.41423	0.0072726
-3.4196	-0.36402	0.0052662
-3.4196	-0.33891	0.010534
-3.4196	-0.31381	0.013518
-3.4196	-0.2887	0.010438
-3.4196	-0.2636	0.0061035
-3.4196	-0.18828	0.0025905
-3.4196	-0.16318	0.0033288
-3.4196	-0.13808	0.0031636
-3.4196	0.21339	0.002351
-3.4196	0.31381	0.0033486
-3.4196	0.33891	0.013321
-3.4196	0.36402	0.017171
-3.4196	0.38912	0.013059
-3.4196	0.41423	0.0058201
-3.4196	0.46444	0.023691
-3.4196	0.48954	0.066458
-3.4196	0.51464	0.13356
-3.4196	0.53975	0.31667
-3.4196	0.56485	0.40713
-3.4196	0.58996	0.51031
-3.4196	0.61506	0.50348
-3.4196	0.64017	0.45692
-3.4196	0.66527	0.28605
-3.4196	0.69038	0.19186
-3.4196	0.71548	0.051246
-3.4196	0.74059	0.015847
-3.4196	0.79079	0.0076475
-3.4196	0.8159	0.014337
-3.4196	0.841	0.01637
-3.4196	0.86611	0.012066
-3.4196	0.89121	0.0068028
-3.4196	0.96653	0.0023736
-3.4196	0.99163	0.0030743
-3.4196	1.0167	0.0029667
-3.4196	1.6695	0.0023046
-3.4196	1.6946	0.0028485
-3.4196	1.7197	0.0021327
-3.4196	1.795	0.0019439
-3.4196	1.8201	0.011075
-3.4196	1.8452	0.017528
-3.4196	1.8703	0.028965
-3.4196	1.8954	0.031801
-3.4196	1.9205	0.03191
-3.4196	1.9456	0.02483
-3.4196	1.9707	0.019172
-3.4196	1.9958	0.013399
-3.4196	2.0209	0.0044598
-3.4196	2.046	0.0019253
-3.3946	-2.046	0.0031428
-3.3946	-2.0209	0.003651
-3.3946	-1.9958	0.0036321
-3.3946	-1.9707	0.0030553
-3.3946	-1.9456	0.002229
-3.3946	-1.1674	0.0028554
-3.3946	-1.1423	0.0074021
-3.3946	-1.1172	0.0081286
-3.3946	-1.0921	0.0038295
-3.3946	-1.0167	0.015068
-3.3946	-0.99163	0.029539
-3.3946	-0.96653	0.043451
-3.3946	-0.94142	0.045749
-3.3946	-0.91632	0.029012
-3.3946	-0.86611	0.030041
-3.3946	-0.841	0.1219
-3.3946	-0.8159	0.55244
-3.3946	-0.79079	0.87817
-3.3946	-0.76569	1.5685
-3.3946	-0.74059	1.8231
-3.3946	-0.71548	1.9503
-3.3946	-0.69038	1.7458
-3.3946	-0.66527	1.4484
-3.3946	-0.64017	0.71644
-3.3946	-0.61506	0.3993
-3.3946	-0.58996	0.1702
-3.3946	-0.53975	0.018708
-3.3946	-0.51464	0.099808
-3.3946	-0.48954	0.11479
-3.3946	-0.46444	0.10329
-3.3946	-0.43933	0.038693
-3.3946	-0.41423	0.012013
-3.3946	-0.36402	0.016112
-3.3946	-0.33891	0.029358
-3.3946	-0.31381	0.035452
-3.3946	-0.2887	0.026833
-3.3946	-0.2636	0.015172
-3.3946	-0.18828	0.010339
-3.3946	-0.16318	0.013331
-3.3946	-0.13808	0.013058
-3.3946	-0.11297	0.0056606
-3.3946	-0.087866	0.0019922
-3.3946	-0.012552	0.0032193
-3.3946	0.012552	0.0037089
-3.3946	0.037657	0.0026569
-3.3946	0.33891	0.0060822
-3.3946	0.36402	0.0082674
-3.3946	0.38912	0.0064157
-3.3946	0.41423	0.0024838
-3.3946	0.46444	0.022097
-3.3946	0.48954	0.058792
-3.3946	0.51464	0.11681
-3.3946	0.53975	0.28022
-3.3946	0.56485	0.36431
-3.3946	0.58996	0.46747
-3.3946	0.61506	0.46616
-3.3946	0.64017	0.4269
-3.3946	0.66527	0.2698
-3.3946	0.69038	0.18033
-3.3946	0.71548	0.045551
-3.3946	0.74059	0.012454
-3.3946	0.79079	0.011434
-3.3946	0.8159	0.019514
-3.3946	0.841	0.020973
-3.3946	0.86611	0.015131
-3.3946	0.89121	0.0082277
-3.3946	0.96653	0.0044303
-3.3946	0.99163	0.0056285
-3.3946	1.0167	0.0054438
-3.3946	1.0418	0.0023669
-3.3946	1.8201	0.0086638
-3.3946	1.8452	0.013725
-3.3946	1.8703	0.023244
-3.3946	1.8954	0.025963
-3.3946	1.9205	0.02654
-3.3946	1.9456	0.021458
-3.3946	1.9707	0.016873
-3.3946	1.9958	0.011987
-3.3946	2.0209	0.0040545
-3.3695	-1.1674	0.00281
-3.3695	-1.1423	0.0066414
-3.3695	-1.1172	0.0070163
-3.3695	-1.0921	0.0027653
-3.3695	-1.0167	0.017963
-3.3695	-0.99163	0.033245
-3.3695	-0.96653	0.047101
-3.3695	-0.94142	0.045559
-3.3695	-0.91632	0.026105
-3.3695	-0.89121	0.0036186
-3.3695	-0.86611	0.051913
-3.3695	-0.841	0.18156
-3.3695	-0.8159	0.76098
-3.3695	-0.79079	1.1951
-3.3695	-0.76569	2.1176
-3.3695	-0.74059	2.4607
-3.3695	-0.71548	2.6337
-3.3695	-0.69038	2.3574
-3.3695	-0.66527	1.9505
-3.3695	-0.64017	0.94468
-3.3695	-0.61506	0.511
-3.3695	-0.58996	0.20324
-3.3695	-0.53975	0.045287
-3.3695	-0.51464	0.1803
-3.3695	-0.48954	0.19934
-3.3695	-0.46444	0.17384
-3.3695	-0.43933	0.058695
-3.3695	-0.41423	0.01513
-3.3695	-0.36402	0.039297
-3.3695	-0.33891	0.066138
-3.3695	-0.31381	0.074743
-3.3695	-0.2887	0.05487
-3.3695	-0.2636	0.029421
-3.3695	-0.21339	0.0043437
-3.3695	-0.18828	0.030404
-3.3695	-0.16318	0.038169
-3.3695	-0.13808	0.036957
-3.3695	-0.11297	0.015493
-3.3695	-0.087866	0.0049853
-3.3695	-0.062762	0.001802
-3.3695	-0.037657	0.0077818
-3.3695	-0.012552	0.01443
-3.3695	0.012552	0.017959
-3.3695	0.037657	0.013746
-3.3695	0.062762	0.0078615
-3.3695	0.13808	0.0044011
-3.3695	0.16318	0.0054169
-3.3695	0.18828	0.0049579
-3.3695	0.46444	0.01343
-3.3695	0.48954	0.036833
-3.3695	0.51464	0.076785
-3.3695	0.53975	0.20268
-3.3695	0.56485	0.2748
-3.3695	0.58996	0.37836
-3.3695	0.61506	0.3882
-3.3695	0.64017	0.36411
-3.3695	0.66527	0.2374
-3.3695	0.69038	0.15923
-3.3695	0.71548	0.037975
-3.3695	0.74059	0.008819
-3.3695	0.79079	0.015928
-3.3695	0.8159	0.025212
-3.3695	0.841	0.025517
-3.3695	0.86611	0.017891
-3.3695	0.89121	0.0092474
-3.3695	0.96653	0.0073684
-3.3695	0.99163	0.0090458
-3.3695	1.0167	0.0085761
-3.3695	1.0418	0.0035318
-3.3695	1.1423	0.0024319
-3.3695	1.1674	0.00298
-3.3695	1.1925	0.0022473
-3.3695	1.8201	0.0050634
-3.3695	1.8452	0.0081504
-3.3695	1.8703	0.014401
-3.3695	1.8954	0.016437
-3.3695	1.9205	0.017156
-3.3695	1.9456	0.014384
-3.3695	1.9707	0.011474
-3.3695	1.9958	0.0082352
-3.3695	2.0209	0.0027734
-3.3445	-1.1674	0.0019175
-3.3445	-1.1423	0.0041229
-3.3445	-1.1172	0.0041622
-3.3445	-1.0167	0.014253
-3.3445	-0.99163	0.02498
-3.3445	-0.96653	0.034012
-3.3445	-0.94142	0.029746
-3.3445	-0.91632	0.014934
-3.3445	-0.89121	0.0068952
-3.3445	-0.86611	0.055898
-3.3445	-0.841	0.17422
-3.3445	-0.8159	0.68062
-3.3445	-0.79079	1.0553
-3.3445	-0.76569	1.8498
-3.3445	-0.74059	2.1451
-3.3445	-0.71548	2.2932
-3.3445	-0.69038	2.045
-3.3445	-0.66527	1.684
-3.3445	-0.64017	0.79369
-3.3445	-0.61506	0.41387
-3.3445	-0.58996	0.15075
-3.3445	-0.56485	0.0057342
-3.3445	-0.53975	0.064614
-3.3445	-0.51464	0.20603
-3.3445	-0.48954	0.2197
-3.3445	-0.46444	0.18565
-3.3445	-0.43933	0.055482
-3.3445	-0.41423	0.010966
-3.3445	-0.36402	0.060048
-3.3445	-0.33891	0.094579
-3.3445	-0.31381	0.10027
-3.3445	-0.2887	0.071072
-3.3445	-0.2636	0.035649
-3.3445	-0.21339	0.010707
-3.3445	-0.18828	0.056082
-3.3445	-0.16318	0.068303
-3.3445	-0.13808	0.064804
-3.3445	-0.11297	0.025227
-3.3445	-0.087866	0.0069177
-3.3445	-0.062762	0.0060645
-3.3445	-0.037657	0.020875
-3.3445	-0.012552	0.036732
-3.3445	0.012552	0.045065
-3.3445	0.037657	0.034456
-3.3445	0.062762	0.019339
-3.3445	0.11297	0.002565
-3.3445	0.13808	0.020505
-3.3445	0.16318	0.026479
-3.3445	0.18828	0.02626
-3.3445	0.21339	0.011678
-3.3445	0.23849	0.0040698
-3.3445	0.2887	0.004281
-3.3445	0.31381	0.0080127
-3.3445	0.33891	0.0089693
-3.3445	0.36402	0.0061601
-3.3445	0.48954	0.0028531
-3.3445	0.51464	0.011233
-3.3445	0.53975	0.058362
-3.3445	0.56485	0.097419
-3.3445	0.58996	0.17935
-3.3445	0.61506	0.2043
-3.3445	0.64017	0.20871
-3.3445	0.66527	0.15394
-3.3445	0.69038	0.10721
-3.3445	0.71548	0.025142
-3.3445	0.74059	0.0047448
-3.3445	0.79079	0.018826
-3.3445	0.8159	0.028413
-3.3445	0.841	0.027782
-3.3445	0.86611	0.019034
-3.3445	0.89121	0.0093217
-3.3445	0.94142	0.0021633
-3.3445	0.96653	0.011251
-3.3445	0.99163	0.013384
-3.3445	1.0167	0.012407
-3.3445	1.0418	0.004732
-3.3445	1.1172	0.0027518
-3.3445	1.1423	0.004841
-3.3445	1.1674	0.0056823
-3.3445	1.1925	0.0042212
-3.3445	1.2176	0.0022994
-3.3445	1.2929	0.0020575
-3.3445	1.318	0.0025783
-3.3445	1.3431	0.0024864
-3.3445	1.8201	0.0018413
-3.3445	1.8452	0.0032486
-3.3445	1.8703	0.0066559
-3.3445	1.8954	0.0080604
-3.3445	1.9205	0.0088525
-3.3445	1.9456	0.008045
-3.3445	1.9707	0.0066129
-3.3445	1.9958	0.0048528
-3.3194	-1.1423	0.0023197
-3.3194	-1.1172	0.0022241
-3.3194	-1.0167	0.0099472
-3.3194	-0.99163	0.016527
-3.3194	-0.96653	0.021551
-3.3194	-0.94142	0.016685
-3.3194	-0.91632	0.0070132
-3.3194	-0.89121	0.0086541
-3.3194	-0.86611	0.049655
-3.3194	-0.841	0.14059
-3.3194	-0.8159	0.51139
-3.3194	-0.79079	0.77938
-3.3194	-0.76569	1.3363
-3.3194	-0.74059	1.5368
-3.3194	-0.71548	1.63
-3.3194	-0.69038	1.4277
-3.3194	-0.66527	1.1609
-3.3194	-0.64017	0.5224
-3.3194	-0.61506	0.25874
-3.3194	-0.58996	0.083542
-3.3194	-0.56485	0.011492
-3.3194	-0.53975	0.066199
-3.3194	-0.51464	0.17438
-3.3194	-0.48954	0.17831
-3.3194	-0.46444	0.14468
-3.3194	-0.43933	0.036713
-3.3194	-0.41423	0.0047633
-3.3194	-0.38912	0.002952
-3.3194	-0.36402	0.063047
-3.3194	-0.33891	0.093076
-3.3194	-0.31381	0.091162
-3.3194	-0.2887	0.061538
-3.3194	-0.2636	0.028161
-3.3194	-0.21339	0.015913
-3.3194	-0.18828	0.065691
-3.3194	-0.16318	0.077024
-3.3194	-0.13808	0.070778
-3.3194	-0.11297	0.0245
-3.3194	-0.087866	0.0052194
-3.3194	-0.062762	0.011342
-3.3194	-0.037657	0.032498
-3.3194	-0.012552	0.053858
-3.3194	0.012552	0.062825
-3.3194	0.037657	0.046761
-3.3194	0.062762	0.024819
-3.3194	0.11297	0.0071471
-3.3194	0.13808	0.043005
-3.3194	0.16318	0.054913
-3.3194	0.18828	0.054628
-3.3194	0.21339	0.024052
-3.3194	0.23849	0.0075754
-3.3194	0.2636	0.0044535
-3.3194	0.2887	0.018063
-3.3194	0.31381	0.034345
-3.3194	0.33891	0.047192
-3.3194	0.36402	0.038187
-3.3194	0.38912	0.0082494
-3.3194	0.43933	0.0025046
-3.3194	0.46444	0.026633
-3.3194	0.48954	0.037199
-3.3194	0.51464	0.039956
-3.3194	0.53975	0.02186
-3.3194	0.56485	0.0092738
-3.3194	0.61506	0.0080134
-3.3194	0.64017	0.018106
-3.3194	0.66527	0.029456
-3.3194	0.69038	0.025632
-3.3194	0.71548	0.0074412
-3.3194	0.79079	0.012709
-3.3194	0.8159	0.019325
-3.3194	0.841	0.019658
-3.3194	0.86611	0.013505
-3.3194	0.89121	0.0063569
-3.3194	0.94142	0.0029716
-3.3194	0.96653	0.012834
-3.3194	0.99163	0.01505
-3.3194	1.0167	0.01381
-3.3194	1.0418	0.0049107
-3.3194	1.1172	0.004672
-3.3194	1.1423	0.0077741
-3.3194	1.1674	0.0087713
-3.3194	1.1925	0.0063812
-3.3194	1.2176	0.0033186
-3.3194	1.2929	0.0044745
-3.3194	1.318	0.0055083
-3.3194	1.3431	0.0052704
-3.3194	1.3682	0.0021612
-3.3194	1.4686	0.0021345
-3.3194	1.4937	0.0026182
-3.3194	1.5188	0.0019881
-3.3194	1.9205	0.002208
-3.3194	1.9456	0.0027801
-3.3194	1.9707	0.0025535
-3.3194	1.9958	0.0020413
-3.2944	-2.1213	0.0018216
-3.2944	-2.0962	0.0021545
-3.2944	-2.0711	0.0023245
-3.2944	-2.046	0.0020869
-3.2944	-1.0167	0.0071121
-3.2944	-0.99163	0.011251
-3.2944	-0.96653	0.014055
-3.2944	-0.94142	0.0094799
-3.2944	-0.91632	0.0031253
-3.2944	-0.89121	0.0097617
-3.2944	-0.86611	0.044298
-3.2944	-0.841	0.11585
-3.2944	-0.8159	0.39468
-3.2944	-0.79079	0.59109
-3.2944	-0.76569	0.98879
-3.2944	-0.74059	1.1256
-3.2944	-0.71548	1.1817
-3.2944	-0.69038	1.0106
-3.2944	-0.66527	0.80847
-3.2944	-0.64017	0.34332
-3.2944	-0.61506	0.15946
-3.2944	-0.58996	0.043844
-3.2944	-0.56485	0.016534
-3.2944	-0.53975	0.064336
-3.2944	-0.51464	0.14335
-3.2944	-0.48954	0.14013
-3.2944	-0.46444	0.10847
-3.2944	-0.43933	0.022332
-3.2944	-0.38912	0.0055962
-3.2944	-0.36402	0.06122
-3.2944	-0.33891	0.084842
-3.2944	-0.31381	0.075805
-3.2944	-0.2887	0.048106
-3.2944	-0.2636	0.019502
-3.2944	-0.23849	0.0026701
-3.2944	-0.21339	0.019861
-3.2944	-0.18828	0.066681
-3.2944	-0.16318	0.074738
-3.2944	-0.13808	0.065801
-3.2944	-0.11297	0.019339
-3.2944	-0.087866	0.0027481
-3.2944	-0.062762	0.016335
-3.2944	-0.037657	0.040196
-3.2944	-0.012552	0.062453
-3.2944	0.012552	0.067383
-3.2944	0.037657	0.047834
-3.2944	0.062762	0.023233
-3.2944	0.11297	0.013037
-3.2944	0.13808	0.061088
-3.2944	0.16318	0.075393
-3.2944	0.18828	0.073088
-3.2944	0.21339	0.029258
-3.2944	0.23849	0.0074876
-3.2944	0.2636	0.011433
-3.2944	0.2887	0.037679
-3.2944	0.31381	0.068242
-3.2944	0.33891	0.093453
-3.2944	0.36402	0.07612
-3.2944	0.38912	0.014478
-3.2944	0.43933	0.013623
-3.2944	0.46444	0.12648
-3.2944	0.48954	0.20317
-3.2944	0.51464	0.26977
-3.2944	0.53975	0.31673
-3.2944	0.56485	0.28945
-3.2944	0.58996	0.17415
-3.2944	0.61506	0.11281
-3.2944	0.64017	0.063162
-3.2944	0.66527	0.010521
-3.2944	0.69038	0.002446
-3.2944	0.79079	0.0019131
-3.2944	0.8159	0.0036883
-3.2944	0.841	0.0051307
-3.2944	0.86611	0.0038561
-3.2944	0.89121	0.0018552
-3.2944	0.94142	0.0018642
-3.2944	0.96653	0.0075768
-3.2944	0.99163	0.0090241
-3.2944	1.0167	0.0083921
-3.2944	1.0418	0.0028502
-3.2944	1.1172	0.0046813
-3.2944	1.1423	0.0075349
-3.2944	1.1674	0.0083627
-3.2944	1.1925	0.0059901
-3.2944	1.2176	0.0029631
-3.2944	1.2929	0.0062832
-3.2944	1.318	0.0076205
-3.2944	1.3431	0.007225
-3.2944	1.3682	0.0027818
-3.2944	1.4435	0.0025951
-3.2944	1.4686	0.0045096
-3.2944	1.4937	0.0054742
-3.2944	1.5188	0.0041503
-3.2944	1.5439	0.0022821
-3.2944	1.6192	0.0030496
-3.2944	1.6444	0.0039561
-3.2944	1.6695	0.0039828
-3.2944	1.6946	0.0018454
-3.2944	1.795	0.0023325
-3.2944	1.8201	0.0039479
-3.2944	1.8452	0.0038435
-3.2944	1.8703	0.0022174
-3.2693	-2.1213	0.0024712
-3.2693	-2.0962	0.0029656
-3.2693	-2.0711	0.0032553
-3.2693	-2.046	0.0030407
-3.2693	-2.0209	0.0025793
-3.2693	-1.0167	0.0053499
-3.2693	-0.99163	0.0081113
-3.2693	-0.96653	0.0097351
-3.2693	-0.94142	0.0056315
-3.2693	-0.89121	0.010946
-3.2693	-0.86611	0.041962
-3.2693	-0.841	0.10289
-3.2693	-0.8159	0.33158
-3.2693	-0.79079	0.48913
-3.2693	-0.76569	0.80051
-3.2693	-0.74059	0.90269
-3.2693	-0.71548	0.93861
-3.2693	-0.69038	0.78357
-3.2693	-0.66527	0.61601
-3.2693	-0.64017	0.24516
-3.2693	-0.61506	0.10545
-3.2693	-0.58996	0.023311
-3.2693	-0.56485	0.02217
-3.2693	-0.53975	0.066315
-3.2693	-0.51464	0.12768
-3.2693	-0.48954	0.11927
-3.2693	-0.46444	0.087722
-3.2693	-0.43933	0.013875
-3.2693	-0.38912	0.0090255
-3.2693	-0.36402	0.063323
-3.2693	-0.33891	0.082703
-3.2693	-0.31381	0.067048
-3.2693	-0.2887	0.039587
-3.2693	-0.2636	0.013733
-3.2693	-0.23849	0.0052792
-3.2693	-0.21339	0.025185
-3.2693	-0.18828	0.070672
-3.2693	-0.16318	0.07555
-3.2693	-0.13808	0.063362
-3.2693	-0.11297	0.015136
-3.2693	-0.062762	0.023002
-3.2693	-0.037657	0.049875
-3.2693	-0.012552	0.072747
-3.2693	0.012552	0.071671
-3.2693	0.037657	0.047876
-3.2693	0.062762	0.020651
-3.2693	0.087866	0.0024959
-3.2693	0.11297	0.021496
-3.2693	0.13808	0.081202
-3.2693	0.16318	0.096003
-3.2693	0.18828	0.089499
-3.2693	0.21339	0.030961
-3.2693	0.23849	0.0056789
-3.2693	0.2636	0.023155
-3.2693	0.2887	0.064466
-3.2693	0.31381	0.10979
-3.2693	0.33891	0.14181
-3.2693	0.36402	0.11181
-3.2693	0.38912	0.01569
-3.2693	0.43933	0.039885
-3.2693	0.46444	0.29835
-3.2693	0.48954	0.48353
-3.2693	0.51464	0.6623
-3.2693	0.53975	0.86811
-3.2693	0.56485	0.85839
-3.2693	0.58996	0.64357
-3.2693	0.61506	0.48662
-3.2693	0.64017	0.33304
-3.2693	0.66527	0.10771
-3.2693	0.69038	0.047198
-3.2693	0.71548	0.0026757
-3.2693	0.99163	0.0023386
-3.2693	1.0167	0.0023707
-3.2693	1.1172	0.0025562
-3.2693	1.1423	0.0040782
-3.2693	1.1674	0.0045583
-3.2693	1.1925	0.0032276
-3.2693	1.2929	0.0050801
-3.2693	1.318	0.0060754
-3.2693	1.3431	0.0056905
-3.2693	1.3682	0.0020047
-3.2693	1.4435	0.0031852
-3.2693	1.4686	0.0052867
-3.2693	1.4937	0.0062353
-3.2693	1.5188	0.004641
-3.2693	1.5439	0.0024243
-3.2693	1.6192	0.005489
-3.2693	1.6444	0.0070931
-3.2693	1.6695	0.0071951
-3.2693	1.6946	0.0032896
-3.2693	1.7699	0.0042276
-3.2693	1.795	0.00892
-3.2693	1.8201	0.018273
-3.2693	1.8452	0.020735
-3.2693	1.8703	0.019091
-3.2693	1.8954	0.015742
-3.2693	1.9205	0.011741
-3.2693	1.9456	0.0046945
-3.2693	1.9707	0.0024362
-3.2443	-2.0962	0.0020827
-3.2443	-2.0711	0.0023427
-3.2443	-2.046	0.0023005
-3.2443	-2.0209	0.001997
-3.2443	-1.0167	0.0031002
-3.2443	-0.99163	0.0045335
-3.2443	-0.96653	0.0052261
-3.2443	-0.94142	0.0023547
-3.2443	-0.89121	0.012093
-3.2443	-0.86611	0.039217
-3.2443	-0.841	0.090094
-3.2443	-0.8159	0.27644
-3.2443	-0.79079	0.40366
-3.2443	-0.76569	0.65265
-3.2443	-0.74059	0.73192
-3.2443	-0.71548	0.75582
-3.2443	-0.69038	0.61601
-3.2443	-0.66527	0.47362
-3.2443	-0.64017	0.17024
-3.2443	-0.61506	0.063464
-3.2443	-0.58996	0.0082541
-3.2443	-0.56485	0.03479
-3.2443	-0.53975	0.079815
-3.2443	-0.51464	0.12797
-3.2443	-0.48954	0.11192
-3.2443	-0.46444	0.075861
-3.2443	-0.43933	0.0068475
-3.2443	-0.38912	0.018019
-3.2443	-0.36402	0.080071
-3.2443	-0.33891	0.096499
-3.2443	-0.31381	0.067288
-3.2443	-0.2887	0.034905
-3.2443	-0.2636	0.0086581
-3.2443	-0.23849	0.013132
-3.2443	-0.21339	0.041759
-3.2443	-0.18828	0.09331
-3.2443	-0.16318	0.092872
-3.2443	-0.13808	0.071906
-3.2443	-0.11297	0.011317
-3.2443	-0.062762	0.043602
-3.2443	-0.037657	0.081128
-3.2443	-0.012552	0.10836
-3.2443	0.012552	0.092118
-3.2443	0.037657	0.055002
-3.2443	0.062762	0.018495
-3.2443	0.087866	0.011046
-3.2443	0.11297	0.048649
-3.2443	0.13808	0.14049
-3.2443	0.16318	0.15498
-3.2443	0.18828	0.13466
-3.2443	0.21339	0.034505
-3.2443	0.23849	0.0022829
-3.2443	0.2636	0.064431
-3.2443	0.2887	0.14744
-3.2443	0.31381	0.22913
-3.2443	0.33891	0.26209
-3.2443	0.36402	0.1907
-3.2443	0.38912	0.01161
-3.2443	0.41423	0.016354
-3.2443	0.43933	0.15337
-3.2443	0.46444	0.86569
-3.2443	0.48954	1.3645
-3.2443	0.51464	1.8564
-3.2443	0.53975	2.4835
-3.2443	0.56485	2.5094
-3.2443	0.58996	1.9997
-3.2443	0.61506	1.5716
-3.2443	0.64017	1.1233
-3.2443	0.66527	0.39967
-3.2443	0.69038	0.18233
-3.2443	0.71548	0.0082048
-3.2443	0.76569	0.011704
-3.2443	0.79079	0.028686
-3.2443	0.8159	0.025681
-3.2443	0.841	0.0096639
-3.2443	0.86611	0.0035771
-3.2443	1.2929	0.001926
-3.2443	1.318	0.0023201
-3.2443	1.3431	0.0021665
-3.2443	1.4435	0.0023095
-3.2443	1.4686	0.0036022
-3.2443	1.4937	0.0039686
-3.2443	1.5188	0.002797
-3.2443	1.6192	0.0058599
-3.2443	1.6444	0.0072989
-3.2443	1.6695	0.0071878
-3.2443	1.6946	0.0028259
-3.2443	1.7448	0.0027183
-3.2443	1.7699	0.0086338
-3.2443	1.795	0.017298
-3.2443	1.8201	0.036649
-3.2443	1.8452	0.043599
-3.2443	1.8703	0.045903
-3.2443	1.8954	0.041264
-3.2443	1.9205	0.034044
-3.2443	1.9456	0.017592
-3.2443	1.9707	0.010768
-3.2443	1.9958	0.0057344
-3.2192	-0.96653	0.0019893
-3.2192	-0.89121	0.0083446
-3.2192	-0.86611	0.025583
-3.2192	-0.841	0.058113
-3.2192	-0.8159	0.18105
-3.2192	-0.79079	0.268
-3.2192	-0.76569	0.44596
-3.2192	-0.74059	0.50674
-3.2192	-0.71548	0.52922
-3.2192	-0.69038	0.43681
-3.2192	-0.66527	0.33498
-3.2192	-0.64017	0.114
-3.2192	-0.61506	0.037856
-3.2192	-0.58996	0.0025094
-3.2192	-0.56485	0.039985
-3.2192	-0.53975	0.081565
-3.2192	-0.51464	0.11983
-3.2192	-0.48954	0.10114
-3.2192	-0.46444	0.065061
-3.2192	-0.43933	0.0032791
-3.2192	-0.41423	0.0031239
-3.2192	-0.38912	0.026049
-3.2192	-0.36402	0.093692
-3.2192	-0.33891	0.10817
-3.2192	-0.31381	0.068663
-3.2192	-0.2887	0.0322
-3.2192	-0.2636	0.0056507
-3.2192	-0.23849	0.022765
-3.2192	-0.21339	0.060586
-3.2192	-0.18828	0.11977
-3.2192	-0.16318	0.11412
-3.2192	-0.13808	0.083687
-3.2192	-0.11297	0.0089631
-3.2192	-0.062762	0.071208
-3.2192	-0.037657	0.12219
-3.2192	-0.012552	0.15503
-3.2192	0.012552	0.11939
-3.2192	0.037657	0.065243
-3.2192	0.062762	0.01729
-3.2192	0.087866	0.026466
-3.2192	0.11297	0.089826
-3.2192	0.13808	0.22376
-3.2192	0.16318	0.23583
-3.2192	0.18828	0.19473
-3.2192	0.21339	0.038259
-3.2192	0.2636	0.13424
-3.2192	0.2887	0.27724
-3.2192	0.31381	0.40726
-3.2192	0.33891	0.42603
-3.2192	0.36402	0.2897
-3.2192	0.38912	0.0055228
-3.2192	0.41423	0.063001
-3.2192	0.43933	0.37559
-3.2192	0.46444	1.8195
-3.2192	0.48954	2.799
-3.2192	0.51464	3.7556
-3.2192	0.53975	4.9632
-3.2192	0.56485	5.0052
-3.2192	0.58996	3.9877
-3.2192	0.61506	3.134
-3.2192	0.64017	2.2371
-3.2192	0.66527	0.78226
-3.2192	0.69038	0.34594
-3.2192	0.71548	0.0093207
-3.2192	0.74059	0.0060898
-3.2192	0.76569	0.039662
-3.2192	0.79079	0.084504
-3.2192	0.8159	0.075537
-3.2192	0.841	0.028859
-3.2192	0.86611	0.010442
-3.2192	0.91632	0.0036559
-3.2192	0.94142	0.0073852
-3.2192	0.96653	0.0083382
-3.2192	0.99163	0.0059001
-3.2192	1.0167	0.0031489
-3.2192	1.4686	0.0022186
-3.2192	1.4937	0.0024154
-3.2192	1.6192	0.0051529
-3.2192	1.6444	0.0062543
-3.2192	1.6695	0.0059955
-3.2192	1.6946	0.0020242
-3.2192	1.7448	0.0037813
-3.2192	1.7699	0.010668
-3.2192	1.795	0.020531
-3.2192	1.8201	0.042763
-3.2192	1.8452	0.051077
-3.2192	1.8703	0.054828
-3.2192	1.8954	0.049943
-3.2192	1.9205	0.041812
-3.2192	1.9456	0.022282
-3.2192	1.9707	0.013827
-3.2192	1.9958	0.0074278
-3.1942	-0.89121	0.0027844
-3.1942	-0.86611	0.0084853
-3.1942	-0.841	0.019705
-3.1942	-0.8159	0.065329
-3.1942	-0.79079	0.099798
-3.1942	-0.76569	0.1759
-3.1942	-0.74059	0.20492
-3.1942	-0.71548	0.21874
-3.1942	-0.69038	0.1861
-3.1942	-0.66527	0.14332
-3.1942	-0.64017	0.046259
-3.1942	-0.61506	0.013215
-3.1942	-0.56485	0.028302
-3.1942	-0.53975	0.052996
-3.1942	-0.51464	0.07304
-3.1942	-0.48954	0.059858
-3.1942	-0.46444	0.036539
-3.1942	-0.41423	0.0048335
-3.1942	-0.38912	0.024948
-3.1942	-0.36402	0.076889
-3.1942	-0.33891	0.08602
-3.1942	-0.31381	0.050264
-3.1942	-0.2887	0.020981
-3.1942	-0.2636	0.0020816
-3.1942	-0.23849	0.028402
-3.1942	-0.21339	0.066493
-3.1942	-0.18828	0.12009
-3.1942	-0.16318	0.11057
-3.1942	-0.13808	0.077182
-3.1942	-0.11297	0.0048239
-3.1942	-0.087866	0.0041049
-3.1942	-0.062762	0.09627
-3.1942	-0.037657	0.1555
-3.1942	-0.012552	0.18978
-3.1942	0.012552	0.13418
-3.1942	0.037657	0.06659
-3.1942	0.062762	0.012588
-3.1942	0.087866	0.052336
-3.1942	0.11297	0.14827
-3.1942	0.13808	0.32936
-3.1942	0.16318	0.33412
-3.1942	0.18828	0.26309
-3.1942	0.21339	0.036947
-3.1942	0.2636	0.26468
-3.1942	0.2887	0.50417
-3.1942	0.31381	0.70677
-3.1942	0.33891	0.68028
-3.1942	0.36402	0.42936
-3.1942	0.41423	0.19981
-3.1942	0.43933	0.89524
-3.1942	0.46444	3.8388
-3.1942	0.48954	5.784
-3.1942	0.51464	7.6665
-3.1942	0.53975	10.007
-3.1942	0.56485	10.056
-3.1942	0.58996	7.9638
-3.1942	0.61506	6.2315
-3.1942	0.64017	4.4166
-3.1942	0.66527	1.4907
-3.1942	0.69038	0.62844
-3.1942	0.71548	0.0065139
-3.1942	0.74059	0.029559
-3.1942	0.76569	0.11968
-3.1942	0.79079	0.22052
-3.1942	0.8159	0.19215
-3.1942	0.841	0.069033
-3.1942	0.86611	0.022712
-3.1942	0.91632	0.015099
-3.1942	0.94142	0.027984
-3.1942	0.96653	0.031506
-3.1942	0.99163	0.022827
-3.1942	1.0167	0.0125
-3.1942	1.0921	0.0021744
-3.1942	1.1172	0.0050004
-3.1942	1.1423	0.0044621
-3.1942	1.6192	0.004011
-3.1942	1.6444	0.0048213
-3.1942	1.6695	0.0045454
-3.1942	1.7448	0.0047666
-3.1942	1.7699	0.01232
-3.1942	1.795	0.022984
-3.1942	1.8201	0.04721
-3.1942	1.8452	0.05651
-3.1942	1.8703	0.061308
-3.1942	1.8954	0.056207
-3.1942	1.9205	0.047348
-3.1942	1.9456	0.025434
-3.1942	1.9707	0.015756
-3.1942	1.9958	0.0083745
-3.1691	-0.841	0.0028099
-3.1691	-0.8159	0.012166
-3.1691	-0.79079	0.020504
-3.1691	-0.76569	0.041931
-3.1691	-0.74059	0.051653
-3.1691	-0.71548	0.057698
-3.1691	-0.69038	0.052161
-3.1691	-0.66527	0.040657
-3.1691	-0.64017	0.012333
-3.1691	-0.61506	0.0028238
-3.1691	-0.56485	0.01328
-3.1691	-0.53975	0.02314
-3.1691	-0.51464	0.029826
-3.1691	-0.48954	0.023537
-3.1691	-0.46444	0.0134
-3.1691	-0.41423	0.0040114
-3.1691	-0.38912	0.015227
-3.1691	-0.36402	0.040816
-3.1691	-0.33891	0.044039
-3.1691	-0.31381	0.023152
-3.1691	-0.2887	0.0082271
-3.1691	-0.23849	0.021588
-3.1691	-0.21339	0.045502
-3.1691	-0.18828	0.075297
-3.1691	-0.16318	0.066755
-3.1691	-0.13808	0.043965
-3.1691	-0.087866	0.0062724
-3.1691	-0.062762	0.080547
-3.1691	-0.037657	0.12367
-3.1691	-0.012552	0.14585
-3.1691	0.012552	0.094581
-3.1691	0.037657	0.041794
-3.1691	0.062762	0.0045388
-3.1691	0.087866	0.06295
-3.1691	0.11297	0.15658
-3.1691	0.13808	0.31849
-3.1691	0.16318	0.31312
-3.1691	0.18828	0.23576
-3.1691	0.21339	0.020846
-3.1691	0.23849	0.0091893
-3.1691	0.2636	0.35802
-3.1691	0.2887	0.64281
-3.1691	0.31381	0.87136
-3.1691	0.33891	0.78383
-3.1691	0.36402	0.45714
-3.1691	0.38912	0.012324
-3.1691	0.41423	0.43006
-3.1691	0.43933	1.5956
-3.1691	0.46444	6.3066
-3.1691	0.48954	9.4186
-3.1691	0.51464	12.462
-3.1691	0.53975	16.366
-3.1691	0.56485	16.53
-3.1691	0.58996	13.209
-3.1691	0.61506	10.356
-3.1691	0.64017	7.3277
-3.1691	0.66527	2.3995
-3.1691	0.69038	0.95848
-3.1691	0.74059	0.10054
-3.1691	0.76569	0.30242
-3.1691	0.79079	0.49395
-3.1691	0.8159	0.41887
-3.1691	0.841	0.13859
-3.1691	0.86611	0.039716
-3.1691	0.91632	0.049988
-3.1691	0.94142	0.085049
-3.1691	0.96653	0.090984
-3.1691	0.99163	0.064857
-3.1691	1.0167	0.034438
-3.1691	1.0669	0.0021687
-3.1691	1.0921	0.010338
-3.1691	1.1172	0.02263
-3.1691	1.1423	0.020843
-3.1691	1.1674	0.0079352
-3.1691	1.1925	0.0025698
-3.1691	1.2427	0.0020754
-3.1691	1.2678	0.0036464
-3.1691	1.2929	0.0036863
-3.1691	1.318	0.0024759
-3.1691	1.6192	0.0021325
-3.1691	1.6444	0.0027058
-3.1691	1.6695	0.002631
-3.1691	1.7448	0.0051657
-3.1691	1.7699	0.012698
-3.1691	1.795	0.023436
-3.1691	1.8201	0.048688
-3.1691	1.8452	0.058905
-3.1691	1.8703	0.065334
-3.1691	1.8954	0.060489
-3.1691	1.9205	0.05137
-3.1691	1.9456	0.027792
-3.1691	1.9707	0.017133
-3.1691	1.9958	0.0089538
-3.1441	-0.76569	0.002751
-3.1441	-0.74059	0.0047784
-3.1441	-0.71548	0.0068207
-3.1441	-0.69038	0.0084137
-3.1441	-0.66527	0.0071792
-3.1441	-0.64017	0.002213
-3.1441	-0.56485	0.0049651
-3.1441	-0.53975	0.008262
-3.1441	-0.51464	0.010186
-3.1441	-0.48954	0.0077481
-3.1441	-0.46444	0.0040545
-3.1441	-0.41423	0.0025883
-3.1441	-0.38912	0.0078961
-3.1441	-0.36402	0.018641
-3.1441	-0.33891	0.019313
-3.1441	-0.31381	0.008874
-3.1441	-0.2887	0.0024946
-3.1441	-0.23849	0.013344
-3.1441	-0.21339	0.025579
-3.1441	-0.18828	0.038308
-3.1441	-0.16318	0.0323
-3.1441	-0.13808	0.019673
-3.1441	-0.087866	0.0060113
-3.1441	-0.062762	0.050752
-3.1441	-0.037657	0.073683
-3.1441	-0.012552	0.083145
-3.1441	0.012552	0.047857
-3.1441	0.037657	0.017976
-3.1441	0.087866	0.050607
-3.1441	0.11297	0.11256
-3.1441	0.13808	0.20729
-3.1441	0.16318	0.19526
-3.1441	0.18828	0.1383
-3.1441	0.21339	0.005623
-3.1441	0.23849	0.01671
-3.1441	0.2636	0.30258
-3.1441	0.2887	0.51293
-3.1441	0.31381	0.66938
-3.1441	0.33891	0.55244
-3.1441	0.36402	0.29028
-3.1441	0.38912	0.043519
-3.1441	0.41423	0.52448
-3.1441	0.43933	1.6929
-3.1441	0.46444	6.2431
-3.1441	0.48954	9.2509
-3.1441	0.51464	12.226
-3.1441	0.53975	16.184
-3.1441	0.56485	16.451
-3.1441	0.58996	13.315
-3.1441	0.61506	10.485
-3.1441	0.64017	7.4227
-3.1441	0.66527	2.3602
-3.1441	0.69038	0.885
-3.1441	0.71548	0.0053207
-3.1441	0.74059	0.19131
-3.1441	0.76569	0.47173
-3.1441	0.79079	0.70422
-3.1441	0.8159	0.58468
-3.1441	0.841	0.17754
-3.1441	0.86611	0.042271
-3.1441	0.91632	0.10732
-3.1441	0.94142	0.17083
-3.1441	0.96653	0.17469
-3.1441	0.99163	0.12196
-3.1441	1.0167	0.06193
-3.1441	1.0669	0.0088297
-3.1441	1.0921	0.031548
-3.1441	1.1172	0.063689
-3.1441	1.1423	0.058467
-3.1441	1.1674	0.021811
-3.1441	1.1925	0.0064546
-3.1441	1.2427	0.0098714
-3.1441	1.2678	0.017087
-3.1441	1.2929	0.01887
-3.1441	1.318	0.0136
-3.1441	1.3431	0.007287
-3.1441	1.4184	0.0033627
-3.1441	1.4435	0.0038734
-3.1441	1.4686	0.0033275
-3.1441	1.7448	0.0035317
-3.1441	1.7699	0.0089919
-3.1441	1.795	0.017457
-3.1441	1.8201	0.04002
-3.1441	1.8452	0.050535
-3.1441	1.8703	0.060194
-3.1441	1.8954	0.057349
-3.1441	1.9205	0.049878
-3.1441	1.9456	0.027819
-3.1441	1.9707	0.017196
-3.1441	1.9958	0.0088691
-3.119	-0.89121	0.0029686
-3.119	-0.86611	0.0051667
-3.119	-0.841	0.0073892
-3.119	-0.8159	0.0098173
-3.119	-0.79079	0.0093741
-3.119	-0.76569	0.005783
-3.119	-0.74059	0.0035916
-3.119	-0.71548	0.0017961
-3.119	-0.53975	0.0018839
-3.119	-0.51464	0.0025094
-3.119	-0.48954	0.0019027
-3.119	-0.38912	0.0036732
-3.119	-0.36402	0.0079205
-3.119	-0.33891	0.0079464
-3.119	-0.31381	0.003147
-3.119	-0.23849	0.0080175
-3.119	-0.21339	0.014187
-3.119	-0.18828	0.019324
-3.119	-0.16318	0.015428
-3.119	-0.13808	0.0085568
-3.119	-0.087866	0.0051119
-3.119	-0.062762	0.031444
-3.119	-0.037657	0.043195
-3.119	-0.012552	0.046464
-3.119	0.012552	0.023174
-3.119	0.037657	0.0069596
-3.119	0.087866	0.037687
-3.119	0.11297	0.075943
-3.119	0.13808	0.12563
-3.119	0.16318	0.11224
-3.119	0.18828	0.073517
-3.119	0.23849	0.020088
-3.119	0.2636	0.22208
-3.119	0.2887	0.35426
-3.119	0.31381	0.44113
-3.119	0.33891	0.32387
-3.119	0.36402	0.14728
-3.119	0.38912	0.069044
-3.119	0.41423	0.49063
-3.119	0.43933	1.4078
-3.119	0.46444	4.7835
-3.119	0.48954	6.9549
-3.119	0.51464	9.0715
-3.119	0.53975	11.797
-3.119	0.56485	11.909
-3.119	0.58996	9.5006
-3.119	0.61506	7.4078
-3.119	0.64017	5.1704
-3.119	0.66527	1.5412
-3.119	0.69038	0.52548
-3.119	0.71548	0.022985
-3.119	0.74059	0.21536
-3.119	0.76569	0.4545
-3.119	0.79079	0.61444
-3.119	0.8159	0.49368
-3.119	0.841	0.13211
-3.119	0.86611	0.023719
-3.119	0.89121	0.0024973
-3.119	0.91632	0.12961
-3.119	0.94142	0.19379
-3.119	0.96653	0.18696
-3.119	0.99163	0.12633
-3.119	1.0167	0.060106
-3.119	1.0669	0.01752
-3.119	1.0921	0.050847
-3.119	1.1172	0.094504
-3.119	1.1423	0.085556
-3.119	1.1674	0.029982
-3.119	1.1925	0.0075408
-3.119	1.2427	0.022983
-3.119	1.2678	0.038183
-3.119	1.2929	0.04233
-3.119	1.318	0.030729
-3.119	1.3431	0.016273
-3.119	1.3933	0.0022089
-3.119	1.4184	0.014851
-3.119	1.4435	0.018117
-3.119	1.4686	0.017003
-3.119	1.4937	0.0067178
-3.119	1.5188	0.0021609
-3.119	1.569	0.0022109
-3.119	1.5941	0.0038469
-3.119	1.6192	0.0038057
-3.119	1.6444	0.0024589
-3.119	1.795	0.0026751
-3.119	1.8201	0.012428
-3.119	1.8452	0.01947
-3.119	1.8703	0.031334
-3.119	1.8954	0.033267
-3.119	1.9205	0.031608
-3.119	1.9456	0.020025
-3.119	1.9707	0.012867
-3.119	1.9958	0.0067347
-3.119	2.0962	0.0019804
-3.119	2.1213	0.0019957
-3.0939	-2.1715	0.0023028
-3.0939	-2.1464	0.0029831
-3.0939	-2.1213	0.0036997
-3.0939	-2.0962	0.0035997
-3.0939	-2.0711	0.00321
-3.0939	-2.046	0.0019369
-3.0939	-1.0167	0.002104
-3.0939	-0.99163	0.0018671
-3.0939	-0.89121	0.0095353
-3.0939	-0.86611	0.017068
-3.0939	-0.841	0.025756
-3.0939	-0.8159	0.04067
-3.0939	-0.79079	0.043977
-3.0939	-0.76569	0.039148
-3.0939	-0.74059	0.032148
-3.0939	-0.71548	0.023857
-3.0939	-0.69038	0.0090911
-3.0939	-0.66527	0.0043802
-3.0939	-0.36402	0.0025702
-3.0939	-0.33891	0.0025829
-3.0939	-0.23849	0.0045224
-3.0939	-0.21339	0.0075386
-3.0939	-0.18828	0.0095347
-3.0939	-0.16318	0.007222
-3.0939	-0.13808	0.0035919
-3.0939	-0.087866	0.0041634
-3.0939	-0.062762	0.020078
-3.0939	-0.037657	0.026261
-3.0939	-0.012552	0.02699
-3.0939	0.012552	0.01147
-3.0939	0.037657	0.0025005
-3.0939	0.087866	0.029042
-3.0939	0.11297	0.053795
-3.0939	0.13808	0.080275
-3.0939	0.16318	0.067756
-3.0939	0.18828	0.040516
-3.0939	0.23849	0.021886
-3.0939	0.2636	0.16964
-3.0939	0.2887	0.25536
-3.0939	0.31381	0.3029
-3.0939	0.33891	0.19431
-3.0939	0.36402	0.072976
-3.0939	0.38912	0.089045
-3.0939	0.41423	0.45518
-3.0939	0.43933	1.1834
-3.0939	0.46444	3.707
-3.0939	0.48954	5.2688
-3.0939	0.51464	6.7501
-3.0939	0.53975	8.5255
-3.0939	0.56485	8.4911
-3.0939	0.58996	6.5778
-3.0939	0.61506	5.0355
-3.0939	0.64017	3.432
-3.0939	0.66527	0.93242
-3.0939	0.69038	0.27898
-3.0939	0.71548	0.0409
-3.0939	0.74059	0.20782
-3.0939	0.76569	0.3848
-3.0939	0.79079	0.46534
-3.0939	0.8159	0.35711
-3.0939	0.841	0.079964
-3.0939	0.86611	0.0090683
-3.0939	0.89121	0.0071359
-3.0939	0.91632	0.12252
-3.0939	0.94142	0.17118
-3.0939	0.96653	0.15131
-3.0939	0.99163	0.09691
-3.0939	1.0167	0.041774
-3.0939	1.0669	0.022616
-3.0939	1.0921	0.055421
-3.0939	1.1172	0.092544
-3.0939	1.1423	0.080959
-3.0939	1.1674	0.025073
-3.0939	1.1925	0.0048176
-3.0939	1.2427	0.030513
-3.0939	1.2678	0.047875
-3.0939	1.2929	0.050557
-3.0939	1.318	0.035746
-3.0939	1.3431	0.01789
-3.0939	1.3933	0.0051648
-3.0939	1.4184	0.026923
-3.0939	1.4435	0.032624
-3.0939	1.4686	0.030837
-3.0939	1.4937	0.012144
-3.0939	1.5188	0.0035204
-3.0939	1.569	0.0082893
-3.0939	1.5941	0.014793
-3.0939	1.6192	0.018188
-3.0939	1.6444	0.013911
-3.0939	1.6695	0.0078569
-3.0939	1.7448	0.0076142
-3.0939	1.7699	0.01002
-3.0939	1.795	0.010183
-3.0939	1.8201	0.0050497
-3.0939	1.8452	0.0020752
-3.0939	1.9205	0.0027123
-3.0939	1.9456	0.0039375
-3.0939	1.9707	0.003195
-3.0939	1.9958	0.0019573
-3.0689	-2.1715	0.002406
-3.0689	-2.1464	0.0031973
-3.0689	-2.1213	0.0042369
-3.0689	-2.0962	0.0042833
-3.0689	-2.0711	0.0039783
-3.0689	-2.046	0.0026137
-3.0689	-2.0209	0.0018076
-3.0689	-1.0418	0.0022735
-3.0689	-1.0167	0.0035334
-3.0689	-0.99163	0.0030111
-3.0689	-0.91632	0.0030317
-3.0689	-0.89121	0.0234
-3.0689	-0.86611	0.041602
-3.0689	-0.841	0.063308
-3.0689	-0.8159	0.10435
-3.0689	-0.79079	0.11643
-3.0689	-0.76569	0.11238
-3.0689	-0.74059	0.097036
-3.0689	-0.71548	0.07625
-3.0689	-0.69038	0.033278
-3.0689	-0.66527	0.017242
-3.0689	-0.56485	0.0022778
-3.0689	-0.53975	0.0022235
-3.0689	-0.23849	0.0019558
-3.0689	-0.21339	0.0031955
-3.0689	-0.18828	0.0039718
-3.0689	-0.16318	0.0028938
-3.0689	-0.087866	0.003104
-3.0689	-0.062762	0.012501
-3.0689	-0.037657	0.015746
-3.0689	-0.012552	0.015572
-3.0689	0.012552	0.0055455
-3.0689	0.087866	0.022963
-3.0689	0.11297	0.039662
-3.0689	0.13808	0.053893
-3.0689	0.16318	0.042906
-3.0689	0.18828	0.023095
-3.0689	0.23849	0.02334
-3.0689	0.2636	0.13815
-3.0689	0.2887	0.19724
-3.0689	0.31381	0.22316
-3.0689	0.33891	0.12323
-3.0689	0.36402	0.035642
-3.0689	0.38912	0.10944
-3.0689	0.41423	0.44563
-3.0689	0.43933	1.0677
-3.0689	0.46444	3.1073
-3.0689	0.48954	4.321
-3.0689	0.51464	5.4378
-3.0689	0.53975	6.6618
-3.0689	0.56485	6.5381
-3.0689	0.58996	4.9005
-3.0689	0.61506	3.6735
-3.0689	0.64017	2.4358
-3.0689	0.66527	0.5925
-3.0689	0.69038	0.14924
-3.0689	0.71548	0.058111
-3.0689	0.74059	0.20402
-3.0689	0.76569	0.33848
-3.0689	0.79079	0.36634
-3.0689	0.8159	0.26696
-3.0689	0.841	0.047779
-3.0689	0.86611	0.0022979
-3.0689	0.89121	0.012634
-3.0689	0.91632	0.11565
-3.0689	0.94142	0.15123
-3.0689	0.96653	0.12097
-3.0689	0.99163	0.072459
-3.0689	1.0167	0.027438
-3.0689	1.0418	0.0040557
-3.0689	1.0669	0.026546
-3.0689	1.0921	0.056524
-3.0689	1.1172	0.084023
-3.0689	1.1423	0.070188
-3.0689	1.1674	0.018285
-3.0689	1.1925	0.0022709
-3.0689	1.2427	0.034271
-3.0689	1.2678	0.050393
-3.0689	1.2929	0.049022
-3.0689	1.318	0.032964
-3.0689	1.3431	0.01503
-3.0689	1.3933	0.0082389
-3.0689	1.4184	0.033866
-3.0689	1.4435	0.039642
-3.0689	1.4686	0.03647
-3.0689	1.4937	0.012998
-3.0689	1.5188	0.0030214
-3.0689	1.569	0.015081
-3.0689	1.5941	0.025713
-3.0689	1.6192	0.031548
-3.0689	1.6444	0.024292
-3.0689	1.6695	0.013532
-3.0689	1.7197	0.0039854
-3.0689	1.7448	0.031595
-3.0689	1.7699	0.04788
-3.0689	1.795	0.060103
-3.0689	1.8201	0.06317
-3.0689	1.8452	0.05461
-3.0689	1.8703	0.029366
-3.0689	1.8954	0.017978
-3.0689	1.9205	0.0095133
-3.0438	-2.1464	0.0021534
-3.0438	-2.1213	0.0028966
-3.0438	-2.0962	0.0029592
-3.0438	-2.0711	0.0027799
-3.0438	-2.046	0.0018662
-3.0438	-1.0418	0.0029231
-3.0438	-1.0167	0.004392
-3.0438	-0.99163	0.0036055
-3.0438	-0.96653	0.0018361
-3.0438	-0.91632	0.006605
-3.0438	-0.89121	0.044801
-3.0438	-0.86611	0.079253
-3.0438	-0.841	0.12133
-3.0438	-0.8159	0.20563
-3.0438	-0.79079	0.23361
-3.0438	-0.76569	0.23474
-3.0438	-0.74059	0.20697
-3.0438	-0.71548	0.16597
-3.0438	-0.69038	0.074643
-3.0438	-0.66527	0.03858
-3.0438	-0.64017	0.0025372
-3.0438	-0.58996	0.0031356
-3.0438	-0.56485	0.010528
-3.0438	-0.53975	0.010798
-3.0438	-0.51464	0.005524
-3.0438	-0.48954	0.0025473
-3.0438	-0.087866	0.0017868
-3.0438	-0.062762	0.0065334
-3.0438	-0.037657	0.0081373
-3.0438	-0.012552	0.0078995
-3.0438	0.012552	0.0023308
-3.0438	0.087866	0.017635
-3.0438	0.11297	0.028883
-3.0438	0.13808	0.03634
-3.0438	0.16318	0.027307
-3.0438	0.18828	0.012999
-3.0438	0.21339	0.0029255
-3.0438	0.23849	0.024474
-3.0438	0.2636	0.11757
-3.0438	0.2887	0.16023
-3.0438	0.31381	0.17337
-3.0438	0.33891	0.081022
-3.0438	0.36402	0.015948
-3.0438	0.38912	0.13359
-3.0438	0.41423	0.46071
-3.0438	0.43933	1.0319
-3.0438	0.46444	2.8176
-3.0438	0.48954	3.8426
-3.0438	0.51464	4.758
-3.0438	0.53975	5.6656
-3.0438	0.56485	5.482
-3.0438	0.58996	3.975
-3.0438	0.61506	2.915
-3.0438	0.64017	1.8764
-3.0438	0.66527	0.40147
-3.0438	0.69038	0.080035
-3.0438	0.71548	0.077649
-3.0438	0.74059	0.21165
-3.0438	0.76569	0.31983
-3.0438	0.79079	0.31092
-3.0438	0.8159	0.21432
-3.0438	0.841	0.02893
-3.0438	0.89121	0.019455
-3.0438	0.91632	0.11599
-3.0438	0.94142	0.14249
-3.0438	0.96653	0.10261
-3.0438	0.99163	0.056875
-3.0438	1.0167	0.018231
-3.0438	1.0418	0.007361
-3.0438	1.0669	0.031694
-3.0438	1.0921	0.060004
-3.0438	1.1172	0.079501
-3.0438	1.1423	0.06306
-3.0438	1.1674	0.013219
-3.0438	1.2176	0.0036773
-3.0438	1.2427	0.038727
-3.0438	1.2678	0.053415
-3.0438	1.2929	0.04725
-3.0438	1.318	0.029814
-3.0438	1.3431	0.012015
-3.0438	1.3933	0.011955
-3.0438	1.4184	0.039878
-3.0438	1.4435	0.04466
-3.0438	1.4686	0.039438
-3.0438	1.4937	0.012066
-3.0438	1.5188	0.0019633
-3.0438	1.569	0.022366
-3.0438	1.5941	0.035885
-3.0438	1.6192	0.041431
-3.0438	1.6444	0.030816
-3.0438	1.6695	0.015989
-3.0438	1.7197	0.0098247
-3.0438	1.7448	0.063612
-3.0438	1.7699	0.09723
-3.0438	1.795	0.1258
-3.0438	1.8201	0.14725
-3.0438	1.8452	0.13751
-3.0438	1.8703	0.091775
-3.0438	1.8954	0.065379
-3.0438	1.9205	0.042104
-3.0438	1.9456	0.012002
-3.0438	1.9707	0.0049199
-3.0188	-0.91632	0.0055475
-3.0188	-0.89121	0.034514
-3.0188	-0.86611	0.062465
-3.0188	-0.841	0.099126
-3.0188	-0.8159	0.18362
-3.0188	-0.79079	0.21885
-3.0188	-0.76569	0.24199
-3.0188	-0.74059	0.22321
-3.0188	-0.71548	0.18644
-3.0188	-0.69038	0.088276
-3.0188	-0.66527	0.045007
-3.0188	-0.58996	0.01053
-3.0188	-0.56485	0.02883
-3.0188	-0.53975	0.02962
-3.0188	-0.51464	0.01513
-3.0188	-0.48954	0.0064239
-3.0188	-0.43933	0.0032218
-3.0188	-0.41423	0.007634
-3.0188	-0.38912	0.011082
-3.0188	-0.36402	0.010174
-3.0188	-0.33891	0.0066846
-3.0188	-0.23849	0.0027473
-3.0188	-0.21339	0.0027826
-3.0188	0.087866	0.0075658
-3.0188	0.11297	0.012303
-3.0188	0.13808	0.015295
-3.0188	0.16318	0.010822
-3.0188	0.18828	0.0041435
-3.0188	0.21339	0.0047406
-3.0188	0.23849	0.022608
-3.0188	0.2636	0.088392
-3.0188	0.2887	0.1149
-3.0188	0.31381	0.11798
-3.0188	0.33891	0.041524
-3.0188	0.36402	0.002487
-3.0188	0.38912	0.17589
-3.0188	0.41423	0.51072
-3.0188	0.43933	1.0618
-3.0188	0.46444	2.7044
-3.0188	0.48954	3.6125
-3.0188	0.51464	4.3968
-3.0188	0.53975	5.0725
-3.0188	0.56485	4.8247
-3.0188	0.58996	3.3466
-3.0188	0.61506	2.3759
-3.0188	0.64017	1.4595
-3.0188	0.66527	0.2471
-3.0188	0.69038	0.027627
-3.0188	0.71548	0.12022
-3.0188	0.74059	0.2519
-3.0188	0.76569	0.3386
-3.0188	0.79079	0.28191
-3.0188	0.8159	0.17736
-3.0188	0.841	0.013032
-3.0188	0.86611	0.0021702
-3.0188	0.89121	0.035414
-3.0188	0.91632	0.13403
-3.0188	0.94142	0.15092
-3.0188	0.96653	0.091975
-3.0188	0.99163	0.044291
-3.0188	1.0167	0.0098703
-3.0188	1.0418	0.015635
-3.0188	1.0669	0.045462
-3.0188	1.0921	0.074406
-3.0188	1.1172	0.083334
-3.0188	1.1423	0.060648
-3.0188	1.1674	0.0081876
-3.0188	1.2176	0.0089451
-3.0188	1.2427	0.051415
-3.0188	1.2678	0.064744
-3.0188	1.2929	0.049021
-3.0188	1.318	0.027513
-3.0188	1.3431	0.0085632
-3.0188	1.3682	0.0052099
-3.0188	1.3933	0.020987
-3.0188	1.4184	0.053665
-3.0188	1.4435	0.05593
-3.0188	1.4686	0.045881
-3.0188	1.4937	0.010266
-3.0188	1.5439	0.0033824
-3.0188	1.569	0.038463
-3.0188	1.5941	0.056287
-3.0188	1.6192	0.057276
-3.0188	1.6444	0.039167
-3.0188	1.6695	0.017149
-3.0188	1.6946	0.0033616
-3.0188	1.7197	0.027409
-3.0188	1.7448	0.13509
-3.0188	1.7699	0.20056
-3.0188	1.795	0.25725
-3.0188	1.8201	0.30596
-3.0188	1.8452	0.2913
-3.0188	1.8703	0.20563
-3.0188	1.8954	0.15184
-3.0188	1.9205	0.10184
-3.0188	1.9456	0.031711
-3.0188	1.9707	0.013462
-3.0188	1.9958	0.0040418
-2.9937	-0.91632	0.0020534
-2.9937	-0.89121	0.012339
-2.9937	-0.86611	0.022678
-2.9937	-0.841	0.036776
-2.9937	-0.8159	0.071595
-2.9937	-0.79079	0.087531
-2.9937	-0.76569	0.10156
-2.9937	-0.74059	0.095682
-2.9937	-0.71548	0.081338
-2.9937	-0.69038	0.038929
-2.9937	-0.66527	0.019306
-2.9937	-0.61506	0.0019162
-2.9937	-0.58996	0.0082657
-2.9937	-0.56485	0.020434
-2.9937	-0.53975	0.020833
-2.9937	-0.51464	0.010273
-2.9937	-0.48954	0.0039709
-2.9937	-0.43933	0.0044059
-2.9937	-0.41423	0.009436
-2.9937	-0.38912	0.013415
-2.9937	-0.36402	0.01243
-2.9937	-0.33891	0.0080998
-2.9937	-0.2636	0.0024475
-2.9937	-0.23849	0.0081514
-2.9937	-0.21339	0.0088522
-2.9937	-0.18828	0.0048381
-2.9937	-0.16318	0.002131
-2.9937	-0.087866	0.0021746
-2.9937	-0.062762	0.0026319
-2.9937	-0.037657	0.0018547
-2.9937	0.13808	0.0029316
-2.9937	0.16318	0.0023171
-2.9937	0.21339	0.0032512
-2.9937	0.23849	0.01308
-2.9937	0.2636	0.051132
-2.9937	0.2887	0.067513
-2.9937	0.31381	0.069546
-2.9937	0.33891	0.020393
-2.9937	0.38912	0.17979
-2.9937	0.41423	0.48981
-2.9937	0.43933	0.99709
-2.9937	0.46444	2.5222
-2.9937	0.48954	3.376
-2.9937	0.51464	4.1192
-2.9937	0.53975	4.7643
-2.9937	0.56485	4.5247
-2.9937	0.58996	3.0963
-2.9937	0.61506	2.1634
-2.9937	0.64017	1.2918
-2.9937	0.66527	0.18107
-2.9937	0.69038	0.0094236
-2.9937	0.71548	0.16331
-2.9937	0.74059	0.3016
-2.9937	0.76569	0.38024
-2.9937	0.79079	0.28745
-2.9937	0.8159	0.16927
-2.9937	0.841	0.0064543
-2.9937	0.86611	0.0076788
-2.9937	0.89121	0.053986
-2.9937	0.91632	0.16266
-2.9937	0.94142	0.17353
-2.9937	0.96653	0.09402
-2.9937	0.99163	0.040326
-2.9937	1.0167	0.0061039
-2.9937	1.0418	0.025923
-2.9937	1.0669	0.062917
-2.9937	1.0921	0.094839
-2.9937	1.1172	0.095179
-2.9937	1.1423	0.064995
-2.9937	1.1674	0.0057633
-2.9937	1.2176	0.015803
-2.9937	1.2427	0.068037
-2.9937	1.2678	0.080865
-2.9937	1.2929	0.054735
-2.9937	1.318	0.027919
-2.9937	1.3431	0.0067616
-2.9937	1.3682	0.010269
-2.9937	1.3933	0.032151
-2.9937	1.4184	0.070461
-2.9937	1.4435	0.069843
-2.9937	1.4686	0.054188
-2.9937	1.4937	0.0091514
-2.9937	1.5439	0.0077018
-2.9937	1.569	0.057355
-2.9937	1.5941	0.079141
-2.9937	1.6192	0.073148
-2.9937	1.6444	0.046545
-2.9937	1.6695	0.017363
-2.9937	1.6946	0.0096316
-2.9937	1.7197	0.051586
-2.9937	1.7448	0.21825
-2.9937	1.7699	0.31559
-2.9937	1.795	0.39838
-2.9937	1.8201	0.46597
-2.9937	1.8452	0.44182
-2.9937	1.8703	0.31044
-2.9937	1.8954	0.22877
-2.9937	1.9205	0.1529
-2.9937	1.9456	0.046565
-2.9937	1.9707	0.019099
-2.9937	1.9958	0.0052219
-2.9937	2.0711	0.0031592
-2.9937	2.0962	0.0025921
-2.9687	-0.89121	0.0026718
-2.9687	-0.86611	0.0051675
-2.9687	-0.841	0.0088253
-2.9687	-0.8159	0.018885
-2.9687	-0.79079	0.024052
-2.9687	-0.76569	0.029856
-2.9687	-0.74059	0.02886
-2.9687	-0.71548	0.025003
-2.9687	-0.69038	0.012004
-2.9687	-0.66527	0.0057121
-2.9687	-0.58996	0.0041954
-2.9687	-0.56485	0.0093672
-2.9687	-0.53975	0.0093419
-2.9687	-0.51464	0.0042537
-2.9687	-0.43933	0.0031991
-2.9687	-0.41423	0.0062443
-2.9687	-0.38912	0.0085431
-2.9687	-0.36402	0.0075498
-2.9687	-0.33891	0.0047025
-2.9687	-0.2636	0.0027717
-2.9687	-0.23849	0.0081424
-2.9687	-0.21339	0.008808
-2.9687	-0.18828	0.0047301
-2.9687	-0.16318	0.0019007
-2.9687	-0.11297	0.002408
-2.9687	-0.087866	0.0049732
-2.9687	-0.062762	0.007323
-2.9687	-0.037657	0.0060442
-2.9687	-0.012552	0.0037456
-2.9687	0.087866	0.0026674
-2.9687	0.11297	0.0023026
-2.9687	0.2636	0.0073302
-2.9687	0.2887	0.01178
-2.9687	0.31381	0.014055
-2.9687	0.33891	0.0040179
-2.9687	0.38912	0.095057
-2.9687	0.41423	0.26152
-2.9687	0.43933	0.55177
-2.9687	0.46444	1.5208
-2.9687	0.48954	2.1216
-2.9687	0.51464	2.6903
-2.9687	0.53975	3.3247
-2.9687	0.56485	3.243
-2.9687	0.58996	2.3008
-2.9687	0.61506	1.6156
-2.9687	0.64017	0.9541
-2.9687	0.66527	0.10874
-2.9687	0.71548	0.19726
-2.9687	0.74059	0.33315
-2.9687	0.76569	0.40152
-2.9687	0.79079	0.28183
-2.9687	0.8159	0.15561
-2.9687	0.86611	0.018006
-2.9687	0.89121	0.080332
-2.9687	0.91632	0.20257
-2.9687	0.94142	0.20632
-2.9687	0.96653	0.099541
-2.9687	0.99163	0.037178
-2.9687	1.0167	0.0029183
-2.9687	1.0418	0.043625
-2.9687	1.0669	0.092043
-2.9687	1.0921	0.12924
-2.9687	1.1172	0.11687
-2.9687	1.1423	0.07457
-2.9687	1.1674	0.0035685
-2.9687	1.1925	0.0036088
-2.9687	1.2176	0.028633
-2.9687	1.2427	0.097639
-2.9687	1.2678	0.10984
-2.9687	1.2929	0.066069
-2.9687	1.318	0.030076
-2.9687	1.3431	0.0050415
-2.9687	1.3682	0.0203
-2.9687	1.3933	0.052655
-2.9687	1.4184	0.10027
-2.9687	1.4435	0.094397
-2.9687	1.4686	0.0689
-2.9687	1.4937	0.0080127
-2.9687	1.5439	0.016819
-2.9687	1.569	0.091162
-2.9687	1.5941	0.11885
-2.9687	1.6192	0.099008
-2.9687	1.6444	0.057819
-2.9687	1.6695	0.017373
-2.9687	1.6946	0.024438
-2.9687	1.7197	0.099215
-2.9687	1.7448	0.36712
-2.9687	1.7699	0.51635
-2.9687	1.795	0.6394
-2.9687	1.8201	0.72882
-2.9687	1.8452	0.68432
-2.9687	1.8703	0.47223
-2.9687	1.8954	0.34448
-2.9687	1.9205	0.22733
-2.9687	1.9456	0.066086
-2.9687	1.9707	0.025674
-2.9687	1.9958	0.006114
-2.9687	2.046	0.0038951
-2.9687	2.0711	0.0059681
-2.9687	2.0962	0.0047563
-2.9687	2.1213	0.0029913
-2.9436	-0.8159	0.002632
-2.9436	-0.79079	0.0037317
-2.9436	-0.76569	0.0055875
-2.9436	-0.74059	0.0058219
-2.9436	-0.71548	0.0053615
-2.9436	-0.69038	0.0027549
-2.9436	-0.56485	0.003485
-2.9436	-0.53975	0.0034241
-2.9436	-0.43933	0.0018273
-2.9436	-0.41423	0.0032986
-2.9436	-0.38912	0.0043367
-2.9436	-0.36402	0.0035814
-2.9436	-0.33891	0.0020887
-2.9436	-0.2636	0.0021465
-2.9436	-0.23849	0.0054983
-2.9436	-0.21339	0.0057695
-2.9436	-0.18828	0.0028189
-2.9436	-0.11297	0.0026338
-2.9436	-0.087866	0.0050684
-2.9436	-0.062762	0.0072922
-2.9436	-0.037657	0.0060123
-2.9436	-0.012552	0.0036466
-2.9436	0.062762	0.0026479
-2.9436	0.087866	0.0070532
-2.9436	0.11297	0.0073375
-2.9436	0.13808	0.0035469
-2.9436	0.23849	0.0026176
-2.9436	0.2636	0.0023586
-2.9436	0.38912	0.0084928
-2.9436	0.41423	0.029423
-2.9436	0.43933	0.075917
-2.9436	0.46444	0.28627
-2.9436	0.48954	0.45188
-2.9436	0.51464	0.63797
-2.9436	0.53975	0.94113
-2.9436	0.56485	0.98739
-2.9436	0.58996	0.78659
-2.9436	0.61506	0.57453
-2.9436	0.64017	0.34549
-2.9436	0.66527	0.031088
-2.9436	0.71548	0.13563
-2.9436	0.74059	0.21899
-2.9436	0.76569	0.26059
-2.9436	0.79079	0.17868
-2.9436	0.8159	0.093759
-2.9436	0.86611	0.025418
-2.9436	0.89121	0.086378
-2.9436	0.91632	0.19553
-2.9436	0.94142	0.19436
-2.9436	0.96653	0.085814
-2.9436	0.99163	0.027265
-2.9436	1.0418	0.063172
-2.9436	1.0669	0.12068
-2.9436	1.0921	0.16122
-2.9436	1.1172	0.13482
-2.9436	1.1423	0.080714
-2.9436	1.1925	0.010065
-2.9436	1.2176	0.049694
-2.9436	1.2427	0.14164
-2.9436	1.2678	0.15219
-2.9436	1.2929	0.081705
-2.9436	1.318	0.032533
-2.9436	1.3431	0.0029638
-2.9436	1.3682	0.040197
-2.9436	1.3933	0.090295
-2.9436	1.4184	0.15211
-2.9436	1.4435	0.13622
-2.9436	1.4686	0.093235
-2.9436	1.4937	0.006407
-2.9436	1.5188	0.0033025
-2.9436	1.5439	0.036902
-2.9436	1.569	0.15583
-2.9436	1.5941	0.19258
-2.9436	1.6192	0.14387
-2.9436	1.6444	0.075894
-2.9436	1.6695	0.016776
-2.9436	1.6946	0.060501
-2.9436	1.7197	0.2013
-2.9436	1.7448	0.66214
-2.9436	1.7699	0.9059
-2.9436	1.795	1.0992
-2.9436	1.8201	1.2154
-2.9436	1.8452	1.1266
-2.9436	1.8703	0.75772
-2.9436	1.8954	0.54461
-2.9436	1.9205	0.35291
-2.9436	1.9456	0.096339
-2.9436	1.9707	0.034859
-2.9436	1.9958	0.0068492
-2.9436	2.0209	0.0031361
-2.9436	2.046	0.0082798
-2.9436	2.0711	0.010998
-2.9436	2.0962	0.0084265
-2.9436	2.1213	0.0050793
-2.9186	-0.841	0.0018964
-2.9186	-0.38912	0.0018768
-2.9186	-0.23849	0.0032012
-2.9186	-0.21339	0.0032417
-2.9186	-0.11297	0.0022555
-2.9186	-0.087866	0.0040248
-2.9186	-0.062762	0.0054075
-2.9186	-0.037657	0.0043006
-2.9186	-0.012552	0.0024317
-2.9186	0.062762	0.0032524
-2.9186	0.087866	0.0081086
-2.9186	0.11297	0.0084934
-2.9186	0.13808	0.0041249
-2.9186	0.21339	0.0039504
-2.9186	0.23849	0.007724
-2.9186	0.2636	0.011233
-2.9186	0.2887	0.0092532
-2.9186	0.31381	0.0055651
-2.9186	0.38912	0.0068435
-2.9186	0.41423	0.0083235
-2.9186	0.43933	0.0071738
-2.9186	0.46444	0.002719
-2.9186	0.48954	0.0060197
-2.9186	0.51464	0.017024
-2.9186	0.53975	0.058791
-2.9186	0.56485	0.079668
-2.9186	0.58996	0.088937
-2.9186	0.61506	0.072179
-2.9186	0.64017	0.046155
-2.9186	0.66527	0.0028702
-2.9186	0.71548	0.040183
-2.9186	0.74059	0.06342
-2.9186	0.76569	0.075494
-2.9186	0.79079	0.051142
-2.9186	0.8159	0.025214
-2.9186	0.86611	0.015596
-2.9186	0.89121	0.044297
-2.9186	0.91632	0.093781
-2.9186	0.94142	0.092182
-2.9186	0.96653	0.037653
-2.9186	0.99163	0.0096297
-2.9186	1.0418	0.050279
-2.9186	1.0669	0.090304
-2.9186	1.0921	0.11775
-2.9186	1.1172	0.09483
-2.9186	1.1423	0.053869
-2.9186	1.1925	0.015468
-2.9186	1.2176	0.057673
-2.9186	1.2427	0.14763
-2.9186	1.2678	0.15505
-2.9186	1.2929	0.076666
-2.9186	1.318	0.026231
-2.9186	1.3682	0.064002
-2.9186	1.3933	0.13031
-2.9186	1.4184	0.20267
-2.9186	1.4435	0.17511
-2.9186	1.4686	0.11328
-2.9186	1.4937	0.0033843
-2.9186	1.5188	0.01195
-2.9186	1.5439	0.073854
-2.9186	1.569	0.25949
-2.9186	1.5941	0.30758
-2.9186	1.6192	0.20812
-2.9186	1.6444	0.09782
-2.9186	1.6695	0.01347
-2.9186	1.6946	0.14505
-2.9186	1.7197	0.41721
-2.9186	1.7448	1.249
-2.9186	1.7699	1.6711
-2.9186	1.795	1.9943
-2.9186	1.8201	2.1496
-2.9186	1.8452	1.9699
-2.9186	1.8703	1.2924
-2.9186	1.8954	0.91463
-2.9186	1.9205	0.58103
-2.9186	1.9456	0.14753
-2.9186	1.9707	0.04892
-2.9186	1.9958	0.00732
-2.9186	2.0209	0.0084041
-2.9186	2.046	0.017977
-2.9186	2.0711	0.020907
-2.9186	2.0962	0.01533
-2.9186	2.1213	0.0087787
-2.9186	2.2218	0.0019107
-2.9186	2.2469	0.001888
-2.8935	-0.89121	0.0041867
-2.8935	-0.86611	0.0055464
-2.8935	-0.841	0.006591
-2.8935	-0.8159	0.0070035
-2.8935	-0.79079	0.0063094
-2.8935	-0.76569	0.0038748
-2.8935	-0.74059	0.0026024
-2.8935	-0.087866	0.0028071
-2.8935	-0.062762	0.0034919
-2.8935	-0.037657	0.002643
-2.8935	0.062762	0.0032056
-2.8935	0.087866	0.007243
-2.8935	0.11297	0.007403
-2.8935	0.13808	0.0032596
-2.8935	0.21339	0.0056903
-2.8935	0.23849	0.01071
-2.8935	0.2636	0.015995
-2.8935	0.2887	0.013568
-2.8935	0.31381	0.0083153
-2.8935	0.36402	0.0032632
-2.8935	0.38912	0.030708
-2.8935	0.41423	0.05055
-2.8935	0.43933	0.068637
-2.8935	0.46444	0.082803
-2.8935	0.48954	0.075561
-2.8935	0.51464	0.06091
-2.8935	0.53975	0.025611
-2.8935	0.56485	0.012401
-2.8935	0.71548	0.0051987
-2.8935	0.74059	0.0086595
-2.8935	0.76569	0.010893
-2.8935	0.79079	0.0076968
-2.8935	0.8159	0.003495
-2.8935	0.86611	0.0053309
-2.8935	0.89121	0.013212
-2.8935	0.91632	0.026181
-2.8935	0.94142	0.025218
-2.8935	0.96653	0.0090773
-2.8935	1.0418	0.021759
-2.8935	1.0669	0.036787
-2.8935	1.0921	0.046472
-2.8935	1.1172	0.035191
-2.8935	1.1423	0.018522
-2.8935	1.1925	0.011058
-2.8935	1.2176	0.033932
-2.8935	1.2427	0.079336
-2.8935	1.2678	0.081555
-2.8935	1.2929	0.036801
-2.8935	1.318	0.010232
-2.8935	1.3682	0.053603
-2.8935	1.3933	0.10207
-2.8935	1.4184	0.15177
-2.8935	1.4435	0.12826
-2.8935	1.4686	0.079035
-2.8935	1.5188	0.02034
-2.8935	1.5439	0.090114
-2.8935	1.569	0.28357
-2.8935	1.5941	0.32997
-2.8935	1.6192	0.20931
-2.8935	1.6444	0.086881
-2.8935	1.6695	0.0049594
-2.8935	1.6946	0.25557
-2.8935	1.7197	0.66969
-2.8935	1.7448	1.9209
-2.8935	1.7699	2.5646
-2.8935	1.795	3.0671
-2.8935	1.8201	3.334
-2.8935	1.8452	3.0672
-2.8935	1.8703	2.0175
-2.8935	1.8954	1.4227
-2.8935	1.9205	0.89525
-2.8935	1.9456	0.21397
-2.8935	1.9707	0.064332
-2.8935	1.9958	0.0064072
-2.8935	2.0209	0.020734
-2.8935	2.046	0.038047
-2.8935	2.0711	0.039647
-2.8935	2.0962	0.027903
-2.8935	2.1213	0.015155
-2.8935	2.1967	0.003366
-2.8935	2.2218	0.0042787
-2.8935	2.2469	0.0040276
-2.8685	-0.91632	0.002995
-2.8685	-0.89121	0.0081355
-2.8685	-0.86611	0.010987
-2.8685	-0.841	0.013414
-2.8685	-0.8159	0.015334
-2.8685	-0.79079	0.01445
-2.8685	-0.76569	0.009835
-2.8685	-0.74059	0.0069669
-2.8685	-0.71548	0.0043407
-2.8685	-0.062762	0.0019715
-2.8685	0.062762	0.0027605
-2.8685	0.087866	0.0056549
-2.8685	0.11297	0.0055872
-2.8685	0.13808	0.0021214
-2.8685	0.21339	0.0064901
-2.8685	0.23849	0.011562
-2.8685	0.2636	0.016548
-2.8685	0.2887	0.013713
-2.8685	0.31381	0.0079294
-2.8685	0.36402	0.006638
-2.8685	0.38912	0.053224
-2.8685	0.41423	0.090352
-2.8685	0.43933	0.12975
-2.8685	0.46444	0.18678
-2.8685	0.48954	0.19329
-2.8685	0.51464	0.18284
-2.8685	0.53975	0.12473
-2.8685	0.56485	0.088951
-2.8685	0.58996	0.03134
-2.8685	0.61506	0.014509
-2.8685	0.64017	0.005172
-2.8685	0.89121	0.0024167
-2.8685	0.91632	0.00489
-2.8685	0.94142	0.0047394
-2.8685	1.0418	0.0072589
-2.8685	1.0669	0.011642
-2.8685	1.0921	0.014246
-2.8685	1.1172	0.009968
-2.8685	1.1423	0.0047155
-2.8685	1.1925	0.0055223
-2.8685	1.2176	0.014515
-2.8685	1.2427	0.030549
-2.8685	1.2678	0.030244
-2.8685	1.2929	0.011777
-2.8685	1.318	0.002343
-2.8685	1.3682	0.02813
-2.8685	1.3933	0.049893
-2.8685	1.4184	0.068738
-2.8685	1.4435	0.055647
-2.8685	1.4686	0.031716
-2.8685	1.5188	0.016906
-2.8685	1.5439	0.059477
-2.8685	1.569	0.16779
-2.8685	1.5941	0.19019
-2.8685	1.6192	0.1103
-2.8685	1.6444	0.038444
-2.8685	1.6946	0.23177
-2.8685	1.7197	0.56782
-2.8685	1.7448	1.5957
-2.8685	1.7699	2.1481
-2.8685	1.795	2.6036
-2.8685	1.8201	2.929
-2.8685	1.8452	2.7451
-2.8685	1.8703	1.8696
-2.8685	1.8954	1.3363
-2.8685	1.9205	0.84734
-2.8685	1.9456	0.19608
-2.8685	1.9707	0.053055
-2.8685	1.9958	0.0025999
-2.8685	2.0209	0.033876
-2.8685	2.046	0.056287
-2.8685	2.0711	0.055272
-2.8685	2.0962	0.038031
-2.8685	2.1213	0.019849
-2.8685	2.1967	0.0066966
-2.8685	2.2218	0.0080763
-2.8685	2.2469	0.0073567
-2.8685	2.272	0.0028433
-2.8434	-0.94142	0.0024054
-2.8434	-0.91632	0.0051812
-2.8434	-0.89121	0.013707
-2.8434	-0.86611	0.01852
-2.8434	-0.841	0.022732
-2.8434	-0.8159	0.026514
-2.8434	-0.79079	0.025316
-2.8434	-0.76569	0.017728
-2.8434	-0.74059	0.012713
-2.8434	-0.71548	0.0079706
-2.8434	0.062762	0.0020793
-2.8434	0.087866	0.0039039
-2.8434	0.11297	0.003719
-2.8434	0.21339	0.0064508
-2.8434	0.23849	0.010893
-2.8434	0.2636	0.014668
-2.8434	0.2887	0.011654
-2.8434	0.31381	0.0061315
-2.8434	0.36402	0.010209
-2.8434	0.38912	0.069247
-2.8434	0.41423	0.11692
-2.8434	0.43933	0.16951
-2.8434	0.46444	0.25531
-2.8434	0.48954	0.27293
-2.8434	0.51464	0.2683
-2.8434	0.53975	0.20144
-2.8434	0.56485	0.15225
-2.8434	0.58996	0.061482
-2.8434	0.61506	0.030592
-2.8434	0.64017	0.011482
-2.8434	0.71548	0.0035053
-2.8434	0.74059	0.0032978
-2.8434	0.76569	0.0023854
-2.8434	1.0669	0.0027888
-2.8434	1.0921	0.0034089
-2.8434	1.1172	0.0022842
-2.8434	1.1925	0.0023399
-2.8434	1.2176	0.0054872
-2.8434	1.2427	0.010617
-2.8434	1.2678	0.010143
-2.8434	1.2929	0.0033067
-2.8434	1.3682	0.013195
-2.8434	1.3933	0.021913
-2.8434	1.4184	0.027664
-2.8434	1.4435	0.021174
-2.8434	1.4686	0.010863
-2.8434	1.5188	0.010959
-2.8434	1.5439	0.032257
-2.8434	1.569	0.080563
-2.8434	1.5941	0.087552
-2.8434	1.6192	0.044091
-2.8434	1.6444	0.011737
-2.8434	1.6946	0.14762
-2.8434	1.7197	0.33686
-2.8434	1.7448	0.89766
-2.8434	1.7699	1.1952
-2.8434	1.795	1.4397
-2.8434	1.8201	1.6114
-2.8434	1.8452	1.509
-2.8434	1.8703	1.0251
-2.8434	1.8954	0.72941
-2.8434	1.9205	0.45786
-2.8434	1.9456	0.098329
-2.8434	1.9707	0.022694
-2.8434	2.0209	0.028596
-2.8434	2.046	0.043775
-2.8434	2.0711	0.040568
-2.8434	2.0962	0.027231
-2.8434	2.1213	0.013572
-2.8434	2.1967	0.0072169
-2.8434	2.2218	0.0084119
-2.8434	2.2469	0.0075219
-2.8434	2.272	0.0027491
-2.8184	-0.94142	0.0042042
-2.8184	-0.91632	0.0086994
-2.8184	-0.89121	0.022348
-2.8184	-0.86611	0.030063
-2.8184	-0.841	0.036853
-2.8184	-0.8159	0.043084
-2.8184	-0.79079	0.041215
-2.8184	-0.76569	0.02888
-2.8184	-0.74059	0.020613
-2.8184	-0.71548	0.012757
-2.8184	-0.69038	0.0022665
-2.8184	-0.61506	0.0018591
-2.8184	-0.58996	0.0025204
-2.8184	-0.56485	0.0021055
-2.8184	0.087866	0.0022623
-2.8184	0.11297	0.0020845
-2.8184	0.21339	0.0056868
-2.8184	0.23849	0.0091614
-2.8184	0.2636	0.011575
-2.8184	0.2887	0.0087262
-2.8184	0.31381	0.004035
-2.8184	0.33891	0.0018315
-2.8184	0.36402	0.01328
-2.8184	0.38912	0.078077
-2.8184	0.41423	0.13011
-2.8184	0.43933	0.18834
-2.8184	0.46444	0.28762
-2.8184	0.48954	0.31116
-2.8184	0.51464	0.31018
-2.8184	0.53975	0.24031
-2.8184	0.56485	0.18452
-2.8184	0.58996	0.076161
-2.8184	0.61506	0.037648
-2.8184	0.64017	0.013446
-2.8184	0.69038	0.0028939
-2.8184	0.71548	0.0087438
-2.8184	0.74059	0.0086273
-2.8184	0.76569	0.0067133
-2.8184	0.79079	0.0018103
-2.8184	1.2427	0.0030581
-2.8184	1.2678	0.0028778
-2.8184	1.3682	0.0057583
-2.8184	1.3933	0.0091006
-2.8184	1.4184	0.010687
-2.8184	1.4435	0.0077278
-2.8184	1.4686	0.0034961
-2.8184	1.5188	0.0066278
-2.8184	1.5439	0.017035
-2.8184	1.569	0.038198
-2.8184	1.5941	0.03977
-2.8184	1.6192	0.016941
-2.8184	1.6444	0.0029876
-2.8184	1.6695	0.0021048
-2.8184	1.6946	0.090238
-2.8184	1.7197	0.19321
-2.8184	1.7448	0.48561
-2.8184	1.7699	0.63567
-2.8184	1.795	0.7552
-2.8184	1.8201	0.82584
-2.8184	1.8452	0.76456
-2.8184	1.8703	0.50536
-2.8184	1.8954	0.35284
-2.8184	1.9205	0.21569
-2.8184	1.9456	0.040928
-2.8184	1.9707	0.0074146
-2.8184	2.0209	0.018561
-2.8184	2.046	0.026088
-2.8184	2.0711	0.022006
-2.8184	2.0962	0.014065
-2.8184	2.1213	0.0064831
-2.8184	2.1967	0.0049161
-2.8184	2.2218	0.0054503
-2.8184	2.2469	0.0046899
-2.7933	-0.94142	0.0057007
-2.7933	-0.91632	0.011684
-2.7933	-0.89121	0.030548
-2.7933	-0.86611	0.041707
-2.7933	-0.841	0.051933
-2.7933	-0.8159	0.062524
-2.7933	-0.79079	0.060542
-2.7933	-0.76569	0.043039
-2.7933	-0.74059	0.030677
-2.7933	-0.71548	0.018741
-2.7933	-0.69038	0.0028791
-2.7933	-0.64017	0.0021128
-2.7933	-0.61506	0.0040799
-2.7933	-0.58996	0.0052672
-2.7933	-0.56485	0.0041433
-2.7933	-0.53975	0.0025267
-2.7933	-0.41423	0.0018991
-2.7933	0.21339	0.0042842
-2.7933	0.23849	0.0066648
-2.7933	0.2636	0.0079789
-2.7933	0.2887	0.0056686
-2.7933	0.31381	0.0021986
-2.7933	0.33891	0.0029032
-2.7933	0.36402	0.015128
-2.7933	0.38912	0.079372
-2.7933	0.41423	0.13071
-2.7933	0.43933	0.1887
-2.7933	0.46444	0.29019
-2.7933	0.48954	0.31595
-2.7933	0.51464	0.31716
-2.7933	0.53975	0.24887
-2.7933	0.56485	0.19176
-2.7933	0.58996	0.078287
-2.7933	0.61506	0.037545
-2.7933	0.64017	0.012273
-2.7933	0.69038	0.0054313
-2.7933	0.71548	0.013781
-2.7933	0.74059	0.013404
-2.7933	0.76569	0.010346
-2.7933	0.79079	0.0025656
-2.7933	0.86611	0.0019063
-2.7933	0.89121	0.0026537
-2.7933	0.91632	0.0021857
-2.7933	1.3682	0.0020416
-2.7933	1.3933	0.0031668
-2.7933	1.4184	0.0036061
-2.7933	1.4435	0.0024851
-2.7933	1.5188	0.0036459
-2.7933	1.5439	0.0084937
-2.7933	1.569	0.017553
-2.7933	1.5941	0.017615
-2.7933	1.6192	0.0062189
-2.7933	1.6695	0.0025351
-2.7933	1.6946	0.055036
-2.7933	1.7197	0.11202
-2.7933	1.7448	0.26864
-2.7933	1.7699	0.34687
-2.7933	1.795	0.40748
-2.7933	1.8201	0.43665
-2.7933	1.8452	0.39987
-2.7933	1.8703	0.25695
-2.7933	1.8954	0.17572
-2.7933	1.9205	0.10423
-2.7933	1.9456	0.017003
-2.7933	1.9707	0.0021446
-2.7933	2.0209	0.011978
-2.7933	2.046	0.015574
-2.7933	2.0711	0.01187
-2.7933	2.0962	0.0071499
-2.7933	2.1213	0.0029835
-2.7933	2.1967	0.0031401
-2.7933	2.2218	0.0032881
-2.7933	2.2469	0.0026909
-2.7683	-0.94142	0.0022571
-2.7683	-0.91632	0.0046495
-2.7683	-0.89121	0.012981
-2.7683	-0.86611	0.018547
-2.7683	-0.841	0.024269
-2.7683	-0.8159	0.032447
-2.7683	-0.79079	0.033105
-2.7683	-0.76569	0.02588
-2.7683	-0.74059	0.01911
-2.7683	-0.71548	0.011863
-2.7683	-0.64017	0.003361
-2.7683	-0.61506	0.0059347
-2.7683	-0.58996	0.0075043
-2.7683	-0.56485	0.005811
-2.7683	-0.53975	0.0033777
-2.7683	-0.46444	0.0019087
-2.7683	-0.43933	0.0052185
-2.7683	-0.41423	0.0054943
-2.7683	-0.38912	0.0045579
-2.7683	-0.2887	0.0021818
-2.7683	-0.2636	0.0031102
-2.7683	-0.23849	0.0027917
-2.7683	0.23849	0.0020868
-2.7683	0.2636	0.0025634
-2.7683	0.33891	0.0034685
-2.7683	0.36402	0.013388
-2.7683	0.38912	0.063771
-2.7683	0.41423	0.1052
-2.7683	0.43933	0.15355
-2.7683	0.46444	0.24367
-2.7683	0.48954	0.26961
-2.7683	0.51464	0.27465
-2.7683	0.53975	0.21997
-2.7683	0.56485	0.16988
-2.7683	0.58996	0.067059
-2.7683	0.61506	0.030083
-2.7683	0.64017	0.0080918
-2.7683	0.66527	0.00258
-2.7683	0.69038	0.0096984
-2.7683	0.71548	0.019744
-2.7683	0.74059	0.018391
-2.7683	0.76569	0.013576
-2.7683	0.79079	0.0026402
-2.7683	0.841	0.0025309
-2.7683	0.86611	0.0049207
-2.7683	0.89121	0.0064176
-2.7683	0.91632	0.0050453
-2.7683	0.94142	0.0030261
-2.7683	1.0418	0.002082
-2.7683	1.0669	0.0020946
-2.7683	1.5439	0.0019451
-2.7683	1.569	0.0039822
-2.7683	1.5941	0.003924
-2.7683	1.6695	0.0018344
-2.7683	1.6946	0.023023
-2.7683	1.7197	0.044848
-2.7683	1.7448	0.10436
-2.7683	1.7699	0.13404
-2.7683	1.795	0.1569
-2.7683	1.8201	0.16675
-2.7683	1.8452	0.1516
-2.7683	1.8703	0.094699
-2.7683	1.8954	0.063038
-2.7683	1.9205	0.035753
-2.7683	1.9456	0.004397
-2.7683	2.0209	0.0064144
-2.7683	2.046	0.0075629
-2.7683	2.0711	0.0049849
-2.7683	2.0962	0.0027213
-2.7432	-0.89121	0.0042995
-2.7432	-0.86611	0.0062301
-2.7432	-0.841	0.0082638
-2.7432	-0.8159	0.011309
-2.7432	-0.79079	0.011638
-2.7432	-0.76569	0.0091584
-2.7432	-0.74059	0.0067163
-2.7432	-0.71548	0.0040754
-2.7432	-0.64017	0.0018312
-2.7432	-0.61506	0.0030503
-2.7432	-0.58996	0.0037608
-2.7432	-0.56485	0.0027976
-2.7432	-0.43933	0.0041224
-2.7432	-0.41423	0.0043268
-2.7432	-0.38912	0.0035664
-2.7432	-0.2887	0.0032676
-2.7432	-0.2636	0.0045824
-2.7432	-0.23849	0.004124
-2.7432	-0.21339	0.0025449
-2.7432	-0.11297	0.0047383
-2.7432	-0.087866	0.0050285
-2.7432	-0.062762	0.0025899
-2.7432	0.037657	0.0022375
-2.7432	0.062762	0.0030487
-2.7432	0.087866	0.0025362
-2.7432	0.33891	0.0022356
-2.7432	0.36402	0.0075235
-2.7432	0.38912	0.037135
-2.7432	0.41423	0.064223
-2.7432	0.43933	0.098372
-2.7432	0.46444	0.17035
-2.7432	0.48954	0.19559
-2.7432	0.51464	0.20576
-2.7432	0.53975	0.1729
-2.7432	0.56485	0.13543
-2.7432	0.58996	0.053033
-2.7432	0.61506	0.022667
-2.7432	0.64017	0.005121
-2.7432	0.66527	0.0041632
-2.7432	0.69038	0.01221
-2.7432	0.71548	0.022212
-2.7432	0.74059	0.020089
-2.7432	0.76569	0.014312
-2.7432	0.79079	0.0022359
-2.7432	0.841	0.0042222
-2.7432	0.86611	0.007433
-2.7432	0.89121	0.0092383
-2.7432	0.91632	0.0067683
-2.7432	0.94142	0.003828
-2.7432	1.0418	0.0041429
-2.7432	1.0669	0.0040863
-2.7432	1.0921	0.0031517
-2.7432	1.6946	0.0096058
-2.7432	1.7197	0.018975
-2.7432	1.7448	0.046073
-2.7432	1.7699	0.060404
-2.7432	1.795	0.07202
-2.7432	1.8201	0.07873
-2.7432	1.8452	0.07222
-2.7432	1.8703	0.045249
-2.7432	1.8954	0.029809
-2.7432	1.9205	0.01647
-2.7432	2.0209	0.0041268
-2.7432	2.046	0.0046143
-2.7432	2.0711	0.0027791
-2.7182	-0.841	0.00208
-2.7182	-0.8159	0.0031215
-2.7182	-0.79079	0.0033208
-2.7182	-0.76569	0.002716
-2.7182	-0.74059	0.0019936
-2.7182	-0.43933	0.0020217
-2.7182	-0.41423	0.0020399
-2.7182	-0.2887	0.0022267
-2.7182	-0.2636	0.0030016
-2.7182	-0.23849	0.0025575
-2.7182	-0.13808	0.0019346
-2.7182	-0.11297	0.0050252
-2.7182	-0.087866	0.0053372
-2.7182	-0.062762	0.0026375
-2.7182	0.012552	0.0028193
-2.7182	0.037657	0.0055087
-2.7182	0.062762	0.0076212
-2.7182	0.087866	0.0068704
-2.7182	0.11297	0.0042827
-2.7182	0.18828	0.0026918
-2.7182	0.21339	0.0074773
-2.7182	0.23849	0.0078075
-2.7182	0.2636	0.0037284
-2.7182	0.33891	0.0025113
-2.7182	0.36402	0.0051873
-2.7182	0.38912	0.012824
-2.7182	0.41423	0.019634
-2.7182	0.43933	0.030225
-2.7182	0.46444	0.062896
-2.7182	0.48954	0.080636
-2.7182	0.51464	0.094038
-2.7182	0.53975	0.093585
-2.7182	0.56485	0.078087
-2.7182	0.58996	0.032788
-2.7182	0.61506	0.013715
-2.7182	0.64017	0.0025975
-2.7182	0.66527	0.0051291
-2.7182	0.69038	0.012938
-2.7182	0.71548	0.022084
-2.7182	0.74059	0.019625
-2.7182	0.76569	0.013586
-2.7182	0.841	0.0062731
-2.7182	0.86611	0.0102
-2.7182	0.89121	0.01214
-2.7182	0.91632	0.0082379
-2.7182	0.94142	0.0043365
-2.7182	1.0167	0.00331
-2.7182	1.0418	0.0069304
-2.7182	1.0669	0.0066015
-2.7182	1.0921	0.0048978
-2.7182	1.1674	0.0018943
-2.7182	1.1925	0.0032709
-2.7182	1.2176	0.0040349
-2.7182	1.2427	0.0028834
-2.7182	1.3682	0.0019378
-2.7182	1.3933	0.0018299
-2.7182	1.7197	0.003827
-2.7182	1.7448	0.012181
-2.7182	1.7699	0.01762
-2.7182	1.795	0.022775
-2.7182	1.8201	0.028092
-2.7182	1.8452	0.026918
-2.7182	1.8703	0.017832
-2.7182	1.8954	0.011847
-2.7182	1.9205	0.0064581
-2.7182	2.0209	0.0024506
-2.7182	2.046	0.0026286
-2.6931	-2.2469	0.0018939
-2.6931	-2.2218	0.0024151
-2.6931	-2.1967	0.0027421
-2.6931	-2.1715	0.0025933
-2.6931	-2.1464	0.0021769
-2.6931	-0.11297	0.0031493
-2.6931	-0.087866	0.0032124
-2.6931	0.012552	0.0027889
-2.6931	0.037657	0.005085
-2.6931	0.062762	0.0068524
-2.6931	0.087866	0.0059919
-2.6931	0.11297	0.0035464
-2.6931	0.18828	0.0051814
-2.6931	0.21339	0.01454
-2.6931	0.23849	0.016147
-2.6931	0.2636	0.0088812
-2.6931	0.2887	0.0031009
-2.6931	0.33891	0.013289
-2.6931	0.36402	0.029857
-2.6931	0.38912	0.066888
-2.6931	0.41423	0.078294
-2.6931	0.43933	0.081086
-2.6931	0.46444	0.064239
-2.6931	0.48954	0.050987
-2.6931	0.51464	0.039085
-2.6931	0.53975	0.024244
-2.6931	0.56485	0.019675
-2.6931	0.58996	0.0097225
-2.6931	0.61506	0.0045184
-2.6931	0.66527	0.0030896
-2.6931	0.69038	0.007816
-2.6931	0.71548	0.01463
-2.6931	0.74059	0.013487
-2.6931	0.76569	0.0095005
-2.6931	0.841	0.0076331
-2.6931	0.86611	0.011831
-2.6931	0.89121	0.013754
-2.6931	0.91632	0.008828
-2.6931	0.94142	0.0043164
-2.6931	0.99163	0.0021868
-2.6931	1.0167	0.0056632
-2.6931	1.0418	0.010499
-2.6931	1.0669	0.0096336
-2.6931	1.0921	0.0068203
-2.6931	1.1674	0.0040444
-2.6931	1.1925	0.006494
-2.6931	1.2176	0.0076959
-2.6931	1.2427	0.0051215
-2.6931	1.2678	0.0025929
-2.6931	1.3431	0.002635
-2.6931	1.3682	0.0053205
-2.6931	1.3933	0.0050398
-2.6931	1.4184	0.0019847
-2.6931	1.5188	0.0024934
-2.6931	1.5439	0.0030896
-2.6931	1.569	0.0021997
-2.6931	1.8201	0.0035023
-2.6931	1.8452	0.0043144
-2.6931	1.8703	0.0039243
-2.6931	1.8954	0.0028582
-2.6681	-2.2469	0.0018713
-2.6681	-2.2218	0.0025675
-2.6681	-2.1967	0.0031885
-2.6681	-2.1715	0.0037535
-2.6681	-2.1464	0.0035672
-2.6681	-2.1213	0.0024134
-2.6681	-0.11297	0.0018194
-2.6681	0.012552	0.0021525
-2.6681	0.037657	0.0036353
-2.6681	0.062762	0.0046628
-2.6681	0.087866	0.0036864
-2.6681	0.11297	0.0019618
-2.6681	0.18828	0.0051915
-2.6681	0.21339	0.013252
-2.6681	0.23849	0.014474
-2.6681	0.2636	0.0074018
-2.6681	0.2887	0.0020755
-2.6681	0.33891	0.02179
-2.6681	0.36402	0.049075
-2.6681	0.38912	0.1243
-2.6681	0.41423	0.15975
-2.6681	0.43933	0.18447
-2.6681	0.46444	0.18569
-2.6681	0.48954	0.16297
-2.6681	0.51464	0.13059
-2.6681	0.53975	0.062133
-2.6681	0.56485	0.035962
-2.6681	0.58996	0.0074089
-2.6681	0.61506	0.0022824
-2.6681	0.71548	0.0026619
-2.6681	0.74059	0.0029208
-2.6681	0.76569	0.0024363
-2.6681	0.841	0.004249
-2.6681	0.86611	0.0068521
-2.6681	0.89121	0.008366
-2.6681	0.91632	0.0057045
-2.6681	0.94142	0.0027152
-2.6681	0.99163	0.0031291
-2.6681	1.0167	0.0071175
-2.6681	1.0418	0.01246
-2.6681	1.0669	0.011241
-2.6681	1.0921	0.0076898
-2.6681	1.1674	0.007431
-2.6681	1.1925	0.011248
-2.6681	1.2176	0.01286
-2.6681	1.2427	0.0078899
-2.6681	1.2678	0.0036148
-2.6681	1.318	0.0025424
-2.6681	1.3431	0.0063834
-2.6681	1.3682	0.011697
-2.6681	1.3933	0.010788
-2.6681	1.4184	0.0038222
-2.6681	1.4937	0.0048885
-2.6681	1.5188	0.0082404
-2.6681	1.5439	0.010223
-2.6681	1.569	0.0076036
-2.6681	1.5941	0.0041643
-2.6681	1.6695	0.0050099
-2.6681	1.6946	0.014675
-2.6681	1.7197	0.017927
-2.6681	1.7448	0.017519
-2.6681	1.7699	0.014379
-2.6681	1.795	0.010414
-2.6681	1.8201	0.0035124
-2.643	-2.1967	0.0021212
-2.643	-2.1715	0.0025324
-2.643	-2.1464	0.0024491
-2.643	-0.91632	0.0019949
-2.643	-0.89121	0.0029118
-2.643	-0.86611	0.0030501
-2.643	-0.841	0.0029243
-2.643	-0.8159	0.0020491
-2.643	0.037657	0.0024638
-2.643	0.062762	0.0030043
-2.643	0.087866	0.0021043
-2.643	0.18828	0.0044699
-2.643	0.21339	0.010197
-2.643	0.23849	0.010711
-2.643	0.2636	0.0047055
-2.643	0.33891	0.023861
-2.643	0.36402	0.05149
-2.643	0.38912	0.13007
-2.643	0.41423	0.17013
-2.643	0.43933	0.20156
-2.643	0.46444	0.21803
-2.643	0.48954	0.20023
-2.643	0.51464	0.16882
-2.643	0.53975	0.089766
-2.643	0.56485	0.054597
-2.643	0.58996	0.010981
-2.643	0.61506	0.0025275
-2.643	0.66527	0.0022714
-2.643	0.69038	0.0032443
-2.643	0.71548	0.0026729
-2.643	0.74059	0.0018121
-2.643	1.0167	0.003159
-2.643	1.0418	0.0058835
-2.643	1.0669	0.0054981
-2.643	1.0921	0.0037987
-2.643	1.1674	0.0078325
-2.643	1.1925	0.011716
-2.643	1.2176	0.013442
-2.643	1.2427	0.0080454
-2.643	1.2678	0.0033243
-2.643	1.318	0.005228
-2.643	1.3431	0.011734
-2.643	1.3682	0.020264
-2.643	1.3933	0.01833
-2.643	1.4184	0.0057126
-2.643	1.4937	0.013048
-2.643	1.5188	0.020937
-2.643	1.5439	0.025399
-2.643	1.569	0.018161
-2.643	1.5941	0.0093624
-2.643	1.6444	0.0063948
-2.643	1.6695	0.020546
-2.643	1.6946	0.061148
-2.643	1.7197	0.078786
-2.643	1.7448	0.091303
-2.643	1.7699	0.084722
-2.643	1.795	0.071804
-2.643	1.8201	0.039206
-2.643	1.8452	0.024964
-2.643	1.8703	0.0069747
-2.643	1.8954	0.0028634
-2.618	-0.94142	0.0027195
-2.618	-0.91632	0.0039228
-2.618	-0.89121	0.0059595
-2.618	-0.86611	0.0064222
-2.618	-0.841	0.0063655
-2.618	-0.8159	0.0048377
-2.618	-0.79079	0.0036585
-2.618	0.062762	0.001824
-2.618	0.18828	0.0035901
-2.618	0.21339	0.0073599
-2.618	0.23849	0.007393
-2.618	0.2636	0.0026613
-2.618	0.33891	0.023045
-2.618	0.36402	0.047452
-2.618	0.38912	0.11623
-2.618	0.41423	0.15171
-2.618	0.43933	0.18021
-2.618	0.46444	0.19775
-2.618	0.48954	0.18347
-2.618	0.51464	0.15644
-2.618	0.53975	0.084877
-2.618	0.56485	0.051774
-2.618	0.58996	0.0096819
-2.618	0.66527	0.0044563
-2.618	0.69038	0.0061495
-2.618	0.71548	0.0050741
-2.618	0.74059	0.0032645
-2.618	1.1674	0.002665
-2.618	1.1925	0.0040162
-2.618	1.2176	0.004707
-2.618	1.2427	0.0028113
-2.618	1.318	0.0042481
-2.618	1.3431	0.0090397
-2.618	1.3682	0.015937
-2.618	1.3933	0.014641
-2.618	1.4184	0.0041332
-2.618	1.4937	0.020417
-2.618	1.5188	0.032374
-2.618	1.5439	0.039502
-2.618	1.569	0.0281
-2.618	1.5941	0.013529
-2.618	1.6192	0.0018818
-2.618	1.6444	0.019608
-2.618	1.6695	0.056717
-2.618	1.6946	0.16746
-2.618	1.7197	0.22064
-2.618	1.7448	0.27283
-2.618	1.7699	0.26343
-2.618	1.795	0.23338
-2.618	1.8201	0.14134
-2.618	1.8452	0.095593
-2.618	1.8703	0.030661
-2.618	1.8954	0.013517
-2.618	1.9205	0.0044604
-2.5929	-0.94142	0.004218
-2.5929	-0.91632	0.0060906
-2.5929	-0.89121	0.0094004
-2.5929	-0.86611	0.01025
-2.5929	-0.841	0.010294
-2.5929	-0.8159	0.0080474
-2.5929	-0.79079	0.0061666
-2.5929	-0.76569	0.0024541
-2.5929	0.18828	0.0026533
-2.5929	0.21339	0.0049377
-2.5929	0.23849	0.0047342
-2.5929	0.33891	0.020498
-2.5929	0.36402	0.040453
-2.5929	0.38912	0.095719
-2.5929	0.41423	0.12407
-2.5929	0.43933	0.14685
-2.5929	0.46444	0.16083
-2.5929	0.48954	0.1492
-2.5929	0.51464	0.12713
-2.5929	0.53975	0.068348
-2.5929	0.56485	0.04106
-2.5929	0.58996	0.0067686
-2.5929	0.66527	0.0055421
-2.5929	0.69038	0.0072809
-2.5929	0.71548	0.0057635
-2.5929	0.74059	0.003579
-2.5929	1.3431	0.002806
-2.5929	1.3682	0.0048498
-2.5929	1.3933	0.0044136
-2.5929	1.4937	0.011621
-2.5929	1.5188	0.01835
-2.5929	1.5439	0.022677
-2.5929	1.569	0.016248
-2.5929	1.5941	0.0071879
-2.5929	1.6192	0.0035997
-2.5929	1.6444	0.023978
-2.5929	1.6695	0.06608
-2.5929	1.6946	0.20651
-2.5929	1.7197	0.28608
-2.5929	1.7448	0.39628
-2.5929	1.7699	0.40595
-2.5929	1.795	0.38157
-2.5929	1.8201	0.25926
-2.5929	1.8452	0.18505
-2.5929	1.8703	0.064901
-2.5929	1.8954	0.029261
-2.5929	1.9205	0.0094122
-2.5929	1.9958	0.003298
-2.5929	2.0209	0.003382
-2.5929	2.046	0.0023174
-2.5678	-0.94142	0.0053331
-2.5678	-0.91632	0.0077467
-2.5678	-0.89121	0.012189
-2.5678	-0.86611	0.013432
-2.5678	-0.841	0.01363
-2.5678	-0.8159	0.010833
-2.5678	-0.79079	0.0083347
-2.5678	-0.76569	0.0032694
-2.5678	0.21339	0.0029485
-2.5678	0.23849	0.0026996
-2.5678	0.33891	0.016628
-2.5678	0.36402	0.031674
-2.5678	0.38912	0.072727
-2.5678	0.41423	0.093645
-2.5678	0.43933	0.11037
-2.5678	0.46444	0.12023
-2.5678	0.48954	0.1112
-2.5678	0.51464	0.094342
-2.5678	0.53975	0.049713
-2.5678	0.56485	0.029175
-2.5678	0.58996	0.0040584
-2.5678	0.66527	0.005661
-2.5678	0.69038	0.0070629
-2.5678	0.71548	0.0052309
-2.5678	0.74059	0.0030871
-2.5678	0.841	0.0020556
-2.5678	0.86611	0.0021634
-2.5678	0.89121	0.0017995
-2.5678	1.4937	0.0037907
-2.5678	1.5188	0.005817
-2.5678	1.5439	0.0070646
-2.5678	1.569	0.0046979
-2.5678	1.6192	0.0025646
-2.5678	1.6444	0.012747
-2.5678	1.6695	0.033038
-2.5678	1.6946	0.10343
-2.5678	1.7197	0.14657
-2.5678	1.7448	0.21679
-2.5678	1.7699	0.23106
-2.5678	1.795	0.22672
-2.5678	1.8201	0.16891
-2.5678	1.8452	0.12634
-2.5678	1.8703	0.04808
-2.5678	1.8954	0.022068
-2.5678	1.9205	0.0068072
-2.5678	1.9707	0.0028862
-2.5678	1.9958	0.0053178
-2.5678	2.0209	0.0057417
-2.5678	2.046	0.0041047
-2.5428	-0.94142	0.0050582
-2.5428	-0.91632	0.0075301
-2.5428	-0.89121	0.012495
-2.5428	-0.86611	0.014111
-2.5428	-0.841	0.014634
-2.5428	-0.8159	0.012013
-2.5428	-0.79079	0.0093213
-2.5428	-0.76569	0.0036034
-2.5428	0.33891	0.011852
-2.5428	0.36402	0.022012
-2.5428	0.38912	0.049643
-2.5428	0.41423	0.063761
-2.5428	0.43933	0.075083
-2.5428	0.46444	0.081683
-2.5428	0.48954	0.075404
-2.5428	0.51464	0.063706
-2.5428	0.53975	0.032821
-2.5428	0.56485	0.018737
-2.5428	0.58996	0.0020942
-2.5428	0.66527	0.0050657
-2.5428	0.69038	0.0060177
-2.5428	0.71548	0.0041275
-2.5428	0.74059	0.0022876
-2.5428	0.841	0.0022377
-2.5428	0.86611	0.0022705
-2.5428	0.89121	0.0018213
-2.5428	1.6444	0.0050089
-2.5428	1.6695	0.012266
-2.5428	1.6946	0.037602
-2.5428	1.7197	0.053509
-2.5428	1.7448	0.080539
-2.5428	1.7699	0.086758
-2.5428	1.795	0.08605
-2.5428	1.8201	0.065379
-2.5428	1.8452	0.049226
-2.5428	1.8703	0.018596
-2.5428	1.8954	0.0082506
-2.5428	1.9205	0.0022682
-2.5428	1.9707	0.0019658
-2.5428	1.9958	0.0033319
-2.5428	2.0209	0.0035116
-2.5428	2.046	0.0025096
-2.5177	-0.99163	0.0022032
-2.5177	-0.96653	0.0040507
-2.5177	-0.94142	0.0080047
-2.5177	-0.91632	0.0094251
-2.5177	-0.89121	0.010491
-2.5177	-0.86611	0.010321
-2.5177	-0.841	0.0098263
-2.5177	-0.8159	0.0078038
-2.5177	-0.79079	0.0062039
-2.5177	-0.76569	0.0024943
-2.5177	-0.64017	0.0018994
-2.5177	0.33891	0.0044795
-2.5177	0.36402	0.0083454
-2.5177	0.38912	0.019527
-2.5177	0.41423	0.025628
-2.5177	0.43933	0.030804
-2.5177	0.46444	0.034651
-2.5177	0.48954	0.032338
-2.5177	0.51464	0.027464
-2.5177	0.53975	0.013877
-2.5177	0.56485	0.007599
-2.5177	0.66527	0.003401
-2.5177	0.69038	0.0037883
-2.5177	0.71548	0.0023011
-2.5177	0.841	0.0019009
-2.5177	0.86611	0.0018149
-2.5177	1.6946	0.0048019
-2.5177	1.7197	0.0072318
-2.5177	1.7448	0.012082
-2.5177	1.7699	0.013608
-2.5177	1.795	0.014028
-2.5177	1.8201	0.011276
-2.5177	1.8452	0.0086167
-2.5177	1.8703	0.0031836
-2.4927	-0.99163	0.0036112
-2.4927	-0.96653	0.0068516
-2.4927	-0.94142	0.015248
-2.4927	-0.91632	0.019117
-2.4927	-0.89121	0.022642
-2.4927	-0.86611	0.021562
-2.4927	-0.841	0.018775
-2.4927	-0.8159	0.010665
-2.4927	-0.79079	0.006812
-2.4927	0.36402	0.0020493
-2.4927	0.38912	0.0058389
-2.4927	0.41423	0.008311
-2.4927	0.43933	0.010712
-2.4927	0.46444	0.013446
-2.4927	0.48954	0.013075
-2.4927	0.51464	0.011465
-2.4927	0.53975	0.00597
-2.4927	0.56485	0.0032204
-2.4927	0.66527	0.0021444
-2.4927	0.69038	0.0023132
-2.4927	1.7699	0.002085
-2.4927	1.795	0.0023705
-2.4927	1.8201	0.0022369
-2.4927	1.8452	0.0018141
-2.4676	-0.99163	0.0041351
-2.4676	-0.96653	0.0076854
-2.4676	-0.94142	0.017188
-2.4676	-0.91632	0.02191
-2.4676	-0.89121	0.027406
-2.4676	-0.86611	0.027068
-2.4676	-0.841	0.024553
-2.4676	-0.8159	0.01514
-2.4676	-0.79079	0.0099285
-2.4676	-0.76569	0.0023282
-2.4676	0.46444	0.0020781
-2.4676	0.48954	0.0024186
-2.4676	0.51464	0.0024511
-2.4426	-1.0167	0.0018861
-2.4426	-0.99163	0.0042039
-2.4426	-0.96653	0.0075915
-2.4426	-0.94142	0.016559
-2.4426	-0.91632	0.02102
-2.4426	-0.89121	0.026314
-2.4426	-0.86611	0.026082
-2.4426	-0.841	0.023775
-2.4426	-0.8159	0.014798
-2.4426	-0.79079	0.0097055
-2.4426	-0.76569	0.0021525
-2.4426	-0.16318	0.0018622
-2.4426	-0.13808	0.0020005
-2.4426	0.012552	0.0024006
-2.4426	0.037657	0.0021031
-2.4426	0.16318	0.0022435
-2.4426	0.18828	0.0026603
-2.4426	0.21339	0.0018035
-2.4426	0.31381	0.0022297
-2.4426	0.33891	0.0060299
-2.4426	0.36402	0.0074191
-2.4426	0.38912	0.0076544
-2.4426	0.41423	0.0065697
-2.4426	0.43933	0.0050524
-2.4426	0.46444	0.0021046
-2.4426	1.6444	0.001902
-2.4426	1.6695	0.0029809
-2.4426	1.6946	0.0045936
-2.4426	1.7197	0.0048054
-2.4426	1.7448	0.0039667
-2.4426	1.7699	0.0031509
-2.4426	1.795	0.0022842
-2.4175	-1.0167	0.0018602
-2.4175	-0.99163	0.0039476
-2.4175	-0.96653	0.0069322
-2.4175	-0.94142	0.014676
-2.4175	-0.91632	0.018468
-2.4175	-0.89121	0.022846
-2.4175	-0.86611	0.022533
-2.4175	-0.841	0.02043
-2.4175	-0.8159	0.0125
-2.4175	-0.79079	0.0080574
-2.4175	-0.66527	0.0019712
-2.4175	-0.64017	0.0018499
-2.4175	-0.012552	0.0027931
-2.4175	0.012552	0.0041191
-2.4175	0.037657	0.0034701
-2.4175	0.062762	0.0021617
-2.4175	0.13808	0.0037311
-2.4175	0.16318	0.0054772
-2.4175	0.18828	0.0062507
-2.4175	0.21339	0.0038809
-2.4175	0.2887	0.0031405
-2.4175	0.31381	0.0083151
-2.4175	0.33891	0.022628
-2.4175	0.36402	0.029044
-2.4175	0.38912	0.034429
-2.4175	0.41423	0.0326
-2.4175	0.43933	0.0283
-2.4175	0.46444	0.016326
-2.4175	0.48954	0.010696
-2.4175	0.51464	0.0062263
-2.4175	1.6444	0.0030779
-2.4175	1.6695	0.0047975
-2.4175	1.6946	0.0076242
-2.4175	1.7197	0.0082018
-2.4175	1.7448	0.0072932
-2.4175	1.7699	0.0060619
-2.4175	1.795	0.0046195
-2.4175	1.8201	0.0019961
-2.3925	-0.99163	0.003441
-2.3925	-0.96653	0.0058903
-2.3925	-0.94142	0.012108
-2.3925	-0.91632	0.015089
-2.3925	-0.89121	0.018377
-2.3925	-0.86611	0.017988
-2.3925	-0.841	0.016168
-2.3925	-0.8159	0.0096307
-2.3925	-0.79079	0.006056
-2.3925	-0.66527	0.0019276
-2.3925	-0.012552	0.002006
-2.3925	0.012552	0.0034284
-2.3925	0.037657	0.0030435
-2.3925	0.062762	0.0018892
-2.3925	0.13808	0.007526
-2.3925	0.16318	0.010745
-2.3925	0.18828	0.012024
-2.3925	0.21339	0.0068407
-2.3925	0.23849	0.0024955
-2.3925	0.2636	0.0019891
-2.3925	0.2887	0.0099245
-2.3925	0.31381	0.023921
-2.3925	0.33891	0.062209
-2.3925	0.36402	0.079941
-2.3925	0.38912	0.097133
-2.3925	0.41423	0.093927
-2.3925	0.43933	0.083712
-2.3925	0.46444	0.051722
-2.3925	0.48954	0.035352
-2.3925	0.51464	0.021569
-2.3925	0.53975	0.0048769
-2.3925	1.6192	0.0021229
-2.3925	1.6444	0.0039837
-2.3925	1.6695	0.0061116
-2.3925	1.6946	0.0097061
-2.3925	1.7197	0.010523
-2.3925	1.7448	0.00959
-2.3925	1.7699	0.0080931
-2.3925	1.795	0.0062675
-2.3925	1.8201	0.0027891
-2.3674	-0.99163	0.0027761
-2.3674	-0.96653	0.0046453
-2.3674	-0.94142	0.0092882
-2.3674	-0.91632	0.011465
-2.3674	-0.89121	0.013733
-2.3674	-0.86611	0.013326
-2.3674	-0.841	0.011856
-2.3674	-0.8159	0.0068401
-2.3674	-0.79079	0.0041753
-2.3674	0.13808	0.0051295
-2.3674	0.16318	0.0079882
-2.3674	0.18828	0.0097911
-2.3674	0.21339	0.0061417
-2.3674	0.23849	0.0018931
-2.3674	0.2636	0.0053447
-2.3674	0.2887	0.021855
-2.3674	0.31381	0.051205
-2.3674	0.33891	0.13635
-2.3674	0.36402	0.17847
-2.3674	0.38912	0.22428
-2.3674	0.41423	0.22001
-2.3674	0.43933	0.19859
-2.3674	0.46444	0.12526
-2.3674	0.48954	0.086237
-2.3674	0.51464	0.052785
-2.3674	0.53975	0.011589
-2.3674	0.56485	0.0031596
-2.3674	0.64017	0.0024498
-2.3674	0.66527	0.0023564
-2.3674	1.6192	0.0024425
-2.3674	1.6444	0.004413
-2.3674	1.6695	0.0066487
-2.3674	1.6946	0.01044
-2.3674	1.7197	0.011323
-2.3674	1.7448	0.010383
-2.3674	1.7699	0.008797
-2.3674	1.795	0.0068358
-2.3674	1.8201	0.0030382
-2.3424	-0.99163	0.0020599
-2.3424	-0.96653	0.0033791
-2.3424	-0.94142	0.0065901
-2.3424	-0.91632	0.0080613
-2.3424	-0.89121	0.0094974
-2.3424	-0.86611	0.0091318
-2.3424	-0.841	0.0080348
-2.3424	-0.8159	0.0044721
-2.3424	-0.79079	0.0026377
-2.3424	0.18828	0.0018332
-2.3424	0.2636	0.0033283
-2.3424	0.2887	0.012823
-2.3424	0.31381	0.032299
-2.3424	0.33891	0.10906
-2.3424	0.36402	0.16246
-2.3424	0.38912	0.26109
-2.3424	0.41423	0.28576
-2.3424	0.43933	0.28438
-2.3424	0.46444	0.20938
-2.3424	0.48954	0.15237
-2.3424	0.51464	0.09697
-2.3424	0.53975	0.021328
-2.3424	0.56485	0.0052034
-2.3424	0.61506	0.004691
-2.3424	0.64017	0.007235
-2.3424	0.66527	0.0066149
-2.3424	0.69038	0.0044622
-2.3424	1.6192	0.0024517
-2.3424	1.6444	0.0042865
-2.3424	1.6695	0.006351
-2.3424	1.6946	0.0098432
-2.3424	1.7197	0.010657
-2.3424	1.7448	0.0097664
-2.3424	1.7699	0.008271
-2.3424	1.795	0.006415
-2.3424	1.8201	0.0028089
-2.3173	-0.96653	0.0022469
-2.3173	-0.94142	0.0042875
-2.3173	-0.91632	0.0052013
-2.3173	-0.89121	0.00603
-2.3173	-0.86611	0.0057436
-2.3173	-0.841	0.0049944
-2.3173	-0.8159	0.0026713
-2.3173	0.2887	0.0028328
-2.3173	0.31381	0.0067299
-2.3173	0.33891	0.023449
-2.3173	0.36402	0.037016
-2.3173	0.38912	0.070484
-2.3173	0.41423	0.085751
-2.3173	0.43933	0.095916
-2.3173	0.46444	0.091327
-2.3173	0.48954	0.075951
-2.3173	0.51464	0.055045
-2.3173	0.53975	0.014781
-2.3173	0.56485	0.0034563
-2.3173	0.58996	0.0027273
-2.3173	0.61506	0.0081978
-2.3173	0.64017	0.012876
-2.3173	0.66527	0.012712
-2.3173	0.69038	0.0087461
-2.3173	0.79079	0.002227
-2.3173	0.8159	0.0026048
-2.3173	1.6192	0.0021326
-2.3173	1.6444	0.0036357
-2.3173	1.6695	0.0053219
-2.3173	1.6946	0.0081841
-2.3173	1.7197	0.0088563
-2.3173	1.7448	0.0081171
-2.3173	1.7699	0.0068666
-2.3173	1.795	0.0053086
-2.3173	1.8201	0.0022769
-2.2923	-0.94142	0.001866
-2.2923	-0.91632	0.0022378
-2.2923	-0.89121	0.0025317
-2.2923	-0.86611	0.0023745
-2.2923	-0.841	0.0020237
-2.2923	0.2887	0.002819
-2.2923	0.31381	0.0048264
-2.2923	0.33891	0.0086399
-2.2923	0.36402	0.0098484
-2.2923	0.38912	0.010402
-2.2923	0.41423	0.0099344
-2.2923	0.43933	0.0091516
-2.2923	0.46444	0.0069111
-2.2923	0.48954	0.0054826
-2.2923	0.51464	0.0039065
-2.2923	0.64017	0.0024808
-2.2923	0.66527	0.0030377
-2.2923	0.69038	0.0023403
-2.2923	0.79079	0.0027483
-2.2923	0.8159	0.0035529
-2.2923	0.841	0.0027463
-2.2923	0.96653	0.0019826
-2.2923	1.6444	0.0019577
-2.2923	1.6695	0.0028851
-2.2923	1.6946	0.0045603
-2.2923	1.7197	0.0050078
-2.2923	1.7448	0.0047016
-2.2923	1.7699	0.004006
-2.2923	1.795	0.0031033
-2.2672	0.13808	0.0020949
-2.2672	0.16318	0.002204
-2.2672	0.18828	0.0018164
-2.2672	0.2636	0.002484
-2.2672	0.2887	0.0054938
-2.2672	0.31381	0.0093043
-2.2672	0.33891	0.016705
-2.2672	0.36402	0.018924
-2.2672	0.38912	0.01856
-2.2672	0.41423	0.01622
-2.2672	0.43933	0.013046
-2.2672	0.46444	0.0064493
-2.2672	0.48954	0.0038733
-2.2672	0.51464	0.0020234
-2.2672	1.6946	0.0020725
-2.2672	1.7197	0.0023853
-2.2672	1.7448	0.0024166
-2.2672	1.7699	0.0021188
-2.2422	0.13808	0.0023354
-2.2422	0.16318	0.0023653
-2.2422	0.18828	0.0018556
-2.2422	0.2636	0.0039378
-2.2422	0.2887	0.0082935
-2.2422	0.31381	0.01383
-2.2422	0.33891	0.025047
-2.2422	0.36402	0.028785
-2.2422	0.38912	0.029347
-2.2422	0.41423	0.026203
-2.2422	0.43933	0.021505
-2.2422	0.46444	0.010883
-2.2422	0.48954	0.0064723
-2.2422	0.51464	0.0032428
-2.2422	1.2929	0.0018361
-2.2171	0.13808	0.002281
-2.2171	0.16318	0.0022125
-2.2171	0.2636	0.005187
-2.2171	0.2887	0.010423
-2.2171	0.31381	0.017023
-2.2171	0.33891	0.030533
-2.2171	0.36402	0.035199
-2.2171	0.38912	0.03642
-2.2171	0.41423	0.032838
-2.2171	0.43933	0.027235
-2.2171	0.46444	0.014025
-2.2171	0.48954	0.0083562
-2.2171	0.51464	0.0041374
-2.2171	1.4435	0.0021765
-2.2171	1.4686	0.0025775
-2.2171	1.6192	0.003939
-2.2171	1.6444	0.0044208
-2.2171	1.6695	0.0043535
-2.2171	1.6946	0.0030449
-2.2171	1.7197	0.0021971
-2.1921	0.13808	0.0019957
-2.1921	0.16318	0.0018474
-2.1921	0.2636	0.0059399
-2.1921	0.2887	0.011438
-2.1921	0.31381	0.018279
-2.1921	0.33891	0.032208
-2.1921	0.36402	0.037038
-2.1921	0.38912	0.038345
-2.1921	0.41423	0.034623
-2.1921	0.43933	0.028745
-2.1921	0.46444	0.014737
-2.1921	0.48954	0.0086807
-2.1921	0.51464	0.00418
-2.1921	1.5941	0.0043975
-2.1921	1.6192	0.012716
-2.1921	1.6444	0.016548
-2.1921	1.6695	0.018916
-2.1921	1.6946	0.017719
-2.1921	1.7197	0.014715
-2.1921	1.7448	0.0075067
-2.1921	1.7699	0.0045667
-2.1921	1.795	0.0024562
-2.167	0.2636	0.0060454
-2.167	0.2887	0.011211
-2.167	0.31381	0.017547
-2.167	0.33891	0.030297
-2.167	0.36402	0.034666
-2.167	0.38912	0.035667
-2.167	0.41423	0.032114
-2.167	0.43933	0.026559
-2.167	0.46444	0.013385
-2.167	0.48954	0.0077274
-2.167	0.51464	0.003572
-2.167	1.5941	0.0027173
-2.167	1.6192	0.0085885
-2.167	1.6444	0.012194
-2.167	1.6695	0.015532
-2.167	1.6946	0.019048
-2.167	1.7197	0.018488
-2.167	1.7448	0.013227
-2.167	1.7699	0.0095792
-2.167	1.795	0.0061139
-2.142	0.2636	0.005519
-2.142	0.2887	0.0099077
-2.142	0.31381	0.015215
-2.142	0.33891	0.025742
-2.142	0.36402	0.029279
-2.142	0.38912	0.029845
-2.142	0.41423	0.026736
-2.142	0.43933	0.021966
-2.142	0.46444	0.010798
-2.142	0.48954	0.0060716
-2.142	0.51464	0.0026638
-2.142	1.6192	0.0036681
-2.142	1.6444	0.0052089
-2.142	1.6695	0.0066827
-2.142	1.6946	0.0084641
-2.142	1.7197	0.0084268
-2.142	1.7448	0.0064847
-2.142	1.7699	0.00493
-2.142	1.795	0.0033283
-2.1169	0.2636	0.0045237
-2.1169	0.2887	0.0079008
-2.1169	0.31381	0.011934
-2.1169	0.33891	0.019819
-2.1169	0.36402	0.022407
-2.1169	0.38912	0.022601
-2.1169	0.41423	0.020123
-2.1169	0.43933	0.016398
-2.1169	0.46444	0.00782
-2.1169	0.48954	0.0042583
-2.1169	1.6444	0.0018708
-2.1169	1.6695	0.0024234
-2.1169	1.6946	0.0031322
-2.1169	1.7197	0.0031461
-2.1169	1.7448	0.0024494
-2.1169	1.7699	0.0018641
-2.0919	0.2636	0.0033114
-2.0919	0.2887	0.005657
-2.0919	0.31381	0.0084292
-2.0919	0.33891	0.013779
-2.0919	0.36402	0.015494
-2.0919	0.38912	0.015463
-2.0919	0.41423	0.013674
-2.0919	0.43933	0.011041
-2.0919	0.46444	0.0050833
-2.0919	0.48954	0.0026653
-2.0668	0.2636	0.002142
-2.0668	0.2887	0.0036005
-2.0668	0.31381	0.0053104
-2.0668	0.33891	0.0085734
-2.0668	0.36402	0.0095952
-2.0668	0.38912	0.0094787
-2.0668	0.41423	0.0083218
-2.0668	0.43933	0.0066506
-2.0668	0.46444	0.0029401
-2.0418	0.31381	0.0021037
-2.0418	0.33891	0.0033367
-2.0418	0.36402	0.0037037
-2.0418	0.38912	0.0035854
-2.0418	0.41423	0.0031021
-2.0418	0.43933	0.0024284
-1.9916	1.6192	0.002095
-1.9916	1.6444	0.0022545
-1.9916	1.6695	0.002227
-1.9666	1.6192	0.0024301
-1.9666	1.6444	0.0026104
-1.9666	1.6695	0.0025794
-1.9666	1.6946	0.0019778
-1.9415	1.6192	0.0024767
-1.9415	1.6444	0.0026479
-1.9415	1.6695	0.0026083
-1.9415	1.6946	0.00199
-1.9165	1.6192	0.002253
-1.9165	1.6444	0.0023947
-1.9165	1.6695	0.0023477
-1.8914	1.6192	0.0018395
-1.8914	1.6444	0.0019434
-1.8914	1.6695	0.001895
-1.8413	0.31381	0.0018857
-1.8413	0.33891	0.0018407
-1.8163	0.2887	0.0017965
-1.8163	0.31381	0.0019776
-1.8163	0.33891	0.0018995
-1.7912	0.31381	0.0018494
-1.3152	0.18828	0.0021068
-1.3152	0.21339	0.0034091
-1.3152	0.23849	0.0038126
-1.3152	0.2636	0.0036908
-1.3152	0.2887	0.003158
-1.3152	0.31381	0.0024194
-1.2902	0.13808	0.0019641
-1.2902	0.16318	0.0032907
-1.2902	0.18828	0.0049443
-1.2902	0.21339	0.00849
-1.2902	0.23849	0.0098097
-1.2902	0.2636	0.010141
-1.2902	0.2887	0.0089462
-1.2902	0.31381	0.0070402
-1.2902	0.33891	0.0026763
-1.2651	0.11297	0.0018612
-1.2651	0.13808	0.0096621
-1.2651	0.16318	0.017895
-1.2651	0.18828	0.030159
-1.2651	0.21339	0.06775
-1.2651	0.23849	0.090883
-1.2651	0.2636	0.12716
-1.2651	0.2887	0.12842
-1.2651	0.31381	0.1127
-1.2651	0.33891	0.047185
-1.2651	0.36402	0.018168
-1.2651	0.41423	0.0074546
-1.2651	0.43933	0.01647
-1.2651	0.46444	0.023078
-1.2651	0.48954	0.018449
-1.2651	0.51464	0.011155
-1.2651	0.58996	0.003158
-1.2651	0.61506	0.0038643
-1.2651	0.64017	0.0035065
-1.2401	0.087866	0.017229
-1.2401	0.11297	0.066763
-1.2401	0.13808	0.10951
-1.2401	0.16318	0.094769
-1.2401	0.18828	0.080275
-1.2401	0.21339	0.05525
-1.2401	0.23849	0.044078
-1.2401	0.2636	0.024589
-1.2401	0.2887	0.016736
-1.2401	0.31381	0.010422
-1.2401	0.33891	0.002579
-1.2401	0.76569	0.0024232
-1.2401	0.79079	0.0050361
-1.2401	0.8159	0.00342
-1.215	-0.037657	0.0065795
-1.215	-0.012552	0.017765
-1.215	0.012552	0.0034338
-1.215	0.087866	0.0021044
-1.215	0.11297	0.0038231
-1.215	0.13808	0.0073067
-1.215	0.16318	0.0085949
-1.215	0.18828	0.0093441
-1.215	0.21339	0.0089871
-1.215	0.23849	0.0079836
-1.215	0.2636	0.0050878
-1.215	0.2887	0.0035798
-1.215	0.31381	0.0022562
-1.215	0.91632	0.0019688
-1.215	0.94142	0.0036351
-1.215	0.96653	0.0019468
-1.19	0.13808	0.0026098
-1.19	0.16318	0.0032393
-1.19	0.18828	0.0036826
-1.19	0.21339	0.0037778
-1.19	0.23849	0.0034249
-1.19	0.2636	0.0022161
-1.1649	-0.18828	0.0052373
-1.1649	0.18828	0.0018519
-1.1649	0.21339	0.0019527
-1.1649	0.23849	0.0017854
-1.1399	1.2427	0.0021056
-1.1399	1.2678	0.0039683
-1.1148	1.4184	0.0020061
-1.1148	1.4435	0.0019441
-1.0898	-0.36402	0.0039383
-1.0898	1.4184	0.01698
-1.0898	1.4435	0.022361
-1.0898	1.4686	0.015142
-1.0898	1.4937	0.0055699
-1.0898	1.5188	0.0034483
-1.0898	1.5439	0.0021118
-1.0647	1.4686	0.0024929
-1.0647	1.4937	0.0070024
-1.0647	1.5188	0.012152
-1.0647	1.5439	0.020642
-1.0647	1.569	0.010297
-1.0647	1.5941	0.003454
-1.0397	1.5439	0.0020667
-1.0397	1.569	0.0028696
-1.0397	1.5941	0.0033803
-1.0397	1.6192	0.0024274
0.13779	-1.0669	0.0023858
0.16284	-1.0669	0.0044327
0.26305	-1.0418	0.004986
0.2881	-1.0418	0.0023562
0.38831	-1.0167	0.01523
0.41336	-0.99163	0.002091
0.43841	-0.99163	0.011891
0.46347	-0.96653	0.0023704
0.48852	-0.96653	0.010462
0.51357	-0.96653	0.0019654
0.53862	-0.94142	0.0033655
0.56367	-0.94142	0.0097676
0.61378	-0.89121	0.0033771
0.63883	-0.89121	0.088377
0.63883	-0.86611	0.0040631
0.66388	-0.89121	0.0035887
0.66388	-0.86611	0.078539
0.66388	-0.841	0.00317
0.68894	-0.86611	0.0043627
0.68894	-0.841	0.051438
0.71399	-0.841	0.0067018
0.71399	-0.8159	0.0032247
0.71399	-0.13808	0.0018943
0.71399	-0.11297	0.0018929
0.71399	2.4728	0.0020691
0.73904	-0.841	0.0029817
0.73904	-0.8159	0.15575
0.73904	-0.79079	0.0058676
0.73904	-0.13808	0.0019561
0.73904	-0.11297	0.0019916
0.76409	-0.841	0.0024695
0.76409	-0.8159	0.01839
0.76409	-0.79079	0.28447
0.78914	-0.841	0.0022796
0.78914	-0.8159	0.0063054
0.78914	-0.79079	0.015173
0.78914	-0.76569	0.0054969
0.8142	-0.841	0.0020976
0.8142	-0.8159	0.0035746
0.8142	-0.79079	0.0045493
0.8142	-0.76569	0.021789
0.83925	-0.841	0.0018634
0.83925	-0.8159	0.0023245
0.83925	-0.79079	0.0021711
0.83925	-0.71548	0.019743
0.83925	-0.69038	0.0023777
0.8643	-0.71548	0.0055275
0.8643	-0.69038	0.15841
0.8643	-0.66527	0.014416
0.8643	-0.21339	0.0019829
0.8643	-0.18828	0.0025019
0.8643	-0.16318	0.0024431
0.8643	-0.13808	0.0021904
0.88935	-0.71548	0.0027234
0.88935	-0.69038	0.031856
0.88935	-0.66527	0.43926
0.88935	-0.64017	0.0030809
0.88935	-0.23849	0.0036425
0.88935	-0.21339	0.0048273
0.88935	-0.18828	0.0062262
0.88935	-0.16318	0.0062081
0.88935	-0.13808	0.0057128
0.88935	-0.11297	0.0037857
0.88935	-0.087866	0.0026923
0.91441	-0.69038	0.0071409
0.91441	-0.66527	0.01459
0.91441	-0.64017	0.04992
0.91441	-0.2636	0.0027174
0.91441	-0.23849	0.0070961
0.91441	-0.21339	0.0092861
0.91441	-0.18828	0.01191
0.91441	-0.16318	0.011912
0.91441	-0.13808	0.011023
0.91441	-0.11297	0.0074128
0.91441	-0.087866	0.0053079
0.91441	-0.062762	0.0018827
0.93946	-0.69038	0.0030528
0.93946	-0.66527	0.003945
0.93946	-0.64017	0.004305
0.93946	-0.61506	0.0032177
0.93946	-0.58996	0.0094578
0.93946	-0.56485	0.0043568
0.93946	-0.53975	0.0026911
0.93946	-0.2887	0.0023135
0.93946	-0.2636	0.0049268
0.93946	-0.23849	0.011978
0.93946	-0.21339	0.015413
0.93946	-0.18828	0.019411
0.93946	-0.16318	0.019323
0.93946	-0.13808	0.017822
0.93946	-0.11297	0.011916
0.93946	-0.087866	0.0084885
0.93946	-0.062762	0.0029216
0.96451	-0.58996	0.0052775
0.96451	-0.56485	0.031617
0.96451	-0.53975	0.0090754
0.96451	-0.41423	0.0022149
0.96451	-0.38912	0.0021028
0.96451	-0.2887	0.0040841
0.96451	-0.2636	0.0080741
0.96451	-0.23849	0.018289
0.96451	-0.21339	0.023072
0.96451	-0.18828	0.028309
0.96451	-0.16318	0.027917
0.96451	-0.13808	0.025535
0.96451	-0.11297	0.016777
0.96451	-0.087866	0.011809
0.96451	-0.062762	0.0038748
0.98956	-0.56485	0.035194
0.98956	-0.53975	0.27846
0.98956	-0.43933	0.0029768
0.98956	-0.41423	0.003274
0.98956	-0.38912	0.0028122
0.98956	-0.31381	0.0026752
0.98956	-0.2887	0.0066724
0.98956	-0.2636	0.012327
0.98956	-0.23849	0.025971
0.98956	-0.21339	0.032032
0.98956	-0.18828	0.038032
0.98956	-0.16318	0.037019
0.98956	-0.13808	0.03345
0.98956	-0.11297	0.021414
0.98956	-0.087866	0.014819
0.98956	-0.062762	0.0045695
1.0146	-0.56485	0.0035729
1.0146	-0.53975	0.0079116
1.0146	-0.51464	0.03894
1.0146	-0.46444	0.0030514
1.0146	-0.43933	0.0059218
1.0146	-0.41423	0.0054601
1.0146	-0.38912	0.0040404
1.0146	-0.31381	0.0046818
1.0146	-0.2887	0.010407
1.0146	-0.2636	0.018001
1.0146	-0.23849	0.035076
1.0146	-0.21339	0.042142
1.0146	-0.18828	0.048059
1.0146	-0.16318	0.046
1.0146	-0.13808	0.040908
1.0146	-0.11297	0.025318
1.0146	-0.087866	0.01715
1.0146	-0.062762	0.0048998
1.0397	-0.46444	0.10691
1.0397	-0.43933	0.021299
1.0397	-0.41423	0.012945
1.0397	-0.38912	0.0072444
1.0397	-0.31381	0.008068
1.0397	-0.2887	0.016055
1.0397	-0.2636	0.025885
1.0397	-0.23849	0.046096
1.0397	-0.21339	0.053642
1.0397	-0.18828	0.05817
1.0397	-0.16318	0.054506
1.0397	-0.13808	0.047503
1.0397	-0.11297	0.028179
1.0397	-0.087866	0.018593
1.0397	-0.062762	0.0048469
1.0397	0.037657	0.0018866
1.0397	0.062762	0.0023728
1.0397	0.087866	0.0018633
1.0647	-0.46444	0.0028831
1.0647	-0.43933	0.2785
1.0647	-0.41423	0.13876
1.0647	-0.38912	0.027437
1.0647	-0.31381	0.014743
1.0647	-0.2887	0.025873
1.0647	-0.2636	0.038272
1.0647	-0.23849	0.060732
1.0647	-0.21339	0.067793
1.0647	-0.18828	0.06883
1.0647	-0.16318	0.062736
1.0647	-0.13808	0.053271
1.0647	-0.11297	0.029961
1.0647	-0.087866	0.019142
1.0647	-0.062762	0.0044712
1.0647	0.037657	0.0024309
1.0647	0.062762	0.0028717
1.0647	0.087866	0.0020611
1.0898	-0.43933	0.0025536
1.0898	-0.41423	0.0051453
1.0898	-0.38912	0.009055
1.0898	-0.36402	0.017841
1.0898	-0.33891	0.039495
1.0898	-0.31381	0.065284
1.0898	-0.2887	0.078631
1.0898	-0.2636	0.090601
1.0898	-0.23849	0.10496
1.0898	-0.21339	0.10531
1.0898	-0.18828	0.091087
1.0898	-0.16318	0.077877
1.0898	-0.13808	0.062397
1.0898	-0.11297	0.031362
1.0898	-0.087866	0.018797
1.0898	-0.062762	0.0035668
1.0898	0.012552	0.0022743
1.0898	0.037657	0.0031844
1.0898	0.062762	0.0034311
1.0898	0.087866	0.0021289
1.0898	1.0418	0.0026191
1.0898	1.0669	0.0036173
1.0898	1.0921	0.0044475
1.0898	1.1172	0.0050745
1.0898	1.1423	0.0047839
1.0898	1.1674	0.0033352
1.0898	1.1925	0.0024471
1.1148	-0.33891	0.0090745
1.1148	-0.31381	1.5005
1.1148	-0.2887	0.67614
1.1148	-0.2636	0.36068
1.1148	-0.23849	0.21384
1.1148	-0.21339	0.18012
1.1148	-0.18828	0.12425
1.1148	-0.16318	0.098123
1.1148	-0.13808	0.073508
1.1148	-0.11297	0.032854
1.1148	-0.087866	0.018537
1.1148	-0.062762	0.0029546
1.1148	0.012552	0.0028401
1.1148	0.037657	0.0036284
1.1148	0.062762	0.0036708
1.1148	0.087866	0.0020469
1.1148	0.21339	0.001919
1.1148	0.23849	0.0018648
1.1148	0.38912	0.0020816
1.1148	0.41423	0.0019668
1.1148	1.0167	0.0031201
1.1148	1.0418	0.0098672
1.1148	1.0669	0.013998
1.1148	1.0921	0.017925
1.1148	1.1172	0.02293
1.1148	1.1423	0.023247
1.1148	1.1674	0.01937
1.1148	1.1925	0.015806
1.1148	1.2176	0.01181
1.1148	1.2427	0.0045164
1.1148	1.2678	0.0019795
1.1148	1.3431	0.0050456
1.1148	1.3682	0.0036615
1.1399	-0.31381	0.0251
1.1399	-0.2887	0.10426
1.1399	-0.2636	0.5327
1.1399	-0.23849	2.0949
1.1399	-0.21339	0.76448
1.1399	-0.18828	0.25088
1.1399	-0.16318	0.16318
1.1399	-0.13808	0.1059
1.1399	-0.11297	0.038301
1.1399	-0.087866	0.019706
1.1399	-0.062762	0.0025453
1.1399	0.012552	0.0035074
1.1399	0.037657	0.0040923
1.1399	0.062762	0.0038695
1.1399	0.087866	0.0019194
1.1399	0.21339	0.0021844
1.1399	0.23849	0.0020175
1.1399	0.36402	0.0020935
1.1399	0.38912	0.0027237
1.1399	0.41423	0.002501
1.1399	0.43933	0.0019719
1.1399	0.86611	0.0018624
1.1399	0.89121	0.0021992
1.1399	0.99163	0.0043838
1.1399	1.0167	0.011055
1.1399	1.0418	0.035606
1.1399	1.0669	0.052674
1.1399	1.0921	0.071408
1.1399	1.1172	0.10714
1.1399	1.1423	0.12084
1.1399	1.1674	0.13462
1.1399	1.1925	0.13427
1.1399	1.2176	0.12922
1.1399	1.2427	0.089651
1.1399	1.2678	0.033804
1.1399	1.318	0.0026049
1.1399	1.3431	0.0026683
1.1649	-0.31381	0.0032621
1.1649	-0.2887	0.0085007
1.1649	-0.2636	0.021003
1.1649	-0.23849	0.13006
1.1649	-0.21339	0.37861
1.1649	-0.18828	3.7242
1.1649	-0.16318	1.0652
1.1649	-0.13808	0.361
1.1649	-0.11297	0.067594
1.1649	-0.087866	0.028444
1.1649	-0.062762	0.0027561
1.1649	-0.012552	0.0018689
1.1649	0.012552	0.0045659
1.1649	0.037657	0.0048272
1.1649	0.062762	0.0042213
1.1649	0.18828	0.0019207
1.1649	0.21339	0.0024585
1.1649	0.23849	0.0021558
1.1649	0.33891	0.0021367
1.1649	0.36402	0.002903
1.1649	0.38912	0.0035127
1.1649	0.41423	0.0031455
1.1649	0.43933	0.0024352
1.1649	0.841	0.0026982
1.1649	0.86611	0.0039891
1.1649	0.89121	0.0046146
1.1649	0.91632	0.0024693
1.1649	0.96653	0.0049128
1.1649	0.99163	0.018664
1.1649	1.0167	0.046912
1.1649	1.0418	0.17332
1.1649	1.0669	0.28913
1.1649	1.0921	0.45925
1.1649	1.1172	1.1046
1.1649	1.1423	1.7127
1.1649	1.1674	1.9165
1.1649	1.1925	0.81047
1.1649	1.2176	0.26681
1.1649	1.2427	0.020374
1.1649	1.2678	0.0034274
1.19	-0.2887	0.0024597
1.19	-0.2636	0.0043804
1.19	-0.23849	0.01254
1.19	-0.21339	0.020667
1.19	-0.18828	0.056352
1.19	-0.16318	0.097295
1.19	-0.13808	0.18438
1.19	-0.11297	0.78342
1.19	-0.087866	0.22087
1.19	-0.062762	0.0075787
1.19	-0.037657	0.0033921
1.19	-0.012552	0.0049823
1.19	0.012552	0.0076004
1.19	0.037657	0.0069996
1.19	0.062762	0.0054765
1.19	0.087866	0.0020119
1.19	0.16318	0.0019021
1.19	0.18828	0.0025991
1.19	0.21339	0.0028855
1.19	0.23849	0.0023974
1.19	0.33891	0.0031716
1.19	0.36402	0.0041134
1.19	0.38912	0.0046643
1.19	0.41423	0.0040959
1.19	0.43933	0.0031493
1.19	0.56485	0.00208
1.19	0.841	0.0072159
1.19	0.86611	0.010714
1.19	0.89121	0.012536
1.19	0.91632	0.0061819
1.19	0.96653	0.040719
1.19	0.99163	0.16357
1.19	1.0167	0.4981
1.19	1.0418	2.9745
1.19	1.0669	4.1996
1.19	1.0921	3.2417
1.19	1.1172	1.0889
1.19	1.1423	0.61352
1.19	1.1674	0.18138
1.19	1.1925	0.090983
1.19	1.2176	0.041524
1.19	1.2427	0.0049877
1.215	-0.2887	0.0024591
1.215	-0.2636	0.0036604
1.215	-0.23849	0.0064919
1.215	-0.21339	0.0079597
1.215	-0.18828	0.010607
1.215	-0.16318	0.01163
1.215	-0.13808	0.012316
1.215	-0.11297	0.012009
1.215	-0.087866	0.010612
1.215	-0.062762	0.0064428
1.215	-0.037657	0.013262
1.215	-0.012552	0.061222
1.215	0.012552	0.048613
1.215	0.037657	0.02809
1.215	0.062762	0.015759
1.215	0.087866	0.0038316
1.215	0.11297	0.0019188
1.215	0.13808	0.0024925
1.215	0.16318	0.0035622
1.215	0.18828	0.0043608
1.215	0.21339	0.0040991
1.215	0.23849	0.0031986
1.215	0.31381	0.002419
1.215	0.33891	0.0052845
1.215	0.36402	0.0065669
1.215	0.38912	0.0070419
1.215	0.41423	0.0061191
1.215	0.43933	0.004758
1.215	0.46444	0.0024664
1.215	0.48954	0.0022012
1.215	0.51464	0.0025878
1.215	0.53975	0.0040672
1.215	0.56485	0.0043199
1.215	0.58996	0.0028265
1.215	0.71548	0.003745
1.215	0.74059	0.0032598
1.215	0.8159	0.006033
1.215	0.841	0.040622
1.215	0.86611	0.069434
1.215	0.89121	0.09671
1.215	0.91632	0.054952
1.215	0.96653	0.20961
1.215	0.99163	0.31508
1.215	1.0167	0.3734
1.215	1.0418	0.37923
1.215	1.0669	0.34407
1.215	1.0921	0.29459
1.215	1.1172	0.18225
1.215	1.1423	0.13106
1.215	1.1674	0.05478
1.215	1.1925	0.030977
1.215	1.2176	0.015472
1.215	1.2427	0.0019773
1.2401	-0.31381	0.0019216
1.2401	-0.2887	0.0030741
1.2401	-0.2636	0.00439
1.2401	-0.23849	0.0068642
1.2401	-0.21339	0.0076619
1.2401	-0.18828	0.007747
1.2401	-0.16318	0.0070042
1.2401	-0.13808	0.0058554
1.2401	-0.11297	0.0030298
1.2401	0.012552	0.0050782
1.2401	0.037657	0.0082701
1.2401	0.062762	0.012003
1.2401	0.087866	0.018201
1.2401	0.11297	0.018852
1.2401	0.13808	0.023524
1.2401	0.16318	0.02393
1.2401	0.18828	0.021926
1.2401	0.21339	0.013588
1.2401	0.23849	0.009171
1.2401	0.2636	0.0043492
1.2401	0.2887	0.0048546
1.2401	0.31381	0.0071221
1.2401	0.33891	0.013871
1.2401	0.36402	0.016429
1.2401	0.38912	0.016683
1.2401	0.41423	0.014506
1.2401	0.43933	0.011683
1.2401	0.46444	0.0079158
1.2401	0.48954	0.0082723
1.2401	0.51464	0.010102
1.2401	0.53975	0.014778
1.2401	0.56485	0.015383
1.2401	0.58996	0.010187
1.2401	0.61506	0.0056031
1.2401	0.64017	0.0018646
1.2401	0.66527	0.0046194
1.2401	0.69038	0.012821
1.2401	0.71548	0.032134
1.2401	0.74059	0.031287
1.2401	0.76569	0.01645
1.2401	0.79079	0.01284
1.2401	0.8159	0.046342
1.2401	0.841	0.068895
1.2401	0.86611	0.054431
1.2401	0.89121	0.033864
1.2401	0.91632	0.0027524
1.2401	0.96653	0.023457
1.2401	0.99163	0.043466
1.2401	1.0167	0.063897
1.2401	1.0418	0.091943
1.2401	1.0669	0.095431
1.2401	1.0921	0.091552
1.2401	1.1172	0.067774
1.2401	1.1423	0.0523
1.2401	1.1674	0.024376
1.2401	1.1925	0.014318
1.2401	1.2176	0.0073248
1.2651	-0.31381	0.0021663
1.2651	-0.2887	0.0033934
1.2651	-0.2636	0.0047471
1.2651	-0.23849	0.0070693
1.2651	-0.21339	0.0076411
1.2651	-0.18828	0.0070436
1.2651	-0.16318	0.0059498
1.2651	-0.13808	0.0045435
1.2651	0.16318	0.0025452
1.2651	0.18828	0.0044142
1.2651	0.21339	0.0079217
1.2651	0.23849	0.0084429
1.2651	0.2636	0.0096458
1.2651	0.2887	0.016997
1.2651	0.31381	0.035746
1.2651	0.33891	0.1088
1.2651	0.36402	0.14615
1.2651	0.38912	0.16993
1.2651	0.41423	0.15468
1.2651	0.43933	0.13225
1.2651	0.46444	0.10768
1.2651	0.48954	0.11443
1.2651	0.51464	0.12715
1.2651	0.53975	0.12577
1.2651	0.56485	0.10088
1.2651	0.58996	0.035684
1.2651	0.61506	0.014193
1.2651	0.64017	0.0043689
1.2651	0.66527	0.0056434
1.2651	0.69038	0.0079639
1.2651	0.71548	0.0061314
1.2651	0.74059	0.0032058
1.2651	0.8159	0.0028663
1.2651	0.841	0.0059957
1.2651	0.86611	0.0056358
1.2651	0.89121	0.0039691
1.2651	0.96653	0.008275
1.2651	0.99163	0.015539
1.2651	1.0167	0.023687
1.2651	1.0418	0.037143
1.2651	1.0669	0.040194
1.2651	1.0921	0.040097
1.2651	1.1172	0.031789
1.2651	1.1423	0.025246
1.2651	1.1674	0.012286
1.2651	1.1925	0.0072995
1.2651	1.2176	0.0037313
1.2902	-0.31381	0.0021004
1.2902	-0.2887	0.003233
1.2902	-0.2636	0.0044527
1.2902	-0.23849	0.0064189
1.2902	-0.21339	0.0068037
1.2902	-0.18828	0.005946
1.2902	-0.16318	0.004832
1.2902	-0.13808	0.0035005
1.2902	0.33891	0.0023464
1.2902	0.36402	0.0031218
1.2902	0.38912	0.0038185
1.2902	0.41423	0.0036718
1.2902	0.43933	0.0033905
1.2902	0.46444	0.0033089
1.2902	0.48954	0.0036782
1.2902	0.51464	0.004139
1.2902	0.53975	0.0042616
1.2902	0.56485	0.0036222
1.2902	0.96653	0.0039148
1.2902	0.99163	0.0071902
1.2902	1.0167	0.010967
1.2902	1.0418	0.017632
1.2902	1.0669	0.019397
1.2902	1.0921	0.01968
1.2902	1.1172	0.0161
1.2902	1.1423	0.012955
1.2902	1.1674	0.0064051
1.2902	1.1925	0.0038006
1.2902	1.2176	0.0019158
1.3152	-0.2887	0.0026413
1.3152	-0.2636	0.0036016
1.3152	-0.23849	0.0050844
1.3152	-0.21339	0.0053191
1.3152	-0.18828	0.0044761
1.3152	-0.16318	0.0035331
1.3152	-0.13808	0.0024548
1.3152	0.96653	0.0020132
1.3152	0.99163	0.003594
1.3152	1.0167	0.0054321
1.3152	1.0418	0.0087717
1.3152	1.0669	0.0097167
1.3152	1.0921	0.0099366
1.3152	1.1172	0.0082531
1.3152	1.1423	0.006678
1.3152	1.1674	0.0033071
1.3152	1.1925	0.0019451
1.3403	-0.23849	0.0026179
1.3403	-0.21339	0.0027269
1.3403	-0.18828	0.0022298
1.3403	1.0167	0.0018701
1.3403	1.0418	0.0030021
1.3403	1.0669	0.0033377
1.3403	1.0921	0.0034307
1.3403	1.1172	0.0028762
1.3403	1.1423	0.0023312
1.5157	-0.2887	0.0019749
1.5157	-0.2636	0.0020784
1.5407	-0.2887	0.0019079
1.5407	-0.2636	0.0020207
1.691	-0.33891	0.0020727
1.691	-0.31381	0.002357
1.691	-0.2887	0.0022144
1.691	-0.2636	0.0019138
1.7161	-0.36402	0.0023518
1.7161	-0.33891	0.0028913
1.7161	-0.31381	0.0033304
1.7161	-0.2887	0.003153
1.7161	-0.2636	0.002745
1.7411	-0.36402	0.0027175
1.7411	-0.33891	0.0033485
1.7411	-0.31381	0.0038938
1.7411	-0.2887	0.0037059
1.7411	-0.2636	0.0032406
1.7411	-0.23849	0.0018603
1.7662	-0.36402	0.002601
1.7662	-0.33891	0.0032217
1.7662	-0.31381	0.0037957
1.7662	-0.2887	0.0036342
1.7662	-0.2636	0.0031925
1.7912	-0.36402	0.0019875
1.7912	-0.33891	0.0024963
1.7912	-0.31381	0.0030207
1.7912	-0.2887	0.0029251
1.7912	-0.2636	0.0025923
1.8914	-0.36402	0.0019048
1.9165	-0.43933	0.0018817
1.9165	-0.41423	0.0027966
1.9165	-0.38912	0.0036262
1.9165	-0.36402	0.0044521
1.9165	-0.33891	0.0043081
1.9165	-0.31381	0.0031162
1.9165	-0.2887	0.0023114
1.9415	-0.43933	0.0031877
1.9415	-0.41423	0.0047128
1.9415	-0.38912	0.0061322
1.9415	-0.36402	0.0076942
1.9415	-0.33891	0.0075627
1.9415	-0.31381	0.00568
1.9415	-0.2887	0.0043013
1.9415	-0.2636	0.0029314
1.9666	-0.43933	0.0045651
1.9666	-0.41423	0.0066837
1.9666	-0.38912	0.0086737
1.9666	-0.36402	0.010946
1.9666	-0.33891	0.010822
1.9666	-0.31381	0.0082382
1.9666	-0.2887	0.0062751
1.9666	-0.2636	0.0042907
1.9916	-0.43933	0.0056909
1.9916	-0.41423	0.0082442
1.9916	-0.38912	0.010649
1.9916	-0.36402	0.013429
1.9916	-0.33891	0.013298
1.9916	-0.31381	0.010152
1.9916	-0.2887	0.0077265
1.9916	-0.2636	0.0052588
2.0167	-0.46444	0.0018831
2.0167	-0.43933	0.0062486
2.0167	-0.41423	0.0089668
2.0167	-0.38912	0.01153
2.0167	-0.36402	0.014507
2.0167	-0.33891	0.014367
2.0167	-0.31381	0.01095
2.0167	-0.2887	0.0083003
2.0167	-0.2636	0.0055998
2.0418	-0.46444	0.0019031
2.0418	-0.43933	0.0060377
2.0418	-0.41423	0.0086072
2.0418	-0.38912	0.011038
2.0418	-0.36402	0.013888
2.0418	-0.33891	0.013759
2.0418	-0.31381	0.010462
2.0418	-0.2887	0.0078896
2.0418	-0.2636	0.0052655
2.0668	-0.43933	0.0043471
2.0668	-0.41423	0.006206
2.0668	-0.38912	0.0079998
2.0668	-0.36402	0.0102
2.0668	-0.33891	0.010165
2.0668	-0.31381	0.0077571
2.0668	-0.2887	0.0058152
2.0668	-0.2636	0.003818
2.0919	-0.43933	0.0027074
2.0919	-0.41423	0.0039345
2.0919	-0.38912	0.0051611
2.0919	-0.36402	0.0067885
2.0919	-0.33891	0.006851
2.0919	-0.31381	0.0053148
2.0919	-0.2887	0.003989
2.0919	-0.2636	0.0025998
2.1169	-0.38912	0.002484
2.1169	-0.36402	0.003538
2.1169	-0.33891	0.0036841
2.1169	-0.31381	0.0029922
2.1169	-0.2887	0.0022743
2.167	0.86611	0.0023998
2.167	0.89121	0.002986
2.167	0.91632	0.0034271
2.167	0.94142	0.0032211
2.167	0.96653	0.0022091
2.1921	0.841	0.0030742
2.1921	0.86611	0.0043351
2.1921	0.89121	0.0054214
2.1921	0.91632	0.0063582
2.1921	0.94142	0.0060605
2.1921	0.96653	0.0042851
2.1921	0.99163	0.0031424
2.1921	1.0167	0.0020656
2.2171	-0.43933	0.0026553
2.2171	-0.41423	0.0027465
2.2171	-0.38912	0.0025979
2.2171	0.841	0.0053689
2.2171	0.86611	0.0075785
2.2171	0.89121	0.0095454
2.2171	0.91632	0.011467
2.2171	0.94142	0.011091
2.2171	0.96653	0.0080829
2.2171	0.99163	0.0060086
2.2171	1.0167	0.0039897
2.2422	-0.48954	0.0022854
2.2422	-0.46444	0.0033068
2.2422	-0.43933	0.0049628
2.2422	-0.41423	0.0053038
2.2422	-0.38912	0.0052199
2.2422	-0.36402	0.003953
2.2422	-0.33891	0.0030151
2.2422	0.8159	0.0029592
2.2422	0.841	0.0096142
2.2422	0.86611	0.013674
2.2422	0.89121	0.017447
2.2422	0.91632	0.021685
2.2422	0.94142	0.021373
2.2422	0.96653	0.016159
2.2422	0.99163	0.012198
2.2422	1.0167	0.0081846
2.2422	1.0418	0.0021375
2.2672	-0.51464	0.0020912
2.2672	-0.48954	0.0034542
2.2672	-0.46444	0.0049645
2.2672	-0.43933	0.0075258
2.2672	-0.41423	0.0081435
2.2672	-0.38912	0.0081443
2.2672	-0.36402	0.0064253
2.2672	-0.33891	0.0050205
2.2672	-0.31381	0.0022206
2.2672	0.79079	0.002166
2.2672	0.8159	0.0057509
2.2672	0.841	0.01857
2.2672	0.86611	0.026706
2.2672	0.89121	0.034539
2.2672	0.91632	0.044022
2.2672	0.94142	0.043737
2.2672	0.96653	0.032975
2.2672	0.99163	0.024503
2.2672	1.0167	0.015949
2.2672	1.0418	0.003618
2.2923	-0.51464	0.0029095
2.2923	-0.48954	0.0046894
2.2923	-0.46444	0.0066602
2.2923	-0.43933	0.010057
2.2923	-0.41423	0.010926
2.2923	-0.38912	0.010998
2.2923	-0.36402	0.0088332
2.2923	-0.33891	0.006971
2.2923	-0.31381	0.0031321
2.2923	0.79079	0.0041979
2.2923	0.8159	0.01042
2.2923	0.841	0.030808
2.2923	0.86611	0.042162
2.2923	0.89121	0.051378
2.2923	0.91632	0.056142
2.2923	0.94142	0.050751
2.2923	0.96653	0.030756
2.2923	0.99163	0.020248
2.2923	1.0167	0.011594
2.2923	1.0418	0.001944
2.3173	-0.51464	0.004167
2.3173	-0.48954	0.0064807
2.3173	-0.46444	0.0090194
2.3173	-0.43933	0.013407
2.3173	-0.41423	0.014556
2.3173	-0.38912	0.014686
2.3173	-0.36402	0.011902
2.3173	-0.33891	0.0094314
2.3173	-0.31381	0.0042201
2.3173	-0.2887	0.0021938
2.3173	0.8159	0.0034797
2.3173	0.841	0.008211
2.3173	0.86611	0.010288
2.3173	0.89121	0.011638
2.3173	0.91632	0.011409
2.3173	0.94142	0.0099527
2.3173	0.96653	0.0057813
2.3173	0.99163	0.003756
2.3173	1.0167	0.0021169
2.3424	-0.51464	0.0049272
2.3424	-0.48954	0.0075107
2.3424	-0.46444	0.010331
2.3424	-0.43933	0.015207
2.3424	-0.41423	0.016495
2.3424	-0.38912	0.01665
2.3424	-0.36402	0.013527
2.3424	-0.33891	0.010722
2.3424	-0.31381	0.004746
2.3424	-0.2887	0.0024134
2.3424	0.86611	0.0023944
2.3424	0.89121	0.0028808
2.3424	0.91632	0.003146
2.3424	0.94142	0.002876
2.3674	-0.51464	0.0054763
2.3674	-0.48954	0.0082276
2.3674	-0.46444	0.011237
2.3674	-0.43933	0.016499
2.3674	-0.41423	0.017933
2.3674	-0.38912	0.018158
2.3674	-0.36402	0.014847
2.3674	-0.33891	0.011786
2.3674	-0.31381	0.0051605
2.3674	-0.2887	0.0025599
2.3925	-0.51464	0.0055102
2.3925	-0.48954	0.0082315
2.3925	-0.46444	0.011262
2.3925	-0.43933	0.016774
2.3925	-0.41423	0.018408
2.3925	-0.38912	0.018828
2.3925	-0.36402	0.01568
2.3925	-0.33891	0.012524
2.3925	-0.31381	0.0054606
2.3925	-0.2887	0.0026503
2.3925	-0.18828	0.0024081
2.3925	-0.16318	0.0024128
2.3925	-0.13808	0.0019257
2.4175	-0.51464	0.0043378
2.4175	-0.48954	0.00653
2.4175	-0.46444	0.009099
2.4175	-0.43933	0.014206
2.4175	-0.41423	0.01596
2.4175	-0.38912	0.016676
2.4175	-0.36402	0.01433
2.4175	-0.33891	0.01153
2.4175	-0.31381	0.0049797
2.4175	-0.2887	0.0023892
2.4175	-0.18828	0.0023891
2.4175	-0.16318	0.0021134
2.4426	-0.46444	0.0025002
2.4426	-0.43933	0.0045286
2.4426	-0.41423	0.0053515
2.4426	-0.38912	0.005757
2.4426	-0.36402	0.0049289
2.4426	-0.33891	0.0038646
2.4676	-0.51464	0.0027453
2.4676	-0.48954	0.0029491
2.4676	-0.46444	0.002845
2.4676	-0.43933	0.0019192
2.4927	-0.69038	0.0029463
2.4927	-0.66527	0.0028993
2.4927	-0.56485	0.0035246
2.4927	-0.53975	0.0060943
2.4927	-0.51464	0.011016
2.4927	-0.48954	0.012408
2.4927	-0.46444	0.012745
2.4927	-0.43933	0.010552
2.4927	-0.41423	0.0085661
2.4927	-0.38912	0.0064411
2.4927	-0.36402	0.0028394
2.5177	-0.86611	0.0021235
2.5177	-0.841	0.0024448
2.5177	-0.71548	0.0019356
2.5177	-0.69038	0.0028807
2.5177	-0.66527	0.0025053
2.5177	-0.56485	0.0041862
2.5177	-0.53975	0.0072483
2.5177	-0.51464	0.01339
2.5177	-0.48954	0.015411
2.5177	-0.46444	0.016258
2.5177	-0.43933	0.014358
2.5177	-0.41423	0.01208
2.5177	-0.38912	0.0094191
2.5177	-0.36402	0.0044251
2.5177	-0.33891	0.0025843
2.5177	0.841	0.0021618
2.5177	0.86611	0.0021872
2.5177	0.89121	0.002049
2.5428	-0.56485	0.0039605
2.5428	-0.53975	0.0067432
2.5428	-0.51464	0.01266
2.5428	-0.48954	0.014858
2.5428	-0.46444	0.016037
2.5428	-0.43933	0.014875
2.5428	-0.41423	0.012811
2.5428	-0.38912	0.010197
2.5428	-0.36402	0.004894
2.5428	-0.33891	0.0028245
2.5428	0.8159	0.0020392
2.5428	0.841	0.0026447
2.5428	0.86611	0.0026788
2.5428	0.89121	0.0025187
2.5678	-1.8201	0.0022104
2.5678	-1.795	0.0036
2.5678	-1.7699	0.0040139
2.5678	-1.7448	0.004098
2.5678	-1.7197	0.0032033
2.5678	-1.6946	0.0023793
2.5678	-0.56485	0.0035527
2.5678	-0.53975	0.0059665
2.5678	-0.51464	0.01124
2.5678	-0.48954	0.013301
2.5678	-0.46444	0.014502
2.5678	-0.43933	0.013734
2.5678	-0.41423	0.011936
2.5678	-0.38912	0.0095648
2.5678	-0.36402	0.0045842
2.5678	-0.33891	0.0026017
2.5678	0.8159	0.0022449
2.5678	0.841	0.0028807
2.5678	0.86611	0.0029131
2.5678	0.89121	0.0027381
2.5678	0.91632	0.00192
2.5929	-1.8452	0.003165
2.5929	-1.8201	0.0047733
2.5929	-1.795	0.0081393
2.5929	-1.7699	0.009327
2.5929	-1.7448	0.0098022
2.5929	-1.7197	0.0081224
2.5929	-1.6946	0.0061973
2.5929	-1.6695	0.0020182
2.5929	-0.56485	0.0030172
2.5929	-0.53975	0.0050091
2.5929	-0.51464	0.0094839
2.5929	-0.48954	0.011318
2.5929	-0.46444	0.012461
2.5929	-0.43933	0.012041
2.5929	-0.41423	0.010553
2.5929	-0.38912	0.008505
2.5929	-0.36402	0.004057
2.5929	-0.33891	0.0022561
2.5929	0.79079	0.001888
2.5929	0.8159	0.0024025
2.5929	0.841	0.0030562
2.5929	0.86611	0.0030872
2.5929	0.89121	0.0029011
2.5929	0.91632	0.0020331
2.618	-1.8703	0.002024
2.618	-1.8452	0.0064951
2.618	-1.8201	0.0096907
2.618	-1.795	0.01614
2.618	-1.7699	0.018152
2.618	-1.7448	0.018575
2.618	-1.7197	0.014127
2.618	-1.6946	0.010113
2.618	-1.6695	0.0027143
2.618	-0.56485	0.0023921
2.618	-0.53975	0.0039425
2.618	-0.51464	0.0075503
2.618	-0.48954	0.0091112
2.618	-0.46444	0.010157
2.618	-0.43933	0.010058
2.618	-0.41423	0.008904
2.618	-0.38912	0.0072284
2.618	-0.36402	0.0034363
2.618	-0.33891	0.0018695
2.618	0.79079	0.001934
2.618	0.8159	0.0024453
2.618	0.841	0.0031034
2.618	0.86611	0.0031387
2.618	0.89121	0.0029543
2.618	0.91632	0.002073
2.643	-1.8703	0.0036017
2.643	-1.8452	0.0088932
2.643	-1.8201	0.011681
2.643	-1.795	0.015087
2.643	-1.7699	0.014976
2.643	-1.7448	0.013579
2.643	-1.7197	0.0082568
2.643	-1.6946	0.0053392
2.643	-0.53975	0.0028294
2.643	-0.51464	0.0055482
2.643	-0.48954	0.0068104
2.643	-0.46444	0.0077308
2.643	-0.43933	0.0079263
2.643	-0.41423	0.0071222
2.643	-0.38912	0.0058495
2.643	-0.36402	0.0027911
2.643	0.8159	0.0020554
2.643	0.841	0.0026177
2.643	0.86611	0.0026528
2.643	0.89121	0.0024987
2.6681	-1.8703	0.0030437
2.6681	-1.8452	0.0055827
2.6681	-1.8201	0.0065112
2.6681	-1.795	0.0069889
2.6681	-1.7699	0.0064773
2.6681	-1.7448	0.0055589
2.6681	-1.7197	0.0031269
2.6681	-1.6946	0.001964
2.6681	-0.51464	0.0035715
2.6681	-0.48954	0.0045103
2.6681	-0.46444	0.0052727
2.6681	-0.43933	0.0057201
2.6681	-0.41423	0.0052701
2.6681	-0.38912	0.0044215
2.6681	-0.36402	0.0021562
2.6931	-1.8703	0.0022143
2.6931	-1.8452	0.0037278
2.6931	-1.8201	0.0041859
2.6931	-1.795	0.0041706
2.6931	-1.7699	0.0037225
2.6931	-1.7448	0.0030755
2.6931	-0.48954	0.0023697
2.6931	-0.46444	0.0029122
2.6931	-0.43933	0.0034962
2.6931	-0.41423	0.0033771
2.6931	-0.38912	0.0029581
2.7182	-1.8703	0.0018805
2.7182	-1.8452	0.0031434
2.7182	-1.8201	0.0035174
2.7182	-1.795	0.0034503
2.7182	-1.7699	0.0030358
2.7182	-1.7448	0.0024584
2.7432	-1.8452	0.002882
2.7432	-1.8201	0.003253
2.7432	-1.795	0.0032358
2.7432	-1.7699	0.0028552
2.7432	-1.7448	0.002308
2.7432	-0.56485	0.002179
2.7432	-0.53975	0.0028016
2.7432	-0.51464	0.0031936
2.7432	-0.48954	0.0028981
2.7432	-0.46444	0.002377
2.7683	-1.8452	0.0026679
2.7683	-1.8201	0.0030484
2.7683	-1.795	0.0031055
2.7683	-1.7699	0.0027662
2.7683	-1.7448	0.0022492
2.7683	-0.58996	0.0028163
2.7683	-0.56485	0.0078895
2.7683	-0.53975	0.010336
2.7683	-0.51464	0.012587
2.7683	-0.48954	0.011927
2.7683	-0.46444	0.010227
2.7683	-0.43933	0.005416
2.7683	-0.41423	0.0032318
2.7933	-1.8452	0.0023904
2.7933	-1.8201	0.0028025
2.7933	-1.795	0.0030019
2.7933	-1.7699	0.002732
2.7933	-1.7448	0.0022575
2.7933	-0.58996	0.0036431
2.7933	-0.56485	0.0090214
2.7933	-0.53975	0.011522
2.7933	-0.51464	0.013889
2.7933	-0.48954	0.01332
2.7933	-0.46444	0.011693
2.7933	-0.43933	0.0067375
2.7933	-0.41423	0.004288
2.7933	-0.38912	0.0023192
2.8184	-1.8452	0.0023192
2.8184	-1.8201	0.0027854
2.8184	-1.795	0.003119
2.8184	-1.7699	0.0028905
2.8184	-1.7448	0.0024209
2.8184	-0.58996	0.0025086
2.8184	-0.56485	0.0060071
2.8184	-0.53975	0.0076845
2.8184	-0.51464	0.0094566
2.8184	-0.48954	0.0092147
2.8184	-0.46444	0.0082392
2.8184	-0.43933	0.0049505
2.8184	-0.41423	0.0032196
2.8434	-1.8452	0.0021741
2.8434	-1.8201	0.0026462
2.8434	-1.795	0.0030132
2.8434	-1.7699	0.0027959
2.8434	-1.7448	0.002328
2.8434	-0.56485	0.0041262
2.8434	-0.53975	0.0052386
2.8434	-0.51464	0.006461
2.8434	-0.48954	0.0063365
2.8434	-0.46444	0.005714
2.8434	-0.43933	0.0034983
2.8434	-0.41423	0.0022912
2.8685	-0.56485	0.0033331
2.8685	-0.53975	0.0041039
2.8685	-0.51464	0.0048649
2.8685	-0.48954	0.004714
2.8685	-0.46444	0.0042147
2.8685	-0.43933	0.00255
2.8935	-0.58996	0.0020164
2.8935	-0.56485	0.0036832
2.8935	-0.53975	0.0043081
2.8935	-0.51464	0.0046713
2.8935	-0.48954	0.0043556
2.8935	-0.46444	0.0037611
2.8935	-0.43933	0.0021405
2.9186	-0.61506	0.0021335
2.9186	-0.58996	0.0033655
2.9186	-0.56485	0.0056851
2.9186	-0.53975	0.0063947
2.9186	-0.51464	0.0063786
2.9186	-0.48954	0.0056869
2.9186	-0.46444	0.0046865
2.9186	-0.43933	0.002414
2.9436	-0.64017	0.0022351
2.9436	-0.61506	0.0041693
2.9436	-0.58996	0.0064417
2.9436	-0.56485	0.010578
2.9436	-0.53975	0.011733
2.9436	-0.51464	0.011298
2.9436	-0.48954	0.0098389
2.9436	-0.46444	0.007877
2.9436	-0.43933	0.0037435
2.9436	-0.41423	0.0021097
2.9687	-0.64017	0.0046154
2.9687	-0.61506	0.0084072
2.9687	-0.58996	0.012857
2.9687	-0.56485	0.020988
2.9687	-0.53975	0.02326
2.9687	-0.51464	0.022285
2.9687	-0.48954	0.019282
2.9687	-0.46444	0.015267
2.9687	-0.43933	0.0069256
2.9687	-0.41423	0.0037235
2.9937	-1.8703	0.0021301
2.9937	-1.8452	0.0026897
2.9937	-1.8201	0.0026723
2.9937	-1.795	0.0020303
2.9937	-0.76569	0.0021161
2.9937	-0.64017	0.0091786
2.9937	-0.61506	0.016383
2.9937	-0.58996	0.024836
2.9937	-0.56485	0.040351
2.9937	-0.53975	0.044699
2.9937	-0.51464	0.042694
2.9937	-0.48954	0.03676
2.9937	-0.46444	0.028845
2.9937	-0.43933	0.012543
2.9937	-0.41423	0.0064283
2.9937	-0.38912	0.0024274
3.0188	-1.8954	0.0022135
3.0188	-1.8703	0.0028571
3.0188	-1.8452	0.0036835
3.0188	-1.8201	0.0036931
3.0188	-1.795	0.0028326
3.0188	-1.7699	0.0021111
3.0188	-0.76569	0.0025487
3.0188	-0.74059	0.0021089
3.0188	-0.66527	0.0019055
3.0188	-0.64017	0.013906
3.0188	-0.61506	0.024116
3.0188	-0.58996	0.035839
3.0188	-0.56485	0.056498
3.0188	-0.53975	0.061712
3.0188	-0.51464	0.057116
3.0188	-0.48954	0.048236
3.0188	-0.46444	0.036968
3.0188	-0.43933	0.01495
3.0188	-0.41423	0.0071721
3.0188	-0.38912	0.0023783
3.0188	-0.31381	0.0022645
3.0188	-0.2887	0.0021861
3.0438	-1.9205	0.001959
3.0438	-1.8954	0.0028296
3.0438	-1.8703	0.003724
3.0438	-1.8452	0.004989
3.0438	-1.8201	0.0050819
3.0438	-1.795	0.0039588
3.0438	-1.7699	0.0029275
3.0438	-0.64017	0.007233
3.0438	-0.61506	0.012128
3.0438	-0.58996	0.017632
3.0438	-0.56485	0.027016
3.0438	-0.53975	0.02918
3.0438	-0.51464	0.026386
3.0438	-0.48954	0.021954
3.0438	-0.46444	0.016493
3.0438	-0.43933	0.0061758
3.0438	-0.41423	0.0027082
3.0689	-1.8954	0.0023758
3.0689	-1.8703	0.0031289
3.0689	-1.8452	0.0042121
3.0689	-1.8201	0.0042937
3.0689	-1.795	0.0033091
3.0689	-1.7699	0.0024046
3.0689	-0.64017	0.0029188
3.0689	-0.61506	0.0049022
3.0689	-0.58996	0.0071964
3.0689	-0.56485	0.011353
3.0689	-0.53975	0.012462
3.0689	-0.51464	0.011616
3.0689	-0.48954	0.0097827
3.0689	-0.46444	0.007407
3.0689	-0.43933	0.0027365
3.0939	-0.61506	0.0022317
3.0939	-0.58996	0.0031934
3.0939	-0.56485	0.0049844
3.0939	-0.53975	0.0055067
3.0939	-0.51464	0.0052529
3.0939	-0.48954	0.0044801
3.0939	-0.46444	0.0034285
3.119	-0.61506	0.0021899
3.119	-0.58996	0.0027757
3.119	-0.56485	0.0035845
3.119	-0.53975	0.0036954
3.119	-0.51464	0.0032114
3.119	-0.48954	0.0026635
3.119	-0.46444	0.0020003
3.1441	-0.64017	0.0033399
3.1441	-0.61506	0.004415
3.1441	-0.58996	0.005282
3.1441	-0.56485	0.0059271
3.1441	-0.53975	0.0056378
3.1441	-0.51464	0.0041389
3.1441	-0.48954	0.0031634
3.1441	-0.46444	0.0022025
3.1441	0.69038	0.0019859
3.1441	0.71548	0.0029985
3.1441	0.74059	0.0031857
3.1441	0.76569	0.003118
3.1441	0.79079	0.0023677
3.1691	-0.66527	0.0028727
3.1691	-0.64017	0.0075814
3.1691	-0.61506	0.010017
3.1691	-0.58996	0.011974
3.1691	-0.56485	0.01327
3.1691	-0.53975	0.01243
3.1691	-0.51464	0.0086222
3.1691	-0.48954	0.006305
3.1691	-0.46444	0.0041475
3.1691	0.66527	0.0021409
3.1691	0.69038	0.0030651
3.1691	0.71548	0.004322
3.1691	0.74059	0.0044376
3.1691	0.76569	0.0041889
3.1691	0.79079	0.0029283
3.1691	0.8159	0.0021576
3.1942	-1.8954	0.0019269
3.1942	-1.8703	0.0020346
3.1942	-0.69038	0.0026825
3.1942	-0.66527	0.0059025
3.1942	-0.64017	0.015269
3.1942	-0.61506	0.020182
3.1942	-0.58996	0.024178
3.1942	-0.56485	0.026886
3.1942	-0.53975	0.025143
3.1942	-0.51464	0.01713
3.1942	-0.48954	0.012267
3.1942	-0.46444	0.0077937
3.1942	0.66527	0.0020694
3.1942	0.69038	0.002897
3.1942	0.71548	0.0039653
3.1942	0.74059	0.0040215
3.1942	0.76569	0.0037485
3.1942	0.79079	0.0025411
3.2192	-1.8954	0.0021427
3.2192	-1.8703	0.0023026
3.2192	-1.8452	0.0020488
3.2192	-0.69038	0.0039166
3.2192	-0.66527	0.0082236
3.2192	-0.64017	0.02045
3.2192	-0.61506	0.026748
3.2192	-0.58996	0.031782
3.2192	-0.56485	0.034792
3.2192	-0.53975	0.032226
3.2192	-0.51464	0.021322
3.2192	-0.48954	0.014902
3.2192	-0.46444	0.0091259
3.2192	0.69038	0.0022971
3.2192	0.71548	0.0031395
3.2192	0.74059	0.0031895
3.2192	0.76569	0.002978
3.2192	0.79079	0.002017
3.2443	-1.8954	0.0021219
3.2443	-1.8703	0.0023179
3.2443	-1.8452	0.0021116
3.2443	-0.69038	0.0031419
3.2443	-0.66527	0.0063532
3.2443	-0.64017	0.015346
3.2443	-0.61506	0.019955
3.2443	-0.58996	0.023625
3.2443	-0.56485	0.025723
3.2443	-0.53975	0.023735
3.2443	-0.51464	0.015453
3.2443	-0.48954	0.010618
3.2443	-0.46444	0.0063131
3.2443	0.71548	0.0025067
3.2443	0.74059	0.0025638
3.2443	0.76569	0.0024095
3.2693	-0.66527	0.0025645
3.2693	-0.64017	0.0062527
3.2693	-0.61506	0.0082547
3.2693	-0.58996	0.0099448
3.2693	-0.56485	0.011208
3.2693	-0.53975	0.010489
3.2693	-0.51464	0.0069137
3.2693	-0.48954	0.0047051
3.2693	-0.46444	0.0027086
3.2693	0.71548	0.0018871
3.2693	0.74059	0.0019628
3.2693	0.76569	0.0018735
3.2944	-0.64017	0.0032036
3.2944	-0.61506	0.0042634
3.2944	-0.58996	0.005204
3.2944	-0.56485	0.0060579
3.2944	-0.53975	0.0057593
3.2944	-0.51464	0.0038774
3.2944	-0.48954	0.002636
3.3194	-0.64017	0.0023363
3.3194	-0.61506	0.0028296
3.3194	-0.58996	0.0032191
3.3194	-0.56485	0.0034533
3.3194	-0.53975	0.0032204
3.3194	-0.51464	0.0021292
3.3445	-0.69038	0.0022733
3.3445	-0.66527	0.003343
3.3445	-0.64017	0.004976
3.3445	-0.61506	0.0052797
3.3445	-0.58996	0.0051901
3.3445	-0.56485	0.0040822
3.3445	-0.53975	0.0032734
3.3695	-1.9456	0.0021987
3.3695	-1.9205	0.0026643
3.3695	-1.8954	0.0025905
3.3695	-1.8703	0.0023163
3.3695	-0.69038	0.0054985
3.3695	-0.66527	0.008011
3.3695	-0.64017	0.011786
3.3695	-0.61506	0.012365
3.3695	-0.58996	0.011913
3.3695	-0.56485	0.0086433
3.3695	-0.53975	0.006475
3.3695	-0.51464	0.0026722
3.3946	-1.9958	0.0022728
3.3946	-1.9707	0.0031712
3.3946	-1.9456	0.0040114
3.3946	-1.9205	0.0049543
3.3946	-1.8954	0.0048662
3.3946	-1.8703	0.0043913
3.3946	-1.8452	0.0026782
3.3946	-0.71548	0.0019767
3.3946	-0.69038	0.0074295
3.3946	-0.66527	0.010777
3.3946	-0.64017	0.015989
3.3946	-0.61506	0.016905
3.3946	-0.58996	0.016422
3.3946	-0.56485	0.012051
3.3946	-0.53975	0.0090214
3.3946	-0.51464	0.0036015
3.4196	-1.9958	0.0025405
3.4196	-1.9707	0.0035307
3.4196	-1.9456	0.0044608
3.4196	-1.9205	0.005514
3.4196	-1.8954	0.0054166
3.4196	-1.8703	0.004881
3.4196	-1.8452	0.0029341
3.4196	-1.8201	0.0018702
3.4196	-0.71548	0.0019212
3.4196	-0.69038	0.0069276
3.4196	-0.66527	0.010074
3.4196	-0.64017	0.015241
3.4196	-0.61506	0.016325
3.4196	-0.58996	0.016075
3.4196	-0.56485	0.012092
3.4196	-0.53975	0.0091292
3.4196	-0.51464	0.0036213
3.4196	0.66527	0.0021055
3.4196	0.69038	0.0023436
3.4196	0.71548	0.0022475
3.4196	0.74059	0.0019505
3.4447	-1.9707	0.0023537
3.4447	-1.9456	0.0029887
3.4447	-1.9205	0.0037379
3.4447	-1.8954	0.0036897
3.4447	-1.8703	0.003334
3.4447	-1.8452	0.0019873
3.4447	-0.69038	0.0057872
3.4447	-0.66527	0.0085009
3.4447	-0.64017	0.013244
3.4447	-0.61506	0.014416
3.4447	-0.58996	0.014422
3.4447	-0.56485	0.011145
3.4447	-0.53975	0.0084835
3.4447	-0.51464	0.0033294
3.4447	0.66527	0.003013
3.4447	0.69038	0.0033692
3.4447	0.71548	0.0032637
3.4447	0.74059	0.0028412
3.4447	0.76569	0.0022722
3.4697	-1.9205	0.0020492
3.4697	-1.8954	0.0020512
3.4697	-1.8703	0.0018742
3.4697	-0.69038	0.0044353
3.4697	-0.66527	0.00666
3.4697	-0.64017	0.010855
3.4697	-0.61506	0.012069
3.4697	-0.58996	0.01231
3.4697	-0.56485	0.0098013
3.4697	-0.53975	0.0075164
3.4697	-0.51464	0.0028903
3.4697	0.64017	0.0020081
3.4697	0.66527	0.0033834
3.4697	0.69038	0.0037837
3.4697	0.71548	0.0036664
3.4697	0.74059	0.0031862
3.4697	0.76569	0.0025364
3.4948	-0.69038	0.0024783
3.4948	-0.66527	0.0039207
3.4948	-0.64017	0.0069582
3.4948	-0.61506	0.0080081
3.4948	-0.58996	0.0084123
3.4948	-0.56485	0.0069806
3.4948	-0.53975	0.0054007
3.4948	-0.51464	0.0020099
3.4948	0.66527	0.0023667
3.4948	0.69038	0.0026517
3.4948	0.71548	0.0025783
3.4948	0.74059	0.0022399
3.5449	-0.69038	0.0024479
3.5449	-0.66527	0.0026862
3.5449	-0.64017	0.002465
3.5449	-0.61506	0.0020954
3.5699	-0.74059	0.0020891
3.5699	-0.71548	0.0035847
3.5699	-0.69038	0.006577
3.5699	-0.66527	0.0075274
3.5699	-0.64017	0.0075433
3.5699	-0.61506	0.0066685
3.5699	-0.58996	0.0054273
3.5699	-0.56485	0.002743
3.595	-1.9958	0.0019873
3.595	-1.9707	0.0023011
3.595	-1.9456	0.0024479
3.595	-1.9205	0.0021485
3.595	-0.76569	0.0018834
3.595	-0.74059	0.0040836
3.595	-0.71548	0.0069612
3.595	-0.69038	0.013057
3.595	-0.66527	0.015241
3.595	-0.64017	0.016019
3.595	-0.61506	0.014534
3.595	-0.58996	0.012138
3.595	-0.56485	0.006415
3.595	-0.53975	0.0039306
3.62	-1.9958	0.0024488
3.62	-1.9707	0.0028689
3.62	-1.9456	0.0030888
3.62	-1.9205	0.0027699
3.62	-1.8954	0.0022779
3.62	-0.76569	0.0028646
3.62	-0.74059	0.0059746
3.62	-0.71548	0.010045
3.62	-0.69038	0.018861
3.62	-0.66527	0.022169
3.62	-0.64017	0.023747
3.62	-0.61506	0.021761
3.62	-0.58996	0.018339
3.62	-0.56485	0.0097722
3.62	-0.53975	0.0059423
3.6451	-1.9958	0.0022265
3.6451	-1.9707	0.0026409
3.6451	-1.9456	0.0028765
3.6451	-1.9205	0.0026246
3.6451	-1.8954	0.0021652
3.6451	-0.76569	0.0029091
3.6451	-0.74059	0.005875
3.6451	-0.71548	0.009761
3.6451	-0.69038	0.018326
3.6451	-0.66527	0.02165
3.6451	-0.64017	0.023497
3.6451	-0.61506	0.021664
3.6451	-0.58996	0.018339
3.6451	-0.56485	0.0097415
3.6451	-0.53975	0.0058338
3.6451	0.64017	0.0019502
3.6451	0.66527	0.0021736
3.6451	0.69038	0.0020156
3.6701	-0.76569	0.0022571
3.6701	-0.74059	0.0044706
3.6701	-0.71548	0.0074055
3.6701	-0.69038	0.014087
3.6701	-0.66527	0.016816
3.6701	-0.64017	0.01865
3.6701	-0.61506	0.017359
3.6701	-0.58996	0.0148
3.6701	-0.56485	0.0078567
3.6701	-0.53975	0.0046277
3.6701	0.64017	0.0020194
3.6701	0.66527	0.0023054
3.6701	0.69038	0.0021629
3.6952	-0.74059	0.0029406
3.6952	-0.71548	0.0048963
3.6952	-0.69038	0.0095633
3.6952	-0.66527	0.0116
3.6952	-0.64017	0.013274
3.6952	-0.61506	0.01252
3.6952	-0.58996	0.010784
3.6952	-0.56485	0.0057374
3.6952	-0.53975	0.0033171
3.6952	0.66527	0.0018773
3.7203	-0.71548	0.0026346
3.7203	-0.69038	0.0051457
3.7203	-0.66527	0.0063054
3.7203	-0.64017	0.007419
3.7203	-0.61506	0.0070957
3.7203	-0.58996	0.0061813
3.7203	-0.56485	0.0032997
3.7203	-0.53975	0.0018671
3.7453	-0.71548	0.0019477
3.7453	-0.69038	0.0029093
3.7453	-0.66527	0.0032304
3.7453	-0.64017	0.0033385
3.7453	-0.61506	0.0030752
3.7453	-0.58996	0.0026115
3.7704	-0.76569	0.0030451
3.7704	-0.74059	0.0044672
3.7704	-0.71548	0.0057395
3.7704	-0.69038	0.0069758
3.7704	-0.66527	0.0067483
3.7704	-0.64017	0.0049577
3.7704	-0.61506	0.0037533
3.7704	-0.58996	0.0025914
3.7954	-0.76569	0.0054759
3.7954	-0.74059	0.0080388
3.7954	-0.71548	0.010417
3.7954	-0.69038	0.013008
3.7954	-0.66527	0.012764
3.7954	-0.64017	0.0095726
3.7954	-0.61506	0.0072579
3.7954	-0.58996	0.0049663
3.8205	-0.79079	0.001955
3.8205	-0.76569	0.0071911
3.8205	-0.74059	0.010554
3.8205	-0.71548	0.013765
3.8205	-0.69038	0.017581
3.8205	-0.66527	0.017484
3.8205	-0.64017	0.013453
3.8205	-0.61506	0.010298
3.8205	-0.58996	0.0070788
3.8205	-0.56485	0.0021263
3.8205	0.58996	0.0019701
3.8205	0.61506	0.0021524
3.8205	0.64017	0.0021516
3.8455	-0.79079	0.0020662
3.8455	-0.76569	0.0073193
3.8455	-0.74059	0.010767
3.8455	-0.71548	0.014148
3.8455	-0.69038	0.018463
3.8455	-0.66527	0.018576
3.8455	-0.64017	0.014587
3.8455	-0.61506	0.011236
3.8455	-0.58996	0.0077268
3.8455	-0.56485	0.0022226
3.8455	0.58996	0.0025966
3.8455	0.61506	0.0028624
3.8455	0.64017	0.0028928
3.8455	0.66527	0.0023084
3.8706	-0.76569	0.005738
3.8706	-0.74059	0.0085345
3.8706	-0.71548	0.011371
3.8706	-0.69038	0.015291
3.8706	-0.66527	0.015603
3.8706	-0.64017	0.012526
3.8706	-0.61506	0.0096994
3.8706	-0.58996	0.0066569
3.8706	0.58996	0.002699
3.8706	0.61506	0.0029938
3.8706	0.64017	0.0030479
3.8706	0.66527	0.0024675
3.8706	0.69038	0.0019534
3.8956	-0.76569	0.003067
3.8956	-0.74059	0.0047266
3.8956	-0.71548	0.0065153
3.8956	-0.69038	0.0093061
3.8956	-0.66527	0.0097415
3.8956	-0.64017	0.0081274
3.8956	-0.61506	0.006359
3.8956	-0.58996	0.0043661
3.8956	0.58996	0.0022265
3.8956	0.61506	0.00249
3.8956	0.64017	0.002557
3.8956	0.66527	0.0021016
3.9207	-2.046	0.0020225
3.9207	-2.0209	0.0020088
3.9207	-0.71548	0.0020309
3.9207	-0.69038	0.003414
3.9207	-0.66527	0.0038071
3.9207	-0.64017	0.0034919
3.9207	-0.61506	0.0028153
3.9207	-0.58996	0.00196
3.9457	-2.0962	0.0024328
3.9457	-2.0711	0.0034054
3.9457	-2.046	0.0048497
3.9457	-2.0209	0.005049
3.9457	-1.9958	0.0042365
3.9457	-1.9707	0.0033974
3.9457	-1.9456	0.0024668
3.9708	-2.1213	0.0025473
3.9708	-2.0962	0.0040873
3.9708	-2.0711	0.0057589
3.9708	-2.046	0.0084383
3.9708	-2.0209	0.0089557
3.9708	-1.9958	0.0078606
3.9708	-1.9707	0.0064592
3.9708	-1.9456	0.0048042
3.9708	-0.76569	0.0020891
3.9708	-0.74059	0.0022747
3.9708	-0.71548	0.0022235
3.9958	-2.1213	0.0038717
3.9958	-2.0962	0.0061525
3.9958	-2.0711	0.0086753
3.9958	-2.046	0.012931
3.9958	-2.0209	0.013896
3.9958	-1.9958	0.012516
3.9958	-1.9707	0.010394
3.9958	-1.9456	0.0077765
3.9958	-1.9205	0.0028287
3.9958	-0.8159	0.0019387
3.9958	-0.79079	0.0034457
3.9958	-0.76569	0.0067882
3.9958	-0.74059	0.0080342
3.9958	-0.71548	0.0086574
3.9958	-0.69038	0.0077449
3.9958	-0.66527	0.0064292
3.9958	-0.64017	0.0033035
3.9958	-0.61506	0.0019775
4.0209	-2.1213	0.0040669
4.0209	-2.0962	0.0064362
4.0209	-2.0711	0.0090857
4.0209	-2.046	0.013669
4.0209	-2.0209	0.014773
4.0209	-1.9958	0.013431
4.0209	-1.9707	0.011169
4.0209	-1.9456	0.0083294
4.0209	-1.9205	0.0029059
4.0209	-0.8159	0.0022568
4.0209	-0.79079	0.0040249
4.0209	-0.76569	0.008249
4.0209	-0.74059	0.01003
4.0209	-0.71548	0.011131
4.0209	-0.69038	0.010603
4.0209	-0.66527	0.0090898
4.0209	-0.64017	0.00496
4.0209	-0.61506	0.003037
4.0459	-2.1213	0.0034674
4.0459	-2.0962	0.0055032
4.0459	-2.0711	0.0078202
4.0459	-2.046	0.011967
4.0459	-2.0209	0.013042
4.0459	-1.9958	0.012003
4.0459	-1.9707	0.0099972
4.0459	-1.9456	0.0074237
4.0459	-1.9205	0.0024594
4.0459	-0.79079	0.0030957
4.0459	-0.76569	0.0067424
4.0459	-0.74059	0.0084754
4.0459	-0.71548	0.0097206
4.0459	-0.69038	0.0098501
4.0459	-0.66527	0.0086776
4.0459	-0.64017	0.0049329
4.0459	-0.61506	0.0030412
4.0459	0.56485	0.002119
4.0459	0.58996	0.0023763
4.0459	0.61506	0.0022121
4.0459	0.64017	0.001894
4.071	-2.1213	0.002229
4.071	-2.0962	0.0036081
4.071	-2.0711	0.0052344
4.071	-2.046	0.0083303
4.071	-2.0209	0.009234
4.071	-1.9958	0.0087176
4.071	-1.9707	0.0073069
4.071	-1.9456	0.0054196
4.071	-0.76569	0.0031218
4.071	-0.74059	0.0041983
4.071	-0.71548	0.0051329
4.071	-0.69038	0.0058129
4.071	-0.66527	0.0053602
4.071	-0.64017	0.0032518
4.071	-0.61506	0.0020286
4.071	0.56485	0.0021714
4.071	0.58996	0.0024847
4.071	0.61506	0.0023381
4.071	0.64017	0.0020223
4.096	-2.0711	0.0023162
4.096	-2.046	0.004094
4.096	-2.0209	0.0047334
4.096	-1.9958	0.0047661
4.096	-1.9707	0.0040794
4.096	-1.9456	0.0030575
4.096	0.58996	0.0020214
4.096	0.61506	0.0019281
4.1211	-0.8159	0.0033943
4.1211	-0.79079	0.0040187
4.1211	-0.76569	0.0037669
4.1211	-0.74059	0.0030275
4.1211	-0.71548	0.0021338
4.1461	-0.99163	0.0026797
4.1461	-0.96653	0.0030399
4.1461	-0.94142	0.0018814
4.1461	-0.841	0.0040593
4.1461	-0.8159	0.01093
4.1461	-0.79079	0.013909
4.1461	-0.76569	0.016063
4.1461	-0.74059	0.014929
4.1461	-0.71548	0.012663
4.1461	-0.69038	0.0068565
4.1461	-0.66527	0.0043066
4.1712	-2.1213	0.0020814
4.1712	-2.0962	0.0024108
4.1712	-2.0711	0.0025164
4.1712	-2.046	0.0020355
4.1712	-1.1423	0.0019029
4.1712	-1.0167	0.0027049
4.1712	-0.99163	0.0038323
4.1712	-0.96653	0.0042849
4.1712	-0.94142	0.0024924
4.1712	-0.86611	0.0034974
4.1712	-0.841	0.0086618
4.1712	-0.8159	0.023326
4.1712	-0.79079	0.030372
4.1712	-0.76569	0.037648
4.1712	-0.74059	0.036649
4.1712	-0.71548	0.032807
4.1712	-0.69038	0.020296
4.1712	-0.66527	0.013832
4.1712	-0.64017	0.0044147
4.1712	-0.61506	0.0018995
4.1962	-2.1464	0.0022233
4.1962	-2.1213	0.0046041
4.1962	-2.0962	0.0055983
4.1962	-2.0711	0.0061977
4.1962	-2.046	0.0058359
4.1962	-2.0209	0.0049562
4.1962	-1.9958	0.0026377
4.1962	-1.0167	0.0033154
4.1962	-0.99163	0.0045806
4.1962	-0.96653	0.0050136
4.1962	-0.94142	0.0026624
4.1962	-0.86611	0.0062382
4.1962	-0.841	0.014545
4.1962	-0.8159	0.038351
4.1962	-0.79079	0.050278
4.1962	-0.76569	0.064134
4.1962	-0.74059	0.063641
4.1962	-0.71548	0.058202
4.1962	-0.69038	0.037738
4.1962	-0.66527	0.026327
4.1962	-0.64017	0.008663
4.1962	-0.61506	0.0036635
4.2213	-2.1464	0.0033138
4.2213	-2.1213	0.0070086
4.2213	-2.0962	0.0086925
4.2213	-2.0711	0.0098554
4.2213	-2.046	0.009827
4.2213	-2.0209	0.0086223
4.2213	-1.9958	0.0049216
4.2213	-1.9707	0.0030754
4.2213	-1.0167	0.0034008
4.2213	-0.99163	0.0045854
4.2213	-0.96653	0.0049028
4.2213	-0.94142	0.0023216
4.2213	-0.89121	0.002546
4.2213	-0.86611	0.0090712
4.2213	-0.841	0.020078
4.2213	-0.8159	0.051615
4.2213	-0.79079	0.067756
4.2213	-0.76569	0.087591
4.2213	-0.74059	0.087742
4.2213	-0.71548	0.081055
4.2213	-0.69038	0.053544
4.2213	-0.66527	0.037569
4.2213	-0.64017	0.012182
4.2213	-0.61506	0.0049098
4.2213	-0.51464	0.0020814
4.2463	-2.1715	0.0021105
4.2463	-2.1464	0.0037643
4.2463	-2.1213	0.008124
4.2463	-2.0962	0.010264
4.2463	-2.0711	0.011886
4.2463	-2.046	0.012401
4.2463	-2.0209	0.01112
4.2463	-1.9958	0.0065589
4.2463	-1.9707	0.0041065
4.2463	-1.9456	0.0020799
4.2463	-1.0167	0.0023608
4.2463	-0.99163	0.0031113
4.2463	-0.96653	0.0032336
4.2463	-0.89121	0.0036743
4.2463	-0.86611	0.011025
4.2463	-0.841	0.023015
4.2463	-0.8159	0.057508
4.2463	-0.79079	0.075632
4.2463	-0.76569	0.099214
4.2463	-0.74059	0.1003
4.2463	-0.71548	0.093474
4.2463	-0.69038	0.062377
4.2463	-0.66527	0.04361
4.2463	-0.64017	0.01333
4.2463	-0.61506	0.0048055
4.2463	-0.53975	0.0028864
4.2463	-0.51464	0.0040724
4.2463	-0.48954	0.0033379
4.2463	-0.46444	0.0021693
4.2714	-2.1464	0.0029322
4.2714	-2.1213	0.006533
4.2714	-2.0962	0.0084052
4.2714	-2.0711	0.0099103
4.2714	-2.046	0.010684
4.2714	-2.0209	0.0097095
4.2714	-1.9958	0.0058041
4.2714	-1.9707	0.0036074
4.2714	-0.89121	0.0033939
4.2714	-0.86611	0.0094778
4.2714	-0.841	0.019364
4.2714	-0.8159	0.048369
4.2714	-0.79079	0.064072
4.2714	-0.76569	0.085564
4.2714	-0.74059	0.087255
4.2714	-0.71548	0.081916
4.2714	-0.69038	0.055037
4.2714	-0.66527	0.038313
4.2714	-0.64017	0.011103
4.2714	-0.61506	0.0036117
4.2714	-0.56485	0.0018977
4.2714	-0.53975	0.0037635
4.2714	-0.51464	0.0048464
4.2714	-0.48954	0.0038451
4.2714	-0.46444	0.0023845
4.2965	-2.1213	0.003688
4.2965	-2.0962	0.0049409
4.2965	-2.0711	0.0060437
4.2965	-2.046	0.00693
4.2965	-2.0209	0.0064516
4.2965	-1.9958	0.0039681
4.2965	-1.9707	0.0024569
4.2965	-0.89121	0.0021548
4.2965	-0.86611	0.0058473
4.2965	-0.841	0.012016
4.2965	-0.8159	0.031161
4.2965	-0.79079	0.042174
4.2965	-0.76569	0.058636
4.2965	-0.74059	0.060845
4.2965	-0.71548	0.057971
4.2965	-0.69038	0.039641
4.2965	-0.66527	0.027562
4.2965	-0.64017	0.0075357
4.2965	-0.61506	0.0021451
4.2965	-0.56485	0.0022527
4.2965	-0.53975	0.0040164
4.2965	-0.51464	0.004776
4.2965	-0.48954	0.0036648
4.2965	-0.46444	0.0021576
4.3215	-2.0711	0.0020928
4.3215	-2.046	0.0028497
4.3215	-2.0209	0.0028295
4.3215	-1.9958	0.0019023
4.3215	-0.841	0.0041481
4.3215	-0.8159	0.012634
4.3215	-0.79079	0.018264
4.3215	-0.76569	0.028267
4.3215	-0.74059	0.030617
4.3215	-0.71548	0.030247
4.3215	-0.69038	0.021755
4.3215	-0.66527	0.015285
4.3215	-0.64017	0.003965
4.3215	-0.56485	0.0021025
4.3215	-0.53975	0.0034645
4.3215	-0.51464	0.0038663
4.3215	-0.48954	0.0028747
4.3466	-0.79079	0.0025417
4.3466	-0.76569	0.0061663
4.3466	-0.74059	0.0077837
4.3466	-0.71548	0.0086837
4.3466	-0.69038	0.0074122
4.3466	-0.66527	0.0054887
4.3466	-0.53975	0.0022842
4.3466	-0.51464	0.0024616
4.3716	-1.0167	0.0019418
4.3716	-0.89121	0.001902
4.3716	-0.86611	0.0029518
4.3716	-0.841	0.0036725
4.3716	-0.8159	0.0034271
4.3716	-0.79079	0.0026069
4.3716	0.46444	0.0019687
4.3716	0.48954	0.0023489
4.3716	0.51464	0.0024909
4.3716	0.53975	0.0020766
4.3967	-2.1715	0.0034016
4.3967	-2.1464	0.0045135
4.3967	-2.1213	0.0057972
4.3967	-2.0962	0.0057055
4.3967	-2.0711	0.0051224
4.3967	-2.046	0.00307
4.3967	-2.0209	0.0019982
4.3967	-1.0418	0.0023395
4.3967	-1.0167	0.0033481
4.3967	-0.99163	0.0027906
4.3967	-0.89121	0.0066644
4.3967	-0.86611	0.011094
4.3967	-0.841	0.015393
4.3967	-0.8159	0.020138
4.3967	-0.79079	0.019648
4.3967	-0.76569	0.013951
4.3967	-0.74059	0.010097
4.3967	-0.71548	0.0065221
4.3967	0.46444	0.0041307
4.3967	0.48954	0.0050411
4.3967	0.51464	0.0055149
4.3967	0.53975	0.0049999
4.3967	0.56485	0.0041863
4.3967	0.58996	0.0022584
4.4217	-2.1967	0.002107
4.4217	-2.1715	0.0057865
4.4217	-2.1464	0.0078459
4.4217	-2.1213	0.010726
4.4217	-2.0962	0.010981
4.4217	-2.0711	0.01031
4.4217	-2.046	0.0068802
4.4217	-2.0209	0.0047732
4.4217	-1.0418	0.0030385
4.4217	-1.0167	0.0042075
4.4217	-0.99163	0.0034194
4.4217	-0.96653	0.0019211
4.4217	-0.89121	0.01343
4.4217	-0.86611	0.022515
4.4217	-0.841	0.032052
4.4217	-0.8159	0.045711
4.4217	-0.79079	0.04727
4.4217	-0.76569	0.038981
4.4217	-0.74059	0.031025
4.4217	-0.71548	0.022429
4.4217	-0.69038	0.0082349
4.4217	-0.66527	0.0039062
4.4217	0.43933	0.0028948
4.4217	0.46444	0.0066871
4.4217	0.48954	0.0082156
4.4217	0.51464	0.0090972
4.4217	0.53975	0.0085379
4.4217	0.56485	0.0072995
4.4217	0.58996	0.0041214
4.4217	0.61506	0.0026768
4.4468	-2.1967	0.0026748
4.4468	-2.1715	0.0073502
4.4468	-2.1464	0.010086
4.4468	-2.1213	0.014268
4.4468	-2.0962	0.014904
4.4468	-2.0711	0.014295
4.4468	-2.046	0.0099648
4.4468	-2.0209	0.007052
4.4468	-1.9958	0.002123
4.4468	-1.0418	0.0030765
4.4468	-1.0167	0.0041005
4.4468	-0.99163	0.0032156
4.4468	-0.91632	0.0030604
4.4468	-0.89121	0.019745
4.4468	-0.86611	0.032904
4.4468	-0.841	0.047182
4.4468	-0.8159	0.069676
4.4468	-0.79079	0.073798
4.4468	-0.76569	0.064431
4.4468	-0.74059	0.052966
4.4468	-0.71548	0.039618
4.4468	-0.69038	0.01556
4.4468	-0.66527	0.0075554
4.4468	0.41423	0.0019071
4.4468	0.43933	0.0039342
4.4468	0.46444	0.0088649
4.4468	0.48954	0.010904
4.4468	0.51464	0.012138
4.4468	0.53975	0.011583
4.4468	0.56485	0.0099999
4.4468	0.58996	0.0057466
4.4468	0.61506	0.0037512
4.4468	0.64017	0.0021562
4.4718	-2.1967	0.0022349
4.4718	-2.1715	0.0063314
4.4718	-2.1464	0.0089078
4.4718	-2.1213	0.013305
4.4718	-2.0962	0.014276
4.4718	-2.0711	0.014043
4.4718	-2.046	0.010194
4.4718	-2.0209	0.0072856
4.4718	-1.9958	0.002094
4.4718	-1.0167	0.0023498
4.4718	-0.91632	0.0040121
4.4718	-0.89121	0.02196
4.4718	-0.86611	0.036337
4.4718	-0.841	0.052478
4.4718	-0.8159	0.080162
4.4718	-0.79079	0.086753
4.4718	-0.76569	0.07928
4.4718	-0.74059	0.066612
4.4718	-0.71548	0.050784
4.4718	-0.69038	0.020234
4.4718	-0.66527	0.0095679
4.4718	-0.56485	0.0031804
4.4718	-0.53975	0.0030169
4.4718	0.41423	0.0022588
4.4718	0.43933	0.0044028
4.4718	0.46444	0.0096484
4.4718	0.48954	0.011888
4.4718	0.51464	0.013312
4.4718	0.53975	0.012921
4.4718	0.56485	0.011246
4.4718	0.58996	0.00652
4.4718	0.61506	0.0042373
4.4718	0.64017	0.0023934
4.4969	-2.1715	0.0035858
4.4969	-2.1464	0.0052869
4.4969	-2.1213	0.0085615
4.4969	-2.0962	0.0095046
4.4969	-2.0711	0.0096318
4.4969	-2.046	0.0073021
4.4969	-2.0209	0.005271
4.4969	-0.91632	0.0031862
4.4969	-0.89121	0.016608
4.4969	-0.86611	0.027743
4.4969	-0.841	0.04069
4.4969	-0.8159	0.064465
4.4969	-0.79079	0.07106
4.4969	-0.76569	0.067143
4.4969	-0.74059	0.057179
4.4969	-0.71548	0.044019
4.4969	-0.69038	0.017464
4.4969	-0.66527	0.0079911
4.4969	-0.58996	0.0019112
4.4969	-0.56485	0.0040896
4.4969	-0.53975	0.0038139
4.4969	0.41423	0.0019079
4.4969	0.43933	0.0036429
4.4969	0.46444	0.0079834
4.4969	0.48954	0.0099071
4.4969	0.51464	0.01119
4.4969	0.53975	0.01105
4.4969	0.56485	0.0096864
4.4969	0.58996	0.0056494
4.4969	0.61506	0.0036534
4.4969	0.64017	0.0020308
4.5219	-2.1213	0.0030277
4.5219	-2.0962	0.0037084
4.5219	-2.0711	0.0040743
4.5219	-2.046	0.0034735
4.5219	-2.0209	0.0025986
4.5219	-0.89121	0.0079582
4.5219	-0.86611	0.013969
4.5219	-0.841	0.0215
4.5219	-0.8159	0.037134
4.5219	-0.79079	0.042493
4.5219	-0.76569	0.042748
4.5219	-0.74059	0.037305
4.5219	-0.71548	0.029256
4.5219	-0.69038	0.011675
4.5219	-0.66527	0.0051557
4.5219	-0.58996	0.0021027
4.5219	-0.56485	0.0040652
4.5219	-0.53975	0.0037218
4.5219	0.43933	0.0022212
4.5219	0.46444	0.0050562
4.5219	0.48954	0.0064107
4.5219	0.51464	0.0073923
4.5219	0.53975	0.0075717
4.5219	0.56485	0.0067343
4.5219	0.58996	0.0039945
4.5219	0.61506	0.0025785
4.547	-0.86611	0.0024192
4.547	-0.841	0.0046889
4.547	-0.8159	0.01116
4.547	-0.79079	0.01434
4.547	-0.76569	0.017186
4.547	-0.74059	0.016012
4.547	-0.71548	0.013231
4.547	-0.69038	0.0055829
4.547	-0.66527	0.0024133
4.547	-0.56485	0.0030979
4.547	-0.53975	0.0028058
4.547	0.46444	0.002012
4.547	0.48954	0.0027252
4.547	0.51464	0.0033286
4.547	0.53975	0.0037407
4.547	0.56485	0.0034494
4.547	0.58996	0.0021509
4.572	-2.1967	0.0026419
4.572	-2.1715	0.0035863
4.572	-2.1464	0.0035112
4.572	-2.1213	0.002403
4.572	-0.74059	0.0023307
4.572	-0.71548	0.002476
4.5971	-2.2469	0.0027885
4.5971	-2.2218	0.0049399
4.5971	-2.1967	0.0073835
4.5971	-2.1715	0.01146
4.5971	-2.1464	0.012298
4.5971	-2.1213	0.010809
4.5971	-2.0962	0.0088326
4.5971	-2.0711	0.0065285
4.5971	-2.046	0.0024678
4.5971	-1.2176	0.0021084
4.5971	-1.0921	0.002595
4.5971	-1.0669	0.0035012
4.5971	-1.0418	0.0037153
4.5971	-1.0167	0.0018806
4.5971	-0.94142	0.0025838
4.5971	-0.91632	0.0057127
4.5971	-0.89121	0.012495
4.5971	-0.86611	0.014496
4.5971	-0.841	0.014854
4.5971	-0.8159	0.011053
4.5971	-0.79079	0.0079727
4.5971	-0.76569	0.00266
4.6221	-2.2469	0.005087
4.6221	-2.2218	0.00898
4.6221	-2.1967	0.013567
4.6221	-2.1715	0.022031
4.6221	-2.1464	0.024385
4.6221	-2.1213	0.023124
4.6221	-2.0962	0.019763
4.6221	-2.0711	0.015348
4.6221	-2.046	0.0064733
4.6221	-2.0209	0.003254
4.6221	-1.2176	0.0021223
4.6221	-1.0921	0.0037465
4.6221	-1.0669	0.004978
4.6221	-1.0418	0.0052273
4.6221	-1.0167	0.0024515
4.6221	-0.94142	0.006436
4.6221	-0.91632	0.013891
4.6221	-0.89121	0.032445
4.6221	-0.86611	0.040071
4.6221	-0.841	0.044465
4.6221	-0.8159	0.041263
4.6221	-0.79079	0.034686
4.6221	-0.76569	0.018273
4.6221	-0.74059	0.011161
4.6221	-0.71548	0.0058678
4.6221	0.41423	0.0020914
4.6221	0.43933	0.0027195
4.6221	0.46444	0.0031275
4.6221	0.48954	0.0028596
4.6221	0.51464	0.0023706
4.6472	-2.2469	0.0071693
4.6472	-2.2218	0.012555
4.6472	-2.1967	0.019025
4.6472	-2.1715	0.03158
4.6472	-2.1464	0.035496
4.6472	-2.1213	0.03487
4.6472	-2.0962	0.030359
4.6472	-2.0711	0.024
4.6472	-2.046	0.010376
4.6472	-2.0209	0.0051834
4.6472	-1.0921	0.0041293
4.6472	-1.0669	0.0053952
4.6472	-1.0418	0.0055729
4.6472	-1.0167	0.0023326
4.6472	-0.94142	0.010966
4.6472	-0.91632	0.022906
4.6472	-0.89121	0.054113
4.6472	-0.86611	0.068317
4.6472	-0.841	0.078003
4.6472	-0.8159	0.077893
4.6472	-0.79079	0.06846
4.6472	-0.76569	0.040115
4.6472	-0.74059	0.026089
4.6472	-0.71548	0.014702
4.6472	-0.69038	0.0022224
4.6472	0.38912	0.0026598
4.6472	0.41423	0.0041724
4.6472	0.43933	0.0055652
4.6472	0.46444	0.0069688
4.6472	0.48954	0.0067483
4.6472	0.51464	0.0059857
4.6472	0.53975	0.003617
4.6472	0.56485	0.0024381
4.6722	-2.2469	0.0079485
4.6722	-2.2218	0.013864
4.6722	-2.1967	0.021103
4.6722	-2.1715	0.035732
4.6722	-2.1464	0.040661
4.6722	-2.1213	0.040949
4.6722	-2.0962	0.036046
4.6722	-2.0711	0.028738
4.6722	-2.046	0.012397
4.6722	-2.0209	0.0060289
4.6722	-1.9205	0.0030628
4.6722	-1.8954	0.0030362
4.6722	-1.8703	0.0023992
4.6722	-1.0921	0.0034188
4.6722	-1.0669	0.0044336
4.6722	-1.0418	0.0045246
4.6722	-0.94142	0.014017
4.6722	-0.91632	0.028489
4.6722	-0.89121	0.067457
4.6722	-0.86611	0.086229
4.6722	-0.841	0.10005
4.6722	-0.8159	0.10387
4.6722	-0.79079	0.093268
4.6722	-0.76569	0.057078
4.6722	-0.74059	0.037854
4.6722	-0.71548	0.021634
4.6722	-0.69038	0.0031182
4.6722	-0.61506	0.0022533
4.6722	-0.58996	0.0027118
4.6722	0.38912	0.0038459
4.6722	0.41423	0.0059989
4.6722	0.43933	0.0080591
4.6722	0.46444	0.010445
4.6722	0.48954	0.010355
4.6722	0.51464	0.0094335
4.6722	0.53975	0.0060592
4.6722	0.56485	0.0042225
4.6973	-2.2469	0.0066085
4.6973	-2.2218	0.011645
4.6973	-2.1967	0.018001
4.6973	-2.1715	0.031584
4.6973	-2.1464	0.036577
4.6973	-2.1213	0.038003
4.6973	-2.0962	0.033861
4.6973	-2.0711	0.027216
4.6973	-2.046	0.011636
4.6973	-2.0209	0.005449
4.6973	-1.9456	0.0018802
4.6973	-1.9205	0.004189
4.6973	-1.8954	0.0040669
4.6973	-1.8703	0.003143
4.6973	-1.0921	0.0018782
4.6973	-1.0669	0.0024978
4.6973	-1.0418	0.0025779
4.6973	-0.94142	0.013409
4.6973	-0.91632	0.026884
4.6973	-0.89121	0.064547
4.6973	-0.86611	0.083702
4.6973	-0.841	0.098705
4.6973	-0.8159	0.10599
4.6973	-0.79079	0.096733
4.6973	-0.76569	0.060803
4.6973	-0.74059	0.040609
4.6973	-0.71548	0.023144
4.6973	-0.69038	0.0029534
4.6973	-0.64017	0.0021817
4.6973	-0.61506	0.0037932
4.6973	-0.58996	0.0044764
4.6973	-0.56485	0.0029226
4.6973	0.38912	0.0043231
4.6973	0.41423	0.0067033
4.6973	0.43933	0.0090408
4.6973	0.46444	0.011974
4.6973	0.48954	0.012042
4.6973	0.51464	0.011141
4.6973	0.53975	0.0073823
4.6973	0.56485	0.0052161
4.7223	-2.2218	0.0033602
4.7223	-2.1967	0.0058955
4.7223	-2.1715	0.012673
4.7223	-2.1464	0.01592
4.7223	-2.1213	0.01883
4.7223	-2.0962	0.017621
4.7223	-2.0711	0.014699
4.7223	-2.046	0.0063959
4.7223	-2.0209	0.0028209
4.7223	-1.9456	0.0021694
4.7223	-1.9205	0.0042294
4.7223	-1.8954	0.0039876
4.7223	-1.8703	0.0029658
4.7223	-1.7448	0.0023205
4.7223	-0.94142	0.0053845
4.7223	-0.91632	0.011453
4.7223	-0.89121	0.031247
4.7223	-0.86611	0.042999
4.7223	-0.841	0.053565
4.7223	-0.8159	0.063255
4.7223	-0.79079	0.060051
4.7223	-0.76569	0.039989
4.7223	-0.74059	0.02704
4.7223	-0.71548	0.015265
4.7223	-0.64017	0.0030486
4.7223	-0.61506	0.0047841
4.7223	-0.58996	0.0054168
4.7223	-0.56485	0.0033312
4.7223	-0.43933	0.00195
4.7223	0.38912	0.0031012
4.7223	0.41423	0.0048524
4.7223	0.43933	0.0066686
4.7223	0.46444	0.0092662
4.7223	0.48954	0.0095556
4.7223	0.51464	0.009056
4.7223	0.53975	0.0062525
4.7223	0.56485	0.0044787
4.7474	-2.1464	0.002536
4.7474	-2.1213	0.0048165
4.7474	-2.0962	0.005256
4.7474	-2.0711	0.0049329
4.7474	-2.046	0.0024713
4.7474	-1.9205	0.0029621
4.7474	-1.8954	0.0027826
4.7474	-1.8703	0.0020373
4.7474	-1.7699	0.0018831
4.7474	-1.7448	0.0023399
4.7474	-1.5941	0.0024985
4.7474	-1.569	0.0024125
4.7474	-1.4184	0.0021156
4.7474	-0.89121	0.0067118
4.7474	-0.86611	0.01124
4.7474	-0.841	0.016321
4.7474	-0.8159	0.024087
4.7474	-0.79079	0.024823
4.7474	-0.76569	0.018617
4.7474	-0.74059	0.013049
4.7474	-0.71548	0.0074596
4.7474	-0.64017	0.0026082
4.7474	-0.61506	0.0039077
4.7474	-0.58996	0.0043379
4.7474	-0.56485	0.0025495
4.7474	-0.43933	0.0022597
4.7474	-0.41423	0.0020656
4.7474	0.41423	0.0023994
4.7474	0.43933	0.0034612
4.7474	0.46444	0.0052438
4.7474	0.48954	0.0056134
4.7474	0.51464	0.0055001
4.7474	0.53975	0.0040048
4.7474	0.56485	0.0029211
4.7724	-2.272	0.0024261
4.7724	-2.2469	0.0052955
4.7724	-2.2218	0.0060184
4.7724	-2.1967	0.0059335
4.7724	-2.1715	0.0037317
4.7724	-2.1464	0.0022695
4.7724	-1.5941	0.002778
4.7724	-1.569	0.0026334
4.7724	-1.4435	0.0023778
4.7724	-1.4184	0.0029546
4.7724	-1.3933	0.002123
4.7724	-1.2678	0.0034012
4.7724	-1.2427	0.003352
4.7724	-1.1172	0.002645
4.7724	-1.0921	0.003531
4.7724	-1.0669	0.0028234
4.7724	-0.94142	0.0030458
4.7724	-0.91632	0.0031954
4.7724	-0.79079	0.0021333
4.7724	-0.76569	0.0031693
4.7724	-0.74059	0.002694
4.7724	-0.61506	0.0021215
4.7724	-0.58996	0.0023689
4.7724	-0.43933	0.0020168
4.7724	0.48954	0.0018553
4.7724	0.51464	0.0020013
4.7975	-2.4477	0.0019955
4.7975	-2.4226	0.0027575
4.7975	-2.3975	0.0030097
4.7975	-2.2971	0.004192
4.7975	-2.272	0.0093626
4.7975	-2.2469	0.022997
4.7975	-2.2218	0.028969
4.7975	-2.1967	0.032684
4.7975	-2.1715	0.031024
4.7975	-2.1464	0.026209
4.7975	-2.1213	0.013702
4.7975	-2.0962	0.0082346
4.7975	-2.0711	0.0042097
4.7975	-1.5941	0.0024039
4.7975	-1.569	0.0022485
4.7975	-1.4435	0.0026522
4.7975	-1.4184	0.0032471
4.7975	-1.3933	0.0022429
4.7975	-1.2929	0.0024177
4.7975	-1.2678	0.0049855
4.7975	-1.2427	0.0048667
4.7975	-1.2176	0.0019165
4.7975	-1.1423	0.003227
4.7975	-1.1172	0.0057618
4.7975	-1.0921	0.0078837
4.7975	-1.0669	0.0064186
4.7975	-1.0418	0.003772
4.7975	-0.96653	0.0056855
4.7975	-0.94142	0.019583
4.7975	-0.91632	0.026027
4.7975	-0.89121	0.030683
4.7975	-0.86611	0.028083
4.7975	-0.841	0.023052
4.7975	-0.8159	0.010916
4.7975	-0.79079	0.0060863
4.8225	-2.4477	0.0035841
4.8225	-2.4226	0.0047971
4.8225	-2.3975	0.0050864
4.8225	-2.3724	0.00228
4.8225	-2.2971	0.010843
4.8225	-2.272	0.023337
4.8225	-2.2469	0.05789
4.8225	-2.2218	0.074714
4.8225	-2.1967	0.087124
4.8225	-2.1715	0.090554
4.8225	-2.1464	0.081131
4.8225	-2.1213	0.049367
4.8225	-2.0962	0.032738
4.8225	-2.0711	0.018848
4.8225	-2.046	0.0030639
4.8225	-1.4435	0.0022793
4.8225	-1.4184	0.0027732
4.8225	-1.2929	0.0029188
4.8225	-1.2678	0.0057176
4.8225	-1.2427	0.0054865
4.8225	-1.2176	0.0019471
4.8225	-1.1423	0.0053107
4.8225	-1.1172	0.0091316
4.8225	-1.0921	0.012174
4.8225	-1.0669	0.0097247
4.8225	-1.0418	0.0054085
4.8225	-0.99163	0.0042284
4.8225	-0.96653	0.014803
4.8225	-0.94142	0.051218
4.8225	-0.91632	0.071066
4.8225	-0.89121	0.095712
4.8225	-0.86611	0.09592
4.8225	-0.841	0.087941
4.8225	-0.8159	0.056524
4.8225	-0.79079	0.039182
4.8225	-0.76569	0.013044
4.8225	-0.74059	0.0058332
4.8225	-0.71548	0.001965
4.8225	0.38912	0.0022234
4.8225	0.41423	0.0024185
4.8225	0.43933	0.0023236
4.8476	-2.4477	0.0055283
4.8476	-2.4226	0.0071321
4.8476	-2.3975	0.0072854
4.8476	-2.3724	0.002735
4.8476	-2.2971	0.022213
4.8476	-2.272	0.045882
4.8476	-2.2469	0.11171
4.8476	-2.2218	0.14478
4.8476	-2.1967	0.17038
4.8476	-2.1715	0.18224
4.8476	-2.1464	0.16629
4.8476	-2.1213	0.1055
4.8476	-2.0962	0.071473
4.8476	-2.0711	0.041914
4.8476	-2.046	0.0066621
4.8476	-1.9958	0.002048
4.8476	-1.9707	0.0041419
4.8476	-1.9456	0.0051895
4.8476	-1.9205	0.0036059
4.8476	-1.8954	0.0020544
4.8476	-1.2929	0.0027
4.8476	-1.2678	0.0051187
4.8476	-1.2427	0.0048384
4.8476	-1.1423	0.0068175
4.8476	-1.1172	0.0113
4.8476	-1.0921	0.014473
4.8476	-1.0669	0.011177
4.8476	-1.0418	0.005703
4.8476	-0.99163	0.0088011
4.8476	-0.96653	0.027281
4.8476	-0.94142	0.091233
4.8476	-0.91632	0.12803
4.8476	-0.89121	0.18051
4.8476	-0.86611	0.18659
4.8476	-0.841	0.17726
4.8476	-0.8159	0.12399
4.8476	-0.79079	0.090243
4.8476	-0.76569	0.033444
4.8476	-0.74059	0.01573
4.8476	-0.71548	0.0054254
4.8476	-0.64017	0.0020265
4.8476	0.36402	0.0027701
4.8476	0.38912	0.0056708
4.8476	0.41423	0.0065633
4.8476	0.43933	0.0068237
4.8476	0.46444	0.0055483
4.8476	0.48954	0.0043599
4.8476	0.51464	0.0031125
4.8727	-2.4728	0.0021715
4.8727	-2.4477	0.0075492
4.8727	-2.4226	0.0093642
4.8727	-2.3975	0.0091604
4.8727	-2.3724	0.0027264
4.8727	-2.3222	0.0024901
4.8727	-2.2971	0.038659
4.8727	-2.272	0.076752
4.8727	-2.2469	0.18162
4.8727	-2.2218	0.23454
4.8727	-2.1967	0.27602
4.8727	-2.1715	0.29705
4.8727	-2.1464	0.27227
4.8727	-2.1213	0.17397
4.8727	-2.0962	0.11778
4.8727	-2.0711	0.068474
4.8727	-2.046	0.0096778
4.8727	-1.9958	0.0056933
4.8727	-1.9707	0.01053
4.8727	-1.9456	0.012934
4.8727	-1.9205	0.0091113
4.8727	-1.8954	0.005225
4.8727	-1.8703	0.0020018
4.8727	-1.795	0.0026194
4.8727	-1.7699	0.0026338
4.8727	-1.7448	0.0021067
4.8727	-1.2678	0.003311
4.8727	-1.2427	0.0031365
4.8727	-1.1423	0.0067704
4.8727	-1.1172	0.010922
4.8727	-1.0921	0.01349
4.8727	-1.0669	0.010002
4.8727	-1.0418	0.0045486
4.8727	-1.0167	0.0019329
4.8727	-0.99163	0.013767
4.8727	-0.96653	0.038804
4.8727	-0.94142	0.1251
4.8727	-0.91632	0.17619
4.8727	-0.89121	0.25409
4.8727	-0.86611	0.26679
4.8727	-0.841	0.25787
4.8727	-0.8159	0.18711
4.8727	-0.79079	0.13863
4.8727	-0.76569	0.052603
4.8727	-0.74059	0.024555
4.8727	-0.71548	0.0080091
4.8727	-0.66527	0.0023433
4.8727	-0.64017	0.0058391
4.8727	-0.61506	0.0054926
4.8727	-0.58996	0.0041112
4.8727	0.33891	0.0023048
4.8727	0.36402	0.004491
4.8727	0.38912	0.0093023
4.8727	0.41423	0.011003
4.8727	0.43933	0.011768
4.8727	0.46444	0.010288
4.8727	0.48954	0.0084475
4.8727	0.51464	0.0063364
4.8727	0.53975	0.0026021
4.8977	-2.4728	0.0030255
4.8977	-2.4477	0.0092784
4.8977	-2.4226	0.011048
4.8977	-2.3975	0.010294
4.8977	-2.3724	0.0022501
4.8977	-2.3222	0.0052899
4.8977	-2.2971	0.059205
4.8977	-2.272	0.11331
4.8977	-2.2469	0.25972
4.8977	-2.2218	0.33305
4.8977	-2.1967	0.39029
4.8977	-2.1715	0.41816
4.8977	-2.1464	0.38252
4.8977	-2.1213	0.24229
4.8977	-2.0962	0.16226
4.8977	-2.0711	0.09229
4.8977	-2.046	0.010857
4.8977	-1.9958	0.012032
4.8977	-1.9707	0.020373
4.8977	-1.9456	0.024117
4.8977	-1.9205	0.016281
4.8977	-1.8954	0.0090074
4.8977	-1.8703	0.0031359
4.8977	-1.8201	0.0027044
4.8977	-1.795	0.0069751
4.8977	-1.7699	0.0070094
4.8977	-1.7448	0.0056083
4.8977	-1.1423	0.0047664
4.8977	-1.1172	0.0076699
4.8977	-1.0921	0.0093947
4.8977	-1.0669	0.0066981
4.8977	-1.0418	0.0026266
4.8977	-1.0167	0.0031133
4.8977	-0.99163	0.016353
4.8977	-0.96653	0.043024
4.8977	-0.94142	0.13545
4.8977	-0.91632	0.19175
4.8977	-0.89121	0.28235
4.8977	-0.86611	0.30021
4.8977	-0.841	0.29393
4.8977	-0.8159	0.21833
4.8977	-0.79079	0.16312
4.8977	-0.76569	0.061728
4.8977	-0.74059	0.028008
4.8977	-0.71548	0.0083041
4.8977	-0.66527	0.0048114
4.8977	-0.64017	0.010501
4.8977	-0.61506	0.0097706
4.8977	-0.58996	0.0072494
4.8977	0.33891	0.0028937
4.8977	0.36402	0.0054926
4.8977	0.38912	0.011407
4.8977	0.41423	0.013662
4.8977	0.43933	0.014845
4.8977	0.46444	0.013484
4.8977	0.48954	0.011307
4.8977	0.51464	0.0086655
4.8977	0.53975	0.003703
4.8977	0.56485	0.0019605
4.9228	-2.4728	0.0037852
4.9228	-2.4477	0.010355
4.9228	-2.4226	0.011815
4.9228	-2.3975	0.010427
4.9228	-2.3222	0.0092885
4.9228	-2.2971	0.081355
4.9228	-2.272	0.15056
4.9228	-2.2469	0.33412
4.9228	-2.2218	0.42476
4.9228	-2.1967	0.49459
4.9228	-2.1715	0.52458
4.9228	-2.1464	0.47724
4.9228	-2.1213	0.29696
4.9228	-2.0962	0.19547
4.9228	-2.0711	0.10781
4.9228	-2.046	0.0098107
4.9228	-1.9958	0.02104
4.9228	-1.9707	0.032889
4.9228	-1.9456	0.037351
4.9228	-1.9205	0.023615
4.9228	-1.8954	0.01234
4.9228	-1.8703	0.0037147
4.9228	-1.8201	0.005981
4.9228	-1.795	0.01361
4.9228	-1.7699	0.013341
4.9228	-1.7448	0.010389
4.9228	-1.7197	0.0024379
4.9228	-1.6444	0.0029998
4.9228	-1.6192	0.0040031
4.9228	-1.5941	0.0029855
4.9228	-1.1172	0.0029614
4.9228	-1.0921	0.0040447
4.9228	-1.0669	0.0028565
4.9228	-1.0167	0.003153
4.9228	-0.99163	0.013804
4.9228	-0.96653	0.035041
4.9228	-0.94142	0.11145
4.9228	-0.91632	0.16036
4.9228	-0.89121	0.24493
4.9228	-0.86611	0.26515
4.9228	-0.841	0.264
4.9228	-0.8159	0.20151
4.9228	-0.79079	0.15178
4.9228	-0.76569	0.05688
4.9228	-0.74059	0.02481
4.9228	-0.71548	0.0064447
4.9228	-0.69038	0.0019748
4.9228	-0.66527	0.0072864
4.9228	-0.64017	0.014126
4.9228	-0.61506	0.012872
4.9228	-0.58996	0.009336
4.9228	-0.48954	0.0022946
4.9228	-0.46444	0.0029411
4.9228	-0.43933	0.002115
4.9228	0.33891	0.0027197
4.9228	0.36402	0.0050963
4.9228	0.38912	0.010736
4.9228	0.41423	0.013043
4.9228	0.43933	0.014402
4.9228	0.46444	0.013525
4.9228	0.48954	0.011524
4.9228	0.51464	0.0089585
4.9228	0.53975	0.0038974
4.9228	0.56485	0.0020556
4.9478	-2.4728	0.0042772
4.9478	-2.4477	0.010532
4.9478	-2.4226	0.011499
4.9478	-2.3975	0.0095472
4.9478	-2.3222	0.014029
4.9478	-2.2971	0.10141
4.9478	-2.272	0.18207
4.9478	-2.2469	0.39151
4.9478	-2.2218	0.4931
4.9478	-2.1967	0.5699
4.9478	-2.1715	0.59648
4.9478	-2.1464	0.53853
4.9478	-2.1213	0.32722
4.9478	-2.0962	0.21073
4.9478	-2.0711	0.11183
4.9478	-2.046	0.0070914
4.9478	-1.9958	0.031779
4.9478	-1.9707	0.046258
4.9478	-1.9456	0.050355
4.9478	-1.9205	0.029419
4.9478	-1.8954	0.014273
4.9478	-1.8703	0.0034988
4.9478	-1.8452	0.0034857
4.9478	-1.8201	0.010873
4.9478	-1.795	0.021871
4.9478	-1.7699	0.020726
4.9478	-1.7448	0.015522
4.9478	-1.7197	0.0029141
4.9478	-1.6695	0.0037536
4.9478	-1.6444	0.0070869
4.9478	-1.6192	0.009059
4.9478	-1.5941	0.0065756
4.9478	-1.569	0.0035452
4.9478	-1.4937	0.0028067
4.9478	-1.4686	0.0055895
4.9478	-1.4435	0.0052132
4.9478	-1.4184	0.0037729
4.9478	-1.318	0.0019065
4.9478	-1.2929	0.0021969
4.9478	-0.99163	0.0062463
4.9478	-0.96653	0.016573
4.9478	-0.94142	0.059203
4.9478	-0.91632	0.089905
4.9478	-0.89121	0.15076
4.9478	-0.86611	0.16976
4.9478	-0.841	0.17499
4.9478	-0.8159	0.14102
4.9478	-0.79079	0.10815
4.9478	-0.76569	0.040568
4.9478	-0.74059	0.016938
4.9478	-0.71548	0.0036887
4.9478	-0.69038	0.0028945
4.9478	-0.66527	0.0084442
4.9478	-0.64017	0.014891
4.9478	-0.61506	0.013287
4.9478	-0.58996	0.0093838
4.9478	-0.51464	0.0019664
4.9478	-0.48954	0.0035379
4.9478	-0.46444	0.0043501
4.9478	-0.43933	0.0029747
4.9478	0.36402	0.0032874
4.9478	0.38912	0.0073298
4.9478	0.41423	0.0091693
4.9478	0.43933	0.010413
4.9478	0.46444	0.010284
4.9478	0.48954	0.0089513
4.9478	0.51464	0.0070844
4.9478	0.53975	0.0031393
4.9729	-3	0.0018683
4.9729	-2.9749	0.0018683
4.9729	-2.9498	0.0018683
4.9729	-2.9247	0.0018683
4.9729	-2.8996	0.0018683
4.9729	-2.8745	0.0018683
4.9729	-2.8494	0.0018683
4.9729	-2.8243	0.0018683
4.9729	-2.7992	0.0018683
4.9729	-2.7741	0.0018683
4.9729	-2.749	0.0018683
4.9729	-2.7238	0.0018683
4.9729	-2.6987	0.0018683
4.9729	-2.6736	0.0018683
4.9729	-2.6485	0.0018683
4.9729	-2.6234	0.0018683
4.9729	-2.5983	0.0018683
4.9729	-2.5732	0.0018683
4.9729	-2.5481	0.0018683
4.9729	-2.523	0.0018683
4.9729	-2.4979	0.0018683
4.9729	-2.4728	0.004251
4.9729	-2.4477	0.0090628
4.9729	-2.4226	0.0092232
4.9729	-2.3975	0.0068753
4.9729	-2.3473	0.0036634
4.9729	-2.3222	0.020513
4.9729	-2.2971	0.11886
4.9729	-2.272	0.2051
4.9729	-2.2469	0.42215
4.9729	-2.2218	0.52431
4.9729	-2.1967	0.59887
4.9729	-2.1715	0.6127
4.9729	-2.1464	0.54561
4.9729	-2.1213	0.3174
4.9729	-2.0962	0.19632
4.9729	-2.0711	0.096874
4.9729	-2.046	0.0024212
4.9729	-2.0209	0.0040724
4.9729	-1.9958	0.047146
4.9729	-1.9707	0.062513
4.9729	-1.9456	0.063892
4.9729	-1.9205	0.032523
4.9729	-1.8954	0.013627
4.9729	-1.8703	0.0020196
4.9729	-1.8452	0.0084444
4.9729	-1.8201	0.020289
4.9729	-1.795	0.034359
4.9729	-1.7699	0.030707
4.9729	-1.7448	0.021389
4.9729	-1.7197	0.002502
4.9729	-1.6695	0.010021
4.9729	-1.6444	0.016517
4.9729	-1.6192	0.019707
4.9729	-1.5941	0.012926
4.9729	-1.569	0.006371
4.9729	-1.5188	0.0032922
4.9729	-1.4937	0.0085362
4.9729	-1.4686	0.016041
4.9729	-1.4435	0.014842
4.9729	-1.4184	0.010589
4.9729	-1.3431	0.0064284
4.9729	-1.318	0.010665
4.9729	-1.2929	0.012976
4.9729	-1.2678	0.0091955
4.9729	-1.2427	0.004921
4.9729	-1.1674	0.0038475
4.9729	-1.1423	0.0085449
4.9729	-1.1172	0.0082975
4.9729	-1.0921	0.0035053
4.9729	-0.89121	0.0097313
4.9729	-0.86611	0.017076
4.9729	-0.841	0.024135
4.9729	-0.8159	0.029554
4.9729	-0.79079	0.026052
4.9729	-0.76569	0.011438
4.9729	-0.74059	0.0046584
4.9729	-0.69038	0.0023863
4.9729	-0.66527	0.0057643
4.9729	-0.64017	0.0095721
4.9729	-0.61506	0.0084392
4.9729	-0.58996	0.0057894
4.9729	-0.51464	0.0025125
4.9729	-0.48954	0.0040595
4.9729	-0.46444	0.0047386
4.9729	-0.43933	0.00294
4.9729	-0.31381	0.0032054
4.9729	-0.2887	0.0029206
4.9729	-0.2636	0.0020667
4.9729	0.43933	0.00227
4.9729	0.46444	0.0029321
4.9729	0.48954	0.0028207
4.9729	0.51464	0.0024218
4.9979	-2.4728	0.0037038
4.9979	-2.4477	0.0072296
4.9979	-2.4226	0.0069981
4.9979	-2.3975	0.0047837
4.9979	-2.3473	0.0051331
4.9979	-2.3222	0.022831
4.9979	-2.2971	0.1179
4.9979	-2.272	0.19889
4.9979	-2.2469	0.39892
4.9979	-2.2218	0.49123
4.9979	-2.1967	0.55687
4.9979	-2.1715	0.56092
4.9979	-2.1464	0.49454
4.9979	-2.1213	0.27836
4.9979	-2.0962	0.16679
4.9979	-2.0711	0.077508
4.9979	-2.0209	0.0076281
4.9979	-1.9958	0.053798
4.9979	-1.9707	0.06752
4.9979	-1.9456	0.066212
4.9979	-1.9205	0.030355
4.9979	-1.8954	0.011177
4.9979	-1.8452	0.012553
4.9979	-1.8201	0.026511
4.9979	-1.795	0.04039
4.9979	-1.7699	0.034592
4.9979	-1.7448	0.022765
4.9979	-1.6695	0.015603
4.9979	-1.6444	0.02389
4.9979	-1.6192	0.027239
4.9979	-1.5941	0.016382
4.9979	-1.569	0.0074004
4.9979	-1.5188	0.0061403
4.9979	-1.4937	0.014429
4.9979	-1.4686	0.025139
4.9979	-1.4435	0.022621
4.9979	-1.4184	0.015523
4.9979	-1.3431	0.013613
4.9979	-1.318	0.021624
4.9979	-1.2929	0.025788
4.9979	-1.2678	0.017671
4.9979	-1.2427	0.0089935
4.9979	-1.1925	0.003958
4.9979	-1.1674	0.012115
4.9979	-1.1423	0.026884
4.9979	-1.1172	0.027018
4.9979	-1.0921	0.012215
4.9979	-1.0669	0.0037655
4.9979	-1.0167	0.013664
4.9979	-0.99163	0.028159
4.9979	-0.96653	0.042603
4.9979	-0.94142	0.055875
4.9979	-0.91632	0.051474
4.9979	-0.89121	0.028525
4.9979	-0.86611	0.016397
4.9979	-0.841	0.0072861
4.9979	-0.66527	0.0020269
4.9979	-0.64017	0.0038988
4.9979	-0.61506	0.0036187
4.9979	-0.58996	0.002548
4.9979	-0.51464	0.0019379
4.9979	-0.48954	0.0030216
4.9979	-0.46444	0.0034679
4.9979	-0.43933	0.0020232
4.9979	-0.33891	0.0020793
4.9979	-0.31381	0.0035086
4.9979	-0.2887	0.0031374
4.9979	-0.2636	0.0021677
4.9979	-0.16318	0.0020332
4.9979	-0.13808	0.0023819
5.023	-2.4728	0.0028561
5.023	-2.4477	0.0051378
5.023	-2.4226	0.0047153
5.023	-2.3975	0.0029063
5.023	-2.3473	0.0060002
5.023	-2.3222	0.022604
5.023	-2.2971	0.10616
5.023	-2.272	0.17566
5.023	-2.2469	0.34467
5.023	-2.2218	0.42127
5.023	-2.1967	0.47438
5.023	-2.1715	0.47085
5.023	-2.1464	0.41096
5.023	-2.1213	0.22327
5.023	-2.0962	0.12907
5.023	-2.0711	0.055839
5.023	-2.0209	0.011183
5.023	-1.9958	0.055677
5.023	-1.9707	0.06645
5.023	-1.9456	0.062549
5.023	-1.9205	0.025518
5.023	-1.8954	0.0079556
5.023	-1.8452	0.016429
5.023	-1.8201	0.031222
5.023	-1.795	0.043051
5.023	-1.7699	0.035243
5.023	-1.7448	0.021747
5.023	-1.6695	0.021357
5.023	-1.6444	0.030647
5.023	-1.6192	0.033428
5.023	-1.5941	0.018228
5.023	-1.569	0.0073778
5.023	-1.5439	0.0019848
5.023	-1.5188	0.0099973
5.023	-1.4937	0.021383
5.023	-1.4686	0.034259
5.023	-1.4435	0.029737
5.023	-1.4184	0.019371
5.023	-1.3431	0.023908
5.023	-1.318	0.036156
5.023	-1.2929	0.041801
5.023	-1.2678	0.026725
5.023	-1.2427	0.012481
5.023	-1.1925	0.010282
5.023	-1.1674	0.027436
5.023	-1.1423	0.057107
5.023	-1.1172	0.056692
5.023	-1.0921	0.023839
5.023	-1.0669	0.0058651
5.023	-1.0167	0.051631
5.023	-0.99163	0.10587
5.023	-0.96653	0.16736
5.023	-0.94142	0.26174
5.023	-0.91632	0.27539
5.023	-0.89121	0.22843
5.023	-0.86611	0.18076
5.023	-0.841	0.12955
5.023	-0.8159	0.046992
5.023	-0.79079	0.022601
5.023	-0.76569	0.0023632
5.023	-0.33891	0.0018805
5.023	-0.31381	0.0029869
5.023	-0.2887	0.0026342
5.023	-0.16318	0.0022405
5.023	-0.13808	0.0025849
5.023	0.012552	0.0025123
5.023	0.037657	0.0023098
5.023	0.16318	0.0019294
5.023	0.18828	0.0023867
5.023	0.33891	0.0037361
5.023	0.36402	0.0046534
5.023	0.38912	0.0048225
5.023	0.41423	0.004137
5.023	0.43933	0.0031813
5.048	-2.4728	0.0018968
5.048	-2.4477	0.0031722
5.048	-2.4226	0.002751
5.048	-2.3473	0.0059234
5.048	-2.3222	0.019715
5.048	-2.2971	0.085781
5.048	-2.272	0.13979
5.048	-2.2469	0.26972
5.048	-2.2218	0.32786
5.048	-2.1967	0.36732
5.048	-2.1715	0.36003
5.048	-2.1464	0.31123
5.048	-2.1213	0.16294
5.048	-2.0962	0.090467
5.048	-2.0711	0.035905
5.048	-2.0209	0.013654
5.048	-1.9958	0.052304
5.048	-1.9707	0.059599
5.048	-1.9456	0.053863
5.048	-1.9205	0.019267
5.048	-1.8954	0.0048011
5.048	-1.8452	0.019166
5.048	-1.8201	0.033342
5.048	-1.795	0.041815
5.048	-1.7699	0.032628
5.048	-1.7448	0.018702
5.048	-1.6946	0.0031533
5.048	-1.6695	0.026155
5.048	-1.6444	0.035412
5.048	-1.6192	0.03698
5.048	-1.5941	0.018083
5.048	-1.569	0.006376
5.048	-1.5439	0.0036118
5.048	-1.5188	0.014421
5.048	-1.4937	0.028316
5.048	-1.4686	0.04161
5.048	-1.4435	0.034643
5.048	-1.4184	0.021177
5.048	-1.3682	0.0038192
5.048	-1.3431	0.036416
5.048	-1.318	0.052411
5.048	-1.2929	0.058455
5.048	-1.2678	0.034121
5.048	-1.2427	0.014159
5.048	-1.2176	0.0030933
5.048	-1.1925	0.021305
5.048	-1.1674	0.05055
5.048	-1.1423	0.097045
5.048	-1.1172	0.093637
5.048	-1.0921	0.034469
5.048	-1.0669	0.0057766
5.048	-1.0418	0.0033793
5.048	-1.0167	0.13039
5.048	-0.99163	0.25824
5.048	-0.96653	0.40723
5.048	-0.94142	0.66163
5.048	-0.91632	0.71951
5.048	-0.89121	0.65313
5.048	-0.86611	0.54778
5.048	-0.841	0.42045
5.048	-0.8159	0.1821
5.048	-0.79079	0.098321
5.048	-0.76569	0.01395
5.048	-0.74059	0.0020599
5.048	-0.69038	0.0036426
5.048	-0.66527	0.0040306
5.048	-0.64017	0.0019213
5.048	-0.16318	0.0019018
5.048	-0.13808	0.0021793
5.048	0.012552	0.0028424
5.048	0.037657	0.0025677
5.048	0.13808	0.0018713
5.048	0.16318	0.0030122
5.048	0.18828	0.0036696
5.048	0.21339	0.0026475
5.048	0.31381	0.0031835
5.048	0.33891	0.0096032
5.048	0.36402	0.012484
5.048	0.38912	0.014763
5.048	0.41423	0.013855
5.048	0.43933	0.011885
5.048	0.46444	0.0066685
5.048	0.48954	0.0043106
5.048	0.51464	0.0024822
5.0731	-2.3473	0.0048797
5.0731	-2.3222	0.014807
5.0731	-2.2971	0.060857
5.0731	-2.272	0.0982
5.0731	-2.2469	0.18784
5.0731	-2.2218	0.22781
5.0731	-2.1967	0.25464
5.0731	-2.1715	0.24754
5.0731	-2.1464	0.21223
5.0731	-2.1213	0.10702
5.0731	-2.0962	0.056797
5.0731	-2.0711	0.020278
5.0731	-2.046	0.0018758
5.0731	-2.0209	0.014248
5.0731	-1.9958	0.044437
5.0731	-1.9707	0.048512
5.0731	-1.9456	0.042103
5.0731	-1.9205	0.012954
5.0731	-1.8954	0.002339
5.0731	-1.8452	0.020044
5.0731	-1.8201	0.032337
5.0731	-1.795	0.037034
5.0731	-1.7699	0.027452
5.0731	-1.7448	0.014443
5.0731	-1.6946	0.0049602
5.0731	-1.6695	0.028929
5.0731	-1.6444	0.03715
5.0731	-1.6192	0.037168
5.0731	-1.5941	0.016099
5.0731	-1.569	0.0047597
5.0731	-1.5439	0.005651
5.0731	-1.5188	0.01863
5.0731	-1.4937	0.033881
5.0731	-1.4686	0.045647
5.0731	-1.4435	0.036275
5.0731	-1.4184	0.020558
5.0731	-1.3682	0.0072259
5.0731	-1.3431	0.049282
5.0731	-1.318	0.067594
5.0731	-1.2929	0.072537
5.0731	-1.2678	0.037964
5.0731	-1.2427	0.013455
5.0731	-1.2176	0.0078687
5.0731	-1.1925	0.03727
5.0731	-1.1674	0.080031
5.0731	-1.1423	0.14102
5.0731	-1.1172	0.13113
5.0731	-1.0921	0.040211
5.0731	-1.0669	0.0033528
5.0731	-1.0418	0.013475
5.0731	-1.0167	0.26134
5.0731	-0.99163	0.49763
5.0731	-0.96653	0.77333
5.0731	-0.94142	1.2588
5.0731	-0.91632	1.3819
5.0731	-0.89121	1.2911
5.0731	-0.86611	1.1028
5.0731	-0.841	0.86363
5.0731	-0.8159	0.39015
5.0731	-0.79079	0.21438
5.0731	-0.76569	0.029564
5.0731	-0.74059	0.0033317
5.0731	-0.69038	0.015527
5.0731	-0.66527	0.018219
5.0731	-0.64017	0.011194
5.0731	-0.61506	0.005996
5.0731	-0.58996	0.0022091
5.0731	0.012552	0.0025096
5.0731	0.037657	0.002232
5.0731	0.13808	0.0023645
5.0731	0.16318	0.0036717
5.0731	0.18828	0.0043832
5.0731	0.21339	0.0029927
5.0731	0.2887	0.0020146
5.0731	0.31381	0.0057619
5.0731	0.33891	0.016827
5.0731	0.36402	0.022125
5.0731	0.38912	0.027376
5.0731	0.41423	0.02649
5.0731	0.43933	0.023538
5.0731	0.46444	0.014353
5.0731	0.48954	0.0097343
5.0731	0.51464	0.0059021
5.0981	-2.3473	0.0032033
5.0981	-2.3222	0.0091166
5.0981	-2.2971	0.036327
5.0981	-2.272	0.058559
5.0981	-2.2469	0.11265
5.0981	-2.2218	0.13711
5.0981	-2.1967	0.15369
5.0981	-2.1715	0.14944
5.0981	-2.1464	0.12747
5.0981	-2.1213	0.062045
5.0981	-2.0962	0.031314
5.0981	-2.0711	0.0097884
5.0981	-2.046	0.002689
5.0981	-2.0209	0.012783
5.0981	-1.9958	0.033813
5.0981	-1.9707	0.035491
5.0981	-1.9456	0.029587
5.0981	-1.9205	0.0076315
5.0981	-1.8452	0.018789
5.0981	-1.8201	0.028401
5.0981	-1.795	0.029803
5.0981	-1.7699	0.0209
5.0981	-1.7448	0.0099331
5.0981	-1.6946	0.0064856
5.0981	-1.6695	0.029015
5.0981	-1.6444	0.035492
5.0981	-1.6192	0.034035
5.0981	-1.5941	0.01287
5.0981	-1.569	0.0030179
5.0981	-1.5439	0.0076885
5.0981	-1.5188	0.021698
5.0981	-1.4937	0.036849
5.0981	-1.4686	0.045533
5.0981	-1.4435	0.034371
5.0981	-1.4184	0.017797
5.0981	-1.3682	0.011432
5.0981	-1.3431	0.060082
5.0981	-1.318	0.078665
5.0981	-1.2929	0.081081
5.0981	-1.2678	0.037346
5.0981	-1.2427	0.010675
5.0981	-1.2176	0.015494
5.0981	-1.1925	0.056842
5.0981	-1.1674	0.11203
5.0981	-1.1423	0.18099
5.0981	-1.1172	0.1612
5.0981	-1.0921	0.038863
5.0981	-1.0418	0.03551
5.0981	-1.0167	0.44544
5.0981	-0.99163	0.81645
5.0981	-0.96653	1.2456
5.0981	-0.94142	2.0036
5.0981	-0.91632	2.2
5.0981	-0.89121	2.0691
5.0981	-0.86611	1.7753
5.0981	-0.841	1.3963
5.0981	-0.8159	0.63194
5.0981	-0.79079	0.34401
5.0981	-0.76569	0.041927
5.0981	-0.74059	0.0027242
5.0981	-0.71548	0.0046289
5.0981	-0.69038	0.038788
5.0981	-0.66527	0.044629
5.0981	-0.64017	0.027758
5.0981	-0.61506	0.014934
5.0981	-0.58996	0.0053272
5.0981	-0.53975	0.0022532
5.0981	-0.51464	0.0056165
5.0981	-0.48954	0.0053237
5.0981	-0.46444	0.0040174
5.0981	0.13808	0.0023115
5.0981	0.16318	0.0034955
5.0981	0.18828	0.0041045
5.0981	0.21339	0.0026323
5.0981	0.2887	0.003084
5.0981	0.31381	0.0080534
5.0981	0.33891	0.022702
5.0981	0.36402	0.029957
5.0981	0.38912	0.037907
5.0981	0.41423	0.037247
5.0981	0.43933	0.033661
5.0981	0.46444	0.021277
5.0981	0.48954	0.01468
5.0981	0.51464	0.0090291
5.0981	0.53975	0.0020656
5.1232	-2.3222	0.0040901
5.1232	-2.2971	0.016604
5.1232	-2.272	0.027247
5.1232	-2.2469	0.054352
5.1232	-2.2218	0.067229
5.1232	-2.1967	0.076417
5.1232	-2.1715	0.07567
5.1232	-2.1464	0.064671
5.1232	-2.1213	0.030627
5.1232	-2.0962	0.014635
5.1232	-2.0711	0.0038506
5.1232	-2.046	0.0027491
5.1232	-2.0209	0.0097493
5.1232	-1.9958	0.022612
5.1232	-1.9707	0.022917
5.1232	-1.9456	0.018365
5.1232	-1.9205	0.0038312
5.1232	-1.8452	0.015682
5.1232	-1.8201	0.022403
5.1232	-1.795	0.021608
5.1232	-1.7699	0.014263
5.1232	-1.7448	0.0059874
5.1232	-1.6946	0.0072647
5.1232	-1.6695	0.026369
5.1232	-1.6444	0.03084
5.1232	-1.6192	0.028356
5.1232	-1.5941	0.0091945
5.1232	-1.5439	0.0091908
5.1232	-1.5188	0.022851
5.1232	-1.4937	0.036496
5.1232	-1.4686	0.041383
5.1232	-1.4435	0.029515
5.1232	-1.4184	0.013708
5.1232	-1.3682	0.015615
5.1232	-1.3431	0.066479
5.1232	-1.318	0.083227
5.1232	-1.2929	0.082267
5.1232	-1.2678	0.03262
5.1232	-1.2427	0.0068407
5.1232	-1.2176	0.025333
5.1232	-1.1925	0.077046
5.1232	-1.1674	0.14093
5.1232	-1.1423	0.20874
5.1232	-1.1172	0.17708
5.1232	-1.0921	0.030915
5.1232	-1.0418	0.072582
5.1232	-1.0167	0.66848
5.1232	-0.99163	1.1826
5.1232	-0.96653	1.7696
5.1232	-0.94142	2.7961
5.1232	-0.91632	3.0582
5.1232	-0.89121	2.8644
5.1232	-0.86611	2.4533
5.1232	-0.841	1.9237
5.1232	-0.8159	0.85608
5.1232	-0.79079	0.45569
5.1232	-0.76569	0.045851
5.1232	-0.71548	0.013623
5.1232	-0.69038	0.073786
5.1232	-0.66527	0.081866
5.1232	-0.64017	0.048765
5.1232	-0.61506	0.025272
5.1232	-0.58996	0.0081492
5.1232	-0.53975	0.0065173
5.1232	-0.51464	0.014718
5.1232	-0.48954	0.013936
5.1232	-0.46444	0.010509
5.1232	-0.43933	0.0025672
5.1232	0.16318	0.0024174
5.1232	0.18828	0.00284
5.1232	0.2887	0.0035906
5.1232	0.31381	0.0087769
5.1232	0.33891	0.024189
5.1232	0.36402	0.032082
5.1232	0.38912	0.041437
5.1232	0.41423	0.041223
5.1232	0.43933	0.037725
5.1232	0.46444	0.024393
5.1232	0.48954	0.016963
5.1232	0.51464	0.010463
5.1232	0.53975	0.0023055
5.1482	-2.2971	0.0043905
5.1482	-2.272	0.0078054
5.1482	-2.2469	0.01773
5.1482	-2.2218	0.023098
5.1482	-2.1967	0.027438
5.1482	-2.1715	0.029017
5.1482	-2.1464	0.025308
5.1482	-2.1213	0.011959
5.1482	-2.0962	0.0054079
5.1482	-2.046	0.0020884
5.1482	-2.0209	0.0060948
5.1482	-1.9958	0.012818
5.1482	-1.9707	0.012624
5.1482	-1.9456	0.0097473
5.1482	-1.8452	0.011468
5.1482	-1.8201	0.015615
5.1482	-1.795	0.013894
5.1482	-1.7699	0.0085772
5.1482	-1.7448	0.0030759
5.1482	-1.6946	0.0070453
5.1482	-1.6695	0.021589
5.1482	-1.6444	0.024226
5.1482	-1.6192	0.021368
5.1482	-1.5941	0.0058057
5.1482	-1.5439	0.0097003
5.1482	-1.5188	0.021727
5.1482	-1.4937	0.03285
5.1482	-1.4686	0.034204
5.1482	-1.4435	0.022906
5.1482	-1.4184	0.0093074
5.1482	-1.3933	0.0032714
5.1482	-1.3682	0.018735
5.1482	-1.3431	0.06695
5.1482	-1.318	0.080268
5.1482	-1.2929	0.075966
5.1482	-1.2678	0.025205
5.1482	-1.2427	0.003232
5.1482	-1.2176	0.03567
5.1482	-1.1925	0.093863
5.1482	-1.1674	0.16072
5.1482	-1.1423	0.21829
5.1482	-1.1172	0.17533
5.1482	-1.0921	0.019359
5.1482	-1.0669	0.0072044
5.1482	-1.0418	0.12351
5.1482	-1.0167	0.90057
5.1482	-0.99163	1.5424
5.1482	-0.96653	2.2644
5.1482	-0.94142	3.5054
5.1482	-0.91632	3.8108
5.1482	-0.89121	3.5349
5.1482	-0.86611	3.0114
5.1482	-0.841	2.3445
5.1482	-0.8159	1.0145
5.1482	-0.79079	0.52327
5.1482	-0.76569	0.040229
5.1482	-0.71548	0.02986
5.1482	-0.69038	0.11718
5.1482	-0.66527	0.1248
5.1482	-0.64017	0.069582
5.1482	-0.61506	0.034
5.1482	-0.58996	0.0094122
5.1482	-0.56485	0.0039143
5.1482	-0.53975	0.014155
5.1482	-0.51464	0.028285
5.1482	-0.48954	0.026119
5.1482	-0.46444	0.019156
5.1482	-0.43933	0.0039224
5.1482	-0.36402	0.0042417
5.1482	-0.33891	0.0053252
5.1482	-0.31381	0.0035452
5.1482	0.2887	0.0029729
5.1482	0.31381	0.0070265
5.1482	0.33891	0.019581
5.1482	0.36402	0.026396
5.1482	0.38912	0.035356
5.1482	0.41423	0.035804
5.1482	0.43933	0.033314
5.1482	0.46444	0.022119
5.1482	0.48954	0.015499
5.1482	0.51464	0.0095672
5.1482	0.53975	0.0019976
5.1733	-2.2218	0.0030671
5.1733	-2.1967	0.0044367
5.1733	-2.1715	0.0061472
5.1733	-2.1464	0.005869
5.1733	-2.1213	0.0030486
5.1733	-2.0209	0.0028488
5.1733	-1.9958	0.005699
5.1733	-1.9707	0.0055283
5.1733	-1.9456	0.0041444
5.1733	-1.8452	0.007115
5.1733	-1.8201	0.0093199
5.1733	-1.795	0.0076994
5.1733	-1.7699	0.0044101
5.1733	-1.6946	0.0058912
5.1733	-1.6695	0.015724
5.1733	-1.6444	0.016995
5.1733	-1.6192	0.014395
5.1733	-1.5941	0.0031802
5.1733	-1.5439	0.0090211
5.1733	-1.5188	0.018538
5.1733	-1.4937	0.026695
5.1733	-1.4686	0.025547
5.1733	-1.4435	0.015947
5.1733	-1.4184	0.0054732
5.1733	-1.3933	0.0047031
5.1733	-1.3682	0.019895
5.1733	-1.3431	0.061294
5.1733	-1.318	0.070472
5.1733	-1.2929	0.06374
5.1733	-1.2678	0.017017
5.1733	-1.2176	0.044111
5.1733	-1.1925	0.10337
5.1733	-1.1674	0.16687
5.1733	-1.1423	0.20773
5.1733	-1.1172	0.15689
5.1733	-1.0921	0.0083797
5.1733	-1.0669	0.021286
5.1733	-1.0418	0.18153
5.1733	-1.0167	1.1012
5.1733	-0.99163	1.8313
5.1733	-0.96653	2.6404
5.1733	-0.94142	4.0013
5.1733	-0.91632	4.3188
5.1733	-0.89121	3.955
5.1733	-0.86611	3.3442
5.1733	-0.841	2.5783
5.1733	-0.8159	1.076
5.1733	-0.79079	0.53358
5.1733	-0.76569	0.028002
5.1733	-0.74059	0.0034289
5.1733	-0.71548	0.053108
5.1733	-0.69038	0.16223
5.1733	-0.66527	0.16568
5.1733	-0.64017	0.085295
5.1733	-0.61506	0.038613
5.1733	-0.58996	0.0086064
5.1733	-0.56485	0.0088473
5.1733	-0.53975	0.025296
5.1733	-0.51464	0.044782
5.1733	-0.48954	0.039975
5.1733	-0.46444	0.02818
5.1733	-0.43933	0.0045746
5.1733	-0.36402	0.009841
5.1733	-0.33891	0.011843
5.1733	-0.31381	0.0076605
5.1733	-0.2887	0.0038908
5.1733	-0.21339	0.0025845
5.1733	-0.18828	0.0045934
5.1733	-0.16318	0.0040515
5.1733	-0.13808	0.0027698
5.1733	0.31381	0.0032633
5.1733	0.33891	0.010223
5.1733	0.36402	0.014548
5.1733	0.38912	0.021392
5.1733	0.41423	0.022531
5.1733	0.43933	0.021699
5.1733	0.46444	0.015202
5.1733	0.48954	0.01084
5.1733	0.51464	0.006744
5.1983	-2.3222	0.0022574
5.1983	-2.2971	0.0042361
5.1983	-2.272	0.0047918
5.1983	-2.2469	0.0043866
5.1983	-2.2218	0.003533
5.1983	-2.1967	0.0024972
5.1983	-1.8452	0.0021377
5.1983	-1.8201	0.0027307
5.1983	-1.795	0.0020877
5.1983	-1.6946	0.003227
5.1983	-1.6695	0.0073947
5.1983	-1.6444	0.0076438
5.1983	-1.6192	0.0061267
5.1983	-1.5439	0.0062039
5.1983	-1.5188	0.011542
5.1983	-1.4937	0.015643
5.1983	-1.4686	0.013252
5.1983	-1.4435	0.0073207
5.1983	-1.3933	0.0054967
5.1983	-1.3682	0.017261
5.1983	-1.3431	0.044271
5.1983	-1.318	0.047927
5.1983	-1.2929	0.040333
5.1983	-1.2678	0.0069067
5.1983	-1.2176	0.048425
5.1983	-1.1925	0.098984
5.1983	-1.1674	0.14782
5.1983	-1.1423	0.16114
5.1983	-1.1172	0.1091
5.1983	-1.0669	0.051448
5.1983	-1.0418	0.25598
5.1983	-1.0167	1.2551
5.1983	-0.99163	2.0086
5.1983	-0.96653	2.8249
5.1983	-0.94142	4.1506
5.1983	-0.91632	4.4293
5.1983	-0.89121	3.9674
5.1983	-0.86611	3.3093
5.1983	-0.841	2.5063
5.1983	-0.8159	0.97853
5.1983	-0.79079	0.45047
5.1983	-0.76569	0.0086102
5.1983	-0.74059	0.018342
5.1983	-0.71548	0.093817
5.1983	-0.69038	0.21422
5.1983	-0.66527	0.20553
5.1983	-0.64017	0.092051
5.1983	-0.61506	0.035815
5.1983	-0.58996	0.0046531
5.1983	-0.56485	0.020695
5.1983	-0.53975	0.046059
5.1983	-0.51464	0.068848
5.1983	-0.48954	0.057947
5.1983	-0.46444	0.037951
5.1983	-0.43933	0.0037492
5.1983	-0.38912	0.0052697
5.1983	-0.36402	0.022394
5.1983	-0.33891	0.025177
5.1983	-0.31381	0.014691
5.1983	-0.2887	0.0067952
5.1983	-0.23849	0.0031884
5.1983	-0.21339	0.0077404
5.1983	-0.18828	0.012952
5.1983	-0.16318	0.011319
5.1983	-0.13808	0.0076154
5.1983	-0.062762	0.0037169
5.1983	-0.037657	0.0057932
5.1983	-0.012552	0.0066429
5.1983	0.012552	0.0041785
5.1983	0.037657	0.0020944
5.1983	0.13808	0.0027336
5.1983	0.16318	0.0024952
5.1983	0.41423	0.0021865
5.1983	0.43933	0.002894
5.1983	0.46444	0.0030858
5.1983	0.48954	0.0025293
5.2234	-2.3473	0.0025596
5.2234	-2.3222	0.0046035
5.2234	-2.2971	0.0095237
5.2234	-2.272	0.011596
5.2234	-2.2469	0.013018
5.2234	-2.2218	0.012063
5.2234	-2.1967	0.010184
5.2234	-2.1715	0.005271
5.2234	-2.1464	0.0030972
5.2234	-1.6695	0.0033952
5.2234	-1.6444	0.0034643
5.2234	-1.6192	0.0027105
5.2234	-1.5439	0.0038598
5.2234	-1.5188	0.006867
5.2234	-1.4937	0.0090454
5.2234	-1.4686	0.0071253
5.2234	-1.4435	0.0035829
5.2234	-1.3933	0.0048157
5.2234	-1.3682	0.013204
5.2234	-1.3431	0.030683
5.2234	-1.318	0.031986
5.2234	-1.2929	0.025577
5.2234	-1.2678	0.0028268
5.2234	-1.2176	0.044302
5.2234	-1.1925	0.084194
5.2234	-1.1674	0.12011
5.2234	-1.1423	0.11959
5.2234	-1.1172	0.074098
5.2234	-1.0669	0.069603
5.2234	-1.0418	0.27864
5.2234	-1.0167	1.2224
5.2234	-0.99163	1.914
5.2234	-0.96653	2.6532
5.2234	-0.94142	3.8261
5.2234	-0.91632	4.0535
5.2234	-0.89121	3.5761
5.2234	-0.86611	2.9536
5.2234	-0.841	2.2071
5.2234	-0.8159	0.81807
5.2234	-0.79079	0.35413
5.2234	-0.74059	0.032836
5.2234	-0.71548	0.11668
5.2234	-0.69038	0.22794
5.2234	-0.66527	0.20985
5.2234	-0.64017	0.084524
5.2234	-0.61506	0.02876
5.2234	-0.58996	0.0018699
5.2234	-0.56485	0.030158
5.2234	-0.53975	0.059257
5.2234	-0.51464	0.079795
5.2234	-0.48954	0.064345
5.2234	-0.46444	0.039773
5.2234	-0.43933	0.0023673
5.2234	-0.38912	0.0096032
5.2234	-0.36402	0.03191
5.2234	-0.33891	0.034299
5.2234	-0.31381	0.018329
5.2234	-0.2887	0.007746
5.2234	-0.23849	0.0058717
5.2234	-0.21339	0.012925
5.2234	-0.18828	0.020045
5.2234	-0.16318	0.017029
5.2234	-0.13808	0.011008
5.2234	-0.062762	0.0077611
5.2234	-0.037657	0.011591
5.2234	-0.012552	0.013027
5.2234	0.012552	0.0079129
5.2234	0.037657	0.0037624
5.2234	0.11297	0.0043452
5.2234	0.13808	0.008472
5.2234	0.16318	0.0079988
5.2234	0.18828	0.0059189
5.2234	0.2636	0.0030039
5.2234	0.2887	0.0057597
5.2234	0.31381	0.0081534
5.2234	0.33891	0.0094032
5.2234	0.36402	0.0081273
5.2234	0.38912	0.0039652
5.2234	0.41423	0.0021406
5.2484	-2.3473	0.0035313
5.2484	-2.3222	0.006318
5.2484	-2.2971	0.013422
5.2484	-2.272	0.016739
5.2484	-2.2469	0.020023
5.2484	-2.2218	0.019289
5.2484	-2.1967	0.017011
5.2484	-2.1715	0.0097422
5.2484	-2.1464	0.0060532
5.2484	-1.5188	0.0031894
5.2484	-1.4937	0.0041607
5.2484	-1.4686	0.0031151
5.2484	-1.3933	0.0034105
5.2484	-1.3682	0.0084729
5.2484	-1.3431	0.018232
5.2484	-1.318	0.01837
5.2484	-1.2929	0.013928
5.2484	-1.2176	0.035457
5.2484	-1.1925	0.063403
5.2484	-1.1674	0.086828
5.2484	-1.1423	0.078794
5.2484	-1.1172	0.043896
5.2484	-1.0921	0.005578
5.2484	-1.0669	0.079009
5.2484	-1.0418	0.27006
5.2484	-1.0167	1.0811
5.2484	-0.99163	1.6615
5.2484	-0.96653	2.2752
5.2484	-0.94142	3.2289
5.2484	-0.91632	3.3988
5.2484	-0.89121	2.9558
5.2484	-0.86611	2.4169
5.2484	-0.841	1.7809
5.2484	-0.8159	0.62286
5.2484	-0.79079	0.2505
5.2484	-0.74059	0.046625
5.2484	-0.71548	0.12946
5.2484	-0.69038	0.221
5.2484	-0.66527	0.19533
5.2484	-0.64017	0.069866
5.2484	-0.61506	0.019977
5.2484	-0.56485	0.038753
5.2484	-0.53975	0.068736
5.2484	-0.51464	0.083857
5.2484	-0.48954	0.064612
5.2484	-0.46444	0.037397
5.2484	-0.41423	0.0026567
5.2484	-0.38912	0.014783
5.2484	-0.36402	0.040346
5.2484	-0.33891	0.041494
5.2484	-0.31381	0.020075
5.2484	-0.2887	0.007571
5.2484	-0.23849	0.0094287
5.2484	-0.21339	0.018911
5.2484	-0.18828	0.026969
5.2484	-0.16318	0.02209
5.2484	-0.13808	0.013539
5.2484	-0.062762	0.013438
5.2484	-0.037657	0.019118
5.2484	-0.012552	0.020832
5.2484	0.012552	0.01179
5.2484	0.037657	0.005127
5.2484	0.087866	0.0039186
5.2484	0.11297	0.0096848
5.2484	0.13808	0.017733
5.2484	0.16318	0.016533
5.2484	0.18828	0.01199
5.2484	0.2636	0.011135
5.2484	0.2887	0.021277
5.2484	0.31381	0.031475
5.2484	0.33891	0.043235
5.2484	0.36402	0.042629
5.2484	0.38912	0.030997
5.2484	0.41423	0.022937
5.2484	0.43933	0.015356
5.2484	0.46444	0.0048426
5.2484	0.48954	0.0021662
5.2735	-2.3473	0.0037722
5.2735	-2.3222	0.0066871
5.2735	-2.2971	0.014334
5.2735	-2.272	0.018079
5.2735	-2.2469	0.022276
5.2735	-2.2218	0.02182
5.2735	-2.1967	0.019575
5.2735	-2.1715	0.011555
5.2735	-2.1464	0.0072324
5.2735	-1.3682	0.004223
5.2735	-1.3431	0.008716
5.2735	-1.318	0.0085616
5.2735	-1.2929	0.0061563
5.2735	-1.2176	0.024153
5.2735	-1.1925	0.041124
5.2735	-1.1674	0.054397
5.2735	-1.1423	0.044934
5.2735	-1.1172	0.021939
5.2735	-1.0921	0.0096533
5.2735	-1.0669	0.075988
5.2735	-1.0418	0.23074
5.2735	-1.0167	0.85809
5.2735	-0.99163	1.2995
5.2735	-0.96653	1.7629
5.2735	-0.94142	2.4727
5.2735	-0.91632	2.5903
5.2735	-0.89121	2.2253
5.2735	-0.86611	1.8024
5.2735	-0.841	1.3092
5.2735	-0.8159	0.42941
5.2735	-0.79079	0.15798
5.2735	-0.76569	0.0038607
5.2735	-0.74059	0.055486
5.2735	-0.71548	0.12874
5.2735	-0.69038	0.19528
5.2735	-0.66527	0.16572
5.2735	-0.64017	0.051825
5.2735	-0.61506	0.011699
5.2735	-0.56485	0.044435
5.2735	-0.53975	0.072313
5.2735	-0.51464	0.080297
5.2735	-0.48954	0.058941
5.2735	-0.46444	0.031634
5.2735	-0.41423	0.0051445
5.2735	-0.38912	0.019839
5.2735	-0.36402	0.045951
5.2735	-0.33891	0.045254
5.2735	-0.31381	0.019597
5.2735	-0.2887	0.0064017
5.2735	-0.23849	0.013408
5.2735	-0.21339	0.024717
5.2735	-0.18828	0.03233
5.2735	-0.16318	0.025386
5.2735	-0.13808	0.014581
5.2735	-0.087866	0.0024826
5.2735	-0.062762	0.020179
5.2735	-0.037657	0.027337
5.2735	-0.012552	0.028735
5.2735	0.012552	0.014821
5.2735	0.037657	0.0057009
5.2735	0.087866	0.0079615
5.2735	0.11297	0.017566
5.2735	0.13808	0.029693
5.2735	0.16318	0.026895
5.2735	0.18828	0.018696
5.2735	0.2636	0.027627
5.2735	0.2887	0.051051
5.2735	0.31381	0.07536
5.2735	0.33891	0.10751
5.2735	0.36402	0.10953
5.2735	0.38912	0.087072
5.2735	0.41423	0.068242
5.2735	0.43933	0.048888
5.2735	0.46444	0.01836
5.2735	0.48954	0.0091993
5.2735	0.51464	0.0037713
5.2985	-2.3473	0.0031965
5.2985	-2.3222	0.0056337
5.2985	-2.2971	0.01219
5.2985	-2.272	0.015522
5.2985	-2.2469	0.019545
5.2985	-2.2218	0.019352
5.2985	-2.1967	0.017527
5.2985	-2.1715	0.010439
5.2985	-2.1464	0.0064828
5.2985	-2.0209	0.0022922
5.2985	-1.3431	0.0028603
5.2985	-1.318	0.002814
5.2985	-1.2929	0.0019402
5.2985	-1.2176	0.01319
5.2985	-1.1925	0.021722
5.2985	-1.1674	0.028039
5.2985	-1.1423	0.021145
5.2985	-1.1172	0.0087032
5.2985	-1.0921	0.010951
5.2985	-1.0669	0.061094
5.2985	-1.0418	0.16981
5.2985	-1.0167	0.59796
5.2985	-0.99163	0.89721
5.2985	-0.96653	1.2111
5.2985	-0.94142	1.6905
5.2985	-0.91632	1.7671
5.2985	-0.89121	1.5062
5.2985	-0.86611	1.21
5.2985	-0.841	0.8669
5.2985	-0.8159	0.26503
5.2985	-0.79079	0.087365
5.2985	-0.76569	0.0086723
5.2985	-0.74059	0.056627
5.2985	-0.71548	0.11459
5.2985	-0.69038	0.15659
5.2985	-0.66527	0.12759
5.2985	-0.64017	0.03419
5.2985	-0.61506	0.0054678
5.2985	-0.56485	0.045708
5.2985	-0.53975	0.069099
5.2985	-0.51464	0.070098
5.2985	-0.48954	0.048847
5.2985	-0.46444	0.024008
5.2985	-0.41423	0.0078409
5.2985	-0.38912	0.023617
5.2985	-0.36402	0.047522
5.2985	-0.33891	0.044839
5.2985	-0.31381	0.017159
5.2985	-0.2887	0.0046601
5.2985	-0.23849	0.017076
5.2985	-0.21339	0.029183
5.2985	-0.18828	0.034997
5.2985	-0.16318	0.026214
5.2985	-0.13808	0.013932
5.2985	-0.087866	0.0045705
5.2985	-0.062762	0.026923
5.2985	-0.037657	0.034773
5.2985	-0.012552	0.035166
5.2985	0.012552	0.016229
5.2985	0.037657	0.005295
5.2985	0.087866	0.013674
5.2985	0.11297	0.027382
5.2985	0.13808	0.042512
5.2985	0.16318	0.037089
5.2985	0.18828	0.024351
5.2985	0.23849	0.0034302
5.2985	0.2636	0.054427
5.2985	0.2887	0.096806
5.2985	0.31381	0.14086
5.2985	0.33891	0.20132
5.2985	0.36402	0.20699
5.2985	0.38912	0.16926
5.2985	0.41423	0.13505
5.2985	0.43933	0.098663
5.2985	0.46444	0.038592
5.2985	0.48954	0.019657
5.2985	0.51464	0.0080919
5.3236	-2.3473	0.0020718
5.3236	-2.3222	0.0036721
5.3236	-2.2971	0.0081517
5.3236	-2.272	0.010536
5.3236	-2.2469	0.01366
5.3236	-2.2218	0.013698
5.3236	-2.1967	0.012532
5.3236	-2.1715	0.0075073
5.3236	-2.1464	0.0046014
5.3236	-2.046	0.0018633
5.3236	-2.0209	0.0023452
5.3236	-1.2176	0.0049598
5.3236	-1.1925	0.0081623
5.3236	-1.1674	0.010541
5.3236	-1.1423	0.0074045
5.3236	-1.1172	0.0024079
5.3236	-1.0921	0.0087523
5.3236	-1.0669	0.039177
5.3236	-1.0418	0.10245
5.3236	-1.0167	0.35053
5.3236	-0.99163	0.52574
5.3236	-0.96653	0.71152
5.3236	-0.94142	1.0009
5.3236	-0.91632	1.0496
5.3236	-0.89121	0.89505
5.3236	-0.86611	0.71541
5.3236	-0.841	0.50653
5.3236	-0.8159	0.14355
5.3236	-0.79079	0.041186
5.3236	-0.76569	0.011748
5.3236	-0.74059	0.049789
5.3236	-0.71548	0.090551
5.3236	-0.69038	0.11285
5.3236	-0.66527	0.088303
5.3236	-0.64017	0.019728
5.3236	-0.58996	0.0029894
5.3236	-0.56485	0.042162
5.3236	-0.53975	0.059798
5.3236	-0.51464	0.055593
5.3236	-0.48954	0.036617
5.3236	-0.46444	0.016204
5.3236	-0.41423	0.0099983
5.3236	-0.38912	0.025159
5.3236	-0.36402	0.044756
5.3236	-0.33891	0.040473
5.3236	-0.31381	0.013479
5.3236	-0.2887	0.0028648
5.3236	-0.23849	0.019608
5.3236	-0.21339	0.031317
5.3236	-0.18828	0.034441
5.3236	-0.16318	0.024486
5.3236	-0.13808	0.011862
5.3236	-0.087866	0.0070696
5.3236	-0.062762	0.03236
5.3236	-0.037657	0.03991
5.3236	-0.012552	0.03876
5.3236	0.012552	0.015698
5.3236	0.037657	0.0040858
5.3236	0.087866	0.020495
5.3236	0.11297	0.037748
5.3236	0.13808	0.053755
5.3236	0.16318	0.044893
5.3236	0.18828	0.027462
5.3236	0.23849	0.0086655
5.3236	0.2636	0.091232
5.3236	0.2887	0.15632
5.3236	0.31381	0.22337
5.3236	0.33891	0.31543
5.3236	0.36402	0.32434
5.3236	0.38912	0.26682
5.3236	0.41423	0.21378
5.3236	0.43933	0.15678
5.3236	0.46444	0.061367
5.3236	0.48954	0.030939
5.3236	0.51464	0.012341
5.3236	0.58996	0.0022882
5.3236	0.61506	0.0023991
5.3236	0.64017	0.0019361
5.3486	-2.2971	0.0039149
5.3486	-2.272	0.0052403
5.3486	-2.2469	0.0072163
5.3486	-2.2218	0.0074165
5.3486	-2.1967	0.0069232
5.3486	-2.1715	0.0042277
5.3486	-2.1464	0.0025633
5.3486	-2.0209	0.0018992
5.3486	-1.1674	0.001922
5.3486	-1.0921	0.0044828
5.3486	-1.0669	0.017611
5.3486	-1.0418	0.045016
5.3486	-1.0167	0.15727
5.3486	-0.99163	0.2403
5.3486	-0.96653	0.33146
5.3486	-0.94142	0.4827
5.3486	-0.91632	0.51341
5.3486	-0.89121	0.44604
5.3486	-0.86611	0.35722
5.3486	-0.841	0.25131
5.3486	-0.8159	0.06586
5.3486	-0.79079	0.015758
5.3486	-0.76569	0.011577
5.3486	-0.74059	0.037263
5.3486	-0.71548	0.062343
5.3486	-0.69038	0.071771
5.3486	-0.66527	0.053966
5.3486	-0.64017	0.0096723
5.3486	-0.58996	0.0041121
5.3486	-0.56485	0.034641
5.3486	-0.53975	0.046482
5.3486	-0.51464	0.039717
5.3486	-0.48954	0.024594
5.3486	-0.46444	0.0095668
5.3486	-0.41423	0.010962
5.3486	-0.38912	0.024037
5.3486	-0.36402	0.038338
5.3486	-0.33891	0.033236
5.3486	-0.31381	0.00945
5.3486	-0.23849	0.020359
5.3486	-0.21339	0.030605
5.3486	-0.18828	0.030879
5.3486	-0.16318	0.020722
5.3486	-0.13808	0.0089746
5.3486	-0.087866	0.0094676
5.3486	-0.062762	0.035305
5.3486	-0.037657	0.041642
5.3486	-0.012552	0.038774
5.3486	0.012552	0.013469
5.3486	0.037657	0.0025221
5.3486	0.087866	0.027321
5.3486	0.11297	0.046771
5.3486	0.13808	0.061077
5.3486	0.16318	0.048546
5.3486	0.18828	0.027249
5.3486	0.23849	0.017179
5.3486	0.2636	0.1347
5.3486	0.2887	0.22291
5.3486	0.31381	0.31247
5.3486	0.33891	0.43336
5.3486	0.36402	0.44378
5.3486	0.38912	0.36341
5.3486	0.41423	0.29055
5.3486	0.43933	0.21236
5.3486	0.46444	0.081633
5.3486	0.48954	0.040201
5.3486	0.51464	0.015227
5.3486	0.58996	0.0042575
5.3486	0.61506	0.0043046
5.3486	0.64017	0.0033969
5.3737	-2.2469	0.0023786
5.3737	-2.2218	0.002616
5.3737	-2.1967	0.0025817
5.3737	-1.0669	0.0033998
5.3737	-1.0418	0.0095968
5.3737	-1.0167	0.040737
5.3737	-0.99163	0.067515
5.3737	-0.96653	0.099938
5.3737	-0.94142	0.163
5.3737	-0.91632	0.18127
5.3737	-0.89121	0.16827
5.3737	-0.86611	0.13755
5.3737	-0.841	0.097582
5.3737	-0.8159	0.023864
5.3737	-0.79079	0.004455
5.3737	-0.76569	0.0085505
5.3737	-0.74059	0.022881
5.3737	-0.71548	0.035991
5.3737	-0.69038	0.038938
5.3737	-0.66527	0.028196
5.3737	-0.64017	0.0038266
5.3737	-0.58996	0.0042111
5.3737	-0.56485	0.024949
5.3737	-0.53975	0.031928
5.3737	-0.51464	0.025161
5.3737	-0.48954	0.014548
5.3737	-0.46444	0.0047993
5.3737	-0.43933	0.0023868
5.3737	-0.41423	0.010428
5.3737	-0.38912	0.020514
5.3737	-0.36402	0.029693
5.3737	-0.33891	0.024685
5.3737	-0.31381	0.0058457
5.3737	-0.23849	0.019093
5.3737	-0.21339	0.027184
5.3737	-0.18828	0.025175
5.3737	-0.16318	0.015844
5.3737	-0.13808	0.0059752
5.3737	-0.11297	0.0021577
5.3737	-0.087866	0.011158
5.3737	-0.062762	0.035063
5.3737	-0.037657	0.03961
5.3737	-0.012552	0.035301
5.3737	0.012552	0.010208
5.3737	0.087866	0.032755
5.3737	0.11297	0.052553
5.3737	0.13808	0.062919
5.3737	0.16318	0.047305
5.3737	0.18828	0.023893
5.3737	0.21339	0.0020327
5.3737	0.23849	0.028513
5.3737	0.2636	0.1786
5.3737	0.2887	0.28626
5.3737	0.31381	0.39375
5.3737	0.33891	0.53495
5.3737	0.36402	0.54439
5.3737	0.38912	0.44129
5.3737	0.41423	0.3508
5.3737	0.43933	0.25447
5.3737	0.46444	0.094997
5.3737	0.48954	0.045281
5.3737	0.51464	0.016003
5.3737	0.56485	0.0020777
5.3737	0.58996	0.0066151
5.3737	0.61506	0.0064197
5.3737	0.64017	0.0049079
5.3987	-1.3682	0.0021943
5.3987	-1.2176	0.0021902
5.3987	-1.1925	0.0022489
5.3987	-0.99163	0.0026753
5.3987	-0.96653	0.0068668
5.3987	-0.94142	0.021161
5.3987	-0.91632	0.028721
5.3987	-0.89121	0.035012
5.3987	-0.86611	0.031342
5.3987	-0.841	0.023703
5.3987	-0.8159	0.0057564
5.3987	-0.76569	0.004403
5.3987	-0.74059	0.010512
5.3987	-0.71548	0.015995
5.3987	-0.69038	0.016791
5.3987	-0.66527	0.011796
5.3987	-0.58996	0.0033076
5.3987	-0.56485	0.015248
5.3987	-0.53975	0.018784
5.3987	-0.51464	0.013734
5.3987	-0.48954	0.0073508
5.3987	-0.46444	0.0019402
5.3987	-0.43933	0.0025544
5.3987	-0.41423	0.0085672
5.3987	-0.38912	0.015451
5.3987	-0.36402	0.020538
5.3987	-0.33891	0.016386
5.3987	-0.31381	0.0031285
5.3987	-0.2636	0.0021382
5.3987	-0.23849	0.016073
5.3987	-0.21339	0.021801
5.3987	-0.18828	0.018547
5.3987	-0.16318	0.010864
5.3987	-0.13808	0.0034361
5.3987	-0.11297	0.0030055
5.3987	-0.087866	0.011655
5.3987	-0.062762	0.031661
5.3987	-0.037657	0.0343
5.3987	-0.012552	0.0292
5.3987	0.012552	0.0067445
5.3987	0.062762	0.003224
5.3987	0.087866	0.035517
5.3987	0.11297	0.053766
5.3987	0.13808	0.058982
5.3987	0.16318	0.041643
5.3987	0.18828	0.018426
5.3987	0.21339	0.0054956
5.3987	0.23849	0.041008
5.3987	0.2636	0.21499
5.3987	0.2887	0.33475
5.3987	0.31381	0.45218
5.3987	0.33891	0.60131
5.3987	0.36402	0.60743
5.3987	0.38912	0.48584
5.3987	0.41423	0.38321
5.3987	0.43933	0.27517
5.3987	0.46444	0.098945
5.3987	0.48954	0.045281
5.3987	0.51464	0.014648
5.3987	0.56485	0.0035859
5.3987	0.58996	0.0089608
5.3987	0.61506	0.0083377
5.3987	0.64017	0.006145
5.4238	-1.3933	0.0021096
5.4238	-1.3682	0.0027141
5.4238	-1.3431	0.0021575
5.4238	-1.2427	0.0019198
5.4238	-1.2176	0.0048423
5.4238	-1.1925	0.0051522
5.4238	-1.1674	0.004286
5.4238	-1.0921	0.0037462
5.4238	-1.0669	0.0079932
5.4238	-1.0418	0.012541
5.4238	-1.0167	0.017507
5.4238	-0.99163	0.016455
5.4238	-0.96653	0.013294
5.4238	-0.94142	0.0048887
5.4238	-0.91632	0.0018573
5.4238	-0.74059	0.0027018
5.4238	-0.71548	0.0042747
5.4238	-0.69038	0.0047891
5.4238	-0.66527	0.003357
5.4238	-0.58996	0.0018923
5.4238	-0.56485	0.007374
5.4238	-0.53975	0.0088739
5.4238	-0.51464	0.0061036
5.4238	-0.48954	0.0029922
5.4238	-0.43933	0.0021334
5.4238	-0.41423	0.0059434
5.4238	-0.38912	0.010012
5.4238	-0.36402	0.012399
5.4238	-0.33891	0.0095166
5.4238	-0.2636	0.0020495
5.4238	-0.23849	0.011982
5.4238	-0.21339	0.015584
5.4238	-0.18828	0.012199
5.4238	-0.16318	0.0065888
5.4238	-0.11297	0.0034118
5.4238	-0.087866	0.01078
5.4238	-0.062762	0.025845
5.4238	-0.037657	0.026885
5.4238	-0.012552	0.021813
5.4238	0.012552	0.0037833
5.4238	0.062762	0.0046057
5.4238	0.087866	0.034867
5.4238	0.11297	0.050078
5.4238	0.13808	0.050274
5.4238	0.16318	0.03303
5.4238	0.18828	0.012309
5.4238	0.21339	0.010096
5.4238	0.23849	0.052071
5.4238	0.2636	0.23623
5.4238	0.2887	0.35835
5.4238	0.31381	0.47597
5.4238	0.33891	0.61972
5.4238	0.36402	0.62118
5.4238	0.38912	0.4894
5.4238	0.41423	0.38248
5.4238	0.43933	0.27137
5.4238	0.46444	0.093352
5.4238	0.48954	0.04068
5.4238	0.51464	0.011758
5.4238	0.56485	0.00528
5.4238	0.58996	0.01083
5.4238	0.61506	0.0096614
5.4238	0.64017	0.0068413
5.4489	-2.3473	0.0022218
5.4489	-2.3222	0.0029658
5.4489	-2.2971	0.0039499
5.4489	-2.272	0.003994
5.4489	-2.2469	0.0031345
5.4489	-2.2218	0.0024011
5.4489	-1.3682	0.0022981
5.4489	-1.2427	0.0030754
5.4489	-1.2176	0.0069693
5.4489	-1.1925	0.0072432
5.4489	-1.1674	0.0057962
5.4489	-1.0921	0.01341
5.4489	-1.0669	0.028238
5.4489	-1.0418	0.047004
5.4489	-1.0167	0.084031
5.4489	-0.99163	0.095386
5.4489	-0.96653	0.09868
5.4489	-0.94142	0.081026
5.4489	-0.91632	0.064063
5.4489	-0.89121	0.029118
5.4489	-0.86611	0.016032
5.4489	-0.841	0.0072559
5.4489	-0.41423	0.0021751
5.4489	-0.38912	0.0034472
5.4489	-0.36402	0.0040371
5.4489	-0.33891	0.0029694
5.4489	-0.23849	0.0057644
5.4489	-0.21339	0.0071541
5.4489	-0.18828	0.0049953
5.4489	-0.16318	0.002341
5.4489	-0.11297	0.002915
5.4489	-0.087866	0.0074461
5.4489	-0.062762	0.015319
5.4489	-0.037657	0.015041
5.4489	-0.012552	0.011298
5.4489	0.062762	0.0054541
5.4489	0.087866	0.027865
5.4489	0.11297	0.037319
5.4489	0.13808	0.032678
5.4489	0.16318	0.018826
5.4489	0.18828	0.0047577
5.4489	0.21339	0.016374
5.4489	0.23849	0.060067
5.4489	0.2636	0.22966
5.4489	0.2887	0.33685
5.4489	0.31381	0.43753
5.4489	0.33891	0.55332
5.4489	0.36402	0.54835
5.4489	0.38912	0.42193
5.4489	0.41423	0.32478
5.4489	0.43933	0.22579
5.4489	0.46444	0.071831
5.4489	0.48954	0.028564
5.4489	0.51464	0.0065197
5.4489	0.53975	0.0023586
5.4489	0.56485	0.0073899
5.4489	0.58996	0.011928
5.4489	0.61506	0.0099959
5.4489	0.64017	0.0066299
5.4739	-2.3724	0.0019857
5.4739	-2.3473	0.0029903
5.4739	-2.3222	0.004033
5.4739	-2.2971	0.0055613
5.4739	-2.272	0.0057521
5.4739	-2.2469	0.0047615
5.4739	-2.2218	0.0037573
5.4739	-2.1967	0.0026411
5.4739	-1.2427	0.0030278
5.4739	-1.2176	0.0063749
5.4739	-1.1925	0.0064395
5.4739	-1.1674	0.0049139
5.4739	-1.0921	0.018752
5.4739	-1.0669	0.03824
5.4739	-1.0418	0.06338
5.4739	-1.0167	0.11647
5.4739	-0.99163	0.13547
5.4739	-0.96653	0.14436
5.4739	-0.94142	0.12755
5.4739	-0.91632	0.10535
5.4739	-0.89121	0.052976
5.4739	-0.86611	0.030829
5.4739	-0.841	0.014705
5.4739	-0.76569	0.0022053
5.4739	-0.74059	0.0027335
5.4739	-0.71548	0.0024999
5.4739	-0.23849	0.0026449
5.4739	-0.21339	0.0032499
5.4739	-0.18828	0.0021522
5.4739	-0.11297	0.0020293
5.4739	-0.087866	0.0047106
5.4739	-0.062762	0.0089802
5.4739	-0.037657	0.0085176
5.4739	-0.012552	0.0060589
5.4739	0.062762	0.0048996
5.4739	0.087866	0.020677
5.4739	0.11297	0.02659
5.4739	0.13808	0.02119
5.4739	0.16318	0.010934
5.4739	0.21339	0.01815
5.4739	0.23849	0.057225
5.4739	0.2636	0.20003
5.4739	0.2887	0.28801
5.4739	0.31381	0.36952
5.4739	0.33891	0.45976
5.4739	0.36402	0.45261
5.4739	0.38912	0.34309
5.4739	0.41423	0.26137
5.4739	0.43933	0.17907
5.4739	0.46444	0.053659
5.4739	0.48954	0.019771
5.4739	0.51464	0.0035841
5.4739	0.53975	0.0032313
5.4739	0.56485	0.0080085
5.4739	0.58996	0.011317
5.4739	0.61506	0.0090984
5.4739	0.64017	0.0057549
5.499	-2.3724	0.0021384
5.499	-2.3473	0.0032139
5.499	-2.3222	0.0043496
5.499	-2.2971	0.0060947
5.499	-2.272	0.0063703
5.499	-2.2469	0.005391
5.499	-2.2218	0.0042949
5.499	-2.1967	0.0030372
5.499	-1.2427	0.0023228
5.499	-1.2176	0.0045971
5.499	-1.1925	0.0045053
5.499	-1.1674	0.0032445
5.499	-1.0921	0.020268
5.499	-1.0669	0.040123
5.499	-1.0418	0.065941
5.499	-1.0167	0.12238
5.499	-0.99163	0.14401
5.499	-0.96653	0.15564
5.499	-0.94142	0.14209
5.499	-0.91632	0.11939
5.499	-0.89121	0.061873
5.499	-0.86611	0.03626
5.499	-0.841	0.01712
5.499	-0.76569	0.0046639
5.499	-0.74059	0.0058229
5.499	-0.71548	0.0055354
5.499	-0.69038	0.0024412
5.499	-0.087866	0.0023162
5.499	-0.062762	0.0042354
5.499	-0.037657	0.0039139
5.499	-0.012552	0.0026356
5.499	0.062762	0.0036318
5.499	0.087866	0.013217
5.499	0.11297	0.016417
5.499	0.13808	0.011886
5.499	0.16318	0.0053454
5.499	0.21339	0.017092
5.499	0.23849	0.048082
5.499	0.2636	0.15636
5.499	0.2887	0.22188
5.499	0.31381	0.282
5.499	0.33891	0.34665
5.499	0.36402	0.33953
5.499	0.38912	0.25409
5.499	0.41423	0.19165
5.499	0.43933	0.12937
5.499	0.46444	0.036278
5.499	0.48954	0.012186
5.499	0.53975	0.003731
5.499	0.56485	0.0077836
5.499	0.58996	0.0097825
5.499	0.61506	0.0075464
5.499	0.64017	0.0045357
5.499	1.5941	0.0019876
5.499	1.6192	0.0031989
5.499	1.6444	0.0034534
5.499	1.6695	0.0034006
5.499	1.6946	0.0025349
5.499	1.7197	0.0019115
5.524	-2.3724	0.0018964
5.524	-2.3473	0.0028452
5.524	-2.3222	0.0038602
5.524	-2.2971	0.0054697
5.524	-2.272	0.0057553
5.524	-2.2469	0.0049256
5.524	-2.2218	0.0039327
5.524	-2.1967	0.0027718
5.524	-1.2176	0.0024874
5.524	-1.1925	0.0023775
5.524	-1.0921	0.017254
5.524	-1.0669	0.033418
5.524	-1.0418	0.054643
5.524	-1.0167	0.10246
5.524	-0.99163	0.12174
5.524	-0.96653	0.133
5.524	-0.94142	0.12415
5.524	-0.91632	0.10532
5.524	-0.89121	0.055063
5.524	-0.86611	0.032001
5.524	-0.841	0.014633
5.524	-0.76569	0.0063978
5.524	-0.74059	0.0077839
5.524	-0.71548	0.0073419
5.524	-0.69038	0.0031628
5.524	-0.56485	0.00189
5.524	0.062762	0.0020964
5.524	0.087866	0.0068815
5.524	0.11297	0.00834
5.524	0.13808	0.0054975
5.524	0.16318	0.002066
5.524	0.21339	0.013479
5.524	0.23849	0.034813
5.524	0.2636	0.10732
5.524	0.2887	0.15088
5.524	0.31381	0.19079
5.524	0.33891	0.23332
5.524	0.36402	0.22799
5.524	0.38912	0.16916
5.524	0.41423	0.1265
5.524	0.43933	0.084176
5.524	0.46444	0.021947
5.524	0.48954	0.0065738
5.524	0.53975	0.003706
5.524	0.56485	0.0067746
5.524	0.58996	0.0076729
5.524	0.61506	0.0056788
5.524	0.64017	0.0032293
5.524	1.569	0.0024317
5.524	1.5941	0.0037631
5.524	1.6192	0.0060626
5.524	1.6444	0.0066021
5.524	1.6695	0.006581
5.524	1.6946	0.0050666
5.524	1.7197	0.0038937
5.5491	-2.3473	0.0020621
5.5491	-2.3222	0.0028141
5.5491	-2.2971	0.0040483
5.5491	-2.272	0.0042916
5.5491	-2.2469	0.0037111
5.5491	-2.2218	0.0029634
5.5491	-2.1967	0.0020744
5.5491	-1.0921	0.011081
5.5491	-1.0669	0.021317
5.5491	-1.0418	0.035071
5.5491	-1.0167	0.067498
5.5491	-0.99163	0.081428
5.5491	-0.96653	0.090324
5.5491	-0.94142	0.086614
5.5491	-0.91632	0.074228
5.5491	-0.89121	0.039022
5.5491	-0.86611	0.022369
5.5491	-0.841	0.0097869
5.5491	-0.76569	0.0066543
5.5491	-0.74059	0.0078488
5.5491	-0.71548	0.0072622
5.5491	-0.69038	0.0029372
5.5491	-0.58996	0.0021177
5.5491	-0.56485	0.0027693
5.5491	-0.53975	0.0021959
5.5491	0.087866	0.0025501
5.5491	0.11297	0.0030907
5.5491	0.13808	0.0018903
5.5491	0.21339	0.0084899
5.5491	0.23849	0.020675
5.5491	0.2636	0.061974
5.5491	0.2887	0.087088
5.5491	0.31381	0.1104
5.5491	0.33891	0.136
5.5491	0.36402	0.13328
5.5491	0.38912	0.098872
5.5491	0.41423	0.073527
5.5491	0.43933	0.048324
5.5491	0.46444	0.011645
5.5491	0.48954	0.003015
5.5491	0.53975	0.0031775
5.5491	0.56485	0.0052361
5.5491	0.58996	0.0054081
5.5491	0.61506	0.0038399
5.5491	0.64017	0.0020553
5.5491	1.569	0.00398
5.5491	1.5941	0.0060472
5.5491	1.6192	0.0096194
5.5491	1.6444	0.010473
5.5491	1.6695	0.010458
5.5491	1.6946	0.0081074
5.5491	1.7197	0.0062516
5.5491	1.7448	0.0026889
5.5741	-2.2971	0.0023997
5.5741	-2.272	0.0025784
5.5741	-2.2469	0.0022727
5.5741	-1.0921	0.0045322
5.5741	-1.0669	0.0090061
5.5741	-1.0418	0.015399
5.5741	-1.0167	0.032
5.5741	-0.99163	0.039973
5.5741	-0.96653	0.045772
5.5741	-0.94142	0.046278
5.5741	-0.91632	0.040459
5.5741	-0.89121	0.021671
5.5741	-0.86611	0.012279
5.5741	-0.841	0.005108
5.5741	-0.76569	0.0054626
5.5741	-0.74059	0.0062678
5.5741	-0.71548	0.0056815
5.5741	-0.69038	0.0021201
5.5741	-0.58996	0.0023706
5.5741	-0.56485	0.0029381
5.5741	-0.53975	0.0022792
5.5741	0.21339	0.0037534
5.5741	0.23849	0.0089478
5.5741	0.2636	0.0274
5.5741	0.2887	0.039221
5.5741	0.31381	0.050668
5.5741	0.33891	0.064583
5.5741	0.36402	0.064173
5.5741	0.38912	0.048464
5.5741	0.41423	0.036093
5.5741	0.43933	0.023552
5.5741	0.46444	0.0052297
5.5741	0.53975	0.002322
5.5741	0.56485	0.003527
5.5741	0.58996	0.0033636
5.5741	0.61506	0.0022923
5.5741	1.569	0.005754
5.5741	1.5941	0.0085751
5.5741	1.6192	0.013388
5.5741	1.6444	0.014509
5.5741	1.6695	0.014446
5.5741	1.6946	0.011142
5.5741	1.7197	0.0085586
5.5741	1.7448	0.0036109
5.5992	-1.0418	0.0027613
5.5992	-1.0167	0.007811
5.5992	-0.99163	0.010944
5.5992	-0.96653	0.013791
5.5992	-0.94142	0.016158
5.5992	-0.91632	0.014926
5.5992	-0.89121	0.0085853
5.5992	-0.86611	0.0048938
5.5992	-0.841	0.0019471
5.5992	-0.76569	0.0034695
5.5992	-0.74059	0.0039143
5.5992	-0.71548	0.0034972
5.5992	-0.58996	0.002083
5.5992	-0.56485	0.0024476
5.5992	0.23849	0.0018823
5.5992	0.2636	0.0070013
5.5992	0.2887	0.010867
5.5992	0.31381	0.01506
5.5992	0.33891	0.021484
5.5992	0.36402	0.022311
5.5992	0.38912	0.017987
5.5992	0.41423	0.013663
5.5992	0.43933	0.0089844
5.5992	0.56485	0.0019924
5.5992	1.5439	0.0020534
5.5992	1.569	0.0074936
5.5992	1.5941	0.010956
5.5992	1.6192	0.016743
5.5992	1.6444	0.018024
5.5992	1.6695	0.017846
5.5992	1.6946	0.013607
5.5992	1.7197	0.010369
5.5992	1.7448	0.004243
5.5992	1.7699	0.002107
5.6242	-0.91632	0.0021244
5.6242	0.33891	0.0027525
5.6242	0.36402	0.0034855
5.6242	0.38912	0.0036842
5.6242	0.41423	0.0030623
5.6242	0.43933	0.0021443
5.6242	1.5439	0.0026414
5.6242	1.569	0.0088869
5.6242	1.5941	0.012757
5.6242	1.6192	0.019067
5.6242	1.6444	0.020368
5.6242	1.6695	0.020025
5.6242	1.6946	0.015035
5.6242	1.7197	0.011335
5.6242	1.7448	0.0044623
5.6242	1.7699	0.0021248
5.6493	-1.0921	0.004988
5.6493	-1.0669	0.0066077
5.6493	-1.0418	0.0076169
5.6493	-1.0167	0.0071044
5.6493	-0.99163	0.0057879
5.6493	-0.96653	0.0041766
5.6493	0.23849	0.0023609
5.6493	0.2636	0.0028902
5.6493	0.2887	0.0025432
5.6493	0.31381	0.0019217
5.6493	1.5439	0.0030801
5.6493	1.569	0.0096487
5.6493	1.5941	0.013614
5.6493	1.6192	0.01991
5.6493	1.6444	0.021095
5.6493	1.6695	0.020579
5.6493	1.6946	0.015179
5.6493	1.7197	0.011302
5.6493	1.7448	0.0042506
5.6493	1.7699	0.0019243
5.6743	-1.2427	0.0019335
5.6743	-1.1172	0.0034707
5.6743	-1.0921	0.011415
5.6743	-1.0669	0.015813
5.6743	-1.0418	0.019417
5.6743	-1.0167	0.021729
5.6743	-0.99163	0.020069
5.6743	-0.96653	0.016948
5.6743	-0.94142	0.0090183
5.6743	-0.91632	0.0055303
5.6743	0.087866	0.00202
5.6743	0.21339	0.0042513
5.6743	0.23849	0.0065957
5.6743	0.2636	0.010014
5.6743	0.2887	0.010381
5.6743	0.31381	0.0097479
5.6743	0.33891	0.0064514
5.6743	0.36402	0.0045166
5.6743	1.5439	0.0032622
5.6743	1.569	0.0096013
5.6743	1.5941	0.013337
5.6743	1.6192	0.019105
5.6743	1.6444	0.020079
5.6743	1.6695	0.019433
5.6743	1.6946	0.014063
5.6743	1.7197	0.010327
5.6743	1.7448	0.0036869
5.6994	-1.2427	0.0018889
5.6994	-1.1423	0.0023315
5.6994	-1.1172	0.0062073
5.6994	-1.0921	0.019293
5.6994	-1.0669	0.02701
5.6994	-1.0418	0.03393
5.6994	-1.0167	0.040769
5.6994	-0.99163	0.03943
5.6994	-0.96653	0.03509
5.6994	-0.94142	0.021143
5.6994	-0.91632	0.013919
5.6994	-0.89121	0.0036078
5.6994	0.21339	0.0074246
5.6994	0.23849	0.011524
5.6994	0.2636	0.018596
5.6994	0.2887	0.020258
5.6994	0.31381	0.020204
5.6994	0.33891	0.015594
5.6994	0.36402	0.012015
5.6994	0.38912	0.0052315
5.6994	0.41423	0.0028225
5.6994	1.5439	0.0029478
5.6994	1.569	0.0080309
5.6994	1.5941	0.010937
5.6994	1.6192	0.015254
5.6994	1.6444	0.015858
5.6994	1.6695	0.015178
5.6994	1.6946	0.010668
5.6994	1.7197	0.0076614
5.6994	1.7448	0.0024996
5.7244	-1.1423	0.0027723
5.7244	-1.1172	0.0068468
5.7244	-1.0921	0.020451
5.7244	-1.0669	0.028589
5.7244	-1.0418	0.036054
5.7244	-1.0167	0.044054
5.7244	-0.99163	0.043069
5.7244	-0.96653	0.038771
5.7244	-0.94142	0.023856
5.7244	-0.91632	0.015804
5.7244	-0.89121	0.0039959
5.7244	0.21339	0.0076715
5.7244	0.23849	0.01181
5.7244	0.2636	0.019247
5.7244	0.2887	0.021209
5.7244	0.31381	0.021451
5.7244	0.33891	0.017098
5.7244	0.36402	0.013398
5.7244	0.38912	0.0060058
5.7244	0.41423	0.0032604
5.7244	1.5439	0.0023957
5.7244	1.569	0.0062728
5.7244	1.5941	0.0084598
5.7244	1.6192	0.011648
5.7244	1.6444	0.012043
5.7244	1.6695	0.011457
5.7244	1.6946	0.0079095
5.7244	1.7197	0.0055935
5.7495	-1.1423	0.0026486
5.7495	-1.1172	0.0061705
5.7495	-1.0921	0.017849
5.7495	-1.0669	0.02492
5.7495	-1.0418	0.031519
5.7495	-1.0167	0.038967
5.7495	-0.99163	0.03836
5.7495	-0.96653	0.034757
5.7495	-0.94142	0.021545
5.7495	-0.91632	0.014226
5.7495	-0.89121	0.0033957
5.7495	-0.79079	0.0018878
5.7495	-0.76569	0.0019645
5.7495	0.21339	0.0062924
5.7495	0.23849	0.0096398
5.7495	0.2636	0.01587
5.7495	0.2887	0.017656
5.7495	0.31381	0.018049
5.7495	0.33891	0.0147
5.7495	0.36402	0.011626
5.7495	0.38912	0.0052521
5.7495	0.41423	0.002825
5.7495	1.569	0.0043244
5.7495	1.5941	0.0058006
5.7495	1.6192	0.0079397
5.7495	1.6444	0.0081863
5.7495	1.6695	0.0077592
5.7495	1.6946	0.0052782
5.7495	1.7197	0.0036774
5.7745	-1.1423	0.0019989
5.7745	-1.1172	0.0044675
5.7745	-1.0921	0.012703
5.7745	-1.0669	0.017791
5.7745	-1.0418	0.022639
5.7745	-1.0167	0.028428
5.7745	-0.99163	0.028201
5.7745	-0.96653	0.025716
5.7745	-0.94142	0.016009
5.7745	-0.91632	0.010496
5.7745	-0.89121	0.002315
5.7745	-0.79079	0.001962
5.7745	-0.76569	0.0019356
5.7745	0.21339	0.0039534
5.7745	0.23849	0.0060943
5.7745	0.2636	0.010297
5.7745	0.2887	0.011629
5.7745	0.31381	0.012067
5.7745	0.33891	0.010091
5.7745	0.36402	0.0080586
5.7745	0.38912	0.0036567
5.7745	0.41423	0.0019382
5.7745	1.569	0.0025302
5.7745	1.5941	0.0034014
5.7745	1.6192	0.0046863
5.7745	1.6444	0.0048439
5.7745	1.6695	0.004595
5.7745	1.6946	0.0031015
5.7745	1.7197	0.002133
5.7996	-1.1172	0.0024287
5.7996	-1.0921	0.006993
5.7996	-1.0669	0.0099343
5.7996	-1.0418	0.012841
5.7996	-1.0167	0.016628
5.7996	-0.99163	0.016717
5.7996	-0.96653	0.015417
5.7996	-0.94142	0.0096986
5.7996	-0.91632	0.0063183
5.7996	0.23849	0.0026362
5.7996	0.2636	0.0048078
5.7996	0.2887	0.0056215
5.7996	0.31381	0.0060197
5.7996	0.33891	0.0053043
5.7996	0.36402	0.0043199
5.7996	0.38912	0.0019949
5.7996	1.6192	0.002253
5.7996	1.6444	0.0023604
5.7996	1.6695	0.0022628
5.8246	-1.0921	0.0025753
5.8246	-1.0669	0.0038182
5.8246	-1.0418	0.0051385
5.8246	-1.0167	0.0071434
5.8246	-0.99163	0.0073995
5.8246	-0.96653	0.006999
5.8246	-0.94142	0.0045471
5.8246	-0.91632	0.0029642
5.8497	-0.99163	0.0019986
5.8497	-0.96653	0.0020112
5.8998	-1.0921	0.0022731
5.8998	-1.0669	0.0024388
5.8998	-1.0418	0.0023854
5.8998	0.21339	0.0027058
5.8998	0.23849	0.0031135
5.8998	0.2636	0.0030554
5.8998	0.2887	0.0026393
5.8998	0.31381	0.002082
5.9248	-2.3724	0.0018875
5.9248	-2.3473	0.0018842
5.9248	-1.1172	0.0027692
5.9248	-1.0921	0.004668
5.9248	-1.0669	0.0052552
5.9248	-1.0418	0.0054389
5.9248	-1.0167	0.004554
5.9248	-0.99163	0.0036608
5.9248	-0.96653	0.002667
5.9248	0.18828	0.0022932
5.9248	0.21339	0.0045202
5.9248	0.23849	0.0053214
5.9248	0.2636	0.0056054
5.9248	0.2887	0.0050689
5.9248	0.31381	0.0042134
5.9248	0.33891	0.0022046
5.9499	-2.3724	0.0021776
5.9499	-2.3473	0.0021683
5.9499	-2.3222	0.0019875
5.9499	-1.1423	0.0019019
5.9499	-1.1172	0.0029404
5.9499	-1.0921	0.0050306
5.9499	-1.0669	0.0057403
5.9499	-1.0418	0.0060355
5.9499	-1.0167	0.005235
5.9499	-0.99163	0.0042841
5.9499	-0.96653	0.0031731
5.9499	0.18828	0.0024196
5.9499	0.21339	0.0047126
5.9499	0.23849	0.0055692
5.9499	0.2636	0.0059636
5.9499	0.2887	0.0054503
5.9499	0.31381	0.0045811
5.9499	0.33891	0.0024462
5.9749	-2.3724	0.002225
5.9749	-2.3473	0.0022076
5.9749	-2.3222	0.0020134
5.9749	-1.1172	0.0024479
5.9749	-1.0921	0.004239
5.9749	-1.0669	0.0048888
5.9749	-1.0418	0.0052023
5.9749	-1.0167	0.0046238
5.9749	-0.99163	0.003824
5.9749	-0.96653	0.0028537
5.9749	0.18828	0.0020984
5.9749	0.21339	0.0040468
5.9749	0.23849	0.0047955
5.9749	0.2636	0.0051935
5.9749	0.2887	0.0047782
5.9749	0.31381	0.0040412
5.9749	0.33891	0.0021721
6	-2.3724	0.0021498
6	-2.3473	0.002129
6	-2.3222	0.0019367
6	-1.1172	0.0020442
6	-1.0921	0.0035596
6	-1.0669	0.0041266
6	-1.0418	0.0044168
6	-1.0167	0.0039706
6	-0.99163	0.0032986
6	-0.96653	0.0024679
6	0.21339	0.0034861
6	0.23849	0.0041403
6	0.2636	0.0045131
6	0.2887	0.0041659
6	0.31381	0.0035331
6	0.33891	0.001902
