-5.9723	-1.5987	1.4144e-05
-5.9723	-0.37032	0.00011335
-5.9723	-0.29807	0.00046496
-5.9723	-0.2258	0.0005574
-5.9723	-0.15355	0.00018306
-5.9723	-0.081291	1.565e-05
-5.9723	-0.0090323	6.3289e-05
-5.9723	0.063226	1.2349e-05
-5.9723	0.13549	3.0136e-05
-5.9723	0.20774	3.0344e-05
-5.9723	0.35226	2.7586e-05
-5.9723	0.42451	1.2097e-05
-5.9723	0.49677	9.2969e-06
-5.9723	0.56903	1.066e-05
-5.9723	0.71355	2.0172e-05
-5.9723	0.7858	5.8416e-05
-5.9723	0.85806	2.1484e-05
-5.9723	0.93032	0.00043887
-5.9723	1.0026	0.0023279
-5.9723	1.0748	0.0033978
-5.9723	1.1471	0.0014658
-5.9723	1.2194	7.8711e-05
-5.9723	1.2916	0.00018946
-5.9723	1.3639	4.3974e-05
-5.9723	1.4361	5.5257e-05
-5.9723	1.5084	3.1378e-05
-5.9723	1.5806	1.4707e-05
-5.9723	1.6529	1.5139e-05
-5.9723	1.7252	1.4259e-05
-5.9723	1.7974	1.6308e-05
-5.9723	1.9419	1.8427e-05
-5.9723	2.1587	2.7065e-05
-5.9723	2.231	3.8104e-05
-5.9723	2.3032	0.00062517
-5.9723	2.3755	0.0013998
-5.9723	2.4477	0.00083005
-5.9246	-1.5987	1.5613e-05
-5.9246	-1.5265	8.6353e-06
-5.9246	-0.37032	0.0001139
-5.9246	-0.29807	0.00044015
-5.9246	-0.2258	0.00049811
-5.9246	-0.15355	0.00013768
-5.9246	-0.081291	2.2374e-05
-5.9246	-0.0090323	6.3442e-05
-5.9246	0.063226	9.1197e-06
-5.9246	0.13549	3.9232e-05
-5.9246	0.20774	2.4193e-05
-5.9246	0.28	1.6523e-05
-5.9246	0.35226	4.7e-05
-5.9246	0.42451	9.9612e-06
-5.9246	0.49677	1.1649e-05
-5.9246	0.56903	8.2771e-06
-5.9246	0.71355	1.7786e-05
-5.9246	0.85806	1.2847e-05
-5.9246	0.93032	0.00011241
-5.9246	1.0026	0.00043983
-5.9246	1.0748	0.00068631
-5.9246	1.1471	0.00033198
-5.9246	1.2194	2.2293e-05
-5.9246	1.2916	7.171e-05
-5.9246	1.3639	1.6647e-05
-5.9246	1.4361	3.9626e-05
-5.9246	1.5084	1.7849e-05
-5.9246	1.5806	2.506e-05
-5.9246	1.6529	2.4893e-05
-5.9246	1.7252	1.6379e-05
-5.9246	1.7974	2.334e-05
-5.9246	1.8697	1.3455e-05
-5.9246	1.9419	4.7196e-05
-5.9246	2.0142	8.2395e-06
-5.9246	2.0865	3.4222e-05
-5.9246	2.1587	1.8011e-05
-5.9246	2.231	9.1948e-06
-5.9246	2.3032	6.0061e-05
-5.9246	2.3755	0.00017538
-5.9246	2.4477	0.00014257
-5.877	-1.5987	9.6773e-06
-5.877	-0.37032	4.4647e-05
-5.877	-0.29807	0.00019262
-5.877	-0.2258	0.00023552
-5.877	-0.15355	5.9882e-05
-5.877	-0.081291	2.1339e-05
-5.877	-0.0090323	4.2124e-05
-5.877	0.13549	3.3845e-05
-5.877	0.20774	1.2525e-05
-5.877	0.28	2.6218e-05
-5.877	0.35226	4.1974e-05
-5.877	0.42451	1.4307e-05
-5.877	0.49677	2.062e-05
-5.877	0.56903	9.4547e-06
-5.877	0.64129	1.2779e-05
-5.877	0.71355	1.2675e-05
-5.877	0.7858	1.7327e-05
-5.877	0.85806	2.0544e-05
-5.877	0.93032	9.0363e-05
-5.877	1.0026	0.00026191
-5.877	1.0748	0.00021509
-5.877	1.1471	5.6526e-05
-5.877	1.5806	2.2828e-05
-5.877	1.6529	1.4304e-05
-5.877	1.7252	1.0809e-05
-5.877	1.7974	1.4133e-05
-5.877	1.8697	2.1035e-05
-5.877	1.9419	5.5122e-05
-5.877	2.0142	1.1646e-05
-5.877	2.0865	9.2618e-05
-5.877	2.1587	4.2868e-05
-5.877	2.231	0.00010141
-5.877	2.3032	0.00033821
-5.877	2.3755	0.00020761
-5.877	2.4477	2.8704e-05
-5.8293	-1.671	1.1814e-05
-5.8293	-1.5987	1.3796e-05
-5.8293	-0.37032	1.1247e-05
-5.8293	-0.29807	2.0396e-05
-5.8293	-0.2258	2.7517e-05
-5.8293	-0.15355	9.4942e-06
-5.8293	-0.0090323	1.4459e-05
-5.8293	0.13549	1.6509e-05
-5.8293	0.28	1.9448e-05
-5.8293	0.35226	2.0383e-05
-5.8293	0.42451	2.7085e-05
-5.8293	0.49677	2.559e-05
-5.8293	0.56903	1.9128e-05
-5.8293	0.64129	2.4427e-05
-5.8293	0.71355	1.9253e-05
-5.8293	0.7858	6.551e-05
-5.8293	0.85806	3.3135e-05
-5.8293	0.93032	0.00055314
-5.8293	1.0026	0.0015783
-5.8293	1.0748	0.0013432
-5.8293	1.1471	0.00030329
-5.8293	1.2194	2.7147e-05
-5.8293	1.2916	6.2028e-05
-5.8293	1.3639	1.2152e-05
-5.8293	1.4361	1.1496e-05
-5.8293	1.5084	1.5793e-05
-5.8293	1.5806	1.0401e-05
-5.8293	1.8697	1.9121e-05
-5.8293	1.9419	2.8892e-05
-5.8293	2.0142	1.4509e-05
-5.8293	2.0865	0.0001024
-5.8293	2.1587	3.5289e-05
-5.8293	2.231	0.00024178
-5.8293	2.3032	0.00083048
-5.8293	2.3755	0.00066427
-5.8293	2.4477	0.00013852
-5.7818	-1.671	2.7336e-05
-5.7818	-1.5987	3.0407e-05
-5.7818	-1.5265	8.613e-06
-5.7818	-0.44258	1.1697e-05
-5.7818	-0.37032	0.00012414
-5.7818	-0.29807	0.00019411
-5.7818	-0.2258	7.2749e-05
-5.7818	0.42451	2.4196e-05
-5.7818	0.49677	1.5589e-05
-5.7818	0.56903	3.1491e-05
-5.7818	0.64129	2.9898e-05
-5.7818	0.71355	4.2106e-05
-5.7818	0.7858	0.00012321
-5.7818	0.85806	7.9607e-05
-5.7818	0.93032	0.0013884
-5.7818	1.0026	0.003409
-5.7818	1.0748	0.0026296
-5.7818	1.1471	0.00051256
-5.7818	1.2194	6.9897e-05
-5.7818	1.2916	0.00014866
-5.7818	1.3639	1.6451e-05
-5.7818	1.4361	5.1856e-05
-5.7818	1.5084	3.2164e-05
-5.7818	1.6529	1.2628e-05
-5.7818	1.7252	8.8778e-06
-5.7818	1.8697	1.0342e-05
-5.7818	2.0142	1.5499e-05
-5.7818	2.0865	5.6191e-05
-5.7818	2.1587	1.5238e-05
-5.7818	2.231	0.00025899
-5.7818	2.3032	0.00081489
-5.7818	2.3755	0.00068851
-5.7818	2.4477	0.00015428
-5.7341	-1.671	3.3323e-05
-5.7341	-1.5987	3.7504e-05
-5.7341	-1.5265	1.0198e-05
-5.7341	-0.44258	2.7324e-05
-5.7341	-0.37032	0.00026818
-5.7341	-0.29807	0.00047231
-5.7341	-0.2258	0.00021391
-5.7341	-0.15355	1.1459e-05
-5.7341	-0.081291	2.7003e-05
-5.7341	0.063226	9.1934e-06
-5.7341	0.56903	2.3342e-05
-5.7341	0.64129	1.5532e-05
-5.7341	0.71355	5.5062e-05
-5.7341	0.7858	0.00012244
-5.7341	0.85806	0.0001423
-5.7341	0.93032	0.0020223
-5.7341	1.0026	0.0044812
-5.7341	1.0748	0.0031086
-5.7341	1.1471	0.00048411
-5.7341	1.2194	0.00012308
-5.7341	1.2916	0.00018234
-5.7341	1.3639	1.7912e-05
-5.7341	1.4361	8.7723e-05
-5.7341	1.5084	3.1509e-05
-5.7341	1.5806	1.9665e-05
-5.7341	1.6529	3.6774e-05
-5.7341	1.7974	8.8564e-06
-5.7341	2.0142	1.1153e-05
-5.7341	2.0865	1.2565e-05
-5.7341	2.231	0.0001334
-5.7341	2.3032	0.00037485
-5.7341	2.3755	0.00032561
-5.7341	2.4477	7.4071e-05
-5.6865	-1.671	1.9987e-05
-5.6865	-1.5987	2.3642e-05
-5.6865	-0.44258	2.7464e-05
-5.6865	-0.37032	0.0002446
-5.6865	-0.29807	0.00044524
-5.6865	-0.2258	0.00020663
-5.6865	-0.15355	1.3466e-05
-5.6865	-0.081291	5.0179e-05
-5.6865	-0.0090323	9.0278e-06
-5.6865	0.063226	2.595e-05
-5.6865	0.13549	1.2658e-05
-5.6865	0.20774	1.24e-05
-5.6865	0.28	2.0072e-05
-5.6865	0.42451	9.7464e-06
-5.6865	0.71355	2.7849e-05
-5.6865	0.7858	4.832e-05
-5.6865	0.85806	0.00013261
-5.6865	0.93032	0.0016104
-5.6865	1.0026	0.0035024
-5.6865	1.0748	0.0023165
-5.6865	1.1471	0.00028815
-5.6865	1.2194	0.0001534
-5.6865	1.2916	0.00014787
-5.6865	1.3639	2.3311e-05
-5.6865	1.4361	8.9931e-05
-5.6865	1.5084	1.9805e-05
-5.6865	1.5806	4.3229e-05
-5.6865	1.6529	4.6547e-05
-5.6865	1.7974	1.186e-05
-5.6865	2.231	2.0804e-05
-5.6865	2.3032	4.8003e-05
-5.6865	2.3755	4.7446e-05
-5.6865	2.4477	1.2742e-05
-5.6388	-1.671	8.4868e-06
-5.6388	-1.5987	8.5383e-06
-5.6388	-0.44258	3.5492e-05
-5.6388	-0.37032	0.00019852
-5.6388	-0.29807	0.00028209
-5.6388	-0.2258	0.0001102
-5.6388	-0.15355	1.0035e-05
-5.6388	-0.081291	4.1343e-05
-5.6388	0.063226	3.0889e-05
-5.6388	0.13549	1.3279e-05
-5.6388	0.20774	2.0693e-05
-5.6388	0.28	2.4368e-05
-5.6388	0.35226	1.5828e-05
-5.6388	0.42451	4.397e-05
-5.6388	0.56903	1.9791e-05
-5.6388	0.64129	8.4784e-06
-5.6388	0.85806	3.2448e-05
-5.6388	0.93032	0.00042472
-5.6388	1.0026	0.0011344
-5.6388	1.0748	0.00084907
-5.6388	1.1471	9.5772e-05
-5.6388	1.2194	0.00011002
-5.6388	1.2916	7.7249e-05
-5.6388	1.3639	2.4627e-05
-5.6388	1.4361	5.9681e-05
-5.6388	1.5084	1.1474e-05
-5.6388	1.5806	4.7092e-05
-5.6388	1.6529	3.3641e-05
-5.6388	1.7252	1.5658e-05
-5.6388	1.7974	1.5713e-05
-5.6388	2.0865	8.504e-06
-5.6388	2.231	4.2131e-05
-5.6388	2.3032	7.0687e-05
-5.6388	2.3755	3.3698e-05
-5.5912	-1.7432	9.6712e-06
-5.5912	-1.671	2.0123e-05
-5.5912	-1.5987	1.1478e-05
-5.5912	-0.5871	1.619e-05
-5.5912	-0.44258	0.00012254
-5.5912	-0.37032	0.00049335
-5.5912	-0.29807	0.00049565
-5.5912	-0.2258	0.00012287
-5.5912	-0.15355	1.1017e-05
-5.5912	-0.081291	3.0756e-05
-5.5912	0.063226	2.1566e-05
-5.5912	0.20774	1.6949e-05
-5.5912	0.28	1.4371e-05
-5.5912	0.35226	2.4176e-05
-5.5912	0.42451	5.4399e-05
-5.5912	0.49677	1.2558e-05
-5.5912	0.56903	7.0618e-05
-5.5912	0.64129	1.9193e-05
-5.5912	0.71355	6.683e-05
-5.5912	0.7858	5.2881e-05
-5.5912	0.85806	7.4069e-05
-5.5912	0.93032	0.00029548
-5.5912	1.0026	0.00020021
-5.5912	1.0748	7.1855e-05
-5.5912	1.1471	1.131e-05
-5.5912	1.2194	2.5917e-05
-5.5912	1.2916	2.0341e-05
-5.5912	1.3639	1.1134e-05
-5.5912	1.4361	2.1418e-05
-5.5912	1.5806	2.357e-05
-5.5912	1.6529	1.6313e-05
-5.5912	1.7252	2.7593e-05
-5.5912	1.7974	1.3975e-05
-5.5912	1.8697	1.556e-05
-5.5912	1.9419	9.4496e-06
-5.5912	2.0142	1.4361e-05
-5.5912	2.0865	2.0982e-05
-5.5912	2.1587	2.2288e-05
-5.5912	2.231	0.00019657
-5.5912	2.3032	0.00030812
-5.5912	2.3755	0.00014976
-5.5912	2.4477	1.5481e-05
-5.5435	-1.7432	1.7907e-05
-5.5435	-1.671	3.7819e-05
-5.5435	-1.5987	2.1387e-05
-5.5435	-0.5871	2.0138e-05
-5.5435	-0.51484	8.9479e-06
-5.5435	-0.44258	0.00026154
-5.5435	-0.37032	0.00099332
-5.5435	-0.29807	0.0009787
-5.5435	-0.2258	0.00021278
-5.5435	-0.15355	3.3245e-05
-5.5435	-0.081291	5.9007e-05
-5.5435	0.063226	2.9633e-05
-5.5435	0.20774	1.9897e-05
-5.5435	0.28	1.6506e-05
-5.5435	0.35226	1.4463e-05
-5.5435	0.42451	2.472e-05
-5.5435	0.49677	1.7101e-05
-5.5435	0.56903	8.3199e-05
-5.5435	0.64129	1.8859e-05
-5.5435	0.71355	0.00016004
-5.5435	0.7858	9.6981e-05
-5.5435	0.85806	0.00043734
-5.5435	0.93032	0.0019589
-5.5435	1.0026	0.0017871
-5.5435	1.0748	0.00038125
-5.5435	1.1471	1.3606e-05
-5.5435	1.2194	2.0745e-05
-5.5435	1.7252	1.7842e-05
-5.5435	1.8697	2.1767e-05
-5.5435	2.0142	2.8768e-05
-5.5435	2.0865	2.9533e-05
-5.5435	2.1587	5.6595e-05
-5.5435	2.231	0.0004026
-5.5435	2.3032	0.000556
-5.5435	2.3755	0.00024291
-5.5435	2.4477	2.0003e-05
-5.496	-1.7432	1.4336e-05
-5.496	-1.671	3.1708e-05
-5.496	-1.5987	1.8576e-05
-5.496	-0.5871	1.1455e-05
-5.496	-0.51484	8.4097e-06
-5.496	-0.44258	0.00027903
-5.496	-0.37032	0.0010462
-5.496	-0.29807	0.0010496
-5.496	-0.2258	0.00020881
-5.496	-0.15355	6.9543e-05
-5.496	-0.081291	9.3876e-05
-5.496	-0.0090323	1.6939e-05
-5.496	0.063226	6.4194e-05
-5.496	0.13549	9.8079e-06
-5.496	0.20774	5.6347e-05
-5.496	0.28	3.3371e-05
-5.496	0.42451	1.2101e-05
-5.496	0.49677	1.421e-05
-5.496	0.56903	4.6975e-05
-5.496	0.64129	1.392e-05
-5.496	0.71355	0.00015388
-5.496	0.7858	7.2599e-05
-5.496	0.85806	0.00072969
-5.496	0.93032	0.0032066
-5.496	1.0026	0.0032436
-5.496	1.0748	0.00077888
-5.496	1.1471	5.109e-05
-5.496	1.2194	0.00010809
-5.496	1.2916	9.749e-06
-5.496	1.3639	3.3125e-05
-5.496	1.5084	9.9271e-06
-5.496	1.8697	1.1079e-05
-5.496	2.0142	2.8426e-05
-5.496	2.0865	2.1873e-05
-5.496	2.1587	8.1619e-05
-5.496	2.231	0.00048618
-5.496	2.3032	0.00061882
-5.496	2.3755	0.00024167
-5.496	2.4477	1.4781e-05
-5.4482	-1.671	1.1399e-05
-5.4482	-0.44258	0.0001406
-5.4482	-0.37032	0.00054104
-5.4482	-0.29807	0.00057436
-5.4482	-0.2258	0.00010738
-5.4482	-0.15355	7.3367e-05
-5.4482	-0.081291	8.1442e-05
-5.4482	-0.0090323	2.5936e-05
-5.4482	0.063226	8.114e-05
-5.4482	0.13549	1.5582e-05
-5.4482	0.20774	9.8985e-05
-5.4482	0.28	3.742e-05
-5.4482	0.35226	3.9343e-05
-5.4482	0.42451	4.1011e-05
-5.4482	0.49677	1.7913e-05
-5.4482	0.56903	4.6006e-05
-5.4482	0.64129	1.4196e-05
-5.4482	0.71355	0.00010793
-5.4482	0.7858	3.6342e-05
-5.4482	0.85806	0.00059286
-5.4482	0.93032	0.0024155
-5.4482	1.0026	0.002491
-5.4482	1.0748	0.00058441
-5.4482	1.1471	7.8115e-05
-5.4482	1.2194	0.00015067
-5.4482	1.2916	1.6893e-05
-5.4482	1.3639	7.0873e-05
-5.4482	1.4361	1.2027e-05
-5.4482	1.5084	3.2448e-05
-5.4482	1.5806	1.9923e-05
-5.4482	1.6529	9.7724e-06
-5.4482	1.7252	1.1803e-05
-5.4482	2.0142	8.9411e-06
-5.4482	2.1587	5.5253e-05
-5.4482	2.231	0.00030775
-5.4482	2.3032	0.00039627
-5.4482	2.3755	0.00014741
-5.4007	-1.7432	1.132e-05
-5.4007	-1.671	1.1134e-05
-5.4007	-0.5871	8.4048e-06
-5.4007	-0.51484	1.1124e-05
-5.4007	-0.44258	0.0001349
-5.4007	-0.37032	0.00029099
-5.4007	-0.29807	0.00022393
-5.4007	-0.2258	3.5081e-05
-5.4007	-0.15355	3.7813e-05
-5.4007	-0.081291	4.0156e-05
-5.4007	-0.0090323	1.8617e-05
-5.4007	0.063226	5.4173e-05
-5.4007	0.13549	1.6596e-05
-5.4007	0.20774	8.9237e-05
-5.4007	0.28	2.2751e-05
-5.4007	0.35226	8.2427e-05
-5.4007	0.42451	5.7959e-05
-5.4007	0.49677	5.3958e-05
-5.4007	0.56903	9.9044e-05
-5.4007	0.64129	4.2651e-05
-5.4007	0.71355	0.00020964
-5.4007	0.7858	5.508e-05
-5.4007	0.85806	0.00090688
-5.4007	0.93032	0.0022581
-5.4007	1.0026	0.0016475
-5.4007	1.0748	0.00028623
-5.4007	1.1471	6.5491e-05
-5.4007	1.2194	0.00010053
-5.4007	1.2916	1.5528e-05
-5.4007	1.3639	6.6553e-05
-5.4007	1.4361	1.0483e-05
-5.4007	1.5084	4.0271e-05
-5.4007	1.5806	1.579e-05
-5.4007	1.6529	3.0015e-05
-5.4007	1.7252	3.2349e-05
-5.4007	1.8697	1.6915e-05
-5.4007	2.231	5.2589e-05
-5.4007	2.3032	9.1289e-05
-5.4007	2.3755	4.047e-05
-5.353	-1.7432	2.8649e-05
-5.353	-1.671	2.9473e-05
-5.353	-0.65936	8.6909e-06
-5.353	-0.5871	1.5365e-05
-5.353	-0.51484	4.3248e-05
-5.353	-0.44258	0.00043577
-5.353	-0.37032	0.00076867
-5.353	-0.29807	0.0003813
-5.353	-0.2258	2.8663e-05
-5.353	-0.15355	3.5609e-05
-5.353	-0.081291	2.2504e-05
-5.353	0.063226	2.4675e-05
-5.353	0.13549	8.3087e-06
-5.353	0.20774	3.777e-05
-5.353	0.28	9.8878e-06
-5.353	0.35226	6.5781e-05
-5.353	0.42451	3.3535e-05
-5.353	0.49677	8.8598e-05
-5.353	0.56903	0.00011357
-5.353	0.64129	0.00010689
-5.353	0.71355	0.00038666
-5.353	0.7858	0.00016256
-5.353	0.85806	0.0027195
-5.353	0.93032	0.0056161
-5.353	1.0026	0.0031948
-5.353	1.0748	0.00035844
-5.353	1.1471	9.2659e-05
-5.353	1.2194	8.118e-05
-5.353	1.2916	1.321e-05
-5.353	1.3639	4.3271e-05
-5.353	1.5084	2.771e-05
-5.353	1.5806	8.2673e-06
-5.353	1.6529	3.4748e-05
-5.353	1.7252	2.7903e-05
-5.353	1.7974	1.6255e-05
-5.353	1.8697	3.8569e-05
-5.353	2.0142	3.7796e-05
-5.353	2.0865	1.0133e-05
-5.353	2.1587	5.1345e-05
-5.353	2.231	0.0001002
-5.353	2.3032	3.9042e-05
-5.3054	-1.7432	2.8173e-05
-5.3054	-1.671	3.1391e-05
-5.3054	-0.5871	1.0937e-05
-5.3054	-0.51484	7.199e-05
-5.3054	-0.44258	0.00066502
-5.3054	-0.37032	0.0012155
-5.3054	-0.29807	0.00059369
-5.3054	-0.2258	3.6271e-05
-5.3054	-0.15355	9.5014e-05
-5.3054	-0.081291	2.843e-05
-5.3054	-0.0090323	2.9776e-05
-5.3054	0.063226	3.1626e-05
-5.3054	0.20774	1.9506e-05
-5.3054	0.35226	1.4441e-05
-5.3054	0.49677	6.0337e-05
-5.3054	0.56903	5.627e-05
-5.3054	0.64129	0.00013319
-5.3054	0.71355	0.00036129
-5.3054	0.7858	0.00031171
-5.3054	0.85806	0.0046064
-5.3054	0.93032	0.0093517
-5.3054	1.0026	0.005274
-5.3054	1.0748	0.00050081
-5.3054	1.1471	0.00025396
-5.3054	1.2194	0.00014611
-5.3054	1.2916	3.6742e-05
-5.3054	1.3639	6.6059e-05
-5.3054	1.4361	8.1917e-06
-5.3054	1.5084	4.1637e-05
-5.3054	1.5806	1.4134e-05
-5.3054	1.6529	1.419e-05
-5.3054	1.7252	8.5207e-06
-5.3054	1.7974	2.0297e-05
-5.3054	1.8697	3.3197e-05
-5.3054	1.9419	1.1184e-05
-5.3054	2.0142	6.3554e-05
-5.3054	2.0865	1.5694e-05
-5.3054	2.1587	0.00018955
-5.3054	2.231	0.00042248
-5.3054	2.3032	0.00022634
-5.3054	2.3755	2.4446e-05
-5.2577	-1.7432	8.2311e-06
-5.2577	-1.671	1.1356e-05
-5.2577	-0.51484	4.9061e-05
-5.2577	-0.44258	0.00043911
-5.2577	-0.37032	0.00086088
-5.2577	-0.29807	0.00042895
-5.2577	-0.2258	3.0792e-05
-5.2577	-0.15355	0.00012585
-5.2577	-0.081291	2.6547e-05
-5.2577	-0.0090323	7.3539e-05
-5.2577	0.063226	4.9173e-05
-5.2577	0.13549	2.2476e-05
-5.2577	0.20774	4.9728e-05
-5.2577	0.28	1.3443e-05
-5.2577	0.35226	2.8605e-05
-5.2577	0.42451	8.5604e-06
-5.2577	0.49677	1.2476e-05
-5.2577	0.56903	9.1912e-06
-5.2577	0.64129	7.0243e-05
-5.2577	0.71355	0.00014793
-5.2577	0.7858	0.00030273
-5.2577	0.85806	0.0039018
-5.2577	0.93032	0.008087
-5.2577	1.0026	0.0046409
-5.2577	1.0748	0.00038383
-5.2577	1.1471	0.00040747
-5.2577	1.2194	0.00018273
-5.2577	1.2916	8.9863e-05
-5.2577	1.3639	0.00011671
-5.2577	1.4361	2.5252e-05
-5.2577	1.5084	9.997e-05
-5.2577	1.5806	2.1399e-05
-5.2577	1.6529	1.4253e-05
-5.2577	1.7974	1.3771e-05
-5.2577	1.8697	1.5627e-05
-5.2577	1.9419	1.1302e-05
-5.2577	2.0142	4.7619e-05
-5.2577	2.0865	1.3892e-05
-5.2577	2.1587	0.00024036
-5.2577	2.231	0.00054311
-5.2577	2.3032	0.00031554
-5.2577	2.3755	3.53e-05
-5.2101	-1.7432	8.1046e-06
-5.2101	-0.51484	3.3178e-05
-5.2101	-0.44258	0.00016867
-5.2101	-0.37032	0.00028092
-5.2101	-0.29807	0.00013873
-5.2101	-0.2258	1.5467e-05
-5.2101	-0.15355	7.2819e-05
-5.2101	-0.081291	1.3677e-05
-5.2101	-0.0090323	7.6811e-05
-5.2101	0.063226	4.0763e-05
-5.2101	0.13549	4.0738e-05
-5.2101	0.20774	6.2918e-05
-5.2101	0.28	3.1589e-05
-5.2101	0.35226	0.00010073
-5.2101	0.42451	1.7064e-05
-5.2101	0.49677	4.7169e-05
-5.2101	0.56903	1.7107e-05
-5.2101	0.64129	5.0122e-05
-5.2101	0.71355	4.9307e-05
-5.2101	0.7858	0.00016673
-5.2101	0.85806	0.0016585
-5.2101	0.93032	0.0034852
-5.2101	1.0026	0.002096
-5.2101	1.0748	0.00016311
-5.2101	1.1471	0.00033054
-5.2101	1.2194	0.00012689
-5.2101	1.2916	0.00011028
-5.2101	1.3639	0.00011687
-5.2101	1.4361	4.6929e-05
-5.2101	1.5084	0.00013459
-5.2101	1.5806	1.9361e-05
-5.2101	1.6529	5.8829e-05
-5.2101	1.7252	1.9921e-05
-5.2101	1.7974	2.3515e-05
-5.2101	1.8697	1.9321e-05
-5.2101	1.9419	1.4e-05
-5.2101	2.0142	3.4841e-05
-5.2101	2.0865	1.1557e-05
-5.2101	2.1587	0.00017503
-5.2101	2.231	0.00035584
-5.2101	2.3032	0.00020255
-5.2101	2.3755	2.0491e-05
-5.1624	-1.8155	2.0819e-05
-5.1624	-1.7432	4.1618e-05
-5.1624	-1.671	2.2303e-05
-5.1624	-0.65936	1.8849e-05
-5.1624	-0.51484	0.00014207
-5.1624	-0.44258	0.00048851
-5.1624	-0.37032	0.00042186
-5.1624	-0.29807	9.2395e-05
-5.1624	-0.15355	2.3669e-05
-5.1624	-0.0090323	3.2888e-05
-5.1624	0.063226	1.7403e-05
-5.1624	0.13549	2.6351e-05
-5.1624	0.20774	3.3085e-05
-5.1624	0.28	3.9848e-05
-5.1624	0.35226	0.00011311
-5.1624	0.42451	2.0672e-05
-5.1624	0.49677	0.00012565
-5.1624	0.56903	3.481e-05
-5.1624	0.64129	0.00019413
-5.1624	0.71355	0.00013039
-5.1624	0.7858	0.00048423
-5.1624	0.85806	0.0023134
-5.1624	0.93032	0.0025438
-5.1624	1.0026	0.00094199
-5.1624	1.0748	5.5093e-05
-5.1624	1.1471	0.000148
-5.1624	1.2194	5.6842e-05
-5.1624	1.2916	6.1271e-05
-5.1624	1.3639	6.5746e-05
-5.1624	1.4361	4.2202e-05
-5.1624	1.5084	9.3239e-05
-5.1624	1.5806	1.5614e-05
-5.1624	1.6529	8.6249e-05
-5.1624	1.7252	2.0062e-05
-5.1624	1.7974	5.7251e-05
-5.1624	1.8697	3.3232e-05
-5.1624	1.9419	4.1656e-05
-5.1624	2.0142	6.6777e-05
-5.1624	2.0865	3.7134e-05
-5.1624	2.1587	0.0003184
-5.1624	2.231	0.0004028
-5.1624	2.3032	0.00015122
-5.1624	2.3755	9.8288e-06
-5.1149	-1.8155	3.0012e-05
-5.1149	-1.7432	6.2937e-05
-5.1149	-1.671	3.5998e-05
-5.1149	-0.65936	1.9245e-05
-5.1149	-0.5871	9.8615e-06
-5.1149	-0.51484	0.0002826
-5.1149	-0.44258	0.0010135
-5.1149	-0.37032	0.00093422
-5.1149	-0.29807	0.0001789
-5.1149	-0.2258	3.7066e-05
-5.1149	-0.15355	5.0995e-05
-5.1149	-0.0090323	1.4962e-05
-5.1149	0.13549	9.6385e-06
-5.1149	0.20774	8.4016e-06
-5.1149	0.28	1.7178e-05
-5.1149	0.35226	4.5941e-05
-5.1149	0.42451	1.7414e-05
-5.1149	0.49677	0.0001132
-5.1149	0.56903	3.1078e-05
-5.1149	0.64129	0.00031765
-5.1149	0.71355	0.00016999
-5.1149	0.7858	0.0013929
-5.1149	0.85806	0.006156
-5.1149	0.93032	0.0062349
-5.1149	1.0026	0.0016755
-5.1149	1.0748	6.9001e-05
-5.1149	1.1471	0.0001773
-5.1149	1.2194	3.6085e-05
-5.1149	1.2916	3.4082e-05
-5.1149	1.3639	3.4526e-05
-5.1149	1.4361	1.3459e-05
-5.1149	1.5084	3.3399e-05
-5.1149	1.5806	1.0141e-05
-5.1149	1.6529	4.8987e-05
-5.1149	1.7252	1.0472e-05
-5.1149	1.7974	6.7911e-05
-5.1149	1.8697	2.8055e-05
-5.1149	1.9419	7.9479e-05
-5.1149	2.0142	9.4622e-05
-5.1149	2.0865	0.00011655
-5.1149	2.1587	0.00080311
-5.1149	2.231	0.00092044
-5.1149	2.3032	0.00029049
-5.1149	2.3755	1.2358e-05
-5.1149	2.4477	8.9655e-06
-5.0672	-1.8155	1.7424e-05
-5.0672	-1.7432	3.9404e-05
-5.0672	-1.671	2.3881e-05
-5.0672	-0.51484	0.00020705
-5.0672	-0.44258	0.00081303
-5.0672	-0.37032	0.00081504
-5.0672	-0.29807	0.00014465
-5.0672	-0.2258	7.9191e-05
-5.0672	-0.15355	8.3889e-05
-5.0672	-0.081291	1.8352e-05
-5.0672	-0.0090323	4.7631e-05
-5.0672	0.063226	8.8129e-06
-5.0672	0.13549	4.3842e-05
-5.0672	0.20774	1.3377e-05
-5.0672	0.28	9.8691e-06
-5.0672	0.35226	8.8502e-06
-5.0672	0.49677	3.308e-05
-5.0672	0.56903	1.6878e-05
-5.0672	0.64129	0.00020757
-5.0672	0.71355	9.4221e-05
-5.0672	0.7858	0.0017156
-5.0672	0.85806	0.0074202
-5.0672	0.93032	0.0078529
-5.0672	1.0026	0.0020245
-5.0672	1.0748	0.00014585
-5.0672	1.1471	0.00036137
-5.0672	1.2194	4.2269e-05
-5.0672	1.2916	0.00011431
-5.0672	1.3639	4.2467e-05
-5.0672	1.4361	1.6638e-05
-5.0672	1.5084	2.8113e-05
-5.0672	1.6529	8.6968e-06
-5.0672	1.7974	3.1927e-05
-5.0672	1.8697	1.0403e-05
-5.0672	1.9419	7.258e-05
-5.0672	2.0142	6.6029e-05
-5.0672	2.0865	0.00018295
-5.0672	2.1587	0.0011002
-5.0672	2.231	0.0012643
-5.0672	2.3032	0.0003917
-5.0672	2.3755	1.4175e-05
-5.0672	2.4477	1.9711e-05
-5.0196	-1.7432	1.1341e-05
-5.0196	-0.51484	3.7329e-05
-5.0196	-0.44258	0.0001765
-5.0196	-0.37032	0.00022053
-5.0196	-0.29807	3.8067e-05
-5.0196	-0.2258	6.2018e-05
-5.0196	-0.15355	5.1524e-05
-5.0196	-0.081291	2.9416e-05
-5.0196	-0.0090323	6.3244e-05
-5.0196	0.063226	1.7379e-05
-5.0196	0.13549	9.1594e-05
-5.0196	0.20774	1.9985e-05
-5.0196	0.28	6.8251e-05
-5.0196	0.35226	4.0616e-05
-5.0196	0.42451	2.1313e-05
-5.0196	0.49677	3.4081e-05
-5.0196	0.56903	1.4403e-05
-5.0196	0.64129	7.4919e-05
-5.0196	0.71355	2.7641e-05
-5.0196	0.7858	0.00086833
-5.0196	0.85806	0.003839
-5.0196	0.93032	0.0044175
-5.0196	1.0026	0.0011313
-5.0196	1.0748	0.00017387
-5.0196	1.1471	0.00035873
-5.0196	1.2194	4.5518e-05
-5.0196	1.2916	0.00020335
-5.0196	1.3639	4.7263e-05
-5.0196	1.4361	6.5249e-05
-5.0196	1.5084	5.1317e-05
-5.0196	1.5806	2.2395e-05
-5.0196	1.6529	3.2579e-05
-5.0196	1.9419	2.784e-05
-5.0196	2.0142	1.9445e-05
-5.0196	2.0865	0.00013385
-5.0196	2.1587	0.00075071
-5.0196	2.231	0.00089815
-5.0196	2.3032	0.00027965
-5.0196	2.3755	1.0531e-05
-5.0196	2.4477	2.4164e-05
-4.9719	-1.8155	2.5091e-05
-4.9719	-1.7432	2.4939e-05
-4.9719	-0.73162	9.0018e-06
-4.9719	-0.65936	1.6604e-05
-4.9719	-0.5871	2.8706e-05
-4.9719	-0.51484	0.00027292
-4.9719	-0.44258	0.00040989
-4.9719	-0.37032	0.00017132
-4.9719	-0.29807	1.1959e-05
-4.9719	-0.2258	1.5777e-05
-4.9719	-0.15355	9.9232e-06
-4.9719	-0.081291	1.8386e-05
-4.9719	-0.0090323	3.3549e-05
-4.9719	0.063226	1.7844e-05
-4.9719	0.13549	7.3716e-05
-4.9719	0.20774	1.5652e-05
-4.9719	0.28	0.000123
-4.9719	0.35226	6.0842e-05
-4.9719	0.42451	7.8283e-05
-4.9719	0.49677	0.0001097
-4.9719	0.56903	6.2311e-05
-4.9719	0.64129	0.00021746
-4.9719	0.71355	5.9187e-05
-4.9719	0.7858	0.00082824
-4.9719	0.85806	0.0017668
-4.9719	0.93032	0.0013821
-4.9719	1.0026	0.00030592
-4.9719	1.0748	8.496e-05
-4.9719	1.1471	0.00015666
-4.9719	1.2194	3.3187e-05
-4.9719	1.2916	0.00016217
-4.9719	1.3639	3.0726e-05
-4.9719	1.4361	8.3445e-05
-4.9719	1.5084	4.4079e-05
-4.9719	1.5806	5.851e-05
-4.9719	1.6529	7.3683e-05
-4.9719	1.7252	1.0366e-05
-4.9719	1.7974	3.6604e-05
-4.9719	1.9419	3.0981e-05
-4.9719	2.0142	9.2064e-06
-4.9719	2.0865	7.4849e-05
-4.9719	2.1587	0.00029758
-4.9719	2.231	0.00033654
-4.9719	2.3032	0.00010562
-4.9719	2.4477	1.5337e-05
-4.9243	-1.8877	1.0061e-05
-4.9243	-1.8155	4.7732e-05
-4.9243	-1.7432	5.1539e-05
-4.9243	-1.671	1.3492e-05
-4.9243	-0.73162	1.5446e-05
-4.9243	-0.65936	2.2471e-05
-4.9243	-0.5871	9.5621e-05
-4.9243	-0.51484	0.00088214
-4.9243	-0.44258	0.0015307
-4.9243	-0.37032	0.00073231
-4.9243	-0.29807	4.5638e-05
-4.9243	-0.2258	6.2489e-05
-4.9243	-0.15355	2.2069e-05
-4.9243	-0.081291	1.1102e-05
-4.9243	-0.0090323	1.9529e-05
-4.9243	0.13549	2.2058e-05
-4.9243	0.20774	1.2119e-05
-4.9243	0.28	8.0061e-05
-4.9243	0.35226	3.3569e-05
-4.9243	0.42451	0.00010226
-4.9243	0.49677	0.00011648
-4.9243	0.56903	0.00013838
-4.9243	0.64129	0.00041908
-4.9243	0.71355	0.00021375
-4.9243	0.7858	0.0030598
-4.9243	0.85806	0.0056068
-4.9243	0.93032	0.0027995
-4.9243	1.0026	0.00027479
-4.9243	1.0748	6.6897e-05
-4.9243	1.1471	5.9145e-05
-4.9243	1.2194	1.0611e-05
-4.9243	1.2916	5.4783e-05
-4.9243	1.3639	1.1469e-05
-4.9243	1.4361	3.87e-05
-4.9243	1.5084	1.6112e-05
-4.9243	1.5806	5.7837e-05
-4.9243	1.6529	5.9596e-05
-4.9243	1.7252	2.2555e-05
-4.9243	1.7974	6.5582e-05
-4.9243	1.8697	1.5026e-05
-4.9243	1.9419	9.4566e-05
-4.9243	2.0142	2.391e-05
-4.9243	2.0865	0.00024699
-4.9243	2.1587	0.00056665
-4.9243	2.231	0.00034177
-4.9243	2.3032	5.8683e-05
-4.8766	-1.8155	3.3505e-05
-4.8766	-1.7432	4.0071e-05
-4.8766	-1.671	1.0662e-05
-4.8766	-0.73162	1.0027e-05
-4.8766	-0.65936	1.1394e-05
-4.8766	-0.5871	0.0001202
-4.8766	-0.51484	0.0010429
-4.8766	-0.44258	0.0019215
-4.8766	-0.37032	0.00095142
-4.8766	-0.29807	5.8176e-05
-4.8766	-0.2258	0.00017904
-4.8766	-0.15355	4.9923e-05
-4.8766	-0.081291	4.8787e-05
-4.8766	-0.0090323	4.6889e-05
-4.8766	0.063226	9.8594e-06
-4.8766	0.13549	3.2697e-05
-4.8766	0.20774	1.1219e-05
-4.8766	0.28	1.1879e-05
-4.8766	0.35226	9.2503e-06
-4.8766	0.42451	4.1487e-05
-4.8766	0.49677	4.4559e-05
-4.8766	0.56903	0.00011818
-4.8766	0.64129	0.00030977
-4.8766	0.71355	0.00033937
-4.8766	0.7858	0.0046154
-4.8766	0.85806	0.0090366
-4.8766	0.93032	0.0047972
-4.8766	1.0026	0.00039535
-4.8766	1.0748	0.00027127
-4.8766	1.1471	0.00012839
-4.8766	1.2194	2.6279e-05
-4.8766	1.2916	3.4033e-05
-4.8766	1.3639	8.8857e-06
-4.8766	1.4361	1.8735e-05
-4.8766	1.5806	1.6849e-05
-4.8766	1.6529	1.6254e-05
-4.8766	1.7252	1.9101e-05
-4.8766	1.7974	4.1987e-05
-4.8766	1.8697	2.0713e-05
-4.8766	1.9419	0.00011401
-4.8766	2.0142	3.277e-05
-4.8766	2.0865	0.00053882
-4.8766	2.1587	0.0012151
-4.8766	2.231	0.00071323
-4.8766	2.3032	9.3705e-05
-4.8766	2.4477	9.068e-06
-4.8291	-1.7432	8.5422e-06
-4.8291	-0.5871	5.645e-05
-4.8291	-0.51484	0.00049159
-4.8291	-0.44258	0.0010006
-4.8291	-0.37032	0.00051837
-4.8291	-0.29807	4.1816e-05
-4.8291	-0.2258	0.00019231
-4.8291	-0.15355	4.339e-05
-4.8291	-0.081291	9.0311e-05
-4.8291	-0.0090323	6.0578e-05
-4.8291	0.063226	4.3956e-05
-4.8291	0.13549	8.5223e-05
-4.8291	0.20774	2.1038e-05
-4.8291	0.28	5.0873e-05
-4.8291	0.35226	1.3128e-05
-4.8291	0.42451	1.3843e-05
-4.8291	0.49677	9.6757e-06
-4.8291	0.56903	2.0515e-05
-4.8291	0.64129	6.6006e-05
-4.8291	0.71355	0.00016662
-4.8291	0.7858	0.0024527
-4.8291	0.85806	0.0055191
-4.8291	0.93032	0.0031854
-4.8291	1.0026	0.00023429
-4.8291	1.0748	0.00040936
-4.8291	1.1471	0.00014823
-4.8291	1.2194	9.09e-05
-4.8291	1.2916	8.0857e-05
-4.8291	1.3639	3.2171e-05
-4.8291	1.4361	7.3105e-05
-4.8291	1.5084	9.4436e-06
-4.8291	1.5806	1.945e-05
-4.8291	1.7974	8.4289e-06
-4.8291	1.8697	1.3084e-05
-4.8291	1.9419	5.4308e-05
-4.8291	2.0142	2.6383e-05
-4.8291	2.0865	0.00050957
-4.8291	2.1587	0.0011718
-4.8291	2.231	0.00071718
-4.8291	2.3032	8.5669e-05
-4.8291	2.3755	1.6857e-05
-4.8291	2.4477	1.3711e-05
-4.7814	-1.8155	1.4817e-05
-4.7814	-0.73162	1.3718e-05
-4.7814	-0.5871	7.134e-05
-4.7814	-0.51484	0.00027613
-4.7814	-0.44258	0.00032608
-4.7814	-0.37032	0.00013203
-4.7814	-0.29807	1.6377e-05
-4.7814	-0.2258	8.5862e-05
-4.7814	-0.15355	1.8282e-05
-4.7814	-0.081291	6.4767e-05
-4.7814	-0.0090323	3.4947e-05
-4.7814	0.063226	5.9191e-05
-4.7814	0.13549	8.02e-05
-4.7814	0.20774	4.7332e-05
-4.7814	0.28	0.00013791
-4.7814	0.35226	2.5982e-05
-4.7814	0.42451	0.00011894
-4.7814	0.49677	3.3441e-05
-4.7814	0.56903	0.00010667
-4.7814	0.64129	7.2151e-05
-4.7814	0.71355	0.00011457
-4.7814	0.7858	0.00055439
-4.7814	0.85806	0.00094289
-4.7814	0.93032	0.00059781
-4.7814	1.0026	5.1494e-05
-4.7814	1.0748	0.00022056
-4.7814	1.1471	6.2341e-05
-4.7814	1.2194	0.0001092
-4.7814	1.2916	7.7917e-05
-4.7814	1.3639	5.8376e-05
-4.7814	1.4361	0.00010934
-4.7814	1.5084	1.8658e-05
-4.7814	1.5806	8.6377e-05
-4.7814	1.6529	1.8206e-05
-4.7814	1.7252	2.8672e-05
-4.7814	1.7974	1.551e-05
-4.7814	1.8697	1.42e-05
-4.7814	1.9419	2.2168e-05
-4.7814	2.0142	1.3353e-05
-4.7814	2.0865	0.00020515
-4.7814	2.1587	0.00048303
-4.7814	2.231	0.00032023
-4.7814	2.3032	3.6253e-05
-4.7814	2.3755	1.5795e-05
-4.7814	2.4477	1.0075e-05
-4.7338	-1.8877	1.695e-05
-4.7338	-1.8155	3.9374e-05
-4.7338	-1.7432	2.3312e-05
-4.7338	-0.73162	2.7216e-05
-4.7338	-0.65936	1.1724e-05
-4.7338	-0.5871	0.00029415
-4.7338	-0.51484	0.0010435
-4.7338	-0.44258	0.00093449
-4.7338	-0.37032	0.00019187
-4.7338	-0.29807	1.9177e-05
-4.7338	-0.2258	4.0354e-05
-4.7338	-0.081291	2.1389e-05
-4.7338	-0.0090323	1.0308e-05
-4.7338	0.063226	2.5009e-05
-4.7338	0.13549	2.6455e-05
-4.7338	0.20774	5.092e-05
-4.7338	0.28	0.0001196
-4.7338	0.35226	3.4945e-05
-4.7338	0.42451	0.00021064
-4.7338	0.49677	5.1475e-05
-4.7338	0.56903	0.00040386
-4.7338	0.64129	0.00022601
-4.7338	0.71355	0.0011732
-4.7338	0.7858	0.0048816
-4.7338	0.85806	0.0043691
-4.7338	0.93032	0.0010519
-4.7338	1.0026	3.1135e-05
-4.7338	1.0748	6.2055e-05
-4.7338	1.1471	1.2064e-05
-4.7338	1.2194	4.9259e-05
-4.7338	1.2916	3.4613e-05
-4.7338	1.3639	4.2721e-05
-4.7338	1.4361	6.3236e-05
-4.7338	1.5084	2.6189e-05
-4.7338	1.5806	0.00011266
-4.7338	1.6529	2.0382e-05
-4.7338	1.7252	7.3801e-05
-4.7338	1.7974	3.49e-05
-4.7338	1.8697	5.4812e-05
-4.7338	1.9419	6.7347e-05
-4.7338	2.0142	4.5292e-05
-4.7338	2.0865	0.00029273
-4.7338	2.1587	0.00030998
-4.7338	2.231	0.00011246
-4.7338	2.3032	8.9807e-06
-4.6861	-1.8155	2.1047e-05
-4.6861	-1.7432	1.5847e-05
-4.6861	-0.73162	1.9051e-05
-4.6861	-0.65936	1.3582e-05
-4.6861	-0.5871	0.00043618
-4.6861	-0.51484	0.0016099
-4.6861	-0.44258	0.001564
-4.6861	-0.37032	0.00030847
-4.6861	-0.29807	8.003e-05
-4.6861	-0.2258	0.00010534
-4.6861	-0.15355	2.0406e-05
-4.6861	-0.081291	6.0697e-05
-4.6861	-0.0090323	1.0518e-05
-4.6861	0.063226	2.0119e-05
-4.6861	0.13549	1.3241e-05
-4.6861	0.20774	1.5401e-05
-4.6861	0.28	3.1753e-05
-4.6861	0.35226	2.6231e-05
-4.6861	0.42451	0.00013442
-4.6861	0.49677	4.3291e-05
-4.6861	0.56903	0.00049156
-4.6861	0.64129	0.00022293
-4.6861	0.71355	0.0027428
-4.6861	0.7858	0.011528
-4.6861	0.85806	0.01164
-4.6861	0.93032	0.0030529
-4.6861	1.0026	0.00012472
-4.6861	1.0748	0.00032108
-4.6861	1.1471	3.8356e-05
-4.6861	1.2194	5.309e-05
-4.6861	1.2916	3.2242e-05
-4.6861	1.3639	8.7835e-06
-4.6861	1.4361	1.9816e-05
-4.6861	1.5084	1.7844e-05
-4.6861	1.5806	5.1591e-05
-4.6861	1.6529	1.121e-05
-4.6861	1.7252	6.9286e-05
-4.6861	1.7974	2.7465e-05
-4.6861	1.8697	9.0605e-05
-4.6861	1.9419	9.4754e-05
-4.6861	2.0142	0.00014441
-4.6861	2.0865	0.00086776
-4.6861	2.1587	0.00090486
-4.6861	2.231	0.00025389
-4.6861	2.3032	9.5685e-06
-4.6385	-1.8877	2.0585e-05
-4.6385	-1.8155	1.4728e-05
-4.6385	-0.5871	0.00021038
-4.6385	-0.51484	0.00089615
-4.6385	-0.44258	0.00098231
-4.6385	-0.37032	0.0001861
-4.6385	-0.29807	0.00012135
-4.6385	-0.2258	0.00012846
-4.6385	-0.15355	4.6781e-05
-4.6385	-0.081291	0.00013446
-4.6385	-0.0090323	1.9541e-05
-4.6385	0.063226	9.6255e-05
-4.6385	0.13549	4.0952e-05
-4.6385	0.20774	2.2405e-05
-4.6385	0.28	2.3932e-05
-4.6385	0.35226	8.3483e-06
-4.6385	0.42451	3.0334e-05
-4.6385	0.49677	2.0916e-05
-4.6385	0.56903	0.00022348
-4.6385	0.64129	9.8168e-05
-4.6385	0.71355	0.0025342
-4.6385	0.7858	0.010697
-4.6385	0.85806	0.011533
-4.6385	0.93032	0.0030114
-4.6385	1.0026	0.0002519
-4.6385	1.0748	0.00064308
-4.6385	1.1471	6.4618e-05
-4.6385	1.2194	0.00017763
-4.6385	1.2916	5.7226e-05
-4.6385	1.3639	4.0238e-05
-4.6385	1.4361	4.8018e-05
-4.6385	1.5806	8.9779e-06
-4.6385	1.7252	1.795e-05
-4.6385	1.7974	8.4635e-06
-4.6385	1.8697	5.4076e-05
-4.6385	1.9419	5.0732e-05
-4.6385	2.0142	0.00017442
-4.6385	2.0865	0.0010128
-4.6385	2.1587	0.0011397
-4.6385	2.231	0.00033169
-4.6385	2.3032	1.1572e-05
-4.6385	2.3755	1.9825e-05
-4.5908	-2.1045	8.6711e-06
-4.5908	-1.96	2.6611e-05
-4.5908	-1.8877	0.00013827
-4.5908	-1.8155	0.00013984
-4.5908	-1.7432	3.5805e-05
-4.5908	-0.5871	4.2078e-05
-4.5908	-0.51484	0.00011195
-4.5908	-0.44258	0.00014655
-4.5908	-0.37032	3.076e-05
-4.5908	-0.29807	6.2758e-05
-4.5908	-0.2258	5.6967e-05
-4.5908	-0.15355	4.7444e-05
-4.5908	-0.081291	0.00011836
-4.5908	-0.0090323	2.1593e-05
-4.5908	0.063226	0.00014013
-4.5908	0.13549	4.3885e-05
-4.5908	0.20774	0.00010824
-4.5908	0.28	8.1892e-05
-4.5908	0.35226	3.9318e-05
-4.5908	0.42451	7.9922e-05
-4.5908	0.49677	2.206e-05
-4.5908	0.56903	0.0001076
-4.5908	0.64129	3.4013e-05
-4.5908	0.71355	0.00092266
-4.5908	0.7858	0.0039355
-4.5908	0.85806	0.0046998
-4.5908	0.93032	0.00125
-4.5908	1.0026	0.00023974
-4.5908	1.0748	0.00052186
-4.5908	1.1471	5.5578e-05
-4.5908	1.2194	0.00023467
-4.5908	1.2916	5.2158e-05
-4.5908	1.3639	0.00011469
-4.5908	1.4361	7.8319e-05
-4.5908	1.5084	3.7472e-05
-4.5908	1.5806	5.1307e-05
-4.5908	1.7252	1.5782e-05
-4.5908	1.9419	8.1148e-06
-4.5908	2.0142	5.4712e-05
-4.5908	2.0865	0.00038681
-4.5908	2.1587	0.00052174
-4.5908	2.231	0.00016312
-4.5908	2.3032	8.2067e-06
-4.5908	2.3755	2.1272e-05
-4.5432	-2.1045	1.1061e-05
-4.5432	-1.96	6.2963e-05
-4.5432	-1.8877	0.000312
-4.5432	-1.8155	0.0003418
-4.5432	-1.7432	9.5261e-05
-4.5432	-0.73162	1.6516e-05
-4.5432	-0.65936	3.7251e-05
-4.5432	-0.5871	0.00039987
-4.5432	-0.51484	0.00066569
-4.5432	-0.44258	0.00028139
-4.5432	-0.37032	1.4915e-05
-4.5432	-0.29807	1.6827e-05
-4.5432	-0.2258	8.3171e-06
-4.5432	-0.15355	1.644e-05
-4.5432	-0.081291	4.3734e-05
-4.5432	-0.0090323	1.1263e-05
-4.5432	0.063226	6.5517e-05
-4.5432	0.13549	1.9597e-05
-4.5432	0.20774	0.00014412
-4.5432	0.28	8.2604e-05
-4.5432	0.35226	0.00010826
-4.5432	0.42451	0.00016676
-4.5432	0.49677	0.00010323
-4.5432	0.56903	0.000393
-4.5432	0.64129	0.00013201
-4.5432	0.71355	0.001923
-4.5432	0.7858	0.0035664
-4.5432	0.85806	0.0020259
-4.5432	0.93032	0.00031873
-4.5432	1.0026	9.2022e-05
-4.5432	1.0748	0.00018327
-4.5432	1.1471	2.4997e-05
-4.5432	1.2194	0.00012397
-4.5432	1.2916	2.4334e-05
-4.5432	1.3639	0.00010691
-4.5432	1.4361	4.9163e-05
-4.5432	1.5084	8.3422e-05
-4.5432	1.5806	8.9613e-05
-4.5432	1.6529	2.74e-05
-4.5432	1.7252	7.5895e-05
-4.5432	1.7974	1.2892e-05
-4.5432	1.8697	6.9121e-05
-4.5432	1.9419	1.6459e-05
-4.5432	2.0142	9.0277e-05
-4.5432	2.0865	0.00017294
-4.5432	2.1587	0.00010324
-4.5432	2.231	2.3797e-05
-4.4955	-1.96	7.0768e-05
-4.4955	-1.8877	0.00033915
-4.4955	-1.8155	0.00038634
-4.4955	-1.7432	0.00010648
-4.4955	-1.5987	1.466e-05
-4.4955	-0.65936	5.3876e-05
-4.4955	-0.5871	0.00061296
-4.4955	-0.51484	0.0012627
-4.4955	-0.44258	0.00066743
-4.4955	-0.37032	4.1992e-05
-4.4955	-0.29807	9.187e-05
-4.4955	-0.2258	2.5056e-05
-4.4955	-0.15355	2.4623e-05
-4.4955	-0.081291	3.1351e-05
-4.4955	-0.0090323	1.2863e-05
-4.4955	0.063226	1.0069e-05
-4.4955	0.20774	5.8816e-05
-4.4955	0.28	2.7813e-05
-4.4955	0.35226	9.7714e-05
-4.4955	0.42451	0.00011849
-4.4955	0.49677	0.00018046
-4.4955	0.56903	0.00054603
-4.4955	0.64129	0.00040802
-4.4955	0.71355	0.005863
-4.4955	0.7858	0.0112
-4.4955	0.85806	0.0058559
-4.4955	0.93032	0.00054868
-4.4955	1.0026	0.00017783
-4.4955	1.0748	0.00011599
-4.4955	1.1471	2.2659e-05
-4.4955	1.2194	4.6e-05
-4.4955	1.3639	3.1424e-05
-4.4955	1.4361	1.1265e-05
-4.4955	1.5084	6.5293e-05
-4.4955	1.5806	5.3902e-05
-4.4955	1.6529	4.3351e-05
-4.4955	1.7252	9.4659e-05
-4.4955	1.7974	3.0677e-05
-4.4955	1.8697	0.00017339
-4.4955	1.9419	4.2245e-05
-4.4955	2.0142	0.0005522
-4.4955	2.0865	0.001173
-4.4955	2.1587	0.00062982
-4.4955	2.231	8.017e-05
-4.448	-1.96	2.7847e-05
-4.448	-1.8877	0.00015311
-4.448	-1.8155	0.00019902
-4.448	-1.7432	5.6147e-05
-4.448	-1.5987	1.3874e-05
-4.448	-0.94839	9.7143e-06
-4.448	-0.80387	1.7982e-05
-4.448	-0.65936	2.4899e-05
-4.448	-0.5871	0.00017784
-4.448	-0.51484	0.00046131
-4.448	-0.44258	0.00031591
-4.448	-0.37032	2.9854e-05
-4.448	-0.29807	0.00012478
-4.448	-0.2258	3.2561e-05
-4.448	-0.15355	8.0531e-05
-4.448	-0.081291	6.3683e-05
-4.448	-0.0090323	7.2492e-05
-4.448	0.063226	0.00010056
-4.448	0.13549	1.8631e-05
-4.448	0.20774	1.1135e-05
-4.448	0.35226	1.8808e-05
-4.448	0.42451	2.407e-05
-4.448	0.49677	0.00010034
-4.448	0.56903	0.0002619
-4.448	0.64129	0.00049797
-4.448	0.71355	0.0065235
-4.448	0.7858	0.013357
-4.448	0.85806	0.0074958
-4.448	0.93032	0.00063267
-4.448	1.0026	0.00053068
-4.448	1.0748	0.0002376
-4.448	1.1471	0.00011114
-4.448	1.2194	0.00013708
-4.448	1.2916	1.5656e-05
-4.448	1.3639	4.9923e-05
-4.448	1.4361	1.202e-05
-4.448	1.5084	1.302e-05
-4.448	1.5806	9.3542e-06
-4.448	1.6529	2.5202e-05
-4.448	1.7252	4.2123e-05
-4.448	1.7974	3.3982e-05
-4.448	1.8697	0.00015479
-4.448	1.9419	5.3366e-05
-4.448	2.0142	0.0009579
-4.448	2.0865	0.0021064
-4.448	2.1587	0.0012404
-4.448	2.231	0.00015867
-4.448	2.3032	1.514e-05
-4.448	2.3755	1.5983e-05
-4.4003	-1.96	9.7405e-06
-4.4003	-1.8877	1.723e-05
-4.4003	-1.8155	2.3062e-05
-4.4003	-1.7432	8.8344e-06
-4.4003	-0.94839	2.619e-05
-4.4003	-0.87613	8.7661e-06
-4.4003	-0.80387	9.3925e-05
-4.4003	-0.73162	3.9251e-05
-4.4003	-0.65936	0.00035047
-4.4003	-0.5871	0.0011581
-4.4003	-0.51484	0.00079359
-4.4003	-0.44258	0.00011806
-4.4003	-0.29807	2.6174e-05
-4.4003	-0.2258	1.4435e-05
-4.4003	-0.15355	6.5967e-05
-4.4003	-0.081291	5.2434e-05
-4.4003	-0.0090323	0.00014286
-4.4003	0.063226	0.0001948
-4.4003	0.13549	5.1539e-05
-4.4003	0.20774	9.8786e-05
-4.4003	0.28	2.2008e-05
-4.4003	0.35226	4.2867e-05
-4.4003	0.42451	1.9975e-05
-4.4003	0.49677	1.6564e-05
-4.4003	0.56903	3.4068e-05
-4.4003	0.64129	0.0001407
-4.4003	0.71355	0.0021294
-4.4003	0.7858	0.0054284
-4.4003	0.85806	0.0035039
-4.4003	0.93032	0.00028374
-4.4003	1.0026	0.00057281
-4.4003	1.0748	0.00020743
-4.4003	1.1471	0.00021144
-4.4003	1.2194	0.00021848
-4.4003	1.2916	4.7898e-05
-4.4003	1.3639	0.00015832
-4.4003	1.4361	2.6197e-05
-4.4003	1.5084	4.4698e-05
-4.4003	1.5806	1.5968e-05
-4.4003	1.6529	9.7127e-06
-4.4003	1.7252	9.9039e-06
-4.4003	1.7974	1.4433e-05
-4.4003	1.8697	5.0606e-05
-4.4003	1.9419	3.6473e-05
-4.4003	2.0142	0.00067121
-4.4003	2.0865	0.0015468
-4.4003	2.1587	0.00097159
-4.4003	2.231	0.00011674
-4.4003	2.3032	2.7786e-05
-4.4003	2.3755	2.2883e-05
-4.3527	-2.1045	1.3092e-05
-4.3527	-1.96	0.00010477
-4.3527	-1.8877	0.00018327
-4.3527	-1.8155	7.8362e-05
-4.3527	-1.0206	8.9675e-06
-4.3527	-0.94839	3.3654e-05
-4.3527	-0.87613	1.9413e-05
-4.3527	-0.80387	0.00019866
-4.3527	-0.73162	7.7886e-05
-4.3527	-0.65936	0.0015845
-4.3527	-0.5871	0.0058999
-4.3527	-0.51484	0.005417
-4.3527	-0.44258	0.0011625
-4.3527	-0.37032	7.2892e-05
-4.3527	-0.29807	0.00013773
-4.3527	-0.2258	1.7528e-05
-4.3527	-0.15355	1.3118e-05
-4.3527	-0.081291	3.0406e-05
-4.3527	-0.0090323	0.00010113
-4.3527	0.063226	0.00013327
-4.3527	0.13549	8.491e-05
-4.3527	0.20774	0.00014841
-4.3527	0.28	3.7368e-05
-4.3527	0.35226	0.00013773
-4.3527	0.42451	5.0671e-05
-4.3527	0.49677	0.00017031
-4.3527	0.56903	0.0001379
-4.3527	0.64129	0.00025859
-4.3527	0.71355	0.001029
-4.3527	0.7858	0.0008847
-4.3527	0.85806	0.00037641
-4.3527	0.93032	3.8346e-05
-4.3527	1.0026	0.0001971
-4.3527	1.0748	6.3404e-05
-4.3527	1.1471	0.00015965
-4.3527	1.2194	0.00014477
-4.3527	1.2916	5.9083e-05
-4.3527	1.3639	0.00016341
-4.3527	1.4361	3.0834e-05
-4.3527	1.5084	0.00013278
-4.3527	1.5806	3.4427e-05
-4.3527	1.6529	5.1935e-05
-4.3527	1.7252	3.3908e-05
-4.3527	1.7974	2.4708e-05
-4.3527	1.8697	3.9716e-05
-4.3527	1.9419	1.9696e-05
-4.3527	2.0142	0.00022428
-4.3527	2.0865	0.0004695
-4.3527	2.1587	0.0003129
-4.3527	2.231	3.6285e-05
-4.3527	2.3032	2.0047e-05
-4.3527	2.3755	1.4006e-05
-4.305	-2.1045	1.231e-05
-4.305	-2.0323	1.5892e-05
-4.305	-1.96	0.00022543
-4.305	-1.8877	0.00044521
-4.305	-1.8155	0.00023296
-4.305	-1.7432	1.8736e-05
-4.305	-1.671	8.2844e-06
-4.305	-0.94839	1.997e-05
-4.305	-0.87613	2.3984e-05
-4.305	-0.80387	0.00020403
-4.305	-0.73162	9.8774e-05
-4.305	-0.65936	0.003045
-4.305	-0.5871	0.011336
-4.305	-0.51484	0.01112
-4.305	-0.44258	0.0024113
-4.305	-0.37032	0.00037158
-4.305	-0.29807	0.00066724
-4.305	-0.2258	6.304e-05
-4.305	-0.15355	0.00020194
-4.305	-0.081291	6.5705e-05
-4.305	-0.0090323	2.8252e-05
-4.305	0.063226	3.9369e-05
-4.305	0.13549	0.00010256
-4.305	0.20774	6.9037e-05
-4.305	0.28	4.2874e-05
-4.305	0.35226	0.00010252
-4.305	0.42451	3.7074e-05
-4.305	0.49677	0.0002718
-4.305	0.56903	0.00018712
-4.305	0.64129	0.0013084
-4.305	0.71355	0.0061803
-4.305	0.7858	0.0061372
-4.305	0.85806	0.0015058
-4.305	0.93032	4.503e-05
-4.305	1.0026	9.4091e-05
-4.305	1.0748	1.1846e-05
-4.305	1.1471	4.4573e-05
-4.305	1.2194	4.9732e-05
-4.305	1.2916	1.9463e-05
-4.305	1.3639	4.8333e-05
-4.305	1.4361	2.5845e-05
-4.305	1.5084	0.00012489
-4.305	1.5806	2.5482e-05
-4.305	1.6529	9.6529e-05
-4.305	1.7252	4.796e-05
-4.305	1.7974	8.8662e-05
-4.305	1.8697	0.00011146
-4.305	1.9419	0.00010565
-4.305	2.0142	0.00067541
-4.305	2.0865	0.00068712
-4.305	2.1587	0.00020223
-4.305	2.231	1.0784e-05
-4.2574	-2.0323	1.3353e-05
-4.2574	-1.96	0.0001797
-4.2574	-1.8877	0.0003914
-4.2574	-1.8155	0.00022411
-4.2574	-1.7432	1.7168e-05
-4.2574	-1.671	1.724e-05
-4.2574	-0.87613	1.0734e-05
-4.2574	-0.80387	8.3184e-05
-4.2574	-0.73162	8.1933e-05
-4.2574	-0.65936	0.0027758
-4.2574	-0.5871	0.010592
-4.2574	-0.51484	0.010869
-4.2574	-0.44258	0.0022106
-4.2574	-0.37032	0.00076148
-4.2574	-0.29807	0.0010909
-4.2574	-0.2258	0.00015813
-4.2574	-0.15355	0.0006512
-4.2574	-0.081291	0.00011845
-4.2574	-0.0090323	0.00020512
-4.2574	0.063226	8.689e-05
-4.2574	0.13549	0.00021564
-4.2574	0.20774	7.5735e-05
-4.2574	0.28	0.00011985
-4.2574	0.35226	0.00011659
-4.2574	0.42451	2.6554e-05
-4.2574	0.49677	0.00012824
-4.2574	0.56903	5.7769e-05
-4.2574	0.64129	0.0011923
-4.2574	0.71355	0.0064914
-4.2574	0.7858	0.0080118
-4.2574	0.85806	0.0023276
-4.2574	0.93032	0.00015146
-4.2574	1.0026	0.00038321
-4.2574	1.0748	4.2353e-05
-4.2574	1.1471	0.00010761
-4.2574	1.2194	5.6853e-05
-4.2574	1.2916	3.363e-05
-4.2574	1.3639	2.0382e-05
-4.2574	1.4361	1.0566e-05
-4.2574	1.5084	3.1892e-05
-4.2574	1.6529	5.9852e-05
-4.2574	1.7252	2.4445e-05
-4.2574	1.7974	0.00010914
-4.2574	1.8697	0.00010955
-4.2574	1.9419	0.00026176
-4.2574	2.0142	0.0015439
-4.2574	2.0865	0.0016856
-4.2574	2.1587	0.00049474
-4.2574	2.231	1.8031e-05
-4.2574	2.3032	1.691e-05
-4.2097	-1.96	2.909e-05
-4.2097	-1.8877	9.4752e-05
-4.2097	-1.8155	7.1839e-05
-4.2097	-1.671	1.3146e-05
-4.2097	-0.80387	8.66e-06
-4.2097	-0.73162	1.7914e-05
-4.2097	-0.65936	0.00075937
-4.2097	-0.5871	0.0037269
-4.2097	-0.51484	0.0045666
-4.2097	-0.44258	0.00092152
-4.2097	-0.37032	0.00071957
-4.2097	-0.29807	0.00084265
-4.2097	-0.2258	0.0002402
-4.2097	-0.15355	0.00085775
-4.2097	-0.081291	0.00013258
-4.2097	-0.0090323	0.00058112
-4.2097	0.063226	0.00019337
-4.2097	0.13549	0.00053002
-4.2097	0.20774	0.00026634
-4.2097	0.28	0.00043687
-4.2097	0.35226	0.00057136
-4.2097	0.42451	0.00018241
-4.2097	0.49677	0.00071799
-4.2097	0.56903	0.00011607
-4.2097	0.64129	0.00083488
-4.2097	0.71355	0.001586
-4.2097	0.7858	0.0018043
-4.2097	0.85806	0.00067085
-4.2097	0.93032	0.00014226
-4.2097	1.0026	0.00033749
-4.2097	1.0748	6.0353e-05
-4.2097	1.1471	0.00022665
-4.2097	1.2194	8.969e-05
-4.2097	1.2916	0.00018021
-4.2097	1.3639	0.00012584
-4.2097	1.4361	1.7334e-05
-4.2097	1.5084	1.7546e-05
-4.2097	1.7974	3.8691e-05
-4.2097	1.8697	3.5822e-05
-4.2097	1.9419	0.00022696
-4.2097	2.0142	0.0013096
-4.2097	2.0865	0.0015612
-4.2097	2.1587	0.00048125
-4.2097	2.231	1.8046e-05
-4.2097	2.3032	3.494e-05
-4.1622	-2.1768	1.2364e-05
-4.1622	-2.1045	8.1241e-06
-4.1622	-2.0323	2.9188e-05
-4.1622	-1.96	0.00011187
-4.1622	-1.8877	7.4474e-05
-4.1622	-1.8155	1.1046e-05
-4.1622	-1.0206	2.3253e-05
-4.1622	-0.94839	1.6132e-05
-4.1622	-0.87613	5.306e-05
-4.1622	-0.80387	9.4134e-05
-4.1622	-0.73162	9.3054e-05
-4.1622	-0.65936	0.00072514
-4.1622	-0.5871	0.00079043
-4.1622	-0.51484	0.00042751
-4.1622	-0.44258	9.5756e-05
-4.1622	-0.37032	0.00021398
-4.1622	-0.29807	0.0002536
-4.1622	-0.2258	0.00016576
-4.1622	-0.15355	0.00051558
-4.1622	-0.081291	0.00010571
-4.1622	-0.0090323	0.00066103
-4.1622	0.063226	0.00019622
-4.1622	0.13549	0.00077417
-4.1622	0.20774	0.00037975
-4.1622	0.28	0.00094171
-4.1622	0.35226	0.0011754
-4.1622	0.42451	0.00072143
-4.1622	0.49677	0.0027696
-4.1622	0.56903	0.00071501
-4.1622	0.64129	0.010217
-4.1622	0.71355	0.018018
-4.1622	0.7858	0.0078221
-4.1622	0.85806	0.00065036
-4.1622	0.93032	4.8364e-05
-4.1622	1.0026	4.8012e-05
-4.1622	1.0748	4.1376e-05
-4.1622	1.1471	0.00011486
-4.1622	1.2194	8.2122e-05
-4.1622	1.2916	0.00026549
-4.1622	1.3639	0.00017739
-4.1622	1.4361	6.798e-05
-4.1622	1.5084	8.6263e-05
-4.1622	1.5806	1.3072e-05
-4.1622	1.6529	3.8535e-05
-4.1622	1.7974	1.4915e-05
-4.1622	1.9419	3.6511e-05
-4.1622	2.0142	0.00028228
-4.1622	2.0865	0.00044944
-4.1622	2.1587	0.00016144
-4.1622	2.231	9.8251e-06
-4.1622	2.3032	2.6918e-05
-4.1145	-2.1768	1.9448e-05
-4.1145	-2.1045	1.0607e-05
-4.1145	-2.0323	0.00010817
-4.1145	-1.96	0.00046662
-4.1145	-1.8877	0.00043673
-4.1145	-1.8155	9.4947e-05
-4.1145	-1.0206	2.7554e-05
-4.1145	-0.94839	1.5655e-05
-4.1145	-0.87613	0.00012375
-4.1145	-0.80387	0.00018731
-4.1145	-0.73162	0.00055918
-4.1145	-0.65936	0.0049734
-4.1145	-0.5871	0.0076559
-4.1145	-0.51484	0.0030275
-4.1145	-0.44258	0.00013665
-4.1145	-0.37032	0.00015447
-4.1145	-0.29807	3.7869e-05
-4.1145	-0.2258	2.5711e-05
-4.1145	-0.15355	9.0168e-05
-4.1145	-0.081291	3.8423e-05
-4.1145	-0.0090323	0.00029508
-4.1145	0.063226	0.00010423
-4.1145	0.13549	0.00053855
-4.1145	0.20774	0.00025002
-4.1145	0.28	0.0010818
-4.1145	0.35226	0.0011421
-4.1145	0.42451	0.0014183
-4.1145	0.49677	0.0044785
-4.1145	0.56903	0.0021866
-4.1145	0.64129	0.034472
-4.1145	0.71355	0.067905
-4.1145	0.7858	0.036653
-4.1145	0.85806	0.0037916
-4.1145	0.93032	0.00078306
-4.1145	1.0026	0.00056452
-4.1145	1.0748	4.4671e-05
-4.1145	1.1471	5.723e-05
-4.1145	1.2194	7.0299e-05
-4.1145	1.2916	0.00012031
-4.1145	1.3639	0.00010955
-4.1145	1.4361	9.5539e-05
-4.1145	1.5084	9.0119e-05
-4.1145	1.5806	2.6479e-05
-4.1145	1.6529	7.6327e-05
-4.1145	1.7252	1.5884e-05
-4.1145	1.7974	9.2585e-05
-4.1145	1.8697	2.6571e-05
-4.1145	1.9419	0.00017427
-4.1145	2.0142	0.00034695
-4.1145	2.0865	0.00015451
-4.1145	2.1587	1.9355e-05
-4.0669	-2.1768	9.3713e-06
-4.0669	-2.0323	0.00012768
-4.0669	-1.96	0.00057594
-4.0669	-1.8877	0.0006075
-4.0669	-1.8155	0.00014374
-4.0669	-1.7432	1.0274e-05
-4.0669	-1.671	1.9527e-05
-4.0669	-1.0206	9.6825e-06
-4.0669	-0.87613	0.00010347
-4.0669	-0.80387	0.00012762
-4.0669	-0.73162	0.0010014
-4.0669	-0.65936	0.0085572
-4.0669	-0.5871	0.014809
-4.0669	-0.51484	0.0067524
-4.0669	-0.44258	0.00036752
-4.0669	-0.37032	0.00098251
-4.0669	-0.29807	0.00022151
-4.0669	-0.2258	0.00020418
-4.0669	-0.15355	0.00012088
-4.0669	-0.081291	2.6236e-05
-4.0669	-0.0090323	5.5028e-05
-4.0669	0.063226	2.9599e-05
-4.0669	0.13549	9.3474e-05
-4.0669	0.20774	7.1774e-05
-4.0669	0.28	0.00051345
-4.0669	0.35226	0.0004799
-4.0669	0.42451	0.0013441
-4.0669	0.49677	0.0034596
-4.0669	0.56903	0.0037523
-4.0669	0.64129	0.052605
-4.0669	0.71355	0.10602
-4.0669	0.7858	0.06005
-4.0669	0.85806	0.0057647
-4.0669	0.93032	0.00291
-4.0669	1.0026	0.0017852
-4.0669	1.0748	0.00029232
-4.0669	1.1471	0.00057142
-4.0669	1.2194	8.0805e-05
-4.0669	1.2916	4.9735e-05
-4.0669	1.3639	6.2622e-05
-4.0669	1.4361	9.9009e-05
-4.0669	1.5084	3.0484e-05
-4.0669	1.5806	3.541e-05
-4.0669	1.6529	3.8235e-05
-4.0669	1.7252	1.5268e-05
-4.0669	1.7974	9.5613e-05
-4.0669	1.8697	3.105e-05
-4.0669	1.9419	0.00052561
-4.0669	2.0142	0.0012812
-4.0669	2.0865	0.00076236
-4.0669	2.1587	9.6946e-05
-4.0192	-2.0323	3.1813e-05
-4.0192	-1.96	0.00019892
-4.0192	-1.8877	0.00027331
-4.0192	-1.8155	7.1988e-05
-4.0192	-1.7432	1.2435e-05
-4.0192	-1.671	2.1002e-05
-4.0192	-0.87613	1.6445e-05
-4.0192	-0.80387	2.0443e-05
-4.0192	-0.73162	0.00059059
-4.0192	-0.65936	0.0054146
-4.0192	-0.5871	0.010739
-4.0192	-0.51484	0.0053013
-4.0192	-0.44258	0.00038033
-4.0192	-0.37032	0.00157
-4.0192	-0.29807	0.00032
-4.0192	-0.2258	0.00067237
-4.0192	-0.15355	0.00038482
-4.0192	-0.081291	0.00023465
-4.0192	-0.0090323	0.00031585
-4.0192	0.063226	8.4692e-05
-4.0192	0.13549	0.00020907
-4.0192	0.20774	3.9622e-05
-4.0192	0.28	6.3096e-05
-4.0192	0.35226	4.2035e-05
-4.0192	0.42451	0.00036527
-4.0192	0.49677	0.00092108
-4.0192	0.56903	0.0028528
-4.0192	0.64129	0.037254
-4.0192	0.71355	0.080157
-4.0192	0.7858	0.047573
-4.0192	0.85806	0.0040584
-4.0192	0.93032	0.0044857
-4.0192	1.0026	0.0021933
-4.0192	1.0748	0.00083198
-4.0192	1.1471	0.0012957
-4.0192	1.2194	0.00014902
-4.0192	1.2916	0.00040771
-4.0192	1.3639	0.00010865
-4.0192	1.4361	0.00026682
-4.0192	1.5084	4.1551e-05
-4.0192	1.5806	0.00013778
-4.0192	1.6529	5.4776e-05
-4.0192	1.7252	2.8328e-05
-4.0192	1.7974	4.3064e-05
-4.0192	1.8697	1.2078e-05
-4.0192	1.9419	0.00030752
-4.0192	2.0142	0.00092384
-4.0192	2.0865	0.00068969
-4.0192	2.1587	9.7862e-05
-4.0192	2.231	1.7383e-05
-4.0192	2.3032	1.5396e-05
-3.9716	-2.3213	1.0373e-05
-3.9716	-2.249	8.5579e-06
-3.9716	-2.1768	3.0486e-05
-3.9716	-2.1045	9.0424e-06
-3.9716	-2.0323	0.00010809
-3.9716	-1.96	0.00013532
-3.9716	-1.8877	4.2422e-05
-3.9716	-1.0929	8.1234e-06
-3.9716	-1.0206	3.5106e-05
-3.9716	-0.94839	9.281e-06
-3.9716	-0.87613	7.5912e-05
-3.9716	-0.80387	2.382e-05
-3.9716	-0.73162	0.00012354
-3.9716	-0.65936	0.00061188
-3.9716	-0.5871	0.0017503
-3.9716	-0.51484	0.0012253
-3.9716	-0.44258	0.00018207
-3.9716	-0.37032	0.000926
-3.9716	-0.29807	0.00018408
-3.9716	-0.2258	0.00074232
-3.9716	-0.15355	0.00037278
-3.9716	-0.081291	0.00049336
-3.9716	-0.0090323	0.00059306
-3.9716	0.063226	0.00028951
-3.9716	0.13549	0.00083222
-3.9716	0.20774	0.00014657
-3.9716	0.28	0.00074514
-3.9716	0.35226	0.00016673
-3.9716	0.42451	0.00039821
-3.9716	0.49677	0.00020863
-3.9716	0.56903	0.00040366
-3.9716	0.64129	0.0064232
-3.9716	0.71355	0.019815
-3.9716	0.7858	0.014857
-3.9716	0.85806	0.0013001
-3.9716	0.93032	0.0031351
-3.9716	1.0026	0.0012791
-3.9716	1.0748	0.0010659
-3.9716	1.1471	0.0013043
-3.9716	1.2194	0.00027543
-3.9716	1.2916	0.00084615
-3.9716	1.3639	0.00017477
-3.9716	1.4361	0.00061864
-3.9716	1.5084	0.00012082
-3.9716	1.5806	0.00046429
-3.9716	1.6529	0.00022396
-3.9716	1.7252	0.00020124
-3.9716	1.7974	0.00029176
-3.9716	1.8697	6.917e-05
-3.9716	1.9419	0.00043162
-3.9716	2.0142	0.00032392
-3.9716	2.0865	0.00010699
-3.9716	2.1587	1.5868e-05
-3.9716	2.231	1.0675e-05
-3.9716	2.3032	8.5757e-06
-3.924	-2.3935	1.0347e-05
-3.924	-2.3213	1.2058e-05
-3.924	-2.249	2.2904e-05
-3.924	-2.1768	6.9304e-05
-3.924	-2.1045	4.7466e-05
-3.924	-2.0323	0.00066813
-3.924	-1.96	0.0011685
-3.924	-1.8877	0.00052308
-3.924	-1.8155	3.7579e-05
-3.924	-1.0929	1.6393e-05
-3.924	-1.0206	5.9494e-05
-3.924	-0.94839	3.322e-05
-3.924	-0.87613	0.00030283
-3.924	-0.80387	0.00010764
-3.924	-0.73162	0.0019829
-3.924	-0.65936	0.0057639
-3.924	-0.5871	0.0037463
-3.924	-0.51484	0.00045715
-3.924	-0.44258	3.2912e-05
-3.924	-0.37032	0.00010229
-3.924	-0.29807	3.4364e-05
-3.924	-0.2258	0.00023719
-3.924	-0.15355	0.00012825
-3.924	-0.081291	0.00036411
-3.924	-0.0090323	0.00039762
-3.924	0.063226	0.00038425
-3.924	0.13549	0.00097067
-3.924	0.20774	0.00029922
-3.924	0.28	0.0017866
-3.924	0.35226	0.00039937
-3.924	0.42451	0.0026616
-3.924	0.49677	0.0014928
-3.924	0.56903	0.0047156
-3.924	0.64129	0.016559
-3.924	0.71355	0.010681
-3.924	0.7858	0.001865
-3.924	0.85806	0.00010358
-3.924	0.93032	0.00058693
-3.924	1.0026	0.00026275
-3.924	1.0748	0.000526
-3.924	1.1471	0.00058124
-3.924	1.2194	0.00027259
-3.924	1.2916	0.00073765
-3.924	1.3639	0.00017985
-3.924	1.4361	0.00074111
-3.924	1.5084	0.00015264
-3.924	1.5806	0.00081938
-3.924	1.6529	0.00035511
-3.924	1.7252	0.00063017
-3.924	1.7974	0.0008304
-3.924	1.8697	0.00053189
-3.924	1.9419	0.0037677
-3.924	2.0142	0.0038151
-3.924	2.0865	0.0010076
-3.924	2.1587	3.8857e-05
-3.8763	-2.249	2.2292e-05
-3.8763	-2.1768	5.7832e-05
-3.8763	-2.1045	9.5356e-05
-3.8763	-2.0323	0.0012336
-3.8763	-1.96	0.0023417
-3.8763	-1.8877	0.0011785
-3.8763	-1.8155	8.615e-05
-3.8763	-1.7432	4.9424e-05
-3.8763	-1.671	1.7541e-05
-3.8763	-1.0929	1.0265e-05
-3.8763	-1.0206	3.3774e-05
-3.8763	-0.94839	4.5038e-05
-3.8763	-0.87613	0.00035564
-3.8763	-0.80387	0.00018362
-3.8763	-0.73162	0.0053339
-3.8763	-0.65936	0.017698
-3.8763	-0.5871	0.01502
-3.8763	-0.51484	0.0025091
-3.8763	-0.44258	0.00050795
-3.8763	-0.37032	0.00051914
-3.8763	-0.29807	6.1675e-05
-3.8763	-0.2258	0.0001217
-3.8763	-0.15355	1.446e-05
-3.8763	-0.081291	5.2901e-05
-3.8763	-0.0090323	6.5466e-05
-3.8763	0.063226	0.00014965
-3.8763	0.13549	0.00037882
-3.8763	0.20774	0.00028054
-3.8763	0.28	0.0014998
-3.8763	0.35226	0.00041337
-3.8763	0.42451	0.0043704
-3.8763	0.49677	0.0020475
-3.8763	0.56903	0.018242
-3.8763	0.64129	0.073024
-3.8763	0.71355	0.066283
-3.8763	0.7858	0.014778
-3.8763	0.85806	0.00050428
-3.8763	0.93032	0.00099219
-3.8763	1.0026	7.66e-05
-3.8763	1.0748	8.8299e-05
-3.8763	1.1471	7.3273e-05
-3.8763	1.2194	7.5951e-05
-3.8763	1.2916	0.00024423
-3.8763	1.3639	9.4023e-05
-3.8763	1.4361	0.0003913
-3.8763	1.5084	0.00010768
-3.8763	1.5806	0.00073719
-3.8763	1.6529	0.00026755
-3.8763	1.7252	0.00096058
-3.8763	1.7974	0.0010251
-3.8763	1.8697	0.0015379
-3.8763	1.9419	0.0098826
-3.8763	2.0142	0.010999
-3.8763	2.0865	0.0033662
-3.8763	2.1587	0.00013687
-3.8763	2.231	8.7163e-05
-3.8763	2.3032	2.0469e-05
-3.8287	-2.1768	1.0237e-05
-3.8287	-2.1045	5.8869e-05
-3.8287	-2.0323	0.00081905
-3.8287	-1.96	0.0018127
-3.8287	-1.8877	0.0010116
-3.8287	-1.8155	6.9013e-05
-3.8287	-1.7432	9.1604e-05
-3.8287	-1.671	2.7747e-05
-3.8287	-1.5987	1.0434e-05
-3.8287	-0.94839	1.3513e-05
-3.8287	-0.87613	0.00011509
-3.8287	-0.80387	0.00014787
-3.8287	-0.73162	0.0048961
-3.8287	-0.65936	0.018044
-3.8287	-0.5871	0.017256
-3.8287	-0.51484	0.0029146
-3.8287	-0.44258	0.0014498
-3.8287	-0.37032	0.0014361
-3.8287	-0.29807	0.00033671
-3.8287	-0.2258	0.00091031
-3.8287	-0.15355	0.00010492
-3.8287	-0.081291	0.00040436
-3.8287	-0.0090323	7.3209e-05
-3.8287	0.063226	9.9074e-05
-3.8287	0.13549	4.7203e-05
-3.8287	0.20774	5.2614e-05
-3.8287	0.28	0.00030796
-3.8287	0.35226	0.00020169
-3.8287	0.42451	0.0025177
-3.8287	0.49677	0.0011095
-3.8287	0.56903	0.023607
-3.8287	0.64129	0.096546
-3.8287	0.71355	0.097742
-3.8287	0.7858	0.023687
-3.8287	0.85806	0.0017131
-3.8287	0.93032	0.0039281
-3.8287	1.0026	0.00034175
-3.8287	1.0748	0.00084421
-3.8287	1.1471	0.00017997
-3.8287	1.2194	0.00011994
-3.8287	1.2916	7.2974e-05
-3.8287	1.3639	2.5101e-05
-3.8287	1.4361	4.7291e-05
-3.8287	1.5084	3.7553e-05
-3.8287	1.5806	0.00024097
-3.8287	1.6529	8.7204e-05
-3.8287	1.7252	0.00067384
-3.8287	1.7974	0.00058863
-3.8287	1.8697	0.0021171
-3.8287	1.9419	0.0123
-3.8287	2.0142	0.014177
-3.8287	2.0865	0.0044448
-3.8287	2.1587	0.0001641
-3.8287	2.231	0.0002292
-3.8287	2.3032	4.3563e-05
-3.8287	2.3755	1.6429e-05
-3.8287	2.4477	9.3736e-06
-3.7811	-2.4658	8.5319e-06
-3.7811	-2.3935	5.7911e-05
-3.7811	-2.3213	1.3639e-05
-3.7811	-2.249	6.568e-05
-3.7811	-2.1768	3.6112e-05
-3.7811	-2.1045	5.4798e-05
-3.7811	-2.0323	0.00016472
-3.7811	-1.96	0.00024792
-3.7811	-1.8877	0.00019811
-3.7811	-1.8155	1.7514e-05
-3.7811	-1.7432	5.5528e-05
-3.7811	-1.671	1.4992e-05
-3.7811	-1.5987	1.2511e-05
-3.7811	-1.2374	1.7732e-05
-3.7811	-1.0929	4.7462e-05
-3.7811	-1.0206	3.2863e-05
-3.7811	-0.94839	5.0347e-05
-3.7811	-0.87613	7.4876e-05
-3.7811	-0.80387	3.4258e-05
-3.7811	-0.73162	0.00078138
-3.7811	-0.65936	0.0042879
-3.7811	-0.5871	0.005755
-3.7811	-0.51484	0.0010634
-3.7811	-0.44258	0.0013489
-3.7811	-0.37032	0.0011946
-3.7811	-0.29807	0.00058442
-3.7811	-0.2258	0.001442
-3.7811	-0.15355	0.00024421
-3.7811	-0.081291	0.0013083
-3.7811	-0.0090323	0.00026453
-3.7811	0.063226	0.0008906
-3.7811	0.13549	0.00045821
-3.7811	0.20774	0.00029922
-3.7811	0.28	0.00036171
-3.7811	0.35226	4.8997e-05
-3.7811	0.42451	0.00026426
-3.7811	0.49677	0.00018499
-3.7811	0.56903	0.0092631
-3.7811	0.64129	0.045605
-3.7811	0.71355	0.055091
-3.7811	0.7858	0.014231
-3.7811	0.85806	0.0023015
-3.7811	0.93032	0.0047253
-3.7811	1.0026	0.0004902
-3.7811	1.0748	0.001955
-3.7811	1.1471	0.00038457
-3.7811	1.2194	0.00067791
-3.7811	1.2916	0.00031554
-3.7811	1.3639	0.00021358
-3.7811	1.4361	0.00022179
-3.7811	1.5084	3.6652e-05
-3.7811	1.5806	5.7643e-05
-3.7811	1.6529	8.9011e-06
-3.7811	1.7252	0.00010416
-3.7811	1.7974	9.4164e-05
-3.7811	1.8697	0.0011108
-3.7811	1.9419	0.0066627
-3.7811	2.0142	0.0084805
-3.7811	2.0865	0.0027675
-3.7811	2.1587	0.00010876
-3.7811	2.231	0.00026163
-3.7811	2.3032	3.8934e-05
-3.7811	2.3755	3.3561e-05
-3.7811	2.4477	1.4553e-05
-3.7334	-2.4658	3.1414e-05
-3.7334	-2.3935	0.00017881
-3.7334	-2.3213	4.2471e-05
-3.7334	-2.249	0.00037386
-3.7334	-2.1768	0.00018489
-3.7334	-2.1045	0.00096209
-3.7334	-2.0323	0.0034103
-3.7334	-1.96	0.0024484
-3.7334	-1.8877	0.00040443
-3.7334	-1.7432	8.0996e-06
-3.7334	-1.2374	2.7158e-05
-3.7334	-1.1652	1.0589e-05
-3.7334	-1.0929	0.00013588
-3.7334	-1.0206	8.2503e-05
-3.7334	-0.94839	0.00034913
-3.7334	-0.87613	0.00055698
-3.7334	-0.80387	0.00084631
-3.7334	-0.73162	0.0067628
-3.7334	-0.65936	0.0078895
-3.7334	-0.5871	0.002167
-3.7334	-0.51484	8.6822e-05
-3.7334	-0.44258	0.00022158
-3.7334	-0.37032	0.00023017
-3.7334	-0.29807	0.00031429
-3.7334	-0.2258	0.00074737
-3.7334	-0.15355	0.00024185
-3.7334	-0.081291	0.0013473
-3.7334	-0.0090323	0.00027704
-3.7334	0.063226	0.0016943
-3.7334	0.13549	0.00076911
-3.7334	0.20774	0.0014141
-3.7334	0.28	0.0016867
-3.7334	0.35226	0.00084277
-3.7334	0.42451	0.0027019
-3.7334	0.49677	0.00054054
-3.7334	0.56903	0.0048888
-3.7334	0.64129	0.0060176
-3.7334	0.71355	0.0053813
-3.7334	0.7858	0.0019804
-3.7334	0.85806	0.00092739
-3.7334	0.93032	0.0019286
-3.7334	1.0026	0.00032064
-3.7334	1.0748	0.0015359
-3.7334	1.1471	0.00028274
-3.7334	1.2194	0.00099253
-3.7334	1.2916	0.00040279
-3.7334	1.3639	0.00055481
-3.7334	1.4361	0.00055209
-3.7334	1.5084	0.00020322
-3.7334	1.5806	0.0004971
-3.7334	1.6529	6.6871e-05
-3.7334	1.7252	0.00030049
-3.7334	1.7974	5.7976e-05
-3.7334	1.8697	0.0001765
-3.7334	1.9419	0.00076102
-3.7334	2.0142	0.0014123
-3.7334	2.0865	0.00061715
-3.7334	2.1587	4.1361e-05
-3.7334	2.231	0.00013522
-3.7334	2.3032	1.7484e-05
-3.7334	2.3755	3.1762e-05
-3.7334	2.4477	1.0918e-05
-3.6858	-2.4658	8.15e-05
-3.6858	-2.3935	0.00033596
-3.6858	-2.3213	0.00010285
-3.6858	-2.249	0.0010207
-3.6858	-2.1768	0.00039252
-3.6858	-2.1045	0.0045152
-3.6858	-2.0323	0.015703
-3.6858	-1.96	0.012827
-3.6858	-1.8877	0.0025301
-3.6858	-1.8155	8.5954e-05
-3.6858	-1.7432	0.00014949
-3.6858	-1.2374	1.3639e-05
-3.6858	-1.1652	8.5921e-06
-3.6858	-1.0929	0.00014057
-3.6858	-1.0206	7.1929e-05
-3.6858	-0.94839	0.00067697
-3.6858	-0.87613	0.00089446
-3.6858	-0.80387	0.0034989
-3.6858	-0.73162	0.028811
-3.6858	-0.65936	0.043931
-3.6858	-0.5871	0.017587
-3.6858	-0.51484	0.00080957
-3.6858	-0.44258	0.0011583
-3.6858	-0.37032	0.0002066
-3.6858	-0.29807	9.8433e-05
-3.6858	-0.2258	7.5419e-05
-3.6858	-0.15355	5.6655e-05
-3.6858	-0.081291	0.00039325
-3.6858	-0.0090323	0.00012125
-3.6858	0.063226	0.0011348
-3.6858	0.13549	0.00046295
-3.6858	0.20774	0.0019813
-3.6858	0.28	0.0020046
-3.6858	0.35226	0.0025035
-3.6858	0.42451	0.0070714
-3.6858	0.49677	0.0036064
-3.6858	0.56903	0.047615
-3.6858	0.64129	0.076753
-3.6858	0.71355	0.031077
-3.6858	0.7858	0.0018864
-3.6858	0.85806	0.00041727
-3.6858	0.93032	0.00018648
-3.6858	1.0026	6.2581e-05
-3.6858	1.0748	0.00033311
-3.6858	1.1471	8.913e-05
-3.6858	1.2194	0.00055224
-3.6858	1.2916	0.00021002
-3.6858	1.3639	0.00058772
-3.6858	1.4361	0.00050268
-3.6858	1.5084	0.00043161
-3.6858	1.5806	0.0009079
-3.6858	1.6529	0.00023854
-3.6858	1.7252	0.0013216
-3.6858	1.7974	0.00029138
-3.6858	1.8697	0.0027545
-3.6858	1.9419	0.0050455
-3.6858	2.0142	0.0020703
-3.6858	2.0865	0.00017248
-3.6858	2.231	1.5787e-05
-3.6858	2.3755	1.0065e-05
-3.6381	-2.4658	0.00014315
-3.6381	-2.3935	0.00042871
-3.6381	-2.3213	0.00021612
-3.6381	-2.249	0.0018038
-3.6381	-2.1768	0.00062013
-3.6381	-2.1045	0.012199
-3.6381	-2.0323	0.039207
-3.6381	-1.96	0.031854
-3.6381	-1.8877	0.0059705
-3.6381	-1.8155	0.00041041
-3.6381	-1.7432	0.00065955
-3.6381	-1.671	3.7532e-05
-3.6381	-1.5987	7.0798e-05
-3.6381	-1.0929	3.8322e-05
-3.6381	-1.0206	2.4306e-05
-3.6381	-0.94839	0.00054474
-3.6381	-0.87613	0.00061937
-3.6381	-0.80387	0.0063228
-3.6381	-0.73162	0.05051
-3.6381	-0.65936	0.083985
-3.6381	-0.5871	0.036117
-3.6381	-0.51484	0.0019347
-3.6381	-0.44258	0.0059214
-3.6381	-0.37032	0.0011016
-3.6381	-0.29807	0.0016435
-3.6381	-0.2258	0.00080819
-3.6381	-0.15355	0.00031095
-3.6381	-0.081291	0.00032483
-3.6381	-0.0090323	4.1307e-05
-3.6381	0.063226	0.00013537
-3.6381	0.13549	6.1741e-05
-3.6381	0.20774	0.00072815
-3.6381	0.28	0.00070511
-3.6381	0.35226	0.0023147
-3.6381	0.42451	0.0055507
-3.6381	0.49677	0.0070916
-3.6381	0.56903	0.088187
-3.6381	0.64129	0.16071
-3.6381	0.71355	0.079072
-3.6381	0.7858	0.0056775
-3.6381	0.85806	0.003839
-3.6381	0.93032	0.0013746
-3.6381	1.0026	0.00042923
-3.6381	1.0748	0.00035354
-3.6381	1.1471	3.5134e-05
-3.6381	1.2194	6.8143e-05
-3.6381	1.2916	2.0386e-05
-3.6381	1.3639	0.00013339
-3.6381	1.4361	0.00012014
-3.6381	1.5084	0.00028322
-3.6381	1.5806	0.00051703
-3.6381	1.6529	0.00030843
-3.6381	1.7252	0.0014993
-3.6381	1.7974	0.00043049
-3.6381	1.8697	0.0070226
-3.6381	1.9419	0.014682
-3.6381	2.0142	0.0078832
-3.6381	2.0865	0.00087828
-3.6381	2.1587	7.4272e-05
-3.6381	2.231	6.0141e-05
-3.5905	-2.4658	0.00013143
-3.5905	-2.3935	0.00027972
-3.5905	-2.3213	0.0002606
-3.5905	-2.249	0.001589
-3.5905	-2.1768	0.00065662
-3.5905	-2.1045	0.015726
-3.5905	-2.0323	0.045632
-3.5905	-1.96	0.035132
-3.5905	-1.8877	0.0057644
-3.5905	-1.8155	0.00080063
-3.5905	-1.7432	0.0009696
-3.5905	-1.671	6.6336e-05
-3.5905	-1.5987	0.00015523
-3.5905	-1.5265	1.0909e-05
-3.5905	-1.3097	3.0007e-05
-3.5905	-1.2374	5.7406e-05
-3.5905	-1.1652	3.5056e-05
-3.5905	-1.0929	0.00012063
-3.5905	-1.0206	1.7748e-05
-3.5905	-0.94839	0.00010157
-3.5905	-0.87613	6.3154e-05
-3.5905	-0.80387	0.0023243
-3.5905	-0.73162	0.023391
-3.5905	-0.65936	0.048302
-3.5905	-0.5871	0.023203
-3.5905	-0.51484	0.0019391
-3.5905	-0.44258	0.0079353
-3.5905	-0.37032	0.0013245
-3.5905	-0.29807	0.0042202
-3.5905	-0.2258	0.0019046
-3.5905	-0.15355	0.0018178
-3.5905	-0.081291	0.0020741
-3.5905	-0.0090323	0.00058665
-3.5905	0.063226	0.0015828
-3.5905	0.13549	0.00017658
-3.5905	0.20774	0.00055848
-3.5905	0.28	0.00010298
-3.5905	0.35226	0.00044308
-3.5905	0.42451	0.0011571
-3.5905	0.49677	0.0049741
-3.5905	0.56903	0.065159
-3.5905	0.64129	0.13859
-3.5905	0.71355	0.076902
-3.5905	0.7858	0.0053732
-3.5905	0.85806	0.0084741
-3.5905	0.93032	0.0028605
-3.5905	1.0026	0.0019171
-3.5905	1.0748	0.0018093
-3.5905	1.1471	0.00034818
-3.5905	1.2194	0.00081187
-3.5905	1.2916	7.3565e-05
-3.5905	1.3639	0.00022603
-3.5905	1.4361	3.6066e-05
-3.5905	1.5084	3.485e-05
-3.5905	1.5806	5.6482e-05
-3.5905	1.6529	0.00012754
-3.5905	1.7252	0.00056928
-3.5905	1.7974	0.00035697
-3.5905	1.8697	0.0066307
-3.5905	1.9419	0.014646
-3.5905	2.0142	0.0086183
-3.5905	2.0865	0.00096519
-3.5905	2.1587	0.00019692
-3.5905	2.231	0.00014665
-3.5905	2.3032	1.0711e-05
-3.5905	2.3755	2.0577e-05
-3.5429	-2.4658	9.972e-05
-3.5429	-2.3935	0.00015395
-3.5429	-2.3213	0.00028008
-3.5429	-2.249	0.0012279
-3.5429	-2.1768	0.00084146
-3.5429	-2.1045	0.018175
-3.5429	-2.0323	0.04784
-3.5429	-1.96	0.034313
-3.5429	-1.8877	0.0046842
-3.5429	-1.8155	0.0013129
-3.5429	-1.7432	0.0011303
-3.5429	-1.671	0.00011985
-3.5429	-1.5987	0.00024154
-3.5429	-1.5265	1.1745e-05
-3.5429	-1.3097	0.0001229
-3.5429	-1.2374	0.00018705
-3.5429	-1.1652	0.00026535
-3.5429	-1.0929	0.00084686
-3.5429	-1.0206	0.00027848
-3.5429	-0.94839	0.0021198
-3.5429	-0.87613	0.00059047
-3.5429	-0.80387	0.0055829
-3.5429	-0.73162	0.010941
-3.5429	-0.65936	0.0060858
-3.5429	-0.5871	0.0024484
-3.5429	-0.51484	0.00063007
-3.5429	-0.44258	0.0030483
-3.5429	-0.37032	0.00057185
-3.5429	-0.29807	0.0035306
-3.5429	-0.2258	0.0013536
-3.5429	-0.15355	0.0028822
-3.5429	-0.081291	0.002804
-3.5429	-0.0090323	0.001699
-3.5429	0.063226	0.0042449
-3.5429	0.13549	0.00079496
-3.5429	0.20774	0.0044066
-3.5429	0.28	0.00091411
-3.5429	0.35226	0.0033252
-3.5429	0.42451	0.0016946
-3.5429	0.49677	0.0020875
-3.5429	0.56903	0.0077857
-3.5429	0.64129	0.017387
-3.5429	0.71355	0.014378
-3.5429	0.7858	0.0012982
-3.5429	0.85806	0.0047886
-3.5429	0.93032	0.0014908
-3.5429	1.0026	0.0021665
-3.5429	1.0748	0.0018495
-3.5429	1.1471	0.0007358
-3.5429	1.2194	0.0016402
-3.5429	1.2916	0.00023382
-3.5429	1.3639	0.0010915
-3.5429	1.4361	0.00019938
-3.5429	1.5084	0.00041145
-3.5429	1.5806	0.00018317
-3.5429	1.6529	7.5561e-05
-3.5429	1.7252	8.5273e-05
-3.5429	1.7974	7.7178e-05
-3.5429	1.8697	0.0017968
-3.5429	1.9419	0.0053646
-3.5429	2.0142	0.0039665
-3.5429	2.0865	0.0004661
-3.5429	2.1587	0.00022002
-3.5429	2.231	0.00014403
-3.5429	2.3032	2.0814e-05
-3.5429	2.3755	3.7224e-05
-3.4952	-2.4658	3.5919e-05
-3.4952	-2.3935	4.225e-05
-3.4952	-2.3213	0.00016378
-3.4952	-2.249	0.00053513
-3.4952	-2.1768	0.00072918
-3.4952	-2.1045	0.012815
-3.4952	-2.0323	0.031482
-3.4952	-1.96	0.02127
-3.4952	-1.8877	0.002381
-3.4952	-1.8155	0.0013238
-3.4952	-1.7432	0.00082554
-3.4952	-1.671	0.00015602
-3.4952	-1.5987	0.00023224
-3.4952	-1.5265	8.3353e-06
-3.4952	-1.3819	8.8869e-06
-3.4952	-1.3097	0.00026193
-3.4952	-1.2374	0.00029232
-3.4952	-1.1652	0.0008228
-3.4952	-1.0929	0.0020238
-3.4952	-1.0206	0.0012965
-3.4952	-0.94839	0.0087688
-3.4952	-0.87613	0.0029338
-3.4952	-0.80387	0.059541
-3.4952	-0.73162	0.16105
-3.4952	-0.65936	0.10852
-3.4952	-0.5871	0.015174
-3.4952	-0.51484	0.00106
-3.4952	-0.44258	0.00099972
-3.4952	-0.37032	7.6867e-05
-3.4952	-0.29807	0.00083753
-3.4952	-0.2258	0.00037102
-3.4952	-0.15355	0.0020791
-3.4952	-0.081291	0.0018879
-3.4952	-0.0090323	0.0024852
-3.4952	0.063226	0.0053559
-3.4952	0.13549	0.0019757
-3.4952	0.20774	0.010678
-3.4952	0.28	0.0022985
-3.4952	0.35226	0.017701
-3.4952	0.42451	0.0087303
-3.4952	0.49677	0.040869
-3.4952	0.56903	0.14619
-3.4952	0.64129	0.10638
-3.4952	0.71355	0.018053
-3.4952	0.7858	0.00028831
-3.4952	0.85806	0.00058967
-3.4952	0.93032	0.00017155
-3.4952	1.0026	0.00076469
-3.4952	1.0748	0.00067313
-3.4952	1.1471	0.00064104
-3.4952	1.2194	0.0012723
-3.4952	1.2916	0.00032658
-3.4952	1.3639	0.0015286
-3.4952	1.4361	0.00026286
-3.4952	1.5084	0.0012453
-3.4952	1.5806	0.00049947
-3.4952	1.6529	0.0007658
-3.4952	1.7252	0.00084477
-3.4952	1.7974	0.00045571
-3.4952	1.8697	0.0022213
-3.4952	1.9419	0.0013856
-3.4952	2.0142	0.0002962
-3.4952	2.0865	3.3842e-05
-3.4952	2.1587	4.8092e-05
-3.4952	2.231	3.5573e-05
-3.4952	2.3032	1.0956e-05
-3.4952	2.3755	1.8398e-05
-3.4476	-2.3213	6.0617e-05
-3.4476	-2.249	0.00016538
-3.4476	-2.1768	0.00053525
-3.4476	-2.1045	0.0079235
-3.4476	-2.0323	0.018877
-3.4476	-1.96	0.012107
-3.4476	-1.8877	0.0010766
-3.4476	-1.8155	0.0012178
-3.4476	-1.7432	0.00053444
-3.4476	-1.671	0.00019271
-3.4476	-1.5987	0.00019409
-3.4476	-1.3819	1.4533e-05
-3.4476	-1.3097	0.0004234
-3.4476	-1.2374	0.00031894
-3.4476	-1.1652	0.0017222
-3.4476	-1.0929	0.0029653
-3.4476	-1.0206	0.0036681
-3.4476	-0.94839	0.017913
-3.4476	-0.87613	0.0089416
-3.4476	-0.80387	0.19946
-3.4476	-0.73162	0.53133
-3.4476	-0.65936	0.38417
-3.4476	-0.5871	0.055915
-3.4476	-0.51484	0.012025
-3.4476	-0.44258	0.011942
-3.4476	-0.37032	0.0012193
-3.4476	-0.29807	0.0029444
-3.4476	-0.2258	0.00022026
-3.4476	-0.15355	0.00043194
-3.4476	-0.081291	0.00018362
-3.4476	-0.0090323	0.00060202
-3.4476	0.063226	0.0014608
-3.4476	0.13549	0.0013786
-3.4476	0.20774	0.006898
-3.4476	0.28	0.0020845
-3.4476	0.35226	0.022294
-3.4476	0.42451	0.0095118
-3.4476	0.49677	0.10807
-3.4476	0.56903	0.41618
-3.4476	0.64129	0.377
-3.4476	0.71355	0.083852
-3.4476	0.7858	0.0034436
-3.4476	0.85806	0.0070297
-3.4476	0.93032	0.00047663
-3.4476	1.0026	0.00069821
-3.4476	1.0748	0.00010772
-3.4476	1.1471	0.00011941
-3.4476	1.2194	0.00028485
-3.4476	1.2916	0.00018548
-3.4476	1.3639	0.00090341
-3.4476	1.4361	0.00020824
-3.4476	1.5084	0.0016067
-3.4476	1.5806	0.00054846
-3.4476	1.6529	0.0020437
-3.4476	1.7252	0.0019228
-3.4476	1.7974	0.0031474
-3.4476	1.8697	0.017025
-3.4476	1.9419	0.015833
-3.4476	2.0142	0.0037294
-3.4476	2.0865	9.1727e-05
-3.4476	2.1587	6.5905e-05
-3.4	-2.4658	9.2693e-06
-3.4	-2.249	1.031e-05
-3.4	-2.1768	0.00010953
-3.4	-2.1045	0.0019207
-3.4	-2.0323	0.0055763
-3.4	-1.96	0.0039691
-3.4	-1.8877	0.00032778
-3.4	-1.8155	0.00077639
-3.4	-1.7432	0.00026273
-3.4	-1.671	0.00019178
-3.4	-1.5987	0.00014055
-3.4	-1.4542	8.2072e-06
-3.4	-1.3819	3.0673e-05
-3.4	-1.3097	0.00069364
-3.4	-1.2374	0.0003793
-3.4	-1.1652	0.0037599
-3.4	-1.0929	0.0046025
-3.4	-1.0206	0.011025
-3.4	-0.94839	0.038429
-3.4	-0.87613	0.0355
-3.4	-0.80387	0.65931
-3.4	-0.73162	1.6281
-3.4	-0.65936	1.1245
-3.4	-0.5871	0.13912
-3.4	-0.51484	0.065621
-3.4	-0.44258	0.050845
-3.4	-0.37032	0.011107
-3.4	-0.29807	0.025366
-3.4	-0.2258	0.0026917
-3.4	-0.15355	0.01041
-3.4	-0.081291	0.0017778
-3.4	-0.0090323	0.0029697
-3.4	0.063226	0.0011209
-3.4	0.13549	0.00033866
-3.4	0.20774	0.00082671
-3.4	0.28	0.00063335
-3.4	0.35226	0.0085622
-3.4	0.42451	0.0039616
-3.4	0.49677	0.10083
-3.4	0.56903	0.39715
-3.4	0.64129	0.38861
-3.4	0.71355	0.087603
-3.4	0.7858	0.0080641
-3.4	0.85806	0.016066
-3.4	0.93032	0.0013558
-3.4	1.0026	0.0044294
-3.4	1.0748	0.00076135
-3.4	1.1471	0.000905
-3.4	1.2194	0.00034828
-3.4	1.2916	0.00010879
-3.4	1.3639	9.5996e-05
-3.4	1.4361	2.8941e-05
-3.4	1.5084	0.00031004
-3.4	1.5806	0.00012037
-3.4	1.6529	0.0011154
-3.4	1.7252	0.00093728
-3.4	1.7974	0.0040158
-3.4	1.8697	0.021789
-3.4	1.9419	0.023431
-3.4	2.0142	0.0064893
-3.4	2.0865	0.00020013
-3.4	2.1587	0.00034018
-3.4	2.231	3.8551e-05
-3.4	2.3032	2.7407e-05
-3.3523	-2.4658	1.7058e-05
-3.3523	-2.3213	4.2804e-05
-3.3523	-2.249	2.5499e-05
-3.3523	-2.1768	9.8115e-05
-3.3523	-2.1045	0.00032436
-3.3523	-2.0323	0.00023985
-3.3523	-1.96	0.00012113
-3.3523	-1.8877	1.5054e-05
-3.3523	-1.8155	8.7886e-05
-3.3523	-1.7432	2.5929e-05
-3.3523	-1.671	4.6464e-05
-3.3523	-1.5987	2.6466e-05
-3.3523	-1.3819	2.262e-05
-3.3523	-1.3097	0.00037793
-3.3523	-1.2374	0.00018121
-3.3523	-1.1652	0.0029056
-3.3523	-1.0929	0.0026627
-3.3523	-1.0206	0.012369
-3.3523	-0.94839	0.032871
-3.3523	-0.87613	0.059871
-3.3523	-0.80387	0.92668
-3.3523	-0.73162	2.2208
-3.3523	-0.65936	1.5018
-3.3523	-0.5871	0.15861
-3.3523	-0.51484	0.15182
-3.3523	-0.44258	0.092165
-3.3523	-0.37032	0.040076
-3.3523	-0.29807	0.073048
-3.3523	-0.2258	0.011675
-3.3523	-0.15355	0.051799
-3.3523	-0.081291	0.0084075
-3.3523	-0.0090323	0.031355
-3.3523	0.063226	0.012613
-3.3523	0.13549	0.012603
-3.3523	0.20774	0.012744
-3.3523	0.28	0.0030877
-3.3523	0.35226	0.0072496
-3.3523	0.42451	0.00090845
-3.3523	0.49677	0.029418
-3.3523	0.56903	0.1682
-3.3523	0.64129	0.22167
-3.3523	0.71355	0.055085
-3.3523	0.7858	0.012828
-3.3523	0.85806	0.021192
-3.3523	0.93032	0.0026131
-3.3523	1.0026	0.010565
-3.3523	1.0748	0.0016036
-3.3523	1.1471	0.0043058
-3.3523	1.2194	0.0016321
-3.3523	1.2916	0.0013365
-3.3523	1.3639	0.0012654
-3.3523	1.4361	0.00023531
-3.3523	1.5084	0.00050809
-3.3523	1.5806	3.9374e-05
-3.3523	1.6529	0.000134
-3.3523	1.7252	7.1242e-05
-3.3523	1.7974	0.0011782
-3.3523	1.8697	0.007621
-3.3523	1.9419	0.0099428
-3.3523	2.0142	0.0030546
-3.3523	2.0865	0.00013331
-3.3523	2.1587	0.00034124
-3.3523	2.231	3.5767e-05
-3.3523	2.3032	5.2251e-05
-3.3523	2.3755	1.4129e-05
-3.3047	-2.4658	1.4914e-05
-3.3047	-2.3213	7.1687e-05
-3.3047	-2.249	3.6231e-05
-3.3047	-2.1768	0.00040689
-3.3047	-2.1045	0.0017282
-3.3047	-2.0323	0.0016373
-3.3047	-1.96	0.00037836
-3.3047	-1.8877	9.4691e-06
-3.3047	-1.8155	1.41e-05
-3.3047	-1.3819	8.2644e-06
-3.3047	-1.3097	9.5983e-05
-3.3047	-1.2374	5.5557e-05
-3.3047	-1.1652	0.0010629
-3.3047	-1.0929	0.00069542
-3.3047	-1.0206	0.0063512
-3.3047	-0.94839	0.012079
-3.3047	-0.87613	0.044966
-3.3047	-0.80387	0.55377
-3.3047	-0.73162	1.2363
-3.3047	-0.65936	0.77535
-3.3047	-0.5871	0.065555
-3.3047	-0.51484	0.12294
-3.3047	-0.44258	0.054893
-3.3047	-0.37032	0.046303
-3.3047	-0.29807	0.062552
-3.3047	-0.2258	0.017308
-3.3047	-0.15355	0.064366
-3.3047	-0.081291	0.010265
-3.3047	-0.0090323	0.059649
-3.3047	0.063226	0.01938
-3.3047	0.13549	0.0435
-3.3047	0.20774	0.039157
-3.3047	0.28	0.026118
-3.3047	0.35226	0.067326
-3.3047	0.42451	0.018592
-3.3047	0.49677	0.189
-3.3047	0.56903	0.2117
-3.3047	0.64129	0.058116
-3.3047	0.71355	0.0055229
-3.3047	0.7858	0.0040767
-3.3047	0.85806	0.0074415
-3.3047	0.93032	0.0021218
-3.3047	1.0026	0.0091001
-3.3047	1.0748	0.001463
-3.3047	1.1471	0.0073055
-3.3047	1.2194	0.0024295
-3.3047	1.2916	0.0042712
-3.3047	1.3639	0.0036528
-3.3047	1.4361	0.0016761
-3.3047	1.5084	0.0037237
-3.3047	1.5806	0.00058663
-3.3047	1.6529	0.0029155
-3.3047	1.7252	0.00056035
-3.3047	1.7974	0.0024939
-3.3047	1.8697	0.0032245
-3.3047	1.9419	0.0013879
-3.3047	2.0142	0.00045411
-3.3047	2.0865	5.6658e-05
-3.3047	2.1587	0.00017703
-3.3047	2.231	1.9258e-05
-3.3047	2.3032	5.5127e-05
-3.3047	2.3755	1.2859e-05
-3.3047	2.4477	8.0712e-06
-3.2571	-2.3213	4.7013e-05
-3.2571	-2.249	2.2033e-05
-3.2571	-2.1768	0.00054238
-3.2571	-2.1045	0.0023831
-3.2571	-2.0323	0.0025623
-3.2571	-1.96	0.00065995
-3.2571	-1.8877	3.6271e-05
-3.2571	-1.8155	8.0833e-05
-3.2571	-1.3097	1.4399e-05
-3.2571	-1.2374	1.93e-05
-3.2571	-1.1652	0.00034771
-3.2571	-1.0929	0.00019039
-3.2571	-1.0206	0.0034268
-3.2571	-0.94839	0.0047368
-3.2571	-0.87613	0.038064
-3.2571	-0.80387	0.3863
-3.2571	-0.73162	0.80384
-3.2571	-0.65936	0.45619
-3.2571	-0.5871	0.032287
-3.2571	-0.51484	0.10714
-3.2571	-0.44258	0.03335
-3.2571	-0.37032	0.05385
-3.2571	-0.29807	0.050693
-3.2571	-0.2258	0.025876
-3.2571	-0.15355	0.067992
-3.2571	-0.081291	0.013478
-3.2571	-0.0090323	0.08286
-3.2571	0.063226	0.019642
-3.2571	0.13549	0.085029
-3.2571	0.20774	0.055786
-3.2571	0.28	0.078625
-3.2571	0.35226	0.15681
-3.2571	0.42451	0.096826
-3.2571	0.49677	1.0281
-3.2571	0.56903	1.4986
-3.2571	0.64129	0.59407
-3.2571	0.71355	0.038378
-3.2571	0.7858	0.010016
-3.2571	0.85806	0.0032396
-3.2571	0.93032	0.00031657
-3.2571	1.0026	0.00078537
-3.2571	1.0748	0.00022751
-3.2571	1.1471	0.0020758
-3.2571	1.2194	0.00069338
-3.2571	1.2916	0.0026868
-3.2571	1.3639	0.0020393
-3.2571	1.4361	0.002144
-3.2571	1.5084	0.0040965
-3.2571	1.5806	0.0012841
-3.2571	1.6529	0.0066787
-3.2571	1.7252	0.0014967
-3.2571	1.7974	0.017546
-3.2571	1.8697	0.033101
-3.2571	1.9419	0.014909
-3.2571	2.0142	0.0013778
-3.2571	2.0865	4.3033e-05
-3.2571	2.1587	3.1844e-05
-3.2571	2.3032	1.5337e-05
-3.2094	-2.1768	0.00018773
-3.2094	-2.1045	0.0008853
-3.2094	-2.0323	0.0010511
-3.2094	-1.96	0.00027292
-3.2094	-1.8877	3.3566e-05
-3.2094	-1.8155	6.6029e-05
-3.2094	-1.671	1.3748e-05
-3.2094	-1.1652	2.4842e-05
-3.2094	-1.0929	2.0562e-05
-3.2094	-1.0206	0.00077446
-3.2094	-0.94839	0.00095449
-3.2094	-0.87613	0.019444
-3.2094	-0.80387	0.19341
-3.2094	-0.73162	0.42099
-3.2094	-0.65936	0.23515
-3.2094	-0.5871	0.019321
-3.2094	-0.51484	0.092053
-3.2094	-0.44258	0.021686
-3.2094	-0.37032	0.068302
-3.2094	-0.29807	0.047134
-3.2094	-0.2258	0.04689
-3.2094	-0.15355	0.088475
-3.2094	-0.081291	0.029099
-3.2094	-0.0090323	0.14562
-3.2094	0.063226	0.029236
-3.2094	0.13549	0.20462
-3.2094	0.20774	0.094705
-3.2094	0.28	0.26441
-3.2094	0.35226	0.3792
-3.2094	0.42451	0.4887
-3.2094	0.49677	4.2221
-3.2094	0.56903	6.0292
-3.2094	0.64129	2.4318
-3.2094	0.71355	0.14267
-3.2094	0.7858	0.10151
-3.2094	0.85806	0.033114
-3.2094	0.93032	0.0095316
-3.2094	1.0026	0.008532
-3.2094	1.0748	0.00069714
-3.2094	1.1471	0.0012569
-3.2094	1.2194	8.042e-05
-3.2094	1.2916	0.00035472
-3.2094	1.3639	0.0002903
-3.2094	1.4361	0.00092361
-3.2094	1.5084	0.0016003
-3.2094	1.5806	0.0011793
-3.2094	1.6529	0.0051447
-3.2094	1.7252	0.0016678
-3.2094	1.7974	0.027408
-3.2094	1.8697	0.054683
-3.2094	1.9419	0.028593
-3.2094	2.0142	0.00303
-3.2094	2.0865	0.00033169
-3.2094	2.1587	0.00024304
-3.2094	2.231	1.1827e-05
-3.2094	2.3032	1.8172e-05
-3.1618	-2.4658	9.3423e-06
-3.1618	-2.3213	1.982e-05
-3.1618	-2.1768	6.0757e-05
-3.1618	-2.1045	0.00014505
-3.1618	-2.0323	0.00018138
-3.1618	-1.96	5.3277e-05
-3.1618	-1.8877	1.7076e-05
-3.1618	-1.8155	2.7799e-05
-3.1618	-1.671	1.0062e-05
-3.1618	-1.3819	8.3803e-06
-3.1618	-1.3097	1.7023e-05
-3.1618	-1.2374	2.1739e-05
-3.1618	-1.1652	8.1117e-05
-3.1618	-1.0929	2.1924e-05
-3.1618	-1.0206	0.00014571
-3.1618	-0.94839	4.016e-05
-3.1618	-0.87613	0.0012512
-3.1618	-0.80387	0.016458
-3.1618	-0.73162	0.04743
-3.1618	-0.65936	0.029803
-3.1618	-0.5871	0.0045783
-3.1618	-0.51484	0.023737
-3.1618	-0.44258	0.0048675
-3.1618	-0.37032	0.029101
-3.1618	-0.29807	0.015429
-3.1618	-0.2258	0.031273
-3.1618	-0.15355	0.045372
-3.1618	-0.081291	0.028221
-3.1618	-0.0090323	0.11144
-3.1618	0.063226	0.026896
-3.1618	0.13549	0.23537
-3.1618	0.20774	0.085
-3.1618	0.28	0.46342
-3.1618	0.35226	0.51578
-3.1618	0.42451	1.3961
-3.1618	0.49677	10.504
-3.1618	0.56903	15.059
-3.1618	0.64129	6.0603
-3.1618	0.71355	0.31024
-3.1618	0.7858	0.4678
-3.1618	0.85806	0.12355
-3.1618	0.93032	0.081049
-3.1618	1.0026	0.062894
-3.1618	1.0748	0.012631
-3.1618	1.1471	0.025491
-3.1618	1.2194	0.0023429
-3.1618	1.2916	0.007757
-3.1618	1.3639	0.0010728
-3.1618	1.4361	0.0010295
-3.1618	1.5084	0.0003479
-3.1618	1.5806	0.00036691
-3.1618	1.6529	0.0018009
-3.1618	1.7252	0.0015582
-3.1618	1.7974	0.028414
-3.1618	1.8697	0.06091
-3.1618	1.9419	0.034036
-3.1618	2.0142	0.0033609
-3.1618	2.0865	0.00089229
-3.1618	2.1587	0.0005339
-3.1618	2.231	5.6332e-05
-3.1618	2.3032	9.0747e-05
-3.1141	-2.4658	2.3018e-05
-3.1141	-2.3935	4.2618e-05
-3.1141	-2.3213	0.00012517
-3.1141	-2.249	8.3618e-05
-3.1141	-2.1768	0.0011265
-3.1141	-2.1045	0.0018764
-3.1141	-2.0323	0.00080459
-3.1141	-1.96	6.2782e-05
-3.1141	-1.3819	1.6352e-05
-3.1141	-1.3097	2.4491e-05
-3.1141	-1.2374	7.6371e-05
-3.1141	-1.1652	0.0002331
-3.1141	-1.0929	0.00014313
-3.1141	-1.0206	0.0011494
-3.1141	-0.94839	0.0003867
-3.1141	-0.87613	0.0071082
-3.1141	-0.80387	0.018473
-3.1141	-0.73162	0.01089
-3.1141	-0.65936	0.0015954
-3.1141	-0.5871	0.00036695
-3.1141	-0.51484	0.0019588
-3.1141	-0.44258	0.00057617
-3.1141	-0.37032	0.0056489
-3.1141	-0.29807	0.0022443
-3.1141	-0.2258	0.0099534
-3.1141	-0.15355	0.010323
-3.1141	-0.081291	0.012564
-3.1141	-0.0090323	0.035069
-3.1141	0.063226	0.013107
-3.1141	0.13549	0.099524
-3.1141	0.20774	0.02847
-3.1141	0.28	0.26529
-3.1141	0.35226	0.21334
-3.1141	0.42451	1.1732
-3.1141	0.49677	7.5268
-3.1141	0.56903	10.451
-3.1141	0.64129	4.0223
-3.1141	0.71355	0.19351
-3.1141	0.7858	0.51461
-3.1141	0.85806	0.10739
-3.1141	0.93032	0.1429
-3.1141	1.0026	0.090425
-3.1141	1.0748	0.037859
-3.1141	1.1471	0.065271
-3.1141	1.2194	0.0099532
-3.1141	1.2916	0.040574
-3.1141	1.3639	0.0059834
-3.1141	1.4361	0.017778
-3.1141	1.5084	0.0064555
-3.1141	1.5806	0.0052636
-3.1141	1.6529	0.004679
-3.1141	1.7252	0.0010843
-3.1141	1.7974	0.0075819
-3.1141	1.8697	0.02086
-3.1141	1.9419	0.017361
-3.1141	2.0142	0.0019469
-3.1141	2.0865	0.0013873
-3.1141	2.1587	0.00071108
-3.1141	2.231	0.00016759
-3.1141	2.3032	0.00022201
-3.1141	2.3755	1.4836e-05
-3.1141	2.4477	3.2949e-05
-3.0665	-2.3935	3.4721e-05
-3.0665	-2.3213	8.5819e-05
-3.0665	-2.249	0.00013684
-3.0665	-2.1768	0.0018422
-3.0665	-2.1045	0.0036814
-3.0665	-2.0323	0.0019985
-3.0665	-1.96	0.00017313
-3.0665	-1.8877	7.1405e-05
-3.0665	-1.8155	3.3069e-05
-3.0665	-1.3819	1.3319e-05
-3.0665	-1.3097	1.6251e-05
-3.0665	-1.2374	0.00013721
-3.0665	-1.1652	0.00033216
-3.0665	-1.0929	0.00048816
-3.0665	-1.0206	0.0031943
-3.0665	-0.94839	0.0016221
-3.0665	-0.87613	0.04391
-3.0665	-0.80387	0.13703
-3.0665	-0.73162	0.11286
-3.0665	-0.65936	0.019821
-3.0665	-0.5871	0.0023881
-3.0665	-0.51484	0.003007
-3.0665	-0.44258	0.00016751
-3.0665	-0.37032	0.00048492
-3.0665	-0.29807	0.00015512
-3.0665	-0.2258	0.0020653
-3.0665	-0.15355	0.0017556
-3.0665	-0.081291	0.0053101
-3.0665	-0.0090323	0.010885
-3.0665	0.063226	0.0079844
-3.0665	0.13549	0.044231
-3.0665	0.20774	0.012748
-3.0665	0.28	0.15306
-3.0665	0.35226	0.084821
-3.0665	0.42451	0.9043
-3.0665	0.49677	4.7156
-3.0665	0.56903	5.8578
-3.0665	0.64129	1.9407
-3.0665	0.71355	0.10289
-3.0665	0.7858	0.33723
-3.0665	0.85806	0.04993
-3.0665	0.93032	0.12044
-3.0665	1.0026	0.053967
-3.0665	1.0748	0.042778
-3.0665	1.1471	0.053434
-3.0665	1.2194	0.014034
-3.0665	1.2916	0.04747
-3.0665	1.3639	0.0067261
-3.0665	1.4361	0.034335
-3.0665	1.5084	0.010517
-3.0665	1.5806	0.021659
-3.0665	1.6529	0.019472
-3.0665	1.7252	0.016584
-3.0665	1.7974	0.07814
-3.0665	1.8697	0.05511
-3.0665	1.9419	0.00919
-3.0665	2.0142	0.00019474
-3.0665	2.0865	0.0002338
-3.0665	2.1587	0.00014272
-3.0665	2.231	0.00010225
-3.0665	2.3032	0.0001342
-3.0665	2.3755	1.7264e-05
-3.0665	2.4477	4.1551e-05
-3.0189	-2.3935	9.2637e-06
-3.0189	-2.3213	1.7167e-05
-3.0189	-2.249	6.4525e-05
-3.0189	-2.1768	0.00074271
-3.0189	-2.1045	0.0015104
-3.0189	-2.0323	0.00084445
-3.0189	-1.96	6.5076e-05
-3.0189	-1.8877	6.6e-05
-3.0189	-1.8155	2.5435e-05
-3.0189	-1.2374	2.7538e-05
-3.0189	-1.1652	6.3808e-05
-3.0189	-1.0929	0.00030214
-3.0189	-1.0206	0.0017869
-3.0189	-0.94839	0.0019833
-3.0189	-0.87613	0.058918
-3.0189	-0.80387	0.20871
-3.0189	-0.73162	0.20122
-3.0189	-0.65936	0.03752
-3.0189	-0.5871	0.013308
-3.0189	-0.51484	0.016141
-3.0189	-0.44258	0.0024676
-3.0189	-0.37032	0.0079028
-3.0189	-0.29807	0.00094011
-3.0189	-0.2258	0.0020725
-3.0189	-0.15355	0.00048794
-3.0189	-0.081291	0.00083423
-3.0189	-0.0090323	0.001476
-3.0189	0.063226	0.0036592
-3.0189	0.13549	0.016774
-3.0189	0.20774	0.0082836
-3.0189	0.28	0.0996
-3.0189	0.35226	0.043875
-3.0189	0.42451	0.88993
-3.0189	0.49677	3.9767
-3.0189	0.56903	4.4956
-3.0189	0.64129	1.267
-3.0189	0.71355	0.10267
-3.0189	0.7858	0.29089
-3.0189	0.85806	0.033174
-3.0189	0.93032	0.12627
-3.0189	1.0026	0.038242
-3.0189	1.0748	0.054839
-3.0189	1.1471	0.046732
-3.0189	1.2194	0.021601
-3.0189	1.2916	0.051041
-3.0189	1.3639	0.0085016
-3.0189	1.4361	0.047591
-3.0189	1.5084	0.010641
-3.0189	1.5806	0.041927
-3.0189	1.6529	0.028217
-3.0189	1.7252	0.055233
-3.0189	1.7974	0.2454
-3.0189	1.8697	0.20829
-3.0189	1.9419	0.047369
-3.0189	2.0142	0.0011939
-3.0189	2.0865	0.00099913
-3.0189	2.1587	0.00010587
-3.0189	2.231	2.3812e-05
-2.9712	-2.249	1.7643e-05
-2.9712	-2.1768	0.0001894
-2.9712	-2.1045	0.00040175
-2.9712	-2.0323	0.0002249
-2.9712	-1.96	1.4983e-05
-2.9712	-1.8877	3.0901e-05
-2.9712	-1.8155	8.8817e-06
-2.9712	-1.2374	1.2686e-05
-2.9712	-1.1652	9.4414e-06
-2.9712	-1.0929	1.7326e-05
-2.9712	-1.0206	7.2112e-05
-2.9712	-0.94839	0.0002927
-2.9712	-0.87613	0.0089353
-2.9712	-0.80387	0.037997
-2.9712	-0.73162	0.043242
-2.9712	-0.65936	0.0081528
-2.9712	-0.5871	0.00729
-2.9712	-0.51484	0.0077594
-2.9712	-0.44258	0.0029043
-2.9712	-0.37032	0.0087942
-2.9712	-0.29807	0.0014427
-2.9712	-0.2258	0.0074659
-2.9712	-0.15355	0.0018465
-2.9712	-0.081291	0.0044062
-2.9712	-0.0090323	0.0022197
-2.9712	0.063226	0.0013271
-2.9712	0.13549	0.0016786
-2.9712	0.20774	0.0017783
-2.9712	0.28	0.023697
-2.9712	0.35226	0.014278
-2.9712	0.42451	0.56568
-2.9712	0.49677	2.6654
-2.9712	0.56903	3.1757
-2.9712	0.64129	0.83688
-2.9712	0.71355	0.13875
-2.9712	0.7858	0.29862
-2.9712	0.85806	0.036353
-2.9712	0.93032	0.17322
-2.9712	1.0026	0.036502
-2.9712	1.0748	0.094949
-2.9712	1.1471	0.055032
-2.9712	1.2194	0.045765
-2.9712	1.2916	0.073016
-2.9712	1.3639	0.018628
-2.9712	1.4361	0.082706
-2.9712	1.5084	0.014634
-2.9712	1.5806	0.090356
-2.9712	1.6529	0.042088
-2.9712	1.7252	0.1647
-2.9712	1.7974	0.60769
-2.9712	1.8697	0.49104
-2.9712	1.9419	0.10643
-2.9712	2.0142	0.0026743
-2.9712	2.0865	0.0044532
-2.9712	2.1587	0.00043685
-2.9712	2.231	0.00029724
-2.9712	2.3032	7.5737e-05
-2.9712	2.3755	1.0336e-05
-2.9236	-2.1768	2.2174e-05
-2.9236	-2.1045	4.8895e-05
-2.9236	-2.0323	3.2303e-05
-2.9236	-1.8877	9.5213e-06
-2.9236	-1.3819	8.0182e-06
-2.9236	-1.2374	3.939e-05
-2.9236	-1.1652	2.498e-05
-2.9236	-1.0929	8.809e-05
-2.9236	-1.0206	0.00013776
-2.9236	-0.94839	0.00018648
-2.9236	-0.87613	0.0014192
-2.9236	-0.80387	0.0023503
-2.9236	-0.73162	0.0022401
-2.9236	-0.65936	0.00044797
-2.9236	-0.5871	0.0010303
-2.9236	-0.51484	0.00096764
-2.9236	-0.44258	0.00088808
-2.9236	-0.37032	0.0021187
-2.9236	-0.29807	0.00063408
-2.9236	-0.2258	0.0034774
-2.9236	-0.15355	0.00078984
-2.9236	-0.081291	0.0045862
-2.9236	-0.0090323	0.0021222
-2.9236	0.063226	0.0043906
-2.9236	0.13549	0.0050045
-2.9236	0.20774	0.002642
-2.9236	0.28	0.0070996
-2.9236	0.35226	0.0014564
-2.9236	0.42451	0.028359
-2.9236	0.49677	0.18273
-2.9236	0.56903	0.33565
-2.9236	0.64129	0.10862
-2.9236	0.71355	0.051606
-2.9236	0.7858	0.097686
-2.9236	0.85806	0.021645
-2.9236	0.93032	0.10938
-2.9236	1.0026	0.020534
-2.9236	1.0748	0.10245
-2.9236	1.1471	0.046308
-2.9236	1.2194	0.078194
-2.9236	1.2916	0.094229
-2.9236	1.3639	0.04631
-2.9236	1.4361	0.15405
-2.9236	1.5084	0.030325
-2.9236	1.5806	0.22929
-2.9236	1.6529	0.076999
-2.9236	1.7252	0.58674
-2.9236	1.7974	1.8119
-2.9236	1.8697	1.3389
-2.9236	1.9419	0.25459
-2.9236	2.0142	0.0078989
-2.9236	2.0865	0.015501
-2.9236	2.1587	0.00113
-2.9236	2.231	0.0015159
-2.9236	2.3032	0.00030303
-2.9236	2.3755	9.2602e-05
-2.9236	2.4477	3.8612e-05
-2.876	-2.249	3.2696e-05
-2.876	-2.1768	0.00011615
-2.876	-2.1045	9.1891e-05
-2.876	-2.0323	1.7634e-05
-2.876	-1.2374	5.6209e-05
-2.876	-1.1652	2.6045e-05
-2.876	-1.0929	0.00022859
-2.876	-1.0206	0.0002868
-2.876	-0.94839	0.0010632
-2.876	-0.87613	0.0084812
-2.876	-0.80387	0.012604
-2.876	-0.73162	0.0050535
-2.876	-0.65936	0.00026197
-2.876	-0.5871	0.00024183
-2.876	-0.51484	0.00010064
-2.876	-0.44258	8.726e-05
-2.876	-0.37032	0.00021134
-2.876	-0.29807	0.00018163
-2.876	-0.2258	0.00079969
-2.876	-0.15355	0.00024539
-2.876	-0.081291	0.0020351
-2.876	-0.0090323	0.00072041
-2.876	0.063226	0.0037297
-2.876	0.13549	0.0034318
-2.876	0.20774	0.0049852
-2.876	0.28	0.013361
-2.876	0.35226	0.0074873
-2.876	0.42451	0.09614
-2.876	0.49677	0.15049
-2.876	0.56903	0.058793
-2.876	0.64129	0.0039809
-2.876	0.71355	0.0014567
-2.876	0.7858	0.0026551
-2.876	0.85806	0.0021173
-2.876	0.93032	0.0098075
-2.876	1.0026	0.0023154
-2.876	1.0748	0.019425
-2.876	1.1471	0.0071314
-2.876	1.2194	0.026808
-2.876	1.2916	0.026212
-2.876	1.3639	0.028101
-2.876	1.4361	0.07607
-2.876	1.5084	0.025111
-2.876	1.5806	0.19477
-2.876	1.6529	0.060064
-2.876	1.7252	0.89863
-2.876	1.7974	2.7315
-2.876	1.8697	2.0998
-2.876	1.9419	0.38794
-2.876	2.0142	0.022302
-2.876	2.0865	0.039545
-2.876	2.1587	0.0025702
-2.876	2.231	0.0058941
-2.876	2.3032	0.0008868
-2.876	2.3755	0.00053938
-2.876	2.4477	0.00016743
-2.8283	-2.249	4.605e-05
-2.8283	-2.1768	0.00017531
-2.8283	-2.1045	0.00016643
-2.8283	-2.0323	3.7037e-05
-2.8283	-1.2374	5.6838e-05
-2.8283	-1.1652	2.4333e-05
-2.8283	-1.0929	0.00041099
-2.8283	-1.0206	0.00037652
-2.8283	-0.94839	0.0033131
-2.8283	-0.87613	0.023889
-2.8283	-0.80387	0.037289
-2.8283	-0.73162	0.015839
-2.8283	-0.65936	0.0008136
-2.8283	-0.5871	0.0020246
-2.8283	-0.51484	0.00047137
-2.8283	-0.44258	0.00037186
-2.8283	-0.37032	0.00026214
-2.8283	-0.29807	3.2219e-05
-2.8283	-0.2258	7.2089e-05
-2.8283	-0.15355	4.9589e-05
-2.8283	-0.081291	0.00039389
-2.8283	-0.0090323	0.0001488
-2.8283	0.063226	0.0018015
-2.8283	0.13549	0.0012515
-2.8283	0.20774	0.0046403
-2.8283	0.28	0.0097173
-2.8283	0.35226	0.012928
-2.8283	0.42451	0.15643
-2.8283	0.49677	0.28938
-2.8283	0.56903	0.15016
-2.8283	0.64129	0.012741
-2.8283	0.71355	0.0057337
-2.8283	0.7858	0.0027132
-2.8283	0.85806	0.00032277
-2.8283	0.93032	0.00040894
-2.8283	1.0026	0.00011074
-2.8283	1.0748	0.0010459
-2.8283	1.1471	0.00037585
-2.8283	1.2194	0.0034
-2.8283	1.2916	0.0025591
-2.8283	1.3639	0.0061419
-2.8283	1.4361	0.012243
-2.8283	1.5084	0.0077493
-2.8283	1.5806	0.046565
-2.8283	1.6529	0.015786
-2.8283	1.7252	0.33904
-2.8283	1.7974	0.9644
-2.8283	1.8697	0.73643
-2.8283	1.9419	0.12634
-2.8283	2.0142	0.01522
-2.8283	2.0865	0.021758
-2.8283	2.1587	0.0017116
-2.8283	2.231	0.005298
-2.8283	2.3032	0.00065568
-2.8283	2.3755	0.00080722
-2.8283	2.4477	0.00020465
-2.7807	-2.249	3.1582e-05
-2.7807	-2.1768	0.00012694
-2.7807	-2.1045	0.00013267
-2.7807	-2.0323	2.9464e-05
-2.7807	-1.2374	9.2086e-06
-2.7807	-1.0929	0.00019525
-2.7807	-1.0206	0.00015624
-2.7807	-0.94839	0.0036692
-2.7807	-0.87613	0.027887
-2.7807	-0.80387	0.049576
-2.7807	-0.73162	0.022793
-2.7807	-0.65936	0.0015652
-2.7807	-0.5871	0.0062579
-2.7807	-0.51484	0.0011913
-2.7807	-0.44258	0.0027508
-2.7807	-0.37032	0.0015288
-2.7807	-0.29807	0.00080987
-2.7807	-0.2258	0.0011432
-2.7807	-0.15355	0.00017734
-2.7807	-0.081291	0.00052448
-2.7807	-0.0090323	6.8166e-05
-2.7807	0.063226	0.00028501
-2.7807	0.13549	0.00015955
-2.7807	0.20774	0.0022846
-2.7807	0.28	0.0039125
-2.7807	0.35226	0.013982
-2.7807	0.42451	0.14974
-2.7807	0.49677	0.28875
-2.7807	0.56903	0.15597
-2.7807	0.64129	0.011789
-2.7807	0.71355	0.013679
-2.7807	0.7858	0.0055787
-2.7807	0.85806	0.0024515
-2.7807	0.93032	0.0028581
-2.7807	1.0026	0.00035251
-2.7807	1.0748	0.00085431
-2.7807	1.1471	8.5468e-05
-2.7807	1.2194	0.00018665
-2.7807	1.2916	8.1908e-05
-2.7807	1.3639	0.00069241
-2.7807	1.4361	0.0012212
-2.7807	1.5084	0.0019079
-2.7807	1.5806	0.0088911
-2.7807	1.6529	0.0049017
-2.7807	1.7252	0.10563
-2.7807	1.7974	0.27294
-2.7807	1.8697	0.19286
-2.7807	1.9419	0.027235
-2.7807	2.0142	0.0064795
-2.7807	2.0865	0.006388
-2.7807	2.1587	0.00072956
-2.7807	2.231	0.0019758
-2.7807	2.3032	0.00018262
-2.7807	2.3755	0.00038416
-2.7807	2.4477	6.8225e-05
-2.733	-2.4658	2.1647e-05
-2.733	-2.3935	6.0894e-05
-2.733	-2.3213	1.8804e-05
-2.733	-2.249	0.00018705
-2.733	-2.1768	0.00022269
-2.733	-2.1045	8.8172e-05
-2.733	-2.0323	1.2023e-05
-2.733	-1.0929	1.0622e-05
-2.733	-1.0206	8.4587e-06
-2.733	-0.94839	0.00057215
-2.733	-0.87613	0.0047835
-2.733	-0.80387	0.0098702
-2.733	-0.73162	0.0049255
-2.733	-0.65936	0.00064264
-2.733	-0.5871	0.0029562
-2.733	-0.51484	0.00054369
-2.733	-0.44258	0.0028695
-2.733	-0.37032	0.0013952
-2.733	-0.29807	0.0021536
-2.733	-0.2258	0.0026776
-2.733	-0.15355	0.0013738
-2.733	-0.081291	0.0040252
-2.733	-0.0090323	0.00074248
-2.733	0.063226	0.0040401
-2.733	0.13549	0.00092526
-2.733	0.20774	0.0022818
-2.733	0.28	0.0011892
-2.733	0.35226	0.0064887
-2.733	0.42451	0.069122
-2.733	0.49677	0.16402
-2.733	0.56903	0.10115
-2.733	0.64129	0.0074239
-2.733	0.71355	0.01852
-2.733	0.7858	0.0059304
-2.733	0.85806	0.006139
-2.733	0.93032	0.0055162
-2.733	1.0026	0.0016996
-2.733	1.0748	0.0038481
-2.733	1.1471	0.00053814
-2.733	1.2194	0.0020924
-2.733	1.2916	0.0003531
-2.733	1.3639	0.00067471
-2.733	1.4361	0.00022898
-2.733	1.5084	0.00017868
-2.733	1.5806	0.00061535
-2.733	1.6529	0.00098985
-2.733	1.7252	0.022565
-2.733	1.7974	0.063007
-2.733	1.8697	0.045849
-2.733	1.9419	0.0055599
-2.733	2.0142	0.0028102
-2.733	2.0865	0.0019625
-2.733	2.1587	0.00040584
-2.733	2.231	0.00079512
-2.733	2.3032	6.6681e-05
-2.733	2.3755	0.00018891
-2.733	2.4477	2.2089e-05
-2.6854	-2.4658	3.3404e-05
-2.6854	-2.3935	9.7685e-05
-2.6854	-2.3213	0.00010421
-2.6854	-2.249	0.0015009
-2.6854	-2.1768	0.0027686
-2.6854	-2.1045	0.0012891
-2.6854	-2.0323	9.5783e-05
-2.6854	-1.96	1.6594e-05
-2.6854	-1.2374	1.2915e-05
-2.6854	-1.0929	4.2842e-05
-2.6854	-1.0206	1.2098e-05
-2.6854	-0.94839	0.0001674
-2.6854	-0.87613	0.00039967
-2.6854	-0.80387	0.00054494
-2.6854	-0.73162	0.00029939
-2.6854	-0.65936	9.7179e-05
-2.6854	-0.5871	0.00039356
-2.6854	-0.51484	8.5569e-05
-2.6854	-0.44258	0.00067249
-2.6854	-0.37032	0.00023867
-2.6854	-0.29807	0.00087814
-2.6854	-0.2258	0.0008132
-2.6854	-0.15355	0.00099998
-2.6854	-0.081291	0.0023336
-2.6854	-0.0090323	0.00096491
-2.6854	0.063226	0.0057618
-2.6854	0.13549	0.0014038
-2.6854	0.20774	0.010935
-2.6854	0.28	0.0059744
-2.6854	0.35226	0.027786
-2.6854	0.42451	0.10143
-2.6854	0.49677	0.082129
-2.6854	0.56903	0.025891
-2.6854	0.64129	0.0020029
-2.6854	0.71355	0.0092997
-2.6854	0.7858	0.0031456
-2.6854	0.85806	0.007868
-2.6854	0.93032	0.0059404
-2.6854	1.0026	0.0045849
-2.6854	1.0748	0.0078898
-2.6854	1.1471	0.0020111
-2.6854	1.2194	0.0078379
-2.6854	1.2916	0.0012509
-2.6854	1.3639	0.0059017
-2.6854	1.4361	0.0020087
-2.6854	1.5084	0.0031504
-2.6854	1.5806	0.0028665
-2.6854	1.6529	0.0015498
-2.6854	1.7252	0.0061624
-2.6854	1.7974	0.0053597
-2.6854	1.8697	0.0038588
-2.6854	1.9419	0.00052688
-2.6854	2.0142	0.00079325
-2.6854	2.0865	0.00044279
-2.6854	2.1587	0.00020899
-2.6854	2.231	0.00029366
-2.6854	2.3032	3.3904e-05
-2.6854	2.3755	9.4701e-05
-2.6378	-2.4658	1.6581e-05
-2.6378	-2.3935	3.3424e-05
-2.6378	-2.3213	7.6256e-05
-2.6378	-2.249	0.0010012
-2.6378	-2.1768	0.0021977
-2.6378	-2.1045	0.0013618
-2.6378	-2.0323	0.00012921
-2.6378	-1.96	8.5902e-05
-2.6378	-1.8877	4.0138e-05
-2.6378	-1.3097	8.9133e-06
-2.6378	-1.2374	1.7364e-05
-2.6378	-1.1652	2.6471e-05
-2.6378	-1.0929	0.00013373
-2.6378	-1.0206	6.7356e-05
-2.6378	-0.94839	0.0014752
-2.6378	-0.87613	0.0037291
-2.6378	-0.80387	0.0024503
-2.6378	-0.73162	0.00032202
-2.6378	-0.65936	3.4409e-05
-2.6378	-0.5871	3.7013e-05
-2.6378	-0.51484	8.6007e-06
-2.6378	-0.44258	7.1544e-05
-2.6378	-0.37032	2.475e-05
-2.6378	-0.29807	0.00021864
-2.6378	-0.2258	0.00014366
-2.6378	-0.15355	0.00039034
-2.6378	-0.081291	0.0006289
-2.6378	-0.0090323	0.00056275
-2.6378	0.063226	0.0024004
-2.6378	0.13549	0.00072684
-2.6378	0.20774	0.0077958
-2.6378	0.28	0.0034309
-2.6378	0.35226	0.041986
-2.6378	0.42451	0.17501
-2.6378	0.49677	0.17418
-2.6378	0.56903	0.044416
-2.6378	0.64129	0.0015636
-2.6378	0.71355	0.0034463
-2.6378	0.7858	0.00052538
-2.6378	0.85806	0.00083421
-2.6378	0.93032	0.00083592
-2.6378	1.0026	0.0020457
-2.6378	1.0748	0.0034274
-2.6378	1.1471	0.0024558
-2.6378	1.2194	0.0089024
-2.6378	1.2916	0.0021268
-2.6378	1.3639	0.015435
-2.6378	1.4361	0.0045403
-2.6378	1.5084	0.018714
-2.6378	1.5806	0.015437
-2.6378	1.6529	0.025801
-2.6378	1.7252	0.12459
-2.6378	1.7974	0.10563
-2.6378	1.8697	0.023335
-2.6378	1.9419	0.00060927
-2.6378	2.0142	0.00021422
-2.6378	2.0865	3.6516e-05
-2.6378	2.1587	4.4558e-05
-2.6378	2.231	5.5073e-05
-2.6378	2.3032	1.6383e-05
-2.6378	2.3755	3.6915e-05
-2.5901	-2.3935	1.0239e-05
-2.5901	-2.3213	4.2841e-05
-2.5901	-2.249	0.00043118
-2.5901	-2.1768	0.00083917
-2.5901	-2.1045	0.00046447
-2.5901	-2.0323	3.522e-05
-2.5901	-1.96	4.9013e-05
-2.5901	-1.8877	1.9458e-05
-2.5901	-1.4542	1.0688e-05
-2.5901	-1.3097	1.4693e-05
-2.5901	-1.2374	1.2805e-05
-2.5901	-1.1652	3.843e-05
-2.5901	-1.0929	0.00015255
-2.5901	-1.0206	0.00018399
-2.5901	-0.94839	0.0038045
-2.5901	-0.87613	0.010245
-2.5901	-0.80387	0.0076289
-2.5901	-0.73162	0.0010689
-2.5901	-0.65936	0.00035461
-2.5901	-0.5871	0.0003292
-2.5901	-0.51484	3.3271e-05
-2.5901	-0.44258	8.576e-05
-2.5901	-0.37032	8.6055e-06
-2.5901	-0.29807	1.6557e-05
-2.5901	-0.15355	7.4623e-05
-2.5901	-0.081291	9.3497e-05
-2.5901	-0.0090323	0.0002335
-2.5901	0.063226	0.00070954
-2.5901	0.13549	0.00041231
-2.5901	0.20774	0.0037463
-2.5901	0.28	0.001418
-2.5901	0.35226	0.032155
-2.5901	0.42451	0.12448
-2.5901	0.49677	0.1263
-2.5901	0.56903	0.03182
-2.5901	0.64129	0.0023517
-2.5901	0.71355	0.005844
-2.5901	0.7858	0.00056453
-2.5901	0.85806	0.0014504
-2.5901	0.93032	0.00039953
-2.5901	1.0026	0.00015879
-2.5901	1.0748	0.00012081
-2.5901	1.1471	0.00015906
-2.5901	1.2194	0.00057242
-2.5901	1.2916	0.00043828
-2.5901	1.3639	0.0036685
-2.5901	1.4361	0.001162
-2.5901	1.5084	0.012389
-2.5901	1.5806	0.0097768
-2.5901	1.6529	0.046594
-2.5901	1.7252	0.25822
-2.5901	1.7974	0.29
-2.5901	1.8697	0.086295
-2.5901	1.9419	0.0028769
-2.5901	2.0142	0.0038059
-2.5901	2.0865	0.00055421
-2.5901	2.1587	0.00018726
-2.5901	2.231	6.299e-05
-2.5425	-2.3213	1.9398e-05
-2.5425	-2.249	0.00016034
-2.5425	-2.1768	0.00028315
-2.5425	-2.1045	0.00013879
-2.5425	-2.0323	8.7013e-06
-2.5425	-1.96	2.0079e-05
-2.5425	-1.4542	1.671e-05
-2.5425	-1.3097	8.6867e-05
-2.5425	-1.2374	6.3982e-05
-2.5425	-1.1652	0.00013466
-2.5425	-1.0929	0.00024072
-2.5425	-1.0206	0.00029764
-2.5425	-0.94839	0.0042557
-2.5425	-0.87613	0.011884
-2.5425	-0.80387	0.0098409
-2.5425	-0.73162	0.0013146
-2.5425	-0.65936	0.00099922
-2.5425	-0.5871	0.00076334
-2.5425	-0.51484	0.00019704
-2.5425	-0.44258	0.00045426
-2.5425	-0.37032	4.9558e-05
-2.5425	-0.29807	0.0001845
-2.5425	-0.2258	3.304e-05
-2.5425	-0.15355	5.5436e-05
-2.5425	-0.081291	2.121e-05
-2.5425	-0.0090323	2.7296e-05
-2.5425	0.063226	6.4359e-05
-2.5425	0.13549	0.00014714
-2.5425	0.20774	0.0010308
-2.5425	0.28	0.00053785
-2.5425	0.35226	0.016684
-2.5425	0.42451	0.061261
-2.5425	0.49677	0.061414
-2.5425	0.56903	0.014057
-2.5425	0.64129	0.0021608
-2.5425	0.71355	0.0042202
-2.5425	0.7858	0.00045392
-2.5425	0.85806	0.0019593
-2.5425	0.93032	0.00039191
-2.5425	1.0026	0.00070232
-2.5425	1.0748	0.0003654
-2.5425	1.1471	0.000178
-2.5425	1.2194	0.00021439
-2.5425	1.2916	2.8778e-05
-2.5425	1.3639	9.9926e-05
-2.5425	1.4361	5.1537e-05
-2.5425	1.5084	0.00096084
-2.5425	1.5806	0.00065418
-2.5425	1.6529	0.0092862
-2.5425	1.7252	0.05383
-2.5425	1.7974	0.071123
-2.5425	1.8697	0.024479
-2.5425	1.9419	0.001087
-2.5425	2.0142	0.0029214
-2.5425	2.0865	0.00042219
-2.5425	2.1587	0.00047792
-2.5425	2.231	0.00017717
-2.5425	2.3032	3.6168e-05
-2.5425	2.3755	2.4462e-05
-2.4949	-2.249	4.4334e-05
-2.4949	-2.1768	7.1715e-05
-2.4949	-2.1045	3.0775e-05
-2.4949	-1.4542	9.6593e-06
-2.4949	-1.3097	7.6933e-05
-2.4949	-1.2374	4.2419e-05
-2.4949	-1.1652	0.00028702
-2.4949	-1.0929	0.00047031
-2.4949	-1.0206	0.0012057
-2.4949	-0.94839	0.011289
-2.4949	-0.87613	0.018025
-2.4949	-0.80387	0.0085993
-2.4949	-0.73162	0.00072573
-2.4949	-0.65936	0.00109
-2.4949	-0.5871	0.00075342
-2.4949	-0.51484	0.00045311
-2.4949	-0.44258	0.00084089
-2.4949	-0.37032	0.00017454
-2.4949	-0.29807	0.00069258
-2.4949	-0.2258	0.00011362
-2.4949	-0.15355	0.00051104
-2.4949	-0.081291	0.00016434
-2.4949	-0.0090323	0.00024337
-2.4949	0.063226	0.00019945
-2.4949	0.13549	5.6708e-05
-2.4949	0.20774	0.00011947
-2.4949	0.28	9.7407e-05
-2.4949	0.35226	0.0033842
-2.4949	0.42451	0.014634
-2.4949	0.49677	0.016635
-2.4949	0.56903	0.0036761
-2.4949	0.64129	0.001249
-2.4949	0.71355	0.0018509
-2.4949	0.7858	0.00032565
-2.4949	0.85806	0.0013564
-2.4949	0.93032	0.00021243
-2.4949	1.0026	0.00082802
-2.4949	1.0748	0.0003154
-2.4949	1.1471	0.00044167
-2.4949	1.2194	0.00042304
-2.4949	1.2916	0.00017265
-2.4949	1.3639	0.00041308
-2.4949	1.4361	5.8127e-05
-2.4949	1.5084	0.00024286
-2.4949	1.5806	4.7692e-05
-2.4949	1.6529	0.00059467
-2.4949	1.7252	0.0034206
-2.4949	1.7974	0.0055542
-2.4949	1.8697	0.002128
-2.4949	1.9419	0.00016228
-2.4949	2.0142	0.00050967
-2.4949	2.0865	6.2755e-05
-2.4949	2.1587	0.00015495
-2.4949	2.231	4.5831e-05
-2.4949	2.3032	2.6074e-05
-2.4949	2.3755	1.5023e-05
-2.4472	-2.249	1.0965e-05
-2.4472	-2.1768	1.3804e-05
-2.4472	-1.3097	4.7662e-05
-2.4472	-1.2374	1.8915e-05
-2.4472	-1.1652	0.00025192
-2.4472	-1.0929	0.00028988
-2.4472	-1.0206	0.0016678
-2.4472	-0.94839	0.014445
-2.4472	-0.87613	0.025499
-2.4472	-0.80387	0.012493
-2.4472	-0.73162	0.00075907
-2.4472	-0.65936	0.0014562
-2.4472	-0.5871	0.00048855
-2.4472	-0.51484	0.00028608
-2.4472	-0.44258	0.00045114
-2.4472	-0.37032	0.00024447
-2.4472	-0.29807	0.00085552
-2.4472	-0.2258	0.00023908
-2.4472	-0.15355	0.0015241
-2.4472	-0.081291	0.00037313
-2.4472	-0.0090323	0.0015222
-2.4472	0.063226	0.00095319
-2.4472	0.13549	0.00096756
-2.4472	0.20774	0.0017094
-2.4472	0.28	0.00072858
-2.4472	0.35226	0.0057566
-2.4472	0.42451	0.0057219
-2.4472	0.49677	0.0019167
-2.4472	0.56903	0.00028328
-2.4472	0.64129	0.00026056
-2.4472	0.71355	0.00035307
-2.4472	0.7858	0.00015768
-2.4472	0.85806	0.00052246
-2.4472	0.93032	9.0377e-05
-2.4472	1.0026	0.00053704
-2.4472	1.0748	0.00014825
-2.4472	1.1471	0.00045519
-2.4472	1.2194	0.00031246
-2.4472	1.2916	0.00032017
-2.4472	1.3639	0.0005793
-2.4472	1.4361	0.00017142
-2.4472	1.5084	0.00086086
-2.4472	1.5806	0.00018949
-2.4472	1.6529	0.002093
-2.4472	1.7252	0.0037532
-2.4472	1.7974	0.0016383
-2.4472	1.8697	0.00018865
-2.4472	1.9419	1.0729e-05
-2.4472	2.0142	3.4923e-05
-2.4472	2.1587	2.381e-05
-2.3996	-2.249	8.7425e-06
-2.3996	-1.3097	2.3516e-05
-2.3996	-1.2374	9.3604e-06
-2.3996	-1.1652	0.00016624
-2.3996	-1.0929	0.00013195
-2.3996	-1.0206	0.0015226
-2.3996	-0.94839	0.011126
-2.3996	-0.87613	0.018709
-2.3996	-0.80387	0.008683
-2.3996	-0.73162	0.0005243
-2.3996	-0.65936	0.0017858
-2.3996	-0.5871	0.00045433
-2.3996	-0.51484	0.00058821
-2.3996	-0.44258	0.0004926
-2.3996	-0.37032	9.3891e-05
-2.3996	-0.29807	0.00018558
-2.3996	-0.2258	0.00010983
-2.3996	-0.15355	0.0006727
-2.3996	-0.081291	0.00022276
-2.3996	-0.0090323	0.0024669
-2.3996	0.063226	0.0013781
-2.3996	0.13549	0.0047828
-2.3996	0.20774	0.0068799
-2.3996	0.28	0.007973
-2.3996	0.35226	0.061677
-2.3996	0.42451	0.076308
-2.3996	0.49677	0.026376
-2.3996	0.56903	0.0014039
-2.3996	0.64129	0.00049266
-2.3996	0.71355	0.00015854
-2.3996	0.7858	2.1019e-05
-2.3996	0.85806	5.6181e-05
-2.3996	0.93032	2.7529e-05
-2.3996	1.0026	0.0001654
-2.3996	1.0748	3.9987e-05
-2.3996	1.1471	0.00025616
-2.3996	1.2194	0.00012514
-2.3996	1.2916	0.00030515
-2.3996	1.3639	0.00039481
-2.3996	1.4361	0.00025997
-2.3996	1.5084	0.0010076
-2.3996	1.5806	0.00030375
-2.3996	1.6529	0.004812
-2.3996	1.7252	0.009494
-2.3996	1.7974	0.0050215
-2.3996	1.8697	0.00057641
-2.3996	1.9419	4.2577e-05
-2.3996	2.0142	3.9288e-05
-2.352	-2.249	1.2429e-05
-2.352	-2.1768	8.7542e-06
-2.352	-1.3097	9.1226e-06
-2.352	-1.1652	8.1491e-05
-2.352	-1.0929	4.7696e-05
-2.352	-1.0206	0.0010155
-2.352	-0.94839	0.0064064
-2.352	-0.87613	0.010094
-2.352	-0.80387	0.0042318
-2.352	-0.73162	0.00031892
-2.352	-0.65936	0.0012921
-2.352	-0.5871	0.0002526
-2.352	-0.51484	0.00065296
-2.352	-0.44258	0.00040667
-2.352	-0.37032	0.00021703
-2.352	-0.29807	0.0003047
-2.352	-0.2258	0.00017208
-2.352	-0.15355	0.00042626
-2.352	-0.081291	7.3996e-05
-2.352	-0.0090323	0.0004442
-2.352	0.063226	0.00016661
-2.352	0.13549	0.0018311
-2.352	0.20774	0.0029837
-2.352	0.28	0.014324
-2.352	0.35226	0.13697
-2.352	0.42451	0.23338
-2.352	0.49677	0.10493
-2.352	0.56903	0.0059367
-2.352	0.64129	0.0057532
-2.352	0.71355	0.0016844
-2.352	0.7858	0.00041424
-2.352	0.85806	0.00037404
-2.352	0.93032	1.9339e-05
-2.352	1.0026	3.378e-05
-2.352	1.1471	4.6554e-05
-2.352	1.2194	1.9151e-05
-2.352	1.2916	0.00014646
-2.352	1.3639	0.00013831
-2.352	1.4361	0.00023225
-2.352	1.5084	0.00065296
-2.352	1.5806	0.00036458
-2.352	1.6529	0.0054163
-2.352	1.7252	0.010407
-2.352	1.7974	0.0056076
-2.352	1.8697	0.00059688
-2.352	1.9419	0.00011269
-2.352	2.0142	8.3617e-05
-2.352	2.1587	1.2054e-05
-2.3043	-2.249	1.5177e-05
-2.3043	-2.1768	9.725e-06
-2.3043	-1.1652	2.859e-05
-2.3043	-1.0929	1.4778e-05
-2.3043	-1.0206	0.00046989
-2.3043	-0.94839	0.0026529
-2.3043	-0.87613	0.0039283
-2.3043	-0.80387	0.0014589
-2.3043	-0.73162	0.00018791
-2.3043	-0.65936	0.00065194
-2.3043	-0.5871	0.00011204
-2.3043	-0.51484	0.00045788
-2.3043	-0.44258	0.00020967
-2.3043	-0.37032	0.00023894
-2.3043	-0.29807	0.00021676
-2.3043	-0.2258	0.00028719
-2.3043	-0.15355	0.00053242
-2.3043	-0.081291	0.00015948
-2.3043	-0.0090323	0.00085562
-2.3043	0.063226	0.00018566
-2.3043	0.13549	0.00086257
-2.3043	0.20774	0.00049377
-2.3043	0.28	0.0020272
-2.3043	0.35226	0.015742
-2.3043	0.42451	0.037397
-2.3043	0.49677	0.027242
-2.3043	0.56903	0.0023859
-2.3043	0.64129	0.0075328
-2.3043	0.71355	0.002586
-2.3043	0.7858	0.0022714
-2.3043	0.85806	0.0019883
-2.3043	0.93032	0.0004071
-2.3043	1.0026	0.00074847
-2.3043	1.0748	7.9012e-05
-2.3043	1.1471	0.0002059
-2.3043	1.2194	2.569e-05
-2.3043	1.2916	3.254e-05
-2.3043	1.3639	1.4357e-05
-2.3043	1.4361	9.0305e-05
-2.3043	1.5084	0.00019659
-2.3043	1.5806	0.00027954
-2.3043	1.6529	0.0035456
-2.3043	1.7252	0.0067645
-2.3043	1.7974	0.0036333
-2.3043	1.8697	0.00033437
-2.3043	1.9419	0.00013633
-2.3043	2.0142	7.602e-05
-2.3043	2.0865	1.1751e-05
-2.3043	2.1587	1.8861e-05
-2.2567	-2.249	1.4677e-05
-2.2567	-2.1768	8.6984e-06
-2.2567	-1.1652	8.0591e-06
-2.2567	-1.0206	0.00014415
-2.2567	-0.94839	0.00074146
-2.2567	-0.87613	0.0010142
-2.2567	-0.80387	0.00031915
-2.2567	-0.73162	9.2746e-05
-2.2567	-0.65936	0.00022073
-2.2567	-0.5871	5.0312e-05
-2.2567	-0.51484	0.00021941
-2.2567	-0.44258	7.9311e-05
-2.2567	-0.37032	0.00017144
-2.2567	-0.29807	9.0461e-05
-2.2567	-0.2258	0.0003021
-2.2567	-0.15355	0.00037134
-2.2567	-0.081291	0.00023828
-2.2567	-0.0090323	0.00094569
-2.2567	0.063226	0.00020356
-2.2567	0.13549	0.0017495
-2.2567	0.20774	0.00079041
-2.2567	0.28	0.0051174
-2.2567	0.35226	0.019525
-2.2567	0.42451	0.016934
-2.2567	0.49677	0.0040543
-2.2567	0.56903	0.00014589
-2.2567	0.64129	0.00056283
-2.2567	0.71355	0.00018384
-2.2567	0.7858	0.00049624
-2.2567	0.85806	0.00051606
-2.2567	0.93032	0.00047033
-2.2567	1.0026	0.00096496
-2.2567	1.0748	0.00033897
-2.2567	1.1471	0.0012434
-2.2567	1.2194	0.00019883
-2.2567	1.2916	0.00083277
-2.2567	1.3639	0.00022834
-2.2567	1.4361	0.00021844
-2.2567	1.5084	0.00012763
-2.2567	1.5806	0.00010498
-2.2567	1.6529	0.00090966
-2.2567	1.7252	0.0019762
-2.2567	1.7974	0.0012149
-2.2567	1.8697	0.00010403
-2.2567	1.9419	9.2846e-05
-2.2567	2.0142	3.964e-05
-2.2567	2.0865	1.3429e-05
-2.2567	2.1587	1.5483e-05
-2.209	-2.249	9.8914e-06
-2.209	-1.0206	6.0326e-05
-2.209	-0.94839	0.00020549
-2.209	-0.87613	0.00019596
-2.209	-0.80387	3.6765e-05
-2.209	-0.73162	3.6295e-05
-2.209	-0.65936	4.3793e-05
-2.209	-0.5871	2.7281e-05
-2.209	-0.51484	7.0583e-05
-2.209	-0.44258	2.8891e-05
-2.209	-0.37032	9.312e-05
-2.209	-0.29807	2.7495e-05
-2.209	-0.2258	0.00022695
-2.209	-0.15355	0.00017802
-2.209	-0.081291	0.0002422
-2.209	-0.0090323	0.00065174
-2.209	0.063226	0.00020994
-2.209	0.13549	0.0018457
-2.209	0.20774	0.00064743
-2.209	0.28	0.0088449
-2.209	0.35226	0.032243
-2.209	0.42451	0.02966
-2.209	0.49677	0.007048
-2.209	0.56903	0.00031699
-2.209	0.64129	0.00078168
-2.209	0.71355	7.8423e-05
-2.209	0.7858	0.00011509
-2.209	0.85806	4.9251e-05
-2.209	0.93032	3.4703e-05
-2.209	1.0026	5.8341e-05
-2.209	1.0748	7.2394e-05
-2.209	1.1471	0.00027409
-2.209	1.2194	0.0001018
-2.209	1.2916	0.0008605
-2.209	1.3639	0.00028284
-2.209	1.4361	0.0013788
-2.209	1.5084	0.0010422
-2.209	1.5806	0.002098
-2.209	1.6529	0.008177
-2.209	1.7252	0.0052922
-2.209	1.7974	0.00085173
-2.209	1.8697	2.1083e-05
-2.209	1.9419	2.3729e-05
-2.209	2.0142	8.8622e-06
-2.209	2.0865	8.2878e-06
-2.1614	-1.0206	9.7122e-05
-2.1614	-0.94839	0.00022019
-2.1614	-0.87613	0.00014056
-2.1614	-0.80387	1.3518e-05
-2.1614	-0.73162	1.7144e-05
-2.1614	-0.5871	1.7202e-05
-2.1614	-0.51484	1.8306e-05
-2.1614	-0.44258	1.637e-05
-2.1614	-0.37032	4.822e-05
-2.1614	-0.29807	1.352e-05
-2.1614	-0.2258	0.00013141
-2.1614	-0.15355	6.9098e-05
-2.1614	-0.081291	0.0001688
-2.1614	-0.0090323	0.00031205
-2.1614	0.063226	0.00019066
-2.1614	0.13549	0.0012678
-2.1614	0.20774	0.00041766
-2.1614	0.28	0.0090839
-2.1614	0.35226	0.030345
-2.1614	0.42451	0.027451
-2.1614	0.49677	0.0061183
-2.1614	0.56903	0.00053051
-2.1614	0.64129	0.0011659
-2.1614	0.71355	0.00010746
-2.1614	0.7858	0.00032843
-2.1614	0.85806	8.9635e-05
-2.1614	0.93032	4.711e-05
-2.1614	1.0026	2.7418e-05
-2.1614	1.0748	1.7931e-05
-2.1614	1.1471	2.3173e-05
-2.1614	1.2194	1.1766e-05
-2.1614	1.2916	7.715e-05
-2.1614	1.3639	2.7552e-05
-2.1614	1.4361	0.00036076
-2.1614	1.5084	0.000262
-2.1614	1.5806	0.0020418
-2.1614	1.6529	0.011678
-2.1614	1.7252	0.013831
-2.1614	1.7974	0.0040974
-2.1614	1.8697	0.00012649
-2.1614	1.9419	0.00017624
-2.1614	2.0142	2.3345e-05
-2.1138	-1.0929	1.4553e-05
-2.1138	-1.0206	0.00015821
-2.1138	-0.94839	0.00031932
-2.1138	-0.87613	0.00019303
-2.1138	-0.80387	1.9184e-05
-2.1138	-0.73162	1.6824e-05
-2.1138	-0.5871	1.1563e-05
-2.1138	-0.51484	1.0442e-05
-2.1138	-0.44258	1.156e-05
-2.1138	-0.37032	2.9444e-05
-2.1138	-0.29807	1.0958e-05
-2.1138	-0.2258	6.5587e-05
-2.1138	-0.15355	2.9265e-05
-2.1138	-0.081291	8.11e-05
-2.1138	-0.0090323	0.00011297
-2.1138	0.063226	0.000122
-2.1138	0.13549	0.0005948
-2.1138	0.20774	0.00025362
-2.1138	0.28	0.0061894
-2.1138	0.35226	0.019038
-2.1138	0.42451	0.016522
-2.1138	0.49677	0.0032682
-2.1138	0.56903	0.00057362
-2.1138	0.64129	0.00095363
-2.1138	0.71355	0.00010588
-2.1138	0.7858	0.00040879
-2.1138	0.85806	8.5386e-05
-2.1138	0.93032	0.00011576
-2.1138	1.0026	4.8567e-05
-2.1138	1.0748	7.3169e-05
-2.1138	1.1471	6.1718e-05
-2.1138	1.2194	1.9557e-05
-2.1138	1.2916	4.6553e-05
-2.1138	1.4361	3.7562e-05
-2.1138	1.5084	1.6497e-05
-2.1138	1.5806	0.00033325
-2.1138	1.6529	0.0018855
-2.1138	1.7252	0.0025944
-2.1138	1.7974	0.00092937
-2.1138	1.8697	4.6836e-05
-2.1138	1.9419	0.00014544
-2.1138	2.0142	2.262e-05
-2.1138	2.0865	2.2624e-05
-2.1138	2.1587	9.0979e-06
-2.0661	-1.0929	2.2594e-05
-2.0661	-1.0206	0.00020217
-2.0661	-0.94839	0.00037472
-2.0661	-0.87613	0.00020624
-2.0661	-0.80387	1.6478e-05
-2.0661	-0.73162	2.2049e-05
-2.0661	-0.65936	9.8955e-06
-2.0661	-0.5871	8.8397e-06
-2.0661	-0.51484	1.0414e-05
-2.0661	-0.37032	1.8514e-05
-2.0661	-0.2258	3.1731e-05
-2.0661	-0.15355	1.367e-05
-2.0661	-0.081291	3.0108e-05
-2.0661	-0.0090323	3.9377e-05
-2.0661	0.063226	4.7207e-05
-2.0661	0.13549	0.00019326
-2.0661	0.20774	0.00012195
-2.0661	0.28	0.002746
-2.0661	0.35226	0.0079577
-2.0661	0.42451	0.0065959
-2.0661	0.49677	0.0011211
-2.0661	0.56903	0.00041536
-2.0661	0.64129	0.00049734
-2.0661	0.71355	9.2858e-05
-2.0661	0.7858	0.00030228
-2.0661	0.85806	5.5137e-05
-2.0661	0.93032	0.00013013
-2.0661	1.0026	3.7982e-05
-2.0661	1.0748	0.00013132
-2.0661	1.1471	7.8757e-05
-2.0661	1.2194	6.5948e-05
-2.0661	1.2916	0.00011996
-2.0661	1.3639	2.272e-05
-2.0661	1.4361	0.00011472
-2.0661	1.5084	2.3737e-05
-2.0661	1.5806	0.00018082
-2.0661	1.6529	0.000376
-2.0661	1.7252	0.00027538
-2.0661	1.7974	7.9427e-05
-2.0661	1.9419	2.2701e-05
-2.0185	-1.0929	2.4979e-05
-2.0185	-1.0206	0.00019342
-2.0185	-0.94839	0.00034028
-2.0185	-0.87613	0.0001709
-2.0185	-0.80387	1.0947e-05
-2.0185	-0.73162	2.6942e-05
-2.0185	-0.65936	8.4903e-06
-2.0185	-0.5871	9.6623e-06
-2.0185	-0.51484	9.5545e-06
-2.0185	-0.37032	1.1775e-05
-2.0185	-0.2258	1.573e-05
-2.0185	-0.081291	1.5262e-05
-2.0185	-0.0090323	1.6218e-05
-2.0185	0.063226	1.65e-05
-2.0185	0.13549	5.7023e-05
-2.0185	0.20774	4.0025e-05
-2.0185	0.28	0.00079164
-2.0185	0.35226	0.0021135
-2.0185	0.42451	0.001606
-2.0185	0.49677	0.00022238
-2.0185	0.56903	0.00019723
-2.0185	0.64129	0.00016135
-2.0185	0.71355	6.8451e-05
-2.0185	0.7858	0.00014231
-2.0185	0.85806	3.4843e-05
-2.0185	0.93032	9.0781e-05
-2.0185	1.0026	2.2583e-05
-2.0185	1.0748	0.00013917
-2.0185	1.1471	5.4961e-05
-2.0185	1.2194	0.00010598
-2.0185	1.2916	0.00013617
-2.0185	1.3639	5.5449e-05
-2.0185	1.4361	0.00023547
-2.0185	1.5084	5.3573e-05
-2.0185	1.5806	0.00072472
-2.0185	1.6529	0.0013974
-2.0185	1.7252	0.00069833
-2.0185	1.7974	7.8905e-05
-1.9709	-1.0929	1.6734e-05
-1.9709	-1.0206	0.00011944
-1.9709	-0.94839	0.00020993
-1.9709	-0.87613	9.9968e-05
-1.9709	-0.73162	2.4805e-05
-1.9709	-0.5871	1.1738e-05
-1.9709	-0.37032	9.9771e-06
-1.9709	-0.2258	1.0933e-05
-1.9709	-0.081291	1.5748e-05
-1.9709	0.063226	2.8229e-05
-1.9709	0.13549	3.5431e-05
-1.9709	0.20774	5.3694e-05
-1.9709	0.28	0.00045126
-1.9709	0.35226	0.00070729
-1.9709	0.42451	0.00031469
-1.9709	0.49677	2.3727e-05
-1.9709	0.56903	6.4583e-05
-1.9709	0.64129	2.7669e-05
-1.9709	0.71355	4.1552e-05
-1.9709	0.7858	4.0596e-05
-1.9709	0.85806	2.6613e-05
-1.9709	0.93032	4.5691e-05
-1.9709	1.0026	1.6882e-05
-1.9709	1.0748	0.00010206
-1.9709	1.1471	2.6677e-05
-1.9709	1.2194	0.00010457
-1.9709	1.2916	9.3052e-05
-1.9709	1.3639	8.1698e-05
-1.9709	1.4361	0.00024982
-1.9709	1.5084	8.4122e-05
-1.9709	1.5806	0.0012725
-1.9709	1.6529	0.0024096
-1.9709	1.7252	0.0012664
-1.9709	1.7974	0.00014171
-1.9709	1.8697	1.6258e-05
-1.9709	1.9419	1.4284e-05
-1.9232	-1.0206	3.2888e-05
-1.9232	-0.94839	6.6714e-05
-1.9232	-0.87613	3.3594e-05
-1.9232	-0.73162	1.4237e-05
-1.9232	-0.5871	1.0172e-05
-1.9232	-0.37032	8.7196e-06
-1.9232	-0.2258	1.1825e-05
-1.9232	-0.081291	2.0333e-05
-1.9232	0.063226	5.2591e-05
-1.9232	0.13549	3.5596e-05
-1.9232	0.20774	0.0001469
-1.9232	0.28	0.00083297
-1.9232	0.35226	0.0010279
-1.9232	0.42451	0.00035383
-1.9232	0.49677	1.7236e-05
-1.9232	0.56903	3.297e-05
-1.9232	0.71355	2.503e-05
-1.9232	0.7858	8.6083e-06
-1.9232	0.85806	2.1398e-05
-1.9232	0.93032	2.2756e-05
-1.9232	1.0026	1.453e-05
-1.9232	1.0748	5.766e-05
-1.9232	1.1471	1.2214e-05
-1.9232	1.2194	6.87e-05
-1.9232	1.2916	4.3022e-05
-1.9232	1.3639	7.6293e-05
-1.9232	1.4361	0.00016777
-1.9232	1.5084	0.00010158
-1.9232	1.5806	0.001317
-1.9232	1.6529	0.0023513
-1.9232	1.7252	0.0012035
-1.9232	1.7974	0.00011877
-1.9232	1.8697	2.9134e-05
-1.9232	1.9419	1.9825e-05
-1.8756	-0.2258	1.0302e-05
-1.8756	-0.081291	2.2602e-05
-1.8756	0.063226	6.8411e-05
-1.8756	0.13549	3.3407e-05
-1.8756	0.20774	0.0002731
-1.8756	0.28	0.0012986
-1.8756	0.35226	0.0015013
-1.8756	0.42451	0.00050363
-1.8756	0.49677	2.2078e-05
-1.8756	0.56903	4.5133e-05
-1.8756	0.64129	8.8677e-06
-1.8756	0.71355	1.9253e-05
-1.8756	0.85806	1.5281e-05
-1.8756	0.93032	1.5345e-05
-1.8756	1.0026	1.0072e-05
-1.8756	1.0748	2.9235e-05
-1.8756	1.2194	3.1532e-05
-1.8756	1.2916	1.5654e-05
-1.8756	1.3639	4.4746e-05
-1.8756	1.4361	7.4888e-05
-1.8756	1.5084	8.3099e-05
-1.8756	1.5806	0.00088077
-1.8756	1.6529	0.0014815
-1.8756	1.7252	0.00072049
-1.8756	1.7974	5.9361e-05
-1.8756	1.8697	2.9631e-05
-1.8756	1.9419	1.5039e-05
-1.828	-1.0929	1.1868e-05
-1.828	-1.0206	3.2465e-05
-1.828	-0.94839	2.1441e-05
-1.828	-0.081291	1.6618e-05
-1.828	0.063226	6.4043e-05
-1.828	0.13549	2.5459e-05
-1.828	0.20774	0.00038083
-1.828	0.28	0.0015904
-1.828	0.35226	0.0017198
-1.828	0.42451	0.00051963
-1.828	0.49677	2.2286e-05
-1.828	0.56903	6.338e-05
-1.828	0.64129	9.7997e-06
-1.828	0.71355	1.9591e-05
-1.828	0.7858	8.6391e-06
-1.828	0.85806	9.8216e-06
-1.828	0.93032	1.1043e-05
-1.828	1.0748	1.504e-05
-1.828	1.2194	1.2489e-05
-1.828	1.3639	1.6043e-05
-1.828	1.4361	2.3351e-05
-1.828	1.5084	4.032e-05
-1.828	1.5806	0.00037112
-1.828	1.6529	0.00059635
-1.828	1.7252	0.00027263
-1.828	1.7974	1.8579e-05
-1.828	1.8697	1.8836e-05
-1.7803	-1.0929	1.967e-05
-1.7803	-1.0206	5.7106e-05
-1.7803	-0.94839	4.4428e-05
-1.7803	0.063226	3.7991e-05
-1.7803	0.13549	1.53e-05
-1.7803	0.20774	0.00038204
-1.7803	0.28	0.0014637
-1.7803	0.35226	0.0015218
-1.7803	0.42451	0.00041143
-1.7803	0.49677	2.647e-05
-1.7803	0.56903	7.3553e-05
-1.7803	0.64129	8.1755e-06
-1.7803	0.71355	2.4386e-05
-1.7803	0.85806	8.7288e-06
-1.7803	0.93032	8.0495e-06
-1.7803	1.0748	8.1362e-06
-1.7803	1.5084	1.4249e-05
-1.7803	1.5806	0.00010513
-1.7803	1.6529	0.00014851
-1.7803	1.7252	5.8493e-05
-1.7327	-1.0929	1.4431e-05
-1.7327	-1.0206	4.2911e-05
-1.7327	-0.94839	3.521e-05
-1.7327	0.063226	9.2551e-06
-1.7327	0.20774	0.00022586
-1.7327	0.28	0.00085391
-1.7327	0.35226	0.00090619
-1.7327	0.42451	0.00022854
-1.7327	0.49677	2.8737e-05
-1.7327	0.56903	6.3234e-05
-1.7327	0.71355	2.8244e-05
-1.7327	0.85806	1.2316e-05
-1.7327	1.3639	1.2977e-05
-1.7327	1.5084	2.4982e-05
-1.7327	1.5806	8.3445e-05
-1.7327	1.6529	6.5647e-05
-1.7327	1.7252	1.2741e-05
-1.6851	-1.0206	1.496e-05
-1.6851	-0.94839	1.3262e-05
-1.6851	0.20774	4.0903e-05
-1.6851	0.28	0.00019545
-1.6851	0.35226	0.00025852
-1.6851	0.42451	7.1007e-05
-1.6851	0.49677	1.8398e-05
-1.6851	0.56903	3.3927e-05
-1.6851	0.71355	2.2748e-05
-1.6851	0.85806	1.4317e-05
-1.6851	1.2194	1.0003e-05
-1.6851	1.3639	2.15e-05
-1.6851	1.5084	5.9877e-05
-1.6851	1.5806	0.00015796
-1.6851	1.6529	0.00010896
-1.6851	1.7252	1.9263e-05
-1.6374	0.063226	1.4625e-05
-1.6374	0.20774	5.7227e-05
-1.6374	0.28	6.5962e-05
-1.6374	0.35226	2.2612e-05
-1.6374	0.71355	9.589e-06
-1.6374	0.85806	9.4042e-06
-1.6374	1.0026	8.004e-06
-1.6374	1.2194	1.074e-05
-1.6374	1.3639	2.6234e-05
-1.6374	1.5084	0.00010163
-1.6374	1.5806	0.00023471
-1.6374	1.6529	0.00015097
-1.6374	1.7252	2.5021e-05
-1.5899	-1.0206	8.8807e-06
-1.5899	-0.0090323	1.1979e-05
-1.5899	0.063226	2.3452e-05
-1.5899	0.13549	2.8739e-05
-1.5899	0.20774	0.00030374
-1.5899	0.28	0.00048569
-1.5899	0.35226	0.00019918
-1.5899	0.42451	1.0712e-05
-1.5899	0.49677	8.1159e-06
-1.5899	1.3639	2.3e-05
-1.5899	1.4361	8.087e-06
-1.5899	1.5084	0.00013218
-1.5899	1.5806	0.00027485
-1.5899	1.6529	0.0001632
-1.5899	1.7252	2.3028e-05
-1.5422	-1.0206	1.0575e-05
-1.5422	-0.0090323	1.1476e-05
-1.5422	0.063226	1.6437e-05
-1.5422	0.13549	5.412e-05
-1.5422	0.20774	0.00050407
-1.5422	0.28	0.0008682
-1.5422	0.35226	0.00040476
-1.5422	0.42451	2.3569e-05
-1.5422	0.49677	3.5577e-05
-1.5422	0.56903	8.582e-06
-1.5422	0.64129	9.241e-06
-1.5422	1.3639	1.209e-05
-1.5422	1.4361	8.6021e-06
-1.5422	1.5084	0.00012207
-1.5422	1.5806	0.00023809
-1.5422	1.6529	0.00013431
-1.5422	1.7252	1.5992e-05
-1.4945	-1.0206	8.8566e-06
-1.4945	0.13549	4.6782e-05
-1.4945	0.20774	0.00040292
-1.4945	0.28	0.00073881
-1.4945	0.35226	0.00036312
-1.4945	0.42451	2.1446e-05
-1.4945	0.49677	5.6315e-05
-1.4945	0.56903	1.2541e-05
-1.4945	0.64129	2.1211e-05
-1.4945	0.71355	1.199e-05
-1.4945	0.85806	1.1665e-05
-1.4945	1.5084	6.2809e-05
-1.4945	1.5806	0.00012521
-1.4945	1.6529	7.1946e-05
-1.447	-1.0929	8.7966e-06
-1.447	-1.0206	9.5364e-06
-1.447	0.13549	1.6772e-05
-1.447	0.20774	0.00014742
-1.447	0.28	0.0003048
-1.447	0.35226	0.00016485
-1.447	0.42451	1.1714e-05
-1.447	0.49677	4.5575e-05
-1.447	0.56903	9.227e-06
-1.447	0.64129	2.5096e-05
-1.447	0.71355	1.2867e-05
-1.447	0.7858	1.2736e-05
-1.447	0.85806	1.7324e-05
-1.447	1.0026	1.4776e-05
-1.447	1.5806	2.1858e-05
-1.447	1.6529	1.6745e-05
-1.3992	-1.0929	9.8088e-06
-1.3992	-1.0206	9.7854e-06
-1.3992	-0.0090323	1.0689e-05
-1.3992	0.13549	5.4628e-05
-1.3992	0.20774	0.00022059
-1.3992	0.28	0.00022352
-1.3992	0.35226	6.8092e-05
-1.3992	0.49677	2.3595e-05
-1.3992	0.64129	1.5429e-05
-1.3992	0.7858	1.1285e-05
-1.3992	0.85806	1.34e-05
-1.3992	1.0026	1.8117e-05
-1.3992	1.1471	1.5693e-05
-1.3992	1.2916	9.8693e-06
-1.3992	1.5084	3.0515e-05
-1.3992	1.5806	1.8171e-05
-1.3516	-0.0090323	2.1665e-05
-1.3516	0.063226	9.6034e-06
-1.3516	0.13549	0.00027165
-1.3516	0.20774	0.0010637
-1.3516	0.28	0.0010502
-1.3516	0.35226	0.00022713
-1.3516	0.42451	2.7688e-05
-1.3516	0.49677	5.1124e-05
-1.3516	0.64129	1.4807e-05
-1.3516	1.0026	1.1487e-05
-1.3516	1.1471	1.7239e-05
-1.3516	1.2916	1.9567e-05
-1.3516	1.3639	1.1041e-05
-1.3516	1.4361	3.2351e-05
-1.3516	1.5084	0.00012403
-1.3516	1.5806	9.6013e-05
-1.3516	1.6529	1.8484e-05
-1.3041	-0.0090323	3.2961e-05
-1.3041	0.063226	2.9227e-05
-1.3041	0.13549	0.0010152
-1.3041	0.20774	0.0043389
-1.3041	0.28	0.0050006
-1.3041	0.35226	0.0011575
-1.3041	0.42451	0.00026862
-1.3041	0.49677	0.00037994
-1.3041	0.56903	4.3608e-05
-1.3041	0.64129	0.00013547
-1.3041	0.71355	2.0035e-05
-1.3041	0.7858	2.5458e-05
-1.3041	0.85806	1.2112e-05
-1.3041	1.1471	9.3162e-06
-1.3041	1.2916	1.8737e-05
-1.3041	1.4361	5.4342e-05
-1.3041	1.5084	0.00018673
-1.3041	1.5806	0.00014948
-1.3041	1.6529	3.0452e-05
-1.2563	-0.37032	1.1664e-05
-1.2563	-0.29807	9.7541e-06
-1.2563	-0.15355	2.6078e-05
-1.2563	-0.081291	2.4575e-05
-1.2563	-0.0090323	0.00024122
-1.2563	0.063226	0.0014759
-1.2563	0.13549	0.039783
-1.2563	0.20774	0.11741
-1.2563	0.28	0.073035
-1.2563	0.35226	0.014227
-1.2563	0.42451	0.0041692
-1.2563	0.49677	0.0051495
-1.2563	0.56903	0.00073026
-1.2563	0.64129	0.0028692
-1.2563	0.71355	0.00041525
-1.2563	0.7858	0.0012997
-1.2563	0.85806	0.00020196
-1.2563	0.93032	7.3961e-05
-1.2563	1.0026	4.7303e-05
-1.2563	1.1471	9.9981e-06
-1.2563	1.2916	8.0789e-06
-1.2563	1.4361	4.4635e-05
-1.2563	1.5084	0.00014312
-1.2563	1.5806	0.00011655
-1.2563	1.6529	2.344e-05
-1.2087	-1.0929	1.171e-05
-1.2087	-0.37032	1.512e-05
-1.2087	-0.29807	9.2741e-06
-1.2087	-0.2258	3.6068e-05
-1.2087	-0.15355	0.0001957
-1.2087	-0.081291	0.001159
-1.2087	-0.0090323	0.003986
-1.2087	0.063226	0.0014023
-1.2087	0.13549	0.0072262
-1.2087	0.20774	0.0091508
-1.2087	0.28	0.0043483
-1.2087	0.35226	0.00046806
-1.2087	0.42451	0.00019114
-1.2087	0.49677	0.00018145
-1.2087	0.56903	4.1158e-05
-1.2087	0.64129	0.00016657
-1.2087	0.71355	3.5489e-05
-1.2087	0.7858	0.00039698
-1.2087	0.85806	0.00027234
-1.2087	0.93032	0.0010011
-1.2087	1.0026	0.0007426
-1.2087	1.0748	0.00026499
-1.2087	1.1471	0.00015835
-1.2087	1.2916	2.03e-05
-1.2087	1.4361	2.6398e-05
-1.2087	1.5084	6.6783e-05
-1.2087	1.5806	5.0854e-05
-1.2087	1.6529	9.8713e-06
-1.1611	-1.0929	8.8859e-06
-1.1611	-0.44258	8.6536e-06
-1.1611	-0.37032	1.778e-05
-1.1611	-0.29807	2.0145e-05
-1.1611	-0.2258	0.00094876
-1.1611	-0.15355	0.00090543
-1.1611	-0.081291	7.7744e-05
-1.1611	-0.0090323	0.00010489
-1.1611	0.063226	9.6855e-05
-1.1611	0.13549	0.00098982
-1.1611	0.20774	0.0017263
-1.1611	0.28	0.0008977
-1.1611	0.35226	7.5737e-05
-1.1611	0.42451	7.8884e-05
-1.1611	0.49677	4.4456e-05
-1.1611	0.56903	1.7158e-05
-1.1611	0.64129	3.5027e-05
-1.1611	0.7858	2.9958e-05
-1.1611	0.85806	8.9692e-06
-1.1611	0.93032	4.3405e-05
-1.1611	1.0026	5.2842e-05
-1.1611	1.0748	0.0003159
-1.1611	1.1471	0.00076412
-1.1611	1.2194	0.00039347
-1.1611	1.2916	0.00078501
-1.1611	1.3639	3.4873e-05
-1.1611	1.4361	0.0001976
-1.1611	1.5084	0.00020483
-1.1611	1.5806	6.5536e-05
-1.1134	-0.51484	1.0452e-05
-1.1134	-0.44258	1.4881e-05
-1.1134	-0.37032	0.00048526
-1.1134	-0.29807	0.0001259
-1.1134	-0.2258	9.1851e-05
-1.1134	-0.15355	1.5304e-05
-1.1134	-0.081291	1.1263e-05
-1.1134	-0.0090323	1.2409e-05
-1.1134	0.063226	2.5763e-05
-1.1134	0.13549	0.00022963
-1.1134	0.20774	0.00040955
-1.1134	0.28	0.00021172
-1.1134	0.35226	1.4668e-05
-1.1134	0.42451	3.4752e-05
-1.1134	0.49677	1.2898e-05
-1.1134	0.56903	1.3244e-05
-1.1134	0.64129	1.5921e-05
-1.1134	0.7858	1.6871e-05
-1.1134	0.93032	2.0484e-05
-1.1134	1.0026	1.4834e-05
-1.1134	1.0748	1.055e-05
-1.1134	1.1471	1.901e-05
-1.1134	1.2194	8.4858e-05
-1.1134	1.2916	0.00077965
-1.1134	1.3639	0.0007296
-1.1134	1.4361	0.0060881
-1.1134	1.5084	0.0022307
-1.1134	1.5806	0.00035472
-1.1134	1.6529	1.5567e-05
-1.0659	-0.51484	1.9797e-05
-1.0659	-0.44258	0.00020604
-1.0659	-0.37032	0.00056208
-1.0659	-0.2258	2.0627e-05
-1.0659	-0.081291	1.1931e-05
-1.0659	-0.0090323	8.5404e-06
-1.0659	0.063226	2.4813e-05
-1.0659	0.13549	0.00012563
-1.0659	0.20774	0.00014263
-1.0659	0.28	5.0796e-05
-1.0659	0.42451	8.973e-06
-1.0659	0.7858	8.0876e-06
-1.0659	0.93032	1.9519e-05
-1.0659	1.2194	1.1809e-05
-1.0659	1.2916	2.8833e-05
-1.0659	1.3639	9.3085e-05
-1.0659	1.4361	0.0040888
-1.0659	1.5084	0.013701
-1.0659	1.5806	0.005444
-1.0659	1.6529	0.00011425
-1.0659	1.7252	9.4688e-06
-1.0182	-1.1652	8.4817e-06
-1.0182	-0.5871	1.2245e-05
-1.0182	-0.51484	9.0794e-05
-1.0182	-0.44258	1.5388e-05
-1.0182	-0.37032	1.2246e-05
-1.0182	-0.081291	1.2589e-05
-1.0182	0.063226	5.212e-05
-1.0182	0.13549	0.00022768
-1.0182	0.20774	0.00023194
-1.0182	0.28	6.4309e-05
-1.0182	0.93032	1.257e-05
-1.0182	1.2916	1.052e-05
-1.0182	1.3639	2.9038e-05
-1.0182	1.4361	0.00033319
-1.0182	1.5084	0.00089704
-1.0182	1.5806	0.00127
-1.0182	1.6529	0.00031143
-1.0182	1.7252	0.00016484
-1.0182	1.7974	1.6344e-05
-0.97057	-1.1652	8.8147e-06
-0.97057	-1.0929	8.8286e-06
-0.97057	-0.5871	0.00034038
-0.97057	-0.51484	3.5232e-05
-0.97057	0.063226	5.5226e-05
-0.97057	0.13549	0.00023135
-0.97057	0.20774	0.00024565
-0.97057	0.28	6.6184e-05
-0.97057	0.42451	1.2483e-05
-0.97057	1.3639	2.0061e-05
-0.97057	1.4361	0.00015601
-0.97057	1.5084	0.00026318
-0.97057	1.5806	0.0001402
-0.97057	1.6529	1.2321e-05
-0.97057	1.7252	8.7175e-05
-0.97057	1.7974	6.4454e-05
-0.97057	1.8697	1.4608e-05
-0.92294	-0.65936	8.0297e-05
-0.92294	-0.5871	0.00014182
-0.92294	0.063226	2.3472e-05
-0.92294	0.13549	0.00010218
-0.92294	0.20774	0.0001181
-0.92294	0.28	3.1171e-05
-0.92294	0.42451	1.0903e-05
-0.92294	1.3639	1.0667e-05
-0.92294	1.4361	6.6848e-05
-0.92294	1.5084	9.6394e-05
-0.92294	1.5806	3.9007e-05
-0.92294	1.7252	9.5347e-06
-0.92294	1.8697	1.7708e-05
-0.92294	1.9419	1.8023e-05
-0.87529	-0.73162	8.4413e-05
-0.87529	-0.65936	4.0628e-05
-0.87529	-0.5871	9.131e-06
-0.87529	0.13549	1.6584e-05
-0.87529	0.20774	1.7436e-05
-0.87529	1.4361	1.8697e-05
-0.87529	1.5084	2.3179e-05
-0.82766	-1.1652	1.007e-05
-0.82766	-0.73162	0.00012189
-0.82766	0.063226	3.8237e-05
-0.82766	0.13549	6.4764e-05
-0.82766	0.20774	2.8802e-05
-0.82766	1.4361	1.8342e-05
-0.82766	1.5084	1.2743e-05
-0.78002	-1.2374	9.1882e-06
-0.78002	-1.1652	1.6911e-05
-0.78002	-1.0929	8.887e-06
-0.78002	-0.80387	0.00012355
-0.78002	-0.73162	2.2196e-05
-0.78002	0.063226	6.9589e-05
-0.78002	0.13549	0.00013085
-0.78002	0.20774	6.8601e-05
-0.78002	1.3639	1.3138e-05
-0.78002	1.4361	3.2588e-05
-0.78002	1.5084	2.1578e-05
-0.7324	-1.1652	1.124e-05
-0.7324	-0.87613	8.0395e-06
-0.7324	-0.80387	7.1776e-05
-0.7324	0.063226	4.6293e-05
-0.7324	0.13549	9.4892e-05
-0.7324	0.20774	5.3464e-05
-0.7324	1.3639	1.1414e-05
-0.7324	1.4361	2.7886e-05
-0.7324	1.5084	1.8731e-05
-0.68476	-0.87613	3.1612e-05
-0.68476	0.13549	1.6779e-05
-0.68476	0.20774	1.2052e-05
-0.68476	1.4361	9.4792e-06
-0.63712	-0.87613	2.7314e-05
-0.63712	0.063226	2.9118e-05
-0.63712	0.13549	2.2726e-05
-0.58949	-1.2374	1.1782e-05
-0.58949	-1.1652	1.0994e-05
-0.58949	-0.94839	2.992e-05
-0.58949	-0.0090323	2.5043e-05
-0.58949	0.063226	0.00010068
-0.58949	0.13549	9.8842e-05
-0.58949	0.20774	2.5932e-05
-0.58949	1.3639	9.4501e-06
-0.58949	1.4361	9.575e-06
-0.54185	-1.2374	1.1116e-05
-0.54185	-1.1652	1.1455e-05
-0.54185	-0.94839	0.00011736
-0.54185	-0.0090323	2.9323e-05
-0.54185	0.063226	0.00011668
-0.54185	0.13549	0.00012261
-0.54185	0.20774	3.2426e-05
-0.54185	1.3639	1.3074e-05
-0.54185	1.4361	1.4547e-05
-0.49422	-0.94839	8.1574e-05
-0.49422	-0.0090323	1.1214e-05
-0.49422	0.063226	5.0143e-05
-0.49422	0.13549	6.0265e-05
-0.49422	0.20774	1.6191e-05
-0.49422	1.4361	8.0151e-06
-0.39894	-1.2374	1.0533e-05
-0.39894	-1.0206	4.7764e-05
-0.39894	-0.0090323	3.0909e-05
-0.39894	0.063226	5.1039e-05
-0.39894	0.13549	2.1659e-05
-0.35131	-1.2374	1.1296e-05
-0.35131	-1.0206	5.4019e-05
-0.35131	-0.0090323	5.7656e-05
-0.35131	0.063226	0.00010707
-0.35131	0.13549	5.5266e-05
-0.35131	1.3639	1.6319e-05
-0.35131	1.4361	9.4812e-06
-0.30367	-1.0206	2.0053e-05
-0.30367	-0.0090323	3.7891e-05
-0.30367	0.063226	7.8198e-05
-0.30367	0.13549	4.4334e-05
-0.30367	1.3639	1.4842e-05
-0.30367	1.4361	9.1581e-06
-0.25604	-1.3097	1.2237e-05
-0.25604	-1.2374	9.2871e-06
-0.25604	-1.0206	3.8398e-05
-0.25604	0.063226	1.6749e-05
-0.25604	0.13549	1.1737e-05
-0.20841	-1.3819	1.3855e-05
-0.20841	-1.3097	4.6541e-05
-0.20841	-1.2374	4.2157e-05
-0.20841	-1.1652	9.6783e-06
-0.20841	-1.0929	2.7315e-05
-0.20841	-0.0090323	3.0827e-05
-0.20841	0.063226	2.5818e-05
-0.16077	-1.3819	2.1945e-05
-0.16077	-1.3097	7.4079e-05
-0.16077	-1.2374	7.1338e-05
-0.16077	-1.1652	1.6489e-05
-0.16077	-1.0929	0.00014293
-0.16077	-1.0206	1.2472e-05
-0.16077	-0.081291	1.6638e-05
-0.16077	-0.0090323	7.2002e-05
-0.16077	0.063226	7.3678e-05
-0.16077	0.13549	1.8818e-05
-0.11314	-1.3819	1.6509e-05
-0.11314	-1.3097	5.8336e-05
-0.11314	-1.2374	5.987e-05
-0.11314	-1.1652	1.3142e-05
-0.11314	-1.0929	0.00014052
-0.11314	-1.0206	1.8673e-05
-0.11314	-0.081291	7.9968e-06
-0.11314	-0.0090323	4.4525e-05
-0.11314	0.063226	5.7357e-05
-0.11314	0.13549	1.6308e-05
-0.11314	1.2916	1.1039e-05
-0.11314	1.3639	1.189e-05
-0.065499	-1.3097	1.6056e-05
-0.065499	-1.2374	2.035e-05
-0.065499	-1.0929	0.00024534
-0.065499	-1.0206	1.5671e-05
-0.065499	-0.081291	9.0982e-06
-0.065499	-0.0090323	1.2975e-05
-0.065499	0.063226	1.0983e-05
-0.017863	-1.0929	0.00026687
-0.017863	-0.2258	1.8538e-05
-0.017863	-0.081291	9.5501e-05
-0.017863	-0.0090323	0.00015966
-0.017863	0.063226	7.2326e-05
0.029772	-1.3819	2.9631e-05
0.029772	-1.3097	4.8612e-05
0.029772	-1.2374	2.4792e-05
0.029772	-1.0929	0.00033421
0.029772	-1.0206	8.8944e-06
0.029772	-0.29807	1.1253e-05
0.029772	-0.2258	2.3881e-05
0.029772	-0.15355	2.1009e-05
0.029772	-0.081291	0.00025985
0.029772	-0.0090323	0.00046452
0.029772	0.063226	0.00023619
0.029772	0.13549	2.1577e-05
0.077407	-1.3819	4.2769e-05
0.077407	-1.3097	7.8271e-05
0.077407	-1.2374	4.4332e-05
0.077407	-1.0929	0.0005641
0.077407	-1.0206	1.9732e-05
0.077407	-0.29807	8.5351e-06
0.077407	-0.2258	1.4383e-05
0.077407	-0.15355	3.1393e-05
0.077407	-0.081291	0.0003308
0.077407	-0.0090323	0.00060045
0.077407	0.063226	0.00031186
0.077407	0.13549	2.4642e-05
0.077407	0.20774	2.1185e-05
0.077407	0.28	1.0792e-05
0.077407	1.2916	1.1668e-05
0.12505	-1.3819	2.2776e-05
0.12505	-1.3097	4.891e-05
0.12505	-1.2374	3.0516e-05
0.12505	-1.0929	0.00066954
0.12505	-1.0206	2.3386e-05
0.12505	-0.15355	1.9324e-05
0.12505	-0.081291	0.00019233
0.12505	-0.0090323	0.00037522
0.12505	0.063226	0.00020203
0.12505	0.13549	1.3967e-05
0.12505	0.20774	2.6499e-05
0.12505	0.28	1.0196e-05
0.17268	-1.0929	0.00087156
0.17268	-1.0206	1.3076e-05
0.17268	-0.94839	9.28e-06
0.17268	-0.081291	2.369e-05
0.17268	-0.0090323	6.6637e-05
0.17268	0.063226	4.6102e-05
0.17268	0.20774	1.483e-05
0.22031	-1.4542	9.3905e-06
0.22031	-1.3819	2.8062e-05
0.22031	-1.3097	2.243e-05
0.22031	-1.0929	0.00011607
0.22031	-1.0206	5.7834e-05
0.22031	-0.29807	1.4043e-05
0.22031	-0.15355	3.4439e-05
0.22031	-0.081291	0.0001076
0.22031	-0.0090323	7.0206e-05
0.22031	0.063226	1.0919e-05
0.22031	1.2194	2.9641e-05
0.22031	1.2916	2.8584e-05
0.26795	-1.4542	2.1101e-05
0.26795	-1.3819	6.9767e-05
0.26795	-1.3097	6.6852e-05
0.26795	-1.2374	1.3488e-05
0.26795	-1.1652	1.3229e-05
0.26795	-1.0929	0.00013822
0.26795	-1.0206	0.00096103
0.26795	-0.29807	1.8326e-05
0.26795	-0.15355	0.00010784
0.26795	-0.081291	0.00037112
0.26795	-0.0090323	0.00032021
0.26795	0.063226	6.888e-05
0.26795	1.1471	1.2644e-05
0.26795	1.2194	6.4742e-05
0.26795	1.2916	6.6391e-05
0.26795	1.3639	1.9002e-05
0.31559	-1.4542	1.6578e-05
0.31559	-1.3819	6.0517e-05
0.31559	-1.3097	6.438e-05
0.31559	-1.2374	1.2654e-05
0.31559	-1.1652	2.3257e-05
0.31559	-1.0929	0.00010691
0.31559	-1.0206	0.00020039
0.31559	-0.94839	2.4853e-05
0.31559	-0.15355	0.00011896
0.31559	-0.081291	0.0004201
0.31559	-0.0090323	0.0003984
0.31559	0.063226	8.9206e-05
0.31559	0.13549	8.6045e-06
0.31559	0.20774	1.7586e-05
0.31559	1.1471	1.4729e-05
0.31559	1.2194	6.9095e-05
0.31559	1.2916	7.2883e-05
0.31559	1.3639	2.0807e-05
0.36322	-1.3819	1.3268e-05
0.36322	-1.3097	1.9136e-05
0.36322	-1.1652	1.5318e-05
0.36322	-1.0929	4.0083e-05
0.36322	-1.0206	0.00076682
0.36322	-0.94839	6.3634e-05
0.36322	-0.80387	9.7065e-06
0.36322	-0.15355	3.6978e-05
0.36322	-0.081291	0.00016135
0.36322	-0.0090323	0.00018498
0.36322	0.063226	4.3861e-05
0.36322	0.13549	9.6929e-06
0.36322	0.20774	1.6586e-05
0.36322	0.35226	8.6845e-06
0.36322	1.2194	3.1717e-05
0.36322	1.2916	3.732e-05
0.36322	1.3639	1.0936e-05
0.41086	-1.4542	1.7451e-05
0.41086	-1.3819	2.2562e-05
0.41086	-1.3097	8.1949e-06
0.41086	-1.0206	0.0019072
0.41086	-0.94839	8.8745e-05
0.41086	-0.80387	1.5628e-05
0.41086	-0.29807	1.1484e-05
0.41086	-0.15355	2.9963e-05
0.41086	-0.081291	3.4847e-05
0.41086	-0.0090323	2.0074e-05
0.45849	-1.5265	9.3516e-06
0.45849	-1.4542	6.7484e-05
0.45849	-1.3819	0.000109
0.45849	-1.3097	5.019e-05
0.45849	-1.1652	1.047e-05
0.45849	-1.0929	1.0264e-05
0.45849	-1.0206	0.0010356
0.45849	-0.94839	0.0013152
0.45849	-0.80387	1.1208e-05
0.45849	-0.37032	1.1823e-05
0.45849	-0.29807	2.2227e-05
0.45849	-0.2258	2.1266e-05
0.45849	-0.15355	0.00022013
0.45849	-0.081291	0.00033217
0.45849	-0.0090323	0.00013475
0.45849	0.063226	8.3259e-06
0.45849	1.1471	1.8552e-05
0.45849	1.2194	3.1922e-05
0.45849	1.2916	1.368e-05
0.50612	-1.5265	1.3392e-05
0.50612	-1.4542	9.1519e-05
0.50612	-1.3819	0.00015867
0.50612	-1.3097	7.6919e-05
0.50612	-1.1652	3.4686e-05
0.50612	-1.0929	2.2011e-05
0.50612	-1.0206	0.00017765
0.50612	-0.94839	0.0043764
0.50612	-0.80387	1.0966e-05
0.50612	-0.37032	9.2399e-06
0.50612	-0.29807	1.4244e-05
0.50612	-0.2258	4.0946e-05
0.50612	-0.15355	0.00037978
0.50612	-0.081291	0.00063381
0.50612	-0.0090323	0.00029583
0.50612	0.063226	1.8948e-05
0.50612	0.13549	2.1383e-05
0.50612	0.20774	8.9299e-06
0.50612	1.1471	4.3553e-05
0.50612	1.2194	8.2644e-05
0.50612	1.2916	4.3342e-05
0.55376	-1.4542	4.6072e-05
0.55376	-1.3819	9.1772e-05
0.55376	-1.3097	4.7649e-05
0.55376	-1.1652	3.8421e-05
0.55376	-1.0929	2.0061e-05
0.55376	-1.0206	0.00013795
0.55376	-0.94839	0.002797
0.55376	-0.87613	6.3881e-05
0.55376	-0.80387	5.1325e-05
0.55376	-0.73162	8.4824e-06
0.55376	-0.2258	2.3569e-05
0.55376	-0.15355	0.00022259
0.55376	-0.081291	0.00042817
0.55376	-0.0090323	0.00022074
0.55376	0.063226	1.4019e-05
0.55376	0.13549	3.3376e-05
0.55376	0.20774	1.1245e-05
0.55376	1.1471	3.8474e-05
0.55376	1.2194	7.8287e-05
0.55376	1.2916	4.5012e-05
0.6014	-1.4542	9.0031e-06
0.6014	-1.3819	1.3048e-05
0.6014	-1.3097	9.0263e-06
0.6014	-1.1652	1.5355e-05
0.6014	-1.0929	1.0452e-05
0.6014	-1.0206	5.9786e-05
0.6014	-0.94839	0.00028511
0.6014	-0.87613	0.0024993
0.6014	-0.80387	0.00014688
0.6014	-0.73162	8.6223e-06
0.6014	-0.65936	1.1027e-05
0.6014	-0.51484	1.5101e-05
0.6014	-0.37032	1.422e-05
0.6014	-0.2258	9.8583e-06
0.6014	-0.15355	3.2031e-05
0.6014	-0.081291	5.6271e-05
0.6014	-0.0090323	4.0476e-05
0.6014	0.13549	1.7541e-05
0.6014	0.28	8.3534e-06
0.6014	1.1471	8.2245e-06
0.6014	1.2194	2.3039e-05
0.6014	1.2916	1.6946e-05
0.64903	-1.5265	4.0884e-05
0.64903	-1.4542	0.00011827
0.64903	-1.3819	9.0574e-05
0.64903	-1.3097	1.5704e-05
0.64903	-1.0206	9.7091e-06
0.64903	-0.94839	7.985e-05
0.64903	-0.87613	0.013986
0.64903	-0.80387	0.00027555
0.64903	-0.73162	1.0248e-05
0.64903	-0.65936	2.0196e-05
0.64903	-0.51484	2.3313e-05
0.64903	-0.37032	5.1802e-05
0.64903	-0.29807	1.8108e-05
0.64903	-0.2258	0.00014977
0.64903	-0.15355	0.0004631
0.64903	-0.081291	0.00032993
0.64903	-0.0090323	5.8994e-05
0.64903	1.1471	1.9002e-05
0.64903	1.2194	1.3547e-05
0.69666	-1.5265	0.00013477
0.69666	-1.4542	0.0003887
0.69666	-1.3819	0.00032271
0.69666	-1.3097	5.3989e-05
0.69666	-1.2374	2.2039e-05
0.69666	-1.1652	2.8972e-05
0.69666	-1.0206	4.8675e-05
0.69666	-0.94839	0.00010708
0.69666	-0.87613	0.0075732
0.69666	-0.80387	0.0053351
0.69666	-0.73162	4.4233e-05
0.69666	-0.65936	1.756e-05
0.69666	-0.51484	1.3813e-05
0.69666	-0.44258	8.989e-06
0.69666	-0.37032	6.6611e-05
0.69666	-0.29807	2.2341e-05
0.69666	-0.2258	0.0004403
0.69666	-0.15355	0.0013969
0.69666	-0.081291	0.0011742
0.69666	-0.0090323	0.00024877
0.69666	0.063226	1.2877e-05
0.69666	0.13549	2.9392e-05
0.69666	0.93032	8.9715e-06
0.69666	1.0748	2.0809e-05
0.69666	1.1471	9.6037e-05
0.69666	1.2194	8.9868e-05
0.69666	1.2916	2.2295e-05
0.69666	2.3755	8.5992e-06
0.69666	2.4477	0.00038827
0.7443	-1.5987	1.4906e-05
0.7443	-1.5265	0.00024405
0.7443	-1.4542	0.00065561
0.7443	-1.3819	0.000525
0.7443	-1.3097	7.5134e-05
0.7443	-1.2374	6.4683e-05
0.7443	-1.1652	6.9212e-05
0.7443	-1.0929	2.5319e-05
0.7443	-1.0206	0.00014925
0.7443	-0.94839	0.00013422
0.7443	-0.87613	0.0012268
0.7443	-0.80387	0.039964
0.7443	-0.73162	0.00021005
0.7443	-0.37032	2.8205e-05
0.7443	-0.29807	1.9506e-05
0.7443	-0.2258	0.00051243
0.7443	-0.15355	0.0016267
0.7443	-0.081291	0.0014616
0.7443	-0.0090323	0.00030997
0.7443	0.063226	3.7475e-05
0.7443	0.13549	7.5744e-05
0.7443	0.20774	9.3721e-06
0.7443	0.28	1.9468e-05
0.7443	1.0748	3.1714e-05
0.7443	1.1471	0.0001422
0.7443	1.2194	0.00014801
0.7443	1.2916	4.0565e-05
0.7443	2.3755	0.00013016
0.7443	2.4477	0.00070296
0.79194	-1.5987	2.417e-05
0.79194	-1.5265	0.0003007
0.79194	-1.4542	0.00073434
0.79194	-1.3819	0.00054153
0.79194	-1.3097	6.2641e-05
0.79194	-1.2374	0.00010447
0.79194	-1.1652	8.4787e-05
0.79194	-1.0929	5.7316e-05
0.79194	-1.0206	0.00022409
0.79194	-0.94839	0.00015219
0.79194	-0.87613	0.0012025
0.79194	-0.80387	0.022136
0.79194	-0.73162	0.0038077
0.79194	-0.65936	0.00012383
0.79194	-0.5871	5.5487e-05
0.79194	-0.51484	2.6741e-05
0.79194	-0.37032	1.1886e-05
0.79194	-0.29807	8.8775e-06
0.79194	-0.2258	0.0001553
0.79194	-0.15355	0.00060751
0.79194	-0.081291	0.00067106
0.79194	-0.0090323	0.00015355
0.79194	0.063226	4.3604e-05
0.79194	0.13549	7.3018e-05
0.79194	0.20774	1.2435e-05
0.79194	0.28	3.3022e-05
0.79194	0.42451	1.5085e-05
0.79194	0.49677	9.7833e-06
0.79194	1.0748	1.3149e-05
0.79194	1.1471	6.9353e-05
0.79194	1.2194	8.7963e-05
0.79194	1.2916	2.6849e-05
0.79194	2.3032	8.8128e-06
0.79194	2.3755	2.1584e-05
0.79194	2.4477	6.2619e-05
0.83957	-1.5987	2.7484e-05
0.83957	-1.5265	0.00026965
0.83957	-1.4542	0.00059262
0.83957	-1.3819	0.00039081
0.83957	-1.3097	3.7106e-05
0.83957	-1.2374	0.00011085
0.83957	-1.1652	6.7063e-05
0.83957	-1.0929	8.2558e-05
0.83957	-1.0206	0.0002175
0.83957	-0.94839	0.00016825
0.83957	-0.87613	0.0011581
0.83957	-0.80387	0.0019108
0.83957	-0.73162	0.026372
0.83957	-0.65936	0.0027498
0.83957	-0.5871	0.0002123
0.83957	-0.51484	0.0001205
0.83957	-0.44258	7.2617e-05
0.83957	-0.37032	0.00014821
0.83957	-0.29807	4.0741e-05
0.83957	-0.2258	0.00037181
0.83957	-0.15355	0.00041851
0.83957	-0.081291	0.00014236
0.83957	-0.0090323	2.4948e-05
0.83957	0.063226	1.2136e-05
0.83957	0.13549	2.1919e-05
0.83957	0.20774	9.6486e-06
0.83957	0.28	1.9758e-05
0.83957	0.42451	2.7472e-05
0.83957	0.49677	1.252e-05
0.83957	0.7858	9.9669e-06
0.83957	0.93032	1.2592e-05
0.83957	1.0748	1.5412e-05
0.83957	1.1471	2.2334e-05
0.83957	1.2194	1.2646e-05
0.88721	-1.5987	2.1231e-05
0.88721	-1.5265	0.00017323
0.88721	-1.4542	0.00034601
0.88721	-1.3819	0.00020071
0.88721	-1.3097	1.8528e-05
0.88721	-1.2374	8.1689e-05
0.88721	-1.1652	3.7378e-05
0.88721	-1.0929	8.1323e-05
0.88721	-1.0206	0.00014895
0.88721	-0.94839	0.00016901
0.88721	-0.87613	0.00089748
0.88721	-0.80387	0.0007607
0.88721	-0.73162	0.0061249
0.88721	-0.65936	0.077822
0.88721	-0.5871	0.00063728
0.88721	-0.51484	0.00032799
0.88721	-0.44258	0.00029726
0.88721	-0.37032	0.00046278
0.88721	-0.29807	0.00040565
0.88721	-0.2258	0.0035437
0.88721	-0.15355	0.00487
0.88721	-0.081291	0.0019151
0.88721	-0.0090323	0.0001289
0.88721	0.063226	4.5774e-05
0.88721	0.13549	1.9136e-05
0.88721	0.42451	2.1033e-05
0.88721	0.71355	8.5165e-06
0.88721	0.7858	1.2342e-05
0.88721	0.85806	9.9278e-06
0.88721	0.93032	3.6408e-05
0.88721	1.0026	1.0988e-05
0.88721	1.0748	0.00016288
0.88721	1.1471	0.00030148
0.88721	1.2194	0.00014877
0.88721	1.2916	1.6175e-05
0.88721	2.0865	1.5968e-05
0.93484	-1.5987	9.8699e-06
0.93484	-1.5265	7.1217e-05
0.93484	-1.4542	0.00013541
0.93484	-1.3819	7.009e-05
0.93484	-1.3097	8.9224e-06
0.93484	-1.2374	4.1511e-05
0.93484	-1.1652	1.5555e-05
0.93484	-1.0929	5.5483e-05
0.93484	-1.0206	7.3728e-05
0.93484	-0.94839	0.0001365
0.93484	-0.87613	0.00054107
0.93484	-0.80387	0.00035624
0.93484	-0.73162	0.0012024
0.93484	-0.65936	0.012041
0.93484	-0.5871	0.0075544
0.93484	-0.51484	0.0010448
0.93484	-0.44258	0.00079068
0.93484	-0.37032	0.00083902
0.93484	-0.29807	0.0017435
0.93484	-0.2258	0.011891
0.93484	-0.15355	0.015911
0.93484	-0.081291	0.0063642
0.93484	-0.0090323	0.00037275
0.93484	0.063226	0.00035808
0.93484	0.13549	0.00013637
0.93484	0.20774	4.1107e-05
0.93484	0.28	7.2949e-05
0.93484	0.35226	2.2147e-05
0.93484	0.42451	1.9991e-05
0.93484	0.49677	1.1224e-05
0.93484	0.85806	1.4526e-05
0.93484	0.93032	3.9677e-05
0.93484	1.0026	3.097e-05
0.93484	1.0748	0.00044607
0.93484	1.1471	0.00088589
0.93484	1.2194	0.00050853
0.93484	1.2916	6.0031e-05
0.93484	1.3639	1.212e-05
0.93484	1.4361	1.254e-05
0.93484	2.4477	1.4523e-05
0.98247	-1.5265	2.3965e-05
0.98247	-1.4542	3.6219e-05
0.98247	-1.3819	1.6123e-05
0.98247	-1.2374	1.3646e-05
0.98247	-1.0929	2.5251e-05
0.98247	-1.0206	2.61e-05
0.98247	-0.94839	7.9665e-05
0.98247	-0.87613	0.00024553
0.98247	-0.80387	0.00017758
0.98247	-0.73162	0.00056071
0.98247	-0.65936	0.00077665
0.98247	-0.5871	0.038538
0.98247	-0.51484	0.033356
0.98247	-0.44258	0.0020745
0.98247	-0.37032	0.0012392
0.98247	-0.29807	0.0049622
0.98247	-0.2258	0.02578
0.98247	-0.15355	0.031291
0.98247	-0.081291	0.011521
0.98247	-0.0090323	0.00056236
0.98247	0.063226	0.0010555
0.98247	0.13549	0.00032053
0.98247	0.20774	0.00020883
0.98247	0.28	0.00026853
0.98247	0.35226	6.912e-05
0.98247	0.42451	0.00011977
0.98247	0.49677	4.0052e-05
0.98247	0.93032	1.1975e-05
0.98247	1.0026	4.3006e-05
0.98247	1.0748	0.00052038
0.98247	1.1471	0.0011234
0.98247	1.2194	0.00072064
0.98247	1.2916	8.47e-05
0.98247	1.3639	4.3623e-05
0.98247	1.4361	4.0598e-05
0.98247	1.5084	8.6639e-06
0.98247	1.5806	1.9219e-05
0.98247	1.7252	4.3281e-05
0.98247	1.7974	3.3977e-05
0.98247	2.4477	1.2057e-05
1.0301	-1.5987	1.643e-05
1.0301	-1.5265	4.6878e-05
1.0301	-1.4542	3.6808e-05
1.0301	-0.94839	3.0485e-05
1.0301	-0.87613	8.0811e-05
1.0301	-0.80387	8.2063e-05
1.0301	-0.73162	0.00022933
1.0301	-0.65936	0.00020734
1.0301	-0.5871	0.00076878
1.0301	-0.51484	0.0054652
1.0301	-0.44258	0.038596
1.0301	-0.37032	0.0026245
1.0301	-0.29807	0.011948
1.0301	-0.2258	0.044901
1.0301	-0.15355	0.046618
1.0301	-0.081291	0.014863
1.0301	-0.0090323	0.00068769
1.0301	0.063226	0.0019499
1.0301	0.13549	0.0004596
1.0301	0.20774	0.00057664
1.0301	0.28	0.0005365
1.0301	0.35226	0.00022336
1.0301	0.42451	0.00043286
1.0301	0.49677	8.951e-05
1.0301	0.56903	2.9292e-05
1.0301	0.64129	1.7931e-05
1.0301	0.71355	3.6344e-05
1.0301	0.7858	1.6874e-05
1.0301	0.85806	1.3816e-05
1.0301	0.93032	1.7472e-05
1.0301	1.0026	1.309e-05
1.0301	1.0748	0.00014123
1.0301	1.1471	0.00043961
1.0301	1.2194	0.00039868
1.0301	1.2916	5.8235e-05
1.0301	1.3639	7.5427e-05
1.0301	1.4361	7.76e-05
1.0301	1.5084	5.9242e-05
1.0301	1.5806	0.0002429
1.0301	1.6529	3.125e-05
1.0301	1.7252	4.3857e-05
1.0777	-1.5987	2.9725e-05
1.0777	-1.5265	8.5381e-05
1.0777	-1.4542	6.4406e-05
1.0777	-1.3819	8.7729e-06
1.0777	-0.94839	1.0105e-05
1.0777	-0.87613	2.0716e-05
1.0777	-0.80387	2.7015e-05
1.0777	-0.73162	6.8719e-05
1.0777	-0.65936	6.0277e-05
1.0777	-0.5871	0.0001393
1.0777	-0.51484	0.00014318
1.0777	-0.44258	0.041688
1.0777	-0.37032	0.030101
1.0777	-0.29807	0.039761
1.0777	-0.2258	0.078383
1.0777	-0.15355	0.061261
1.0777	-0.081291	0.015569
1.0777	-0.0090323	0.00091822
1.0777	0.063226	0.0026761
1.0777	0.13549	0.00052352
1.0777	0.20774	0.0011038
1.0777	0.28	0.00076257
1.0777	0.35226	0.00060667
1.0777	0.42451	0.00099348
1.0777	0.49677	0.00014756
1.0777	0.56903	0.0001352
1.0777	0.64129	5.7979e-05
1.0777	0.71355	0.0001377
1.0777	0.7858	5.4135e-05
1.0777	0.85806	0.00017744
1.0777	0.93032	0.00017371
1.0777	1.0026	0.00028048
1.0777	1.0748	0.0015743
1.0777	1.1471	0.0016025
1.0777	1.2194	0.00049048
1.0777	1.2916	4.9199e-05
1.0777	1.3639	4.738e-05
1.0777	1.4361	0.00021832
1.0777	1.5084	0.00025978
1.0777	1.5806	0.00013914
1.1254	-1.5987	2.3402e-05
1.1254	-1.5265	7.1176e-05
1.1254	-1.4542	5.5325e-05
1.1254	-0.94839	1.0585e-05
1.1254	-0.80387	9.8173e-06
1.1254	-0.73162	1.7903e-05
1.1254	-0.65936	9.9692e-06
1.1254	-0.5871	1.9316e-05
1.1254	-0.51484	1.8088e-05
1.1254	-0.44258	0.00038026
1.1254	-0.37032	0.0060494
1.1254	-0.29807	0.48195
1.1254	-0.2258	0.61828
1.1254	-0.15355	0.1014
1.1254	-0.081291	0.015833
1.1254	-0.0090323	0.0014682
1.1254	0.063226	0.0030546
1.1254	0.13549	0.00060857
1.1254	0.20774	0.001666
1.1254	0.28	0.00090573
1.1254	0.35226	0.0013435
1.1254	0.42451	0.0017511
1.1254	0.49677	0.00026818
1.1254	0.56903	0.0004314
1.1254	0.64129	0.00012085
1.1254	0.71355	0.00033838
1.1254	0.7858	0.00011695
1.1254	0.85806	0.00089801
1.1254	0.93032	0.00063804
1.1254	1.0026	0.004514
1.1254	1.0748	0.028549
1.1254	1.1471	0.04986
1.1254	1.2194	0.039271
1.1254	1.2916	0.0038672
1.1254	1.3639	0.0024286
1.1254	1.4361	0.00013246
1.1254	1.5084	1.2545e-05
1.1254	2.4477	8.2191e-06
1.173	-1.5265	2.1305e-05
1.173	-1.4542	1.8859e-05
1.173	-0.94839	1.1797e-05
1.173	-0.80387	1.7338e-05
1.173	-0.73162	1.1062e-05
1.173	-0.5871	9.5231e-06
1.173	-0.44258	2.5082e-05
1.173	-0.37032	0.00011508
1.173	-0.29807	0.010304
1.173	-0.2258	0.62866
1.173	-0.15355	0.69021
1.173	-0.081291	0.089669
1.173	-0.0090323	0.0034812
1.173	0.063226	0.003702
1.173	0.13549	0.00093606
1.173	0.20774	0.0023044
1.173	0.28	0.0011227
1.173	0.35226	0.002684
1.173	0.42451	0.0028321
1.173	0.49677	0.00075188
1.173	0.56903	0.001238
1.173	0.64129	0.00022969
1.173	0.71355	0.00082472
1.173	0.7858	0.00033247
1.173	0.85806	0.0045847
1.173	0.93032	0.0028515
1.173	1.0026	0.16657
1.173	1.0748	1.3484
1.173	1.1471	1.1812
1.173	1.2194	0.20719
1.173	1.2916	0.0013465
1.173	1.3639	0.00082283
1.173	1.4361	6.0414e-05
1.173	1.5084	2.2909e-05
1.173	1.5806	1.1742e-05
1.173	2.3755	9.6751e-06
1.173	2.4477	1.3747e-05
1.2207	-1.5987	2.1841e-05
1.2207	-1.5265	2.5517e-05
1.2207	-1.4542	8.8568e-06
1.2207	-0.80387	2.1492e-05
1.2207	-0.73162	8.7133e-06
1.2207	-0.65936	1.7879e-05
1.2207	-0.5871	1.9362e-05
1.2207	-0.51484	3.0119e-05
1.2207	-0.44258	9.7535e-05
1.2207	-0.37032	0.00011397
1.2207	-0.29807	0.0021989
1.2207	-0.2258	0.0074587
1.2207	-0.15355	0.013581
1.2207	-0.081291	0.021185
1.2207	-0.0090323	0.020482
1.2207	0.063226	0.022347
1.2207	0.13549	0.0075496
1.2207	0.20774	0.0071336
1.2207	0.28	0.0029244
1.2207	0.35226	0.0080211
1.2207	0.42451	0.0073431
1.2207	0.49677	0.0045612
1.2207	0.56903	0.0063933
1.2207	0.64129	0.0013445
1.2207	0.71355	0.0088254
1.2207	0.7858	0.0074636
1.2207	0.85806	0.079182
1.2207	0.93032	0.026969
1.2207	1.0026	0.39126
1.2207	1.0748	0.36119
1.2207	1.1471	0.10882
1.2207	1.2194	0.01247
1.2207	1.2916	0.0002545
1.2207	1.3639	0.00044097
1.2207	1.4361	3.4122e-05
1.2207	1.5084	3.2032e-05
1.2207	1.5806	1.3036e-05
1.2207	2.4477	9.5732e-06
1.2683	-1.671	1.1746e-05
1.2683	-1.5987	7.6718e-05
1.2683	-1.5265	0.00010224
1.2683	-1.4542	3.5281e-05
1.2683	-0.80387	1.0941e-05
1.2683	-0.65936	2.0505e-05
1.2683	-0.5871	1.5388e-05
1.2683	-0.51484	4.7296e-05
1.2683	-0.44258	0.00012067
1.2683	-0.37032	0.00017411
1.2683	-0.29807	0.0027511
1.2683	-0.2258	0.0067038
1.2683	-0.15355	0.0047764
1.2683	-0.081291	0.00061817
1.2683	-0.0090323	0.00065155
1.2683	0.063226	0.00083392
1.2683	0.13549	0.0025506
1.2683	0.20774	0.01615
1.2683	0.28	0.010112
1.2683	0.35226	0.044067
1.2683	0.42451	0.048519
1.2683	0.49677	0.042495
1.2683	0.56903	0.036294
1.2683	0.64129	0.0064341
1.2683	0.71355	0.01198
1.2683	0.7858	0.0014289
1.2683	0.85806	0.0054315
1.2683	0.93032	0.0012887
1.2683	1.0026	0.01783
1.2683	1.0748	0.0346
1.2683	1.1471	0.01955
1.2683	1.2194	0.0028698
1.2683	1.2916	0.00014268
1.2683	1.3639	0.00023773
1.2683	1.4361	1.7874e-05
1.2683	1.5084	3.0754e-05
1.2683	1.5806	9.9329e-06
1.3159	-1.671	1.613e-05
1.3159	-1.5987	0.00010303
1.3159	-1.5265	0.00014626
1.3159	-1.4542	5.1112e-05
1.3159	-1.3097	1.0108e-05
1.3159	-0.51484	3.0467e-05
1.3159	-0.44258	6.5252e-05
1.3159	-0.37032	0.00014654
1.3159	-0.29807	0.0020024
1.3159	-0.2258	0.0044639
1.3159	-0.15355	0.0026444
1.3159	-0.081291	0.00020517
1.3159	-0.0090323	0.0004519
1.3159	0.063226	0.00014687
1.3159	0.13549	0.00022437
1.3159	0.20774	0.0002215
1.3159	0.28	0.00011158
1.3159	0.35226	0.00051109
1.3159	0.42451	0.00049546
1.3159	0.49677	0.0005637
1.3159	0.56903	0.00047801
1.3159	0.64129	0.00011889
1.3159	0.71355	0.00016018
1.3159	0.7858	7.6436e-05
1.3159	0.85806	0.0003481
1.3159	0.93032	0.00026576
1.3159	1.0026	0.0040419
1.3159	1.0748	0.0083455
1.3159	1.1471	0.0051077
1.3159	1.2194	0.00073068
1.3159	1.2916	8.3623e-05
1.3159	1.3639	0.00010753
1.3159	1.4361	9.661e-06
1.3159	1.5084	2.193e-05
1.3636	-1.671	9.7066e-06
1.3636	-1.5987	6.026e-05
1.3636	-1.5265	9.1017e-05
1.3636	-1.4542	3.1608e-05
1.3636	-1.3097	1.1923e-05
1.3636	-1.1652	8.3826e-06
1.3636	-0.44258	1.2754e-05
1.3636	-0.37032	4.3976e-05
1.3636	-0.29807	0.00065351
1.3636	-0.2258	0.0015387
1.3636	-0.15355	0.00085444
1.3636	-0.081291	6.5125e-05
1.3636	-0.0090323	0.00025347
1.3636	0.063226	5.0098e-05
1.3636	0.13549	0.00017325
1.3636	0.20774	8.5572e-05
1.3636	0.28	0.0001145
1.3636	0.35226	0.0002077
1.3636	0.42451	5.9816e-05
1.3636	0.49677	7.6984e-05
1.3636	0.56903	3.6033e-05
1.3636	0.71355	1.0478e-05
1.3636	0.7858	1.0242e-05
1.3636	0.85806	3.3201e-05
1.3636	0.93032	8.1706e-05
1.3636	1.0026	0.00095989
1.3636	1.0748	0.0019557
1.3636	1.1471	0.0012092
1.3636	1.2194	0.00015745
1.3636	1.2916	3.9929e-05
1.3636	1.3639	3.8144e-05
1.3636	1.5084	1.1748e-05
1.3636	2.3032	9.6057e-06
1.3636	2.3755	2.7099e-05
1.3636	2.4477	1.9649e-05
1.4112	-1.671	1.4983e-05
1.4112	-1.5987	4.4064e-05
1.4112	-1.5265	4.0114e-05
1.4112	-1.4542	1.0106e-05
1.4112	-1.0206	8.6439e-06
1.4112	-0.87613	9.8766e-06
1.4112	-0.80387	1.3265e-05
1.4112	-0.65936	1.552e-05
1.4112	-0.51484	2.2447e-05
1.4112	-0.44258	8.9838e-06
1.4112	-0.37032	3.6266e-05
1.4112	-0.29807	0.0001234
1.4112	-0.2258	0.00018005
1.4112	-0.15355	9.7582e-05
1.4112	-0.081291	1.6898e-05
1.4112	-0.0090323	7.1835e-05
1.4112	0.063226	1.2998e-05
1.4112	0.13549	7.8467e-05
1.4112	0.20774	2.5735e-05
1.4112	0.28	8.2525e-05
1.4112	0.35226	9.6177e-05
1.4112	0.42451	4.5267e-05
1.4112	0.49677	9.4187e-05
1.4112	0.56903	1.5628e-05
1.4112	0.64129	1.9973e-05
1.4112	0.7858	1.3124e-05
1.4112	0.85806	1.0781e-05
1.4112	0.93032	3.0795e-05
1.4112	1.0026	0.00022984
1.4112	1.0748	0.00040131
1.4112	1.1471	0.00023228
1.4112	1.2194	2.6242e-05
1.4112	1.2916	1.3922e-05
1.4112	1.3639	9.9946e-06
1.4112	2.3032	2.0439e-05
1.4112	2.3755	5.2965e-05
1.4112	2.4477	3.8084e-05
1.4588	-1.671	6.4289e-05
1.4588	-1.5987	0.00017032
1.4588	-1.5265	0.00011877
1.4588	-1.4542	1.6717e-05
1.4588	-0.87613	9.9992e-06
1.4588	-0.80387	1.0986e-05
1.4588	-0.73162	8.2994e-06
1.4588	-0.65936	2.6385e-05
1.4588	-0.51484	6.8544e-05
1.4588	-0.44258	2.5179e-05
1.4588	-0.37032	0.00024324
1.4588	-0.29807	0.00082971
1.4588	-0.2258	0.00065785
1.4588	-0.15355	0.00013085
1.4588	-0.0090323	9.6118e-06
1.4588	0.13549	1.4086e-05
1.4588	0.28	2.7125e-05
1.4588	0.35226	2.1208e-05
1.4588	0.42451	3.2936e-05
1.4588	0.49677	6.4082e-05
1.4588	0.56903	9.6808e-06
1.4588	0.64129	3.4001e-05
1.4588	0.71355	9.0137e-06
1.4588	0.7858	2.734e-05
1.4588	0.85806	1.9734e-05
1.4588	0.93032	3.4435e-05
1.4588	1.0026	0.00016639
1.4588	1.0748	0.00017005
1.4588	1.1471	5.9537e-05
1.4588	2.3032	2.8274e-05
1.4588	2.3755	6.6621e-05
1.4588	2.4477	4.5574e-05
1.5065	-1.671	0.00012779
1.5065	-1.5987	0.0003461
1.5065	-1.5265	0.00025273
1.5065	-1.4542	3.248e-05
1.5065	-1.3819	1.4744e-05
1.5065	-1.3097	1.1083e-05
1.5065	-0.65936	1.7354e-05
1.5065	-0.5871	9.6297e-06
1.5065	-0.51484	7.8182e-05
1.5065	-0.44258	2.6657e-05
1.5065	-0.37032	0.00046785
1.5065	-0.29807	0.0016536
1.5065	-0.2258	0.0014543
1.5065	-0.15355	0.00029356
1.5065	-0.081291	2.3596e-05
1.5065	-0.0090323	3.9093e-05
1.5065	0.13549	8.9511e-06
1.5065	0.42451	1.0458e-05
1.5065	0.49677	1.7797e-05
1.5065	0.64129	2.2415e-05
1.5065	0.7858	2.7324e-05
1.5065	0.85806	1.7813e-05
1.5065	0.93032	4.4096e-05
1.5065	1.0026	0.00019343
1.5065	1.0748	0.00016999
1.5065	1.1471	4.0902e-05
1.5065	2.3032	2.8051e-05
1.5065	2.3755	6.0184e-05
1.5065	2.4477	3.8481e-05
1.5541	-1.671	0.00011633
1.5541	-1.5987	0.00033053
1.5541	-1.5265	0.00025166
1.5541	-1.4542	2.8906e-05
1.5541	-1.3819	2.9513e-05
1.5541	-1.3097	1.796e-05
1.5541	-1.2374	8.9267e-06
1.5541	-1.1652	1.4205e-05
1.5541	-1.0206	1.2584e-05
1.5541	-0.51484	3.8949e-05
1.5541	-0.44258	1.4702e-05
1.5541	-0.37032	0.00039113
1.5541	-0.29807	0.0013976
1.5541	-0.2258	0.001279
1.5541	-0.15355	0.00023961
1.5541	-0.081291	5.1414e-05
1.5541	-0.0090323	6.4862e-05
1.5541	0.063226	1.0016e-05
1.5541	0.13549	3.0596e-05
1.5541	0.28	1.4601e-05
1.5541	0.7858	1.1526e-05
1.5541	0.93032	2.9998e-05
1.5541	1.0026	0.00013204
1.5541	1.0748	0.00011764
1.5541	1.1471	2.506e-05
1.5541	2.3032	2.0604e-05
1.5541	2.3755	4.0441e-05
1.5541	2.4477	2.3919e-05
1.6018	-1.671	3.2154e-05
1.6018	-1.5987	0.00011446
1.6018	-1.5265	0.00010313
1.6018	-1.4542	1.1618e-05
1.6018	-1.3819	2.6122e-05
1.6018	-1.3097	1.3245e-05
1.6018	-1.2374	1.3224e-05
1.6018	-1.1652	1.7018e-05
1.6018	-1.0206	2.3325e-05
1.6018	-0.87613	2.5444e-05
1.6018	-0.73162	1.4626e-05
1.6018	-0.65936	1.2286e-05
1.6018	-0.5871	1.0179e-05
1.6018	-0.51484	2.7173e-05
1.6018	-0.44258	8.818e-06
1.6018	-0.37032	0.00017634
1.6018	-0.29807	0.0005488
1.6018	-0.2258	0.00050502
1.6018	-0.15355	8.652e-05
1.6018	-0.081291	4.4915e-05
1.6018	-0.0090323	4.3616e-05
1.6018	0.063226	1.4287e-05
1.6018	0.13549	3.4977e-05
1.6018	0.28	2.9097e-05
1.6018	0.35226	8.2141e-06
1.6018	0.42451	1.4028e-05
1.6018	0.49677	8.1787e-06
1.6018	1.0026	3.2842e-05
1.6018	1.0748	3.4706e-05
1.6018	2.3032	1.1287e-05
1.6018	2.3755	2.0284e-05
1.6018	2.4477	1.0978e-05
1.6494	-1.7432	1.3383e-05
1.6494	-1.671	6.721e-05
1.6494	-1.5987	6.0383e-05
1.6494	-1.5265	1.7437e-05
1.6494	-1.1652	8.5765e-06
1.6494	-1.0929	8.7347e-06
1.6494	-1.0206	2.2225e-05
1.6494	-0.87613	3.7847e-05
1.6494	-0.80387	9.585e-06
1.6494	-0.73162	4.0108e-05
1.6494	-0.65936	2.7114e-05
1.6494	-0.5871	4.2336e-05
1.6494	-0.51484	8.6067e-05
1.6494	-0.44258	4.6128e-05
1.6494	-0.37032	0.000505
1.6494	-0.29807	0.00075663
1.6494	-0.2258	0.00033383
1.6494	-0.15355	2.9222e-05
1.6494	-0.081291	1.7719e-05
1.6494	-0.0090323	1.2814e-05
1.6494	0.063226	9.0556e-06
1.6494	0.13549	1.7457e-05
1.6494	0.28	2.2629e-05
1.6494	0.42451	2.4992e-05
1.6494	0.49677	1.2159e-05
1.6494	0.56903	9.1941e-06
1.6494	0.64129	1.1952e-05
1.6494	0.7858	1.3457e-05
1.6494	0.93032	2.0196e-05
1.6494	1.0026	2.7704e-05
1.6494	1.0748	1.0983e-05
1.697	-1.8877	1.6221e-05
1.697	-1.8155	1.1425e-05
1.697	-1.7432	7.3188e-05
1.697	-1.671	0.00040326
1.697	-1.5987	0.00046572
1.697	-1.5265	0.00013455
1.697	-1.3819	9.8726e-06
1.697	-1.0206	1.0103e-05
1.697	-0.87613	2.3996e-05
1.697	-0.73162	4.7805e-05
1.697	-0.65936	2.5701e-05
1.697	-0.5871	8.3851e-05
1.697	-0.51484	0.00013917
1.697	-0.44258	0.0001565
1.697	-0.37032	0.0015482
1.697	-0.29807	0.00237
1.697	-0.2258	0.00099886
1.697	-0.15355	6.1244e-05
1.697	-0.081291	4.0316e-05
1.697	-0.0090323	1.3205e-05
1.697	0.28	8.2197e-06
1.697	0.42451	1.6538e-05
1.697	0.56903	1.2959e-05
1.697	0.64129	1.3518e-05
1.697	0.71355	8.7292e-06
1.697	0.7858	2.7825e-05
1.697	0.93032	8.2472e-05
1.697	1.0026	0.00013363
1.697	1.0748	5.67e-05
1.7447	-1.8877	2.2923e-05
1.7447	-1.8155	1.2538e-05
1.7447	-1.7432	0.00017128
1.7447	-1.671	0.00089205
1.7447	-1.5987	0.0010873
1.7447	-1.5265	0.00032874
1.7447	-1.4542	2.0887e-05
1.7447	-1.3819	5.9608e-05
1.7447	-1.2374	1.6627e-05
1.7447	-0.73162	2.0868e-05
1.7447	-0.65936	1.0282e-05
1.7447	-0.5871	7.4876e-05
1.7447	-0.51484	0.00010318
1.7447	-0.44258	0.00025205
1.7447	-0.37032	0.0022301
1.7447	-0.29807	0.0035084
1.7447	-0.2258	0.0015022
1.7447	-0.15355	8.0578e-05
1.7447	-0.081291	0.00012318
1.7447	-0.0090323	3.1661e-05
1.7447	0.063226	2.3667e-05
1.7447	0.13549	1.5795e-05
1.7447	0.28	9.6008e-06
1.7447	0.71355	8.8947e-06
1.7447	0.7858	2.3525e-05
1.7447	0.85806	8.741e-06
1.7447	0.93032	0.00012169
1.7447	1.0026	0.00020675
1.7447	1.0748	9.2924e-05
1.7923	-1.8877	1.867e-05
1.7923	-1.8155	8.7828e-06
1.7923	-1.7432	0.00022738
1.7923	-1.671	0.001105
1.7923	-1.5987	0.001345
1.7923	-1.5265	0.00038491
1.7923	-1.4542	4.6876e-05
1.7923	-1.3819	0.00011995
1.7923	-1.3097	1.4809e-05
1.7923	-1.2374	5.9221e-05
1.7923	-1.1652	1.9799e-05
1.7923	-1.0929	1.7562e-05
1.7923	-0.94839	1.4835e-05
1.7923	-0.87613	1.4304e-05
1.7923	-0.5871	1.9626e-05
1.7923	-0.51484	2.552e-05
1.7923	-0.44258	0.00016669
1.7923	-0.37032	0.001463
1.7923	-0.29807	0.0024904
1.7923	-0.2258	0.0010971
1.7923	-0.15355	5.938e-05
1.7923	-0.081291	0.00016748
1.7923	-0.0090323	3.4633e-05
1.7923	0.063226	5.2369e-05
1.7923	0.13549	2.7947e-05
1.7923	0.20774	1.8406e-05
1.7923	0.28	2.5198e-05
1.7923	0.42451	1.3504e-05
1.7923	0.7858	9.3698e-06
1.7923	0.93032	8.1009e-05
1.7923	1.0026	0.00014376
1.7923	1.0748	6.7069e-05
1.8399	-1.7432	0.00017149
1.8399	-1.671	0.00081312
1.8399	-1.5987	0.00099785
1.8399	-1.5265	0.00026423
1.8399	-1.4542	6.4716e-05
1.8399	-1.3819	0.00013234
1.8399	-1.3097	2.0293e-05
1.8399	-1.2374	9.7618e-05
1.8399	-1.1652	2.7773e-05
1.8399	-1.0929	4.3247e-05
1.8399	-1.0206	1.8739e-05
1.8399	-0.94839	5.3975e-05
1.8399	-0.87613	5.155e-05
1.8399	-0.80387	1.9621e-05
1.8399	-0.73162	5.8405e-05
1.8399	-0.65936	8.8822e-06
1.8399	-0.5871	4.8551e-05
1.8399	-0.51484	1.2804e-05
1.8399	-0.44258	5.1868e-05
1.8399	-0.37032	0.00027401
1.8399	-0.29807	0.0005631
1.8399	-0.2258	0.00030276
1.8399	-0.15355	2.5196e-05
1.8399	-0.081291	0.00010181
1.8399	-0.0090323	1.8647e-05
1.8399	0.063226	5.4007e-05
1.8399	0.13549	2.2947e-05
1.8399	0.20774	3.1076e-05
1.8399	0.28	3.2873e-05
1.8399	0.35226	1.1551e-05
1.8399	0.42451	3.511e-05
1.8399	0.56903	1.9532e-05
1.8399	0.71355	1.2059e-05
1.8399	0.7858	1.0383e-05
1.8399	0.85806	8.2721e-06
1.8399	0.93032	5.1111e-05
1.8399	1.0026	6.3213e-05
1.8399	1.0748	2.5357e-05
1.8876	-1.7432	5.3633e-05
1.8876	-1.671	0.00029465
1.8876	-1.5987	0.00040109
1.8876	-1.5265	0.00010246
1.8876	-1.4542	5.2961e-05
1.8876	-1.3819	8.7723e-05
1.8876	-1.3097	2.0353e-05
1.8876	-1.2374	9.5867e-05
1.8876	-1.1652	2.4138e-05
1.8876	-1.0929	5.8459e-05
1.8876	-1.0206	2.6884e-05
1.8876	-0.94839	9.349e-05
1.8876	-0.87613	7.3559e-05
1.8876	-0.80387	6.2899e-05
1.8876	-0.73162	0.00015575
1.8876	-0.65936	3.7478e-05
1.8876	-0.5871	0.00026633
1.8876	-0.51484	7.5935e-05
1.8876	-0.44258	0.00059706
1.8876	-0.37032	0.0014892
1.8876	-0.29807	0.00082616
1.8876	-0.2258	0.00010659
1.8876	-0.081291	1.5622e-05
1.8876	0.063226	2.0301e-05
1.8876	0.20774	2.614e-05
1.8876	0.28	2.2751e-05
1.8876	0.35226	1.5487e-05
1.8876	0.42451	3.8306e-05
1.8876	0.56903	3.8258e-05
1.8876	0.64129	8.8664e-06
1.8876	0.71355	3.77e-05
1.8876	0.7858	2.6147e-05
1.8876	0.85806	4.2954e-05
1.8876	0.93032	0.00019301
1.8876	1.0026	0.00016224
1.8876	1.0748	3.7844e-05
1.9352	-1.7432	8.8223e-06
1.9352	-1.671	2.2549e-05
1.9352	-1.5987	4.6692e-05
1.9352	-1.5265	1.5351e-05
1.9352	-1.4542	2.0523e-05
1.9352	-1.3819	3.1433e-05
1.9352	-1.3097	1.2857e-05
1.9352	-1.2374	5.6989e-05
1.9352	-1.1652	1.3912e-05
1.9352	-1.0929	4.889e-05
1.9352	-1.0206	2.7835e-05
1.9352	-0.94839	9.3176e-05
1.9352	-0.87613	5.8198e-05
1.9352	-0.80387	0.00010652
1.9352	-0.73162	0.00020247
1.9352	-0.65936	8.737e-05
1.9352	-0.5871	0.00054908
1.9352	-0.51484	0.00015089
1.9352	-0.44258	0.0023025
1.9352	-0.37032	0.0062501
1.9352	-0.29807	0.0042769
1.9352	-0.2258	0.00065114
1.9352	-0.15355	5.0669e-05
1.9352	-0.081291	6.182e-05
1.9352	0.20774	9.089e-06
1.9352	0.42451	1.7353e-05
1.9352	0.56903	3.3992e-05
1.9352	0.71355	5.647e-05
1.9352	0.7858	3.1752e-05
1.9352	0.85806	0.00011125
1.9352	0.93032	0.00046609
1.9352	1.0026	0.00040521
1.9352	1.0748	9.2249e-05
1.9829	-1.8155	1.0692e-05
1.9829	-1.7432	9.2895e-05
1.9829	-1.671	0.00013384
1.9829	-1.5987	4.9084e-05
1.9829	-1.2374	1.7084e-05
1.9829	-1.0929	2.531e-05
1.9829	-1.0206	2.1824e-05
1.9829	-0.94839	5.1209e-05
1.9829	-0.87613	2.7683e-05
1.9829	-0.80387	0.00010483
1.9829	-0.73162	0.00015319
1.9829	-0.65936	0.00012685
1.9829	-0.5871	0.00062967
1.9829	-0.51484	0.00021094
1.9829	-0.44258	0.0043632
1.9829	-0.37032	0.011534
1.9829	-0.29807	0.008149
1.9829	-0.2258	0.0012005
1.9829	-0.15355	0.00022411
1.9829	-0.081291	0.00024475
1.9829	-0.0090323	2.5716e-05
1.9829	0.063226	7.1662e-05
1.9829	0.13549	1.2313e-05
1.9829	0.20774	1.1071e-05
1.9829	0.56903	9.8908e-06
1.9829	0.71355	3.7839e-05
1.9829	0.7858	1.8083e-05
1.9829	0.85806	0.00014031
1.9829	0.93032	0.0005632
1.9829	1.0026	0.00050731
1.9829	1.0748	0.00011313
1.9829	1.2194	9.1442e-06
2.0305	-1.8155	2.6683e-05
2.0305	-1.7432	0.00021568
2.0305	-1.671	0.00036512
2.0305	-1.5987	0.00017749
2.0305	-1.5265	1.1657e-05
2.0305	-1.4542	1.1288e-05
2.0305	-1.0206	1.288e-05
2.0305	-0.94839	1.1016e-05
2.0305	-0.87613	9.7324e-06
2.0305	-0.80387	5.4635e-05
2.0305	-0.73162	6.4305e-05
2.0305	-0.65936	0.00010544
2.0305	-0.5871	0.00042236
2.0305	-0.51484	0.00023715
2.0305	-0.44258	0.0049463
2.0305	-0.37032	0.012653
2.0305	-0.29807	0.0088814
2.0305	-0.2258	0.0011689
2.0305	-0.15355	0.00045589
2.0305	-0.081291	0.00039796
2.0305	-0.0090323	7.4123e-05
2.0305	0.063226	0.00019303
2.0305	0.13549	3.0541e-05
2.0305	0.20774	5.0924e-05
2.0305	0.28	8.8262e-06
2.0305	0.35226	3.9078e-05
2.0305	0.42451	1.5081e-05
2.0305	0.85806	6.7682e-05
2.0305	0.93032	0.00030017
2.0305	1.0026	0.00030549
2.0305	1.0748	6.9584e-05
2.0305	1.2194	1.041e-05
2.0781	-1.8155	3.835e-05
2.0781	-1.7432	0.00026163
2.0781	-1.671	0.00044058
2.0781	-1.5987	0.00021962
2.0781	-1.5265	1.4045e-05
2.0781	-1.4542	2.8581e-05
2.0781	-1.3819	8.5467e-06
2.0781	-1.0206	8.238e-06
2.0781	-0.80387	1.2543e-05
2.0781	-0.73162	1.078e-05
2.0781	-0.65936	3.5989e-05
2.0781	-0.5871	0.00013695
2.0781	-0.51484	0.00016395
2.0781	-0.44258	0.0032239
2.0781	-0.37032	0.0084096
2.0781	-0.29807	0.0059811
2.0781	-0.2258	0.00069525
2.0781	-0.15355	0.00054864
2.0781	-0.081291	0.00038261
2.0781	-0.0090323	0.00012664
2.0781	0.063226	0.00027599
2.0781	0.13549	4.4508e-05
2.0781	0.20774	0.00010584
2.0781	0.28	2.4445e-05
2.0781	0.35226	0.00011557
2.0781	0.42451	4.0117e-05
2.0781	0.49677	4.6798e-05
2.0781	0.56903	4.914e-05
2.0781	0.64129	1.5123e-05
2.0781	0.71355	4.5329e-05
2.0781	0.85806	5.046e-05
2.0781	0.93032	7.2436e-05
2.0781	1.0026	5.5966e-05
2.0781	1.0748	1.4758e-05
2.0781	2.1587	1.3175e-05
2.0781	2.231	6.3654e-05
2.0781	2.3032	7.1097e-05
2.0781	2.3755	2.0653e-05
2.1258	-1.8155	3.6439e-05
2.1258	-1.7432	0.00020747
2.1258	-1.671	0.00032944
2.1258	-1.5987	0.00015581
2.1258	-1.5265	9.6334e-06
2.1258	-1.4542	3.0789e-05
2.1258	-1.3819	8.1188e-06
2.1258	-1.3097	1.2517e-05
2.1258	-1.2374	8.3548e-06
2.1258	-1.0206	9.5371e-06
2.1258	-0.94839	1.4598e-05
2.1258	-0.87613	1.0122e-05
2.1258	-0.80387	2.2629e-05
2.1258	-0.65936	1.582e-05
2.1258	-0.5871	1.1644e-05
2.1258	-0.51484	3.0187e-05
2.1258	-0.44258	0.00079319
2.1258	-0.37032	0.0026425
2.1258	-0.29807	0.0021626
2.1258	-0.2258	0.00024116
2.1258	-0.15355	0.00039495
2.1258	-0.081291	0.00023187
2.1258	-0.0090323	0.00013756
2.1258	0.063226	0.00025395
2.1258	0.13549	4.6431e-05
2.1258	0.20774	0.00013462
2.1258	0.28	4.4737e-05
2.1258	0.35226	0.00018046
2.1258	0.42451	5.0272e-05
2.1258	0.49677	0.00013011
2.1258	0.56903	0.00011202
2.1258	0.64129	7.2995e-05
2.1258	0.71355	0.00020187
2.1258	0.7858	4.8113e-05
2.1258	0.85806	0.00057137
2.1258	0.93032	0.00082386
2.1258	1.0026	0.00029953
2.1258	1.0748	1.9752e-05
2.1258	2.0142	1.2359e-05
2.1258	2.1587	8.6959e-05
2.1258	2.231	0.00029626
2.1258	2.3032	0.00022452
2.1258	2.3755	4.0175e-05
2.1734	-1.8155	1.9999e-05
2.1734	-1.7432	9.9085e-05
2.1734	-1.671	0.00014788
2.1734	-1.5987	6.3808e-05
2.1734	-1.4542	1.7867e-05
2.1734	-1.3097	1.0977e-05
2.1734	-1.1652	9.3354e-06
2.1734	-1.0206	1.0875e-05
2.1734	-0.94839	1.6198e-05
2.1734	-0.87613	1.8733e-05
2.1734	-0.80387	5.9226e-05
2.1734	-0.73162	1.3464e-05
2.1734	-0.65936	0.00011157
2.1734	-0.5871	5.154e-05
2.1734	-0.51484	0.00011789
2.1734	-0.44258	0.00032578
2.1734	-0.37032	0.00022977
2.1734	-0.29807	0.00019788
2.1734	-0.2258	3.3008e-05
2.1734	-0.15355	0.00013397
2.1734	-0.081291	7.9082e-05
2.1734	-0.0090323	8.7787e-05
2.1734	0.063226	0.00015246
2.1734	0.13549	3.4094e-05
2.1734	0.20774	0.00012198
2.1734	0.28	5.8392e-05
2.1734	0.35226	0.0001765
2.1734	0.42451	4.2925e-05
2.1734	0.49677	0.00021679
2.1734	0.56903	0.00014627
2.1734	0.64129	0.00019464
2.1734	0.71355	0.00043712
2.1734	0.7858	0.00019604
2.1734	0.85806	0.0024179
2.1734	0.93032	0.0038647
2.1734	1.0026	0.0016794
2.1734	1.0748	0.00012259
2.1734	1.1471	4.1524e-05
2.1734	1.2194	1.7559e-05
2.1734	2.0142	9.0532e-06
2.1734	2.1587	4.4886e-05
2.1734	2.231	0.00012542
2.1734	2.3032	8.6052e-05
2.1734	2.3755	1.345e-05
2.221	-1.7432	1.3733e-05
2.221	-1.671	2.0938e-05
2.221	-1.5987	8.1676e-06
2.221	-1.1652	1.4184e-05
2.221	-1.0206	1.2492e-05
2.221	-0.94839	1.1357e-05
2.221	-0.87613	3.0358e-05
2.221	-0.80387	7.2825e-05
2.221	-0.73162	2.9223e-05
2.221	-0.65936	0.00026486
2.221	-0.5871	0.00010967
2.221	-0.51484	0.00073237
2.221	-0.44258	0.0028764
2.221	-0.37032	0.0025243
2.221	-0.29807	0.0005657
2.221	-0.2258	1.208e-05
2.221	-0.15355	1.5647e-05
2.221	-0.081291	9.2878e-06
2.221	-0.0090323	2.1535e-05
2.221	0.063226	5.0847e-05
2.221	0.13549	1.5083e-05
2.221	0.20774	8.6004e-05
2.221	0.28	5.3803e-05
2.221	0.35226	0.00010601
2.221	0.42451	3.4905e-05
2.221	0.49677	0.00024822
2.221	0.56903	0.00013538
2.221	0.64129	0.00037299
2.221	0.71355	0.0006888
2.221	0.7858	0.00067981
2.221	0.85806	0.0077088
2.221	0.93032	0.013282
2.221	1.0026	0.0064105
2.221	1.0748	0.00045802
2.221	1.1471	0.00041721
2.221	1.2194	0.00016195
2.221	1.2916	5.3262e-05
2.221	1.3639	4.9726e-05
2.221	2.1587	1.4287e-05
2.221	2.231	4.473e-05
2.221	2.3032	3.4502e-05
2.2687	-1.8155	2.7458e-05
2.2687	-1.7432	8.5012e-05
2.2687	-1.671	7.4314e-05
2.2687	-1.5987	1.6182e-05
2.2687	-1.1652	1.4893e-05
2.2687	-1.0206	2.1925e-05
2.2687	-0.94839	1.3877e-05
2.2687	-0.87613	4.0147e-05
2.2687	-0.80387	5.9204e-05
2.2687	-0.73162	5.7941e-05
2.2687	-0.65936	0.00036685
2.2687	-0.5871	0.00011761
2.2687	-0.51484	0.0018686
2.2687	-0.44258	0.0071609
2.2687	-0.37032	0.0072266
2.2687	-0.29807	0.0019978
2.2687	-0.2258	7.232e-05
2.2687	-0.15355	0.00016289
2.2687	-0.081291	1.6229e-05
2.2687	-0.0090323	1.7064e-05
2.2687	0.20774	5.0709e-05
2.2687	0.28	4.416e-05
2.2687	0.35226	3.007e-05
2.2687	0.42451	4.0369e-05
2.2687	0.49677	0.00019659
2.2687	0.56903	0.00010242
2.2687	0.64129	0.00061039
2.2687	0.71355	0.0010263
2.2687	0.7858	0.0025411
2.2687	0.85806	0.025918
2.2687	0.93032	0.043134
2.2687	1.0026	0.018294
2.2687	1.0748	0.00095592
2.2687	1.1471	0.00096164
2.2687	1.2194	0.00023176
2.2687	1.2916	6.5907e-05
2.2687	1.3639	4.2304e-05
2.2687	2.231	1.1989e-05
2.2687	2.3032	1.1149e-05
2.3162	-1.8155	0.00013902
2.3162	-1.7432	0.00041062
2.3162	-1.671	0.00035829
2.3162	-1.5987	6.9886e-05
2.3162	-1.5265	1.9286e-05
2.3162	-1.4542	3.4579e-05
2.3162	-1.3097	2.0983e-05
2.3162	-1.2374	1.6696e-05
2.3162	-1.1652	1.083e-05
2.3162	-1.0929	1.5505e-05
2.3162	-1.0206	3.1581e-05
2.3162	-0.94839	2.089e-05
2.3162	-0.87613	4.7258e-05
2.3162	-0.80387	4.4811e-05
2.3162	-0.73162	9.7533e-05
2.3162	-0.65936	0.00037602
2.3162	-0.5871	0.00013213
2.3162	-0.51484	0.00324
2.3162	-0.44258	0.011327
2.3162	-0.37032	0.011638
2.3162	-0.29807	0.003272
2.3162	-0.2258	0.00018705
2.3162	-0.15355	0.0005483
2.3162	-0.081291	6.2116e-05
2.3162	-0.0090323	0.00016
2.3162	0.063226	3.8071e-05
2.3162	0.13549	4.5388e-05
2.3162	0.20774	3.6087e-05
2.3162	0.28	0.00013027
2.3162	0.35226	5.421e-05
2.3162	0.42451	0.00013657
2.3162	0.49677	0.00010317
2.3162	0.56903	6.543e-05
2.3162	0.64129	0.00043301
2.3162	0.71355	0.0006852
2.3162	0.7858	0.0021278
2.3162	0.85806	0.01471
2.3162	0.93032	0.01702
2.3162	1.0026	0.0050719
2.3162	1.0748	0.00018451
2.3162	1.1471	0.00025649
2.3162	1.2194	4.8554e-05
2.3162	1.2916	2.6371e-05
2.3162	1.3639	1.5481e-05
2.3639	-1.8877	1.6339e-05
2.3639	-1.8155	0.0002863
2.3639	-1.7432	0.00081319
2.3639	-1.671	0.0006888
2.3639	-1.5987	0.00011192
2.3639	-1.5265	6.4111e-05
2.3639	-1.4542	8.2477e-05
2.3639	-1.3819	1.2266e-05
2.3639	-1.3097	6.6053e-05
2.3639	-1.2374	2.2282e-05
2.3639	-1.1652	2.6131e-05
2.3639	-1.0929	4.9339e-05
2.3639	-1.0206	2.1422e-05
2.3639	-0.94839	3.2102e-05
2.3639	-0.87613	4.5191e-05
2.3639	-0.80387	3.7626e-05
2.3639	-0.73162	0.00012815
2.3639	-0.65936	0.00029516
2.3639	-0.5871	0.00021701
2.3639	-0.51484	0.0043928
2.3639	-0.44258	0.014262
2.3639	-0.37032	0.014754
2.3639	-0.29807	0.0040582
2.3639	-0.2258	0.00045364
2.3639	-0.15355	0.001244
2.3639	-0.081291	0.00017701
2.3639	-0.0090323	0.00073133
2.3639	0.063226	0.0001845
2.3639	0.13549	0.0003908
2.3639	0.20774	0.00011286
2.3639	0.28	0.00047003
2.3639	0.35226	0.00022007
2.3639	0.42451	0.00028353
2.3639	0.49677	0.00019077
2.3639	0.56903	3.7161e-05
2.3639	0.64129	6.4982e-05
2.3639	0.71355	1.6285e-05
2.3639	0.7858	8.4492e-05
2.3639	0.85806	0.00080142
2.3639	0.93032	0.0012836
2.3639	1.0026	0.0004855
2.3639	1.0748	2.42e-05
2.3639	1.1471	6.4068e-05
2.3639	1.2194	1.1284e-05
2.3639	1.2916	1.2316e-05
2.3639	2.1587	3.5724e-05
2.3639	2.231	4.3838e-05
2.3639	2.3032	1.3678e-05
2.4116	-1.8877	2.0422e-05
2.4116	-1.8155	0.00029864
2.4116	-1.7432	0.00085924
2.4116	-1.671	0.00073235
2.4116	-1.5987	0.00010096
2.4116	-1.5265	0.00012342
2.4116	-1.4542	0.00011628
2.4116	-1.3819	3.4197e-05
2.4116	-1.3097	0.00013316
2.4116	-1.2374	2.4865e-05
2.4116	-1.1652	0.00010439
2.4116	-1.0929	9.6608e-05
2.4116	-1.0206	2.0479e-05
2.4116	-0.94839	8.2941e-05
2.4116	-0.87613	2.6713e-05
2.4116	-0.80387	6.1328e-05
2.4116	-0.73162	0.00011696
2.4116	-0.65936	0.00011895
2.4116	-0.5871	0.00034954
2.4116	-0.51484	0.0037783
2.4116	-0.44258	0.01263
2.4116	-0.37032	0.014159
2.4116	-0.29807	0.0039194
2.4116	-0.2258	0.00097673
2.4116	-0.15355	0.0016349
2.4116	-0.081291	0.00036766
2.4116	-0.0090323	0.00084159
2.4116	0.063226	0.00017689
2.4116	0.13549	0.00037967
2.4116	0.20774	6.7703e-05
2.4116	0.28	0.00017013
2.4116	0.35226	5.9484e-05
2.4116	0.42451	0.00014025
2.4116	0.49677	0.00012715
2.4116	0.56903	4.8466e-05
2.4116	0.64129	0.00016409
2.4116	0.71355	2.5666e-05
2.4116	0.7858	0.00015379
2.4116	0.85806	0.00020261
2.4116	0.93032	6.9129e-05
2.4116	1.0026	1.9246e-05
2.4116	1.1471	1.0951e-05
2.4116	2.0865	1.5771e-05
2.4116	2.1587	0.00011497
2.4116	2.231	0.00015163
2.4116	2.3032	5.2331e-05
2.4591	-1.8877	8.8391e-06
2.4591	-1.8155	0.00011539
2.4591	-1.7432	0.00039491
2.4591	-1.671	0.00039345
2.4591	-1.5987	5.3631e-05
2.4591	-1.5265	0.00013283
2.4591	-1.4542	0.00010629
2.4591	-1.3819	6.6006e-05
2.4591	-1.3097	0.00018601
2.4591	-1.2374	4.1846e-05
2.4591	-1.1652	0.00027015
2.4591	-1.0929	0.00015391
2.4591	-1.0206	0.0002108
2.4591	-0.94839	0.0002722
2.4591	-0.87613	0.00017444
2.4591	-0.80387	0.00039634
2.4591	-0.73162	0.00033408
2.4591	-0.65936	0.00067228
2.4591	-0.5871	0.00077944
2.4591	-0.51484	0.0025096
2.4591	-0.44258	0.003248
2.4591	-0.37032	0.001993
2.4591	-0.29807	0.00056072
2.4591	-0.2258	0.00023885
2.4591	-0.15355	0.00011372
2.4591	-0.081291	0.00011915
2.4591	-0.0090323	6.3363e-05
2.4591	0.063226	6.217e-05
2.4591	0.13549	0.00010466
2.4591	0.20774	1.3411e-05
2.4591	0.28	5.9852e-05
2.4591	0.35226	1.578e-05
2.4591	0.42451	8.5661e-05
2.4591	0.49677	6.392e-05
2.4591	0.56903	6.5178e-05
2.4591	0.64129	0.00019638
2.4591	0.71355	4.0457e-05
2.4591	0.7858	0.0005391
2.4591	0.85806	0.0010461
2.4591	0.93032	0.00053526
2.4591	1.0026	6.4468e-05
2.4591	2.0865	3.8705e-05
2.4591	2.1587	0.00025402
2.4591	2.231	0.00034121
2.4591	2.3032	0.00011811
2.4591	2.4477	1.3348e-05
2.5068	-1.96	8.1006e-06
2.5068	-1.8877	2.3822e-05
2.5068	-1.8155	0.00013534
2.5068	-1.7432	0.00013505
2.5068	-1.671	6.3258e-05
2.5068	-1.5987	1.4892e-05
2.5068	-1.5265	5.3045e-05
2.5068	-1.4542	6.0994e-05
2.5068	-1.3819	6.248e-05
2.5068	-1.3097	0.0001822
2.5068	-1.2374	8.2179e-05
2.5068	-1.1652	0.00049877
2.5068	-1.0929	0.00031168
2.5068	-1.0206	0.001143
2.5068	-0.94839	0.00077085
2.5068	-0.87613	0.0013186
2.5068	-0.80387	0.0011631
2.5068	-0.73162	0.0014196
2.5068	-0.65936	0.0019925
2.5068	-0.5871	0.0016025
2.5068	-0.51484	0.010741
2.5068	-0.44258	0.013229
2.5068	-0.37032	0.0051043
2.5068	-0.29807	0.00045989
2.5068	-0.2258	0.00013124
2.5068	-0.15355	9.9005e-05
2.5068	-0.081291	4.0644e-05
2.5068	-0.0090323	2.7677e-05
2.5068	0.063226	4.9262e-05
2.5068	0.13549	2.9468e-05
2.5068	0.20774	1.4633e-05
2.5068	0.28	4.4268e-05
2.5068	0.35226	1.2971e-05
2.5068	0.42451	5.8624e-05
2.5068	0.49677	2.8589e-05
2.5068	0.56903	8.0812e-05
2.5068	0.64129	0.00017399
2.5068	0.71355	6.3558e-05
2.5068	0.7858	0.00096939
2.5068	0.85806	0.001938
2.5068	0.93032	0.0011323
2.5068	1.0026	0.00015667
2.5068	1.0748	1.0066e-05
2.5068	1.1471	1.1876e-05
2.5068	2.0865	7.4371e-05
2.5068	2.1587	0.0004691
2.5068	2.231	0.00065795
2.5068	2.3032	0.00022703
2.5068	2.3755	1.4965e-05
2.5068	2.4477	4.634e-05
2.5545	-2.0323	2.4277e-05
2.5545	-1.96	1.9648e-05
2.5545	-1.8877	0.00021892
2.5545	-1.8155	0.0014403
2.5545	-1.7432	0.0019875
2.5545	-1.671	0.00058427
2.5545	-1.5987	7.6075e-05
2.5545	-1.5265	0.00013883
2.5545	-1.4542	4.6781e-05
2.5545	-1.3819	8.1514e-05
2.5545	-1.3097	8.7001e-05
2.5545	-1.2374	7.9323e-05
2.5545	-1.1652	0.00025126
2.5545	-1.0929	0.00022949
2.5545	-1.0206	0.00065997
2.5545	-0.94839	0.00028387
2.5545	-0.87613	0.00061631
2.5545	-0.80387	0.00029483
2.5545	-0.73162	0.00074831
2.5545	-0.65936	0.00076459
2.5545	-0.5871	0.0015202
2.5545	-0.51484	0.010431
2.5545	-0.44258	0.014234
2.5545	-0.37032	0.0060622
2.5545	-0.29807	0.00045214
2.5545	-0.2258	0.0003102
2.5545	-0.15355	0.0001923
2.5545	-0.081291	3.7317e-05
2.5545	-0.0090323	9.3824e-05
2.5545	0.063226	3.535e-05
2.5545	0.13549	2.1344e-05
2.5545	0.20774	3.6933e-05
2.5545	0.28	3.5881e-05
2.5545	0.35226	1.7794e-05
2.5545	0.42451	4.3904e-05
2.5545	0.49677	1.6831e-05
2.5545	0.56903	9.0407e-05
2.5545	0.64129	0.00012859
2.5545	0.71355	0.00011261
2.5545	0.7858	0.0013388
2.5545	0.85806	0.0025581
2.5545	0.93032	0.0015234
2.5545	1.0026	0.00020447
2.5545	1.0748	2.7733e-05
2.5545	1.1471	2.9493e-05
2.5545	2.0865	8.6153e-05
2.5545	2.1587	0.00058014
2.5545	2.231	0.00084377
2.5545	2.3032	0.00027113
2.5545	2.3755	2.5918e-05
2.5545	2.4477	6.7023e-05
2.602	-2.0323	5.818e-05
2.602	-1.96	3.4175e-05
2.602	-1.8877	0.0010625
2.602	-1.8155	0.0070948
2.602	-1.7432	0.011115
2.602	-1.671	0.0035722
2.602	-1.5987	0.00059514
2.602	-1.5265	0.001177
2.602	-1.4542	0.00013082
2.602	-1.3819	0.00041327
2.602	-1.3097	4.7929e-05
2.602	-1.2374	0.0001062
2.602	-1.1652	2.6872e-05
2.602	-1.0929	1.4335e-05
2.602	-1.0206	1.9763e-05
2.602	-0.94839	3.0107e-05
2.602	-0.87613	8.4785e-05
2.602	-0.80387	4.1299e-05
2.602	-0.73162	0.00027253
2.602	-0.65936	0.0002076
2.602	-0.5871	0.0011951
2.602	-0.51484	0.0076576
2.602	-0.44258	0.011154
2.602	-0.37032	0.0049373
2.602	-0.29807	0.00030919
2.602	-0.2258	0.00050781
2.602	-0.15355	0.00022826
2.602	-0.081291	8.7476e-05
2.602	-0.0090323	0.0001825
2.602	0.063226	2.3809e-05
2.602	0.13549	8.5333e-05
2.602	0.20774	6.6913e-05
2.602	0.28	2.0341e-05
2.602	0.35226	3.4596e-05
2.602	0.42451	3.1204e-05
2.602	0.49677	2.3004e-05
2.602	0.56903	8.9187e-05
2.602	0.64129	8.2369e-05
2.602	0.71355	0.00018694
2.602	0.7858	0.0015941
2.602	0.85806	0.0029019
2.602	0.93032	0.0017209
2.602	1.0026	0.00021438
2.602	1.0748	5.8218e-05
2.602	1.1471	5.0285e-05
2.602	1.2916	1.4102e-05
2.602	2.0865	8.256e-06
2.602	2.1587	6.7122e-05
2.602	2.231	0.00011397
2.602	2.3032	3.5624e-05
2.602	2.4477	1.1923e-05
2.6497	-2.249	1.0786e-05
2.6497	-2.1768	3.0569e-05
2.6497	-2.1045	3.5675e-05
2.6497	-2.0323	0.00026514
2.6497	-1.96	0.00010183
2.6497	-1.8877	0.0026869
2.6497	-1.8155	0.010164
2.6497	-1.7432	0.01001
2.6497	-1.671	0.0020832
2.6497	-1.5987	0.0003207
2.6497	-1.5265	0.00050495
2.6497	-1.4542	5.9317e-05
2.6497	-1.3819	0.000229
2.6497	-1.3097	3.4376e-05
2.6497	-1.2374	0.00011007
2.6497	-1.1652	4.8268e-05
2.6497	-1.0929	2.7451e-05
2.6497	-1.0206	3.6904e-05
2.6497	-0.94839	8.0968e-06
2.6497	-0.87613	1.1806e-05
2.6497	-0.80387	1.1067e-05
2.6497	-0.73162	6.4504e-05
2.6497	-0.65936	3.1428e-05
2.6497	-0.5871	0.000686
2.6497	-0.51484	0.0043035
2.6497	-0.44258	0.0070009
2.6497	-0.37032	0.0033202
2.6497	-0.29807	0.00020402
2.6497	-0.2258	0.00067834
2.6497	-0.15355	0.00023218
2.6497	-0.081291	0.00021115
2.6497	-0.0090323	0.00029618
2.6497	0.063226	5.1263e-05
2.6497	0.13549	0.00028588
2.6497	0.20774	0.00010381
2.6497	0.28	6.2806e-05
2.6497	0.35226	9.8941e-05
2.6497	0.42451	1.7397e-05
2.6497	0.49677	7.1218e-05
2.6497	0.56903	5.5873e-05
2.6497	0.64129	4.9977e-05
2.6497	0.71355	0.00020579
2.6497	0.7858	0.001103
2.6497	0.85806	0.0019749
2.6497	0.93032	0.0011575
2.6497	1.0026	0.00013867
2.6497	1.0748	6.124e-05
2.6497	1.1471	3.6598e-05
2.6497	1.2194	1.0908e-05
2.6497	1.2916	1.0314e-05
2.6497	2.0865	2.1709e-05
2.6497	2.1587	2.5573e-05
2.6973	-2.3935	1.1857e-05
2.6973	-2.3213	9.8969e-06
2.6973	-2.249	4.7356e-05
2.6973	-2.1768	8.207e-05
2.6973	-2.1045	7.7474e-05
2.6973	-2.0323	0.00032583
2.6973	-1.96	0.00010258
2.6973	-1.8877	0.0017599
2.6973	-1.8155	0.0039449
2.6973	-1.7432	0.0025765
2.6973	-1.671	0.0003871
2.6973	-1.5987	8.7694e-05
2.6973	-1.5265	0.00011863
2.6973	-1.4542	2.1579e-05
2.6973	-1.3819	8.9556e-05
2.6973	-1.3097	1.4619e-05
2.6973	-1.2374	7.431e-05
2.6973	-1.1652	3.0048e-05
2.6973	-1.0929	5.7023e-05
2.6973	-1.0206	7.3719e-05
2.6973	-0.94839	1.7049e-05
2.6973	-0.87613	6.8292e-05
2.6973	-0.80387	1.6826e-05
2.6973	-0.73162	7.7495e-05
2.6973	-0.65936	3.1333e-05
2.6973	-0.5871	0.00025395
2.6973	-0.51484	0.0013766
2.6973	-0.44258	0.0027583
2.6973	-0.37032	0.0016545
2.6973	-0.29807	0.00014232
2.6973	-0.2258	0.00075053
2.6973	-0.15355	0.00023307
2.6973	-0.081291	0.00042897
2.6973	-0.0090323	0.00045853
2.6973	0.063226	0.00019828
2.6973	0.13549	0.0007157
2.6973	0.20774	0.00019683
2.6973	0.28	0.00041721
2.6973	0.35226	0.00023542
2.6973	0.42451	0.00013316
2.6973	0.49677	0.00017332
2.6973	0.56903	7.0928e-05
2.6973	0.64129	0.0001123
2.6973	0.71355	0.00010026
2.6973	0.7858	0.00024228
2.6973	0.85806	0.00021499
2.6973	0.93032	6.5367e-05
2.6973	1.0026	1.4599e-05
2.6973	2.0865	3.7874e-05
2.6973	2.1587	6.2071e-05
2.6973	2.231	2.8321e-05
2.7449	-2.249	1.9368e-05
2.7449	-2.1768	2.2818e-05
2.7449	-2.1045	3.6315e-05
2.7449	-2.0323	0.00012383
2.7449	-1.96	7.7747e-05
2.7449	-1.8877	0.0013652
2.7449	-1.8155	0.0030727
2.7449	-1.7432	0.001932
2.7449	-1.671	0.00022553
2.7449	-1.5987	9.1796e-05
2.7449	-1.5265	7.3468e-05
2.7449	-1.4542	1.8154e-05
2.7449	-1.3819	5.1336e-05
2.7449	-1.3097	8.1657e-06
2.7449	-1.2374	5.1868e-05
2.7449	-1.1652	1.647e-05
2.7449	-1.0929	7.8742e-05
2.7449	-1.0206	8.476e-05
2.7449	-0.94839	6.4169e-05
2.7449	-0.87613	0.00021423
2.7449	-0.80387	6.2881e-05
2.7449	-0.73162	0.00054924
2.7449	-0.65936	0.00019433
2.7449	-0.5871	0.0020451
2.7449	-0.51484	0.0055496
2.7449	-0.44258	0.0031423
2.7449	-0.37032	0.00050058
2.7449	-0.29807	7.6003e-05
2.7449	-0.2258	0.00028979
2.7449	-0.15355	0.00013406
2.7449	-0.081291	0.00023764
2.7449	-0.0090323	0.00024194
2.7449	0.063226	0.00013202
2.7449	0.13549	0.00033433
2.7449	0.20774	0.00012194
2.7449	0.28	0.00029027
2.7449	0.35226	9.977e-05
2.7449	0.42451	0.00014655
2.7449	0.49677	7.1288e-05
2.7449	0.56903	0.00013223
2.7449	0.64129	9.2763e-05
2.7449	0.71355	0.00025561
2.7449	0.7858	0.0010354
2.7449	0.85806	0.00093296
2.7449	0.93032	0.00024669
2.7449	1.0026	1.1516e-05
2.7449	1.0748	9.9691e-06
2.7449	2.0865	4.7613e-05
2.7449	2.1587	8.1969e-05
2.7449	2.231	4.1876e-05
2.7927	-2.1045	1.4717e-05
2.7927	-2.0323	4.4129e-05
2.7927	-1.96	6.6763e-05
2.7927	-1.8877	0.0011264
2.7927	-1.8155	0.002778
2.7927	-1.7432	0.001888
2.7927	-1.671	0.00019124
2.7927	-1.5987	0.00022617
2.7927	-1.5265	0.00012375
2.7927	-1.4542	8.0721e-05
2.7927	-1.3819	0.00012642
2.7927	-1.3097	3.7968e-05
2.7927	-1.2374	0.00017238
2.7927	-1.1652	3.4242e-05
2.7927	-1.0929	0.00011209
2.7927	-1.0206	7.2812e-05
2.7927	-0.94839	0.00016264
2.7927	-0.87613	0.00031545
2.7927	-0.80387	0.00015807
2.7927	-0.73162	0.0010153
2.7927	-0.65936	0.00030315
2.7927	-0.5871	0.0050993
2.7927	-0.51484	0.013094
2.7927	-0.44258	0.0079332
2.7927	-0.37032	0.00084933
2.7927	-0.29807	0.00016986
2.7927	-0.2258	8.2184e-05
2.7927	-0.15355	3.1358e-05
2.7927	-0.081291	2.0937e-05
2.7927	-0.0090323	1.5975e-05
2.7927	0.063226	8.9323e-06
2.7927	0.13549	1.5432e-05
2.7927	0.20774	1.9597e-05
2.7927	0.28	4.4003e-05
2.7927	0.35226	2.4805e-05
2.7927	0.42451	5.4803e-05
2.7927	0.49677	2.2315e-05
2.7927	0.56903	9.9644e-05
2.7927	0.64129	4.4521e-05
2.7927	0.71355	0.00034929
2.7927	0.7858	0.0013036
2.7927	0.85806	0.0011988
2.7927	0.93032	0.00031525
2.7927	1.0026	1.1227e-05
2.7927	1.0748	2.186e-05
2.7927	2.0865	5.9744e-05
2.7927	2.1587	0.00010202
2.7927	2.231	5.3274e-05
2.8402	-2.0323	1.4477e-05
2.8402	-1.96	5.4794e-05
2.8402	-1.8877	0.0009301
2.8402	-1.8155	0.0025859
2.8402	-1.7432	0.0018745
2.8402	-1.671	0.00016756
2.8402	-1.5987	0.00043196
2.8402	-1.5265	0.00017132
2.8402	-1.4542	0.00020194
2.8402	-1.3819	0.00021241
2.8402	-1.3097	0.00010211
2.8402	-1.2374	0.00030172
2.8402	-1.1652	4.0384e-05
2.8402	-1.0929	0.00014839
2.8402	-1.0206	4.4079e-05
2.8402	-0.94839	0.00011833
2.8402	-0.87613	0.0001042
2.8402	-0.80387	0.00010941
2.8402	-0.73162	0.00036506
2.8402	-0.65936	0.00013682
2.8402	-0.5871	0.002683
2.8402	-0.51484	0.00665
2.8402	-0.44258	0.0044214
2.8402	-0.37032	0.00052384
2.8402	-0.29807	0.00020886
2.8402	-0.2258	0.00014194
2.8402	-0.15355	3.9113e-05
2.8402	-0.081291	6.6314e-05
2.8402	-0.0090323	9.1578e-06
2.8402	0.063226	3.3995e-05
2.8402	0.35226	8.184e-06
2.8402	0.42451	1.0306e-05
2.8402	0.49677	1.1145e-05
2.8402	0.56903	5.0443e-05
2.8402	0.64129	1.838e-05
2.8402	0.71355	0.00034304
2.8402	0.7858	0.0011973
2.8402	0.85806	0.0011223
2.8402	0.93032	0.00028535
2.8402	1.0026	1.2395e-05
2.8402	1.0748	3.3803e-05
2.8402	2.0142	1.1715e-05
2.8402	2.0865	7.0614e-05
2.8402	2.1587	0.00011617
2.8402	2.231	5.9061e-05
2.8879	-2.1045	1.5014e-05
2.8879	-2.0323	1.3162e-05
2.8879	-1.96	5.9605e-05
2.8879	-1.8877	0.00048708
2.8879	-1.8155	0.00097968
2.8879	-1.7432	0.00059484
2.8879	-1.671	4.7588e-05
2.8879	-1.5987	0.00016697
2.8879	-1.5265	5.4863e-05
2.8879	-1.4542	0.0001
2.8879	-1.3819	8.6161e-05
2.8879	-1.3097	7.2353e-05
2.8879	-1.2374	0.00015713
2.8879	-1.1652	3.0345e-05
2.8879	-1.0929	0.00017923
2.8879	-1.0206	4.2329e-05
2.8879	-0.94839	0.00014954
2.8879	-0.87613	9.103e-05
2.8879	-0.80387	0.00015782
2.8879	-0.73162	0.00030135
2.8879	-0.65936	0.0001898
2.8879	-0.5871	0.0023698
2.8879	-0.51484	0.0045255
2.8879	-0.44258	0.0026521
2.8879	-0.37032	0.00027658
2.8879	-0.29807	0.00019103
2.8879	-0.2258	0.00012248
2.8879	-0.15355	5.1501e-05
2.8879	-0.081291	9.3623e-05
2.8879	-0.0090323	1.6521e-05
2.8879	0.063226	7.5563e-05
2.8879	0.13549	1.3596e-05
2.8879	0.20774	3.4453e-05
2.8879	0.28	1.9297e-05
2.8879	0.49677	9.0995e-06
2.8879	0.56903	1.8707e-05
2.8879	0.64129	9.89e-06
2.8879	0.71355	0.00024756
2.8879	0.7858	0.00086047
2.8879	0.85806	0.00088112
2.8879	0.93032	0.00022888
2.8879	1.0026	1.7672e-05
2.8879	1.0748	4.7569e-05
2.8879	1.2194	1.055e-05
2.8879	2.0865	2.0125e-05
2.8879	2.1587	3.012e-05
2.8879	2.231	1.4519e-05
2.9356	-2.1045	2.4722e-05
2.9356	-2.0323	1.6464e-05
2.9356	-1.96	0.00014223
2.9356	-1.8877	0.00077417
2.9356	-1.8155	0.00098075
2.9356	-1.7432	0.00036577
2.9356	-1.671	1.9294e-05
2.9356	-1.5987	6.5224e-05
2.9356	-1.5265	2.1527e-05
2.9356	-1.4542	3.8165e-05
2.9356	-1.3819	4.0646e-05
2.9356	-1.3097	3.9076e-05
2.9356	-1.2374	7.3507e-05
2.9356	-1.1652	4.0637e-05
2.9356	-1.0929	0.00019537
2.9356	-1.0206	4.1373e-05
2.9356	-0.94839	0.0002626
2.9356	-0.87613	0.00013282
2.9356	-0.80387	0.0003886
2.9356	-0.73162	0.00059191
2.9356	-0.65936	0.00072541
2.9356	-0.5871	0.0066726
2.9356	-0.51484	0.010105
2.9356	-0.44258	0.0044544
2.9356	-0.37032	0.00030611
2.9356	-0.29807	0.00027355
2.9356	-0.2258	0.00012414
2.9356	-0.15355	7.1743e-05
2.9356	-0.081291	0.00011099
2.9356	-0.0090323	2.679e-05
2.9356	0.063226	0.00011512
2.9356	0.13549	2.0595e-05
2.9356	0.20774	0.00012927
2.9356	0.28	6.1493e-05
2.9356	0.35226	4.8171e-05
2.9356	0.42451	6.7142e-05
2.9356	0.49677	2.6569e-05
2.9356	0.56903	7.8577e-05
2.9356	0.64129	2.0075e-05
2.9356	0.71355	0.00017421
2.9356	0.7858	0.00037038
2.9356	0.85806	0.00036224
2.9356	0.93032	0.00010409
2.9356	1.0026	1.2302e-05
2.9356	1.0748	3.1805e-05
2.9356	1.2194	8.062e-06
2.9831	-2.1045	2.7809e-05
2.9831	-2.0323	1.5797e-05
2.9831	-1.96	0.00031303
2.9831	-1.8877	0.0016932
2.9831	-1.8155	0.0022192
2.9831	-1.7432	0.00074364
2.9831	-1.671	5.0785e-05
2.9831	-1.5987	0.00017006
2.9831	-1.5265	2.9995e-05
2.9831	-1.4542	6.3657e-05
2.9831	-1.3819	5.1757e-05
2.9831	-1.3097	1.7109e-05
2.9831	-1.2374	5.4575e-05
2.9831	-1.1652	4.537e-05
2.9831	-1.0929	0.00014795
2.9831	-1.0206	4.2137e-05
2.9831	-0.94839	0.00040276
2.9831	-0.87613	0.0001714
2.9831	-0.80387	0.00094895
2.9831	-0.73162	0.0011986
2.9831	-0.65936	0.003071
2.9831	-0.5871	0.024735
2.9831	-0.51484	0.036361
2.9831	-0.44258	0.014562
2.9831	-0.37032	0.00072322
2.9831	-0.29807	0.0011824
2.9831	-0.2258	0.00028876
2.9831	-0.15355	0.00023683
2.9831	-0.081291	0.00018627
2.9831	-0.0090323	5.8163e-05
2.9831	0.063226	0.00015041
2.9831	0.13549	2.4821e-05
2.9831	0.20774	0.00016544
2.9831	0.28	5.7493e-05
2.9831	0.35226	9.6613e-05
2.9831	0.42451	9.653e-05
2.9831	0.49677	5.2224e-05
2.9831	0.56903	0.00014943
2.9831	0.64129	3.733e-05
2.9831	0.71355	0.0003827
2.9831	0.7858	0.0004733
2.9831	0.85806	0.00013869
2.9831	0.93032	9.5564e-06
2.9831	2.0142	8.3979e-06
2.9831	2.0865	2.8219e-05
2.9831	2.1587	2.5155e-05
3.0308	-2.1045	2.2654e-05
3.0308	-2.0323	1.2862e-05
3.0308	-1.96	0.00051337
3.0308	-1.8877	0.0028489
3.0308	-1.8155	0.0039964
3.0308	-1.7432	0.0012816
3.0308	-1.671	0.00020613
3.0308	-1.5987	0.0005568
3.0308	-1.5265	8.1786e-05
3.0308	-1.4542	0.00036894
3.0308	-1.3819	0.00013181
3.0308	-1.3097	0.00020868
3.0308	-1.2374	0.00026376
3.0308	-1.1652	3.552e-05
3.0308	-1.0929	7.3042e-05
3.0308	-1.0206	3.0952e-05
3.0308	-0.94839	0.00027823
3.0308	-0.87613	0.00010993
3.0308	-0.80387	0.0009942
3.0308	-0.73162	0.0010319
3.0308	-0.65936	0.0044958
3.0308	-0.5871	0.031164
3.0308	-0.51484	0.042319
3.0308	-0.44258	0.01497
3.0308	-0.37032	0.00064407
3.0308	-0.29807	0.0015927
3.0308	-0.2258	0.00025769
3.0308	-0.15355	0.00036184
3.0308	-0.081291	0.00016366
3.0308	-0.0090323	0.00010072
3.0308	0.063226	0.00014163
3.0308	0.13549	1.38e-05
3.0308	0.20774	5.5791e-05
3.0308	0.28	1.1083e-05
3.0308	0.35226	5.0321e-05
3.0308	0.42451	2.9353e-05
3.0308	0.49677	4.0704e-05
3.0308	0.56903	8.1283e-05
3.0308	0.64129	4.3881e-05
3.0308	0.71355	0.00048143
3.0308	0.7858	0.00069374
3.0308	0.85806	0.00025477
3.0308	0.93032	1.2176e-05
3.0308	2.0142	2.4366e-05
3.0308	2.0865	7.7598e-05
3.0308	2.1587	6.9061e-05
3.0308	2.231	1.4783e-05
3.0784	-2.1045	3.5249e-05
3.0784	-2.0323	1.3584e-05
3.0784	-1.96	0.00045865
3.0784	-1.8877	0.0022665
3.0784	-1.8155	0.0031632
3.0784	-1.7432	0.00092373
3.0784	-1.671	0.0002928
3.0784	-1.5987	0.00058812
3.0784	-1.5265	0.00010727
3.0784	-1.4542	0.00051238
3.0784	-1.3819	0.00011344
3.0784	-1.3097	0.00042947
3.0784	-1.2374	0.0003132
3.0784	-1.1652	0.00010958
3.0784	-1.0929	0.00017383
3.0784	-1.0206	2.1781e-05
3.0784	-0.94839	8.4748e-05
3.0784	-0.87613	2.009e-05
3.0784	-0.80387	0.00019489
3.0784	-0.73162	0.00013608
3.0784	-0.65936	0.0011429
3.0784	-0.5871	0.0073532
3.0784	-0.51484	0.010298
3.0784	-0.44258	0.003597
3.0784	-0.37032	0.00022028
3.0784	-0.29807	0.00071487
3.0784	-0.2258	9.6474e-05
3.0784	-0.15355	0.00027856
3.0784	-0.081291	9.5794e-05
3.0784	-0.0090323	0.00013711
3.0784	0.063226	0.00014072
3.0784	0.13549	2.689e-05
3.0784	0.20774	8.4951e-05
3.0784	0.28	1.1846e-05
3.0784	0.35226	6.1292e-05
3.0784	0.42451	1.6697e-05
3.0784	0.49677	5.9814e-05
3.0784	0.56903	6.2246e-05
3.0784	0.64129	7.7284e-05
3.0784	0.71355	0.00062273
3.0784	0.7858	0.00088007
3.0784	0.85806	0.00034458
3.0784	0.93032	1.6965e-05
3.0784	1.0026	2.1162e-05
3.0784	2.0142	4.5994e-05
3.0784	2.0865	0.00013734
3.0784	2.1587	0.00011744
3.0784	2.231	2.1767e-05
3.126	-2.3213	8.8747e-06
3.126	-2.249	1.4409e-05
3.126	-2.1768	1.7733e-05
3.126	-2.1045	7.0361e-05
3.126	-2.0323	3.0037e-05
3.126	-1.96	0.00051544
3.126	-1.8877	0.0011204
3.126	-1.8155	0.00075232
3.126	-1.7432	0.00012659
3.126	-1.671	5.4371e-05
3.126	-1.5987	8.53e-05
3.126	-1.5265	2.8609e-05
3.126	-1.4542	0.00012154
3.126	-1.3819	2.5016e-05
3.126	-1.3097	0.00018186
3.126	-1.2374	9.1397e-05
3.126	-1.1652	0.00013149
3.126	-1.0929	0.0001579
3.126	-1.0206	4.9836e-05
3.126	-0.94839	0.00016454
3.126	-0.87613	4.2945e-05
3.126	-0.80387	0.00030681
3.126	-0.73162	8.7692e-05
3.126	-0.65936	0.0011019
3.126	-0.5871	0.0036538
3.126	-0.51484	0.0036861
3.126	-0.44258	0.0011184
3.126	-0.37032	0.00010233
3.126	-0.29807	0.00034332
3.126	-0.2258	5.456e-05
3.126	-0.15355	0.00022347
3.126	-0.081291	7.6461e-05
3.126	-0.0090323	0.00018422
3.126	0.063226	0.00014423
3.126	0.13549	9.3796e-05
3.126	0.20774	0.00021877
3.126	0.28	3.6903e-05
3.126	0.35226	0.00020483
3.126	0.42451	4.5577e-05
3.126	0.49677	0.00023225
3.126	0.56903	0.00015349
3.126	0.64129	0.00034025
3.126	0.71355	0.0016862
3.126	0.7858	0.0017613
3.126	0.85806	0.00054994
3.126	0.93032	2.2191e-05
3.126	1.0026	3.8396e-05
3.126	2.0142	1.7712e-05
3.126	2.0865	5.0002e-05
3.126	2.1587	4.1843e-05
3.1737	-2.1768	1.3108e-05
3.1737	-2.1045	4.4918e-05
3.1737	-2.0323	4.3019e-05
3.1737	-1.96	0.00073507
3.1737	-1.8877	0.0016628
3.1737	-1.8155	0.0010177
3.1737	-1.7432	0.00010585
3.1737	-1.671	5.2731e-05
3.1737	-1.5987	3.3179e-05
3.1737	-1.5265	9.1776e-06
3.1737	-1.4542	2.4731e-05
3.1737	-1.3097	4.5159e-05
3.1737	-1.2374	1.8023e-05
3.1737	-1.1652	0.00010827
3.1737	-1.0929	0.00010054
3.1737	-1.0206	9.2093e-05
3.1737	-0.94839	0.0002361
3.1737	-0.87613	0.00012071
3.1737	-0.80387	0.00080415
3.1737	-0.73162	0.0002608
3.1737	-0.65936	0.0052896
3.1737	-0.5871	0.01522
3.1737	-0.51484	0.011953
3.1737	-0.44258	0.0023915
3.1737	-0.37032	0.0001851
3.1737	-0.29807	0.00046265
3.1737	-0.2258	5.7281e-05
3.1737	-0.15355	0.00020055
3.1737	-0.081291	9.6923e-05
3.1737	-0.0090323	0.00015107
3.1737	0.063226	0.000113
3.1737	0.13549	0.00018573
3.1737	0.20774	0.00031172
3.1737	0.28	8.1043e-05
3.1737	0.35226	0.00041015
3.1737	0.42451	8.2365e-05
3.1737	0.49677	0.00053421
3.1737	0.56903	0.00027291
3.1737	0.64129	0.00095201
3.1737	0.71355	0.0036408
3.1737	0.7858	0.0029829
3.1737	0.85806	0.00066871
3.1737	0.93032	1.8087e-05
3.1737	1.0026	3.1624e-05
3.2213	-2.1045	2.0923e-05
3.2213	-2.0323	4.8748e-05
3.2213	-1.96	0.00081876
3.2213	-1.8877	0.0020755
3.2213	-1.8155	0.0013916
3.2213	-1.7432	0.00012802
3.2213	-1.671	0.0001966
3.2213	-1.5987	8.7645e-05
3.2213	-1.5265	6.0434e-05
3.2213	-1.4542	7.7257e-05
3.2213	-1.3819	1.5435e-05
3.2213	-1.3097	5.0448e-05
3.2213	-1.2374	8.2647e-06
3.2213	-1.1652	4.9576e-05
3.2213	-1.0929	3.3948e-05
3.2213	-1.0206	9.5421e-05
3.2213	-0.94839	0.00017982
3.2213	-0.87613	0.00018653
3.2213	-0.80387	0.00099827
3.2213	-0.73162	0.00045037
3.2213	-0.65936	0.010257
3.2213	-0.5871	0.028094
3.2213	-0.51484	0.021016
3.2213	-0.44258	0.0034292
3.2213	-0.37032	0.00056457
3.2213	-0.29807	0.00077527
3.2213	-0.2258	7.3946e-05
3.2213	-0.15355	0.0002469
3.2213	-0.081291	7.2508e-05
3.2213	-0.0090323	5.3926e-05
3.2213	0.063226	6.8163e-05
3.2213	0.13549	5.6481e-05
3.2213	0.20774	7.5048e-05
3.2213	0.28	3.965e-05
3.2213	0.35226	0.00016326
3.2213	0.42451	3.4559e-05
3.2213	0.49677	0.00028383
3.2213	0.56903	0.00011756
3.2213	0.64129	0.0007666
3.2213	0.71355	0.0026673
3.2213	0.7858	0.0021067
3.2213	0.85806	0.00041618
3.2213	0.93032	1.4104e-05
3.2213	1.0026	2.7296e-05
3.2213	2.0142	1.3179e-05
3.2213	2.0865	1.5698e-05
3.2689	-2.0323	1.7683e-05
3.2689	-1.96	0.00035789
3.2689	-1.8877	0.0010651
3.2689	-1.8155	0.00075711
3.2689	-1.7432	6.5099e-05
3.2689	-1.671	0.00022372
3.2689	-1.5987	7.1909e-05
3.2689	-1.5265	0.00011931
3.2689	-1.4542	0.00010698
3.2689	-1.3819	5.7392e-05
3.2689	-1.3097	0.00014775
3.2689	-1.2374	1.8843e-05
3.2689	-1.1652	6.445e-05
3.2689	-1.0929	1.5864e-05
3.2689	-1.0206	4.3531e-05
3.2689	-0.94839	3.3885e-05
3.2689	-0.87613	7.0197e-05
3.2689	-0.80387	0.00025415
3.2689	-0.73162	0.00019876
3.2689	-0.65936	0.0043756
3.2689	-0.5871	0.012075
3.2689	-0.51484	0.0091435
3.2689	-0.44258	0.0012799
3.2689	-0.37032	0.00054321
3.2689	-0.29807	0.00049499
3.2689	-0.2258	0.00010042
3.2689	-0.15355	0.00026645
3.2689	-0.081291	4.3248e-05
3.2689	-0.0090323	0.00013784
3.2689	0.063226	7.5379e-05
3.2689	0.13549	1.211e-05
3.2689	0.20774	1.6196e-05
3.2689	0.35226	2.8473e-05
3.2689	0.42451	9.223e-06
3.2689	0.49677	9.4218e-05
3.2689	0.56903	3.6521e-05
3.2689	0.64129	0.0004978
3.2689	0.71355	0.0017565
3.2689	0.7858	0.0014644
3.2689	0.85806	0.00027493
3.2689	0.93032	2.1709e-05
3.2689	1.0026	3.4602e-05
3.2689	2.0142	3.2247e-05
3.2689	2.0865	4.1235e-05
3.2689	2.1587	1.2728e-05
3.3166	-2.1768	1.4113e-05
3.3166	-2.1045	1.0497e-05
3.3166	-2.0323	4.5486e-05
3.3166	-1.96	0.0002202
3.3166	-1.8877	0.00025138
3.3166	-1.8155	0.00010029
3.3166	-1.7432	1.1254e-05
3.3166	-1.671	6.1164e-05
3.3166	-1.5987	1.5196e-05
3.3166	-1.5265	7.4562e-05
3.3166	-1.4542	4.6654e-05
3.3166	-1.3819	7.7065e-05
3.3166	-1.3097	0.00014591
3.3166	-1.2374	3.1974e-05
3.3166	-1.1652	0.00017516
3.3166	-1.0929	3.8487e-05
3.3166	-1.0206	0.00013971
3.3166	-0.94839	7.3222e-05
3.3166	-0.87613	0.00013783
3.3166	-0.80387	0.00020718
3.3166	-0.73162	0.00014708
3.3166	-0.65936	0.0017362
3.3166	-0.5871	0.0038968
3.3166	-0.51484	0.0028983
3.3166	-0.44258	0.00035752
3.3166	-0.37032	0.00039395
3.3166	-0.29807	0.00026936
3.3166	-0.2258	0.00014447
3.3166	-0.15355	0.00027333
3.3166	-0.081291	6.0996e-05
3.3166	-0.0090323	0.0002904
3.3166	0.063226	9.1728e-05
3.3166	0.13549	0.00011302
3.3166	0.20774	6.906e-05
3.3166	0.28	2.4907e-05
3.3166	0.35226	3.8108e-05
3.3166	0.42451	1.5522e-05
3.3166	0.49677	6.2692e-05
3.3166	0.56903	1.7621e-05
3.3166	0.64129	0.00033086
3.3166	0.71355	0.0010606
3.3166	0.7858	0.00089963
3.3166	0.85806	0.00015913
3.3166	0.93032	2.6994e-05
3.3166	1.0026	3.3038e-05
3.3166	1.1471	8.9927e-06
3.3166	2.0142	2.6814e-05
3.3166	2.0865	3.0429e-05
3.3166	2.1587	8.8666e-06
3.3642	-2.1768	4.0171e-05
3.3642	-2.1045	2.4507e-05
3.3642	-2.0323	0.00031393
3.3642	-1.96	0.0016493
3.3642	-1.8877	0.0020014
3.3642	-1.8155	0.0006395
3.3642	-1.7432	2.7708e-05
3.3642	-1.671	8.003e-05
3.3642	-1.5987	1.8516e-05
3.3642	-1.5265	2.9018e-05
3.3642	-1.4542	1.9598e-05
3.3642	-1.3819	6.779e-05
3.3642	-1.3097	9.4431e-05
3.3642	-1.2374	6.1372e-05
3.3642	-1.1652	0.00028287
3.3642	-1.0929	5.8425e-05
3.3642	-1.0206	0.00037352
3.3642	-0.94839	0.0001709
3.3642	-0.87613	0.00056755
3.3642	-0.80387	0.00072302
3.3642	-0.73162	0.00098933
3.3642	-0.65936	0.0072716
3.3642	-0.5871	0.0090013
3.3642	-0.51484	0.0032246
3.3642	-0.44258	0.00018614
3.3642	-0.37032	0.00019014
3.3642	-0.29807	8.9972e-05
3.3642	-0.2258	9.5306e-05
3.3642	-0.15355	0.00013951
3.3642	-0.081291	5.806e-05
3.3642	-0.0090323	0.00023392
3.3642	0.063226	5.8336e-05
3.3642	0.13549	0.00020437
3.3642	0.20774	8.6975e-05
3.3642	0.28	8.3498e-05
3.3642	0.35226	8.8348e-05
3.3642	0.42451	5.8797e-05
3.3642	0.49677	0.00015364
3.3642	0.56903	4.7423e-05
3.3642	0.64129	0.00056927
3.3642	0.71355	0.00092206
3.3642	0.7858	0.00047567
3.3642	0.85806	6.1598e-05
3.3642	0.93032	1.0668e-05
3.3642	1.0026	1.2212e-05
3.3642	1.9419	1.0741e-05
3.3642	2.0142	3.589e-05
3.3642	2.0865	3.0641e-05
3.4118	-2.1768	5.254e-05
3.4118	-2.1045	2.7527e-05
3.4118	-2.0323	0.00070856
3.4118	-1.96	0.0036203
3.4118	-1.8877	0.0045765
3.4118	-1.8155	0.0014355
3.4118	-1.7432	0.0001051
3.4118	-1.671	0.00033396
3.4118	-1.5987	4.6462e-05
3.4118	-1.5265	8.088e-05
3.4118	-1.4542	4.5517e-05
3.4118	-1.3819	1.6293e-05
3.4118	-1.3097	2.9362e-05
3.4118	-1.2374	3.1704e-05
3.4118	-1.1652	0.00011112
3.4118	-1.0929	2.8501e-05
3.4118	-1.0206	0.00023626
3.4118	-0.94839	9.6575e-05
3.4118	-0.87613	0.00053553
3.4118	-0.80387	0.0005814
3.4118	-0.73162	0.0016297
3.4118	-0.65936	0.011177
3.4118	-0.5871	0.014426
3.4118	-0.51484	0.0050139
3.4118	-0.44258	0.00021771
3.4118	-0.37032	0.00033188
3.4118	-0.29807	6.7227e-05
3.4118	-0.2258	4.9329e-05
3.4118	-0.15355	3.8033e-05
3.4118	-0.081291	1.1622e-05
3.4118	-0.0090323	3.7549e-05
3.4118	0.063226	1.4809e-05
3.4118	0.13549	9.4754e-05
3.4118	0.20774	3.0721e-05
3.4118	0.28	7.9124e-05
3.4118	0.35226	6.4152e-05
3.4118	0.42451	8.8453e-05
3.4118	0.49677	0.00019256
3.4118	0.56903	0.00011864
3.4118	0.64129	0.001315
3.4118	0.71355	0.0020093
3.4118	0.7858	0.0008788
3.4118	0.85806	7.5946e-05
3.4118	0.93032	1.6086e-05
3.4118	1.0026	1.1842e-05
3.4118	1.9419	3.2772e-05
3.4118	2.0142	9.6221e-05
3.4118	2.0865	7.1052e-05
3.4118	2.1587	1.1943e-05
3.4595	-2.1768	1.4205e-05
3.4595	-2.0323	0.00033066
3.4595	-1.96	0.0016942
3.4595	-1.8877	0.0022382
3.4595	-1.8155	0.00066773
3.4595	-1.7432	0.00011459
3.4595	-1.671	0.00029521
3.4595	-1.5987	3.6204e-05
3.4595	-1.5265	0.00015392
3.4595	-1.4542	4.9042e-05
3.4595	-1.3819	6.4282e-05
3.4595	-1.3097	6.7919e-05
3.4595	-1.2374	1.0025e-05
3.4595	-1.1652	2.5218e-05
3.4595	-1.0206	3.428e-05
3.4595	-0.94839	1.8162e-05
3.4595	-0.87613	0.0001548
3.4595	-0.80387	0.00017214
3.4595	-0.73162	0.0011105
3.4595	-0.65936	0.0079489
3.4595	-0.5871	0.011516
3.4595	-0.51484	0.0041936
3.4595	-0.44258	0.00023076
3.4595	-0.37032	0.00068417
3.4595	-0.29807	0.00010234
3.4595	-0.2258	0.00020686
3.4595	-0.15355	8.8616e-05
3.4595	-0.081291	5.343e-05
3.4595	-0.0090323	6.4965e-05
3.4595	0.13549	2.8308e-05
3.4595	0.28	4.9313e-05
3.4595	0.35226	2.9407e-05
3.4595	0.42451	9.5809e-05
3.4595	0.49677	0.00016927
3.4595	0.56903	0.00021963
3.4595	0.64129	0.0021667
3.4595	0.71355	0.0033439
3.4595	0.7858	0.0014362
3.4595	0.85806	9.6365e-05
3.4595	0.93032	5.1487e-05
3.4595	1.0026	2.1317e-05
3.4595	1.9419	3.719e-05
3.4595	2.0142	0.00010239
3.4595	2.0865	7.1477e-05
3.4595	2.1587	9.8775e-06
3.5071	-2.1768	1.4531e-05
3.5071	-2.0323	0.00013006
3.5071	-1.96	0.00049243
3.5071	-1.8877	0.00061917
3.5071	-1.8155	0.00017338
3.5071	-1.7432	8.1605e-05
3.5071	-1.671	0.00016669
3.5071	-1.5987	2.9985e-05
3.5071	-1.5265	0.00016411
3.5071	-1.4542	3.7342e-05
3.5071	-1.3819	0.00016256
3.5071	-1.3097	0.00010924
3.5071	-1.2374	8.3113e-05
3.5071	-1.1652	0.00012343
3.5071	-1.0929	3.2626e-05
3.5071	-1.0206	0.00010448
3.5071	-0.94839	2.1577e-05
3.5071	-0.87613	9.9734e-05
3.5071	-0.80387	4.94e-05
3.5071	-0.73162	0.00028939
3.5071	-0.65936	0.0024135
3.5071	-0.5871	0.0042679
3.5071	-0.51484	0.0016426
3.5071	-0.44258	0.00020426
3.5071	-0.37032	0.0006188
3.5071	-0.29807	8.0343e-05
3.5071	-0.2258	0.00034379
3.5071	-0.15355	0.00010137
3.5071	-0.081291	0.00018123
3.5071	-0.0090323	0.00016711
3.5071	0.063226	3.0479e-05
3.5071	0.13549	8.1211e-05
3.5071	0.20774	9.5881e-06
3.5071	0.28	3.9718e-05
3.5071	0.35226	8.8196e-06
3.5071	0.42451	4.4228e-05
3.5071	0.49677	4.8514e-05
3.5071	0.56903	0.00011454
3.5071	0.64129	0.0010085
3.5071	0.71355	0.0015837
3.5071	0.7858	0.00067399
3.5071	0.85806	3.6824e-05
3.5071	0.93032	4.4518e-05
3.5071	1.0026	1.2485e-05
3.5071	1.9419	1.9516e-05
3.5071	2.0142	5.5994e-05
3.5071	2.0865	4.0513e-05
3.5547	-2.249	8.9773e-06
3.5547	-2.1768	3.7701e-05
3.5547	-2.1045	2.5849e-05
3.5547	-2.0323	0.00048254
3.5547	-1.96	0.0011007
3.5547	-1.8877	0.00069098
3.5547	-1.8155	8.7389e-05
3.5547	-1.7432	3.4985e-05
3.5547	-1.671	4.8989e-05
3.5547	-1.5987	1.1754e-05
3.5547	-1.5265	6.0256e-05
3.5547	-1.4542	1.421e-05
3.5547	-1.3819	0.00011448
3.5547	-1.3097	5.3992e-05
3.5547	-1.2374	0.00013895
3.5547	-1.1652	0.00014802
3.5547	-1.0929	8.9826e-05
3.5547	-1.0206	0.0002469
3.5547	-0.94839	7.6906e-05
3.5547	-0.87613	0.0004993
3.5547	-0.80387	0.00013676
3.5547	-0.73162	0.001617
3.5547	-0.65936	0.0038666
3.5547	-0.5871	0.0024028
3.5547	-0.51484	0.00040354
3.5547	-0.44258	6.0886e-05
3.5547	-0.37032	0.00013336
3.5547	-0.29807	2.8941e-05
3.5547	-0.2258	0.00015069
3.5547	-0.15355	3.3574e-05
3.5547	-0.081291	0.00016554
3.5547	-0.0090323	0.00010969
3.5547	0.063226	6.8532e-05
3.5547	0.13549	0.00014187
3.5547	0.20774	2.1075e-05
3.5547	0.28	0.00010258
3.5547	0.35226	2.0147e-05
3.5547	0.42451	9.0879e-05
3.5547	0.49677	4.7101e-05
3.5547	0.56903	9.7052e-05
3.5547	0.64129	0.00040952
3.5547	0.71355	0.00043561
3.5547	0.7858	0.00015734
3.5547	0.93032	1.9459e-05
3.5547	1.9419	1.1609e-05
3.5547	2.0142	2.7491e-05
3.5547	2.0865	1.9067e-05
3.6024	-2.249	9.8556e-06
3.6024	-2.1768	3.4157e-05
3.6024	-2.1045	5.6753e-05
3.6024	-2.0323	0.00097058
3.6024	-1.96	0.0023701
3.6024	-1.8877	0.0015759
3.6024	-1.8155	0.00016697
3.6024	-1.7432	0.00011975
3.6024	-1.671	7.4548e-05
3.6024	-1.5987	2.23e-05
3.6024	-1.5265	3.8776e-05
3.6024	-1.3819	2.7732e-05
3.6024	-1.3097	9.6967e-06
3.6024	-1.2374	9.3841e-05
3.6024	-1.1652	7.3564e-05
3.6024	-1.0929	0.00011572
3.6024	-1.0206	0.00024476
3.6024	-0.94839	0.00015595
3.6024	-0.87613	0.00090218
3.6024	-0.80387	0.00030657
3.6024	-0.73162	0.0062648
3.6024	-0.65936	0.0165
3.6024	-0.5871	0.01166
3.6024	-0.51484	0.0019118
3.6024	-0.44258	0.0001626
3.6024	-0.37032	0.00026646
3.6024	-0.29807	2.3383e-05
3.6024	-0.2258	5.2566e-05
3.6024	-0.15355	2.1368e-05
3.6024	-0.081291	7.119e-05
3.6024	-0.0090323	3.5045e-05
3.6024	0.063226	7.92e-05
3.6024	0.13549	0.00012416
3.6024	0.20774	3.1281e-05
3.6024	0.28	0.00014988
3.6024	0.35226	3.0532e-05
3.6024	0.42451	0.00020508
3.6024	0.49677	9.003e-05
3.6024	0.56903	0.00038692
3.6024	0.64129	0.0012802
3.6024	0.71355	0.00092021
3.6024	0.7858	0.00017511
3.6024	1.9419	2.6398e-05
3.6024	2.0142	3.6295e-05
3.6024	2.0865	1.537e-05
3.65	-2.1768	1.2563e-05
3.65	-2.1045	5.2366e-05
3.65	-2.0323	0.00085299
3.65	-1.96	0.0022534
3.65	-1.8877	0.0015763
3.65	-1.8155	0.00014816
3.65	-1.7432	0.0002635
3.65	-1.671	0.00012495
3.65	-1.5987	9.8411e-05
3.65	-1.5265	0.00012811
3.65	-1.4542	2.1108e-05
3.65	-1.3819	8.1487e-05
3.65	-1.3097	1.45e-05
3.65	-1.2374	2.9825e-05
3.65	-1.1652	1.444e-05
3.65	-1.0929	5.7559e-05
3.65	-1.0206	8.9481e-05
3.65	-0.94839	0.00012459
3.65	-0.87613	0.00058278
3.65	-0.80387	0.0003324
3.65	-0.73162	0.0074008
3.65	-0.65936	0.019829
3.65	-0.5871	0.014662
3.65	-0.51484	0.0022282
3.65	-0.44258	0.00051428
3.65	-0.37032	0.00060849
3.65	-0.29807	5.2312e-05
3.65	-0.2258	0.00017562
3.65	-0.15355	3.2545e-05
3.65	-0.081291	3.033e-05
3.65	-0.0090323	2.3039e-05
3.65	0.063226	2.0351e-05
3.65	0.13549	3.076e-05
3.65	0.20774	1.5706e-05
3.65	0.28	6.9612e-05
3.65	0.35226	1.878e-05
3.65	0.42451	0.00016058
3.65	0.49677	6.2962e-05
3.65	0.56903	0.000582
3.65	0.64129	0.001935
3.65	0.71355	0.0014948
3.65	0.7858	0.00027743
3.65	0.85806	1.192e-05
3.65	0.93032	1.9947e-05
3.65	1.8697	9.0422e-06
3.65	1.9419	6.2056e-05
3.65	2.0142	8.2707e-05
3.65	2.0865	3.055e-05
3.6976	-2.0323	0.00012674
3.6976	-1.96	0.00044656
3.6976	-1.8877	0.00037381
3.6976	-1.8155	3.9615e-05
3.6976	-1.7432	0.00016975
3.6976	-1.671	6.3502e-05
3.6976	-1.5987	0.00012963
3.6976	-1.5265	0.00013208
3.6976	-1.4542	5.3821e-05
3.6976	-1.3819	0.00018034
3.6976	-1.3097	2.9387e-05
3.6976	-1.2374	9.8596e-05
3.6976	-1.1652	3.0769e-05
3.6976	-1.0929	5.6886e-05
3.6976	-1.0206	4.165e-05
3.6976	-0.94839	5.8329e-05
3.6976	-0.87613	0.00016667
3.6976	-0.80387	0.00017133
3.6976	-0.73162	0.0035823
3.6976	-0.65936	0.010239
3.6976	-0.5871	0.0081216
3.6976	-0.51484	0.0011157
3.6976	-0.44258	0.00068934
3.6976	-0.37032	0.0006067
3.6976	-0.29807	0.00011974
3.6976	-0.2258	0.00033764
3.6976	-0.15355	4.4296e-05
3.6976	-0.081291	0.00016363
3.6976	-0.0090323	6.298e-05
3.6976	0.063226	2.5867e-05
3.6976	0.13549	2.3896e-05
3.6976	0.28	1.5322e-05
3.6976	0.42451	4.8308e-05
3.6976	0.49677	2.2481e-05
3.6976	0.56903	0.00037815
3.6976	0.64129	0.0013657
3.6976	0.71355	0.001147
3.6976	0.7858	0.0002045
3.6976	0.85806	2.2384e-05
3.6976	0.93032	2.9784e-05
3.6976	1.8697	8.834e-06
3.6976	1.9419	5.6561e-05
3.6976	2.0142	7.6146e-05
3.6976	2.0865	2.6724e-05
3.7453	-2.249	1.4067e-05
3.7453	-2.1768	1.2405e-05
3.7453	-2.1045	6.8298e-05
3.7453	-2.0323	0.00035274
3.7453	-1.96	0.00035374
3.7453	-1.8877	8.8546e-05
3.7453	-1.7432	3.4879e-05
3.7453	-1.671	1.1814e-05
3.7453	-1.5987	7.618e-05
3.7453	-1.5265	6.3341e-05
3.7453	-1.4542	5.4841e-05
3.7453	-1.3819	0.00015039
3.7453	-1.3097	3.9434e-05
3.7453	-1.2374	0.00020319
3.7453	-1.1652	5.1077e-05
3.7453	-1.0929	0.00017884
3.7453	-1.0206	0.00010581
3.7453	-0.94839	0.00019155
3.7453	-0.87613	0.00029575
3.7453	-0.80387	0.00024058
3.7453	-0.73162	0.0021865
3.7453	-0.65936	0.0036577
3.7453	-0.5871	0.002225
3.7453	-0.51484	0.00024353
3.7453	-0.44258	0.00035163
3.7453	-0.37032	0.00024976
3.7453	-0.29807	0.00010645
3.7453	-0.2258	0.00022852
3.7453	-0.15355	4.5109e-05
3.7453	-0.081291	0.00022027
3.7453	-0.0090323	5.6873e-05
3.7453	0.063226	0.00011261
3.7453	0.13549	5.8798e-05
3.7453	0.20774	4.022e-05
3.7453	0.28	4.7463e-05
3.7453	0.35226	1.6884e-05
3.7453	0.42451	4.5246e-05
3.7453	0.49677	9.2035e-06
3.7453	0.56903	8.4632e-05
3.7453	0.64129	0.00023969
3.7453	0.71355	0.00021924
3.7453	0.7858	3.7401e-05
3.7453	0.85806	1.4619e-05
3.7453	0.93032	1.3867e-05
3.7453	1.9419	2.4241e-05
3.7453	2.0142	3.4424e-05
3.7453	2.0865	1.1955e-05
3.7929	-2.249	1.2952e-05
3.7929	-2.1768	9.8924e-06
3.7929	-2.1045	0.00017126
3.7929	-2.0323	0.0010208
3.7929	-1.96	0.0013612
3.7929	-1.8877	0.00044358
3.7929	-1.8155	2.2093e-05
3.7929	-1.7432	5.9094e-05
3.7929	-1.5987	2.3658e-05
3.7929	-1.5265	1.8302e-05
3.7929	-1.4542	1.0674e-05
3.7929	-1.3819	2.8486e-05
3.7929	-1.3097	3.1798e-05
3.7929	-1.2374	0.00014671
3.7929	-1.1652	3.3198e-05
3.7929	-1.0929	0.00022088
3.7929	-1.0206	0.00010595
3.7929	-0.94839	0.00041475
3.7929	-0.87613	0.00052348
3.7929	-0.80387	0.0010581
3.7929	-0.73162	0.0077509
3.7929	-0.65936	0.010015
3.7929	-0.5871	0.0035896
3.7929	-0.51484	0.00017657
3.7929	-0.44258	0.00018374
3.7929	-0.37032	7.4054e-05
3.7929	-0.29807	3.5548e-05
3.7929	-0.2258	5.9596e-05
3.7929	-0.15355	2.6569e-05
3.7929	-0.081291	0.00010914
3.7929	-0.0090323	2.8479e-05
3.7929	0.063226	0.00014591
3.7929	0.13549	5.3991e-05
3.7929	0.20774	9.5768e-05
3.7929	0.28	8.7285e-05
3.7929	0.35226	7.3226e-05
3.7929	0.42451	0.00017407
3.7929	0.49677	6.3996e-05
3.7929	0.56903	0.00068015
3.7929	0.64129	0.00091048
3.7929	0.71355	0.00033529
3.7929	0.7858	2.5832e-05
3.7929	1.9419	1.6623e-05
3.7929	2.0142	1.3129e-05
3.8406	-2.249	9.9463e-06
3.8406	-2.1045	8.8249e-05
3.8406	-2.0323	0.00061761
3.8406	-1.96	0.0010399
3.8406	-1.8877	0.00038529
3.8406	-1.8155	5.0781e-05
3.8406	-1.7432	0.00014715
3.8406	-1.671	2.0699e-05
3.8406	-1.5987	8.1588e-05
3.8406	-1.5265	3.8095e-05
3.8406	-1.4542	4.4153e-05
3.8406	-1.3819	3.134e-05
3.8406	-1.3097	8.5815e-06
3.8406	-1.2374	2.7632e-05
3.8406	-1.1652	8.3832e-06
3.8406	-1.0929	9.27e-05
3.8406	-1.0206	4.0621e-05
3.8406	-0.94839	0.00032818
3.8406	-0.87613	0.00034648
3.8406	-0.80387	0.0016977
3.8406	-0.73162	0.011741
3.8406	-0.65936	0.01631
3.8406	-0.5871	0.0060834
3.8406	-0.51484	0.0002793
3.8406	-0.44258	0.00057255
3.8406	-0.37032	0.00012541
3.8406	-0.29807	0.00010594
3.8406	-0.2258	6.5726e-05
3.8406	-0.15355	1.1116e-05
3.8406	-0.081291	2.5887e-05
3.8406	-0.0090323	1.0774e-05
3.8406	0.063226	6.5001e-05
3.8406	0.13549	1.8319e-05
3.8406	0.20774	8.2653e-05
3.8406	0.28	5.7418e-05
3.8406	0.35226	0.00010591
3.8406	0.42451	0.0002048
3.8406	0.49677	0.00016236
3.8406	0.56903	0.0016538
3.8406	0.64129	0.0024214
3.8406	0.71355	0.00099272
3.8406	0.7858	7.1397e-05
3.8406	0.85806	1.9157e-05
3.8406	0.93032	9.7627e-06
3.8406	1.8697	1.8903e-05
3.8406	1.9419	4.8778e-05
3.8406	2.0142	3.1539e-05
3.8882	-2.4658	1.0322e-05
3.8882	-2.3935	1.6785e-05
3.8882	-2.3213	1.4369e-05
3.8882	-2.249	6.6711e-05
3.8882	-2.1768	1.7299e-05
3.8882	-2.1045	0.00023972
3.8882	-2.0323	0.00039795
3.8882	-1.96	0.00018503
3.8882	-1.8877	4.6255e-05
3.8882	-1.8155	3.0208e-05
3.8882	-1.7432	7.4973e-05
3.8882	-1.671	2.8328e-05
3.8882	-1.5987	0.00011525
3.8882	-1.5265	5.8808e-05
3.8882	-1.4542	0.00017553
3.8882	-1.3819	0.00013178
3.8882	-1.3097	2.1841e-05
3.8882	-1.2374	3.8904e-05
3.8882	-1.0929	2.5979e-05
3.8882	-0.94839	6.4636e-05
3.8882	-0.87613	7.299e-05
3.8882	-0.80387	0.00088468
3.8882	-0.73162	0.0065417
3.8882	-0.65936	0.010225
3.8882	-0.5871	0.0039702
3.8882	-0.51484	0.00025064
3.8882	-0.44258	0.0008114
3.8882	-0.37032	0.00014191
3.8882	-0.29807	0.00030883
3.8882	-0.2258	0.00014513
3.8882	-0.15355	7.0503e-05
3.8882	-0.081291	0.00010762
3.8882	-0.0090323	9.2198e-06
3.8882	0.063226	2.6187e-05
3.8882	0.20774	3.0637e-05
3.8882	0.28	1.4586e-05
3.8882	0.35226	6.2674e-05
3.8882	0.42451	9.7394e-05
3.8882	0.49677	0.00017377
3.8882	0.56903	0.0015905
3.8882	0.64129	0.0024244
3.8882	0.71355	0.0010252
3.8882	0.7858	6.2517e-05
3.8882	0.85806	4.4883e-05
3.8882	0.93032	1.6372e-05
3.8882	1.8697	2.3631e-05
3.8882	1.9419	6.3331e-05
3.8882	2.0142	4.3173e-05
3.9358	-2.4658	1.7732e-05
3.9358	-2.3935	2.6676e-05
3.9358	-2.3213	4.1777e-05
3.9358	-2.249	0.00017938
3.9358	-2.1768	8.7577e-05
3.9358	-2.1045	0.0017325
3.9358	-2.0323	0.0039993
3.9358	-1.96	0.0024172
3.9358	-1.8877	0.00029536
3.9358	-1.8155	3.2427e-05
3.9358	-1.7432	3.0864e-05
3.9358	-1.671	2.078e-05
3.9358	-1.5987	3.5437e-05
3.9358	-1.5265	6.3014e-05
3.9358	-1.4542	0.00020208
3.9358	-1.3819	0.00015566
3.9358	-1.3097	8.1808e-05
3.9358	-1.2374	0.00011268
3.9358	-1.1652	3.0263e-05
3.9358	-1.0929	0.00011825
3.9358	-1.0206	2.5941e-05
3.9358	-0.94839	0.00014547
3.9358	-0.87613	5.1791e-05
3.9358	-0.80387	0.00019095
3.9358	-0.73162	0.00085171
3.9358	-0.65936	0.0015287
3.9358	-0.5871	0.00069207
3.9358	-0.51484	0.00013189
3.9358	-0.44258	0.00041753
3.9358	-0.37032	7.6144e-05
3.9358	-0.29807	0.00032979
3.9358	-0.2258	0.00011859
3.9358	-0.15355	0.00014701
3.9358	-0.081291	0.00017559
3.9358	-0.0090323	3.3733e-05
3.9358	0.063226	9.916e-05
3.9358	0.13549	1.2593e-05
3.9358	0.20774	4.9672e-05
3.9358	0.28	1.1761e-05
3.9358	0.35226	3.6508e-05
3.9358	0.42451	2.9914e-05
3.9358	0.49677	7.7326e-05
3.9358	0.56903	0.00062609
3.9358	0.64129	0.0010063
3.9358	0.71355	0.00044293
3.9358	0.7858	2.3761e-05
3.9358	0.85806	4.0854e-05
3.9358	0.93032	1.1174e-05
3.9358	1.8697	1.0151e-05
3.9358	1.9419	3.1413e-05
3.9358	2.0142	2.3373e-05
3.9835	-2.4658	1.5887e-05
3.9835	-2.3935	2.0598e-05
3.9835	-2.3213	6.2813e-05
3.9835	-2.249	0.00022331
3.9835	-2.1768	0.00022934
3.9835	-2.1045	0.0042713
3.9835	-2.0323	0.010538
3.9835	-1.96	0.0072015
3.9835	-1.8877	0.00089706
3.9835	-1.8155	0.0003439
3.9835	-1.7432	0.00028406
3.9835	-1.671	3.6317e-05
3.9835	-1.5987	6.9244e-05
3.9835	-1.5265	6.1304e-05
3.9835	-1.4542	6.3919e-05
3.9835	-1.3819	0.00010231
3.9835	-1.3097	0.00011331
3.9835	-1.2374	8.9663e-05
3.9835	-1.1652	4.8634e-05
3.9835	-1.0929	0.00013731
3.9835	-1.0206	5.3089e-05
3.9835	-0.94839	0.00038448
3.9835	-0.87613	0.00012992
3.9835	-0.80387	0.0018696
3.9835	-0.73162	0.0049276
3.9835	-0.65936	0.0030921
3.9835	-0.5871	0.00042915
3.9835	-0.51484	3.4682e-05
3.9835	-0.44258	5.7278e-05
3.9835	-0.37032	2.151e-05
3.9835	-0.29807	0.00013065
3.9835	-0.2258	3.9816e-05
3.9835	-0.15355	9.9218e-05
3.9835	-0.081291	9.6758e-05
3.9835	-0.0090323	6.2849e-05
3.9835	0.063226	0.00014081
3.9835	0.13549	2.2045e-05
3.9835	0.20774	0.00011645
3.9835	0.28	2.4363e-05
3.9835	0.35226	0.00011805
3.9835	0.42451	6.0952e-05
3.9835	0.49677	0.0001617
3.9835	0.56903	0.00057886
3.9835	0.64129	0.00046799
3.9835	0.71355	0.00012417
3.9835	0.85806	1.5287e-05
4.0312	-2.3213	4.2329e-05
4.0312	-2.249	0.00012911
4.0312	-2.1768	0.00031011
4.0312	-2.1045	0.0050714
4.0312	-2.0323	0.012825
4.0312	-1.96	0.0090062
4.0312	-1.8877	0.00098
4.0312	-1.8155	0.00092784
4.0312	-1.7432	0.00059784
4.0312	-1.671	0.00018146
4.0312	-1.5987	0.00037197
4.0312	-1.5265	6.2926e-05
4.0312	-1.4542	6.907e-05
4.0312	-1.3819	9.3617e-05
4.0312	-1.3097	0.00016538
4.0312	-1.2374	3.4019e-05
4.0312	-1.1652	9.8681e-05
4.0312	-1.0929	5.4168e-05
4.0312	-1.0206	4.799e-05
4.0312	-0.94839	0.00022823
4.0312	-0.87613	0.00011526
4.0312	-0.80387	0.0030103
4.0312	-0.73162	0.0093819
4.0312	-0.65936	0.0074982
4.0312	-0.5871	0.0012555
4.0312	-0.51484	0.00016826
4.0312	-0.44258	0.00020517
4.0312	-0.37032	1.7624e-05
4.0312	-0.29807	6.24e-05
4.0312	-0.2258	2.0131e-05
4.0312	-0.15355	1.1908e-05
4.0312	-0.081291	9.9647e-06
4.0312	-0.0090323	4.2484e-05
4.0312	0.063226	7.1644e-05
4.0312	0.13549	1.9754e-05
4.0312	0.20774	0.00010466
4.0312	0.28	2.301e-05
4.0312	0.35226	0.00018308
4.0312	0.42451	7.7214e-05
4.0312	0.49677	0.00050796
4.0312	0.56903	0.0017032
4.0312	0.64129	0.0012866
4.0312	0.71355	0.0002488
4.0312	0.85806	1.1685e-05
4.0312	1.8697	3.2035e-05
4.0312	1.9419	3.8578e-05
4.0312	2.0142	1.2745e-05
4.0787	-2.249	1.9122e-05
4.0787	-2.1768	0.00015254
4.0787	-2.1045	0.0025476
4.0787	-2.0323	0.0072035
4.0787	-1.96	0.0053724
4.0787	-1.8877	0.00051595
4.0787	-1.8155	0.0011164
4.0787	-1.7432	0.00055367
4.0787	-1.671	0.00040267
4.0787	-1.5987	0.00062486
4.0787	-1.5265	0.00011444
4.0787	-1.4542	0.00037921
4.0787	-1.3819	0.0001436
4.0787	-1.3097	0.00040966
4.0787	-1.2374	7.5412e-05
4.0787	-1.1652	0.00041292
4.0787	-1.0929	0.00017694
4.0787	-1.0206	0.00019296
4.0787	-0.94839	0.00025233
4.0787	-0.87613	6.092e-05
4.0787	-0.80387	0.00098489
4.0787	-0.73162	0.003569
4.0787	-0.65936	0.0037403
4.0787	-0.5871	0.00068723
4.0787	-0.51484	0.00031257
4.0787	-0.44258	0.00032077
4.0787	-0.37032	7.2392e-05
4.0787	-0.29807	0.00019007
4.0787	-0.2258	5.7125e-05
4.0787	-0.15355	0.00010573
4.0787	-0.081291	3.7934e-05
4.0787	0.063226	9.0317e-06
4.0787	0.20774	3.0437e-05
4.0787	0.28	1.0091e-05
4.0787	0.35226	0.00010426
4.0787	0.42451	4.0997e-05
4.0787	0.49677	0.00059921
4.0787	0.56903	0.002019
4.0787	0.64129	0.0016389
4.0787	0.71355	0.00031646
4.0787	0.7858	1.6459e-05
4.0787	0.85806	2.9005e-05
4.0787	1.7974	9.4901e-06
4.0787	1.8697	6.1427e-05
4.0787	1.9419	7.9833e-05
4.0787	2.0142	2.7866e-05
4.1264	-2.4658	1.6858e-05
4.1264	-2.3213	3.5312e-05
4.1264	-2.249	2.2071e-05
4.1264	-2.1768	4.6204e-05
4.1264	-2.1045	0.00028016
4.1264	-2.0323	0.00094426
4.1264	-1.96	0.00098014
4.1264	-1.8877	0.00011319
4.1264	-1.8155	0.00057411
4.1264	-1.7432	0.00023468
4.1264	-1.671	0.00040541
4.1264	-1.5987	0.00048767
4.1264	-1.5265	0.00019413
4.1264	-1.4542	0.00061693
4.1264	-1.3819	0.00017635
4.1264	-1.3097	0.00072087
4.1264	-1.2374	0.0001624
4.1264	-1.1652	0.0010537
4.1264	-1.0929	0.00050466
4.1264	-1.0206	0.00094204
4.1264	-0.94839	0.0014271
4.1264	-0.87613	0.00075534
4.1264	-0.80387	0.0058357
4.1264	-0.73162	0.0057063
4.1264	-0.65936	0.0013567
4.1264	-0.5871	8.2686e-05
4.1264	-0.51484	0.00010019
4.1264	-0.44258	0.00010608
4.1264	-0.37032	9.7823e-05
4.1264	-0.29807	0.00018258
4.1264	-0.2258	0.00010974
4.1264	-0.15355	0.00028106
4.1264	-0.081291	9.9664e-05
4.1264	-0.0090323	3.8869e-05
4.1264	0.063226	2.9548e-05
4.1264	0.13549	9.1065e-06
4.1264	0.20774	1.6054e-05
4.1264	0.35226	1.6603e-05
4.1264	0.42451	8.4476e-06
4.1264	0.49677	0.00020816
4.1264	0.56903	0.00082516
4.1264	0.64129	0.00077201
4.1264	0.71355	0.00014925
4.1264	0.7858	2.1165e-05
4.1264	0.85806	2.9078e-05
4.1264	1.8697	4.8512e-05
4.1264	1.9419	6.6259e-05
4.1264	2.0142	2.3058e-05
4.174	-2.4658	2.8496e-05
4.174	-2.3935	9.721e-06
4.174	-2.3213	0.00012759
4.174	-2.249	7.8718e-05
4.174	-2.1768	0.00062201
4.174	-2.1045	0.0028511
4.174	-2.0323	0.0026827
4.174	-1.96	0.00059299
4.174	-1.8877	1.4303e-05
4.174	-1.8155	6.0275e-05
4.174	-1.7432	2.5196e-05
4.174	-1.671	0.00013782
4.174	-1.5987	0.00015183
4.174	-1.5265	0.00015638
4.174	-1.4542	0.00043376
4.174	-1.3819	0.00013813
4.174	-1.3097	0.00067542
4.174	-1.2374	0.00017981
4.174	-1.1652	0.0014372
4.174	-1.0929	0.00061426
4.174	-1.0206	0.0021418
4.174	-0.94839	0.0028648
4.174	-0.87613	0.0037516
4.174	-0.80387	0.030003
4.174	-0.73162	0.039231
4.174	-0.65936	0.014192
4.174	-0.5871	0.00078543
4.174	-0.51484	0.00032017
4.174	-0.44258	0.00012988
4.174	-0.37032	3.5807e-05
4.174	-0.29807	4.7657e-05
4.174	-0.2258	0.0001242
4.174	-0.15355	0.00023037
4.174	-0.081291	0.00011028
4.174	-0.0090323	9.3406e-05
4.174	0.063226	5.6094e-05
4.174	0.13549	3.4082e-05
4.174	0.20774	5.1375e-05
4.174	0.28	2.0151e-05
4.174	0.35226	6.3857e-05
4.174	0.42451	1.3378e-05
4.174	0.49677	0.00010392
4.174	0.56903	0.00014069
4.174	0.64129	8.4535e-05
4.174	0.71355	1.5052e-05
4.174	0.7858	9.7272e-06
4.174	0.85806	9.9481e-06
4.174	1.8697	1.6869e-05
4.174	1.9419	2.3197e-05
4.2217	-2.4658	1.737e-05
4.2217	-2.3935	9.5085e-06
4.2217	-2.3213	0.00014849
4.2217	-2.249	7.938e-05
4.2217	-2.1768	0.0015663
4.2217	-2.1045	0.007754
4.2217	-2.0323	0.0091409
4.2217	-1.96	0.0026431
4.2217	-1.8877	0.00013827
4.2217	-1.8155	0.00034438
4.2217	-1.7432	2.9711e-05
4.2217	-1.671	5.5772e-05
4.2217	-1.5987	1.4359e-05
4.2217	-1.5265	3.0531e-05
4.2217	-1.4542	0.00010172
4.2217	-1.3819	4.2879e-05
4.2217	-1.3097	0.00026136
4.2217	-1.2374	0.00010738
4.2217	-1.1652	0.00096642
4.2217	-1.0929	0.00036828
4.2217	-1.0206	0.0024525
4.2217	-0.94839	0.0026841
4.2217	-0.87613	0.008073
4.2217	-0.80387	0.058681
4.2217	-0.73162	0.081666
4.2217	-0.65936	0.031795
4.2217	-0.5871	0.0016058
4.2217	-0.51484	0.0020364
4.2217	-0.44258	0.00059851
4.2217	-0.37032	0.00018777
4.2217	-0.29807	0.00019051
4.2217	-0.2258	7.6961e-05
4.2217	-0.15355	4.5124e-05
4.2217	-0.081291	0.0001062
4.2217	-0.0090323	8.5086e-05
4.2217	0.063226	3.7337e-05
4.2217	0.13549	3.7305e-05
4.2217	0.20774	4.0848e-05
4.2217	0.28	3.7057e-05
4.2217	0.35226	0.00010685
4.2217	0.42451	5.3246e-05
4.2217	0.49677	0.00063327
4.2217	0.56903	0.00094101
4.2217	0.64129	0.00036195
4.2217	0.71355	2.4687e-05
4.2217	1.7974	9.8715e-06
4.2217	1.8697	2.5735e-05
4.2217	1.9419	1.717e-05
4.2693	-2.3213	5.3908e-05
4.2693	-2.249	3.441e-05
4.2693	-2.1768	0.0014421
4.2693	-2.1045	0.0075139
4.2693	-2.0323	0.009808
4.2693	-1.96	0.0029395
4.2693	-1.8877	0.00035359
4.2693	-1.8155	0.00089731
4.2693	-1.7432	9.9601e-05
4.2693	-1.671	0.00040631
4.2693	-1.5987	8.7779e-05
4.2693	-1.5265	0.00011919
4.2693	-1.4542	5.1733e-05
4.2693	-1.3819	3.6616e-05
4.2693	-1.3097	4.1779e-05
4.2693	-1.2374	2.213e-05
4.2693	-1.1652	0.00018102
4.2693	-1.0929	8.6202e-05
4.2693	-1.0206	0.0011648
4.2693	-0.94839	0.0011054
4.2693	-0.87613	0.0082301
4.2693	-0.80387	0.056218
4.2693	-0.73162	0.081572
4.2693	-0.65936	0.031973
4.2693	-0.5871	0.0015423
4.2693	-0.51484	0.0039983
4.2693	-0.44258	0.00087514
4.2693	-0.37032	0.00081202
4.2693	-0.29807	0.00058632
4.2693	-0.2258	0.00010946
4.2693	-0.15355	0.00012252
4.2693	-0.081291	0.00013727
4.2693	-0.0090323	0.00012633
4.2693	0.063226	2.7308e-05
4.2693	0.13549	7.4826e-05
4.2693	0.20774	1.3526e-05
4.2693	0.28	2.8446e-05
4.2693	0.35226	4.1572e-05
4.2693	0.42451	5.55e-05
4.2693	0.49677	0.00069419
4.2693	0.56903	0.0012421
4.2693	0.64129	0.00058419
4.2693	0.71355	4.1996e-05
4.2693	0.7858	1.8048e-05
4.2693	1.7974	2.3872e-05
4.2693	1.8697	6.3382e-05
4.2693	1.9419	4.3048e-05
4.317	-2.4658	9.6682e-06
4.317	-2.3213	1.5249e-05
4.317	-2.1768	0.00028484
4.317	-2.1045	0.0021054
4.317	-2.0323	0.003614
4.317	-1.96	0.001198
4.317	-1.8877	0.0003524
4.317	-1.8155	0.00077337
4.317	-1.7432	0.00013275
4.317	-1.671	0.00067685
4.317	-1.5987	0.00013612
4.317	-1.5265	0.00044674
4.317	-1.4542	0.0002015
4.317	-1.3819	0.00025923
4.317	-1.3097	0.00027143
4.317	-1.2374	9.9331e-05
4.317	-1.1652	0.00020847
4.317	-1.0929	2.4338e-05
4.317	-1.0206	0.00012367
4.317	-0.94839	9.1324e-05
4.317	-0.87613	0.0025946
4.317	-0.80387	0.020818
4.317	-0.73162	0.035625
4.317	-0.65936	0.014852
4.317	-0.5871	0.00098401
4.317	-0.51484	0.0036566
4.317	-0.44258	0.00061595
4.317	-0.37032	0.0013405
4.317	-0.29807	0.00071073
4.317	-0.2258	0.00033563
4.317	-0.15355	0.00043785
4.317	-0.081291	0.00020594
4.317	-0.0090323	0.00033714
4.317	0.063226	7.0803e-05
4.317	0.13549	0.00031148
4.317	0.20774	5.2428e-05
4.317	0.28	0.00015042
4.317	0.35226	7.7089e-05
4.317	0.42451	4.6723e-05
4.317	0.49677	0.00018812
4.317	0.56903	0.00029634
4.317	0.64129	0.000183
4.317	0.71355	1.4817e-05
4.317	0.7858	2.049e-05
4.317	1.7974	2.1905e-05
4.317	1.8697	6.1304e-05
4.317	1.9419	4.4376e-05
4.3645	-2.4658	2.7083e-05
4.3645	-2.3935	3.8687e-05
4.3645	-2.3213	0.0001398
4.3645	-2.249	6.1249e-05
4.3645	-2.1768	0.00086199
4.3645	-2.1045	0.001281
4.3645	-2.0323	0.00048874
4.3645	-1.96	9.0341e-05
4.3645	-1.8877	8.1148e-05
4.3645	-1.8155	0.00020263
4.3645	-1.7432	8.2205e-05
4.3645	-1.671	0.0004076
4.3645	-1.5987	9.0493e-05
4.3645	-1.5265	0.00053183
4.3645	-1.4542	0.00021811
4.3645	-1.3819	0.00048923
4.3645	-1.3097	0.00048284
4.3645	-1.2374	0.0003952
4.3645	-1.1652	0.00094694
4.3645	-1.0929	0.00023184
4.3645	-1.0206	0.0013829
4.3645	-0.94839	0.00031153
4.3645	-0.87613	0.0020229
4.3645	-0.80387	0.0036001
4.3645	-0.73162	0.0032578
4.3645	-0.65936	0.0016739
4.3645	-0.5871	0.00031694
4.3645	-0.51484	0.0013262
4.3645	-0.44258	0.00021336
4.3645	-0.37032	0.00099125
4.3645	-0.29807	0.00040845
4.3645	-0.2258	0.00049161
4.3645	-0.15355	0.00053481
4.3645	-0.081291	0.00025874
4.3645	-0.0090323	0.00051262
4.3645	0.063226	0.00014382
4.3645	0.13549	0.00066981
4.3645	0.20774	0.0001225
4.3645	0.28	0.0005903
4.3645	0.35226	0.00031958
4.3645	0.42451	0.00055868
4.3645	0.49677	0.001909
4.3645	0.56903	0.0011693
4.3645	0.64129	0.00017399
4.3645	1.8697	1.8596e-05
4.3645	1.9419	1.5867e-05
4.4123	-2.4658	2.3412e-05
4.4123	-2.3935	7.5297e-05
4.4123	-2.3213	0.00023774
4.4123	-2.249	0.00026892
4.4123	-2.1768	0.0042301
4.4123	-2.1045	0.0088859
4.4123	-2.0323	0.0048743
4.4123	-1.96	0.00040443
4.4123	-1.8877	0.00017918
4.4123	-1.8155	7.6588e-05
4.4123	-1.7432	1.9949e-05
4.4123	-1.671	4.7682e-05
4.4123	-1.5987	2.8477e-05
4.4123	-1.5265	0.00020093
4.4123	-1.4542	8.738e-05
4.4123	-1.3819	0.00034554
4.4123	-1.3097	0.00031153
4.4123	-1.2374	0.00053764
4.4123	-1.1652	0.0011372
4.4123	-1.0929	0.00056736
4.4123	-1.0206	0.003347
4.4123	-0.94839	0.00094735
4.4123	-0.87613	0.015765
4.4123	-0.80387	0.037181
4.4123	-0.73162	0.021745
4.4123	-0.65936	0.0027207
4.4123	-0.5871	0.00011181
4.4123	-0.51484	0.00013631
4.4123	-0.44258	2.1955e-05
4.4123	-0.37032	0.00021384
4.4123	-0.29807	8.5851e-05
4.4123	-0.2258	0.00028498
4.4123	-0.15355	0.00028587
4.4123	-0.081291	0.00019221
4.4123	-0.0090323	0.00038698
4.4123	0.063226	0.00017243
4.4123	0.13549	0.00074282
4.4123	0.20774	0.00014379
4.4123	0.28	0.0010593
4.4123	0.35226	0.00048207
4.4123	0.42451	0.0020559
4.4123	0.49677	0.0072828
4.4123	0.56903	0.0055797
4.4123	0.64129	0.0011298
4.4123	0.71355	2.6038e-05
4.4123	0.7858	3.1156e-05
4.4598	-2.3935	4.5965e-05
4.4598	-2.3213	0.00013499
4.4598	-2.249	0.00039418
4.4598	-2.1768	0.0058728
4.4598	-2.1045	0.013769
4.4598	-2.0323	0.0086324
4.4598	-1.96	0.00073859
4.4598	-1.8877	0.00090438
4.4598	-1.8155	0.0003856
4.4598	-1.7432	0.0001967
4.4598	-1.671	0.00019822
4.4598	-1.5987	3.6518e-05
4.4598	-1.5265	5.3408e-05
4.4598	-1.4542	1.5214e-05
4.4598	-1.3819	5.4266e-05
4.4598	-1.3097	5.178e-05
4.4598	-1.2374	0.00022878
4.4598	-1.1652	0.0004736
4.4598	-1.0929	0.00054783
4.4598	-1.0206	0.0028282
4.4598	-0.94839	0.0013355
4.4598	-0.87613	0.029093
4.4598	-0.80387	0.075061
4.4598	-0.73162	0.052172
4.4598	-0.65936	0.0075183
4.4598	-0.5871	0.0011572
4.4598	-0.51484	0.0011652
4.4598	-0.44258	9.1848e-05
4.4598	-0.37032	0.0002052
4.4598	-0.29807	1.4557e-05
4.4598	-0.2258	4.2387e-05
4.4598	-0.15355	4.8793e-05
4.4598	-0.081291	4.2196e-05
4.4598	-0.0090323	0.00011057
4.4598	0.063226	9.4941e-05
4.4598	0.13549	0.00038322
4.4598	0.20774	0.00010231
4.4598	0.28	0.00094523
4.4598	0.35226	0.00035697
4.4598	0.42451	0.003411
4.4598	0.49677	0.011585
4.4598	0.56903	0.0093533
4.4598	0.64129	0.0019309
4.4598	0.71355	6.1378e-05
4.4598	0.7858	0.00012347
4.4598	0.85806	1.1164e-05
4.4598	0.93032	8.5071e-06
4.4598	1.7974	2.6922e-05
4.4598	1.8697	3.6118e-05
4.4598	1.9419	1.2472e-05
4.5075	-2.3935	1.0361e-05
4.5075	-2.3213	1.305e-05
4.5075	-2.249	0.0001297
4.5075	-2.1768	0.002394
4.5075	-2.1045	0.007103
4.5075	-2.0323	0.0051726
4.5075	-1.96	0.00044118
4.5075	-1.8877	0.0012183
4.5075	-1.8155	0.00043718
4.5075	-1.7432	0.00056591
4.5075	-1.671	0.00054868
4.5075	-1.5987	0.00019453
4.5075	-1.5265	0.00046564
4.5075	-1.4542	7.3671e-05
4.5075	-1.3819	0.00029086
4.5075	-1.3097	4.3885e-05
4.5075	-1.2374	8.1936e-05
4.5075	-1.1652	4.1101e-05
4.5075	-1.0929	0.00010886
4.5075	-1.0206	0.0006303
4.5075	-0.94839	0.00084762
4.5075	-0.87613	0.019706
4.5075	-0.80387	0.0565
4.5075	-0.73162	0.043676
4.5075	-0.65936	0.0061438
4.5075	-0.5871	0.0023892
4.5075	-0.51484	0.0020724
4.5075	-0.44258	0.00038294
4.5075	-0.37032	0.00092474
4.5075	-0.29807	8.9975e-05
4.5075	-0.2258	0.00028101
4.5075	-0.15355	4.418e-05
4.5075	-0.081291	7.8992e-05
4.5075	-0.0090323	3.0853e-05
4.5075	0.063226	1.3866e-05
4.5075	0.13549	4.4075e-05
4.5075	0.20774	2.7716e-05
4.5075	0.28	0.00031329
4.5075	0.35226	0.00012649
4.5075	0.42451	0.0026259
4.5075	0.49677	0.0089816
4.5075	0.56903	0.0076314
4.5075	0.64129	0.0015321
4.5075	0.71355	9.4656e-05
4.5075	0.7858	0.00017975
4.5075	0.85806	1.2676e-05
4.5075	0.93032	2.4693e-05
4.5075	1.7974	2.1166e-05
4.5075	1.8697	3.5006e-05
4.5075	1.9419	1.4219e-05
4.5551	-2.4658	1.8202e-05
4.5551	-2.3935	0.00016635
4.5551	-2.3213	9.9362e-05
4.5551	-2.249	0.0003518
4.5551	-2.1768	0.0011648
4.5551	-2.1045	0.00091785
4.5551	-2.0323	0.00055592
4.5551	-1.96	7.5783e-05
4.5551	-1.8877	0.00048134
4.5551	-1.8155	0.00015477
4.5551	-1.7432	0.0005669
4.5551	-1.671	0.00046475
4.5551	-1.5987	0.00036886
4.5551	-1.5265	0.00081242
4.5551	-1.4542	0.00018161
4.5551	-1.3819	0.00092595
4.5551	-1.3097	0.00017331
4.5551	-1.2374	0.00083051
4.5551	-1.1652	0.00035625
4.5551	-1.0929	0.00045146
4.5551	-1.0206	0.00048535
4.5551	-0.94839	0.00016005
4.5551	-0.87613	0.0023679
4.5551	-0.80387	0.010084
4.5551	-0.73162	0.011187
4.5551	-0.65936	0.0017517
4.5551	-0.5871	0.0017156
4.5551	-0.51484	0.0013027
4.5551	-0.44258	0.00054928
4.5551	-0.37032	0.001123
4.5551	-0.29807	0.00016644
4.5551	-0.2258	0.00071623
4.5551	-0.15355	0.00011714
4.5551	-0.081291	0.00038406
4.5551	-0.0090323	0.00014312
4.5551	0.063226	0.00014932
4.5551	0.13549	0.00012363
4.5551	0.20774	2.9477e-05
4.5551	0.28	5.7734e-05
4.5551	0.35226	1.1996e-05
4.5551	0.42451	0.00051483
4.5551	0.49677	0.0023521
4.5551	0.56903	0.0024976
4.5551	0.64129	0.0005283
4.5551	0.71355	8.0798e-05
4.5551	0.7858	0.0001236
4.5551	0.85806	9.6342e-06
4.5551	0.93032	2.9714e-05
4.6028	-2.4658	3.5385e-05
4.6028	-2.3935	0.00047441
4.6028	-2.3213	0.0002569
4.6028	-2.249	0.0027665
4.6028	-2.1768	0.012407
4.6028	-2.1045	0.012303
4.6028	-2.0323	0.0029404
4.6028	-1.96	8.7473e-05
4.6028	-1.8877	0.00016045
4.6028	-1.8155	1.9752e-05
4.6028	-1.7432	0.00012997
4.6028	-1.671	0.0001096
4.6028	-1.5987	0.00024168
4.6028	-1.5265	0.00050175
4.6028	-1.4542	0.00018501
4.6028	-1.3819	0.00096692
4.6028	-1.3097	0.00021163
4.6028	-1.2374	0.0016524
4.6028	-1.1652	0.00065308
4.6028	-1.0929	0.0021539
4.6028	-1.0206	0.0024516
4.6028	-0.94839	0.0030744
4.6028	-0.87613	0.018595
4.6028	-0.80387	0.017043
4.6028	-0.73162	0.0036798
4.6028	-0.65936	0.00012728
4.6028	-0.5871	0.00023
4.6028	-0.51484	0.00022698
4.6028	-0.44258	0.00025284
4.6028	-0.37032	0.00048241
4.6028	-0.29807	0.00015042
4.6028	-0.2258	0.00063092
4.6028	-0.15355	0.00010728
4.6028	-0.081291	0.00054544
4.6028	-0.0090323	0.00018236
4.6028	0.063226	0.00042643
4.6028	0.13549	0.00035484
4.6028	0.20774	0.00023254
4.6028	0.28	0.00053381
4.6028	0.35226	0.00012213
4.6028	0.42451	0.0010576
4.6028	0.49677	0.0010063
4.6028	0.56903	0.00027685
4.6028	0.64129	3.6435e-05
4.6028	0.71355	2.0621e-05
4.6028	0.7858	2.9987e-05
4.6028	0.93032	1.5774e-05
4.6028	1.5806	1.0101e-05
4.6028	1.7252	3.6257e-05
4.6028	1.7974	9.3614e-05
4.6028	1.8697	5.507e-05
4.6504	-2.4658	3.4532e-05
4.6504	-2.3935	0.00050074
4.6504	-2.3213	0.00024821
4.6504	-2.249	0.0059958
4.6504	-2.1768	0.027898
4.6504	-2.1045	0.0318
4.6504	-2.0323	0.0086765
4.6504	-1.96	0.00064144
4.6504	-1.8877	0.0016337
4.6504	-1.8155	0.00015453
4.6504	-1.7432	0.00025237
4.6504	-1.671	5.0838e-05
4.6504	-1.5987	3.8848e-05
4.6504	-1.5265	6.1846e-05
4.6504	-1.4542	4.5982e-05
4.6504	-1.3819	0.00029581
4.6504	-1.3097	0.00010821
4.6504	-1.2374	0.0011331
4.6504	-1.1652	0.00041788
4.6504	-1.0929	0.0029532
4.6504	-1.0206	0.0028835
4.6504	-0.94839	0.0097285
4.6504	-0.87613	0.061495
4.6504	-0.80387	0.074407
4.6504	-0.73162	0.023611
4.6504	-0.65936	0.00083996
4.6504	-0.5871	0.00122
4.6504	-0.51484	0.0001959
4.6504	-0.44258	8.7137e-05
4.6504	-0.37032	4.683e-05
4.6504	-0.29807	4.305e-05
4.6504	-0.2258	0.00015566
4.6504	-0.15355	4.0626e-05
4.6504	-0.081291	0.00027885
4.6504	-0.0090323	8.8893e-05
4.6504	0.063226	0.00042788
4.6504	0.13549	0.00031046
4.6504	0.20774	0.00045181
4.6504	0.28	0.00090971
4.6504	0.35226	0.00051243
4.6504	0.42451	0.0051371
4.6504	0.49677	0.0068156
4.6504	0.56903	0.0023994
4.6504	0.64129	0.00014088
4.6504	0.71355	2.0762e-05
4.6504	1.5806	1.5191e-05
4.6504	1.7252	0.00010572
4.6504	1.7974	0.00028888
4.6504	1.8697	0.00020008
4.6504	1.9419	3.1492e-05
4.6981	-2.3935	0.00013015
4.6981	-2.3213	9.9321e-05
4.6981	-2.249	0.0047458
4.6981	-2.1768	0.024151
4.6981	-2.1045	0.03069
4.6981	-2.0323	0.0084968
4.6981	-1.96	0.0014435
4.6981	-1.8877	0.0032263
4.6981	-1.8155	0.00034281
4.6981	-1.7432	0.0013586
4.6981	-1.671	0.00026032
4.6981	-1.5987	0.0005997
4.6981	-1.5265	0.00023379
4.6981	-1.4542	0.00019878
4.6981	-1.3819	0.00013984
4.6981	-1.3097	2.912e-05
4.6981	-1.2374	0.00013892
4.6981	-1.1652	6.9071e-05
4.6981	-1.0929	0.0011536
4.6981	-1.0206	0.0010854
4.6981	-0.94839	0.010052
4.6981	-0.87613	0.064882
4.6981	-0.80387	0.088503
4.6981	-0.73162	0.03091
4.6981	-0.65936	0.0013989
4.6981	-0.5871	0.0038781
4.6981	-0.51484	0.00057044
4.6981	-0.44258	0.00085466
4.6981	-0.37032	0.00031705
4.6981	-0.29807	0.00013788
4.6981	-0.2258	9.3149e-05
4.6981	-0.15355	2.4049e-05
4.6981	-0.081291	3.5505e-05
4.6981	-0.0090323	1.0067e-05
4.6981	0.063226	0.00011654
4.6981	0.13549	8.6607e-05
4.6981	0.20774	0.00031383
4.6981	0.28	0.00055319
4.6981	0.35226	0.00077879
4.6981	0.42451	0.0072216
4.6981	0.49677	0.010523
4.6981	0.56903	0.0042048
4.6981	0.64129	0.00025018
4.6981	0.71355	0.00011915
4.6981	0.7858	3.7081e-05
4.6981	1.5806	1.1056e-05
4.6981	1.7252	0.00014537
4.6981	1.7974	0.00039683
4.6981	1.8697	0.00028568
4.6981	1.9419	4.2521e-05
4.7456	-2.4658	9.7789e-05
4.7456	-2.3935	0.00028699
4.7456	-2.3213	5.5509e-05
4.7456	-2.249	0.00077141
4.7456	-2.1768	0.004283
4.7456	-2.1045	0.0081862
4.7456	-2.0323	0.0027431
4.7456	-1.96	0.0012316
4.7456	-1.8877	0.0023845
4.7456	-1.8155	0.00041016
4.7456	-1.7432	0.0019495
4.7456	-1.671	0.00034801
4.7456	-1.5987	0.0018151
4.7456	-1.5265	0.00068913
4.7456	-1.4542	0.0010881
4.7456	-1.3819	0.00099589
4.7456	-1.3097	0.00049009
4.7456	-1.2374	0.001065
4.7456	-1.1652	0.00014757
4.7456	-1.0929	0.00061082
4.7456	-1.0206	0.00011377
4.7456	-0.94839	0.0018639
4.7456	-0.87613	0.017136
4.7456	-0.80387	0.032282
4.7456	-0.73162	0.013348
4.7456	-0.65936	0.0010984
4.7456	-0.5871	0.0037431
4.7456	-0.51484	0.00049951
4.7456	-0.44258	0.0017304
4.7456	-0.37032	0.00057504
4.7456	-0.29807	0.00059767
4.7456	-0.2258	0.00050561
4.7456	-0.15355	0.00015873
4.7456	-0.081291	0.00030514
4.7456	-0.0090323	3.0607e-05
4.7456	0.063226	9.9085e-05
4.7456	0.13549	1.2371e-05
4.7456	0.20774	3.8578e-05
4.7456	0.28	6.9068e-05
4.7456	0.35226	0.00036457
4.7456	0.42451	0.0035823
4.7456	0.49677	0.0060899
4.7456	0.56903	0.0027128
4.7456	0.64129	0.00015108
4.7456	0.71355	0.00017015
4.7456	0.7858	4.5383e-05
4.7456	0.85806	1.8778e-05
4.7456	0.93032	1.2961e-05
4.7456	1.7252	8.9537e-05
4.7456	1.7974	0.00026065
4.7456	1.8697	0.00019839
4.7456	1.9419	2.6956e-05
4.7456	2.0142	9.6419e-06
4.7456	2.0865	8.1431e-06
4.7933	-2.4658	0.00074096
4.7933	-2.3935	0.0021099
4.7933	-2.3213	0.0012194
4.7933	-2.249	0.016154
4.7933	-2.1768	0.025515
4.7933	-2.1045	0.0097341
4.7933	-2.0323	0.00058479
4.7933	-1.96	0.00019507
4.7933	-1.8877	0.00037221
4.7933	-1.8155	0.00017488
4.7933	-1.7432	0.00086401
4.7933	-1.671	0.0002477
4.7933	-1.5987	0.0020024
4.7933	-1.5265	0.00066005
4.7933	-1.4542	0.0018934
4.7933	-1.3819	0.0015721
4.7933	-1.3097	0.0016322
4.7933	-1.2374	0.0034363
4.7933	-1.1652	0.0010148
4.7933	-1.0929	0.005829
4.7933	-1.0206	0.0013258
4.7933	-0.94839	0.013025
4.7933	-0.87613	0.023111
4.7933	-0.80387	0.0091125
4.7933	-0.73162	0.001175
4.7933	-0.65936	0.00022906
4.7933	-0.5871	0.0009008
4.7933	-0.51484	0.0001871
4.7933	-0.44258	0.0012211
4.7933	-0.37032	0.00034722
4.7933	-0.29807	0.00083517
4.7933	-0.2258	0.00064093
4.7933	-0.15355	0.00035326
4.7933	-0.081291	0.00068947
4.7933	-0.0090323	0.00013353
4.7933	0.063226	0.00060312
4.7933	0.13549	9.7442e-05
4.7933	0.20774	0.00035936
4.7933	0.28	0.00014623
4.7933	0.35226	0.00015514
4.7933	0.42451	0.00041848
4.7933	0.49677	0.00066998
4.7933	0.56903	0.00045132
4.7933	0.64129	3.2622e-05
4.7933	0.71355	8.3554e-05
4.7933	0.7858	2.0414e-05
4.7933	0.85806	1.9215e-05
4.7933	0.93032	1.119e-05
4.7933	1.7252	1.1586e-05
4.7933	1.7974	4.8313e-05
4.7933	1.8697	4.8951e-05
4.8409	-2.4658	0.0023251
4.8409	-2.3935	0.0051482
4.8409	-2.3213	0.0066818
4.8409	-2.249	0.082311
4.8409	-2.1768	0.15157
4.8409	-2.1045	0.076413
4.8409	-2.0323	0.0058434
4.8409	-1.96	0.0033815
4.8409	-1.8877	0.0013394
4.8409	-1.8155	0.00025366
4.8409	-1.7432	0.00027713
4.8409	-1.671	8.9306e-05
4.8409	-1.5987	0.00061098
4.8409	-1.5265	0.00022374
4.8409	-1.4542	0.0011784
4.8409	-1.3819	0.0009181
4.8409	-1.3097	0.002032
4.8409	-1.2374	0.0037264
4.8409	-1.1652	0.0022861
4.8409	-1.0929	0.011835
4.8409	-1.0206	0.0036309
4.8409	-0.94839	0.065386
4.8409	-0.87613	0.15074
4.8409	-0.80387	0.089989
4.8409	-0.73162	0.011405
4.8409	-0.65936	0.00090717
4.8409	-0.5871	0.00086481
4.8409	-0.51484	4.2008e-05
4.8409	-0.44258	0.0001567
4.8409	-0.37032	5.4312e-05
4.8409	-0.29807	0.00036223
4.8409	-0.2258	0.00028304
4.8409	-0.15355	0.00028966
4.8409	-0.081291	0.00053666
4.8409	-0.0090323	0.00020326
4.8409	0.063226	0.00087753
4.8409	0.13549	0.00016196
4.8409	0.20774	0.0011192
4.8409	0.28	0.00043699
4.8409	0.35226	0.0018547
4.8409	0.42451	0.005243
4.8409	0.49677	0.0030058
4.8409	0.56903	0.00038586
4.8409	0.71355	8.8044e-06
4.8409	1.6529	1.0459e-05
4.8409	1.7252	6.296e-05
4.8409	1.7974	5.6936e-05
4.8409	1.8697	1.2453e-05
4.8886	-2.4658	0.0044412
4.8886	-2.3935	0.0072308
4.8886	-2.3213	0.019605
4.8886	-2.249	0.20046
4.8886	-2.1768	0.36425
4.8886	-2.1045	0.18486
4.8886	-2.0323	0.012647
4.8886	-1.96	0.017088
4.8886	-1.8877	0.0062533
4.8886	-1.8155	0.0032797
4.8886	-1.7432	0.003709
4.8886	-1.671	0.00032777
4.8886	-1.5987	0.00069378
4.8886	-1.5265	0.00011973
4.8886	-1.4542	0.00024548
4.8886	-1.3819	0.00010421
4.8886	-1.3097	0.00062975
4.8886	-1.2374	0.0012563
4.8886	-1.1652	0.0019451
4.8886	-1.0929	0.0089682
4.8886	-1.0206	0.005222
4.8886	-0.94839	0.1068
4.8886	-0.87613	0.26226
4.8886	-0.80387	0.1751
4.8886	-0.73162	0.022969
4.8886	-0.65936	0.0053472
4.8886	-0.5871	0.0049332
4.8886	-0.51484	0.00037898
4.8886	-0.44258	0.00087295
4.8886	-0.37032	7.0334e-05
4.8886	-0.29807	0.00011285
4.8886	-0.2258	2.8307e-05
4.8886	-0.15355	4.6824e-05
4.8886	-0.081291	0.00010472
4.8886	-0.0090323	9.4876e-05
4.8886	0.063226	0.00042684
4.8886	0.13549	0.00012314
4.8886	0.20774	0.0011149
4.8886	0.28	0.00038776
4.8886	0.35226	0.0041074
4.8886	0.42451	0.01247
4.8886	0.49677	0.0088769
4.8886	0.56903	0.0014936
4.8886	0.64129	5.2408e-05
4.8886	0.71355	8.0197e-05
4.8886	1.5084	8.2631e-06
4.8886	1.5806	8.6418e-06
4.8886	1.6529	3.4608e-05
4.8886	1.7252	0.00021848
4.8886	1.7974	0.00025999
4.8886	1.8697	8.0442e-05
4.9362	-2.4658	0.0057572
4.9362	-2.3935	0.0067171
4.9362	-2.3213	0.03732
4.9362	-2.249	0.31572
4.9362	-2.1768	0.54443
4.9362	-2.1045	0.25952
4.9362	-2.0323	0.015341
4.9362	-1.96	0.038974
4.9362	-1.8877	0.010999
4.9362	-1.8155	0.011959
4.9362	-1.7432	0.010696
4.9362	-1.671	0.0025331
4.9362	-1.5987	0.0059539
4.9362	-1.5265	0.0010793
4.9362	-1.4542	0.0040095
4.9362	-1.3819	0.00058381
4.9362	-1.3097	0.0015363
4.9362	-1.2374	0.00047766
4.9362	-1.1652	0.00035881
4.9362	-1.0929	0.0013074
4.9362	-1.0206	0.0025669
4.9362	-0.94839	0.05951
4.9362	-0.87613	0.17216
4.9362	-0.80387	0.13065
4.9362	-0.73162	0.016538
4.9362	-0.65936	0.0092196
4.9362	-0.5871	0.0070161
4.9362	-0.51484	0.0013217
4.9362	-0.44258	0.0028878
4.9362	-0.37032	0.00033676
4.9362	-0.29807	0.0012541
4.9362	-0.2258	0.00018389
4.9362	-0.15355	0.00039412
4.9362	-0.081291	0.00011042
4.9362	-0.0090323	6.1713e-05
4.9362	0.063226	4.8371e-05
4.9362	0.13549	2.1334e-05
4.9362	0.20774	0.00026952
4.9362	0.28	0.00012339
4.9362	0.35226	0.0030024
4.9362	0.42451	0.010035
4.9362	0.49677	0.0081181
4.9362	0.56903	0.0014362
4.9362	0.64129	0.00011803
4.9362	0.71355	0.0001692
4.9362	0.7858	1.086e-05
4.9362	0.85806	2.4927e-05
4.9362	1.6529	4.0363e-05
4.9362	1.7252	0.00025107
4.9362	1.7974	0.00032892
4.9362	1.8697	0.00011026
4.9362	2.0142	9.4229e-06
4.9839	-2.4658	0.0051663
4.9839	-2.3935	0.00429
4.9839	-2.3213	0.048959
4.9839	-2.249	0.35047
4.9839	-2.1768	0.56848
4.9839	-2.1045	0.24735
4.9839	-2.0323	0.014916
4.9839	-1.96	0.055614
4.9839	-1.8877	0.011615
4.9839	-1.8155	0.024215
4.9839	-1.7432	0.016049
4.9839	-1.671	0.0083617
4.9839	-1.5987	0.015048
4.9839	-1.5265	0.0039639
4.9839	-1.4542	0.015355
4.9839	-1.3819	0.0024712
4.9839	-1.3097	0.013222
4.9839	-1.2374	0.0046508
4.9839	-1.1652	0.0080249
4.9839	-1.0929	0.0078696
4.9839	-1.0206	0.003989
4.9839	-0.94839	0.01756
4.9839	-0.87613	0.021642
4.9839	-0.80387	0.021473
4.9839	-0.73162	0.0034171
4.9839	-0.65936	0.0053417
4.9839	-0.5871	0.0036804
4.9839	-0.51484	0.0016784
4.9839	-0.44258	0.002964
4.9839	-0.37032	0.0006867
4.9839	-0.29807	0.0027002
4.9839	-0.2258	0.00039656
4.9839	-0.15355	0.0015102
4.9839	-0.081291	0.00047927
4.9839	-0.0090323	0.00068808
4.9839	0.063226	0.0005412
4.9839	0.13549	0.00018709
4.9839	0.20774	0.00036323
4.9839	0.28	3.8985e-05
4.9839	0.35226	0.00040146
4.9839	0.42451	0.0016298
4.9839	0.49677	0.0019762
4.9839	0.56903	0.00042122
4.9839	0.64129	9.5218e-05
4.9839	0.71355	0.00011536
4.9839	0.7858	1.2825e-05
4.9839	0.85806	3.5243e-05
4.9839	1.6529	1.2154e-05
4.9839	1.7252	9.3772e-05
4.9839	1.7974	0.00015144
4.9839	1.8697	5.6416e-05
4.9839	2.0142	1.008e-05
5.0314	-2.4658	0.0030551
5.0314	-2.3935	0.0019049
5.0314	-2.3213	0.044074
5.0314	-2.249	0.27614
5.0314	-2.1768	0.42396
5.0314	-2.1045	0.16614
5.0314	-2.0323	0.013923
5.0314	-1.96	0.054503
5.0314	-1.8877	0.0087168
5.0314	-1.8155	0.032389
5.0314	-1.7432	0.015546
5.0314	-1.671	0.016349
5.0314	-1.5987	0.0215
5.0314	-1.5265	0.0091732
5.0314	-1.4542	0.029165
5.0314	-1.3819	0.0056113
5.0314	-1.3097	0.037852
5.0314	-1.2374	0.010882
5.0314	-1.1652	0.04141
5.0314	-1.0929	0.0364
5.0314	-1.0206	0.060271
5.0314	-0.94839	0.32338
5.0314	-0.87613	0.30234
5.0314	-0.80387	0.071872
5.0314	-0.73162	0.001828
5.0314	-0.65936	0.0011798
5.0314	-0.5871	0.00035472
5.0314	-0.51484	0.00046248
5.0314	-0.44258	0.000798
5.0314	-0.37032	0.00066146
5.0314	-0.29807	0.0021879
5.0314	-0.2258	0.00034957
5.0314	-0.15355	0.001986
5.0314	-0.081291	0.00056137
5.0314	-0.0090323	0.0016589
5.0314	0.063226	0.0012029
5.0314	0.13549	0.00099453
5.0314	0.20774	0.0020477
5.0314	0.28	0.0006352
5.0314	0.35226	0.0057242
5.0314	0.42451	0.0060064
5.0314	0.49677	0.0015094
5.0314	0.56903	6.5097e-05
5.0314	0.64129	1.2946e-05
5.0314	0.71355	1.5274e-05
5.0314	0.85806	1.6769e-05
5.0314	1.6529	1.4675e-05
5.0314	1.7252	2.3239e-05
5.0314	1.7974	1.3639e-05
5.0791	-2.4658	0.0009844
5.0791	-2.3935	0.00059285
5.0791	-2.3213	0.024951
5.0791	-2.249	0.14456
5.0791	-2.1768	0.21571
5.0791	-2.1045	0.076213
5.0791	-2.0323	0.011504
5.0791	-1.96	0.037026
5.0791	-1.8877	0.0053561
5.0791	-1.8155	0.030051
5.0791	-1.7432	0.010374
5.0791	-1.671	0.021287
5.0791	-1.5987	0.020397
5.0791	-1.5265	0.014766
5.0791	-1.4542	0.035522
5.0791	-1.3819	0.010245
5.0791	-1.3097	0.063039
5.0791	-1.2374	0.014756
5.0791	-1.1652	0.10056
5.0791	-1.0929	0.067204
5.0791	-1.0206	0.252
5.0791	-0.94839	1.2593
5.0791	-0.87613	1.3151
5.0791	-0.80387	0.37198
5.0791	-0.73162	0.012195
5.0791	-0.65936	0.021027
5.0791	-0.5871	0.0029521
5.0791	-0.51484	0.0018649
5.0791	-0.44258	0.00078784
5.0791	-0.37032	0.00013494
5.0791	-0.29807	0.00039577
5.0791	-0.2258	0.00011334
5.0791	-0.15355	0.00085267
5.0791	-0.081291	0.00025037
5.0791	-0.0090323	0.0015033
5.0791	0.063226	0.00095138
5.0791	0.13549	0.0017311
5.0791	0.20774	0.0030324
5.0791	0.28	0.0022105
5.0791	0.35226	0.020084
5.0791	0.42451	0.02595
5.0791	0.49677	0.0090767
5.0791	0.56903	0.00050328
5.0791	0.64129	0.00013409
5.0791	0.71355	4.2082e-05
5.0791	1.5084	1.6896e-05
5.0791	1.6529	0.00010435
5.0791	1.7252	0.00023624
5.0791	1.7974	0.00012777
5.0791	1.8697	1.3254e-05
5.1267	-2.4658	7.8954e-05
5.1267	-2.3935	9.8314e-05
5.1267	-2.3213	0.0063883
5.1267	-2.249	0.039552
5.1267	-2.1768	0.06277
5.1267	-2.1045	0.020838
5.1267	-2.0323	0.0066195
5.1267	-1.96	0.016321
5.1267	-1.8877	0.0029759
5.1267	-1.8155	0.018961
5.1267	-1.7432	0.0048507
5.1267	-1.671	0.018975
5.1267	-1.5987	0.013349
5.1267	-1.5265	0.016704
5.1267	-1.4542	0.029785
5.1267	-1.3819	0.014873
5.1267	-1.3097	0.070525
5.1267	-1.2374	0.016242
5.1267	-1.1652	0.15448
5.1267	-1.0929	0.075531
5.1267	-1.0206	0.58823
5.1267	-0.94839	2.5865
5.1267	-0.87613	2.6597
5.1267	-0.80387	0.72781
5.1267	-0.73162	0.028956
5.1267	-0.65936	0.076126
5.1267	-0.5871	0.0093344
5.1267	-0.51484	0.014524
5.1267	-0.44258	0.0057565
5.1267	-0.37032	0.001406
5.1267	-0.29807	0.0012663
5.1267	-0.2258	0.00029376
5.1267	-0.15355	0.0003355
5.1267	-0.081291	2.7885e-05
5.1267	-0.0090323	0.00027431
5.1267	0.063226	0.00019844
5.1267	0.13549	0.0010011
5.1267	0.20774	0.0016107
5.1267	0.28	0.0030016
5.1267	0.35226	0.025345
5.1267	0.42451	0.035437
5.1267	0.49677	0.013489
5.1267	0.56903	0.00070397
5.1267	0.64129	0.00049142
5.1267	0.71355	0.00014093
5.1267	0.7858	2.385e-05
5.1267	0.85806	1.7547e-05
5.1267	1.5084	1.287e-05
5.1267	1.6529	0.00017781
5.1267	1.7252	0.00044268
5.1267	1.7974	0.00028307
5.1267	1.8697	3.361e-05
5.1744	-2.4658	0.00012836
5.1744	-2.3935	4.217e-05
5.1744	-2.3213	0.00056586
5.1744	-2.249	0.0022938
5.1744	-2.1768	0.0051076
5.1744	-2.1045	0.0020359
5.1744	-2.0323	0.0017879
5.1744	-1.96	0.0036756
5.1744	-1.8877	0.0012656
5.1744	-1.8155	0.0072458
5.1744	-1.7432	0.0015951
5.1744	-1.671	0.0111
5.1744	-1.5987	0.0058587
5.1744	-1.5265	0.012873
5.1744	-1.4542	0.017122
5.1744	-1.3819	0.015718
5.1744	-1.3097	0.054735
5.1744	-1.2374	0.017023
5.1744	-1.1652	0.16335
5.1744	-1.0929	0.061333
5.1744	-1.0206	0.91465
5.1744	-0.94839	3.5362
5.1744	-0.87613	3.4622
5.1744	-0.80387	0.86088
5.1744	-0.73162	0.053541
5.1744	-0.65936	0.13891
5.1744	-0.5871	0.013993
5.1744	-0.51484	0.040243
5.1744	-0.44258	0.012149
5.1744	-0.37032	0.0085943
5.1744	-0.29807	0.0066609
5.1744	-0.2258	0.0025095
5.1744	-0.15355	0.0040693
5.1744	-0.081291	0.0004852
5.1744	-0.0090323	0.001673
5.1744	0.063226	0.00019872
5.1744	0.13549	0.00032834
5.1744	0.20774	0.00016478
5.1744	0.28	0.00092724
5.1744	0.35226	0.0096613
5.1744	0.42451	0.017203
5.1744	0.49677	0.0075993
5.1744	0.56903	0.00038476
5.1744	0.64129	0.00060289
5.1744	0.71355	0.00014233
5.1744	0.7858	6.2392e-05
5.1744	0.85806	3.7094e-05
5.1744	1.6529	9.6454e-05
5.1744	1.7252	0.00028376
5.1744	1.7974	0.00020795
5.1744	1.8697	2.424e-05
5.1744	1.9419	1.1912e-05
5.222	-2.4658	0.00029919
5.222	-2.3935	0.00031659
5.222	-2.3213	0.0049706
5.222	-2.249	0.010037
5.222	-2.1768	0.0050989
5.222	-2.1045	0.00039506
5.222	-2.0323	0.00013019
5.222	-1.96	0.00016509
5.222	-1.8877	0.00019997
5.222	-1.8155	0.0010829
5.222	-1.7432	0.00033969
5.222	-1.671	0.0035623
5.222	-1.5987	0.001518
5.222	-1.5265	0.0060636
5.222	-1.4542	0.0062345
5.222	-1.3819	0.01098
5.222	-1.3097	0.0284
5.222	-1.2374	0.015493
5.222	-1.1652	0.11949
5.222	-1.0929	0.042742
5.222	-1.0206	0.99632
5.222	-0.94839	3.4387
5.222	-0.87613	3.1784
5.222	-0.80387	0.69543
5.222	-0.73162	0.080721
5.222	-0.65936	0.16368
5.222	-0.5871	0.016048
5.222	-0.51484	0.065776
5.222	-0.44258	0.014428
5.222	-0.37032	0.022031
5.222	-0.29807	0.012946
5.222	-0.2258	0.0084561
5.222	-0.15355	0.011795
5.222	-0.081291	0.0026136
5.222	-0.0090323	0.0095167
5.222	0.063226	0.001327
5.222	0.13549	0.0058436
5.222	0.20774	0.0020489
5.222	0.28	0.0038171
5.222	0.35226	0.0076288
5.222	0.42451	0.0030558
5.222	0.49677	0.00078616
5.222	0.56903	6.006e-05
5.222	0.64129	0.00022444
5.222	0.71355	5.064e-05
5.222	0.7858	5.4528e-05
5.222	0.85806	2.6122e-05
5.222	0.93032	9.7523e-06
5.222	1.0026	8.7541e-06
5.222	1.6529	2.0232e-05
5.222	1.7252	3.2181e-05
5.222	1.7974	3.3088e-05
5.2697	-2.4658	0.00021296
5.2697	-2.3935	0.00057337
5.2697	-2.3213	0.008335
5.2697	-2.249	0.01952
5.2697	-2.1768	0.01257
5.2697	-2.1045	0.0011893
5.2697	-2.0323	0.0010972
5.2697	-1.96	0.00054474
5.2697	-1.8877	0.0001333
5.2697	-1.8155	0.00016786
5.2697	-1.7432	2.6902e-05
5.2697	-1.671	0.00029566
5.2697	-1.5987	0.00014496
5.2697	-1.5265	0.001198
5.2697	-1.4542	0.0010981
5.2697	-1.3819	0.0041301
5.2697	-1.3097	0.0084588
5.2697	-1.2374	0.009676
5.2697	-1.1652	0.056339
5.2697	-1.0929	0.028393
5.2697	-1.0206	0.74655
5.2697	-0.94839	2.364
5.2697	-0.87613	2.0758
5.2697	-0.80387	0.39186
5.2697	-0.73162	0.090213
5.2697	-0.65936	0.13342
5.2697	-0.5871	0.017284
5.2697	-0.51484	0.072619
5.2697	-0.44258	0.011809
5.2697	-0.37032	0.03448
5.2697	-0.29807	0.014922
5.2697	-0.2258	0.016912
5.2697	-0.15355	0.018136
5.2697	-0.081291	0.0074066
5.2697	-0.0090323	0.021516
5.2697	0.063226	0.0034673
5.2697	0.13549	0.022022
5.2697	0.20774	0.0065667
5.2697	0.28	0.034967
5.2697	0.35226	0.087696
5.2697	0.42451	0.049178
5.2697	0.49677	0.0066119
5.2697	0.56903	0.00010764
5.2697	0.64129	0.00012076
5.2697	0.7858	8.3146e-06
5.2697	1.4361	2.2608e-05
5.2697	1.5084	2.4611e-05
5.2697	1.5806	5.2295e-05
5.2697	1.6529	0.00030532
5.2697	1.7252	0.00029835
5.2697	1.7974	7.1632e-05
5.3172	-2.4658	5.1599e-05
5.3172	-2.3935	0.00040145
5.3172	-2.3213	0.0054105
5.3172	-2.249	0.013636
5.3172	-2.1768	0.0093639
5.3172	-2.1045	0.00082738
5.3172	-2.0323	0.0018054
5.3172	-1.96	0.00080528
5.3172	-1.8877	0.00061909
5.3172	-1.8155	0.00081613
5.3172	-1.7432	0.00013677
5.3172	-1.671	0.00040337
5.3172	-1.5987	6.8892e-05
5.3172	-1.5265	0.00017668
5.3172	-1.4542	4.4972e-05
5.3172	-1.3819	0.00038085
5.3172	-1.3097	0.00079744
5.3172	-1.2374	0.0027703
5.3172	-1.1652	0.013289
5.3172	-1.0929	0.014218
5.3172	-1.0206	0.34282
5.3172	-0.94839	1.053
5.3172	-0.87613	0.90519
5.3172	-0.80387	0.14688
5.3172	-0.73162	0.068942
5.3172	-0.65936	0.074681
5.3172	-0.5871	0.016454
5.3172	-0.51484	0.055859
5.3172	-0.44258	0.0077409
5.3172	-0.37032	0.036617
5.3172	-0.29807	0.011627
5.3172	-0.2258	0.022745
5.3172	-0.15355	0.018127
5.3172	-0.081291	0.013673
5.3172	-0.0090323	0.029441
5.3172	0.063226	0.0070009
5.3172	0.13549	0.042984
5.3172	0.20774	0.010641
5.3172	0.28	0.11307
5.3172	0.35226	0.27251
5.3172	0.42451	0.1643
5.3172	0.49677	0.023835
5.3172	0.56903	0.00091613
5.3172	0.64129	0.0013036
5.3172	0.71355	6.0098e-05
5.3172	0.7858	8.5612e-05
5.3172	0.85806	1.088e-05
5.3172	1.4361	3.0422e-05
5.3172	1.5084	2.7491e-05
5.3172	1.5806	0.00014343
5.3172	1.6529	0.00083294
5.3172	1.7252	0.000961
5.3172	1.7974	0.0002878
5.3172	1.8697	9.5198e-06
5.3172	1.9419	1.415e-05
5.365	-2.3935	5.9192e-05
5.365	-2.3213	0.00099852
5.365	-2.249	0.0033019
5.365	-2.1768	0.0026668
5.365	-2.1045	0.00025275
5.365	-2.0323	0.0011075
5.365	-1.96	0.00041104
5.365	-1.8877	0.00072777
5.365	-1.8155	0.00080093
5.365	-1.7432	0.00033753
5.365	-1.671	0.00098939
5.365	-1.5987	0.00021089
5.365	-1.5265	0.0009694
5.365	-1.4542	0.00019122
5.365	-1.3819	0.00075411
5.365	-1.3097	0.00032148
5.365	-1.2374	0.00024424
5.365	-1.1652	0.00062531
5.365	-1.0929	0.0024113
5.365	-1.0206	0.06213
5.365	-0.94839	0.2226
5.365	-0.87613	0.2103
5.365	-0.80387	0.030915
5.365	-0.73162	0.031723
5.365	-0.65936	0.026236
5.365	-0.5871	0.011374
5.365	-0.51484	0.028854
5.365	-0.44258	0.0046656
5.365	-0.37032	0.026776
5.365	-0.29807	0.0064193
5.365	-0.2258	0.021241
5.365	-0.15355	0.012448
5.365	-0.081291	0.017332
5.365	-0.0090323	0.027262
5.365	0.063226	0.011389
5.365	0.13549	0.054538
5.365	0.20774	0.013934
5.365	0.28	0.21754
5.365	0.35226	0.48006
5.365	0.42451	0.28207
5.365	0.49677	0.037457
5.365	0.56903	0.0030303
5.365	0.64129	0.0035
5.365	0.71355	0.00018554
5.365	0.7858	0.00042824
5.365	0.85806	4.5009e-05
5.365	0.93032	2.0711e-05
5.365	1.4361	1.2007e-05
5.365	1.5084	1.0276e-05
5.365	1.5806	0.00014656
5.365	1.6529	0.00086181
5.365	1.7252	0.0010904
5.365	1.7974	0.00034358
5.365	1.8697	1.4127e-05
5.365	1.9419	3.6224e-05
5.4125	-2.4658	2.8066e-05
5.4125	-2.3935	0.00019009
5.4125	-2.3213	0.00069962
5.4125	-2.249	0.00051731
5.4125	-2.1768	0.00015975
5.4125	-2.1045	2.2232e-05
5.4125	-2.0323	0.00019847
5.4125	-1.96	7.4163e-05
5.4125	-1.8877	0.00032071
5.4125	-1.8155	0.00030462
5.4125	-1.7432	0.00030319
5.4125	-1.671	0.00074986
5.4125	-1.5987	0.00022718
5.4125	-1.5265	0.0011649
5.4125	-1.4542	0.00027141
5.4125	-1.3819	0.0020089
5.4125	-1.3097	0.00085257
5.4125	-1.2374	0.0022729
5.4125	-1.1652	0.0026256
5.4125	-1.0929	0.0025212
5.4125	-1.0206	0.013117
5.4125	-0.94839	0.01312
5.4125	-0.87613	0.010529
5.4125	-0.80387	0.0018652
5.4125	-0.73162	0.0057998
5.4125	-0.65936	0.0042102
5.4125	-0.5871	0.0043601
5.4125	-0.51484	0.0085891
5.4125	-0.44258	0.002411
5.4125	-0.37032	0.012675
5.4125	-0.29807	0.0025403
5.4125	-0.2258	0.013376
5.4125	-0.15355	0.0058275
5.4125	-0.081291	0.015054
5.4125	-0.0090323	0.017364
5.4125	0.063226	0.01373
5.4125	0.13549	0.047883
5.4125	0.20774	0.017719
5.4125	0.28	0.28628
5.4125	0.35226	0.57535
5.4125	0.42451	0.31985
5.4125	0.49677	0.03652
5.4125	0.56903	0.0060348
5.4125	0.64129	0.005113
5.4125	0.71355	0.00038913
5.4125	0.7858	0.00090876
5.4125	0.85806	7.1488e-05
5.4125	0.93032	8.0728e-05
5.4125	1.0026	1.2118e-05
5.4125	1.2916	8.9724e-06
5.4125	1.4361	1.0437e-05
5.4125	1.5806	2.7306e-05
5.4125	1.6529	0.00022416
5.4125	1.7252	0.00039554
5.4125	1.7974	0.00014752
5.4125	1.8697	1.1377e-05
5.4125	1.9419	3.3699e-05
5.4602	-2.4658	3.8168e-05
5.4602	-2.3935	0.00075205
5.4602	-2.3213	0.003376
5.4602	-2.249	0.0036058
5.4602	-2.1768	0.00090832
5.4602	-2.1045	4.5987e-05
5.4602	-2.0323	9.5844e-05
5.4602	-1.8877	2.6679e-05
5.4602	-1.8155	2.8438e-05
5.4602	-1.7432	8.8349e-05
5.4602	-1.671	0.00021668
5.4602	-1.5987	0.00010282
5.4602	-1.5265	0.00053908
5.4602	-1.4542	0.00018684
5.4602	-1.3819	0.0016654
5.4602	-1.3097	0.00059096
5.4602	-1.2374	0.0039202
5.4602	-1.1652	0.0038567
5.4602	-1.0929	0.012265
5.4602	-1.0206	0.077763
5.4602	-0.94839	0.092662
5.4602	-0.87613	0.02871
5.4602	-0.80387	0.00097605
5.4602	-0.73162	0.00089449
5.4602	-0.65936	0.00017027
5.4602	-0.5871	0.00041168
5.4602	-0.51484	0.00080048
5.4602	-0.44258	0.00067811
5.4602	-0.37032	0.0030704
5.4602	-0.29807	0.00066069
5.4602	-0.2258	0.0049769
5.4602	-0.15355	0.0017306
5.4602	-0.081291	0.0083692
5.4602	-0.0090323	0.0072022
5.4602	0.063226	0.011331
5.4602	0.13549	0.028763
5.4602	0.20774	0.01966
5.4602	0.28	0.26654
5.4602	0.35226	0.49275
5.4602	0.42451	0.25699
5.4602	0.49677	0.024276
5.4602	0.56903	0.0080211
5.4602	0.64129	0.0049126
5.4602	0.71355	0.00064965
5.4602	0.7858	0.0011886
5.4602	0.85806	7.7342e-05
5.4602	0.93032	0.00015255
5.4602	1.0026	1.6563e-05
5.4602	1.2194	1.4499e-05
5.4602	1.2916	3.8928e-05
5.4602	1.3639	2.0422e-05
5.4602	1.4361	0.00011724
5.4602	1.5084	2.7661e-05
5.4602	1.5806	0.00030972
5.4602	1.6529	0.00051177
5.4602	1.7252	0.0001812
5.4602	1.7974	1.6212e-05
5.4602	1.9419	8.0673e-06
5.5078	-2.4658	2.8391e-05
5.5078	-2.3935	0.00099485
5.5078	-2.3213	0.004466
5.5078	-2.249	0.0052261
5.5078	-2.1768	0.0014114
5.5078	-2.1045	0.00017908
5.5078	-2.0323	0.00041561
5.5078	-1.96	4.1386e-05
5.5078	-1.8877	0.00014782
5.5078	-1.8155	3.1711e-05
5.5078	-1.7432	2.0374e-05
5.5078	-1.671	1.3534e-05
5.5078	-1.5987	1.1657e-05
5.5078	-1.5265	6.2043e-05
5.5078	-1.4542	5.1419e-05
5.5078	-1.3819	0.00047893
5.5078	-1.3097	0.00018267
5.5078	-1.2374	0.002511
5.5078	-1.1652	0.0019451
5.5078	-1.0929	0.016058
5.5078	-1.0206	0.09866
5.5078	-0.94839	0.13309
5.5078	-0.87613	0.048111
5.5078	-0.80387	0.0021164
5.5078	-0.73162	0.0052825
5.5078	-0.65936	0.00092498
5.5078	-0.5871	0.00077967
5.5078	-0.51484	0.00036645
5.5078	-0.44258	5.4518e-05
5.5078	-0.37032	0.00015402
5.5078	-0.29807	6.7676e-05
5.5078	-0.2258	0.00066681
5.5078	-0.15355	0.0002476
5.5078	-0.081291	0.0023306
5.5078	-0.0090323	0.0016025
5.5078	0.063226	0.0056032
5.5078	0.13549	0.01073
5.5078	0.20774	0.015473
5.5078	0.28	0.16971
5.5078	0.35226	0.29579
5.5078	0.42451	0.14564
5.5078	0.49677	0.011133
5.5078	0.56903	0.0073115
5.5078	0.64129	0.0032571
5.5078	0.71355	0.00080657
5.5078	0.7858	0.0010625
5.5078	0.85806	7.6114e-05
5.5078	0.93032	0.00018344
5.5078	1.0026	1.3933e-05
5.5078	1.2194	3.7232e-05
5.5078	1.2916	7.5497e-05
5.5078	1.3639	7.6949e-05
5.5078	1.4361	0.00035368
5.5078	1.5084	0.00011871
5.5078	1.5806	0.002002
5.5078	1.6529	0.0040083
5.5078	1.7252	0.0020487
5.5078	1.7974	0.00020853
5.5078	1.8697	1.7924e-05
5.5078	1.9419	1.1782e-05
5.5555	-2.4658	1.454e-05
5.5555	-2.3935	0.00059798
5.5555	-2.3213	0.002711
5.5555	-2.249	0.0033233
5.5555	-2.1768	0.00086021
5.5555	-2.1045	0.00024129
5.5555	-2.0323	0.00046516
5.5555	-1.96	6.8463e-05
5.5555	-1.8877	0.00034287
5.5555	-1.8155	6.8314e-05
5.5555	-1.7432	0.00016325
5.5555	-1.671	7.1434e-05
5.5555	-1.5987	9.0191e-05
5.5555	-1.5265	7.5989e-05
5.5555	-1.4542	2.2825e-05
5.5555	-1.3819	4.5744e-05
5.5555	-1.3097	1.8937e-05
5.5555	-1.2374	0.00042904
5.5555	-1.1652	0.00031312
5.5555	-1.0929	0.0079467
5.5555	-1.0206	0.049817
5.5555	-0.94839	0.073805
5.5555	-0.87613	0.027815
5.5555	-0.80387	0.0017508
5.5555	-0.73162	0.0061854
5.5555	-0.65936	0.00094964
5.5555	-0.5871	0.0021577
5.5555	-0.51484	0.00099286
5.5555	-0.44258	0.00048859
5.5555	-0.37032	0.00054441
5.5555	-0.29807	0.00013107
5.5555	-0.2258	0.0002169
5.5555	-0.15355	1.7627e-05
5.5555	-0.081291	0.00013366
5.5555	-0.0090323	8.742e-05
5.5555	0.063226	0.001072
5.5555	0.13549	0.0017691
5.5555	0.20774	0.0066083
5.5555	0.28	0.063685
5.5555	0.35226	0.11135
5.5555	0.42451	0.053582
5.5555	0.49677	0.0033796
5.5555	0.56903	0.0044331
5.5555	0.64129	0.0014575
5.5555	0.71355	0.00069771
5.5555	0.7858	0.00065862
5.5555	0.85806	7.1973e-05
5.5555	0.93032	0.00015143
5.5555	1.0026	8.128e-06
5.5555	1.2194	6.1624e-05
5.5555	1.2916	9.0343e-05
5.5555	1.3639	0.00017397
5.5555	1.4361	0.00058971
5.5555	1.5084	0.00034697
5.5555	1.5806	0.0054885
5.5555	1.6529	0.010758
5.5555	1.7252	0.0057025
5.5555	1.7974	0.00056108
5.5555	1.8697	0.00012512
5.5555	1.9419	7.8989e-05
5.5555	2.0865	1.168e-05
5.6031	-2.3935	0.0001151
5.6031	-2.3213	0.0006221
5.6031	-2.249	0.00088435
5.6031	-2.1768	0.00022632
5.6031	-2.1045	0.00014604
5.6031	-2.0323	0.00022674
5.6031	-1.96	6.4462e-05
5.6031	-1.8877	0.0002956
5.6031	-1.8155	5.2489e-05
5.6031	-1.7432	0.00026822
5.6031	-1.671	0.00010988
5.6031	-1.5987	0.0002216
5.6031	-1.5265	0.00019851
5.6031	-1.4542	0.000169
5.6031	-1.3819	0.00037653
5.6031	-1.3097	6.3837e-05
5.6031	-1.2374	0.00031549
5.6031	-1.1652	6.1496e-05
5.6031	-1.0929	0.00072943
5.6031	-1.0206	0.0058568
5.6031	-0.94839	0.012471
5.6031	-0.87613	0.0057147
5.6031	-0.80387	0.00076457
5.6031	-0.73162	0.0028155
5.6031	-0.65936	0.00041187
5.6031	-0.5871	0.0018479
5.6031	-0.51484	0.00069983
5.6031	-0.44258	0.00087519
5.6031	-0.37032	0.00088039
5.6031	-0.29807	0.00036351
5.6031	-0.2258	0.00077819
5.6031	-0.15355	0.00014211
5.6031	-0.081291	0.00062887
5.6031	-0.0090323	0.0001015
5.6031	0.063226	0.00021567
5.6031	0.13549	9.1401e-05
5.6031	0.20774	0.00065976
5.6031	0.28	0.0078129
5.6031	0.35226	0.017475
5.6031	0.42451	0.0095589
5.6031	0.49677	0.00059334
5.6031	0.56903	0.0015545
5.6031	0.64129	0.00039328
5.6031	0.71355	0.000385
5.6031	0.7858	0.0002678
5.6031	0.85806	5.469e-05
5.6031	0.93032	8.5555e-05
5.6031	1.2194	7.0208e-05
5.6031	1.2916	7.294e-05
5.6031	1.3639	0.00026387
5.6031	1.4361	0.00064736
5.6031	1.5084	0.00073885
5.6031	1.5806	0.0094108
5.6031	1.6529	0.017283
5.6031	1.7252	0.0087723
5.6031	1.7974	0.000727
5.6031	1.8697	0.0003427
5.6031	1.9419	0.00016799
5.6031	2.0142	2.9215e-05
5.6031	2.0865	4.2584e-05
5.6508	-2.3935	8.6259e-05
5.6508	-2.3213	0.00014289
5.6508	-2.249	8.7769e-05
5.6508	-2.1768	1.6218e-05
5.6508	-2.1045	2.7724e-05
5.6508	-2.0323	3.7946e-05
5.6508	-1.96	3.0472e-05
5.6508	-1.8877	0.00011106
5.6508	-1.8155	2.4847e-05
5.6508	-1.7432	0.00019554
5.6508	-1.671	6.819e-05
5.6508	-1.5987	0.00021687
5.6508	-1.5265	0.00016561
5.6508	-1.4542	0.00030153
5.6508	-1.3819	0.0005658
5.6508	-1.3097	0.00025458
5.6508	-1.2374	0.0013817
5.6508	-1.1652	0.00036697
5.6508	-1.0929	0.0054017
5.6508	-1.0206	0.010658
5.6508	-0.94839	0.0048323
5.6508	-0.87613	0.00047748
5.6508	-0.80387	7.3923e-05
5.6508	-0.73162	0.00031359
5.6508	-0.65936	7.4905e-05
5.6508	-0.5871	0.00057257
5.6508	-0.51484	0.00019442
5.6508	-0.44258	0.00057675
5.6508	-0.37032	0.00050389
5.6508	-0.29807	0.00035467
5.6508	-0.2258	0.00069421
5.6508	-0.15355	0.00025546
5.6508	-0.081291	0.0011164
5.6508	-0.0090323	0.00020465
5.6508	0.063226	0.0012889
5.6508	0.13549	0.0005167
5.6508	0.20774	0.0018086
5.6508	0.28	0.0045388
5.6508	0.35226	0.0021819
5.6508	0.42451	0.0003837
5.6508	0.49677	3.1569e-05
5.6508	0.56903	0.00017969
5.6508	0.64129	4.283e-05
5.6508	0.71355	0.00010546
5.6508	0.7858	5.8377e-05
5.6508	0.85806	2.6282e-05
5.6508	0.93032	3.0313e-05
5.6508	1.2194	5.4728e-05
5.6508	1.2916	4.0433e-05
5.6508	1.3639	0.000276
5.6508	1.4361	0.00048803
5.6508	1.5084	0.0011153
5.6508	1.5806	0.011249
5.6508	1.6529	0.019197
5.6508	1.7252	0.0090745
5.6508	1.7974	0.00060106
5.6508	1.8697	0.00056284
5.6508	1.9419	0.00020429
5.6508	2.0142	6.9359e-05
5.6508	2.0865	7.4412e-05
5.6508	2.231	1.4204e-05
5.6983	-2.4658	2.733e-05
5.6983	-2.3935	0.00031459
5.6983	-2.3213	0.00062106
5.6983	-2.249	0.00033724
5.6983	-2.1768	2.6373e-05
5.6983	-2.1045	2.0571e-05
5.6983	-2.0323	9.6711e-06
5.6983	-1.8877	1.1268e-05
5.6983	-1.8155	8.4674e-06
5.6983	-1.7432	6.4623e-05
5.6983	-1.671	2.0396e-05
5.6983	-1.5987	9.5897e-05
5.6983	-1.5265	6.3133e-05
5.6983	-1.4542	0.00023421
5.6983	-1.3819	0.00034408
5.6983	-1.3097	0.00038237
5.6983	-1.2374	0.0016157
5.6983	-1.1652	0.00074848
5.6983	-1.0929	0.014599
5.6983	-1.0206	0.034306
5.6983	-0.94839	0.021742
5.6983	-0.87613	0.0027467
5.6983	-0.80387	0.0004451
5.6983	-0.73162	0.00036999
5.6983	-0.65936	2.0479e-05
5.6983	-0.5871	4.8215e-05
5.6983	-0.51484	1.3707e-05
5.6983	-0.44258	0.00010666
5.6983	-0.37032	0.00010523
5.6983	-0.29807	0.00012369
5.6983	-0.2258	0.00023824
5.6983	-0.15355	0.0001859
5.6983	-0.081291	0.00068687
5.6983	-0.0090323	0.00018376
5.6983	0.063226	0.001575
5.6983	0.13549	0.00054004
5.6983	0.20774	0.0054641
5.6983	0.28	0.016654
5.6983	0.35226	0.011888
5.6983	0.42451	0.0020442
5.6983	0.49677	5.1845e-05
5.6983	0.56903	7.5862e-05
5.6983	1.2194	2.6703e-05
5.6983	1.2916	1.5145e-05
5.6983	1.3639	0.00019235
5.6983	1.4361	0.00024591
5.6983	1.5084	0.0011595
5.6983	1.5806	0.0095536
5.6983	1.6529	0.015255
5.6983	1.7252	0.0066495
5.6983	1.7974	0.00035579
5.6983	1.8697	0.00062407
5.6983	1.9419	0.00016476
5.6983	2.0142	0.00010672
5.6983	2.0865	8.2479e-05
5.6983	2.1587	1.1851e-05
5.6983	2.231	2.2361e-05
5.746	-2.4658	3.1644e-05
5.746	-2.3935	0.00033081
5.746	-2.3213	0.00071307
5.746	-2.249	0.00043113
5.746	-2.1768	3.3752e-05
5.746	-2.1045	6.8634e-05
5.746	-2.0323	3.0312e-05
5.746	-1.96	1.3001e-05
5.746	-1.8877	1.8952e-05
5.746	-1.7432	1.0822e-05
5.746	-1.5987	1.1746e-05
5.746	-1.5265	8.832e-06
5.746	-1.4542	7.1351e-05
5.746	-1.3819	8.4318e-05
5.746	-1.3097	0.00026153
5.746	-1.2374	0.00083837
5.746	-1.1652	0.00085876
5.746	-1.0929	0.015107
5.746	-1.0206	0.036371
5.746	-0.94839	0.024709
5.746	-0.87613	0.003067
5.746	-0.80387	0.0012564
5.746	-0.73162	0.0010018
5.746	-0.65936	0.00015892
5.746	-0.5871	0.00037237
5.746	-0.51484	3.1829e-05
5.746	-0.44258	6.0773e-05
5.746	-0.37032	9.4827e-06
5.746	-0.29807	1.6591e-05
5.746	-0.2258	1.8541e-05
5.746	-0.15355	3.5298e-05
5.746	-0.081291	0.00012957
5.746	-0.0090323	8.9146e-05
5.746	0.063226	0.0007326
5.746	0.13549	0.00025836
5.746	0.20774	0.0053179
5.746	0.28	0.016445
5.746	0.35226	0.012998
5.746	0.42451	0.0024086
5.746	0.49677	0.00015098
5.746	0.56903	0.0002549
5.746	0.64129	1.5207e-05
5.746	0.71355	2.8106e-05
5.746	1.3639	7.706e-05
5.746	1.4361	7.3599e-05
5.746	1.5084	0.00076965
5.746	1.5806	0.0054829
5.746	1.6529	0.0083951
5.746	1.7252	0.0033905
5.746	1.7974	0.00016867
5.746	1.8697	0.0004787
5.746	1.9419	9.1704e-05
5.746	2.0142	0.00011246
5.746	2.0865	6.2631e-05
5.746	2.1587	1.7051e-05
5.746	2.231	2.3089e-05
5.7936	-2.4658	2.0173e-05
5.7936	-2.3935	0.00015788
5.7936	-2.3213	0.00032999
5.7936	-2.249	0.00020303
5.7936	-2.1768	1.6088e-05
5.7936	-2.1045	6.5478e-05
5.7936	-2.0323	2.3826e-05
5.7936	-1.96	2.8845e-05
5.7936	-1.8877	3.509e-05
5.7936	-1.7432	2.2368e-05
5.7936	-1.5987	1.3054e-05
5.7936	-1.4542	1.3392e-05
5.7936	-1.3097	5.7629e-05
5.7936	-1.2374	0.00015743
5.7936	-1.1652	0.00044976
5.7936	-1.0929	0.0070515
5.7936	-1.0206	0.017846
5.7936	-0.94839	0.012708
5.7936	-0.87613	0.0014255
5.7936	-0.80387	0.0012851
5.7936	-0.73162	0.00083713
5.7936	-0.65936	0.00030107
5.7936	-0.5871	0.00060686
5.7936	-0.51484	7.0606e-05
5.7936	-0.44258	0.0002857
5.7936	-0.37032	4.7644e-05
5.7936	-0.29807	0.00013984
5.7936	-0.2258	4.3854e-05
5.7936	-0.15355	4.1793e-05
5.7936	-0.081291	2.9996e-05
5.7936	-0.0090323	9.0168e-06
5.7936	0.063226	7.1089e-05
5.7936	0.13549	5.7737e-05
5.7936	0.20774	0.0018701
5.7936	0.28	0.0063977
5.7936	0.35226	0.0056601
5.7936	0.42451	0.0010564
5.7936	0.49677	0.00015282
5.7936	0.56903	0.00021636
5.7936	0.64129	1.655e-05
5.7936	0.71355	4.9325e-05
5.7936	1.3639	9.8438e-06
5.7936	1.4361	8.6577e-06
5.7936	1.5084	0.00025289
5.7936	1.5806	0.0017604
5.7936	1.6529	0.002781
5.7936	1.7252	0.0010813
5.7936	1.7974	6.9964e-05
5.7936	1.8697	0.00024269
5.7936	1.9419	3.5073e-05
5.7936	2.0142	8.062e-05
5.7936	2.0865	3.2569e-05
5.7936	2.1587	1.7142e-05
5.7936	2.231	1.6477e-05
5.8413	-2.4658	6.2993e-05
5.8413	-2.3935	0.00025858
5.8413	-2.3213	0.000262
5.8413	-2.249	7.8012e-05
5.8413	-2.1045	2.7075e-05
5.8413	-1.96	2.2171e-05
5.8413	-1.8877	2.0769e-05
5.8413	-1.8155	1.1305e-05
5.8413	-1.7432	2.979e-05
5.8413	-1.671	8.7921e-06
5.8413	-1.5987	3.1359e-05
5.8413	-1.5265	8.3017e-06
5.8413	-1.4542	5.6076e-05
5.8413	-1.3819	2.0207e-05
5.8413	-1.3097	3.4524e-05
5.8413	-1.2374	3.4891e-05
5.8413	-1.1652	6.5566e-05
5.8413	-1.0929	0.00096757
5.8413	-1.0206	0.0029958
5.8413	-0.94839	0.0025319
5.8413	-0.87613	0.0002767
5.8413	-0.80387	0.00057014
5.8413	-0.73162	0.00030191
5.8413	-0.65936	0.00025314
5.8413	-0.5871	0.00039881
5.8413	-0.51484	8.2529e-05
5.8413	-0.44258	0.00035073
5.8413	-0.37032	5.9294e-05
5.8413	-0.29807	0.00025351
5.8413	-0.2258	7.7105e-05
5.8413	-0.15355	0.00019035
5.8413	-0.081291	0.00015051
5.8413	-0.0090323	7.0108e-05
5.8413	0.063226	0.00014869
5.8413	0.13549	2.4738e-05
5.8413	0.20774	0.00019396
5.8413	0.28	0.00048256
5.8413	0.35226	0.00061946
5.8413	0.42451	0.00014549
5.8413	0.49677	5.7128e-05
5.8413	0.56903	7.1164e-05
5.8413	0.64129	9.8144e-06
5.8413	0.71355	3.0558e-05
5.8413	1.5084	1.6979e-05
5.8413	1.5806	0.0001452
5.8413	1.6529	0.00032263
5.8413	1.7252	0.00014699
5.8413	1.7974	2.0151e-05
5.8413	1.8697	6.7718e-05
5.8413	1.9419	8.8305e-06
5.8413	2.0142	3.6016e-05
5.8413	2.0865	1.0785e-05
5.8413	2.1587	1.1406e-05
5.8889	-2.4658	0.00022275
5.8889	-2.3935	0.00086297
5.8889	-2.3213	0.00084527
5.8889	-2.249	0.00020175
5.8889	-2.1768	1.5334e-05
5.8889	-2.1045	3.5379e-05
5.8889	-1.96	1.3294e-05
5.8889	-1.8155	8.5798e-06
5.8889	-1.7432	1.5602e-05
5.8889	-1.5987	2.3532e-05
5.8889	-1.5265	1.0009e-05
5.8889	-1.4542	6.9948e-05
5.8889	-1.3819	2.1351e-05
5.8889	-1.3097	0.000137
5.8889	-1.2374	0.00010477
5.8889	-1.1652	0.00033331
5.8889	-1.0929	0.0016361
5.8889	-1.0206	0.0015522
5.8889	-0.94839	0.00042343
5.8889	-0.87613	1.975e-05
5.8889	-0.80387	7.2363e-05
5.8889	-0.73162	3.2302e-05
5.8889	-0.65936	8.6679e-05
5.8889	-0.5871	0.00010722
5.8889	-0.51484	5.7437e-05
5.8889	-0.44258	0.00019928
5.8889	-0.37032	3.5242e-05
5.8889	-0.29807	0.00019396
5.8889	-0.2258	5.2146e-05
5.8889	-0.15355	0.00024884
5.8889	-0.081291	0.00015922
5.8889	-0.0090323	0.00021495
5.8889	0.063226	0.00039414
5.8889	0.13549	0.00021749
5.8889	0.20774	0.0019302
5.8889	0.28	0.0022227
5.8889	0.35226	0.00063613
5.8889	0.42451	2.6561e-05
5.8889	1.3639	2.0838e-05
5.8889	1.5084	0.00011535
5.8889	1.5806	0.00024199
5.8889	1.6529	0.00011334
5.8889	1.7252	1.0616e-05
5.9366	-2.4658	0.00043385
5.9366	-2.3935	0.0015851
5.9366	-2.3213	0.0015565
5.9366	-2.249	0.00035492
5.9366	-2.1768	5.215e-05
5.9366	-2.1045	0.00010094
5.9366	-2.0323	1.2179e-05
5.9366	-1.96	3.8347e-05
5.9366	-1.8877	1.2022e-05
5.9366	-1.5987	1.2221e-05
5.9366	-1.4542	3.1647e-05
5.9366	-1.3819	1.1943e-05
5.9366	-1.3097	0.00014367
5.9366	-1.2374	8.3358e-05
5.9366	-1.1652	0.00080033
5.9366	-1.0929	0.0040413
5.9366	-1.0206	0.0046856
5.9366	-0.94839	0.001459
5.9366	-0.87613	5.4143e-05
5.9366	-0.80387	0.00012149
5.9366	-0.73162	2.0991e-05
5.9366	-0.65936	1.2963e-05
5.9366	-0.5871	8.8291e-06
5.9366	-0.51484	1.8732e-05
5.9366	-0.44258	5.0153e-05
5.9366	-0.37032	1.0041e-05
5.9366	-0.29807	6.501e-05
5.9366	-0.2258	1.8751e-05
5.9366	-0.15355	0.00014524
5.9366	-0.081291	7.1217e-05
5.9366	-0.0090323	0.00024131
5.9366	0.063226	0.00033865
5.9366	0.13549	0.00046883
5.9366	0.20774	0.0038022
5.9366	0.28	0.0050478
5.9366	0.35226	0.0018438
5.9366	0.42451	9.6062e-05
5.9366	0.49677	4.9006e-05
5.9366	0.56903	1.3282e-05
5.9366	1.3639	1.9585e-05
5.9366	1.4361	1.1428e-05
5.9366	1.5084	0.00024963
5.9366	1.5806	0.00062259
5.9366	1.6529	0.00040455
5.9366	1.7252	5.1449e-05
