-5.9842	0.94839	0.00087544
-5.9842	0.98452	0.0021823
-5.9842	1.0207	0.0036495
-5.9842	1.0568	0.0044539
-5.9842	1.0929	0.0040244
-5.9842	1.129	0.0025904
-5.9842	1.1651	0.0010387
-5.9842	2.3213	0.0012071
-5.9842	2.3575	0.001806
-5.9842	2.3936	0.0019045
-5.9842	2.4296	0.001429
-5.9604	0.98452	0.001307
-5.9604	1.0207	0.0021588
-5.9604	1.0568	0.0026558
-5.9604	1.0929	0.0024365
-5.9604	1.129	0.0015895
-5.9604	2.3575	0.00088888
-5.9604	2.3936	0.00099147
-5.9366	1.0207	0.0009038
-5.9366	1.0568	0.0011386
-5.9366	1.0929	0.0010817
-5.8412	0.98452	0.0010043
-5.8412	1.0207	0.0012646
-5.8412	1.0568	0.0011729
-5.8412	2.3213	0.00082975
-5.8175	0.94839	0.0010624
-5.8175	0.98452	0.0018123
-5.8175	1.0207	0.0022224
-5.8175	1.0568	0.0020334
-5.8175	1.0929	0.0013649
-5.8175	2.2851	0.00080563
-5.8175	2.3213	0.0010074
-5.8175	2.3575	0.00090278
-5.7937	0.94839	0.0016653
-5.7937	0.98452	0.0027169
-5.7937	1.0207	0.0032223
-5.7937	1.0568	0.0028673
-5.7937	1.0929	0.0018719
-5.7937	1.129	0.00081087
-5.7937	2.3213	0.00099473
-5.7937	2.3575	0.00090492
-5.7698	0.91226	0.00094914
-5.7698	0.94839	0.0022727
-5.7698	0.98452	0.0035721
-5.7698	1.0207	0.004104
-5.7698	1.0568	0.0035379
-5.7698	1.0929	0.0022254
-5.7698	1.129	0.00091087
-5.7698	2.3213	0.00081524
-5.746	0.91226	0.0011902
-5.746	0.94839	0.0027314
-5.746	0.98452	0.0041747
-5.746	1.0207	0.0046744
-5.746	1.0568	0.0039128
-5.746	1.0929	0.0023654
-5.746	1.129	0.00090501
-5.7222	0.91226	0.0012876
-5.7222	0.94839	0.0028678
-5.7222	0.98452	0.0043072
-5.7222	1.0207	0.0047412
-5.7222	1.0568	0.0038784
-5.7222	1.0929	0.0022589
-5.7222	1.129	0.00080295
-5.6983	0.91226	0.0011697
-5.6983	0.94839	0.0025658
-5.6983	0.98452	0.0038364
-5.6983	1.0207	0.0042008
-5.6983	1.0568	0.003392
-5.6983	1.0929	0.0019168
-5.6745	0.91226	0.0008396
-5.6745	0.94839	0.0018567
-5.6745	0.98452	0.0028214
-5.6745	1.0207	0.0031299
-5.6745	1.0568	0.002535
-5.6745	1.0929	0.0014082
-5.6507	0.94839	0.00096244
-5.6507	0.98452	0.0015552
-5.6507	1.0207	0.0018146
-5.6507	1.0568	0.0015212
-5.6507	1.0929	0.00085274
-5.5555	-0.35226	0.0010371
-5.5555	-0.31613	0.0010306
-5.5555	0.91226	0.0012353
-5.5555	0.94839	0.001653
-5.5555	0.98452	0.0015082
-5.5555	1.0207	0.00095151
-5.5316	-0.38838	0.00091325
-5.5316	-0.35226	0.0012683
-5.5316	-0.31613	0.0012655
-5.5316	-0.28	0.0008878
-5.5316	0.87613	0.00092906
-5.5316	0.91226	0.0020655
-5.5316	0.94839	0.0028699
-5.5316	0.98452	0.0027791
-5.5316	1.0207	0.0018986
-5.5316	1.0568	0.00085651
-5.5078	-0.38838	0.00093705
-5.5078	-0.35226	0.0013091
-5.5078	-0.31613	0.0013145
-5.5078	-0.28	0.00092093
-5.5078	0.87613	0.0011877
-5.5078	0.91226	0.0026207
-5.5078	0.94839	0.0037061
-5.5078	0.98452	0.0036929
-5.5078	1.0207	0.0026099
-5.5078	1.0568	0.0012171
-5.4841	-0.38838	0.0008001
-5.4841	-0.35226	0.0011321
-5.4841	-0.31613	0.0011496
-5.4841	-0.28	0.00080714
-5.4841	0.87613	0.0012173
-5.4841	0.91226	0.0026662
-5.4841	0.94839	0.0038138
-5.4841	0.98452	0.0038689
-5.4841	1.0207	0.002783
-5.4841	1.0568	0.0013079
-5.4602	-0.35226	0.00080642
-5.4602	-0.31613	0.00083571
-5.4602	0.87613	0.0010399
-5.4602	0.91226	0.002249
-5.4602	0.94839	0.0032338
-5.4602	0.98452	0.0033174
-5.4602	1.0207	0.002409
-5.4602	1.0568	0.001127
-5.4364	0.87613	0.00085377
-5.4364	0.91226	0.0017382
-5.4364	0.94839	0.0024263
-5.4364	0.98452	0.0024551
-5.4364	1.0207	0.0017673
-5.4364	1.0568	0.00080984
-5.4126	0.87613	0.00097239
-5.4126	0.91226	0.0016839
-5.4126	0.94839	0.0020724
-5.4126	0.98452	0.0019032
-5.4126	1.0207	0.0012698
-5.3887	0.87613	0.0016667
-5.3887	0.91226	0.0025366
-5.3887	0.94839	0.0027256
-5.3887	0.98452	0.0021649
-5.3887	1.0207	0.0012422
-5.365	0.84	0.001247
-5.365	0.87613	0.0029814
-5.365	0.91226	0.0043623
-5.365	0.94839	0.0044846
-5.365	0.98452	0.0033472
-5.365	1.0207	0.0017534
-5.3411	-0.38838	0.000953
-5.3411	-0.35226	0.00092541
-5.3411	0.84	0.0020039
-5.3411	0.87613	0.0046295
-5.3411	0.91226	0.0067131
-5.3411	0.94839	0.0068704
-5.3411	0.98452	0.0050747
-5.3411	1.0207	0.0025846
-5.3172	-0.42451	0.00087974
-5.3172	-0.38838	0.0012044
-5.3172	-0.35226	0.0011835
-5.3172	-0.31613	0.00081556
-5.3172	0.84	0.0026858
-5.3172	0.87613	0.0060527
-5.3172	0.91226	0.0087568
-5.3172	0.94839	0.0089946
-5.3172	0.98452	0.0066507
-5.3172	1.0207	0.0033466
-5.3172	1.0568	0.00093179
-5.2934	-0.42451	0.00089014
-5.2934	-0.38838	0.001236
-5.2934	-0.35226	0.0012307
-5.2934	-0.31613	0.00085085
-5.2934	0.84	0.0030053
-5.2934	0.87613	0.0066538
-5.2934	0.91226	0.0096385
-5.2934	0.94839	0.0099601
-5.2934	0.98452	0.0073876
-5.2934	1.0207	0.003679
-5.2934	1.0568	0.00096682
-5.2697	-0.38838	0.0010256
-5.2697	-0.35226	0.0010406
-5.2697	0.84	0.002783
-5.2697	0.87613	0.0061097
-5.2697	0.91226	0.0089135
-5.2697	0.94839	0.0093042
-5.2697	0.98452	0.0069416
-5.2697	1.0207	0.0034246
-5.2697	1.0568	0.00084463
-5.2458	0.84	0.0020886
-5.2458	0.87613	0.0046021
-5.2458	0.91226	0.0068265
-5.2458	0.94839	0.0072549
-5.2458	0.98452	0.0054794
-5.2458	1.0207	0.0026899
-5.2221	0.84	0.0012757
-5.2221	0.87613	0.0028172
-5.2221	0.91226	0.0042698
-5.2221	0.94839	0.0046567
-5.2221	0.98452	0.0035929
-5.2221	1.0207	0.0017714
-5.1982	0.84	0.00085694
-5.1982	0.87613	0.0016743
-5.1982	0.91226	0.0024044
-5.1982	0.94839	0.0025887
-5.1982	0.98452	0.0020104
-5.1982	1.0207	0.00099665
-5.1744	0.84	0.0012544
-5.1744	0.87613	0.0018851
-5.1744	0.91226	0.002113
-5.1744	0.94839	0.0018599
-5.1744	0.98452	0.0012558
-5.1505	0.80387	0.0011318
-5.1505	0.84	0.0025409
-5.1505	0.87613	0.0035592
-5.1505	0.91226	0.0035535
-5.1505	0.94839	0.0026334
-5.1505	0.98452	0.0014271
-5.1267	-0.46064	0.0008078
-5.1267	-0.42451	0.0010762
-5.1267	-0.38838	0.001023
-5.1267	0.80387	0.0019519
-5.1267	0.84	0.0043235
-5.1267	0.87613	0.0060754
-5.1267	0.91226	0.0060493
-5.1267	0.94839	0.004366
-5.1267	0.98452	0.0021959
-5.1267	2.1768	0.00081911
-5.1267	2.2129	0.00087169
-5.103	-0.46064	0.00091616
-5.103	-0.42451	0.0012475
-5.103	-0.38838	0.001212
-5.103	-0.35226	0.00081607
-5.103	0.80387	0.0026751
-5.103	0.84	0.0058662
-5.103	0.87613	0.0083217
-5.103	0.91226	0.0083936
-5.103	0.94839	0.006093
-5.103	0.98452	0.0030097
-5.103	1.0207	0.00082642
-5.103	2.1768	0.0011414
-5.103	2.2129	0.0012135
-5.103	2.2491	0.00092573
-5.0792	-0.46064	0.00081038
-5.0792	-0.42451	0.0011342
-5.0792	-0.38838	0.0011281
-5.0792	0.80387	0.0029527
-5.0792	0.84	0.0064328
-5.0792	0.87613	0.0092213
-5.0792	0.91226	0.0094311
-5.0792	0.94839	0.0069079
-5.0792	0.98452	0.0033804
-5.0792	1.0207	0.00086263
-5.0792	2.1406	0.00086535
-5.0792	2.1768	0.0013421
-5.0792	2.2129	0.0014308
-5.0792	2.2491	0.0010957
-5.0553	-0.38838	0.00080243
-5.0553	0.80387	0.0026065
-5.0553	0.84	0.0056917
-5.0553	0.87613	0.0082903
-5.0553	0.91226	0.0086299
-5.0553	0.94839	0.0063952
-5.0553	0.98452	0.0031069
-5.0553	2.1406	0.00085846
-5.0553	2.1768	0.0013283
-5.0553	2.2129	0.0014251
-5.0553	2.2491	0.0010981
-5.0315	0.80387	0.0017874
-5.0315	0.84	0.0039635
-5.0315	0.87613	0.0059333
-5.0315	0.91226	0.0063478
-5.0315	0.94839	0.0047973
-5.0315	0.98452	0.002327
-5.0315	2.1768	0.0010943
-5.0315	2.2129	0.0011896
-5.0315	2.2491	0.00092714
-5.0076	0.80387	0.00097213
-5.0076	0.84	0.0021428
-5.0076	0.87613	0.0032933
-5.0076	0.91226	0.0036511
-5.0076	0.94839	0.0028471
-5.0076	0.98452	0.0013958
-5.0076	2.2129	0.00081904
-4.9839	0.84	0.0012881
-4.9839	0.87613	0.0017026
-4.9839	0.91226	0.0017743
-4.9839	0.94839	0.0013703
-4.9601	0.80387	0.0015402
-4.9601	0.84	0.0020639
-4.9601	0.87613	0.0020021
-4.9601	0.91226	0.001501
-4.9601	0.94839	0.00087452
-4.9362	-0.49677	0.00097832
-4.9362	-0.46064	0.0012914
-4.9362	-0.42451	0.0012231
-4.9362	-0.38838	0.00082076
-4.9362	0.76774	0.0014867
-4.9362	0.80387	0.0032165
-4.9362	0.84	0.004325
-4.9362	0.87613	0.004081
-4.9362	0.91226	0.0027836
-4.9362	0.94839	0.0013352
-4.9123	-0.49677	0.0013506
-4.9123	-0.46064	0.0018241
-4.9123	-0.42451	0.0017749
-4.9123	-0.38838	0.0012188
-4.9123	0.76774	0.0023715
-4.9123	0.80387	0.0051458
-4.9123	0.84	0.0070948
-4.9123	0.87613	0.0068926
-4.9123	0.91226	0.004794
-4.9123	0.94839	0.0022681
-4.8886	-0.49677	0.0014776
-4.8886	-0.46064	0.0020291
-4.8886	-0.42451	0.0020093
-4.8886	-0.38838	0.0013939
-4.8886	0.76774	0.0029456
-4.8886	0.80387	0.0063987
-4.8886	0.84	0.0089995
-4.8886	0.87613	0.0089639
-4.8886	0.91226	0.0063703
-4.8886	0.94839	0.0030252
-4.8886	2.1406	0.0010775
-4.8886	2.1768	0.001119
-4.8886	2.2129	0.0008355
-4.8647	-0.49677	0.001292
-4.8647	-0.46064	0.0018102
-4.8647	-0.42451	0.0018257
-4.8647	-0.38838	0.001277
-4.8647	0.76774	0.0028473
-4.8647	0.80387	0.0062419
-4.8647	0.84	0.0089748
-4.8647	0.87613	0.0091535
-4.8647	0.91226	0.0066226
-4.8647	0.94839	0.0031415
-4.8647	2.1045	0.00084995
-4.8647	2.1406	0.0012952
-4.8647	2.1768	0.0013613
-4.8647	2.2129	0.0010278
-4.841	-0.49677	0.00087799
-4.841	-0.46064	0.0012712
-4.841	-0.42451	0.0013188
-4.841	-0.38838	0.00093658
-4.841	0.76774	0.002028
-4.841	0.80387	0.0046073
-4.841	0.84	0.0068857
-4.841	0.87613	0.0072652
-4.841	0.91226	0.0053792
-4.841	0.94839	0.0025473
-4.841	2.1045	0.00082352
-4.841	2.1406	0.0012637
-4.841	2.1768	0.0013472
-4.841	2.2129	0.0010301
-4.8171	0.76774	0.00089174
-4.8171	0.80387	0.0022688
-4.8171	0.84	0.0037058
-4.8171	0.87613	0.0041862
-4.8171	0.91226	0.003245
-4.8171	0.94839	0.0015509
-4.8171	2.1406	0.0009902
-4.8171	2.1768	0.0010789
-4.8171	2.2129	0.00084039
-4.7933	0.84	0.0011147
-4.7933	0.87613	0.0014607
-4.7933	0.91226	0.0012583
-4.7456	-0.49677	0.00089086
-4.7456	-0.46064	0.00082439
-4.7456	0.73162	0.0012685
-4.7456	0.76774	0.0026536
-4.7456	0.80387	0.0033973
-4.7456	0.84	0.0030171
-4.7456	0.87613	0.0019182
-4.7456	0.91226	0.00085294
-4.7219	-0.5329	0.0011084
-4.7219	-0.49677	0.0014824
-4.7219	-0.46064	0.001416
-4.7219	-0.42451	0.00095022
-4.7219	0.73162	0.0026597
-4.7219	0.76774	0.0057042
-4.7219	0.80387	0.0077419
-4.7219	0.84	0.0074098
-4.7219	0.87613	0.0051046
-4.7219	0.91226	0.0024283
-4.6981	-0.5329	0.0013723
-4.6981	-0.49677	0.0018773
-4.6981	-0.46064	0.0018387
-4.6981	-0.42451	0.0012572
-4.6981	0.69549	0.00087843
-4.6981	0.73162	0.0040655
-4.6981	0.76774	0.0087289
-4.6981	0.80387	0.012156
-4.6981	0.84	0.012057
-4.6981	0.87613	0.0086275
-4.6981	0.91226	0.0042258
-4.6981	0.94839	0.0011732
-4.6981	2.1045	0.00086562
-4.6981	2.1406	0.00086274
-4.6743	-0.5329	0.0013243
-4.6743	-0.49677	0.001856
-4.6743	-0.46064	0.0018606
-4.6743	-0.42451	0.0012903
-4.6743	0.69549	0.0011357
-4.6743	0.73162	0.0048748
-4.6743	0.76774	0.010423
-4.6743	0.80387	0.014733
-4.6743	0.84	0.014921
-4.6743	0.87613	0.010886
-4.6743	0.91226	0.005367
-4.6743	0.94839	0.0014272
-4.6743	2.0684	0.00080602
-4.6743	2.1045	0.0012086
-4.6743	2.1406	0.0012357
-4.6743	2.1768	0.00090203
-4.6504	-0.5329	0.00096398
-4.6504	-0.49677	0.0014062
-4.6504	-0.46064	0.0014577
-4.6504	-0.42451	0.0010305
-4.6504	0.69549	0.0011476
-4.6504	0.73162	0.0046508
-4.6504	0.76774	0.0099508
-4.6504	0.80387	0.014285
-4.6504	0.84	0.014736
-4.6504	0.87613	0.010904
-4.6504	0.91226	0.0053652
-4.6504	0.94839	0.0013436
-4.6504	2.0684	0.00086996
-4.6504	2.1045	0.0013225
-4.6504	2.1406	0.0013823
-4.6504	2.1768	0.0010309
-4.6265	-0.46064	0.00082562
-4.6265	0.69549	0.0008783
-4.6265	0.73162	0.0034448
-4.6265	0.76774	0.0074778
-4.6265	0.80387	0.011009
-4.6265	0.84	0.011647
-4.6265	0.87613	0.0087755
-4.6265	0.91226	0.0043119
-4.6265	0.94839	0.0010069
-4.6265	1.0568	0.00082864
-4.6265	2.1045	0.0011286
-4.6265	2.1406	0.0012129
-4.6265	2.1768	0.00092594
-4.6028	0.73162	0.0018941
-4.6028	0.76774	0.0042351
-4.6028	0.80387	0.0064957
-4.6028	0.84	0.0071534
-4.6028	0.87613	0.0055597
-4.6028	0.91226	0.0027538
-4.6028	2.1406	0.00080024
-4.579	0.73162	0.0009851
-4.579	0.76774	0.0019945
-4.579	0.80387	0.0029928
-4.579	0.84	0.0033602
-4.579	0.87613	0.0026974
-4.579	0.91226	0.0013619
-4.5551	0.73162	0.001549
-4.5551	0.76774	0.0021755
-4.5551	0.80387	0.0022842
-4.5551	0.84	0.0019282
-4.5551	0.87613	0.0012902
-4.5313	-0.5329	0.00095263
-4.5313	-0.49677	0.00090296
-4.5313	0.69549	0.0017088
-4.5313	0.73162	0.0037364
-4.5313	0.76774	0.0050318
-4.5313	0.80387	0.0047524
-4.5313	0.84	0.0032664
-4.5313	0.87613	0.0016064
-4.5075	-0.56903	0.00090273
-4.5075	-0.5329	0.0012888
-4.5075	-0.49677	0.0013022
-4.5075	-0.46064	0.0009134
-4.5075	0.69549	0.0031022
-4.5075	0.73162	0.0067834
-4.5075	0.76774	0.009381
-4.5075	0.80387	0.0091317
-4.5075	0.84	0.0063749
-4.5075	0.87613	0.0030482
-4.5075	0.91226	0.00084276
-4.5075	2.0684	0.00084398
-4.5075	2.1045	0.00081742
-4.4836	-0.5329	0.0011824
-4.4836	-0.49677	0.0012699
-4.4836	-0.46064	0.00093691
-4.4836	0.65936	0.00091105
-4.4836	0.69549	0.0042534
-4.4836	0.73162	0.0092774
-4.4836	0.76774	0.013101
-4.4836	0.80387	0.01312
-4.4836	0.84	0.0094104
-4.4836	0.87613	0.0045546
-4.4836	0.91226	0.001204
-4.4836	2.0323	0.0010129
-4.4836	2.0684	0.001502
-4.4836	2.1045	0.0015214
-4.4836	2.1406	0.0011067
-4.4599	0.65936	0.0010359
-4.4599	0.69549	0.004515
-4.4599	0.73162	0.009865
-4.4599	0.76774	0.014204
-4.4599	0.80387	0.014569
-4.4599	0.84	0.010669
-4.4599	0.87613	0.0051942
-4.4599	0.91226	0.0013063
-4.4599	2.0323	0.0013352
-4.4599	2.0684	0.0020002
-4.4599	2.1045	0.002073
-4.4599	2.1406	0.0015484
-4.4599	2.1768	0.00081475
-4.436	0.65936	0.00085965
-4.436	0.69549	0.0036184
-4.436	0.73162	0.008056
-4.436	0.76774	0.011949
-4.436	0.80387	0.012624
-4.436	0.84	0.0094559
-4.436	0.87613	0.0046187
-4.436	0.91226	0.0010912
-4.436	2.0323	0.0013995
-4.436	2.0684	0.0021129
-4.436	2.1045	0.0022267
-4.436	2.1406	0.0016922
-4.436	2.1768	0.00089892
-4.4123	0.69549	0.0019515
-4.4123	0.73162	0.0046465
-4.4123	0.76774	0.0073459
-4.4123	0.80387	0.0081898
-4.4123	0.84	0.0063788
-4.4123	0.87613	0.0031537
-4.4123	2.0323	0.0011647
-4.4123	2.0684	0.0017843
-4.4123	2.1045	0.0019192
-4.4123	2.1406	0.0014852
-4.3884	-0.64129	0.00085441
-4.3884	-0.60516	0.0016496
-4.3884	-0.56903	0.0020343
-4.3884	-0.5329	0.0017285
-4.3884	-0.49677	0.0010045
-4.3884	0.73162	0.001434
-4.3884	0.76774	0.0027058
-4.3884	0.80387	0.0034393
-4.3884	0.84	0.0029392
-4.3884	0.87613	0.0015228
-4.3884	2.0684	0.0011718
-4.3884	2.1045	0.0013027
-4.3884	2.1406	0.0010369
-4.3645	-0.64129	0.0018594
-4.3645	-0.60516	0.0037166
-4.3645	-0.56903	0.0048993
-4.3645	-0.5329	0.0045686
-4.3645	-0.49677	0.0030013
-4.3645	-0.46064	0.0012827
-4.3408	-0.67742	0.0008445
-4.3408	-0.64129	0.0031496
-4.3408	-0.60516	0.0063457
-4.3408	-0.56903	0.0086023
-4.3408	-0.5329	0.0083383
-4.3408	-0.49677	0.0057269
-4.3408	-0.46064	0.0025501
-4.3408	0.69549	0.0016279
-4.3408	0.73162	0.0019828
-4.3408	0.76774	0.0015971
-4.3408	0.80387	0.00088178
-4.317	-0.67742	0.0012291
-4.317	-0.64129	0.0043774
-4.317	-0.60516	0.0088108
-4.317	-0.56903	0.012107
-4.317	-0.5329	0.011957
-4.317	-0.49677	0.0083564
-4.317	-0.46064	0.0037321
-4.317	0.65936	0.0018115
-4.317	0.69549	0.0040846
-4.317	0.73162	0.0056227
-4.317	0.76774	0.0053222
-4.317	0.80387	0.0035351
-4.317	0.84	0.0015697
-4.2932	-0.67742	0.0014801
-4.2932	-0.64129	0.0050751
-4.2932	-0.60516	0.010203
-4.2932	-0.56903	0.014156
-4.2932	-0.5329	0.014146
-4.2932	-0.49677	0.0099526
-4.2932	-0.46064	0.0043854
-4.2932	-0.35226	0.00083622
-4.2932	-0.31613	0.001087
-4.2932	0.65936	0.0026194
-4.2932	0.69549	0.0060835
-4.2932	0.73162	0.008893
-4.2932	0.76774	0.0090796
-4.2932	0.80387	0.0065746
-4.2932	0.84	0.0031979
-4.2932	0.87613	0.00085647
-4.2932	2.0323	0.0010898
-4.2932	2.0684	0.0010869
-4.2694	-0.67742	0.0014512
-4.2694	-0.64129	0.0048615
-4.2694	-0.60516	0.0098317
-4.2694	-0.56903	0.013823
-4.2694	-0.5329	0.013988
-4.2694	-0.49677	0.0098857
-4.2694	-0.46064	0.0042669
-4.2694	-0.35226	0.0011743
-4.2694	-0.31613	0.0014296
-4.2694	0.65936	0.0025304
-4.2694	0.69549	0.0061061
-4.2694	0.73162	0.0094297
-4.2694	0.76774	0.010207
-4.2694	0.80387	0.007819
-4.2694	0.84	0.0039803
-4.2694	0.87613	0.0010708
-4.2694	1.9962	0.0011245
-4.2694	2.0323	0.0016939
-4.2694	2.0684	0.0017388
-4.2694	2.1045	0.0012759
-4.2454	-0.67742	0.0010935
-4.2454	-0.64129	0.0036803
-4.2454	-0.60516	0.0076292
-4.2454	-0.56903	0.011018
-4.2454	-0.5329	0.011399
-4.2454	-0.49677	0.0081396
-4.2454	-0.46064	0.0034419
-4.2454	-0.35226	0.001356
-4.2454	-0.31613	0.0015522
-4.2454	-0.17162	0.00081461
-4.2454	0.65936	0.0014674
-4.2454	0.69549	0.0038603
-4.2454	0.73162	0.0065303
-4.2454	0.76774	0.007676
-4.2454	0.80387	0.0062962
-4.2454	0.84	0.0033548
-4.2454	0.87613	0.00089057
-4.2454	1.9962	0.0013267
-4.2454	2.0323	0.0020211
-4.2454	2.0684	0.0021219
-4.2454	2.1045	0.0015956
-4.2454	2.1406	0.00083612
-4.2217	-0.64129	0.0019435
-4.2217	-0.60516	0.0043417
-4.2217	-0.56903	0.0066815
-4.2217	-0.5329	0.0072621
-4.2217	-0.49677	0.0053444
-4.2217	-0.46064	0.0022397
-4.2217	-0.35226	0.0012849
-4.2217	-0.31613	0.0013968
-4.2217	-0.17162	0.00096717
-4.2217	0.69549	0.0011658
-4.2217	0.73162	0.0022625
-4.2217	0.76774	0.0031519
-4.2217	0.80387	0.0029849
-4.2217	0.84	0.0017563
-4.2217	1.9962	0.0012132
-4.2217	2.0323	0.0018808
-4.2217	2.0684	0.0020234
-4.2217	2.1045	0.0015569
-4.2217	2.1406	0.00082675
-4.1979	-0.60516	0.0013519
-4.1979	-0.56903	0.0025098
-4.1979	-0.5329	0.0031199
-4.1979	-0.49677	0.0025124
-4.1979	-0.46064	0.0010873
-4.1979	-0.35226	0.00096445
-4.1979	-0.31613	0.0010167
-4.1979	-0.17162	0.00094592
-4.1979	0.15355	0.00081261
-4.1979	0.29807	0.00087575
-4.1979	0.3342	0.0010342
-4.1979	0.47871	0.0011378
-4.1979	0.51484	0.00098582
-4.1979	0.62323	0.00091424
-4.1979	0.65936	0.0017738
-4.1979	0.69549	0.0017763
-4.1979	0.73162	0.0011296
-4.1979	1.9962	0.00081693
-4.1979	2.0323	0.0013196
-4.1979	2.0684	0.0014785
-4.1979	2.1045	0.0011765
-4.174	0.15355	0.00099198
-4.174	0.29807	0.0012941
-4.174	0.3342	0.0015178
-4.174	0.44258	0.0010015
-4.174	0.47871	0.0022968
-4.174	0.51484	0.0020053
-4.174	0.62323	0.0035747
-4.174	0.65936	0.0079072
-4.174	0.69549	0.0098927
-4.174	0.73162	0.0081522
-4.174	0.76774	0.0045105
-4.174	0.80387	0.0015679
-4.1503	-0.67742	0.00098207
-4.1503	-0.64129	0.0016068
-4.1503	-0.60516	0.0016387
-4.1503	-0.56903	0.0010833
-4.1503	0.15355	0.0010118
-4.1503	0.29807	0.0016249
-4.1503	0.3342	0.0018467
-4.1503	0.44258	0.0016837
-4.1503	0.47871	0.0036688
-4.1503	0.51484	0.0030906
-4.1503	0.5871	0.0013103
-4.1503	0.62323	0.0089296
-4.1503	0.65936	0.020395
-4.1503	0.69549	0.027823
-4.1503	0.73162	0.026094
-4.1503	0.76774	0.017325
-4.1503	0.80387	0.0078381
-4.1503	0.84	0.0020945
-4.1264	-0.67742	0.0025507
-4.1264	-0.64129	0.0046434
-4.1264	-0.60516	0.0056001
-4.1264	-0.56903	0.0047048
-4.1264	-0.5329	0.0026875
-4.1264	-0.49677	0.00092599
-4.1264	0.15355	0.00084213
-4.1264	0.29807	0.0017233
-4.1264	0.3342	0.0018781
-4.1264	0.44258	0.0023581
-4.1264	0.47871	0.0048274
-4.1264	0.51484	0.0038352
-4.1264	0.5871	0.0028268
-4.1264	0.62323	0.016785
-4.1264	0.65936	0.038218
-4.1264	0.69549	0.053857
-4.1264	0.73162	0.05316
-4.1264	0.76774	0.037679
-4.1264	0.80387	0.018411
-4.1264	0.84	0.0053067
-4.1025	-0.71355	0.001324
-4.1025	-0.67742	0.0043892
-4.1025	-0.64129	0.0082803
-4.1025	-0.60516	0.01061
-4.1025	-0.56903	0.009662
-4.1025	-0.5329	0.0061046
-4.1025	-0.49677	0.0023735
-4.1025	0.29807	0.0015089
-4.1025	0.3342	0.0015767
-4.1025	0.44258	0.0027592
-4.1025	0.47871	0.0053041
-4.1025	0.51484	0.0039202
-4.1025	0.5871	0.004841
-4.1025	0.62323	0.025477
-4.1025	0.65936	0.057199
-4.1025	0.69549	0.081654
-4.1025	0.73162	0.082536
-4.1025	0.76774	0.060164
-4.1025	0.80387	0.030138
-4.1025	0.84	0.0086787
-4.1025	0.94839	0.0016785
-4.1025	0.98452	0.0012782
-4.0788	-0.71355	0.0017712
-4.0788	-0.67742	0.0057432
-4.0788	-0.64129	0.011017
-4.0788	-0.60516	0.014566
-4.0788	-0.56903	0.013781
-4.0788	-0.5329	0.0090618
-4.0788	-0.49677	0.0036285
-4.0788	0.29807	0.0010296
-4.0788	0.3342	0.0010467
-4.0788	0.44258	0.002654
-4.0788	0.47871	0.0048263
-4.0788	0.51484	0.0032909
-4.0788	0.5871	0.0067393
-4.0788	0.62323	0.032083
-4.0788	0.65936	0.070967
-4.0788	0.69549	0.10198
-4.0788	0.73162	0.1045
-4.0788	0.76774	0.077221
-4.0788	0.80387	0.038868
-4.0788	0.84	0.010843
-4.0788	0.91226	0.0013951
-4.0788	0.94839	0.003191
-4.0788	0.98452	0.0023566
-4.0788	1.9962	0.0011104
-4.0788	2.0323	0.0011493
-4.0788	2.0684	0.00083764
-4.0549	-0.71355	0.0018437
-4.0549	-0.67742	0.0059021
-4.0549	-0.64129	0.011515
-4.0549	-0.60516	0.01562
-4.0549	-0.56903	0.015181
-4.0549	-0.5329	0.010198
-4.0549	-0.49677	0.0040802
-4.0549	-0.38838	0.001197
-4.0549	-0.35226	0.0012755
-4.0549	0.44258	0.0019972
-4.0549	0.47871	0.0035014
-4.0549	0.51484	0.0021989
-4.0549	0.5871	0.0076105
-4.0549	0.62323	0.033531
-4.0549	0.65936	0.073522
-4.0549	0.69549	0.10651
-4.0549	0.73162	0.11047
-4.0549	0.76774	0.082405
-4.0549	0.80387	0.041344
-4.0549	0.84	0.010987
-4.0549	0.91226	0.0023302
-4.0549	0.94839	0.0047063
-4.0549	0.98452	0.0033055
-4.0549	1.0207	0.00081174
-4.0549	1.129	0.00098913
-4.0549	1.96	0.00084037
-4.0549	1.9962	0.0013631
-4.0549	2.0323	0.0014941
-4.0549	2.0684	0.0011598
-4.0312	-0.71355	0.001422
-4.0312	-0.67742	0.0046169
-4.0312	-0.64129	0.0093198
-4.0312	-0.60516	0.013111
-4.0312	-0.56903	0.01316
-4.0312	-0.5329	0.0090303
-4.0312	-0.49677	0.0035792
-4.0312	-0.38838	0.0015452
-4.0312	-0.35226	0.0015978
-4.0312	0.44258	0.001026
-4.0312	0.47871	0.0018251
-4.0312	0.51484	0.001073
-4.0312	0.5871	0.0067263
-4.0312	0.62323	0.028261
-4.0312	0.65936	0.062352
-4.0312	0.69549	0.091952
-4.0312	0.73162	0.09715
-4.0312	0.76774	0.073393
-4.0312	0.80387	0.036688
-4.0312	0.84	0.0091939
-4.0312	0.91226	0.0031337
-4.0312	0.94839	0.0056749
-4.0312	0.98452	0.0037663
-4.0312	1.0207	0.00079722
-4.0312	1.0929	0.0012038
-4.0312	1.129	0.0015477
-4.0312	1.9962	0.0011249
-4.0312	2.0323	0.0013175
-4.0312	2.0684	0.0010871
-4.0074	-0.67742	0.0023961
-4.0074	-0.64129	0.005293
-4.0074	-0.60516	0.00804
-4.0074	-0.56903	0.0085787
-4.0074	-0.5329	0.0061327
-4.0074	-0.49677	0.002431
-4.0074	-0.38838	0.0015612
-4.0074	-0.35226	0.0015665
-4.0074	-0.20774	0.0010268
-4.0074	0.5871	0.0041655
-4.0074	0.62323	0.017626
-4.0074	0.65936	0.040552
-4.0074	0.69549	0.062482
-4.0074	0.73162	0.068559
-4.0074	0.76774	0.053195
-4.0074	0.80387	0.026727
-4.0074	0.84	0.0062978
-4.0074	0.91226	0.0034298
-4.0074	0.94839	0.0056771
-4.0074	0.98452	0.0035611
-4.0074	1.0929	0.001623
-4.0074	1.129	0.001939
-4.0074	1.1651	0.00090042
-3.9835	-0.64129	0.001462
-3.9835	-0.60516	0.00281
-3.9835	-0.56903	0.003541
-3.9835	-0.5329	0.002835
-3.9835	-0.49677	0.0011807
-3.9835	-0.38838	0.001205
-3.9835	-0.35226	0.0011962
-3.9835	-0.20774	0.0010669
-3.9835	-0.027097	0.00083917
-3.9835	0.11742	0.00081005
-3.9835	0.5871	0.0012316
-3.9835	0.62323	0.0062253
-3.9835	0.65936	0.016714
-3.9835	0.69549	0.029077
-3.9835	0.73162	0.035017
-3.9835	0.76774	0.029051
-3.9835	0.80387	0.015098
-3.9835	0.84	0.0033869
-3.9835	0.91226	0.0029933
-3.9835	0.94839	0.0046456
-3.9835	0.98452	0.0027754
-3.9835	1.0929	0.0017906
-3.9835	1.129	0.002004
-3.9835	1.1651	0.00084617
-3.9835	1.2735	0.00091636
-3.9596	-0.20774	0.00085557
-3.9596	-0.063226	0.00082396
-3.9596	-0.027097	0.00090026
-3.9596	0.11742	0.0011611
-3.9596	0.26194	0.00098176
-3.9596	0.29807	0.0011114
-3.9596	0.44258	0.00094217
-3.9596	0.65936	0.0021317
-3.9596	0.69549	0.0057043
-3.9596	0.73162	0.0093403
-3.9596	0.76774	0.0095429
-3.9596	0.80387	0.0056473
-3.9596	0.84	0.001285
-3.9596	0.91226	0.0019373
-3.9596	0.94839	0.0029454
-3.9596	0.98452	0.0017147
-3.9596	1.0929	0.0016018
-3.9596	1.129	0.0017042
-3.9596	1.2735	0.0010736
-3.9596	1.96	0.00083893
-3.9359	-1.9781	0.00084466
-3.9359	-0.71355	0.0017499
-3.9359	-0.67742	0.0028712
-3.9359	-0.64129	0.0029492
-3.9359	-0.60516	0.0019585
-3.9359	0.11742	0.0012825
-3.9359	0.15355	0.00082402
-3.9359	0.26194	0.0015533
-3.9359	0.29807	0.0017186
-3.9359	0.40645	0.0013
-3.9359	0.44258	0.0025956
-3.9359	0.47871	0.0019525
-3.9359	0.5871	0.0036153
-3.9359	0.62323	0.0062298
-3.9359	0.65936	0.0058392
-3.9359	0.69549	0.0033233
-3.9359	0.73162	0.001412
-3.9359	0.76774	0.00099452
-3.9359	0.80387	0.00083494
-3.9359	0.94839	0.0012495
-3.9359	1.0929	0.0011066
-3.9359	1.129	0.0011522
-3.9359	1.2735	0.001017
-3.9359	1.5987	0.00095788
-3.9359	1.7432	0.00080874
-3.9359	1.7793	0.00097518
-3.9359	1.9239	0.0019381
-3.9359	1.96	0.0028591
-3.9359	1.9962	0.0027084
-3.9359	2.0323	0.0017721
-3.9121	-2.0142	0.0011634
-3.9121	-1.9781	0.0015765
-3.9121	-1.942	0.0014922
-3.9121	-1.9058	0.00099485
-3.9121	-0.74968	0.0013038
-3.9121	-0.71355	0.0043308
-3.9121	-0.67742	0.007824
-3.9121	-0.64129	0.0093763
-3.9121	-0.60516	0.0078164
-3.9121	-0.56903	0.0044051
-3.9121	-0.5329	0.0014705
-3.9121	0.11742	0.001102
-3.9121	0.26194	0.0018755
-3.9121	0.29807	0.0019879
-3.9121	0.40645	0.0023075
-3.9121	0.44258	0.0044272
-3.9121	0.47871	0.0032447
-3.9121	0.55097	0.0023602
-3.9121	0.5871	0.012185
-3.9121	0.62323	0.024408
-3.9121	0.65936	0.029659
-3.9121	0.69549	0.02435
-3.9121	0.73162	0.013574
-3.9121	0.76774	0.0047705
-3.9121	0.80387	0.00084883
-3.9121	1.5987	0.0010704
-3.9121	1.7432	0.0011745
-3.9121	1.7793	0.0013589
-3.9121	1.8878	0.0013737
-3.9121	1.9239	0.0040562
-3.9121	1.96	0.0061946
-3.9121	1.9962	0.0062662
-3.9121	2.0323	0.0044906
-3.9121	2.0684	0.002266
-3.8883	-2.0142	0.0016033
-3.8883	-1.9781	0.0022205
-3.8883	-1.942	0.0021657
-3.8883	-1.9058	0.0014912
-3.8883	-0.74968	0.0022031
-3.8883	-0.71355	0.0072083
-3.8883	-0.67742	0.013483
-3.8883	-0.64129	0.017126
-3.8883	-0.60516	0.015413
-3.8883	-0.56903	0.009558
-3.8883	-0.5329	0.0035804
-3.8883	0.26194	0.0017635
-3.8883	0.29807	0.0017867
-3.8883	0.40645	0.0030892
-3.8883	0.44258	0.0056168
-3.8883	0.47871	0.0038694
-3.8883	0.55097	0.0050969
-3.8883	0.5871	0.024259
-3.8883	0.62323	0.05036
-3.8883	0.65936	0.066218
-3.8883	0.69549	0.060874
-3.8883	0.73162	0.039515
-3.8883	0.76774	0.017011
-3.8883	0.80387	0.0039022
-3.8883	1.5987	0.0010016
-3.8883	1.7432	0.0014264
-3.8883	1.7793	0.0015664
-3.8883	1.8878	0.0023478
-3.8883	1.9239	0.0066215
-3.8883	1.96	0.010195
-3.8883	1.9962	0.010601
-3.8883	2.0323	0.0078902
-3.8883	2.0684	0.0041565
-3.8883	2.1045	0.001414
-3.8644	-2.0503	0.00081648
-3.8644	-2.0142	0.0017552
-3.8644	-1.9781	0.002484
-3.8644	-1.942	0.0024824
-3.8644	-1.9058	0.0017453
-3.8644	-0.74968	0.0028168
-3.8644	-0.71355	0.009075
-3.8644	-0.67742	0.017325
-3.8644	-0.64129	0.022751
-3.8644	-0.60516	0.021288
-3.8644	-0.56903	0.013729
-3.8644	-0.5329	0.0052785
-3.8644	-0.42451	0.0011808
-3.8644	-0.38838	0.001148
-3.8644	0.26194	0.0012305
-3.8644	0.29807	0.0012097
-3.8644	0.40645	0.0032072
-3.8644	0.44258	0.0055419
-3.8644	0.47871	0.0035276
-3.8644	0.55097	0.0080575
-3.8644	0.5871	0.035443
-3.8644	0.62323	0.07416
-3.8644	0.65936	0.10092
-3.8644	0.69549	0.097365
-3.8644	0.73162	0.066975
-3.8644	0.76774	0.030711
-3.8644	0.80387	0.0073984
-3.8644	0.87613	0.0011734
-3.8644	0.91226	0.0020278
-3.8644	0.94839	0.0011653
-3.8644	1.7432	0.0014524
-3.8644	1.7793	0.0015096
-3.8644	1.8878	0.0033067
-3.8644	1.9239	0.0089228
-3.8644	1.96	0.013731
-3.8644	1.9962	0.01447
-3.8644	2.0323	0.010968
-3.8644	2.0684	0.0058734
-3.8644	2.1045	0.0020006
-3.8405	-2.0142	0.001479
-3.8405	-1.9781	0.0021784
-3.8405	-1.942	0.0022563
-3.8405	-1.9058	0.0016285
-3.8405	-0.74968	0.0027321
-3.8405	-0.71355	0.008818
-3.8405	-0.67742	0.017287
-3.8405	-0.64129	0.023448
-3.8405	-0.60516	0.022641
-3.8405	-0.56903	0.014951
-3.8405	-0.5329	0.0057326
-3.8405	-0.42451	0.0019692
-3.8405	-0.38838	0.0019149
-3.8405	-0.24387	0.00080382
-3.8405	0.40645	0.0024887
-3.8405	0.44258	0.004158
-3.8405	0.47871	0.0024278
-3.8405	0.55097	0.0097365
-3.8405	0.5871	0.040187
-3.8405	0.62323	0.084423
-3.8405	0.65936	0.11753
-3.8405	0.69549	0.11678
-3.8405	0.73162	0.082797
-3.8405	0.76774	0.038825
-3.8405	0.80387	0.0091914
-3.8405	0.87613	0.0024308
-3.8405	0.91226	0.0040775
-3.8405	0.94839	0.0024393
-3.8405	1.7432	0.0012035
-3.8405	1.7793	0.0011903
-3.8405	1.8878	0.0038657
-3.8405	1.9239	0.010066
-3.8405	1.96	0.015485
-3.8405	1.9962	0.016485
-3.8405	2.0323	0.012644
-3.8405	2.0684	0.0068145
-3.8405	2.1045	0.0022877
-3.8168	-2.0142	0.00080929
-3.8168	-1.9781	0.0013218
-3.8168	-1.942	0.0014833
-3.8168	-1.9058	0.0011335
-3.8168	-0.74968	0.0018185
-3.8168	-0.71355	0.006186
-3.8168	-0.67742	0.012877
-3.8168	-0.64129	0.018453
-3.8168	-0.60516	0.018645
-3.8168	-0.56903	0.012683
-3.8168	-0.5329	0.0048236
-3.8168	-0.42451	0.002503
-3.8168	-0.38838	0.002372
-3.8168	-0.24387	0.0014127
-3.8168	-0.20774	0.00091251
-3.8168	0.40645	0.0012606
-3.8168	0.44258	0.0021482
-3.8168	0.47871	0.001164
-3.8168	0.55097	0.0089191
-3.8168	0.5871	0.035445
-3.8168	0.62323	0.075569
-3.8168	0.65936	0.10808
-3.8168	0.69549	0.11052
-3.8168	0.73162	0.080273
-3.8168	0.76774	0.037998
-3.8168	0.80387	0.0085917
-3.8168	0.87613	0.0036559
-3.8168	0.91226	0.0057715
-3.8168	0.94839	0.0034002
-3.8168	1.0568	0.0011298
-3.8168	1.0929	0.0011967
-3.8168	1.8878	0.0036261
-3.8168	1.9239	0.0092462
-3.8168	1.96	0.014328
-3.8168	1.9962	0.01547
-3.8168	2.0323	0.012022
-3.8168	2.0684	0.0065103
-3.8168	2.1045	0.0021399
-3.793	-0.71355	0.0022573
-3.793	-0.67742	0.005651
-3.793	-0.64129	0.0092988
-3.793	-0.60516	0.010412
-3.793	-0.56903	0.0075853
-3.793	-0.5329	0.0029223
-3.793	-0.46064	0.00083686
-3.793	-0.42451	0.0023984
-3.793	-0.38838	0.002218
-3.793	-0.28	0.0010697
-3.793	-0.24387	0.0018254
-3.793	-0.20774	0.0011548
-3.793	-0.099357	0.0011015
-3.793	-0.063226	0.0011803
-3.793	0.081291	0.00080331
-3.793	0.55097	0.0055989
-3.793	0.5871	0.022666
-3.793	0.62323	0.050935
-3.793	0.65936	0.076888
-3.793	0.69549	0.082449
-3.793	0.73162	0.062099
-3.793	0.76774	0.029825
-3.793	0.80387	0.0063786
-3.793	0.87613	0.004347
-3.793	0.91226	0.006464
-3.793	0.94839	0.0036869
-3.793	1.0568	0.0017645
-3.793	1.0929	0.0018297
-3.793	1.8878	0.0025962
-3.793	1.9239	0.0066591
-3.793	1.96	0.010578
-3.793	1.9962	0.011728
-3.793	2.0323	0.0093117
-3.793	2.0684	0.0050898
-3.793	2.1045	0.001636
-3.7691	-0.64129	0.0016071
-3.7691	-0.60516	0.0025992
-3.7691	-0.56903	0.0023891
-3.7691	-0.5329	0.0010294
-3.7691	-0.42451	0.0015741
-3.7691	-0.38838	0.0014567
-3.7691	-0.28	0.00105
-3.7691	-0.24387	0.0017246
-3.7691	-0.20774	0.0010544
-3.7691	-0.099357	0.0014348
-3.7691	-0.063226	0.0015087
-3.7691	0.045162	0.00081778
-3.7691	0.081291	0.0015022
-3.7691	0.11742	0.0010247
-3.7691	0.26194	0.00088546
-3.7691	0.55097	0.0014473
-3.7691	0.5871	0.0072844
-3.7691	0.62323	0.019761
-3.7691	0.65936	0.034559
-3.7691	0.69549	0.041502
-3.7691	0.73162	0.033981
-3.7691	0.76774	0.017119
-3.7691	0.80387	0.0035158
-3.7691	0.87613	0.0039225
-3.7691	0.91226	0.0056093
-3.7691	0.94839	0.0031123
-3.7691	1.0568	0.002102
-3.7691	1.0929	0.002112
-3.7691	1.2374	0.0010842
-3.7691	1.8878	0.0012445
-3.7691	1.9239	0.0034532
-3.7691	1.96	0.0059197
-3.7691	1.9962	0.0069964
-3.7691	2.0323	0.0058345
-3.7691	2.0684	0.0032838
-3.7691	2.1045	0.0010438
-3.7454	-2.0865	0.00085278
-3.7454	-2.0503	0.0016168
-3.7454	-2.0142	0.0018363
-3.7454	-1.9781	0.0013851
-3.7454	-0.74968	0.0022449
-3.7454	-0.71355	0.0032595
-3.7454	-0.67742	0.0028096
-3.7454	-0.64129	0.0014419
-3.7454	-0.24387	0.0012441
-3.7454	-0.099357	0.001466
-3.7454	-0.063226	0.0014988
-3.7454	0.045162	0.001151
-3.7454	0.081291	0.0020273
-3.7454	0.11742	0.0013357
-3.7454	0.2258	0.001702
-3.7454	0.26194	0.0019264
-3.7454	0.37032	0.00084518
-3.7454	0.40645	0.0016859
-3.7454	0.44258	0.0012047
-3.7454	0.62323	0.0016057
-3.7454	0.65936	0.0049909
-3.7454	0.69549	0.0090915
-3.7454	0.73162	0.0097782
-3.7454	0.76774	0.0058451
-3.7454	0.80387	0.001253
-3.7454	0.87613	0.0024191
-3.7454	0.91226	0.0034789
-3.7454	0.94839	0.001927
-3.7454	1.0568	0.0018496
-3.7454	1.0929	0.001812
-3.7454	1.2374	0.0012733
-3.7454	1.96	0.0017786
-3.7454	1.9962	0.0025485
-3.7454	2.0323	0.0024399
-3.7454	2.0684	0.001507
-3.7215	-2.0865	0.0023092
-3.7215	-2.0503	0.0045462
-3.7215	-2.0142	0.0056213
-3.7215	-1.9781	0.0048159
-3.7215	-1.942	0.0028852
-3.7215	-1.9058	0.0011361
-3.7215	-0.89419	0.00099588
-3.7215	-0.7858	0.0024449
-3.7215	-0.74968	0.0079036
-3.7215	-0.71355	0.013602
-3.7215	-0.67742	0.015346
-3.7215	-0.64129	0.011913
-3.7215	-0.60516	0.0061837
-3.7215	-0.56903	0.0018938
-3.7215	-0.099357	0.0012009
-3.7215	-0.063226	0.0012156
-3.7215	0.045162	0.0013344
-3.7215	0.081291	0.0022542
-3.7215	0.11742	0.0014118
-3.7215	0.2258	0.0027214
-3.7215	0.26194	0.0029845
-3.7215	0.29807	0.0010701
-3.7215	0.37032	0.0022771
-3.7215	0.40645	0.0045217
-3.7215	0.44258	0.0033791
-3.7215	0.51484	0.0012632
-3.7215	0.55097	0.0067016
-3.7215	0.5871	0.01169
-3.7215	0.62323	0.011164
-3.7215	0.65936	0.0062735
-3.7215	0.69549	0.0019851
-3.7215	0.87613	0.00085405
-3.7215	0.91226	0.0014273
-3.7215	0.94839	0.00086971
-3.7215	1.0568	0.0012468
-3.7215	1.0929	0.0012257
-3.7215	1.2374	0.0011919
-3.7215	1.382	0.00093046
-3.7215	1.4181	0.0009005
-3.6977	-2.2309	0.00098012
-3.6977	-2.1226	0.0011679
-3.6977	-2.0865	0.0048492
-3.6977	-2.0503	0.0094867
-3.6977	-2.0142	0.01199
-3.6977	-1.9781	0.010672
-3.6977	-1.942	0.0067241
-3.6977	-1.9058	0.0028064
-3.6977	-0.93032	0.00099616
-3.6977	-0.89419	0.001292
-3.6977	-0.7858	0.004965
-3.6977	-0.74968	0.015971
-3.6977	-0.71355	0.028917
-3.6977	-0.67742	0.035384
-3.6977	-0.64129	0.030656
-3.6977	-0.60516	0.018377
-3.6977	-0.56903	0.0067822
-3.6977	-0.5329	0.0010073
-3.6977	0.045162	0.0011205
-3.6977	0.081291	0.0018589
-3.6977	0.11742	0.0011129
-3.6977	0.18968	0.0010416
-3.6977	0.2258	0.0032431
-3.6977	0.26194	0.0034214
-3.6977	0.29807	0.0010847
-3.6977	0.37032	0.004054
-3.6977	0.40645	0.0077153
-3.6977	0.44258	0.0055811
-3.6977	0.51484	0.004404
-3.6977	0.55097	0.022201
-3.6977	0.5871	0.04422
-3.6977	0.62323	0.053661
-3.6977	0.65936	0.044041
-3.6977	0.69549	0.024479
-3.6977	0.73162	0.0084587
-3.6977	0.76774	0.0013819
-3.6977	1.2374	0.00091584
-3.6977	1.382	0.00097266
-3.6977	1.4181	0.00090567
-3.6977	1.5626	0.0011064
-3.6977	1.7071	0.0010071
-3.6977	1.7432	0.0010711
-3.6977	1.8516	0.00085884
-3.6977	1.8878	0.0021345
-3.6977	1.9239	0.0026698
-3.6977	1.96	0.0020946
-3.6977	1.9962	0.00107
-3.6738	-2.2671	0.00099553
-3.6738	-2.2309	0.0015045
-3.6738	-2.1948	0.00080572
-3.6738	-2.1226	0.0025049
-3.6738	-2.0865	0.0095115
-3.6738	-2.0503	0.01822
-3.6738	-2.0142	0.023021
-3.6738	-1.9781	0.020667
-3.6738	-1.942	0.013167
-3.6738	-1.9058	0.0055179
-3.6738	-1.8697	0.0011652
-3.6738	-0.93032	0.0011088
-3.6738	-0.89419	0.0013655
-3.6738	-0.7858	0.0078656
-3.6738	-0.74968	0.024708
-3.6738	-0.71355	0.045475
-3.6738	-0.67742	0.05749
-3.6738	-0.64129	0.051929
-3.6738	-0.60516	0.032591
-3.6738	-0.56903	0.01249
-3.6738	-0.5329	0.0017773
-3.6738	-0.46064	0.001854
-3.6738	-0.42451	0.0018497
-3.6738	0.081291	0.00098504
-3.6738	0.18968	0.00093159
-3.6738	0.2258	0.0026971
-3.6738	0.26194	0.0027491
-3.6738	0.37032	0.0049087
-3.6738	0.40645	0.0088934
-3.6738	0.44258	0.0060529
-3.6738	0.51484	0.00866
-3.6738	0.55097	0.04041
-3.6738	0.5871	0.083341
-3.6738	0.62323	0.1091
-3.6738	0.65936	0.099744
-3.6738	0.69549	0.064127
-3.6738	0.73162	0.027057
-3.6738	0.76774	0.0058802
-3.6738	0.87613	0.00087358
-3.6738	1.5265	0.00080924
-3.6738	1.5626	0.0012114
-3.6738	1.7071	0.0015766
-3.6738	1.7432	0.0016235
-3.6738	1.8516	0.0022571
-3.6738	1.8878	0.0057507
-3.6738	1.9239	0.0079951
-3.6738	1.96	0.0073921
-3.6738	1.9962	0.0047672
-3.6738	2.0323	0.0020893
-3.65	-2.2671	0.0014586
-3.65	-2.2309	0.0020346
-3.65	-2.1948	0.00094759
-3.65	-2.1226	0.0046539
-3.65	-2.0865	0.016359
-3.65	-2.0503	0.030656
-3.65	-2.0142	0.038519
-3.65	-1.9781	0.034578
-3.65	-1.942	0.021998
-3.65	-1.9058	0.0090855
-3.65	-1.8697	0.0017856
-3.65	-0.93032	0.0010445
-3.65	-0.89419	0.0012398
-3.65	-0.82193	0.0012449
-3.65	-0.7858	0.010955
-3.65	-0.74968	0.033774
-3.65	-0.71355	0.062869
-3.65	-0.67742	0.08114
-3.65	-0.64129	0.074963
-3.65	-0.60516	0.047881
-3.65	-0.56903	0.018253
-3.65	-0.5329	0.0022882
-3.65	-0.49677	0.001021
-3.65	-0.46064	0.004322
-3.65	-0.42451	0.0043093
-3.65	-0.38838	0.001586
-3.65	-0.28	0.0011678
-3.65	0.2258	0.0016272
-3.65	0.26194	0.0016495
-3.65	0.37032	0.0045778
-3.65	0.40645	0.0079346
-3.65	0.44258	0.0049984
-3.65	0.51484	0.012346
-3.65	0.55097	0.053429
-3.65	0.5871	0.11096
-3.65	0.62323	0.14997
-3.65	0.65936	0.1434
-3.65	0.69549	0.097265
-3.65	0.73162	0.043464
-3.65	0.76774	0.00983
-3.65	0.84	0.0020211
-3.65	0.87613	0.0030899
-3.65	0.91226	0.0015661
-3.65	1.5626	0.00090915
-3.65	1.7071	0.001702
-3.65	1.7432	0.0016794
-3.65	1.8516	0.0037101
-3.65	1.8878	0.0093629
-3.65	1.9239	0.013558
-3.65	1.96	0.013375
-3.65	1.9962	0.0093795
-3.65	2.0323	0.0045555
-3.65	2.0684	0.001354
-3.6263	-2.2671	0.0016231
-3.6263	-2.2309	0.0020878
-3.6263	-2.1948	0.0008259
-3.6263	-2.1226	0.0064691
-3.6263	-2.0865	0.021241
-3.6263	-2.0503	0.038924
-3.6263	-2.0142	0.048491
-3.6263	-1.9781	0.043318
-3.6263	-1.942	0.027331
-3.6263	-1.9058	0.01101
-3.6263	-1.8697	0.0019649
-3.6263	-1.7974	0.00092638
-3.6263	-1.7613	0.0011119
-3.6263	-0.82193	0.0014588
-3.6263	-0.7858	0.011594
-3.6263	-0.74968	0.036052
-3.6263	-0.71355	0.06904
-3.6263	-0.67742	0.091955
-3.6263	-0.64129	0.087374
-3.6263	-0.60516	0.056783
-3.6263	-0.56903	0.021331
-3.6263	-0.5329	0.0022552
-3.6263	-0.49677	0.0021627
-3.6263	-0.46064	0.0076448
-3.6263	-0.42451	0.0073736
-3.6263	-0.38838	0.0025787
-3.6263	-0.31613	0.0016735
-3.6263	-0.28	0.0031077
-3.6263	-0.24387	0.0020298
-3.6263	-0.13549	0.0008758
-3.6263	-0.099357	0.00088088
-3.6263	0.37032	0.0033862
-3.6263	0.40645	0.0058192
-3.6263	0.44258	0.0034171
-3.6263	0.51484	0.014832
-3.6263	0.55097	0.060763
-3.6263	0.5871	0.12706
-3.6263	0.62323	0.17572
-3.6263	0.65936	0.17277
-3.6263	0.69549	0.12038
-3.6263	0.73162	0.0547
-3.6263	0.76774	0.012
-3.6263	0.84	0.0040934
-3.6263	0.87613	0.0061282
-3.6263	0.91226	0.0032761
-3.6263	1.0207	0.0010406
-3.6263	1.0568	0.00091768
-3.6263	1.7071	0.0013439
-3.6263	1.7432	0.0012627
-3.6263	1.8516	0.0043126
-3.6263	1.8878	0.010662
-3.6263	1.9239	0.01571
-3.6263	1.96	0.015995
-3.6263	1.9962	0.011657
-3.6263	2.0323	0.0058929
-3.6263	2.0684	0.0018029
-3.6025	-2.2671	0.0015286
-3.6025	-2.2309	0.0017979
-3.6025	-2.1226	0.0073907
-3.6025	-2.0865	0.022692
-3.6025	-2.0503	0.040429
-3.6025	-2.0142	0.04955
-3.6025	-1.9781	0.043654
-3.6025	-1.942	0.027026
-3.6025	-1.9058	0.010466
-3.6025	-1.8697	0.0016428
-3.6025	-1.7974	0.0012111
-3.6025	-1.7613	0.0013211
-3.6025	-0.82193	0.00086325
-3.6025	-0.7858	0.0068975
-3.6025	-0.74968	0.023003
-3.6025	-0.71355	0.047292
-3.6025	-0.67742	0.067036
-3.6025	-0.64129	0.066977
-3.6025	-0.60516	0.044943
-3.6025	-0.56903	0.016717
-3.6025	-0.5329	0.0014483
-3.6025	-0.49677	0.0029886
-3.6025	-0.46064	0.0091309
-3.6025	-0.42451	0.0084959
-3.6025	-0.38838	0.0027556
-3.6025	-0.31613	0.0028926
-3.6025	-0.28	0.0050961
-3.6025	-0.24387	0.0032752
-3.6025	-0.13549	0.0022775
-3.6025	-0.099357	0.0024281
-3.6025	-0.063226	0.00089266
-3.6025	0.045162	0.0011034
-3.6025	0.37032	0.0013496
-3.6025	0.40645	0.0026239
-3.6025	0.44258	0.0015398
-3.6025	0.51484	0.013222
-3.6025	0.55097	0.053854
-3.6025	0.5871	0.11669
-3.6025	0.62323	0.16827
-3.6025	0.65936	0.17212
-3.6025	0.69549	0.12379
-3.6025	0.73162	0.056982
-3.6025	0.76774	0.011847
-3.6025	0.84	0.006621
-3.6025	0.87613	0.0094157
-3.6025	0.91226	0.0049733
-3.6025	1.0207	0.0023171
-3.6025	1.0568	0.0021572
-3.6025	1.7071	0.00084807
-3.6025	1.8516	0.0042313
-3.6025	1.8878	0.010288
-3.6025	1.9239	0.015343
-3.6025	1.96	0.015946
-3.6025	1.9962	0.011874
-3.6025	2.0323	0.0060979
-3.6025	2.0684	0.0018519
-3.5786	-2.2671	0.0014597
-3.5786	-2.2309	0.0015603
-3.5786	-2.1587	0.00096875
-3.5786	-2.1226	0.0084357
-3.5786	-2.0865	0.024289
-3.5786	-2.0503	0.041947
-3.5786	-2.0142	0.050327
-3.5786	-1.9781	0.043452
-3.5786	-1.942	0.026182
-3.5786	-1.9058	0.0096297
-3.5786	-1.8697	0.0012838
-3.5786	-1.7974	0.001485
-3.5786	-1.7613	0.0014673
-3.5786	-0.7858	0.0014065
-3.5786	-0.74968	0.0064673
-3.5786	-0.71355	0.016661
-3.5786	-0.67742	0.027759
-3.5786	-0.64129	0.031142
-3.5786	-0.60516	0.022527
-3.5786	-0.56903	0.008484
-3.5786	-0.49677	0.0027058
-3.5786	-0.46064	0.007399
-3.5786	-0.42451	0.0066671
-3.5786	-0.38838	0.0019693
-3.5786	-0.31613	0.0033328
-3.5786	-0.28	0.0055338
-3.5786	-0.24387	0.0034092
-3.5786	-0.17162	0.00095092
-3.5786	-0.13549	0.0034856
-3.5786	-0.099357	0.0036639
-3.5786	-0.063226	0.0012993
-3.5786	0.0090325	0.0015202
-3.5786	0.045162	0.0027552
-3.5786	0.081291	0.0018097
-3.5786	0.18968	0.0010389
-3.5786	0.2258	0.0010064
-3.5786	0.51484	0.0057263
-3.5786	0.55097	0.026149
-3.5786	0.5871	0.063553
-3.5786	0.62323	0.10109
-3.5786	0.65936	0.11205
-3.5786	0.69549	0.085664
-3.5786	0.73162	0.040707
-3.5786	0.76774	0.0080057
-3.5786	0.80387	0.00091158
-3.5786	0.84	0.0075428
-3.5786	0.87613	0.010266
-3.5786	0.91226	0.0052859
-3.5786	0.98452	0.0011197
-3.5786	1.0207	0.0035603
-3.5786	1.0568	0.0033037
-3.5786	1.0929	0.0010586
-3.5786	1.1651	0.00088709
-3.5786	1.2013	0.0014576
-3.5786	1.2374	0.00085236
-3.5786	1.8516	0.0034524
-3.5786	1.8878	0.0085109
-3.5786	1.9239	0.01311
-3.5786	1.96	0.014095
-3.5786	1.9962	0.010804
-3.5786	2.0323	0.0056445
-3.5786	2.0684	0.0016889
-3.5548	-2.2671	0.0014023
-3.5548	-2.2309	0.0013635
-3.5548	-2.1587	0.0013604
-3.5548	-2.1226	0.0098382
-3.5548	-2.0865	0.026827
-3.5548	-2.0503	0.045112
-3.5548	-2.0142	0.053123
-3.5548	-1.9781	0.045005
-3.5548	-1.942	0.026381
-3.5548	-1.9058	0.0091686
-3.5548	-1.8697	0.0010053
-3.5548	-1.7974	0.0018692
-3.5548	-1.7613	0.0016796
-3.5548	-0.96645	0.00088361
-3.5548	-0.93032	0.0010978
-3.5548	-0.7858	0.0012515
-3.5548	-0.74968	0.001046
-3.5548	-0.71355	0.0012698
-3.5548	-0.67742	0.003567
-3.5548	-0.64129	0.006411
-3.5548	-0.60516	0.0062159
-3.5548	-0.56903	0.0026949
-3.5548	-0.49677	0.0017473
-3.5548	-0.46064	0.0045606
-3.5548	-0.42451	0.0040955
-3.5548	-0.38838	0.0011004
-3.5548	-0.31613	0.0030914
-3.5548	-0.28	0.0048734
-3.5548	-0.24387	0.0028473
-3.5548	-0.17162	0.0012878
-3.5548	-0.13549	0.0041553
-3.5548	-0.099357	0.0041949
-3.5548	-0.063226	0.0013608
-3.5548	0.0090325	0.0025023
-3.5548	0.045162	0.0043761
-3.5548	0.081291	0.0028353
-3.5548	0.18968	0.0028598
-3.5548	0.2258	0.0030881
-3.5548	0.26194	0.0011448
-3.5548	0.3342	0.001018
-3.5548	0.37032	0.0017681
-3.5548	0.40645	0.0010264
-3.5548	0.55097	0.0031646
-3.5548	0.5871	0.01227
-3.5548	0.62323	0.026882
-3.5548	0.65936	0.037103
-3.5548	0.69549	0.032981
-3.5548	0.73162	0.017125
-3.5548	0.76774	0.0032466
-3.5548	0.80387	0.00081208
-3.5548	0.84	0.0055171
-3.5548	0.87613	0.0073182
-3.5548	0.91226	0.0036713
-3.5548	0.98452	0.0012528
-3.5548	1.0207	0.0036101
-3.5548	1.0568	0.0032807
-3.5548	1.0929	0.0009859
-3.5548	1.1651	0.0012847
-3.5548	1.2013	0.0020591
-3.5548	1.2374	0.0012046
-3.5548	1.3458	0.00091356
-3.5548	1.382	0.000903
-3.5548	1.8516	0.0016653
-3.5548	1.8878	0.004545
-3.5548	1.9239	0.0077148
-3.5548	1.96	0.0090096
-3.5548	1.9962	0.0073801
-3.5548	2.0323	0.0040348
-3.5548	2.0684	0.0012112
-3.531	-2.2671	0.0011336
-3.531	-2.2309	0.0010047
-3.531	-2.1587	0.0015915
-3.531	-2.1226	0.0099371
-3.531	-2.0865	0.025988
-3.531	-2.0503	0.042907
-3.531	-2.0142	0.04993
-3.531	-1.9781	0.041747
-3.531	-1.942	0.02391
-3.531	-1.9058	0.0078481
-3.531	-1.7974	0.0021357
-3.531	-1.7613	0.001761
-3.531	-1.111	0.0013337
-3.531	-1.0749	0.00096312
-3.531	-0.96645	0.0028564
-3.531	-0.93032	0.0036284
-3.531	-0.89419	0.001525
-3.531	-0.82193	0.0052686
-3.531	-0.7858	0.015162
-3.531	-0.74968	0.021899
-3.531	-0.71355	0.019484
-3.531	-0.67742	0.01085
-3.531	-0.64129	0.0034787
-3.531	-0.46064	0.0017424
-3.531	-0.42451	0.0017761
-3.531	-0.31613	0.0024016
-3.531	-0.28	0.0037345
-3.531	-0.24387	0.0021015
-3.531	-0.17162	0.0015513
-3.531	-0.13549	0.0045168
-3.531	-0.099357	0.0043758
-3.531	-0.063226	0.0012675
-3.531	0.0090325	0.003644
-3.531	0.045162	0.0060332
-3.531	0.081291	0.0037094
-3.531	0.15355	0.0016352
-3.531	0.18968	0.0056356
-3.531	0.2258	0.0060163
-3.531	0.26194	0.0021296
-3.531	0.3342	0.0036146
-3.531	0.37032	0.00688
-3.531	0.40645	0.0048484
-3.531	0.47871	0.0013657
-3.531	0.51484	0.0064418
-3.531	0.55097	0.0091859
-3.531	0.5871	0.0064748
-3.531	0.62323	0.0028026
-3.531	0.65936	0.0026552
-3.531	0.69549	0.0041188
-3.531	0.73162	0.0031995
-3.531	0.84	0.0026538
-3.531	0.87613	0.0036362
-3.531	0.91226	0.0018281
-3.531	0.98452	0.0010339
-3.531	1.0207	0.0027563
-3.531	1.0568	0.002448
-3.531	1.1651	0.0013722
-3.531	1.2013	0.0021018
-3.531	1.2374	0.0011855
-3.531	1.3458	0.0012866
-3.531	1.382	0.0012564
-3.531	1.9239	0.0018892
-3.531	1.96	0.0028123
-3.531	1.9962	0.0027393
-3.531	2.0323	0.001688
-3.5072	-2.1587	0.0014858
-3.5072	-2.1226	0.0081992
-3.5072	-2.0865	0.020645
-3.5072	-2.0503	0.033491
-3.5072	-2.0142	0.038493
-3.5072	-1.9781	0.031718
-3.5072	-1.942	0.017693
-3.5072	-1.9058	0.0054364
-3.5072	-1.8336	0.00080919
-3.5072	-1.7974	0.0019704
-3.5072	-1.7613	0.0014926
-3.5072	-1.1471	0.0011971
-3.5072	-1.111	0.0021881
-3.5072	-1.0749	0.0014516
-3.5072	-1.0026	0.0017611
-3.5072	-0.96645	0.0062413
-3.5072	-0.93032	0.0076528
-3.5072	-0.89419	0.0028883
-3.5072	-0.85806	0.0014018
-3.5072	-0.82193	0.018792
-3.5072	-0.7858	0.056567
-3.5072	-0.74968	0.093204
-3.5072	-0.71355	0.10208
-3.5072	-0.67742	0.077815
-3.5072	-0.64129	0.040167
-3.5072	-0.60516	0.01242
-3.5072	-0.56903	0.0015224
-3.5072	-0.31613	0.0010951
-3.5072	-0.28	0.0019152
-3.5072	-0.24387	0.001125
-3.5072	-0.17162	0.0014626
-3.5072	-0.13549	0.004058
-3.5072	-0.099357	0.0038772
-3.5072	-0.063226	0.0010069
-3.5072	0.0090325	0.004635
-3.5072	0.045162	0.0073403
-3.5072	0.081291	0.0042507
-3.5072	0.15355	0.003071
-3.5072	0.18968	0.0094695
-3.5072	0.2258	0.0097215
-3.5072	0.26194	0.0030901
-3.5072	0.29807	0.00087752
-3.5072	0.3342	0.0090038
-3.5072	0.37032	0.016731
-3.5072	0.40645	0.011792
-3.5072	0.44258	0.001558
-3.5072	0.47871	0.0071438
-3.5072	0.51484	0.035184
-3.5072	0.55097	0.065616
-3.5072	0.5871	0.072977
-3.5072	0.62323	0.053631
-3.5072	0.65936	0.025835
-3.5072	0.69549	0.007383
-3.5072	0.73162	0.00097615
-3.5072	0.87613	0.00097162
-3.5072	1.0207	0.0016884
-3.5072	1.0568	0.0015212
-3.5072	1.1651	0.0012751
-3.5072	1.2013	0.0018799
-3.5072	1.2374	0.0010128
-3.5072	1.3458	0.001529
-3.5072	1.382	0.001435
-3.5072	1.5265	0.0012514
-3.4833	-2.1587	0.0013096
-3.4833	-2.1226	0.0065091
-3.4833	-2.0865	0.015827
-3.4833	-2.0503	0.025209
-3.4833	-2.0142	0.028546
-3.4833	-1.9781	0.023083
-3.4833	-1.942	0.012457
-3.4833	-1.9058	0.0035293
-3.4833	-1.8336	0.00081987
-3.4833	-1.7974	0.0016877
-3.4833	-1.7613	0.0011664
-3.4833	-1.1471	0.001666
-3.4833	-1.111	0.002791
-3.4833	-1.0749	0.0016523
-3.4833	-1.0026	0.0031144
-3.4833	-0.96645	0.009831
-3.4833	-0.93032	0.011297
-3.4833	-0.89419	0.0035952
-3.4833	-0.85806	0.0038322
-3.4833	-0.82193	0.041036
-3.4833	-0.7858	0.12141
-3.4833	-0.74968	0.20695
-3.4833	-0.71355	0.24099
-3.4833	-0.67742	0.20005
-3.4833	-0.64129	0.11538
-3.4833	-0.60516	0.040953
-3.4833	-0.56903	0.0057084
-3.4833	-0.49677	0.0033056
-3.4833	-0.46064	0.0028239
-3.4833	-0.42451	0.000803
-3.4833	-0.13549	0.0020884
-3.4833	-0.099357	0.0021327
-3.4833	0.0090325	0.0040326
-3.4833	0.045162	0.0063128
-3.4833	0.081291	0.0034874
-3.4833	0.15355	0.0041634
-3.4833	0.18968	0.011791
-3.4833	0.2258	0.011664
-3.4833	0.26194	0.0032414
-3.4833	0.29807	0.0019709
-3.4833	0.3342	0.016152
-3.4833	0.37032	0.02881
-3.4833	0.40645	0.019449
-3.4833	0.44258	0.0020699
-3.4833	0.47871	0.021367
-3.4833	0.51484	0.099534
-3.4833	0.55097	0.19796
-3.4833	0.5871	0.24733
-3.4833	0.62323	0.21467
-3.4833	0.65936	0.13073
-3.4833	0.69549	0.052485
-3.4833	0.73162	0.011256
-3.4833	1.1651	0.00095975
-3.4833	1.2013	0.0014313
-3.4833	1.3458	0.0016496
-3.4833	1.382	0.0014917
-3.4833	1.4903	0.0011624
-3.4833	1.5265	0.0018006
-3.4833	1.5626	0.0010354
-3.4833	1.6709	0.0016097
-3.4833	1.7071	0.0016882
-3.4833	1.8155	0.0014116
-3.4833	1.8516	0.0034674
-3.4833	1.8878	0.0043308
-3.4833	1.9239	0.0034071
-3.4833	1.96	0.0017407
-3.4595	-2.1587	0.0011626
-3.4595	-2.1226	0.0053531
-3.4595	-2.0865	0.012738
-3.4595	-2.0503	0.0201
-3.4595	-2.0142	0.022567
-3.4595	-1.9781	0.01798
-3.4595	-1.942	0.0093937
-3.4595	-1.9058	0.0024297
-3.4595	-1.8336	0.00087385
-3.4595	-1.7974	0.0015521
-3.4595	-1.7613	0.00097671
-3.4595	-1.1471	0.0022658
-3.4595	-1.111	0.0034437
-3.4595	-1.0749	0.0017662
-3.4595	-1.0026	0.0050557
-3.4595	-0.96645	0.014154
-3.4595	-0.93032	0.014898
-3.4595	-0.89419	0.0037635
-3.4595	-0.85806	0.0086231
-3.4595	-0.82193	0.074477
-3.4595	-0.7858	0.21097
-3.4595	-0.74968	0.35793
-3.4595	-0.71355	0.42167
-3.4595	-0.67742	0.35731
-3.4595	-0.64129	0.21109
-3.4595	-0.60516	0.075905
-3.4595	-0.56903	0.0097809
-3.4595	-0.5329	0.0024612
-3.4595	-0.49677	0.011185
-3.4595	-0.46064	0.010601
-3.4595	-0.42451	0.0036892
-3.4595	-0.35226	0.00080978
-3.4595	-0.31613	0.0013289
-3.4595	0.0090325	0.001852
-3.4595	0.045162	0.0030844
-3.4595	0.081291	0.0016849
-3.4595	0.15355	0.0034564
-3.4595	0.18968	0.0092656
-3.4595	0.2258	0.0088996
-3.4595	0.26194	0.0021077
-3.4595	0.29807	0.002737
-3.4595	0.3342	0.018436
-3.4595	0.37032	0.03154
-3.4595	0.40645	0.020001
-3.4595	0.44258	0.0019585
-3.4595	0.47871	0.037729
-3.4595	0.51484	0.16493
-3.4595	0.55097	0.33591
-3.4595	0.5871	0.44216
-3.4595	0.62323	0.41127
-3.4595	0.65936	0.27216
-3.4595	0.69549	0.12003
-3.4595	0.73162	0.028034
-3.4595	0.76774	0.0012256
-3.4595	0.80387	0.0033793
-3.4595	0.84	0.005544
-3.4595	0.87613	0.002823
-3.4595	1.3458	0.0013409
-3.4595	1.382	0.0012112
-3.4595	1.4903	0.0014562
-3.4595	1.5265	0.0021568
-3.4595	1.5626	0.0011641
-3.4595	1.6349	0.00094744
-3.4595	1.6709	0.0027623
-3.4595	1.7071	0.0027898
-3.4595	1.7432	0.00086292
-3.4595	1.8155	0.0039908
-3.4595	1.8516	0.009938
-3.4595	1.8878	0.0136
-3.4595	1.9239	0.012394
-3.4595	1.96	0.0078675
-3.4595	1.9962	0.003375
-3.4595	2.0323	0.00085489
-3.4357	-2.1587	0.00089137
-3.4357	-2.1226	0.0039846
-3.4357	-2.0865	0.00957
-3.4357	-2.0503	0.015327
-3.4357	-2.0142	0.017401
-3.4357	-1.9781	0.01388
-3.4357	-1.942	0.0070999
-3.4357	-1.9058	0.0016722
-3.4357	-1.8336	0.00094811
-3.4357	-1.7974	0.0014897
-3.4357	-1.7613	0.00085788
-3.4357	-1.1832	0.00080037
-3.4357	-1.1471	0.0033616
-3.4357	-1.111	0.004626
-3.4357	-1.0749	0.0020072
-3.4357	-1.0026	0.008727
-3.4357	-0.96645	0.021766
-3.4357	-0.93032	0.020725
-3.4357	-0.89419	0.0039546
-3.4357	-0.85806	0.019371
-3.4357	-0.82193	0.13853
-3.4357	-0.7858	0.37266
-3.4357	-0.74968	0.61942
-3.4357	-0.71355	0.72309
-3.4357	-0.67742	0.60936
-3.4357	-0.64129	0.3566
-3.4357	-0.60516	0.12407
-3.4357	-0.56903	0.013564
-3.4357	-0.5329	0.0073316
-3.4357	-0.49677	0.027049
-3.4357	-0.46064	0.024928
-3.4357	-0.42451	0.0084791
-3.4357	-0.35226	0.003444
-3.4357	-0.31613	0.0061348
-3.4357	-0.28	0.0036736
-3.4357	0.15355	0.0017672
-3.4357	0.18968	0.0047866
-3.4357	0.2258	0.0045983
-3.4357	0.26194	0.00091287
-3.4357	0.29807	0.0025678
-3.4357	0.3342	0.014778
-3.4357	0.37032	0.024286
-3.4357	0.40645	0.014185
-3.4357	0.44258	0.0018447
-3.4357	0.47871	0.044919
-3.4357	0.51484	0.18406
-3.4357	0.55097	0.37646
-3.4357	0.5871	0.50767
-3.4357	0.62323	0.48786
-3.4357	0.65936	0.3344
-3.4357	0.69549	0.15179
-3.4357	0.73162	0.035048
-3.4357	0.76774	0.0013447
-3.4357	0.80387	0.0078041
-3.4357	0.84	0.012643
-3.4357	0.87613	0.0070659
-3.4357	0.91226	0.0011426
-3.4357	0.98452	0.0013526
-3.4357	1.0207	0.0011767
-3.4357	1.4903	0.0011348
-3.4357	1.5265	0.0016693
-3.4357	1.5626	0.00086029
-3.4357	1.6349	0.0012015
-3.4357	1.6709	0.0032512
-3.4357	1.7071	0.0031809
-3.4357	1.7432	0.00084593
-3.4357	1.7793	0.00083679
-3.4357	1.8155	0.0073764
-3.4357	1.8516	0.018302
-3.4357	1.8878	0.026157
-3.4357	1.9239	0.025444
-3.4357	1.96	0.017532
-3.4357	1.9962	0.0083041
-3.4357	2.0323	0.0023609
-3.4119	-2.1226	0.0018202
-3.4119	-2.0865	0.0047265
-3.4119	-2.0503	0.0081032
-3.4119	-2.0142	0.00971
-3.4119	-1.9781	0.0080296
-3.4119	-1.942	0.0041315
-3.4119	-1.9058	0.00089306
-3.4119	-1.8336	0.00084058
-3.4119	-1.7974	0.0012067
-3.4119	-1.2916	0.00092872
-3.4119	-1.1832	0.0014235
-3.4119	-1.1471	0.0051418
-3.4119	-1.111	0.0064422
-3.4119	-1.0749	0.0023178
-3.4119	-1.0387	0.0014516
-3.4119	-1.0026	0.01567
-3.4119	-0.96645	0.035221
-3.4119	-0.93032	0.030201
-3.4119	-0.89419	0.0042802
-3.4119	-0.85806	0.044354
-3.4119	-0.82193	0.27102
-3.4119	-0.7858	0.69463
-3.4119	-0.74968	1.1285
-3.4119	-0.71355	1.2984
-3.4119	-0.67742	1.0792
-3.4119	-0.64129	0.61803
-3.4119	-0.60516	0.20392
-3.4119	-0.56903	0.017875
-3.4119	-0.5329	0.020355
-3.4119	-0.49677	0.061437
-3.4119	-0.46064	0.053144
-3.4119	-0.42451	0.016543
-3.4119	-0.38838	0.00098249
-3.4119	-0.35226	0.010836
-3.4119	-0.31613	0.01822
-3.4119	-0.28	0.010952
-3.4119	-0.24387	0.0016596
-3.4119	-0.20774	0.0011347
-3.4119	-0.17162	0.004608
-3.4119	-0.13549	0.0043882
-3.4119	-0.099357	0.0014019
-3.4119	0.18968	0.0012814
-3.4119	0.2258	0.0014755
-3.4119	0.29807	0.001738
-3.4119	0.3342	0.0092794
-3.4119	0.37032	0.015162
-3.4119	0.40645	0.0081743
-3.4119	0.44258	0.0020657
-3.4119	0.47871	0.044688
-3.4119	0.51484	0.17392
-3.4119	0.55097	0.35621
-3.4119	0.5871	0.48743
-3.4119	0.62323	0.47661
-3.4119	0.65936	0.33126
-3.4119	0.69549	0.15028
-3.4119	0.73162	0.032729
-3.4119	0.76774	0.0013547
-3.4119	0.80387	0.012169
-3.4119	0.84	0.018359
-3.4119	0.87613	0.010108
-3.4119	0.91226	0.0014797
-3.4119	0.98452	0.0032872
-3.4119	1.0207	0.0031492
-3.4119	1.0568	0.0010718
-3.4119	1.6349	0.00087077
-3.4119	1.6709	0.0022596
-3.4119	1.7071	0.0021611
-3.4119	1.7793	0.0010866
-3.4119	1.8155	0.0081117
-3.4119	1.8516	0.020098
-3.4119	1.8878	0.029695
-3.4119	1.9239	0.030237
-3.4119	1.96	0.02193
-3.4119	1.9962	0.010931
-3.4119	2.0323	0.0032246
-3.388	-2.0865	0.00087469
-3.388	-2.0503	0.001859
-3.388	-2.0142	0.0025993
-3.388	-1.9781	0.0023917
-3.388	-1.942	0.0012994
-3.388	-1.2916	0.00096297
-3.388	-1.1832	0.0020089
-3.388	-1.1471	0.0064425
-3.388	-1.111	0.0074395
-3.388	-1.0749	0.0021826
-3.388	-1.0387	0.0028716
-3.388	-1.0026	0.024039
-3.388	-0.96645	0.049615
-3.388	-0.93032	0.038446
-3.388	-0.89419	0.0044629
-3.388	-0.85806	0.08869
-3.388	-0.82193	0.47988
-3.388	-0.7858	1.1877
-3.388	-0.74968	1.903
-3.388	-0.71355	2.1725
-3.388	-0.67742	1.7895
-3.388	-0.64129	1.0046
-3.388	-0.60516	0.31263
-3.388	-0.56903	0.021206
-3.388	-0.5329	0.050901
-3.388	-0.49677	0.12939
-3.388	-0.46064	0.10446
-3.388	-0.42451	0.028931
-3.388	-0.38838	0.0028797
-3.388	-0.35226	0.029662
-3.388	-0.31613	0.045919
-3.388	-0.28	0.026219
-3.388	-0.24387	0.0033052
-3.388	-0.20774	0.0046512
-3.388	-0.17162	0.01657
-3.388	-0.13549	0.016011
-3.388	-0.099357	0.0052633
-3.388	-0.027097	0.004046
-3.388	0.0090325	0.0065179
-3.388	0.045162	0.0036712
-3.388	0.3342	0.0033405
-3.388	0.37032	0.0064154
-3.388	0.40645	0.0034654
-3.388	0.44258	0.0021171
-3.388	0.47871	0.037812
-3.388	0.51484	0.14629
-3.388	0.55097	0.30799
-3.388	0.5871	0.43457
-3.388	0.62323	0.43615
-3.388	0.65936	0.30806
-3.388	0.69549	0.13896
-3.388	0.73162	0.027905
-3.388	0.76774	0.0018294
-3.388	0.80387	0.016855
-3.388	0.84	0.023434
-3.388	0.87613	0.012265
-3.388	0.91226	0.001498
-3.388	0.94839	0.0016438
-3.388	0.98452	0.005797
-3.388	1.0207	0.0054571
-3.388	1.0568	0.0018175
-3.388	1.129	0.0010243
-3.388	1.1651	0.0017078
-3.388	1.2013	0.00097397
-3.388	1.6709	0.00096422
-3.388	1.7071	0.00093252
-3.388	1.7793	0.00089975
-3.388	1.8155	0.0059409
-3.388	1.8516	0.014776
-3.388	1.8878	0.022456
-3.388	1.9239	0.023665
-3.388	1.96	0.017752
-3.388	1.9962	0.0090841
-3.388	2.0323	0.0026787
-3.3643	-1.1832	0.0018292
-3.3643	-1.1471	0.0052957
-3.3643	-1.111	0.0056431
-3.3643	-1.0749	0.001308
-3.3643	-1.0387	0.0036159
-3.3643	-1.0026	0.024573
-3.3643	-0.96645	0.047098
-3.3643	-0.93032	0.032863
-3.3643	-0.89419	0.0042731
-3.3643	-0.85806	0.11969
-3.3643	-0.82193	0.59011
-3.3643	-0.7858	1.4284
-3.3643	-0.74968	2.2798
-3.3643	-0.71355	2.6062
-3.3643	-0.67742	2.1449
-3.3643	-0.64129	1.1884
-3.3643	-0.60516	0.34873
-3.3643	-0.56903	0.018466
-3.3643	-0.5329	0.091569
-3.3643	-0.49677	0.20293
-3.3643	-0.46064	0.15397
-3.3643	-0.42451	0.037413
-3.3643	-0.38838	0.0074819
-3.3643	-0.35226	0.060855
-3.3643	-0.31613	0.087307
-3.3643	-0.28	0.046775
-3.3643	-0.24387	0.0046727
-3.3643	-0.20774	0.013618
-3.3643	-0.17162	0.042216
-3.3643	-0.13549	0.039467
-3.3643	-0.099357	0.012136
-3.3643	-0.063226	0.0014178
-3.3643	-0.027097	0.015327
-3.3643	0.0090325	0.024872
-3.3643	0.045162	0.01482
-3.3643	0.081291	0.0019962
-3.3643	0.11742	0.0023938
-3.3643	0.15355	0.0086142
-3.3643	0.18968	0.0079748
-3.3643	0.2258	0.0024623
-3.3643	0.29807	0.00082876
-3.3643	0.3342	0.00084151
-3.3643	0.44258	0.0010122
-3.3643	0.47871	0.018929
-3.3643	0.51484	0.085121
-3.3643	0.55097	0.20383
-3.3643	0.5871	0.318
-3.3643	0.62323	0.34418
-3.3643	0.65936	0.25583
-3.3643	0.69549	0.11733
-3.3643	0.73162	0.021706
-3.3643	0.76774	0.0029036
-3.3643	0.80387	0.021846
-3.3643	0.84	0.028343
-3.3643	0.87613	0.013997
-3.3643	0.91226	0.0013644
-3.3643	0.94839	0.0030737
-3.3643	0.98452	0.0092837
-3.3643	1.0207	0.0083421
-3.3643	1.0568	0.0025638
-3.3643	1.129	0.0022971
-3.3643	1.1651	0.0036806
-3.3643	1.2013	0.0021146
-3.3643	1.3096	0.0011412
-3.3643	1.3458	0.0010564
-3.3643	1.8155	0.0032111
-3.3643	1.8516	0.0083674
-3.3643	1.8878	0.013412
-3.3643	1.9239	0.014826
-3.3643	1.96	0.011554
-3.3643	1.9962	0.0060452
-3.3643	2.0323	0.0017534
-3.3405	-1.1832	0.0012404
-3.3405	-1.1471	0.0032394
-3.3405	-1.111	0.0031367
-3.3405	-1.0387	0.0031944
-3.3405	-1.0026	0.018017
-3.3405	-0.96645	0.031826
-3.3405	-0.93032	0.019497
-3.3405	-0.89419	0.0042101
-3.3405	-0.85806	0.11095
-3.3405	-0.82193	0.50144
-3.3405	-0.7858	1.1811
-3.3405	-0.74968	1.8649
-3.3405	-0.71355	2.1188
-3.3405	-0.67742	1.7286
-3.3405	-0.64129	0.93628
-3.3405	-0.60516	0.25446
-3.3405	-0.56903	0.011839
-3.3405	-0.5329	0.10535
-3.3405	-0.49677	0.20652
-3.3405	-0.46064	0.14642
-3.3405	-0.42451	0.0303
-3.3405	-0.38838	0.012616
-3.3405	-0.35226	0.07911
-3.3405	-0.31613	0.10536
-3.3405	-0.28	0.052304
-3.3405	-0.24387	0.0040878
-3.3405	-0.20774	0.024251
-3.3405	-0.17162	0.066204
-3.3405	-0.13549	0.058996
-3.3405	-0.099357	0.016269
-3.3405	-0.063226	0.0037566
-3.3405	-0.027097	0.033226
-3.3405	0.0090325	0.051804
-3.3405	0.045162	0.030171
-3.3405	0.081291	0.0033887
-3.3405	0.11742	0.0089907
-3.3405	0.15355	0.030335
-3.3405	0.18968	0.030258
-3.3405	0.2258	0.010204
-3.3405	0.26194	0.00089367
-3.3405	0.29807	0.010494
-3.3405	0.3342	0.017429
-3.3405	0.37032	0.010062
-3.3405	0.40645	0.0013011
-3.3405	0.44258	0.00086683
-3.3405	0.47871	0.0028796
-3.3405	0.51484	0.010565
-3.3405	0.55097	0.044464
-3.3405	0.5871	0.10549
-3.3405	0.62323	0.15067
-3.3405	0.65936	0.13465
-3.3405	0.69549	0.068704
-3.3405	0.73162	0.012265
-3.3405	0.76774	0.0037133
-3.3405	0.80387	0.022771
-3.3405	0.84	0.028681
-3.3405	0.87613	0.013617
-3.3405	0.91226	0.0010622
-3.3405	0.94839	0.0049363
-3.3405	0.98452	0.013204
-3.3405	1.0207	0.011365
-3.3405	1.0568	0.0031592
-3.3405	1.129	0.004471
-3.3405	1.1651	0.0067485
-3.3405	1.2013	0.0037279
-3.3405	1.2735	0.00092321
-3.3405	1.3096	0.002946
-3.3405	1.3458	0.002761
-3.3405	1.382	0.00089338
-3.3405	1.4903	0.0011349
-3.3405	1.8155	0.00088686
-3.3405	1.8516	0.0029637
-3.3405	1.8878	0.0056947
-3.3405	1.9239	0.007182
-3.3405	1.96	0.0061495
-3.3405	1.9962	0.0034115
-3.3405	2.0323	0.00098994
-3.3166	-2.1226	0.0011068
-3.3166	-2.0865	0.0014944
-3.3166	-2.0503	0.0013957
-3.3166	-2.0142	0.00091036
-3.3166	-1.1471	0.0018616
-3.3166	-1.111	0.0016188
-3.3166	-1.0387	0.0025508
-3.3166	-1.0026	0.012184
-3.3166	-0.96645	0.019713
-3.3166	-0.93032	0.010305
-3.3166	-0.89419	0.0045305
-3.3166	-0.85806	0.09156
-3.3166	-0.82193	0.38032
-3.3166	-0.7858	0.86551
-3.3166	-0.74968	1.3389
-3.3166	-0.71355	1.4951
-3.3166	-0.67742	1.1939
-3.3166	-0.64129	0.62234
-3.3166	-0.60516	0.15231
-3.3166	-0.56903	0.0086965
-3.3166	-0.5329	0.096855
-3.3166	-0.49677	0.168
-3.3166	-0.46064	0.10934
-3.3166	-0.42451	0.018347
-3.3166	-0.38838	0.015813
-3.3166	-0.35226	0.07725
-3.3166	-0.31613	0.094326
-3.3166	-0.28	0.042211
-3.3166	-0.24387	0.0028083
-3.3166	-0.20774	0.029943
-3.3166	-0.17162	0.071808
-3.3166	-0.13549	0.059595
-3.3166	-0.099357	0.014004
-3.3166	-0.063226	0.0066419
-3.3166	-0.027097	0.045688
-3.3166	0.0090325	0.066594
-3.3166	0.045162	0.036265
-3.3166	0.081291	0.0031833
-3.3166	0.11742	0.018064
-3.3166	0.15355	0.054482
-3.3166	0.18968	0.053359
-3.3166	0.2258	0.016874
-3.3166	0.26194	0.0030436
-3.3166	0.29807	0.032913
-3.3166	0.3342	0.058295
-3.3166	0.37032	0.03872
-3.3166	0.40645	0.0052964
-3.3166	0.44258	0.013499
-3.3166	0.47871	0.059891
-3.3166	0.51484	0.08781
-3.3166	0.55097	0.067293
-3.3166	0.5871	0.028885
-3.3166	0.62323	0.011948
-3.3166	0.65936	0.014451
-3.3166	0.69549	0.012261
-3.3166	0.73162	0.0026929
-3.3166	0.76774	0.0021489
-3.3166	0.80387	0.012459
-3.3166	0.84	0.016719
-3.3166	0.87613	0.0080989
-3.3166	0.94839	0.0051812
-3.3166	0.98452	0.012991
-3.3166	1.0207	0.011023
-3.3166	1.0568	0.0027847
-3.3166	1.0929	0.00085298
-3.3166	1.129	0.0064987
-3.3166	1.1651	0.0093902
-3.3166	1.2013	0.004976
-3.3166	1.2735	0.0019731
-3.3166	1.3096	0.0057026
-3.3166	1.3458	0.0052286
-3.3166	1.382	0.0015723
-3.3166	1.4542	0.0021441
-3.3166	1.4903	0.0034199
-3.3166	1.5265	0.0019993
-3.3166	1.6349	0.0014523
-3.3166	1.6709	0.0013982
-3.3166	1.9239	0.0014275
-3.3166	1.96	0.0017899
-3.3166	1.9962	0.0012575
-3.2927	-2.1587	0.00082369
-3.2927	-2.1226	0.0017884
-3.2927	-2.0865	0.0025127
-3.2927	-2.0503	0.0024871
-3.2927	-2.0142	0.001746
-3.2927	-1.9781	0.00081841
-3.2927	-1.1471	0.0010924
-3.2927	-1.111	0.00084899
-3.2927	-1.0387	0.0020675
-3.2927	-1.0026	0.0085635
-3.2927	-0.96645	0.012702
-3.2927	-0.93032	0.0055227
-3.2927	-0.89419	0.0051551
-3.2927	-0.85806	0.078348
-3.2927	-0.82193	0.30182
-3.2927	-0.7858	0.66407
-3.2927	-0.74968	1.0047
-3.2927	-0.71355	1.0992
-3.2927	-0.67742	0.85502
-3.2927	-0.64129	0.42544
-3.2927	-0.60516	0.091579
-3.2927	-0.56903	0.009236
-3.2927	-0.5329	0.088958
-3.2927	-0.49677	0.13721
-3.2927	-0.46064	0.081036
-3.2927	-0.42451	0.010514
-3.2927	-0.38838	0.018726
-3.2927	-0.35226	0.073141
-3.2927	-0.31613	0.081282
-3.2927	-0.28	0.03201
-3.2927	-0.24387	0.0024642
-3.2927	-0.20774	0.033913
-3.2927	-0.17162	0.071461
-3.2927	-0.13549	0.054208
-3.2927	-0.099357	0.010307
-3.2927	-0.063226	0.010045
-3.2927	-0.027097	0.053896
-3.2927	0.0090325	0.072055
-3.2927	0.045162	0.0354
-3.2927	0.081291	0.002556
-3.2927	0.11742	0.027727
-3.2927	0.15355	0.073463
-3.2927	0.18968	0.067603
-3.2927	0.2258	0.018554
-3.2927	0.26194	0.0071857
-3.2927	0.29807	0.061173
-3.2927	0.3342	0.10418
-3.2927	0.37032	0.067706
-3.2927	0.40645	0.0076054
-3.2927	0.44258	0.047856
-3.2927	0.47871	0.21617
-3.2927	0.51484	0.391
-3.2927	0.55097	0.43062
-3.2927	0.5871	0.31871
-3.2927	0.62323	0.15787
-3.2927	0.65936	0.047846
-3.2927	0.69549	0.0068964
-3.2927	0.80387	0.0014864
-3.2927	0.84	0.0030398
-3.2927	0.87613	0.0018635
-3.2927	0.94839	0.0025629
-3.2927	0.98452	0.0065651
-3.2927	1.0207	0.0057659
-3.2927	1.0568	0.001346
-3.2927	1.0929	0.0008596
-3.2927	1.129	0.0054985
-3.2927	1.1651	0.0077903
-3.2927	1.2013	0.0039929
-3.2927	1.2735	0.0025559
-3.2927	1.3096	0.0068274
-3.2927	1.3458	0.0061203
-3.2927	1.382	0.0016678
-3.2927	1.4542	0.0038787
-3.2927	1.4903	0.0060054
-3.2927	1.5265	0.0034477
-3.2927	1.5987	0.0013254
-3.2927	1.6349	0.0043432
-3.2927	1.6709	0.0044506
-3.2927	1.7071	0.0015403
-3.2927	1.7793	0.0028185
-3.2927	1.8155	0.0064339
-3.2927	1.8516	0.0071501
-3.2927	1.8878	0.0047541
-3.2927	1.9239	0.0018969
-3.2689	-2.1587	0.00099248
-3.2689	-2.1226	0.0021754
-3.2689	-2.0865	0.0031449
-3.2689	-2.0503	0.0032269
-3.2689	-2.0142	0.0023517
-3.2689	-1.9781	0.0011353
-3.2689	-1.0387	0.0017117
-3.2689	-1.0026	0.006313
-3.2689	-0.96645	0.0086424
-3.2689	-0.93032	0.0030441
-3.2689	-0.89419	0.0060491
-3.2689	-0.85806	0.072023
-3.2689	-0.82193	0.26064
-3.2689	-0.7858	0.55757
-3.2689	-0.74968	0.8278
-3.2689	-0.71355	0.88895
-3.2689	-0.67742	0.67362
-3.2689	-0.64129	0.31877
-3.2689	-0.60516	0.058979
-3.2689	-0.56903	0.012267
-3.2689	-0.5329	0.088661
-3.2689	-0.49677	0.12261
-3.2689	-0.46064	0.065226
-3.2689	-0.42451	0.0063109
-3.2689	-0.38838	0.023338
-3.2689	-0.35226	0.075035
-3.2689	-0.31613	0.075788
-3.2689	-0.28	0.025746
-3.2689	-0.24387	0.0033175
-3.2689	-0.20774	0.040623
-3.2689	-0.17162	0.075696
-3.2689	-0.13549	0.051937
-3.2689	-0.099357	0.0076298
-3.2689	-0.063226	0.0153
-3.2689	-0.027097	0.065693
-3.2689	0.0090325	0.07997
-3.2689	0.045162	0.034578
-3.2689	0.081291	0.0027756
-3.2689	0.11742	0.041428
-3.2689	0.15355	0.096411
-3.2689	0.18968	0.08158
-3.2689	0.2258	0.018397
-3.2689	0.26194	0.015143
-3.2689	0.29807	0.099866
-3.2689	0.3342	0.15808
-3.2689	0.37032	0.09483
-3.2689	0.40645	0.0086574
-3.2689	0.44258	0.11426
-3.2689	0.47871	0.47813
-3.2689	0.51484	0.89484
-3.2689	0.55097	1.0691
-3.2689	0.5871	0.89613
-3.2689	0.62323	0.53097
-3.2689	0.65936	0.20861
-3.2689	0.69549	0.043743
-3.2689	0.73162	0.0018854
-3.2689	0.76774	0.0025459
-3.2689	0.80387	0.0033163
-3.2689	0.84	0.0010835
-3.2689	0.98452	0.00127
-3.2689	1.0207	0.0014012
-3.2689	1.129	0.0026767
-3.2689	1.1651	0.0038579
-3.2689	1.2013	0.0019386
-3.2689	1.2735	0.001994
-3.2689	1.3096	0.0049975
-3.2689	1.3458	0.0043526
-3.2689	1.382	0.0010379
-3.2689	1.4542	0.0041253
-3.2689	1.4903	0.0061182
-3.2689	1.5265	0.003344
-3.2689	1.5987	0.0021946
-3.2689	1.6349	0.0066014
-3.2689	1.6709	0.0067248
-3.2689	1.7071	0.0021717
-3.2689	1.7793	0.0079331
-3.2689	1.8155	0.019653
-3.2689	1.8516	0.026163
-3.2689	1.8878	0.022899
-3.2689	1.9239	0.013797
-3.2689	1.96	0.0055508
-3.2689	1.9962	0.0013126
-3.2452	-2.1226	0.0016878
-3.2452	-2.0865	0.00251
-3.2452	-2.0503	0.0026594
-3.2452	-2.0142	0.0019959
-3.2452	-1.9781	0.00097862
-3.2452	-1.0387	0.0012811
-3.2452	-1.0026	0.0043805
-3.2452	-0.96645	0.0056489
-3.2452	-0.93032	0.001583
-3.2452	-0.89419	0.0067976
-3.2452	-0.85806	0.067156
-3.2452	-0.82193	0.23309
-3.2452	-0.7858	0.49157
-3.2452	-0.74968	0.72398
-3.2452	-0.71355	0.76975
-3.2452	-0.67742	0.57184
-3.2452	-0.64129	0.25776
-3.2452	-0.60516	0.040036
-3.2452	-0.56903	0.017671
-3.2452	-0.5329	0.096166
-3.2452	-0.49677	0.12049
-3.2452	-0.46064	0.057444
-3.2452	-0.42451	0.0042157
-3.2452	-0.38838	0.031377
-3.2452	-0.35226	0.085322
-3.2452	-0.31613	0.078422
-3.2452	-0.28	0.022509
-3.2452	-0.24387	0.0057994
-3.2452	-0.20774	0.053607
-3.2452	-0.17162	0.08906
-3.2452	-0.13549	0.054864
-3.2452	-0.099357	0.0060149
-3.2452	-0.063226	0.024886
-3.2452	-0.027097	0.087973
-3.2452	0.0090325	0.097302
-3.2452	0.045162	0.036238
-3.2452	0.081291	0.0048558
-3.2452	0.11742	0.065995
-3.2452	0.15355	0.13577
-3.2452	0.18968	0.10439
-3.2452	0.2258	0.018437
-3.2452	0.26194	0.031928
-3.2452	0.29807	0.16709
-3.2452	0.3342	0.24293
-3.2452	0.37032	0.13043
-3.2452	0.40645	0.012356
-3.2452	0.44258	0.25144
-3.2452	0.47871	0.9587
-3.2452	0.51484	1.7743
-3.2452	0.55097	2.1548
-3.2452	0.5871	1.8653
-3.2452	0.62323	1.1553
-3.2452	0.65936	0.47782
-3.2452	0.69549	0.10367
-3.2452	0.73162	0.0039823
-3.2452	0.76774	0.013483
-3.2452	0.80387	0.020658
-3.2452	0.84	0.01025
-3.2452	0.87613	0.0014939
-3.2452	1.1651	0.0011212
-3.2452	1.2735	0.0010778
-3.2452	1.3096	0.0026616
-3.2452	1.3458	0.0022884
-3.2452	1.4542	0.003246
-3.2452	1.4903	0.0045788
-3.2452	1.5265	0.0023201
-3.2452	1.5987	0.0024788
-3.2452	1.6349	0.0067577
-3.2452	1.6709	0.0065906
-3.2452	1.7071	0.0018482
-3.2452	1.7432	0.0012852
-3.2452	1.7793	0.012222
-3.2452	1.8155	0.030268
-3.2452	1.8516	0.042563
-3.2452	1.8878	0.040579
-3.2452	1.9239	0.02741
-3.2452	1.96	0.012791
-3.2452	1.9962	0.0036566
-3.2214	-2.1226	0.00095001
-3.2214	-2.0865	0.0014484
-3.2214	-2.0503	0.001572
-3.2214	-2.0142	0.0011997
-3.2214	-1.0026	0.0020233
-3.2214	-0.96645	0.0025792
-3.2214	-0.89419	0.0055946
-3.2214	-0.85806	0.049238
-3.2214	-0.82193	0.17011
-3.2214	-0.7858	0.3643
-3.2214	-0.74968	0.54619
-3.2214	-0.71355	0.5883
-3.2214	-0.67742	0.43706
-3.2214	-0.64129	0.19027
-3.2214	-0.60516	0.024398
-3.2214	-0.56903	0.023083
-3.2214	-0.5329	0.099761
-3.2214	-0.49677	0.11552
-3.2214	-0.46064	0.049518
-3.2214	-0.42451	0.0033448
-3.2214	-0.38838	0.041863
-3.2214	-0.35226	0.099312
-3.2214	-0.31613	0.083797
-3.2214	-0.28	0.019955
-3.2214	-0.24387	0.010733
-3.2214	-0.20774	0.074491
-3.2214	-0.17162	0.11182
-3.2214	-0.13549	0.061723
-3.2214	-0.099357	0.0051686
-3.2214	-0.063226	0.042555
-3.2214	-0.027097	0.12755
-3.2214	0.0090325	0.12854
-3.2214	0.045162	0.04042
-3.2214	0.081291	0.011066
-3.2214	0.11742	0.11329
-3.2214	0.15355	0.20807
-3.2214	0.18968	0.1444
-3.2214	0.2258	0.019165
-3.2214	0.26194	0.069894
-3.2214	0.29807	0.29941
-3.2214	0.3342	0.39854
-3.2214	0.37032	0.18723
-3.2214	0.40645	0.027798
-3.2214	0.44258	0.56505
-3.2214	0.47871	1.967
-3.2214	0.51484	3.5466
-3.2214	0.55097	4.2806
-3.2214	0.5871	3.7145
-3.2214	0.62323	2.3111
-3.2214	0.65936	0.95269
-3.2214	0.69549	0.19682
-3.2214	0.73162	0.0067757
-3.2214	0.76774	0.044294
-3.2214	0.80387	0.064455
-3.2214	0.84	0.033197
-3.2214	0.87613	0.0048564
-3.2214	0.91226	0.001438
-3.2214	0.94839	0.0059951
-3.2214	0.98452	0.0050431
-3.2214	1.0207	0.001443
-3.2214	1.3096	0.00090634
-3.2214	1.3458	0.00086591
-3.2214	1.4542	0.0021297
-3.2214	1.4903	0.002931
-3.2214	1.5265	0.0013766
-3.2214	1.5987	0.002402
-3.2214	1.6349	0.0059901
-3.2214	1.6709	0.0055185
-3.2214	1.7071	0.0012765
-3.2214	1.7432	0.0019524
-3.2214	1.7793	0.015094
-3.2214	1.8155	0.036388
-3.2214	1.8516	0.051805
-3.2214	1.8878	0.05082
-3.2214	1.9239	0.035647
-3.2214	1.96	0.017349
-3.2214	1.9962	0.0051288
-3.1976	-2.0503	0.00079846
-3.1976	-0.89419	0.0024141
-3.1976	-0.85806	0.020413
-3.1976	-0.82193	0.073305
-3.1976	-0.7858	0.16474
-3.1976	-0.74968	0.25836
-3.1976	-0.71355	0.28857
-3.1976	-0.67742	0.21869
-3.1976	-0.64129	0.093173
-3.1976	-0.60516	0.0096619
-3.1976	-0.56903	0.020026
-3.1976	-0.5329	0.072749
-3.1976	-0.49677	0.079621
-3.1976	-0.46064	0.030853
-3.1976	-0.42451	0.002896
-3.1976	-0.38838	0.041863
-3.1976	-0.35226	0.089755
-3.1976	-0.31613	0.07072
-3.1976	-0.28	0.013779
-3.1976	-0.24387	0.015718
-3.1976	-0.20774	0.086333
-3.1976	-0.17162	0.11996
-3.1976	-0.13549	0.059862
-3.1976	-0.099357	0.0046433
-3.1976	-0.063226	0.063852
-3.1976	-0.027097	0.16847
-3.1976	0.0090325	0.15703
-3.1976	0.045162	0.041213
-3.1976	0.081291	0.024066
-3.1976	0.11742	0.18551
-3.1976	0.15355	0.31038
-3.1976	0.18968	0.1952
-3.1976	0.2258	0.019484
-3.1976	0.26194	0.14807
-3.1976	0.29807	0.53866
-3.1976	0.3342	0.66102
-3.1976	0.37032	0.26772
-3.1976	0.40645	0.079927
-3.1976	0.44258	1.2791
-3.1976	0.47871	4.1171
-3.1976	0.51484	7.2322
-3.1976	0.55097	8.6362
-3.1976	0.5871	7.4491
-3.1976	0.62323	4.5964
-3.1976	0.65936	1.8523
-3.1976	0.69549	0.35147
-3.1976	0.73162	0.014758
-3.1976	0.76774	0.1273
-3.1976	0.80387	0.16938
-3.1976	0.84	0.083645
-3.1976	0.87613	0.010556
-3.1976	0.91226	0.0066675
-3.1976	0.94839	0.023968
-3.1976	0.98452	0.021029
-3.1976	1.0207	0.0065613
-3.1976	1.0929	0.0022131
-3.1976	1.129	0.0032339
-3.1976	1.1651	0.0014925
-3.1976	1.4542	0.00095027
-3.1976	1.4903	0.0014264
-3.1976	1.5987	0.0020324
-3.1976	1.6349	0.0048074
-3.1976	1.6709	0.0042317
-3.1976	1.7432	0.0026502
-3.1976	1.7793	0.017316
-3.1976	1.8155	0.040669
-3.1976	1.8516	0.058086
-3.1976	1.8878	0.05769
-3.1976	1.9239	0.041045
-3.1976	1.96	0.020158
-3.1976	1.9962	0.0058739
-3.1737	-0.85806	0.0040806
-3.1737	-0.82193	0.017057
-3.1737	-0.7858	0.043209
-3.1737	-0.74968	0.074173
-3.1737	-0.71355	0.088337
-3.1737	-0.67742	0.069305
-3.1737	-0.64129	0.028867
-3.1737	-0.60516	0.0023453
-3.1737	-0.56903	0.010929
-3.1737	-0.5329	0.034238
-3.1737	-0.49677	0.035323
-3.1737	-0.46064	0.012074
-3.1737	-0.42451	0.0022146
-3.1737	-0.38838	0.026665
-3.1737	-0.35226	0.052095
-3.1737	-0.31613	0.038093
-3.1737	-0.28	0.0058196
-3.1737	-0.24387	0.014301
-3.1737	-0.20774	0.064583
-3.1737	-0.17162	0.083705
-3.1737	-0.13549	0.03753
-3.1737	-0.099357	0.0039129
-3.1737	-0.063226	0.062666
-3.1737	-0.027097	0.1495
-3.1737	0.0090325	0.13024
-3.1737	0.045162	0.028022
-3.1737	0.081291	0.03491
-3.1737	0.11742	0.21382
-3.1737	0.15355	0.33353
-3.1737	0.18968	0.1918
-3.1737	0.2258	0.016382
-3.1737	0.26194	0.23145
-3.1737	0.29807	0.74581
-3.1737	0.3342	0.85964
-3.1737	0.37032	0.29857
-3.1737	0.40645	0.19132
-3.1737	0.44258	2.3669
-3.1737	0.47871	7.2365
-3.1737	0.51484	12.598
-3.1737	0.55097	15.088
-3.1737	0.5871	13.078
-3.1737	0.62323	8.068
-3.1737	0.65936	3.1886
-3.1737	0.69549	0.54846
-3.1737	0.73162	0.04083
-3.1737	0.76774	0.319
-3.1737	0.80387	0.38977
-3.1737	0.84	0.18109
-3.1737	0.87613	0.018515
-3.1737	0.91226	0.024564
-3.1737	0.94839	0.074515
-3.1737	0.98452	0.063221
-3.1737	1.0207	0.018753
-3.1737	1.0568	0.0010832
-3.1737	1.0929	0.010896
-3.1737	1.129	0.016385
-3.1737	1.1651	0.0085701
-3.1737	1.2013	0.0010281
-3.1737	1.2374	0.00085404
-3.1737	1.2735	0.0026348
-3.1737	1.3096	0.0019675
-3.1737	1.5987	0.0011972
-3.1737	1.6349	0.0029942
-3.1737	1.6709	0.0026755
-3.1737	1.7432	0.0031275
-3.1737	1.7793	0.018281
-3.1737	1.8155	0.042738
-3.1737	1.8516	0.061931
-3.1737	1.8878	0.062578
-3.1737	1.9239	0.045128
-3.1737	1.96	0.022215
-3.1737	1.9962	0.0062764
-3.1737	2.1045	0.0010155
-3.1499	-0.82193	0.0011038
-3.1499	-0.7858	0.0043643
-3.1499	-0.74968	0.010742
-3.1499	-0.71355	0.016182
-3.1499	-0.67742	0.014594
-3.1499	-0.64129	0.0062652
-3.1499	-0.56903	0.0045719
-3.1499	-0.5329	0.012773
-3.1499	-0.49677	0.012468
-3.1499	-0.46064	0.0036405
-3.1499	-0.42451	0.0015113
-3.1499	-0.38838	0.013514
-3.1499	-0.35226	0.023955
-3.1499	-0.31613	0.015905
-3.1499	-0.28	0.0018032
-3.1499	-0.24387	0.0096805
-3.1499	-0.20774	0.036338
-3.1499	-0.17162	0.0432
-3.1499	-0.13549	0.016777
-3.1499	-0.099357	0.0031982
-3.1499	-0.063226	0.042936
-3.1499	-0.027097	0.092002
-3.1499	0.0090325	0.073359
-3.1499	0.045162	0.01224
-3.1499	0.081291	0.032248
-3.1499	0.11742	0.16076
-3.1499	0.15355	0.23193
-3.1499	0.18968	0.11928
-3.1499	0.2258	0.01202
-3.1499	0.26194	0.2246
-3.1499	0.29807	0.64901
-3.1499	0.3342	0.69976
-3.1499	0.37032	0.20203
-3.1499	0.40645	0.27694
-3.1499	0.44258	2.7409
-3.1499	0.47871	8.0701
-3.1499	0.51484	14.046
-3.1499	0.55097	17.017
-3.1499	0.5871	14.961
-3.1499	0.62323	9.3122
-3.1499	0.65936	3.6359
-3.1499	0.69549	0.56211
-3.1499	0.73162	0.087703
-3.1499	0.76774	0.54043
-3.1499	0.80387	0.61916
-3.1499	0.84	0.27188
-3.1499	0.87613	0.021968
-3.1499	0.91226	0.061735
-3.1499	0.94839	0.16289
-3.1499	0.98452	0.13294
-3.1499	1.0207	0.036283
-3.1499	1.0568	0.0035998
-3.1499	1.0929	0.034869
-3.1499	1.129	0.050479
-3.1499	1.1651	0.026377
-3.1499	1.2013	0.0028241
-3.1499	1.2374	0.0046511
-3.1499	1.2735	0.014209
-3.1499	1.3096	0.01217
-3.1499	1.3458	0.0035952
-3.1499	1.4181	0.0017182
-3.1499	1.4542	0.0022358
-3.1499	1.4903	0.00091773
-3.1499	1.6709	0.00084723
-3.1499	1.7432	0.0025641
-3.1499	1.7793	0.015042
-3.1499	1.8155	0.037424
-3.1499	1.8516	0.057601
-3.1499	1.8878	0.061163
-3.1499	1.9239	0.045721
-3.1499	1.96	0.022872
-3.1499	1.9962	0.0062806
-3.1499	2.1045	0.0014788
-3.1499	2.1406	0.00099577
-3.1261	-2.1226	0.00092046
-3.1261	-1.0026	0.00085781
-3.1261	-0.89419	0.0015376
-3.1261	-0.85806	0.0043949
-3.1261	-0.82193	0.0061762
-3.1261	-0.7858	0.0050953
-3.1261	-0.74968	0.0025053
-3.1261	-0.71355	0.00099828
-3.1261	-0.67742	0.00086235
-3.1261	-0.56903	0.0012955
-3.1261	-0.5329	0.0035812
-3.1261	-0.49677	0.0035098
-3.1261	-0.46064	0.00086769
-3.1261	-0.42451	0.00092411
-3.1261	-0.38838	0.0062718
-3.1261	-0.35226	0.010263
-3.1261	-0.31613	0.006161
-3.1261	-0.24387	0.0061411
-3.1261	-0.20774	0.01956
-3.1261	-0.17162	0.021215
-3.1261	-0.13549	0.0069095
-3.1261	-0.099357	0.00273
-3.1261	-0.063226	0.027294
-3.1261	-0.027097	0.052306
-3.1261	0.0090325	0.037407
-3.1261	0.045162	0.0046119
-3.1261	0.081291	0.025501
-3.1261	0.11742	0.10489
-3.1261	0.15355	0.1376
-3.1261	0.18968	0.061025
-3.1261	0.2258	0.01046
-3.1261	0.26194	0.1733
-3.1261	0.29807	0.44482
-3.1261	0.3342	0.43709
-3.1261	0.37032	0.098595
-3.1261	0.40645	0.2846
-3.1261	0.44258	2.2877
-3.1261	0.47871	6.387
-3.1261	0.51484	10.895
-3.1261	0.55097	13.08
-3.1261	0.5871	11.425
-3.1261	0.62323	7.0282
-3.1261	0.65936	2.6485
-3.1261	0.69549	0.35189
-3.1261	0.73162	0.11669
-3.1261	0.76774	0.55502
-3.1261	0.80387	0.59257
-3.1261	0.84	0.24136
-3.1261	0.87613	0.015323
-3.1261	0.91226	0.088409
-3.1261	0.94839	0.20621
-3.1261	0.98452	0.16067
-3.1261	1.0207	0.039234
-3.1261	1.0568	0.0078868
-3.1261	1.0929	0.062142
-3.1261	1.129	0.085822
-3.1261	1.1651	0.043445
-3.1261	1.2013	0.0038495
-3.1261	1.2374	0.012988
-3.1261	1.2735	0.036661
-3.1261	1.3096	0.032008
-3.1261	1.3458	0.0093544
-3.1261	1.382	0.00088727
-3.1261	1.4181	0.009075
-3.1261	1.4542	0.013552
-3.1261	1.4903	0.00725
-3.1261	1.5265	0.00085394
-3.1261	1.5626	0.0008719
-3.1261	1.5987	0.0025457
-3.1261	1.6349	0.0017569
-3.1261	1.7793	0.0046898
-3.1261	1.8155	0.016568
-3.1261	1.8516	0.032517
-3.1261	1.8878	0.040995
-3.1261	1.9239	0.034588
-3.1261	1.96	0.018675
-3.1261	1.9962	0.0051746
-3.1261	2.0684	0.00098741
-3.1261	2.1045	0.0019262
-3.1261	2.1406	0.0012443
-3.1022	-2.1948	0.0010772
-3.1022	-2.1587	0.0022661
-3.1022	-2.1226	0.0030207
-3.1022	-2.0865	0.0028024
-3.1022	-2.0503	0.0018304
-3.1022	-2.0142	0.00079844
-3.1022	-1.0387	0.0013501
-3.1022	-1.0026	0.0017366
-3.1022	-0.89419	0.0054394
-3.1022	-0.85806	0.017018
-3.1022	-0.82193	0.02924
-3.1022	-0.7858	0.033269
-3.1022	-0.74968	0.026165
-3.1022	-0.71355	0.013827
-3.1022	-0.67742	0.0043843
-3.1022	-0.38838	0.0023181
-3.1022	-0.35226	0.0037081
-3.1022	-0.31613	0.0020558
-3.1022	-0.24387	0.0037038
-3.1022	-0.20774	0.010349
-3.1022	-0.17162	0.01035
-3.1022	-0.13549	0.0027562
-3.1022	-0.099357	0.0023679
-3.1022	-0.063226	0.017787
-3.1022	-0.027097	0.030764
-3.1022	0.0090325	0.019589
-3.1022	0.045162	0.0018426
-3.1022	0.081291	0.020395
-3.1022	0.11742	0.070808
-3.1022	0.15355	0.084195
-3.1022	0.18968	0.031364
-3.1022	0.2258	0.01086
-3.1022	0.26194	0.13445
-3.1022	0.29807	0.30699
-3.1022	0.3342	0.27088
-3.1022	0.37032	0.045496
-3.1022	0.40645	0.27547
-3.1022	0.44258	1.838
-3.1022	0.47871	4.825
-3.1022	0.51484	7.9544
-3.1022	0.55097	9.308
-3.1022	0.5871	7.928
-3.1022	0.62323	4.7179
-3.1022	0.65936	1.6703
-3.1022	0.69549	0.18005
-3.1022	0.73162	0.12423
-3.1022	0.76774	0.45977
-3.1022	0.80387	0.44798
-3.1022	0.84	0.16314
-3.1022	0.87613	0.0090978
-3.1022	0.91226	0.090807
-3.1022	0.94839	0.18531
-3.1022	0.98452	0.13366
-3.1022	1.0207	0.027593
-3.1022	1.0568	0.011476
-3.1022	1.0929	0.069703
-3.1022	1.129	0.089397
-3.1022	1.1651	0.042026
-3.1022	1.2013	0.002981
-3.1022	1.2374	0.019934
-3.1022	1.2735	0.05058
-3.1022	1.3096	0.042801
-3.1022	1.3458	0.011423
-3.1022	1.382	0.0022325
-3.1022	1.4181	0.019434
-3.1022	1.4542	0.028943
-3.1022	1.4903	0.015981
-3.1022	1.5265	0.0016975
-3.1022	1.5626	0.0042072
-3.1022	1.5987	0.013398
-3.1022	1.6349	0.012574
-3.1022	1.6709	0.0039933
-3.1022	1.7432	0.0034963
-3.1022	1.7793	0.00547
-3.1022	1.8155	0.0035536
-3.1022	1.8516	0.0031451
-3.1022	1.8878	0.0066566
-3.1022	1.9239	0.0092274
-3.1022	1.96	0.0068486
-3.1022	1.9962	0.0022315
-3.1022	2.0684	0.00090594
-3.1022	2.1045	0.0017212
-3.1022	2.1406	0.0011252
-3.0784	-2.1948	0.0013292
-3.0784	-2.1587	0.0029138
-3.0784	-2.1226	0.004156
-3.0784	-2.0865	0.0041836
-3.0784	-2.0503	0.0029877
-3.0784	-2.0142	0.0014221
-3.0784	-1.0387	0.002436
-3.0784	-1.0026	0.0029594
-3.0784	-0.96645	0.00096707
-3.0784	-0.93032	0.0012922
-3.0784	-0.89419	0.014068
-3.0784	-0.85806	0.043765
-3.0784	-0.82193	0.078812
-3.0784	-0.7858	0.097013
-3.0784	-0.74968	0.085178
-3.0784	-0.71355	0.052165
-3.0784	-0.67742	0.01998
-3.0784	-0.64129	0.0032659
-3.0784	-0.56903	0.0012646
-3.0784	-0.5329	0.0011866
-3.0784	-0.24387	0.0018321
-3.0784	-0.20774	0.0047532
-3.0784	-0.17162	0.0045311
-3.0784	-0.13549	0.0009665
-3.0784	-0.099357	0.001938
-3.0784	-0.063226	0.011475
-3.0784	-0.027097	0.018245
-3.0784	0.0090325	0.010337
-3.0784	0.045162	0.00095186
-3.0784	0.081291	0.016728
-3.0784	0.11742	0.050288
-3.0784	0.15355	0.054413
-3.0784	0.18968	0.016624
-3.0784	0.2258	0.012059
-3.0784	0.26194	0.11076
-3.0784	0.29807	0.22695
-3.0784	0.3342	0.17861
-3.0784	0.37032	0.022355
-3.0784	0.40645	0.27737
-3.0784	0.44258	1.5786
-3.0784	0.47871	3.9066
-3.0784	0.51484	6.2131
-3.0784	0.55097	7.0597
-3.0784	0.5871	5.832
-3.0784	0.62323	3.332
-3.0784	0.65936	1.0932
-3.0784	0.69549	0.091145
-3.0784	0.73162	0.13005
-3.0784	0.76774	0.38503
-3.0784	0.80387	0.3398
-3.0784	0.84	0.1079
-3.0784	0.87613	0.0074647
-3.0784	0.91226	0.088775
-3.0784	0.94839	0.15835
-3.0784	0.98452	0.10364
-3.0784	1.0207	0.017167
-3.0784	1.0568	0.014588
-3.0784	1.0929	0.068566
-3.0784	1.129	0.079998
-3.0784	1.1651	0.033629
-3.0784	1.2013	0.0021311
-3.0784	1.2374	0.023887
-3.0784	1.2735	0.053377
-3.0784	1.3096	0.04202
-3.0784	1.3458	0.0095479
-3.0784	1.382	0.0039251
-3.0784	1.4181	0.026481
-3.0784	1.4542	0.037082
-3.0784	1.4903	0.019393
-3.0784	1.5265	0.0016435
-3.0784	1.5626	0.0088852
-3.0784	1.5987	0.026245
-3.0784	1.6349	0.025454
-3.0784	1.6709	0.0081231
-3.0784	1.7071	0.0015512
-3.0784	1.7432	0.018739
-3.0784	1.7793	0.041934
-3.0784	1.8155	0.04755
-3.0784	1.8516	0.033267
-3.0784	1.8878	0.014536
-3.0784	1.9239	0.0036453
-3.0547	-2.1948	0.00097504
-3.0547	-2.1587	0.0021397
-3.0547	-2.1226	0.0031205
-3.0547	-2.0865	0.0032433
-3.0547	-2.0503	0.0023986
-3.0547	-2.0142	0.0011735
-3.0547	-1.0749	0.0011168
-3.0547	-1.0387	0.0034095
-3.0547	-1.0026	0.0039529
-3.0547	-0.96645	0.0010541
-3.0547	-0.93032	0.0031654
-3.0547	-0.89419	0.028884
-3.0547	-0.85806	0.088656
-3.0547	-0.82193	0.1632
-3.0547	-0.7858	0.20828
-3.0547	-0.74968	0.19099
-3.0547	-0.71355	0.12243
-3.0547	-0.67742	0.048471
-3.0547	-0.64129	0.0074477
-3.0547	-0.60516	0.0011887
-3.0547	-0.56903	0.0068939
-3.0547	-0.5329	0.0074015
-3.0547	-0.49677	0.0030338
-3.0547	-0.20774	0.0012353
-3.0547	-0.17162	0.0012838
-3.0547	-0.099357	0.0012995
-3.0547	-0.063226	0.0064954
-3.0547	-0.027097	0.0098635
-3.0547	0.0090325	0.0050287
-3.0547	0.081291	0.013466
-3.0547	0.11742	0.036083
-3.0547	0.15355	0.035874
-3.0547	0.18968	0.0087658
-3.0547	0.2258	0.013468
-3.0547	0.26194	0.095679
-3.0547	0.29807	0.17793
-3.0547	0.3342	0.12432
-3.0547	0.37032	0.013486
-3.0547	0.40645	0.29361
-3.0547	0.44258	1.4622
-3.0547	0.47871	3.4331
-3.0547	0.51484	5.2811
-3.0547	0.55097	5.8327
-3.0547	0.5871	4.6715
-3.0547	0.62323	2.5559
-3.0547	0.65936	0.76988
-3.0547	0.69549	0.047958
-3.0547	0.73162	0.14179
-3.0547	0.76774	0.34585
-3.0547	0.80387	0.27618
-3.0547	0.84	0.074947
-3.0547	0.87613	0.0091036
-3.0547	0.91226	0.091012
-3.0547	0.94839	0.14289
-3.0547	0.98452	0.084051
-3.0547	1.0207	0.010683
-3.0547	1.0568	0.018512
-3.0547	1.0929	0.069188
-3.0547	1.129	0.072987
-3.0547	1.1651	0.026798
-3.0547	1.2013	0.0021177
-3.0547	1.2374	0.027916
-3.0547	1.2735	0.054834
-3.0547	1.3096	0.039363
-3.0547	1.3458	0.0072267
-3.0547	1.382	0.0061642
-3.0547	1.4181	0.032207
-3.0547	1.4542	0.041365
-3.0547	1.4903	0.019598
-3.0547	1.5265	0.0013688
-3.0547	1.5626	0.014161
-3.0547	1.5987	0.037213
-3.0547	1.6349	0.03446
-3.0547	1.6709	0.0097354
-3.0547	1.7071	0.0041992
-3.0547	1.7432	0.041747
-3.0547	1.7793	0.097272
-3.0547	1.8155	0.12533
-3.0547	1.8516	0.10775
-3.0547	1.8878	0.064554
-3.0547	1.9239	0.02617
-3.0547	1.96	0.0063359
-3.0308	-2.1587	0.0012981
-3.0308	-2.1226	0.0018922
-3.0308	-2.0865	0.0019749
-3.0308	-2.0503	0.0014636
-3.0308	-1.0749	0.00085043
-3.0308	-1.0387	0.0025254
-3.0308	-1.0026	0.0028789
-3.0308	-0.93032	0.0043893
-3.0308	-0.89419	0.035824
-3.0308	-0.85806	0.11189
-3.0308	-0.82193	0.21526
-3.0308	-0.7858	0.28919
-3.0308	-0.74968	0.27911
-3.0308	-0.71355	0.18687
-3.0308	-0.67742	0.075258
-3.0308	-0.64129	0.010364
-3.0308	-0.60516	0.0039883
-3.0308	-0.56903	0.01871
-3.0308	-0.5329	0.020049
-3.0308	-0.49677	0.0081977
-3.0308	-0.42451	0.0024189
-3.0308	-0.38838	0.0052718
-3.0308	-0.35226	0.0037053
-3.0308	-0.31613	0.0008796
-3.0308	-0.063226	0.0022095
-3.0308	-0.027097	0.0036357
-3.0308	0.0090325	0.0017833
-3.0308	0.081291	0.0095017
-3.0308	0.11742	0.02377
-3.0308	0.15355	0.022266
-3.0308	0.18968	0.0042782
-3.0308	0.2258	0.014363
-3.0308	0.26194	0.083216
-3.0308	0.29807	0.14283
-3.0308	0.3342	0.088434
-3.0308	0.37032	0.012238
-3.0308	0.40645	0.32229
-3.0308	0.44258	1.4394
-3.0308	0.47871	3.2357
-3.0308	0.51484	4.8408
-3.0308	0.55097	5.2153
-3.0308	0.5871	4.0578
-3.0308	0.62323	2.125
-3.0308	0.65936	0.58243
-3.0308	0.69549	0.027745
-3.0308	0.73162	0.16312
-3.0308	0.76774	0.33605
-3.0308	0.80387	0.24276
-3.0308	0.84	0.055022
-3.0308	0.87613	0.013502
-3.0308	0.91226	0.099919
-3.0308	0.94839	0.13909
-3.0308	0.98452	0.072947
-3.0308	1.0207	0.0068615
-3.0308	1.0568	0.024351
-3.0308	1.0929	0.074422
-3.0308	1.129	0.070843
-3.0308	1.1651	0.022246
-3.0308	1.2013	0.0030541
-3.0308	1.2374	0.033959
-3.0308	1.2735	0.058913
-3.0308	1.3096	0.038143
-3.0308	1.3458	0.0054011
-3.0308	1.382	0.0095062
-3.0308	1.4181	0.039494
-3.0308	1.4542	0.046142
-3.0308	1.4903	0.019301
-3.0308	1.5265	0.0014604
-3.0308	1.5626	0.021144
-3.0308	1.5987	0.049119
-3.0308	1.6349	0.042147
-3.0308	1.6709	0.0098762
-3.0308	1.7071	0.0092211
-3.0308	1.7432	0.072903
-3.0308	1.7793	0.16525
-3.0308	1.8155	0.21774
-3.0308	1.8516	0.19673
-3.0308	1.8878	0.12687
-3.0308	1.9239	0.056805
-3.0308	1.96	0.015593
-3.0308	1.9962	0.0016564
-3.0069	-2.1226	0.0010591
-3.0069	-2.0865	0.0011064
-3.0069	-2.0503	0.00081601
-3.0069	-1.0387	0.00081476
-3.0069	-1.0026	0.00091781
-3.0069	-0.93032	0.0027523
-3.0069	-0.89419	0.020769
-3.0069	-0.85806	0.066829
-3.0069	-0.82193	0.13563
-3.0069	-0.7858	0.1935
-3.0069	-0.74968	0.19816
-3.0069	-0.71355	0.13953
-3.0069	-0.67742	0.057312
-3.0069	-0.64129	0.0069182
-3.0069	-0.60516	0.0061149
-3.0069	-0.56903	0.024339
-3.0069	-0.5329	0.02593
-3.0069	-0.49677	0.010291
-3.0069	-0.42451	0.0062014
-3.0069	-0.38838	0.013021
-3.0069	-0.35226	0.0095655
-3.0069	-0.31613	0.0021124
-3.0069	-0.24387	0.0036202
-3.0069	-0.20774	0.0040449
-3.0069	-0.17162	0.00161
-3.0069	0.081291	0.004048
-3.0069	0.11742	0.010682
-3.0069	0.15355	0.010277
-3.0069	0.18968	0.0016342
-3.0069	0.2258	0.012809
-3.0069	0.26194	0.065006
-3.0069	0.29807	0.10675
-3.0069	0.3342	0.059241
-3.0069	0.37032	0.015321
-3.0069	0.40645	0.34947
-3.0069	0.44258	1.4431
-3.0069	0.47871	3.1573
-3.0069	0.51484	4.6489
-3.0069	0.55097	4.9306
-3.0069	0.5871	3.7513
-3.0069	0.62323	1.8862
-3.0069	0.65936	0.46661
-3.0069	0.69549	0.020869
-3.0069	0.73162	0.19833
-3.0069	0.76774	0.35256
-3.0069	0.80387	0.23042
-3.0069	0.84	0.042415
-3.0069	0.87613	0.021556
-3.0069	0.91226	0.11835
-3.0069	0.94839	0.14697
-3.0069	0.98452	0.068123
-3.0069	1.0207	0.0048047
-3.0069	1.0568	0.033795
-3.0069	1.0929	0.086456
-3.0069	1.129	0.074124
-3.0069	1.1651	0.019432
-3.0069	1.2013	0.005314
-3.0069	1.2374	0.043944
-3.0069	1.2735	0.06767
-3.0069	1.3096	0.03913
-3.0069	1.3458	0.0041051
-3.0069	1.382	0.014943
-3.0069	1.4181	0.050734
-3.0069	1.4542	0.053707
-3.0069	1.4903	0.019396
-3.0069	1.5265	0.0023431
-3.0069	1.5626	0.03177
-3.0069	1.5987	0.065423
-3.0069	1.6349	0.051219
-3.0069	1.6709	0.0094551
-3.0069	1.7071	0.018693
-3.0069	1.7432	0.11978
-3.0069	1.7793	0.25905
-3.0069	1.8155	0.33807
-3.0069	1.8516	0.30727
-3.0069	1.8878	0.20102
-3.0069	1.9239	0.09155
-3.0069	1.96	0.025242
-3.0069	1.9962	0.0024394
-3.0069	2.0684	0.0017523
-3.0069	2.1045	0.001248
-2.9832	-0.93032	0.00095415
-2.9832	-0.89419	0.0068212
-2.9832	-0.85806	0.022736
-2.9832	-0.82193	0.048507
-2.9832	-0.7858	0.072741
-2.9832	-0.74968	0.077829
-2.9832	-0.71355	0.05648
-2.9832	-0.67742	0.023016
-2.9832	-0.64129	0.0023016
-2.9832	-0.60516	0.0045074
-2.9832	-0.56903	0.015448
-2.9832	-0.5329	0.016
-2.9832	-0.49677	0.0059341
-2.9832	-0.42451	0.0064943
-2.9832	-0.38838	0.012895
-2.9832	-0.35226	0.0093766
-2.9832	-0.31613	0.0017981
-2.9832	-0.28	0.0015276
-2.9832	-0.24387	0.0072444
-2.9832	-0.20774	0.0086155
-2.9832	-0.17162	0.0036573
-2.9832	-0.099357	0.002264
-2.9832	-0.063226	0.0041018
-2.9832	-0.027097	0.0024659
-2.9832	0.11742	0.001081
-2.9832	0.15355	0.0014349
-2.9832	0.2258	0.0060027
-2.9832	0.26194	0.030801
-2.9832	0.29807	0.053593
-2.9832	0.3342	0.028328
-2.9832	0.37032	0.016636
-2.9832	0.40645	0.30852
-2.9832	0.44258	1.2476
-2.9832	0.47871	2.7678
-2.9832	0.51484	4.1465
-2.9832	0.55097	4.4497
-2.9832	0.5871	3.3854
-2.9832	0.62323	1.6612
-2.9832	0.65936	0.37106
-2.9832	0.69549	0.023813
-2.9832	0.73162	0.24606
-2.9832	0.76774	0.38683
-2.9832	0.80387	0.2299
-2.9832	0.84	0.033345
-2.9832	0.87613	0.035425
-2.9832	0.91226	0.1501
-2.9832	0.94839	0.16762
-2.9832	0.98452	0.06809
-2.9832	1.0207	0.0043145
-2.9832	1.0568	0.049979
-2.9832	1.0929	0.10919
-2.9832	1.129	0.084196
-2.9832	1.1651	0.017905
-2.9832	1.2013	0.0099954
-2.9832	1.2374	0.0614
-2.9832	1.2735	0.084292
-2.9832	1.3096	0.043083
-2.9832	1.3458	0.0033611
-2.9832	1.382	0.024585
-2.9832	1.4181	0.069793
-2.9832	1.4542	0.066724
-2.9832	1.4903	0.020301
-2.9832	1.5265	0.004826
-2.9832	1.5626	0.04977
-2.9832	1.5987	0.091215
-2.9832	1.6349	0.064381
-2.9832	1.6709	0.0089439
-2.9832	1.7071	0.037241
-2.9832	1.7432	0.19853
-2.9832	1.7793	0.40707
-2.9832	1.8155	0.51907
-2.9832	1.8516	0.46613
-2.9832	1.8878	0.30233
-2.9832	1.9239	0.13592
-2.9832	1.96	0.036099
-2.9832	1.9962	0.0029257
-2.9832	2.0323	0.0013528
-2.9832	2.0684	0.0036847
-2.9832	2.1045	0.0025402
-2.9594	-0.89419	0.0012995
-2.9594	-0.85806	0.0048308
-2.9594	-0.82193	0.011524
-2.9594	-0.7858	0.018984
-2.9594	-0.74968	0.021831
-2.9594	-0.71355	0.016567
-2.9594	-0.67742	0.0066935
-2.9594	-0.60516	0.002288
-2.9594	-0.56903	0.0068721
-2.9594	-0.5329	0.0067934
-2.9594	-0.49677	0.0022625
-2.9594	-0.42451	0.0041665
-2.9594	-0.38838	0.0076252
-2.9594	-0.35226	0.0052265
-2.9594	-0.31613	0.00081175
-2.9594	-0.28	0.0016247
-2.9594	-0.24387	0.0064795
-2.9594	-0.20774	0.0074789
-2.9594	-0.17162	0.0029749
-2.9594	-0.099357	0.0038527
-2.9594	-0.063226	0.0073797
-2.9594	-0.027097	0.0050947
-2.9594	0.0090325	0.00087011
-2.9594	0.045162	0.00098135
-2.9594	0.081291	0.003552
-2.9594	0.11742	0.0032632
-2.9594	0.15355	0.00092498
-2.9594	0.26194	0.0029617
-2.9594	0.29807	0.0072905
-2.9594	0.3342	0.0045942
-2.9594	0.37032	0.0074678
-2.9594	0.40645	0.12919
-2.9594	0.44258	0.57394
-2.9594	0.47871	1.4119
-2.9594	0.51484	2.3192
-2.9594	0.55097	2.6863
-2.9594	0.5871	2.1621
-2.9594	0.62323	1.0856
-2.9594	0.65936	0.22462
-2.9594	0.69549	0.029583
-2.9594	0.73162	0.2547
-2.9594	0.76774	0.37052
-2.9594	0.80387	0.20544
-2.9594	0.84	0.023135
-2.9594	0.87613	0.053288
-2.9594	0.91226	0.18463
-2.9594	0.94839	0.18948
-2.9594	0.98452	0.067565
-2.9594	1.0207	0.005818
-2.9594	1.0568	0.075531
-2.9594	1.0929	0.14452
-2.9594	1.129	0.10079
-2.9594	1.1651	0.016899
-2.9594	1.2013	0.019402
-2.9594	1.2374	0.091986
-2.9594	1.2735	0.11344
-2.9594	1.3096	0.050806
-2.9594	1.3458	0.0034713
-2.9594	1.382	0.042983
-2.9594	1.4181	0.1041
-2.9594	1.4542	0.089709
-2.9594	1.4903	0.022365
-2.9594	1.5265	0.010955
-2.9594	1.5626	0.083361
-2.9594	1.5987	0.13653
-2.9594	1.6349	0.085918
-2.9594	1.6709	0.0088559
-2.9594	1.7071	0.076173
-2.9594	1.7432	0.34587
-2.9594	1.7793	0.6709
-2.9594	1.8155	0.83003
-2.9594	1.8516	0.72938
-2.9594	1.8878	0.46334
-2.9594	1.9239	0.20244
-2.9594	1.96	0.050602
-2.9594	1.9962	0.0032401
-2.9594	2.0323	0.0031625
-2.9594	2.0684	0.0070332
-2.9594	2.1045	0.0045279
-2.9594	2.1406	0.001035
-2.9356	-0.82193	0.0015551
-2.9356	-0.7858	0.0028347
-2.9356	-0.74968	0.0038288
-2.9356	-0.71355	0.0033187
-2.9356	-0.67742	0.0014257
-2.9356	-0.60516	0.00087828
-2.9356	-0.56903	0.0024511
-2.9356	-0.5329	0.0023647
-2.9356	-0.42451	0.0021851
-2.9356	-0.38838	0.0036983
-2.9356	-0.35226	0.0023484
-2.9356	-0.28	0.0012764
-2.9356	-0.24387	0.0042937
-2.9356	-0.20774	0.0046347
-2.9356	-0.17162	0.0016182
-2.9356	-0.099357	0.0037259
-2.9356	-0.063226	0.0067443
-2.9356	-0.027097	0.0045157
-2.9356	0.045162	0.001798
-2.9356	0.081291	0.0065559
-2.9356	0.11742	0.0071682
-2.9356	0.15355	0.0026245
-2.9356	0.2258	0.0030682
-2.9356	0.26194	0.0048627
-2.9356	0.29807	0.0024343
-2.9356	0.40645	0.010311
-2.9356	0.44258	0.06717
-2.9356	0.47871	0.22653
-2.9356	0.51484	0.4713
-2.9356	0.55097	0.65287
-2.9356	0.5871	0.60044
-2.9356	0.62323	0.32711
-2.9356	0.65936	0.064278
-2.9356	0.69549	0.020522
-2.9356	0.73162	0.14226
-2.9356	0.76774	0.20202
-2.9356	0.80387	0.10848
-2.9356	0.84	0.0096555
-2.9356	0.87613	0.050802
-2.9356	0.91226	0.15495
-2.9356	0.94839	0.15268
-2.9356	0.98452	0.048858
-2.9356	1.0207	0.0083166
-2.9356	1.0568	0.090895
-2.9356	1.0929	0.15976
-2.9356	1.129	0.10375
-2.9356	1.1651	0.013601
-2.9356	1.2013	0.033199
-2.9356	1.2374	0.12924
-2.9356	1.2735	0.14693
-2.9356	1.3096	0.058015
-2.9356	1.3458	0.0052233
-2.9356	1.382	0.075118
-2.9356	1.4181	0.15976
-2.9356	1.4542	0.12516
-2.9356	1.4903	0.024955
-2.9356	1.5265	0.025378
-2.9356	1.5626	0.14769
-2.9356	1.5987	0.21821
-2.9356	1.6349	0.1216
-2.9356	1.6709	0.010421
-2.9356	1.7071	0.16325
-2.9356	1.7432	0.64579
-2.9356	1.7793	1.1877
-2.9356	1.8155	1.4226
-2.9356	1.8516	1.218
-2.9356	1.8878	0.75306
-2.9356	1.9239	0.31685
-2.9356	1.96	0.073308
-2.9356	1.9962	0.0035405
-2.9356	2.0323	0.0072367
-2.9356	2.0684	0.01339
-2.9356	2.1045	0.0079264
-2.9356	2.1406	0.0015845
-2.9356	2.2129	0.00090695
-2.9356	2.2491	0.00098502
-2.9117	-0.89419	0.0017211
-2.9117	-0.85806	0.0027641
-2.9117	-0.82193	0.0028809
-2.9117	-0.7858	0.0021161
-2.9117	-0.74968	0.0011995
-2.9117	-0.42451	0.00093821
-2.9117	-0.38838	0.0015148
-2.9117	-0.35226	0.00090054
-2.9117	-0.28	0.00085212
-2.9117	-0.24387	0.0024757
-2.9117	-0.20774	0.0024843
-2.9117	-0.099357	0.0029404
-2.9117	-0.063226	0.0049065
-2.9117	-0.027097	0.0030253
-2.9117	0.045162	0.0021587
-2.9117	0.081291	0.0070233
-2.9117	0.11742	0.0075799
-2.9117	0.15355	0.002615
-2.9117	0.2258	0.0065836
-2.9117	0.26194	0.012415
-2.9117	0.29807	0.0086436
-2.9117	0.3342	0.0011566
-2.9117	0.37032	0.0037519
-2.9117	0.40645	0.015421
-2.9117	0.44258	0.020362
-2.9117	0.47871	0.014913
-2.9117	0.51484	0.017069
-2.9117	0.55097	0.036448
-2.9117	0.5871	0.050834
-2.9117	0.62323	0.035493
-2.9117	0.65936	0.0069364
-2.9117	0.69549	0.0063977
-2.9117	0.73162	0.036935
-2.9117	0.76774	0.052422
-2.9117	0.80387	0.027239
-2.9117	0.84	0.0020863
-2.9117	0.87613	0.023903
-2.9117	0.91226	0.066082
-2.9117	0.94839	0.063136
-2.9117	0.98452	0.017875
-2.9117	1.0207	0.0069599
-2.9117	1.0568	0.059395
-2.9117	1.0929	0.099144
-2.9117	1.129	0.061285
-2.9117	1.1651	0.0063175
-2.9117	1.2013	0.033905
-2.9117	1.2374	0.11596
-2.9117	1.2735	0.12644
-2.9117	1.3096	0.044965
-2.9117	1.3458	0.0078206
-2.9117	1.382	0.096799
-2.9117	1.4181	0.19026
-2.9117	1.4542	0.14009
-2.9117	1.4903	0.022275
-2.9117	1.5265	0.048509
-2.9117	1.5626	0.23143
-2.9117	1.5987	0.31844
-2.9117	1.6349	0.15918
-2.9117	1.6709	0.016335
-2.9117	1.7071	0.33567
-2.9117	1.7432	1.1987
-2.9117	1.7793	2.1277
-2.9117	1.8155	2.4986
-2.9117	1.8516	2.1032
-2.9117	1.8878	1.2731
-2.9117	1.9239	0.51683
-2.9117	1.96	0.10985
-2.9117	1.9962	0.0040407
-2.9117	2.0323	0.01673
-2.9117	2.0684	0.026334
-2.9117	2.1045	0.014259
-2.9117	2.1406	0.0024223
-2.9117	2.2129	0.0021024
-2.9117	2.2491	0.0020602
-2.8878	-0.93032	0.0013491
-2.8878	-0.89419	0.0042626
-2.8878	-0.85806	0.007549
-2.8878	-0.82193	0.0090036
-2.8878	-0.7858	0.0075898
-2.8878	-0.74968	0.0044531
-2.8878	-0.71355	0.0016679
-2.8878	-0.24387	0.0012145
-2.8878	-0.20774	0.0011444
-2.8878	-0.099357	0.0020408
-2.8878	-0.063226	0.0031382
-2.8878	-0.027097	0.0017413
-2.8878	0.045162	0.0021434
-2.8878	0.081291	0.0061478
-2.8878	0.11742	0.0062626
-2.8878	0.15355	0.0018606
-2.8878	0.18968	0.00097209
-2.8878	0.2258	0.0085561
-2.8878	0.26194	0.015853
-2.8878	0.29807	0.011161
-2.8878	0.3342	0.0013038
-2.8878	0.37032	0.010377
-2.8878	0.40645	0.04933
-2.8878	0.44258	0.094677
-2.8878	0.47871	0.10932
-2.8878	0.51484	0.082876
-2.8878	0.55097	0.040532
-2.8878	0.5871	0.011655
-2.8878	0.62323	0.0018131
-2.8878	0.73162	0.0040897
-2.8878	0.76774	0.0066819
-2.8878	0.80387	0.0035529
-2.8878	0.87613	0.0068864
-2.8878	0.91226	0.017519
-2.8878	0.94839	0.016062
-2.8878	0.98452	0.0037964
-2.8878	1.0207	0.0035524
-2.8878	1.0568	0.023328
-2.8878	1.0929	0.036387
-2.8878	1.129	0.020754
-2.8878	1.1651	0.0017326
-2.8878	1.2013	0.01904
-2.8878	1.2374	0.057652
-2.8878	1.2735	0.059623
-2.8878	1.3096	0.018507
-2.8878	1.3458	0.0070548
-2.8878	1.382	0.067761
-2.8878	1.4181	0.12526
-2.8878	1.4542	0.087371
-2.8878	1.4903	0.01091
-2.8878	1.5265	0.052157
-2.8878	1.5626	0.21679
-2.8878	1.5987	0.28714
-2.8878	1.6349	0.13113
-2.8878	1.6709	0.024306
-2.8878	1.7071	0.46709
-2.8878	1.7432	1.5884
-2.8878	1.7793	2.835
-2.8878	1.8155	3.3898
-2.8878	1.8516	2.907
-2.8878	1.8878	1.7803
-2.8878	1.9239	0.71764
-2.8878	1.96	0.14253
-2.8878	1.9962	0.0048528
-2.8878	2.0323	0.034666
-2.8878	2.0684	0.048317
-2.8878	2.1045	0.024307
-2.8878	2.1406	0.0034634
-2.8878	2.1768	0.0011353
-2.8878	2.2129	0.0047371
-2.8878	2.2491	0.0042296
-2.8878	2.2851	0.0013781
-2.8641	-0.93032	0.0025405
-2.8641	-0.89419	0.0078404
-2.8641	-0.85806	0.014222
-2.8641	-0.82193	0.017781
-2.8641	-0.7858	0.015966
-2.8641	-0.74968	0.010068
-2.8641	-0.71355	0.0039948
-2.8641	-0.099357	0.001212
-2.8641	-0.063226	0.0017371
-2.8641	-0.027097	0.00085339
-2.8641	0.045162	0.0018594
-2.8641	0.081291	0.0047456
-2.8641	0.11742	0.0044971
-2.8641	0.15355	0.0010861
-2.8641	0.18968	0.0013128
-2.8641	0.2258	0.0090698
-2.8641	0.26194	0.015865
-2.8641	0.29807	0.010485
-2.8641	0.3342	0.0010459
-2.8641	0.37032	0.017177
-2.8641	0.40645	0.078357
-2.8641	0.44258	0.16161
-2.8641	0.47871	0.21278
-2.8641	0.51484	0.19608
-2.8641	0.55097	0.12749
-2.8641	0.5871	0.055141
-2.8641	0.62323	0.013125
-2.8641	0.65936	0.00081102
-2.8641	0.87613	0.001094
-2.8641	0.91226	0.002876
-2.8641	0.94839	0.0027143
-2.8641	1.0207	0.0013779
-2.8641	1.0568	0.007236
-2.8641	1.0929	0.01063
-2.8641	1.129	0.0055037
-2.8641	1.2013	0.0082611
-2.8641	1.2374	0.022117
-2.8641	1.2735	0.021159
-2.8641	1.3096	0.0054001
-2.8641	1.3458	0.004512
-2.8641	1.382	0.032906
-2.8641	1.4181	0.055785
-2.8641	1.4542	0.035404
-2.8641	1.4903	0.0034064
-2.8641	1.5265	0.033817
-2.8641	1.5626	0.12209
-2.8641	1.5987	0.15188
-2.8641	1.6349	0.060714
-2.8641	1.6709	0.023744
-2.8641	1.7071	0.36062
-2.8641	1.7432	1.173
-2.8641	1.7793	2.1073
-2.8641	1.8155	2.5773
-2.8641	1.8516	2.2724
-2.8641	1.8878	1.427
-2.8641	1.9239	0.58048
-2.8641	1.96	0.10878
-2.8641	1.9962	0.005143
-2.8641	2.0323	0.044412
-2.8641	2.0684	0.057542
-2.8641	2.1045	0.027773
-2.8641	2.1406	0.0033318
-2.8641	2.1768	0.0023347
-2.8641	2.2129	0.0079012
-2.8641	2.2491	0.0066727
-2.8641	2.2851	0.0020092
-2.8641	2.3936	0.00086089
-2.8403	-0.93032	0.0044163
-2.8403	-0.89419	0.013096
-2.8403	-0.85806	0.023662
-2.8403	-0.82193	0.029895
-2.8403	-0.7858	0.027305
-2.8403	-0.74968	0.017502
-2.8403	-0.71355	0.0069273
-2.8403	-0.67742	0.0010405
-2.8403	-0.60516	0.0011703
-2.8403	-0.56903	0.0013006
-2.8403	0.045162	0.001391
-2.8403	0.081291	0.0032144
-2.8403	0.11742	0.0028235
-2.8403	0.18968	0.0015211
-2.8403	0.2258	0.0084728
-2.8403	0.26194	0.013869
-2.8403	0.29807	0.0083388
-2.8403	0.3342	0.00095144
-2.8403	0.37032	0.022862
-2.8403	0.40645	0.097198
-2.8403	0.44258	0.20254
-2.8403	0.47871	0.27723
-2.8403	0.51484	0.27051
-2.8403	0.55097	0.18917
-2.8403	0.5871	0.089032
-2.8403	0.62323	0.022735
-2.8403	0.65936	0.0012103
-2.8403	0.69549	0.0025103
-2.8403	0.73162	0.0047426
-2.8403	0.76774	0.0027749
-2.8403	1.0568	0.0015685
-2.8403	1.0929	0.002337
-2.8403	1.129	0.0011362
-2.8403	1.2013	0.0031101
-2.8403	1.2374	0.0075983
-2.8403	1.2735	0.0067844
-2.8403	1.3096	0.0013741
-2.8403	1.3458	0.0025555
-2.8403	1.382	0.014668
-2.8403	1.4181	0.022781
-2.8403	1.4542	0.012887
-2.8403	1.4903	0.0011384
-2.8403	1.5265	0.018972
-2.8403	1.5626	0.059501
-2.8403	1.5987	0.067856
-2.8403	1.6349	0.022496
-2.8403	1.6709	0.018649
-2.8403	1.7071	0.21521
-2.8403	1.7432	0.65376
-2.8403	1.7793	1.1444
-2.8403	1.8155	1.3825
-2.8403	1.8516	1.209
-2.8403	1.8878	0.75069
-2.8403	1.9239	0.29673
-2.8403	1.96	0.049853
-2.8403	1.9962	0.0044324
-2.8403	2.0323	0.032661
-2.8403	2.0684	0.038947
-2.8403	2.1045	0.01767
-2.8403	2.1406	0.0016988
-2.8403	2.1768	0.0025399
-2.8403	2.2129	0.0072277
-2.8403	2.2491	0.0058214
-2.8403	2.2851	0.0016168
-2.8403	2.3575	0.00079991
-2.8403	2.3936	0.0010415
-2.8165	-0.96645	0.001013
-2.8165	-0.93032	0.0072744
-2.8165	-0.89419	0.020944
-2.8165	-0.85806	0.03771
-2.8165	-0.82193	0.047841
-2.8165	-0.7858	0.043889
-2.8165	-0.74968	0.028053
-2.8165	-0.71355	0.010776
-2.8165	-0.67742	0.0013718
-2.8165	-0.60516	0.0027392
-2.8165	-0.56903	0.002876
-2.8165	-0.5329	0.0011704
-2.8165	-0.42451	0.00084647
-2.8165	0.045162	0.00081952
-2.8165	0.081291	0.0017703
-2.8165	0.11742	0.0014536
-2.8165	0.18968	0.00151
-2.8165	0.2258	0.0070292
-2.8165	0.26194	0.010806
-2.8165	0.29807	0.0057961
-2.8165	0.3342	0.0011709
-2.8165	0.37032	0.026649
-2.8165	0.40645	0.10577
-2.8165	0.44258	0.21927
-2.8165	0.47871	0.30439
-2.8165	0.51484	0.30365
-2.8165	0.55097	0.2175
-2.8165	0.5871	0.10404
-2.8165	0.62323	0.025827
-2.8165	0.65936	0.0011157
-2.8165	0.69549	0.005607
-2.8165	0.73162	0.01004
-2.8165	0.76774	0.0062326
-2.8165	0.80387	0.0012598
-2.8165	0.87613	0.0010119
-2.8165	0.91226	0.0010276
-2.8165	1.2013	0.00084101
-2.8165	1.2374	0.0020301
-2.8165	1.2735	0.0017778
-2.8165	1.3458	0.0012615
-2.8165	1.382	0.0060451
-2.8165	1.4181	0.0087938
-2.8165	1.4542	0.0044371
-2.8165	1.5265	0.010289
-2.8165	1.5626	0.028644
-2.8165	1.5987	0.029977
-2.8165	1.6349	0.0079726
-2.8165	1.6709	0.013933
-2.8165	1.7071	0.12628
-2.8165	1.7432	0.35886
-2.8165	1.7793	0.6078
-2.8165	1.8155	0.71701
-2.8165	1.8516	0.6126
-2.8165	1.8878	0.36901
-2.8165	1.9239	0.13818
-2.8165	1.96	0.019838
-2.8165	1.9962	0.0036491
-2.8165	2.0323	0.020044
-2.8165	2.0684	0.021485
-2.8165	2.1045	0.0087978
-2.8165	2.1768	0.0019648
-2.8165	2.2129	0.0046612
-2.8165	2.2491	0.0034496
-2.8165	2.2851	0.00083615
-2.7927	-0.96645	0.0012273
-2.7927	-0.93032	0.0082282
-2.7927	-0.89419	0.024319
-2.7927	-0.85806	0.045781
-2.7927	-0.82193	0.060814
-2.7927	-0.7858	0.058048
-2.7927	-0.74968	0.038034
-2.7927	-0.71355	0.01442
-2.7927	-0.67742	0.0015299
-2.7927	-0.64129	0.0015449
-2.7927	-0.60516	0.0055245
-2.7927	-0.56903	0.0054785
-2.7927	-0.5329	0.00203
-2.7927	-0.46064	0.0011756
-2.7927	-0.42451	0.0023881
-2.7927	-0.38838	0.001731
-2.7927	0.18968	0.0012123
-2.7927	0.2258	0.0049158
-2.7927	0.26194	0.007225
-2.7927	0.29807	0.0034128
-2.7927	0.3342	0.0015755
-2.7927	0.37032	0.027706
-2.7927	0.40645	0.10405
-2.7927	0.44258	0.21483
-2.7927	0.47871	0.30112
-2.7927	0.51484	0.30425
-2.7927	0.55097	0.21997
-2.7927	0.5871	0.10462
-2.7927	0.62323	0.024337
-2.7927	0.65936	0.0010428
-2.7927	0.69549	0.0090373
-2.7927	0.73162	0.014754
-2.7927	0.76774	0.008849
-2.7927	0.80387	0.0015497
-2.7927	0.87613	0.0028187
-2.7927	0.91226	0.0030175
-2.7927	0.94839	0.0012099
-2.7927	1.382	0.0019641
-2.7927	1.4181	0.0028277
-2.7927	1.4542	0.001302
-2.7927	1.5265	0.0051226
-2.7927	1.5626	0.013085
-2.7927	1.5987	0.01274
-2.7927	1.6349	0.002653
-2.7927	1.6709	0.0098941
-2.7927	1.7071	0.074036
-2.7927	1.7432	0.19978
-2.7927	1.7793	0.33009
-2.7927	1.8155	0.38228
-2.7927	1.8516	0.32006
-2.7927	1.8878	0.18709
-2.7927	1.9239	0.066038
-2.7927	1.96	0.0078507
-2.7927	1.9962	0.003026
-2.7927	2.0323	0.012459
-2.7927	2.0684	0.012008
-2.7927	2.1045	0.0043655
-2.7927	2.1768	0.0014584
-2.7927	2.2129	0.0029126
-2.7927	2.2491	0.001947
-2.7688	-0.93032	0.0044939
-2.7688	-0.89419	0.013767
-2.7688	-0.85806	0.027514
-2.7688	-0.82193	0.039133
-2.7688	-0.7858	0.04001
-2.7688	-0.74968	0.027808
-2.7688	-0.71355	0.010771
-2.7688	-0.67742	0.00096308
-2.7688	-0.64129	0.0022134
-2.7688	-0.60516	0.0070569
-2.7688	-0.56903	0.0069337
-2.7688	-0.5329	0.0024103
-2.7688	-0.46064	0.0025704
-2.7688	-0.42451	0.0048523
-2.7688	-0.38838	0.0033736
-2.7688	-0.28	0.0021224
-2.7688	-0.24387	0.0024771
-2.7688	-0.20774	0.0010267
-2.7688	-0.099357	0.0011343
-2.7688	0.2258	0.0023655
-2.7688	0.26194	0.0035192
-2.7688	0.29807	0.0014691
-2.7688	0.3342	0.0018344
-2.7688	0.37032	0.024728
-2.7688	0.40645	0.090337
-2.7688	0.44258	0.18885
-2.7688	0.47871	0.27004
-2.7688	0.51484	0.27785
-2.7688	0.55097	0.20289
-2.7688	0.5871	0.095451
-2.7688	0.62323	0.020399
-2.7688	0.65936	0.0013033
-2.7688	0.69549	0.012405
-2.7688	0.73162	0.018435
-2.7688	0.76774	0.010391
-2.7688	0.80387	0.0014917
-2.7688	0.84	0.0013001
-2.7688	0.87613	0.0050979
-2.7688	0.91226	0.0052207
-2.7688	0.94839	0.001967
-2.7688	1.0207	0.00092758
-2.7688	1.0568	0.0017018
-2.7688	1.0929	0.0010608
-2.7688	1.5265	0.0020047
-2.7688	1.5626	0.0049963
-2.7688	1.5987	0.0046894
-2.7688	1.6709	0.0062622
-2.7688	1.7071	0.040874
-2.7688	1.7432	0.1072
-2.7688	1.7793	0.17559
-2.7688	1.8155	0.20214
-2.7688	1.8516	0.16748
-2.7688	1.8878	0.095652
-2.7688	1.9239	0.031851
-2.7688	1.96	0.0030365
-2.7688	1.9962	0.0024655
-2.7688	2.0323	0.0079285
-2.7688	2.0684	0.0069243
-2.7688	2.1045	0.0022154
-2.7688	2.1768	0.0011037
-2.7688	2.2129	0.0018917
-2.7688	2.2491	0.0011398
-2.745	-0.93032	0.0015875
-2.745	-0.89419	0.0049191
-2.745	-0.85806	0.010084
-2.745	-0.82193	0.014751
-2.745	-0.7858	0.01547
-2.745	-0.74968	0.01091
-2.745	-0.71355	0.0041143
-2.745	-0.64129	0.001484
-2.745	-0.60516	0.0042619
-2.745	-0.56903	0.0041126
-2.745	-0.5329	0.0013158
-2.745	-0.46064	0.0026281
-2.745	-0.42451	0.0047975
-2.745	-0.38838	0.0032898
-2.745	-0.31613	0.00091021
-2.745	-0.28	0.0038252
-2.745	-0.24387	0.004409
-2.745	-0.20774	0.0017182
-2.745	-0.13549	0.002109
-2.745	-0.099357	0.0040494
-2.745	-0.063226	0.0028014
-2.745	0.045162	0.001822
-2.745	0.081291	0.0019245
-2.745	0.3342	0.0014844
-2.745	0.37032	0.01603
-2.745	0.40645	0.060715
-2.745	0.44258	0.13541
-2.745	0.47871	0.2056
-2.745	0.51484	0.22187
-2.745	0.55097	0.16702
-2.745	0.5871	0.07865
-2.745	0.62323	0.015345
-2.745	0.65936	0.0019494
-2.745	0.69549	0.015278
-2.745	0.73162	0.020883
-2.745	0.76774	0.010959
-2.745	0.80387	0.0012511
-2.745	0.84	0.0023964
-2.745	0.87613	0.0077093
-2.745	0.91226	0.0073765
-2.745	0.94839	0.002494
-2.745	1.0207	0.0021189
-2.745	1.0568	0.0035996
-2.745	1.0929	0.0021974
-2.745	1.2013	0.0012387
-2.745	1.2374	0.0011551
-2.745	1.5626	0.0011117
-2.745	1.5987	0.0011483
-2.745	1.6709	0.0030541
-2.745	1.7071	0.018824
-2.745	1.7432	0.050176
-2.745	1.7793	0.084162
-2.745	1.8155	0.098737
-2.745	1.8516	0.082516
-2.745	1.8878	0.046693
-2.745	1.9239	0.014742
-2.745	1.96	0.001091
-2.745	1.9962	0.0019063
-2.745	2.0323	0.0050011
-2.745	2.0684	0.0039936
-2.745	2.1045	0.0011135
-2.745	2.1768	0.00083924
-2.745	2.2129	0.0012571
-2.7211	-0.89419	0.0012724
-2.7211	-0.85806	0.0028293
-2.7211	-0.82193	0.0044004
-2.7211	-0.7858	0.0047999
-2.7211	-0.74968	0.0034222
-2.7211	-0.71355	0.0012259
-2.7211	-0.60516	0.0018068
-2.7211	-0.56903	0.0016256
-2.7211	-0.46064	0.0015037
-2.7211	-0.42451	0.0025311
-2.7211	-0.38838	0.0016114
-2.7211	-0.31613	0.00084262
-2.7211	-0.28	0.0030233
-2.7211	-0.24387	0.0033698
-2.7211	-0.20774	0.0011974
-2.7211	-0.13549	0.002921
-2.7211	-0.099357	0.0054672
-2.7211	-0.063226	0.0037583
-2.7211	0.0090325	0.0015334
-2.7211	0.045162	0.0058062
-2.7211	0.081291	0.0065831
-2.7211	0.11742	0.0025894
-2.7211	0.18968	0.0028732
-2.7211	0.2258	0.0052404
-2.7211	0.26194	0.0032778
-2.7211	0.3342	0.0012835
-2.7211	0.37032	0.0071177
-2.7211	0.40645	0.023018
-2.7211	0.44258	0.056931
-2.7211	0.47871	0.10142
-2.7211	0.51484	0.12618
-2.7211	0.55097	0.10564
-2.7211	0.5871	0.052686
-2.7211	0.62323	0.0096971
-2.7211	0.65936	0.0026591
-2.7211	0.69549	0.016491
-2.7211	0.73162	0.021316
-2.7211	0.76774	0.010493
-2.7211	0.80387	0.0009831
-2.7211	0.84	0.0038687
-2.7211	0.87613	0.010544
-2.7211	0.91226	0.009384
-2.7211	0.94839	0.0027768
-2.7211	1.0207	0.0039579
-2.7211	1.0568	0.0061059
-2.7211	1.0929	0.0034663
-2.7211	1.1651	0.0010191
-2.7211	1.2013	0.003088
-2.7211	1.2374	0.0028751
-2.7211	1.2735	0.00089826
-2.7211	1.3458	0.00094008
-2.7211	1.382	0.0014138
-2.7211	1.7071	0.0051355
-2.7211	1.7432	0.015988
-2.7211	1.7793	0.03018
-2.7211	1.8155	0.038569
-2.7211	1.8516	0.034118
-2.7211	1.8878	0.019792
-2.7211	1.9239	0.0060292
-2.7211	1.9962	0.0013354
-2.7211	2.0323	0.0029811
-2.7211	2.0684	0.0022025
-2.7211	2.2129	0.00082968
-2.6973	-2.2671	0.00087171
-2.6973	-2.2309	0.0017538
-2.6973	-2.1948	0.0021551
-2.6973	-2.1587	0.0017837
-2.6973	-2.1226	0.0010127
-2.6973	-0.7858	0.00099289
-2.6973	-0.42451	0.0011361
-2.6973	-0.28	0.0016947
-2.6973	-0.24387	0.0017222
-2.6973	-0.13549	0.0021427
-2.6973	-0.099357	0.0036989
-2.6973	-0.063226	0.0023445
-2.6973	0.0090325	0.001899
-2.6973	0.045162	0.0063825
-2.6973	0.081291	0.0071915
-2.6973	0.11742	0.0026217
-2.6973	0.18968	0.0071563
-2.6973	0.2258	0.014211
-2.6973	0.26194	0.010461
-2.6973	0.29807	0.0015119
-2.6973	0.3342	0.0062203
-2.6973	0.37032	0.029266
-2.6973	0.40645	0.051535
-2.6973	0.44258	0.055606
-2.6973	0.47871	0.047305
-2.6973	0.51484	0.040575
-2.6973	0.55097	0.034116
-2.6973	0.5871	0.019675
-2.6973	0.62323	0.0039996
-2.6973	0.65936	0.0021792
-2.6973	0.69549	0.012327
-2.6973	0.73162	0.016484
-2.6973	0.76774	0.0080825
-2.6973	0.84	0.0052262
-2.6973	0.87613	0.012674
-2.6973	0.91226	0.010677
-2.6973	0.94839	0.0027511
-2.6973	0.98452	0.0010473
-2.6973	1.0207	0.006609
-2.6973	1.0568	0.0092833
-2.6973	1.0929	0.0048056
-2.6973	1.1651	0.0023453
-2.6973	1.2013	0.006177
-2.6973	1.2374	0.0054178
-2.6973	1.2735	0.0014841
-2.6973	1.3458	0.0028566
-2.6973	1.382	0.0042555
-2.6973	1.4181	0.0023573
-2.6973	1.5265	0.0020284
-2.6973	1.5626	0.0018108
-2.6973	1.7432	0.0013517
-2.6973	1.7793	0.0040221
-2.6973	1.8155	0.0075231
-2.6973	1.8516	0.0085263
-2.6973	1.8878	0.0057297
-2.6973	1.9239	0.0018044
-2.6973	2.0323	0.0015464
-2.6973	2.0684	0.0010807
-2.6736	-2.2671	0.0010151
-2.6736	-2.2309	0.0023539
-2.6736	-2.1948	0.0035058
-2.6736	-2.1587	0.003613
-2.6736	-2.1226	0.0025731
-2.6736	-2.0865	0.001185
-2.6736	-0.28	0.00089769
-2.6736	-0.24387	0.00082172
-2.6736	-0.13549	0.0013597
-2.6736	-0.099357	0.0021082
-2.6736	-0.063226	0.0011687
-2.6736	0.0090325	0.0015954
-2.6736	0.045162	0.0046243
-2.6736	0.081291	0.0048138
-2.6736	0.11742	0.0014587
-2.6736	0.15355	0.00087948
-2.6736	0.18968	0.0076586
-2.6736	0.2258	0.014647
-2.6736	0.26194	0.010624
-2.6736	0.29807	0.0012637
-2.6736	0.3342	0.012747
-2.6736	0.37032	0.062741
-2.6736	0.40645	0.13024
-2.6736	0.44258	0.16773
-2.6736	0.47871	0.14833
-2.6736	0.51484	0.091808
-2.6736	0.55097	0.038931
-2.6736	0.5871	0.010687
-2.6736	0.62323	0.0014252
-2.6736	0.69549	0.0030705
-2.6736	0.73162	0.0052608
-2.6736	0.76774	0.0031328
-2.6736	0.84	0.0039425
-2.6736	0.87613	0.0095812
-2.6736	0.91226	0.008301
-2.6736	0.94839	0.0019962
-2.6736	0.98452	0.001778
-2.6736	1.0207	0.0088777
-2.6736	1.0568	0.011788
-2.6736	1.0929	0.0056345
-2.6736	1.1651	0.0046669
-2.6736	1.2013	0.010846
-2.6736	1.2374	0.0088634
-2.6736	1.2735	0.0020297
-2.6736	1.3096	0.0011178
-2.6736	1.3458	0.0068731
-2.6736	1.382	0.0095857
-2.6736	1.4181	0.004995
-2.6736	1.4903	0.0025567
-2.6736	1.5265	0.0073302
-2.6736	1.5626	0.0069819
-2.6736	1.5987	0.0021393
-2.6736	1.6709	0.0052423
-2.6736	1.7071	0.011044
-2.6736	1.7432	0.011589
-2.6736	1.7793	0.0071978
-2.6736	1.8155	0.0026631
-2.6498	-2.2309	0.0016748
-2.6498	-2.1948	0.0025709
-2.6498	-2.1587	0.0028311
-2.6498	-2.1226	0.0022295
-2.6498	-2.0865	0.0011652
-2.6498	-0.93032	0.0013896
-2.6498	-0.89419	0.0021984
-2.6498	-0.85806	0.0023557
-2.6498	-0.82193	0.0017632
-2.6498	-0.7858	0.00088919
-2.6498	-0.13549	0.00082513
-2.6498	-0.099357	0.0011544
-2.6498	0.0090325	0.0012232
-2.6498	0.045162	0.0030832
-2.6498	0.081291	0.0029013
-2.6498	0.15355	0.00096945
-2.6498	0.18968	0.0064789
-2.6498	0.2258	0.011395
-2.6498	0.26194	0.0075206
-2.6498	0.3342	0.015355
-2.6498	0.37032	0.070669
-2.6498	0.40645	0.15172
-2.6498	0.44258	0.21075
-2.6498	0.47871	0.20721
-2.6498	0.51484	0.14558
-2.6498	0.55097	0.0692
-2.6498	0.5871	0.018541
-2.6498	0.62323	0.0013514
-2.6498	0.65936	0.0010897
-2.6498	0.69549	0.0024623
-2.6498	0.73162	0.001882
-2.6498	0.76774	0.00084368
-2.6498	0.87613	0.0020694
-2.6498	0.91226	0.0022172
-2.6498	0.98452	0.0012919
-2.6498	1.0207	0.0056444
-2.6498	1.0568	0.0077534
-2.6498	1.0929	0.0036576
-2.6498	1.1651	0.0060264
-2.6498	1.2013	0.01326
-2.6498	1.2374	0.010549
-2.6498	1.2735	0.0020124
-2.6498	1.3096	0.0026599
-2.6498	1.3458	0.013248
-2.6498	1.382	0.017514
-2.6498	1.4181	0.0084443
-2.6498	1.4903	0.0074277
-2.6498	1.5265	0.019271
-2.6498	1.5626	0.01783
-2.6498	1.5987	0.0049202
-2.6498	1.6349	0.0024588
-2.6498	1.6709	0.02329
-2.6498	1.7071	0.053447
-2.6498	1.7432	0.067986
-2.6498	1.7793	0.057501
-2.6498	1.8155	0.033693
-2.6498	1.8516	0.013278
-2.6498	1.8878	0.0031369
-2.6258	-2.2309	0.0010933
-2.6258	-2.1948	0.0016259
-2.6258	-2.1587	0.0017494
-2.6258	-2.1226	0.0013522
-2.6258	-0.96645	0.0010772
-2.6258	-0.93032	0.0029112
-2.6258	-0.89419	0.0048104
-2.6258	-0.85806	0.0055292
-2.6258	-0.82193	0.0045486
-2.6258	-0.7858	0.0025856
-2.6258	-0.74968	0.00088365
-2.6258	0.0090325	0.0008748
-2.6258	0.045162	0.0019509
-2.6258	0.081291	0.0016516
-2.6258	0.15355	0.00095809
-2.6258	0.18968	0.0050879
-2.6258	0.2258	0.0081746
-2.6258	0.26194	0.0047636
-2.6258	0.3342	0.015668
-2.6258	0.37032	0.065999
-2.6258	0.40645	0.13984
-2.6258	0.44258	0.19668
-2.6258	0.47871	0.19853
-2.6258	0.51484	0.14435
-2.6258	0.55097	0.070863
-2.6258	0.5871	0.018793
-2.6258	0.62323	0.0010048
-2.6258	0.65936	0.0027992
-2.6258	0.69549	0.0056309
-2.6258	0.73162	0.003789
-2.6258	0.76774	0.00099153
-2.6258	1.0207	0.00098547
-2.6258	1.0568	0.0015287
-2.6258	1.1651	0.0029347
-2.6258	1.2013	0.0064826
-2.6258	1.2374	0.0052646
-2.6258	1.2735	0.00084384
-2.6258	1.3096	0.002978
-2.6258	1.3458	0.013216
-2.6258	1.382	0.017669
-2.6258	1.4181	0.0082217
-2.6258	1.4542	0.00084613
-2.6258	1.4903	0.013841
-2.6258	1.5265	0.034205
-2.6258	1.5626	0.031343
-2.6258	1.5987	0.0075598
-2.6258	1.6349	0.0086482
-2.6258	1.6709	0.068651
-2.6258	1.7071	0.15993
-2.6258	1.7432	0.21623
-2.6258	1.7793	0.1996
-2.6258	1.8155	0.13108
-2.6258	1.8516	0.059821
-2.6258	1.8878	0.016963
-2.6258	1.9239	0.0020145
-2.6021	-2.1948	0.0010212
-2.6021	-2.1587	0.0010654
-2.6021	-0.96645	0.0017789
-2.6021	-0.93032	0.0047339
-2.6021	-0.89419	0.0079361
-2.6021	-0.85806	0.009372
-2.6021	-0.82193	0.0079726
-2.6021	-0.7858	0.0046889
-2.6021	-0.74968	0.00163
-2.6021	0.045162	0.0011145
-2.6021	0.081291	0.00084791
-2.6021	0.15355	0.00084964
-2.6021	0.18968	0.0037222
-2.6021	0.2258	0.0054791
-2.6021	0.26194	0.0027626
-2.6021	0.3342	0.014605
-2.6021	0.37032	0.056581
-2.6021	0.40645	0.11708
-2.6021	0.44258	0.1638
-2.6021	0.47871	0.16567
-2.6021	0.51484	0.12077
-2.6021	0.55097	0.058824
-2.6021	0.5871	0.014709
-2.6021	0.65936	0.0039419
-2.6021	0.69549	0.0071694
-2.6021	0.73162	0.0046658
-2.6021	0.76774	0.0010052
-2.6021	0.84	0.0010195
-2.6021	0.87613	0.0012208
-2.6021	1.2013	0.0011919
-2.6021	1.2374	0.00097086
-2.6021	1.3096	0.0013007
-2.6021	1.3458	0.0051748
-2.6021	1.382	0.0069434
-2.6021	1.4181	0.0030414
-2.6021	1.4903	0.010488
-2.6021	1.5265	0.025738
-2.6021	1.5626	0.024134
-2.6021	1.5987	0.0050878
-2.6021	1.6349	0.014037
-2.6021	1.6709	0.10136
-2.6021	1.7071	0.25052
-2.6021	1.7432	0.37047
-2.6021	1.7793	0.37716
-2.6021	1.8155	0.27338
-2.6021	1.8516	0.13697
-2.6021	1.8878	0.041775
-2.6021	1.9239	0.0047989
-2.6021	1.9962	0.0027286
-2.6021	2.0323	0.0021451
-2.5783	-0.96645	0.0023825
-2.5783	-0.93032	0.0062996
-2.5783	-0.89419	0.010712
-2.5783	-0.85806	0.012897
-2.5783	-0.82193	0.011173
-2.5783	-0.7858	0.0066351
-2.5783	-0.74968	0.002259
-2.5783	0.18968	0.0024422
-2.5783	0.2258	0.0033193
-2.5783	0.26194	0.0014192
-2.5783	0.3342	0.012429
-2.5783	0.37032	0.044812
-2.5783	0.40645	0.090613
-2.5783	0.44258	0.12567
-2.5783	0.47871	0.1265
-2.5783	0.51484	0.091503
-2.5783	0.55097	0.043556
-2.5783	0.5871	0.0099997
-2.5783	0.65936	0.0043733
-2.5783	0.69549	0.0071426
-2.5783	0.73162	0.004363
-2.5783	0.84	0.0016592
-2.5783	0.87613	0.0018932
-2.5783	0.91226	0.00083252
-2.5783	1.3458	0.0010907
-2.5783	1.382	0.0014431
-2.5783	1.4903	0.0039766
-2.5783	1.5265	0.0092784
-2.5783	1.5626	0.0084123
-2.5783	1.5987	0.001414
-2.5783	1.6349	0.0093433
-2.5783	1.6709	0.061352
-2.5783	1.7071	0.158
-2.5783	1.7432	0.25233
-2.5783	1.7793	0.28188
-2.5783	1.8155	0.22581
-2.5783	1.8516	0.12483
-2.5783	1.8878	0.041074
-2.5783	1.9239	0.0044813
-2.5783	1.96	0.0015596
-2.5783	1.9962	0.0056346
-2.5783	2.0323	0.0046923
-2.5783	2.0684	0.0014646
-2.5545	-0.96645	0.0024196
-2.5545	-0.93032	0.0065501
-2.5545	-0.89419	0.011594
-2.5545	-0.85806	0.014499
-2.5545	-0.82193	0.012927
-2.5545	-0.7858	0.0077694
-2.5545	-0.74968	0.0025677
-2.5545	-0.64129	0.001207
-2.5545	-0.60516	0.0010295
-2.5545	0.18968	0.0013258
-2.5545	0.2258	0.001693
-2.5545	0.3342	0.0093732
-2.5545	0.37032	0.03199
-2.5545	0.40645	0.063715
-2.5545	0.44258	0.087968
-2.5545	0.47871	0.088252
-2.5545	0.51484	0.063251
-2.5545	0.55097	0.029263
-2.5545	0.5871	0.0060513
-2.5545	0.65936	0.0041885
-2.5545	0.69549	0.0061709
-2.5545	0.73162	0.0034855
-2.5545	0.84	0.0019516
-2.5545	0.87613	0.002071
-2.5545	0.91226	0.00081791
-2.5545	1.0207	0.00080591
-2.5545	1.4903	0.0010396
-2.5545	1.5265	0.0023326
-2.5545	1.5626	0.0020125
-2.5545	1.6349	0.004112
-2.5545	1.6709	0.024139
-2.5545	1.7071	0.061852
-2.5545	1.7432	0.10083
-2.5545	1.7793	0.1161
-2.5545	1.8155	0.096204
-2.5545	1.8516	0.054805
-2.5545	1.8878	0.018115
-2.5545	1.9239	0.0017053
-2.5545	1.96	0.001385
-2.5545	1.9962	0.0042961
-2.5545	2.0323	0.0036218
-2.5545	2.0684	0.0011236
-2.5307	-0.96645	0.0025081
-2.5307	-0.93032	0.005519
-2.5307	-0.89419	0.0093011
-2.5307	-0.85806	0.012069
-2.5307	-0.82193	0.011422
-2.5307	-0.7858	0.007186
-2.5307	-0.74968	0.0023574
-2.5307	-0.64129	0.0016428
-2.5307	-0.60516	0.001335
-2.5307	0.3342	0.0058446
-2.5307	0.37032	0.019425
-2.5307	0.40645	0.038845
-2.5307	0.44258	0.054146
-2.5307	0.47871	0.054689
-2.5307	0.51484	0.03909
-2.5307	0.55097	0.017603
-2.5307	0.5871	0.0032272
-2.5307	0.65936	0.0035375
-2.5307	0.69549	0.0047428
-2.5307	0.73162	0.0024562
-2.5307	0.84	0.001922
-2.5307	0.87613	0.0018808
-2.5307	1.0207	0.001038
-2.5307	1.6349	0.0013614
-2.5307	1.6709	0.0074762
-2.5307	1.7071	0.01951
-2.5307	1.7432	0.0328
-2.5307	1.7793	0.038869
-2.5307	1.8155	0.032886
-2.5307	1.8516	0.018837
-2.5307	1.8878	0.0060119
-2.5307	1.96	0.00079774
-2.5307	1.9962	0.0020845
-2.5307	2.0323	0.0016655
-2.5069	-1.0026	0.001846
-2.5069	-0.96645	0.0062906
-2.5069	-0.93032	0.011259
-2.5069	-0.89419	0.013508
-2.5069	-0.85806	0.012171
-2.5069	-0.82193	0.0087884
-2.5069	-0.7858	0.0048728
-2.5069	-0.74968	0.0015246
-2.5069	-0.64129	0.0017526
-2.5069	-0.60516	0.0014112
-2.5069	-0.46064	0.0010402
-2.5069	0.3342	0.002519
-2.5069	0.37032	0.0087039
-2.5069	0.40645	0.018371
-2.5069	0.44258	0.026854
-2.5069	0.47871	0.028104
-2.5069	0.51484	0.020461
-2.5069	0.55097	0.0090851
-2.5069	0.5871	0.0014618
-2.5069	0.65936	0.0026051
-2.5069	0.69549	0.0032186
-2.5069	0.73162	0.0015209
-2.5069	0.84	0.0016532
-2.5069	0.87613	0.0014878
-2.5069	1.0207	0.0010671
-2.5069	1.6709	0.0014346
-2.5069	1.7071	0.0041523
-2.5069	1.7432	0.0077685
-2.5069	1.7793	0.010058
-2.5069	1.8155	0.0090868
-2.5069	1.8516	0.0054005
-2.5069	1.8878	0.001692
-2.5069	1.9962	0.00086776
-2.483	-1.0026	0.0026782
-2.483	-0.96645	0.0093316
-2.483	-0.93032	0.018205
-2.483	-0.89419	0.023962
-2.483	-0.85806	0.022348
-2.483	-0.82193	0.014571
-2.483	-0.7858	0.0061134
-2.483	-0.74968	0.0012328
-2.483	-0.64129	0.0012216
-2.483	-0.60516	0.00099812
-2.483	-0.49677	0.00084419
-2.483	-0.46064	0.0011811
-2.483	-0.31613	0.00094047
-2.483	-0.13549	0.00079789
-2.483	0.37032	0.001845
-2.483	0.40645	0.0048284
-2.483	0.44258	0.0083933
-2.483	0.47871	0.0099744
-2.483	0.51484	0.0078997
-2.483	0.55097	0.0036185
-2.483	0.65936	0.0015934
-2.483	0.69549	0.0018534
-2.483	0.73162	0.00079946
-2.483	0.84	0.0012451
-2.483	0.87613	0.0010313
-2.483	1.0207	0.00094025
-2.483	1.7432	0.0010474
-2.483	1.7793	0.001478
-2.483	1.8155	0.00156
-2.483	1.8516	0.0010559
-2.4592	-1.0026	0.0030091
-2.4592	-0.96645	0.010021
-2.4592	-0.93032	0.01963
-2.4592	-0.89419	0.026609
-2.4592	-0.85806	0.026028
-2.4592	-0.82193	0.017965
-2.4592	-0.7858	0.007835
-2.4592	-0.74968	0.0014504
-2.4592	-0.67742	0.001038
-2.4592	-0.64129	0.0013689
-2.4592	-0.31613	0.0012255
-2.4592	-0.28	0.00093145
-2.4592	-0.17162	0.0011426
-2.4592	-0.13549	0.0013798
-2.4592	0.0090325	0.0013609
-2.4592	0.045162	0.0011152
-2.4592	0.15355	0.00082383
-2.4592	0.18968	0.0011901
-2.4592	0.3342	0.0012746
-2.4592	0.37032	0.0016016
-2.4592	0.40645	0.0012775
-2.4592	0.44258	0.0011155
-2.4592	0.47871	0.0014052
-2.4592	0.51484	0.0014561
-2.4592	0.55097	0.00081392
-2.4592	0.69549	0.00081282
-2.4592	1.6709	0.0018575
-2.4592	1.7071	0.0023212
-2.4592	1.7432	0.0018892
-2.4592	1.7793	0.001083
-2.4353	-1.0026	0.0030466
-2.4353	-0.96645	0.0095999
-2.4353	-0.93032	0.01844
-2.4353	-0.89419	0.024859
-2.4353	-0.85806	0.024347
-2.4353	-0.82193	0.016839
-2.4353	-0.7858	0.0072581
-2.4353	-0.74968	0.0012166
-2.4353	-0.67742	0.0015158
-2.4353	-0.64129	0.001893
-2.4353	-0.60516	0.00094331
-2.4353	-0.17162	0.0016514
-2.4353	-0.13549	0.0019133
-2.4353	-0.027097	0.0013846
-2.4353	0.0090325	0.002723
-2.4353	0.045162	0.0020346
-2.4353	0.15355	0.0024262
-2.4353	0.18968	0.0033187
-2.4353	0.2258	0.0016798
-2.4353	0.29807	0.002301
-2.4353	0.3342	0.0078053
-2.4353	0.37032	0.01231
-2.4353	0.40645	0.012228
-2.4353	0.44258	0.0082314
-2.4353	0.47871	0.0037236
-2.4353	0.51484	0.0010702
-2.4353	1.4903	0.00099693
-2.4353	1.5265	0.0009589
-2.4353	1.6349	0.0016631
-2.4353	1.6709	0.0040528
-2.4353	1.7071	0.0055833
-2.4353	1.7432	0.0051961
-2.4353	1.7793	0.0034199
-2.4353	1.8155	0.0015639
-2.4116	-1.0026	0.0028516
-2.4116	-0.96645	0.0085224
-2.4116	-0.93032	0.01598
-2.4116	-0.89419	0.021241
-2.4116	-0.85806	0.020564
-2.4116	-0.82193	0.013992
-2.4116	-0.7858	0.0058032
-2.4116	-0.74968	0.00083755
-2.4116	-0.67742	0.0016962
-2.4116	-0.64129	0.0019893
-2.4116	-0.60516	0.00092362
-2.4116	-0.17162	0.00093082
-2.4116	-0.13549	0.0011944
-2.4116	-0.027097	0.0021864
-2.4116	0.0090325	0.0041599
-2.4116	0.045162	0.0029608
-2.4116	0.11742	0.0014253
-2.4116	0.15355	0.0057504
-2.4116	0.18968	0.0072791
-2.4116	0.2258	0.0032712
-2.4116	0.29807	0.0079551
-2.4116	0.3342	0.025738
-2.4116	0.37032	0.042456
-2.4116	0.40645	0.046332
-2.4116	0.44258	0.035919
-2.4116	0.47871	0.019725
-2.4116	0.51484	0.0071226
-2.4116	0.55097	0.0013258
-2.4116	1.4903	0.0011069
-2.4116	1.5265	0.00098903
-2.4116	1.6349	0.002545
-2.4116	1.6709	0.0060849
-2.4116	1.7071	0.0086115
-2.4116	1.7432	0.0084213
-2.4116	1.7793	0.0059155
-2.4116	1.8155	0.0029121
-2.4116	1.8516	0.00089678
-2.3878	-1.0026	0.0024735
-2.3878	-0.96645	0.0070443
-2.3878	-0.93032	0.012892
-2.3878	-0.89419	0.016857
-2.3878	-0.85806	0.016062
-2.3878	-0.82193	0.010677
-2.3878	-0.7858	0.0042075
-2.3878	-0.67742	0.0016515
-2.3878	-0.64129	0.0017954
-2.3878	-0.49677	0.00092204
-2.3878	-0.027097	0.0011174
-2.3878	0.0090325	0.002389
-2.3878	0.045162	0.0018774
-2.3878	0.11742	0.0025038
-2.3878	0.15355	0.0094226
-2.3878	0.18968	0.012007
-2.3878	0.2258	0.0049206
-2.3878	0.26194	0.0014345
-2.3878	0.29807	0.022033
-2.3878	0.3342	0.067254
-2.3878	0.37032	0.11089
-2.3878	0.40645	0.12349
-2.3878	0.44258	0.099029
-2.3878	0.47871	0.056888
-2.3878	0.51484	0.021609
-2.3878	0.55097	0.0041084
-2.3878	0.65936	0.00099371
-2.3878	1.4903	0.0010592
-2.3878	1.5265	0.00086917
-2.3878	1.6349	0.0031967
-2.3878	1.6709	0.0073921
-2.3878	1.7071	0.010478
-2.3878	1.7432	0.010408
-2.3878	1.7793	0.0074722
-2.3878	1.8155	0.0037559
-2.3878	1.8516	0.001158
-2.3639	-1.0026	0.0019807
-2.3639	-0.96645	0.0054041
-2.3639	-0.93032	0.0096654
-2.3639	-0.89419	0.012428
-2.3639	-0.85806	0.011635
-2.3639	-0.82193	0.0075277
-2.3639	-0.7858	0.0027929
-2.3639	-0.67742	0.0014532
-2.3639	-0.64129	0.001459
-2.3639	-0.49677	0.00092075
-2.3639	0.11742	0.0012135
-2.3639	0.15355	0.0048498
-2.3639	0.18968	0.0071761
-2.3639	0.2258	0.0030229
-2.3639	0.26194	0.0027146
-2.3639	0.29807	0.03631
-2.3639	0.3342	0.11912
-2.3639	0.37032	0.21468
-2.3639	0.40645	0.25728
-2.3639	0.44258	0.21761
-2.3639	0.47871	0.12929
-2.3639	0.51484	0.049591
-2.3639	0.55097	0.008929
-2.3639	0.62323	0.0027597
-2.3639	0.65936	0.0035028
-2.3639	0.69549	0.0016985
-2.3639	1.4903	0.00088445
-2.3639	1.6349	0.0034671
-2.3639	1.6709	0.0077368
-2.3639	1.7071	0.010886
-2.3639	1.7432	0.010839
-2.3639	1.7793	0.0078177
-2.3639	1.8155	0.0039243
-2.3639	1.8516	0.0011767
-2.34	-1.0026	0.0014541
-2.34	-0.96645	0.0038223
-2.34	-0.93032	0.006695
-2.34	-0.89419	0.0084689
-2.34	-0.85806	0.0077836
-2.34	-0.82193	0.0048884
-2.34	-0.7858	0.0016926
-2.34	-0.67742	0.0011675
-2.34	-0.64129	0.0010809
-2.34	-0.49677	0.00081372
-2.34	0.15355	0.00094744
-2.34	0.18968	0.0012717
-2.34	0.26194	0.0013685
-2.34	0.29807	0.016814
-2.34	0.3342	0.065501
-2.34	0.37032	0.14776
-2.34	0.40645	0.22314
-2.34	0.44258	0.23409
-2.34	0.47871	0.16706
-2.34	0.51484	0.073137
-2.34	0.55097	0.013481
-2.34	0.5871	0.00095995
-2.34	0.62323	0.0075687
-2.34	0.65936	0.0091469
-2.34	0.69549	0.0042618
-2.34	0.80387	0.0010565
-2.34	0.84	0.0009102
-2.34	1.6349	0.0032977
-2.34	1.6709	0.0071306
-2.34	1.7071	0.0099491
-2.34	1.7432	0.0098914
-2.34	1.7793	0.0071198
-2.34	1.8155	0.0035347
-2.34	1.8516	0.0010144
-2.3163	-1.0026	0.00096923
-2.3163	-0.96645	0.0024696
-2.3163	-0.93032	0.0042463
-2.3163	-0.89419	0.0052884
-2.3163	-0.85806	0.004769
-2.3163	-0.82193	0.0028992
-2.3163	-0.7858	0.00092761
-2.3163	-0.67742	0.00085641
-2.3163	0.15355	0.00081092
-2.3163	0.29807	0.003757
-2.3163	0.3342	0.013496
-2.3163	0.37032	0.032157
-2.3163	0.40645	0.055354
-2.3163	0.44258	0.06927
-2.3163	0.47871	0.060469
-2.3163	0.51484	0.032369
-2.3163	0.55097	0.0067401
-2.3163	0.5871	0.0012169
-2.3163	0.62323	0.0093532
-2.3163	0.65936	0.012663
-2.3163	0.69549	0.0064596
-2.3163	0.76774	0.0010504
-2.3163	0.80387	0.0030905
-2.3163	0.84	0.0025757
-2.3163	1.6349	0.0027147
-2.3163	1.6709	0.0057512
-2.3163	1.7071	0.0080064
-2.3163	1.7432	0.0079731
-2.3163	1.7793	0.0057302
-2.3163	1.8155	0.002806
-2.2925	-0.96645	0.0014415
-2.2925	-0.93032	0.0024381
-2.2925	-0.89419	0.0029901
-2.2925	-0.85806	0.002642
-2.2925	-0.82193	0.0015481
-2.2925	-0.027097	0.00094202
-2.2925	0.0090325	0.00095033
-2.2925	0.15355	0.0014722
-2.2925	0.18968	0.0010708
-2.2925	0.29807	0.0032842
-2.2925	0.3342	0.0070183
-2.2925	0.37032	0.0102
-2.2925	0.40645	0.012181
-2.2925	0.44258	0.012557
-2.2925	0.47871	0.010357
-2.2925	0.51484	0.0056061
-2.2925	0.55097	0.0011277
-2.2925	0.62323	0.0031932
-2.2925	0.65936	0.0048759
-2.2925	0.69549	0.0028554
-2.2925	0.76774	0.0012062
-2.2925	0.80387	0.0037247
-2.2925	0.84	0.0035177
-2.2925	0.87613	0.00108
-2.2925	0.94839	0.0011179
-2.2925	0.98452	0.0015428
-2.2925	1.6349	0.0018194
-2.2925	1.6709	0.0038755
-2.2925	1.7071	0.005487
-2.2925	1.7432	0.0055506
-2.2925	1.7793	0.004022
-2.2925	1.8155	0.0019529
-2.2687	-0.93032	0.0012546
-2.2687	-0.89419	0.0015102
-2.2687	-0.85806	0.0013006
-2.2687	-0.027097	0.0010253
-2.2687	0.0090325	0.00094562
-2.2687	0.11742	0.0011582
-2.2687	0.15355	0.0020537
-2.2687	0.18968	0.0014037
-2.2687	0.26194	0.0013481
-2.2687	0.29807	0.0064986
-2.2687	0.3342	0.013133
-2.2687	0.37032	0.016733
-2.2687	0.40645	0.015083
-2.2687	0.44258	0.0099697
-2.2687	0.47871	0.0047952
-2.2687	0.51484	0.001526
-2.2687	0.65936	0.00092474
-2.2687	0.80387	0.0012619
-2.2687	0.84	0.0013154
-2.2687	0.94839	0.0012139
-2.2687	0.98452	0.0018654
-2.2687	1.0207	0.00097976
-2.2687	1.129	0.0013718
-2.2687	1.1651	0.001024
-2.2687	1.6349	0.00082745
-2.2687	1.6709	0.0018886
-2.2687	1.7071	0.0028687
-2.2687	1.7432	0.0030731
-2.2687	1.7793	0.0023163
-2.2687	1.8155	0.0011399
-2.2449	-0.027097	0.00098518
-2.2449	0.0090325	0.00082096
-2.2449	0.11742	0.001437
-2.2449	0.15355	0.0023383
-2.2449	0.18968	0.0014533
-2.2449	0.26194	0.0023315
-2.2449	0.29807	0.01026
-2.2449	0.3342	0.020806
-2.2449	0.37032	0.027308
-2.2449	0.40645	0.025478
-2.2449	0.44258	0.017104
-2.2449	0.47871	0.0078369
-2.2449	0.51484	0.0020344
-2.2449	1.129	0.001385
-2.2449	1.1651	0.0011852
-2.2449	1.2735	0.0011627
-2.2449	1.3096	0.0014359
-2.2449	1.7071	0.00088163
-2.2449	1.7432	0.0010695
-2.2449	1.7793	0.00091016
-2.221	-0.027097	0.00085273
-2.221	0.11742	0.0015487
-2.221	0.15355	0.0023071
-2.221	0.18968	0.0012741
-2.221	0.26194	0.0032944
-2.221	0.29807	0.013242
-2.221	0.3342	0.026484
-2.221	0.37032	0.035117
-2.221	0.40645	0.033468
-2.221	0.44258	0.023045
-2.221	0.47871	0.010762
-2.221	0.51484	0.0027355
-2.221	1.2735	0.0010401
-2.221	1.3096	0.0014677
-2.221	1.4181	0.00087286
-2.221	1.4542	0.0020265
-2.221	1.4903	0.0016504
-2.221	1.5987	0.0016194
-2.221	1.6349	0.0027944
-2.221	1.6709	0.0026705
-2.221	1.7071	0.0016964
-2.221	1.7432	0.0008009
-2.1972	0.11742	0.0014871
-2.1972	0.15355	0.0020287
-2.1972	0.18968	0.0009758
-2.1972	0.26194	0.0040004
-2.1972	0.29807	0.014789
-2.1972	0.3342	0.028932
-2.1972	0.37032	0.038244
-2.1972	0.40645	0.036607
-2.1972	0.44258	0.025339
-2.1972	0.47871	0.011791
-2.1972	0.51484	0.0028611
-2.1972	0.62323	0.0011513
-2.1972	1.4542	0.0018665
-2.1972	1.4903	0.0017682
-2.1972	1.5626	0.00084006
-2.1972	1.5987	0.0056635
-2.1972	1.6349	0.012217
-2.1972	1.6709	0.014977
-2.1972	1.7071	0.012044
-2.1972	1.7432	0.0065952
-2.1972	1.7793	0.0024064
-2.1734	0.11742	0.0012871
-2.1734	0.15355	0.0016099
-2.1734	0.26194	0.0042869
-2.1734	0.29807	0.014706
-2.1734	0.3342	0.028071
-2.1734	0.37032	0.036765
-2.1734	0.40645	0.035043
-2.1734	0.44258	0.024112
-2.1734	0.47871	0.011011
-2.1734	0.51484	0.0024868
-2.1734	0.5871	0.00087613
-2.1734	0.62323	0.001427
-2.1734	0.65936	0.00087282
-2.1734	1.5987	0.0048182
-2.1734	1.6349	0.012338
-2.1734	1.6709	0.019204
-2.1734	1.7071	0.020359
-2.1734	1.7432	0.014974
-2.1734	1.7793	0.0073297
-2.1734	1.8155	0.0020733
-2.1496	0.11742	0.0010079
-2.1496	0.15355	0.0011586
-2.1496	0.26194	0.004103
-2.1496	0.29807	0.013185
-2.1496	0.3342	0.024564
-2.1496	0.37032	0.031797
-2.1496	0.40645	0.030053
-2.1496	0.44258	0.020431
-2.1496	0.47871	0.009071
-2.1496	0.51484	0.0018672
-2.1496	0.5871	0.0010191
-2.1496	0.62323	0.001499
-2.1496	0.65936	0.00085757
-2.1496	1.5987	0.0022364
-2.1496	1.6349	0.0057301
-2.1496	1.6709	0.0093671
-2.1496	1.7071	0.010847
-2.1496	1.7432	0.0090583
-2.1496	1.7793	0.0052096
-2.1496	1.8155	0.0017523
-2.1258	0.26194	0.0035181
-2.1258	0.29807	0.010692
-2.1258	0.3342	0.019481
-2.1258	0.37032	0.024913
-2.1258	0.40645	0.023303
-2.1258	0.44258	0.015596
-2.1258	0.47871	0.0066873
-2.1258	0.51484	0.0012299
-2.1258	0.5871	0.0010369
-2.1258	0.62323	0.0013828
-2.1258	1.5987	0.00085776
-2.1258	1.6349	0.0021767
-2.1258	1.6709	0.0035956
-2.1258	1.7071	0.0042276
-2.1258	1.7432	0.003585
-2.1258	1.7793	0.0020855
-2.1019	0.26194	0.0026927
-2.1019	0.29807	0.0078172
-2.1019	0.3342	0.013973
-2.1019	0.37032	0.017668
-2.1019	0.40645	0.016344
-2.1019	0.44258	0.010745
-2.1019	0.47871	0.0044234
-2.1019	0.5871	0.00093766
-2.1019	0.62323	0.0011379
-2.1019	1.6709	0.0011093
-2.1019	1.7071	0.0013584
-2.1019	1.7432	0.0011911
-2.0781	0.26194	0.0018225
-2.0781	0.29807	0.0051101
-2.0781	0.3342	0.0089965
-2.0781	0.37032	0.011264
-2.0781	0.40645	0.010305
-2.0781	0.44258	0.0066414
-2.0781	0.47871	0.0026086
-2.0781	0.62323	0.00083862
-2.0542	0.26194	0.0010793
-2.0542	0.29807	0.0029554
-2.0542	0.3342	0.0051425
-2.0542	0.37032	0.0063798
-2.0542	0.40645	0.0057662
-2.0542	0.44258	0.0036312
-2.0542	0.47871	0.0013488
-2.0305	0.29807	0.0015187
-2.0305	0.3342	0.0025999
-2.0305	0.37032	0.0031765
-2.0305	0.40645	0.0028158
-2.0305	0.44258	0.0017155
-2.0305	1.6349	0.0010903
-2.0305	1.6709	0.0010245
-2.0067	0.3342	0.0012344
-2.0067	0.37032	0.0014305
-2.0067	0.40645	0.0012012
-2.0067	1.5987	0.001256
-2.0067	1.6349	0.0017599
-2.0067	1.6709	0.0017065
-2.0067	1.7071	0.0011923
-1.9829	1.5987	0.0016461
-1.9829	1.6349	0.0022965
-1.9829	1.6709	0.0022479
-1.9829	1.7071	0.0015947
-1.959	1.5626	0.00085079
-1.959	1.5987	0.0018641
-1.959	1.6349	0.0025693
-1.959	1.6709	0.0025102
-1.959	1.7071	0.0017824
-1.959	1.7432	0.00088557
-1.9351	0.29807	0.00087337
-1.9351	0.3342	0.00098241
-1.9351	0.37032	0.00080073
-1.9351	1.5626	0.00088719
-1.9351	1.5987	0.0018693
-1.9351	1.6349	0.0025373
-1.9351	1.6709	0.0024605
-1.9351	1.7071	0.0017353
-1.9351	1.7432	0.00085007
-1.9114	0.29807	0.0011599
-1.9114	0.3342	0.0012827
-1.9114	0.37032	0.0010395
-1.9114	1.5626	0.00082547
-1.9114	1.5987	0.0016781
-1.9114	1.6349	0.0022414
-1.9114	1.6709	0.0021518
-1.9114	1.7071	0.0015011
-1.8875	0.26194	0.00095024
-1.8875	0.29807	0.0014343
-1.8875	0.3342	0.0015598
-1.8875	0.37032	0.0012506
-1.8875	1.5987	0.0013518
-1.8875	1.6349	0.0017782
-1.8875	1.6709	0.0016886
-1.8875	1.7071	0.0011624
-1.8638	0.26194	0.0011331
-1.8638	0.29807	0.0016691
-1.8638	0.3342	0.0017818
-1.8638	0.37032	0.0014037
-1.8638	1.5987	0.0009732
-1.8638	1.6349	0.0012632
-1.8638	1.6709	0.0011867
-1.8638	1.7071	0.0008051
-1.8399	0.26194	0.0012737
-1.8399	0.29807	0.0018373
-1.8399	0.3342	0.0019269
-1.8399	0.37032	0.0014876
-1.8399	0.40645	0.0008054
-1.8161	0.26194	0.0013399
-1.8161	0.29807	0.0019012
-1.8161	0.3342	0.0019653
-1.8161	0.37032	0.0014889
-1.7922	0.26194	0.0012993
-1.7922	0.29807	0.0018233
-1.7922	0.3342	0.0018668
-1.7922	0.37032	0.001393
-1.7685	0.26194	0.0011357
-1.7685	0.29807	0.0015875
-1.7685	0.3342	0.0016202
-1.7685	0.37032	0.0011978
-1.7446	0.26194	0.00086567
-1.7446	0.29807	0.0012182
-1.7446	0.3342	0.0012515
-1.7446	0.37032	0.00092446
-1.7208	0.3342	0.00082503
-1.5541	0.26194	0.00085019
-1.5541	0.29807	0.00080403
-1.5303	0.26194	0.0009231
-1.5303	0.29807	0.00089022
-1.5064	0.26194	0.00084138
-1.5064	0.29807	0.0008273
-1.3635	0.2258	0.00083705
-1.3635	0.26194	0.00081629
-1.3397	0.18968	0.0011612
-1.3397	0.2258	0.0016412
-1.3397	0.26194	0.0016538
-1.3397	0.29807	0.0011651
-1.3159	0.15355	0.0010096
-1.3159	0.18968	0.0021347
-1.3159	0.2258	0.0031169
-1.3159	0.26194	0.0032575
-1.3159	0.29807	0.0023701
-1.3159	0.3342	0.0010628
-1.2921	0.15355	0.0021573
-1.2921	0.18968	0.0047518
-1.2921	0.2258	0.0073258
-1.2921	0.26194	0.0081163
-1.2921	0.29807	0.0062283
-1.2921	0.3342	0.0028869
-1.2921	0.47871	0.00082252
-1.2682	0.11742	0.0023078
-1.2682	0.15355	0.0094769
-1.2682	0.18968	0.025423
-1.2682	0.2258	0.050072
-1.2682	0.26194	0.072695
-1.2682	0.29807	0.071077
-1.2682	0.3342	0.037817
-1.2682	0.37032	0.0061083
-1.2682	0.40645	0.0023551
-1.2682	0.44258	0.011445
-1.2682	0.47871	0.012215
-1.2682	0.51484	0.0045991
-1.2682	0.5871	0.0014054
-1.2682	0.62323	0.0022717
-1.2682	0.65936	0.0012552
-1.2445	0.081291	0.0054255
-1.2445	0.11742	0.05187
-1.2445	0.15355	0.095236
-1.2445	0.18968	0.18992
-1.2445	0.2258	0.20353
-1.2445	0.26194	0.10607
-1.2445	0.29807	0.041858
-1.2445	0.3342	0.011665
-1.2445	0.37032	0.0012313
-1.2445	0.44258	0.0023089
-1.2445	0.47871	0.0025932
-1.2445	0.51484	0.0011599
-1.2445	0.5871	0.0011852
-1.2445	0.62323	0.0037919
-1.2445	0.65936	0.0041408
-1.2445	0.69549	0.001073
-1.2445	0.76774	0.0022774
-1.2445	0.80387	0.0025386
-1.2206	-0.027097	0.006846
-1.2206	0.0090325	0.0060142
-1.2206	0.045162	0.0012347
-1.2206	0.081291	0.0037645
-1.2206	0.11742	0.009492
-1.2206	0.15355	0.013604
-1.2206	0.18968	0.014719
-1.2206	0.2258	0.012613
-1.2206	0.26194	0.0084726
-1.2206	0.29807	0.0041955
-1.2206	0.3342	0.0012794
-1.2206	0.80387	0.00098248
-1.2206	0.84	0.00090586
-1.2206	0.91226	0.00095097
-1.2206	0.94839	0.002132
-1.2206	0.98452	0.00089245
-1.1968	-0.063226	0.0035998
-1.1968	-0.027097	0.0023933
-1.1968	0.11742	0.0020218
-1.1968	0.15355	0.003743
-1.1968	0.18968	0.004745
-1.1968	0.2258	0.0044705
-1.1968	0.26194	0.0031451
-1.1968	0.29807	0.0015537
-1.1968	0.98452	0.0014321
-1.173	-0.20774	0.0008615
-1.173	-0.17162	0.0024293
-1.173	-0.13549	0.00095678
-1.173	0.11742	0.0008965
-1.173	0.15355	0.0017413
-1.173	0.18968	0.0023059
-1.173	0.2258	0.0022382
-1.173	0.26194	0.0015905
-1.173	1.0929	0.0010349
-1.173	1.129	0.001892
-1.173	1.1651	0.00082926
-1.1492	-0.24387	0.0011257
-1.1492	-0.20774	0.0017272
-1.1492	0.15355	0.00087289
-1.1492	0.18968	0.0011822
-1.1492	0.2258	0.0011683
-1.1492	0.26194	0.00083404
-1.1492	1.2374	0.0012715
-1.1492	1.2735	0.0021978
-1.1253	1.2735	0.0011069
-1.1253	1.3096	0.0017228
-1.1253	1.4181	0.0013453
-1.1253	1.4542	0.0013804
-1.1253	1.4903	0.0010671
-1.1016	-0.35226	0.0015696
-1.1016	1.382	0.0019695
-1.1016	1.4181	0.0096639
-1.1016	1.4542	0.011926
-1.1016	1.4903	0.0050916
-1.1016	1.5265	0.002103
-1.0777	-0.38838	0.0018387
-1.0777	1.4181	0.0021179
-1.0777	1.4542	0.012196
-1.0777	1.4903	0.023884
-1.0777	1.5265	0.016344
-1.0777	1.5626	0.0035316
-1.0539	1.4542	0.0015226
-1.0539	1.4903	0.0039566
-1.0539	1.5265	0.010538
-1.0539	1.5626	0.012929
-1.0539	1.5987	0.0046224
-1.0301	1.4903	0.0010188
-1.0301	1.5265	0.0014778
-1.0301	1.5626	0.0019087
-1.0301	1.5987	0.0023062
-1.0301	1.6349	0.0010606
0.065499	-1.0749	0.00099239
0.089316	-1.0749	0.0011188
0.11314	-1.0749	0.0011732
0.13695	-1.0749	0.0013495
0.16076	-1.0749	0.0020189
0.18458	-1.0749	0.0014216
0.25604	-1.0387	0.0016109
0.27985	-1.0387	0.0022436
0.37512	-1.0026	0.0022806
0.39894	-1.0026	0.00503
0.42277	-1.0026	0.0024954
0.44658	-1.0026	0.0036128
0.4704	-0.96645	0.0049221
0.49422	-0.96645	0.0046018
0.51804	-0.96645	0.012383
0.54186	-0.96645	0.0022353
0.54186	-0.93032	0.0054065
0.56567	-0.93032	0.0029619
0.6133	-0.89419	0.0083815
0.63712	-0.89419	0.02634
0.63712	-0.85806	0.0020181
0.66094	-0.89419	0.0044899
0.66094	-0.85806	0.02331
0.68476	-0.85806	0.020491
0.68476	-0.82193	0.0011214
0.68476	-0.17162	0.0010598
0.68476	-0.13549	0.0013189
0.68476	-0.099357	0.0011857
0.70857	-0.85806	0.0087207
0.70857	-0.82193	0.019725
0.70857	-0.17162	0.0014265
0.70857	-0.13549	0.0018038
0.70857	-0.099357	0.00166
0.70857	-0.063226	0.0011011
0.70857	2.4658	0.0011416
0.7324	-0.85806	0.0022413
0.7324	-0.82193	0.056026
0.7324	-0.7858	0.0024087
0.7324	-0.20774	0.00084152
0.7324	-0.17162	0.0015404
0.7324	-0.13549	0.0019752
0.7324	-0.099357	0.0018504
0.7324	-0.063226	0.0012451
0.7324	2.4296	0.001021
0.7324	2.4658	0.0011465
0.75621	-0.85806	0.0018597
0.75621	-0.82193	0.023329
0.75621	-0.7858	0.078707
0.75621	-0.17162	0.0013029
0.75621	-0.13549	0.0017131
0.75621	-0.099357	0.0016458
0.75621	-0.063226	0.0011275
0.78002	-1.4362	0.00081414
0.78002	-0.85806	0.0018114
0.78002	-0.82193	0.0058528
0.78002	-0.7858	0.069849
0.78002	-0.74968	0.0020446
0.78002	-0.13549	0.0010829
0.78002	-0.099357	0.0010997
0.80385	-0.85806	0.0017634
0.80385	-0.82193	0.003474
0.80385	-0.7858	0.0097061
0.80385	-0.74968	0.012918
0.82767	-0.85806	0.001651
0.82767	-0.82193	0.0024167
0.82767	-0.7858	0.0024284
0.82767	-0.74968	0.0011058
0.82767	-0.71355	0.0069168
0.82767	-0.67742	0.0012921
0.85148	-0.85806	0.001469
0.85148	-0.82193	0.0017388
0.85148	-0.7858	0.0010886
0.85148	-0.71355	0.097395
0.85148	-0.67742	0.0084341
0.85148	-0.64129	0.00096308
0.85148	-0.20774	0.00084547
0.85148	-0.17162	0.00090251
0.8753	-0.85806	0.0012358
0.8753	-0.82193	0.0012412
0.8753	-0.71355	0.019087
0.8753	-0.67742	0.1026
0.8753	-0.64129	0.0034508
0.8753	-0.24387	0.001579
0.8753	-0.20774	0.0027847
0.8753	-0.17162	0.0032239
0.8753	-0.13549	0.0026589
0.8753	-0.099357	0.0015693
0.89912	-0.85806	0.0009797
0.89912	-0.82193	0.00086449
0.89912	-0.71355	0.0045542
0.89912	-0.67742	0.13011
0.89912	-0.64129	0.07632
0.89912	-0.56903	0.00095187
0.89912	-0.28	0.0011032
0.89912	-0.24387	0.0036023
0.89912	-0.20774	0.0062631
0.89912	-0.17162	0.0073758
0.89912	-0.13549	0.006296
0.89912	-0.099357	0.0038857
0.89912	-0.063226	0.001611
0.92294	-0.71355	0.0023915
0.92294	-0.67742	0.0081304
0.92294	-0.64129	0.034298
0.92294	-0.60516	0.0022104
0.92294	-0.56903	0.0021394
0.92294	-0.5329	0.0011849
0.92294	-0.42451	0.00097755
0.92294	-0.38838	0.0011124
0.92294	-0.28	0.0022739
0.92294	-0.24387	0.0067741
0.92294	-0.20774	0.011454
0.92294	-0.17162	0.013413
0.92294	-0.13549	0.011501
0.92294	-0.099357	0.0071486
0.92294	-0.063226	0.0029551
0.94676	-0.71355	0.0014828
0.94676	-0.67742	0.0028508
0.94676	-0.64129	0.0030683
0.94676	-0.60516	0.015302
0.94676	-0.56903	0.010682
0.94676	-0.5329	0.0025546
0.94676	-0.42451	0.0014714
0.94676	-0.38838	0.0014745
0.94676	-0.28	0.0041004
0.94676	-0.24387	0.011213
0.94676	-0.20774	0.018307
0.94676	-0.17162	0.021077
0.94676	-0.13549	0.017896
0.94676	-0.099357	0.011009
0.94676	-0.063226	0.0044413
0.94676	-0.027097	0.00082412
0.94676	1.129	0.0010182
0.94676	1.1651	0.0010525
0.97056	-0.71355	0.00095163
0.97056	-0.67742	0.0013395
0.97056	-0.60516	0.0017777
0.97056	-0.56903	0.13966
0.97056	-0.5329	0.011463
0.97056	-0.46064	0.00082348
0.97056	-0.42451	0.0022039
0.97056	-0.38838	0.0018816
0.97056	-0.31613	0.00095748
0.97056	-0.28	0.0067345
0.97056	-0.24387	0.016953
0.97056	-0.20774	0.026581
0.97056	-0.17162	0.029857
0.97056	-0.13549	0.024877
0.97056	-0.099357	0.014986
0.97056	-0.063226	0.0058193
0.97056	-0.027097	0.00095754
0.97056	0.081291	0.00094216
0.97056	1.129	0.0011448
0.97056	1.1651	0.0012191
0.97056	1.2013	0.0009479
0.99436	-0.56903	0.012812
0.99436	-0.5329	0.12035
0.99436	-0.49677	0.0016614
0.99436	-0.46064	0.0017665
0.99436	-0.42451	0.0035361
0.99436	-0.38838	0.0024207
0.99436	-0.31613	0.0018572
0.99436	-0.28	0.010376
0.99436	-0.24387	0.024022
0.99436	-0.20774	0.03596
0.99436	-0.17162	0.03914
0.99436	-0.13549	0.031768
0.99436	-0.099357	0.018585
0.99436	-0.063226	0.0068691
0.99436	-0.027097	0.00097656
0.99436	0.045162	0.0011835
0.99436	0.081291	0.001367
0.99436	1.129	0.0010135
0.99436	1.1651	0.0011337
0.99436	1.2013	0.00092226
1.0182	-0.56903	0.0019233
1.0182	-0.5329	0.0088374
1.0182	-0.49677	0.011494
1.0182	-0.46064	0.00749
1.0182	-0.42451	0.0071322
1.0182	-0.38838	0.0034045
1.0182	-0.31613	0.0034055
1.0182	-0.28	0.015421
1.0182	-0.24387	0.032635
1.0182	-0.20774	0.046265
1.0182	-0.17162	0.048415
1.0182	-0.13549	0.037993
1.0182	-0.099357	0.021415
1.0182	-0.063226	0.0074523
1.0182	-0.027097	0.00089233
1.0182	0.045162	0.0016908
1.0182	0.081291	0.0017837
1.0421	-0.5329	0.001068
1.0421	-0.46064	0.10335
1.0421	-0.42451	0.037002
1.0421	-0.38838	0.006416
1.0421	-0.31613	0.006259
1.0421	-0.28	0.022889
1.0421	-0.24387	0.043606
1.0421	-0.20774	0.057788
1.0421	-0.17162	0.05753
1.0421	-0.13549	0.04325
1.0421	-0.099357	0.023276
1.0421	-0.063226	0.0075364
1.0421	0.045162	0.0022192
1.0421	0.081291	0.002136
1.0421	0.11742	0.00085469
1.0421	0.2258	0.00094881
1.0421	0.26194	0.00084461
1.0659	-0.46064	0.0079301
1.0659	-0.42451	0.15026
1.0659	-0.38838	0.053185
1.0659	-0.35226	0.0012192
1.0659	-0.31613	0.012836
1.0659	-0.28	0.035974
1.0659	-0.24387	0.05951
1.0659	-0.20774	0.071998
1.0659	-0.17162	0.067057
1.0659	-0.13549	0.047673
1.0659	-0.099357	0.024214
1.0659	-0.063226	0.0071909
1.0659	0.0090325	0.001074
1.0659	0.045162	0.0027173
1.0659	0.081291	0.0023809
1.0659	0.11742	0.00086479
1.0659	0.2258	0.0012518
1.0659	0.26194	0.001023
1.0659	0.40645	0.00094721
1.0897	-0.46064	0.0010609
1.0897	-0.42451	0.008137
1.0897	-0.38838	0.050047
1.0897	-0.35226	0.016416
1.0897	-0.31613	0.041801
1.0897	-0.28	0.069043
1.0897	-0.24387	0.089468
1.0897	-0.20774	0.093759
1.0897	-0.17162	0.079163
1.0897	-0.13549	0.052091
1.0897	-0.099357	0.024546
1.0897	-0.063226	0.0065651
1.0897	0.0090325	0.0015163
1.0897	0.045162	0.0031468
1.0897	0.081291	0.0025002
1.0897	0.11742	0.00082489
1.0897	0.18968	0.00095922
1.0897	0.2258	0.001542
1.0897	0.26194	0.001157
1.0897	0.37032	0.0010421
1.0897	0.40645	0.0013668
1.0897	0.44258	0.00096424
1.0897	1.0207	0.00087368
1.0897	1.0568	0.0022296
1.0897	1.0929	0.0033092
1.0897	1.129	0.0033842
1.0897	1.1651	0.0024975
1.0897	1.2013	0.0013149
1.1134	-0.42451	0.0010468
1.1134	-0.38838	0.0015413
1.1134	-0.35226	0.021476
1.1134	-0.31613	0.53983
1.1134	-0.28	0.33128
1.1134	-0.24387	0.18693
1.1134	-0.20774	0.14281
1.1134	-0.17162	0.10107
1.1134	-0.13549	0.058889
1.1134	-0.099357	0.024985
1.1134	-0.063226	0.0058673
1.1134	0.0090325	0.0020289
1.1134	0.045162	0.003499
1.1134	0.081291	0.0025052
1.1134	0.18968	0.0012713
1.1134	0.2258	0.0017971
1.1134	0.26194	0.0012395
1.1134	0.37032	0.0015214
1.1134	0.40645	0.001855
1.1134	0.44258	0.0012354
1.1134	0.87613	0.00083357
1.1134	1.0207	0.0034495
1.1134	1.0568	0.0089075
1.1134	1.0929	0.01436
1.1134	1.129	0.016677
1.1134	1.1651	0.014563
1.1134	1.2013	0.0094307
1.1134	1.2374	0.0040982
1.1134	1.3458	0.003291
1.1134	1.382	0.0018472
1.1373	-0.35226	0.001084
1.1373	-0.31613	0.043075
1.1373	-0.28	1.021
1.1373	-0.24387	1.7401
1.1373	-0.20774	0.41278
1.1373	-0.17162	0.17045
1.1373	-0.13549	0.076751
1.1373	-0.099357	0.027326
1.1373	-0.063226	0.0053991
1.1373	0.0090325	0.0026546
1.1373	0.045162	0.0038195
1.1373	0.081291	0.0024413
1.1373	0.18968	0.00161
1.1373	0.2258	0.0020111
1.1373	0.26194	0.0012792
1.1373	0.3342	0.0010567
1.1373	0.37032	0.0021197
1.1373	0.40645	0.0024125
1.1373	0.44258	0.0015283
1.1373	0.87613	0.0016969
1.1373	0.91226	0.0014273
1.1373	0.98452	0.0019842
1.1373	1.0207	0.012201
1.1373	1.0568	0.032748
1.1373	1.0929	0.058619
1.1373	1.129	0.080081
1.1373	1.1651	0.088883
1.1373	1.2013	0.083085
1.1373	1.2374	0.061072
1.1373	1.2735	0.011328
1.1373	1.3096	0.002853
1.1373	1.3458	0.0035335
1.1373	1.382	0.0010798
1.1612	-0.31613	0.0036319
1.1612	-0.28	0.032103
1.1612	-0.24387	0.40003
1.1612	-0.20774	2.0438
1.1612	-0.17162	1.3902
1.1612	-0.13549	0.18593
1.1612	-0.099357	0.040317
1.1612	-0.063226	0.0059348
1.1612	-0.027097	0.0012113
1.1612	0.0090325	0.0036011
1.1612	0.045162	0.0042775
1.1612	0.081291	0.0024021
1.1612	0.15355	0.00088435
1.1612	0.18968	0.0019983
1.1612	0.2258	0.0022099
1.1612	0.26194	0.0013064
1.1612	0.3342	0.0015701
1.1612	0.37032	0.002882
1.1612	0.40645	0.0030777
1.1612	0.44258	0.0018792
1.1612	0.55097	0.00091111
1.1612	0.5871	0.00091349
1.1612	0.84	0.0016459
1.1612	0.87613	0.0035385
1.1612	0.91226	0.0027446
1.1612	0.98452	0.0084528
1.1612	1.0207	0.050861
1.1612	1.0568	0.15894
1.1612	1.0929	0.38041
1.1612	1.129	0.84824
1.1612	1.1651	1.2955
1.1612	1.2013	0.59396
1.1612	1.2374	0.11683
1.1612	1.2735	0.0034784
1.1612	1.3096	0.00081051
1.1612	1.3458	0.00132
1.185	-0.31613	0.0010663
1.185	-0.28	0.0045725
1.185	-0.24387	0.016849
1.185	-0.20774	0.06366
1.185	-0.17162	0.3827
1.185	-0.13549	0.81259
1.185	-0.099357	0.29763
1.185	-0.063226	0.016166
1.185	-0.027097	0.0031383
1.185	0.0090325	0.0060276
1.185	0.045162	0.0055541
1.185	0.081291	0.0026311
1.185	0.11742	0.00082372
1.185	0.15355	0.0013536
1.185	0.18968	0.0025517
1.185	0.2258	0.0024929
1.185	0.26194	0.0013896
1.185	0.29807	0.0010552
1.185	0.3342	0.0023568
1.185	0.37032	0.0039683
1.185	0.40645	0.004005
1.185	0.44258	0.0024099
1.185	0.47871	0.00097494
1.185	0.51484	0.00098694
1.185	0.55097	0.0016643
1.185	0.5871	0.0014822
1.185	0.69549	0.00082978
1.185	0.73162	0.001244
1.185	0.84	0.0042332
1.185	0.87613	0.0089917
1.185	0.91226	0.0066922
1.185	0.94839	0.0016537
1.185	0.98452	0.06455
1.185	1.0207	0.54498
1.185	1.0568	2.1686
1.185	1.0929	2.7064
1.185	1.129	2.0671
1.185	1.1651	0.53188
1.185	1.2013	0.10606
1.185	1.2374	0.015102
1.185	1.3458	0.00087276
1.2087	-0.31613	0.0010392
1.2087	-0.28	0.0029261
1.2087	-0.24387	0.0059702
1.2087	-0.20774	0.010276
1.2087	-0.17162	0.016226
1.2087	-0.13549	0.024715
1.2087	-0.099357	0.039648
1.2087	-0.063226	0.041218
1.2087	-0.027097	0.025246
1.2087	0.0090325	0.038356
1.2087	0.045162	0.015266
1.2087	0.081291	0.0046842
1.2087	0.11742	0.0014617
1.2087	0.15355	0.0024861
1.2087	0.18968	0.0038353
1.2087	0.2258	0.0032505
1.2087	0.26194	0.0017333
1.2087	0.29807	0.0017341
1.2087	0.3342	0.0038723
1.2087	0.37032	0.0060077
1.2087	0.40645	0.005788
1.2087	0.44258	0.0035558
1.2087	0.47871	0.0019101
1.2087	0.51484	0.0023635
1.2087	0.55097	0.0034204
1.2087	0.5871	0.0027779
1.2087	0.69549	0.0018951
1.2087	0.73162	0.0027473
1.2087	0.80387	0.0022938
1.2087	0.84	0.019898
1.2087	0.87613	0.052866
1.2087	0.91226	0.048064
1.2087	0.94839	0.024295
1.2087	0.98452	0.40221
1.2087	1.0207	1.0108
1.2087	1.0568	0.76333
1.2087	1.0929	0.44699
1.2087	1.129	0.22872
1.2087	1.1651	0.095751
1.2087	1.2013	0.029522
1.2087	1.2374	0.0052428
1.2326	-0.31613	0.0013668
1.2326	-0.28	0.0034973
1.2326	-0.24387	0.0060029
1.2326	-0.20774	0.0077003
1.2326	-0.17162	0.0076766
1.2326	-0.13549	0.0059168
1.2326	-0.099357	0.0032346
1.2326	-0.063226	0.00096488
1.2326	-0.027097	0.0018055
1.2326	0.0090325	0.016836
1.2326	0.045162	0.050472
1.2326	0.081291	0.019311
1.2326	0.11742	0.01187
1.2326	0.15355	0.014497
1.2326	0.18968	0.013387
1.2326	0.2258	0.0081707
1.2326	0.26194	0.0038193
1.2326	0.29807	0.0044558
1.2326	0.3342	0.009234
1.2326	0.37032	0.013094
1.2326	0.40645	0.012142
1.2326	0.44258	0.0079992
1.2326	0.47871	0.0058887
1.2326	0.51484	0.0081525
1.2326	0.55097	0.010868
1.2326	0.5871	0.008605
1.2326	0.62323	0.0026173
1.2326	0.65936	0.0017528
1.2326	0.69549	0.01145
1.2326	0.73162	0.019345
1.2326	0.76774	0.0051887
1.2326	0.80387	0.021715
1.2326	0.84	0.10523
1.2326	0.87613	0.13995
1.2326	0.91226	0.02929
1.2326	0.94839	0.0066416
1.2326	0.98452	0.052659
1.2326	1.0207	0.10539
1.2326	1.0568	0.12768
1.2326	1.0929	0.11229
1.2326	1.129	0.074989
1.2326	1.1651	0.037494
1.2326	1.2013	0.012937
1.2326	1.2374	0.0023676
1.2563	-0.31613	0.0016106
1.2563	-0.28	0.0039416
1.2563	-0.24387	0.0064117
1.2563	-0.20774	0.0075734
1.2563	-0.17162	0.0065795
1.2563	-0.13549	0.0040004
1.2563	-0.099357	0.001423
1.2563	0.0090325	0.0011643
1.2563	0.045162	0.0015608
1.2563	0.081291	0.0011105
1.2563	0.11742	0.0011604
1.2563	0.15355	0.0084501
1.2563	0.18968	0.031534
1.2563	0.2258	0.031402
1.2563	0.26194	0.014925
1.2563	0.29807	0.023459
1.2563	0.3342	0.061897
1.2563	0.37032	0.10053
1.2563	0.40645	0.10037
1.2563	0.44258	0.074961
1.2563	0.47871	0.067593
1.2563	0.51484	0.083782
1.2563	0.55097	0.082872
1.2563	0.5871	0.048982
1.2563	0.62323	0.013258
1.2563	0.65936	0.010592
1.2563	0.69549	0.029118
1.2563	0.73162	0.016439
1.2563	0.76774	0.0013574
1.2563	0.80387	0.003639
1.2563	0.84	0.0099439
1.2563	0.87613	0.0082795
1.2563	0.91226	0.0017614
1.2563	0.94839	0.0020488
1.2563	0.98452	0.015094
1.2563	1.0207	0.034494
1.2563	1.0568	0.047613
1.2563	1.0929	0.04667
1.2563	1.129	0.033979
1.2563	1.1651	0.018114
1.2563	1.2013	0.0064727
1.2563	1.2374	0.0011463
1.2802	-0.31613	0.0016352
1.2802	-0.28	0.0038591
1.2802	-0.24387	0.0060691
1.2802	-0.20774	0.006864
1.2802	-0.17162	0.0055797
1.2802	-0.13549	0.0030194
1.2802	-0.099357	0.00083225
1.2802	0.18968	0.00097474
1.2802	0.2258	0.00093643
1.2802	0.29807	0.0015886
1.2802	0.3342	0.0051321
1.2802	0.37032	0.0093825
1.2802	0.40645	0.010541
1.2802	0.44258	0.0089556
1.2802	0.47871	0.0088589
1.2802	0.51484	0.010397
1.2802	0.55097	0.0092111
1.2802	0.5871	0.0046698
1.2802	0.62323	0.0011213
1.2802	0.65936	0.00086422
1.2802	0.69549	0.001572
1.2802	0.73162	0.00097332
1.2802	0.84	0.0018982
1.2802	0.87613	0.0016877
1.2802	0.94839	0.0010647
1.2802	0.98452	0.0066411
1.2802	1.0207	0.015362
1.2802	1.0568	0.02207
1.2802	1.0929	0.022577
1.2802	1.129	0.017065
1.2802	1.1651	0.0093407
1.2802	1.2013	0.0033497
1.3041	-0.31613	0.0014199
1.3041	-0.28	0.003263
1.3041	-0.24387	0.0050156
1.3041	-0.20774	0.0055088
1.3041	-0.17162	0.0042763
1.3041	-0.13549	0.0021226
1.3041	0.37032	0.00086158
1.3041	0.40645	0.00087515
1.3041	0.47871	0.00083464
1.3041	0.51484	0.001062
1.3041	0.55097	0.0010136
1.3041	0.98452	0.003302
1.3041	1.0207	0.0075198
1.3041	1.0568	0.01094
1.3041	1.0929	0.011407
1.3041	1.129	0.0087745
1.3041	1.1651	0.0048463
1.3041	1.2013	0.0017148
1.3279	-0.31613	0.0010245
1.3279	-0.28	0.0023329
1.3279	-0.24387	0.0035558
1.3279	-0.20774	0.0038441
1.3279	-0.17162	0.0028881
1.3279	-0.13549	0.0013313
1.3279	0.98452	0.0016767
1.3279	1.0207	0.0037311
1.3279	1.0568	0.0054399
1.3279	1.0929	0.0057237
1.3279	1.129	0.004438
1.3279	1.1651	0.0024502
1.3279	1.2013	0.00084594
1.3516	-0.28	0.0013301
1.3516	-0.24387	0.0020632
1.3516	-0.20774	0.0022413
1.3516	-0.17162	0.0016571
1.3516	0.98452	0.00082938
1.3516	1.0207	0.0017995
1.3516	1.0568	0.0026187
1.3516	1.0929	0.0027678
1.3516	1.129	0.0021529
1.3516	1.1651	0.0011815
1.3755	-0.24387	0.00087621
1.3755	-0.20774	0.00099786
1.3755	1.0207	0.00082998
1.3755	1.0568	0.0011988
1.3755	1.0929	0.0012675
1.3755	1.129	0.00098545
1.4708	-0.31613	0.00097127
1.4708	-0.28	0.0012321
1.4708	-0.24387	0.0011092
1.4945	-0.31613	0.0013586
1.4945	-0.28	0.0017651
1.4945	-0.24387	0.0016368
1.4945	-0.20774	0.0010766
1.5184	-0.31613	0.0015186
1.5184	-0.28	0.0019974
1.5184	-0.24387	0.0018792
1.5184	-0.20774	0.0012467
1.5421	-0.31613	0.0013832
1.5421	-0.28	0.001841
1.5421	-0.24387	0.001752
1.5421	-0.20774	0.0011659
1.566	-0.31613	0.0010136
1.566	-0.28	0.0013742
1.566	-0.24387	0.0013289
1.566	-0.20774	0.00088895
1.5899	-0.28	0.00081536
1.6613	-0.35226	0.00091306
1.6613	-0.31613	0.0011082
1.6613	-0.28	0.00095742
1.6851	-0.38838	0.00088049
1.6851	-0.35226	0.0016472
1.6851	-0.31613	0.0020348
1.6851	-0.28	0.0017923
1.6851	-0.24387	0.001126
1.709	-0.38838	0.0012877
1.709	-0.35226	0.0024012
1.709	-0.31613	0.003002
1.709	-0.28	0.0026875
1.709	-0.24387	0.0017097
1.7327	-1.6529	0.00096054
1.7327	-1.6167	0.0010655
1.7327	-1.5806	0.00084526
1.7327	-0.38838	0.0015622
1.7327	-0.35226	0.0029016
1.7327	-0.31613	0.0036572
1.7327	-0.28	0.0033087
1.7327	-0.24387	0.0021165
1.7327	-0.20774	0.0008623
1.7566	-1.6529	0.001226
1.7566	-1.6167	0.0013663
1.7566	-1.5806	0.0010889
1.7566	-0.38838	0.0015699
1.7566	-0.35226	0.0029208
1.7566	-0.31613	0.0037203
1.7566	-0.28	0.0034011
1.7566	-0.24387	0.0021822
1.7566	-0.20774	0.00087096
1.7803	-1.689	0.00087557
1.7803	-1.6529	0.0013648
1.7803	-1.6167	0.0015214
1.7803	-1.5806	0.0012101
1.7803	-0.38838	0.0012633
1.7803	-0.35226	0.0023921
1.7803	-0.31613	0.0031134
1.7803	-0.28	0.0028981
1.7803	-0.24387	0.0018733
1.8042	-1.689	0.00085995
1.8042	-1.6529	0.0013366
1.8042	-1.6167	0.0014895
1.8042	-1.5806	0.0011797
1.8042	-0.35226	0.0014798
1.8042	-0.31613	0.0020258
1.8042	-0.28	0.0019625
1.8042	-0.24387	0.0012985
1.828	-1.6529	0.0011468
1.828	-1.6167	0.0012818
1.828	-1.5806	0.0010119
1.828	-0.31613	0.00087966
1.828	-0.28	0.00093997
1.8518	-1.6529	0.00084611
1.8518	-1.6167	0.00095624
1.8995	-0.42451	0.0013465
1.8995	-0.38838	0.0022063
1.8995	-0.35226	0.0023651
1.8995	-0.31613	0.0017727
1.8995	-0.28	0.00091853
1.9232	-0.46064	0.00085123
1.9232	-0.42451	0.0026744
1.9232	-0.38838	0.0044956
1.9232	-0.35226	0.0050679
1.9232	-0.31613	0.0040669
1.9232	-0.28	0.0022913
1.9232	-0.24387	0.00081927
1.9471	-0.46064	0.0014275
1.9471	-0.42451	0.0042922
1.9471	-0.38838	0.0072297
1.9471	-0.35226	0.0083033
1.9471	-0.31613	0.0068444
1.9471	-0.28	0.0039708
1.9471	-0.24387	0.001448
1.971	-0.46064	0.0020451
1.971	-0.42451	0.0058779
1.971	-0.38838	0.0098305
1.971	-0.35226	0.011352
1.971	-0.31613	0.0094463
1.971	-0.28	0.0055169
1.971	-0.24387	0.0019892
1.9948	-0.46064	0.0025544
1.9948	-0.42451	0.0070424
1.9948	-0.38838	0.011663
1.9948	-0.35226	0.013469
1.9948	-0.31613	0.011227
1.9948	-0.28	0.0065307
1.9948	-0.24387	0.0022908
2.0185	-0.46064	0.0027987
2.0185	-0.42451	0.0074502
2.0185	-0.38838	0.012233
2.0185	-0.35226	0.014112
2.0185	-0.31613	0.011751
2.0185	-0.28	0.0067734
2.0185	-0.24387	0.0022887
2.0423	-0.46064	0.0026732
2.0423	-0.42451	0.006939
2.0423	-0.38838	0.011349
2.0423	-0.35226	0.013111
2.0423	-0.31613	0.010913
2.0423	-0.28	0.0062249
2.0423	-0.24387	0.002013
2.0661	-0.46064	0.002176
2.0661	-0.42451	0.0055943
2.0661	-0.38838	0.0092027
2.0661	-0.35226	0.010718
2.0661	-0.31613	0.0089577
2.0661	-0.28	0.0050669
2.0661	-0.24387	0.0015625
2.09	-0.46064	0.0014293
2.09	-0.42451	0.0037457
2.09	-0.38838	0.0063195
2.09	-0.35226	0.0075273
2.09	-0.31613	0.0063847
2.09	-0.28	0.0036069
2.09	-0.24387	0.0010609
2.1138	-0.42451	0.0018833
2.1138	-0.38838	0.0034123
2.1138	-0.35226	0.0042955
2.1138	-0.31613	0.0037882
2.1138	-0.28	0.0021749
2.1376	-0.38838	0.001177
2.1376	-0.35226	0.0017257
2.1376	-0.31613	0.0016891
2.1376	-0.28	0.0010314
2.1376	0.87613	0.001097
2.1376	0.91226	0.001333
2.1376	0.94839	0.0011222
2.1615	0.84	0.0011414
2.1615	0.87613	0.0022702
2.1615	0.91226	0.0028428
2.1615	0.94839	0.0025023
2.1615	0.98452	0.0015729
2.1852	0.84	0.0021135
2.1852	0.87613	0.0041835
2.1852	0.91226	0.005338
2.1852	0.94839	0.0048347
2.1852	0.98452	0.0031371
2.1852	1.0207	0.0013661
2.209	-0.49677	0.00084023
2.209	-0.46064	0.0017071
2.209	-0.42451	0.0021583
2.209	-0.38838	0.0018767
2.209	-0.35226	0.0011293
2.209	0.80387	0.00091065
2.209	0.84	0.0037242
2.209	0.87613	0.0073671
2.209	0.91226	0.0095863
2.209	0.94839	0.0089239
2.209	0.98452	0.0059574
2.209	1.0207	0.0026443
2.2329	-0.49677	0.0015765
2.2329	-0.46064	0.0032739
2.2329	-0.42451	0.0044102
2.2329	-0.38838	0.0042233
2.2329	-0.35226	0.0029066
2.2329	-0.31613	0.0013659
2.2329	0.69549	0.00099523
2.2329	0.80387	0.0017014
2.2329	0.84	0.0066207
2.2329	0.87613	0.013241
2.2329	0.91226	0.017731
2.2329	0.94839	0.01709
2.2329	0.98452	0.011797
2.2329	1.0207	0.0053416
2.2329	1.0568	0.0011559
2.2568	-0.49677	0.0024787
2.2568	-0.46064	0.0050999
2.2568	-0.42451	0.0070154
2.2568	-0.38838	0.0069803
2.2568	-0.35226	0.0050583
2.2568	-0.31613	0.0025289
2.2568	0.65936	0.00087614
2.2568	0.69549	0.0012415
2.2568	0.80387	0.0033121
2.2568	0.84	0.012555
2.2568	0.87613	0.025636
2.2568	0.91226	0.035354
2.2568	0.94839	0.034894
2.2568	0.98452	0.024218
2.2568	1.0207	0.010622
2.2568	1.0568	0.0020366
2.2568	1.129	0.0010769
2.2568	1.1651	0.0012682
2.2805	-0.5329	0.00094161
2.2805	-0.49677	0.0034722
2.2805	-0.46064	0.0069903
2.2805	-0.42451	0.009648
2.2805	-0.38838	0.009752
2.2805	-0.35226	0.0072268
2.2805	-0.31613	0.0036959
2.2805	-0.28	0.0010688
2.2805	0.65936	0.0010958
2.2805	0.69549	0.0015762
2.2805	0.80387	0.0063298
2.2805	0.84	0.022507
2.2805	0.87613	0.043371
2.2805	0.91226	0.054933
2.2805	0.94839	0.048017
2.2805	0.98452	0.028411
2.2805	1.0207	0.010206
2.2805	1.0568	0.0014907
2.3043	-0.5329	0.0013287
2.3043	-0.49677	0.0044852
2.3043	-0.46064	0.0087949
2.3043	-0.42451	0.012081
2.3043	-0.38838	0.012276
2.3043	-0.35226	0.0091823
2.3043	-0.31613	0.004723
2.3043	-0.28	0.0013376
2.3043	0.65936	0.0010849
2.3043	0.69549	0.0015384
2.3043	0.80387	0.0060305
2.3043	0.84	0.017633
2.3043	0.87613	0.028307
2.3043	0.91226	0.030182
2.3043	0.94839	0.022627
2.3043	0.98452	0.011755
2.3043	1.0207	0.0037657
2.3281	-0.5329	0.001745
2.3281	-0.49677	0.0054506
2.3281	-0.46064	0.010412
2.3281	-0.42451	0.014196
2.3281	-0.38838	0.014438
2.3281	-0.35226	0.010836
2.3281	-0.31613	0.0055587
2.3281	-0.28	0.0015191
2.3281	0.80387	0.0018208
2.3281	0.84	0.0050646
2.3281	0.87613	0.0080602
2.3281	0.91226	0.0087504
2.3281	0.94839	0.0067829
2.3281	0.98452	0.0036537
2.3281	1.0207	0.0011907
2.3519	-1.7251	0.00082453
2.3519	-0.5329	0.0021448
2.3519	-0.49677	0.0062776
2.3519	-0.46064	0.011738
2.3519	-0.42451	0.015918
2.3519	-0.38838	0.016215
2.3519	-0.35226	0.012199
2.3519	-0.31613	0.006223
2.3519	-0.28	0.0016256
2.3519	-0.17162	0.0011868
2.3519	-0.13549	0.000828
2.3519	0.84	0.0010061
2.3519	0.87613	0.0018672
2.3519	0.91226	0.0022952
2.3519	0.94839	0.0019677
2.3519	0.98452	0.0011438
2.3758	-1.7251	0.00099663
2.3758	-1.689	0.00091885
2.3758	-0.5329	0.0024364
2.3758	-0.49677	0.0067798
2.3758	-0.46064	0.012543
2.3758	-0.42451	0.017067
2.3758	-0.38838	0.017534
2.3758	-0.35226	0.013293
2.3758	-0.31613	0.0067609
2.3758	-0.28	0.0016855
2.3758	-0.20774	0.0010062
2.3758	-0.17162	0.0017797
2.3758	-0.13549	0.0012007
2.3758	-0.027097	0.00091656
2.3758	0.0090325	0.0010532
2.3996	-1.7613	0.00081484
2.3996	-1.7251	0.0010339
2.3996	-1.689	0.00095539
2.3996	-0.5329	0.0024267
2.3996	-0.49677	0.0065163
2.3996	-0.46064	0.012168
2.3996	-0.42451	0.016931
2.3996	-0.38838	0.017828
2.3996	-0.35226	0.013787
2.3996	-0.31613	0.0070461
2.3996	-0.28	0.0017039
2.3996	-0.20774	0.0015996
2.3996	-0.17162	0.0024839
2.3996	-0.13549	0.0015303
2.3996	-0.027097	0.0012811
2.3996	0.0090325	0.0011254
2.4234	-1.7251	0.00090411
2.4234	-1.689	0.00084856
2.4234	-0.5329	0.0017417
2.4234	-0.49677	0.0044862
2.4234	-0.46064	0.008752
2.4234	-0.42451	0.012863
2.4234	-0.38838	0.014124
2.4234	-0.35226	0.011112
2.4234	-0.31613	0.0056007
2.4234	-0.28	0.001387
2.4234	-0.20774	0.001504
2.4234	-0.17162	0.0017123
2.4234	-0.13549	0.00083813
2.4472	-0.46064	0.0014918
2.4472	-0.42451	0.0025478
2.4472	-0.38838	0.0030502
2.4472	-0.35226	0.0024476
2.4472	-0.31613	0.0012848
2.4472	0.84	0.00083437
2.471	-0.67742	0.0012349
2.471	-0.64129	0.0011304
2.471	-0.56903	0.0014176
2.471	-0.5329	0.0034853
2.471	-0.49677	0.0052951
2.471	-0.46064	0.0052992
2.471	-0.42451	0.003703
2.471	-0.38838	0.0018365
2.471	0.80387	0.00091637
2.471	0.84	0.0013014
2.471	0.87613	0.0012887
2.471	0.91226	0.00092622
2.4949	-1.0026	0.0010357
2.4949	-0.96645	0.00091318
2.4949	-0.85806	0.0015295
2.4949	-0.82193	0.0017152
2.4949	-0.7858	0.0008393
2.4949	-0.71355	0.0021844
2.4949	-0.67742	0.0029676
2.4949	-0.64129	0.0016475
2.4949	-0.56903	0.0026668
2.4949	-0.5329	0.0078246
2.4949	-0.49677	0.012426
2.4949	-0.46064	0.013361
2.4949	-0.42451	0.010519
2.4949	-0.38838	0.006149
2.4949	-0.35226	0.002575
2.4949	0.80387	0.0012133
2.4949	0.84	0.0017376
2.4949	0.87613	0.0017658
2.4949	0.91226	0.0013157
2.5187	-1.0387	0.0011885
2.5187	-1.0026	0.0018065
2.5187	-0.96645	0.001245
2.5187	-0.89419	0.0010969
2.5187	-0.85806	0.002052
2.5187	-0.82193	0.0016162
2.5187	-0.71355	0.0020572
2.5187	-0.67742	0.0023727
2.5187	-0.64129	0.0010129
2.5187	-0.56903	0.0029542
2.5187	-0.5329	0.0086942
2.5187	-0.49677	0.014183
2.5187	-0.46064	0.015962
2.5187	-0.42451	0.013276
2.5187	-0.38838	0.008203
2.5187	-0.35226	0.0035687
2.5187	-0.31613	0.00091897
2.5187	0.80387	0.0014821
2.5187	0.84	0.0021119
2.5187	0.87613	0.0021664
2.5187	0.91226	0.0016402
2.5187	0.94839	0.00088909
2.5187	2.2129	0.00082221
2.5426	-1.7974	0.0010147
2.5426	-1.7613	0.0011363
2.5426	-1.7251	0.00086381
2.5426	-1.0387	0.00097798
2.5426	-1.0026	0.0011324
2.5426	-0.85806	0.0010587
2.5426	-0.71355	0.001346
2.5426	-0.67742	0.0014521
2.5426	-0.56903	0.0028774
2.5426	-0.5329	0.0082864
2.5426	-0.49677	0.013742
2.5426	-0.46064	0.01592
2.5426	-0.42451	0.013661
2.5426	-0.38838	0.0086619
2.5426	-0.35226	0.0037931
2.5426	-0.31613	0.0009148
2.5426	0.76774	0.00080904
2.5426	0.80387	0.0017149
2.5426	0.84	0.0024156
2.5426	0.87613	0.0024803
2.5426	0.91226	0.001889
2.5426	0.94839	0.0010286
2.5426	2.1768	0.00083842
2.5426	2.2129	0.0010344
2.5426	2.2491	0.00089455
2.5663	-1.8336	0.0015082
2.5663	-1.7974	0.0026471
2.5663	-1.7613	0.003231
2.5663	-1.7251	0.0027496
2.5663	-1.689	0.0014931
2.5663	-0.71355	0.00083614
2.5663	-0.67742	0.00084839
2.5663	-0.56903	0.0026497
2.5663	-0.5329	0.0074236
2.5663	-0.49677	0.01243
2.5663	-0.46064	0.014694
2.5663	-0.42451	0.012878
2.5663	-0.38838	0.0082832
2.5663	-0.35226	0.0036038
2.5663	0.76774	0.00093983
2.5663	0.80387	0.0019121
2.5663	0.84	0.0026562
2.5663	0.87613	0.0027192
2.5663	0.91226	0.0020728
2.5663	0.94839	0.0011266
2.5901	-1.8697	0.001164
2.5901	-1.8336	0.003282
2.5901	-1.7974	0.006015
2.5901	-1.7613	0.0077772
2.5901	-1.7251	0.0070595
2.5901	-1.689	0.0040882
2.5901	-1.6529	0.0010608
2.5901	-1.5806	0.00085854
2.5901	-1.5445	0.0013738
2.5901	-0.56903	0.0023114
2.5901	-0.5329	0.0063176
2.5901	-0.49677	0.010675
2.5901	-0.46064	0.012856
2.5901	-0.42451	0.011479
2.5901	-0.38838	0.0074648
2.5901	-0.35226	0.0032093
2.5901	0.76774	0.0010555
2.5901	0.80387	0.0020706
2.5901	0.84	0.0028405
2.5901	0.87613	0.0028988
2.5901	0.91226	0.0022086
2.5901	0.94839	0.0011949
2.6139	-1.8697	0.00245
2.6139	-1.8336	0.0067857
2.6139	-1.7974	0.012405
2.6139	-1.7613	0.015871
2.6139	-1.7251	0.013924
2.6139	-1.689	0.0075024
2.6139	-1.6529	0.0016923
2.6139	-1.5806	0.0013118
2.6139	-1.5445	0.00177
2.6139	-1.5084	0.00084494
2.6139	-0.56903	0.0018877
2.6139	-0.5329	0.0050697
2.6139	-0.49677	0.0086856
2.6139	-0.46064	0.010695
2.6139	-0.42451	0.0097552
2.6139	-0.38838	0.0064238
2.6139	-0.35226	0.0027272
2.6139	0.76774	0.0011271
2.6139	0.80387	0.0021475
2.6139	0.84	0.0029254
2.6139	0.87613	0.0029874
2.6139	0.91226	0.0022793
2.6139	0.94839	0.0012272
2.6378	-1.9058	0.00103
2.6378	-1.8697	0.0043724
2.6378	-1.8336	0.010066
2.6378	-1.7974	0.015329
2.6378	-1.7613	0.016223
2.6378	-1.7251	0.011714
2.6378	-1.689	0.0051856
2.6378	-1.6529	0.00093511
2.6378	-1.5445	0.00095271
2.6378	-0.56903	0.0014078
2.6378	-0.5329	0.0037561
2.6378	-0.49677	0.0065897
2.6378	-0.46064	0.0083718
2.6378	-0.42451	0.0078648
2.6378	-0.38838	0.0052805
2.6378	-0.35226	0.0022235
2.6378	0.76774	0.0010388
2.6378	0.80387	0.0019337
2.6378	0.84	0.0026342
2.6378	0.87613	0.0027008
2.6378	0.91226	0.0020595
2.6378	0.94839	0.0010958
2.6616	-1.9058	0.0013532
2.6616	-1.8697	0.0040331
2.6616	-1.8336	0.0069797
2.6616	-1.7974	0.0084353
2.6616	-1.7613	0.0074849
2.6616	-1.7251	0.0047703
2.6616	-1.689	0.001932
2.6616	-0.56903	0.00091187
2.6616	-0.5329	0.0024511
2.6616	-0.49677	0.0044831
2.6616	-0.46064	0.0059847
2.6616	-0.42451	0.0058898
2.6616	-0.38838	0.0040948
2.6616	-0.35226	0.0017332
2.6616	0.80387	0.00093584
2.6616	0.84	0.0012815
2.6616	0.87613	0.0013134
2.6616	0.91226	0.0009849
2.6854	-1.9058	0.0011034
2.6854	-1.8697	0.0027759
2.6854	-1.8336	0.0042434
2.6854	-1.7974	0.0046304
2.6854	-1.7613	0.0037664
2.6854	-1.7251	0.0022266
2.6854	-1.689	0.00083923
2.6854	-0.5329	0.0012828
2.6854	-0.49677	0.0025013
2.6854	-0.46064	0.0036282
2.6854	-0.42451	0.0038747
2.6854	-0.38838	0.0028857
2.6854	-0.35226	0.0012696
2.6854	-0.20774	0.00084785
2.7092	-1.9058	0.00093153
2.7092	-1.8697	0.0022558
2.7092	-1.8336	0.0033776
2.7092	-1.7974	0.0035885
2.7092	-1.7613	0.0027991
2.7092	-1.7251	0.0015536
2.7092	-0.49677	0.0010917
2.7092	-0.46064	0.0016242
2.7092	-0.42451	0.0019486
2.7092	-0.38838	0.0016627
2.7092	-0.35226	0.00082534
2.7092	-0.20774	0.00083673
2.7092	0.11742	0.00089448
2.7331	-1.9058	0.00084165
2.7331	-1.8697	0.0020242
2.7331	-1.8336	0.0030648
2.7331	-1.7974	0.0032886
2.7331	-1.7613	0.0025608
2.7331	-1.7251	0.0013862
2.7331	-0.56903	0.0012721
2.7331	-0.5329	0.0020653
2.7331	-0.49677	0.0021087
2.7331	-0.46064	0.0015323
2.7331	-0.42451	0.00095749
2.7331	0.80387	0.0010278
2.7331	0.84	0.00095507
2.7569	-1.8697	0.0018482
2.7569	-1.8336	0.0028539
2.7569	-1.7974	0.0031305
2.7569	-1.7613	0.0024756
2.7569	-1.7251	0.0013351
2.7569	-0.71355	0.00091607
2.7569	-0.60516	0.0014952
2.7569	-0.56903	0.0050739
2.7569	-0.5329	0.0086664
2.7569	-0.49677	0.009443
2.7569	-0.46064	0.0068933
2.7569	-0.42451	0.0032343
2.7569	-0.38838	0.00084312
2.7569	0.76774	0.001012
2.7569	0.80387	0.0013391
2.7569	0.84	0.0012647
2.7569	0.87613	0.00087778
2.7807	-1.8697	0.0016783
2.7807	-1.8336	0.0026595
2.7807	-1.7974	0.0030024
2.7807	-1.7613	0.0024303
2.7807	-1.7251	0.0013169
2.7807	-0.74968	0.0010581
2.7807	-0.71355	0.0013227
2.7807	-0.60516	0.0027699
2.7807	-0.56903	0.0084995
2.7807	-0.5329	0.014012
2.7807	-0.49677	0.015253
2.7807	-0.46064	0.011487
2.7807	-0.42451	0.005763
2.7807	-0.38838	0.0016232
2.7807	0.76774	0.00112
2.7807	0.80387	0.0014779
2.7807	0.84	0.0014042
2.7807	0.87613	0.00098079
2.8045	-1.8697	0.001537
2.8045	-1.8336	0.0025276
2.8045	-1.7974	0.0029651
2.8045	-1.7613	0.0024774
2.8045	-1.7251	0.0013565
2.8045	-0.74968	0.00081878
2.8045	-0.71355	0.00087731
2.8045	-0.60516	0.0023923
2.8045	-0.56903	0.0068139
2.8045	-0.5329	0.011076
2.8045	-0.49677	0.012236
2.8045	-0.46064	0.0095475
2.8045	-0.42451	0.0050576
2.8045	-0.38838	0.0015313
2.8045	0.76774	0.0011384
2.8045	0.80387	0.0014981
2.8045	0.84	0.0014286
2.8045	0.87613	0.00099989
2.8283	-1.8697	0.0014498
2.8283	-1.8336	0.002498
2.8283	-1.7974	0.0030585
2.8283	-1.7613	0.0026354
2.8283	-1.7251	0.0014473
2.8283	-0.60516	0.0016814
2.8283	-0.56903	0.00455
2.8283	-0.5329	0.0073987
2.8283	-0.49677	0.0083481
2.8283	-0.46064	0.0067237
2.8283	-0.42451	0.0036909
2.8283	-0.38838	0.001148
2.8283	0.76774	0.0010879
2.8283	0.80387	0.0014331
2.8283	0.84	0.0013748
2.8283	0.87613	0.00096533
2.8521	-1.8697	0.0012469
2.8521	-1.8336	0.0021681
2.8521	-1.7974	0.0026585
2.8521	-1.7613	0.0022582
2.8521	-1.7251	0.001186
2.8521	-0.60516	0.001295
2.8521	-0.56903	0.0032469
2.8521	-0.5329	0.0051519
2.8521	-0.49677	0.0058035
2.8521	-0.46064	0.0047189
2.8521	-0.42451	0.0026199
2.8521	-0.38838	0.0008099
2.8521	0.76774	0.00098184
2.8521	0.80387	0.0013048
2.8521	0.84	0.0012678
2.8521	0.87613	0.00089835
2.876	-1.8336	0.0011803
2.876	-1.7974	0.0013584
2.876	-1.7613	0.0010984
2.876	-0.60516	0.0012883
2.876	-0.56903	0.0028641
2.876	-0.5329	0.0042226
2.876	-0.49677	0.0045398
2.876	-0.46064	0.0035846
2.876	-0.42451	0.0019471
2.876	0.76774	0.00082767
2.876	0.80387	0.001124
2.876	0.84	0.0011205
2.876	0.87613	0.00081069
2.8998	-0.60516	0.0018028
2.8998	-0.56903	0.0035602
2.8998	-0.5329	0.004746
2.8998	-0.49677	0.004663
2.8998	-0.46064	0.0033994
2.8998	-0.42451	0.0017178
2.8998	0.80387	0.00087964
2.8998	0.84	0.00091671
2.9237	-1.8336	0.00084241
2.9237	-0.64129	0.00089533
2.9237	-0.60516	0.0032051
2.9237	-0.56903	0.0059376
2.9237	-0.5329	0.0074286
2.9237	-0.49677	0.0067835
2.9237	-0.46064	0.0045382
2.9237	-0.42451	0.002072
2.9474	-1.8697	0.0011591
2.9474	-1.8336	0.0013059
2.9474	-1.7974	0.0010746
2.9474	-0.74968	0.00098322
2.9474	-0.64129	0.001867
2.9474	-0.60516	0.0062791
2.9474	-0.56903	0.011371
2.9474	-0.5329	0.01396
2.9474	-0.49677	0.012402
2.9474	-0.46064	0.0079279
2.9474	-0.42451	0.0033478
2.9712	-1.9058	0.0010857
2.9712	-1.8697	0.0017424
2.9712	-1.8336	0.0019942
2.9712	-1.7974	0.0016495
2.9712	-1.7613	0.00093633
2.9712	-0.7858	0.0011915
2.9712	-0.74968	0.0014724
2.9712	-0.64129	0.0039028
2.9712	-0.60516	0.012562
2.9712	-0.56903	0.022586
2.9712	-0.5329	0.02772
2.9712	-0.49677	0.02452
2.9712	-0.46064	0.01539
2.9712	-0.42451	0.006169
2.9712	-0.38838	0.0010681
2.9712	-0.28	0.00086144
2.995	-1.9058	0.0015091
2.995	-1.8697	0.0024614
2.995	-1.8336	0.0028685
2.995	-1.7974	0.0023988
2.995	-1.7613	0.0013468
2.995	-0.7858	0.0017473
2.995	-0.74968	0.0020677
2.995	-0.64129	0.0074964
2.995	-0.60516	0.023123
2.995	-0.56903	0.041049
2.995	-0.5329	0.050016
2.995	-0.49677	0.043744
2.995	-0.46064	0.026787
2.995	-0.42451	0.010125
2.995	-0.38838	0.0014492
2.995	-0.31613	0.00155
2.995	-0.28	0.0016444
3.0188	-1.9058	0.0019591
3.0188	-1.8697	0.0032592
3.0188	-1.8336	0.0038772
3.0188	-1.7974	0.0032854
3.0188	-1.7613	0.001828
3.0188	-0.7858	0.0019163
3.0188	-0.74968	0.0021406
3.0188	-0.67742	0.0010328
3.0188	-0.64129	0.009774
3.0188	-0.60516	0.028425
3.0188	-0.56903	0.0487
3.0188	-0.5329	0.057493
3.0188	-0.49677	0.048539
3.0188	-0.46064	0.028354
3.0188	-0.42451	0.0098883
3.0188	-0.38838	0.0011254
3.0188	-0.31613	0.0019237
3.0188	-0.28	0.001785
3.0427	-1.942	0.00090998
3.0427	-1.9058	0.0022994
3.0427	-1.8697	0.0039219
3.0427	-1.8336	0.0047778
3.0427	-1.7974	0.0041065
3.0427	-1.7613	0.0022597
3.0427	-1.6167	0.00084159
3.0427	-0.7858	0.0010704
3.0427	-0.74968	0.0011263
3.0427	-0.64129	0.0064504
3.0427	-0.60516	0.017943
3.0427	-0.56903	0.030066
3.0427	-0.5329	0.034919
3.0427	-0.49677	0.028972
3.0427	-0.46064	0.01647
3.0427	-0.42451	0.0053995
3.0427	-0.31613	0.0014525
3.0427	-0.28	0.0012341
3.0665	-1.942	0.00084606
3.0665	-1.9058	0.0021276
3.0665	-1.8697	0.0036692
3.0665	-1.8336	0.0045221
3.0665	-1.7974	0.0038911
3.0665	-1.7613	0.0020838
3.0665	-1.6167	0.00097011
3.0665	-0.64129	0.0027661
3.0665	-0.60516	0.0076665
3.0665	-0.56903	0.013083
3.0665	-0.5329	0.015552
3.0665	-0.49677	0.013168
3.0665	-0.46064	0.0075436
3.0665	-0.42451	0.0023917
3.0665	-0.31613	0.00096148
3.0665	0.76774	0.00086932
3.0903	-1.9058	0.001291
3.0903	-1.8697	0.0020129
3.0903	-1.8336	0.0023457
3.0903	-1.7974	0.0019424
3.0903	-1.7613	0.00098863
3.0903	-0.64129	0.0012279
3.0903	-0.60516	0.0032355
3.0903	-0.56903	0.0055412
3.0903	-0.5329	0.0067479
3.0903	-0.49677	0.0058813
3.0903	-0.46064	0.0034381
3.0903	-0.42451	0.0010698
3.0903	0.73162	0.00087512
3.0903	0.76774	0.0010284
3.0903	0.80387	0.00088024
3.1142	-1.9058	0.00096577
3.1142	-1.8697	0.0010899
3.1142	-1.8336	0.00096341
3.1142	-0.64129	0.0011408
3.1142	-0.60516	0.0023372
3.1142	-0.56903	0.0034154
3.1142	-0.5329	0.0038011
3.1142	-0.49677	0.0031767
3.1142	-0.46064	0.001829
3.1142	0.69549	0.00089945
3.1142	0.73162	0.0013665
3.1142	0.76774	0.0014775
3.1142	0.80387	0.0011841
3.138	-1.942	0.00082622
3.138	-1.9058	0.0012063
3.138	-1.8697	0.0012369
3.138	-1.8336	0.00092087
3.138	-0.64129	0.0022705
3.138	-0.60516	0.0039981
3.138	-0.56903	0.0049205
3.138	-0.5329	0.0045772
3.138	-0.49677	0.0032461
3.138	-0.46064	0.0016413
3.138	0.65936	0.00084019
3.138	0.69549	0.0018931
3.138	0.73162	0.0026115
3.138	0.76774	0.0025593
3.138	0.80387	0.0018515
3.138	0.84	0.00096148
3.1618	-1.942	0.00098594
3.1618	-1.9058	0.001489
3.1618	-1.8697	0.0015806
3.1618	-1.8336	0.0011996
3.1618	-0.67742	0.001677
3.1618	-0.64129	0.0051718
3.1618	-0.60516	0.0089798
3.1618	-0.56903	0.010768
3.1618	-0.5329	0.0094942
3.1618	-0.49677	0.0061578
3.1618	-0.46064	0.0027432
3.1618	0.65936	0.0015254
3.1618	0.69549	0.0031675
3.1618	0.73162	0.0040744
3.1618	0.76774	0.0036989
3.1618	0.80387	0.0024438
3.1618	0.84	0.0011356
3.1856	-1.942	0.0010984
3.1856	-1.9058	0.0017151
3.1856	-1.8697	0.0018922
3.1856	-1.8336	0.0014871
3.1856	-0.82193	0.00090987
3.1856	-0.7858	0.0010417
3.1856	-0.67742	0.0036015
3.1856	-0.64129	0.010789
3.1856	-0.60516	0.018763
3.1856	-0.56903	0.022602
3.1856	-0.5329	0.019829
3.1856	-0.49677	0.012513
3.1856	-0.46064	0.0051885
3.1856	-0.42451	0.0010216
3.1856	0.65936	0.0016717
3.1856	0.69549	0.0032927
3.1856	0.73162	0.0040843
3.1856	0.76774	0.0035762
3.1856	0.80387	0.0022582
3.1856	0.84	0.00098225
3.2094	-1.942	0.0011821
3.2094	-1.9058	0.0019063
3.2094	-1.8697	0.0021767
3.2094	-1.8336	0.00176
3.2094	-1.7974	0.00093107
3.2094	-0.82193	0.0011312
3.2094	-0.7858	0.0012165
3.2094	-0.67742	0.0056671
3.2094	-0.64129	0.016258
3.2094	-0.60516	0.027825
3.2094	-0.56903	0.033158
3.2094	-0.5329	0.028648
3.2094	-0.49677	0.017542
3.2094	-0.46064	0.006795
3.2094	-0.42451	0.0010956
3.2094	-0.35226	0.00088757
3.2094	-0.31613	0.0010755
3.2094	0.65936	0.0013877
3.2094	0.69549	0.0026743
3.2094	0.73162	0.0033007
3.2094	0.76774	0.0028825
3.2094	0.80387	0.0018036
3.2332	-1.942	0.001167
3.2332	-1.9058	0.0019508
3.2332	-1.8697	0.0022998
3.2332	-1.8336	0.0018986
3.2332	-1.7974	0.00099822
3.2332	-0.82193	0.00083088
3.2332	-0.7858	0.00082987
3.2332	-0.67742	0.0051332
3.2332	-0.64129	0.014128
3.2332	-0.60516	0.023781
3.2332	-0.56903	0.028042
3.2332	-0.5329	0.023916
3.2332	-0.49677	0.014283
3.2332	-0.46064	0.0052024
3.2332	-0.35226	0.00099844
3.2332	-0.31613	0.0010397
3.2332	0.65936	0.0010999
3.2332	0.69549	0.0021089
3.2332	0.73162	0.0026261
3.2332	0.76774	0.0023174
3.2332	0.80387	0.0014556
3.2571	-1.9058	0.0014061
3.2571	-1.8697	0.0017145
3.2571	-1.8336	0.0014359
3.2571	-0.67742	0.0031049
3.2571	-0.64129	0.0084241
3.2571	-0.60516	0.014289
3.2571	-0.56903	0.017057
3.2571	-0.5329	0.014673
3.2571	-0.49677	0.0087182
3.2571	-0.46064	0.003031
3.2571	-0.35226	0.00088565
3.2571	-0.31613	0.00083069
3.2571	0.65936	0.00088246
3.2571	0.69549	0.0017036
3.2571	0.73162	0.002158
3.2571	0.76774	0.0019365
3.2571	0.80387	0.001227
3.2809	-0.67742	0.0016223
3.2809	-0.64129	0.0044183
3.2809	-0.60516	0.0076879
3.2809	-0.56903	0.0094521
3.2809	-0.5329	0.0083322
3.2809	-0.49677	0.0049907
3.2809	-0.46064	0.0016659
3.2809	0.69549	0.0013882
3.2809	0.73162	0.0018032
3.2809	0.76774	0.0016549
3.2809	0.80387	0.0010617
3.3047	-0.67742	0.00092732
3.3047	-0.64129	0.0023513
3.3047	-0.60516	0.0040473
3.3047	-0.56903	0.0050617
3.3047	-0.5329	0.004573
3.3047	-0.49677	0.0027757
3.3047	-0.46064	0.00089095
3.3047	0.69549	0.0010744
3.3047	0.73162	0.0014205
3.3047	0.76774	0.0013276
3.3047	0.80387	0.00085984
3.3285	-0.67742	0.001297
3.3285	-0.64129	0.0023958
3.3285	-0.60516	0.0031925
3.3285	-0.56903	0.0033454
3.3285	-0.5329	0.0027265
3.3285	-0.49677	0.0015624
3.3285	0.73162	0.00097121
3.3285	0.76774	0.0008728
3.3523	-1.9781	0.00081037
3.3523	-1.942	0.0012383
3.3523	-1.9058	0.0013318
3.3523	-1.8697	0.0010303
3.3523	-0.82193	0.00084173
3.3523	-0.71355	0.0011876
3.3523	-0.67742	0.0036542
3.3523	-0.64129	0.0059914
3.3523	-0.60516	0.0066647
3.3523	-0.56903	0.0054455
3.3523	-0.5329	0.0033192
3.3523	-0.49677	0.0014254
3.3761	-1.9781	0.0017738
3.3761	-1.942	0.0028001
3.3761	-1.9058	0.0031397
3.3761	-1.8697	0.0025345
3.3761	-1.8336	0.0014
3.3761	-0.85806	0.001073
3.3761	-0.82193	0.0012494
3.3761	-0.71355	0.0025172
3.3761	-0.67742	0.0074303
3.3761	-0.64129	0.012122
3.3761	-0.60516	0.013401
3.3761	-0.56903	0.010632
3.3761	-0.5329	0.005998
3.3761	-0.49677	0.0022053
3.3761	0.65936	0.00091506
3.3761	0.69549	0.0011232
3.3761	0.73162	0.00099623
3.3999	-2.0142	0.0011821
3.3999	-1.9781	0.0028529
3.3999	-1.942	0.0045348
3.3999	-1.9058	0.005146
3.3999	-1.8697	0.0041931
3.3999	-1.8336	0.0023038
3.3999	-0.85806	0.00098466
3.3999	-0.82193	0.0010961
3.3999	-0.71355	0.003102
3.3999	-0.67742	0.0088823
3.3999	-0.64129	0.014585
3.3999	-0.60516	0.016404
3.3999	-0.56903	0.013239
3.3999	-0.5329	0.0075062
3.3999	-0.49677	0.0026691
3.3999	0.65936	0.0013863
3.3999	0.69549	0.0017034
3.3999	0.73162	0.001499
3.3999	0.76774	0.00096524
3.4238	-2.0142	0.0011628
3.4238	-1.9781	0.002763
3.4238	-1.942	0.0043861
3.4238	-1.9058	0.0049857
3.4238	-1.8697	0.0040514
3.4238	-1.8336	0.0021822
3.4238	-0.71355	0.0028335
3.4238	-0.67742	0.0080143
3.4238	-0.64129	0.013397
3.4238	-0.60516	0.015469
3.4238	-0.56903	0.012812
3.4238	-0.5329	0.0073813
3.4238	-0.49677	0.0025761
3.4238	0.62323	0.0010924
3.4238	0.65936	0.0020724
3.4238	0.69549	0.0025753
3.4238	0.73162	0.0022904
3.4238	0.76774	0.0014743
3.4476	-1.9781	0.001718
3.4476	-1.942	0.0027661
3.4476	-1.9058	0.0031921
3.4476	-1.8697	0.0026156
3.4476	-1.8336	0.001391
3.4476	-0.71355	0.0023265
3.4476	-0.67742	0.0066422
3.4476	-0.64129	0.011436
3.4476	-0.60516	0.013648
3.4476	-0.56903	0.011635
3.4476	-0.5329	0.0068036
3.4476	-0.49677	0.0023111
3.4476	0.62323	0.0015007
3.4476	0.65936	0.0028283
3.4476	0.69549	0.0035359
3.4476	0.73162	0.0031645
3.4476	0.76774	0.0020325
3.4476	0.80387	0.00087524
3.4714	-1.9781	0.00086973
3.4714	-1.942	0.0014488
3.4714	-1.9058	0.0017286
3.4714	-1.8697	0.0014507
3.4714	-0.71355	0.0016434
3.4714	-0.67742	0.004922
3.4714	-0.64129	0.0089169
3.4714	-0.60516	0.011133
3.4714	-0.56903	0.0098234
3.4714	-0.5329	0.0058248
3.4714	-0.49677	0.0018991
3.4714	-0.38838	0.00085861
3.4714	0.62323	0.0015265
3.4714	0.65936	0.0028445
3.4714	0.69549	0.0035523
3.4714	0.73162	0.0031741
3.4714	0.76774	0.0020183
3.4714	0.80387	0.00084088
3.4953	-1.9058	0.00086707
3.4953	-0.67742	0.0024792
3.4953	-0.64129	0.0049719
3.4953	-0.60516	0.0066976
3.4953	-0.56903	0.0062241
3.4953	-0.5329	0.0037607
3.4953	-0.49677	0.0011553
3.4953	-0.38838	0.00088315
3.4953	0.62323	0.00096885
3.4953	0.65936	0.0018016
3.4953	0.69549	0.0022666
3.4953	0.73162	0.0020384
3.4953	0.76774	0.001293
3.5191	-0.64129	0.0014788
3.5191	-0.60516	0.0021134
3.5191	-0.56903	0.0021018
3.5191	-0.5329	0.0013113
3.5191	0.65936	0.00083255
3.5191	0.69549	0.0010693
3.5191	0.73162	0.00098494
3.5429	-1.942	0.00082157
3.5429	-0.71355	0.0012659
3.5429	-0.67742	0.0018811
3.5429	-0.64129	0.0019009
3.5429	-0.60516	0.001455
3.5429	-0.56903	0.00088251
3.5667	-2.0142	0.00087581
3.5667	-1.9781	0.0013569
3.5667	-1.942	0.0014757
3.5667	-1.9058	0.001149
3.5667	-0.74968	0.0012255
3.5667	-0.71355	0.0035536
3.5667	-0.67742	0.0056569
3.5667	-0.64129	0.0060869
3.5667	-0.60516	0.0047049
3.5667	-0.56903	0.0026058
3.5667	-0.5329	0.00096239
3.5905	-2.0142	0.0012295
3.5905	-1.9781	0.0019518
3.5905	-1.942	0.0021895
3.5905	-1.9058	0.0017543
3.5905	-1.8697	0.00094644
3.5905	-0.85806	0.00089578
3.5905	-0.74968	0.002531
3.5905	-0.71355	0.0072767
3.5905	-0.67742	0.011999
3.5905	-0.64129	0.013598
3.5905	-0.60516	0.011135
3.5905	-0.56903	0.0065041
3.5905	-0.5329	0.0024742
3.5905	0.62323	0.00093508
3.5905	0.65936	0.0010934
3.5905	0.69549	0.00090024
3.6143	-2.0142	0.0015436
3.6143	-1.9781	0.0025005
3.6143	-1.942	0.0028749
3.6143	-1.9058	0.0023522
3.6143	-1.8697	0.001275
3.6143	-0.89419	0.00093674
3.6143	-0.85806	0.00098568
3.6143	-0.74968	0.0040344
3.6143	-0.71355	0.011313
3.6143	-0.67742	0.018842
3.6143	-0.64129	0.021814
3.6143	-0.60516	0.018299
3.6143	-0.56903	0.010881
3.6143	-0.5329	0.0041052
3.6143	0.62323	0.0014227
3.6143	0.65936	0.0016892
3.6143	0.69549	0.0014128
3.6143	0.73162	0.00084465
3.6381	-2.0142	0.0015175
3.6381	-1.9781	0.0025107
3.6381	-1.942	0.0029484
3.6381	-1.9058	0.0024463
3.6381	-1.8697	0.0013175
3.6381	-0.74968	0.0044159
3.6381	-0.71355	0.012072
3.6381	-0.67742	0.020171
3.6381	-0.64129	0.023627
3.6381	-0.60516	0.020052
3.6381	-0.56903	0.011958
3.6381	-0.5329	0.0043884
3.6381	0.5871	0.00090515
3.6381	0.62323	0.0016927
3.6381	0.65936	0.0020525
3.6381	0.69549	0.0017604
3.6381	0.73162	0.0010741
3.662	-2.0142	0.00093864
3.662	-1.9781	0.0016195
3.662	-1.942	0.0019697
3.662	-1.9058	0.0016707
3.662	-1.8697	0.00089477
3.662	-0.74968	0.003573
3.662	-0.71355	0.0096563
3.662	-0.67742	0.016336
3.662	-0.64129	0.019486
3.662	-0.60516	0.016802
3.662	-0.56903	0.010062
3.662	-0.5329	0.003575
3.662	-0.42451	0.00093561
3.662	-0.38838	0.00092867
3.662	0.5871	0.00095124
3.662	0.62323	0.001797
3.662	0.65936	0.0022276
3.662	0.69549	0.0019551
3.662	0.73162	0.0012126
3.6858	-1.942	0.00084321
3.6858	-0.74968	0.002456
3.6858	-0.71355	0.006674
3.6858	-0.67742	0.011577
3.6858	-0.64129	0.014205
3.6858	-0.60516	0.012538
3.6858	-0.56903	0.0075725
3.6858	-0.5329	0.0025959
3.6858	-0.42451	0.0010547
3.6858	-0.38838	0.00097368
3.6858	0.62323	0.0015401
3.6858	0.65936	0.0019608
3.6858	0.69549	0.0017601
3.6858	0.73162	0.001104
3.7096	-0.74968	0.0014249
3.7096	-0.71355	0.0038293
3.7096	-0.67742	0.0067737
3.7096	-0.64129	0.0085595
3.7096	-0.60516	0.0077614
3.7096	-0.56903	0.0047391
3.7096	-0.5329	0.0015594
3.7096	-0.42451	0.0009795
3.7096	-0.38838	0.00084718
3.7096	0.62323	0.00084605
3.7096	0.65936	0.0011367
3.7096	0.69549	0.0010617
3.7334	-0.74968	0.0010654
3.7334	-0.71355	0.0022488
3.7334	-0.67742	0.0034268
3.7334	-0.64129	0.0040202
3.7334	-0.60516	0.003545
3.7334	-0.56903	0.0021335
3.7572	-0.74968	0.0020502
3.7572	-0.71355	0.0034151
3.7572	-0.67742	0.0038969
3.7572	-0.64129	0.003343
3.7572	-0.60516	0.0022059
3.7572	-0.56903	0.0010496
3.781	-2.0142	0.0011552
3.781	-1.9781	0.0013065
3.781	-1.942	0.0010463
3.781	-0.7858	0.0014584
3.781	-0.74968	0.0044116
3.781	-0.71355	0.0072967
3.781	-0.67742	0.00816
3.781	-0.64129	0.0065615
3.781	-0.60516	0.0037779
3.781	-0.56903	0.0014386
3.8049	-2.0503	0.00082432
3.8049	-2.0142	0.0014074
3.8049	-1.9781	0.001685
3.8049	-1.942	0.0014277
3.8049	-0.89419	0.00081395
3.8049	-0.7858	0.0024685
3.8049	-0.74968	0.0072503
3.8049	-0.71355	0.012164
3.8049	-0.67742	0.013967
3.8049	-0.64129	0.011524
3.8049	-0.60516	0.0067117
3.8049	-0.56903	0.0024853
3.8049	0.5871	0.0012196
3.8049	0.62323	0.0014238
3.8049	0.65936	0.0011739
3.8287	-2.0142	0.0011269
3.8287	-1.9781	0.0014405
3.8287	-1.942	0.0012896
3.8287	-0.7858	0.0030937
3.8287	-0.74968	0.0088723
3.8287	-0.71355	0.01506
3.8287	-0.67742	0.017684
3.8287	-0.64129	0.01494
3.8287	-0.60516	0.0088416
3.8287	-0.56903	0.0032323
3.8287	0.55097	0.0010437
3.8287	0.5871	0.0019266
3.8287	0.62323	0.0023145
3.8287	0.65936	0.00198
3.8287	0.69549	0.0012202
3.8525	-0.7858	0.0030042
3.8525	-0.74968	0.0085198
3.8525	-0.71355	0.014693
3.8525	-0.67742	0.017645
3.8525	-0.64129	0.015222
3.8525	-0.60516	0.009102
3.8525	-0.56903	0.0032509
3.8525	0.55097	0.0012917
3.8525	0.5871	0.0023784
3.8525	0.62323	0.0028994
3.8525	0.65936	0.002529
3.8525	0.69549	0.0015844
3.8764	-0.7858	0.0021648
3.8764	-0.74968	0.0062403
3.8764	-0.71355	0.011116
3.8764	-0.67742	0.013795
3.8764	-0.64129	0.012218
3.8764	-0.60516	0.0073855
3.8764	-0.56903	0.0025558
3.8764	-0.46064	0.00088943
3.8764	0.55097	0.0012675
3.8764	0.5871	0.0023301
3.8764	0.62323	0.0028743
3.8764	0.65936	0.0025425
3.8764	0.69549	0.0016063
3.9002	-0.7858	0.00096225
3.9002	-0.74968	0.0030388
3.9002	-0.71355	0.0058721
3.9002	-0.67742	0.0077918
3.9002	-0.64129	0.007254
3.9002	-0.60516	0.004495
3.9002	-0.56903	0.0015053
3.9002	-0.46064	0.00085771
3.9002	0.55097	0.00097791
3.9002	0.5871	0.0018109
3.9002	0.62323	0.0022729
3.9002	0.65936	0.0020451
3.9002	0.69549	0.001304
3.924	-2.0865	0.0016503
3.924	-2.0503	0.0024786
3.924	-2.0142	0.0025384
3.924	-1.9781	0.001823
3.924	-1.942	0.00088568
3.924	-0.71355	0.0016204
3.924	-0.67742	0.0025481
3.924	-0.64129	0.0026819
3.924	-0.60516	0.0017859
3.924	0.5871	0.0010927
3.924	0.62323	0.0014086
3.924	0.65936	0.0013005
3.924	0.69549	0.00084246
3.9478	-2.1226	0.0013099
3.9478	-2.0865	0.0033435
3.9478	-2.0503	0.0052633
3.9478	-2.0142	0.0057782
3.9478	-1.9781	0.004539
3.9478	-1.942	0.0024583
3.9715	-2.1226	0.0020989
3.9715	-2.0865	0.0053121
3.9715	-2.0503	0.0085177
3.9715	-2.0142	0.009637
3.9715	-1.9781	0.0078433
3.9715	-1.942	0.0043891
3.9715	-1.9058	0.0014293
3.9715	-0.7858	0.001886
3.9715	-0.74968	0.0029687
3.9715	-0.71355	0.0030283
3.9715	-0.67742	0.0021241
3.9715	-0.64129	0.0010108
3.9954	-2.1226	0.0027845
3.9954	-2.0865	0.0069553
3.9954	-2.0503	0.011243
3.9954	-2.0142	0.012916
3.9954	-1.9781	0.010675
3.9954	-1.942	0.0060096
3.9954	-1.9058	0.0018917
3.9954	-0.82193	0.0012208
3.9954	-0.7858	0.0037825
3.9954	-0.74968	0.0064392
3.9954	-0.71355	0.0073498
3.9954	-0.67742	0.0059365
3.9954	-0.64129	0.0033444
3.9954	-0.60516	0.0011937
3.9954	0.5871	0.00084088
4.0192	-2.1226	0.0030781
4.0192	-2.0865	0.0076119
4.0192	-2.0503	0.012387
4.0192	-2.0142	0.014385
4.0192	-1.9781	0.011985
4.0192	-1.942	0.006711
4.0192	-1.9058	0.0020009
4.0192	-1.7974	0.0011041
4.0192	-1.7613	0.00086444
4.0192	-0.82193	0.0015732
4.0192	-0.7858	0.0048916
4.0192	-0.74968	0.0087152
4.0192	-0.71355	0.010572
4.0192	-0.67742	0.0091444
4.0192	-0.64129	0.0055278
4.0192	-0.60516	0.0020906
4.0192	0.55097	0.0012963
4.0192	0.5871	0.0015514
4.0192	0.62323	0.0013073
4.0431	-2.1226	0.0027838
4.0431	-2.0865	0.0068894
4.0431	-2.0503	0.011355
4.0431	-2.0142	0.013372
4.0431	-1.9781	0.011233
4.0431	-1.942	0.0062336
4.0431	-1.9058	0.0017355
4.0431	-1.7974	0.0014209
4.0431	-1.7613	0.0010419
4.0431	-0.82193	0.0013432
4.0431	-0.7858	0.0042794
4.0431	-0.74968	0.0080425
4.0431	-0.71355	0.010342
4.0431	-0.67742	0.0094549
4.0431	-0.64129	0.0059807
4.0431	-0.60516	0.0022988
4.0431	0.51484	0.00095432
4.0431	0.55097	0.0017972
4.0431	0.5871	0.0021941
4.0431	0.62323	0.0018973
4.0431	0.65936	0.001172
4.0669	-2.1226	0.0019426
4.0669	-2.0865	0.0049339
4.0669	-2.0503	0.0083857
4.0669	-2.0142	0.010143
4.0669	-1.9781	0.0086652
4.0669	-1.942	0.0047825
4.0669	-1.9058	0.0012303
4.0669	-1.8336	0.00084035
4.0669	-1.7974	0.0015113
4.0669	-1.7613	0.0010356
4.0669	-0.7858	0.0022272
4.0669	-0.74968	0.004628
4.0669	-0.71355	0.0065598
4.0669	-0.67742	0.0065134
4.0669	-0.64129	0.0043747
4.0669	-0.60516	0.0017085
4.0669	0.51484	0.0010336
4.0669	0.55097	0.001949
4.0669	0.5871	0.0024213
4.0669	0.62323	0.0021384
4.0669	0.65936	0.0013433
4.0906	-2.1226	0.00088395
4.0906	-2.0865	0.0024692
4.0906	-2.0503	0.0045449
4.0906	-2.0142	0.0058508
4.0906	-1.9781	0.0052149
4.0906	-1.942	0.0029093
4.0906	-1.7974	0.0013275
4.0906	-1.7613	0.00085209
4.0906	-1.6167	0.00088582
4.0906	-0.74968	0.001197
4.0906	-0.71355	0.001946
4.0906	-0.67742	0.0023231
4.0906	-0.64129	0.0018072
4.0906	0.51484	0.00085972
4.0906	0.55097	0.0016442
4.0906	0.5871	0.0020923
4.0906	0.62323	0.0018919
4.0906	0.65936	0.0012074
4.1144	-2.0503	0.001347
4.1144	-2.0142	0.0020824
4.1144	-1.9781	0.0021007
4.1144	-1.942	0.0012495
4.1144	-1.7974	0.0009315
4.1144	-1.6167	0.00080911
4.1144	-1.1471	0.0011241
4.1144	-1.0026	0.0010724
4.1144	-0.96645	0.0013603
4.1144	-0.82193	0.00206
4.1144	-0.7858	0.0027652
4.1144	-0.74968	0.0021757
4.1144	-0.71355	0.0010634
4.1144	0.55097	0.0010144
4.1144	0.5871	0.0013543
4.1144	0.62323	0.0012744
4.1144	0.65936	0.00083456
4.1383	-1.1832	0.00090265
4.1383	-1.1471	0.0015525
4.1383	-1.111	0.0010333
4.1383	-1.0026	0.0019727
4.1383	-0.96645	0.0025249
4.1383	-0.93032	0.0011899
4.1383	-0.85806	0.0022007
4.1383	-0.82193	0.0071929
4.1383	-0.7858	0.011414
4.1383	-0.74968	0.011599
4.1383	-0.71355	0.008075
4.1383	-0.67742	0.0037972
4.1383	-0.64129	0.0011065
4.1621	-2.1226	0.0013881
4.1621	-2.0865	0.0017866
4.1621	-2.0503	0.0015151
4.1621	-2.0142	0.00084283
4.1621	-1.1832	0.0010799
4.1621	-1.1471	0.0018109
4.1621	-1.111	0.0011605
4.1621	-1.0026	0.0029683
4.1621	-0.96645	0.0037002
4.1621	-0.93032	0.0016114
4.1621	-0.85806	0.0050741
4.1621	-0.82193	0.016356
4.1621	-0.7858	0.027456
4.1621	-0.74968	0.030622
4.1621	-0.71355	0.024257
4.1621	-0.67742	0.013585
4.1621	-0.64129	0.0049965
4.1621	-0.60516	0.00096256
4.186	-2.1587	0.0014639
4.186	-2.1226	0.0033758
4.186	-2.0865	0.0048979
4.186	-2.0503	0.0049316
4.186	-2.0142	0.0034826
4.186	-1.9781	0.0016278
4.186	-1.1832	0.0010977
4.186	-1.1471	0.0017823
4.186	-1.111	0.001083
4.186	-1.0387	0.001099
4.186	-1.0026	0.0037361
4.186	-0.96645	0.004463
4.186	-0.93032	0.0017287
4.186	-0.85806	0.0090977
4.186	-0.82193	0.028307
4.186	-0.7858	0.048352
4.186	-0.74968	0.056007
4.186	-0.71355	0.046642
4.186	-0.67742	0.027669
4.186	-0.64129	0.010735
4.186	-0.60516	0.0020381
4.2097	-2.1587	0.0023339
4.2097	-2.1226	0.005477
4.2097	-2.0865	0.0083199
4.2097	-2.0503	0.0089247
4.2097	-2.0142	0.0068107
4.2097	-1.9781	0.0034763
4.2097	-1.942	0.0009575
4.2097	-1.1832	0.00091709
4.2097	-1.1471	0.0014518
4.2097	-1.111	0.00083244
4.2097	-1.0387	0.0012648
4.2097	-1.0026	0.0039502
4.2097	-0.96645	0.0044937
4.2097	-0.93032	0.0014983
4.2097	-0.89419	0.0011493
4.2097	-0.85806	0.013324
4.2097	-0.82193	0.039881
4.2097	-0.7858	0.068368
4.2097	-0.74968	0.080605
4.2097	-0.71355	0.068681
4.2097	-0.67742	0.041614
4.2097	-0.64129	0.016221
4.2097	-0.60516	0.0028445
4.2097	-0.5329	0.0013084
4.2097	-0.49677	0.0016011
4.2335	-2.1587	0.0028702
4.2335	-2.1226	0.0067775
4.2335	-2.0865	0.010561
4.2335	-2.0503	0.011711
4.2335	-2.0142	0.0092572
4.2335	-1.9781	0.004859
4.2335	-1.942	0.0013202
4.2335	-1.1471	0.00092782
4.2335	-1.0387	0.0011817
4.2335	-1.0026	0.0034508
4.2335	-0.96645	0.0037444
4.2335	-0.93032	0.0010413
4.2335	-0.89419	0.0017258
4.2335	-0.85806	0.016217
4.2335	-0.82193	0.046913
4.2335	-0.7858	0.080462
4.2335	-0.74968	0.095892
4.2335	-0.71355	0.082737
4.2335	-0.67742	0.050472
4.2335	-0.64129	0.019363
4.2335	-0.60516	0.0030177
4.2335	-0.5329	0.0024582
4.2335	-0.49677	0.0028093
4.2335	-0.46064	0.0012945
4.2335	0.51484	0.001031
4.2335	0.55097	0.0012879
4.2335	0.5871	0.0011244
4.2574	-2.1587	0.0027615
4.2574	-2.1226	0.0065974
4.2574	-2.0865	0.010537
4.2574	-2.0503	0.012007
4.2574	-2.0142	0.0097164
4.2574	-1.9781	0.0051462
4.2574	-1.942	0.0013332
4.2574	-1.8336	0.001002
4.2574	-1.0387	0.00083656
4.2574	-1.0026	0.0023657
4.2574	-0.96645	0.0024828
4.2574	-0.89419	0.0020427
4.2574	-0.85806	0.016272
4.2574	-0.82193	0.046006
4.2574	-0.7858	0.079273
4.2574	-0.74968	0.095582
4.2574	-0.71355	0.083355
4.2574	-0.67742	0.050945
4.2574	-0.64129	0.019042
4.2574	-0.60516	0.0025489
4.2574	-0.5329	0.0036105
4.2574	-0.49677	0.0038327
4.2574	-0.46064	0.0016207
4.2574	-0.35226	0.00088848
4.2574	0.51484	0.0011053
4.2574	0.55097	0.0014528
4.2574	0.5871	0.0013411
4.2574	0.62323	0.00087586
4.2812	-2.1587	0.0019742
4.2812	-2.1226	0.0048931
4.2812	-2.0865	0.0081438
4.2812	-2.0503	0.009636
4.2812	-2.0142	0.0080231
4.2812	-1.9781	0.0042823
4.2812	-1.942	0.0010416
4.2812	-1.8336	0.0012128
4.2812	-1.0026	0.0011066
4.2812	-0.96645	0.0011795
4.2812	-0.89419	0.0018132
4.2812	-0.85806	0.012918
4.2812	-0.82193	0.036468
4.2812	-0.7858	0.063987
4.2812	-0.74968	0.078771
4.2812	-0.71355	0.06983
4.2812	-0.67742	0.042854
4.2812	-0.64129	0.015541
4.2812	-0.60516	0.001725
4.2812	-0.56903	0.0011567
4.2812	-0.5329	0.0043309
4.2812	-0.49677	0.0042806
4.2812	-0.46064	0.0016438
4.2812	-0.35226	0.0013798
4.2812	-0.31613	0.0010563
4.2812	0.55097	0.0011037
4.2812	0.5871	0.0010899
4.305	-2.1587	0.00086412
4.305	-2.1226	0.0024093
4.305	-2.0865	0.0044224
4.305	-2.0503	0.0056563
4.305	-2.0142	0.0049847
4.305	-1.9781	0.0027307
4.305	-1.8336	0.0011422
4.305	-0.89419	0.0010396
4.305	-0.85806	0.0072275
4.305	-0.82193	0.021402
4.305	-0.7858	0.039583
4.305	-0.74968	0.051023
4.305	-0.71355	0.046831
4.305	-0.67742	0.029214
4.305	-0.64129	0.010314
4.305	-0.60516	0.00091668
4.305	-0.56903	0.0013863
4.305	-0.5329	0.0042823
4.305	-0.49677	0.0039676
4.305	-0.46064	0.0013715
4.305	-0.38838	0.00089309
4.305	-0.35226	0.001718
4.305	-0.31613	0.0012168
4.3289	-2.0865	0.0011726
4.3289	-2.0503	0.0019012
4.3289	-2.0142	0.0019692
4.3289	-1.9781	0.0011887
4.3289	-1.8336	0.00082149
4.3289	-0.85806	0.0019338
4.3289	-0.82193	0.0071124
4.3289	-0.7858	0.015495
4.3289	-0.74968	0.022567
4.3289	-0.71355	0.022625
4.3289	-0.67742	0.01489
4.3289	-0.64129	0.0052193
4.3289	-0.56903	0.0012819
4.3289	-0.5329	0.0034223
4.3289	-0.49677	0.0030103
4.3289	-0.46064	0.00093095
4.3289	-0.38838	0.0010126
4.3289	-0.35226	0.0017588
4.3289	-0.31613	0.0011546
4.3526	-1.1832	0.00095589
4.3526	-1.0026	0.00083271
4.3526	-0.7858	0.0018968
4.3526	-0.74968	0.0041667
4.3526	-0.71355	0.0056177
4.3526	-0.67742	0.0044656
4.3526	-0.64129	0.0016831
4.3526	-0.56903	0.00084506
4.3526	-0.5329	0.0020683
4.3526	-0.49677	0.001775
4.3526	-0.38838	0.00091665
4.3526	-0.35226	0.0014717
4.3526	-0.31613	0.00090072
4.3526	-0.17162	0.00082273
4.3526	0.47871	0.00095132
4.3526	0.51484	0.00097065
4.3765	-2.1948	0.00091665
4.3765	-2.1587	0.0019718
4.3765	-2.1226	0.0025409
4.3765	-2.0865	0.002159
4.3765	-2.0503	0.0011958
4.3765	-1.2193	0.00084796
4.3765	-1.1832	0.0013963
4.3765	-1.1471	0.00085337
4.3765	-1.0387	0.0018504
4.3765	-1.0026	0.0020787
4.3765	-0.89419	0.002076
4.3765	-0.85806	0.0053116
4.3765	-0.82193	0.0067193
4.3765	-0.7858	0.0051454
4.3765	-0.74968	0.0024638
4.3765	-0.71355	0.00083296
4.3765	-0.35226	0.00096453
4.3765	0.29807	0.00094847
4.3765	0.44258	0.001382
4.3765	0.47871	0.0026649
4.3765	0.51484	0.0030786
4.3765	0.55097	0.0024339
4.3765	0.5871	0.0013519
4.4003	-2.1948	0.0020158
4.4003	-2.1587	0.0045992
4.4003	-2.1226	0.0066161
4.4003	-2.0865	0.0065943
4.4003	-2.0503	0.0045814
4.4003	-2.0142	0.0020708
4.4003	-1.2193	0.00098113
4.4003	-1.1832	0.0015595
4.4003	-1.1471	0.0009051
4.4003	-1.0749	0.00092669
4.4003	-1.0387	0.0029219
4.4003	-1.0026	0.0032413
4.4003	-0.96645	0.0011205
4.4003	-0.89419	0.005916
4.4003	-0.85806	0.016321
4.4003	-0.82193	0.024583
4.4003	-0.7858	0.024553
4.4003	-0.74968	0.017017
4.4003	-0.71355	0.0079668
4.4003	-0.67742	0.0022497
4.4003	0.11742	0.00082264
4.4003	0.29807	0.0012624
4.4003	0.3342	0.00085264
4.4003	0.44258	0.0026684
4.4003	0.47871	0.0051967
4.4003	0.51484	0.0062836
4.4003	0.55097	0.0053127
4.4003	0.5871	0.0032156
4.4003	0.62323	0.0013397
4.4242	-2.1948	0.0031207
4.4242	-2.1587	0.0072497
4.4242	-2.1226	0.010909
4.4242	-2.0865	0.011561
4.4242	-2.0503	0.0086564
4.4242	-2.0142	0.0042636
4.4242	-1.9781	0.0010727
4.4242	-1.2193	0.00088035
4.4242	-1.1832	0.0013601
4.4242	-1.0749	0.0012032
4.4242	-1.0387	0.0035164
4.4242	-1.0026	0.0037596
4.4242	-0.96645	0.0011217
4.4242	-0.93032	0.0010843
4.4242	-0.89419	0.010907
4.4242	-0.85806	0.030156
4.4242	-0.82193	0.04799
4.4242	-0.7858	0.05217
4.4242	-0.74968	0.040459
4.4242	-0.71355	0.021872
4.4242	-0.67742	0.0073656
4.4242	-0.64129	0.0010376
4.4242	0.26194	0.00085548
4.4242	0.29807	0.0014067
4.4242	0.3342	0.00088782
4.4242	0.40645	0.00092683
4.4242	0.44258	0.0041203
4.4242	0.47871	0.007961
4.4242	0.51484	0.0098017
4.4242	0.55097	0.008533
4.4242	0.5871	0.0053433
4.4242	0.62323	0.002295
4.448	-2.1948	0.003685
4.448	-2.1587	0.0086594
4.448	-2.1226	0.013411
4.448	-2.0865	0.014723
4.448	-2.0503	0.011432
4.448	-2.0142	0.0057931
4.448	-1.9781	0.0014347
4.448	-1.8697	0.00088917
4.448	-1.1832	0.00088709
4.448	-1.0749	0.0012045
4.448	-1.0387	0.0033066
4.448	-1.0026	0.0033889
4.448	-0.96645	0.00083469
4.448	-0.93032	0.001808
4.448	-0.89419	0.015115
4.448	-0.85806	0.041223
4.448	-0.82193	0.067182
4.448	-0.7858	0.075945
4.448	-0.74968	0.061763
4.448	-0.71355	0.035126
4.448	-0.67742	0.012311
4.448	-0.64129	0.0016489
4.448	-0.56903	0.001272
4.448	-0.5329	0.0011759
4.448	0.26194	0.00083643
4.448	0.29807	0.00131
4.448	0.40645	0.0012997
4.448	0.44258	0.0052725
4.448	0.47871	0.010063
4.448	0.51484	0.012491
4.448	0.55097	0.011038
4.448	0.5871	0.007014
4.448	0.62323	0.0030268
4.4717	-2.1948	0.0032973
4.4717	-2.1587	0.0079396
4.4717	-2.1226	0.012715
4.4717	-2.0865	0.014437
4.4717	-2.0503	0.011529
4.4717	-2.0142	0.0059079
4.4717	-1.9781	0.0013875
4.4717	-1.9058	0.00085385
4.4717	-1.8697	0.001359
4.4717	-1.0749	0.00087631
4.4717	-1.0387	0.002338
4.4717	-1.0026	0.0023225
4.4717	-0.93032	0.0022635
4.4717	-0.89419	0.01635
4.4717	-0.85806	0.044129
4.4717	-0.82193	0.073227
4.4717	-0.7858	0.085042
4.4717	-0.74968	0.07117
4.4717	-0.71355	0.041428
4.4717	-0.67742	0.014513
4.4717	-0.64129	0.0017161
4.4717	-0.56903	0.002502
4.4717	-0.5329	0.0023176
4.4717	0.29807	0.00099282
4.4717	0.40645	0.0014933
4.4717	0.44258	0.0056307
4.4717	0.47871	0.01065
4.4717	0.51484	0.013312
4.4717	0.55097	0.011891
4.4717	0.5871	0.0076138
4.4717	0.62323	0.0032648
4.4955	-2.1948	0.0020143
4.4955	-2.1587	0.0052059
4.4955	-2.1226	0.0088946
4.4955	-2.0865	0.010662
4.4955	-2.0503	0.0088622
4.4955	-2.0142	0.0046061
4.4955	-1.9781	0.0010076
4.4955	-1.9058	0.0010372
4.4955	-1.8697	0.0015521
4.4955	-1.8336	0.00087082
4.4955	-1.0387	0.0010657
4.4955	-1.0026	0.0010797
4.4955	-0.93032	0.0020514
4.4955	-0.89419	0.013456
4.4955	-0.85806	0.036635
4.4955	-0.82193	0.062541
4.4955	-0.7858	0.074964
4.4955	-0.74968	0.064538
4.4955	-0.71355	0.038235
4.4955	-0.67742	0.013203
4.4955	-0.64129	0.0013178
4.4955	-0.60516	0.0010458
4.4955	-0.56903	0.0034923
4.4955	-0.5329	0.0031252
4.4955	-0.49677	0.0010148
4.4955	-0.38838	0.00094136
4.4955	0.40645	0.001371
4.4955	0.44258	0.0049244
4.4955	0.47871	0.0093315
4.4955	0.51484	0.01182
4.4955	0.55097	0.010707
4.4955	0.5871	0.0069105
4.4955	0.62323	0.0029343
4.5193	-2.1587	0.0018426
4.5193	-2.1226	0.0037835
4.5193	-2.0865	0.0051809
4.5193	-2.0503	0.0047262
4.5193	-2.0142	0.0025754
4.5193	-1.9058	0.00095052
4.5193	-1.8697	0.0013521
4.5193	-1.7251	0.00095949
4.5193	-1.689	0.0009151
4.5193	-0.93032	0.0011436
4.5193	-0.89419	0.0074485
4.5193	-0.85806	0.021589
4.5193	-0.82193	0.039361
4.5193	-0.7858	0.050002
4.5193	-0.74968	0.0451
4.5193	-0.71355	0.027499
4.5193	-0.67742	0.0093797
4.5193	-0.60516	0.0013101
4.5193	-0.56903	0.0037454
4.5193	-0.5329	0.0032172
4.5193	-0.49677	0.00096421
4.5193	-0.42451	0.00085436
4.5193	-0.38838	0.0013826
4.5193	-0.35226	0.00081997
4.5193	0.40645	0.00093041
4.5193	0.44258	0.0033181
4.5193	0.47871	0.0064632
4.5193	0.51484	0.0084492
4.5193	0.55097	0.0078641
4.5193	0.5871	0.0051612
4.5193	0.62323	0.0021781
4.5432	-2.0865	0.00093599
4.5432	-2.0503	0.001204
4.5432	-1.8697	0.00084512
4.5432	-1.7251	0.00094142
4.5432	-1.689	0.00086193
4.5432	-1.5445	0.0010129
4.5432	-0.89419	0.0016987
4.5432	-0.85806	0.0065186
4.5432	-0.82193	0.014603
4.5432	-0.7858	0.021589
4.5432	-0.74968	0.021761
4.5432	-0.71355	0.014285
4.5432	-0.67742	0.0049517
4.5432	-0.60516	0.0012075
4.5432	-0.56903	0.0030973
4.5432	-0.5329	0.0025801
4.5432	-0.42451	0.0010179
4.5432	-0.38838	0.0015468
4.5432	-0.35226	0.00087916
4.5432	0.44258	0.0014476
4.5432	0.47871	0.003112
4.5432	0.51484	0.0044148
4.5432	0.55097	0.0043784
4.5432	0.5871	0.0029996
4.5432	0.62323	0.0012791
4.5671	-2.2309	0.0010535
4.5671	-2.1948	0.0020615
4.5671	-2.1587	0.0023286
4.5671	-2.1226	0.0016455
4.5671	-1.5445	0.0010441
4.5671	-1.4	0.0010673
4.5671	-1.3639	0.0010521
4.5671	-1.2555	0.00083291
4.5671	-1.2193	0.0013919
4.5671	-1.1832	0.00086567
4.5671	-1.0749	0.0011645
4.5671	-1.0387	0.0012477
4.5671	-0.82193	0.0011731
4.5671	-0.7858	0.0031252
4.5671	-0.74968	0.0047835
4.5671	-0.71355	0.00409
4.5671	-0.67742	0.0016321
4.5671	-0.56903	0.0018428
4.5671	-0.5329	0.0015457
4.5671	-0.42451	0.00093238
4.5671	-0.38838	0.0013496
4.5671	-0.24387	0.0008201
4.5671	0.51484	0.0012466
4.5671	0.55097	0.0014914
4.5671	0.5871	0.0011595
4.5908	-2.2309	0.003131
4.5908	-2.1948	0.0068481
4.5908	-2.1587	0.0093364
4.5908	-2.1226	0.0087472
4.5908	-2.0865	0.0056723
4.5908	-2.0503	0.0023874
4.5908	-1.5445	0.00082536
4.5908	-1.4	0.0011053
4.5908	-1.3639	0.001069
4.5908	-1.2555	0.0012067
4.5908	-1.2193	0.0019646
4.5908	-1.1832	0.0011878
4.5908	-1.0749	0.002603
4.5908	-1.0387	0.0029087
4.5908	-1.0026	0.0010834
4.5908	-0.93032	0.0030525
4.5908	-0.89419	0.0078139
4.5908	-0.85806	0.0099798
4.5908	-0.82193	0.0077221
4.5908	-0.7858	0.003623
4.5908	-0.74968	0.00097279
4.5908	-0.38838	0.0008833
4.6146	-2.2671	0.0012651
4.6146	-2.2309	0.006101
4.6146	-2.1948	0.01373
4.6146	-2.1587	0.019903
4.6146	-2.1226	0.020302
4.6146	-2.0865	0.01468
4.6146	-2.0503	0.0070663
4.6146	-2.0142	0.0018208
4.6146	-1.4	0.00087063
4.6146	-1.3639	0.00083758
4.6146	-1.2555	0.0013433
4.6146	-1.2193	0.0021204
4.6146	-1.1832	0.0012186
4.6146	-1.111	0.0012799
4.6146	-1.0749	0.0039927
4.6146	-1.0387	0.0043803
4.6146	-1.0026	0.0014716
4.6146	-0.93032	0.0083683
4.6146	-0.89419	0.022785
4.6146	-0.85806	0.034088
4.6146	-0.82193	0.033842
4.6146	-0.7858	0.023245
4.6146	-0.74968	0.01067
4.6146	-0.71355	0.00285
4.6146	0.26194	0.00086452
4.6146	0.40645	0.0013381
4.6146	0.44258	0.0022099
4.6146	0.47871	0.0021936
4.6146	0.51484	0.001442
4.6385	-2.2671	0.0019933
4.6385	-2.2309	0.0090428
4.6385	-2.1948	0.020499
4.6385	-2.1587	0.030567
4.6385	-2.1226	0.032394
4.6385	-2.0865	0.024445
4.6385	-2.0503	0.012233
4.6385	-2.0142	0.0031572
4.6385	-1.9058	0.0013409
4.6385	-1.8697	0.00086674
4.6385	-1.2555	0.0011272
4.6385	-1.2193	0.0017561
4.6385	-1.1832	0.00095814
4.6385	-1.111	0.0015977
4.6385	-1.0749	0.0046446
4.6385	-1.0387	0.0049185
4.6385	-1.0026	0.0014174
4.6385	-0.96645	0.0015581
4.6385	-0.93032	0.014992
4.6385	-0.89419	0.040866
4.6385	-0.85806	0.0644
4.6385	-0.82193	0.069279
4.6385	-0.7858	0.052945
4.6385	-0.74968	0.027911
4.6385	-0.71355	0.0088985
4.6385	-0.67742	0.0010464
4.6385	0.26194	0.0011514
4.6385	0.40645	0.0029226
4.6385	0.44258	0.0051501
4.6385	0.47871	0.0057433
4.6385	0.51484	0.0044555
4.6385	0.55097	0.0024251
4.6385	0.5871	0.00087211
4.6623	-2.2671	0.0024477
4.6623	-2.2309	0.010591
4.6623	-2.1948	0.024162
4.6623	-2.1587	0.036792
4.6623	-2.1226	0.039981
4.6623	-2.0865	0.030868
4.6623	-2.0503	0.0156
4.6623	-2.0142	0.0038491
4.6623	-1.942	0.0015369
4.6623	-1.9058	0.0026536
4.6623	-1.8697	0.0016985
4.6623	-1.2193	0.001034
4.6623	-1.111	0.0014866
4.6623	-1.0749	0.0041292
4.6623	-1.0387	0.0042322
4.6623	-1.0026	0.0010102
4.6623	-0.96645	0.0024717
4.6623	-0.93032	0.020042
4.6623	-0.89419	0.054124
4.6623	-0.85806	0.087532
4.6623	-0.82193	0.098001
4.6623	-0.7858	0.078545
4.6623	-0.74968	0.043546
4.6623	-0.71355	0.014449
4.6623	-0.67742	0.0016112
4.6623	-0.60516	0.0020265
4.6623	-0.56903	0.0017188
4.6623	0.26194	0.0011872
4.6623	0.37032	0.0012035
4.6623	0.40645	0.0044935
4.6623	0.44258	0.0080608
4.6623	0.47871	0.0094056
4.6623	0.51484	0.0077625
4.6623	0.55097	0.0045551
4.6623	0.5871	0.001782
4.6861	-2.2671	0.0022512
4.6861	-2.2309	0.0095712
4.6861	-2.1948	0.022318
4.6861	-2.1587	0.035003
4.6861	-2.1226	0.039135
4.6861	-2.0865	0.030866
4.6861	-2.0503	0.015633
4.6861	-2.0142	0.0036033
4.6861	-1.942	0.0023845
4.6861	-1.9058	0.0038203
4.6861	-1.8697	0.0023422
4.6861	-1.7613	0.0010133
4.6861	-1.7251	0.0010826
4.6861	-1.111	0.00092082
4.6861	-1.0749	0.0026035
4.6861	-1.0387	0.0026606
4.6861	-0.96645	0.0028477
4.6861	-0.93032	0.020418
4.6861	-0.89419	0.05515
4.6861	-0.85806	0.09144
4.6861	-0.82193	0.10569
4.6861	-0.7858	0.087459
4.6861	-0.74968	0.049733
4.6861	-0.71355	0.016491
4.6861	-0.67742	0.0015977
4.6861	-0.64129	0.0011409
4.6861	-0.60516	0.0036681
4.6861	-0.56903	0.0031179
4.6861	-0.5329	0.00096988
4.6861	0.26194	0.00094912
4.6861	0.37032	0.0015124
4.6861	0.40645	0.0053363
4.6861	0.44258	0.0096396
4.6861	0.47871	0.011538
4.6861	0.51484	0.0098398
4.6861	0.55097	0.0059749
4.6861	0.5871	0.0023996
4.71	-2.2671	0.0013137
4.71	-2.2309	0.0059198
4.71	-2.1948	0.014834
4.71	-2.1587	0.024821
4.71	-2.1226	0.029263
4.71	-2.0865	0.023968
4.71	-2.0503	0.012267
4.71	-2.0142	0.002615
4.71	-1.942	0.002868
4.71	-1.9058	0.0042957
4.71	-1.8697	0.0024967
4.71	-1.7613	0.0016651
4.71	-1.7251	0.0016943
4.71	-1.5806	0.0010928
4.71	-1.0749	0.00086971
4.71	-1.0387	0.0010056
4.71	-0.96645	0.0021863
4.71	-0.93032	0.01491
4.71	-0.89419	0.041659
4.71	-0.85806	0.072274
4.71	-0.82193	0.087273
4.71	-0.7858	0.074949
4.71	-0.74968	0.043624
4.71	-0.71355	0.014266
4.71	-0.67742	0.0011381
4.71	-0.64129	0.0017402
4.71	-0.60516	0.0048211
4.71	-0.56903	0.0039648
4.71	-0.5329	0.0011398
4.71	-0.46064	0.00091914
4.71	-0.42451	0.0013795
4.71	0.37032	0.001457
4.71	0.40645	0.0049554
4.71	0.44258	0.0090659
4.71	0.47871	0.011125
4.71	0.51484	0.0097486
4.71	0.55097	0.0060574
4.71	0.5871	0.0024519
4.7337	-2.2309	0.0015529
4.7337	-2.1948	0.0051607
4.7337	-2.1587	0.01054
4.7337	-2.1226	0.014334
4.7337	-2.0865	0.012962
4.7337	-2.0503	0.0069832
4.7337	-2.0142	0.0013946
4.7337	-1.942	0.0026397
4.7337	-1.9058	0.0037741
4.7337	-1.8697	0.0020861
4.7337	-1.7613	0.0020706
4.7337	-1.7251	0.0019886
4.7337	-1.6167	0.0012028
4.7337	-1.5806	0.0019041
4.7337	-1.5445	0.0011055
4.7337	-1.4362	0.0012116
4.7337	-1.4	0.0011377
4.7337	-0.93032	0.0060659
4.7337	-0.89419	0.019615
4.7337	-0.85806	0.038305
4.7337	-0.82193	0.050783
4.7337	-0.7858	0.046814
4.7337	-0.74968	0.028492
4.7337	-0.71355	0.009248
4.7337	-0.64129	0.0019813
4.7337	-0.60516	0.0048394
4.7337	-0.56903	0.0038194
4.7337	-0.5329	0.00098004
4.7337	-0.46064	0.0013608
4.7337	-0.42451	0.0019451
4.7337	-0.38838	0.0010392
4.7337	0.37032	0.00099816
4.7337	0.40645	0.0034111
4.7337	0.44258	0.0064842
4.7337	0.47871	0.0082991
4.7337	0.51484	0.0075532
4.7337	0.55097	0.0048279
4.7337	0.5871	0.0019677
4.7576	-2.1587	0.00098467
4.7576	-2.1226	0.0023748
4.7576	-2.0865	0.0031998
4.7576	-2.0503	0.0021822
4.7576	-1.942	0.00168
4.7576	-1.9058	0.0024124
4.7576	-1.8697	0.001302
4.7576	-1.7613	0.0019739
4.7576	-1.7251	0.0017948
4.7576	-1.6167	0.0016756
4.7576	-1.5806	0.0025058
4.7576	-1.5445	0.0014017
4.7576	-1.4362	0.0020693
4.7576	-1.4	0.0019625
4.7576	-1.2916	0.0012917
4.7576	-1.2555	0.0020442
4.7576	-1.2193	0.0011901
4.7576	-1.111	0.0011964
4.7576	-1.0749	0.0010919
4.7576	-0.89419	0.0026245
4.7576	-0.85806	0.0082623
4.7576	-0.82193	0.014995
4.7576	-0.7858	0.017031
4.7576	-0.74968	0.011841
4.7576	-0.71355	0.0040133
4.7576	-0.64129	0.0016109
4.7576	-0.60516	0.0036112
4.7576	-0.56903	0.0027598
4.7576	-0.46064	0.0015502
4.7576	-0.42451	0.0020921
4.7576	-0.38838	0.0010616
4.7576	-0.28	0.0010758
4.7576	-0.24387	0.00095076
4.7576	0.40645	0.0014265
4.7576	0.44258	0.0030625
4.7576	0.47871	0.0043328
4.7576	0.51484	0.0042681
4.7576	0.55097	0.0028892
4.7576	0.5871	0.0012081
4.7813	-2.4478	0.00085207
4.7813	-2.4116	0.0016507
4.7813	-2.3755	0.0012149
4.7813	-2.3033	0.001015
4.7813	-2.2671	0.0049699
4.7813	-2.2309	0.0094389
4.7813	-2.1948	0.010512
4.7813	-2.1587	0.0074313
4.7813	-2.1226	0.0031993
4.7813	-1.9058	0.00086161
4.7813	-1.7613	0.0013441
4.7813	-1.7251	0.0011806
4.7813	-1.6167	0.0018336
4.7813	-1.5806	0.002599
4.7813	-1.5445	0.0013847
4.7813	-1.4723	0.00097482
4.7813	-1.4362	0.0027237
4.7813	-1.4	0.0025235
4.7813	-1.2916	0.0023728
4.7813	-1.2555	0.003724
4.7813	-1.2193	0.0021752
4.7813	-1.1471	0.0011783
4.7813	-1.111	0.0038276
4.7813	-1.0749	0.0040461
4.7813	-1.0387	0.0014259
4.7813	-0.96645	0.0030188
4.7813	-0.93032	0.0066833
4.7813	-0.89419	0.0068547
4.7813	-0.85806	0.0038434
4.7813	-0.82193	0.0014559
4.7813	-0.7858	0.0013325
4.7813	-0.74968	0.0015781
4.7813	-0.60516	0.0017292
4.7813	-0.56903	0.0013361
4.7813	-0.46064	0.0013436
4.7813	-0.42451	0.0017293
4.7813	-0.38838	0.00082859
4.7813	-0.28	0.001254
4.7813	-0.24387	0.0010838
4.7813	-0.099357	0.00084375
4.7813	0.47871	0.0010872
4.7813	0.51484	0.0013671
4.7813	0.55097	0.0010919
4.8053	-2.4478	0.001797
4.8053	-2.4116	0.0033087
4.8053	-2.3755	0.0022976
4.8053	-2.3033	0.0034863
4.8053	-2.2671	0.016417
4.8053	-2.2309	0.034037
4.8053	-2.1948	0.044437
4.8053	-2.1587	0.040071
4.8053	-2.1226	0.025045
4.8053	-2.0865	0.010094
4.8053	-2.0503	0.0020742
4.8053	-1.6167	0.0015222
4.8053	-1.5806	0.0020853
4.8053	-1.5445	0.0010679
4.8053	-1.4723	0.0010707
4.8053	-1.4362	0.0028335
4.8053	-1.4	0.0025467
4.8053	-1.2916	0.0033438
4.8053	-1.2555	0.0050688
4.8053	-1.2193	0.0028299
4.8053	-1.1471	0.0024568
4.8053	-1.111	0.0075201
4.8053	-1.0749	0.0080117
4.8053	-1.0387	0.002686
4.8053	-1.0026	0.00098207
4.8053	-0.96645	0.011836
4.8053	-0.93032	0.03076
4.8053	-0.89419	0.042967
4.8053	-0.85806	0.039132
4.8053	-0.82193	0.024133
4.8053	-0.7858	0.0096681
4.8053	-0.74968	0.0021931
4.8053	-0.42451	0.0010249
4.8053	-0.28	0.0011311
4.8053	-0.24387	0.00095855
4.8053	-0.099357	0.00097089
4.8291	-2.4478	0.0031402
4.8291	-2.4116	0.0054015
4.8291	-2.3755	0.0034133
4.8291	-2.3033	0.0085852
4.8291	-2.2671	0.037579
4.8291	-2.2309	0.078931
4.8291	-2.1948	0.10783
4.8291	-2.1587	0.10414
4.8291	-2.1226	0.071333
4.8291	-2.0865	0.032319
4.8291	-2.0503	0.0075949
4.8291	-1.9781	0.0011408
4.8291	-1.942	0.0017869
4.8291	-1.9058	0.00088641
4.8291	-1.6167	0.00082807
4.8291	-1.5806	0.0011643
4.8291	-1.4723	0.00086673
4.8291	-1.4362	0.0022529
4.8291	-1.4	0.0019933
4.8291	-1.2916	0.0037118
4.8291	-1.2555	0.0054235
4.8291	-1.2193	0.0028365
4.8291	-1.1471	0.0038808
4.8291	-1.111	0.011004
4.8291	-1.0749	0.01136
4.8291	-1.0387	0.0033467
4.8291	-1.0026	0.0027092
4.8291	-0.96645	0.027013
4.8291	-0.93032	0.071687
4.8291	-0.89419	0.10855
4.8291	-0.85806	0.11167
4.8291	-0.82193	0.081477
4.8291	-0.7858	0.041135
4.8291	-0.74968	0.012801
4.8291	-0.71355	0.0016388
4.8291	-0.099357	0.00086789
4.8291	0.045162	0.00096725
4.8291	0.081291	0.0008542
4.8291	0.2258	0.0011929
4.8291	0.37032	0.0019089
4.8291	0.40645	0.0031378
4.8291	0.44258	0.003112
4.8291	0.47871	0.002043
4.8291	0.51484	0.0008764
4.8528	-2.4839	0.0009226
4.8528	-2.4478	0.0047666
4.8528	-2.4116	0.0076001
4.8528	-2.3755	0.0042569
4.8528	-2.3033	0.017162
4.8528	-2.2671	0.069523
4.8528	-2.2309	0.14448
4.8528	-2.1948	0.19959
4.8528	-2.1587	0.19706
4.8528	-2.1226	0.13875
4.8528	-2.0865	0.064423
4.8528	-2.0503	0.014958
4.8528	-1.9781	0.0040827
4.8528	-1.942	0.0065674
4.8528	-1.9058	0.0037372
4.8528	-1.4362	0.0011924
4.8528	-1.4	0.0011051
4.8528	-1.2916	0.0031416
4.8528	-1.2555	0.0045032
4.8528	-1.2193	0.0021994
4.8528	-1.1471	0.0047888
4.8528	-1.111	0.012655
4.8528	-1.0749	0.012502
4.8528	-1.0387	0.0030786
4.8528	-1.0026	0.0054448
4.8528	-0.96645	0.045166
4.8528	-0.93032	0.11868
4.8528	-0.89419	0.18518
4.8528	-0.85806	0.19989
4.8528	-0.82193	0.15493
4.8528	-0.7858	0.083799
4.8528	-0.74968	0.027847
4.8528	-0.71355	0.0035099
4.8528	-0.64129	0.0025389
4.8528	-0.60516	0.0022706
4.8528	0.045162	0.00091552
4.8528	0.18968	0.0010076
4.8528	0.2258	0.0015412
4.8528	0.26194	0.00088314
4.8528	0.3342	0.0010379
4.8528	0.37032	0.0040344
4.8528	0.40645	0.007032
4.8528	0.44258	0.0077706
4.8528	0.47871	0.0059617
4.8528	0.51484	0.0031881
4.8528	0.55097	0.0011063
4.8766	-2.4839	0.0014646
4.8766	-2.4478	0.0064431
4.8766	-2.4116	0.00948
4.8766	-2.3755	0.0045888
4.8766	-2.3393	0.0015426
4.8766	-2.3033	0.029441
4.8766	-2.2671	0.11074
4.8766	-2.2309	0.22558
4.8766	-2.1948	0.31071
4.8766	-2.1587	0.30782
4.8766	-2.1226	0.21741
4.8766	-2.0865	0.10009
4.8766	-2.0503	0.021769
4.8766	-2.0142	0.0010282
4.8766	-1.9781	0.0097516
4.8766	-1.942	0.014771
4.8766	-1.9058	0.0083387
4.8766	-1.8697	0.0012707
4.8766	-1.7974	0.0030576
4.8766	-1.7613	0.0031736
4.8766	-1.7251	0.0013247
4.8766	-1.2916	0.0017656
4.8766	-1.2555	0.0026396
4.8766	-1.2193	0.001237
4.8766	-1.1471	0.0044934
4.8766	-1.111	0.011322
4.8766	-1.0749	0.010733
4.8766	-1.0387	0.0021274
4.8766	-1.0026	0.0082988
4.8766	-0.96645	0.059085
4.8766	-0.93032	0.15318
4.8766	-0.89419	0.24301
4.8766	-0.85806	0.26951
4.8766	-0.82193	0.21535
4.8766	-0.7858	0.11967
4.8766	-0.74968	0.039985
4.8766	-0.71355	0.0044867
4.8766	-0.67742	0.0016153
4.8766	-0.64129	0.0062175
4.8766	-0.60516	0.0056368
4.8766	-0.56903	0.0020154
4.8766	0.18968	0.0010328
4.8766	0.2258	0.0015271
4.8766	0.26194	0.00081497
4.8766	0.3342	0.0016445
4.8766	0.37032	0.0060232
4.8766	0.40645	0.010696
4.8766	0.44258	0.01236
4.8766	0.47871	0.010073
4.8766	0.51484	0.0057961
4.8766	0.55097	0.0021857
4.9004	-2.4839	0.0020616
4.9004	-2.4478	0.0078636
4.9004	-2.4116	0.010639
4.9004	-2.3755	0.004326
4.9004	-2.3393	0.0030955
4.9004	-2.3033	0.044642
4.9004	-2.2671	0.15676
4.9004	-2.2309	0.31181
4.9004	-2.1948	0.42524
4.9004	-2.1587	0.41882
4.9004	-2.1226	0.29319
4.9004	-2.0865	0.13158
4.9004	-2.0503	0.025921
4.9004	-2.0142	0.002066
4.9004	-1.9781	0.018396
4.9004	-1.942	0.025693
4.9004	-1.9058	0.013759
4.9004	-1.8697	0.0017403
4.9004	-1.8336	0.0020124
4.9004	-1.7974	0.0073879
4.9004	-1.7613	0.0074724
4.9004	-1.7251	0.0029223
4.9004	-1.6529	0.00086583
4.9004	-1.6167	0.0016316
4.9004	-1.5806	0.00090147
4.9004	-1.1471	0.0028282
4.9004	-1.111	0.0072077
4.9004	-1.0749	0.0067474
4.9004	-1.0387	0.0010703
4.9004	-1.0026	0.0094716
4.9004	-0.96645	0.060368
4.9004	-0.93032	0.15622
4.9004	-0.89419	0.25287
4.9004	-0.85806	0.28766
4.9004	-0.82193	0.23538
4.9004	-0.7858	0.13271
4.9004	-0.74968	0.043632
4.9004	-0.71355	0.0041235
4.9004	-0.67742	0.0032497
4.9004	-0.64129	0.010388
4.9004	-0.60516	0.009097
4.9004	-0.56903	0.0030595
4.9004	-0.49677	0.0009575
4.9004	-0.46064	0.0017095
4.9004	-0.42451	0.00098683
4.9004	0.2258	0.001139
4.9004	0.3342	0.0019625
4.9004	0.37032	0.0068625
4.9004	0.40645	0.012339
4.9004	0.44258	0.014677
4.9004	0.47871	0.012388
4.9004	0.51484	0.0073865
4.9004	0.55097	0.0028614
4.9242	-2.4839	0.0025999
4.9242	-2.4478	0.0087287
4.9242	-2.4116	0.010822
4.9242	-2.3755	0.0035732
4.9242	-2.3393	0.0054341
4.9242	-2.3033	0.060846
4.9242	-2.2671	0.20064
4.9242	-2.2309	0.3892
4.9242	-2.1948	0.52368
4.9242	-2.1587	0.51013
4.9242	-2.1226	0.35144
4.9242	-2.0865	0.15206
4.9242	-2.0503	0.026347
4.9242	-2.0142	0.0042193
4.9242	-1.9781	0.02938
4.9242	-1.942	0.037639
4.9242	-1.9058	0.018704
4.9242	-1.8697	0.0018521
4.9242	-1.8336	0.0044303
4.9242	-1.7974	0.0138
4.9242	-1.7613	0.013165
4.9242	-1.7251	0.0046272
4.9242	-1.6529	0.002847
4.9242	-1.6167	0.0049983
4.9242	-1.5806	0.0028962
4.9242	-1.5084	0.0008912
4.9242	-1.4723	0.0023133
4.9242	-1.4362	0.0018931
4.9242	-1.111	0.0023406
4.9242	-1.0749	0.002462
4.9242	-1.0026	0.0073277
4.9242	-0.96645	0.044695
4.9242	-0.93032	0.11959
4.9242	-0.89419	0.20219
4.9242	-0.85806	0.23963
4.9242	-0.82193	0.20269
4.9242	-0.7858	0.11637
4.9242	-0.74968	0.037438
4.9242	-0.71355	0.0028661
4.9242	-0.67742	0.0048736
4.9242	-0.64129	0.013289
4.9242	-0.60516	0.011112
4.9242	-0.56903	0.0034184
4.9242	-0.49677	0.0019528
4.9242	-0.46064	0.0031906
4.9242	-0.42451	0.0017929
4.9242	-0.31613	0.00088418
4.9242	0.3342	0.0017192
4.9242	0.37032	0.0059179
4.9242	0.40645	0.010916
4.9242	0.44258	0.013435
4.9242	0.47871	0.011729
4.9242	0.51484	0.0071894
4.9242	0.55097	0.0028133
4.9482	-2.4839	0.0029531
4.9482	-2.4478	0.0088355
4.9482	-2.4116	0.0099997
4.9482	-2.3755	0.0025761
4.9482	-2.3393	0.0083176
4.9482	-2.3033	0.075254
4.9482	-2.2671	0.2344
4.9482	-2.2309	0.44347
4.9482	-2.1948	0.58772
4.9482	-2.1587	0.56456
4.9482	-2.1226	0.381
4.9482	-2.0865	0.15756
4.9482	-2.0503	0.023282
4.9482	-2.0142	0.007751
4.9482	-1.9781	0.041142
4.9482	-1.942	0.048332
4.9482	-1.9058	0.02195
4.9482	-1.8697	0.0016572
4.9482	-1.8336	0.0081116
4.9482	-1.7974	0.021679
4.9482	-1.7613	0.019245
4.9482	-1.7251	0.0059109
4.9482	-1.6529	0.0064168
4.9482	-1.6167	0.010282
4.9482	-1.5806	0.00573
4.9482	-1.5084	0.002348
4.9482	-1.4723	0.0063226
4.9482	-1.4362	0.0055703
4.9482	-1.4	0.0015503
4.9482	-1.3277	0.002261
4.9482	-1.2916	0.0032119
4.9482	-1.2555	0.0016281
4.9482	-1.0026	0.0025633
4.9482	-0.96645	0.018126
4.9482	-0.93032	0.056541
4.9482	-0.89419	0.10821
4.9482	-0.85806	0.14125
4.9482	-0.82193	0.12844
4.9482	-0.7858	0.077103
4.9482	-0.74968	0.024586
4.9482	-0.71355	0.0015155
4.9482	-0.67742	0.0055287
4.9482	-0.64129	0.013328
4.9482	-0.60516	0.010681
4.9482	-0.56903	0.0029606
4.9482	-0.49677	0.0028833
4.9482	-0.46064	0.0043253
4.9482	-0.42451	0.0022865
4.9482	-0.31613	0.0018206
4.9482	-0.28	0.0015783
4.9482	0.3342	0.00094862
4.9482	0.37032	0.00347
4.9482	0.40645	0.0068868
4.9482	0.44258	0.009054
4.9482	0.47871	0.0083504
4.9482	0.51484	0.0053278
4.9482	0.55097	0.0021126
4.9719	-2.4839	0.003023
4.9719	-2.4478	0.0081453
4.9719	-2.4116	0.0083742
4.9719	-2.3755	0.00162
4.9719	-2.3393	0.011193
4.9719	-2.3033	0.08484
4.9719	-2.2671	0.25107
4.9719	-2.2309	0.46379
4.9719	-2.1948	0.60505
4.9719	-2.1587	0.57218
4.9719	-2.1226	0.37703
4.9719	-2.0865	0.1479
4.9719	-2.0503	0.017995
4.9719	-2.0142	0.0124
4.9719	-1.9781	0.051526
4.9719	-1.942	0.055565
4.9719	-1.9058	0.022755
4.9719	-1.8697	0.001407
4.9719	-1.8336	0.012825
4.9719	-1.7974	0.029815
4.9719	-1.7613	0.024451
4.9719	-1.7251	0.0063871
4.9719	-1.689	0.0014014
4.9719	-1.6529	0.011559
4.9719	-1.6167	0.016868
4.9719	-1.5806	0.0087463
4.9719	-1.5445	0.00091377
4.9719	-1.5084	0.0049768
4.9719	-1.4723	0.012665
4.9719	-1.4362	0.010966
4.9719	-1.4	0.0028386
4.9719	-1.3639	0.00088489
4.9719	-1.3277	0.0068322
4.9719	-1.2916	0.010146
4.9719	-1.2555	0.0056384
4.9719	-1.1832	0.0017515
4.9719	-1.1471	0.0053734
4.9719	-1.111	0.0048938
4.9719	-1.0749	0.0014764
4.9719	-0.96645	0.0015879
4.9719	-0.93032	0.00676
4.9719	-0.89419	0.021813
4.9719	-0.85806	0.040534
4.9719	-0.82193	0.046514
4.9719	-0.7858	0.032396
4.9719	-0.74968	0.010927
4.9719	-0.67742	0.0044816
4.9719	-0.64129	0.010066
4.9719	-0.60516	0.0078936
4.9719	-0.56903	0.0019664
4.9719	-0.49677	0.0032403
4.9719	-0.46064	0.0045179
4.9719	-0.42451	0.0022111
4.9719	-0.35226	0.0010722
4.9719	-0.31613	0.0027318
4.9719	-0.28	0.002305
4.9719	-0.17162	0.001013
4.9719	-0.13549	0.0014363
4.9719	0.37032	0.00089367
4.9719	0.40645	0.0023198
4.9719	0.44258	0.0036837
4.9719	0.47871	0.0038918
4.9719	0.51484	0.0027289
4.9719	0.55097	0.0011342
4.9957	-2.4839	0.0027764
4.9957	-2.4478	0.0067998
4.9957	-2.4116	0.0063138
4.9957	-2.3755	0.00091767
4.9957	-2.3393	0.013329
4.9957	-2.3033	0.087226
4.9957	-2.2671	0.24666
4.9957	-2.2309	0.44572
4.9957	-2.1948	0.57264
4.9957	-2.1587	0.53276
4.9957	-2.1226	0.34198
4.9957	-2.0865	0.12629
4.9957	-2.0503	0.012168
4.9957	-2.0142	0.017332
4.9957	-1.9781	0.058365
4.9957	-1.942	0.057854
4.9957	-1.9058	0.021066
4.9957	-1.8697	0.0014103
4.9957	-1.8336	0.017909
4.9957	-1.7974	0.036684
4.9957	-1.7613	0.027644
4.9957	-1.7251	0.0059583
4.9957	-1.689	0.0028607
4.9957	-1.6529	0.017754
4.9957	-1.6167	0.023629
4.9957	-1.5806	0.011181
4.9957	-1.5445	0.00109
4.9957	-1.5084	0.0089359
4.9957	-1.4723	0.020867
4.9957	-1.4362	0.017155
4.9957	-1.4	0.0038611
4.9957	-1.3639	0.0023381
4.9957	-1.3277	0.014829
4.9957	-1.2916	0.021284
4.9957	-1.2555	0.011483
4.9957	-1.2193	0.00097904
4.9957	-1.1832	0.0062446
4.9957	-1.1471	0.018853
4.9957	-1.111	0.018935
4.9957	-1.0749	0.0062942
4.9957	-1.0387	0.0011365
4.9957	-1.0026	0.014021
4.9957	-0.96645	0.030514
4.9957	-0.93032	0.031648
4.9957	-0.89419	0.018333
4.9957	-0.85806	0.0062203
4.9957	-0.82193	0.0033565
4.9957	-0.7858	0.003955
4.9957	-0.74968	0.0020334
4.9957	-0.67742	0.0020499
4.9957	-0.64129	0.0048517
4.9957	-0.60516	0.0039941
4.9957	-0.56903	0.00092406
4.9957	-0.49677	0.0026866
4.9957	-0.46064	0.0035682
4.9957	-0.42451	0.0016043
4.9957	-0.35226	0.0014105
4.9957	-0.31613	0.0032054
4.9957	-0.28	0.0025998
4.9957	-0.17162	0.0015143
4.9957	-0.13549	0.0021006
4.9957	-0.099357	0.0010488
4.9957	0.0090325	0.0013696
4.9957	0.045162	0.0011864
4.9957	0.18968	0.0008184
5.0196	-2.4839	0.0022619
5.0196	-2.4478	0.0050812
5.0196	-2.4116	0.0042312
5.0196	-2.3393	0.014057
5.0196	-2.3033	0.081454
5.0196	-2.2671	0.22148
5.0196	-2.2309	0.39259
5.0196	-2.1948	0.49739
5.0196	-2.1587	0.45538
5.0196	-2.1226	0.2843
5.0196	-2.0865	0.098087
5.0196	-2.0503	0.0072307
5.0196	-2.0142	0.021367
5.0196	-1.9781	0.060137
5.0196	-1.942	0.054856
5.0196	-1.9058	0.017477
5.0196	-1.8697	0.0018574
5.0196	-1.8336	0.022399
5.0196	-1.7974	0.040872
5.0196	-1.7613	0.028165
5.0196	-1.7251	0.0048327
5.0196	-1.689	0.004986
5.0196	-1.6529	0.024019
5.0196	-1.6167	0.029219
5.0196	-1.5806	0.012424
5.0196	-1.5445	0.0013578
5.0196	-1.5084	0.014017
5.0196	-1.4723	0.029776
5.0196	-1.4362	0.022832
5.0196	-1.4	0.0042569
5.0196	-1.3639	0.0050544
5.0196	-1.3277	0.026233
5.0196	-1.2916	0.035459
5.0196	-1.2555	0.017743
5.0196	-1.2193	0.0013157
5.0196	-1.1832	0.015475
5.0196	-1.1471	0.042967
5.0196	-1.111	0.042437
5.0196	-1.0749	0.012895
5.0196	-1.0387	0.0056052
5.0196	-1.0026	0.060064
5.0196	-0.96645	0.14787
5.0196	-0.93032	0.19899
5.0196	-0.89419	0.17611
5.0196	-0.85806	0.10618
5.0196	-0.82193	0.041658
5.0196	-0.7858	0.0090838
5.0196	-0.60516	0.00088096
5.0196	-0.49677	0.0013901
5.0196	-0.46064	0.0018767
5.0196	-0.35226	0.0014241
5.0196	-0.31613	0.0029466
5.0196	-0.28	0.0023081
5.0196	-0.17162	0.0017868
5.0196	-0.13549	0.0023974
5.0196	-0.099357	0.0011373
5.0196	-0.027097	0.00086297
5.0196	0.0090325	0.0021207
5.0196	0.045162	0.0018084
5.0196	0.15355	0.0012954
5.0196	0.18968	0.0019838
5.0196	0.2258	0.0011575
5.0196	0.3342	0.0022756
5.0196	0.37032	0.0034063
5.0196	0.40645	0.0029691
5.0196	0.44258	0.0016292
5.0433	-2.4839	0.0015974
5.0433	-2.4478	0.0033267
5.0433	-2.4116	0.0024646
5.0433	-2.3393	0.013043
5.0433	-2.3033	0.068419
5.0433	-2.2671	0.18018
5.0433	-2.2309	0.31457
5.0433	-2.1948	0.39407
5.0433	-2.1587	0.35553
5.0433	-2.1226	0.21574
5.0433	-2.0865	0.068966
5.0433	-2.0503	0.003923
5.0433	-2.0142	0.023387
5.0433	-1.9781	0.056441
5.0433	-1.942	0.047414
5.0433	-1.9058	0.012963
5.0433	-1.8697	0.0027039
5.0433	-1.8336	0.025291
5.0433	-1.7974	0.041492
5.0433	-1.7613	0.026008
5.0433	-1.7251	0.003415
5.0433	-1.689	0.0074994
5.0433	-1.6529	0.029144
5.0433	-1.6167	0.032467
5.0433	-1.5806	0.012221
5.0433	-1.5445	0.0018805
5.0433	-1.5084	0.019578
5.0433	-1.4723	0.037789
5.0433	-1.4362	0.026709
5.0433	-1.4	0.0039551
5.0433	-1.3639	0.0092647
5.0433	-1.3277	0.039972
5.0433	-1.2916	0.050323
5.0433	-1.2555	0.022715
5.0433	-1.2193	0.0019221
5.0433	-1.1832	0.030663
5.0433	-1.1471	0.07717
5.0433	-1.111	0.072207
5.0433	-1.0749	0.018618
5.0433	-1.0387	0.018141
5.0433	-1.0026	0.1582
5.0433	-0.96645	0.39117
5.0433	-0.93032	0.56045
5.0433	-0.89419	0.54909
5.0433	-0.85806	0.3826
5.0433	-0.82193	0.18408
5.0433	-0.7858	0.053772
5.0433	-0.74968	0.0059603
5.0433	-0.67742	0.0023834
5.0433	-0.64129	0.0014465
5.0433	-0.35226	0.0010139
5.0433	-0.31613	0.0019837
5.0433	-0.28	0.0015465
5.0433	-0.17162	0.0016399
5.0433	-0.13549	0.0021503
5.0433	-0.099357	0.00096255
5.0433	-0.027097	0.001117
5.0433	0.0090325	0.0025606
5.0433	0.045162	0.002107
5.0433	0.15355	0.0021809
5.0433	0.18968	0.0032481
5.0433	0.2258	0.0018326
5.0433	0.29807	0.0016888
5.0433	0.3342	0.0064795
5.0433	0.37032	0.010823
5.0433	0.40645	0.011337
5.0433	0.44258	0.0081823
5.0433	0.47871	0.0040904
5.0433	0.51484	0.0013259
5.0672	-2.4839	0.00093415
5.0672	-2.4478	0.0018323
5.0672	-2.4116	0.0011986
5.0672	-2.3393	0.010455
5.0672	-2.3033	0.050735
5.0672	-2.2671	0.13063
5.0672	-2.2309	0.22605
5.0672	-2.1948	0.28132
5.0672	-2.1587	0.25089
5.0672	-2.1226	0.14807
5.0672	-2.0865	0.043466
5.0672	-2.0503	0.0022257
5.0672	-2.0142	0.022763
5.0672	-1.9781	0.048113
5.0672	-1.942	0.037239
5.0672	-1.9058	0.0085303
5.0672	-1.8697	0.0036754
5.0672	-1.8336	0.025862
5.0672	-1.7974	0.038445
5.0672	-1.7613	0.021784
5.0672	-1.7251	0.0021285
5.0672	-1.689	0.0098865
5.0672	-1.6529	0.032027
5.0672	-1.6167	0.03272
5.0672	-1.5806	0.01073
5.0672	-1.5445	0.002732
5.0672	-1.5084	0.024634
5.0672	-1.4723	0.043288
5.0672	-1.4362	0.027927
5.0672	-1.4	0.0031919
5.0672	-1.3639	0.014763
5.0672	-1.3277	0.053977
5.0672	-1.2916	0.062931
5.0672	-1.2555	0.025032
5.0672	-1.2193	0.0034625
5.0672	-1.1832	0.051657
5.0672	-1.1471	0.1177
5.0672	-1.111	0.1024
5.0672	-1.0749	0.021206
5.0672	-1.0387	0.044848
5.0672	-1.0026	0.32239
5.0672	-0.96645	0.77688
5.0672	-0.93032	1.1288
5.0672	-0.89419	1.1425
5.0672	-0.85806	0.83295
5.0672	-0.82193	0.42307
5.0672	-0.7858	0.13022
5.0672	-0.74968	0.014098
5.0672	-0.71355	0.0034171
5.0672	-0.67742	0.012679
5.0672	-0.64129	0.010093
5.0672	-0.60516	0.0029564
5.0672	-0.17162	0.0010685
5.0672	-0.13549	0.0014295
5.0672	-0.027097	0.0011158
5.0672	0.0090325	0.0024283
5.0672	0.045162	0.0019264
5.0672	0.15355	0.0028514
5.0672	0.18968	0.0040709
5.0672	0.2258	0.0021454
5.0672	0.29807	0.0033545
5.0672	0.3342	0.012166
5.0672	0.37032	0.020916
5.0672	0.40645	0.023278
5.0672	0.44258	0.018264
5.0672	0.47871	0.010153
5.0672	0.51484	0.0037469
5.0911	-2.3393	0.006957
5.0911	-2.3033	0.032039
5.0911	-2.2671	0.081839
5.0911	-2.2309	0.14192
5.0911	-2.1948	0.17695
5.0911	-2.1587	0.15697
5.0911	-2.1226	0.090357
5.0911	-2.0865	0.024135
5.0911	-2.0503	0.0016042
5.0911	-2.0142	0.0196
5.0911	-1.9781	0.036955
5.0911	-1.942	0.026363
5.0911	-1.9058	0.0049128
5.0911	-1.8697	0.0043882
5.0911	-1.8336	0.02392
5.0911	-1.7974	0.032437
5.0911	-1.7613	0.016491
5.0911	-1.7251	0.0012517
5.0911	-1.689	0.011549
5.0911	-1.6529	0.032013
5.0911	-1.6167	0.030026
5.0911	-1.5806	0.0084231
5.0911	-1.5445	0.0038141
5.0911	-1.5084	0.028112
5.0911	-1.4723	0.045104
5.0911	-1.4362	0.026312
5.0911	-1.4	0.0023798
5.0911	-1.3639	0.020804
5.0911	-1.3277	0.065625
5.0911	-1.2916	0.07059
5.0911	-1.2555	0.024153
5.0911	-1.2193	0.0066013
5.0911	-1.1832	0.076414
5.0911	-1.1471	0.15801
5.0911	-1.111	0.12622
5.0911	-1.0749	0.020017
5.0911	-1.0387	0.091122
5.0911	-1.0026	0.55353
5.0911	-0.96645	1.2876
5.0911	-0.93032	1.8632
5.0911	-0.89419	1.9012
5.0911	-0.85806	1.404
5.0911	-0.82193	0.72076
5.0911	-0.7858	0.21959
5.0911	-0.74968	0.020713
5.0911	-0.71355	0.01074
5.0911	-0.67742	0.034065
5.0911	-0.64129	0.027593
5.0911	-0.60516	0.0083571
5.0911	-0.5329	0.0024836
5.0911	-0.49677	0.0040125
5.0911	-0.46064	0.0023219
5.0911	0.0090325	0.0017053
5.0911	0.045162	0.0013331
5.0911	0.15355	0.0029254
5.0911	0.18968	0.0040166
5.0911	0.2258	0.0019433
5.0911	0.29807	0.0050841
5.0911	0.3342	0.017403
5.0911	0.37032	0.030159
5.0911	0.40645	0.034526
5.0911	0.44258	0.028128
5.0911	0.47871	0.016303
5.0911	0.51484	0.0062428
5.0911	0.55097	0.0012191
5.1148	-2.3393	0.0035074
5.1148	-2.3033	0.015971
5.1148	-2.2671	0.041639
5.1148	-2.2309	0.073951
5.1148	-2.1948	0.093959
5.1148	-2.1587	0.084001
5.1148	-2.1226	0.047537
5.1148	-2.0865	0.011458
5.1148	-2.0503	0.001396
5.1148	-2.0142	0.014714
5.1148	-1.9781	0.025178
5.1148	-1.942	0.016572
5.1148	-1.9058	0.0024282
5.1148	-1.8697	0.0045263
5.1148	-1.8336	0.019884
5.1148	-1.7974	0.02475
5.1148	-1.7613	0.011185
5.1148	-1.7251	0.00084101
5.1148	-1.689	0.012015
5.1148	-1.6529	0.029103
5.1148	-1.6167	0.025079
5.1148	-1.5806	0.0058943
5.1148	-1.5445	0.0048591
5.1148	-1.5084	0.029176
5.1148	-1.4723	0.042878
5.1148	-1.4362	0.022391
5.1148	-1.4	0.0018959
5.1148	-1.3639	0.026213
5.1148	-1.3277	0.072455
5.1148	-1.2916	0.071679
5.1148	-1.2555	0.020521
5.1148	-1.2193	0.011562
5.1148	-1.1832	0.10109
5.1148	-1.1471	0.19036
5.1148	-1.111	0.13804
5.1148	-1.0749	0.016478
5.1148	-1.0387	0.15861
5.1148	-1.0026	0.8339
5.1148	-0.96645	1.8676
5.1148	-0.93032	2.6697
5.1148	-0.89419	2.7154
5.1148	-0.85806	2.002
5.1148	-0.82193	1.0191
5.1148	-0.7858	0.29873
5.1148	-0.74968	0.022969
5.1148	-0.71355	0.025049
5.1148	-0.67742	0.066866
5.1148	-0.64129	0.052028
5.1148	-0.60516	0.01481
5.1148	-0.5329	0.0073934
5.1148	-0.49677	0.011606
5.1148	-0.46064	0.0067989
5.1148	-0.42451	0.001313
5.1148	-0.35226	0.00086861
5.1148	0.15355	0.0022319
5.1148	0.18968	0.0030164
5.1148	0.2258	0.0013343
5.1148	0.29807	0.0060081
5.1148	0.3342	0.019673
5.1148	0.37032	0.03434
5.1148	0.40645	0.040154
5.1148	0.44258	0.033538
5.1148	0.47871	0.019877
5.1148	0.51484	0.0076775
5.1148	0.55097	0.0014278
5.1387	-2.3393	0.0010263
5.1387	-2.3033	0.0051461
5.1387	-2.2671	0.014784
5.1387	-2.2309	0.028441
5.1387	-2.1948	0.038397
5.1387	-2.1587	0.035687
5.1387	-2.1226	0.020279
5.1387	-2.0865	0.0043985
5.1387	-2.0503	0.0011384
5.1387	-2.0142	0.0093317
5.1387	-1.9781	0.014781
5.1387	-1.942	0.0090043
5.1387	-1.9058	0.0010077
5.1387	-1.8697	0.0039873
5.1387	-1.8336	0.014652
5.1387	-1.7974	0.016851
5.1387	-1.7613	0.0066922
5.1387	-1.689	0.01112
5.1387	-1.6529	0.023954
5.1387	-1.6167	0.018976
5.1387	-1.5806	0.0036526
5.1387	-1.5445	0.0055265
5.1387	-1.5084	0.027509
5.1387	-1.4723	0.037155
5.1387	-1.4362	0.017172
5.1387	-1.4	0.0018993
5.1387	-1.3639	0.029711
5.1387	-1.3277	0.072917
5.1387	-1.2916	0.06613
5.1387	-1.2555	0.015325
5.1387	-1.2193	0.017811
5.1387	-1.1832	0.12088
5.1387	-1.1471	0.20795
5.1387	-1.111	0.1353
5.1387	-1.0749	0.013465
5.1387	-1.0387	0.24263
5.1387	-1.0026	1.1268
5.1387	-0.96645	2.4301
5.1387	-0.93032	3.4185
5.1387	-0.89419	3.4456
5.1387	-0.85806	2.5165
5.1387	-0.82193	1.2566
5.1387	-0.7858	0.34799
5.1387	-0.74968	0.020777
5.1387	-0.71355	0.047471
5.1387	-0.67742	0.10784
5.1387	-0.64129	0.078938
5.1387	-0.60516	0.020217
5.1387	-0.56903	0.0016739
5.1387	-0.5329	0.016006
5.1387	-0.49677	0.023312
5.1387	-0.46064	0.012985
5.1387	-0.42451	0.0020175
5.1387	-0.38838	0.00091095
5.1387	-0.35226	0.0036861
5.1387	-0.31613	0.0032784
5.1387	-0.28	0.00092518
5.1387	-0.17162	0.00089019
5.1387	0.15355	0.0010354
5.1387	0.18968	0.0014943
5.1387	0.29807	0.0053119
5.1387	0.3342	0.017141
5.1387	0.37032	0.030615
5.1387	0.40645	0.036892
5.1387	0.44258	0.031705
5.1387	0.47871	0.019189
5.1387	0.51484	0.0074195
5.1387	0.55097	0.0012837
5.1624	-2.2671	0.0021243
5.1624	-2.2309	0.0055676
5.1624	-2.1948	0.0092823
5.1624	-2.1587	0.0099211
5.1624	-2.1226	0.006053
5.1624	-2.0865	0.0012089
5.1624	-2.0142	0.0046698
5.1624	-1.9781	0.0070525
5.1624	-1.942	0.0040166
5.1624	-1.8697	0.0029282
5.1624	-1.8336	0.0093213
5.1624	-1.7974	0.0099923
5.1624	-1.7613	0.003439
5.1624	-1.689	0.0090738
5.1624	-1.6529	0.017662
5.1624	-1.6167	0.012883
5.1624	-1.5806	0.0019879
5.1624	-1.5445	0.0055482
5.1624	-1.5084	0.023439
5.1624	-1.4723	0.029201
5.1624	-1.4362	0.011789
5.1624	-1.4	0.0022686
5.1624	-1.3639	0.03034
5.1624	-1.3277	0.066866
5.1624	-1.2916	0.055389
5.1624	-1.2555	0.010001
5.1624	-1.2193	0.02405
5.1624	-1.1832	0.13133
5.1624	-1.1471	0.20697
5.1624	-1.111	0.11921
5.1624	-1.0749	0.013863
5.1624	-1.0387	0.33133
5.1624	-1.0026	1.3827
5.1624	-0.96645	2.8757
5.1624	-0.93032	3.9743
5.1624	-0.89419	3.957
5.1624	-0.85806	2.8494
5.1624	-0.82193	1.386
5.1624	-0.7858	0.35715
5.1624	-0.74968	0.016486
5.1624	-0.71355	0.076657
5.1624	-0.67742	0.15053
5.1624	-0.64129	0.1026
5.1624	-0.60516	0.022903
5.1624	-0.56903	0.0036921
5.1624	-0.5329	0.028285
5.1624	-0.49677	0.037774
5.1624	-0.46064	0.019506
5.1624	-0.42451	0.00233
5.1624	-0.38838	0.0027588
5.1624	-0.35226	0.0089903
5.1624	-0.31613	0.0077567
5.1624	-0.28	0.0021305
5.1624	-0.20774	0.00262
5.1624	-0.17162	0.0033825
5.1624	-0.13549	0.0015908
5.1624	0.29807	0.0029655
5.1624	0.3342	0.010186
5.1624	0.37032	0.019591
5.1624	0.40645	0.025215
5.1624	0.44258	0.022864
5.1624	0.47871	0.01437
5.1624	0.51484	0.0056093
5.1624	0.55097	0.00089321
5.1862	-2.3033	0.0010934
5.1862	-2.2671	0.00098219
5.1862	-2.1587	0.00082339
5.1862	-2.0142	0.001542
5.1862	-1.9781	0.0023788
5.1862	-1.942	0.0013108
5.1862	-1.8697	0.001693
5.1862	-1.8336	0.0048555
5.1862	-1.7974	0.0049252
5.1862	-1.7613	0.0014455
5.1862	-1.689	0.0063957
5.1862	-1.6529	0.011439
5.1862	-1.6167	0.0077086
5.1862	-1.5806	0.00094538
5.1862	-1.5445	0.0048548
5.1862	-1.5084	0.017846
5.1862	-1.4723	0.020602
5.1862	-1.4362	0.0071592
5.1862	-1.4	0.0026845
5.1862	-1.3639	0.027822
5.1862	-1.3277	0.055622
5.1862	-1.2916	0.041901
5.1862	-1.2555	0.0056988
5.1862	-1.2193	0.028601
5.1862	-1.1832	0.1298
5.1862	-1.1471	0.18781
5.1862	-1.111	0.094203
5.1862	-1.0749	0.018995
5.1862	-1.0387	0.40763
5.1862	-1.0026	1.5509
5.1862	-0.96645	3.1177
5.1862	-0.93032	4.2315
5.1862	-0.89419	4.1546
5.1862	-0.85806	2.941
5.1862	-0.82193	1.3861
5.1862	-0.7858	0.32753
5.1862	-0.74968	0.013382
5.1862	-0.71355	0.10846
5.1862	-0.67742	0.18682
5.1862	-0.64129	0.11781
5.1862	-0.60516	0.022221
5.1862	-0.56903	0.0073705
5.1862	-0.5329	0.043002
5.1862	-0.49677	0.05253
5.1862	-0.46064	0.024758
5.1862	-0.42451	0.0021876
5.1862	-0.38838	0.0061391
5.1862	-0.35226	0.016621
5.1862	-0.31613	0.013495
5.1862	-0.28	0.0033633
5.1862	-0.24387	0.0010388
5.1862	-0.20774	0.0059607
5.1862	-0.17162	0.0077036
5.1862	-0.13549	0.0036628
5.1862	-0.063226	0.001211
5.1862	-0.027097	0.0030602
5.1862	0.0090325	0.00245
5.1862	0.3342	0.0025238
5.1862	0.37032	0.0064924
5.1862	0.40645	0.010248
5.1862	0.44258	0.010748
5.1862	0.47871	0.0074674
5.1862	0.51484	0.0030674
5.2102	-2.3393	0.0021823
5.2102	-2.3033	0.0048191
5.2102	-2.2671	0.0065279
5.2102	-2.2309	0.0059163
5.2102	-2.1948	0.0035504
5.2102	-2.1587	0.0012816
5.2102	-1.8336	0.0018283
5.2102	-1.7974	0.0018199
5.2102	-1.689	0.0037294
5.2102	-1.6529	0.006266
5.2102	-1.6167	0.0039377
5.2102	-1.5445	0.0036182
5.2102	-1.5084	0.011887
5.2102	-1.4723	0.012808
5.2102	-1.4362	0.0037716
5.2102	-1.4	0.0028092
5.2102	-1.3639	0.022687
5.2102	-1.3277	0.041553
5.2102	-1.2916	0.028327
5.2102	-1.2555	0.0029367
5.2102	-1.2193	0.030016
5.2102	-1.1832	0.11632
5.2102	-1.1471	0.15481
5.2102	-1.111	0.066252
5.2102	-1.0749	0.027725
5.2102	-1.0387	0.45366
5.2102	-1.0026	1.5935
5.2102	-0.96645	3.1051
5.2102	-0.93032	4.1412
5.2102	-0.89419	4.0071
5.2102	-0.85806	2.7835
5.2102	-0.82193	1.2655
5.2102	-0.7858	0.26993
5.2102	-0.74968	0.013866
5.2102	-0.71355	0.13677
5.2102	-0.67742	0.20925
5.2102	-0.64129	0.12145
5.2102	-0.60516	0.018705
5.2102	-0.56903	0.012772
5.2102	-0.5329	0.057849
5.2102	-0.49677	0.06466
5.2102	-0.46064	0.027455
5.2102	-0.42451	0.0018187
5.2102	-0.38838	0.011106
5.2102	-0.35226	0.025647
5.2102	-0.31613	0.01935
5.2102	-0.28	0.0042025
5.2102	-0.24387	0.0021301
5.2102	-0.20774	0.010901
5.2102	-0.17162	0.013456
5.2102	-0.13549	0.0060581
5.2102	-0.063226	0.0031401
5.2102	-0.027097	0.0074695
5.2102	0.0090325	0.0060562
5.2102	0.045162	0.001536
5.2102	0.11742	0.0026066
5.2102	0.15355	0.0037308
5.2102	0.18968	0.0020013
5.2102	0.29807	0.0013559
5.2102	0.3342	0.001254
5.2102	0.40645	0.00089368
5.2102	0.44258	0.0016653
5.2102	0.47871	0.0017417
5.2102	0.51484	0.0009099
5.2339	-2.3393	0.0038929
5.2339	-2.3033	0.0090646
5.2339	-2.2671	0.013589
5.2339	-2.2309	0.014269
5.2339	-2.1948	0.010534
5.2339	-2.1587	0.0051083
5.2339	-2.1226	0.0012977
5.2339	-1.689	0.0016292
5.2339	-1.6529	0.0026791
5.2339	-1.6167	0.0016128
5.2339	-1.5445	0.0021898
5.2339	-1.5084	0.0066528
5.2339	-1.4723	0.0067814
5.2339	-1.4362	0.0016721
5.2339	-1.4	0.0024654
5.2339	-1.3639	0.016127
5.2339	-1.3277	0.027365
5.2339	-1.2916	0.016791
5.2339	-1.2555	0.0015794
5.2339	-1.2193	0.027678
5.2339	-1.1832	0.093741
5.2339	-1.1471	0.11494
5.2339	-1.111	0.040891
5.2339	-1.0749	0.036758
5.2339	-1.0387	0.45643
5.2339	-1.0026	1.4969
5.2339	-0.96645	2.8375
5.2339	-0.93032	3.724
5.2339	-0.89419	3.5525
5.2339	-0.85806	2.4192
5.2339	-0.82193	1.0571
5.2339	-0.7858	0.19986
5.2339	-0.74968	0.018245
5.2339	-0.71355	0.15525
5.2339	-0.67742	0.21321
5.2339	-0.64129	0.11332
5.2339	-0.60516	0.013713
5.2339	-0.56903	0.019248
5.2339	-0.5329	0.069967
5.2339	-0.49677	0.071636
5.2339	-0.46064	0.027039
5.2339	-0.42451	0.0016212
5.2339	-0.38838	0.017181
5.2339	-0.35226	0.034529
5.2339	-0.31613	0.024028
5.2339	-0.28	0.0044025
5.2339	-0.24387	0.0038856
5.2339	-0.20774	0.017037
5.2339	-0.17162	0.019714
5.2339	-0.13549	0.0081323
5.2339	-0.063226	0.0063944
5.2339	-0.027097	0.013884
5.2339	0.0090325	0.010803
5.2339	0.045162	0.0024231
5.2339	0.081291	0.0010495
5.2339	0.11742	0.0070508
5.2339	0.15355	0.010076
5.2339	0.18968	0.0055043
5.2339	0.26194	0.0029026
5.2339	0.29807	0.010632
5.2339	0.3342	0.015447
5.2339	0.37032	0.013264
5.2339	0.40645	0.0072701
5.2339	0.44258	0.0024411
5.2577	-2.3755	0.0010742
5.2577	-2.3393	0.0049766
5.2577	-2.3033	0.011722
5.2577	-2.2671	0.018242
5.2577	-2.2309	0.020192
5.2577	-2.1948	0.015895
5.2577	-2.1587	0.0082734
5.2577	-2.1226	0.0022088
5.2577	-2.0142	0.00099055
5.2577	-1.5445	0.00096315
5.2577	-1.5084	0.0028687
5.2577	-1.4723	0.0028553
5.2577	-1.4	0.001724
5.2577	-1.3639	0.0096043
5.2577	-1.3277	0.015344
5.2577	-1.2916	0.008437
5.2577	-1.2555	0.0010855
5.2577	-1.2193	0.022102
5.2577	-1.1832	0.066816
5.2577	-1.1471	0.075657
5.2577	-1.111	0.021663
5.2577	-1.0749	0.042059
5.2577	-1.0387	0.41259
5.2577	-1.0026	1.2774
5.2577	-0.96645	2.3659
5.2577	-0.93032	3.0634
5.2577	-0.89419	2.8851
5.2577	-0.85806	1.9262
5.2577	-0.82193	0.80618
5.2577	-0.7858	0.13223
5.2577	-0.74968	0.024663
5.2577	-0.71355	0.1594
5.2577	-0.67742	0.19825
5.2577	-0.64129	0.095926
5.2577	-0.60516	0.0087994
5.2577	-0.56903	0.025506
5.2577	-0.5329	0.076762
5.2577	-0.49677	0.072064
5.2577	-0.46064	0.023813
5.2577	-0.42451	0.0019462
5.2577	-0.38838	0.023379
5.2577	-0.35226	0.04151
5.2577	-0.31613	0.026494
5.2577	-0.28	0.0039775
5.2577	-0.24387	0.0062874
5.2577	-0.20774	0.023486
5.2577	-0.17162	0.025254
5.2577	-0.13549	0.0093211
5.2577	-0.099357	0.00085182
5.2577	-0.063226	0.010966
5.2577	-0.027097	0.021587
5.2577	0.0090325	0.015743
5.2577	0.045162	0.0029484
5.2577	0.081291	0.0026335
5.2577	0.11742	0.014299
5.2577	0.15355	0.01945
5.2577	0.18968	0.010015
5.2577	0.26194	0.0095449
5.2577	0.29807	0.033739
5.2577	0.3342	0.053443
5.2577	0.37032	0.053611
5.2577	0.40645	0.037237
5.2577	0.44258	0.017939
5.2577	0.47871	0.0055685
5.2577	0.51484	0.00087793
5.2815	-2.3755	0.0011385
5.2815	-2.3393	0.0049903
5.2815	-2.3033	0.011779
5.2815	-2.2671	0.018695
5.2815	-2.2309	0.021252
5.2815	-2.1948	0.017194
5.2815	-2.1587	0.0091109
5.2815	-2.1226	0.0023558
5.2815	-2.0503	0.0010307
5.2815	-2.0142	0.0018452
5.2815	-1.9781	0.0012084
5.2815	-1.4	0.00086191
5.2815	-1.3639	0.0043938
5.2815	-1.3277	0.0068195
5.2815	-1.2916	0.0033645
5.2815	-1.2555	0.00086906
5.2815	-1.2193	0.014796
5.2815	-1.1832	0.04084
5.2815	-1.1471	0.042908
5.2815	-1.111	0.0095382
5.2815	-1.0749	0.040748
5.2815	-1.0387	0.33045
5.2815	-1.0026	0.97725
5.2815	-0.96645	1.7797
5.2815	-0.93032	2.2831
5.2815	-0.89419	2.1287
5.2815	-0.85806	1.395
5.2815	-0.82193	0.55772
5.2815	-0.7858	0.077326
5.2815	-0.74968	0.0301
5.2815	-0.71355	0.14807
5.2815	-0.67742	0.16803
5.2815	-0.64129	0.073532
5.2815	-0.60516	0.0051062
5.2815	-0.56903	0.029988
5.2815	-0.5329	0.076701
5.2815	-0.49677	0.066065
5.2815	-0.46064	0.018763
5.2815	-0.42451	0.0028972
5.2815	-0.38838	0.028433
5.2815	-0.35226	0.045128
5.2815	-0.31613	0.026279
5.2815	-0.28	0.003164
5.2815	-0.24387	0.0090638
5.2815	-0.20774	0.029069
5.2815	-0.17162	0.028905
5.2815	-0.13549	0.0093416
5.2815	-0.099357	0.0015065
5.2815	-0.063226	0.016416
5.2815	-0.027097	0.029312
5.2815	0.0090325	0.019754
5.2815	0.045162	0.0029417
5.2815	0.081291	0.0053989
5.2815	0.11742	0.02406
5.2815	0.15355	0.030619
5.2815	0.18968	0.014327
5.2815	0.2258	0.0012425
5.2815	0.26194	0.022604
5.2815	0.29807	0.074515
5.2815	0.3342	0.11961
5.2815	0.37032	0.12547
5.2815	0.40645	0.093202
5.2815	0.44258	0.04909
5.2815	0.47871	0.017055
5.2815	0.51484	0.0030472
5.3053	-2.3755	0.00094271
5.3053	-2.3393	0.0039775
5.3053	-2.3033	0.0094569
5.3053	-2.2671	0.015303
5.3053	-2.2309	0.017775
5.3053	-2.1948	0.014631
5.3053	-2.1587	0.0077591
5.3053	-2.1226	0.0018784
5.3053	-2.0503	0.001366
5.3053	-2.0142	0.0022961
5.3053	-1.9781	0.0014663
5.3053	-1.8697	0.0008469
5.3053	-1.8336	0.00098124
5.3053	-1.3639	0.0012116
5.3053	-1.3277	0.0020027
5.3053	-1.2916	0.00091128
5.3053	-1.2193	0.0077198
5.3053	-1.1832	0.020101
5.3053	-1.1471	0.01984
5.3053	-1.111	0.0033548
5.3053	-1.0749	0.032576
5.3053	-1.0387	0.22818
5.3053	-1.0026	0.65425
5.3053	-0.96645	1.1827
5.3053	-0.93032	1.514
5.3053	-0.89419	1.4051
5.3053	-0.85806	0.90675
5.3053	-0.82193	0.3457
5.3053	-0.7858	0.039288
5.3053	-0.74968	0.031868
5.3053	-0.71355	0.12386
5.3053	-0.67742	0.12913
5.3053	-0.64129	0.050704
5.3053	-0.60516	0.0030305
5.3053	-0.56903	0.031431
5.3053	-0.5329	0.069793
5.3053	-0.49677	0.055164
5.3053	-0.46064	0.013158
5.3053	-0.42451	0.0042521
5.3053	-0.38838	0.031176
5.3053	-0.35226	0.044651
5.3053	-0.31613	0.023589
5.3053	-0.28	0.0022903
5.3053	-0.24387	0.011709
5.3053	-0.20774	0.032628
5.3053	-0.17162	0.029908
5.3053	-0.13549	0.0082693
5.3053	-0.099357	0.0026073
5.3053	-0.063226	0.021897
5.3053	-0.027097	0.035559
5.3053	0.0090325	0.021903
5.3053	0.045162	0.0024891
5.3053	0.081291	0.0094132
5.3053	0.11742	0.035185
5.3053	0.15355	0.04156
5.3053	0.18968	0.017206
5.3053	0.2258	0.0024636
5.3053	0.26194	0.043539
5.3053	0.29807	0.13322
5.3053	0.3342	0.21167
5.3053	0.37032	0.22453
5.3053	0.40645	0.17042
5.3053	0.44258	0.092169
5.3053	0.47871	0.032756
5.3053	0.51484	0.0057568
5.3053	0.5871	0.00097146
5.3053	0.62323	0.0011647
5.3053	1.6709	0.000883
5.3053	1.7071	0.00093443
5.3292	-2.3393	0.0024041
5.3292	-2.3033	0.0058864
5.3292	-2.2671	0.0098595
5.3292	-2.2309	0.011815
5.3292	-2.1948	0.0099408
5.3292	-2.1587	0.0052681
5.3292	-2.1226	0.0011721
5.3292	-2.0503	0.0013942
5.3292	-2.0142	0.0021932
5.3292	-1.9781	0.0013342
5.3292	-1.8697	0.0011702
5.3292	-1.8336	0.001319
5.3292	-1.2193	0.0025808
5.3292	-1.1832	0.0068288
5.3292	-1.1471	0.0065898
5.3292	-1.111	0.00092774
5.3292	-1.0749	0.020231
5.3292	-1.0387	0.12845
5.3292	-1.0026	0.36564
5.3292	-0.96645	0.66742
5.3292	-0.93032	0.86403
5.3292	-0.89419	0.80653
5.3292	-0.85806	0.51628
5.3292	-0.82193	0.18783
5.3292	-0.7858	0.01694
5.3292	-0.74968	0.028842
5.3292	-0.71355	0.092255
5.3292	-0.67742	0.088982
5.3292	-0.64129	0.031056
5.3292	-0.60516	0.0022666
5.3292	-0.56903	0.029341
5.3292	-0.5329	0.057584
5.3292	-0.49677	0.041755
5.3292	-0.46064	0.0081259
5.3292	-0.42451	0.0055466
5.3292	-0.38838	0.030924
5.3292	-0.35226	0.040277
5.3292	-0.31613	0.019184
5.3292	-0.28	0.001623
5.3292	-0.24387	0.013613
5.3292	-0.20774	0.033377
5.3292	-0.17162	0.028128
5.3292	-0.13549	0.0064817
5.3292	-0.099357	0.0040626
5.3292	-0.063226	0.026336
5.3292	-0.027097	0.039018
5.3292	0.0090325	0.021738
5.3292	0.045162	0.0018812
5.3292	0.081291	0.014327
5.3292	0.11742	0.045838
5.3292	0.15355	0.050014
5.3292	0.18968	0.017848
5.3292	0.2258	0.0052115
5.3292	0.26194	0.072055
5.3292	0.29807	0.2052
5.3292	0.3342	0.31979
5.3292	0.37032	0.33821
5.3292	0.40645	0.25751
5.3292	0.44258	0.13962
5.3292	0.47871	0.049136
5.3292	0.51484	0.008057
5.3292	0.5871	0.002235
5.3292	0.62323	0.0025202
5.3292	0.65936	0.0010557
5.3292	1.6709	0.0011531
5.3292	1.7071	0.0012522
5.3292	1.7432	0.0009693
5.353	-2.3393	0.00092917
5.353	-2.3033	0.0025079
5.353	-2.2671	0.0045678
5.353	-2.2309	0.0058534
5.353	-2.1948	0.0051632
5.353	-2.1587	0.0027774
5.353	-2.0503	0.0011192
5.353	-2.0142	0.001665
5.353	-1.9781	0.00095859
5.353	-1.8697	0.0012245
5.353	-1.8336	0.0013183
5.353	-1.689	0.0011169
5.353	-1.1832	0.00091608
5.353	-1.1471	0.0010437
5.353	-1.0749	0.0082728
5.353	-1.0387	0.051554
5.353	-1.0026	0.15345
5.353	-0.96645	0.29399
5.353	-0.93032	0.39642
5.353	-0.89419	0.38073
5.353	-0.85806	0.24579
5.353	-0.82193	0.085909
5.353	-0.7858	0.0060432
5.353	-0.74968	0.021874
5.353	-0.71355	0.059849
5.353	-0.67742	0.053872
5.353	-0.64129	0.016532
5.353	-0.60516	0.0021358
5.353	-0.56903	0.024207
5.353	-0.5329	0.042657
5.353	-0.49677	0.028365
5.353	-0.46064	0.0043483
5.353	-0.42451	0.0062778
5.353	-0.38838	0.027709
5.353	-0.35226	0.033045
5.353	-0.31613	0.014089
5.353	-0.28	0.0012656
5.353	-0.24387	0.014266
5.353	-0.20774	0.031145
5.353	-0.17162	0.024072
5.353	-0.13549	0.0044877
5.353	-0.099357	0.0055785
5.353	-0.063226	0.028744
5.353	-0.027097	0.038967
5.353	0.0090325	0.019416
5.353	0.045162	0.0014609
5.353	0.081291	0.019359
5.353	0.11742	0.053935
5.353	0.15355	0.054157
5.353	0.18968	0.016178
5.353	0.2258	0.010045
5.353	0.26194	0.10549
5.353	0.29807	0.28101
5.353	0.3342	0.42787
5.353	0.37032	0.44811
5.353	0.40645	0.33914
5.353	0.44258	0.18215
5.353	0.47871	0.062416
5.353	0.51484	0.0092316
5.353	0.5871	0.0040644
5.353	0.62323	0.0042239
5.353	0.65936	0.001674
5.353	1.6709	0.0011942
5.353	1.7071	0.0013286
5.353	1.7432	0.0010517
5.3769	-2.2671	0.0011061
5.3769	-2.2309	0.0017308
5.3769	-2.1948	0.0017514
5.3769	-2.1587	0.001016
5.3769	-2.0142	0.0009823
5.3769	-1.8697	0.0010135
5.3769	-1.8336	0.0010413
5.3769	-1.689	0.0012417
5.3769	-1.6529	0.00083758
5.3769	-1.5445	0.0011366
5.3769	-1.5084	0.0011934
5.3769	-1.4	0.0008514
5.3769	-1.3639	0.0014456
5.3769	-1.3277	0.00091757
5.3769	-1.0749	0.0011643
5.3769	-1.0387	0.0093431
5.3769	-1.0026	0.035121
5.3769	-0.96645	0.080245
5.3769	-0.93032	0.12317
5.3769	-0.89419	0.12965
5.3769	-0.85806	0.088274
5.3769	-0.82193	0.030408
5.3769	-0.7858	0.0017725
5.3769	-0.74968	0.013279
5.3769	-0.71355	0.032379
5.3769	-0.67742	0.027584
5.3769	-0.64129	0.0073593
5.3769	-0.60516	0.0019992
5.3769	-0.56903	0.017327
5.3769	-0.5329	0.027851
5.3769	-0.49677	0.016984
5.3769	-0.46064	0.0019788
5.3769	-0.42451	0.0061292
5.3769	-0.38838	0.022273
5.3769	-0.35226	0.024486
5.3769	-0.31613	0.009271
5.3769	-0.28	0.0011499
5.3769	-0.24387	0.013445
5.3769	-0.20774	0.026433
5.3769	-0.17162	0.018689
5.3769	-0.13549	0.0027359
5.3769	-0.099357	0.0067448
5.3769	-0.063226	0.028525
5.3769	-0.027097	0.035481
5.3769	0.0090325	0.015603
5.3769	0.045162	0.001449
5.3769	0.081291	0.023462
5.3769	0.11742	0.057737
5.3769	0.15355	0.053158
5.3769	0.18968	0.012839
5.3769	0.2258	0.016887
5.3769	0.26194	0.13891
5.3769	0.29807	0.34809
5.3769	0.3342	0.51716
5.3769	0.37032	0.53445
5.3769	0.40645	0.4
5.3769	0.44258	0.21132
5.3769	0.47871	0.06973
5.3769	0.51484	0.009026
5.3769	0.55097	0.0012286
5.3769	0.5871	0.006261
5.3769	0.62323	0.0059669
5.3769	0.65936	0.0021889
5.3769	1.6709	0.00094952
5.3769	1.7071	0.0010996
5.3769	1.7432	0.00089864
5.4007	-1.689	0.001085
5.4007	-1.5445	0.0012467
5.4007	-1.5084	0.0012806
5.4007	-1.4	0.0013898
5.4007	-1.3639	0.002345
5.4007	-1.3277	0.001494
5.4007	-1.2193	0.0024457
5.4007	-1.1832	0.0026666
5.4007	-1.1471	0.00096579
5.4007	-1.0749	0.0013144
5.4007	-1.0387	0.0022941
5.4007	-1.0026	0.0022755
5.4007	-0.96645	0.005205
5.4007	-0.93032	0.013396
5.4007	-0.89419	0.020503
5.4007	-0.85806	0.017605
5.4007	-0.82193	0.0066478
5.4007	-0.74968	0.0057422
5.4007	-0.71355	0.013259
5.4007	-0.67742	0.011024
5.4007	-0.64129	0.0025398
5.4007	-0.60516	0.0015485
5.4007	-0.56903	0.010356
5.4007	-0.5329	0.015475
5.4007	-0.49677	0.0086732
5.4007	-0.42451	0.0051083
5.4007	-0.38838	0.015823
5.4007	-0.35226	0.01616
5.4007	-0.31613	0.0053894
5.4007	-0.28	0.0011112
5.4007	-0.24387	0.011309
5.4007	-0.20774	0.020248
5.4007	-0.17162	0.013065
5.4007	-0.13549	0.0014798
5.4007	-0.099357	0.0071891
5.4007	-0.063226	0.025686
5.4007	-0.027097	0.029383
5.4007	0.0090325	0.011222
5.4007	0.045162	0.0018363
5.4007	0.081291	0.025635
5.4007	0.11742	0.056387
5.4007	0.15355	0.0474
5.4007	0.18968	0.0088939
5.4007	0.2258	0.024793
5.4007	0.26194	0.1661
5.4007	0.29807	0.39374
5.4007	0.3342	0.57084
5.4007	0.37032	0.5811
5.4007	0.40645	0.42881
5.4007	0.44258	0.22181
5.4007	0.47871	0.069866
5.4007	0.51484	0.0076661
5.4007	0.55097	0.0021805
5.4007	0.5871	0.0084618
5.4007	0.62323	0.0073921
5.4007	0.65936	0.0024718
5.4007	0.76774	0.00098832
5.4244	-2.3393	0.0010602
5.4244	-2.3033	0.0013654
5.4244	-2.2671	0.0011718
5.4244	-1.5445	0.0010792
5.4244	-1.5084	0.001071
5.4244	-1.4	0.0016555
5.4244	-1.3639	0.0026762
5.4244	-1.3277	0.0016092
5.4244	-1.2555	0.0014014
5.4244	-1.2193	0.0045915
5.4244	-1.1832	0.0051264
5.4244	-1.1471	0.001784
5.4244	-1.0749	0.0080393
5.4244	-1.0387	0.020622
5.4244	-1.0026	0.027478
5.4244	-0.96645	0.022598
5.4244	-0.93032	0.011481
5.4244	-0.89419	0.0033633
5.4244	-0.74968	0.0011944
5.4244	-0.71355	0.0030928
5.4244	-0.67742	0.0027761
5.4244	-0.60516	0.00086212
5.4244	-0.56903	0.004741
5.4244	-0.5329	0.0068022
5.4244	-0.49677	0.003538
5.4244	-0.42451	0.0035353
5.4244	-0.38838	0.0096493
5.4244	-0.35226	0.0092617
5.4244	-0.31613	0.0027026
5.4244	-0.28	0.00099682
5.4244	-0.24387	0.0083564
5.4244	-0.20774	0.013795
5.4244	-0.17162	0.0081099
5.4244	-0.099357	0.006733
5.4244	-0.063226	0.020839
5.4244	-0.027097	0.021975
5.4244	0.0090325	0.0071444
5.4244	0.045162	0.0023955
5.4244	0.081291	0.025263
5.4244	0.11742	0.050169
5.4244	0.15355	0.03831
5.4244	0.18968	0.005394
5.4244	0.2258	0.032069
5.4244	0.26194	0.18115
5.4244	0.29807	0.4085
5.4244	0.3342	0.57851
5.4244	0.37032	0.57977
5.4244	0.40645	0.42111
5.4244	0.44258	0.21258
5.4244	0.47871	0.06342
5.4244	0.51484	0.0056878
5.4244	0.55097	0.0033574
5.4244	0.5871	0.010232
5.4244	0.62323	0.0082012
5.4244	0.65936	0.0024655
5.4244	0.76774	0.001304
5.4482	-2.3755	0.0010135
5.4482	-2.3393	0.0022469
5.4482	-2.3033	0.0032199
5.4482	-2.2671	0.0032303
5.4482	-2.2309	0.0022687
5.4482	-2.1948	0.0010357
5.4482	-1.4	0.001542
5.4482	-1.3639	0.0023699
5.4482	-1.3277	0.0013084
5.4482	-1.2555	0.0019749
5.4482	-1.2193	0.0058657
5.4482	-1.1832	0.0063103
5.4482	-1.1471	0.0018932
5.4482	-1.111	0.0017884
5.4482	-1.0749	0.017918
5.4482	-1.0387	0.048803
5.4482	-1.0026	0.07569
5.4482	-0.96645	0.079055
5.4482	-0.93032	0.057711
5.4482	-0.89419	0.028478
5.4482	-0.85806	0.0083343
5.4482	-0.82193	0.00093501
5.4482	-0.56903	0.0013028
5.4482	-0.5329	0.0019575
5.4482	-0.49677	0.0009831
5.4482	-0.42451	0.001901
5.4482	-0.38838	0.0047591
5.4482	-0.35226	0.0043885
5.4482	-0.31613	0.0011217
5.4482	-0.24387	0.0052584
5.4482	-0.20774	0.0081383
5.4482	-0.17162	0.0043642
5.4482	-0.099357	0.0054734
5.4482	-0.063226	0.015017
5.4482	-0.027097	0.014642
5.4482	0.0090325	0.0039518
5.4482	0.045162	0.0028011
5.4482	0.081291	0.022352
5.4482	0.11742	0.040432
5.4482	0.15355	0.027873
5.4482	0.18968	0.0029954
5.4482	0.2258	0.036768
5.4482	0.26194	0.18024
5.4482	0.29807	0.38883
5.4482	0.3342	0.53886
5.4482	0.37032	0.53187
5.4482	0.40645	0.37999
5.4482	0.44258	0.18676
5.4482	0.47871	0.052368
5.4482	0.51484	0.0036879
5.4482	0.55097	0.0045162
5.4482	0.5871	0.011192
5.4482	0.62323	0.0082408
5.4482	0.65936	0.0021953
5.4482	0.73162	0.0010664
5.4482	0.76774	0.0015391
5.4721	-2.3755	0.0014511
5.4721	-2.3393	0.0032512
5.4721	-2.3033	0.0048376
5.4721	-2.2671	0.0051252
5.4721	-2.2309	0.0038541
5.4721	-2.1948	0.0019023
5.4721	-1.4	0.0011231
5.4721	-1.3639	0.0016522
5.4721	-1.3277	0.00082358
5.4721	-1.2555	0.0021315
5.4721	-1.2193	0.0057688
5.4721	-1.1832	0.0058587
5.4721	-1.1471	0.0014239
5.4721	-1.111	0.0031862
5.4721	-1.0749	0.026356
5.4721	-1.0387	0.071587
5.4721	-1.0026	0.11617
5.4721	-0.96645	0.13043
5.4721	-0.93032	0.10487
5.4721	-0.89419	0.058553
5.4721	-0.85806	0.019918
5.4721	-0.82193	0.0025305
5.4721	-0.74968	0.0017986
5.4721	-0.71355	0.0014804
5.4721	-0.38838	0.0016414
5.4721	-0.35226	0.0015398
5.4721	-0.24387	0.0026425
5.4721	-0.20774	0.0039447
5.4721	-0.17162	0.0019482
5.4721	-0.099357	0.0037557
5.4721	-0.063226	0.009359
5.4721	-0.027097	0.0084821
5.4721	0.0090325	0.0018432
5.4721	0.045162	0.0027948
5.4721	0.081291	0.017548
5.4721	0.11742	0.029169
5.4721	0.15355	0.018018
5.4721	0.18968	0.0017951
5.4721	0.2258	0.037383
5.4721	0.26194	0.16292
5.4721	0.29807	0.33828
5.4721	0.3342	0.46003
5.4721	0.37032	0.4478
5.4721	0.40645	0.31476
5.4721	0.44258	0.15037
5.4721	0.47871	0.039316
5.4721	0.51484	0.002105
5.4721	0.55097	0.005361
5.4721	0.5871	0.011138
5.4721	0.62323	0.0075395
5.4721	0.65936	0.0017502
5.4721	0.73162	0.0012801
5.4721	0.76774	0.0016447
5.4721	1.6349	0.00096628
5.4721	1.6709	0.00084188
5.4959	-2.3755	0.0016502
5.4959	-2.3393	0.0036873
5.4959	-2.3033	0.0055745
5.4959	-2.2671	0.0060501
5.4959	-2.2309	0.0046707
5.4959	-2.1948	0.0023484
5.4959	-1.3639	0.00086342
5.4959	-1.2555	0.0017948
5.4959	-1.2193	0.0044879
5.4959	-1.1832	0.0042731
5.4959	-1.111	0.0042062
5.4959	-1.0749	0.029616
5.4959	-1.0387	0.07916
5.4959	-1.0026	0.13077
5.4959	-0.96645	0.15159
5.4959	-0.93032	0.12675
5.4959	-0.89419	0.07369
5.4959	-0.85806	0.025721
5.4959	-0.82193	0.0030033
5.4959	-0.7858	0.0011334
5.4959	-0.74968	0.0044784
5.4959	-0.71355	0.0041249
5.4959	-0.67742	0.0014496
5.4959	-0.24387	0.00090555
5.4959	-0.20774	0.0013946
5.4959	-0.099357	0.0020449
5.4959	-0.063226	0.0047844
5.4959	-0.027097	0.0040783
5.4959	0.045162	0.0023123
5.4959	0.081291	0.011944
5.4959	0.11742	0.018434
5.4959	0.15355	0.010117
5.4959	0.18968	0.0014262
5.4959	0.2258	0.033466
5.4959	0.26194	0.13247
5.4959	0.29807	0.26662
5.4959	0.3342	0.35724
5.4959	0.37032	0.34385
5.4959	0.40645	0.23812
5.4959	0.44258	0.11049
5.4959	0.47871	0.026706
5.4959	0.51484	0.0011116
5.4959	0.55097	0.0056534
5.4959	0.5871	0.010094
5.4959	0.62323	0.006286
5.4959	0.65936	0.0012462
5.4959	0.73162	0.0013872
5.4959	0.76774	0.0016006
5.4959	1.5987	0.0019063
5.4959	1.6349	0.0027023
5.4959	1.6709	0.0025991
5.4959	1.7071	0.0017605
5.4959	1.7432	0.00081408
5.5198	-2.3755	0.0015426
5.5198	-2.3393	0.003432
5.5198	-2.3033	0.0052386
5.5198	-2.2671	0.0057641
5.5198	-2.2309	0.0044998
5.5198	-2.1948	0.0022538
5.5198	-1.2555	0.0011272
5.5198	-1.2193	0.0026725
5.5198	-1.1832	0.0023951
5.5198	-1.111	0.0042558
5.5198	-1.0749	0.0264
5.5198	-1.0387	0.069653
5.5198	-1.0026	0.11657
5.5198	-0.96645	0.13803
5.5198	-0.93032	0.11803
5.5198	-0.89419	0.069718
5.5198	-0.85806	0.024055
5.5198	-0.82193	0.0023928
5.5198	-0.7858	0.0019687
5.5198	-0.74968	0.006592
5.5198	-0.71355	0.0060157
5.5198	-0.67742	0.0020701
5.5198	-0.60516	0.00084621
5.5198	-0.56903	0.0015543
5.5198	-0.5329	0.00099041
5.5198	-0.063226	0.0017747
5.5198	-0.027097	0.0014713
5.5198	0.045162	0.0015113
5.5198	0.081291	0.0067305
5.5198	0.11742	0.0097972
5.5198	0.15355	0.0047377
5.5198	0.18968	0.0013414
5.5198	0.2258	0.025895
5.5198	0.26194	0.095083
5.5198	0.29807	0.18725
5.5198	0.3342	0.24876
5.5198	0.37032	0.23786
5.5198	0.40645	0.16278
5.5198	0.44258	0.073404
5.5198	0.47871	0.016249
5.5198	0.55097	0.0053038
5.5198	0.5871	0.0083073
5.5198	0.62323	0.0047602
5.5198	0.73162	0.0013612
5.5198	0.76774	0.0014211
5.5198	1.5626	0.0015805
5.5198	1.5987	0.0037733
5.5198	1.6349	0.0054182
5.5198	1.6709	0.0053751
5.5198	1.7071	0.0038013
5.5198	1.7432	0.0018504
5.5435	-2.3755	0.001182
5.5435	-2.3393	0.0026349
5.5435	-2.3033	0.0040704
5.5435	-2.2671	0.0045376
5.5435	-2.2309	0.0035678
5.5435	-2.1948	0.0017637
5.5435	-1.2193	0.0010643
5.5435	-1.1832	0.00092488
5.5435	-1.111	0.003212
5.5435	-1.0749	0.018276
5.5435	-1.0387	0.048385
5.5435	-1.0026	0.082787
5.5435	-0.96645	0.10056
5.5435	-0.93032	0.087919
5.5435	-0.89419	0.052491
5.5435	-0.85806	0.017655
5.5435	-0.82193	0.0014274
5.5435	-0.7858	0.0025002
5.5435	-0.74968	0.0071809
5.5435	-0.71355	0.0063056
5.5435	-0.67742	0.0020145
5.5435	-0.60516	0.0014483
5.5435	-0.56903	0.0025307
5.5435	-0.5329	0.0016246
5.5435	0.081291	0.0028267
5.5435	0.11742	0.0040143
5.5435	0.15355	0.001706
5.5435	0.18968	0.0011244
5.5435	0.2258	0.016637
5.5435	0.26194	0.058108
5.5435	0.29807	0.11362
5.5435	0.3342	0.1513
5.5435	0.37032	0.14493
5.5435	0.40645	0.098637
5.5435	0.44258	0.043346
5.5435	0.47871	0.0087023
5.5435	0.55097	0.0044035
5.5435	0.5871	0.0061589
5.5435	0.62323	0.0032478
5.5435	0.73162	0.001208
5.5435	0.76774	0.0011484
5.5435	1.5626	0.0027056
5.5435	1.5987	0.0062376
5.5435	1.6349	0.0089118
5.5435	1.6709	0.0089
5.5435	1.7071	0.0063652
5.5435	1.7432	0.0031252
5.5435	1.7793	0.00089408
5.5674	-2.3393	0.0016186
5.5674	-2.3033	0.0025617
5.5674	-2.2671	0.0029176
5.5674	-2.2309	0.0023211
5.5674	-2.1948	0.0011314
5.5674	-1.111	0.0015824
5.5674	-1.0749	0.0088379
5.5674	-1.0387	0.02454
5.5674	-1.0026	0.044321
5.5674	-0.96645	0.056523
5.5674	-0.93032	0.051347
5.5674	-0.89419	0.031285
5.5674	-0.85806	0.010255
5.5674	-0.7858	0.00244
5.5674	-0.74968	0.006168
5.5674	-0.71355	0.0051818
5.5674	-0.67742	0.001498
5.5674	-0.60516	0.0017807
5.5674	-0.56903	0.002904
5.5674	-0.5329	0.0017903
5.5674	-0.42451	0.0010473
5.5674	-0.38838	0.0010787
5.5674	0.11742	0.00099833
5.5674	0.2258	0.0080966
5.5674	0.26194	0.028023
5.5674	0.29807	0.055969
5.5674	0.3342	0.076354
5.5674	0.37032	0.07454
5.5674	0.40645	0.051106
5.5674	0.44258	0.02206
5.5674	0.47871	0.0039803
5.5674	0.55097	0.0031883
5.5674	0.5871	0.0040497
5.5674	0.62323	0.0019667
5.5674	0.73162	0.00096328
5.5674	0.76774	0.00083895
5.5674	1.5626	0.0040669
5.5674	1.5987	0.0090281
5.5674	1.6349	0.01273
5.5674	1.6709	0.012657
5.5674	1.7071	0.0090232
5.5674	1.7432	0.0043841
5.5674	1.7793	0.0012024
5.5912	-2.3033	0.001217
5.5912	-2.2671	0.001451
5.5912	-2.2309	0.0011889
5.5912	-1.0749	0.0020179
5.5912	-1.0387	0.0069088
5.5912	-1.0026	0.014728
5.5912	-0.96645	0.021317
5.5912	-0.93032	0.02126
5.5912	-0.89419	0.013738
5.5912	-0.85806	0.0044846
5.5912	-0.7858	0.0018111
5.5912	-0.74968	0.0041728
5.5912	-0.71355	0.0033797
5.5912	-0.67742	0.00087157
5.5912	-0.60516	0.0017023
5.5912	-0.56903	0.0025977
5.5912	-0.5329	0.0015137
5.5912	-0.42451	0.0013501
5.5912	-0.38838	0.0013569
5.5912	-0.24387	0.00089473
5.5912	0.2258	0.0022816
5.5912	0.26194	0.0087228
5.5912	0.29807	0.019223
5.5912	0.3342	0.028423
5.5912	0.37032	0.029489
5.5912	0.40645	0.021014
5.5912	0.44258	0.0090987
5.5912	0.47871	0.0014701
5.5912	0.55097	0.0019507
5.5912	0.5871	0.0022939
5.5912	0.62323	0.0010288
5.5912	1.5265	0.0012061
5.5912	1.5626	0.0054858
5.5912	1.5987	0.011726
5.5912	1.6349	0.016255
5.5912	1.6709	0.015995
5.5912	1.7071	0.011279
5.5912	1.7432	0.0053657
5.5912	1.7793	0.0013848
5.6151	-1.0026	0.0013718
5.6151	-0.96645	0.0031432
5.6151	-0.93032	0.0043548
5.6151	-0.89419	0.0034777
5.6151	-0.85806	0.0012461
5.6151	-0.7858	0.00093382
5.6151	-0.74968	0.0020806
5.6151	-0.71355	0.0016721
5.6151	-0.60516	0.0012744
5.6151	-0.56903	0.0018456
5.6151	-0.5329	0.0010141
5.6151	-0.42451	0.0013357
5.6151	-0.38838	0.0012918
5.6151	-0.24387	0.0011083
5.6151	-0.099357	0.00088593
5.6151	-0.063226	0.00082946
5.6151	0.29807	0.0026537
5.6151	0.3342	0.0053672
5.6151	0.37032	0.0068875
5.6151	0.40645	0.0056468
5.6151	0.44258	0.002623
5.6151	0.55097	0.00094169
5.6151	0.5871	0.0010557
5.6151	1.5265	0.001638
5.6151	1.5626	0.0067225
5.6151	1.5987	0.013854
5.6151	1.6349	0.018849
5.6151	1.6709	0.018299
5.6151	1.7071	0.012704
5.6151	1.7432	0.0058748
5.6151	1.7793	0.0014048
5.6389	-1.2555	0.0011263
5.6389	-1.2193	0.0011907
5.6389	-1.111	0.0017302
5.6389	-1.0749	0.0041772
5.6389	-1.0387	0.0052428
5.6389	-1.0026	0.0040327
5.6389	-0.96645	0.001911
5.6389	-0.56903	0.0010014
5.6389	-0.42451	0.001048
5.6389	-0.38838	0.00097927
5.6389	-0.24387	0.0010505
5.6389	-0.099357	0.0011767
5.6389	-0.063226	0.001081
5.6389	0.081291	0.0012829
5.6389	0.2258	0.0013269
5.6389	0.26194	0.0017514
5.6389	0.29807	0.0012033
5.6389	1.5265	0.002007
5.6389	1.5626	0.0075317
5.6389	1.5987	0.014996
5.6389	1.6349	0.020017
5.6389	1.6709	0.019139
5.6389	1.7071	0.013043
5.6389	1.7432	0.0058319
5.6389	1.7793	0.0012724
5.6626	-1.2555	0.0016069
5.6626	-1.2193	0.0016244
5.6626	-1.111	0.0044117
5.6626	-1.0749	0.01137
5.6626	-1.0387	0.016804
5.6626	-1.0026	0.016715
5.6626	-0.96645	0.011563
5.6626	-0.93032	0.0053484
5.6626	-0.89419	0.0014307
5.6626	-0.099357	0.0011856
5.6626	-0.063226	0.0010396
5.6626	0.045162	0.0012073
5.6626	0.081291	0.001894
5.6626	0.11742	0.0011128
5.6626	0.18968	0.0011391
5.6626	0.2258	0.0044413
5.6626	0.26194	0.0074873
5.6626	0.29807	0.0077829
5.6626	0.3342	0.0054227
5.6626	0.37032	0.0025013
5.6626	1.5265	0.0022266
5.6626	1.5626	0.0077303
5.6626	1.5987	0.014912
5.6626	1.6349	0.019538
5.6626	1.6709	0.018388
5.6626	1.7071	0.012278
5.6626	1.7432	0.0052843
5.6626	1.7793	0.0010346
5.6864	-1.2555	0.0017833
5.6864	-1.2193	0.001685
5.6864	-1.1471	0.00097035
5.6864	-1.111	0.0072905
5.6864	-1.0749	0.018752
5.6864	-1.0387	0.029063
5.6864	-1.0026	0.031222
5.6864	-0.96645	0.023983
5.6864	-0.93032	0.012719
5.6864	-0.89419	0.0040453
5.6864	-0.099357	0.00094242
5.6864	0.045162	0.001368
5.6864	0.081291	0.0020315
5.6864	0.11742	0.0011012
5.6864	0.18968	0.0020638
5.6864	0.2258	0.0076694
5.6864	0.26194	0.013645
5.6864	0.29807	0.0157
5.6864	0.3342	0.012671
5.6864	0.37032	0.0071847
5.6864	0.40645	0.002668
5.6864	1.5265	0.0022344
5.6864	1.5626	0.0072538
5.6864	1.5987	0.013603
5.6864	1.6349	0.017521
5.6864	1.6709	0.016235
5.6864	1.7071	0.010611
5.6864	1.7432	0.0043788
5.7103	-1.2555	0.0016125
5.7103	-1.2193	0.0014069
5.7103	-1.1471	0.0014416
5.7103	-1.111	0.0092428
5.7103	-1.0749	0.023333
5.7103	-1.0387	0.036743
5.7103	-1.0026	0.040725
5.7103	-0.96645	0.032562
5.7103	-0.93032	0.018038
5.7103	-0.89419	0.0059232
5.7103	-0.7858	0.0010241
5.7103	-0.74968	0.00086803
5.7103	0.045162	0.001218
5.7103	0.081291	0.0017067
5.7103	0.11742	0.00083084
5.7103	0.18968	0.0027122
5.7103	0.2258	0.0094948
5.7103	0.26194	0.0171
5.7103	0.29807	0.020427
5.7103	0.3342	0.017377
5.7103	0.37032	0.010502
5.7103	0.40645	0.0041814
5.7103	0.44258	0.00084436
5.7103	1.5265	0.0020153
5.7103	1.5626	0.0061824
5.7103	1.5987	0.011321
5.7103	1.6349	0.01437
5.7103	1.6709	0.013128
5.7103	1.7071	0.0083987
5.7103	1.7432	0.0033113
5.734	-2.3033	0.00081279
5.734	-1.2555	0.0011945
5.734	-1.2193	0.0009548
5.734	-1.1471	0.0016886
5.734	-1.111	0.0095138
5.734	-1.0749	0.023524
5.734	-1.0387	0.037269
5.734	-1.0026	0.04197
5.734	-0.96645	0.034185
5.734	-0.93032	0.019196
5.734	-0.89419	0.0062252
5.734	-0.7858	0.0016747
5.734	-0.74968	0.0014231
5.734	0.045162	0.00084547
5.734	0.081291	0.0011265
5.734	0.18968	0.0027783
5.734	0.2258	0.0092234
5.734	0.26194	0.016656
5.734	0.29807	0.020296
5.734	0.3342	0.017728
5.734	0.37032	0.011008
5.734	0.40645	0.0044576
5.734	0.44258	0.00086921
5.734	1.5265	0.0016111
5.734	1.5626	0.0047238
5.734	1.5987	0.0084984
5.734	1.6349	0.010675
5.734	1.6709	0.0096431
5.734	1.7071	0.0060452
5.734	1.7432	0.0022704
5.7579	-1.1471	0.0015792
5.7579	-1.111	0.0080408
5.7579	-1.0749	0.019582
5.7579	-1.0387	0.031214
5.7579	-1.0026	0.035589
5.7579	-0.96645	0.029327
5.7579	-0.93032	0.016505
5.7579	-0.89419	0.0051789
5.7579	-0.7858	0.002031
5.7579	-0.74968	0.001665
5.7579	0.18968	0.0022259
5.7579	0.2258	0.0071258
5.7579	0.26194	0.012967
5.7579	0.29807	0.016112
5.7579	0.3342	0.014377
5.7579	0.37032	0.0090784
5.7579	0.40645	0.0036757
5.7579	1.5265	0.0011106
5.7579	1.5626	0.0031582
5.7579	1.5987	0.0056352
5.7579	1.6349	0.0070555
5.7579	1.6709	0.0063353
5.7579	1.7071	0.0039044
5.7579	1.7432	0.0013941
5.7818	-1.1471	0.0011476
5.7818	-1.111	0.0054505
5.7818	-1.0749	0.013255
5.7818	-1.0387	0.021436
5.7818	-1.0026	0.024869
5.7818	-0.96645	0.02077
5.7818	-0.93032	0.01169
5.7818	-0.89419	0.0035112
5.7818	-0.82193	0.00085993
5.7818	-0.7858	0.0019725
5.7818	-0.74968	0.0015387
5.7818	0.18968	0.0013089
5.7818	0.2258	0.0041797
5.7818	0.26194	0.0078342
5.7818	0.29807	0.010073
5.7818	0.3342	0.0092713
5.7818	0.37032	0.0059806
5.7818	0.40645	0.0024172
5.7818	1.5626	0.0017626
5.7818	1.5987	0.003173
5.7818	1.6349	0.0040129
5.7818	1.6709	0.0036191
5.7818	1.7071	0.0022084
5.8055	-1.111	0.0027429
5.8055	-1.0749	0.0068658
5.8055	-1.0387	0.011521
5.8055	-1.0026	0.013831
5.8055	-0.96645	0.01185
5.8055	-0.93032	0.006718
5.8055	-0.89419	0.001924
5.8055	-0.7858	0.0015667
5.8055	-0.74968	0.0011578
5.8055	0.2258	0.0015715
5.8055	0.26194	0.0032457
5.8055	0.29807	0.0045355
5.8055	0.3342	0.0044608
5.8055	0.37032	0.0030145
5.8055	0.40645	0.001235
5.8055	1.5987	0.0013944
5.8055	1.6349	0.0018347
5.8055	1.6709	0.0017001
5.8055	1.7071	0.0010442
5.8294	-1.111	0.00084295
5.8294	-1.0749	0.0023272
5.8294	-1.0387	0.0042802
5.8294	-1.0026	0.0055507
5.8294	-0.96645	0.0050425
5.8294	-0.93032	0.0029478
5.8294	-0.89419	0.0008111
5.8294	-0.7858	0.0010026
5.8294	0.29807	0.0010705
5.8294	0.3342	0.0012841
5.8294	0.37032	0.00099411
5.8531	-1.0387	0.00089932
5.8531	-1.0026	0.0012988
5.8531	-0.96645	0.0013287
5.8531	-0.93032	0.00084731
5.877	-1.0749	0.0010221
5.877	-1.0387	0.00090513
5.877	0.18968	0.00098603
5.877	0.2258	0.0015769
5.877	0.26194	0.0015543
5.877	0.29807	0.0010203
5.9009	-2.4116	0.00089406
5.9009	-2.3755	0.0012339
5.9009	-2.3393	0.0012266
5.9009	-2.3033	0.00087235
5.9009	-1.1471	0.00082356
5.9009	-1.111	0.0019547
5.9009	-1.0749	0.0028061
5.9009	-1.0387	0.0027768
5.9009	-1.0026	0.0019481
5.9009	-0.96645	0.00093679
5.9009	0.18968	0.0019251
5.9009	0.2258	0.0032622
5.9009	0.26194	0.003587
5.9009	0.29807	0.0027632
5.9009	0.3342	0.0014878
5.9246	-2.4116	0.0012207
5.9246	-2.3755	0.0016803
5.9246	-2.3393	0.0016738
5.9246	-2.3033	0.001191
5.9246	-1.1471	0.0012636
5.9246	-1.111	0.0030137
5.9246	-1.0749	0.0045299
5.9246	-1.0387	0.004799
5.9246	-1.0026	0.0036621
5.9246	-0.96645	0.0019329
5.9246	0.15355	0.00081667
5.9246	0.18968	0.0026762
5.9246	0.2258	0.004588
5.9246	0.26194	0.0052421
5.9246	0.29807	0.0042679
5.9246	0.3342	0.0024628
5.9246	0.37032	0.00092855
5.9484	-2.4116	0.001463
5.9484	-2.3755	0.0020007
5.9484	-2.3393	0.0019847
5.9484	-2.3033	0.0014004
5.9484	-1.1471	0.0014463
5.9484	-1.111	0.0034235
5.9484	-1.0749	0.0052602
5.9484	-1.0387	0.005769
5.9484	-1.0026	0.004584
5.9484	-0.96645	0.002516
5.9484	0.15355	0.00095384
5.9484	0.18968	0.002952
5.9484	0.2258	0.0050508
5.9484	0.26194	0.0058657
5.9484	0.29807	0.0048931
5.9484	0.3342	0.002899
5.9484	0.37032	0.0011133
5.9723	-2.4116	0.0015535
5.9723	-2.3755	0.0021089
5.9723	-2.3393	0.0020773
5.9723	-2.3033	0.0014455
5.9723	-1.1471	0.0012939
5.9723	-1.111	0.0030384
5.9723	-1.0749	0.0047423
5.9723	-1.0387	0.0053267
5.9723	-1.0026	0.0043382
5.9723	-0.96645	0.0024216
5.9723	0.15355	0.00090737
5.9723	0.18968	0.0026765
5.9723	0.2258	0.0045618
5.9723	0.26194	0.0053498
5.9723	0.29807	0.0045245
5.9723	0.3342	0.0027102
5.9723	0.37032	0.0010361
